2026-09-24 15:38:30,856 [INFO] =================================================================
2026-09-24 15:38:30,857 [INFO] RUNNING CONSOLIDATED SYSTEM SCRIPTS
2026-09-24 15:38:30,857 [INFO] =================================================================
2026-09-24 15:38:32,438 [INFO]  -> [AARTIDRUGS.NS] Bypassed status. Failed strict quantitative thresholds.
2026-09-24 15:38:33,242 [INFO]  -> [ACE.NS] Bypassed status. Failed strict quantitative thresholds.
2026-09-24 15:38:34,008 [INFO]  -> [AFFLE.NS] Bypassed status. Failed strict quantitative thresholds.
2026-09-24 15:38:34,810 [INFO]  -> [AIAENG.NS] Bypassed status. Failed strict quantitative thresholds.
2026-09-24 15:38:35,720 [INFO]  -> [ALKYLAMINE.NS] Bypassed status. Failed strict quantitative thresholds.
2026-09-24 15:38:36,519 [INFO]  -> [ALLCARGO.NS] Bypassed status. Failed strict quantitative thresholds.
2026-09-24 15:38:37,396 [INFO]  -> [AMBER.NS] Bypassed status. Failed strict quantitative thresholds.
2026-09-24 15:38:38,213 [INFO]  -> [AMBUJACEM.NS] Bypassed status. Failed strict quantitative thresholds.
2026-09-24 15:38:39,012 [INFO]  -> [ANANTRAJ.NS] Bypassed status. Failed strict quantitative thresholds.
2026-09-24 15:38:39,789 [INFO]  -> [ANURAS.NS] Bypassed status. Failed strict quantitative thresholds.
2026-09-24 15:38:40,583 [INFO]  -> [APLAPOLLO.NS] Bypassed status. Failed strict quantitative thresholds.
2026-09-24 15:38:41,540 [INFO]  -> [APLLTD.NS] Bypassed status. Failed strict quantitative thresholds.
2026-09-24 15:38:42,430 [INFO]  -> [APOLLO.NS] Bypassed status. Failed strict quantitative thresholds.
2026-09-24 15:38:43,339 [INFO]  -> [APOLLOHOSP.NS] Bypassed status. Failed strict quantitative thresholds.
2026-09-24 15:38:44,156 [INFO]  -> [APOLLOTYRE.NS] Bypassed status. Failed strict quantitative thresholds.
2026-09-24 15:38:44,990 [INFO]  -> [ARE&M.NS] Bypassed status. Failed strict quantitative thresholds.
2026-09-24 15:38:45,766 [INFO]  -> [ARTEMISMED.NS] Bypassed status. Failed strict quantitative thresholds.
2026-09-24 15:38:46,571 [INFO]  -> [ASAHIINDIA.NS] Bypassed status. Failed strict quantitative thresholds.
2026-09-24 15:38:47,345 [INFO]  -> [ASIANENE.NS] Bypassed status. Failed strict quantitative thresholds.
2026-09-24 15:38:48,154 [INFO]  -> [ASIANPAINT.NS] Bypassed status. Failed strict quantitative thresholds.
2026-09-24 15:38:48,892 [INFO]  -> [ASKAUTOLTD.NS] Bypassed status. Failed strict quantitative thresholds.
2026-09-24 15:38:49,800 [INFO]  -> [ASTRAL.NS] Bypassed status. Failed strict quantitative thresholds.
2026-09-24 15:38:50,606 [INFO]  -> [ASTRAZEN.NS] Bypassed status. Failed strict quantitative thresholds.
2026-09-24 15:38:51,389 [INFO]  -> [ATGL.NS] Bypassed status. Failed strict quantitative thresholds.
2026-09-24 15:38:52,190 [INFO]  -> [ATUL.NS] Bypassed status. Failed strict quantitative thresholds.
2026-09-24 15:38:53,017 [INFO]  -> [AUROPHARMA.NS] Golden Rule Satisfied... Dispatching alerts...
2026-09-24 15:38:53,772 [INFO]  ✓ Telegram text alert delivered successfully via bot for AUROPHARMA!
2026-09-24 15:38:55,981 [INFO]  ✓ Telegram visual card delivered successfully to phone for AUROPHARMA!
2026-09-24 15:38:56,783 [INFO]  -> [AVANTIFEED.NS] Bypassed status. Failed strict quantitative thresholds.
2026-09-24 15:38:57,562 [INFO]  -> [AYMSYNTEX.NS] Bypassed status. Failed strict quantitative thresholds.
2026-09-24 15:38:58,381 [INFO]  -> [BAJAJELEC.NS] Bypassed status. Failed strict quantitative thresholds.
2026-09-24 15:38:59,159 [INFO]  -> [BAJAJHCARE.NS] Bypassed status. Failed strict quantitative thresholds.
2026-09-24 15:38:59,959 [INFO]  -> [BALKRISIND.NS] Bypassed status. Failed strict quantitative thresholds.
2026-09-24 15:39:00,871 [INFO]  -> [BASF.NS] Bypassed status. Failed strict quantitative thresholds.
2026-09-24 15:39:01,681 [INFO]  -> [BATAINDIA.NS] Bypassed status. Failed strict quantitative thresholds.
2026-09-24 15:39:02,479 [INFO]  -> [BAYERCROP.NS] Bypassed status. Failed strict quantitative thresholds.
2026-09-24 15:39:03,300 [INFO]  -> [BBTC.NS] Bypassed status. Failed strict quantitative thresholds.
2026-09-24 15:39:04,085 [INFO]  -> [BECTORFOOD.NS] Bypassed status. Failed strict quantitative thresholds.
2026-09-24 15:39:04,900 [INFO]  -> [BERGEPAINT.NS] Bypassed status. Failed strict quantitative thresholds.
2026-09-24 15:39:05,712 [INFO]  -> [BHARATRAS.NS] Bypassed status. Failed strict quantitative thresholds.
2026-09-24 15:39:06,573 [INFO]  -> [BIKAJI.NS] Bypassed status. Failed strict quantitative thresholds.
2026-09-24 15:39:07,568 [INFO]  -> [BIOCON.NS] Bypassed status. Failed strict quantitative thresholds.
2026-09-24 15:39:08,382 [INFO]  -> [BIRLACORPN.NS] Bypassed status. Failed strict quantitative thresholds.
2026-09-24 15:39:09,301 [INFO]  -> [BLUESTARCO.NS] Bypassed status. Failed strict quantitative thresholds.
2026-09-24 15:39:10,068 [INFO]  -> [BORORENEW.NS] Bypassed status. Failed strict quantitative thresholds.
2026-09-24 15:39:10,874 [INFO]  -> [BRIGADE.NS] Bypassed status. Failed strict quantitative thresholds.
2026-09-24 15:39:11,652 [INFO]  -> [CAMPUS.NS] Bypassed status. Failed strict quantitative thresholds.
2026-09-24 15:39:12,489 [INFO]  -> [CAPLIPOINT.NS] Bypassed status. Failed strict quantitative thresholds.
2026-09-24 15:39:13,307 [INFO]  -> [CARBORUNIV.NS] Bypassed status. Failed strict quantitative thresholds.
2026-09-24 15:39:14,115 [INFO]  -> [CCL.NS] Bypassed status. Failed strict quantitative thresholds.
2026-09-24 15:39:14,913 [INFO]  -> [CEATLTD.NS] Bypassed status. Failed strict quantitative thresholds.
2026-09-24 15:39:15,716 [INFO]  -> [CENTURYPLY.NS] Bypassed status. Failed strict quantitative thresholds.
2026-09-24 15:39:16,507 [INFO]  -> [CERA.NS] Bypassed status. Failed strict quantitative thresholds.
2026-09-24 15:39:17,417 [INFO]  -> [CGPOWER.NS] Bypassed status. Failed strict quantitative thresholds.
2026-09-24 15:39:18,226 [INFO]  -> [CHAMBLFERT.NS] Bypassed status. Failed strict quantitative thresholds.
2026-09-24 15:39:19,096 [INFO]  -> [CHEMPLASTS.NS] Bypassed status. Failed strict quantitative thresholds.
2026-09-24 15:39:20,026 [INFO]  -> [CIPLA.NS] Bypassed status. Failed strict quantitative thresholds.
2026-09-24 15:39:20,913 [INFO]  -> [CLEAN.NS] Bypassed status. Failed strict quantitative thresholds.
2026-09-24 15:39:21,770 [INFO]  -> [COALINDIA.NS] Bypassed status. Failed strict quantitative thresholds.
2026-09-24 15:39:22,553 [INFO]  -> [COCHINSHIP.NS] Bypassed status. Failed strict quantitative thresholds.
2026-09-24 15:39:23,373 [INFO]  -> [COLPAL.NS] Bypassed status. Failed strict quantitative thresholds.
2026-09-24 15:39:24,282 [INFO]  -> [CONCOR.NS] Bypassed status. Failed strict quantitative thresholds.
2026-09-24 15:39:25,096 [INFO]  -> [COSMOFIRST.NS] Bypassed status. Failed strict quantitative thresholds.
2026-09-24 15:39:25,991 [INFO]  -> [CROMPTON.NS] Bypassed status. Failed strict quantitative thresholds.
2026-09-24 15:39:26,805 [INFO]  -> [CYIENT.NS] Bypassed status. Failed strict quantitative thresholds.
2026-09-24 15:39:27,630 [INFO]  -> [DABUR.NS] Bypassed status. Failed strict quantitative thresholds.
2026-09-24 15:39:28,521 [INFO]  -> [DALBHARAT.NS] Bypassed status. Failed strict quantitative thresholds.
2026-09-24 15:39:29,326 [INFO]  -> [DCMSHRIRAM.NS] Bypassed status. Failed strict quantitative thresholds.
2026-09-24 15:39:30,134 [INFO]  -> [DEEPAKFERT.NS] Golden Rule Satisfied... Dispatching alerts...
2026-09-24 15:39:30,851 [INFO]  ✓ Telegram text alert delivered successfully via bot for DEEPAKFERT!
2026-09-24 15:39:32,860 [INFO]  ✓ Telegram visual card delivered successfully to phone for DEEPAKFERT!
2026-09-24 15:39:33,644 [INFO]  -> [DEEPAKNTR.NS] Bypassed status. Failed strict quantitative thresholds.
2026-09-24 15:39:34,388 [INFO]  -> [DELHIVERY.NS] Bypassed status. Failed strict quantitative thresholds.
2026-09-24 15:39:35,195 [INFO]  -> [DHANUKA.NS] Bypassed status. Failed strict quantitative thresholds.
2026-09-24 15:39:35,998 [INFO]  -> [DIVISLAB.NS] Bypassed status. Failed strict quantitative thresholds.
2026-09-24 15:39:36,805 [INFO]  -> [DLF.NS] Bypassed status. Failed strict quantitative thresholds.
2026-09-24 15:39:37,671 [INFO]  -> [DMART.NS] Bypassed status. Failed strict quantitative thresholds.
2026-09-24 15:39:38,454 [INFO]  -> [DOLLAR.NS] Bypassed status. Failed strict quantitative thresholds.
2026-09-24 15:39:39,275 [INFO]  -> [DRREDDY.NS] Bypassed status. Failed strict quantitative thresholds.
2026-09-24 15:39:40,054 [INFO]  -> [DYCL.NS] Bypassed status. Failed strict quantitative thresholds.
2026-09-24 15:39:40,857 [INFO]  -> [ECLERX.NS] Bypassed status. Failed strict quantitative thresholds.
2026-09-24 15:39:41,695 [INFO]  -> [EICHERMOT.NS] Bypassed status. Failed strict quantitative thresholds.
2026-09-24 15:39:42,517 [INFO]  -> [EIDPARRY.NS] Bypassed status. Failed strict quantitative thresholds.
2026-09-24 15:39:43,319 [INFO]  -> [EKC.NS] Bypassed status. Failed strict quantitative thresholds.
2026-09-24 15:39:44,269 [INFO]  -> [ELGIEQUIP.NS] Bypassed status. Failed strict quantitative thresholds.
2026-09-24 15:39:45,067 [INFO]  -> [EMAMILTD.NS] Bypassed status. Failed strict quantitative thresholds.
2026-09-24 15:39:45,832 [INFO]  -> [EMUDHRA.NS] Bypassed status. Failed strict quantitative thresholds.
2026-09-24 15:39:46,627 [INFO]  -> [ENDURANCE.NS] Bypassed status. Failed strict quantitative thresholds.
2026-09-24 15:39:47,428 [INFO]  -> [EPL.NS] Bypassed status. Failed strict quantitative thresholds.
2026-09-24 15:39:48,334 [INFO]  -> [FDC.NS] Bypassed status. Failed strict quantitative thresholds.
2026-09-24 15:39:49,148 [INFO]  -> [FINCABLES.NS] Bypassed status. Failed strict quantitative thresholds.
2026-09-24 15:39:49,931 [INFO]  -> [FINEORG.NS] Bypassed status. Failed strict quantitative thresholds.
2026-09-24 15:39:50,755 [INFO]  -> [FINPIPE.NS] Bypassed status. Failed strict quantitative thresholds.
2026-09-24 15:39:51,648 [INFO]  -> [FLUOROCHEM.NS] Bypassed status. Failed strict quantitative thresholds.
2026-09-24 15:39:52,572 [INFO]  -> [FMGOETZE.NS] Bypassed status. Failed strict quantitative thresholds.
2026-09-24 15:39:53,455 [INFO]  -> [FORTIS.NS] Bypassed status. Failed strict quantitative thresholds.
2026-09-24 15:39:54,265 [INFO]  -> [GABRIEL.NS] Golden Rule Satisfied... Dispatching alerts...
2026-09-24 15:39:55,033 [INFO]  ✓ Telegram text alert delivered successfully via bot for GABRIEL!
2026-09-24 15:39:57,294 [INFO]  ✓ Telegram visual card delivered successfully to phone for GABRIEL!
2026-09-24 15:39:58,226 [INFO]  -> [GAEL.NS] Bypassed status. Failed strict quantitative thresholds.
2026-09-24 15:39:59,065 [INFO]  -> [GAIL.NS] Bypassed status. Failed strict quantitative thresholds.
2026-09-24 15:39:59,950 [INFO]  -> [GALAXYSURF.NS] Bypassed status. Failed strict quantitative thresholds.
2026-09-24 15:40:00,762 [INFO]  -> [GANECOS.NS] Bypassed status. Failed strict quantitative thresholds.
2026-09-24 15:40:01,566 [INFO]  -> [GARFIBRES.NS] Bypassed status. Failed strict quantitative thresholds.
2026-09-24 15:40:02,469 [INFO]  -> [GENESYS.NS] Bypassed status. Failed strict quantitative thresholds.
2026-09-24 15:40:03,209 [INFO]  -> [GHCLTEXTIL.NS] Bypassed status. Failed strict quantitative thresholds.
2026-09-24 15:40:03,979 [INFO]  -> [GLAND.NS] Bypassed status. Failed strict quantitative thresholds.
2026-09-24 15:40:04,800 [INFO]  -> [GLENMARK.NS] Bypassed status. Failed strict quantitative thresholds.
2026-09-24 15:40:05,589 [INFO]  -> [GMMPFAUDLR.NS] Bypassed status. Failed strict quantitative thresholds.
2026-09-24 15:40:06,370 [INFO]  -> [GODREJAGRO.NS] Bypassed status. Failed strict quantitative thresholds.
2026-09-24 15:40:07,194 [INFO]  -> [GODREJCP.NS] Bypassed status. Failed strict quantitative thresholds.
2026-09-24 15:40:08,023 [INFO]  -> [GOKULAGRO.NS] Bypassed status. Failed strict quantitative thresholds.
2026-09-24 15:40:08,820 [INFO]  -> [GOODLUCK.NS] Bypassed status. Failed strict quantitative thresholds.
2026-09-24 15:40:09,627 [INFO]  -> [GPPL.NS] Bypassed status. Failed strict quantitative thresholds.
2026-09-24 15:40:10,540 [INFO]  -> [GRANULES.NS] Bypassed status. Failed strict quantitative thresholds.
2026-09-24 15:40:11,340 [INFO]  -> [GRAPHITE.NS] Bypassed status. Failed strict quantitative thresholds.
2026-09-24 15:40:12,123 [INFO]  -> [GREENPANEL.NS] Bypassed status. Failed strict quantitative thresholds.
2026-09-24 15:40:12,937 [INFO]  -> [GRINDWELL.NS] Bypassed status. Failed strict quantitative thresholds.
2026-09-24 15:40:13,701 [INFO]  -> [GRWRHITECH.NS] Bypassed status. Failed strict quantitative thresholds.
2026-09-24 15:40:14,853 [INFO]  -> [GUJALKALI.NS] Bypassed status. Failed strict quantitative thresholds.
2026-09-24 15:40:15,457 [INFO]  -> [GUJGASLTD.NS] Bypassed status. Failed strict quantitative thresholds.
2026-09-24 15:40:16,359 [INFO]  -> [GVT&D.NS] Bypassed status. Failed strict quantitative thresholds.
2026-09-24 15:40:17,107 [INFO]  -> [HARDWYN.NS] Bypassed status. Failed strict quantitative thresholds.
2026-09-24 15:40:18,022 [INFO]  -> [HAVELLS.NS] Bypassed status. Failed strict quantitative thresholds.
2026-09-24 15:40:18,857 [INFO]  -> [HEG.NS] Bypassed status. Failed strict quantitative thresholds.
2026-09-24 15:40:19,739 [INFO]  -> [HERANBA.NS] Bypassed status. Failed strict quantitative thresholds.
2026-09-24 15:40:20,550 [INFO]  -> [HEROMOTOCO.NS] Bypassed status. Failed strict quantitative thresholds.
2026-09-24 15:40:21,328 [INFO]  -> [HFCL.NS] Bypassed status. Failed strict quantitative thresholds.
2026-09-24 15:40:22,131 [INFO]  -> [HIKAL.NS] Bypassed status. Failed strict quantitative thresholds.
2026-09-24 15:40:22,942 [INFO]  -> [HINDALCO.NS] Golden Rule Satisfied... Dispatching alerts...
2026-09-24 15:40:23,614 [INFO]  ✓ Telegram text alert delivered successfully via bot for HINDALCO!
2026-09-24 15:40:25,552 [INFO]  ✓ Telegram visual card delivered successfully to phone for HINDALCO!
2026-09-24 15:40:26,356 [INFO]  -> [HINDCOPPER.NS] Bypassed status. Failed strict quantitative thresholds.
2026-09-24 15:40:27,182 [INFO]  -> [HINDPETRO.NS] Bypassed status. Failed strict quantitative thresholds.
2026-09-24 15:40:28,107 [INFO]  -> [HINDUNILVR.NS] Bypassed status. Failed strict quantitative thresholds.
2026-09-24 15:40:28,887 [INFO]  -> [HLEGLAS.NS] Bypassed status. Failed strict quantitative thresholds.
2026-09-24 15:40:29,490 [INFO]  -> [IBREALEST.NS] Bypassed status. Failed strict quantitative thresholds.
2026-09-24 15:40:30,360 [INFO]  -> [IFBIND.NS] Bypassed status. Failed strict quantitative thresholds.
2026-09-24 15:40:31,173 [INFO]  -> [IGL.NS] Bypassed status. Failed strict quantitative thresholds.
2026-09-24 15:40:32,054 [INFO]  -> [INDIGOPNTS.NS] Bypassed status. Failed strict quantitative thresholds.
2026-09-24 15:40:32,868 [INFO]  -> [INDNIPPON.NS] Bypassed status. Failed strict quantitative thresholds.
2026-09-24 15:40:34,179 [INFO]  -> [INDOCO.NS] Bypassed status. Failed strict quantitative thresholds.
2026-09-24 15:40:35,002 [INFO]  -> [INDUSTOWER.NS] Bypassed status. Failed strict quantitative thresholds.
2026-09-24 15:40:35,736 [INFO]  -> [INNOVACAP.NS] Bypassed status. Failed strict quantitative thresholds.
2026-09-24 15:40:36,600 [INFO]  -> [IOC.NS] Bypassed status. Failed strict quantitative thresholds.
2026-09-24 15:40:37,556 [INFO]  -> [IPCALAB.NS] Bypassed status. Failed strict quantitative thresholds.
2026-09-24 15:40:38,433 [INFO]  -> [IPL.NS] Bypassed status. Failed strict quantitative thresholds.
2026-09-24 15:40:39,310 [INFO]  -> [ISGEC.NS] Bypassed status. Failed strict quantitative thresholds.
2026-09-24 15:40:40,073 [INFO]  -> [ITI.NS] Bypassed status. Failed strict quantitative thresholds.
2026-09-24 15:40:40,871 [INFO]  -> [JAMNAAUTO.NS] Bypassed status. Failed strict quantitative thresholds.
2026-09-24 15:40:41,860 [INFO]  -> [JINDALSAW.NS] Bypassed status. Failed strict quantitative thresholds.
2026-09-24 15:40:42,884 [INFO]  -> [JINDALSTEL.NS] Golden Rule Satisfied... Dispatching alerts...
2026-09-24 15:40:43,545 [INFO]  ✓ Telegram text alert delivered successfully via bot for JINDALSTEL!
2026-09-24 15:40:45,349 [INFO]  ✓ Telegram visual card delivered successfully to phone for JINDALSTEL!
2026-09-24 15:40:46,373 [INFO]  -> [JKIL.NS] Bypassed status. Failed strict quantitative thresholds.
2026-09-24 15:40:47,175 [INFO]  -> [JKLAKSHMI.NS] Bypassed status. Failed strict quantitative thresholds.
2026-09-24 15:40:47,982 [INFO]  -> [JSL.NS] Bypassed status. Failed strict quantitative thresholds.
2026-09-24 15:40:48,783 [INFO]  -> [JSWENERGY.NS] Bypassed status. Failed strict quantitative thresholds.
2026-09-24 15:40:49,570 [INFO]  -> [JUBLINGREA.NS] Bypassed status. Failed strict quantitative thresholds.
2026-09-24 15:40:50,450 [INFO]  -> [JUBLPHARMA.NS] Bypassed status. Failed strict quantitative thresholds.
2026-09-24 15:40:51,369 [INFO]  -> [KAJARIACER.NS] Bypassed status. Failed strict quantitative thresholds.
2026-09-24 15:40:51,972 [INFO]  -> [KALPATPOWR.NS] Bypassed status. Failed strict quantitative thresholds.
2026-09-24 15:40:52,776 [INFO]  -> [KANSAINER.NS] Bypassed status. Failed strict quantitative thresholds.
2026-09-24 15:40:53,577 [INFO]  -> [KEI.NS] Bypassed status. Failed strict quantitative thresholds.
2026-09-24 15:40:54,181 [INFO]  -> [KEPL.NS] Bypassed status. Failed strict quantitative thresholds.
2026-09-24 15:40:54,942 [INFO]  -> [KIMS.NS] Bypassed status. Failed strict quantitative thresholds.
2026-09-24 15:40:55,851 [INFO]  -> [KIRLOSBROS.NS] Bypassed status. Failed strict quantitative thresholds.
2026-09-24 15:40:56,596 [INFO]  -> [KIRLPNU.NS] Bypassed status. Failed strict quantitative thresholds.
2026-09-24 15:40:57,373 [INFO]  -> [KPITTECH.NS] Bypassed status. Failed strict quantitative thresholds.
2026-09-24 15:40:58,165 [INFO]  -> [KPRMILL.NS] Bypassed status. Failed strict quantitative thresholds.
2026-09-24 15:40:58,993 [INFO]  -> [KRBL.NS] Bypassed status. Failed strict quantitative thresholds.
2026-09-24 15:40:59,759 [INFO]  -> [KRSNAA.NS] Bypassed status. Failed strict quantitative thresholds.
2026-09-24 15:41:00,559 [INFO]  -> [LALPATHLAB.NS] Bypassed status. Failed strict quantitative thresholds.
2026-09-24 15:41:01,353 [INFO]  -> [LAURUSLABS.NS] Bypassed status. Failed strict quantitative thresholds.
2026-09-24 15:41:02,408 [INFO]  -> [LGBBROSLTD.NS] Bypassed status. Failed strict quantitative thresholds.
2026-09-24 15:41:03,300 [INFO]  -> [LIKHITHA.NS] Bypassed status. Failed strict quantitative thresholds.
2026-09-24 15:41:04,104 [INFO]  -> [LINC.NS] Bypassed status. Failed strict quantitative thresholds.
2026-09-24 15:41:04,913 [INFO]  -> [LINDEINDIA.NS] Bypassed status. Failed strict quantitative thresholds.
2026-09-24 15:41:05,711 [INFO]  -> [LLOYDSENGG.NS] Bypassed status. Failed strict quantitative thresholds.
2026-09-24 15:41:06,894 [INFO]  -> [LODHA.NS] Bypassed status. Failed strict quantitative thresholds.
2026-09-24 15:41:07,693 [INFO]  -> [LUMAXTECH.NS] Golden Rule Satisfied... Dispatching alerts...
2026-09-24 15:41:08,444 [INFO]  ✓ Telegram text alert delivered successfully via bot for LUMAXTECH!
2026-09-24 15:41:10,264 [INFO]  ✓ Telegram visual card delivered successfully to phone for LUMAXTECH!
2026-09-24 15:41:11,079 [INFO]  -> [LUPIN.NS] Bypassed status. Failed strict quantitative thresholds.
2026-09-24 15:41:11,867 [INFO]  -> [LUXIND.NS] Bypassed status. Failed strict quantitative thresholds.
2026-09-24 15:41:12,643 [INFO]  -> [LXCHEM.NS] Bypassed status. Failed strict quantitative thresholds.
2026-09-24 15:41:13,426 [INFO]  -> [MAHLOG.NS] Golden Rule Satisfied... Dispatching alerts...
2026-09-24 15:41:14,116 [INFO]  ✓ Telegram text alert delivered successfully via bot for MAHLOG!
2026-09-24 15:41:15,879 [INFO]  ✓ Telegram visual card delivered successfully to phone for MAHLOG!
2026-09-24 15:41:16,621 [INFO]  -> [MANKIND.NS] Bypassed status. Failed strict quantitative thresholds.
2026-09-24 15:41:17,386 [INFO]  -> [MANYAVAR.NS] Bypassed status. Failed strict quantitative thresholds.
2026-09-24 15:41:18,303 [INFO]  -> [MARICO.NS] Bypassed status. Failed strict quantitative thresholds.
2026-09-24 15:41:19,197 [INFO]  -> [MARINE.NS] Golden Rule Satisfied... Dispatching alerts...
2026-09-24 15:41:19,896 [INFO]  ✓ Telegram text alert delivered successfully via bot for MARINE!
2026-09-24 15:41:21,504 [INFO]  ✓ Telegram visual card delivered successfully to phone for MARINE!
2026-09-24 15:41:22,289 [INFO]  -> [MARKSANS.NS] Golden Rule Satisfied... Dispatching alerts...
2026-09-24 15:41:22,949 [INFO]  ✓ Telegram text alert delivered successfully via bot for MARKSANS!
2026-09-24 15:41:24,732 [INFO]  ✓ Telegram visual card delivered successfully to phone for MARKSANS!
2026-09-24 15:41:25,532 [INFO]  -> [MARUTI.NS] Bypassed status. Failed strict quantitative thresholds.
2026-09-24 15:41:26,395 [INFO]  -> [MAXHEALTH.NS] Bypassed status. Failed strict quantitative thresholds.
2026-09-24 15:41:27,140 [INFO]  -> [MEDANTA.NS] Bypassed status. Failed strict quantitative thresholds.
2026-09-24 15:41:27,893 [INFO]  -> [MEDPLUS.NS] Bypassed status. Failed strict quantitative thresholds.
2026-09-24 15:41:28,670 [INFO]  -> [METROBRAND.NS] Bypassed status. Failed strict quantitative thresholds.
2026-09-24 15:41:29,465 [INFO]  -> [METROPOLIS.NS] Bypassed status. Failed strict quantitative thresholds.
2026-09-24 15:41:30,246 [INFO]  -> [MGL.NS] Bypassed status. Failed strict quantitative thresholds.
2026-09-24 15:41:31,034 [INFO]  -> [MINDACORP.NS] Bypassed status. Failed strict quantitative thresholds.
2026-09-24 15:41:31,833 [INFO]  -> [MMTC.NS] Bypassed status. Failed strict quantitative thresholds.
2026-09-24 15:41:32,630 [INFO]  -> [MOIL.NS] Bypassed status. Failed strict quantitative thresholds.
2026-09-24 15:41:33,525 [INFO]  -> [MONTECARLO.NS] Bypassed status. Failed strict quantitative thresholds.
2026-09-24 15:41:34,345 [INFO]  -> [MOTHERSON.NS] Bypassed status. Failed strict quantitative thresholds.
2026-09-24 15:41:35,213 [INFO]  -> [MSUMI.NS] Bypassed status. Failed strict quantitative thresholds.
2026-09-24 15:41:36,136 [INFO]  -> [NATCOPHARM.NS] Bypassed status. Failed strict quantitative thresholds.
2026-09-24 15:41:36,954 [INFO]  -> [NATIONALUM.NS] Bypassed status. Failed strict quantitative thresholds.
2026-09-24 15:41:37,723 [INFO]  -> [NAZARA.NS] Bypassed status. Failed strict quantitative thresholds.
2026-09-24 15:41:38,558 [INFO]  -> [NOCIL.NS] Bypassed status. Failed strict quantitative thresholds.
2026-09-24 15:41:39,374 [INFO]  -> [NRBBEARING.NS] Bypassed status. Failed strict quantitative thresholds.
2026-09-24 15:41:40,129 [INFO]  -> [NUVOCO.NS] Bypassed status. Failed strict quantitative thresholds.
2026-09-24 15:41:40,913 [INFO]  -> [NYKAA.NS] Bypassed status. Failed strict quantitative thresholds.
2026-09-24 15:41:41,699 [INFO]  -> [OAL.NS] Bypassed status. Failed strict quantitative thresholds.
2026-09-24 15:41:42,506 [INFO]  -> [OBEROIRLTY.NS] Bypassed status. Failed strict quantitative thresholds.
2026-09-24 15:41:43,326 [INFO]  -> [OIL.NS] Bypassed status. Failed strict quantitative thresholds.
2026-09-24 15:41:44,116 [INFO]  -> [OLECTRA.NS] Golden Rule Satisfied... Dispatching alerts...
2026-09-24 15:41:44,801 [INFO]  ✓ Telegram text alert delivered successfully via bot for OLECTRA!
2026-09-24 15:41:46,519 [INFO]  ✓ Telegram visual card delivered successfully to phone for OLECTRA!
2026-09-24 15:41:47,368 [INFO]  -> [ONGC.NS] Bypassed status. Failed strict quantitative thresholds.
2026-09-24 15:41:48,148 [INFO]  -> [ORIENTELEC.NS] Bypassed status. Failed strict quantitative thresholds.
2026-09-24 15:41:48,940 [INFO]  -> [PAGEIND.NS] Bypassed status. Failed strict quantitative thresholds.
2026-09-24 15:41:49,867 [INFO]  -> [PCBL.NS] Bypassed status. Failed strict quantitative thresholds.
2026-09-24 15:41:50,652 [INFO]  -> [PDMJEPAPER.NS] Bypassed status. Failed strict quantitative thresholds.
2026-09-24 15:41:51,444 [INFO]  -> [PDSL.NS] Bypassed status. Failed strict quantitative thresholds.
2026-09-24 15:41:52,346 [INFO]  -> [PERSISTENT.NS] Bypassed status. Failed strict quantitative thresholds.
2026-09-24 15:41:53,152 [INFO]  -> [PFIZER.NS] Bypassed status. Failed strict quantitative thresholds.
2026-09-24 15:41:54,370 [INFO]  -> [PGHH.NS] Bypassed status. Failed strict quantitative thresholds.
2026-09-24 15:41:55,183 [INFO]  -> [PGHL.NS] Bypassed status. Failed strict quantitative thresholds.
2026-09-24 15:41:55,996 [INFO]  -> [PHOENIXLTD.NS] Golden Rule Satisfied... Dispatching alerts...
2026-09-24 15:41:56,689 [INFO]  ✓ Telegram text alert delivered successfully via bot for PHOENIXLTD!
2026-09-24 15:41:58,376 [INFO]  ✓ Telegram visual card delivered successfully to phone for PHOENIXLTD!
2026-09-24 15:41:59,204 [INFO]  -> [PIDILITIND.NS] Bypassed status. Failed strict quantitative thresholds.
2026-09-24 15:42:00,001 [INFO]  -> [PIIND.NS] Bypassed status. Failed strict quantitative thresholds.
2026-09-24 15:42:01,036 [INFO]  -> [PIXTRANS.NS] Bypassed status. Failed strict quantitative thresholds.
2026-09-24 15:42:01,950 [INFO]  -> [PNCINFRA.NS] Bypassed status. Failed strict quantitative thresholds.
2026-09-24 15:42:02,762 [INFO]  -> [POCL.NS] Bypassed status. Failed strict quantitative thresholds.
2026-09-24 15:42:03,550 [INFO]  -> [POKARNA.NS] Bypassed status. Failed strict quantitative thresholds.
2026-09-24 15:42:04,335 [INFO]  -> [POLYCAB.NS] Bypassed status. Failed strict quantitative thresholds.
2026-09-24 15:42:05,179 [INFO]  -> [POLYMED.NS] Bypassed status. Failed strict quantitative thresholds.
2026-09-24 15:42:06,111 [INFO]  -> [POLYPLEX.NS] Bypassed status. Failed strict quantitative thresholds.
2026-09-24 15:42:06,882 [INFO]  -> [POWERINDIA.NS] Bypassed status. Failed strict quantitative thresholds.
2026-09-24 15:42:07,731 [INFO]  -> [PPLPHARMA.NS] Bypassed status. Failed strict quantitative thresholds.
2026-09-24 15:42:08,533 [INFO]  -> [PRESTIGE.NS] Bypassed status. Failed strict quantitative thresholds.
2026-09-24 15:42:09,315 [INFO]  -> [PRINCEPIPE.NS] Bypassed status. Failed strict quantitative thresholds.
2026-09-24 15:42:10,090 [INFO]  -> [QUESS.NS] Bypassed status. Failed strict quantitative thresholds.
2026-09-24 15:42:10,872 [INFO]  -> [RAILTEL.NS] Bypassed status. Failed strict quantitative thresholds.
2026-09-24 15:42:11,674 [INFO]  -> [RAJESHEXPO.NS] Bypassed status. Failed strict quantitative thresholds.
2026-09-24 15:42:12,484 [INFO]  -> [RALLIS.NS] Bypassed status. Failed strict quantitative thresholds.
2026-09-24 15:42:13,289 [INFO]  -> [RAMCOCEM.NS] Bypassed status. Failed strict quantitative thresholds.
2026-09-24 15:42:14,088 [INFO]  -> [RATNAMANI.NS] Bypassed status. Failed strict quantitative thresholds.
2026-09-24 15:42:14,864 [INFO]  -> [RBA.NS] Bypassed status. Failed strict quantitative thresholds.
2026-09-24 15:42:15,796 [INFO]  -> [RCF.NS] Bypassed status. Failed strict quantitative thresholds.
2026-09-24 15:42:16,597 [INFO]  -> [REDINGTON.NS] Bypassed status. Failed strict quantitative thresholds.
2026-09-24 15:42:17,400 [INFO]  -> [RELAXO.NS] Bypassed status. Failed strict quantitative thresholds.
2026-09-24 15:42:18,334 [INFO]  -> [RELIANCE.NS] Bypassed status. Failed strict quantitative thresholds.
2026-09-24 15:42:19,239 [INFO]  -> [RELINFRA.NS] Bypassed status. Failed strict quantitative thresholds.
2026-09-24 15:42:20,037 [INFO]  -> [RESPONIND.NS] Bypassed status. Failed strict quantitative thresholds.
2026-09-24 15:42:20,945 [INFO]  -> [RHIM.NS] Bypassed status. Failed strict quantitative thresholds.
2026-09-24 15:42:21,722 [INFO]  -> [ROSSARI.NS] Bypassed status. Failed strict quantitative thresholds.
2026-09-24 15:42:22,501 [INFO]  -> [ROUTE.NS] Bypassed status. Failed strict quantitative thresholds.
2026-09-24 15:42:23,328 [INFO]  -> [SAIL.NS] Bypassed status. Failed strict quantitative thresholds.
2026-09-24 15:42:24,106 [INFO]  -> [SANDHAR.NS] Bypassed status. Failed strict quantitative thresholds.
2026-09-24 15:42:24,918 [INFO]  -> [SANOFI.NS] Bypassed status. Failed strict quantitative thresholds.
2026-09-24 15:42:25,740 [INFO]  -> [SCHAEFFLER.NS] Bypassed status. Failed strict quantitative thresholds.
2026-09-24 15:42:26,836 [INFO]  -> [SCI.NS] Bypassed status. Failed strict quantitative thresholds.
2026-09-24 15:42:27,605 [INFO]  -> [SFL.NS] Bypassed status. Failed strict quantitative thresholds.
2026-09-24 15:42:28,516 [INFO]  -> [SHAKTIPUMP.NS] Bypassed status. Failed strict quantitative thresholds.
2026-09-24 15:42:29,336 [INFO]  -> [SHANTIGEAR.NS] Bypassed status. Failed strict quantitative thresholds.
2026-09-24 15:42:30,253 [INFO]  -> [SHARDACROP.NS] Bypassed status. Failed strict quantitative thresholds.
2026-09-24 15:42:31,058 [INFO]  -> [SHILPAMED.NS] Bypassed status. Failed strict quantitative thresholds.
2026-09-24 15:42:31,830 [INFO]  -> [SHYAMMETL.NS] Bypassed status. Failed strict quantitative thresholds.
2026-09-24 15:42:32,678 [INFO]  -> [SIEMENS.NS] Bypassed status. Failed strict quantitative thresholds.
2026-09-24 15:42:33,463 [INFO]  -> [SIS.NS] Bypassed status. Failed strict quantitative thresholds.
2026-09-24 15:42:34,259 [INFO]  -> [SJVN.NS] Bypassed status. Failed strict quantitative thresholds.
2026-09-24 15:42:35,076 [INFO]  -> [SKFINDIA.NS] Bypassed status. Failed strict quantitative thresholds.
2026-09-24 15:42:35,866 [INFO]  -> [SKIPPER.NS] Bypassed status. Failed strict quantitative thresholds.
2026-09-24 15:42:36,661 [INFO]  -> [SOBHA.NS] Bypassed status. Failed strict quantitative thresholds.
2026-09-24 15:42:37,460 [INFO]  -> [SOLARINDS.NS] Bypassed status. Failed strict quantitative thresholds.
2026-09-24 15:42:38,238 [INFO]  -> [SONACOMS.NS] Golden Rule Satisfied... Dispatching alerts...
2026-09-24 15:42:39,154 [INFO]  ✓ Telegram text alert delivered successfully via bot for SONACOMS!
2026-09-24 15:42:40,867 [INFO]  ✓ Telegram visual card delivered successfully to phone for SONACOMS!
2026-09-24 15:42:41,743 [INFO]  -> [SPARC.NS] Bypassed status. Failed strict quantitative thresholds.
2026-09-24 15:42:42,559 [INFO]  -> [SRF.NS] Bypassed status. Failed strict quantitative thresholds.
2026-09-24 15:42:43,316 [INFO]  -> [STYLAMIND.NS] Golden Rule Satisfied... Dispatching alerts...
2026-09-24 15:42:44,006 [INFO]  ✓ Telegram text alert delivered successfully via bot for STYLAMIND!
2026-09-24 15:42:45,648 [INFO]  ✓ Telegram visual card delivered successfully to phone for STYLAMIND!
2026-09-24 15:42:46,570 [INFO]  -> [SUBROS.NS] Bypassed status. Failed strict quantitative thresholds.
2026-09-24 15:42:47,492 [INFO]  -> [SUDARSCHEM.NS] Bypassed status. Failed strict quantitative thresholds.
2026-09-24 15:42:48,279 [INFO]  -> [SUMICHEM.NS] Bypassed status. Failed strict quantitative thresholds.
2026-09-24 15:42:49,107 [INFO]  -> [SUNDRMFAST.NS] Bypassed status. Failed strict quantitative thresholds.
2026-09-24 15:42:50,037 [INFO]  -> [SUNPHARMA.NS] Bypassed status. Failed strict quantitative thresholds.
2026-09-24 15:42:50,843 [INFO]  -> [SUNTECK.NS] Bypassed status. Failed strict quantitative thresholds.
2026-09-24 15:42:51,657 [INFO]  -> [SUPRAJIT.NS] Bypassed status. Failed strict quantitative thresholds.
2026-09-24 15:42:52,484 [INFO]  -> [SUPREMEIND.NS] Bypassed status. Failed strict quantitative thresholds.
2026-09-24 15:42:53,245 [INFO]  -> [SUPRIYA.NS] Bypassed status. Failed strict quantitative thresholds.
2026-09-24 15:42:54,042 [INFO]  -> [SYMPHONY.NS] Bypassed status. Failed strict quantitative thresholds.
2026-09-24 15:42:54,929 [INFO]  -> [SYNGENE.NS] Bypassed status. Failed strict quantitative thresholds.
2026-09-24 15:42:55,803 [INFO]  -> [TARIL.NS] Bypassed status. Failed strict quantitative thresholds.
2026-09-24 15:42:56,718 [INFO]  -> [TATACHEM.NS] Bypassed status. Failed strict quantitative thresholds.
2026-09-24 15:42:57,530 [INFO]  -> [TATACONSUM.NS] Bypassed status. Failed strict quantitative thresholds.
2026-09-24 15:42:58,453 [INFO]  -> [TATASTEEL.NS] Bypassed status. Failed strict quantitative thresholds.
2026-09-24 15:42:59,293 [INFO]  -> [TCI.NS] Bypassed status. Failed strict quantitative thresholds.
2026-09-24 15:43:00,189 [INFO]  -> [TCIEXP.NS] Bypassed status. Failed strict quantitative thresholds.
2026-09-24 15:43:00,968 [INFO]  -> [TEJASNET.NS] Bypassed status. Failed strict quantitative thresholds.
2026-09-24 15:43:01,761 [INFO]  -> [TEXRAIL.NS] Golden Rule Satisfied... Dispatching alerts...
2026-09-24 15:43:02,427 [INFO]  ✓ Telegram text alert delivered successfully via bot for TEXRAIL!
2026-09-24 15:43:04,122 [INFO]  ✓ Telegram visual card delivered successfully to phone for TEXRAIL!
2026-09-24 15:43:05,079 [INFO]  -> [THERMAX.NS] Bypassed status. Failed strict quantitative thresholds.
2026-09-24 15:43:05,855 [INFO]  -> [THYROCARE.NS] Bypassed status. Failed strict quantitative thresholds.
2026-09-24 15:43:06,653 [INFO]  -> [TIINDIA.NS] Bypassed status. Failed strict quantitative thresholds.
2026-09-24 15:43:07,550 [INFO]  -> [TIMETECHNO.NS] Bypassed status. Failed strict quantitative thresholds.
2026-09-24 15:43:08,346 [INFO]  -> [TIMKEN.NS] Bypassed status. Failed strict quantitative thresholds.
2026-09-24 15:43:09,147 [INFO]  -> [TRIDENT.NS] Bypassed status. Failed strict quantitative thresholds.
2026-09-24 15:43:09,940 [INFO]  -> [TRITURBINE.NS] Bypassed status. Failed strict quantitative thresholds.
2026-09-24 15:43:10,857 [INFO]  -> [TTKPRESTIG.NS] Bypassed status. Failed strict quantitative thresholds.
2026-09-24 15:43:11,760 [INFO]  -> [UNICHEMLAB.NS] Golden Rule Satisfied... Dispatching alerts...
2026-09-24 15:43:12,486 [INFO]  ✓ Telegram text alert delivered successfully via bot for UNICHEMLAB!
2026-09-24 15:43:14,324 [INFO]  ✓ Telegram visual card delivered successfully to phone for UNICHEMLAB!
2026-09-24 15:43:15,151 [INFO]  -> [UNOMINDA.NS] Bypassed status. Failed strict quantitative thresholds.
2026-09-24 15:43:15,972 [INFO]  -> [UPL.NS] Bypassed status. Failed strict quantitative thresholds.
2026-09-24 15:43:16,775 [INFO]  -> [VAIBHAVGBL.NS] Bypassed status. Failed strict quantitative thresholds.
2026-09-24 15:43:17,555 [INFO]  -> [VARROC.NS] Bypassed status. Failed strict quantitative thresholds.
2026-09-24 15:43:18,345 [INFO]  -> [VBL.NS] Bypassed status. Failed strict quantitative thresholds.
2026-09-24 15:43:19,171 [INFO]  -> [VEDL.NS] Bypassed status. Failed strict quantitative thresholds.
2026-09-24 15:43:19,979 [INFO]  -> [VGUARD.NS] Bypassed status. Failed strict quantitative thresholds.
2026-09-24 15:43:20,745 [INFO]  -> [VIJAYA.NS] Golden Rule Satisfied... Dispatching alerts...
2026-09-24 15:43:21,490 [INFO]  ✓ Telegram text alert delivered successfully via bot for VIJAYA!
2026-09-24 15:43:23,237 [INFO]  ✓ Telegram visual card delivered successfully to phone for VIJAYA!
2026-09-24 15:43:24,038 [INFO]  -> [VINATIORGA.NS] Bypassed status. Failed strict quantitative thresholds.
2026-09-24 15:43:24,843 [INFO]  -> [VIPIND.NS] Bypassed status. Failed strict quantitative thresholds.
2026-09-24 15:43:25,636 [INFO]  -> [VMART.NS] Bypassed status. Failed strict quantitative thresholds.
2026-09-24 15:43:26,441 [INFO]  -> [VOLTAS.NS] Bypassed status. Failed strict quantitative thresholds.
2026-09-24 15:43:27,264 [INFO]  -> [VTL.NS] Bypassed status. Failed strict quantitative thresholds.
2026-09-24 15:43:28,056 [INFO]  -> [WELCORP.NS] Bypassed status. Failed strict quantitative thresholds.
2026-09-24 15:43:28,861 [INFO]  -> [WELSPUNLIV.NS] Bypassed status. Failed strict quantitative thresholds.
2026-09-24 15:43:29,649 [INFO]  -> [WHIRLPOOL.NS] Bypassed status. Failed strict quantitative thresholds.
2026-09-24 15:43:30,444 [INFO]  -> [WOCKPHARMA.NS] Bypassed status. Failed strict quantitative thresholds.
2026-09-24 15:43:31,318 [INFO]  -> [YUKEN.NS] Bypassed status. Failed strict quantitative thresholds.
2026-09-24 15:43:32,118 [INFO]  -> [ZFCVINDIA.NS] Bypassed status. Failed strict quantitative thresholds.
2026-09-24 15:43:32,936 [INFO]  -> [ZYDUSLIFE.NS] Bypassed status. Failed strict quantitative thresholds.
2026-09-24 15:43:33,751 [INFO]  -> [ZYDUSWELL.NS] Bypassed status. Failed strict quantitative thresholds.
2026-09-24 15:43:34,252 [INFO] [Complete] Quant script loops finished successfully. Overwriting metrics...
2026-09-24 15:43:47,128 [INFO] ✓ Central output matrix overwritten successfully.
2026-09-25 15:42:15,468 [INFO] =================================================================
2026-09-25 15:42:15,468 [INFO] RUNNING CONSOLIDATED SYSTEM SCRIPTS
2026-09-25 15:42:15,468 [INFO] =================================================================
2026-09-25 15:42:16,513 [INFO]  -> [AARTIDRUGS.NS] Bypassed status. Failed strict quantitative thresholds.
2026-09-25 15:42:17,350 [INFO]  -> [ACE.NS] Bypassed status. Failed strict quantitative thresholds.
2026-09-25 15:42:18,239 [INFO]  -> [AFFLE.NS] Bypassed status. Failed strict quantitative thresholds.
2026-09-25 15:42:19,081 [INFO]  -> [AIAENG.NS] Bypassed status. Failed strict quantitative thresholds.
2026-09-25 15:42:19,965 [INFO]  -> [ALKYLAMINE.NS] Bypassed status. Failed strict quantitative thresholds.
2026-09-25 15:42:20,791 [INFO]  -> [ALLCARGO.NS] Bypassed status. Failed strict quantitative thresholds.
2026-09-25 15:42:21,571 [INFO]  -> [AMBER.NS] Bypassed status. Failed strict quantitative thresholds.
2026-09-25 15:42:22,398 [INFO]  -> [AMBUJACEM.NS] Bypassed status. Failed strict quantitative thresholds.
2026-09-25 15:42:23,245 [INFO]  -> [ANANTRAJ.NS] Bypassed status. Failed strict quantitative thresholds.
2026-09-25 15:42:24,066 [INFO]  -> [ANURAS.NS] Bypassed status. Failed strict quantitative thresholds.
2026-09-25 15:42:24,875 [INFO]  -> [APLAPOLLO.NS] Bypassed status. Failed strict quantitative thresholds.
2026-09-25 15:42:25,691 [INFO]  -> [APLLTD.NS] Bypassed status. Failed strict quantitative thresholds.
2026-09-25 15:42:26,636 [INFO]  -> [APOLLO.NS] Bypassed status. Failed strict quantitative thresholds.
2026-09-25 15:42:27,452 [INFO]  -> [APOLLOHOSP.NS] Bypassed status. Failed strict quantitative thresholds.
2026-09-25 15:42:28,280 [INFO]  -> [APOLLOTYRE.NS] Bypassed status. Failed strict quantitative thresholds.
2026-09-25 15:42:29,099 [INFO]  -> [ARE&M.NS] Bypassed status. Failed strict quantitative thresholds.
2026-09-25 15:42:29,891 [INFO]  -> [ARTEMISMED.NS] Bypassed status. Failed strict quantitative thresholds.
2026-09-25 15:42:30,720 [INFO]  -> [ASAHIINDIA.NS] Bypassed status. Failed strict quantitative thresholds.
2026-09-25 15:42:31,496 [INFO]  -> [ASIANENE.NS] Bypassed status. Failed strict quantitative thresholds.
2026-09-25 15:42:32,427 [INFO]  -> [ASIANPAINT.NS] Bypassed status. Failed strict quantitative thresholds.
2026-09-25 15:42:33,305 [INFO]  -> [ASKAUTOLTD.NS] Bypassed status. Failed strict quantitative thresholds.
2026-09-25 15:42:34,244 [INFO]  -> [ASTRAL.NS] Bypassed status. Failed strict quantitative thresholds.
2026-09-25 15:42:35,068 [INFO]  -> [ASTRAZEN.NS] Bypassed status. Failed strict quantitative thresholds.
2026-09-25 15:42:35,865 [INFO]  -> [ATGL.NS] Bypassed status. Failed strict quantitative thresholds.
2026-09-25 15:42:36,685 [INFO]  -> [ATUL.NS] Bypassed status. Failed strict quantitative thresholds.
2026-09-25 15:42:37,533 [INFO]  -> [AUROPHARMA.NS] Golden Rule Satisfied... Dispatching alerts...
2026-09-25 15:42:38,991 [INFO]  ✓ Telegram text alert delivered successfully via bot for AUROPHARMA!
2026-09-25 15:42:40,990 [INFO]  ✓ Telegram visual card delivered successfully to phone for AUROPHARMA!
2026-09-25 15:42:41,812 [INFO]  -> [AVANTIFEED.NS] Bypassed status. Failed strict quantitative thresholds.
2026-09-25 15:42:42,587 [INFO]  -> [AYMSYNTEX.NS] Bypassed status. Failed strict quantitative thresholds.
2026-09-25 15:42:43,409 [INFO]  -> [BAJAJELEC.NS] Bypassed status. Failed strict quantitative thresholds.
2026-09-25 15:42:44,194 [INFO]  -> [BAJAJHCARE.NS] Bypassed status. Failed strict quantitative thresholds.
2026-09-25 15:42:45,038 [INFO]  -> [BALKRISIND.NS] Bypassed status. Failed strict quantitative thresholds.
2026-09-25 15:42:45,865 [INFO]  -> [BASF.NS] Bypassed status. Failed strict quantitative thresholds.
2026-09-25 15:42:46,683 [INFO]  -> [BATAINDIA.NS] Bypassed status. Failed strict quantitative thresholds.
2026-09-25 15:42:47,493 [INFO]  -> [BAYERCROP.NS] Bypassed status. Failed strict quantitative thresholds.
2026-09-25 15:42:48,349 [INFO]  -> [BBTC.NS] Bypassed status. Failed strict quantitative thresholds.
2026-09-25 15:42:49,232 [INFO]  -> [BECTORFOOD.NS] Bypassed status. Failed strict quantitative thresholds.
2026-09-25 15:42:50,083 [INFO]  -> [BERGEPAINT.NS] Bypassed status. Failed strict quantitative thresholds.
2026-09-25 15:42:50,950 [INFO]  -> [BHARATRAS.NS] Bypassed status. Failed strict quantitative thresholds.
2026-09-25 15:42:51,722 [INFO]  -> [BIKAJI.NS] Bypassed status. Failed strict quantitative thresholds.
2026-09-25 15:42:52,561 [INFO]  -> [BIOCON.NS] Bypassed status. Failed strict quantitative thresholds.
2026-09-25 15:42:53,392 [INFO]  -> [BIRLACORPN.NS] Bypassed status. Failed strict quantitative thresholds.
2026-09-25 15:42:54,341 [INFO]  -> [BLUESTARCO.NS] Bypassed status. Failed strict quantitative thresholds.
2026-09-25 15:42:55,134 [INFO]  -> [BORORENEW.NS] Bypassed status. Failed strict quantitative thresholds.
2026-09-25 15:42:56,028 [INFO]  -> [BRIGADE.NS] Bypassed status. Failed strict quantitative thresholds.
2026-09-25 15:42:56,878 [INFO]  -> [CAMPUS.NS] Bypassed status. Failed strict quantitative thresholds.
2026-09-25 15:42:57,677 [INFO]  -> [CAPLIPOINT.NS] Bypassed status. Failed strict quantitative thresholds.
2026-09-25 15:42:58,668 [INFO]  -> [CARBORUNIV.NS] Bypassed status. Failed strict quantitative thresholds.
2026-09-25 15:42:59,500 [INFO]  -> [CCL.NS] Bypassed status. Failed strict quantitative thresholds.
2026-09-25 15:43:00,317 [INFO]  -> [CEATLTD.NS] Bypassed status. Failed strict quantitative thresholds.
2026-09-25 15:43:01,145 [INFO]  -> [CENTURYPLY.NS] Bypassed status. Failed strict quantitative thresholds.
2026-09-25 15:43:01,950 [INFO]  -> [CERA.NS] Bypassed status. Failed strict quantitative thresholds.
2026-09-25 15:43:02,766 [INFO]  -> [CGPOWER.NS] Bypassed status. Failed strict quantitative thresholds.
2026-09-25 15:43:03,593 [INFO]  -> [CHAMBLFERT.NS] Bypassed status. Failed strict quantitative thresholds.
2026-09-25 15:43:04,367 [INFO]  -> [CHEMPLASTS.NS] Bypassed status. Failed strict quantitative thresholds.
2026-09-25 15:43:05,207 [INFO]  -> [CIPLA.NS] Bypassed status. Failed strict quantitative thresholds.
2026-09-25 15:43:05,992 [INFO]  -> [CLEAN.NS] Bypassed status. Failed strict quantitative thresholds.
2026-09-25 15:43:06,810 [INFO]  -> [COALINDIA.NS] Bypassed status. Failed strict quantitative thresholds.
2026-09-25 15:43:07,617 [INFO]  -> [COCHINSHIP.NS] Bypassed status. Failed strict quantitative thresholds.
2026-09-25 15:43:08,489 [INFO]  -> [COLPAL.NS] Bypassed status. Failed strict quantitative thresholds.
2026-09-25 15:43:09,333 [INFO]  -> [CONCOR.NS] Bypassed status. Failed strict quantitative thresholds.
2026-09-25 15:43:10,162 [INFO]  -> [COSMOFIRST.NS] Bypassed status. Failed strict quantitative thresholds.
2026-09-25 15:43:10,965 [INFO]  -> [CROMPTON.NS] Bypassed status. Failed strict quantitative thresholds.
2026-09-25 15:43:11,811 [INFO]  -> [CYIENT.NS] Bypassed status. Failed strict quantitative thresholds.
2026-09-25 15:43:12,631 [INFO]  -> [DABUR.NS] Bypassed status. Failed strict quantitative thresholds.
2026-09-25 15:43:13,431 [INFO]  -> [DALBHARAT.NS] Bypassed status. Failed strict quantitative thresholds.
2026-09-25 15:43:14,272 [INFO]  -> [DCMSHRIRAM.NS] Bypassed status. Failed strict quantitative thresholds.
2026-09-25 15:43:15,121 [INFO]  -> [DEEPAKFERT.NS] Golden Rule Satisfied... Dispatching alerts...
2026-09-25 15:43:15,716 [INFO]  ✓ Telegram text alert delivered successfully via bot for DEEPAKFERT!
2026-09-25 15:43:17,887 [INFO]  ✓ Telegram visual card delivered successfully to phone for DEEPAKFERT!
2026-09-25 15:43:18,729 [INFO]  -> [DEEPAKNTR.NS] Bypassed status. Failed strict quantitative thresholds.
2026-09-25 15:43:19,515 [INFO]  -> [DELHIVERY.NS] Bypassed status. Failed strict quantitative thresholds.
2026-09-25 15:43:20,331 [INFO]  -> [DHANUKA.NS] Bypassed status. Failed strict quantitative thresholds.
2026-09-25 15:43:21,149 [INFO]  -> [DIVISLAB.NS] Bypassed status. Failed strict quantitative thresholds.
2026-09-25 15:43:22,046 [INFO]  -> [DLF.NS] Bypassed status. Failed strict quantitative thresholds.
2026-09-25 15:43:22,833 [INFO]  -> [DMART.NS] Bypassed status. Failed strict quantitative thresholds.
2026-09-25 15:43:23,640 [INFO]  -> [DOLLAR.NS] Bypassed status. Failed strict quantitative thresholds.
2026-09-25 15:43:24,466 [INFO]  -> [DRREDDY.NS] Bypassed status. Failed strict quantitative thresholds.
2026-09-25 15:43:25,245 [INFO]  -> [DYCL.NS] Bypassed status. Failed strict quantitative thresholds.
2026-09-25 15:43:26,112 [INFO]  -> [ECLERX.NS] Bypassed status. Failed strict quantitative thresholds.
2026-09-25 15:43:26,943 [INFO]  -> [EICHERMOT.NS] Bypassed status. Failed strict quantitative thresholds.
2026-09-25 15:43:27,773 [INFO]  -> [EIDPARRY.NS] Bypassed status. Failed strict quantitative thresholds.
2026-09-25 15:43:28,594 [INFO]  -> [EKC.NS] Bypassed status. Failed strict quantitative thresholds.
2026-09-25 15:43:29,429 [INFO]  -> [ELGIEQUIP.NS] Bypassed status. Failed strict quantitative thresholds.
2026-09-25 15:43:30,254 [INFO]  -> [EMAMILTD.NS] Bypassed status. Failed strict quantitative thresholds.
2026-09-25 15:43:31,048 [INFO]  -> [EMUDHRA.NS] Bypassed status. Failed strict quantitative thresholds.
2026-09-25 15:43:31,851 [INFO]  -> [ENDURANCE.NS] Bypassed status. Failed strict quantitative thresholds.
2026-09-25 15:43:32,700 [INFO]  -> [EPL.NS] Bypassed status. Failed strict quantitative thresholds.
2026-09-25 15:43:33,543 [INFO]  -> [FDC.NS] Bypassed status. Failed strict quantitative thresholds.
2026-09-25 15:43:34,381 [INFO]  -> [FINCABLES.NS] Bypassed status. Failed strict quantitative thresholds.
2026-09-25 15:43:35,175 [INFO]  -> [FINEORG.NS] Bypassed status. Failed strict quantitative thresholds.
2026-09-25 15:43:36,007 [INFO]  -> [FINPIPE.NS] Bypassed status. Failed strict quantitative thresholds.
2026-09-25 15:43:36,836 [INFO]  -> [FLUOROCHEM.NS] Bypassed status. Failed strict quantitative thresholds.
2026-09-25 15:43:37,835 [INFO]  -> [FMGOETZE.NS] Bypassed status. Failed strict quantitative thresholds.
2026-09-25 15:43:38,620 [INFO]  -> [FORTIS.NS] Bypassed status. Failed strict quantitative thresholds.
2026-09-25 15:43:39,457 [INFO]  -> [GABRIEL.NS] Golden Rule Satisfied... Dispatching alerts...
2026-09-25 15:43:40,164 [INFO]  ✓ Telegram text alert delivered successfully via bot for GABRIEL!
2026-09-25 15:43:42,168 [INFO]  ✓ Telegram visual card delivered successfully to phone for GABRIEL!
2026-09-25 15:43:42,998 [INFO]  -> [GAEL.NS] Bypassed status. Failed strict quantitative thresholds.
2026-09-25 15:43:43,869 [INFO]  -> [GAIL.NS] Bypassed status. Failed strict quantitative thresholds.
2026-09-25 15:43:44,702 [INFO]  -> [GALAXYSURF.NS] Bypassed status. Failed strict quantitative thresholds.
2026-09-25 15:43:45,504 [INFO]  -> [GANECOS.NS] Bypassed status. Failed strict quantitative thresholds.
2026-09-25 15:43:46,323 [INFO]  -> [GARFIBRES.NS] Bypassed status. Failed strict quantitative thresholds.
2026-09-25 15:43:47,147 [INFO]  -> [GENESYS.NS] Bypassed status. Failed strict quantitative thresholds.
2026-09-25 15:43:47,911 [INFO]  -> [GHCLTEXTIL.NS] Bypassed status. Failed strict quantitative thresholds.
2026-09-25 15:43:48,704 [INFO]  -> [GLAND.NS] Bypassed status. Failed strict quantitative thresholds.
2026-09-25 15:43:49,529 [INFO]  -> [GLENMARK.NS] Bypassed status. Failed strict quantitative thresholds.
2026-09-25 15:43:50,331 [INFO]  -> [GMMPFAUDLR.NS] Bypassed status. Failed strict quantitative thresholds.
2026-09-25 15:43:51,136 [INFO]  -> [GODREJAGRO.NS] Bypassed status. Failed strict quantitative thresholds.
2026-09-25 15:43:51,966 [INFO]  -> [GODREJCP.NS] Bypassed status. Failed strict quantitative thresholds.
2026-09-25 15:43:52,755 [INFO]  -> [GOKULAGRO.NS] Bypassed status. Failed strict quantitative thresholds.
2026-09-25 15:43:53,576 [INFO]  -> [GOODLUCK.NS] Bypassed status. Failed strict quantitative thresholds.
2026-09-25 15:43:54,376 [INFO]  -> [GPPL.NS] Bypassed status. Failed strict quantitative thresholds.
2026-09-25 15:43:55,193 [INFO]  -> [GRANULES.NS] Bypassed status. Failed strict quantitative thresholds.
2026-09-25 15:43:56,024 [INFO]  -> [GRAPHITE.NS] Bypassed status. Failed strict quantitative thresholds.
2026-09-25 15:43:56,813 [INFO]  -> [GREENPANEL.NS] Bypassed status. Failed strict quantitative thresholds.
2026-09-25 15:43:57,631 [INFO]  -> [GRINDWELL.NS] Bypassed status. Failed strict quantitative thresholds.
2026-09-25 15:43:58,423 [INFO]  -> [GRWRHITECH.NS] Bypassed status. Failed strict quantitative thresholds.
2026-09-25 15:43:59,472 [INFO]  -> [GUJALKALI.NS] Bypassed status. Failed strict quantitative thresholds.
2026-09-25 15:44:00,055 [INFO]  -> [GUJGASLTD.NS] Bypassed status. Failed strict quantitative thresholds.
2026-09-25 15:44:00,948 [INFO]  -> [GVT&D.NS] Bypassed status. Failed strict quantitative thresholds.
2026-09-25 15:44:01,721 [INFO]  -> [HARDWYN.NS] Bypassed status. Failed strict quantitative thresholds.
2026-09-25 15:44:02,555 [INFO]  -> [HAVELLS.NS] Bypassed status. Failed strict quantitative thresholds.
2026-09-25 15:44:03,393 [INFO]  -> [HEG.NS] Bypassed status. Failed strict quantitative thresholds.
2026-09-25 15:44:04,191 [INFO]  -> [HERANBA.NS] Bypassed status. Failed strict quantitative thresholds.
2026-09-25 15:44:05,030 [INFO]  -> [HEROMOTOCO.NS] Bypassed status. Failed strict quantitative thresholds.
2026-09-25 15:44:05,834 [INFO]  -> [HFCL.NS] Bypassed status. Failed strict quantitative thresholds.
2026-09-25 15:44:06,661 [INFO]  -> [HIKAL.NS] Bypassed status. Failed strict quantitative thresholds.
2026-09-25 15:44:07,524 [INFO]  -> [HINDALCO.NS] Golden Rule Satisfied... Dispatching alerts...
2026-09-25 15:44:08,102 [INFO]  ✓ Telegram text alert delivered successfully via bot for HINDALCO!
2026-09-25 15:44:10,033 [INFO]  ✓ Telegram visual card delivered successfully to phone for HINDALCO!
2026-09-25 15:44:10,875 [INFO]  -> [HINDCOPPER.NS] Bypassed status. Failed strict quantitative thresholds.
2026-09-25 15:44:11,713 [INFO]  -> [HINDPETRO.NS] Bypassed status. Failed strict quantitative thresholds.
2026-09-25 15:44:12,578 [INFO]  -> [HINDUNILVR.NS] Bypassed status. Failed strict quantitative thresholds.
2026-09-25 15:44:13,373 [INFO]  -> [HLEGLAS.NS] Bypassed status. Failed strict quantitative thresholds.
2026-09-25 15:44:13,960 [INFO]  -> [IBREALEST.NS] Bypassed status. Failed strict quantitative thresholds.
2026-09-25 15:44:14,757 [INFO]  -> [IFBIND.NS] Bypassed status. Failed strict quantitative thresholds.
2026-09-25 15:44:15,595 [INFO]  -> [IGL.NS] Bypassed status. Failed strict quantitative thresholds.
2026-09-25 15:44:16,385 [INFO]  -> [INDIGOPNTS.NS] Bypassed status. Failed strict quantitative thresholds.
2026-09-25 15:44:17,231 [INFO]  -> [INDNIPPON.NS] Bypassed status. Failed strict quantitative thresholds.
2026-09-25 15:44:18,064 [INFO]  -> [INDOCO.NS] Bypassed status. Failed strict quantitative thresholds.
2026-09-25 15:44:18,913 [INFO]  -> [INDUSTOWER.NS] Bypassed status. Failed strict quantitative thresholds.
2026-09-25 15:44:19,668 [INFO]  -> [INNOVACAP.NS] Bypassed status. Failed strict quantitative thresholds.
2026-09-25 15:44:20,514 [INFO]  -> [IOC.NS] Bypassed status. Failed strict quantitative thresholds.
2026-09-25 15:44:21,356 [INFO]  -> [IPCALAB.NS] Bypassed status. Failed strict quantitative thresholds.
2026-09-25 15:44:22,148 [INFO]  -> [IPL.NS] Bypassed status. Failed strict quantitative thresholds.
2026-09-25 15:44:23,504 [INFO]  -> [ISGEC.NS] Bypassed status. Failed strict quantitative thresholds.
2026-09-25 15:44:24,290 [INFO]  -> [ITI.NS] Bypassed status. Failed strict quantitative thresholds.
2026-09-25 15:44:25,111 [INFO]  -> [JAMNAAUTO.NS] Bypassed status. Failed strict quantitative thresholds.
2026-09-25 15:44:26,163 [INFO]  -> [JINDALSAW.NS] Bypassed status. Failed strict quantitative thresholds.
2026-09-25 15:44:27,116 [INFO]  -> [JINDALSTEL.NS] Golden Rule Satisfied... Dispatching alerts...
2026-09-25 15:44:27,746 [INFO]  ✓ Telegram text alert delivered successfully via bot for JINDALSTEL!
2026-09-25 15:44:29,906 [INFO]  ✓ Telegram visual card delivered successfully to phone for JINDALSTEL!
2026-09-25 15:44:30,744 [INFO]  -> [JKIL.NS] Bypassed status. Failed strict quantitative thresholds.
2026-09-25 15:44:31,628 [INFO]  -> [JKLAKSHMI.NS] Bypassed status. Failed strict quantitative thresholds.
2026-09-25 15:44:32,462 [INFO]  -> [JSL.NS] Bypassed status. Failed strict quantitative thresholds.
2026-09-25 15:44:33,298 [INFO]  -> [JSWENERGY.NS] Bypassed status. Failed strict quantitative thresholds.
2026-09-25 15:44:34,100 [INFO]  -> [JUBLINGREA.NS] Bypassed status. Failed strict quantitative thresholds.
2026-09-25 15:44:34,983 [INFO]  -> [JUBLPHARMA.NS] Bypassed status. Failed strict quantitative thresholds.
2026-09-25 15:44:35,812 [INFO]  -> [KAJARIACER.NS] Bypassed status. Failed strict quantitative thresholds.
2026-09-25 15:44:36,400 [INFO]  -> [KALPATPOWR.NS] Bypassed status. Failed strict quantitative thresholds.
2026-09-25 15:44:37,228 [INFO]  -> [KANSAINER.NS] Bypassed status. Failed strict quantitative thresholds.
2026-09-25 15:44:38,155 [INFO]  -> [KEI.NS] Bypassed status. Failed strict quantitative thresholds.
2026-09-25 15:44:38,742 [INFO]  -> [KEPL.NS] Bypassed status. Failed strict quantitative thresholds.
2026-09-25 15:44:39,531 [INFO]  -> [KIMS.NS] Bypassed status. Failed strict quantitative thresholds.
2026-09-25 15:44:40,499 [INFO]  -> [KIRLOSBROS.NS] Bypassed status. Failed strict quantitative thresholds.
2026-09-25 15:44:41,266 [INFO]  -> [KIRLPNU.NS] Bypassed status. Failed strict quantitative thresholds.
2026-09-25 15:44:42,068 [INFO]  -> [KPITTECH.NS] Bypassed status. Failed strict quantitative thresholds.
2026-09-25 15:44:42,904 [INFO]  -> [KPRMILL.NS] Bypassed status. Failed strict quantitative thresholds.
2026-09-25 15:44:43,742 [INFO]  -> [KRBL.NS] Bypassed status. Failed strict quantitative thresholds.
2026-09-25 15:44:44,526 [INFO]  -> [KRSNAA.NS] Bypassed status. Failed strict quantitative thresholds.
2026-09-25 15:44:45,340 [INFO]  -> [LALPATHLAB.NS] Bypassed status. Failed strict quantitative thresholds.
2026-09-25 15:44:46,145 [INFO]  -> [LAURUSLABS.NS] Bypassed status. Failed strict quantitative thresholds.
2026-09-25 15:44:46,973 [INFO]  -> [LGBBROSLTD.NS] Bypassed status. Failed strict quantitative thresholds.
2026-09-25 15:44:47,779 [INFO]  -> [LIKHITHA.NS] Bypassed status. Failed strict quantitative thresholds.
2026-09-25 15:44:48,587 [INFO]  -> [LINC.NS] Bypassed status. Failed strict quantitative thresholds.
2026-09-25 15:44:49,405 [INFO]  -> [LINDEINDIA.NS] Bypassed status. Failed strict quantitative thresholds.
2026-09-25 15:44:50,201 [INFO]  -> [LLOYDSENGG.NS] Bypassed status. Failed strict quantitative thresholds.
2026-09-25 15:44:50,992 [INFO]  -> [LODHA.NS] Bypassed status. Failed strict quantitative thresholds.
2026-09-25 15:44:51,807 [INFO]  -> [LUMAXTECH.NS] Golden Rule Satisfied... Dispatching alerts...
2026-09-25 15:44:52,511 [INFO]  ✓ Telegram text alert delivered successfully via bot for LUMAXTECH!
2026-09-25 15:44:54,603 [INFO]  ✓ Telegram visual card delivered successfully to phone for LUMAXTECH!
2026-09-25 15:44:55,426 [INFO]  -> [LUPIN.NS] Bypassed status. Failed strict quantitative thresholds.
2026-09-25 15:44:56,236 [INFO]  -> [LUXIND.NS] Bypassed status. Failed strict quantitative thresholds.
2026-09-25 15:44:57,026 [INFO]  -> [LXCHEM.NS] Bypassed status. Failed strict quantitative thresholds.
2026-09-25 15:44:57,835 [INFO]  -> [MAHLOG.NS] Golden Rule Satisfied... Dispatching alerts...
2026-09-25 15:44:58,404 [INFO]  ✓ Telegram text alert delivered successfully via bot for MAHLOG!
2026-09-25 15:45:00,166 [INFO]  ✓ Telegram visual card delivered successfully to phone for MAHLOG!
2026-09-25 15:45:00,928 [INFO]  -> [MANKIND.NS] Bypassed status. Failed strict quantitative thresholds.
2026-09-25 15:45:01,708 [INFO]  -> [MANYAVAR.NS] Bypassed status. Failed strict quantitative thresholds.
2026-09-25 15:45:02,602 [INFO]  -> [MARICO.NS] Bypassed status. Failed strict quantitative thresholds.
2026-09-25 15:45:03,536 [INFO]  -> [MARINE.NS] Golden Rule Satisfied... Dispatching alerts...
2026-09-25 15:45:04,113 [INFO]  ✓ Telegram text alert delivered successfully via bot for MARINE!
2026-09-25 15:45:05,616 [INFO]  ✓ Telegram visual card delivered successfully to phone for MARINE!
2026-09-25 15:45:06,423 [INFO]  -> [MARKSANS.NS] Golden Rule Satisfied... Dispatching alerts...
2026-09-25 15:45:07,010 [INFO]  ✓ Telegram text alert delivered successfully via bot for MARKSANS!
2026-09-25 15:45:08,541 [INFO]  ✓ Telegram visual card delivered successfully to phone for MARKSANS!
2026-09-25 15:45:09,369 [INFO]  -> [MARUTI.NS] Bypassed status. Failed strict quantitative thresholds.
2026-09-25 15:45:10,158 [INFO]  -> [MAXHEALTH.NS] Bypassed status. Failed strict quantitative thresholds.
2026-09-25 15:45:10,920 [INFO]  -> [MEDANTA.NS] Bypassed status. Failed strict quantitative thresholds.
2026-09-25 15:45:11,753 [INFO]  -> [MEDPLUS.NS] Bypassed status. Failed strict quantitative thresholds.
2026-09-25 15:45:12,551 [INFO]  -> [METROBRAND.NS] Bypassed status. Failed strict quantitative thresholds.
2026-09-25 15:45:13,353 [INFO]  -> [METROPOLIS.NS] Bypassed status. Failed strict quantitative thresholds.
2026-09-25 15:45:14,163 [INFO]  -> [MGL.NS] Bypassed status. Failed strict quantitative thresholds.
2026-09-25 15:45:15,032 [INFO]  -> [MINDACORP.NS] Bypassed status. Failed strict quantitative thresholds.
2026-09-25 15:45:15,848 [INFO]  -> [MMTC.NS] Bypassed status. Failed strict quantitative thresholds.
2026-09-25 15:45:16,675 [INFO]  -> [MOIL.NS] Bypassed status. Failed strict quantitative thresholds.
2026-09-25 15:45:17,492 [INFO]  -> [MONTECARLO.NS] Bypassed status. Failed strict quantitative thresholds.
2026-09-25 15:45:18,329 [INFO]  -> [MOTHERSON.NS] Bypassed status. Failed strict quantitative thresholds.
2026-09-25 15:45:19,159 [INFO]  -> [MSUMI.NS] Bypassed status. Failed strict quantitative thresholds.
2026-09-25 15:45:19,999 [INFO]  -> [NATCOPHARM.NS] Bypassed status. Failed strict quantitative thresholds.
2026-09-25 15:45:20,844 [INFO]  -> [NATIONALUM.NS] Bypassed status. Failed strict quantitative thresholds.
2026-09-25 15:45:21,637 [INFO]  -> [NAZARA.NS] Bypassed status. Failed strict quantitative thresholds.
2026-09-25 15:45:22,468 [INFO]  -> [NOCIL.NS] Bypassed status. Failed strict quantitative thresholds.
2026-09-25 15:45:23,355 [INFO]  -> [NRBBEARING.NS] Bypassed status. Failed strict quantitative thresholds.
2026-09-25 15:45:24,134 [INFO]  -> [NUVOCO.NS] Bypassed status. Failed strict quantitative thresholds.
2026-09-25 15:45:24,968 [INFO]  -> [NYKAA.NS] Bypassed status. Failed strict quantitative thresholds.
2026-09-25 15:45:25,764 [INFO]  -> [OAL.NS] Bypassed status. Failed strict quantitative thresholds.
2026-09-25 15:45:26,603 [INFO]  -> [OBEROIRLTY.NS] Bypassed status. Failed strict quantitative thresholds.
2026-09-25 15:45:27,428 [INFO]  -> [OIL.NS] Bypassed status. Failed strict quantitative thresholds.
2026-09-25 15:45:28,313 [INFO]  -> [OLECTRA.NS] Golden Rule Satisfied... Dispatching alerts...
2026-09-25 15:45:28,881 [INFO]  ✓ Telegram text alert delivered successfully via bot for OLECTRA!
2026-09-25 15:45:30,382 [INFO]  ✓ Telegram visual card delivered successfully to phone for OLECTRA!
2026-09-25 15:45:31,223 [INFO]  -> [ONGC.NS] Bypassed status. Failed strict quantitative thresholds.
2026-09-25 15:45:32,024 [INFO]  -> [ORIENTELEC.NS] Bypassed status. Failed strict quantitative thresholds.
2026-09-25 15:45:32,839 [INFO]  -> [PAGEIND.NS] Bypassed status. Failed strict quantitative thresholds.
2026-09-25 15:45:33,666 [INFO]  -> [PCBL.NS] Bypassed status. Failed strict quantitative thresholds.
2026-09-25 15:45:34,533 [INFO]  -> [PDMJEPAPER.NS] Bypassed status. Failed strict quantitative thresholds.
2026-09-25 15:45:35,364 [INFO]  -> [PDSL.NS] Bypassed status. Failed strict quantitative thresholds.
2026-09-25 15:45:36,184 [INFO]  -> [PERSISTENT.NS] Bypassed status. Failed strict quantitative thresholds.
2026-09-25 15:45:37,053 [INFO]  -> [PFIZER.NS] Bypassed status. Failed strict quantitative thresholds.
2026-09-25 15:45:37,882 [INFO]  -> [PGHH.NS] Bypassed status. Failed strict quantitative thresholds.
2026-09-25 15:45:38,713 [INFO]  -> [PGHL.NS] Bypassed status. Failed strict quantitative thresholds.
2026-09-25 15:45:39,535 [INFO]  -> [PHOENIXLTD.NS] Golden Rule Satisfied... Dispatching alerts...
2026-09-25 15:45:40,096 [INFO]  ✓ Telegram text alert delivered successfully via bot for PHOENIXLTD!
2026-09-25 15:45:41,898 [INFO]  ✓ Telegram visual card delivered successfully to phone for PHOENIXLTD!
2026-09-25 15:45:42,738 [INFO]  -> [PIDILITIND.NS] Bypassed status. Failed strict quantitative thresholds.
2026-09-25 15:45:43,570 [INFO]  -> [PIIND.NS] Bypassed status. Failed strict quantitative thresholds.
2026-09-25 15:45:44,640 [INFO]  -> [PIXTRANS.NS] Bypassed status. Failed strict quantitative thresholds.
2026-09-25 15:45:45,453 [INFO]  -> [PNCINFRA.NS] Bypassed status. Failed strict quantitative thresholds.
2026-09-25 15:45:46,564 [INFO]  -> [POCL.NS] Bypassed status. Failed strict quantitative thresholds.
2026-09-25 15:45:47,379 [INFO]  -> [POKARNA.NS] Bypassed status. Failed strict quantitative thresholds.
2026-09-25 15:45:48,171 [INFO]  -> [POLYCAB.NS] Bypassed status. Failed strict quantitative thresholds.
2026-09-25 15:45:48,982 [INFO]  -> [POLYMED.NS] Bypassed status. Failed strict quantitative thresholds.
2026-09-25 15:45:49,799 [INFO]  -> [POLYPLEX.NS] Bypassed status. Failed strict quantitative thresholds.
2026-09-25 15:45:50,593 [INFO]  -> [POWERINDIA.NS] Bypassed status. Failed strict quantitative thresholds.
2026-09-25 15:45:51,364 [INFO]  -> [PPLPHARMA.NS] Bypassed status. Failed strict quantitative thresholds.
2026-09-25 15:45:52,184 [INFO]  -> [PRESTIGE.NS] Bypassed status. Failed strict quantitative thresholds.
2026-09-25 15:45:52,981 [INFO]  -> [PRINCEPIPE.NS] Bypassed status. Failed strict quantitative thresholds.
2026-09-25 15:45:53,776 [INFO]  -> [QUESS.NS] Bypassed status. Failed strict quantitative thresholds.
2026-09-25 15:45:54,579 [INFO]  -> [RAILTEL.NS] Bypassed status. Failed strict quantitative thresholds.
2026-09-25 15:45:55,443 [INFO]  -> [RAJESHEXPO.NS] Bypassed status. Failed strict quantitative thresholds.
2026-09-25 15:45:56,324 [INFO]  -> [RALLIS.NS] Bypassed status. Failed strict quantitative thresholds.
2026-09-25 15:45:57,150 [INFO]  -> [RAMCOCEM.NS] Bypassed status. Failed strict quantitative thresholds.
2026-09-25 15:45:57,978 [INFO]  -> [RATNAMANI.NS] Bypassed status. Failed strict quantitative thresholds.
2026-09-25 15:45:58,762 [INFO]  -> [RBA.NS] Bypassed status. Failed strict quantitative thresholds.
2026-09-25 15:45:59,610 [INFO]  -> [RCF.NS] Bypassed status. Failed strict quantitative thresholds.
2026-09-25 15:46:00,440 [INFO]  -> [REDINGTON.NS] Bypassed status. Failed strict quantitative thresholds.
2026-09-25 15:46:01,249 [INFO]  -> [RELAXO.NS] Bypassed status. Failed strict quantitative thresholds.
2026-09-25 15:46:02,088 [INFO]  -> [RELIANCE.NS] Bypassed status. Failed strict quantitative thresholds.
2026-09-25 15:46:02,940 [INFO]  -> [RELINFRA.NS] Bypassed status. Failed strict quantitative thresholds.
2026-09-25 15:46:03,747 [INFO]  -> [RESPONIND.NS] Bypassed status. Failed strict quantitative thresholds.
2026-09-25 15:46:04,555 [INFO]  -> [RHIM.NS] Bypassed status. Failed strict quantitative thresholds.
2026-09-25 15:46:05,348 [INFO]  -> [ROSSARI.NS] Bypassed status. Failed strict quantitative thresholds.
2026-09-25 15:46:06,149 [INFO]  -> [ROUTE.NS] Bypassed status. Failed strict quantitative thresholds.
2026-09-25 15:46:06,999 [INFO]  -> [SAIL.NS] Bypassed status. Failed strict quantitative thresholds.
2026-09-25 15:46:07,795 [INFO]  -> [SANDHAR.NS] Bypassed status. Failed strict quantitative thresholds.
2026-09-25 15:46:08,621 [INFO]  -> [SANOFI.NS] Bypassed status. Failed strict quantitative thresholds.
2026-09-25 15:46:09,528 [INFO]  -> [SCHAEFFLER.NS] Bypassed status. Failed strict quantitative thresholds.
2026-09-25 15:46:10,364 [INFO]  -> [SCI.NS] Bypassed status. Failed strict quantitative thresholds.
2026-09-25 15:46:11,160 [INFO]  -> [SFL.NS] Bypassed status. Failed strict quantitative thresholds.
2026-09-25 15:46:11,975 [INFO]  -> [SHAKTIPUMP.NS] Bypassed status. Failed strict quantitative thresholds.
2026-09-25 15:46:12,837 [INFO]  -> [SHANTIGEAR.NS] Bypassed status. Failed strict quantitative thresholds.
2026-09-25 15:46:13,654 [INFO]  -> [SHARDACROP.NS] Bypassed status. Failed strict quantitative thresholds.
2026-09-25 15:46:14,476 [INFO]  -> [SHILPAMED.NS] Bypassed status. Failed strict quantitative thresholds.
2026-09-25 15:46:15,315 [INFO]  -> [SHYAMMETL.NS] Bypassed status. Failed strict quantitative thresholds.
2026-09-25 15:46:16,144 [INFO]  -> [SIEMENS.NS] Bypassed status. Failed strict quantitative thresholds.
2026-09-25 15:46:16,942 [INFO]  -> [SIS.NS] Bypassed status. Failed strict quantitative thresholds.
2026-09-25 15:46:17,767 [INFO]  -> [SJVN.NS] Bypassed status. Failed strict quantitative thresholds.
2026-09-25 15:46:18,586 [INFO]  -> [SKFINDIA.NS] Bypassed status. Failed strict quantitative thresholds.
2026-09-25 15:46:19,395 [INFO]  -> [SKIPPER.NS] Bypassed status. Failed strict quantitative thresholds.
2026-09-25 15:46:20,219 [INFO]  -> [SOBHA.NS] Bypassed status. Failed strict quantitative thresholds.
2026-09-25 15:46:21,025 [INFO]  -> [SOLARINDS.NS] Bypassed status. Failed strict quantitative thresholds.
2026-09-25 15:46:21,813 [INFO]  -> [SONACOMS.NS] Golden Rule Satisfied... Dispatching alerts...
2026-09-25 15:46:22,408 [INFO]  ✓ Telegram text alert delivered successfully via bot for SONACOMS!
2026-09-25 15:46:23,970 [INFO]  ✓ Telegram visual card delivered successfully to phone for SONACOMS!
2026-09-25 15:46:24,755 [INFO]  -> [SPARC.NS] Golden Rule Satisfied... Dispatching alerts...
2026-09-25 15:46:25,344 [INFO]  ✓ Telegram text alert delivered successfully via bot for SPARC!
2026-09-25 15:46:26,788 [INFO]  ✓ Telegram visual card delivered successfully to phone for SPARC!
2026-09-25 15:46:27,611 [INFO]  -> [SRF.NS] Bypassed status. Failed strict quantitative thresholds.
2026-09-25 15:46:28,398 [INFO]  -> [STYLAMIND.NS] Golden Rule Satisfied... Dispatching alerts...
2026-09-25 15:46:28,994 [INFO]  ✓ Telegram text alert delivered successfully via bot for STYLAMIND!
2026-09-25 15:46:30,524 [INFO]  ✓ Telegram visual card delivered successfully to phone for STYLAMIND!
2026-09-25 15:46:31,361 [INFO]  -> [SUBROS.NS] Bypassed status. Failed strict quantitative thresholds.
2026-09-25 15:46:32,189 [INFO]  -> [SUDARSCHEM.NS] Bypassed status. Failed strict quantitative thresholds.
2026-09-25 15:46:32,991 [INFO]  -> [SUMICHEM.NS] Bypassed status. Failed strict quantitative thresholds.
2026-09-25 15:46:33,818 [INFO]  -> [SUNDRMFAST.NS] Bypassed status. Failed strict quantitative thresholds.
2026-09-25 15:46:34,711 [INFO]  -> [SUNPHARMA.NS] Bypassed status. Failed strict quantitative thresholds.
2026-09-25 15:46:35,518 [INFO]  -> [SUNTECK.NS] Bypassed status. Failed strict quantitative thresholds.
2026-09-25 15:46:36,338 [INFO]  -> [SUPRAJIT.NS] Bypassed status. Failed strict quantitative thresholds.
2026-09-25 15:46:37,158 [INFO]  -> [SUPREMEIND.NS] Bypassed status. Failed strict quantitative thresholds.
2026-09-25 15:46:37,941 [INFO]  -> [SUPRIYA.NS] Bypassed status. Failed strict quantitative thresholds.
2026-09-25 15:46:38,770 [INFO]  -> [SYMPHONY.NS] Bypassed status. Failed strict quantitative thresholds.
2026-09-25 15:46:39,573 [INFO]  -> [SYNGENE.NS] Bypassed status. Failed strict quantitative thresholds.
2026-09-25 15:46:40,414 [INFO]  -> [TARIL.NS] Bypassed status. Failed strict quantitative thresholds.
2026-09-25 15:46:41,307 [INFO]  -> [TATACHEM.NS] Bypassed status. Failed strict quantitative thresholds.
2026-09-25 15:46:42,129 [INFO]  -> [TATACONSUM.NS] Bypassed status. Failed strict quantitative thresholds.
2026-09-25 15:46:42,959 [INFO]  -> [TATASTEEL.NS] Bypassed status. Failed strict quantitative thresholds.
2026-09-25 15:46:43,884 [INFO]  -> [TCI.NS] Bypassed status. Failed strict quantitative thresholds.
2026-09-25 15:46:44,689 [INFO]  -> [TCIEXP.NS] Bypassed status. Failed strict quantitative thresholds.
2026-09-25 15:46:45,484 [INFO]  -> [TEJASNET.NS] Bypassed status. Failed strict quantitative thresholds.
2026-09-25 15:46:46,299 [INFO]  -> [TEXRAIL.NS] Golden Rule Satisfied... Dispatching alerts...
2026-09-25 15:46:46,896 [INFO]  ✓ Telegram text alert delivered successfully via bot for TEXRAIL!
2026-09-25 15:46:48,465 [INFO]  ✓ Telegram visual card delivered successfully to phone for TEXRAIL!
2026-09-25 15:46:49,297 [INFO]  -> [THERMAX.NS] Bypassed status. Failed strict quantitative thresholds.
2026-09-25 15:46:50,120 [INFO]  -> [THYROCARE.NS] Bypassed status. Failed strict quantitative thresholds.
2026-09-25 15:46:51,072 [INFO]  -> [TIINDIA.NS] Bypassed status. Failed strict quantitative thresholds.
2026-09-25 15:46:51,895 [INFO]  -> [TIMETECHNO.NS] Bypassed status. Failed strict quantitative thresholds.
2026-09-25 15:46:52,704 [INFO]  -> [TIMKEN.NS] Bypassed status. Failed strict quantitative thresholds.
2026-09-25 15:46:53,535 [INFO]  -> [TRIDENT.NS] Bypassed status. Failed strict quantitative thresholds.
2026-09-25 15:46:54,358 [INFO]  -> [TRITURBINE.NS] Bypassed status. Failed strict quantitative thresholds.
2026-09-25 15:46:55,196 [INFO]  -> [TTKPRESTIG.NS] Bypassed status. Failed strict quantitative thresholds.
2026-09-25 15:46:56,013 [INFO]  -> [UNICHEMLAB.NS] Golden Rule Satisfied... Dispatching alerts...
2026-09-25 15:46:56,628 [INFO]  ✓ Telegram text alert delivered successfully via bot for UNICHEMLAB!
2026-09-25 15:46:58,265 [INFO]  ✓ Telegram visual card delivered successfully to phone for UNICHEMLAB!
2026-09-25 15:46:59,084 [INFO]  -> [UNOMINDA.NS] Bypassed status. Failed strict quantitative thresholds.
2026-09-25 15:46:59,907 [INFO]  -> [UPL.NS] Bypassed status. Failed strict quantitative thresholds.
2026-09-25 15:47:00,781 [INFO]  -> [VAIBHAVGBL.NS] Bypassed status. Failed strict quantitative thresholds.
2026-09-25 15:47:01,578 [INFO]  -> [VARROC.NS] Bypassed status. Failed strict quantitative thresholds.
2026-09-25 15:47:02,387 [INFO]  -> [VBL.NS] Bypassed status. Failed strict quantitative thresholds.
2026-09-25 15:47:03,229 [INFO]  -> [VEDL.NS] Bypassed status. Failed strict quantitative thresholds.
2026-09-25 15:47:04,047 [INFO]  -> [VGUARD.NS] Bypassed status. Failed strict quantitative thresholds.
2026-09-25 15:47:04,995 [INFO]  -> [VIJAYA.NS] Golden Rule Satisfied... Dispatching alerts...
2026-09-25 15:47:05,553 [INFO]  ✓ Telegram text alert delivered successfully via bot for VIJAYA!
2026-09-25 15:47:07,040 [INFO]  ✓ Telegram visual card delivered successfully to phone for VIJAYA!
2026-09-25 15:47:07,856 [INFO]  -> [VINATIORGA.NS] Bypassed status. Failed strict quantitative thresholds.
2026-09-25 15:47:08,688 [INFO]  -> [VIPIND.NS] Bypassed status. Failed strict quantitative thresholds.
2026-09-25 15:47:09,651 [INFO]  -> [VMART.NS] Bypassed status. Failed strict quantitative thresholds.
2026-09-25 15:47:10,464 [INFO]  -> [VOLTAS.NS] Bypassed status. Failed strict quantitative thresholds.
2026-09-25 15:47:11,348 [INFO]  -> [VTL.NS] Bypassed status. Failed strict quantitative thresholds.
2026-09-25 15:47:12,162 [INFO]  -> [WELCORP.NS] Bypassed status. Failed strict quantitative thresholds.
2026-09-25 15:47:13,025 [INFO]  -> [WELSPUNLIV.NS] Bypassed status. Failed strict quantitative thresholds.
2026-09-25 15:47:13,830 [INFO]  -> [WHIRLPOOL.NS] Bypassed status. Failed strict quantitative thresholds.
2026-09-25 15:47:14,704 [INFO]  -> [WOCKPHARMA.NS] Bypassed status. Failed strict quantitative thresholds.
2026-09-25 15:47:15,492 [INFO]  -> [YUKEN.NS] Bypassed status. Failed strict quantitative thresholds.
2026-09-25 15:47:16,306 [INFO]  -> [ZFCVINDIA.NS] Bypassed status. Failed strict quantitative thresholds.
2026-09-25 15:47:17,136 [INFO]  -> [ZYDUSLIFE.NS] Bypassed status. Failed strict quantitative thresholds.
2026-09-25 15:47:17,949 [INFO]  -> [ZYDUSWELL.NS] Bypassed status. Failed strict quantitative thresholds.
2026-09-25 15:47:18,450 [INFO] [Complete] Quant script loops finished successfully. Overwriting metrics...
2026-09-25 15:47:28,493 [INFO] ✓ Central output matrix overwritten successfully.
2026-09-28 16:20:55,131 [INFO] =================================================================
2026-09-28 16:20:55,131 [INFO] RUNNING CONSOLIDATED SYSTEM SCRIPTS
2026-09-28 16:20:55,132 [INFO] =================================================================
2026-09-28 16:20:55,795 [INFO]  -> [AARTIDRUGS.NS] Bypassed status. Failed strict quantitative thresholds.
2026-09-28 16:20:56,560 [INFO]  -> [ACE.NS] Bypassed status. Failed strict quantitative thresholds.
2026-09-28 16:20:57,291 [INFO]  -> [AFFLE.NS] Bypassed status. Failed strict quantitative thresholds.
2026-09-28 16:20:58,158 [INFO]  -> [AIAENG.NS] Bypassed status. Failed strict quantitative thresholds.
2026-09-28 16:20:58,906 [INFO]  -> [ALKYLAMINE.NS] Bypassed status. Failed strict quantitative thresholds.
2026-09-28 16:20:59,623 [INFO]  -> [ALLCARGO.NS] Bypassed status. Failed strict quantitative thresholds.
2026-09-28 16:21:00,305 [INFO]  -> [AMBER.NS] Bypassed status. Failed strict quantitative thresholds.
2026-09-28 16:21:01,095 [INFO]  -> [AMBUJACEM.NS] Bypassed status. Failed strict quantitative thresholds.
2026-09-28 16:21:01,952 [INFO]  -> [ANANTRAJ.NS] Bypassed status. Failed strict quantitative thresholds.
2026-09-28 16:21:02,651 [INFO]  -> [ANURAS.NS] Bypassed status. Failed strict quantitative thresholds.
2026-09-28 16:21:03,397 [INFO]  -> [APLAPOLLO.NS] Bypassed status. Failed strict quantitative thresholds.
2026-09-28 16:21:04,119 [INFO]  -> [APLLTD.NS] Bypassed status. Failed strict quantitative thresholds.
2026-09-28 16:21:04,889 [INFO]  -> [APOLLO.NS] Bypassed status. Failed strict quantitative thresholds.
2026-09-28 16:21:05,682 [INFO]  -> [APOLLOHOSP.NS] Bypassed status. Failed strict quantitative thresholds.
2026-09-28 16:21:06,535 [INFO]  -> [APOLLOTYRE.NS] Bypassed status. Failed strict quantitative thresholds.
2026-09-28 16:21:07,430 [INFO]  -> [ARE&M.NS] Bypassed status. Failed strict quantitative thresholds.
2026-09-28 16:21:08,127 [INFO]  -> [ARTEMISMED.NS] Bypassed status. Failed strict quantitative thresholds.
2026-09-28 16:21:08,928 [INFO]  -> [ASAHIINDIA.NS] Bypassed status. Failed strict quantitative thresholds.
2026-09-28 16:21:09,602 [INFO]  -> [ASIANENE.NS] Bypassed status. Failed strict quantitative thresholds.
2026-09-28 16:21:10,421 [INFO]  -> [ASIANPAINT.NS] Bypassed status. Failed strict quantitative thresholds.
2026-09-28 16:21:11,078 [INFO]  -> [ASKAUTOLTD.NS] Bypassed status. Failed strict quantitative thresholds.
2026-09-28 16:21:11,819 [INFO]  -> [ASTRAL.NS] Bypassed status. Failed strict quantitative thresholds.
2026-09-28 16:21:12,547 [INFO]  -> [ASTRAZEN.NS] Bypassed status. Failed strict quantitative thresholds.
2026-09-28 16:21:13,243 [INFO]  -> [ATGL.NS] Bypassed status. Failed strict quantitative thresholds.
2026-09-28 16:21:13,976 [INFO]  -> [ATUL.NS] Bypassed status. Failed strict quantitative thresholds.
2026-09-28 16:21:14,681 [INFO]  -> [AUROPHARMA.NS] Golden Rule Satisfied... Dispatching alerts...
2026-09-28 16:21:15,189 [INFO]  ✓ Telegram text alert delivered successfully via bot for AUROPHARMA!
2026-09-28 16:21:16,079 [INFO]  ✓ Telegram visual card delivered successfully to phone for AUROPHARMA!
2026-09-28 16:21:16,897 [INFO]  -> [AVANTIFEED.NS] Bypassed status. Failed strict quantitative thresholds.
2026-09-28 16:21:17,632 [INFO]  -> [AYMSYNTEX.NS] Bypassed status. Failed strict quantitative thresholds.
2026-09-28 16:21:18,434 [INFO]  -> [BAJAJELEC.NS] Bypassed status. Failed strict quantitative thresholds.
2026-09-28 16:21:19,114 [INFO]  -> [BAJAJHCARE.NS] Bypassed status. Failed strict quantitative thresholds.
2026-09-28 16:21:19,854 [INFO]  -> [BALKRISIND.NS] Bypassed status. Failed strict quantitative thresholds.
2026-09-28 16:21:20,651 [INFO]  -> [BASF.NS] Bypassed status. Failed strict quantitative thresholds.
2026-09-28 16:21:21,461 [INFO]  -> [BATAINDIA.NS] Bypassed status. Failed strict quantitative thresholds.
2026-09-28 16:21:22,222 [INFO]  -> [BAYERCROP.NS] Bypassed status. Failed strict quantitative thresholds.
2026-09-28 16:21:22,951 [INFO]  -> [BBTC.NS] Bypassed status. Failed strict quantitative thresholds.
2026-09-28 16:21:23,675 [INFO]  -> [BECTORFOOD.NS] Bypassed status. Failed strict quantitative thresholds.
2026-09-28 16:21:24,527 [INFO]  -> [BERGEPAINT.NS] Bypassed status. Failed strict quantitative thresholds.
2026-09-28 16:21:25,268 [INFO]  -> [BHARATRAS.NS] Bypassed status. Failed strict quantitative thresholds.
2026-09-28 16:21:25,962 [INFO]  -> [BIKAJI.NS] Bypassed status. Failed strict quantitative thresholds.
2026-09-28 16:21:26,674 [INFO]  -> [BIOCON.NS] Bypassed status. Failed strict quantitative thresholds.
2026-09-28 16:21:27,420 [INFO]  -> [BIRLACORPN.NS] Bypassed status. Failed strict quantitative thresholds.
2026-09-28 16:21:28,144 [INFO]  -> [BLUESTARCO.NS] Bypassed status. Failed strict quantitative thresholds.
2026-09-28 16:21:28,863 [INFO]  -> [BORORENEW.NS] Bypassed status. Failed strict quantitative thresholds.
2026-09-28 16:21:29,567 [INFO]  -> [BRIGADE.NS] Bypassed status. Failed strict quantitative thresholds.
2026-09-28 16:21:30,226 [INFO]  -> [CAMPUS.NS] Bypassed status. Failed strict quantitative thresholds.
2026-09-28 16:21:30,956 [INFO]  -> [CAPLIPOINT.NS] Bypassed status. Failed strict quantitative thresholds.
2026-09-28 16:21:31,702 [INFO]  -> [CARBORUNIV.NS] Bypassed status. Failed strict quantitative thresholds.
2026-09-28 16:21:32,413 [INFO]  -> [CCL.NS] Bypassed status. Failed strict quantitative thresholds.
2026-09-28 16:21:33,150 [INFO]  -> [CEATLTD.NS] Bypassed status. Failed strict quantitative thresholds.
2026-09-28 16:21:33,906 [INFO]  -> [CENTURYPLY.NS] Bypassed status. Failed strict quantitative thresholds.
2026-09-28 16:21:34,764 [INFO]  -> [CERA.NS] Bypassed status. Failed strict quantitative thresholds.
2026-09-28 16:21:35,491 [INFO]  -> [CGPOWER.NS] Bypassed status. Failed strict quantitative thresholds.
2026-09-28 16:21:36,328 [INFO]  -> [CHAMBLFERT.NS] Bypassed status. Failed strict quantitative thresholds.
2026-09-28 16:21:36,988 [INFO]  -> [CHEMPLASTS.NS] Bypassed status. Failed strict quantitative thresholds.
2026-09-28 16:21:37,741 [INFO]  -> [CIPLA.NS] Bypassed status. Failed strict quantitative thresholds.
2026-09-28 16:21:38,612 [INFO]  -> [CLEAN.NS] Bypassed status. Failed strict quantitative thresholds.
2026-09-28 16:21:39,321 [INFO]  -> [COALINDIA.NS] Bypassed status. Failed strict quantitative thresholds.
2026-09-28 16:21:40,014 [INFO]  -> [COCHINSHIP.NS] Bypassed status. Failed strict quantitative thresholds.
2026-09-28 16:21:40,738 [INFO]  -> [COLPAL.NS] Bypassed status. Failed strict quantitative thresholds.
2026-09-28 16:21:41,474 [INFO]  -> [CONCOR.NS] Bypassed status. Failed strict quantitative thresholds.
2026-09-28 16:21:42,215 [INFO]  -> [COSMOFIRST.NS] Bypassed status. Failed strict quantitative thresholds.
2026-09-28 16:21:42,904 [INFO]  -> [CROMPTON.NS] Bypassed status. Failed strict quantitative thresholds.
2026-09-28 16:21:43,730 [INFO]  -> [CYIENT.NS] Bypassed status. Failed strict quantitative thresholds.
2026-09-28 16:21:44,558 [INFO]  -> [DABUR.NS] Bypassed status. Failed strict quantitative thresholds.
2026-09-28 16:21:45,298 [INFO]  -> [DALBHARAT.NS] Bypassed status. Failed strict quantitative thresholds.
2026-09-28 16:21:46,016 [INFO]  -> [DCMSHRIRAM.NS] Bypassed status. Failed strict quantitative thresholds.
2026-09-28 16:21:46,733 [INFO]  -> [DEEPAKFERT.NS] Golden Rule Satisfied... Dispatching alerts...
2026-09-28 16:21:47,218 [INFO]  ✓ Telegram text alert delivered successfully via bot for DEEPAKFERT!
2026-09-28 16:21:48,161 [INFO]  ✓ Telegram visual card delivered successfully to phone for DEEPAKFERT!
2026-09-28 16:21:48,885 [INFO]  -> [DEEPAKNTR.NS] Bypassed status. Failed strict quantitative thresholds.
2026-09-28 16:21:49,545 [INFO]  -> [DELHIVERY.NS] Bypassed status. Failed strict quantitative thresholds.
2026-09-28 16:21:50,256 [INFO]  -> [DHANUKA.NS] Bypassed status. Failed strict quantitative thresholds.
2026-09-28 16:21:51,067 [INFO]  -> [DIVISLAB.NS] Bypassed status. Failed strict quantitative thresholds.
2026-09-28 16:21:51,772 [INFO]  -> [DLF.NS] Bypassed status. Failed strict quantitative thresholds.
2026-09-28 16:21:52,438 [INFO]  -> [DMART.NS] Bypassed status. Failed strict quantitative thresholds.
2026-09-28 16:21:53,220 [INFO]  -> [DOLLAR.NS] Bypassed status. Failed strict quantitative thresholds.
2026-09-28 16:21:53,933 [INFO]  -> [DRREDDY.NS] Bypassed status. Failed strict quantitative thresholds.
2026-09-28 16:21:54,623 [INFO]  -> [DYCL.NS] Bypassed status. Failed strict quantitative thresholds.
2026-09-28 16:21:55,359 [INFO]  -> [ECLERX.NS] Bypassed status. Failed strict quantitative thresholds.
2026-09-28 16:21:56,091 [INFO]  -> [EICHERMOT.NS] Bypassed status. Failed strict quantitative thresholds.
2026-09-28 16:21:56,804 [INFO]  -> [EIDPARRY.NS] Bypassed status. Failed strict quantitative thresholds.
2026-09-28 16:21:57,508 [INFO]  -> [EKC.NS] Bypassed status. Failed strict quantitative thresholds.
2026-09-28 16:21:58,279 [INFO]  -> [ELGIEQUIP.NS] Bypassed status. Failed strict quantitative thresholds.
2026-09-28 16:21:58,980 [INFO]  -> [EMAMILTD.NS] Bypassed status. Failed strict quantitative thresholds.
2026-09-28 16:21:59,655 [INFO]  -> [EMUDHRA.NS] Bypassed status. Failed strict quantitative thresholds.
2026-09-28 16:22:00,340 [INFO]  -> [ENDURANCE.NS] Bypassed status. Failed strict quantitative thresholds.
2026-09-28 16:22:01,098 [INFO]  -> [EPL.NS] Bypassed status. Failed strict quantitative thresholds.
2026-09-28 16:22:01,811 [INFO]  -> [FDC.NS] Bypassed status. Failed strict quantitative thresholds.
2026-09-28 16:22:02,559 [INFO]  -> [FINCABLES.NS] Bypassed status. Failed strict quantitative thresholds.
2026-09-28 16:22:03,711 [INFO]  -> [FINEORG.NS] Bypassed status. Failed strict quantitative thresholds.
2026-09-28 16:22:04,462 [INFO]  -> [FINPIPE.NS] Bypassed status. Failed strict quantitative thresholds.
2026-09-28 16:22:05,157 [INFO]  -> [FLUOROCHEM.NS] Bypassed status. Failed strict quantitative thresholds.
2026-09-28 16:22:05,909 [INFO]  -> [FMGOETZE.NS] Bypassed status. Failed strict quantitative thresholds.
2026-09-28 16:22:06,666 [INFO]  -> [FORTIS.NS] Bypassed status. Failed strict quantitative thresholds.
2026-09-28 16:22:07,409 [INFO]  -> [GABRIEL.NS] Golden Rule Satisfied... Dispatching alerts...
2026-09-28 16:22:07,902 [INFO]  ✓ Telegram text alert delivered successfully via bot for GABRIEL!
2026-09-28 16:22:08,769 [INFO]  ✓ Telegram visual card delivered successfully to phone for GABRIEL!
2026-09-28 16:22:09,488 [INFO]  -> [GAEL.NS] Bypassed status. Failed strict quantitative thresholds.
2026-09-28 16:22:10,238 [INFO]  -> [GAIL.NS] Bypassed status. Failed strict quantitative thresholds.
2026-09-28 16:22:10,926 [INFO]  -> [GALAXYSURF.NS] Bypassed status. Failed strict quantitative thresholds.
2026-09-28 16:22:11,663 [INFO]  -> [GANECOS.NS] Bypassed status. Failed strict quantitative thresholds.
2026-09-28 16:22:12,364 [INFO]  -> [GARFIBRES.NS] Bypassed status. Failed strict quantitative thresholds.
2026-09-28 16:22:13,082 [INFO]  -> [GENESYS.NS] Bypassed status. Failed strict quantitative thresholds.
2026-09-28 16:22:13,750 [INFO]  -> [GHCLTEXTIL.NS] Bypassed status. Failed strict quantitative thresholds.
2026-09-28 16:22:14,465 [INFO]  -> [GLAND.NS] Bypassed status. Failed strict quantitative thresholds.
2026-09-28 16:22:15,185 [INFO]  -> [GLENMARK.NS] Bypassed status. Failed strict quantitative thresholds.
2026-09-28 16:22:15,879 [INFO]  -> [GMMPFAUDLR.NS] Bypassed status. Failed strict quantitative thresholds.
2026-09-28 16:22:16,569 [INFO]  -> [GODREJAGRO.NS] Bypassed status. Failed strict quantitative thresholds.
2026-09-28 16:22:17,316 [INFO]  -> [GODREJCP.NS] Bypassed status. Failed strict quantitative thresholds.
2026-09-28 16:22:18,010 [INFO]  -> [GOKULAGRO.NS] Bypassed status. Failed strict quantitative thresholds.
2026-09-28 16:22:18,766 [INFO]  -> [GOODLUCK.NS] Bypassed status. Failed strict quantitative thresholds.
2026-09-28 16:22:19,514 [INFO]  -> [GPPL.NS] Bypassed status. Failed strict quantitative thresholds.
2026-09-28 16:22:20,261 [INFO]  -> [GRANULES.NS] Bypassed status. Failed strict quantitative thresholds.
2026-09-28 16:22:21,024 [INFO]  -> [GRAPHITE.NS] Bypassed status. Failed strict quantitative thresholds.
2026-09-28 16:22:21,702 [INFO]  -> [GREENPANEL.NS] Bypassed status. Failed strict quantitative thresholds.
2026-09-28 16:22:22,446 [INFO]  -> [GRINDWELL.NS] Bypassed status. Failed strict quantitative thresholds.
2026-09-28 16:22:23,170 [INFO]  -> [GRWRHITECH.NS] Bypassed status. Failed strict quantitative thresholds.
2026-09-28 16:22:24,092 [INFO]  -> [GUJALKALI.NS] Bypassed status. Failed strict quantitative thresholds.
2026-09-28 16:22:24,675 [INFO]  -> [GUJGASLTD.NS] Bypassed status. Failed strict quantitative thresholds.
2026-09-28 16:22:25,383 [INFO]  -> [GVT&D.NS] Bypassed status. Failed strict quantitative thresholds.
2026-09-28 16:22:26,123 [INFO]  -> [HARDWYN.NS] Bypassed status. Failed strict quantitative thresholds.
2026-09-28 16:22:26,882 [INFO]  -> [HAVELLS.NS] Bypassed status. Failed strict quantitative thresholds.
2026-09-28 16:22:27,640 [INFO]  -> [HEG.NS] Bypassed status. Failed strict quantitative thresholds.
2026-09-28 16:22:28,581 [INFO]  -> [HERANBA.NS] Bypassed status. Failed strict quantitative thresholds.
2026-09-28 16:22:29,297 [INFO]  -> [HEROMOTOCO.NS] Bypassed status. Failed strict quantitative thresholds.
2026-09-28 16:22:29,985 [INFO]  -> [HFCL.NS] Bypassed status. Failed strict quantitative thresholds.
2026-09-28 16:22:30,744 [INFO]  -> [HIKAL.NS] Bypassed status. Failed strict quantitative thresholds.
2026-09-28 16:22:31,506 [INFO]  -> [HINDALCO.NS] Golden Rule Satisfied... Dispatching alerts...
2026-09-28 16:22:31,989 [INFO]  ✓ Telegram text alert delivered successfully via bot for HINDALCO!
2026-09-28 16:22:32,848 [INFO]  ✓ Telegram visual card delivered successfully to phone for HINDALCO!
2026-09-28 16:22:33,628 [INFO]  -> [HINDCOPPER.NS] Bypassed status. Failed strict quantitative thresholds.
2026-09-28 16:22:34,464 [INFO]  -> [HINDPETRO.NS] Bypassed status. Failed strict quantitative thresholds.
2026-09-28 16:22:35,242 [INFO]  -> [HINDUNILVR.NS] Bypassed status. Failed strict quantitative thresholds.
2026-09-28 16:22:35,925 [INFO]  -> [HLEGLAS.NS] Bypassed status. Failed strict quantitative thresholds.
2026-09-28 16:22:36,508 [INFO]  -> [IBREALEST.NS] Bypassed status. Failed strict quantitative thresholds.
2026-09-28 16:22:37,178 [INFO]  -> [IFBIND.NS] Bypassed status. Failed strict quantitative thresholds.
2026-09-28 16:22:38,041 [INFO]  -> [IGL.NS] Bypassed status. Failed strict quantitative thresholds.
2026-09-28 16:22:38,719 [INFO]  -> [INDIGOPNTS.NS] Bypassed status. Failed strict quantitative thresholds.
2026-09-28 16:22:39,450 [INFO]  -> [INDNIPPON.NS] Bypassed status. Failed strict quantitative thresholds.
2026-09-28 16:22:40,573 [INFO]  -> [INDOCO.NS] Bypassed status. Failed strict quantitative thresholds.
2026-09-28 16:22:41,289 [INFO]  -> [INDUSTOWER.NS] Bypassed status. Failed strict quantitative thresholds.
2026-09-28 16:22:41,970 [INFO]  -> [INNOVACAP.NS] Bypassed status. Failed strict quantitative thresholds.
2026-09-28 16:22:42,701 [INFO]  -> [IOC.NS] Bypassed status. Failed strict quantitative thresholds.
2026-09-28 16:22:43,423 [INFO]  -> [IPCALAB.NS] Bypassed status. Failed strict quantitative thresholds.
2026-09-28 16:22:44,094 [INFO]  -> [IPL.NS] Bypassed status. Failed strict quantitative thresholds.
2026-09-28 16:22:44,808 [INFO]  -> [ISGEC.NS] Bypassed status. Failed strict quantitative thresholds.
2026-09-28 16:22:45,497 [INFO]  -> [ITI.NS] Bypassed status. Failed strict quantitative thresholds.
2026-09-28 16:22:46,228 [INFO]  -> [JAMNAAUTO.NS] Bypassed status. Failed strict quantitative thresholds.
2026-09-28 16:22:47,091 [INFO]  -> [JINDALSAW.NS] Bypassed status. Failed strict quantitative thresholds.
2026-09-28 16:22:47,817 [INFO]  -> [JINDALSTEL.NS] Golden Rule Satisfied... Dispatching alerts...
2026-09-28 16:22:48,291 [INFO]  ✓ Telegram text alert delivered successfully via bot for JINDALSTEL!
2026-09-28 16:22:49,172 [INFO]  ✓ Telegram visual card delivered successfully to phone for JINDALSTEL!
2026-09-28 16:22:49,943 [INFO]  -> [JKIL.NS] Bypassed status. Failed strict quantitative thresholds.
2026-09-28 16:22:50,653 [INFO]  -> [JKLAKSHMI.NS] Bypassed status. Failed strict quantitative thresholds.
2026-09-28 16:22:51,372 [INFO]  -> [JSL.NS] Bypassed status. Failed strict quantitative thresholds.
2026-09-28 16:22:52,072 [INFO]  -> [JSWENERGY.NS] Bypassed status. Failed strict quantitative thresholds.
2026-09-28 16:22:52,755 [INFO]  -> [JUBLINGREA.NS] Bypassed status. Failed strict quantitative thresholds.
2026-09-28 16:22:53,467 [INFO]  -> [JUBLPHARMA.NS] Bypassed status. Failed strict quantitative thresholds.
2026-09-28 16:22:54,175 [INFO]  -> [KAJARIACER.NS] Bypassed status. Failed strict quantitative thresholds.
2026-09-28 16:22:54,758 [INFO]  -> [KALPATPOWR.NS] Bypassed status. Failed strict quantitative thresholds.
2026-09-28 16:22:55,498 [INFO]  -> [KANSAINER.NS] Bypassed status. Failed strict quantitative thresholds.
2026-09-28 16:22:56,210 [INFO]  -> [KEI.NS] Bypassed status. Failed strict quantitative thresholds.
2026-09-28 16:22:56,792 [INFO]  -> [KEPL.NS] Bypassed status. Failed strict quantitative thresholds.
2026-09-28 16:22:57,456 [INFO]  -> [KIMS.NS] Bypassed status. Failed strict quantitative thresholds.
2026-09-28 16:22:58,165 [INFO]  -> [KIRLOSBROS.NS] Bypassed status. Failed strict quantitative thresholds.
2026-09-28 16:22:58,872 [INFO]  -> [KIRLPNU.NS] Bypassed status. Failed strict quantitative thresholds.
2026-09-28 16:22:59,597 [INFO]  -> [KPITTECH.NS] Bypassed status. Failed strict quantitative thresholds.
2026-09-28 16:23:00,302 [INFO]  -> [KPRMILL.NS] Bypassed status. Failed strict quantitative thresholds.
2026-09-28 16:23:01,024 [INFO]  -> [KRBL.NS] Bypassed status. Failed strict quantitative thresholds.
2026-09-28 16:23:01,735 [INFO]  -> [KRSNAA.NS] Bypassed status. Failed strict quantitative thresholds.
2026-09-28 16:23:02,437 [INFO]  -> [LALPATHLAB.NS] Bypassed status. Failed strict quantitative thresholds.
2026-09-28 16:23:03,124 [INFO]  -> [LAURUSLABS.NS] Bypassed status. Failed strict quantitative thresholds.
2026-09-28 16:23:03,830 [INFO]  -> [LGBBROSLTD.NS] Bypassed status. Failed strict quantitative thresholds.
2026-09-28 16:23:04,554 [INFO]  -> [LIKHITHA.NS] Bypassed status. Failed strict quantitative thresholds.
2026-09-28 16:23:05,249 [INFO]  -> [LINC.NS] Bypassed status. Failed strict quantitative thresholds.
2026-09-28 16:23:05,974 [INFO]  -> [LINDEINDIA.NS] Bypassed status. Failed strict quantitative thresholds.
2026-09-28 16:23:06,669 [INFO]  -> [LLOYDSENGG.NS] Bypassed status. Failed strict quantitative thresholds.
2026-09-28 16:23:07,389 [INFO]  -> [LODHA.NS] Bypassed status. Failed strict quantitative thresholds.
2026-09-28 16:23:08,133 [INFO]  -> [LUMAXTECH.NS] Golden Rule Satisfied... Dispatching alerts...
2026-09-28 16:23:08,616 [INFO]  ✓ Telegram text alert delivered successfully via bot for LUMAXTECH!
2026-09-28 16:23:09,476 [INFO]  ✓ Telegram visual card delivered successfully to phone for LUMAXTECH!
2026-09-28 16:23:10,215 [INFO]  -> [LUPIN.NS] Bypassed status. Failed strict quantitative thresholds.
2026-09-28 16:23:11,313 [INFO]  -> [LUXIND.NS] Bypassed status. Failed strict quantitative thresholds.
2026-09-28 16:23:12,034 [INFO]  -> [LXCHEM.NS] Bypassed status. Failed strict quantitative thresholds.
2026-09-28 16:23:12,792 [INFO]  -> [MAHLOG.NS] Golden Rule Satisfied... Dispatching alerts...
2026-09-28 16:23:13,259 [INFO]  ✓ Telegram text alert delivered successfully via bot for MAHLOG!
2026-09-28 16:23:14,155 [INFO]  ✓ Telegram visual card delivered successfully to phone for MAHLOG!
2026-09-28 16:23:14,834 [INFO]  -> [MANKIND.NS] Bypassed status. Failed strict quantitative thresholds.
2026-09-28 16:23:15,498 [INFO]  -> [MANYAVAR.NS] Bypassed status. Failed strict quantitative thresholds.
2026-09-28 16:23:16,244 [INFO]  -> [MARICO.NS] Bypassed status. Failed strict quantitative thresholds.
2026-09-28 16:23:16,940 [INFO]  -> [MARINE.NS] Golden Rule Satisfied... Dispatching alerts...
2026-09-28 16:23:17,419 [INFO]  ✓ Telegram text alert delivered successfully via bot for MARINE!
2026-09-28 16:23:18,286 [INFO]  ✓ Telegram visual card delivered successfully to phone for MARINE!
2026-09-28 16:23:19,000 [INFO]  -> [MARKSANS.NS] Golden Rule Satisfied... Dispatching alerts...
2026-09-28 16:23:19,468 [INFO]  ✓ Telegram text alert delivered successfully via bot for MARKSANS!
2026-09-28 16:23:20,357 [INFO]  ✓ Telegram visual card delivered successfully to phone for MARKSANS!
2026-09-28 16:23:21,063 [INFO]  -> [MARUTI.NS] Bypassed status. Failed strict quantitative thresholds.
2026-09-28 16:23:21,743 [INFO]  -> [MAXHEALTH.NS] Bypassed status. Failed strict quantitative thresholds.
2026-09-28 16:23:22,405 [INFO]  -> [MEDANTA.NS] Bypassed status. Failed strict quantitative thresholds.
2026-09-28 16:23:23,062 [INFO]  -> [MEDPLUS.NS] Bypassed status. Failed strict quantitative thresholds.
2026-09-28 16:23:23,728 [INFO]  -> [METROBRAND.NS] Bypassed status. Failed strict quantitative thresholds.
2026-09-28 16:23:24,457 [INFO]  -> [METROPOLIS.NS] Bypassed status. Failed strict quantitative thresholds.
2026-09-28 16:23:25,157 [INFO]  -> [MGL.NS] Bypassed status. Failed strict quantitative thresholds.
2026-09-28 16:23:25,871 [INFO]  -> [MINDACORP.NS] Bypassed status. Failed strict quantitative thresholds.
2026-09-28 16:23:26,575 [INFO]  -> [MMTC.NS] Bypassed status. Failed strict quantitative thresholds.
2026-09-28 16:23:27,295 [INFO]  -> [MOIL.NS] Bypassed status. Failed strict quantitative thresholds.
2026-09-28 16:23:28,023 [INFO]  -> [MONTECARLO.NS] Bypassed status. Failed strict quantitative thresholds.
2026-09-28 16:23:28,820 [INFO]  -> [MOTHERSON.NS] Bypassed status. Failed strict quantitative thresholds.
2026-09-28 16:23:29,515 [INFO]  -> [MSUMI.NS] Bypassed status. Failed strict quantitative thresholds.
2026-09-28 16:23:30,259 [INFO]  -> [NATCOPHARM.NS] Bypassed status. Failed strict quantitative thresholds.
2026-09-28 16:23:31,398 [INFO]  -> [NATIONALUM.NS] Bypassed status. Failed strict quantitative thresholds.
2026-09-28 16:23:32,068 [INFO]  -> [NAZARA.NS] Bypassed status. Failed strict quantitative thresholds.
2026-09-28 16:23:33,257 [INFO]  -> [NOCIL.NS] Bypassed status. Failed strict quantitative thresholds.
2026-09-28 16:23:33,965 [INFO]  -> [NRBBEARING.NS] Bypassed status. Failed strict quantitative thresholds.
2026-09-28 16:23:34,656 [INFO]  -> [NUVOCO.NS] Bypassed status. Failed strict quantitative thresholds.
2026-09-28 16:23:35,342 [INFO]  -> [NYKAA.NS] Bypassed status. Failed strict quantitative thresholds.
2026-09-28 16:23:36,092 [INFO]  -> [OAL.NS] Bypassed status. Failed strict quantitative thresholds.
2026-09-28 16:23:36,795 [INFO]  -> [OBEROIRLTY.NS] Bypassed status. Failed strict quantitative thresholds.
2026-09-28 16:23:37,518 [INFO]  -> [OIL.NS] Bypassed status. Failed strict quantitative thresholds.
2026-09-28 16:23:38,238 [INFO]  -> [OLECTRA.NS] Golden Rule Satisfied... Dispatching alerts...
2026-09-28 16:23:38,726 [INFO]  ✓ Telegram text alert delivered successfully via bot for OLECTRA!
2026-09-28 16:23:39,582 [INFO]  ✓ Telegram visual card delivered successfully to phone for OLECTRA!
2026-09-28 16:23:40,371 [INFO]  -> [ONGC.NS] Bypassed status. Failed strict quantitative thresholds.
2026-09-28 16:23:41,071 [INFO]  -> [ORIENTELEC.NS] Bypassed status. Failed strict quantitative thresholds.
2026-09-28 16:23:41,776 [INFO]  -> [PAGEIND.NS] Bypassed status. Failed strict quantitative thresholds.
2026-09-28 16:23:42,571 [INFO]  -> [PCBL.NS] Bypassed status. Failed strict quantitative thresholds.
2026-09-28 16:23:43,280 [INFO]  -> [PDMJEPAPER.NS] Bypassed status. Failed strict quantitative thresholds.
2026-09-28 16:23:43,957 [INFO]  -> [PDSL.NS] Bypassed status. Failed strict quantitative thresholds.
2026-09-28 16:23:44,692 [INFO]  -> [PERSISTENT.NS] Bypassed status. Failed strict quantitative thresholds.
2026-09-28 16:23:45,399 [INFO]  -> [PFIZER.NS] Bypassed status. Failed strict quantitative thresholds.
2026-09-28 16:23:46,179 [INFO]  -> [PGHH.NS] Bypassed status. Failed strict quantitative thresholds.
2026-09-28 16:23:46,895 [INFO]  -> [PGHL.NS] Bypassed status. Failed strict quantitative thresholds.
2026-09-28 16:23:47,614 [INFO]  -> [PHOENIXLTD.NS] Golden Rule Satisfied... Dispatching alerts...
2026-09-28 16:23:48,080 [INFO]  ✓ Telegram text alert delivered successfully via bot for PHOENIXLTD!
2026-09-28 16:23:48,965 [INFO]  ✓ Telegram visual card delivered successfully to phone for PHOENIXLTD!
2026-09-28 16:23:49,700 [INFO]  -> [PIDILITIND.NS] Bypassed status. Failed strict quantitative thresholds.
2026-09-28 16:23:50,426 [INFO]  -> [PIIND.NS] Bypassed status. Failed strict quantitative thresholds.
2026-09-28 16:23:51,105 [INFO]  -> [PIXTRANS.NS] Bypassed status. Failed strict quantitative thresholds.
2026-09-28 16:23:51,834 [INFO]  -> [PNCINFRA.NS] Bypassed status. Failed strict quantitative thresholds.
2026-09-28 16:23:52,535 [INFO]  -> [POCL.NS] Bypassed status. Failed strict quantitative thresholds.
2026-09-28 16:23:53,672 [INFO]  -> [POKARNA.NS] Bypassed status. Failed strict quantitative thresholds.
2026-09-28 16:23:54,394 [INFO]  -> [POLYCAB.NS] Bypassed status. Failed strict quantitative thresholds.
2026-09-28 16:23:55,093 [INFO]  -> [POLYMED.NS] Bypassed status. Failed strict quantitative thresholds.
2026-09-28 16:23:55,944 [INFO]  -> [POLYPLEX.NS] Bypassed status. Failed strict quantitative thresholds.
2026-09-28 16:23:56,647 [INFO]  -> [POWERINDIA.NS] Bypassed status. Failed strict quantitative thresholds.
2026-09-28 16:23:57,313 [INFO]  -> [PPLPHARMA.NS] Bypassed status. Failed strict quantitative thresholds.
2026-09-28 16:23:58,097 [INFO]  -> [PRESTIGE.NS] Bypassed status. Failed strict quantitative thresholds.
2026-09-28 16:23:58,873 [INFO]  -> [PRINCEPIPE.NS] Bypassed status. Failed strict quantitative thresholds.
2026-09-28 16:23:59,556 [INFO]  -> [QUESS.NS] Bypassed status. Failed strict quantitative thresholds.
2026-09-28 16:24:00,698 [INFO]  -> [RAILTEL.NS] Bypassed status. Failed strict quantitative thresholds.
2026-09-28 16:24:01,426 [INFO]  -> [RAJESHEXPO.NS] Bypassed status. Failed strict quantitative thresholds.
2026-09-28 16:24:02,175 [INFO]  -> [RALLIS.NS] Bypassed status. Failed strict quantitative thresholds.
2026-09-28 16:24:03,089 [INFO]  -> [RAMCOCEM.NS] Bypassed status. Failed strict quantitative thresholds.
2026-09-28 16:24:03,854 [INFO]  -> [RATNAMANI.NS] Bypassed status. Failed strict quantitative thresholds.
2026-09-28 16:24:04,557 [INFO]  -> [RBA.NS] Bypassed status. Failed strict quantitative thresholds.
2026-09-28 16:24:05,317 [INFO]  -> [RCF.NS] Bypassed status. Failed strict quantitative thresholds.
2026-09-28 16:24:06,054 [INFO]  -> [REDINGTON.NS] Bypassed status. Failed strict quantitative thresholds.
2026-09-28 16:24:06,848 [INFO]  -> [RELAXO.NS] Bypassed status. Failed strict quantitative thresholds.
2026-09-28 16:24:07,602 [INFO]  -> [RELIANCE.NS] Bypassed status. Failed strict quantitative thresholds.
2026-09-28 16:24:08,359 [INFO]  -> [RELINFRA.NS] Bypassed status. Failed strict quantitative thresholds.
2026-09-28 16:24:09,116 [INFO]  -> [RESPONIND.NS] Bypassed status. Failed strict quantitative thresholds.
2026-09-28 16:24:09,816 [INFO]  -> [RHIM.NS] Bypassed status. Failed strict quantitative thresholds.
2026-09-28 16:24:10,500 [INFO]  -> [ROSSARI.NS] Bypassed status. Failed strict quantitative thresholds.
2026-09-28 16:24:11,184 [INFO]  -> [ROUTE.NS] Bypassed status. Failed strict quantitative thresholds.
2026-09-28 16:24:12,123 [INFO]  -> [SAIL.NS] Bypassed status. Failed strict quantitative thresholds.
2026-09-28 16:24:12,864 [INFO]  -> [SANDHAR.NS] Bypassed status. Failed strict quantitative thresholds.
2026-09-28 16:24:13,578 [INFO]  -> [SANOFI.NS] Bypassed status. Failed strict quantitative thresholds.
2026-09-28 16:24:14,343 [INFO]  -> [SCHAEFFLER.NS] Bypassed status. Failed strict quantitative thresholds.
2026-09-28 16:24:15,122 [INFO]  -> [SCI.NS] Bypassed status. Failed strict quantitative thresholds.
2026-09-28 16:24:16,240 [INFO]  -> [SFL.NS] Bypassed status. Failed strict quantitative thresholds.
2026-09-28 16:24:16,950 [INFO]  -> [SHAKTIPUMP.NS] Bypassed status. Failed strict quantitative thresholds.
2026-09-28 16:24:17,685 [INFO]  -> [SHANTIGEAR.NS] Bypassed status. Failed strict quantitative thresholds.
2026-09-28 16:24:18,452 [INFO]  -> [SHARDACROP.NS] Bypassed status. Failed strict quantitative thresholds.
2026-09-28 16:24:19,195 [INFO]  -> [SHILPAMED.NS] Bypassed status. Failed strict quantitative thresholds.
2026-09-28 16:24:19,892 [INFO]  -> [SHYAMMETL.NS] Bypassed status. Failed strict quantitative thresholds.
2026-09-28 16:24:20,644 [INFO]  -> [SIEMENS.NS] Bypassed status. Failed strict quantitative thresholds.
2026-09-28 16:24:21,335 [INFO]  -> [SIS.NS] Bypassed status. Failed strict quantitative thresholds.
2026-09-28 16:24:22,053 [INFO]  -> [SJVN.NS] Bypassed status. Failed strict quantitative thresholds.
2026-09-28 16:24:22,791 [INFO]  -> [SKFINDIA.NS] Bypassed status. Failed strict quantitative thresholds.
2026-09-28 16:24:23,913 [INFO]  -> [SKIPPER.NS] Bypassed status. Failed strict quantitative thresholds.
2026-09-28 16:24:24,664 [INFO]  -> [SOBHA.NS] Bypassed status. Failed strict quantitative thresholds.
2026-09-28 16:24:25,367 [INFO]  -> [SOLARINDS.NS] Bypassed status. Failed strict quantitative thresholds.
2026-09-28 16:24:26,110 [INFO]  -> [SONACOMS.NS] Golden Rule Satisfied... Dispatching alerts...
2026-09-28 16:24:26,594 [INFO]  ✓ Telegram text alert delivered successfully via bot for SONACOMS!
2026-09-28 16:24:27,473 [INFO]  ✓ Telegram visual card delivered successfully to phone for SONACOMS!
2026-09-28 16:24:28,151 [INFO]  -> [SPARC.NS] Golden Rule Satisfied... Dispatching alerts...
2026-09-28 16:24:28,634 [INFO]  ✓ Telegram text alert delivered successfully via bot for SPARC!
2026-09-28 16:24:30,356 [INFO]  ✓ Telegram visual card delivered successfully to phone for SPARC!
2026-09-28 16:24:31,101 [INFO]  -> [SRF.NS] Bypassed status. Failed strict quantitative thresholds.
2026-09-28 16:24:31,773 [INFO]  -> [STYLAMIND.NS] Golden Rule Satisfied... Dispatching alerts...
2026-09-28 16:24:32,267 [INFO]  ✓ Telegram text alert delivered successfully via bot for STYLAMIND!
2026-09-28 16:24:33,500 [INFO]  ✓ Telegram visual card delivered successfully to phone for STYLAMIND!
2026-09-28 16:24:34,217 [INFO]  -> [SUBROS.NS] Bypassed status. Failed strict quantitative thresholds.
2026-09-28 16:24:34,968 [INFO]  -> [SUDARSCHEM.NS] Bypassed status. Failed strict quantitative thresholds.
2026-09-28 16:24:35,691 [INFO]  -> [SUMICHEM.NS] Bypassed status. Failed strict quantitative thresholds.
2026-09-28 16:24:36,418 [INFO]  -> [SUNDRMFAST.NS] Bypassed status. Failed strict quantitative thresholds.
2026-09-28 16:24:37,180 [INFO]  -> [SUNPHARMA.NS] Bypassed status. Failed strict quantitative thresholds.
2026-09-28 16:24:37,953 [INFO]  -> [SUNTECK.NS] Bypassed status. Failed strict quantitative thresholds.
2026-09-28 16:24:38,721 [INFO]  -> [SUPRAJIT.NS] Bypassed status. Failed strict quantitative thresholds.
2026-09-28 16:24:39,472 [INFO]  -> [SUPREMEIND.NS] Bypassed status. Failed strict quantitative thresholds.
2026-09-28 16:24:40,155 [INFO]  -> [SUPRIYA.NS] Bypassed status. Failed strict quantitative thresholds.
2026-09-28 16:24:40,903 [INFO]  -> [SYMPHONY.NS] Bypassed status. Failed strict quantitative thresholds.
2026-09-28 16:24:41,678 [INFO]  -> [SYNGENE.NS] Bypassed status. Failed strict quantitative thresholds.
2026-09-28 16:24:42,389 [INFO]  -> [TARIL.NS] Bypassed status. Failed strict quantitative thresholds.
2026-09-28 16:24:43,118 [INFO]  -> [TATACHEM.NS] Bypassed status. Failed strict quantitative thresholds.
2026-09-28 16:24:43,850 [INFO]  -> [TATACONSUM.NS] Bypassed status. Failed strict quantitative thresholds.
2026-09-28 16:24:44,568 [INFO]  -> [TATASTEEL.NS] Bypassed status. Failed strict quantitative thresholds.
2026-09-28 16:24:45,294 [INFO]  -> [TCI.NS] Bypassed status. Failed strict quantitative thresholds.
2026-09-28 16:24:46,012 [INFO]  -> [TCIEXP.NS] Bypassed status. Failed strict quantitative thresholds.
2026-09-28 16:24:46,724 [INFO]  -> [TEJASNET.NS] Bypassed status. Failed strict quantitative thresholds.
2026-09-28 16:24:47,466 [INFO]  -> [TEXRAIL.NS] Golden Rule Satisfied... Dispatching alerts...
2026-09-28 16:24:47,953 [INFO]  ✓ Telegram text alert delivered successfully via bot for TEXRAIL!
2026-09-28 16:24:48,812 [INFO]  ✓ Telegram visual card delivered successfully to phone for TEXRAIL!
2026-09-28 16:24:49,556 [INFO]  -> [THERMAX.NS] Bypassed status. Failed strict quantitative thresholds.
2026-09-28 16:24:50,308 [INFO]  -> [THYROCARE.NS] Bypassed status. Failed strict quantitative thresholds.
2026-09-28 16:24:51,019 [INFO]  -> [TIINDIA.NS] Bypassed status. Failed strict quantitative thresholds.
2026-09-28 16:24:51,727 [INFO]  -> [TIMETECHNO.NS] Bypassed status. Failed strict quantitative thresholds.
2026-09-28 16:24:52,439 [INFO]  -> [TIMKEN.NS] Bypassed status. Failed strict quantitative thresholds.
2026-09-28 16:24:53,147 [INFO]  -> [TRIDENT.NS] Bypassed status. Failed strict quantitative thresholds.
2026-09-28 16:24:53,853 [INFO]  -> [TRITURBINE.NS] Bypassed status. Failed strict quantitative thresholds.
2026-09-28 16:24:54,613 [INFO]  -> [TTKPRESTIG.NS] Bypassed status. Failed strict quantitative thresholds.
2026-09-28 16:24:55,326 [INFO]  -> [UNICHEMLAB.NS] Golden Rule Satisfied... Dispatching alerts...
2026-09-28 16:24:55,858 [INFO]  ✓ Telegram text alert delivered successfully via bot for UNICHEMLAB!
2026-09-28 16:24:56,730 [INFO]  ✓ Telegram visual card delivered successfully to phone for UNICHEMLAB!
2026-09-28 16:24:57,464 [INFO]  -> [UNOMINDA.NS] Bypassed status. Failed strict quantitative thresholds.
2026-09-28 16:24:58,212 [INFO]  -> [UPL.NS] Bypassed status. Failed strict quantitative thresholds.
2026-09-28 16:24:58,958 [INFO]  -> [VAIBHAVGBL.NS] Bypassed status. Failed strict quantitative thresholds.
2026-09-28 16:24:59,690 [INFO]  -> [VARROC.NS] Bypassed status. Failed strict quantitative thresholds.
2026-09-28 16:25:00,410 [INFO]  -> [VBL.NS] Bypassed status. Failed strict quantitative thresholds.
2026-09-28 16:25:01,158 [INFO]  -> [VEDL.NS] Bypassed status. Failed strict quantitative thresholds.
2026-09-28 16:25:01,902 [INFO]  -> [VGUARD.NS] Bypassed status. Failed strict quantitative thresholds.
2026-09-28 16:25:02,580 [INFO]  -> [VIJAYA.NS] Golden Rule Satisfied... Dispatching alerts...
2026-09-28 16:25:03,081 [INFO]  ✓ Telegram text alert delivered successfully via bot for VIJAYA!
2026-09-28 16:25:03,947 [INFO]  ✓ Telegram visual card delivered successfully to phone for VIJAYA!
2026-09-28 16:25:04,661 [INFO]  -> [VINATIORGA.NS] Bypassed status. Failed strict quantitative thresholds.
2026-09-28 16:25:05,536 [INFO]  -> [VIPIND.NS] Bypassed status. Failed strict quantitative thresholds.
2026-09-28 16:25:06,334 [INFO]  -> [VMART.NS] Bypassed status. Failed strict quantitative thresholds.
2026-09-28 16:25:07,059 [INFO]  -> [VOLTAS.NS] Bypassed status. Failed strict quantitative thresholds.
2026-09-28 16:25:07,814 [INFO]  -> [VTL.NS] Bypassed status. Failed strict quantitative thresholds.
2026-09-28 16:25:08,573 [INFO]  -> [WELCORP.NS] Bypassed status. Failed strict quantitative thresholds.
2026-09-28 16:25:09,273 [INFO]  -> [WELSPUNLIV.NS] Bypassed status. Failed strict quantitative thresholds.
2026-09-28 16:25:09,990 [INFO]  -> [WHIRLPOOL.NS] Bypassed status. Failed strict quantitative thresholds.
2026-09-28 16:25:10,691 [INFO]  -> [WOCKPHARMA.NS] Bypassed status. Failed strict quantitative thresholds.
2026-09-28 16:25:11,386 [INFO]  -> [YUKEN.NS] Bypassed status. Failed strict quantitative thresholds.
2026-09-28 16:25:12,115 [INFO]  -> [ZFCVINDIA.NS] Bypassed status. Failed strict quantitative thresholds.
2026-09-28 16:25:12,943 [INFO]  -> [ZYDUSLIFE.NS] Bypassed status. Failed strict quantitative thresholds.
2026-09-28 16:25:13,684 [INFO]  -> [ZYDUSWELL.NS] Bypassed status. Failed strict quantitative thresholds.
2026-09-28 16:25:14,185 [INFO] [Complete] Quant script loops finished successfully. Overwriting metrics...
2026-09-28 16:25:24,342 [INFO] ✓ Central output matrix overwritten successfully.
2026-09-28 18:20:02,712 [INFO] =================================================================
2026-09-28 18:20:02,712 [INFO] RUNNING CONSOLIDATED SYSTEM SCRIPTS
2026-09-28 18:20:02,712 [INFO] =================================================================
2026-09-28 18:20:02,795 [INFO]  -> [AARTIDRUGS.NS] Bypassed status. Failed strict quantitative thresholds.
2026-09-28 18:20:03,380 [INFO]  -> [ACE.NS] Bypassed status. Failed strict quantitative thresholds.
2026-09-28 18:20:03,950 [INFO]  -> [AFFLE.NS] Bypassed status. Failed strict quantitative thresholds.
2026-09-28 18:20:04,520 [INFO]  -> [AIAENG.NS] Bypassed status. Failed strict quantitative thresholds.
2026-09-28 18:20:05,090 [INFO]  -> [ALKYLAMINE.NS] Bypassed status. Failed strict quantitative thresholds.
2026-09-28 18:20:05,661 [INFO]  -> [ALLCARGO.NS] Bypassed status. Failed strict quantitative thresholds.
2026-09-28 18:20:06,228 [INFO]  -> [AMBER.NS] Bypassed status. Failed strict quantitative thresholds.
2026-09-28 18:20:06,798 [INFO]  -> [AMBUJACEM.NS] Bypassed status. Failed strict quantitative thresholds.
2026-09-28 18:20:07,367 [INFO]  -> [ANANTRAJ.NS] Bypassed status. Failed strict quantitative thresholds.
2026-09-28 18:20:07,934 [INFO]  -> [ANURAS.NS] Bypassed status. Failed strict quantitative thresholds.
2026-09-28 18:20:08,507 [INFO]  -> [APLAPOLLO.NS] Bypassed status. Failed strict quantitative thresholds.
2026-09-28 18:20:09,083 [INFO]  -> [APLLTD.NS] Bypassed status. Failed strict quantitative thresholds.
2026-09-28 18:20:09,691 [INFO]  -> [APOLLO.NS] Bypassed status. Failed strict quantitative thresholds.
2026-09-28 18:20:10,286 [INFO]  -> [APOLLOHOSP.NS] Bypassed status. Failed strict quantitative thresholds.
2026-09-28 18:20:10,855 [INFO]  -> [APOLLOTYRE.NS] Bypassed status. Failed strict quantitative thresholds.
2026-09-28 18:20:11,425 [INFO]  -> [ARE&M.NS] Bypassed status. Failed strict quantitative thresholds.
2026-09-28 18:20:11,995 [INFO]  -> [ARTEMISMED.NS] Bypassed status. Failed strict quantitative thresholds.
2026-09-28 18:20:12,564 [INFO]  -> [ASAHIINDIA.NS] Bypassed status. Failed strict quantitative thresholds.
2026-09-28 18:20:13,123 [INFO]  -> [ASIANENE.NS] Bypassed status. Failed strict quantitative thresholds.
2026-09-28 18:20:13,693 [INFO]  -> [ASIANPAINT.NS] Bypassed status. Failed strict quantitative thresholds.
2026-09-28 18:20:14,235 [INFO]  -> [ASKAUTOLTD.NS] Bypassed status. Failed strict quantitative thresholds.
2026-09-28 18:20:14,806 [INFO]  -> [ASTRAL.NS] Bypassed status. Failed strict quantitative thresholds.
2026-09-28 18:20:15,374 [INFO]  -> [ASTRAZEN.NS] Bypassed status. Failed strict quantitative thresholds.
2026-09-28 18:20:15,943 [INFO]  -> [ATGL.NS] Bypassed status. Failed strict quantitative thresholds.
2026-09-28 18:20:16,510 [INFO]  -> [ATUL.NS] Bypassed status. Failed strict quantitative thresholds.
2026-09-28 18:20:17,080 [INFO]  -> [AUROPHARMA.NS] Golden Rule Satisfied... Dispatching alerts...
2026-09-28 18:20:17,711 [INFO]  ✓ Telegram text alert delivered successfully via bot for AUROPHARMA!
2026-09-28 18:20:18,798 [INFO]  ✓ Telegram visual card delivered successfully to phone for AUROPHARMA!
2026-09-28 18:20:19,373 [INFO]  -> [AVANTIFEED.NS] Bypassed status. Failed strict quantitative thresholds.
2026-09-28 18:20:19,942 [INFO]  -> [AYMSYNTEX.NS] Bypassed status. Failed strict quantitative thresholds.
2026-09-28 18:20:20,513 [INFO]  -> [BAJAJELEC.NS] Bypassed status. Failed strict quantitative thresholds.
2026-09-28 18:20:21,073 [INFO]  -> [BAJAJHCARE.NS] Bypassed status. Failed strict quantitative thresholds.
2026-09-28 18:20:21,643 [INFO]  -> [BALKRISIND.NS] Bypassed status. Failed strict quantitative thresholds.
2026-09-28 18:20:22,212 [INFO]  -> [BASF.NS] Bypassed status. Failed strict quantitative thresholds.
2026-09-28 18:20:22,782 [INFO]  -> [BATAINDIA.NS] Bypassed status. Failed strict quantitative thresholds.
2026-09-28 18:20:23,354 [INFO]  -> [BAYERCROP.NS] Bypassed status. Failed strict quantitative thresholds.
2026-09-28 18:20:23,924 [INFO]  -> [BBTC.NS] Bypassed status. Failed strict quantitative thresholds.
2026-09-28 18:20:24,499 [INFO]  -> [BECTORFOOD.NS] Bypassed status. Failed strict quantitative thresholds.
2026-09-28 18:20:25,070 [INFO]  -> [BERGEPAINT.NS] Bypassed status. Failed strict quantitative thresholds.
2026-09-28 18:20:25,640 [INFO]  -> [BHARATRAS.NS] Bypassed status. Failed strict quantitative thresholds.
2026-09-28 18:20:26,190 [INFO]  -> [BIKAJI.NS] Bypassed status. Failed strict quantitative thresholds.
2026-09-28 18:20:26,760 [INFO]  -> [BIOCON.NS] Bypassed status. Failed strict quantitative thresholds.
2026-09-28 18:20:27,333 [INFO]  -> [BIRLACORPN.NS] Bypassed status. Failed strict quantitative thresholds.
2026-09-28 18:20:27,903 [INFO]  -> [BLUESTARCO.NS] Bypassed status. Failed strict quantitative thresholds.
2026-09-28 18:20:28,473 [INFO]  -> [BORORENEW.NS] Bypassed status. Failed strict quantitative thresholds.
2026-09-28 18:20:29,044 [INFO]  -> [BRIGADE.NS] Bypassed status. Failed strict quantitative thresholds.
2026-09-28 18:20:29,600 [INFO]  -> [CAMPUS.NS] Bypassed status. Failed strict quantitative thresholds.
2026-09-28 18:20:30,169 [INFO]  -> [CAPLIPOINT.NS] Bypassed status. Failed strict quantitative thresholds.
2026-09-28 18:20:30,739 [INFO]  -> [CARBORUNIV.NS] Bypassed status. Failed strict quantitative thresholds.
2026-09-28 18:20:31,309 [INFO]  -> [CCL.NS] Bypassed status. Failed strict quantitative thresholds.
2026-09-28 18:20:31,879 [INFO]  -> [CEATLTD.NS] Bypassed status. Failed strict quantitative thresholds.
2026-09-28 18:20:32,451 [INFO]  -> [CENTURYPLY.NS] Bypassed status. Failed strict quantitative thresholds.
2026-09-28 18:20:33,019 [INFO]  -> [CERA.NS] Bypassed status. Failed strict quantitative thresholds.
2026-09-28 18:20:33,588 [INFO]  -> [CGPOWER.NS] Bypassed status. Failed strict quantitative thresholds.
2026-09-28 18:20:34,159 [INFO]  -> [CHAMBLFERT.NS] Bypassed status. Failed strict quantitative thresholds.
2026-09-28 18:20:34,721 [INFO]  -> [CHEMPLASTS.NS] Bypassed status. Failed strict quantitative thresholds.
2026-09-28 18:20:35,291 [INFO]  -> [CIPLA.NS] Bypassed status. Failed strict quantitative thresholds.
2026-09-28 18:20:35,855 [INFO]  -> [CLEAN.NS] Bypassed status. Failed strict quantitative thresholds.
2026-09-28 18:20:36,425 [INFO]  -> [COALINDIA.NS] Bypassed status. Failed strict quantitative thresholds.
2026-09-28 18:20:36,996 [INFO]  -> [COCHINSHIP.NS] Bypassed status. Failed strict quantitative thresholds.
2026-09-28 18:20:37,566 [INFO]  -> [COLPAL.NS] Bypassed status. Failed strict quantitative thresholds.
2026-09-28 18:20:38,137 [INFO]  -> [CONCOR.NS] Bypassed status. Failed strict quantitative thresholds.
2026-09-28 18:20:38,708 [INFO]  -> [COSMOFIRST.NS] Bypassed status. Failed strict quantitative thresholds.
2026-09-28 18:20:39,278 [INFO]  -> [CROMPTON.NS] Bypassed status. Failed strict quantitative thresholds.
2026-09-28 18:20:39,848 [INFO]  -> [CYIENT.NS] Bypassed status. Failed strict quantitative thresholds.
2026-09-28 18:20:40,419 [INFO]  -> [DABUR.NS] Bypassed status. Failed strict quantitative thresholds.
2026-09-28 18:20:40,989 [INFO]  -> [DALBHARAT.NS] Bypassed status. Failed strict quantitative thresholds.
2026-09-28 18:20:41,719 [INFO]  -> [DCMSHRIRAM.NS] Bypassed status. Failed strict quantitative thresholds.
2026-09-28 18:20:42,288 [INFO]  -> [DEEPAKFERT.NS] Golden Rule Satisfied... Dispatching alerts...
2026-09-28 18:20:42,817 [INFO]  ✓ Telegram text alert delivered successfully via bot for DEEPAKFERT!
2026-09-28 18:20:43,811 [INFO]  ✓ Telegram visual card delivered successfully to phone for DEEPAKFERT!
2026-09-28 18:20:44,381 [INFO]  -> [DEEPAKNTR.NS] Bypassed status. Failed strict quantitative thresholds.
2026-09-28 18:20:44,936 [INFO]  -> [DELHIVERY.NS] Bypassed status. Failed strict quantitative thresholds.
2026-09-28 18:20:45,506 [INFO]  -> [DHANUKA.NS] Bypassed status. Failed strict quantitative thresholds.
2026-09-28 18:20:46,074 [INFO]  -> [DIVISLAB.NS] Bypassed status. Failed strict quantitative thresholds.
2026-09-28 18:20:46,644 [INFO]  -> [DLF.NS] Bypassed status. Failed strict quantitative thresholds.
2026-09-28 18:20:47,212 [INFO]  -> [DMART.NS] Bypassed status. Failed strict quantitative thresholds.
2026-09-28 18:20:47,782 [INFO]  -> [DOLLAR.NS] Bypassed status. Failed strict quantitative thresholds.
2026-09-28 18:20:48,354 [INFO]  -> [DRREDDY.NS] Bypassed status. Failed strict quantitative thresholds.
2026-09-28 18:20:48,908 [INFO]  -> [DYCL.NS] Bypassed status. Failed strict quantitative thresholds.
2026-09-28 18:20:49,479 [INFO]  -> [ECLERX.NS] Bypassed status. Failed strict quantitative thresholds.
2026-09-28 18:20:50,048 [INFO]  -> [EICHERMOT.NS] Bypassed status. Failed strict quantitative thresholds.
2026-09-28 18:20:50,618 [INFO]  -> [EIDPARRY.NS] Bypassed status. Failed strict quantitative thresholds.
2026-09-28 18:20:51,189 [INFO]  -> [EKC.NS] Bypassed status. Failed strict quantitative thresholds.
2026-09-28 18:20:51,759 [INFO]  -> [ELGIEQUIP.NS] Bypassed status. Failed strict quantitative thresholds.
2026-09-28 18:20:52,328 [INFO]  -> [EMAMILTD.NS] Bypassed status. Failed strict quantitative thresholds.
2026-09-28 18:20:52,883 [INFO]  -> [EMUDHRA.NS] Bypassed status. Failed strict quantitative thresholds.
2026-09-28 18:20:53,453 [INFO]  -> [ENDURANCE.NS] Bypassed status. Failed strict quantitative thresholds.
2026-09-28 18:20:54,024 [INFO]  -> [EPL.NS] Bypassed status. Failed strict quantitative thresholds.
2026-09-28 18:20:54,612 [INFO]  -> [FDC.NS] Bypassed status. Failed strict quantitative thresholds.
2026-09-28 18:20:55,182 [INFO]  -> [FINCABLES.NS] Bypassed status. Failed strict quantitative thresholds.
2026-09-28 18:20:55,751 [INFO]  -> [FINEORG.NS] Bypassed status. Failed strict quantitative thresholds.
2026-09-28 18:20:56,323 [INFO]  -> [FINPIPE.NS] Bypassed status. Failed strict quantitative thresholds.
2026-09-28 18:20:56,892 [INFO]  -> [FLUOROCHEM.NS] Bypassed status. Failed strict quantitative thresholds.
2026-09-28 18:20:57,468 [INFO]  -> [FMGOETZE.NS] Bypassed status. Failed strict quantitative thresholds.
2026-09-28 18:20:58,038 [INFO]  -> [FORTIS.NS] Bypassed status. Failed strict quantitative thresholds.
2026-09-28 18:20:58,608 [INFO]  -> [GABRIEL.NS] Golden Rule Satisfied... Dispatching alerts...
2026-09-28 18:20:59,161 [INFO]  ✓ Telegram text alert delivered successfully via bot for GABRIEL!
2026-09-28 18:21:00,183 [INFO]  ✓ Telegram visual card delivered successfully to phone for GABRIEL!
2026-09-28 18:21:00,757 [INFO]  -> [GAEL.NS] Bypassed status. Failed strict quantitative thresholds.
2026-09-28 18:21:01,330 [INFO]  -> [GAIL.NS] Bypassed status. Failed strict quantitative thresholds.
2026-09-28 18:21:01,900 [INFO]  -> [GALAXYSURF.NS] Bypassed status. Failed strict quantitative thresholds.
2026-09-28 18:21:02,470 [INFO]  -> [GANECOS.NS] Bypassed status. Failed strict quantitative thresholds.
2026-09-28 18:21:03,042 [INFO]  -> [GARFIBRES.NS] Bypassed status. Failed strict quantitative thresholds.
2026-09-28 18:21:03,611 [INFO]  -> [GENESYS.NS] Bypassed status. Failed strict quantitative thresholds.
2026-09-28 18:21:04,156 [INFO]  -> [GHCLTEXTIL.NS] Bypassed status. Failed strict quantitative thresholds.
2026-09-28 18:21:04,725 [INFO]  -> [GLAND.NS] Bypassed status. Failed strict quantitative thresholds.
2026-09-28 18:21:05,296 [INFO]  -> [GLENMARK.NS] Bypassed status. Failed strict quantitative thresholds.
2026-09-28 18:21:05,866 [INFO]  -> [GMMPFAUDLR.NS] Bypassed status. Failed strict quantitative thresholds.
2026-09-28 18:21:06,437 [INFO]  -> [GODREJAGRO.NS] Bypassed status. Failed strict quantitative thresholds.
2026-09-28 18:21:07,007 [INFO]  -> [GODREJCP.NS] Bypassed status. Failed strict quantitative thresholds.
2026-09-28 18:21:07,578 [INFO]  -> [GOKULAGRO.NS] Bypassed status. Failed strict quantitative thresholds.
2026-09-28 18:21:08,150 [INFO]  -> [GOODLUCK.NS] Bypassed status. Failed strict quantitative thresholds.
2026-09-28 18:21:08,722 [INFO]  -> [GPPL.NS] Bypassed status. Failed strict quantitative thresholds.
2026-09-28 18:21:09,292 [INFO]  -> [GRANULES.NS] Bypassed status. Failed strict quantitative thresholds.
2026-09-28 18:21:09,862 [INFO]  -> [GRAPHITE.NS] Bypassed status. Failed strict quantitative thresholds.
2026-09-28 18:21:10,443 [INFO]  -> [GREENPANEL.NS] Bypassed status. Failed strict quantitative thresholds.
2026-09-28 18:21:11,012 [INFO]  -> [GRINDWELL.NS] Bypassed status. Failed strict quantitative thresholds.
2026-09-28 18:21:11,570 [INFO]  -> [GRWRHITECH.NS] Bypassed status. Failed strict quantitative thresholds.
2026-09-28 18:21:13,221 [INFO]  -> [GUJALKALI.NS] Bypassed status. Failed strict quantitative thresholds.
2026-09-28 18:21:13,810 [INFO]  -> [GUJGASLTD.NS] Bypassed status. Failed strict quantitative thresholds.
2026-09-28 18:21:14,389 [INFO]  -> [GVT&D.NS] Bypassed status. Failed strict quantitative thresholds.
2026-09-28 18:21:14,948 [INFO]  -> [HARDWYN.NS] Bypassed status. Failed strict quantitative thresholds.
2026-09-28 18:21:15,518 [INFO]  -> [HAVELLS.NS] Bypassed status. Failed strict quantitative thresholds.
2026-09-28 18:21:16,296 [ERROR] $HEG.NS: possibly delisted; no price data found  (1d 2026-09-26 -> 2026-09-28)
2026-09-28 18:21:16,297 [ERROR] 
1 Failed download:
2026-09-28 18:21:16,297 [ERROR] ['HEG.NS']: possibly delisted; no price data found  (1d 2026-09-26 -> 2026-09-28)
2026-09-28 18:21:16,369 [INFO]  -> [HEG.NS] Bypassed status. Failed strict quantitative thresholds.
2026-09-28 18:21:16,937 [INFO]  -> [HERANBA.NS] Bypassed status. Failed strict quantitative thresholds.
2026-09-28 18:21:17,506 [INFO]  -> [HEROMOTOCO.NS] Bypassed status. Failed strict quantitative thresholds.
2026-09-28 18:21:18,077 [INFO]  -> [HFCL.NS] Bypassed status. Failed strict quantitative thresholds.
2026-09-28 18:21:18,648 [INFO]  -> [HIKAL.NS] Bypassed status. Failed strict quantitative thresholds.
2026-09-28 18:21:19,218 [INFO]  -> [HINDALCO.NS] Golden Rule Satisfied... Dispatching alerts...
2026-09-28 18:21:19,794 [INFO]  ✓ Telegram text alert delivered successfully via bot for HINDALCO!
2026-09-28 18:21:20,756 [INFO]  ✓ Telegram visual card delivered successfully to phone for HINDALCO!
2026-09-28 18:21:21,328 [INFO]  -> [HINDCOPPER.NS] Bypassed status. Failed strict quantitative thresholds.
2026-09-28 18:21:21,900 [INFO]  -> [HINDPETRO.NS] Bypassed status. Failed strict quantitative thresholds.
2026-09-28 18:21:22,470 [INFO]  -> [HINDUNILVR.NS] Bypassed status. Failed strict quantitative thresholds.
2026-09-28 18:21:23,039 [INFO]  -> [HLEGLAS.NS] Bypassed status. Failed strict quantitative thresholds.
2026-09-28 18:21:23,628 [INFO]  -> [IBREALEST.NS] Bypassed status. Failed strict quantitative thresholds.
2026-09-28 18:21:24,198 [INFO]  -> [IFBIND.NS] Bypassed status. Failed strict quantitative thresholds.
2026-09-28 18:21:24,769 [INFO]  -> [IGL.NS] Bypassed status. Failed strict quantitative thresholds.
2026-09-28 18:21:25,337 [INFO]  -> [INDIGOPNTS.NS] Bypassed status. Failed strict quantitative thresholds.
2026-09-28 18:21:25,907 [INFO]  -> [INDNIPPON.NS] Bypassed status. Failed strict quantitative thresholds.
2026-09-28 18:21:26,477 [INFO]  -> [INDOCO.NS] Bypassed status. Failed strict quantitative thresholds.
2026-09-28 18:21:27,048 [INFO]  -> [INDUSTOWER.NS] Bypassed status. Failed strict quantitative thresholds.
2026-09-28 18:21:27,589 [INFO]  -> [INNOVACAP.NS] Bypassed status. Failed strict quantitative thresholds.
2026-09-28 18:21:28,161 [INFO]  -> [IOC.NS] Bypassed status. Failed strict quantitative thresholds.
2026-09-28 18:21:28,732 [INFO]  -> [IPCALAB.NS] Bypassed status. Failed strict quantitative thresholds.
2026-09-28 18:21:29,297 [INFO]  -> [IPL.NS] Bypassed status. Failed strict quantitative thresholds.
2026-09-28 18:21:29,864 [INFO]  -> [ISGEC.NS] Bypassed status. Failed strict quantitative thresholds.
2026-09-28 18:21:30,434 [INFO]  -> [ITI.NS] Bypassed status. Failed strict quantitative thresholds.
2026-09-28 18:21:31,005 [INFO]  -> [JAMNAAUTO.NS] Bypassed status. Failed strict quantitative thresholds.
2026-09-28 18:21:31,827 [INFO]  -> [JINDALSAW.NS] Bypassed status. Failed strict quantitative thresholds.
2026-09-28 18:21:32,398 [INFO]  -> [JINDALSTEL.NS] Golden Rule Satisfied... Dispatching alerts...
2026-09-28 18:21:32,948 [INFO]  ✓ Telegram text alert delivered successfully via bot for JINDALSTEL!
2026-09-28 18:21:33,939 [INFO]  ✓ Telegram visual card delivered successfully to phone for JINDALSTEL!
2026-09-28 18:21:34,511 [INFO]  -> [JKIL.NS] Bypassed status. Failed strict quantitative thresholds.
2026-09-28 18:21:35,081 [INFO]  -> [JKLAKSHMI.NS] Bypassed status. Failed strict quantitative thresholds.
2026-09-28 18:21:35,652 [INFO]  -> [JSL.NS] Bypassed status. Failed strict quantitative thresholds.
2026-09-28 18:21:36,222 [INFO]  -> [JSWENERGY.NS] Bypassed status. Failed strict quantitative thresholds.
2026-09-28 18:21:36,790 [INFO]  -> [JUBLINGREA.NS] Bypassed status. Failed strict quantitative thresholds.
2026-09-28 18:21:37,361 [INFO]  -> [JUBLPHARMA.NS] Bypassed status. Failed strict quantitative thresholds.
2026-09-28 18:21:37,931 [INFO]  -> [KAJARIACER.NS] Bypassed status. Failed strict quantitative thresholds.
2026-09-28 18:21:38,520 [INFO]  -> [KALPATPOWR.NS] Bypassed status. Failed strict quantitative thresholds.
2026-09-28 18:21:39,092 [INFO]  -> [KANSAINER.NS] Bypassed status. Failed strict quantitative thresholds.
2026-09-28 18:21:39,661 [INFO]  -> [KEI.NS] Bypassed status. Failed strict quantitative thresholds.
2026-09-28 18:21:40,257 [INFO]  -> [KEPL.NS] Bypassed status. Failed strict quantitative thresholds.
2026-09-28 18:21:40,823 [INFO]  -> [KIMS.NS] Bypassed status. Failed strict quantitative thresholds.
2026-09-28 18:21:41,392 [INFO]  -> [KIRLOSBROS.NS] Bypassed status. Failed strict quantitative thresholds.
2026-09-28 18:21:41,938 [INFO]  -> [KIRLPNU.NS] Bypassed status. Failed strict quantitative thresholds.
2026-09-28 18:21:42,508 [INFO]  -> [KPITTECH.NS] Bypassed status. Failed strict quantitative thresholds.
2026-09-28 18:21:43,079 [INFO]  -> [KPRMILL.NS] Bypassed status. Failed strict quantitative thresholds.
2026-09-28 18:21:43,649 [INFO]  -> [KRBL.NS] Bypassed status. Failed strict quantitative thresholds.
2026-09-28 18:21:44,213 [INFO]  -> [KRSNAA.NS] Bypassed status. Failed strict quantitative thresholds.
2026-09-28 18:21:44,785 [INFO]  -> [LALPATHLAB.NS] Bypassed status. Failed strict quantitative thresholds.
2026-09-28 18:21:45,357 [INFO]  -> [LAURUSLABS.NS] Bypassed status. Failed strict quantitative thresholds.
2026-09-28 18:21:45,927 [INFO]  -> [LGBBROSLTD.NS] Bypassed status. Failed strict quantitative thresholds.
2026-09-28 18:21:46,500 [INFO]  -> [LIKHITHA.NS] Bypassed status. Failed strict quantitative thresholds.
2026-09-28 18:21:47,071 [INFO]  -> [LINC.NS] Bypassed status. Failed strict quantitative thresholds.
2026-09-28 18:21:47,639 [INFO]  -> [LINDEINDIA.NS] Bypassed status. Failed strict quantitative thresholds.
2026-09-28 18:21:48,211 [INFO]  -> [LLOYDSENGG.NS] Bypassed status. Failed strict quantitative thresholds.
2026-09-28 18:21:48,782 [INFO]  -> [LODHA.NS] Bypassed status. Failed strict quantitative thresholds.
2026-09-28 18:21:49,352 [INFO]  -> [LUMAXTECH.NS] Golden Rule Satisfied... Dispatching alerts...
2026-09-28 18:21:49,883 [INFO]  ✓ Telegram text alert delivered successfully via bot for LUMAXTECH!
2026-09-28 18:21:50,884 [INFO]  ✓ Telegram visual card delivered successfully to phone for LUMAXTECH!
2026-09-28 18:21:51,456 [INFO]  -> [LUPIN.NS] Bypassed status. Failed strict quantitative thresholds.
2026-09-28 18:21:52,026 [INFO]  -> [LUXIND.NS] Bypassed status. Failed strict quantitative thresholds.
2026-09-28 18:21:52,595 [INFO]  -> [LXCHEM.NS] Bypassed status. Failed strict quantitative thresholds.
2026-09-28 18:21:53,166 [INFO]  -> [MAHLOG.NS] Golden Rule Satisfied... Dispatching alerts...
2026-09-28 18:21:53,723 [INFO]  ✓ Telegram text alert delivered successfully via bot for MAHLOG!
2026-09-28 18:21:54,735 [INFO]  ✓ Telegram visual card delivered successfully to phone for MAHLOG!
2026-09-28 18:21:55,282 [INFO]  -> [MANKIND.NS] Bypassed status. Failed strict quantitative thresholds.
2026-09-28 18:21:55,841 [INFO]  -> [MANYAVAR.NS] Bypassed status. Failed strict quantitative thresholds.
2026-09-28 18:21:56,412 [INFO]  -> [MARICO.NS] Bypassed status. Failed strict quantitative thresholds.
2026-09-28 18:21:56,983 [INFO]  -> [MARINE.NS] Golden Rule Satisfied... Dispatching alerts...
2026-09-28 18:21:57,556 [INFO]  ✓ Telegram text alert delivered successfully via bot for MARINE!
2026-09-28 18:21:58,545 [INFO]  ✓ Telegram visual card delivered successfully to phone for MARINE!
2026-09-28 18:21:59,117 [INFO]  -> [MARKSANS.NS] Golden Rule Satisfied... Dispatching alerts...
2026-09-28 18:21:59,670 [INFO]  ✓ Telegram text alert delivered successfully via bot for MARKSANS!
2026-09-28 18:22:00,659 [INFO]  ✓ Telegram visual card delivered successfully to phone for MARKSANS!
2026-09-28 18:22:01,229 [INFO]  -> [MARUTI.NS] Bypassed status. Failed strict quantitative thresholds.
2026-09-28 18:22:01,800 [INFO]  -> [MAXHEALTH.NS] Bypassed status. Failed strict quantitative thresholds.
2026-09-28 18:22:02,350 [INFO]  -> [MEDANTA.NS] Bypassed status. Failed strict quantitative thresholds.
2026-09-28 18:22:02,910 [INFO]  -> [MEDPLUS.NS] Bypassed status. Failed strict quantitative thresholds.
2026-09-28 18:22:03,470 [INFO]  -> [METROBRAND.NS] Bypassed status. Failed strict quantitative thresholds.
2026-09-28 18:22:04,041 [INFO]  -> [METROPOLIS.NS] Bypassed status. Failed strict quantitative thresholds.
2026-09-28 18:22:04,612 [INFO]  -> [MGL.NS] Bypassed status. Failed strict quantitative thresholds.
2026-09-28 18:22:05,182 [INFO]  -> [MINDACORP.NS] Bypassed status. Failed strict quantitative thresholds.
2026-09-28 18:22:05,753 [INFO]  -> [MMTC.NS] Bypassed status. Failed strict quantitative thresholds.
2026-09-28 18:22:06,324 [INFO]  -> [MOIL.NS] Bypassed status. Failed strict quantitative thresholds.
2026-09-28 18:22:06,894 [INFO]  -> [MONTECARLO.NS] Bypassed status. Failed strict quantitative thresholds.
2026-09-28 18:22:07,467 [INFO]  -> [MOTHERSON.NS] Bypassed status. Failed strict quantitative thresholds.
2026-09-28 18:22:08,027 [INFO]  -> [MSUMI.NS] Bypassed status. Failed strict quantitative thresholds.
2026-09-28 18:22:08,597 [INFO]  -> [NATCOPHARM.NS] Bypassed status. Failed strict quantitative thresholds.
2026-09-28 18:22:09,169 [INFO]  -> [NATIONALUM.NS] Bypassed status. Failed strict quantitative thresholds.
2026-09-28 18:22:09,736 [INFO]  -> [NAZARA.NS] Bypassed status. Failed strict quantitative thresholds.
2026-09-28 18:22:10,307 [INFO]  -> [NOCIL.NS] Bypassed status. Failed strict quantitative thresholds.
2026-09-28 18:22:10,879 [INFO]  -> [NRBBEARING.NS] Bypassed status. Failed strict quantitative thresholds.
2026-09-28 18:22:11,441 [INFO]  -> [NUVOCO.NS] Bypassed status. Failed strict quantitative thresholds.
2026-09-28 18:22:12,004 [INFO]  -> [NYKAA.NS] Bypassed status. Failed strict quantitative thresholds.
2026-09-28 18:22:12,574 [INFO]  -> [OAL.NS] Bypassed status. Failed strict quantitative thresholds.
2026-09-28 18:22:13,144 [INFO]  -> [OBEROIRLTY.NS] Bypassed status. Failed strict quantitative thresholds.
2026-09-28 18:22:13,716 [INFO]  -> [OIL.NS] Bypassed status. Failed strict quantitative thresholds.
2026-09-28 18:22:14,287 [INFO]  -> [OLECTRA.NS] Golden Rule Satisfied... Dispatching alerts...
2026-09-28 18:22:14,846 [INFO]  ✓ Telegram text alert delivered successfully via bot for OLECTRA!
2026-09-28 18:22:15,842 [INFO]  ✓ Telegram visual card delivered successfully to phone for OLECTRA!
2026-09-28 18:22:16,415 [INFO]  -> [ONGC.NS] Bypassed status. Failed strict quantitative thresholds.
2026-09-28 18:22:16,986 [INFO]  -> [ORIENTELEC.NS] Bypassed status. Failed strict quantitative thresholds.
2026-09-28 18:22:17,554 [INFO]  -> [PAGEIND.NS] Bypassed status. Failed strict quantitative thresholds.
2026-09-28 18:22:18,125 [INFO]  -> [PCBL.NS] Bypassed status. Failed strict quantitative thresholds.
2026-09-28 18:22:18,696 [INFO]  -> [PDMJEPAPER.NS] Bypassed status. Failed strict quantitative thresholds.
2026-09-28 18:22:19,267 [INFO]  -> [PDSL.NS] Bypassed status. Failed strict quantitative thresholds.
2026-09-28 18:22:19,837 [INFO]  -> [PERSISTENT.NS] Bypassed status. Failed strict quantitative thresholds.
2026-09-28 18:22:20,405 [INFO]  -> [PFIZER.NS] Bypassed status. Failed strict quantitative thresholds.
2026-09-28 18:22:20,973 [INFO]  -> [PGHH.NS] Bypassed status. Failed strict quantitative thresholds.
2026-09-28 18:22:21,541 [INFO]  -> [PGHL.NS] Bypassed status. Failed strict quantitative thresholds.
2026-09-28 18:22:22,112 [INFO]  -> [PHOENIXLTD.NS] Golden Rule Satisfied... Dispatching alerts...
2026-09-28 18:22:22,690 [INFO]  ✓ Telegram text alert delivered successfully via bot for PHOENIXLTD!
2026-09-28 18:22:23,689 [INFO]  ✓ Telegram visual card delivered successfully to phone for PHOENIXLTD!
2026-09-28 18:22:24,262 [INFO]  -> [PIDILITIND.NS] Bypassed status. Failed strict quantitative thresholds.
2026-09-28 18:22:24,832 [INFO]  -> [PIIND.NS] Bypassed status. Failed strict quantitative thresholds.
2026-09-28 18:22:25,388 [INFO]  -> [PIXTRANS.NS] Bypassed status. Failed strict quantitative thresholds.
2026-09-28 18:22:25,958 [INFO]  -> [PNCINFRA.NS] Bypassed status. Failed strict quantitative thresholds.
2026-09-28 18:22:26,525 [INFO]  -> [POCL.NS] Bypassed status. Failed strict quantitative thresholds.
2026-09-28 18:22:27,095 [INFO]  -> [POKARNA.NS] Bypassed status. Failed strict quantitative thresholds.
2026-09-28 18:22:27,663 [INFO]  -> [POLYCAB.NS] Bypassed status. Failed strict quantitative thresholds.
2026-09-28 18:22:28,233 [INFO]  -> [POLYMED.NS] Bypassed status. Failed strict quantitative thresholds.
2026-09-28 18:22:28,803 [INFO]  -> [POLYPLEX.NS] Bypassed status. Failed strict quantitative thresholds.
2026-09-28 18:22:29,371 [INFO]  -> [POWERINDIA.NS] Bypassed status. Failed strict quantitative thresholds.
2026-09-28 18:22:29,923 [INFO]  -> [PPLPHARMA.NS] Bypassed status. Failed strict quantitative thresholds.
2026-09-28 18:22:30,493 [INFO]  -> [PRESTIGE.NS] Bypassed status. Failed strict quantitative thresholds.
2026-09-28 18:22:31,063 [INFO]  -> [PRINCEPIPE.NS] Bypassed status. Failed strict quantitative thresholds.
2026-09-28 18:22:31,633 [INFO]  -> [QUESS.NS] Bypassed status. Failed strict quantitative thresholds.
2026-09-28 18:22:32,202 [INFO]  -> [RAILTEL.NS] Bypassed status. Failed strict quantitative thresholds.
2026-09-28 18:22:32,773 [INFO]  -> [RAJESHEXPO.NS] Bypassed status. Failed strict quantitative thresholds.
2026-09-28 18:22:33,343 [INFO]  -> [RALLIS.NS] Bypassed status. Failed strict quantitative thresholds.
2026-09-28 18:22:33,915 [INFO]  -> [RAMCOCEM.NS] Bypassed status. Failed strict quantitative thresholds.
2026-09-28 18:22:34,487 [INFO]  -> [RATNAMANI.NS] Bypassed status. Failed strict quantitative thresholds.
2026-09-28 18:22:35,066 [INFO]  -> [RBA.NS] Bypassed status. Failed strict quantitative thresholds.
2026-09-28 18:22:35,638 [INFO]  -> [RCF.NS] Bypassed status. Failed strict quantitative thresholds.
2026-09-28 18:22:36,209 [INFO]  -> [REDINGTON.NS] Bypassed status. Failed strict quantitative thresholds.
2026-09-28 18:22:36,779 [INFO]  -> [RELAXO.NS] Bypassed status. Failed strict quantitative thresholds.
2026-09-28 18:22:37,351 [INFO]  -> [RELIANCE.NS] Bypassed status. Failed strict quantitative thresholds.
2026-09-28 18:22:37,921 [INFO]  -> [RELINFRA.NS] Bypassed status. Failed strict quantitative thresholds.
2026-09-28 18:22:38,507 [INFO]  -> [RESPONIND.NS] Bypassed status. Failed strict quantitative thresholds.
2026-09-28 18:22:39,077 [INFO]  -> [RHIM.NS] Bypassed status. Failed strict quantitative thresholds.
2026-09-28 18:22:39,648 [INFO]  -> [ROSSARI.NS] Bypassed status. Failed strict quantitative thresholds.
2026-09-28 18:22:40,217 [INFO]  -> [ROUTE.NS] Bypassed status. Failed strict quantitative thresholds.
2026-09-28 18:22:40,789 [INFO]  -> [SAIL.NS] Bypassed status. Failed strict quantitative thresholds.
2026-09-28 18:22:41,359 [INFO]  -> [SANDHAR.NS] Bypassed status. Failed strict quantitative thresholds.
2026-09-28 18:22:41,928 [INFO]  -> [SANOFI.NS] Bypassed status. Failed strict quantitative thresholds.
2026-09-28 18:22:42,498 [INFO]  -> [SCHAEFFLER.NS] Bypassed status. Failed strict quantitative thresholds.
2026-09-28 18:22:43,069 [INFO]  -> [SCI.NS] Bypassed status. Failed strict quantitative thresholds.
2026-09-28 18:22:43,641 [INFO]  -> [SFL.NS] Bypassed status. Failed strict quantitative thresholds.
2026-09-28 18:22:44,213 [INFO]  -> [SHAKTIPUMP.NS] Bypassed status. Failed strict quantitative thresholds.
2026-09-28 18:22:44,782 [INFO]  -> [SHANTIGEAR.NS] Bypassed status. Failed strict quantitative thresholds.
2026-09-28 18:22:45,352 [INFO]  -> [SHARDACROP.NS] Bypassed status. Failed strict quantitative thresholds.
2026-09-28 18:22:45,926 [INFO]  -> [SHILPAMED.NS] Bypassed status. Failed strict quantitative thresholds.
2026-09-28 18:22:46,496 [INFO]  -> [SHYAMMETL.NS] Bypassed status. Failed strict quantitative thresholds.
2026-09-28 18:22:47,067 [INFO]  -> [SIEMENS.NS] Bypassed status. Failed strict quantitative thresholds.
2026-09-28 18:22:47,637 [INFO]  -> [SIS.NS] Bypassed status. Failed strict quantitative thresholds.
2026-09-28 18:22:48,211 [INFO]  -> [SJVN.NS] Bypassed status. Failed strict quantitative thresholds.
2026-09-28 18:22:48,781 [INFO]  -> [SKFINDIA.NS] Bypassed status. Failed strict quantitative thresholds.
2026-09-28 18:22:49,353 [INFO]  -> [SKIPPER.NS] Bypassed status. Failed strict quantitative thresholds.
2026-09-28 18:22:49,923 [INFO]  -> [SOBHA.NS] Bypassed status. Failed strict quantitative thresholds.
2026-09-28 18:22:50,494 [INFO]  -> [SOLARINDS.NS] Bypassed status. Failed strict quantitative thresholds.
2026-09-28 18:22:51,059 [INFO]  -> [SONACOMS.NS] Golden Rule Satisfied... Dispatching alerts...
2026-09-28 18:22:51,678 [INFO]  ✓ Telegram text alert delivered successfully via bot for SONACOMS!
2026-09-28 18:22:52,680 [INFO]  ✓ Telegram visual card delivered successfully to phone for SONACOMS!
2026-09-28 18:22:53,484 [INFO]  -> [SPARC.NS] Golden Rule Satisfied... Dispatching alerts...
2026-09-28 18:22:54,020 [INFO]  ✓ Telegram text alert delivered successfully via bot for SPARC!
2026-09-28 18:22:54,993 [INFO]  ✓ Telegram visual card delivered successfully to phone for SPARC!
2026-09-28 18:22:55,566 [INFO]  -> [SRF.NS] Bypassed status. Failed strict quantitative thresholds.
2026-09-28 18:22:56,130 [INFO]  -> [STYLAMIND.NS] Golden Rule Satisfied... Dispatching alerts...
2026-09-28 18:22:56,673 [INFO]  ✓ Telegram text alert delivered successfully via bot for STYLAMIND!
2026-09-28 18:22:57,628 [INFO]  ✓ Telegram visual card delivered successfully to phone for STYLAMIND!
2026-09-28 18:22:58,200 [INFO]  -> [SUBROS.NS] Bypassed status. Failed strict quantitative thresholds.
2026-09-28 18:22:58,770 [INFO]  -> [SUDARSCHEM.NS] Bypassed status. Failed strict quantitative thresholds.
2026-09-28 18:22:59,344 [INFO]  -> [SUMICHEM.NS] Bypassed status. Failed strict quantitative thresholds.
2026-09-28 18:22:59,915 [INFO]  -> [SUNDRMFAST.NS] Bypassed status. Failed strict quantitative thresholds.
2026-09-28 18:23:00,486 [INFO]  -> [SUNPHARMA.NS] Bypassed status. Failed strict quantitative thresholds.
2026-09-28 18:23:01,058 [INFO]  -> [SUNTECK.NS] Bypassed status. Failed strict quantitative thresholds.
2026-09-28 18:23:01,628 [INFO]  -> [SUPRAJIT.NS] Bypassed status. Failed strict quantitative thresholds.
2026-09-28 18:23:02,201 [INFO]  -> [SUPREMEIND.NS] Bypassed status. Failed strict quantitative thresholds.
2026-09-28 18:23:02,761 [INFO]  -> [SUPRIYA.NS] Bypassed status. Failed strict quantitative thresholds.
2026-09-28 18:23:03,332 [INFO]  -> [SYMPHONY.NS] Bypassed status. Failed strict quantitative thresholds.
2026-09-28 18:23:03,903 [INFO]  -> [SYNGENE.NS] Bypassed status. Failed strict quantitative thresholds.
2026-09-28 18:23:04,475 [INFO]  -> [TARIL.NS] Bypassed status. Failed strict quantitative thresholds.
2026-09-28 18:23:05,046 [INFO]  -> [TATACHEM.NS] Bypassed status. Failed strict quantitative thresholds.
2026-09-28 18:23:05,617 [INFO]  -> [TATACONSUM.NS] Bypassed status. Failed strict quantitative thresholds.
2026-09-28 18:23:06,190 [INFO]  -> [TATASTEEL.NS] Bypassed status. Failed strict quantitative thresholds.
2026-09-28 18:23:06,761 [INFO]  -> [TCI.NS] Bypassed status. Failed strict quantitative thresholds.
2026-09-28 18:23:07,332 [INFO]  -> [TCIEXP.NS] Bypassed status. Failed strict quantitative thresholds.
2026-09-28 18:23:07,902 [INFO]  -> [TEJASNET.NS] Bypassed status. Failed strict quantitative thresholds.
2026-09-28 18:23:08,474 [INFO]  -> [TEXRAIL.NS] Golden Rule Satisfied... Dispatching alerts...
2026-09-28 18:23:09,109 [INFO]  ✓ Telegram text alert delivered successfully via bot for TEXRAIL!
2026-09-28 18:23:10,117 [INFO]  ✓ Telegram visual card delivered successfully to phone for TEXRAIL!
2026-09-28 18:23:10,689 [INFO]  -> [THERMAX.NS] Bypassed status. Failed strict quantitative thresholds.
2026-09-28 18:23:11,261 [INFO]  -> [THYROCARE.NS] Bypassed status. Failed strict quantitative thresholds.
2026-09-28 18:23:11,831 [INFO]  -> [TIINDIA.NS] Bypassed status. Failed strict quantitative thresholds.
2026-09-28 18:23:12,403 [INFO]  -> [TIMETECHNO.NS] Bypassed status. Failed strict quantitative thresholds.
2026-09-28 18:23:12,985 [INFO]  -> [TIMKEN.NS] Bypassed status. Failed strict quantitative thresholds.
2026-09-28 18:23:13,559 [INFO]  -> [TRIDENT.NS] Bypassed status. Failed strict quantitative thresholds.
2026-09-28 18:23:14,130 [INFO]  -> [TRITURBINE.NS] Bypassed status. Failed strict quantitative thresholds.
2026-09-28 18:23:14,701 [INFO]  -> [TTKPRESTIG.NS] Bypassed status. Failed strict quantitative thresholds.
2026-09-28 18:23:15,272 [INFO]  -> [UNICHEMLAB.NS] Golden Rule Satisfied... Dispatching alerts...
2026-09-28 18:23:15,819 [INFO]  ✓ Telegram text alert delivered successfully via bot for UNICHEMLAB!
2026-09-28 18:23:16,823 [INFO]  ✓ Telegram visual card delivered successfully to phone for UNICHEMLAB!
2026-09-28 18:23:17,397 [INFO]  -> [UNOMINDA.NS] Bypassed status. Failed strict quantitative thresholds.
2026-09-28 18:23:17,967 [INFO]  -> [UPL.NS] Bypassed status. Failed strict quantitative thresholds.
2026-09-28 18:23:18,539 [INFO]  -> [VAIBHAVGBL.NS] Bypassed status. Failed strict quantitative thresholds.
2026-09-28 18:23:19,109 [INFO]  -> [VARROC.NS] Bypassed status. Failed strict quantitative thresholds.
2026-09-28 18:23:19,682 [INFO]  -> [VBL.NS] Bypassed status. Failed strict quantitative thresholds.
2026-09-28 18:23:20,253 [INFO]  -> [VEDL.NS] Bypassed status. Failed strict quantitative thresholds.
2026-09-28 18:23:20,823 [INFO]  -> [VGUARD.NS] Bypassed status. Failed strict quantitative thresholds.
2026-09-28 18:23:21,388 [INFO]  -> [VIJAYA.NS] Golden Rule Satisfied... Dispatching alerts...
2026-09-28 18:23:21,944 [INFO]  ✓ Telegram text alert delivered successfully via bot for VIJAYA!
2026-09-28 18:23:22,932 [INFO]  ✓ Telegram visual card delivered successfully to phone for VIJAYA!
2026-09-28 18:23:23,505 [INFO]  -> [VINATIORGA.NS] Bypassed status. Failed strict quantitative thresholds.
2026-09-28 18:23:24,075 [INFO]  -> [VIPIND.NS] Bypassed status. Failed strict quantitative thresholds.
2026-09-28 18:23:24,647 [INFO]  -> [VMART.NS] Bypassed status. Failed strict quantitative thresholds.
2026-09-28 18:23:25,220 [INFO]  -> [VOLTAS.NS] Bypassed status. Failed strict quantitative thresholds.
2026-09-28 18:23:25,791 [INFO]  -> [VTL.NS] Bypassed status. Failed strict quantitative thresholds.
2026-09-28 18:23:26,362 [INFO]  -> [WELCORP.NS] Bypassed status. Failed strict quantitative thresholds.
2026-09-28 18:23:26,933 [INFO]  -> [WELSPUNLIV.NS] Bypassed status. Failed strict quantitative thresholds.
2026-09-28 18:23:27,504 [INFO]  -> [WHIRLPOOL.NS] Bypassed status. Failed strict quantitative thresholds.
2026-09-28 18:23:28,074 [INFO]  -> [WOCKPHARMA.NS] Bypassed status. Failed strict quantitative thresholds.
2026-09-28 18:23:28,637 [INFO]  -> [YUKEN.NS] Bypassed status. Failed strict quantitative thresholds.
2026-09-28 18:23:29,209 [INFO]  -> [ZFCVINDIA.NS] Bypassed status. Failed strict quantitative thresholds.
2026-09-28 18:23:29,781 [INFO]  -> [ZYDUSLIFE.NS] Bypassed status. Failed strict quantitative thresholds.
2026-09-28 18:23:30,354 [INFO]  -> [ZYDUSWELL.NS] Bypassed status. Failed strict quantitative thresholds.
2026-09-28 18:23:30,854 [INFO] [Complete] Quant script loops finished successfully. Overwriting metrics...
2026-09-28 18:23:40,666 [INFO] ✓ Central output matrix overwritten successfully.
2026-09-29 16:45:18,186 [INFO] =================================================================
2026-09-29 16:45:18,186 [INFO] RUNNING CONSOLIDATED SYSTEM SCRIPTS
2026-09-29 16:45:18,186 [INFO] =================================================================
2026-09-29 16:45:18,289 [INFO]  -> [AARTIDRUGS.NS] Bypassed status. Failed strict quantitative thresholds.
2026-09-29 16:45:18,871 [INFO]  -> [ACE.NS] Bypassed status. Failed strict quantitative thresholds.
2026-09-29 16:45:19,453 [INFO]  -> [AFFLE.NS] Bypassed status. Failed strict quantitative thresholds.
2026-09-29 16:45:20,035 [INFO]  -> [AIAENG.NS] Bypassed status. Failed strict quantitative thresholds.
2026-09-29 16:45:20,617 [INFO]  -> [ALKYLAMINE.NS] Bypassed status. Failed strict quantitative thresholds.
2026-09-29 16:45:21,203 [INFO]  -> [ALLCARGO.NS] Bypassed status. Failed strict quantitative thresholds.
2026-09-29 16:45:21,782 [INFO]  -> [AMBER.NS] Bypassed status. Failed strict quantitative thresholds.
2026-09-29 16:45:22,364 [INFO]  -> [AMBUJACEM.NS] Bypassed status. Failed strict quantitative thresholds.
2026-09-29 16:45:22,946 [INFO]  -> [ANANTRAJ.NS] Bypassed status. Failed strict quantitative thresholds.
2026-09-29 16:45:23,526 [INFO]  -> [ANURAS.NS] Bypassed status. Failed strict quantitative thresholds.
2026-09-29 16:45:24,110 [INFO]  -> [APLAPOLLO.NS] Bypassed status. Failed strict quantitative thresholds.
2026-09-29 16:45:24,693 [INFO]  -> [APLLTD.NS] Bypassed status. Failed strict quantitative thresholds.
2026-09-29 16:45:25,277 [INFO]  -> [APOLLO.NS] Bypassed status. Failed strict quantitative thresholds.
2026-09-29 16:45:25,859 [INFO]  -> [APOLLOHOSP.NS] Bypassed status. Failed strict quantitative thresholds.
2026-09-29 16:45:26,441 [INFO]  -> [APOLLOTYRE.NS] Bypassed status. Failed strict quantitative thresholds.
2026-09-29 16:45:27,023 [INFO]  -> [ARE&M.NS] Bypassed status. Failed strict quantitative thresholds.
2026-09-29 16:45:27,606 [INFO]  -> [ARTEMISMED.NS] Bypassed status. Failed strict quantitative thresholds.
2026-09-29 16:45:28,189 [INFO]  -> [ASAHIINDIA.NS] Bypassed status. Failed strict quantitative thresholds.
2026-09-29 16:45:28,761 [INFO]  -> [ASIANENE.NS] Bypassed status. Failed strict quantitative thresholds.
2026-09-29 16:45:29,343 [INFO]  -> [ASIANPAINT.NS] Bypassed status. Failed strict quantitative thresholds.
2026-09-29 16:45:29,890 [INFO]  -> [ASKAUTOLTD.NS] Bypassed status. Failed strict quantitative thresholds.
2026-09-29 16:45:30,472 [INFO]  -> [ASTRAL.NS] Bypassed status. Failed strict quantitative thresholds.
2026-09-29 16:45:31,054 [INFO]  -> [ASTRAZEN.NS] Bypassed status. Failed strict quantitative thresholds.
2026-09-29 16:45:31,640 [INFO]  -> [ATGL.NS] Bypassed status. Failed strict quantitative thresholds.
2026-09-29 16:45:32,220 [INFO]  -> [ATUL.NS] Bypassed status. Failed strict quantitative thresholds.
2026-09-29 16:45:32,803 [INFO]  -> [AUROPHARMA.NS] Golden Rule Satisfied... Dispatching alerts...
2026-09-29 16:45:33,503 [INFO]  ✓ Telegram text alert delivered successfully via bot for AUROPHARMA!
2026-09-29 16:45:34,844 [INFO]  ✓ Telegram visual card delivered successfully to phone for AUROPHARMA!
2026-09-29 16:45:35,429 [INFO]  -> [AVANTIFEED.NS] Bypassed status. Failed strict quantitative thresholds.
2026-09-29 16:45:36,012 [INFO]  -> [AYMSYNTEX.NS] Bypassed status. Failed strict quantitative thresholds.
2026-09-29 16:45:36,596 [INFO]  -> [BAJAJELEC.NS] Bypassed status. Failed strict quantitative thresholds.
2026-09-29 16:45:37,170 [INFO]  -> [BAJAJHCARE.NS] Bypassed status. Failed strict quantitative thresholds.
2026-09-29 16:45:37,753 [INFO]  -> [BALKRISIND.NS] Bypassed status. Failed strict quantitative thresholds.
2026-09-29 16:45:38,334 [INFO]  -> [BASF.NS] Bypassed status. Failed strict quantitative thresholds.
2026-09-29 16:45:38,917 [INFO]  -> [BATAINDIA.NS] Bypassed status. Failed strict quantitative thresholds.
2026-09-29 16:45:39,497 [INFO]  -> [BAYERCROP.NS] Bypassed status. Failed strict quantitative thresholds.
2026-09-29 16:45:40,079 [INFO]  -> [BBTC.NS] Bypassed status. Failed strict quantitative thresholds.
2026-09-29 16:45:40,663 [INFO]  -> [BECTORFOOD.NS] Bypassed status. Failed strict quantitative thresholds.
2026-09-29 16:45:41,246 [INFO]  -> [BERGEPAINT.NS] Bypassed status. Failed strict quantitative thresholds.
2026-09-29 16:45:41,828 [INFO]  -> [BHARATRAS.NS] Bypassed status. Failed strict quantitative thresholds.
2026-09-29 16:45:42,387 [INFO]  -> [BIKAJI.NS] Bypassed status. Failed strict quantitative thresholds.
2026-09-29 16:45:42,970 [INFO]  -> [BIOCON.NS] Bypassed status. Failed strict quantitative thresholds.
2026-09-29 16:45:43,552 [INFO]  -> [BIRLACORPN.NS] Bypassed status. Failed strict quantitative thresholds.
2026-09-29 16:45:44,137 [INFO]  -> [BLUESTARCO.NS] Bypassed status. Failed strict quantitative thresholds.
2026-09-29 16:45:44,717 [INFO]  -> [BORORENEW.NS] Bypassed status. Failed strict quantitative thresholds.
2026-09-29 16:45:45,303 [INFO]  -> [BRIGADE.NS] Bypassed status. Failed strict quantitative thresholds.
2026-09-29 16:45:45,868 [INFO]  -> [CAMPUS.NS] Bypassed status. Failed strict quantitative thresholds.
2026-09-29 16:45:46,453 [INFO]  -> [CAPLIPOINT.NS] Bypassed status. Failed strict quantitative thresholds.
2026-09-29 16:45:47,035 [INFO]  -> [CARBORUNIV.NS] Bypassed status. Failed strict quantitative thresholds.
2026-09-29 16:45:47,618 [INFO]  -> [CCL.NS] Bypassed status. Failed strict quantitative thresholds.
2026-09-29 16:45:48,200 [INFO]  -> [CEATLTD.NS] Bypassed status. Failed strict quantitative thresholds.
2026-09-29 16:45:48,784 [INFO]  -> [CENTURYPLY.NS] Bypassed status. Failed strict quantitative thresholds.
2026-09-29 16:45:49,370 [INFO]  -> [CERA.NS] Bypassed status. Failed strict quantitative thresholds.
2026-09-29 16:45:49,958 [INFO]  -> [CGPOWER.NS] Bypassed status. Failed strict quantitative thresholds.
2026-09-29 16:45:50,540 [INFO]  -> [CHAMBLFERT.NS] Bypassed status. Failed strict quantitative thresholds.
2026-09-29 16:45:51,118 [INFO]  -> [CHEMPLASTS.NS] Bypassed status. Failed strict quantitative thresholds.
2026-09-29 16:45:51,700 [INFO]  -> [CIPLA.NS] Bypassed status. Failed strict quantitative thresholds.
2026-09-29 16:45:52,275 [INFO]  -> [CLEAN.NS] Bypassed status. Failed strict quantitative thresholds.
2026-09-29 16:45:52,857 [INFO]  -> [COALINDIA.NS] Bypassed status. Failed strict quantitative thresholds.
2026-09-29 16:45:53,440 [INFO]  -> [COCHINSHIP.NS] Bypassed status. Failed strict quantitative thresholds.
2026-09-29 16:45:54,024 [INFO]  -> [COLPAL.NS] Bypassed status. Failed strict quantitative thresholds.
2026-09-29 16:45:54,616 [INFO]  -> [CONCOR.NS] Bypassed status. Failed strict quantitative thresholds.
2026-09-29 16:45:55,200 [INFO]  -> [COSMOFIRST.NS] Bypassed status. Failed strict quantitative thresholds.
2026-09-29 16:45:55,788 [INFO]  -> [CROMPTON.NS] Bypassed status. Failed strict quantitative thresholds.
2026-09-29 16:45:56,369 [INFO]  -> [CYIENT.NS] Bypassed status. Failed strict quantitative thresholds.
2026-09-29 16:45:56,951 [INFO]  -> [DABUR.NS] Bypassed status. Failed strict quantitative thresholds.
2026-09-29 16:45:57,533 [INFO]  -> [DALBHARAT.NS] Bypassed status. Failed strict quantitative thresholds.
2026-09-29 16:45:58,115 [INFO]  -> [DCMSHRIRAM.NS] Bypassed status. Failed strict quantitative thresholds.
2026-09-29 16:45:58,698 [INFO]  -> [DEEPAKFERT.NS] Golden Rule Satisfied... Dispatching alerts...
2026-09-29 16:45:59,344 [INFO]  ✓ Telegram text alert delivered successfully via bot for DEEPAKFERT!
2026-09-29 16:46:00,572 [INFO]  ✓ Telegram visual card delivered successfully to phone for DEEPAKFERT!
2026-09-29 16:46:01,156 [INFO]  -> [DEEPAKNTR.NS] Bypassed status. Failed strict quantitative thresholds.
2026-09-29 16:46:01,721 [INFO]  -> [DELHIVERY.NS] Bypassed status. Failed strict quantitative thresholds.
2026-09-29 16:46:02,305 [INFO]  -> [DHANUKA.NS] Bypassed status. Failed strict quantitative thresholds.
2026-09-29 16:46:02,886 [INFO]  -> [DIVISLAB.NS] Bypassed status. Failed strict quantitative thresholds.
2026-09-29 16:46:03,470 [INFO]  -> [DLF.NS] Bypassed status. Failed strict quantitative thresholds.
2026-09-29 16:46:04,051 [INFO]  -> [DMART.NS] Bypassed status. Failed strict quantitative thresholds.
2026-09-29 16:46:04,633 [INFO]  -> [DOLLAR.NS] Bypassed status. Failed strict quantitative thresholds.
2026-09-29 16:46:05,219 [INFO]  -> [DRREDDY.NS] Bypassed status. Failed strict quantitative thresholds.
2026-09-29 16:46:05,783 [INFO]  -> [DYCL.NS] Bypassed status. Failed strict quantitative thresholds.
2026-09-29 16:46:06,367 [INFO]  -> [ECLERX.NS] Bypassed status. Failed strict quantitative thresholds.
2026-09-29 16:46:06,948 [INFO]  -> [EICHERMOT.NS] Bypassed status. Failed strict quantitative thresholds.
2026-09-29 16:46:07,531 [INFO]  -> [EIDPARRY.NS] Bypassed status. Failed strict quantitative thresholds.
2026-09-29 16:46:08,114 [INFO]  -> [EKC.NS] Bypassed status. Failed strict quantitative thresholds.
2026-09-29 16:46:08,698 [INFO]  -> [ELGIEQUIP.NS] Bypassed status. Failed strict quantitative thresholds.
2026-09-29 16:46:09,283 [INFO]  -> [EMAMILTD.NS] Bypassed status. Failed strict quantitative thresholds.
2026-09-29 16:46:09,847 [INFO]  -> [EMUDHRA.NS] Bypassed status. Failed strict quantitative thresholds.
2026-09-29 16:46:10,429 [INFO]  -> [ENDURANCE.NS] Bypassed status. Failed strict quantitative thresholds.
2026-09-29 16:46:11,030 [INFO]  -> [EPL.NS] Bypassed status. Failed strict quantitative thresholds.
2026-09-29 16:46:11,612 [INFO]  -> [FDC.NS] Bypassed status. Failed strict quantitative thresholds.
2026-09-29 16:46:12,195 [INFO]  -> [FINCABLES.NS] Bypassed status. Failed strict quantitative thresholds.
2026-09-29 16:46:12,776 [INFO]  -> [FINEORG.NS] Bypassed status. Failed strict quantitative thresholds.
2026-09-29 16:46:13,360 [INFO]  -> [FINPIPE.NS] Bypassed status. Failed strict quantitative thresholds.
2026-09-29 16:46:13,942 [INFO]  -> [FLUOROCHEM.NS] Bypassed status. Failed strict quantitative thresholds.
2026-09-29 16:46:14,524 [INFO]  -> [FMGOETZE.NS] Bypassed status. Failed strict quantitative thresholds.
2026-09-29 16:46:15,106 [INFO]  -> [FORTIS.NS] Bypassed status. Failed strict quantitative thresholds.
2026-09-29 16:46:15,689 [INFO]  -> [GABRIEL.NS] Golden Rule Satisfied... Dispatching alerts...
2026-09-29 16:46:16,344 [INFO]  ✓ Telegram text alert delivered successfully via bot for GABRIEL!
2026-09-29 16:46:17,586 [INFO]  ✓ Telegram visual card delivered successfully to phone for GABRIEL!
2026-09-29 16:46:18,173 [INFO]  -> [GAEL.NS] Bypassed status. Failed strict quantitative thresholds.
2026-09-29 16:46:18,770 [INFO]  -> [GAIL.NS] Bypassed status. Failed strict quantitative thresholds.
2026-09-29 16:46:19,352 [INFO]  -> [GALAXYSURF.NS] Bypassed status. Failed strict quantitative thresholds.
2026-09-29 16:46:19,935 [INFO]  -> [GANECOS.NS] Bypassed status. Failed strict quantitative thresholds.
2026-09-29 16:46:20,523 [INFO]  -> [GARFIBRES.NS] Bypassed status. Failed strict quantitative thresholds.
2026-09-29 16:46:21,106 [INFO]  -> [GENESYS.NS] Bypassed status. Failed strict quantitative thresholds.
2026-09-29 16:46:21,660 [INFO]  -> [GHCLTEXTIL.NS] Bypassed status. Failed strict quantitative thresholds.
2026-09-29 16:46:22,248 [INFO]  -> [GLAND.NS] Bypassed status. Failed strict quantitative thresholds.
2026-09-29 16:46:22,834 [INFO]  -> [GLENMARK.NS] Bypassed status. Failed strict quantitative thresholds.
2026-09-29 16:46:23,421 [INFO]  -> [GMMPFAUDLR.NS] Bypassed status. Failed strict quantitative thresholds.
2026-09-29 16:46:24,004 [INFO]  -> [GODREJAGRO.NS] Bypassed status. Failed strict quantitative thresholds.
2026-09-29 16:46:24,587 [INFO]  -> [GODREJCP.NS] Bypassed status. Failed strict quantitative thresholds.
2026-09-29 16:46:25,171 [INFO]  -> [GOKULAGRO.NS] Bypassed status. Failed strict quantitative thresholds.
2026-09-29 16:46:25,756 [INFO]  -> [GOODLUCK.NS] Bypassed status. Failed strict quantitative thresholds.
2026-09-29 16:46:26,339 [INFO]  -> [GPPL.NS] Bypassed status. Failed strict quantitative thresholds.
2026-09-29 16:46:26,926 [INFO]  -> [GRANULES.NS] Bypassed status. Failed strict quantitative thresholds.
2026-09-29 16:46:27,508 [INFO]  -> [GRAPHITE.NS] Bypassed status. Failed strict quantitative thresholds.
2026-09-29 16:46:28,095 [INFO]  -> [GREENPANEL.NS] Bypassed status. Failed strict quantitative thresholds.
2026-09-29 16:46:28,676 [INFO]  -> [GRINDWELL.NS] Bypassed status. Failed strict quantitative thresholds.
2026-09-29 16:46:29,247 [INFO]  -> [GRWRHITECH.NS] Bypassed status. Failed strict quantitative thresholds.
2026-09-29 16:46:29,836 [INFO]  -> [GUJALKALI.NS] Bypassed status. Failed strict quantitative thresholds.
2026-09-29 16:46:30,442 [INFO]  -> [GUJGASLTD.NS] Bypassed status. Failed strict quantitative thresholds.
2026-09-29 16:46:31,033 [INFO]  -> [GVT&D.NS] Bypassed status. Failed strict quantitative thresholds.
2026-09-29 16:46:31,610 [INFO]  -> [HARDWYN.NS] Bypassed status. Failed strict quantitative thresholds.
2026-09-29 16:46:32,200 [INFO]  -> [HAVELLS.NS] Bypassed status. Failed strict quantitative thresholds.
2026-09-29 16:46:32,789 [INFO]  -> [HEG.NS] Bypassed status. Failed strict quantitative thresholds.
2026-09-29 16:46:33,370 [INFO]  -> [HERANBA.NS] Bypassed status. Failed strict quantitative thresholds.
2026-09-29 16:46:33,952 [INFO]  -> [HEROMOTOCO.NS] Bypassed status. Failed strict quantitative thresholds.
2026-09-29 16:46:34,535 [INFO]  -> [HFCL.NS] Bypassed status. Failed strict quantitative thresholds.
2026-09-29 16:46:35,122 [INFO]  -> [HIKAL.NS] Bypassed status. Failed strict quantitative thresholds.
2026-09-29 16:46:35,704 [INFO]  -> [HINDALCO.NS] Golden Rule Satisfied... Dispatching alerts...
2026-09-29 16:46:36,412 [INFO]  ✓ Telegram text alert delivered successfully via bot for HINDALCO!
2026-09-29 16:46:37,641 [INFO]  ✓ Telegram visual card delivered successfully to phone for HINDALCO!
2026-09-29 16:46:38,225 [INFO]  -> [HINDCOPPER.NS] Bypassed status. Failed strict quantitative thresholds.
2026-09-29 16:46:38,809 [INFO]  -> [HINDPETRO.NS] Bypassed status. Failed strict quantitative thresholds.
2026-09-29 16:46:39,392 [INFO]  -> [HINDUNILVR.NS] Bypassed status. Failed strict quantitative thresholds.
2026-09-29 16:46:39,978 [INFO]  -> [HLEGLAS.NS] Bypassed status. Failed strict quantitative thresholds.
2026-09-29 16:46:40,588 [INFO]  -> [IBREALEST.NS] Bypassed status. Failed strict quantitative thresholds.
2026-09-29 16:46:41,175 [INFO]  -> [IFBIND.NS] Bypassed status. Failed strict quantitative thresholds.
2026-09-29 16:46:41,763 [INFO]  -> [IGL.NS] Bypassed status. Failed strict quantitative thresholds.
2026-09-29 16:46:42,344 [INFO]  -> [INDIGOPNTS.NS] Bypassed status. Failed strict quantitative thresholds.
2026-09-29 16:46:42,930 [INFO]  -> [INDNIPPON.NS] Bypassed status. Failed strict quantitative thresholds.
2026-09-29 16:46:43,514 [INFO]  -> [INDOCO.NS] Bypassed status. Failed strict quantitative thresholds.
2026-09-29 16:46:44,096 [INFO]  -> [INDUSTOWER.NS] Bypassed status. Failed strict quantitative thresholds.
2026-09-29 16:46:44,642 [INFO]  -> [INNOVACAP.NS] Bypassed status. Failed strict quantitative thresholds.
2026-09-29 16:46:45,231 [INFO]  -> [IOC.NS] Bypassed status. Failed strict quantitative thresholds.
2026-09-29 16:46:45,818 [INFO]  -> [IPCALAB.NS] Bypassed status. Failed strict quantitative thresholds.
2026-09-29 16:46:46,397 [INFO]  -> [IPL.NS] Bypassed status. Failed strict quantitative thresholds.
2026-09-29 16:46:46,980 [INFO]  -> [ISGEC.NS] Bypassed status. Failed strict quantitative thresholds.
2026-09-29 16:46:47,565 [INFO]  -> [ITI.NS] Bypassed status. Failed strict quantitative thresholds.
2026-09-29 16:46:48,152 [INFO]  -> [JAMNAAUTO.NS] Bypassed status. Failed strict quantitative thresholds.
2026-09-29 16:46:48,742 [INFO]  -> [JINDALSAW.NS] Bypassed status. Failed strict quantitative thresholds.
2026-09-29 16:46:49,341 [INFO]  -> [JINDALSTEL.NS] Golden Rule Satisfied... Dispatching alerts...
2026-09-29 16:46:50,000 [INFO]  ✓ Telegram text alert delivered successfully via bot for JINDALSTEL!
2026-09-29 16:46:51,238 [INFO]  ✓ Telegram visual card delivered successfully to phone for JINDALSTEL!
2026-09-29 16:46:51,822 [INFO]  -> [JKIL.NS] Bypassed status. Failed strict quantitative thresholds.
2026-09-29 16:46:52,403 [INFO]  -> [JKLAKSHMI.NS] Bypassed status. Failed strict quantitative thresholds.
2026-09-29 16:46:52,985 [INFO]  -> [JSL.NS] Bypassed status. Failed strict quantitative thresholds.
2026-09-29 16:46:53,566 [INFO]  -> [JSWENERGY.NS] Bypassed status. Failed strict quantitative thresholds.
2026-09-29 16:46:54,151 [INFO]  -> [JUBLINGREA.NS] Bypassed status. Failed strict quantitative thresholds.
2026-09-29 16:46:54,733 [INFO]  -> [JUBLPHARMA.NS] Bypassed status. Failed strict quantitative thresholds.
2026-09-29 16:46:55,316 [INFO]  -> [KAJARIACER.NS] Bypassed status. Failed strict quantitative thresholds.
2026-09-29 16:46:55,919 [INFO]  -> [KALPATPOWR.NS] Bypassed status. Failed strict quantitative thresholds.
2026-09-29 16:46:56,507 [INFO]  -> [KANSAINER.NS] Bypassed status. Failed strict quantitative thresholds.
2026-09-29 16:46:57,089 [INFO]  -> [KEI.NS] Bypassed status. Failed strict quantitative thresholds.
2026-09-29 16:46:57,695 [INFO]  -> [KEPL.NS] Bypassed status. Failed strict quantitative thresholds.
2026-09-29 16:46:58,275 [INFO]  -> [KIMS.NS] Bypassed status. Failed strict quantitative thresholds.
2026-09-29 16:46:58,859 [INFO]  -> [KIRLOSBROS.NS] Bypassed status. Failed strict quantitative thresholds.
2026-09-29 16:46:59,415 [INFO]  -> [KIRLPNU.NS] Bypassed status. Failed strict quantitative thresholds.
2026-09-29 16:47:00,002 [INFO]  -> [KPITTECH.NS] Bypassed status. Failed strict quantitative thresholds.
2026-09-29 16:47:00,585 [INFO]  -> [KPRMILL.NS] Bypassed status. Failed strict quantitative thresholds.
2026-09-29 16:47:01,166 [INFO]  -> [KRBL.NS] Bypassed status. Failed strict quantitative thresholds.
2026-09-29 16:47:01,740 [INFO]  -> [KRSNAA.NS] Bypassed status. Failed strict quantitative thresholds.
2026-09-29 16:47:02,323 [INFO]  -> [LALPATHLAB.NS] Bypassed status. Failed strict quantitative thresholds.
2026-09-29 16:47:02,905 [INFO]  -> [LAURUSLABS.NS] Bypassed status. Failed strict quantitative thresholds.
2026-09-29 16:47:03,488 [INFO]  -> [LGBBROSLTD.NS] Bypassed status. Failed strict quantitative thresholds.
2026-09-29 16:47:04,071 [INFO]  -> [LIKHITHA.NS] Bypassed status. Failed strict quantitative thresholds.
2026-09-29 16:47:04,654 [INFO]  -> [LINC.NS] Bypassed status. Failed strict quantitative thresholds.
2026-09-29 16:47:05,235 [INFO]  -> [LINDEINDIA.NS] Bypassed status. Failed strict quantitative thresholds.
2026-09-29 16:47:05,820 [INFO]  -> [LLOYDSENGG.NS] Bypassed status. Failed strict quantitative thresholds.
2026-09-29 16:47:06,405 [INFO]  -> [LODHA.NS] Bypassed status. Failed strict quantitative thresholds.
2026-09-29 16:47:06,994 [INFO]  -> [LUMAXTECH.NS] Golden Rule Satisfied... Dispatching alerts...
2026-09-29 16:47:07,642 [INFO]  ✓ Telegram text alert delivered successfully via bot for LUMAXTECH!
2026-09-29 16:47:08,874 [INFO]  ✓ Telegram visual card delivered successfully to phone for LUMAXTECH!
2026-09-29 16:47:09,458 [INFO]  -> [LUPIN.NS] Bypassed status. Failed strict quantitative thresholds.
2026-09-29 16:47:10,043 [INFO]  -> [LUXIND.NS] Bypassed status. Failed strict quantitative thresholds.
2026-09-29 16:47:10,626 [INFO]  -> [LXCHEM.NS] Bypassed status. Failed strict quantitative thresholds.
2026-09-29 16:47:11,211 [INFO]  -> [MAHLOG.NS] Golden Rule Satisfied... Dispatching alerts...
2026-09-29 16:47:11,896 [INFO]  ✓ Telegram text alert delivered successfully via bot for MAHLOG!
2026-09-29 16:47:13,198 [INFO]  ✓ Telegram visual card delivered successfully to phone for MAHLOG!
2026-09-29 16:47:13,755 [INFO]  -> [MANKIND.NS] Bypassed status. Failed strict quantitative thresholds.
2026-09-29 16:47:14,326 [INFO]  -> [MANYAVAR.NS] Bypassed status. Failed strict quantitative thresholds.
2026-09-29 16:47:14,912 [INFO]  -> [MARICO.NS] Bypassed status. Failed strict quantitative thresholds.
2026-09-29 16:47:15,496 [INFO]  -> [MARINE.NS] Golden Rule Satisfied... Dispatching alerts...
2026-09-29 16:47:16,139 [INFO]  ✓ Telegram text alert delivered successfully via bot for MARINE!
2026-09-29 16:47:17,390 [INFO]  ✓ Telegram visual card delivered successfully to phone for MARINE!
2026-09-29 16:47:17,974 [INFO]  -> [MARKSANS.NS] Golden Rule Satisfied... Dispatching alerts...
2026-09-29 16:47:18,626 [INFO]  ✓ Telegram text alert delivered successfully via bot for MARKSANS!
2026-09-29 16:47:19,911 [INFO]  ✓ Telegram visual card delivered successfully to phone for MARKSANS!
2026-09-29 16:47:20,494 [INFO]  -> [MARUTI.NS] Bypassed status. Failed strict quantitative thresholds.
2026-09-29 16:47:21,077 [INFO]  -> [MAXHEALTH.NS] Bypassed status. Failed strict quantitative thresholds.
2026-09-29 16:47:21,637 [INFO]  -> [MEDANTA.NS] Bypassed status. Failed strict quantitative thresholds.
2026-09-29 16:47:22,209 [INFO]  -> [MEDPLUS.NS] Bypassed status. Failed strict quantitative thresholds.
2026-09-29 16:47:22,780 [INFO]  -> [METROBRAND.NS] Bypassed status. Failed strict quantitative thresholds.
2026-09-29 16:47:23,362 [INFO]  -> [METROPOLIS.NS] Bypassed status. Failed strict quantitative thresholds.
2026-09-29 16:47:23,947 [INFO]  -> [MGL.NS] Bypassed status. Failed strict quantitative thresholds.
2026-09-29 16:47:24,530 [INFO]  -> [MINDACORP.NS] Bypassed status. Failed strict quantitative thresholds.
2026-09-29 16:47:25,113 [INFO]  -> [MMTC.NS] Bypassed status. Failed strict quantitative thresholds.
2026-09-29 16:47:25,698 [INFO]  -> [MOIL.NS] Bypassed status. Failed strict quantitative thresholds.
2026-09-29 16:47:26,280 [INFO]  -> [MONTECARLO.NS] Bypassed status. Failed strict quantitative thresholds.
2026-09-29 16:47:26,866 [INFO]  -> [MOTHERSON.NS] Bypassed status. Failed strict quantitative thresholds.
2026-09-29 16:47:27,437 [INFO]  -> [MSUMI.NS] Bypassed status. Failed strict quantitative thresholds.
2026-09-29 16:47:28,020 [INFO]  -> [NATCOPHARM.NS] Bypassed status. Failed strict quantitative thresholds.
2026-09-29 16:47:28,604 [INFO]  -> [NATIONALUM.NS] Bypassed status. Failed strict quantitative thresholds.
2026-09-29 16:47:29,188 [INFO]  -> [NAZARA.NS] Bypassed status. Failed strict quantitative thresholds.
2026-09-29 16:47:29,771 [INFO]  -> [NOCIL.NS] Bypassed status. Failed strict quantitative thresholds.
2026-09-29 16:47:30,356 [INFO]  -> [NRBBEARING.NS] Bypassed status. Failed strict quantitative thresholds.
2026-09-29 16:47:30,934 [INFO]  -> [NUVOCO.NS] Bypassed status. Failed strict quantitative thresholds.
2026-09-29 16:47:31,507 [INFO]  -> [NYKAA.NS] Bypassed status. Failed strict quantitative thresholds.
2026-09-29 16:47:32,091 [INFO]  -> [OAL.NS] Bypassed status. Failed strict quantitative thresholds.
2026-09-29 16:47:32,674 [INFO]  -> [OBEROIRLTY.NS] Bypassed status. Failed strict quantitative thresholds.
2026-09-29 16:47:33,262 [INFO]  -> [OIL.NS] Bypassed status. Failed strict quantitative thresholds.
2026-09-29 16:47:33,847 [INFO]  -> [OLECTRA.NS] Golden Rule Satisfied... Dispatching alerts...
2026-09-29 16:47:34,502 [INFO]  ✓ Telegram text alert delivered successfully via bot for OLECTRA!
2026-09-29 16:47:35,943 [INFO]  ✓ Telegram visual card delivered successfully to phone for OLECTRA!
2026-09-29 16:47:36,532 [INFO]  -> [ONGC.NS] Bypassed status. Failed strict quantitative thresholds.
2026-09-29 16:47:37,120 [INFO]  -> [ORIENTELEC.NS] Bypassed status. Failed strict quantitative thresholds.
2026-09-29 16:47:37,702 [INFO]  -> [PAGEIND.NS] Bypassed status. Failed strict quantitative thresholds.
2026-09-29 16:47:38,290 [INFO]  -> [PCBL.NS] Bypassed status. Failed strict quantitative thresholds.
2026-09-29 16:47:38,873 [INFO]  -> [PDMJEPAPER.NS] Bypassed status. Failed strict quantitative thresholds.
2026-09-29 16:47:39,457 [INFO]  -> [PDSL.NS] Bypassed status. Failed strict quantitative thresholds.
2026-09-29 16:47:40,043 [INFO]  -> [PERSISTENT.NS] Bypassed status. Failed strict quantitative thresholds.
2026-09-29 16:47:40,623 [INFO]  -> [PFIZER.NS] Bypassed status. Failed strict quantitative thresholds.
2026-09-29 16:47:41,209 [INFO]  -> [PGHH.NS] Bypassed status. Failed strict quantitative thresholds.
2026-09-29 16:47:41,789 [INFO]  -> [PGHL.NS] Bypassed status. Failed strict quantitative thresholds.
2026-09-29 16:47:42,373 [INFO]  -> [PHOENIXLTD.NS] Golden Rule Satisfied... Dispatching alerts...
2026-09-29 16:47:43,136 [INFO]  ✓ Telegram text alert delivered successfully via bot for PHOENIXLTD!
2026-09-29 16:47:44,391 [INFO]  ✓ Telegram visual card delivered successfully to phone for PHOENIXLTD!
2026-09-29 16:47:44,978 [INFO]  -> [PIDILITIND.NS] Bypassed status. Failed strict quantitative thresholds.
2026-09-29 16:47:45,563 [INFO]  -> [PIIND.NS] Bypassed status. Failed strict quantitative thresholds.
2026-09-29 16:47:46,130 [INFO]  -> [PIXTRANS.NS] Bypassed status. Failed strict quantitative thresholds.
2026-09-29 16:47:46,716 [INFO]  -> [PNCINFRA.NS] Bypassed status. Failed strict quantitative thresholds.
2026-09-29 16:47:47,296 [INFO]  -> [POCL.NS] Bypassed status. Failed strict quantitative thresholds.
2026-09-29 16:47:47,879 [INFO]  -> [POKARNA.NS] Bypassed status. Failed strict quantitative thresholds.
2026-09-29 16:47:48,461 [INFO]  -> [POLYCAB.NS] Bypassed status. Failed strict quantitative thresholds.
2026-09-29 16:47:49,044 [INFO]  -> [POLYMED.NS] Bypassed status. Failed strict quantitative thresholds.
2026-09-29 16:47:49,626 [INFO]  -> [POLYPLEX.NS] Bypassed status. Failed strict quantitative thresholds.
2026-09-29 16:47:50,210 [INFO]  -> [POWERINDIA.NS] Bypassed status. Failed strict quantitative thresholds.
2026-09-29 16:47:50,772 [INFO]  -> [PPLPHARMA.NS] Bypassed status. Failed strict quantitative thresholds.
2026-09-29 16:47:51,354 [INFO]  -> [PRESTIGE.NS] Bypassed status. Failed strict quantitative thresholds.
2026-09-29 16:47:51,941 [INFO]  -> [PRINCEPIPE.NS] Bypassed status. Failed strict quantitative thresholds.
2026-09-29 16:47:52,529 [INFO]  -> [QUESS.NS] Bypassed status. Failed strict quantitative thresholds.
2026-09-29 16:47:53,110 [INFO]  -> [RAILTEL.NS] Bypassed status. Failed strict quantitative thresholds.
2026-09-29 16:47:53,695 [INFO]  -> [RAJESHEXPO.NS] Bypassed status. Failed strict quantitative thresholds.
2026-09-29 16:47:54,278 [INFO]  -> [RALLIS.NS] Bypassed status. Failed strict quantitative thresholds.
2026-09-29 16:47:54,861 [INFO]  -> [RAMCOCEM.NS] Bypassed status. Failed strict quantitative thresholds.
2026-09-29 16:47:55,444 [INFO]  -> [RATNAMANI.NS] Bypassed status. Failed strict quantitative thresholds.
2026-09-29 16:47:56,026 [INFO]  -> [RBA.NS] Bypassed status. Failed strict quantitative thresholds.
2026-09-29 16:47:56,610 [INFO]  -> [RCF.NS] Bypassed status. Failed strict quantitative thresholds.
2026-09-29 16:47:57,198 [INFO]  -> [REDINGTON.NS] Bypassed status. Failed strict quantitative thresholds.
2026-09-29 16:47:57,783 [INFO]  -> [RELAXO.NS] Bypassed status. Failed strict quantitative thresholds.
2026-09-29 16:47:58,372 [INFO]  -> [RELIANCE.NS] Bypassed status. Failed strict quantitative thresholds.
2026-09-29 16:47:58,953 [INFO]  -> [RELINFRA.NS] Bypassed status. Failed strict quantitative thresholds.
2026-09-29 16:47:59,536 [INFO]  -> [RESPONIND.NS] Bypassed status. Failed strict quantitative thresholds.
2026-09-29 16:48:00,122 [INFO]  -> [RHIM.NS] Bypassed status. Failed strict quantitative thresholds.
2026-09-29 16:48:00,707 [INFO]  -> [ROSSARI.NS] Bypassed status. Failed strict quantitative thresholds.
2026-09-29 16:48:01,292 [INFO]  -> [ROUTE.NS] Bypassed status. Failed strict quantitative thresholds.
2026-09-29 16:48:01,877 [INFO]  -> [SAIL.NS] Bypassed status. Failed strict quantitative thresholds.
2026-09-29 16:48:02,463 [INFO]  -> [SANDHAR.NS] Bypassed status. Failed strict quantitative thresholds.
2026-09-29 16:48:03,049 [INFO]  -> [SANOFI.NS] Bypassed status. Failed strict quantitative thresholds.
2026-09-29 16:48:03,636 [INFO]  -> [SCHAEFFLER.NS] Bypassed status. Failed strict quantitative thresholds.
2026-09-29 16:48:04,224 [INFO]  -> [SCI.NS] Bypassed status. Failed strict quantitative thresholds.
2026-09-29 16:48:04,811 [INFO]  -> [SFL.NS] Bypassed status. Failed strict quantitative thresholds.
2026-09-29 16:48:05,399 [INFO]  -> [SHAKTIPUMP.NS] Bypassed status. Failed strict quantitative thresholds.
2026-09-29 16:48:05,986 [INFO]  -> [SHANTIGEAR.NS] Bypassed status. Failed strict quantitative thresholds.
2026-09-29 16:48:06,568 [INFO]  -> [SHARDACROP.NS] Bypassed status. Failed strict quantitative thresholds.
2026-09-29 16:48:07,151 [INFO]  -> [SHILPAMED.NS] Bypassed status. Failed strict quantitative thresholds.
2026-09-29 16:48:07,728 [INFO]  -> [SHYAMMETL.NS] Bypassed status. Failed strict quantitative thresholds.
2026-09-29 16:48:08,311 [INFO]  -> [SIEMENS.NS] Bypassed status. Failed strict quantitative thresholds.
2026-09-29 16:48:08,893 [INFO]  -> [SIS.NS] Bypassed status. Failed strict quantitative thresholds.
2026-09-29 16:48:09,486 [INFO]  -> [SJVN.NS] Bypassed status. Failed strict quantitative thresholds.
2026-09-29 16:48:10,067 [INFO]  -> [SKFINDIA.NS] Bypassed status. Failed strict quantitative thresholds.
2026-09-29 16:48:10,651 [INFO]  -> [SKIPPER.NS] Bypassed status. Failed strict quantitative thresholds.
2026-09-29 16:48:11,233 [INFO]  -> [SOBHA.NS] Bypassed status. Failed strict quantitative thresholds.
2026-09-29 16:48:11,818 [INFO]  -> [SOLARINDS.NS] Bypassed status. Failed strict quantitative thresholds.
2026-09-29 16:48:12,397 [INFO]  -> [SONACOMS.NS] Golden Rule Satisfied... Dispatching alerts...
2026-09-29 16:48:13,048 [INFO]  ✓ Telegram text alert delivered successfully via bot for SONACOMS!
2026-09-29 16:48:14,327 [INFO]  ✓ Telegram visual card delivered successfully to phone for SONACOMS!
2026-09-29 16:48:14,914 [INFO]  -> [SPARC.NS] Golden Rule Satisfied... Dispatching alerts...
2026-09-29 16:48:15,581 [INFO]  ✓ Telegram text alert delivered successfully via bot for SPARC!
2026-09-29 16:48:16,846 [INFO]  ✓ Telegram visual card delivered successfully to phone for SPARC!
2026-09-29 16:48:17,431 [INFO]  -> [SRF.NS] Bypassed status. Failed strict quantitative thresholds.
2026-09-29 16:48:18,010 [INFO]  -> [STYLAMIND.NS] Golden Rule Satisfied... Dispatching alerts...
2026-09-29 16:48:18,679 [INFO]  ✓ Telegram text alert delivered successfully via bot for STYLAMIND!
2026-09-29 16:48:19,967 [INFO]  ✓ Telegram visual card delivered successfully to phone for STYLAMIND!
2026-09-29 16:48:20,550 [INFO]  -> [SUBROS.NS] Bypassed status. Failed strict quantitative thresholds.
2026-09-29 16:48:21,133 [INFO]  -> [SUDARSCHEM.NS] Bypassed status. Failed strict quantitative thresholds.
2026-09-29 16:48:21,714 [INFO]  -> [SUMICHEM.NS] Bypassed status. Failed strict quantitative thresholds.
2026-09-29 16:48:22,296 [INFO]  -> [SUNDRMFAST.NS] Bypassed status. Failed strict quantitative thresholds.
2026-09-29 16:48:22,878 [INFO]  -> [SUNPHARMA.NS] Bypassed status. Failed strict quantitative thresholds.
2026-09-29 16:48:23,459 [INFO]  -> [SUNTECK.NS] Bypassed status. Failed strict quantitative thresholds.
2026-09-29 16:48:24,040 [INFO]  -> [SUPRAJIT.NS] Bypassed status. Failed strict quantitative thresholds.
2026-09-29 16:48:24,621 [INFO]  -> [SUPREMEIND.NS] Bypassed status. Failed strict quantitative thresholds.
2026-09-29 16:48:25,191 [INFO]  -> [SUPRIYA.NS] Bypassed status. Failed strict quantitative thresholds.
2026-09-29 16:48:25,773 [INFO]  -> [SYMPHONY.NS] Bypassed status. Failed strict quantitative thresholds.
2026-09-29 16:48:26,356 [INFO]  -> [SYNGENE.NS] Bypassed status. Failed strict quantitative thresholds.
2026-09-29 16:48:26,944 [INFO]  -> [TARIL.NS] Bypassed status. Failed strict quantitative thresholds.
2026-09-29 16:48:27,525 [INFO]  -> [TATACHEM.NS] Bypassed status. Failed strict quantitative thresholds.
2026-09-29 16:48:28,109 [INFO]  -> [TATACONSUM.NS] Bypassed status. Failed strict quantitative thresholds.
2026-09-29 16:48:28,698 [INFO]  -> [TATASTEEL.NS] Bypassed status. Failed strict quantitative thresholds.
2026-09-29 16:48:29,281 [INFO]  -> [TCI.NS] Bypassed status. Failed strict quantitative thresholds.
2026-09-29 16:48:29,864 [INFO]  -> [TCIEXP.NS] Bypassed status. Failed strict quantitative thresholds.
2026-09-29 16:48:30,448 [INFO]  -> [TEJASNET.NS] Bypassed status. Failed strict quantitative thresholds.
2026-09-29 16:48:31,034 [INFO]  -> [TEXRAIL.NS] Golden Rule Satisfied... Dispatching alerts...
2026-09-29 16:48:31,701 [INFO]  ✓ Telegram text alert delivered successfully via bot for TEXRAIL!
2026-09-29 16:48:33,012 [INFO]  ✓ Telegram visual card delivered successfully to phone for TEXRAIL!
2026-09-29 16:48:33,596 [INFO]  -> [THERMAX.NS] Bypassed status. Failed strict quantitative thresholds.
2026-09-29 16:48:34,181 [INFO]  -> [THYROCARE.NS] Bypassed status. Failed strict quantitative thresholds.
2026-09-29 16:48:34,764 [INFO]  -> [TIINDIA.NS] Bypassed status. Failed strict quantitative thresholds.
2026-09-29 16:48:35,347 [INFO]  -> [TIMETECHNO.NS] Bypassed status. Failed strict quantitative thresholds.
2026-09-29 16:48:35,933 [INFO]  -> [TIMKEN.NS] Bypassed status. Failed strict quantitative thresholds.
2026-09-29 16:48:36,516 [INFO]  -> [TRIDENT.NS] Bypassed status. Failed strict quantitative thresholds.
2026-09-29 16:48:37,099 [INFO]  -> [TRITURBINE.NS] Bypassed status. Failed strict quantitative thresholds.
2026-09-29 16:48:37,681 [INFO]  -> [TTKPRESTIG.NS] Bypassed status. Failed strict quantitative thresholds.
2026-09-29 16:48:38,262 [INFO]  -> [UNICHEMLAB.NS] Golden Rule Satisfied... Dispatching alerts...
2026-09-29 16:48:38,929 [INFO]  ✓ Telegram text alert delivered successfully via bot for UNICHEMLAB!
2026-09-29 16:48:40,200 [INFO]  ✓ Telegram visual card delivered successfully to phone for UNICHEMLAB!
2026-09-29 16:48:40,785 [INFO]  -> [UNOMINDA.NS] Bypassed status. Failed strict quantitative thresholds.
2026-09-29 16:48:41,369 [INFO]  -> [UPL.NS] Bypassed status. Failed strict quantitative thresholds.
2026-09-29 16:48:41,954 [INFO]  -> [VAIBHAVGBL.NS] Bypassed status. Failed strict quantitative thresholds.
2026-09-29 16:48:42,539 [INFO]  -> [VARROC.NS] Bypassed status. Failed strict quantitative thresholds.
2026-09-29 16:48:43,126 [INFO]  -> [VBL.NS] Bypassed status. Failed strict quantitative thresholds.
2026-09-29 16:48:43,708 [INFO]  -> [VEDL.NS] Bypassed status. Failed strict quantitative thresholds.
2026-09-29 16:48:44,292 [INFO]  -> [VGUARD.NS] Bypassed status. Failed strict quantitative thresholds.
2026-09-29 16:48:44,867 [INFO]  -> [VIJAYA.NS] Golden Rule Satisfied... Dispatching alerts...
2026-09-29 16:48:45,578 [INFO]  ✓ Telegram text alert delivered successfully via bot for VIJAYA!
2026-09-29 16:48:46,829 [INFO]  ✓ Telegram visual card delivered successfully to phone for VIJAYA!
2026-09-29 16:48:47,412 [INFO]  -> [VINATIORGA.NS] Bypassed status. Failed strict quantitative thresholds.
2026-09-29 16:48:47,996 [INFO]  -> [VIPIND.NS] Bypassed status. Failed strict quantitative thresholds.
2026-09-29 16:48:48,580 [INFO]  -> [VMART.NS] Bypassed status. Failed strict quantitative thresholds.
2026-09-29 16:48:49,161 [INFO]  -> [VOLTAS.NS] Bypassed status. Failed strict quantitative thresholds.
2026-09-29 16:48:49,745 [INFO]  -> [VTL.NS] Bypassed status. Failed strict quantitative thresholds.
2026-09-29 16:48:50,327 [INFO]  -> [WELCORP.NS] Bypassed status. Failed strict quantitative thresholds.
2026-09-29 16:48:50,909 [INFO]  -> [WELSPUNLIV.NS] Bypassed status. Failed strict quantitative thresholds.
2026-09-29 16:48:51,494 [INFO]  -> [WHIRLPOOL.NS] Bypassed status. Failed strict quantitative thresholds.
2026-09-29 16:48:52,077 [INFO]  -> [WOCKPHARMA.NS] Bypassed status. Failed strict quantitative thresholds.
2026-09-29 16:48:52,650 [INFO]  -> [YUKEN.NS] Bypassed status. Failed strict quantitative thresholds.
2026-09-29 16:48:53,235 [INFO]  -> [ZFCVINDIA.NS] Bypassed status. Failed strict quantitative thresholds.
2026-09-29 16:48:53,817 [INFO]  -> [ZYDUSLIFE.NS] Bypassed status. Failed strict quantitative thresholds.
2026-09-29 16:48:54,400 [INFO]  -> [ZYDUSWELL.NS] Bypassed status. Failed strict quantitative thresholds.
2026-09-29 16:48:54,901 [INFO] [Complete] Quant script loops finished successfully. Overwriting metrics...
2026-09-29 16:49:08,270 [INFO] ✓ Central output matrix overwritten successfully.
2026-10-01 16:47:36,901 [INFO] =================================================================
2026-10-01 16:47:36,901 [INFO] RUNNING CONSOLIDATED SYSTEM SCRIPTS
2026-10-01 16:47:36,901 [INFO] =================================================================
2026-10-01 16:47:37,005 [INFO]  -> [AARTIDRUGS.NS] Bypassed status. Failed strict quantitative thresholds.
2026-10-01 16:47:37,586 [INFO]  -> [ACE.NS] Bypassed status. Failed strict quantitative thresholds.
2026-10-01 16:47:38,171 [INFO]  -> [AFFLE.NS] Bypassed status. Failed strict quantitative thresholds.
2026-10-01 16:47:38,754 [INFO]  -> [AIAENG.NS] Bypassed status. Failed strict quantitative thresholds.
2026-10-01 16:47:39,337 [INFO]  -> [ALKYLAMINE.NS] Bypassed status. Failed strict quantitative thresholds.
2026-10-01 16:47:39,923 [INFO]  -> [ALLCARGO.NS] Bypassed status. Failed strict quantitative thresholds.
2026-10-01 16:47:40,503 [INFO]  -> [AMBER.NS] Bypassed status. Failed strict quantitative thresholds.
2026-10-01 16:47:41,087 [INFO]  -> [AMBUJACEM.NS] Bypassed status. Failed strict quantitative thresholds.
2026-10-01 16:47:41,670 [INFO]  -> [ANANTRAJ.NS] Bypassed status. Failed strict quantitative thresholds.
2026-10-01 16:47:42,252 [INFO]  -> [ANURAS.NS] Bypassed status. Failed strict quantitative thresholds.
2026-10-01 16:47:42,836 [INFO]  -> [APLAPOLLO.NS] Bypassed status. Failed strict quantitative thresholds.
2026-10-01 16:47:43,419 [INFO]  -> [APLLTD.NS] Bypassed status. Failed strict quantitative thresholds.
2026-10-01 16:47:44,005 [INFO]  -> [APOLLO.NS] Bypassed status. Failed strict quantitative thresholds.
2026-10-01 16:47:44,589 [INFO]  -> [APOLLOHOSP.NS] Bypassed status. Failed strict quantitative thresholds.
2026-10-01 16:47:45,172 [INFO]  -> [APOLLOTYRE.NS] Bypassed status. Failed strict quantitative thresholds.
2026-10-01 16:47:45,755 [INFO]  -> [ARE&M.NS] Bypassed status. Failed strict quantitative thresholds.
2026-10-01 16:47:46,339 [INFO]  -> [ARTEMISMED.NS] Bypassed status. Failed strict quantitative thresholds.
2026-10-01 16:47:46,922 [INFO]  -> [ASAHIINDIA.NS] Bypassed status. Failed strict quantitative thresholds.
2026-10-01 16:47:47,491 [INFO]  -> [ASIANENE.NS] Bypassed status. Failed strict quantitative thresholds.
2026-10-01 16:47:48,073 [INFO]  -> [ASIANPAINT.NS] Bypassed status. Failed strict quantitative thresholds.
2026-10-01 16:47:48,620 [INFO]  -> [ASKAUTOLTD.NS] Bypassed status. Failed strict quantitative thresholds.
2026-10-01 16:47:49,204 [INFO]  -> [ASTRAL.NS] Bypassed status. Failed strict quantitative thresholds.
2026-10-01 16:47:49,784 [INFO]  -> [ASTRAZEN.NS] Bypassed status. Failed strict quantitative thresholds.
2026-10-01 16:47:50,371 [INFO]  -> [ATGL.NS] Bypassed status. Failed strict quantitative thresholds.
2026-10-01 16:47:50,954 [INFO]  -> [ATUL.NS] Bypassed status. Failed strict quantitative thresholds.
2026-10-01 16:47:51,539 [INFO]  -> [AUROPHARMA.NS] Golden Rule Satisfied... Dispatching alerts...
2026-10-01 16:47:52,887 [INFO]  ✓ Telegram text alert delivered successfully via bot for AUROPHARMA!
2026-10-01 16:47:54,805 [INFO]  ✓ Telegram visual card delivered successfully to phone for AUROPHARMA!
2026-10-01 16:47:55,392 [INFO]  -> [AVANTIFEED.NS] Bypassed status. Failed strict quantitative thresholds.
2026-10-01 16:47:55,982 [INFO]  -> [AYMSYNTEX.NS] Bypassed status. Failed strict quantitative thresholds.
2026-10-01 16:47:56,571 [INFO]  -> [BAJAJELEC.NS] Bypassed status. Failed strict quantitative thresholds.
2026-10-01 16:47:57,144 [INFO]  -> [BAJAJHCARE.NS] Bypassed status. Failed strict quantitative thresholds.
2026-10-01 16:47:57,728 [INFO]  -> [BALKRISIND.NS] Bypassed status. Failed strict quantitative thresholds.
2026-10-01 16:47:58,310 [INFO]  -> [BASF.NS] Bypassed status. Failed strict quantitative thresholds.
2026-10-01 16:47:58,892 [INFO]  -> [BATAINDIA.NS] Bypassed status. Failed strict quantitative thresholds.
2026-10-01 16:47:59,472 [INFO]  -> [BAYERCROP.NS] Bypassed status. Failed strict quantitative thresholds.
2026-10-01 16:48:00,057 [INFO]  -> [BBTC.NS] Bypassed status. Failed strict quantitative thresholds.
2026-10-01 16:48:00,647 [INFO]  -> [BECTORFOOD.NS] Bypassed status. Failed strict quantitative thresholds.
2026-10-01 16:48:01,232 [INFO]  -> [BERGEPAINT.NS] Bypassed status. Failed strict quantitative thresholds.
2026-10-01 16:48:01,816 [INFO]  -> [BHARATRAS.NS] Bypassed status. Failed strict quantitative thresholds.
2026-10-01 16:48:02,376 [INFO]  -> [BIKAJI.NS] Bypassed status. Failed strict quantitative thresholds.
2026-10-01 16:48:02,960 [INFO]  -> [BIOCON.NS] Bypassed status. Failed strict quantitative thresholds.
2026-10-01 16:48:03,544 [INFO]  -> [BIRLACORPN.NS] Bypassed status. Failed strict quantitative thresholds.
2026-10-01 16:48:04,132 [INFO]  -> [BLUESTARCO.NS] Bypassed status. Failed strict quantitative thresholds.
2026-10-01 16:48:04,712 [INFO]  -> [BORORENEW.NS] Bypassed status. Failed strict quantitative thresholds.
2026-10-01 16:48:05,299 [INFO]  -> [BRIGADE.NS] Bypassed status. Failed strict quantitative thresholds.
2026-10-01 16:48:05,867 [INFO]  -> [CAMPUS.NS] Bypassed status. Failed strict quantitative thresholds.
2026-10-01 16:48:06,450 [INFO]  -> [CAPLIPOINT.NS] Bypassed status. Failed strict quantitative thresholds.
2026-10-01 16:48:07,031 [INFO]  -> [CARBORUNIV.NS] Bypassed status. Failed strict quantitative thresholds.
2026-10-01 16:48:07,613 [INFO]  -> [CCL.NS] Bypassed status. Failed strict quantitative thresholds.
2026-10-01 16:48:08,196 [INFO]  -> [CEATLTD.NS] Bypassed status. Failed strict quantitative thresholds.
2026-10-01 16:48:08,778 [INFO]  -> [CENTURYPLY.NS] Bypassed status. Failed strict quantitative thresholds.
2026-10-01 16:48:09,359 [INFO]  -> [CERA.NS] Bypassed status. Failed strict quantitative thresholds.
2026-10-01 16:48:09,943 [INFO]  -> [CGPOWER.NS] Bypassed status. Failed strict quantitative thresholds.
2026-10-01 16:48:10,525 [INFO]  -> [CHAMBLFERT.NS] Bypassed status. Failed strict quantitative thresholds.
2026-10-01 16:48:11,098 [INFO]  -> [CHEMPLASTS.NS] Bypassed status. Failed strict quantitative thresholds.
2026-10-01 16:48:11,682 [INFO]  -> [CIPLA.NS] Bypassed status. Failed strict quantitative thresholds.
2026-10-01 16:48:12,258 [INFO]  -> [CLEAN.NS] Bypassed status. Failed strict quantitative thresholds.
2026-10-01 16:48:12,841 [INFO]  -> [COALINDIA.NS] Bypassed status. Failed strict quantitative thresholds.
2026-10-01 16:48:13,423 [INFO]  -> [COCHINSHIP.NS] Bypassed status. Failed strict quantitative thresholds.
2026-10-01 16:48:14,005 [INFO]  -> [COLPAL.NS] Bypassed status. Failed strict quantitative thresholds.
2026-10-01 16:48:14,587 [INFO]  -> [CONCOR.NS] Bypassed status. Failed strict quantitative thresholds.
2026-10-01 16:48:15,172 [INFO]  -> [COSMOFIRST.NS] Bypassed status. Failed strict quantitative thresholds.
2026-10-01 16:48:15,755 [INFO]  -> [CROMPTON.NS] Bypassed status. Failed strict quantitative thresholds.
2026-10-01 16:48:16,337 [INFO]  -> [CYIENT.NS] Bypassed status. Failed strict quantitative thresholds.
2026-10-01 16:48:16,920 [INFO]  -> [DABUR.NS] Bypassed status. Failed strict quantitative thresholds.
2026-10-01 16:48:17,502 [INFO]  -> [DALBHARAT.NS] Bypassed status. Failed strict quantitative thresholds.
2026-10-01 16:48:18,087 [INFO]  -> [DCMSHRIRAM.NS] Bypassed status. Failed strict quantitative thresholds.
2026-10-01 16:48:18,669 [INFO]  -> [DEEPAKFERT.NS] Golden Rule Satisfied... Dispatching alerts...
2026-10-01 16:48:19,271 [INFO]  ✓ Telegram text alert delivered successfully via bot for DEEPAKFERT!
2026-10-01 16:48:22,758 [INFO]  ✓ Telegram visual card delivered successfully to phone for DEEPAKFERT!
2026-10-01 16:48:23,344 [INFO]  -> [DEEPAKNTR.NS] Bypassed status. Failed strict quantitative thresholds.
2026-10-01 16:48:23,911 [INFO]  -> [DELHIVERY.NS] Bypassed status. Failed strict quantitative thresholds.
2026-10-01 16:48:24,492 [INFO]  -> [DHANUKA.NS] Bypassed status. Failed strict quantitative thresholds.
2026-10-01 16:48:25,074 [INFO]  -> [DIVISLAB.NS] Bypassed status. Failed strict quantitative thresholds.
2026-10-01 16:48:25,660 [INFO]  -> [DLF.NS] Bypassed status. Failed strict quantitative thresholds.
2026-10-01 16:48:26,243 [INFO]  -> [DMART.NS] Bypassed status. Failed strict quantitative thresholds.
2026-10-01 16:48:26,824 [INFO]  -> [DOLLAR.NS] Bypassed status. Failed strict quantitative thresholds.
2026-10-01 16:48:27,409 [INFO]  -> [DRREDDY.NS] Bypassed status. Failed strict quantitative thresholds.
2026-10-01 16:48:27,973 [INFO]  -> [DYCL.NS] Bypassed status. Failed strict quantitative thresholds.
2026-10-01 16:48:28,556 [INFO]  -> [ECLERX.NS] Bypassed status. Failed strict quantitative thresholds.
2026-10-01 16:48:29,136 [INFO]  -> [EICHERMOT.NS] Bypassed status. Failed strict quantitative thresholds.
2026-10-01 16:48:29,722 [INFO]  -> [EIDPARRY.NS] Bypassed status. Failed strict quantitative thresholds.
2026-10-01 16:48:30,309 [INFO]  -> [EKC.NS] Bypassed status. Failed strict quantitative thresholds.
2026-10-01 16:48:30,893 [INFO]  -> [ELGIEQUIP.NS] Bypassed status. Failed strict quantitative thresholds.
2026-10-01 16:48:31,476 [INFO]  -> [EMAMILTD.NS] Bypassed status. Failed strict quantitative thresholds.
2026-10-01 16:48:32,041 [INFO]  -> [EMUDHRA.NS] Bypassed status. Failed strict quantitative thresholds.
2026-10-01 16:48:32,624 [INFO]  -> [ENDURANCE.NS] Bypassed status. Failed strict quantitative thresholds.
2026-10-01 16:48:33,210 [INFO]  -> [EPL.NS] Bypassed status. Failed strict quantitative thresholds.
2026-10-01 16:48:33,794 [INFO]  -> [FDC.NS] Bypassed status. Failed strict quantitative thresholds.
2026-10-01 16:48:34,380 [INFO]  -> [FINCABLES.NS] Bypassed status. Failed strict quantitative thresholds.
2026-10-01 16:48:34,962 [INFO]  -> [FINEORG.NS] Bypassed status. Failed strict quantitative thresholds.
2026-10-01 16:48:35,547 [INFO]  -> [FINPIPE.NS] Bypassed status. Failed strict quantitative thresholds.
2026-10-01 16:48:36,130 [INFO]  -> [FLUOROCHEM.NS] Bypassed status. Failed strict quantitative thresholds.
2026-10-01 16:48:36,714 [INFO]  -> [FMGOETZE.NS] Bypassed status. Failed strict quantitative thresholds.
2026-10-01 16:48:37,299 [INFO]  -> [FORTIS.NS] Bypassed status. Failed strict quantitative thresholds.
2026-10-01 16:48:37,881 [INFO]  -> [GABRIEL.NS] Golden Rule Satisfied... Dispatching alerts...
2026-10-01 16:48:38,386 [INFO]  ✓ Telegram text alert delivered successfully via bot for GABRIEL!
2026-10-01 16:48:40,429 [INFO]  ✓ Telegram visual card delivered successfully to phone for GABRIEL!
2026-10-01 16:48:41,016 [INFO]  -> [GAEL.NS] Bypassed status. Failed strict quantitative thresholds.
2026-10-01 16:48:41,602 [INFO]  -> [GAIL.NS] Bypassed status. Failed strict quantitative thresholds.
2026-10-01 16:48:42,184 [INFO]  -> [GALAXYSURF.NS] Bypassed status. Failed strict quantitative thresholds.
2026-10-01 16:48:42,766 [INFO]  -> [GANECOS.NS] Bypassed status. Failed strict quantitative thresholds.
2026-10-01 16:48:43,349 [INFO]  -> [GARFIBRES.NS] Bypassed status. Failed strict quantitative thresholds.
2026-10-01 16:48:43,930 [INFO]  -> [GENESYS.NS] Bypassed status. Failed strict quantitative thresholds.
2026-10-01 16:48:44,483 [INFO]  -> [GHCLTEXTIL.NS] Bypassed status. Failed strict quantitative thresholds.
2026-10-01 16:48:45,064 [INFO]  -> [GLAND.NS] Bypassed status. Failed strict quantitative thresholds.
2026-10-01 16:48:45,646 [INFO]  -> [GLENMARK.NS] Bypassed status. Failed strict quantitative thresholds.
2026-10-01 16:48:46,232 [INFO]  -> [GMMPFAUDLR.NS] Bypassed status. Failed strict quantitative thresholds.
2026-10-01 16:48:46,815 [INFO]  -> [GODREJAGRO.NS] Bypassed status. Failed strict quantitative thresholds.
2026-10-01 16:48:47,400 [INFO]  -> [GODREJCP.NS] Bypassed status. Failed strict quantitative thresholds.
2026-10-01 16:48:47,984 [INFO]  -> [GOKULAGRO.NS] Bypassed status. Failed strict quantitative thresholds.
2026-10-01 16:48:48,570 [INFO]  -> [GOODLUCK.NS] Bypassed status. Failed strict quantitative thresholds.
2026-10-01 16:48:49,153 [INFO]  -> [GPPL.NS] Bypassed status. Failed strict quantitative thresholds.
2026-10-01 16:48:49,737 [INFO]  -> [GRANULES.NS] Bypassed status. Failed strict quantitative thresholds.
2026-10-01 16:48:50,322 [INFO]  -> [GRAPHITE.NS] Bypassed status. Failed strict quantitative thresholds.
2026-10-01 16:48:50,906 [INFO]  -> [GREENPANEL.NS] Bypassed status. Failed strict quantitative thresholds.
2026-10-01 16:48:51,490 [INFO]  -> [GRINDWELL.NS] Bypassed status. Failed strict quantitative thresholds.
2026-10-01 16:48:52,057 [INFO]  -> [GRWRHITECH.NS] Bypassed status. Failed strict quantitative thresholds.
2026-10-01 16:48:52,645 [INFO]  -> [GUJALKALI.NS] Bypassed status. Failed strict quantitative thresholds.
2026-10-01 16:48:53,250 [INFO]  -> [GUJGASLTD.NS] Bypassed status. Failed strict quantitative thresholds.
2026-10-01 16:48:53,834 [INFO]  -> [GVT&D.NS] Bypassed status. Failed strict quantitative thresholds.
2026-10-01 16:48:54,403 [INFO]  -> [HARDWYN.NS] Bypassed status. Failed strict quantitative thresholds.
2026-10-01 16:48:54,987 [INFO]  -> [HAVELLS.NS] Bypassed status. Failed strict quantitative thresholds.
2026-10-01 16:48:55,577 [INFO]  -> [HEG.NS] Bypassed status. Failed strict quantitative thresholds.
2026-10-01 16:48:56,160 [INFO]  -> [HERANBA.NS] Bypassed status. Failed strict quantitative thresholds.
2026-10-01 16:48:56,744 [INFO]  -> [HEROMOTOCO.NS] Bypassed status. Failed strict quantitative thresholds.
2026-10-01 16:48:57,326 [INFO]  -> [HFCL.NS] Bypassed status. Failed strict quantitative thresholds.
2026-10-01 16:48:57,913 [INFO]  -> [HIKAL.NS] Bypassed status. Failed strict quantitative thresholds.
2026-10-01 16:48:58,499 [INFO]  -> [HINDALCO.NS] Golden Rule Satisfied... Dispatching alerts...
2026-10-01 16:48:59,018 [INFO]  ✓ Telegram text alert delivered successfully via bot for HINDALCO!
2026-10-01 16:49:00,952 [INFO]  ✓ Telegram visual card delivered successfully to phone for HINDALCO!
2026-10-01 16:49:01,539 [INFO]  -> [HINDCOPPER.NS] Bypassed status. Failed strict quantitative thresholds.
2026-10-01 16:49:02,131 [INFO]  -> [HINDPETRO.NS] Bypassed status. Failed strict quantitative thresholds.
2026-10-01 16:49:02,715 [INFO]  -> [HINDUNILVR.NS] Bypassed status. Failed strict quantitative thresholds.
2026-10-01 16:49:03,301 [INFO]  -> [HLEGLAS.NS] Bypassed status. Failed strict quantitative thresholds.
2026-10-01 16:49:03,911 [INFO]  -> [IBREALEST.NS] Bypassed status. Failed strict quantitative thresholds.
2026-10-01 16:49:04,493 [INFO]  -> [IFBIND.NS] Bypassed status. Failed strict quantitative thresholds.
2026-10-01 16:49:05,079 [INFO]  -> [IGL.NS] Bypassed status. Failed strict quantitative thresholds.
2026-10-01 16:49:05,662 [INFO]  -> [INDIGOPNTS.NS] Bypassed status. Failed strict quantitative thresholds.
2026-10-01 16:49:06,246 [INFO]  -> [INDNIPPON.NS] Bypassed status. Failed strict quantitative thresholds.
2026-10-01 16:49:06,832 [INFO]  -> [INDOCO.NS] Bypassed status. Failed strict quantitative thresholds.
2026-10-01 16:49:07,418 [INFO]  -> [INDUSTOWER.NS] Bypassed status. Failed strict quantitative thresholds.
2026-10-01 16:49:07,963 [INFO]  -> [INNOVACAP.NS] Bypassed status. Failed strict quantitative thresholds.
2026-10-01 16:49:08,549 [INFO]  -> [IOC.NS] Bypassed status. Failed strict quantitative thresholds.
2026-10-01 16:49:09,133 [INFO]  -> [IPCALAB.NS] Bypassed status. Failed strict quantitative thresholds.
2026-10-01 16:49:09,712 [INFO]  -> [IPL.NS] Bypassed status. Failed strict quantitative thresholds.
2026-10-01 16:49:10,295 [INFO]  -> [ISGEC.NS] Bypassed status. Failed strict quantitative thresholds.
2026-10-01 16:49:10,879 [INFO]  -> [ITI.NS] Bypassed status. Failed strict quantitative thresholds.
2026-10-01 16:49:11,463 [INFO]  -> [JAMNAAUTO.NS] Bypassed status. Failed strict quantitative thresholds.
2026-10-01 16:49:12,055 [INFO]  -> [JINDALSAW.NS] Bypassed status. Failed strict quantitative thresholds.
2026-10-01 16:49:12,639 [INFO]  -> [JINDALSTEL.NS] Golden Rule Satisfied... Dispatching alerts...
2026-10-01 16:49:13,171 [INFO]  ✓ Telegram text alert delivered successfully via bot for JINDALSTEL!
2026-10-01 16:49:15,011 [INFO]  ✓ Telegram visual card delivered successfully to phone for JINDALSTEL!
2026-10-01 16:49:15,596 [INFO]  -> [JKIL.NS] Bypassed status. Failed strict quantitative thresholds.
2026-10-01 16:49:16,177 [INFO]  -> [JKLAKSHMI.NS] Bypassed status. Failed strict quantitative thresholds.
2026-10-01 16:49:16,759 [INFO]  -> [JSL.NS] Bypassed status. Failed strict quantitative thresholds.
2026-10-01 16:49:17,341 [INFO]  -> [JSWENERGY.NS] Bypassed status. Failed strict quantitative thresholds.
2026-10-01 16:49:17,921 [INFO]  -> [JUBLINGREA.NS] Bypassed status. Failed strict quantitative thresholds.
2026-10-01 16:49:18,501 [INFO]  -> [JUBLPHARMA.NS] Bypassed status. Failed strict quantitative thresholds.
2026-10-01 16:49:19,085 [INFO]  -> [KAJARIACER.NS] Bypassed status. Failed strict quantitative thresholds.
2026-10-01 16:49:19,690 [INFO]  -> [KALPATPOWR.NS] Bypassed status. Failed strict quantitative thresholds.
2026-10-01 16:49:20,277 [INFO]  -> [KANSAINER.NS] Bypassed status. Failed strict quantitative thresholds.
2026-10-01 16:49:20,858 [INFO]  -> [KEI.NS] Bypassed status. Failed strict quantitative thresholds.
2026-10-01 16:49:21,464 [INFO]  -> [KEPL.NS] Bypassed status. Failed strict quantitative thresholds.
2026-10-01 16:49:22,041 [INFO]  -> [KIMS.NS] Bypassed status. Failed strict quantitative thresholds.
2026-10-01 16:49:22,623 [INFO]  -> [KIRLOSBROS.NS] Bypassed status. Failed strict quantitative thresholds.
2026-10-01 16:49:23,177 [INFO]  -> [KIRLPNU.NS] Bypassed status. Failed strict quantitative thresholds.
2026-10-01 16:49:23,764 [INFO]  -> [KPITTECH.NS] Bypassed status. Failed strict quantitative thresholds.
2026-10-01 16:49:24,348 [INFO]  -> [KPRMILL.NS] Bypassed status. Failed strict quantitative thresholds.
2026-10-01 16:49:24,932 [INFO]  -> [KRBL.NS] Bypassed status. Failed strict quantitative thresholds.
2026-10-01 16:49:25,508 [INFO]  -> [KRSNAA.NS] Bypassed status. Failed strict quantitative thresholds.
2026-10-01 16:49:26,094 [INFO]  -> [LALPATHLAB.NS] Bypassed status. Failed strict quantitative thresholds.
2026-10-01 16:49:26,679 [INFO]  -> [LAURUSLABS.NS] Bypassed status. Failed strict quantitative thresholds.
2026-10-01 16:49:27,265 [INFO]  -> [LGBBROSLTD.NS] Bypassed status. Failed strict quantitative thresholds.
2026-10-01 16:49:27,849 [INFO]  -> [LIKHITHA.NS] Bypassed status. Failed strict quantitative thresholds.
2026-10-01 16:49:28,437 [INFO]  -> [LINC.NS] Bypassed status. Failed strict quantitative thresholds.
2026-10-01 16:49:29,018 [INFO]  -> [LINDEINDIA.NS] Bypassed status. Failed strict quantitative thresholds.
2026-10-01 16:49:29,605 [INFO]  -> [LLOYDSENGG.NS] Bypassed status. Failed strict quantitative thresholds.
2026-10-01 16:49:30,188 [INFO]  -> [LODHA.NS] Bypassed status. Failed strict quantitative thresholds.
2026-10-01 16:49:30,774 [INFO]  -> [LUMAXTECH.NS] Golden Rule Satisfied... Dispatching alerts...
2026-10-01 16:49:31,298 [INFO]  ✓ Telegram text alert delivered successfully via bot for LUMAXTECH!
2026-10-01 16:49:32,685 [INFO]  ✓ Telegram visual card delivered successfully to phone for LUMAXTECH!
2026-10-01 16:49:33,272 [INFO]  -> [LUPIN.NS] Bypassed status. Failed strict quantitative thresholds.
2026-10-01 16:49:33,856 [INFO]  -> [LUXIND.NS] Bypassed status. Failed strict quantitative thresholds.
2026-10-01 16:49:34,439 [INFO]  -> [LXCHEM.NS] Bypassed status. Failed strict quantitative thresholds.
2026-10-01 16:49:35,025 [INFO]  -> [MAHLOG.NS] Golden Rule Satisfied... Dispatching alerts...
2026-10-01 16:49:35,519 [INFO]  ✓ Telegram text alert delivered successfully via bot for MAHLOG!
2026-10-01 16:49:36,865 [INFO]  ✓ Telegram visual card delivered successfully to phone for MAHLOG!
2026-10-01 16:49:37,420 [INFO]  -> [MANKIND.NS] Bypassed status. Failed strict quantitative thresholds.
2026-10-01 16:49:37,988 [INFO]  -> [MANYAVAR.NS] Bypassed status. Failed strict quantitative thresholds.
2026-10-01 16:49:38,574 [INFO]  -> [MARICO.NS] Bypassed status. Failed strict quantitative thresholds.
2026-10-01 16:49:39,160 [INFO]  -> [MARINE.NS] Golden Rule Satisfied... Dispatching alerts...
2026-10-01 16:49:39,667 [INFO]  ✓ Telegram text alert delivered successfully via bot for MARINE!
2026-10-01 16:49:41,092 [INFO]  ✓ Telegram visual card delivered successfully to phone for MARINE!
2026-10-01 16:49:41,680 [INFO]  -> [MARKSANS.NS] Golden Rule Satisfied... Dispatching alerts...
2026-10-01 16:49:42,185 [INFO]  ✓ Telegram text alert delivered successfully via bot for MARKSANS!
2026-10-01 16:49:43,655 [INFO]  ✓ Telegram visual card delivered successfully to phone for MARKSANS!
2026-10-01 16:49:44,240 [INFO]  -> [MARUTI.NS] Bypassed status. Failed strict quantitative thresholds.
2026-10-01 16:49:44,826 [INFO]  -> [MAXHEALTH.NS] Bypassed status. Failed strict quantitative thresholds.
2026-10-01 16:49:45,387 [INFO]  -> [MEDANTA.NS] Bypassed status. Failed strict quantitative thresholds.
2026-10-01 16:49:45,958 [INFO]  -> [MEDPLUS.NS] Bypassed status. Failed strict quantitative thresholds.
2026-10-01 16:49:46,529 [INFO]  -> [METROBRAND.NS] Bypassed status. Failed strict quantitative thresholds.
2026-10-01 16:49:47,115 [INFO]  -> [METROPOLIS.NS] Bypassed status. Failed strict quantitative thresholds.
2026-10-01 16:49:47,699 [INFO]  -> [MGL.NS] Bypassed status. Failed strict quantitative thresholds.
2026-10-01 16:49:48,285 [INFO]  -> [MINDACORP.NS] Bypassed status. Failed strict quantitative thresholds.
2026-10-01 16:49:48,871 [INFO]  -> [MMTC.NS] Bypassed status. Failed strict quantitative thresholds.
2026-10-01 16:49:49,456 [INFO]  -> [MOIL.NS] Bypassed status. Failed strict quantitative thresholds.
2026-10-01 16:49:50,042 [INFO]  -> [MONTECARLO.NS] Bypassed status. Failed strict quantitative thresholds.
2026-10-01 16:49:50,631 [INFO]  -> [MOTHERSON.NS] Bypassed status. Failed strict quantitative thresholds.
2026-10-01 16:49:51,204 [INFO]  -> [MSUMI.NS] Bypassed status. Failed strict quantitative thresholds.
2026-10-01 16:49:51,790 [INFO]  -> [NATCOPHARM.NS] Bypassed status. Failed strict quantitative thresholds.
2026-10-01 16:49:52,376 [INFO]  -> [NATIONALUM.NS] Bypassed status. Failed strict quantitative thresholds.
2026-10-01 16:49:52,955 [INFO]  -> [NAZARA.NS] Bypassed status. Failed strict quantitative thresholds.
2026-10-01 16:49:53,541 [INFO]  -> [NOCIL.NS] Bypassed status. Failed strict quantitative thresholds.
2026-10-01 16:49:54,126 [INFO]  -> [NRBBEARING.NS] Bypassed status. Failed strict quantitative thresholds.
2026-10-01 16:49:54,700 [INFO]  -> [NUVOCO.NS] Bypassed status. Failed strict quantitative thresholds.
2026-10-01 16:49:55,276 [INFO]  -> [NYKAA.NS] Bypassed status. Failed strict quantitative thresholds.
2026-10-01 16:49:55,857 [INFO]  -> [OAL.NS] Bypassed status. Failed strict quantitative thresholds.
2026-10-01 16:49:56,446 [INFO]  -> [OBEROIRLTY.NS] Bypassed status. Failed strict quantitative thresholds.
2026-10-01 16:49:57,035 [INFO]  -> [OIL.NS] Bypassed status. Failed strict quantitative thresholds.
2026-10-01 16:49:57,620 [INFO]  -> [OLECTRA.NS] Golden Rule Satisfied... Dispatching alerts...
2026-10-01 16:49:58,275 [INFO]  ✓ Telegram text alert delivered successfully via bot for OLECTRA!
2026-10-01 16:49:59,676 [INFO]  ✓ Telegram visual card delivered successfully to phone for OLECTRA!
2026-10-01 16:50:00,265 [INFO]  -> [ONGC.NS] Bypassed status. Failed strict quantitative thresholds.
2026-10-01 16:50:00,853 [INFO]  -> [ORIENTELEC.NS] Bypassed status. Failed strict quantitative thresholds.
2026-10-01 16:50:01,441 [INFO]  -> [PAGEIND.NS] Bypassed status. Failed strict quantitative thresholds.
2026-10-01 16:50:02,028 [INFO]  -> [PCBL.NS] Bypassed status. Failed strict quantitative thresholds.
2026-10-01 16:50:02,614 [INFO]  -> [PDMJEPAPER.NS] Bypassed status. Failed strict quantitative thresholds.
2026-10-01 16:50:03,202 [INFO]  -> [PDSL.NS] Bypassed status. Failed strict quantitative thresholds.
2026-10-01 16:50:03,784 [INFO]  -> [PERSISTENT.NS] Bypassed status. Failed strict quantitative thresholds.
2026-10-01 16:50:04,369 [INFO]  -> [PFIZER.NS] Bypassed status. Failed strict quantitative thresholds.
2026-10-01 16:50:04,953 [INFO]  -> [PGHH.NS] Bypassed status. Failed strict quantitative thresholds.
2026-10-01 16:50:05,538 [INFO]  -> [PGHL.NS] Bypassed status. Failed strict quantitative thresholds.
2026-10-01 16:50:06,127 [INFO]  -> [PHOENIXLTD.NS] Golden Rule Satisfied... Dispatching alerts...
2026-10-01 16:50:06,648 [INFO]  ✓ Telegram text alert delivered successfully via bot for PHOENIXLTD!
2026-10-01 16:50:08,017 [INFO]  ✓ Telegram visual card delivered successfully to phone for PHOENIXLTD!
2026-10-01 16:50:08,605 [INFO]  -> [PIDILITIND.NS] Bypassed status. Failed strict quantitative thresholds.
2026-10-01 16:50:09,188 [INFO]  -> [PIIND.NS] Bypassed status. Failed strict quantitative thresholds.
2026-10-01 16:50:09,756 [INFO]  -> [PIXTRANS.NS] Bypassed status. Failed strict quantitative thresholds.
2026-10-01 16:50:10,342 [INFO]  -> [PNCINFRA.NS] Bypassed status. Failed strict quantitative thresholds.
2026-10-01 16:50:10,923 [INFO]  -> [POCL.NS] Bypassed status. Failed strict quantitative thresholds.
2026-10-01 16:50:11,507 [INFO]  -> [POKARNA.NS] Bypassed status. Failed strict quantitative thresholds.
2026-10-01 16:50:12,092 [INFO]  -> [POLYCAB.NS] Bypassed status. Failed strict quantitative thresholds.
2026-10-01 16:50:12,676 [INFO]  -> [POLYMED.NS] Bypassed status. Failed strict quantitative thresholds.
2026-10-01 16:50:13,262 [INFO]  -> [POLYPLEX.NS] Bypassed status. Failed strict quantitative thresholds.
2026-10-01 16:50:13,844 [INFO]  -> [POWERINDIA.NS] Bypassed status. Failed strict quantitative thresholds.
2026-10-01 16:50:14,407 [INFO]  -> [PPLPHARMA.NS] Bypassed status. Failed strict quantitative thresholds.
2026-10-01 16:50:14,991 [INFO]  -> [PRESTIGE.NS] Bypassed status. Failed strict quantitative thresholds.
2026-10-01 16:50:15,576 [INFO]  -> [PRINCEPIPE.NS] Bypassed status. Failed strict quantitative thresholds.
2026-10-01 16:50:16,162 [INFO]  -> [QUESS.NS] Bypassed status. Failed strict quantitative thresholds.
2026-10-01 16:50:16,744 [INFO]  -> [RAILTEL.NS] Bypassed status. Failed strict quantitative thresholds.
2026-10-01 16:50:17,330 [INFO]  -> [RAJESHEXPO.NS] Bypassed status. Failed strict quantitative thresholds.
2026-10-01 16:50:17,915 [INFO]  -> [RALLIS.NS] Bypassed status. Failed strict quantitative thresholds.
2026-10-01 16:50:18,502 [INFO]  -> [RAMCOCEM.NS] Bypassed status. Failed strict quantitative thresholds.
2026-10-01 16:50:19,088 [INFO]  -> [RATNAMANI.NS] Bypassed status. Failed strict quantitative thresholds.
2026-10-01 16:50:19,674 [INFO]  -> [RBA.NS] Bypassed status. Failed strict quantitative thresholds.
2026-10-01 16:50:20,262 [INFO]  -> [RCF.NS] Bypassed status. Failed strict quantitative thresholds.
2026-10-01 16:50:20,851 [INFO]  -> [REDINGTON.NS] Bypassed status. Failed strict quantitative thresholds.
2026-10-01 16:50:21,436 [INFO]  -> [RELAXO.NS] Bypassed status. Failed strict quantitative thresholds.
2026-10-01 16:50:22,023 [INFO]  -> [RELIANCE.NS] Bypassed status. Failed strict quantitative thresholds.
2026-10-01 16:50:22,607 [INFO]  -> [RELINFRA.NS] Bypassed status. Failed strict quantitative thresholds.
2026-10-01 16:50:23,192 [INFO]  -> [RESPONIND.NS] Bypassed status. Failed strict quantitative thresholds.
2026-10-01 16:50:23,776 [INFO]  -> [RHIM.NS] Bypassed status. Failed strict quantitative thresholds.
2026-10-01 16:50:24,361 [INFO]  -> [ROSSARI.NS] Bypassed status. Failed strict quantitative thresholds.
2026-10-01 16:50:24,944 [INFO]  -> [ROUTE.NS] Bypassed status. Failed strict quantitative thresholds.
2026-10-01 16:50:25,530 [INFO]  -> [SAIL.NS] Bypassed status. Failed strict quantitative thresholds.
2026-10-01 16:50:26,116 [INFO]  -> [SANDHAR.NS] Bypassed status. Failed strict quantitative thresholds.
2026-10-01 16:50:26,697 [INFO]  -> [SANOFI.NS] Bypassed status. Failed strict quantitative thresholds.
2026-10-01 16:50:27,282 [INFO]  -> [SCHAEFFLER.NS] Bypassed status. Failed strict quantitative thresholds.
2026-10-01 16:50:27,869 [INFO]  -> [SCI.NS] Bypassed status. Failed strict quantitative thresholds.
2026-10-01 16:50:28,457 [INFO]  -> [SFL.NS] Bypassed status. Failed strict quantitative thresholds.
2026-10-01 16:50:29,044 [INFO]  -> [SHAKTIPUMP.NS] Bypassed status. Failed strict quantitative thresholds.
2026-10-01 16:50:29,630 [INFO]  -> [SHANTIGEAR.NS] Bypassed status. Failed strict quantitative thresholds.
2026-10-01 16:50:30,216 [INFO]  -> [SHARDACROP.NS] Bypassed status. Failed strict quantitative thresholds.
2026-10-01 16:50:30,802 [INFO]  -> [SHILPAMED.NS] Bypassed status. Failed strict quantitative thresholds.
2026-10-01 16:50:31,380 [INFO]  -> [SHYAMMETL.NS] Bypassed status. Failed strict quantitative thresholds.
2026-10-01 16:50:31,965 [INFO]  -> [SIEMENS.NS] Bypassed status. Failed strict quantitative thresholds.
2026-10-01 16:50:32,551 [INFO]  -> [SIS.NS] Bypassed status. Failed strict quantitative thresholds.
2026-10-01 16:50:33,138 [INFO]  -> [SJVN.NS] Bypassed status. Failed strict quantitative thresholds.
2026-10-01 16:50:33,722 [INFO]  -> [SKFINDIA.NS] Bypassed status. Failed strict quantitative thresholds.
2026-10-01 16:50:34,308 [INFO]  -> [SKIPPER.NS] Bypassed status. Failed strict quantitative thresholds.
2026-10-01 16:50:34,893 [INFO]  -> [SOBHA.NS] Bypassed status. Failed strict quantitative thresholds.
2026-10-01 16:50:35,475 [INFO]  -> [SOLARINDS.NS] Bypassed status. Failed strict quantitative thresholds.
2026-10-01 16:50:36,052 [INFO]  -> [SONACOMS.NS] Golden Rule Satisfied... Dispatching alerts...
2026-10-01 16:50:36,575 [INFO]  ✓ Telegram text alert delivered successfully via bot for SONACOMS!
2026-10-01 16:50:38,004 [INFO]  ✓ Telegram visual card delivered successfully to phone for SONACOMS!
2026-10-01 16:50:38,592 [INFO]  -> [SPARC.NS] Golden Rule Satisfied... Dispatching alerts...
2026-10-01 16:50:39,263 [INFO]  ✓ Telegram text alert delivered successfully via bot for SPARC!
2026-10-01 16:50:40,570 [INFO]  ✓ Telegram visual card delivered successfully to phone for SPARC!
2026-10-01 16:50:41,159 [INFO]  -> [SRF.NS] Bypassed status. Failed strict quantitative thresholds.
2026-10-01 16:50:41,737 [INFO]  -> [STYLAMIND.NS] Golden Rule Satisfied... Dispatching alerts...
2026-10-01 16:50:42,251 [INFO]  ✓ Telegram text alert delivered successfully via bot for STYLAMIND!
2026-10-01 16:50:43,628 [INFO]  ✓ Telegram visual card delivered successfully to phone for STYLAMIND!
2026-10-01 16:50:44,216 [INFO]  -> [SUBROS.NS] Bypassed status. Failed strict quantitative thresholds.
2026-10-01 16:50:44,800 [INFO]  -> [SUDARSCHEM.NS] Bypassed status. Failed strict quantitative thresholds.
2026-10-01 16:50:45,385 [INFO]  -> [SUMICHEM.NS] Bypassed status. Failed strict quantitative thresholds.
2026-10-01 16:50:45,969 [INFO]  -> [SUNDRMFAST.NS] Bypassed status. Failed strict quantitative thresholds.
2026-10-01 16:50:46,555 [INFO]  -> [SUNPHARMA.NS] Bypassed status. Failed strict quantitative thresholds.
2026-10-01 16:50:47,140 [INFO]  -> [SUNTECK.NS] Bypassed status. Failed strict quantitative thresholds.
2026-10-01 16:50:47,725 [INFO]  -> [SUPRAJIT.NS] Bypassed status. Failed strict quantitative thresholds.
2026-10-01 16:50:48,309 [INFO]  -> [SUPREMEIND.NS] Bypassed status. Failed strict quantitative thresholds.
2026-10-01 16:50:48,882 [INFO]  -> [SUPRIYA.NS] Bypassed status. Failed strict quantitative thresholds.
2026-10-01 16:50:49,469 [INFO]  -> [SYMPHONY.NS] Bypassed status. Failed strict quantitative thresholds.
2026-10-01 16:50:50,053 [INFO]  -> [SYNGENE.NS] Bypassed status. Failed strict quantitative thresholds.
2026-10-01 16:50:50,640 [INFO]  -> [TARIL.NS] Bypassed status. Failed strict quantitative thresholds.
2026-10-01 16:50:51,225 [INFO]  -> [TATACHEM.NS] Bypassed status. Failed strict quantitative thresholds.
2026-10-01 16:50:51,810 [INFO]  -> [TATACONSUM.NS] Bypassed status. Failed strict quantitative thresholds.
2026-10-01 16:50:52,399 [INFO]  -> [TATASTEEL.NS] Bypassed status. Failed strict quantitative thresholds.
2026-10-01 16:50:52,986 [INFO]  -> [TCI.NS] Bypassed status. Failed strict quantitative thresholds.
2026-10-01 16:50:53,571 [INFO]  -> [TCIEXP.NS] Bypassed status. Failed strict quantitative thresholds.
2026-10-01 16:50:54,156 [INFO]  -> [TEJASNET.NS] Bypassed status. Failed strict quantitative thresholds.
2026-10-01 16:50:54,747 [INFO]  -> [TEXRAIL.NS] Golden Rule Satisfied... Dispatching alerts...
2026-10-01 16:50:55,263 [INFO]  ✓ Telegram text alert delivered successfully via bot for TEXRAIL!
2026-10-01 16:50:56,670 [INFO]  ✓ Telegram visual card delivered successfully to phone for TEXRAIL!
2026-10-01 16:50:57,259 [INFO]  -> [THERMAX.NS] Bypassed status. Failed strict quantitative thresholds.
2026-10-01 16:50:57,854 [INFO]  -> [THYROCARE.NS] Bypassed status. Failed strict quantitative thresholds.
2026-10-01 16:50:58,440 [INFO]  -> [TIINDIA.NS] Bypassed status. Failed strict quantitative thresholds.
2026-10-01 16:50:59,027 [INFO]  -> [TIMETECHNO.NS] Bypassed status. Failed strict quantitative thresholds.
2026-10-01 16:50:59,612 [INFO]  -> [TIMKEN.NS] Bypassed status. Failed strict quantitative thresholds.
2026-10-01 16:51:00,199 [INFO]  -> [TRIDENT.NS] Bypassed status. Failed strict quantitative thresholds.
2026-10-01 16:51:00,786 [INFO]  -> [TRITURBINE.NS] Bypassed status. Failed strict quantitative thresholds.
2026-10-01 16:51:01,372 [INFO]  -> [TTKPRESTIG.NS] Bypassed status. Failed strict quantitative thresholds.
2026-10-01 16:51:01,957 [INFO]  -> [UNICHEMLAB.NS] Golden Rule Satisfied... Dispatching alerts...
2026-10-01 16:51:02,522 [INFO]  ✓ Telegram text alert delivered successfully via bot for UNICHEMLAB!
2026-10-01 16:51:03,969 [INFO]  ✓ Telegram visual card delivered successfully to phone for UNICHEMLAB!
2026-10-01 16:51:04,557 [INFO]  -> [UNOMINDA.NS] Bypassed status. Failed strict quantitative thresholds.
2026-10-01 16:51:05,142 [INFO]  -> [UPL.NS] Bypassed status. Failed strict quantitative thresholds.
2026-10-01 16:51:05,727 [INFO]  -> [VAIBHAVGBL.NS] Bypassed status. Failed strict quantitative thresholds.
2026-10-01 16:51:06,312 [INFO]  -> [VARROC.NS] Bypassed status. Failed strict quantitative thresholds.
2026-10-01 16:51:06,900 [INFO]  -> [VBL.NS] Bypassed status. Failed strict quantitative thresholds.
2026-10-01 16:51:07,486 [INFO]  -> [VEDL.NS] Bypassed status. Failed strict quantitative thresholds.
2026-10-01 16:51:08,071 [INFO]  -> [VGUARD.NS] Bypassed status. Failed strict quantitative thresholds.
2026-10-01 16:51:08,647 [INFO]  -> [VIJAYA.NS] Golden Rule Satisfied... Dispatching alerts...
2026-10-01 16:51:09,161 [INFO]  ✓ Telegram text alert delivered successfully via bot for VIJAYA!
2026-10-01 16:51:10,478 [INFO]  ✓ Telegram visual card delivered successfully to phone for VIJAYA!
2026-10-01 16:51:11,064 [INFO]  -> [VINATIORGA.NS] Bypassed status. Failed strict quantitative thresholds.
2026-10-01 16:51:11,648 [INFO]  -> [VIPIND.NS] Bypassed status. Failed strict quantitative thresholds.
2026-10-01 16:51:12,236 [INFO]  -> [VMART.NS] Bypassed status. Failed strict quantitative thresholds.
2026-10-01 16:51:12,822 [INFO]  -> [VOLTAS.NS] Bypassed status. Failed strict quantitative thresholds.
2026-10-01 16:51:13,410 [INFO]  -> [VTL.NS] Bypassed status. Failed strict quantitative thresholds.
2026-10-01 16:51:13,994 [INFO]  -> [WELCORP.NS] Bypassed status. Failed strict quantitative thresholds.
2026-10-01 16:51:14,579 [INFO]  -> [WELSPUNLIV.NS] Bypassed status. Failed strict quantitative thresholds.
2026-10-01 16:51:15,164 [INFO]  -> [WHIRLPOOL.NS] Bypassed status. Failed strict quantitative thresholds.
2026-10-01 16:51:15,745 [INFO]  -> [WOCKPHARMA.NS] Bypassed status. Failed strict quantitative thresholds.
2026-10-01 16:51:16,320 [INFO]  -> [YUKEN.NS] Bypassed status. Failed strict quantitative thresholds.
2026-10-01 16:51:16,906 [INFO]  -> [ZFCVINDIA.NS] Bypassed status. Failed strict quantitative thresholds.
2026-10-01 16:51:17,491 [INFO]  -> [ZYDUSLIFE.NS] Bypassed status. Failed strict quantitative thresholds.
2026-10-01 16:51:18,079 [INFO]  -> [ZYDUSWELL.NS] Bypassed status. Failed strict quantitative thresholds.
2026-10-01 16:51:18,580 [INFO] [Complete] Quant script loops finished successfully. Overwriting metrics...
2026-10-01 16:51:32,025 [INFO] ✓ Central output matrix overwritten successfully.
2026-10-02 14:14:51,348 [INFO] =================================================================
2026-10-02 14:14:51,348 [INFO] RUNNING CONSOLIDATED SYSTEM SCRIPTS
2026-10-02 14:14:51,348 [INFO] =================================================================
2026-10-02 14:14:51,401 [INFO]  -> [AARTIDRUGS.NS] Bypassed status. Failed strict quantitative thresholds.
2026-10-02 14:14:51,945 [INFO]  -> [ACE.NS] Bypassed status. Failed strict quantitative thresholds.
2026-10-02 14:14:52,494 [INFO]  -> [AFFLE.NS] Bypassed status. Failed strict quantitative thresholds.
2026-10-02 14:14:53,038 [INFO]  -> [AIAENG.NS] Bypassed status. Failed strict quantitative thresholds.
2026-10-02 14:14:53,581 [INFO]  -> [ALKYLAMINE.NS] Bypassed status. Failed strict quantitative thresholds.
2026-10-02 14:14:54,124 [INFO]  -> [ALLCARGO.NS] Bypassed status. Failed strict quantitative thresholds.
2026-10-02 14:14:54,665 [INFO]  -> [AMBER.NS] Bypassed status. Failed strict quantitative thresholds.
2026-10-02 14:14:55,208 [INFO]  -> [AMBUJACEM.NS] Bypassed status. Failed strict quantitative thresholds.
2026-10-02 14:14:55,750 [INFO]  -> [ANANTRAJ.NS] Bypassed status. Failed strict quantitative thresholds.
2026-10-02 14:14:56,296 [INFO]  -> [ANURAS.NS] Bypassed status. Failed strict quantitative thresholds.
2026-10-02 14:14:56,839 [INFO]  -> [APLAPOLLO.NS] Bypassed status. Failed strict quantitative thresholds.
2026-10-02 14:14:57,384 [INFO]  -> [APLLTD.NS] Bypassed status. Failed strict quantitative thresholds.
2026-10-02 14:14:57,927 [INFO]  -> [APOLLO.NS] Bypassed status. Failed strict quantitative thresholds.
2026-10-02 14:14:58,469 [INFO]  -> [APOLLOHOSP.NS] Bypassed status. Failed strict quantitative thresholds.
2026-10-02 14:14:59,011 [INFO]  -> [APOLLOTYRE.NS] Bypassed status. Failed strict quantitative thresholds.
2026-10-02 14:14:59,554 [INFO]  -> [ARE&M.NS] Bypassed status. Failed strict quantitative thresholds.
2026-10-02 14:15:00,096 [INFO]  -> [ARTEMISMED.NS] Bypassed status. Failed strict quantitative thresholds.
2026-10-02 14:15:00,639 [INFO]  -> [ASAHIINDIA.NS] Bypassed status. Failed strict quantitative thresholds.
2026-10-02 14:15:01,176 [INFO]  -> [ASIANENE.NS] Bypassed status. Failed strict quantitative thresholds.
2026-10-02 14:15:01,719 [INFO]  -> [ASIANPAINT.NS] Bypassed status. Failed strict quantitative thresholds.
2026-10-02 14:15:02,246 [INFO]  -> [ASKAUTOLTD.NS] Bypassed status. Failed strict quantitative thresholds.
2026-10-02 14:15:02,792 [INFO]  -> [ASTRAL.NS] Bypassed status. Failed strict quantitative thresholds.
2026-10-02 14:15:03,335 [INFO]  -> [ASTRAZEN.NS] Bypassed status. Failed strict quantitative thresholds.
2026-10-02 14:15:03,881 [INFO]  -> [ATGL.NS] Bypassed status. Failed strict quantitative thresholds.
2026-10-02 14:15:04,425 [INFO]  -> [ATUL.NS] Bypassed status. Failed strict quantitative thresholds.
2026-10-02 14:15:04,970 [INFO]  -> [AUROPHARMA.NS] Golden Rule Satisfied but alert is on cooldown (already alerted within the last 24 trading days). Skipping Telegram send.
2026-10-02 14:15:05,014 [INFO]  -> [AVANTIFEED.NS] Bypassed status. Failed strict quantitative thresholds.
2026-10-02 14:15:05,558 [INFO]  -> [AYMSYNTEX.NS] Bypassed status. Failed strict quantitative thresholds.
2026-10-02 14:15:06,104 [INFO]  -> [BAJAJELEC.NS] Bypassed status. Failed strict quantitative thresholds.
2026-10-02 14:15:06,642 [INFO]  -> [BAJAJHCARE.NS] Bypassed status. Failed strict quantitative thresholds.
2026-10-02 14:15:07,184 [INFO]  -> [BALKRISIND.NS] Bypassed status. Failed strict quantitative thresholds.
2026-10-02 14:15:07,727 [INFO]  -> [BASF.NS] Bypassed status. Failed strict quantitative thresholds.
2026-10-02 14:15:08,272 [INFO]  -> [BATAINDIA.NS] Bypassed status. Failed strict quantitative thresholds.
2026-10-02 14:15:08,815 [INFO]  -> [BAYERCROP.NS] Bypassed status. Failed strict quantitative thresholds.
2026-10-02 14:15:09,359 [INFO]  -> [BBTC.NS] Bypassed status. Failed strict quantitative thresholds.
2026-10-02 14:15:09,903 [INFO]  -> [BECTORFOOD.NS] Bypassed status. Failed strict quantitative thresholds.
2026-10-02 14:15:10,448 [INFO]  -> [BERGEPAINT.NS] Bypassed status. Failed strict quantitative thresholds.
2026-10-02 14:15:10,992 [INFO]  -> [BHARATRAS.NS] Bypassed status. Failed strict quantitative thresholds.
2026-10-02 14:15:11,524 [INFO]  -> [BIKAJI.NS] Bypassed status. Failed strict quantitative thresholds.
2026-10-02 14:15:12,069 [INFO]  -> [BIOCON.NS] Bypassed status. Failed strict quantitative thresholds.
2026-10-02 14:15:12,613 [INFO]  -> [BIRLACORPN.NS] Bypassed status. Failed strict quantitative thresholds.
2026-10-02 14:15:13,160 [INFO]  -> [BLUESTARCO.NS] Bypassed status. Failed strict quantitative thresholds.
2026-10-02 14:15:13,706 [INFO]  -> [BORORENEW.NS] Bypassed status. Failed strict quantitative thresholds.
2026-10-02 14:15:14,251 [INFO]  -> [BRIGADE.NS] Bypassed status. Failed strict quantitative thresholds.
2026-10-02 14:15:14,787 [INFO]  -> [CAMPUS.NS] Bypassed status. Failed strict quantitative thresholds.
2026-10-02 14:15:15,331 [INFO]  -> [CAPLIPOINT.NS] Bypassed status. Failed strict quantitative thresholds.
2026-10-02 14:15:15,875 [INFO]  -> [CARBORUNIV.NS] Bypassed status. Failed strict quantitative thresholds.
2026-10-02 14:15:16,420 [INFO]  -> [CCL.NS] Bypassed status. Failed strict quantitative thresholds.
2026-10-02 14:15:16,963 [INFO]  -> [CEATLTD.NS] Bypassed status. Failed strict quantitative thresholds.
2026-10-02 14:15:17,505 [INFO]  -> [CENTURYPLY.NS] Bypassed status. Failed strict quantitative thresholds.
2026-10-02 14:15:18,048 [INFO]  -> [CERA.NS] Bypassed status. Failed strict quantitative thresholds.
2026-10-02 14:15:18,591 [INFO]  -> [CGPOWER.NS] Bypassed status. Failed strict quantitative thresholds.
2026-10-02 14:15:19,136 [INFO]  -> [CHAMBLFERT.NS] Bypassed status. Failed strict quantitative thresholds.
2026-10-02 14:15:19,675 [INFO]  -> [CHEMPLASTS.NS] Bypassed status. Failed strict quantitative thresholds.
2026-10-02 14:15:20,220 [INFO]  -> [CIPLA.NS] Bypassed status. Failed strict quantitative thresholds.
2026-10-02 14:15:20,760 [INFO]  -> [CLEAN.NS] Bypassed status. Failed strict quantitative thresholds.
2026-10-02 14:15:21,302 [INFO]  -> [COALINDIA.NS] Bypassed status. Failed strict quantitative thresholds.
2026-10-02 14:15:21,846 [INFO]  -> [COCHINSHIP.NS] Bypassed status. Failed strict quantitative thresholds.
2026-10-02 14:15:22,391 [INFO]  -> [COLPAL.NS] Bypassed status. Failed strict quantitative thresholds.
2026-10-02 14:15:22,937 [INFO]  -> [CONCOR.NS] Bypassed status. Failed strict quantitative thresholds.
2026-10-02 14:15:23,481 [INFO]  -> [COSMOFIRST.NS] Bypassed status. Failed strict quantitative thresholds.
2026-10-02 14:15:24,026 [INFO]  -> [CROMPTON.NS] Bypassed status. Failed strict quantitative thresholds.
2026-10-02 14:15:24,570 [INFO]  -> [CYIENT.NS] Bypassed status. Failed strict quantitative thresholds.
2026-10-02 14:15:25,115 [INFO]  -> [DABUR.NS] Bypassed status. Failed strict quantitative thresholds.
2026-10-02 14:15:25,659 [INFO]  -> [DALBHARAT.NS] Bypassed status. Failed strict quantitative thresholds.
2026-10-02 14:15:26,204 [INFO]  -> [DCMSHRIRAM.NS] Bypassed status. Failed strict quantitative thresholds.
2026-10-02 14:15:26,748 [INFO]  -> [DEEPAKFERT.NS] Golden Rule Satisfied but alert is on cooldown (already alerted within the last 24 trading days). Skipping Telegram send.
2026-10-02 14:15:26,791 [INFO]  -> [DEEPAKNTR.NS] Bypassed status. Failed strict quantitative thresholds.
2026-10-02 14:15:27,326 [INFO]  -> [DELHIVERY.NS] Bypassed status. Failed strict quantitative thresholds.
2026-10-02 14:15:27,870 [INFO]  -> [DHANUKA.NS] Bypassed status. Failed strict quantitative thresholds.
2026-10-02 14:15:28,413 [INFO]  -> [DIVISLAB.NS] Bypassed status. Failed strict quantitative thresholds.
2026-10-02 14:15:28,955 [INFO]  -> [DLF.NS] Bypassed status. Failed strict quantitative thresholds.
2026-10-02 14:15:29,497 [INFO]  -> [DMART.NS] Bypassed status. Failed strict quantitative thresholds.
2026-10-02 14:15:30,080 [INFO]  -> [DOLLAR.NS] Bypassed status. Failed strict quantitative thresholds.
2026-10-02 14:15:30,623 [INFO]  -> [DRREDDY.NS] Bypassed status. Failed strict quantitative thresholds.
2026-10-02 14:15:31,156 [INFO]  -> [DYCL.NS] Bypassed status. Failed strict quantitative thresholds.
2026-10-02 14:15:31,701 [INFO]  -> [ECLERX.NS] Bypassed status. Failed strict quantitative thresholds.
2026-10-02 14:15:32,245 [INFO]  -> [EICHERMOT.NS] Bypassed status. Failed strict quantitative thresholds.
2026-10-02 14:15:32,791 [INFO]  -> [EIDPARRY.NS] Bypassed status. Failed strict quantitative thresholds.
2026-10-02 14:15:33,337 [INFO]  -> [EKC.NS] Bypassed status. Failed strict quantitative thresholds.
2026-10-02 14:15:33,885 [INFO]  -> [ELGIEQUIP.NS] Bypassed status. Failed strict quantitative thresholds.
2026-10-02 14:15:34,430 [INFO]  -> [EMAMILTD.NS] Bypassed status. Failed strict quantitative thresholds.
2026-10-02 14:15:34,964 [INFO]  -> [EMUDHRA.NS] Bypassed status. Failed strict quantitative thresholds.
2026-10-02 14:15:35,509 [INFO]  -> [ENDURANCE.NS] Bypassed status. Failed strict quantitative thresholds.
2026-10-02 14:15:36,054 [INFO]  -> [EPL.NS] Bypassed status. Failed strict quantitative thresholds.
2026-10-02 14:15:36,598 [INFO]  -> [FDC.NS] Bypassed status. Failed strict quantitative thresholds.
2026-10-02 14:15:37,145 [INFO]  -> [FINCABLES.NS] Bypassed status. Failed strict quantitative thresholds.
2026-10-02 14:15:37,689 [INFO]  -> [FINEORG.NS] Bypassed status. Failed strict quantitative thresholds.
2026-10-02 14:15:38,234 [INFO]  -> [FINPIPE.NS] Bypassed status. Failed strict quantitative thresholds.
2026-10-02 14:15:38,777 [INFO]  -> [FLUOROCHEM.NS] Bypassed status. Failed strict quantitative thresholds.
2026-10-02 14:15:39,321 [INFO]  -> [FMGOETZE.NS] Bypassed status. Failed strict quantitative thresholds.
2026-10-02 14:15:39,866 [INFO]  -> [FORTIS.NS] Bypassed status. Failed strict quantitative thresholds.
2026-10-02 14:15:40,410 [INFO]  -> [GABRIEL.NS] Golden Rule Satisfied but alert is on cooldown (already alerted within the last 24 trading days). Skipping Telegram send.
2026-10-02 14:15:40,454 [INFO]  -> [GAEL.NS] Bypassed status. Failed strict quantitative thresholds.
2026-10-02 14:15:40,999 [INFO]  -> [GAIL.NS] Bypassed status. Failed strict quantitative thresholds.
2026-10-02 14:15:41,543 [INFO]  -> [GALAXYSURF.NS] Bypassed status. Failed strict quantitative thresholds.
2026-10-02 14:15:42,087 [INFO]  -> [GANECOS.NS] Bypassed status. Failed strict quantitative thresholds.
2026-10-02 14:15:42,632 [INFO]  -> [GARFIBRES.NS] Bypassed status. Failed strict quantitative thresholds.
2026-10-02 14:15:43,176 [INFO]  -> [GENESYS.NS] Bypassed status. Failed strict quantitative thresholds.
2026-10-02 14:15:43,705 [INFO]  -> [GHCLTEXTIL.NS] Bypassed status. Failed strict quantitative thresholds.
2026-10-02 14:15:44,249 [INFO]  -> [GLAND.NS] Bypassed status. Failed strict quantitative thresholds.
2026-10-02 14:15:44,794 [INFO]  -> [GLENMARK.NS] Bypassed status. Failed strict quantitative thresholds.
2026-10-02 14:15:45,338 [INFO]  -> [GMMPFAUDLR.NS] Bypassed status. Failed strict quantitative thresholds.
2026-10-02 14:15:45,882 [INFO]  -> [GODREJAGRO.NS] Bypassed status. Failed strict quantitative thresholds.
2026-10-02 14:15:46,427 [INFO]  -> [GODREJCP.NS] Bypassed status. Failed strict quantitative thresholds.
2026-10-02 14:15:46,971 [INFO]  -> [GOKULAGRO.NS] Bypassed status. Failed strict quantitative thresholds.
2026-10-02 14:15:47,517 [INFO]  -> [GOODLUCK.NS] Bypassed status. Failed strict quantitative thresholds.
2026-10-02 14:15:48,062 [INFO]  -> [GPPL.NS] Bypassed status. Failed strict quantitative thresholds.
2026-10-02 14:15:48,607 [INFO]  -> [GRANULES.NS] Bypassed status. Failed strict quantitative thresholds.
2026-10-02 14:15:49,150 [INFO]  -> [GRAPHITE.NS] Bypassed status. Failed strict quantitative thresholds.
2026-10-02 14:15:49,694 [INFO]  -> [GREENPANEL.NS] Bypassed status. Failed strict quantitative thresholds.
2026-10-02 14:15:50,238 [INFO]  -> [GRINDWELL.NS] Bypassed status. Failed strict quantitative thresholds.
2026-10-02 14:15:50,774 [INFO]  -> [GRWRHITECH.NS] Bypassed status. Failed strict quantitative thresholds.
2026-10-02 14:15:51,321 [INFO]  -> [GUJALKALI.NS] Bypassed status. Failed strict quantitative thresholds.
2026-10-02 14:15:51,884 [INFO]  -> [GUJGASLTD.NS] Bypassed status. Failed strict quantitative thresholds.
2026-10-02 14:15:52,430 [INFO]  -> [GVT&D.NS] Bypassed status. Failed strict quantitative thresholds.
2026-10-02 14:15:52,969 [INFO]  -> [HARDWYN.NS] Bypassed status. Failed strict quantitative thresholds.
2026-10-02 14:15:53,514 [INFO]  -> [HAVELLS.NS] Bypassed status. Failed strict quantitative thresholds.
2026-10-02 14:15:54,061 [INFO]  -> [HEG.NS] Bypassed status. Failed strict quantitative thresholds.
2026-10-02 14:15:54,605 [INFO]  -> [HERANBA.NS] Bypassed status. Failed strict quantitative thresholds.
2026-10-02 14:15:55,153 [INFO]  -> [HEROMOTOCO.NS] Bypassed status. Failed strict quantitative thresholds.
2026-10-02 14:15:55,698 [INFO]  -> [HFCL.NS] Bypassed status. Failed strict quantitative thresholds.
2026-10-02 14:15:56,242 [INFO]  -> [HIKAL.NS] Bypassed status. Failed strict quantitative thresholds.
2026-10-02 14:15:56,787 [INFO]  -> [HINDALCO.NS] Golden Rule Satisfied but alert is on cooldown (already alerted within the last 24 trading days). Skipping Telegram send.
2026-10-02 14:15:56,831 [INFO]  -> [HINDCOPPER.NS] Bypassed status. Failed strict quantitative thresholds.
2026-10-02 14:15:57,377 [INFO]  -> [HINDPETRO.NS] Bypassed status. Failed strict quantitative thresholds.
2026-10-02 14:15:57,921 [INFO]  -> [HINDUNILVR.NS] Bypassed status. Failed strict quantitative thresholds.
2026-10-02 14:15:58,464 [INFO]  -> [HLEGLAS.NS] Bypassed status. Failed strict quantitative thresholds.
2026-10-02 14:15:59,020 [INFO]  -> [IBREALEST.NS] Bypassed status. Failed strict quantitative thresholds.
2026-10-02 14:15:59,564 [INFO]  -> [IFBIND.NS] Bypassed status. Failed strict quantitative thresholds.
2026-10-02 14:16:00,108 [INFO]  -> [IGL.NS] Bypassed status. Failed strict quantitative thresholds.
2026-10-02 14:16:00,653 [INFO]  -> [INDIGOPNTS.NS] Bypassed status. Failed strict quantitative thresholds.
2026-10-02 14:16:01,197 [INFO]  -> [INDNIPPON.NS] Bypassed status. Failed strict quantitative thresholds.
2026-10-02 14:16:01,742 [INFO]  -> [INDOCO.NS] Bypassed status. Failed strict quantitative thresholds.
2026-10-02 14:16:02,288 [INFO]  -> [INDUSTOWER.NS] Bypassed status. Failed strict quantitative thresholds.
2026-10-02 14:16:02,813 [INFO]  -> [INNOVACAP.NS] Bypassed status. Failed strict quantitative thresholds.
2026-10-02 14:16:03,359 [INFO]  -> [IOC.NS] Bypassed status. Failed strict quantitative thresholds.
2026-10-02 14:16:03,904 [INFO]  -> [IPCALAB.NS] Bypassed status. Failed strict quantitative thresholds.
2026-10-02 14:16:04,445 [INFO]  -> [IPL.NS] Bypassed status. Failed strict quantitative thresholds.
2026-10-02 14:16:04,987 [INFO]  -> [ISGEC.NS] Bypassed status. Failed strict quantitative thresholds.
2026-10-02 14:16:05,535 [INFO]  -> [ITI.NS] Bypassed status. Failed strict quantitative thresholds.
2026-10-02 14:16:06,079 [INFO]  -> [JAMNAAUTO.NS] Bypassed status. Failed strict quantitative thresholds.
2026-10-02 14:16:06,628 [INFO]  -> [JINDALSAW.NS] Bypassed status. Failed strict quantitative thresholds.
2026-10-02 14:16:07,173 [INFO]  -> [JINDALSTEL.NS] Golden Rule Satisfied but alert is on cooldown (already alerted within the last 24 trading days). Skipping Telegram send.
2026-10-02 14:16:07,217 [INFO]  -> [JKIL.NS] Bypassed status. Failed strict quantitative thresholds.
2026-10-02 14:16:07,762 [INFO]  -> [JKLAKSHMI.NS] Bypassed status. Failed strict quantitative thresholds.
2026-10-02 14:16:08,307 [INFO]  -> [JSL.NS] Bypassed status. Failed strict quantitative thresholds.
2026-10-02 14:16:08,851 [INFO]  -> [JSWENERGY.NS] Bypassed status. Failed strict quantitative thresholds.
2026-10-02 14:16:09,394 [INFO]  -> [JUBLINGREA.NS] Bypassed status. Failed strict quantitative thresholds.
2026-10-02 14:16:09,938 [INFO]  -> [JUBLPHARMA.NS] Bypassed status. Failed strict quantitative thresholds.
2026-10-02 14:16:10,485 [INFO]  -> [KAJARIACER.NS] Bypassed status. Failed strict quantitative thresholds.
2026-10-02 14:16:11,041 [INFO]  -> [KALPATPOWR.NS] Bypassed status. Failed strict quantitative thresholds.
2026-10-02 14:16:11,587 [INFO]  -> [KANSAINER.NS] Bypassed status. Failed strict quantitative thresholds.
2026-10-02 14:16:12,131 [INFO]  -> [KEI.NS] Bypassed status. Failed strict quantitative thresholds.
2026-10-02 14:16:12,688 [INFO]  -> [KEPL.NS] Bypassed status. Failed strict quantitative thresholds.
2026-10-02 14:16:13,264 [INFO]  -> [KIMS.NS] Bypassed status. Failed strict quantitative thresholds.
2026-10-02 14:16:13,808 [INFO]  -> [KIRLOSBROS.NS] Bypassed status. Failed strict quantitative thresholds.
2026-10-02 14:16:14,337 [INFO]  -> [KIRLPNU.NS] Bypassed status. Failed strict quantitative thresholds.
2026-10-02 14:16:14,882 [INFO]  -> [KPITTECH.NS] Bypassed status. Failed strict quantitative thresholds.
2026-10-02 14:16:15,426 [INFO]  -> [KPRMILL.NS] Bypassed status. Failed strict quantitative thresholds.
2026-10-02 14:16:15,971 [INFO]  -> [KRBL.NS] Bypassed status. Failed strict quantitative thresholds.
2026-10-02 14:16:16,511 [INFO]  -> [KRSNAA.NS] Bypassed status. Failed strict quantitative thresholds.
2026-10-02 14:16:17,055 [INFO]  -> [LALPATHLAB.NS] Bypassed status. Failed strict quantitative thresholds.
2026-10-02 14:16:17,598 [INFO]  -> [LAURUSLABS.NS] Bypassed status. Failed strict quantitative thresholds.
2026-10-02 14:16:18,141 [INFO]  -> [LGBBROSLTD.NS] Bypassed status. Failed strict quantitative thresholds.
2026-10-02 14:16:18,686 [INFO]  -> [LIKHITHA.NS] Bypassed status. Failed strict quantitative thresholds.
2026-10-02 14:16:19,231 [INFO]  -> [LINC.NS] Bypassed status. Failed strict quantitative thresholds.
2026-10-02 14:16:19,774 [INFO]  -> [LINDEINDIA.NS] Bypassed status. Failed strict quantitative thresholds.
2026-10-02 14:16:20,321 [INFO]  -> [LLOYDSENGG.NS] Bypassed status. Failed strict quantitative thresholds.
2026-10-02 14:16:20,865 [INFO]  -> [LODHA.NS] Bypassed status. Failed strict quantitative thresholds.
2026-10-02 14:16:21,411 [INFO]  -> [LUMAXTECH.NS] Golden Rule Satisfied but alert is on cooldown (already alerted within the last 24 trading days). Skipping Telegram send.
2026-10-02 14:16:21,456 [INFO]  -> [LUPIN.NS] Bypassed status. Failed strict quantitative thresholds.
2026-10-02 14:16:22,000 [INFO]  -> [LUXIND.NS] Bypassed status. Failed strict quantitative thresholds.
2026-10-02 14:16:22,544 [INFO]  -> [LXCHEM.NS] Bypassed status. Failed strict quantitative thresholds.
2026-10-02 14:16:23,089 [INFO]  -> [MAHLOG.NS] Golden Rule Satisfied but alert is on cooldown (already alerted within the last 24 trading days). Skipping Telegram send.
2026-10-02 14:16:23,116 [INFO]  -> [MANKIND.NS] Bypassed status. Failed strict quantitative thresholds.
2026-10-02 14:16:23,654 [INFO]  -> [MANYAVAR.NS] Bypassed status. Failed strict quantitative thresholds.
2026-10-02 14:16:24,199 [INFO]  -> [MARICO.NS] Bypassed status. Failed strict quantitative thresholds.
2026-10-02 14:16:24,745 [INFO]  -> [MARINE.NS] Golden Rule Satisfied but alert is on cooldown (already alerted within the last 24 trading days). Skipping Telegram send.
2026-10-02 14:16:24,790 [INFO]  -> [MARKSANS.NS] Golden Rule Satisfied but alert is on cooldown (already alerted within the last 24 trading days). Skipping Telegram send.
2026-10-02 14:16:24,834 [INFO]  -> [MARUTI.NS] Bypassed status. Failed strict quantitative thresholds.
2026-10-02 14:16:25,379 [INFO]  -> [MAXHEALTH.NS] Bypassed status. Failed strict quantitative thresholds.
2026-10-02 14:16:25,911 [INFO]  -> [MEDANTA.NS] Bypassed status. Failed strict quantitative thresholds.
2026-10-02 14:16:26,449 [INFO]  -> [MEDPLUS.NS] Bypassed status. Failed strict quantitative thresholds.
2026-10-02 14:16:26,997 [INFO]  -> [METROBRAND.NS] Bypassed status. Failed strict quantitative thresholds.
2026-10-02 14:16:27,543 [INFO]  -> [METROPOLIS.NS] Bypassed status. Failed strict quantitative thresholds.
2026-10-02 14:16:28,089 [INFO]  -> [MGL.NS] Bypassed status. Failed strict quantitative thresholds.
2026-10-02 14:16:28,635 [INFO]  -> [MINDACORP.NS] Bypassed status. Failed strict quantitative thresholds.
2026-10-02 14:16:29,181 [INFO]  -> [MMTC.NS] Bypassed status. Failed strict quantitative thresholds.
2026-10-02 14:16:29,730 [INFO]  -> [MOIL.NS] Bypassed status. Failed strict quantitative thresholds.
2026-10-02 14:16:30,278 [INFO]  -> [MONTECARLO.NS] Bypassed status. Failed strict quantitative thresholds.
2026-10-02 14:16:30,824 [INFO]  -> [MOTHERSON.NS] Bypassed status. Failed strict quantitative thresholds.
2026-10-02 14:16:31,364 [INFO]  -> [MSUMI.NS] Bypassed status. Failed strict quantitative thresholds.
2026-10-02 14:16:31,914 [INFO]  -> [NATCOPHARM.NS] Bypassed status. Failed strict quantitative thresholds.
2026-10-02 14:16:32,461 [INFO]  -> [NATIONALUM.NS] Bypassed status. Failed strict quantitative thresholds.
2026-10-02 14:16:33,009 [INFO]  -> [NAZARA.NS] Bypassed status. Failed strict quantitative thresholds.
2026-10-02 14:16:33,558 [INFO]  -> [NOCIL.NS] Bypassed status. Failed strict quantitative thresholds.
2026-10-02 14:16:34,105 [INFO]  -> [NRBBEARING.NS] Bypassed status. Failed strict quantitative thresholds.
2026-10-02 14:16:34,648 [INFO]  -> [NUVOCO.NS] Bypassed status. Failed strict quantitative thresholds.
2026-10-02 14:16:35,190 [INFO]  -> [NYKAA.NS] Bypassed status. Failed strict quantitative thresholds.
2026-10-02 14:16:35,738 [INFO]  -> [OAL.NS] Bypassed status. Failed strict quantitative thresholds.
2026-10-02 14:16:36,282 [INFO]  -> [OBEROIRLTY.NS] Bypassed status. Failed strict quantitative thresholds.
2026-10-02 14:16:36,830 [INFO]  -> [OIL.NS] Bypassed status. Failed strict quantitative thresholds.
2026-10-02 14:16:37,377 [INFO]  -> [OLECTRA.NS] Golden Rule Satisfied but alert is on cooldown (already alerted within the last 24 trading days). Skipping Telegram send.
2026-10-02 14:16:37,422 [INFO]  -> [ONGC.NS] Bypassed status. Failed strict quantitative thresholds.
2026-10-02 14:16:37,967 [INFO]  -> [ORIENTELEC.NS] Bypassed status. Failed strict quantitative thresholds.
2026-10-02 14:16:38,513 [INFO]  -> [PAGEIND.NS] Bypassed status. Failed strict quantitative thresholds.
2026-10-02 14:16:39,062 [INFO]  -> [PCBL.NS] Bypassed status. Failed strict quantitative thresholds.
2026-10-02 14:16:39,610 [INFO]  -> [PDMJEPAPER.NS] Bypassed status. Failed strict quantitative thresholds.
2026-10-02 14:16:40,160 [INFO]  -> [PDSL.NS] Bypassed status. Failed strict quantitative thresholds.
2026-10-02 14:16:40,706 [INFO]  -> [PERSISTENT.NS] Bypassed status. Failed strict quantitative thresholds.
2026-10-02 14:16:41,252 [INFO]  -> [PFIZER.NS] Bypassed status. Failed strict quantitative thresholds.
2026-10-02 14:16:41,799 [INFO]  -> [PGHH.NS] Bypassed status. Failed strict quantitative thresholds.
2026-10-02 14:16:42,345 [INFO]  -> [PGHL.NS] Bypassed status. Failed strict quantitative thresholds.
2026-10-02 14:16:42,893 [INFO]  -> [PHOENIXLTD.NS] Golden Rule Satisfied but alert is on cooldown (already alerted within the last 24 trading days). Skipping Telegram send.
2026-10-02 14:16:42,938 [INFO]  -> [PIDILITIND.NS] Bypassed status. Failed strict quantitative thresholds.
2026-10-02 14:16:43,486 [INFO]  -> [PIIND.NS] Bypassed status. Failed strict quantitative thresholds.
2026-10-02 14:16:44,024 [INFO]  -> [PIXTRANS.NS] Bypassed status. Failed strict quantitative thresholds.
2026-10-02 14:16:44,572 [INFO]  -> [PNCINFRA.NS] Bypassed status. Failed strict quantitative thresholds.
2026-10-02 14:16:45,117 [INFO]  -> [POCL.NS] Bypassed status. Failed strict quantitative thresholds.
2026-10-02 14:16:45,665 [INFO]  -> [POKARNA.NS] Bypassed status. Failed strict quantitative thresholds.
2026-10-02 14:16:46,211 [INFO]  -> [POLYCAB.NS] Bypassed status. Failed strict quantitative thresholds.
2026-10-02 14:16:46,758 [INFO]  -> [POLYMED.NS] Bypassed status. Failed strict quantitative thresholds.
2026-10-02 14:16:47,305 [INFO]  -> [POLYPLEX.NS] Bypassed status. Failed strict quantitative thresholds.
2026-10-02 14:16:47,856 [INFO]  -> [POWERINDIA.NS] Bypassed status. Failed strict quantitative thresholds.
2026-10-02 14:16:48,392 [INFO]  -> [PPLPHARMA.NS] Bypassed status. Failed strict quantitative thresholds.
2026-10-02 14:16:48,942 [INFO]  -> [PRESTIGE.NS] Bypassed status. Failed strict quantitative thresholds.
2026-10-02 14:16:49,489 [INFO]  -> [PRINCEPIPE.NS] Bypassed status. Failed strict quantitative thresholds.
2026-10-02 14:16:50,036 [INFO]  -> [QUESS.NS] Bypassed status. Failed strict quantitative thresholds.
2026-10-02 14:16:50,583 [INFO]  -> [RAILTEL.NS] Bypassed status. Failed strict quantitative thresholds.
2026-10-02 14:16:51,130 [INFO]  -> [RAJESHEXPO.NS] Bypassed status. Failed strict quantitative thresholds.
2026-10-02 14:16:51,678 [INFO]  -> [RALLIS.NS] Bypassed status. Failed strict quantitative thresholds.
2026-10-02 14:16:52,225 [INFO]  -> [RAMCOCEM.NS] Bypassed status. Failed strict quantitative thresholds.
2026-10-02 14:16:52,771 [INFO]  -> [RATNAMANI.NS] Bypassed status. Failed strict quantitative thresholds.
2026-10-02 14:16:53,319 [INFO]  -> [RBA.NS] Bypassed status. Failed strict quantitative thresholds.
2026-10-02 14:16:53,868 [INFO]  -> [RCF.NS] Bypassed status. Failed strict quantitative thresholds.
2026-10-02 14:16:54,416 [INFO]  -> [REDINGTON.NS] Bypassed status. Failed strict quantitative thresholds.
2026-10-02 14:16:54,963 [INFO]  -> [RELAXO.NS] Bypassed status. Failed strict quantitative thresholds.
2026-10-02 14:16:55,512 [INFO]  -> [RELIANCE.NS] Bypassed status. Failed strict quantitative thresholds.
2026-10-02 14:16:56,059 [INFO]  -> [RELINFRA.NS] Bypassed status. Failed strict quantitative thresholds.
2026-10-02 14:16:56,606 [INFO]  -> [RESPONIND.NS] Bypassed status. Failed strict quantitative thresholds.
2026-10-02 14:16:57,152 [INFO]  -> [RHIM.NS] Bypassed status. Failed strict quantitative thresholds.
2026-10-02 14:16:57,698 [INFO]  -> [ROSSARI.NS] Bypassed status. Failed strict quantitative thresholds.
2026-10-02 14:16:58,245 [INFO]  -> [ROUTE.NS] Bypassed status. Failed strict quantitative thresholds.
2026-10-02 14:16:58,792 [INFO]  -> [SAIL.NS] Bypassed status. Failed strict quantitative thresholds.
2026-10-02 14:16:59,340 [INFO]  -> [SANDHAR.NS] Bypassed status. Failed strict quantitative thresholds.
2026-10-02 14:16:59,887 [INFO]  -> [SANOFI.NS] Bypassed status. Failed strict quantitative thresholds.
2026-10-02 14:17:00,436 [INFO]  -> [SCHAEFFLER.NS] Bypassed status. Failed strict quantitative thresholds.
2026-10-02 14:17:00,985 [INFO]  -> [SCI.NS] Bypassed status. Failed strict quantitative thresholds.
2026-10-02 14:17:01,533 [INFO]  -> [SFL.NS] Bypassed status. Failed strict quantitative thresholds.
2026-10-02 14:17:02,080 [INFO]  -> [SHAKTIPUMP.NS] Bypassed status. Failed strict quantitative thresholds.
2026-10-02 14:17:02,629 [INFO]  -> [SHANTIGEAR.NS] Bypassed status. Failed strict quantitative thresholds.
2026-10-02 14:17:03,182 [INFO]  -> [SHARDACROP.NS] Bypassed status. Failed strict quantitative thresholds.
2026-10-02 14:17:03,733 [INFO]  -> [SHILPAMED.NS] Bypassed status. Failed strict quantitative thresholds.
2026-10-02 14:17:04,280 [INFO]  -> [SHYAMMETL.NS] Bypassed status. Failed strict quantitative thresholds.
2026-10-02 14:17:04,831 [INFO]  -> [SIEMENS.NS] Bypassed status. Failed strict quantitative thresholds.
2026-10-02 14:17:05,384 [INFO]  -> [SIS.NS] Bypassed status. Failed strict quantitative thresholds.
2026-10-02 14:17:05,935 [INFO]  -> [SJVN.NS] Bypassed status. Failed strict quantitative thresholds.
2026-10-02 14:17:06,483 [INFO]  -> [SKFINDIA.NS] Bypassed status. Failed strict quantitative thresholds.
2026-10-02 14:17:07,032 [INFO]  -> [SKIPPER.NS] Bypassed status. Failed strict quantitative thresholds.
2026-10-02 14:17:07,578 [INFO]  -> [SOBHA.NS] Bypassed status. Failed strict quantitative thresholds.
2026-10-02 14:17:08,128 [INFO]  -> [SOLARINDS.NS] Bypassed status. Failed strict quantitative thresholds.
2026-10-02 14:17:08,671 [INFO]  -> [SONACOMS.NS] Golden Rule Satisfied but alert is on cooldown (already alerted within the last 24 trading days). Skipping Telegram send.
2026-10-02 14:17:08,714 [INFO]  -> [SPARC.NS] Golden Rule Satisfied but alert is on cooldown (already alerted within the last 24 trading days). Skipping Telegram send.
2026-10-02 14:17:08,757 [INFO]  -> [SRF.NS] Bypassed status. Failed strict quantitative thresholds.
2026-10-02 14:17:09,299 [INFO]  -> [STYLAMIND.NS] Golden Rule Satisfied but alert is on cooldown (already alerted within the last 24 trading days). Skipping Telegram send.
2026-10-02 14:17:09,342 [INFO]  -> [SUBROS.NS] Bypassed status. Failed strict quantitative thresholds.
2026-10-02 14:17:09,887 [INFO]  -> [SUDARSCHEM.NS] Bypassed status. Failed strict quantitative thresholds.
2026-10-02 14:17:10,434 [INFO]  -> [SUMICHEM.NS] Bypassed status. Failed strict quantitative thresholds.
2026-10-02 14:17:10,980 [INFO]  -> [SUNDRMFAST.NS] Bypassed status. Failed strict quantitative thresholds.
2026-10-02 14:17:11,528 [INFO]  -> [SUNPHARMA.NS] Bypassed status. Failed strict quantitative thresholds.
2026-10-02 14:17:12,078 [INFO]  -> [SUNTECK.NS] Bypassed status. Failed strict quantitative thresholds.
2026-10-02 14:17:12,631 [INFO]  -> [SUPRAJIT.NS] Bypassed status. Failed strict quantitative thresholds.
2026-10-02 14:17:13,180 [INFO]  -> [SUPREMEIND.NS] Bypassed status. Failed strict quantitative thresholds.
2026-10-02 14:17:13,720 [INFO]  -> [SUPRIYA.NS] Bypassed status. Failed strict quantitative thresholds.
2026-10-02 14:17:14,270 [INFO]  -> [SYMPHONY.NS] Bypassed status. Failed strict quantitative thresholds.
2026-10-02 14:17:14,817 [INFO]  -> [SYNGENE.NS] Bypassed status. Failed strict quantitative thresholds.
2026-10-02 14:17:15,365 [INFO]  -> [TARIL.NS] Bypassed status. Failed strict quantitative thresholds.
2026-10-02 14:17:15,915 [INFO]  -> [TATACHEM.NS] Bypassed status. Failed strict quantitative thresholds.
2026-10-02 14:17:16,462 [INFO]  -> [TATACONSUM.NS] Bypassed status. Failed strict quantitative thresholds.
2026-10-02 14:17:17,011 [INFO]  -> [TATASTEEL.NS] Bypassed status. Failed strict quantitative thresholds.
2026-10-02 14:17:17,562 [INFO]  -> [TCI.NS] Bypassed status. Failed strict quantitative thresholds.
2026-10-02 14:17:18,114 [INFO]  -> [TCIEXP.NS] Bypassed status. Failed strict quantitative thresholds.
2026-10-02 14:17:18,662 [INFO]  -> [TEJASNET.NS] Bypassed status. Failed strict quantitative thresholds.
2026-10-02 14:17:19,215 [INFO]  -> [TEXRAIL.NS] Golden Rule Satisfied but alert is on cooldown (already alerted within the last 24 trading days). Skipping Telegram send.
2026-10-02 14:17:19,266 [INFO]  -> [THERMAX.NS] Bypassed status. Failed strict quantitative thresholds.
2026-10-02 14:17:19,818 [INFO]  -> [THYROCARE.NS] Bypassed status. Failed strict quantitative thresholds.
2026-10-02 14:17:20,366 [INFO]  -> [TIINDIA.NS] Bypassed status. Failed strict quantitative thresholds.
2026-10-02 14:17:20,919 [INFO]  -> [TIMETECHNO.NS] Bypassed status. Failed strict quantitative thresholds.
2026-10-02 14:17:21,469 [INFO]  -> [TIMKEN.NS] Bypassed status. Failed strict quantitative thresholds.
2026-10-02 14:17:22,019 [INFO]  -> [TRIDENT.NS] Bypassed status. Failed strict quantitative thresholds.
2026-10-02 14:17:22,570 [INFO]  -> [TRITURBINE.NS] Bypassed status. Failed strict quantitative thresholds.
2026-10-02 14:17:23,119 [INFO]  -> [TTKPRESTIG.NS] Bypassed status. Failed strict quantitative thresholds.
2026-10-02 14:17:23,667 [INFO]  -> [UNICHEMLAB.NS] Golden Rule Satisfied but alert is on cooldown (already alerted within the last 24 trading days). Skipping Telegram send.
2026-10-02 14:17:23,712 [INFO]  -> [UNOMINDA.NS] Bypassed status. Failed strict quantitative thresholds.
2026-10-02 14:17:24,264 [INFO]  -> [UPL.NS] Bypassed status. Failed strict quantitative thresholds.
2026-10-02 14:17:24,814 [INFO]  -> [VAIBHAVGBL.NS] Bypassed status. Failed strict quantitative thresholds.
2026-10-02 14:17:25,369 [INFO]  -> [VARROC.NS] Bypassed status. Failed strict quantitative thresholds.
2026-10-02 14:17:25,920 [INFO]  -> [VBL.NS] Bypassed status. Failed strict quantitative thresholds.
2026-10-02 14:17:26,470 [INFO]  -> [VEDL.NS] Bypassed status. Failed strict quantitative thresholds.
2026-10-02 14:17:27,018 [INFO]  -> [VGUARD.NS] Bypassed status. Failed strict quantitative thresholds.
2026-10-02 14:17:27,590 [INFO]  -> [VIJAYA.NS] Golden Rule Satisfied but alert is on cooldown (already alerted within the last 24 trading days). Skipping Telegram send.
2026-10-02 14:17:27,681 [INFO]  -> [VINATIORGA.NS] Bypassed status. Failed strict quantitative thresholds.
2026-10-02 14:17:28,230 [INFO]  -> [VIPIND.NS] Bypassed status. Failed strict quantitative thresholds.
2026-10-02 14:17:28,782 [INFO]  -> [VMART.NS] Bypassed status. Failed strict quantitative thresholds.
2026-10-02 14:17:29,332 [INFO]  -> [VOLTAS.NS] Bypassed status. Failed strict quantitative thresholds.
2026-10-02 14:17:29,884 [INFO]  -> [VTL.NS] Bypassed status. Failed strict quantitative thresholds.
2026-10-02 14:17:30,431 [INFO]  -> [WELCORP.NS] Bypassed status. Failed strict quantitative thresholds.
2026-10-02 14:17:30,983 [INFO]  -> [WELSPUNLIV.NS] Bypassed status. Failed strict quantitative thresholds.
2026-10-02 14:17:31,531 [INFO]  -> [WHIRLPOOL.NS] Bypassed status. Failed strict quantitative thresholds.
2026-10-02 14:17:32,082 [INFO]  -> [WOCKPHARMA.NS] Bypassed status. Failed strict quantitative thresholds.
2026-10-02 14:17:32,626 [INFO]  -> [YUKEN.NS] Bypassed status. Failed strict quantitative thresholds.
2026-10-02 14:17:33,176 [INFO]  -> [ZFCVINDIA.NS] Bypassed status. Failed strict quantitative thresholds.
2026-10-02 14:17:33,724 [INFO]  -> [ZYDUSLIFE.NS] Bypassed status. Failed strict quantitative thresholds.
2026-10-02 14:17:34,276 [INFO]  -> [ZYDUSWELL.NS] Bypassed status. Failed strict quantitative thresholds.
2026-10-02 14:17:34,777 [INFO] [Complete] Quant script loops finished successfully. Overwriting metrics...
2026-10-02 14:17:41,722 [INFO] ✓ Central output matrix overwritten successfully.
2026-10-02 18:41:44,541 [INFO] =================================================================
2026-10-02 18:41:44,542 [INFO] RUNNING CONSOLIDATED SYSTEM SCRIPTS
2026-10-02 18:41:44,542 [INFO] =================================================================
2026-10-02 18:41:44,646 [INFO]  -> [AARTIDRUGS.NS] Bypassed status. Failed strict quantitative thresholds.
2026-10-02 18:41:45,229 [INFO]  -> [ACE.NS] Bypassed status. Failed strict quantitative thresholds.
2026-10-02 18:41:45,812 [INFO]  -> [AFFLE.NS] Bypassed status. Failed strict quantitative thresholds.
2026-10-02 18:41:46,394 [INFO]  -> [AIAENG.NS] Bypassed status. Failed strict quantitative thresholds.
2026-10-02 18:41:46,977 [INFO]  -> [ALKYLAMINE.NS] Bypassed status. Failed strict quantitative thresholds.
2026-10-02 18:41:47,561 [INFO]  -> [ALLCARGO.NS] Bypassed status. Failed strict quantitative thresholds.
2026-10-02 18:41:48,144 [INFO]  -> [AMBER.NS] Bypassed status. Failed strict quantitative thresholds.
2026-10-02 18:41:48,729 [INFO]  -> [AMBUJACEM.NS] Bypassed status. Failed strict quantitative thresholds.
2026-10-02 18:41:49,312 [INFO]  -> [ANANTRAJ.NS] Bypassed status. Failed strict quantitative thresholds.
2026-10-02 18:41:49,891 [INFO]  -> [ANURAS.NS] Bypassed status. Failed strict quantitative thresholds.
2026-10-02 18:41:50,475 [INFO]  -> [APLAPOLLO.NS] Bypassed status. Failed strict quantitative thresholds.
2026-10-02 18:41:51,058 [INFO]  -> [APLLTD.NS] Bypassed status. Failed strict quantitative thresholds.
2026-10-02 18:41:51,643 [INFO]  -> [APOLLO.NS] Bypassed status. Failed strict quantitative thresholds.
2026-10-02 18:41:52,224 [INFO]  -> [APOLLOHOSP.NS] Bypassed status. Failed strict quantitative thresholds.
2026-10-02 18:41:52,807 [INFO]  -> [APOLLOTYRE.NS] Bypassed status. Failed strict quantitative thresholds.
2026-10-02 18:41:53,389 [INFO]  -> [ARE&M.NS] Bypassed status. Failed strict quantitative thresholds.
2026-10-02 18:41:53,972 [INFO]  -> [ARTEMISMED.NS] Bypassed status. Failed strict quantitative thresholds.
2026-10-02 18:41:54,555 [INFO]  -> [ASAHIINDIA.NS] Bypassed status. Failed strict quantitative thresholds.
2026-10-02 18:41:55,127 [INFO]  -> [ASIANENE.NS] Bypassed status. Failed strict quantitative thresholds.
2026-10-02 18:41:55,709 [INFO]  -> [ASIANPAINT.NS] Bypassed status. Failed strict quantitative thresholds.
2026-10-02 18:41:56,255 [INFO]  -> [ASKAUTOLTD.NS] Bypassed status. Failed strict quantitative thresholds.
2026-10-02 18:41:56,839 [INFO]  -> [ASTRAL.NS] Bypassed status. Failed strict quantitative thresholds.
2026-10-02 18:41:57,421 [INFO]  -> [ASTRAZEN.NS] Bypassed status. Failed strict quantitative thresholds.
2026-10-02 18:41:58,002 [INFO]  -> [ATGL.NS] Bypassed status. Failed strict quantitative thresholds.
2026-10-02 18:41:58,582 [INFO]  -> [ATUL.NS] Bypassed status. Failed strict quantitative thresholds.
2026-10-02 18:41:59,164 [INFO]  -> [AUROPHARMA.NS] Golden Rule Satisfied but alert is on cooldown (already alerted within the last 24 trading days). Skipping Telegram send.
2026-10-02 18:41:59,246 [INFO]  -> [AVANTIFEED.NS] Bypassed status. Failed strict quantitative thresholds.
2026-10-02 18:41:59,827 [INFO]  -> [AYMSYNTEX.NS] Bypassed status. Failed strict quantitative thresholds.
2026-10-02 18:42:00,414 [INFO]  -> [BAJAJELEC.NS] Bypassed status. Failed strict quantitative thresholds.
2026-10-02 18:42:00,985 [INFO]  -> [BAJAJHCARE.NS] Bypassed status. Failed strict quantitative thresholds.
2026-10-02 18:42:01,567 [INFO]  -> [BALKRISIND.NS] Bypassed status. Failed strict quantitative thresholds.
2026-10-02 18:42:02,148 [INFO]  -> [BASF.NS] Bypassed status. Failed strict quantitative thresholds.
2026-10-02 18:42:02,735 [INFO]  -> [BATAINDIA.NS] Bypassed status. Failed strict quantitative thresholds.
2026-10-02 18:42:03,319 [INFO]  -> [BAYERCROP.NS] Bypassed status. Failed strict quantitative thresholds.
2026-10-02 18:42:03,902 [INFO]  -> [BBTC.NS] Bypassed status. Failed strict quantitative thresholds.
2026-10-02 18:42:04,489 [INFO]  -> [BECTORFOOD.NS] Bypassed status. Failed strict quantitative thresholds.
2026-10-02 18:42:05,075 [INFO]  -> [BERGEPAINT.NS] Bypassed status. Failed strict quantitative thresholds.
2026-10-02 18:42:05,660 [INFO]  -> [BHARATRAS.NS] Bypassed status. Failed strict quantitative thresholds.
2026-10-02 18:42:06,220 [INFO]  -> [BIKAJI.NS] Bypassed status. Failed strict quantitative thresholds.
2026-10-02 18:42:06,805 [INFO]  -> [BIOCON.NS] Bypassed status. Failed strict quantitative thresholds.
2026-10-02 18:42:07,388 [INFO]  -> [BIRLACORPN.NS] Bypassed status. Failed strict quantitative thresholds.
2026-10-02 18:42:07,972 [INFO]  -> [BLUESTARCO.NS] Bypassed status. Failed strict quantitative thresholds.
2026-10-02 18:42:08,555 [INFO]  -> [BORORENEW.NS] Bypassed status. Failed strict quantitative thresholds.
2026-10-02 18:42:09,142 [INFO]  -> [BRIGADE.NS] Bypassed status. Failed strict quantitative thresholds.
2026-10-02 18:42:09,709 [INFO]  -> [CAMPUS.NS] Bypassed status. Failed strict quantitative thresholds.
2026-10-02 18:42:10,295 [INFO]  -> [CAPLIPOINT.NS] Bypassed status. Failed strict quantitative thresholds.
2026-10-02 18:42:10,881 [INFO]  -> [CARBORUNIV.NS] Bypassed status. Failed strict quantitative thresholds.
2026-10-02 18:42:11,466 [INFO]  -> [CCL.NS] Bypassed status. Failed strict quantitative thresholds.
2026-10-02 18:42:12,050 [INFO]  -> [CEATLTD.NS] Bypassed status. Failed strict quantitative thresholds.
2026-10-02 18:42:12,634 [INFO]  -> [CENTURYPLY.NS] Bypassed status. Failed strict quantitative thresholds.
2026-10-02 18:42:13,215 [INFO]  -> [CERA.NS] Bypassed status. Failed strict quantitative thresholds.
2026-10-02 18:42:13,799 [INFO]  -> [CGPOWER.NS] Bypassed status. Failed strict quantitative thresholds.
2026-10-02 18:42:14,385 [INFO]  -> [CHAMBLFERT.NS] Bypassed status. Failed strict quantitative thresholds.
2026-10-02 18:42:14,958 [INFO]  -> [CHEMPLASTS.NS] Bypassed status. Failed strict quantitative thresholds.
2026-10-02 18:42:15,542 [INFO]  -> [CIPLA.NS] Bypassed status. Failed strict quantitative thresholds.
2026-10-02 18:42:16,119 [INFO]  -> [CLEAN.NS] Bypassed status. Failed strict quantitative thresholds.
2026-10-02 18:42:16,703 [INFO]  -> [COALINDIA.NS] Bypassed status. Failed strict quantitative thresholds.
2026-10-02 18:42:17,286 [INFO]  -> [COCHINSHIP.NS] Bypassed status. Failed strict quantitative thresholds.
2026-10-02 18:42:17,868 [INFO]  -> [COLPAL.NS] Bypassed status. Failed strict quantitative thresholds.
2026-10-02 18:42:18,453 [INFO]  -> [CONCOR.NS] Bypassed status. Failed strict quantitative thresholds.
2026-10-02 18:42:19,037 [INFO]  -> [COSMOFIRST.NS] Bypassed status. Failed strict quantitative thresholds.
2026-10-02 18:42:19,620 [INFO]  -> [CROMPTON.NS] Bypassed status. Failed strict quantitative thresholds.
2026-10-02 18:42:20,203 [INFO]  -> [CYIENT.NS] Bypassed status. Failed strict quantitative thresholds.
2026-10-02 18:42:20,785 [INFO]  -> [DABUR.NS] Bypassed status. Failed strict quantitative thresholds.
2026-10-02 18:42:21,371 [INFO]  -> [DALBHARAT.NS] Bypassed status. Failed strict quantitative thresholds.
2026-10-02 18:42:21,957 [INFO]  -> [DCMSHRIRAM.NS] Bypassed status. Failed strict quantitative thresholds.
2026-10-02 18:42:22,541 [INFO]  -> [DEEPAKFERT.NS] Golden Rule Satisfied but alert is on cooldown (already alerted within the last 24 trading days). Skipping Telegram send.
2026-10-02 18:42:22,624 [INFO]  -> [DEEPAKNTR.NS] Bypassed status. Failed strict quantitative thresholds.
2026-10-02 18:42:23,189 [INFO]  -> [DELHIVERY.NS] Bypassed status. Failed strict quantitative thresholds.
2026-10-02 18:42:23,773 [INFO]  -> [DHANUKA.NS] Bypassed status. Failed strict quantitative thresholds.
2026-10-02 18:42:24,361 [INFO]  -> [DIVISLAB.NS] Bypassed status. Failed strict quantitative thresholds.
2026-10-02 18:42:24,944 [INFO]  -> [DLF.NS] Bypassed status. Failed strict quantitative thresholds.
2026-10-02 18:42:25,523 [INFO]  -> [DMART.NS] Bypassed status. Failed strict quantitative thresholds.
2026-10-02 18:42:26,105 [INFO]  -> [DOLLAR.NS] Bypassed status. Failed strict quantitative thresholds.
2026-10-02 18:42:26,691 [INFO]  -> [DRREDDY.NS] Bypassed status. Failed strict quantitative thresholds.
2026-10-02 18:42:27,256 [INFO]  -> [DYCL.NS] Bypassed status. Failed strict quantitative thresholds.
2026-10-02 18:42:27,840 [INFO]  -> [ECLERX.NS] Bypassed status. Failed strict quantitative thresholds.
2026-10-02 18:42:28,422 [INFO]  -> [EICHERMOT.NS] Bypassed status. Failed strict quantitative thresholds.
2026-10-02 18:42:29,004 [INFO]  -> [EIDPARRY.NS] Bypassed status. Failed strict quantitative thresholds.
2026-10-02 18:42:29,590 [INFO]  -> [EKC.NS] Bypassed status. Failed strict quantitative thresholds.
2026-10-02 18:42:30,174 [INFO]  -> [ELGIEQUIP.NS] Bypassed status. Failed strict quantitative thresholds.
2026-10-02 18:42:30,757 [INFO]  -> [EMAMILTD.NS] Bypassed status. Failed strict quantitative thresholds.
2026-10-02 18:42:31,322 [INFO]  -> [EMUDHRA.NS] Bypassed status. Failed strict quantitative thresholds.
2026-10-02 18:42:31,904 [INFO]  -> [ENDURANCE.NS] Bypassed status. Failed strict quantitative thresholds.
2026-10-02 18:42:32,488 [INFO]  -> [EPL.NS] Bypassed status. Failed strict quantitative thresholds.
2026-10-02 18:42:33,070 [INFO]  -> [FDC.NS] Bypassed status. Failed strict quantitative thresholds.
2026-10-02 18:42:33,653 [INFO]  -> [FINCABLES.NS] Bypassed status. Failed strict quantitative thresholds.
2026-10-02 18:42:34,234 [INFO]  -> [FINEORG.NS] Bypassed status. Failed strict quantitative thresholds.
2026-10-02 18:42:34,819 [INFO]  -> [FINPIPE.NS] Bypassed status. Failed strict quantitative thresholds.
2026-10-02 18:42:35,400 [INFO]  -> [FLUOROCHEM.NS] Bypassed status. Failed strict quantitative thresholds.
2026-10-02 18:42:35,982 [INFO]  -> [FMGOETZE.NS] Bypassed status. Failed strict quantitative thresholds.
2026-10-02 18:42:36,565 [INFO]  -> [FORTIS.NS] Bypassed status. Failed strict quantitative thresholds.
2026-10-02 18:42:37,147 [INFO]  -> [GABRIEL.NS] Golden Rule Satisfied but alert is on cooldown (already alerted within the last 24 trading days). Skipping Telegram send.
2026-10-02 18:42:37,231 [INFO]  -> [GAEL.NS] Bypassed status. Failed strict quantitative thresholds.
2026-10-02 18:42:37,816 [INFO]  -> [GAIL.NS] Bypassed status. Failed strict quantitative thresholds.
2026-10-02 18:42:38,400 [INFO]  -> [GALAXYSURF.NS] Bypassed status. Failed strict quantitative thresholds.
2026-10-02 18:42:38,986 [INFO]  -> [GANECOS.NS] Bypassed status. Failed strict quantitative thresholds.
2026-10-02 18:42:39,573 [INFO]  -> [GARFIBRES.NS] Bypassed status. Failed strict quantitative thresholds.
2026-10-02 18:42:40,156 [INFO]  -> [GENESYS.NS] Bypassed status. Failed strict quantitative thresholds.
2026-10-02 18:42:40,708 [INFO]  -> [GHCLTEXTIL.NS] Bypassed status. Failed strict quantitative thresholds.
2026-10-02 18:42:41,290 [INFO]  -> [GLAND.NS] Bypassed status. Failed strict quantitative thresholds.
2026-10-02 18:42:41,874 [INFO]  -> [GLENMARK.NS] Bypassed status. Failed strict quantitative thresholds.
2026-10-02 18:42:42,459 [INFO]  -> [GMMPFAUDLR.NS] Bypassed status. Failed strict quantitative thresholds.
2026-10-02 18:42:43,043 [INFO]  -> [GODREJAGRO.NS] Bypassed status. Failed strict quantitative thresholds.
2026-10-02 18:42:43,626 [INFO]  -> [GODREJCP.NS] Bypassed status. Failed strict quantitative thresholds.
2026-10-02 18:42:44,210 [INFO]  -> [GOKULAGRO.NS] Bypassed status. Failed strict quantitative thresholds.
2026-10-02 18:42:44,795 [INFO]  -> [GOODLUCK.NS] Bypassed status. Failed strict quantitative thresholds.
2026-10-02 18:42:45,380 [INFO]  -> [GPPL.NS] Bypassed status. Failed strict quantitative thresholds.
2026-10-02 18:42:45,962 [INFO]  -> [GRANULES.NS] Bypassed status. Failed strict quantitative thresholds.
2026-10-02 18:42:46,544 [INFO]  -> [GRAPHITE.NS] Bypassed status. Failed strict quantitative thresholds.
2026-10-02 18:42:47,126 [INFO]  -> [GREENPANEL.NS] Bypassed status. Failed strict quantitative thresholds.
2026-10-02 18:42:47,708 [INFO]  -> [GRINDWELL.NS] Bypassed status. Failed strict quantitative thresholds.
2026-10-02 18:42:48,275 [INFO]  -> [GRWRHITECH.NS] Bypassed status. Failed strict quantitative thresholds.
2026-10-02 18:42:48,862 [INFO]  -> [GUJALKALI.NS] Bypassed status. Failed strict quantitative thresholds.
2026-10-02 18:42:49,465 [INFO]  -> [GUJGASLTD.NS] Bypassed status. Failed strict quantitative thresholds.
2026-10-02 18:42:50,047 [INFO]  -> [GVT&D.NS] Bypassed status. Failed strict quantitative thresholds.
2026-10-02 18:42:50,614 [INFO]  -> [HARDWYN.NS] Bypassed status. Failed strict quantitative thresholds.
2026-10-02 18:42:51,197 [INFO]  -> [HAVELLS.NS] Bypassed status. Failed strict quantitative thresholds.
2026-10-02 18:42:51,782 [INFO]  -> [HEG.NS] Bypassed status. Failed strict quantitative thresholds.
2026-10-02 18:42:52,362 [INFO]  -> [HERANBA.NS] Bypassed status. Failed strict quantitative thresholds.
2026-10-02 18:42:52,944 [INFO]  -> [HEROMOTOCO.NS] Bypassed status. Failed strict quantitative thresholds.
2026-10-02 18:42:53,528 [INFO]  -> [HFCL.NS] Bypassed status. Failed strict quantitative thresholds.
2026-10-02 18:42:54,110 [INFO]  -> [HIKAL.NS] Bypassed status. Failed strict quantitative thresholds.
2026-10-02 18:42:54,694 [INFO]  -> [HINDALCO.NS] Golden Rule Satisfied but alert is on cooldown (already alerted within the last 24 trading days). Skipping Telegram send.
2026-10-02 18:42:54,776 [INFO]  -> [HINDCOPPER.NS] Bypassed status. Failed strict quantitative thresholds.
2026-10-02 18:42:55,360 [INFO]  -> [HINDPETRO.NS] Bypassed status. Failed strict quantitative thresholds.
2026-10-02 18:42:55,941 [INFO]  -> [HINDUNILVR.NS] Bypassed status. Failed strict quantitative thresholds.
2026-10-02 18:42:56,523 [INFO]  -> [HLEGLAS.NS] Bypassed status. Failed strict quantitative thresholds.
2026-10-02 18:42:57,128 [INFO]  -> [IBREALEST.NS] Bypassed status. Failed strict quantitative thresholds.
2026-10-02 18:42:57,709 [INFO]  -> [IFBIND.NS] Bypassed status. Failed strict quantitative thresholds.
2026-10-02 18:42:58,292 [INFO]  -> [IGL.NS] Bypassed status. Failed strict quantitative thresholds.
2026-10-02 18:42:58,873 [INFO]  -> [INDIGOPNTS.NS] Bypassed status. Failed strict quantitative thresholds.
2026-10-02 18:42:59,458 [INFO]  -> [INDNIPPON.NS] Bypassed status. Failed strict quantitative thresholds.
2026-10-02 18:43:00,044 [INFO]  -> [INDOCO.NS] Bypassed status. Failed strict quantitative thresholds.
2026-10-02 18:43:00,630 [INFO]  -> [INDUSTOWER.NS] Bypassed status. Failed strict quantitative thresholds.
2026-10-02 18:43:01,176 [INFO]  -> [INNOVACAP.NS] Bypassed status. Failed strict quantitative thresholds.
2026-10-02 18:43:01,762 [INFO]  -> [IOC.NS] Bypassed status. Failed strict quantitative thresholds.
2026-10-02 18:43:02,348 [INFO]  -> [IPCALAB.NS] Bypassed status. Failed strict quantitative thresholds.
2026-10-02 18:43:02,924 [INFO]  -> [IPL.NS] Bypassed status. Failed strict quantitative thresholds.
2026-10-02 18:43:03,501 [INFO]  -> [ISGEC.NS] Bypassed status. Failed strict quantitative thresholds.
2026-10-02 18:43:04,082 [INFO]  -> [ITI.NS] Bypassed status. Failed strict quantitative thresholds.
2026-10-02 18:43:04,666 [INFO]  -> [JAMNAAUTO.NS] Bypassed status. Failed strict quantitative thresholds.
2026-10-02 18:43:05,256 [INFO]  -> [JINDALSAW.NS] Bypassed status. Failed strict quantitative thresholds.
2026-10-02 18:43:05,841 [INFO]  -> [JINDALSTEL.NS] Golden Rule Satisfied but alert is on cooldown (already alerted within the last 24 trading days). Skipping Telegram send.
2026-10-02 18:43:05,923 [INFO]  -> [JKIL.NS] Bypassed status. Failed strict quantitative thresholds.
2026-10-02 18:43:06,506 [INFO]  -> [JKLAKSHMI.NS] Bypassed status. Failed strict quantitative thresholds.
2026-10-02 18:43:07,089 [INFO]  -> [JSL.NS] Bypassed status. Failed strict quantitative thresholds.
2026-10-02 18:43:07,673 [INFO]  -> [JSWENERGY.NS] Bypassed status. Failed strict quantitative thresholds.
2026-10-02 18:43:08,254 [INFO]  -> [JUBLINGREA.NS] Bypassed status. Failed strict quantitative thresholds.
2026-10-02 18:43:08,836 [INFO]  -> [JUBLPHARMA.NS] Bypassed status. Failed strict quantitative thresholds.
2026-10-02 18:43:09,421 [INFO]  -> [KAJARIACER.NS] Bypassed status. Failed strict quantitative thresholds.
2026-10-02 18:43:10,031 [INFO]  -> [KALPATPOWR.NS] Bypassed status. Failed strict quantitative thresholds.
2026-10-02 18:43:10,616 [INFO]  -> [KANSAINER.NS] Bypassed status. Failed strict quantitative thresholds.
2026-10-02 18:43:11,199 [INFO]  -> [KEI.NS] Bypassed status. Failed strict quantitative thresholds.
2026-10-02 18:43:11,803 [INFO]  -> [KEPL.NS] Bypassed status. Failed strict quantitative thresholds.
2026-10-02 18:43:12,380 [INFO]  -> [KIMS.NS] Bypassed status. Failed strict quantitative thresholds.
2026-10-02 18:43:12,962 [INFO]  -> [KIRLOSBROS.NS] Bypassed status. Failed strict quantitative thresholds.
2026-10-02 18:43:13,516 [INFO]  -> [KIRLPNU.NS] Bypassed status. Failed strict quantitative thresholds.
2026-10-02 18:43:14,098 [INFO]  -> [KPITTECH.NS] Bypassed status. Failed strict quantitative thresholds.
2026-10-02 18:43:14,684 [INFO]  -> [KPRMILL.NS] Bypassed status. Failed strict quantitative thresholds.
2026-10-02 18:43:15,267 [INFO]  -> [KRBL.NS] Bypassed status. Failed strict quantitative thresholds.
2026-10-02 18:43:15,842 [INFO]  -> [KRSNAA.NS] Bypassed status. Failed strict quantitative thresholds.
2026-10-02 18:43:16,427 [INFO]  -> [LALPATHLAB.NS] Bypassed status. Failed strict quantitative thresholds.
2026-10-02 18:43:17,012 [INFO]  -> [LAURUSLABS.NS] Bypassed status. Failed strict quantitative thresholds.
2026-10-02 18:43:17,594 [INFO]  -> [LGBBROSLTD.NS] Bypassed status. Failed strict quantitative thresholds.
2026-10-02 18:43:18,177 [INFO]  -> [LIKHITHA.NS] Bypassed status. Failed strict quantitative thresholds.
2026-10-02 18:43:18,761 [INFO]  -> [LINC.NS] Bypassed status. Failed strict quantitative thresholds.
2026-10-02 18:43:19,341 [INFO]  -> [LINDEINDIA.NS] Bypassed status. Failed strict quantitative thresholds.
2026-10-02 18:43:19,925 [INFO]  -> [LLOYDSENGG.NS] Bypassed status. Failed strict quantitative thresholds.
2026-10-02 18:43:20,503 [INFO]  -> [LODHA.NS] Bypassed status. Failed strict quantitative thresholds.
2026-10-02 18:43:21,086 [INFO]  -> [LUMAXTECH.NS] Golden Rule Satisfied but alert is on cooldown (already alerted within the last 24 trading days). Skipping Telegram send.
2026-10-02 18:43:21,165 [INFO]  -> [LUPIN.NS] Bypassed status. Failed strict quantitative thresholds.
2026-10-02 18:43:21,747 [INFO]  -> [LUXIND.NS] Bypassed status. Failed strict quantitative thresholds.
2026-10-02 18:43:22,330 [INFO]  -> [LXCHEM.NS] Bypassed status. Failed strict quantitative thresholds.
2026-10-02 18:43:22,915 [INFO]  -> [MAHLOG.NS] Golden Rule Satisfied but alert is on cooldown (already alerted within the last 24 trading days). Skipping Telegram send.
2026-10-02 18:43:22,967 [INFO]  -> [MANKIND.NS] Bypassed status. Failed strict quantitative thresholds.
2026-10-02 18:43:23,537 [INFO]  -> [MANYAVAR.NS] Bypassed status. Failed strict quantitative thresholds.
2026-10-02 18:43:24,122 [INFO]  -> [MARICO.NS] Bypassed status. Failed strict quantitative thresholds.
2026-10-02 18:43:24,711 [INFO]  -> [MARINE.NS] Golden Rule Satisfied but alert is on cooldown (already alerted within the last 24 trading days). Skipping Telegram send.
2026-10-02 18:43:24,798 [INFO]  -> [MARKSANS.NS] Golden Rule Satisfied but alert is on cooldown (already alerted within the last 24 trading days). Skipping Telegram send.
2026-10-02 18:43:24,881 [INFO]  -> [MARUTI.NS] Bypassed status. Failed strict quantitative thresholds.
2026-10-02 18:43:25,466 [INFO]  -> [MAXHEALTH.NS] Bypassed status. Failed strict quantitative thresholds.
2026-10-02 18:43:26,025 [INFO]  -> [MEDANTA.NS] Bypassed status. Failed strict quantitative thresholds.
2026-10-02 18:43:26,594 [INFO]  -> [MEDPLUS.NS] Bypassed status. Failed strict quantitative thresholds.
2026-10-02 18:43:27,165 [INFO]  -> [METROBRAND.NS] Bypassed status. Failed strict quantitative thresholds.
2026-10-02 18:43:27,749 [INFO]  -> [METROPOLIS.NS] Bypassed status. Failed strict quantitative thresholds.
2026-10-02 18:43:28,333 [INFO]  -> [MGL.NS] Bypassed status. Failed strict quantitative thresholds.
2026-10-02 18:43:28,917 [INFO]  -> [MINDACORP.NS] Bypassed status. Failed strict quantitative thresholds.
2026-10-02 18:43:29,502 [INFO]  -> [MMTC.NS] Bypassed status. Failed strict quantitative thresholds.
2026-10-02 18:43:30,089 [INFO]  -> [MOIL.NS] Bypassed status. Failed strict quantitative thresholds.
2026-10-02 18:43:30,677 [INFO]  -> [MONTECARLO.NS] Bypassed status. Failed strict quantitative thresholds.
2026-10-02 18:43:31,266 [INFO]  -> [MOTHERSON.NS] Bypassed status. Failed strict quantitative thresholds.
2026-10-02 18:43:31,838 [INFO]  -> [MSUMI.NS] Bypassed status. Failed strict quantitative thresholds.
2026-10-02 18:43:32,423 [INFO]  -> [NATCOPHARM.NS] Bypassed status. Failed strict quantitative thresholds.
2026-10-02 18:43:33,006 [INFO]  -> [NATIONALUM.NS] Bypassed status. Failed strict quantitative thresholds.
2026-10-02 18:43:33,590 [INFO]  -> [NAZARA.NS] Bypassed status. Failed strict quantitative thresholds.
2026-10-02 18:43:34,176 [INFO]  -> [NOCIL.NS] Bypassed status. Failed strict quantitative thresholds.
2026-10-02 18:43:34,762 [INFO]  -> [NRBBEARING.NS] Bypassed status. Failed strict quantitative thresholds.
2026-10-02 18:43:35,335 [INFO]  -> [NUVOCO.NS] Bypassed status. Failed strict quantitative thresholds.
2026-10-02 18:43:35,909 [INFO]  -> [NYKAA.NS] Bypassed status. Failed strict quantitative thresholds.
2026-10-02 18:43:36,491 [INFO]  -> [OAL.NS] Bypassed status. Failed strict quantitative thresholds.
2026-10-02 18:43:37,074 [INFO]  -> [OBEROIRLTY.NS] Bypassed status. Failed strict quantitative thresholds.
2026-10-02 18:43:37,659 [INFO]  -> [OIL.NS] Bypassed status. Failed strict quantitative thresholds.
2026-10-02 18:43:38,241 [INFO]  -> [OLECTRA.NS] Golden Rule Satisfied but alert is on cooldown (already alerted within the last 24 trading days). Skipping Telegram send.
2026-10-02 18:43:38,323 [INFO]  -> [ONGC.NS] Bypassed status. Failed strict quantitative thresholds.
2026-10-02 18:43:38,906 [INFO]  -> [ORIENTELEC.NS] Bypassed status. Failed strict quantitative thresholds.
2026-10-02 18:43:39,486 [INFO]  -> [PAGEIND.NS] Bypassed status. Failed strict quantitative thresholds.
2026-10-02 18:43:40,069 [INFO]  -> [PCBL.NS] Bypassed status. Failed strict quantitative thresholds.
2026-10-02 18:43:40,653 [INFO]  -> [PDMJEPAPER.NS] Bypassed status. Failed strict quantitative thresholds.
2026-10-02 18:43:41,235 [INFO]  -> [PDSL.NS] Bypassed status. Failed strict quantitative thresholds.
2026-10-02 18:43:41,817 [INFO]  -> [PERSISTENT.NS] Bypassed status. Failed strict quantitative thresholds.
2026-10-02 18:43:42,397 [INFO]  -> [PFIZER.NS] Bypassed status. Failed strict quantitative thresholds.
2026-10-02 18:43:42,977 [INFO]  -> [PGHH.NS] Bypassed status. Failed strict quantitative thresholds.
2026-10-02 18:43:43,556 [INFO]  -> [PGHL.NS] Bypassed status. Failed strict quantitative thresholds.
2026-10-02 18:43:44,139 [INFO]  -> [PHOENIXLTD.NS] Golden Rule Satisfied but alert is on cooldown (already alerted within the last 24 trading days). Skipping Telegram send.
2026-10-02 18:43:44,223 [INFO]  -> [PIDILITIND.NS] Bypassed status. Failed strict quantitative thresholds.
2026-10-02 18:43:44,805 [INFO]  -> [PIIND.NS] Bypassed status. Failed strict quantitative thresholds.
2026-10-02 18:43:45,369 [INFO]  -> [PIXTRANS.NS] Bypassed status. Failed strict quantitative thresholds.
2026-10-02 18:43:45,951 [INFO]  -> [PNCINFRA.NS] Bypassed status. Failed strict quantitative thresholds.
2026-10-02 18:43:46,531 [INFO]  -> [POCL.NS] Bypassed status. Failed strict quantitative thresholds.
2026-10-02 18:43:47,114 [INFO]  -> [POKARNA.NS] Bypassed status. Failed strict quantitative thresholds.
2026-10-02 18:43:47,694 [INFO]  -> [POLYCAB.NS] Bypassed status. Failed strict quantitative thresholds.
2026-10-02 18:43:48,275 [INFO]  -> [POLYMED.NS] Bypassed status. Failed strict quantitative thresholds.
2026-10-02 18:43:48,858 [INFO]  -> [POLYPLEX.NS] Bypassed status. Failed strict quantitative thresholds.
2026-10-02 18:43:49,438 [INFO]  -> [POWERINDIA.NS] Bypassed status. Failed strict quantitative thresholds.
2026-10-02 18:43:49,998 [INFO]  -> [PPLPHARMA.NS] Bypassed status. Failed strict quantitative thresholds.
2026-10-02 18:43:50,579 [INFO]  -> [PRESTIGE.NS] Bypassed status. Failed strict quantitative thresholds.
2026-10-02 18:43:51,160 [INFO]  -> [PRINCEPIPE.NS] Bypassed status. Failed strict quantitative thresholds.
2026-10-02 18:43:51,742 [INFO]  -> [QUESS.NS] Bypassed status. Failed strict quantitative thresholds.
2026-10-02 18:43:52,323 [INFO]  -> [RAILTEL.NS] Bypassed status. Failed strict quantitative thresholds.
2026-10-02 18:43:52,906 [INFO]  -> [RAJESHEXPO.NS] Bypassed status. Failed strict quantitative thresholds.
2026-10-02 18:43:53,488 [INFO]  -> [RALLIS.NS] Bypassed status. Failed strict quantitative thresholds.
2026-10-02 18:43:54,069 [INFO]  -> [RAMCOCEM.NS] Bypassed status. Failed strict quantitative thresholds.
2026-10-02 18:43:54,654 [INFO]  -> [RATNAMANI.NS] Bypassed status. Failed strict quantitative thresholds.
2026-10-02 18:43:55,237 [INFO]  -> [RBA.NS] Bypassed status. Failed strict quantitative thresholds.
2026-10-02 18:43:55,819 [INFO]  -> [RCF.NS] Bypassed status. Failed strict quantitative thresholds.
2026-10-02 18:43:56,402 [INFO]  -> [REDINGTON.NS] Bypassed status. Failed strict quantitative thresholds.
2026-10-02 18:43:56,983 [INFO]  -> [RELAXO.NS] Bypassed status. Failed strict quantitative thresholds.
2026-10-02 18:43:57,568 [INFO]  -> [RELIANCE.NS] Bypassed status. Failed strict quantitative thresholds.
2026-10-02 18:43:58,150 [INFO]  -> [RELINFRA.NS] Bypassed status. Failed strict quantitative thresholds.
2026-10-02 18:43:58,731 [INFO]  -> [RESPONIND.NS] Bypassed status. Failed strict quantitative thresholds.
2026-10-02 18:43:59,315 [INFO]  -> [RHIM.NS] Bypassed status. Failed strict quantitative thresholds.
2026-10-02 18:43:59,896 [INFO]  -> [ROSSARI.NS] Bypassed status. Failed strict quantitative thresholds.
2026-10-02 18:44:00,478 [INFO]  -> [ROUTE.NS] Bypassed status. Failed strict quantitative thresholds.
2026-10-02 18:44:01,061 [INFO]  -> [SAIL.NS] Bypassed status. Failed strict quantitative thresholds.
2026-10-02 18:44:01,642 [INFO]  -> [SANDHAR.NS] Bypassed status. Failed strict quantitative thresholds.
2026-10-02 18:44:02,223 [INFO]  -> [SANOFI.NS] Bypassed status. Failed strict quantitative thresholds.
2026-10-02 18:44:02,807 [INFO]  -> [SCHAEFFLER.NS] Bypassed status. Failed strict quantitative thresholds.
2026-10-02 18:44:03,392 [INFO]  -> [SCI.NS] Bypassed status. Failed strict quantitative thresholds.
2026-10-02 18:44:03,976 [INFO]  -> [SFL.NS] Bypassed status. Failed strict quantitative thresholds.
2026-10-02 18:44:04,560 [INFO]  -> [SHAKTIPUMP.NS] Bypassed status. Failed strict quantitative thresholds.
2026-10-02 18:44:05,142 [INFO]  -> [SHANTIGEAR.NS] Bypassed status. Failed strict quantitative thresholds.
2026-10-02 18:44:05,725 [INFO]  -> [SHARDACROP.NS] Bypassed status. Failed strict quantitative thresholds.
2026-10-02 18:44:06,308 [INFO]  -> [SHILPAMED.NS] Bypassed status. Failed strict quantitative thresholds.
2026-10-02 18:44:06,884 [INFO]  -> [SHYAMMETL.NS] Bypassed status. Failed strict quantitative thresholds.
2026-10-02 18:44:07,468 [INFO]  -> [SIEMENS.NS] Bypassed status. Failed strict quantitative thresholds.
2026-10-02 18:44:08,050 [INFO]  -> [SIS.NS] Bypassed status. Failed strict quantitative thresholds.
2026-10-02 18:44:08,633 [INFO]  -> [SJVN.NS] Bypassed status. Failed strict quantitative thresholds.
2026-10-02 18:44:09,213 [INFO]  -> [SKFINDIA.NS] Bypassed status. Failed strict quantitative thresholds.
2026-10-02 18:44:09,796 [INFO]  -> [SKIPPER.NS] Bypassed status. Failed strict quantitative thresholds.
2026-10-02 18:44:10,377 [INFO]  -> [SOBHA.NS] Bypassed status. Failed strict quantitative thresholds.
2026-10-02 18:44:10,957 [INFO]  -> [SOLARINDS.NS] Bypassed status. Failed strict quantitative thresholds.
2026-10-02 18:44:11,533 [INFO]  -> [SONACOMS.NS] Golden Rule Satisfied but alert is on cooldown (already alerted within the last 24 trading days). Skipping Telegram send.
2026-10-02 18:44:11,612 [INFO]  -> [SPARC.NS] Golden Rule Satisfied but alert is on cooldown (already alerted within the last 24 trading days). Skipping Telegram send.
2026-10-02 18:44:11,692 [INFO]  -> [SRF.NS] Bypassed status. Failed strict quantitative thresholds.
2026-10-02 18:44:12,266 [INFO]  -> [STYLAMIND.NS] Golden Rule Satisfied but alert is on cooldown (already alerted within the last 24 trading days). Skipping Telegram send.
2026-10-02 18:44:12,345 [INFO]  -> [SUBROS.NS] Bypassed status. Failed strict quantitative thresholds.
2026-10-02 18:44:12,926 [INFO]  -> [SUDARSCHEM.NS] Bypassed status. Failed strict quantitative thresholds.
2026-10-02 18:44:13,507 [INFO]  -> [SUMICHEM.NS] Bypassed status. Failed strict quantitative thresholds.
2026-10-02 18:44:14,088 [INFO]  -> [SUNDRMFAST.NS] Bypassed status. Failed strict quantitative thresholds.
2026-10-02 18:44:14,671 [INFO]  -> [SUNPHARMA.NS] Bypassed status. Failed strict quantitative thresholds.
2026-10-02 18:44:15,253 [INFO]  -> [SUNTECK.NS] Bypassed status. Failed strict quantitative thresholds.
2026-10-02 18:44:15,834 [INFO]  -> [SUPRAJIT.NS] Bypassed status. Failed strict quantitative thresholds.
2026-10-02 18:44:16,415 [INFO]  -> [SUPREMEIND.NS] Bypassed status. Failed strict quantitative thresholds.
2026-10-02 18:44:16,984 [INFO]  -> [SUPRIYA.NS] Bypassed status. Failed strict quantitative thresholds.
2026-10-02 18:44:17,564 [INFO]  -> [SYMPHONY.NS] Bypassed status. Failed strict quantitative thresholds.
2026-10-02 18:44:18,146 [INFO]  -> [SYNGENE.NS] Bypassed status. Failed strict quantitative thresholds.
2026-10-02 18:44:18,729 [INFO]  -> [TARIL.NS] Bypassed status. Failed strict quantitative thresholds.
2026-10-02 18:44:19,312 [INFO]  -> [TATACHEM.NS] Bypassed status. Failed strict quantitative thresholds.
2026-10-02 18:44:19,893 [INFO]  -> [TATACONSUM.NS] Bypassed status. Failed strict quantitative thresholds.
2026-10-02 18:44:20,476 [INFO]  -> [TATASTEEL.NS] Bypassed status. Failed strict quantitative thresholds.
2026-10-02 18:44:21,058 [INFO]  -> [TCI.NS] Bypassed status. Failed strict quantitative thresholds.
2026-10-02 18:44:21,638 [INFO]  -> [TCIEXP.NS] Bypassed status. Failed strict quantitative thresholds.
2026-10-02 18:44:22,219 [INFO]  -> [TEJASNET.NS] Bypassed status. Failed strict quantitative thresholds.
2026-10-02 18:44:22,801 [INFO]  -> [TEXRAIL.NS] Golden Rule Satisfied but alert is on cooldown (already alerted within the last 24 trading days). Skipping Telegram send.
2026-10-02 18:44:22,881 [INFO]  -> [THERMAX.NS] Bypassed status. Failed strict quantitative thresholds.
2026-10-02 18:44:23,465 [INFO]  -> [THYROCARE.NS] Bypassed status. Failed strict quantitative thresholds.
2026-10-02 18:44:24,045 [INFO]  -> [TIINDIA.NS] Bypassed status. Failed strict quantitative thresholds.
2026-10-02 18:44:24,629 [INFO]  -> [TIMETECHNO.NS] Bypassed status. Failed strict quantitative thresholds.
2026-10-02 18:44:25,209 [INFO]  -> [TIMKEN.NS] Bypassed status. Failed strict quantitative thresholds.
2026-10-02 18:44:25,792 [INFO]  -> [TRIDENT.NS] Bypassed status. Failed strict quantitative thresholds.
2026-10-02 18:44:26,372 [INFO]  -> [TRITURBINE.NS] Bypassed status. Failed strict quantitative thresholds.
2026-10-02 18:44:26,956 [INFO]  -> [TTKPRESTIG.NS] Bypassed status. Failed strict quantitative thresholds.
2026-10-02 18:44:27,537 [INFO]  -> [UNICHEMLAB.NS] Golden Rule Satisfied but alert is on cooldown (already alerted within the last 24 trading days). Skipping Telegram send.
2026-10-02 18:44:27,618 [INFO]  -> [UNOMINDA.NS] Bypassed status. Failed strict quantitative thresholds.
2026-10-02 18:44:28,200 [INFO]  -> [UPL.NS] Bypassed status. Failed strict quantitative thresholds.
2026-10-02 18:44:28,782 [INFO]  -> [VAIBHAVGBL.NS] Bypassed status. Failed strict quantitative thresholds.
2026-10-02 18:44:29,363 [INFO]  -> [VARROC.NS] Bypassed status. Failed strict quantitative thresholds.
2026-10-02 18:44:29,948 [INFO]  -> [VBL.NS] Bypassed status. Failed strict quantitative thresholds.
2026-10-02 18:44:30,531 [INFO]  -> [VEDL.NS] Bypassed status. Failed strict quantitative thresholds.
2026-10-02 18:44:31,112 [INFO]  -> [VGUARD.NS] Bypassed status. Failed strict quantitative thresholds.
2026-10-02 18:44:31,685 [INFO]  -> [VIJAYA.NS] Golden Rule Satisfied but alert is on cooldown (already alerted within the last 24 trading days). Skipping Telegram send.
2026-10-02 18:44:31,766 [INFO]  -> [VINATIORGA.NS] Bypassed status. Failed strict quantitative thresholds.
2026-10-02 18:44:32,349 [INFO]  -> [VIPIND.NS] Bypassed status. Failed strict quantitative thresholds.
2026-10-02 18:44:32,932 [INFO]  -> [VMART.NS] Bypassed status. Failed strict quantitative thresholds.
2026-10-02 18:44:33,517 [INFO]  -> [VOLTAS.NS] Bypassed status. Failed strict quantitative thresholds.
2026-10-02 18:44:34,101 [INFO]  -> [VTL.NS] Bypassed status. Failed strict quantitative thresholds.
2026-10-02 18:44:34,686 [INFO]  -> [WELCORP.NS] Bypassed status. Failed strict quantitative thresholds.
2026-10-02 18:44:35,269 [INFO]  -> [WELSPUNLIV.NS] Bypassed status. Failed strict quantitative thresholds.
2026-10-02 18:44:35,853 [INFO]  -> [WHIRLPOOL.NS] Bypassed status. Failed strict quantitative thresholds.
2026-10-02 18:44:36,435 [INFO]  -> [WOCKPHARMA.NS] Bypassed status. Failed strict quantitative thresholds.
2026-10-02 18:44:37,009 [INFO]  -> [YUKEN.NS] Bypassed status. Failed strict quantitative thresholds.
2026-10-02 18:44:37,594 [INFO]  -> [ZFCVINDIA.NS] Bypassed status. Failed strict quantitative thresholds.
2026-10-02 18:44:38,177 [INFO]  -> [ZYDUSLIFE.NS] Bypassed status. Failed strict quantitative thresholds.
2026-10-02 18:44:38,760 [INFO]  -> [ZYDUSWELL.NS] Bypassed status. Failed strict quantitative thresholds.
2026-10-02 18:44:39,261 [INFO] [Complete] Quant script loops finished successfully. Overwriting metrics...
2026-10-02 18:44:52,379 [INFO] ✓ Central output matrix overwritten successfully.
2026-10-03 04:18:56,814 [INFO] =================================================================
2026-10-03 04:18:56,814 [INFO] RUNNING CONSOLIDATED SYSTEM SCRIPTS
2026-10-03 04:18:56,814 [INFO] =================================================================
2026-10-03 04:18:56,828 [WARNING] [AARTIDRUGS.NS] Historical price fetch failed: AttributeError: 'App' object has no attribute 'equity'. Falling back to cached/fail-safe data — price will NOT advance this run.
2026-10-03 04:18:56,890 [INFO]  -> [AARTIDRUGS.NS] Bypassed status. Failed strict quantitative thresholds.
2026-10-03 04:18:57,394 [WARNING] [ACE.NS] Historical price fetch failed: AttributeError: 'App' object has no attribute 'equity'. Falling back to cached/fail-safe data — price will NOT advance this run.
2026-10-03 04:18:57,454 [INFO]  -> [ACE.NS] Bypassed status. Failed strict quantitative thresholds.
2026-10-03 04:18:57,958 [WARNING] [AFFLE.NS] Historical price fetch failed: AttributeError: 'App' object has no attribute 'equity'. Falling back to cached/fail-safe data — price will NOT advance this run.
2026-10-03 04:18:58,019 [INFO]  -> [AFFLE.NS] Bypassed status. Failed strict quantitative thresholds.
2026-10-03 04:18:58,523 [WARNING] [AIAENG.NS] Historical price fetch failed: AttributeError: 'App' object has no attribute 'equity'. Falling back to cached/fail-safe data — price will NOT advance this run.
2026-10-03 04:18:58,582 [INFO]  -> [AIAENG.NS] Bypassed status. Failed strict quantitative thresholds.
2026-10-03 04:18:59,086 [WARNING] [ALKYLAMINE.NS] Historical price fetch failed: AttributeError: 'App' object has no attribute 'equity'. Falling back to cached/fail-safe data — price will NOT advance this run.
2026-10-03 04:18:59,147 [INFO]  -> [ALKYLAMINE.NS] Bypassed status. Failed strict quantitative thresholds.
2026-10-03 04:18:59,651 [WARNING] [ALLCARGO.NS] Historical price fetch failed: AttributeError: 'App' object has no attribute 'equity'. Falling back to cached/fail-safe data — price will NOT advance this run.
2026-10-03 04:18:59,713 [INFO]  -> [ALLCARGO.NS] Bypassed status. Failed strict quantitative thresholds.
2026-10-03 04:19:00,217 [WARNING] [AMBER.NS] Historical price fetch failed: AttributeError: 'App' object has no attribute 'equity'. Falling back to cached/fail-safe data — price will NOT advance this run.
2026-10-03 04:19:00,275 [INFO]  -> [AMBER.NS] Bypassed status. Failed strict quantitative thresholds.
2026-10-03 04:19:00,779 [WARNING] [AMBUJACEM.NS] Historical price fetch failed: AttributeError: 'App' object has no attribute 'equity'. Falling back to cached/fail-safe data — price will NOT advance this run.
2026-10-03 04:19:00,840 [INFO]  -> [AMBUJACEM.NS] Bypassed status. Failed strict quantitative thresholds.
2026-10-03 04:19:01,344 [WARNING] [ANANTRAJ.NS] Historical price fetch failed: AttributeError: 'App' object has no attribute 'equity'. Falling back to cached/fail-safe data — price will NOT advance this run.
2026-10-03 04:19:01,405 [INFO]  -> [ANANTRAJ.NS] Bypassed status. Failed strict quantitative thresholds.
2026-10-03 04:19:01,908 [WARNING] [ANURAS.NS] Historical price fetch failed: AttributeError: 'App' object has no attribute 'equity'. Falling back to cached/fail-safe data — price will NOT advance this run.
2026-10-03 04:19:01,967 [INFO]  -> [ANURAS.NS] Bypassed status. Failed strict quantitative thresholds.
2026-10-03 04:19:02,471 [WARNING] [APLAPOLLO.NS] Historical price fetch failed: AttributeError: 'App' object has no attribute 'equity'. Falling back to cached/fail-safe data — price will NOT advance this run.
2026-10-03 04:19:02,532 [INFO]  -> [APLAPOLLO.NS] Bypassed status. Failed strict quantitative thresholds.
2026-10-03 04:19:03,036 [WARNING] [APLLTD.NS] Historical price fetch failed: AttributeError: 'App' object has no attribute 'equity'. Falling back to cached/fail-safe data — price will NOT advance this run.
2026-10-03 04:19:03,097 [INFO]  -> [APLLTD.NS] Bypassed status. Failed strict quantitative thresholds.
2026-10-03 04:19:03,601 [WARNING] [APOLLO.NS] Historical price fetch failed: AttributeError: 'App' object has no attribute 'equity'. Falling back to cached/fail-safe data — price will NOT advance this run.
2026-10-03 04:19:03,663 [INFO]  -> [APOLLO.NS] Bypassed status. Failed strict quantitative thresholds.
2026-10-03 04:19:04,167 [WARNING] [APOLLOHOSP.NS] Historical price fetch failed: AttributeError: 'App' object has no attribute 'equity'. Falling back to cached/fail-safe data — price will NOT advance this run.
2026-10-03 04:19:04,226 [INFO]  -> [APOLLOHOSP.NS] Bypassed status. Failed strict quantitative thresholds.
2026-10-03 04:19:04,729 [WARNING] [APOLLOTYRE.NS] Historical price fetch failed: AttributeError: 'App' object has no attribute 'equity'. Falling back to cached/fail-safe data — price will NOT advance this run.
2026-10-03 04:19:04,790 [INFO]  -> [APOLLOTYRE.NS] Bypassed status. Failed strict quantitative thresholds.
2026-10-03 04:19:05,294 [WARNING] [ARE&M.NS] Historical price fetch failed: AttributeError: 'App' object has no attribute 'equity'. Falling back to cached/fail-safe data — price will NOT advance this run.
2026-10-03 04:19:05,355 [INFO]  -> [ARE&M.NS] Bypassed status. Failed strict quantitative thresholds.
2026-10-03 04:19:05,859 [WARNING] [ARTEMISMED.NS] Historical price fetch failed: AttributeError: 'App' object has no attribute 'equity'. Falling back to cached/fail-safe data — price will NOT advance this run.
2026-10-03 04:19:05,920 [INFO]  -> [ARTEMISMED.NS] Bypassed status. Failed strict quantitative thresholds.
2026-10-03 04:19:06,424 [WARNING] [ASAHIINDIA.NS] Historical price fetch failed: AttributeError: 'App' object has no attribute 'equity'. Falling back to cached/fail-safe data — price will NOT advance this run.
2026-10-03 04:19:06,484 [INFO]  -> [ASAHIINDIA.NS] Bypassed status. Failed strict quantitative thresholds.
2026-10-03 04:19:06,988 [WARNING] [ASIANENE.NS] Historical price fetch failed: AttributeError: 'App' object has no attribute 'equity'. Falling back to cached/fail-safe data — price will NOT advance this run.
2026-10-03 04:19:07,040 [INFO]  -> [ASIANENE.NS] Bypassed status. Failed strict quantitative thresholds.
2026-10-03 04:19:07,543 [WARNING] [ASIANPAINT.NS] Historical price fetch failed: AttributeError: 'App' object has no attribute 'equity'. Falling back to cached/fail-safe data — price will NOT advance this run.
2026-10-03 04:19:07,604 [INFO]  -> [ASIANPAINT.NS] Bypassed status. Failed strict quantitative thresholds.
2026-10-03 04:19:08,107 [WARNING] [ASKAUTOLTD.NS] Historical price fetch failed: AttributeError: 'App' object has no attribute 'equity'. Falling back to cached/fail-safe data — price will NOT advance this run.
2026-10-03 04:19:08,140 [INFO]  -> [ASKAUTOLTD.NS] Bypassed status. Failed strict quantitative thresholds.
2026-10-03 04:19:08,644 [WARNING] [ASTRAL.NS] Historical price fetch failed: AttributeError: 'App' object has no attribute 'equity'. Falling back to cached/fail-safe data — price will NOT advance this run.
2026-10-03 04:19:08,705 [INFO]  -> [ASTRAL.NS] Bypassed status. Failed strict quantitative thresholds.
2026-10-03 04:19:09,209 [WARNING] [ASTRAZEN.NS] Historical price fetch failed: AttributeError: 'App' object has no attribute 'equity'. Falling back to cached/fail-safe data — price will NOT advance this run.
2026-10-03 04:19:09,267 [INFO]  -> [ASTRAZEN.NS] Bypassed status. Failed strict quantitative thresholds.
2026-10-03 04:19:09,771 [WARNING] [ATGL.NS] Historical price fetch failed: AttributeError: 'App' object has no attribute 'equity'. Falling back to cached/fail-safe data — price will NOT advance this run.
2026-10-03 04:19:09,831 [INFO]  -> [ATGL.NS] Bypassed status. Failed strict quantitative thresholds.
2026-10-03 04:19:10,335 [WARNING] [ATUL.NS] Historical price fetch failed: AttributeError: 'App' object has no attribute 'equity'. Falling back to cached/fail-safe data — price will NOT advance this run.
2026-10-03 04:19:10,393 [INFO]  -> [ATUL.NS] Bypassed status. Failed strict quantitative thresholds.
2026-10-03 04:19:10,897 [WARNING] [AUROPHARMA.NS] Historical price fetch failed: AttributeError: 'App' object has no attribute 'equity'. Falling back to cached/fail-safe data — price will NOT advance this run.
2026-10-03 04:19:10,958 [INFO]  -> [AUROPHARMA.NS] Golden Rule Satisfied but alert is on cooldown (already alerted within the last 24 trading days). Skipping Telegram send.
2026-10-03 04:19:10,960 [WARNING] [AVANTIFEED.NS] Historical price fetch failed: AttributeError: 'App' object has no attribute 'equity'. Falling back to cached/fail-safe data — price will NOT advance this run.
2026-10-03 04:19:11,020 [INFO]  -> [AVANTIFEED.NS] Bypassed status. Failed strict quantitative thresholds.
2026-10-03 04:19:11,523 [WARNING] [AYMSYNTEX.NS] Historical price fetch failed: AttributeError: 'App' object has no attribute 'equity'. Falling back to cached/fail-safe data — price will NOT advance this run.
2026-10-03 04:19:11,583 [INFO]  -> [AYMSYNTEX.NS] Bypassed status. Failed strict quantitative thresholds.
2026-10-03 04:19:12,087 [WARNING] [BAJAJELEC.NS] Historical price fetch failed: AttributeError: 'App' object has no attribute 'equity'. Falling back to cached/fail-safe data — price will NOT advance this run.
2026-10-03 04:19:12,148 [INFO]  -> [BAJAJELEC.NS] Bypassed status. Failed strict quantitative thresholds.
2026-10-03 04:19:12,652 [WARNING] [BAJAJHCARE.NS] Historical price fetch failed: AttributeError: 'App' object has no attribute 'equity'. Falling back to cached/fail-safe data — price will NOT advance this run.
2026-10-03 04:19:12,703 [INFO]  -> [BAJAJHCARE.NS] Bypassed status. Failed strict quantitative thresholds.
2026-10-03 04:19:13,207 [WARNING] [BALKRISIND.NS] Historical price fetch failed: AttributeError: 'App' object has no attribute 'equity'. Falling back to cached/fail-safe data — price will NOT advance this run.
2026-10-03 04:19:13,267 [INFO]  -> [BALKRISIND.NS] Bypassed status. Failed strict quantitative thresholds.
2026-10-03 04:19:13,771 [WARNING] [BASF.NS] Historical price fetch failed: AttributeError: 'App' object has no attribute 'equity'. Falling back to cached/fail-safe data — price will NOT advance this run.
2026-10-03 04:19:13,830 [INFO]  -> [BASF.NS] Bypassed status. Failed strict quantitative thresholds.
2026-10-03 04:19:14,334 [WARNING] [BATAINDIA.NS] Historical price fetch failed: AttributeError: 'App' object has no attribute 'equity'. Falling back to cached/fail-safe data — price will NOT advance this run.
2026-10-03 04:19:14,395 [INFO]  -> [BATAINDIA.NS] Bypassed status. Failed strict quantitative thresholds.
2026-10-03 04:19:14,898 [WARNING] [BAYERCROP.NS] Historical price fetch failed: AttributeError: 'App' object has no attribute 'equity'. Falling back to cached/fail-safe data — price will NOT advance this run.
2026-10-03 04:19:14,958 [INFO]  -> [BAYERCROP.NS] Bypassed status. Failed strict quantitative thresholds.
2026-10-03 04:19:15,461 [WARNING] [BBTC.NS] Historical price fetch failed: AttributeError: 'App' object has no attribute 'equity'. Falling back to cached/fail-safe data — price will NOT advance this run.
2026-10-03 04:19:15,522 [INFO]  -> [BBTC.NS] Bypassed status. Failed strict quantitative thresholds.
2026-10-03 04:19:16,025 [WARNING] [BECTORFOOD.NS] Historical price fetch failed: AttributeError: 'App' object has no attribute 'equity'. Falling back to cached/fail-safe data — price will NOT advance this run.
2026-10-03 04:19:16,088 [INFO]  -> [BECTORFOOD.NS] Bypassed status. Failed strict quantitative thresholds.
2026-10-03 04:19:16,592 [WARNING] [BERGEPAINT.NS] Historical price fetch failed: AttributeError: 'App' object has no attribute 'equity'. Falling back to cached/fail-safe data — price will NOT advance this run.
2026-10-03 04:19:16,653 [INFO]  -> [BERGEPAINT.NS] Bypassed status. Failed strict quantitative thresholds.
2026-10-03 04:19:17,157 [WARNING] [BHARATRAS.NS] Historical price fetch failed: AttributeError: 'App' object has no attribute 'equity'. Falling back to cached/fail-safe data — price will NOT advance this run.
2026-10-03 04:19:17,217 [INFO]  -> [BHARATRAS.NS] Bypassed status. Failed strict quantitative thresholds.
2026-10-03 04:19:17,720 [WARNING] [BIKAJI.NS] Historical price fetch failed: AttributeError: 'App' object has no attribute 'equity'. Falling back to cached/fail-safe data — price will NOT advance this run.
2026-10-03 04:19:17,763 [INFO]  -> [BIKAJI.NS] Bypassed status. Failed strict quantitative thresholds.
2026-10-03 04:19:18,267 [WARNING] [BIOCON.NS] Historical price fetch failed: AttributeError: 'App' object has no attribute 'equity'. Falling back to cached/fail-safe data — price will NOT advance this run.
2026-10-03 04:19:18,327 [INFO]  -> [BIOCON.NS] Bypassed status. Failed strict quantitative thresholds.
2026-10-03 04:19:18,831 [WARNING] [BIRLACORPN.NS] Historical price fetch failed: AttributeError: 'App' object has no attribute 'equity'. Falling back to cached/fail-safe data — price will NOT advance this run.
2026-10-03 04:19:18,892 [INFO]  -> [BIRLACORPN.NS] Bypassed status. Failed strict quantitative thresholds.
2026-10-03 04:19:19,395 [WARNING] [BLUESTARCO.NS] Historical price fetch failed: AttributeError: 'App' object has no attribute 'equity'. Falling back to cached/fail-safe data — price will NOT advance this run.
2026-10-03 04:19:19,456 [INFO]  -> [BLUESTARCO.NS] Bypassed status. Failed strict quantitative thresholds.
2026-10-03 04:19:19,960 [WARNING] [BORORENEW.NS] Historical price fetch failed: AttributeError: 'App' object has no attribute 'equity'. Falling back to cached/fail-safe data — price will NOT advance this run.
2026-10-03 04:19:20,019 [INFO]  -> [BORORENEW.NS] Bypassed status. Failed strict quantitative thresholds.
2026-10-03 04:19:20,523 [WARNING] [BRIGADE.NS] Historical price fetch failed: AttributeError: 'App' object has no attribute 'equity'. Falling back to cached/fail-safe data — price will NOT advance this run.
2026-10-03 04:19:20,585 [INFO]  -> [BRIGADE.NS] Bypassed status. Failed strict quantitative thresholds.
2026-10-03 04:19:21,088 [WARNING] [CAMPUS.NS] Historical price fetch failed: AttributeError: 'App' object has no attribute 'equity'. Falling back to cached/fail-safe data — price will NOT advance this run.
2026-10-03 04:19:21,136 [INFO]  -> [CAMPUS.NS] Bypassed status. Failed strict quantitative thresholds.
2026-10-03 04:19:21,640 [WARNING] [CAPLIPOINT.NS] Historical price fetch failed: AttributeError: 'App' object has no attribute 'equity'. Falling back to cached/fail-safe data — price will NOT advance this run.
2026-10-03 04:19:21,700 [INFO]  -> [CAPLIPOINT.NS] Bypassed status. Failed strict quantitative thresholds.
2026-10-03 04:19:22,204 [WARNING] [CARBORUNIV.NS] Historical price fetch failed: AttributeError: 'App' object has no attribute 'equity'. Falling back to cached/fail-safe data — price will NOT advance this run.
2026-10-03 04:19:22,264 [INFO]  -> [CARBORUNIV.NS] Bypassed status. Failed strict quantitative thresholds.
2026-10-03 04:19:22,768 [WARNING] [CCL.NS] Historical price fetch failed: AttributeError: 'App' object has no attribute 'equity'. Falling back to cached/fail-safe data — price will NOT advance this run.
2026-10-03 04:19:22,829 [INFO]  -> [CCL.NS] Bypassed status. Failed strict quantitative thresholds.
2026-10-03 04:19:23,332 [WARNING] [CEATLTD.NS] Historical price fetch failed: AttributeError: 'App' object has no attribute 'equity'. Falling back to cached/fail-safe data — price will NOT advance this run.
2026-10-03 04:19:23,393 [INFO]  -> [CEATLTD.NS] Bypassed status. Failed strict quantitative thresholds.
2026-10-03 04:19:23,896 [WARNING] [CENTURYPLY.NS] Historical price fetch failed: AttributeError: 'App' object has no attribute 'equity'. Falling back to cached/fail-safe data — price will NOT advance this run.
2026-10-03 04:19:23,956 [INFO]  -> [CENTURYPLY.NS] Bypassed status. Failed strict quantitative thresholds.
2026-10-03 04:19:24,460 [WARNING] [CERA.NS] Historical price fetch failed: AttributeError: 'App' object has no attribute 'equity'. Falling back to cached/fail-safe data — price will NOT advance this run.
2026-10-03 04:19:24,519 [INFO]  -> [CERA.NS] Bypassed status. Failed strict quantitative thresholds.
2026-10-03 04:19:25,023 [WARNING] [CGPOWER.NS] Historical price fetch failed: AttributeError: 'App' object has no attribute 'equity'. Falling back to cached/fail-safe data — price will NOT advance this run.
2026-10-03 04:19:25,083 [INFO]  -> [CGPOWER.NS] Bypassed status. Failed strict quantitative thresholds.
2026-10-03 04:19:25,587 [WARNING] [CHAMBLFERT.NS] Historical price fetch failed: AttributeError: 'App' object has no attribute 'equity'. Falling back to cached/fail-safe data — price will NOT advance this run.
2026-10-03 04:19:25,648 [INFO]  -> [CHAMBLFERT.NS] Bypassed status. Failed strict quantitative thresholds.
2026-10-03 04:19:26,151 [WARNING] [CHEMPLASTS.NS] Historical price fetch failed: AttributeError: 'App' object has no attribute 'equity'. Falling back to cached/fail-safe data — price will NOT advance this run.
2026-10-03 04:19:26,205 [INFO]  -> [CHEMPLASTS.NS] Bypassed status. Failed strict quantitative thresholds.
2026-10-03 04:19:26,709 [WARNING] [CIPLA.NS] Historical price fetch failed: AttributeError: 'App' object has no attribute 'equity'. Falling back to cached/fail-safe data — price will NOT advance this run.
2026-10-03 04:19:26,770 [INFO]  -> [CIPLA.NS] Bypassed status. Failed strict quantitative thresholds.
2026-10-03 04:19:27,274 [WARNING] [CLEAN.NS] Historical price fetch failed: AttributeError: 'App' object has no attribute 'equity'. Falling back to cached/fail-safe data — price will NOT advance this run.
2026-10-03 04:19:27,329 [INFO]  -> [CLEAN.NS] Bypassed status. Failed strict quantitative thresholds.
2026-10-03 04:19:27,833 [WARNING] [COALINDIA.NS] Historical price fetch failed: AttributeError: 'App' object has no attribute 'equity'. Falling back to cached/fail-safe data — price will NOT advance this run.
2026-10-03 04:19:27,893 [INFO]  -> [COALINDIA.NS] Bypassed status. Failed strict quantitative thresholds.
2026-10-03 04:19:28,397 [WARNING] [COCHINSHIP.NS] Historical price fetch failed: AttributeError: 'App' object has no attribute 'equity'. Falling back to cached/fail-safe data — price will NOT advance this run.
2026-10-03 04:19:28,458 [INFO]  -> [COCHINSHIP.NS] Bypassed status. Failed strict quantitative thresholds.
2026-10-03 04:19:28,962 [WARNING] [COLPAL.NS] Historical price fetch failed: AttributeError: 'App' object has no attribute 'equity'. Falling back to cached/fail-safe data — price will NOT advance this run.
2026-10-03 04:19:29,023 [INFO]  -> [COLPAL.NS] Bypassed status. Failed strict quantitative thresholds.
2026-10-03 04:19:29,527 [WARNING] [CONCOR.NS] Historical price fetch failed: AttributeError: 'App' object has no attribute 'equity'. Falling back to cached/fail-safe data — price will NOT advance this run.
2026-10-03 04:19:29,588 [INFO]  -> [CONCOR.NS] Bypassed status. Failed strict quantitative thresholds.
2026-10-03 04:19:30,092 [WARNING] [COSMOFIRST.NS] Historical price fetch failed: AttributeError: 'App' object has no attribute 'equity'. Falling back to cached/fail-safe data — price will NOT advance this run.
2026-10-03 04:19:30,153 [INFO]  -> [COSMOFIRST.NS] Bypassed status. Failed strict quantitative thresholds.
2026-10-03 04:19:30,657 [WARNING] [CROMPTON.NS] Historical price fetch failed: AttributeError: 'App' object has no attribute 'equity'. Falling back to cached/fail-safe data — price will NOT advance this run.
2026-10-03 04:19:30,718 [INFO]  -> [CROMPTON.NS] Bypassed status. Failed strict quantitative thresholds.
2026-10-03 04:19:31,222 [WARNING] [CYIENT.NS] Historical price fetch failed: AttributeError: 'App' object has no attribute 'equity'. Falling back to cached/fail-safe data — price will NOT advance this run.
2026-10-03 04:19:31,282 [INFO]  -> [CYIENT.NS] Bypassed status. Failed strict quantitative thresholds.
2026-10-03 04:19:31,786 [WARNING] [DABUR.NS] Historical price fetch failed: AttributeError: 'App' object has no attribute 'equity'. Falling back to cached/fail-safe data — price will NOT advance this run.
2026-10-03 04:19:31,847 [INFO]  -> [DABUR.NS] Bypassed status. Failed strict quantitative thresholds.
2026-10-03 04:19:32,351 [WARNING] [DALBHARAT.NS] Historical price fetch failed: AttributeError: 'App' object has no attribute 'equity'. Falling back to cached/fail-safe data — price will NOT advance this run.
2026-10-03 04:19:32,411 [INFO]  -> [DALBHARAT.NS] Bypassed status. Failed strict quantitative thresholds.
2026-10-03 04:19:32,915 [WARNING] [DCMSHRIRAM.NS] Historical price fetch failed: AttributeError: 'App' object has no attribute 'equity'. Falling back to cached/fail-safe data — price will NOT advance this run.
2026-10-03 04:19:32,976 [INFO]  -> [DCMSHRIRAM.NS] Bypassed status. Failed strict quantitative thresholds.
2026-10-03 04:19:33,479 [WARNING] [DEEPAKFERT.NS] Historical price fetch failed: AttributeError: 'App' object has no attribute 'equity'. Falling back to cached/fail-safe data — price will NOT advance this run.
2026-10-03 04:19:33,540 [INFO]  -> [DEEPAKFERT.NS] Golden Rule Satisfied but alert is on cooldown (already alerted within the last 24 trading days). Skipping Telegram send.
2026-10-03 04:19:33,542 [WARNING] [DEEPAKNTR.NS] Historical price fetch failed: AttributeError: 'App' object has no attribute 'equity'. Falling back to cached/fail-safe data — price will NOT advance this run.
2026-10-03 04:19:33,602 [INFO]  -> [DEEPAKNTR.NS] Bypassed status. Failed strict quantitative thresholds.
2026-10-03 04:19:34,106 [WARNING] [DELHIVERY.NS] Historical price fetch failed: AttributeError: 'App' object has no attribute 'equity'. Falling back to cached/fail-safe data — price will NOT advance this run.
2026-10-03 04:19:34,153 [INFO]  -> [DELHIVERY.NS] Bypassed status. Failed strict quantitative thresholds.
2026-10-03 04:19:34,656 [WARNING] [DHANUKA.NS] Historical price fetch failed: AttributeError: 'App' object has no attribute 'equity'. Falling back to cached/fail-safe data — price will NOT advance this run.
2026-10-03 04:19:34,716 [INFO]  -> [DHANUKA.NS] Bypassed status. Failed strict quantitative thresholds.
2026-10-03 04:19:35,220 [WARNING] [DIVISLAB.NS] Historical price fetch failed: AttributeError: 'App' object has no attribute 'equity'. Falling back to cached/fail-safe data — price will NOT advance this run.
2026-10-03 04:19:35,279 [INFO]  -> [DIVISLAB.NS] Bypassed status. Failed strict quantitative thresholds.
2026-10-03 04:19:35,783 [WARNING] [DLF.NS] Historical price fetch failed: AttributeError: 'App' object has no attribute 'equity'. Falling back to cached/fail-safe data — price will NOT advance this run.
2026-10-03 04:19:35,844 [INFO]  -> [DLF.NS] Bypassed status. Failed strict quantitative thresholds.
2026-10-03 04:19:36,347 [WARNING] [DMART.NS] Historical price fetch failed: AttributeError: 'App' object has no attribute 'equity'. Falling back to cached/fail-safe data — price will NOT advance this run.
2026-10-03 04:19:36,407 [INFO]  -> [DMART.NS] Bypassed status. Failed strict quantitative thresholds.
2026-10-03 04:19:36,910 [WARNING] [DOLLAR.NS] Historical price fetch failed: AttributeError: 'App' object has no attribute 'equity'. Falling back to cached/fail-safe data — price will NOT advance this run.
2026-10-03 04:19:36,971 [INFO]  -> [DOLLAR.NS] Bypassed status. Failed strict quantitative thresholds.
2026-10-03 04:19:37,475 [WARNING] [DRREDDY.NS] Historical price fetch failed: AttributeError: 'App' object has no attribute 'equity'. Falling back to cached/fail-safe data — price will NOT advance this run.
2026-10-03 04:19:37,537 [INFO]  -> [DRREDDY.NS] Bypassed status. Failed strict quantitative thresholds.
2026-10-03 04:19:38,041 [WARNING] [DYCL.NS] Historical price fetch failed: AttributeError: 'App' object has no attribute 'equity'. Falling back to cached/fail-safe data — price will NOT advance this run.
2026-10-03 04:19:38,086 [INFO]  -> [DYCL.NS] Bypassed status. Failed strict quantitative thresholds.
2026-10-03 04:19:38,590 [WARNING] [ECLERX.NS] Historical price fetch failed: AttributeError: 'App' object has no attribute 'equity'. Falling back to cached/fail-safe data — price will NOT advance this run.
2026-10-03 04:19:38,651 [INFO]  -> [ECLERX.NS] Bypassed status. Failed strict quantitative thresholds.
2026-10-03 04:19:39,155 [WARNING] [EICHERMOT.NS] Historical price fetch failed: AttributeError: 'App' object has no attribute 'equity'. Falling back to cached/fail-safe data — price will NOT advance this run.
2026-10-03 04:19:39,214 [INFO]  -> [EICHERMOT.NS] Bypassed status. Failed strict quantitative thresholds.
2026-10-03 04:19:39,718 [WARNING] [EIDPARRY.NS] Historical price fetch failed: AttributeError: 'App' object has no attribute 'equity'. Falling back to cached/fail-safe data — price will NOT advance this run.
2026-10-03 04:19:39,779 [INFO]  -> [EIDPARRY.NS] Bypassed status. Failed strict quantitative thresholds.
2026-10-03 04:19:40,283 [WARNING] [EKC.NS] Historical price fetch failed: AttributeError: 'App' object has no attribute 'equity'. Falling back to cached/fail-safe data — price will NOT advance this run.
2026-10-03 04:19:40,344 [INFO]  -> [EKC.NS] Bypassed status. Failed strict quantitative thresholds.
2026-10-03 04:19:40,848 [WARNING] [ELGIEQUIP.NS] Historical price fetch failed: AttributeError: 'App' object has no attribute 'equity'. Falling back to cached/fail-safe data — price will NOT advance this run.
2026-10-03 04:19:40,908 [INFO]  -> [ELGIEQUIP.NS] Bypassed status. Failed strict quantitative thresholds.
2026-10-03 04:19:41,412 [WARNING] [EMAMILTD.NS] Historical price fetch failed: AttributeError: 'App' object has no attribute 'equity'. Falling back to cached/fail-safe data — price will NOT advance this run.
2026-10-03 04:19:41,473 [INFO]  -> [EMAMILTD.NS] Bypassed status. Failed strict quantitative thresholds.
2026-10-03 04:19:41,976 [WARNING] [EMUDHRA.NS] Historical price fetch failed: AttributeError: 'App' object has no attribute 'equity'. Falling back to cached/fail-safe data — price will NOT advance this run.
2026-10-03 04:19:42,024 [INFO]  -> [EMUDHRA.NS] Bypassed status. Failed strict quantitative thresholds.
2026-10-03 04:19:42,527 [WARNING] [ENDURANCE.NS] Historical price fetch failed: AttributeError: 'App' object has no attribute 'equity'. Falling back to cached/fail-safe data — price will NOT advance this run.
2026-10-03 04:19:42,587 [INFO]  -> [ENDURANCE.NS] Bypassed status. Failed strict quantitative thresholds.
2026-10-03 04:19:43,091 [WARNING] [EPL.NS] Historical price fetch failed: AttributeError: 'App' object has no attribute 'equity'. Falling back to cached/fail-safe data — price will NOT advance this run.
2026-10-03 04:19:43,152 [INFO]  -> [EPL.NS] Bypassed status. Failed strict quantitative thresholds.
2026-10-03 04:19:43,656 [WARNING] [FDC.NS] Historical price fetch failed: AttributeError: 'App' object has no attribute 'equity'. Falling back to cached/fail-safe data — price will NOT advance this run.
2026-10-03 04:19:43,717 [INFO]  -> [FDC.NS] Bypassed status. Failed strict quantitative thresholds.
2026-10-03 04:19:44,221 [WARNING] [FINCABLES.NS] Historical price fetch failed: AttributeError: 'App' object has no attribute 'equity'. Falling back to cached/fail-safe data — price will NOT advance this run.
2026-10-03 04:19:44,281 [INFO]  -> [FINCABLES.NS] Bypassed status. Failed strict quantitative thresholds.
2026-10-03 04:19:44,785 [WARNING] [FINEORG.NS] Historical price fetch failed: AttributeError: 'App' object has no attribute 'equity'. Falling back to cached/fail-safe data — price will NOT advance this run.
2026-10-03 04:19:44,845 [INFO]  -> [FINEORG.NS] Bypassed status. Failed strict quantitative thresholds.
2026-10-03 04:19:45,349 [WARNING] [FINPIPE.NS] Historical price fetch failed: AttributeError: 'App' object has no attribute 'equity'. Falling back to cached/fail-safe data — price will NOT advance this run.
2026-10-03 04:19:45,411 [INFO]  -> [FINPIPE.NS] Bypassed status. Failed strict quantitative thresholds.
2026-10-03 04:19:45,914 [WARNING] [FLUOROCHEM.NS] Historical price fetch failed: AttributeError: 'App' object has no attribute 'equity'. Falling back to cached/fail-safe data — price will NOT advance this run.
2026-10-03 04:19:45,974 [INFO]  -> [FLUOROCHEM.NS] Bypassed status. Failed strict quantitative thresholds.
2026-10-03 04:19:46,478 [WARNING] [FMGOETZE.NS] Historical price fetch failed: AttributeError: 'App' object has no attribute 'equity'. Falling back to cached/fail-safe data — price will NOT advance this run.
2026-10-03 04:19:46,538 [INFO]  -> [FMGOETZE.NS] Bypassed status. Failed strict quantitative thresholds.
2026-10-03 04:19:47,042 [WARNING] [FORTIS.NS] Historical price fetch failed: AttributeError: 'App' object has no attribute 'equity'. Falling back to cached/fail-safe data — price will NOT advance this run.
2026-10-03 04:19:47,103 [INFO]  -> [FORTIS.NS] Bypassed status. Failed strict quantitative thresholds.
2026-10-03 04:19:47,607 [WARNING] [GABRIEL.NS] Historical price fetch failed: AttributeError: 'App' object has no attribute 'equity'. Falling back to cached/fail-safe data — price will NOT advance this run.
2026-10-03 04:19:47,668 [INFO]  -> [GABRIEL.NS] Golden Rule Satisfied but alert is on cooldown (already alerted within the last 24 trading days). Skipping Telegram send.
2026-10-03 04:19:47,670 [WARNING] [GAEL.NS] Historical price fetch failed: AttributeError: 'App' object has no attribute 'equity'. Falling back to cached/fail-safe data — price will NOT advance this run.
2026-10-03 04:19:47,731 [INFO]  -> [GAEL.NS] Bypassed status. Failed strict quantitative thresholds.
2026-10-03 04:19:48,235 [WARNING] [GAIL.NS] Historical price fetch failed: AttributeError: 'App' object has no attribute 'equity'. Falling back to cached/fail-safe data — price will NOT advance this run.
2026-10-03 04:19:48,298 [INFO]  -> [GAIL.NS] Bypassed status. Failed strict quantitative thresholds.
2026-10-03 04:19:48,801 [WARNING] [GALAXYSURF.NS] Historical price fetch failed: AttributeError: 'App' object has no attribute 'equity'. Falling back to cached/fail-safe data — price will NOT advance this run.
2026-10-03 04:19:48,862 [INFO]  -> [GALAXYSURF.NS] Bypassed status. Failed strict quantitative thresholds.
2026-10-03 04:19:49,365 [WARNING] [GANECOS.NS] Historical price fetch failed: AttributeError: 'App' object has no attribute 'equity'. Falling back to cached/fail-safe data — price will NOT advance this run.
2026-10-03 04:19:49,426 [INFO]  -> [GANECOS.NS] Bypassed status. Failed strict quantitative thresholds.
2026-10-03 04:19:49,930 [WARNING] [GARFIBRES.NS] Historical price fetch failed: AttributeError: 'App' object has no attribute 'equity'. Falling back to cached/fail-safe data — price will NOT advance this run.
2026-10-03 04:19:49,991 [INFO]  -> [GARFIBRES.NS] Bypassed status. Failed strict quantitative thresholds.
2026-10-03 04:19:50,495 [WARNING] [GENESYS.NS] Historical price fetch failed: AttributeError: 'App' object has no attribute 'equity'. Falling back to cached/fail-safe data — price will NOT advance this run.
2026-10-03 04:19:50,555 [INFO]  -> [GENESYS.NS] Bypassed status. Failed strict quantitative thresholds.
2026-10-03 04:19:51,058 [WARNING] [GHCLTEXTIL.NS] Historical price fetch failed: AttributeError: 'App' object has no attribute 'equity'. Falling back to cached/fail-safe data — price will NOT advance this run.
2026-10-03 04:19:51,096 [INFO]  -> [GHCLTEXTIL.NS] Bypassed status. Failed strict quantitative thresholds.
2026-10-03 04:19:51,600 [WARNING] [GLAND.NS] Historical price fetch failed: AttributeError: 'App' object has no attribute 'equity'. Falling back to cached/fail-safe data — price will NOT advance this run.
2026-10-03 04:19:51,662 [INFO]  -> [GLAND.NS] Bypassed status. Failed strict quantitative thresholds.
2026-10-03 04:19:52,166 [WARNING] [GLENMARK.NS] Historical price fetch failed: AttributeError: 'App' object has no attribute 'equity'. Falling back to cached/fail-safe data — price will NOT advance this run.
2026-10-03 04:19:52,227 [INFO]  -> [GLENMARK.NS] Bypassed status. Failed strict quantitative thresholds.
2026-10-03 04:19:52,731 [WARNING] [GMMPFAUDLR.NS] Historical price fetch failed: AttributeError: 'App' object has no attribute 'equity'. Falling back to cached/fail-safe data — price will NOT advance this run.
2026-10-03 04:19:52,793 [INFO]  -> [GMMPFAUDLR.NS] Bypassed status. Failed strict quantitative thresholds.
2026-10-03 04:19:53,296 [WARNING] [GODREJAGRO.NS] Historical price fetch failed: AttributeError: 'App' object has no attribute 'equity'. Falling back to cached/fail-safe data — price will NOT advance this run.
2026-10-03 04:19:53,357 [INFO]  -> [GODREJAGRO.NS] Bypassed status. Failed strict quantitative thresholds.
2026-10-03 04:19:53,861 [WARNING] [GODREJCP.NS] Historical price fetch failed: AttributeError: 'App' object has no attribute 'equity'. Falling back to cached/fail-safe data — price will NOT advance this run.
2026-10-03 04:19:53,922 [INFO]  -> [GODREJCP.NS] Bypassed status. Failed strict quantitative thresholds.
2026-10-03 04:19:54,426 [WARNING] [GOKULAGRO.NS] Historical price fetch failed: AttributeError: 'App' object has no attribute 'equity'. Falling back to cached/fail-safe data — price will NOT advance this run.
2026-10-03 04:19:54,490 [INFO]  -> [GOKULAGRO.NS] Bypassed status. Failed strict quantitative thresholds.
2026-10-03 04:19:54,994 [WARNING] [GOODLUCK.NS] Historical price fetch failed: AttributeError: 'App' object has no attribute 'equity'. Falling back to cached/fail-safe data — price will NOT advance this run.
2026-10-03 04:19:55,057 [INFO]  -> [GOODLUCK.NS] Bypassed status. Failed strict quantitative thresholds.
2026-10-03 04:19:55,561 [WARNING] [GPPL.NS] Historical price fetch failed: AttributeError: 'App' object has no attribute 'equity'. Falling back to cached/fail-safe data — price will NOT advance this run.
2026-10-03 04:19:55,622 [INFO]  -> [GPPL.NS] Bypassed status. Failed strict quantitative thresholds.
2026-10-03 04:19:56,125 [WARNING] [GRANULES.NS] Historical price fetch failed: AttributeError: 'App' object has no attribute 'equity'. Falling back to cached/fail-safe data — price will NOT advance this run.
2026-10-03 04:19:56,186 [INFO]  -> [GRANULES.NS] Bypassed status. Failed strict quantitative thresholds.
2026-10-03 04:19:56,690 [WARNING] [GRAPHITE.NS] Historical price fetch failed: AttributeError: 'App' object has no attribute 'equity'. Falling back to cached/fail-safe data — price will NOT advance this run.
2026-10-03 04:19:56,752 [INFO]  -> [GRAPHITE.NS] Bypassed status. Failed strict quantitative thresholds.
2026-10-03 04:19:57,256 [WARNING] [GREENPANEL.NS] Historical price fetch failed: AttributeError: 'App' object has no attribute 'equity'. Falling back to cached/fail-safe data — price will NOT advance this run.
2026-10-03 04:19:57,317 [INFO]  -> [GREENPANEL.NS] Bypassed status. Failed strict quantitative thresholds.
2026-10-03 04:19:57,821 [WARNING] [GRINDWELL.NS] Historical price fetch failed: AttributeError: 'App' object has no attribute 'equity'. Falling back to cached/fail-safe data — price will NOT advance this run.
2026-10-03 04:19:57,882 [INFO]  -> [GRINDWELL.NS] Bypassed status. Failed strict quantitative thresholds.
2026-10-03 04:19:58,385 [WARNING] [GRWRHITECH.NS] Historical price fetch failed: AttributeError: 'App' object has no attribute 'equity'. Falling back to cached/fail-safe data — price will NOT advance this run.
2026-10-03 04:19:58,435 [INFO]  -> [GRWRHITECH.NS] Bypassed status. Failed strict quantitative thresholds.
2026-10-03 04:19:58,938 [WARNING] [GSPL.NS] Historical price fetch failed: AttributeError: 'App' object has no attribute 'equity'. Falling back to cached/fail-safe data — price will NOT advance this run.
2026-10-03 04:19:58,943 [WARNING] [GUJALKALI.NS] Historical price fetch failed: AttributeError: 'App' object has no attribute 'equity'. Falling back to cached/fail-safe data — price will NOT advance this run.
2026-10-03 04:19:59,002 [INFO]  -> [GUJALKALI.NS] Bypassed status. Failed strict quantitative thresholds.
2026-10-03 04:19:59,584 [INFO]  -> [GUJGASLTD.NS] Bypassed status. Failed strict quantitative thresholds.
2026-10-03 04:20:00,088 [WARNING] [GVT&D.NS] Historical price fetch failed: AttributeError: 'App' object has no attribute 'equity'. Falling back to cached/fail-safe data — price will NOT advance this run.
2026-10-03 04:20:00,148 [INFO]  -> [GVT&D.NS] Bypassed status. Failed strict quantitative thresholds.
2026-10-03 04:20:00,652 [WARNING] [HARDWYN.NS] Historical price fetch failed: AttributeError: 'App' object has no attribute 'equity'. Falling back to cached/fail-safe data — price will NOT advance this run.
2026-10-03 04:20:00,701 [INFO]  -> [HARDWYN.NS] Bypassed status. Failed strict quantitative thresholds.
2026-10-03 04:20:01,205 [WARNING] [HAVELLS.NS] Historical price fetch failed: AttributeError: 'App' object has no attribute 'equity'. Falling back to cached/fail-safe data — price will NOT advance this run.
2026-10-03 04:20:01,266 [INFO]  -> [HAVELLS.NS] Bypassed status. Failed strict quantitative thresholds.
2026-10-03 04:20:01,770 [WARNING] [HEG.NS] Historical price fetch failed: AttributeError: 'App' object has no attribute 'equity'. Falling back to cached/fail-safe data — price will NOT advance this run.
2026-10-03 04:20:01,832 [INFO]  -> [HEG.NS] Bypassed status. Failed strict quantitative thresholds.
2026-10-03 04:20:02,336 [WARNING] [HERANBA.NS] Historical price fetch failed: AttributeError: 'App' object has no attribute 'equity'. Falling back to cached/fail-safe data — price will NOT advance this run.
2026-10-03 04:20:02,394 [INFO]  -> [HERANBA.NS] Bypassed status. Failed strict quantitative thresholds.
2026-10-03 04:20:02,898 [WARNING] [HEROMOTOCO.NS] Historical price fetch failed: AttributeError: 'App' object has no attribute 'equity'. Falling back to cached/fail-safe data — price will NOT advance this run.
2026-10-03 04:20:02,958 [INFO]  -> [HEROMOTOCO.NS] Bypassed status. Failed strict quantitative thresholds.
2026-10-03 04:20:03,462 [WARNING] [HFCL.NS] Historical price fetch failed: AttributeError: 'App' object has no attribute 'equity'. Falling back to cached/fail-safe data — price will NOT advance this run.
2026-10-03 04:20:03,523 [INFO]  -> [HFCL.NS] Bypassed status. Failed strict quantitative thresholds.
2026-10-03 04:20:04,027 [WARNING] [HIKAL.NS] Historical price fetch failed: AttributeError: 'App' object has no attribute 'equity'. Falling back to cached/fail-safe data — price will NOT advance this run.
2026-10-03 04:20:04,087 [INFO]  -> [HIKAL.NS] Bypassed status. Failed strict quantitative thresholds.
2026-10-03 04:20:04,591 [WARNING] [HINDALCO.NS] Historical price fetch failed: AttributeError: 'App' object has no attribute 'equity'. Falling back to cached/fail-safe data — price will NOT advance this run.
2026-10-03 04:20:04,652 [INFO]  -> [HINDALCO.NS] Golden Rule Satisfied but alert is on cooldown (already alerted within the last 24 trading days). Skipping Telegram send.
2026-10-03 04:20:04,655 [WARNING] [HINDCOPPER.NS] Historical price fetch failed: AttributeError: 'App' object has no attribute 'equity'. Falling back to cached/fail-safe data — price will NOT advance this run.
2026-10-03 04:20:04,715 [INFO]  -> [HINDCOPPER.NS] Bypassed status. Failed strict quantitative thresholds.
2026-10-03 04:20:05,219 [WARNING] [HINDPETRO.NS] Historical price fetch failed: AttributeError: 'App' object has no attribute 'equity'. Falling back to cached/fail-safe data — price will NOT advance this run.
2026-10-03 04:20:05,281 [INFO]  -> [HINDPETRO.NS] Bypassed status. Failed strict quantitative thresholds.
2026-10-03 04:20:05,785 [WARNING] [HINDUNILVR.NS] Historical price fetch failed: AttributeError: 'App' object has no attribute 'equity'. Falling back to cached/fail-safe data — price will NOT advance this run.
2026-10-03 04:20:05,845 [INFO]  -> [HINDUNILVR.NS] Bypassed status. Failed strict quantitative thresholds.
2026-10-03 04:20:06,349 [WARNING] [HLEGLAS.NS] Historical price fetch failed: AttributeError: 'App' object has no attribute 'equity'. Falling back to cached/fail-safe data — price will NOT advance this run.
2026-10-03 04:20:06,410 [INFO]  -> [HLEGLAS.NS] Bypassed status. Failed strict quantitative thresholds.
2026-10-03 04:20:06,991 [INFO]  -> [IBREALEST.NS] Bypassed status. Failed strict quantitative thresholds.
2026-10-03 04:20:07,495 [WARNING] [IFBIND.NS] Historical price fetch failed: AttributeError: 'App' object has no attribute 'equity'. Falling back to cached/fail-safe data — price will NOT advance this run.
2026-10-03 04:20:07,554 [INFO]  -> [IFBIND.NS] Bypassed status. Failed strict quantitative thresholds.
2026-10-03 04:20:08,058 [WARNING] [IGL.NS] Historical price fetch failed: AttributeError: 'App' object has no attribute 'equity'. Falling back to cached/fail-safe data — price will NOT advance this run.
2026-10-03 04:20:08,120 [INFO]  -> [IGL.NS] Bypassed status. Failed strict quantitative thresholds.
2026-10-03 04:20:08,624 [WARNING] [INDIGOPNTS.NS] Historical price fetch failed: AttributeError: 'App' object has no attribute 'equity'. Falling back to cached/fail-safe data — price will NOT advance this run.
2026-10-03 04:20:08,684 [INFO]  -> [INDIGOPNTS.NS] Bypassed status. Failed strict quantitative thresholds.
2026-10-03 04:20:09,188 [WARNING] [INDNIPPON.NS] Historical price fetch failed: AttributeError: 'App' object has no attribute 'equity'. Falling back to cached/fail-safe data — price will NOT advance this run.
2026-10-03 04:20:09,249 [INFO]  -> [INDNIPPON.NS] Bypassed status. Failed strict quantitative thresholds.
2026-10-03 04:20:09,752 [WARNING] [INDOCO.NS] Historical price fetch failed: AttributeError: 'App' object has no attribute 'equity'. Falling back to cached/fail-safe data — price will NOT advance this run.
2026-10-03 04:20:09,814 [INFO]  -> [INDOCO.NS] Bypassed status. Failed strict quantitative thresholds.
2026-10-03 04:20:10,318 [WARNING] [INDUSTOWER.NS] Historical price fetch failed: AttributeError: 'App' object has no attribute 'equity'. Falling back to cached/fail-safe data — price will NOT advance this run.
2026-10-03 04:20:10,379 [INFO]  -> [INDUSTOWER.NS] Bypassed status. Failed strict quantitative thresholds.
2026-10-03 04:20:10,882 [WARNING] [INNOVACAP.NS] Historical price fetch failed: AttributeError: 'App' object has no attribute 'equity'. Falling back to cached/fail-safe data — price will NOT advance this run.
2026-10-03 04:20:10,914 [INFO]  -> [INNOVACAP.NS] Bypassed status. Failed strict quantitative thresholds.
2026-10-03 04:20:11,418 [WARNING] [IOC.NS] Historical price fetch failed: AttributeError: 'App' object has no attribute 'equity'. Falling back to cached/fail-safe data — price will NOT advance this run.
2026-10-03 04:20:11,481 [INFO]  -> [IOC.NS] Bypassed status. Failed strict quantitative thresholds.
2026-10-03 04:20:11,985 [WARNING] [IPCALAB.NS] Historical price fetch failed: AttributeError: 'App' object has no attribute 'equity'. Falling back to cached/fail-safe data — price will NOT advance this run.
2026-10-03 04:20:12,046 [INFO]  -> [IPCALAB.NS] Bypassed status. Failed strict quantitative thresholds.
2026-10-03 04:20:12,550 [WARNING] [IPL.NS] Historical price fetch failed: AttributeError: 'App' object has no attribute 'equity'. Falling back to cached/fail-safe data — price will NOT advance this run.
2026-10-03 04:20:12,607 [INFO]  -> [IPL.NS] Bypassed status. Failed strict quantitative thresholds.
2026-10-03 04:20:13,110 [WARNING] [ISGEC.NS] Historical price fetch failed: AttributeError: 'App' object has no attribute 'equity'. Falling back to cached/fail-safe data — price will NOT advance this run.
2026-10-03 04:20:13,168 [INFO]  -> [ISGEC.NS] Bypassed status. Failed strict quantitative thresholds.
2026-10-03 04:20:13,671 [WARNING] [ITI.NS] Historical price fetch failed: AttributeError: 'App' object has no attribute 'equity'. Falling back to cached/fail-safe data — price will NOT advance this run.
2026-10-03 04:20:13,732 [INFO]  -> [ITI.NS] Bypassed status. Failed strict quantitative thresholds.
2026-10-03 04:20:14,236 [WARNING] [JAMNAAUTO.NS] Historical price fetch failed: AttributeError: 'App' object has no attribute 'equity'. Falling back to cached/fail-safe data — price will NOT advance this run.
2026-10-03 04:20:14,298 [INFO]  -> [JAMNAAUTO.NS] Bypassed status. Failed strict quantitative thresholds.
2026-10-03 04:20:14,801 [WARNING] [JBCHEPHARM.NS] Historical price fetch failed: AttributeError: 'App' object has no attribute 'equity'. Falling back to cached/fail-safe data — price will NOT advance this run.
2026-10-03 04:20:14,806 [WARNING] [JINDALSAW.NS] Historical price fetch failed: AttributeError: 'App' object has no attribute 'equity'. Falling back to cached/fail-safe data — price will NOT advance this run.
2026-10-03 04:20:14,867 [INFO]  -> [JINDALSAW.NS] Bypassed status. Failed strict quantitative thresholds.
2026-10-03 04:20:15,371 [WARNING] [JINDALSTEL.NS] Historical price fetch failed: AttributeError: 'App' object has no attribute 'equity'. Falling back to cached/fail-safe data — price will NOT advance this run.
2026-10-03 04:20:15,432 [INFO]  -> [JINDALSTEL.NS] Golden Rule Satisfied but alert is on cooldown (already alerted within the last 24 trading days). Skipping Telegram send.
2026-10-03 04:20:15,434 [WARNING] [JKIL.NS] Historical price fetch failed: AttributeError: 'App' object has no attribute 'equity'. Falling back to cached/fail-safe data — price will NOT advance this run.
2026-10-03 04:20:15,494 [INFO]  -> [JKIL.NS] Bypassed status. Failed strict quantitative thresholds.
2026-10-03 04:20:15,998 [WARNING] [JKLAKSHMI.NS] Historical price fetch failed: AttributeError: 'App' object has no attribute 'equity'. Falling back to cached/fail-safe data — price will NOT advance this run.
2026-10-03 04:20:16,059 [INFO]  -> [JKLAKSHMI.NS] Bypassed status. Failed strict quantitative thresholds.
2026-10-03 04:20:16,563 [WARNING] [JSL.NS] Historical price fetch failed: AttributeError: 'App' object has no attribute 'equity'. Falling back to cached/fail-safe data — price will NOT advance this run.
2026-10-03 04:20:16,623 [INFO]  -> [JSL.NS] Bypassed status. Failed strict quantitative thresholds.
2026-10-03 04:20:17,127 [WARNING] [JSWENERGY.NS] Historical price fetch failed: AttributeError: 'App' object has no attribute 'equity'. Falling back to cached/fail-safe data — price will NOT advance this run.
2026-10-03 04:20:17,188 [INFO]  -> [JSWENERGY.NS] Bypassed status. Failed strict quantitative thresholds.
2026-10-03 04:20:17,691 [WARNING] [JUBLINGREA.NS] Historical price fetch failed: AttributeError: 'App' object has no attribute 'equity'. Falling back to cached/fail-safe data — price will NOT advance this run.
2026-10-03 04:20:17,750 [INFO]  -> [JUBLINGREA.NS] Bypassed status. Failed strict quantitative thresholds.
2026-10-03 04:20:18,254 [WARNING] [JUBLPHARMA.NS] Historical price fetch failed: AttributeError: 'App' object has no attribute 'equity'. Falling back to cached/fail-safe data — price will NOT advance this run.
2026-10-03 04:20:18,314 [INFO]  -> [JUBLPHARMA.NS] Bypassed status. Failed strict quantitative thresholds.
2026-10-03 04:20:18,818 [WARNING] [KAJARIACER.NS] Historical price fetch failed: AttributeError: 'App' object has no attribute 'equity'. Falling back to cached/fail-safe data — price will NOT advance this run.
2026-10-03 04:20:18,879 [INFO]  -> [KAJARIACER.NS] Bypassed status. Failed strict quantitative thresholds.
2026-10-03 04:20:19,460 [INFO]  -> [KALPATPOWR.NS] Bypassed status. Failed strict quantitative thresholds.
2026-10-03 04:20:19,964 [WARNING] [KANSAINER.NS] Historical price fetch failed: AttributeError: 'App' object has no attribute 'equity'. Falling back to cached/fail-safe data — price will NOT advance this run.
2026-10-03 04:20:20,027 [INFO]  -> [KANSAINER.NS] Bypassed status. Failed strict quantitative thresholds.
2026-10-03 04:20:20,530 [WARNING] [KEI.NS] Historical price fetch failed: AttributeError: 'App' object has no attribute 'equity'. Falling back to cached/fail-safe data — price will NOT advance this run.
2026-10-03 04:20:20,591 [INFO]  -> [KEI.NS] Bypassed status. Failed strict quantitative thresholds.
2026-10-03 04:20:21,172 [INFO]  -> [KEPL.NS] Bypassed status. Failed strict quantitative thresholds.
2026-10-03 04:20:21,676 [WARNING] [KIMS.NS] Historical price fetch failed: AttributeError: 'App' object has no attribute 'equity'. Falling back to cached/fail-safe data — price will NOT advance this run.
2026-10-03 04:20:21,733 [INFO]  -> [KIMS.NS] Bypassed status. Failed strict quantitative thresholds.
2026-10-03 04:20:22,236 [WARNING] [KIRLOSBROS.NS] Historical price fetch failed: AttributeError: 'App' object has no attribute 'equity'. Falling back to cached/fail-safe data — price will NOT advance this run.
2026-10-03 04:20:22,297 [INFO]  -> [KIRLOSBROS.NS] Bypassed status. Failed strict quantitative thresholds.
2026-10-03 04:20:22,800 [WARNING] [KIRLPNU.NS] Historical price fetch failed: AttributeError: 'App' object has no attribute 'equity'. Falling back to cached/fail-safe data — price will NOT advance this run.
2026-10-03 04:20:22,839 [INFO]  -> [KIRLPNU.NS] Bypassed status. Failed strict quantitative thresholds.
2026-10-03 04:20:23,343 [WARNING] [KPITTECH.NS] Historical price fetch failed: AttributeError: 'App' object has no attribute 'equity'. Falling back to cached/fail-safe data — price will NOT advance this run.
2026-10-03 04:20:23,404 [INFO]  -> [KPITTECH.NS] Bypassed status. Failed strict quantitative thresholds.
2026-10-03 04:20:23,908 [WARNING] [KPRMILL.NS] Historical price fetch failed: AttributeError: 'App' object has no attribute 'equity'. Falling back to cached/fail-safe data — price will NOT advance this run.
2026-10-03 04:20:23,970 [INFO]  -> [KPRMILL.NS] Bypassed status. Failed strict quantitative thresholds.
2026-10-03 04:20:24,473 [WARNING] [KRBL.NS] Historical price fetch failed: AttributeError: 'App' object has no attribute 'equity'. Falling back to cached/fail-safe data — price will NOT advance this run.
2026-10-03 04:20:24,534 [INFO]  -> [KRBL.NS] Bypassed status. Failed strict quantitative thresholds.
2026-10-03 04:20:25,038 [WARNING] [KRSNAA.NS] Historical price fetch failed: AttributeError: 'App' object has no attribute 'equity'. Falling back to cached/fail-safe data — price will NOT advance this run.
2026-10-03 04:20:25,093 [INFO]  -> [KRSNAA.NS] Bypassed status. Failed strict quantitative thresholds.
2026-10-03 04:20:25,597 [WARNING] [LALPATHLAB.NS] Historical price fetch failed: AttributeError: 'App' object has no attribute 'equity'. Falling back to cached/fail-safe data — price will NOT advance this run.
2026-10-03 04:20:25,658 [INFO]  -> [LALPATHLAB.NS] Bypassed status. Failed strict quantitative thresholds.
2026-10-03 04:20:26,162 [WARNING] [LAURUSLABS.NS] Historical price fetch failed: AttributeError: 'App' object has no attribute 'equity'. Falling back to cached/fail-safe data — price will NOT advance this run.
2026-10-03 04:20:26,223 [INFO]  -> [LAURUSLABS.NS] Bypassed status. Failed strict quantitative thresholds.
2026-10-03 04:20:26,727 [WARNING] [LGBBROSLTD.NS] Historical price fetch failed: AttributeError: 'App' object has no attribute 'equity'. Falling back to cached/fail-safe data — price will NOT advance this run.
2026-10-03 04:20:26,789 [INFO]  -> [LGBBROSLTD.NS] Bypassed status. Failed strict quantitative thresholds.
2026-10-03 04:20:27,293 [WARNING] [LIKHITHA.NS] Historical price fetch failed: AttributeError: 'App' object has no attribute 'equity'. Falling back to cached/fail-safe data — price will NOT advance this run.
2026-10-03 04:20:27,355 [INFO]  -> [LIKHITHA.NS] Bypassed status. Failed strict quantitative thresholds.
2026-10-03 04:20:27,858 [WARNING] [LINC.NS] Historical price fetch failed: AttributeError: 'App' object has no attribute 'equity'. Falling back to cached/fail-safe data — price will NOT advance this run.
2026-10-03 04:20:27,920 [INFO]  -> [LINC.NS] Bypassed status. Failed strict quantitative thresholds.
2026-10-03 04:20:28,424 [WARNING] [LINDEINDIA.NS] Historical price fetch failed: AttributeError: 'App' object has no attribute 'equity'. Falling back to cached/fail-safe data — price will NOT advance this run.
2026-10-03 04:20:28,484 [INFO]  -> [LINDEINDIA.NS] Bypassed status. Failed strict quantitative thresholds.
2026-10-03 04:20:28,988 [WARNING] [LLOYDSENGG.NS] Historical price fetch failed: AttributeError: 'App' object has no attribute 'equity'. Falling back to cached/fail-safe data — price will NOT advance this run.
2026-10-03 04:20:29,050 [INFO]  -> [LLOYDSENGG.NS] Bypassed status. Failed strict quantitative thresholds.
2026-10-03 04:20:29,554 [WARNING] [LODHA.NS] Historical price fetch failed: AttributeError: 'App' object has no attribute 'equity'. Falling back to cached/fail-safe data — price will NOT advance this run.
2026-10-03 04:20:29,613 [INFO]  -> [LODHA.NS] Bypassed status. Failed strict quantitative thresholds.
2026-10-03 04:20:30,116 [WARNING] [LUMAXTECH.NS] Historical price fetch failed: AttributeError: 'App' object has no attribute 'equity'. Falling back to cached/fail-safe data — price will NOT advance this run.
2026-10-03 04:20:30,178 [INFO]  -> [LUMAXTECH.NS] Golden Rule Satisfied but alert is on cooldown (already alerted within the last 24 trading days). Skipping Telegram send.
2026-10-03 04:20:30,180 [WARNING] [LUPIN.NS] Historical price fetch failed: AttributeError: 'App' object has no attribute 'equity'. Falling back to cached/fail-safe data — price will NOT advance this run.
2026-10-03 04:20:30,240 [INFO]  -> [LUPIN.NS] Bypassed status. Failed strict quantitative thresholds.
2026-10-03 04:20:30,744 [WARNING] [LUXIND.NS] Historical price fetch failed: AttributeError: 'App' object has no attribute 'equity'. Falling back to cached/fail-safe data — price will NOT advance this run.
2026-10-03 04:20:30,805 [INFO]  -> [LUXIND.NS] Bypassed status. Failed strict quantitative thresholds.
2026-10-03 04:20:31,308 [WARNING] [LXCHEM.NS] Historical price fetch failed: AttributeError: 'App' object has no attribute 'equity'. Falling back to cached/fail-safe data — price will NOT advance this run.
2026-10-03 04:20:31,368 [INFO]  -> [LXCHEM.NS] Bypassed status. Failed strict quantitative thresholds.
2026-10-03 04:20:31,871 [WARNING] [MAHLOG.NS] Historical price fetch failed: AttributeError: 'App' object has no attribute 'equity'. Falling back to cached/fail-safe data — price will NOT advance this run.
2026-10-03 04:20:31,932 [INFO]  -> [MAHLOG.NS] Golden Rule Satisfied but alert is on cooldown (already alerted within the last 24 trading days). Skipping Telegram send.
2026-10-03 04:20:31,935 [WARNING] [MANKIND.NS] Historical price fetch failed: AttributeError: 'App' object has no attribute 'equity'. Falling back to cached/fail-safe data — price will NOT advance this run.
2026-10-03 04:20:31,972 [INFO]  -> [MANKIND.NS] Bypassed status. Failed strict quantitative thresholds.
2026-10-03 04:20:32,476 [WARNING] [MANYAVAR.NS] Historical price fetch failed: AttributeError: 'App' object has no attribute 'equity'. Falling back to cached/fail-safe data — price will NOT advance this run.
2026-10-03 04:20:32,526 [INFO]  -> [MANYAVAR.NS] Bypassed status. Failed strict quantitative thresholds.
2026-10-03 04:20:33,030 [WARNING] [MARICO.NS] Historical price fetch failed: AttributeError: 'App' object has no attribute 'equity'. Falling back to cached/fail-safe data — price will NOT advance this run.
2026-10-03 04:20:33,091 [INFO]  -> [MARICO.NS] Bypassed status. Failed strict quantitative thresholds.
2026-10-03 04:20:33,595 [WARNING] [MARINE.NS] Historical price fetch failed: AttributeError: 'App' object has no attribute 'equity'. Falling back to cached/fail-safe data — price will NOT advance this run.
2026-10-03 04:20:33,656 [INFO]  -> [MARINE.NS] Golden Rule Satisfied but alert is on cooldown (already alerted within the last 24 trading days). Skipping Telegram send.
2026-10-03 04:20:33,659 [WARNING] [MARKSANS.NS] Historical price fetch failed: AttributeError: 'App' object has no attribute 'equity'. Falling back to cached/fail-safe data — price will NOT advance this run.
2026-10-03 04:20:33,719 [INFO]  -> [MARKSANS.NS] Golden Rule Satisfied but alert is on cooldown (already alerted within the last 24 trading days). Skipping Telegram send.
2026-10-03 04:20:33,722 [WARNING] [MARUTI.NS] Historical price fetch failed: AttributeError: 'App' object has no attribute 'equity'. Falling back to cached/fail-safe data — price will NOT advance this run.
2026-10-03 04:20:33,780 [INFO]  -> [MARUTI.NS] Bypassed status. Failed strict quantitative thresholds.
2026-10-03 04:20:34,284 [WARNING] [MAXHEALTH.NS] Historical price fetch failed: AttributeError: 'App' object has no attribute 'equity'. Falling back to cached/fail-safe data — price will NOT advance this run.
2026-10-03 04:20:34,345 [INFO]  -> [MAXHEALTH.NS] Bypassed status. Failed strict quantitative thresholds.
2026-10-03 04:20:34,848 [WARNING] [MEDANTA.NS] Historical price fetch failed: AttributeError: 'App' object has no attribute 'equity'. Falling back to cached/fail-safe data — price will NOT advance this run.
2026-10-03 04:20:34,891 [INFO]  -> [MEDANTA.NS] Bypassed status. Failed strict quantitative thresholds.
2026-10-03 04:20:35,395 [WARNING] [MEDPLUS.NS] Historical price fetch failed: AttributeError: 'App' object has no attribute 'equity'. Falling back to cached/fail-safe data — price will NOT advance this run.
2026-10-03 04:20:35,445 [INFO]  -> [MEDPLUS.NS] Bypassed status. Failed strict quantitative thresholds.
2026-10-03 04:20:35,949 [WARNING] [METROBRAND.NS] Historical price fetch failed: AttributeError: 'App' object has no attribute 'equity'. Falling back to cached/fail-safe data — price will NOT advance this run.
2026-10-03 04:20:36,000 [INFO]  -> [METROBRAND.NS] Bypassed status. Failed strict quantitative thresholds.
2026-10-03 04:20:36,504 [WARNING] [METROPOLIS.NS] Historical price fetch failed: AttributeError: 'App' object has no attribute 'equity'. Falling back to cached/fail-safe data — price will NOT advance this run.
2026-10-03 04:20:36,566 [INFO]  -> [METROPOLIS.NS] Bypassed status. Failed strict quantitative thresholds.
2026-10-03 04:20:37,069 [WARNING] [MGL.NS] Historical price fetch failed: AttributeError: 'App' object has no attribute 'equity'. Falling back to cached/fail-safe data — price will NOT advance this run.
2026-10-03 04:20:37,130 [INFO]  -> [MGL.NS] Bypassed status. Failed strict quantitative thresholds.
2026-10-03 04:20:37,634 [WARNING] [MINDACORP.NS] Historical price fetch failed: AttributeError: 'App' object has no attribute 'equity'. Falling back to cached/fail-safe data — price will NOT advance this run.
2026-10-03 04:20:37,695 [INFO]  -> [MINDACORP.NS] Bypassed status. Failed strict quantitative thresholds.
2026-10-03 04:20:38,198 [WARNING] [MMTC.NS] Historical price fetch failed: AttributeError: 'App' object has no attribute 'equity'. Falling back to cached/fail-safe data — price will NOT advance this run.
2026-10-03 04:20:38,259 [INFO]  -> [MMTC.NS] Bypassed status. Failed strict quantitative thresholds.
2026-10-03 04:20:38,763 [WARNING] [MOIL.NS] Historical price fetch failed: AttributeError: 'App' object has no attribute 'equity'. Falling back to cached/fail-safe data — price will NOT advance this run.
2026-10-03 04:20:38,824 [INFO]  -> [MOIL.NS] Bypassed status. Failed strict quantitative thresholds.
2026-10-03 04:20:39,328 [WARNING] [MONTECARLO.NS] Historical price fetch failed: AttributeError: 'App' object has no attribute 'equity'. Falling back to cached/fail-safe data — price will NOT advance this run.
2026-10-03 04:20:39,388 [INFO]  -> [MONTECARLO.NS] Bypassed status. Failed strict quantitative thresholds.
2026-10-03 04:20:39,892 [WARNING] [MOTHERSON.NS] Historical price fetch failed: AttributeError: 'App' object has no attribute 'equity'. Falling back to cached/fail-safe data — price will NOT advance this run.
2026-10-03 04:20:39,956 [INFO]  -> [MOTHERSON.NS] Bypassed status. Failed strict quantitative thresholds.
2026-10-03 04:20:40,459 [WARNING] [MSUMI.NS] Historical price fetch failed: AttributeError: 'App' object has no attribute 'equity'. Falling back to cached/fail-safe data — price will NOT advance this run.
2026-10-03 04:20:40,510 [INFO]  -> [MSUMI.NS] Bypassed status. Failed strict quantitative thresholds.
2026-10-03 04:20:41,014 [WARNING] [NATCOPHARM.NS] Historical price fetch failed: AttributeError: 'App' object has no attribute 'equity'. Falling back to cached/fail-safe data — price will NOT advance this run.
2026-10-03 04:20:41,075 [INFO]  -> [NATCOPHARM.NS] Bypassed status. Failed strict quantitative thresholds.
2026-10-03 04:20:41,579 [WARNING] [NATIONALUM.NS] Historical price fetch failed: AttributeError: 'App' object has no attribute 'equity'. Falling back to cached/fail-safe data — price will NOT advance this run.
2026-10-03 04:20:41,640 [INFO]  -> [NATIONALUM.NS] Bypassed status. Failed strict quantitative thresholds.
2026-10-03 04:20:42,144 [WARNING] [NAZARA.NS] Historical price fetch failed: AttributeError: 'App' object has no attribute 'equity'. Falling back to cached/fail-safe data — price will NOT advance this run.
2026-10-03 04:20:42,203 [INFO]  -> [NAZARA.NS] Bypassed status. Failed strict quantitative thresholds.
2026-10-03 04:20:42,707 [WARNING] [NOCIL.NS] Historical price fetch failed: AttributeError: 'App' object has no attribute 'equity'. Falling back to cached/fail-safe data — price will NOT advance this run.
2026-10-03 04:20:42,768 [INFO]  -> [NOCIL.NS] Bypassed status. Failed strict quantitative thresholds.
2026-10-03 04:20:43,271 [WARNING] [NRBBEARING.NS] Historical price fetch failed: AttributeError: 'App' object has no attribute 'equity'. Falling back to cached/fail-safe data — price will NOT advance this run.
2026-10-03 04:20:43,332 [INFO]  -> [NRBBEARING.NS] Bypassed status. Failed strict quantitative thresholds.
2026-10-03 04:20:43,836 [WARNING] [NUVOCO.NS] Historical price fetch failed: AttributeError: 'App' object has no attribute 'equity'. Falling back to cached/fail-safe data — price will NOT advance this run.
2026-10-03 04:20:43,890 [INFO]  -> [NUVOCO.NS] Bypassed status. Failed strict quantitative thresholds.
2026-10-03 04:20:44,394 [WARNING] [NYKAA.NS] Historical price fetch failed: AttributeError: 'App' object has no attribute 'equity'. Falling back to cached/fail-safe data — price will NOT advance this run.
2026-10-03 04:20:44,447 [INFO]  -> [NYKAA.NS] Bypassed status. Failed strict quantitative thresholds.
2026-10-03 04:20:44,951 [WARNING] [OAL.NS] Historical price fetch failed: AttributeError: 'App' object has no attribute 'equity'. Falling back to cached/fail-safe data — price will NOT advance this run.
2026-10-03 04:20:45,011 [INFO]  -> [OAL.NS] Bypassed status. Failed strict quantitative thresholds.
2026-10-03 04:20:45,515 [WARNING] [OBEROIRLTY.NS] Historical price fetch failed: AttributeError: 'App' object has no attribute 'equity'. Falling back to cached/fail-safe data — price will NOT advance this run.
2026-10-03 04:20:45,576 [INFO]  -> [OBEROIRLTY.NS] Bypassed status. Failed strict quantitative thresholds.
2026-10-03 04:20:46,080 [WARNING] [OIL.NS] Historical price fetch failed: AttributeError: 'App' object has no attribute 'equity'. Falling back to cached/fail-safe data — price will NOT advance this run.
2026-10-03 04:20:46,142 [INFO]  -> [OIL.NS] Bypassed status. Failed strict quantitative thresholds.
2026-10-03 04:20:46,646 [WARNING] [OLECTRA.NS] Historical price fetch failed: AttributeError: 'App' object has no attribute 'equity'. Falling back to cached/fail-safe data — price will NOT advance this run.
2026-10-03 04:20:46,706 [INFO]  -> [OLECTRA.NS] Golden Rule Satisfied but alert is on cooldown (already alerted within the last 24 trading days). Skipping Telegram send.
2026-10-03 04:20:46,709 [WARNING] [ONGC.NS] Historical price fetch failed: AttributeError: 'App' object has no attribute 'equity'. Falling back to cached/fail-safe data — price will NOT advance this run.
2026-10-03 04:20:46,770 [INFO]  -> [ONGC.NS] Bypassed status. Failed strict quantitative thresholds.
2026-10-03 04:20:47,274 [WARNING] [ORIENTELEC.NS] Historical price fetch failed: AttributeError: 'App' object has no attribute 'equity'. Falling back to cached/fail-safe data — price will NOT advance this run.
2026-10-03 04:20:47,336 [INFO]  -> [ORIENTELEC.NS] Bypassed status. Failed strict quantitative thresholds.
2026-10-03 04:20:47,839 [WARNING] [PAGEIND.NS] Historical price fetch failed: AttributeError: 'App' object has no attribute 'equity'. Falling back to cached/fail-safe data — price will NOT advance this run.
2026-10-03 04:20:47,898 [INFO]  -> [PAGEIND.NS] Bypassed status. Failed strict quantitative thresholds.
2026-10-03 04:20:48,402 [WARNING] [PCBL.NS] Historical price fetch failed: AttributeError: 'App' object has no attribute 'equity'. Falling back to cached/fail-safe data — price will NOT advance this run.
2026-10-03 04:20:48,464 [INFO]  -> [PCBL.NS] Bypassed status. Failed strict quantitative thresholds.
2026-10-03 04:20:48,968 [WARNING] [PDMJEPAPER.NS] Historical price fetch failed: AttributeError: 'App' object has no attribute 'equity'. Falling back to cached/fail-safe data — price will NOT advance this run.
2026-10-03 04:20:49,029 [INFO]  -> [PDMJEPAPER.NS] Bypassed status. Failed strict quantitative thresholds.
2026-10-03 04:20:49,533 [WARNING] [PDSL.NS] Historical price fetch failed: AttributeError: 'App' object has no attribute 'equity'. Falling back to cached/fail-safe data — price will NOT advance this run.
2026-10-03 04:20:49,594 [INFO]  -> [PDSL.NS] Bypassed status. Failed strict quantitative thresholds.
2026-10-03 04:20:50,098 [WARNING] [PERSISTENT.NS] Historical price fetch failed: AttributeError: 'App' object has no attribute 'equity'. Falling back to cached/fail-safe data — price will NOT advance this run.
2026-10-03 04:20:50,159 [INFO]  -> [PERSISTENT.NS] Bypassed status. Failed strict quantitative thresholds.
2026-10-03 04:20:50,662 [WARNING] [PFIZER.NS] Historical price fetch failed: AttributeError: 'App' object has no attribute 'equity'. Falling back to cached/fail-safe data — price will NOT advance this run.
2026-10-03 04:20:50,722 [INFO]  -> [PFIZER.NS] Bypassed status. Failed strict quantitative thresholds.
2026-10-03 04:20:51,226 [WARNING] [PGHH.NS] Historical price fetch failed: AttributeError: 'App' object has no attribute 'equity'. Falling back to cached/fail-safe data — price will NOT advance this run.
2026-10-03 04:20:51,285 [INFO]  -> [PGHH.NS] Bypassed status. Failed strict quantitative thresholds.
2026-10-03 04:20:51,789 [WARNING] [PGHL.NS] Historical price fetch failed: AttributeError: 'App' object has no attribute 'equity'. Falling back to cached/fail-safe data — price will NOT advance this run.
2026-10-03 04:20:51,848 [INFO]  -> [PGHL.NS] Bypassed status. Failed strict quantitative thresholds.
2026-10-03 04:20:52,352 [WARNING] [PHOENIXLTD.NS] Historical price fetch failed: AttributeError: 'App' object has no attribute 'equity'. Falling back to cached/fail-safe data — price will NOT advance this run.
2026-10-03 04:20:52,414 [INFO]  -> [PHOENIXLTD.NS] Golden Rule Satisfied but alert is on cooldown (already alerted within the last 24 trading days). Skipping Telegram send.
2026-10-03 04:20:52,416 [WARNING] [PIDILITIND.NS] Historical price fetch failed: AttributeError: 'App' object has no attribute 'equity'. Falling back to cached/fail-safe data — price will NOT advance this run.
2026-10-03 04:20:52,478 [INFO]  -> [PIDILITIND.NS] Bypassed status. Failed strict quantitative thresholds.
2026-10-03 04:20:52,981 [WARNING] [PIIND.NS] Historical price fetch failed: AttributeError: 'App' object has no attribute 'equity'. Falling back to cached/fail-safe data — price will NOT advance this run.
2026-10-03 04:20:53,042 [INFO]  -> [PIIND.NS] Bypassed status. Failed strict quantitative thresholds.
2026-10-03 04:20:53,546 [WARNING] [PIXTRANS.NS] Historical price fetch failed: AttributeError: 'App' object has no attribute 'equity'. Falling back to cached/fail-safe data — price will NOT advance this run.
2026-10-03 04:20:53,594 [INFO]  -> [PIXTRANS.NS] Bypassed status. Failed strict quantitative thresholds.
2026-10-03 04:20:54,098 [WARNING] [PNCINFRA.NS] Historical price fetch failed: AttributeError: 'App' object has no attribute 'equity'. Falling back to cached/fail-safe data — price will NOT advance this run.
2026-10-03 04:20:54,159 [INFO]  -> [PNCINFRA.NS] Bypassed status. Failed strict quantitative thresholds.
2026-10-03 04:20:54,663 [WARNING] [POCL.NS] Historical price fetch failed: AttributeError: 'App' object has no attribute 'equity'. Falling back to cached/fail-safe data — price will NOT advance this run.
2026-10-03 04:20:54,721 [INFO]  -> [POCL.NS] Bypassed status. Failed strict quantitative thresholds.
2026-10-03 04:20:55,225 [WARNING] [POKARNA.NS] Historical price fetch failed: AttributeError: 'App' object has no attribute 'equity'. Falling back to cached/fail-safe data — price will NOT advance this run.
2026-10-03 04:20:55,286 [INFO]  -> [POKARNA.NS] Bypassed status. Failed strict quantitative thresholds.
2026-10-03 04:20:55,790 [WARNING] [POLYCAB.NS] Historical price fetch failed: AttributeError: 'App' object has no attribute 'equity'. Falling back to cached/fail-safe data — price will NOT advance this run.
2026-10-03 04:20:55,849 [INFO]  -> [POLYCAB.NS] Bypassed status. Failed strict quantitative thresholds.
2026-10-03 04:20:56,353 [WARNING] [POLYMED.NS] Historical price fetch failed: AttributeError: 'App' object has no attribute 'equity'. Falling back to cached/fail-safe data — price will NOT advance this run.
2026-10-03 04:20:56,414 [INFO]  -> [POLYMED.NS] Bypassed status. Failed strict quantitative thresholds.
2026-10-03 04:20:56,918 [WARNING] [POLYPLEX.NS] Historical price fetch failed: AttributeError: 'App' object has no attribute 'equity'. Falling back to cached/fail-safe data — price will NOT advance this run.
2026-10-03 04:20:56,979 [INFO]  -> [POLYPLEX.NS] Bypassed status. Failed strict quantitative thresholds.
2026-10-03 04:20:57,483 [WARNING] [POWERINDIA.NS] Historical price fetch failed: AttributeError: 'App' object has no attribute 'equity'. Falling back to cached/fail-safe data — price will NOT advance this run.
2026-10-03 04:20:57,542 [INFO]  -> [POWERINDIA.NS] Bypassed status. Failed strict quantitative thresholds.
2026-10-03 04:20:58,046 [WARNING] [PPLPHARMA.NS] Historical price fetch failed: AttributeError: 'App' object has no attribute 'equity'. Falling back to cached/fail-safe data — price will NOT advance this run.
2026-10-03 04:20:58,090 [INFO]  -> [PPLPHARMA.NS] Bypassed status. Failed strict quantitative thresholds.
2026-10-03 04:20:58,594 [WARNING] [PRESTIGE.NS] Historical price fetch failed: AttributeError: 'App' object has no attribute 'equity'. Falling back to cached/fail-safe data — price will NOT advance this run.
2026-10-03 04:20:58,655 [INFO]  -> [PRESTIGE.NS] Bypassed status. Failed strict quantitative thresholds.
2026-10-03 04:20:59,159 [WARNING] [PRINCEPIPE.NS] Historical price fetch failed: AttributeError: 'App' object has no attribute 'equity'. Falling back to cached/fail-safe data — price will NOT advance this run.
2026-10-03 04:20:59,219 [INFO]  -> [PRINCEPIPE.NS] Bypassed status. Failed strict quantitative thresholds.
2026-10-03 04:20:59,723 [WARNING] [QUESS.NS] Historical price fetch failed: AttributeError: 'App' object has no attribute 'equity'. Falling back to cached/fail-safe data — price will NOT advance this run.
2026-10-03 04:20:59,784 [INFO]  -> [QUESS.NS] Bypassed status. Failed strict quantitative thresholds.
2026-10-03 04:21:00,288 [WARNING] [RAILTEL.NS] Historical price fetch failed: AttributeError: 'App' object has no attribute 'equity'. Falling back to cached/fail-safe data — price will NOT advance this run.
2026-10-03 04:21:00,347 [INFO]  -> [RAILTEL.NS] Bypassed status. Failed strict quantitative thresholds.
2026-10-03 04:21:00,851 [WARNING] [RAJESHEXPO.NS] Historical price fetch failed: AttributeError: 'App' object has no attribute 'equity'. Falling back to cached/fail-safe data — price will NOT advance this run.
2026-10-03 04:21:00,912 [INFO]  -> [RAJESHEXPO.NS] Bypassed status. Failed strict quantitative thresholds.
2026-10-03 04:21:01,416 [WARNING] [RALLIS.NS] Historical price fetch failed: AttributeError: 'App' object has no attribute 'equity'. Falling back to cached/fail-safe data — price will NOT advance this run.
2026-10-03 04:21:01,477 [INFO]  -> [RALLIS.NS] Bypassed status. Failed strict quantitative thresholds.
2026-10-03 04:21:01,981 [WARNING] [RAMCOCEM.NS] Historical price fetch failed: AttributeError: 'App' object has no attribute 'equity'. Falling back to cached/fail-safe data — price will NOT advance this run.
2026-10-03 04:21:02,042 [INFO]  -> [RAMCOCEM.NS] Bypassed status. Failed strict quantitative thresholds.
2026-10-03 04:21:02,546 [WARNING] [RATNAMANI.NS] Historical price fetch failed: AttributeError: 'App' object has no attribute 'equity'. Falling back to cached/fail-safe data — price will NOT advance this run.
2026-10-03 04:21:02,608 [INFO]  -> [RATNAMANI.NS] Bypassed status. Failed strict quantitative thresholds.
2026-10-03 04:21:03,111 [WARNING] [RBA.NS] Historical price fetch failed: AttributeError: 'App' object has no attribute 'equity'. Falling back to cached/fail-safe data — price will NOT advance this run.
2026-10-03 04:21:03,172 [INFO]  -> [RBA.NS] Bypassed status. Failed strict quantitative thresholds.
2026-10-03 04:21:03,676 [WARNING] [RCF.NS] Historical price fetch failed: AttributeError: 'App' object has no attribute 'equity'. Falling back to cached/fail-safe data — price will NOT advance this run.
2026-10-03 04:21:03,738 [INFO]  -> [RCF.NS] Bypassed status. Failed strict quantitative thresholds.
2026-10-03 04:21:04,242 [WARNING] [REDINGTON.NS] Historical price fetch failed: AttributeError: 'App' object has no attribute 'equity'. Falling back to cached/fail-safe data — price will NOT advance this run.
2026-10-03 04:21:04,304 [INFO]  -> [REDINGTON.NS] Bypassed status. Failed strict quantitative thresholds.
2026-10-03 04:21:04,808 [WARNING] [RELAXO.NS] Historical price fetch failed: AttributeError: 'App' object has no attribute 'equity'. Falling back to cached/fail-safe data — price will NOT advance this run.
2026-10-03 04:21:04,869 [INFO]  -> [RELAXO.NS] Bypassed status. Failed strict quantitative thresholds.
2026-10-03 04:21:05,373 [WARNING] [RELIANCE.NS] Historical price fetch failed: AttributeError: 'App' object has no attribute 'equity'. Falling back to cached/fail-safe data — price will NOT advance this run.
2026-10-03 04:21:05,435 [INFO]  -> [RELIANCE.NS] Bypassed status. Failed strict quantitative thresholds.
2026-10-03 04:21:05,939 [WARNING] [RELINFRA.NS] Historical price fetch failed: AttributeError: 'App' object has no attribute 'equity'. Falling back to cached/fail-safe data — price will NOT advance this run.
2026-10-03 04:21:05,999 [INFO]  -> [RELINFRA.NS] Bypassed status. Failed strict quantitative thresholds.
2026-10-03 04:21:06,503 [WARNING] [RESPONIND.NS] Historical price fetch failed: AttributeError: 'App' object has no attribute 'equity'. Falling back to cached/fail-safe data — price will NOT advance this run.
2026-10-03 04:21:06,565 [INFO]  -> [RESPONIND.NS] Bypassed status. Failed strict quantitative thresholds.
2026-10-03 04:21:07,068 [WARNING] [RHIM.NS] Historical price fetch failed: AttributeError: 'App' object has no attribute 'equity'. Falling back to cached/fail-safe data — price will NOT advance this run.
2026-10-03 04:21:07,129 [INFO]  -> [RHIM.NS] Bypassed status. Failed strict quantitative thresholds.
2026-10-03 04:21:07,633 [WARNING] [ROSSARI.NS] Historical price fetch failed: AttributeError: 'App' object has no attribute 'equity'. Falling back to cached/fail-safe data — price will NOT advance this run.
2026-10-03 04:21:07,694 [INFO]  -> [ROSSARI.NS] Bypassed status. Failed strict quantitative thresholds.
2026-10-03 04:21:08,197 [WARNING] [ROUTE.NS] Historical price fetch failed: AttributeError: 'App' object has no attribute 'equity'. Falling back to cached/fail-safe data — price will NOT advance this run.
2026-10-03 04:21:08,258 [INFO]  -> [ROUTE.NS] Bypassed status. Failed strict quantitative thresholds.
2026-10-03 04:21:08,762 [WARNING] [SAIL.NS] Historical price fetch failed: AttributeError: 'App' object has no attribute 'equity'. Falling back to cached/fail-safe data — price will NOT advance this run.
2026-10-03 04:21:08,824 [INFO]  -> [SAIL.NS] Bypassed status. Failed strict quantitative thresholds.
2026-10-03 04:21:09,328 [WARNING] [SANDHAR.NS] Historical price fetch failed: AttributeError: 'App' object has no attribute 'equity'. Falling back to cached/fail-safe data — price will NOT advance this run.
2026-10-03 04:21:09,388 [INFO]  -> [SANDHAR.NS] Bypassed status. Failed strict quantitative thresholds.
2026-10-03 04:21:09,892 [WARNING] [SANOFI.NS] Historical price fetch failed: AttributeError: 'App' object has no attribute 'equity'. Falling back to cached/fail-safe data — price will NOT advance this run.
2026-10-03 04:21:09,952 [INFO]  -> [SANOFI.NS] Bypassed status. Failed strict quantitative thresholds.
2026-10-03 04:21:10,456 [WARNING] [SCHAEFFLER.NS] Historical price fetch failed: AttributeError: 'App' object has no attribute 'equity'. Falling back to cached/fail-safe data — price will NOT advance this run.
2026-10-03 04:21:10,520 [INFO]  -> [SCHAEFFLER.NS] Bypassed status. Failed strict quantitative thresholds.
2026-10-03 04:21:11,024 [WARNING] [SCI.NS] Historical price fetch failed: AttributeError: 'App' object has no attribute 'equity'. Falling back to cached/fail-safe data — price will NOT advance this run.
2026-10-03 04:21:11,087 [INFO]  -> [SCI.NS] Bypassed status. Failed strict quantitative thresholds.
2026-10-03 04:21:11,591 [WARNING] [SFL.NS] Historical price fetch failed: AttributeError: 'App' object has no attribute 'equity'. Falling back to cached/fail-safe data — price will NOT advance this run.
2026-10-03 04:21:11,653 [INFO]  -> [SFL.NS] Bypassed status. Failed strict quantitative thresholds.
2026-10-03 04:21:12,157 [WARNING] [SHAKTIPUMP.NS] Historical price fetch failed: AttributeError: 'App' object has no attribute 'equity'. Falling back to cached/fail-safe data — price will NOT advance this run.
2026-10-03 04:21:12,221 [INFO]  -> [SHAKTIPUMP.NS] Bypassed status. Failed strict quantitative thresholds.
2026-10-03 04:21:12,725 [WARNING] [SHANTIGEAR.NS] Historical price fetch failed: AttributeError: 'App' object has no attribute 'equity'. Falling back to cached/fail-safe data — price will NOT advance this run.
2026-10-03 04:21:12,787 [INFO]  -> [SHANTIGEAR.NS] Bypassed status. Failed strict quantitative thresholds.
2026-10-03 04:21:13,291 [WARNING] [SHARDACROP.NS] Historical price fetch failed: AttributeError: 'App' object has no attribute 'equity'. Falling back to cached/fail-safe data — price will NOT advance this run.
2026-10-03 04:21:13,352 [INFO]  -> [SHARDACROP.NS] Bypassed status. Failed strict quantitative thresholds.
2026-10-03 04:21:13,856 [WARNING] [SHILPAMED.NS] Historical price fetch failed: AttributeError: 'App' object has no attribute 'equity'. Falling back to cached/fail-safe data — price will NOT advance this run.
2026-10-03 04:21:13,919 [INFO]  -> [SHILPAMED.NS] Bypassed status. Failed strict quantitative thresholds.
2026-10-03 04:21:14,423 [WARNING] [SHYAMMETL.NS] Historical price fetch failed: AttributeError: 'App' object has no attribute 'equity'. Falling back to cached/fail-safe data — price will NOT advance this run.
2026-10-03 04:21:14,480 [INFO]  -> [SHYAMMETL.NS] Bypassed status. Failed strict quantitative thresholds.
2026-10-03 04:21:14,984 [WARNING] [SIEMENS.NS] Historical price fetch failed: AttributeError: 'App' object has no attribute 'equity'. Falling back to cached/fail-safe data — price will NOT advance this run.
2026-10-03 04:21:15,046 [INFO]  -> [SIEMENS.NS] Bypassed status. Failed strict quantitative thresholds.
2026-10-03 04:21:15,550 [WARNING] [SIS.NS] Historical price fetch failed: AttributeError: 'App' object has no attribute 'equity'. Falling back to cached/fail-safe data — price will NOT advance this run.
2026-10-03 04:21:15,610 [INFO]  -> [SIS.NS] Bypassed status. Failed strict quantitative thresholds.
2026-10-03 04:21:16,114 [WARNING] [SJVN.NS] Historical price fetch failed: AttributeError: 'App' object has no attribute 'equity'. Falling back to cached/fail-safe data — price will NOT advance this run.
2026-10-03 04:21:16,176 [INFO]  -> [SJVN.NS] Bypassed status. Failed strict quantitative thresholds.
2026-10-03 04:21:16,680 [WARNING] [SKFINDIA.NS] Historical price fetch failed: AttributeError: 'App' object has no attribute 'equity'. Falling back to cached/fail-safe data — price will NOT advance this run.
2026-10-03 04:21:16,741 [INFO]  -> [SKFINDIA.NS] Bypassed status. Failed strict quantitative thresholds.
2026-10-03 04:21:17,245 [WARNING] [SKIPPER.NS] Historical price fetch failed: AttributeError: 'App' object has no attribute 'equity'. Falling back to cached/fail-safe data — price will NOT advance this run.
2026-10-03 04:21:17,307 [INFO]  -> [SKIPPER.NS] Bypassed status. Failed strict quantitative thresholds.
2026-10-03 04:21:17,811 [WARNING] [SOBHA.NS] Historical price fetch failed: AttributeError: 'App' object has no attribute 'equity'. Falling back to cached/fail-safe data — price will NOT advance this run.
2026-10-03 04:21:17,871 [INFO]  -> [SOBHA.NS] Bypassed status. Failed strict quantitative thresholds.
2026-10-03 04:21:18,375 [WARNING] [SOLARINDS.NS] Historical price fetch failed: AttributeError: 'App' object has no attribute 'equity'. Falling back to cached/fail-safe data — price will NOT advance this run.
2026-10-03 04:21:18,435 [INFO]  -> [SOLARINDS.NS] Bypassed status. Failed strict quantitative thresholds.
2026-10-03 04:21:18,938 [WARNING] [SONACOMS.NS] Historical price fetch failed: AttributeError: 'App' object has no attribute 'equity'. Falling back to cached/fail-safe data — price will NOT advance this run.
2026-10-03 04:21:18,995 [INFO]  -> [SONACOMS.NS] Golden Rule Satisfied but alert is on cooldown (already alerted within the last 24 trading days). Skipping Telegram send.
2026-10-03 04:21:18,997 [WARNING] [SPARC.NS] Historical price fetch failed: AttributeError: 'App' object has no attribute 'equity'. Falling back to cached/fail-safe data — price will NOT advance this run.
2026-10-03 04:21:19,057 [INFO]  -> [SPARC.NS] Golden Rule Satisfied but alert is on cooldown (already alerted within the last 24 trading days). Skipping Telegram send.
2026-10-03 04:21:19,060 [WARNING] [SRF.NS] Historical price fetch failed: AttributeError: 'App' object has no attribute 'equity'. Falling back to cached/fail-safe data — price will NOT advance this run.
2026-10-03 04:21:19,121 [INFO]  -> [SRF.NS] Bypassed status. Failed strict quantitative thresholds.
2026-10-03 04:21:19,625 [WARNING] [STYLAMIND.NS] Historical price fetch failed: AttributeError: 'App' object has no attribute 'equity'. Falling back to cached/fail-safe data — price will NOT advance this run.
2026-10-03 04:21:19,680 [INFO]  -> [STYLAMIND.NS] Golden Rule Satisfied but alert is on cooldown (already alerted within the last 24 trading days). Skipping Telegram send.
2026-10-03 04:21:19,682 [WARNING] [SUBROS.NS] Historical price fetch failed: AttributeError: 'App' object has no attribute 'equity'. Falling back to cached/fail-safe data — price will NOT advance this run.
2026-10-03 04:21:19,743 [INFO]  -> [SUBROS.NS] Bypassed status. Failed strict quantitative thresholds.
2026-10-03 04:21:20,246 [WARNING] [SUDARSCHEM.NS] Historical price fetch failed: AttributeError: 'App' object has no attribute 'equity'. Falling back to cached/fail-safe data — price will NOT advance this run.
2026-10-03 04:21:20,307 [INFO]  -> [SUDARSCHEM.NS] Bypassed status. Failed strict quantitative thresholds.
2026-10-03 04:21:20,811 [WARNING] [SUMICHEM.NS] Historical price fetch failed: AttributeError: 'App' object has no attribute 'equity'. Falling back to cached/fail-safe data — price will NOT advance this run.
2026-10-03 04:21:20,872 [INFO]  -> [SUMICHEM.NS] Bypassed status. Failed strict quantitative thresholds.
2026-10-03 04:21:21,376 [WARNING] [SUNDRMFAST.NS] Historical price fetch failed: AttributeError: 'App' object has no attribute 'equity'. Falling back to cached/fail-safe data — price will NOT advance this run.
2026-10-03 04:21:21,437 [INFO]  -> [SUNDRMFAST.NS] Bypassed status. Failed strict quantitative thresholds.
2026-10-03 04:21:21,941 [WARNING] [SUNPHARMA.NS] Historical price fetch failed: AttributeError: 'App' object has no attribute 'equity'. Falling back to cached/fail-safe data — price will NOT advance this run.
2026-10-03 04:21:22,002 [INFO]  -> [SUNPHARMA.NS] Bypassed status. Failed strict quantitative thresholds.
2026-10-03 04:21:22,506 [WARNING] [SUNTECK.NS] Historical price fetch failed: AttributeError: 'App' object has no attribute 'equity'. Falling back to cached/fail-safe data — price will NOT advance this run.
2026-10-03 04:21:22,566 [INFO]  -> [SUNTECK.NS] Bypassed status. Failed strict quantitative thresholds.
2026-10-03 04:21:23,070 [WARNING] [SUPRAJIT.NS] Historical price fetch failed: AttributeError: 'App' object has no attribute 'equity'. Falling back to cached/fail-safe data — price will NOT advance this run.
2026-10-03 04:21:23,131 [INFO]  -> [SUPRAJIT.NS] Bypassed status. Failed strict quantitative thresholds.
2026-10-03 04:21:23,635 [WARNING] [SUPREMEIND.NS] Historical price fetch failed: AttributeError: 'App' object has no attribute 'equity'. Falling back to cached/fail-safe data — price will NOT advance this run.
2026-10-03 04:21:23,696 [INFO]  -> [SUPREMEIND.NS] Bypassed status. Failed strict quantitative thresholds.
2026-10-03 04:21:24,199 [WARNING] [SUPRIYA.NS] Historical price fetch failed: AttributeError: 'App' object has no attribute 'equity'. Falling back to cached/fail-safe data — price will NOT advance this run.
2026-10-03 04:21:24,251 [INFO]  -> [SUPRIYA.NS] Bypassed status. Failed strict quantitative thresholds.
2026-10-03 04:21:24,754 [WARNING] [SYMPHONY.NS] Historical price fetch failed: AttributeError: 'App' object has no attribute 'equity'. Falling back to cached/fail-safe data — price will NOT advance this run.
2026-10-03 04:21:24,815 [INFO]  -> [SYMPHONY.NS] Bypassed status. Failed strict quantitative thresholds.
2026-10-03 04:21:25,319 [WARNING] [SYNGENE.NS] Historical price fetch failed: AttributeError: 'App' object has no attribute 'equity'. Falling back to cached/fail-safe data — price will NOT advance this run.
2026-10-03 04:21:25,380 [INFO]  -> [SYNGENE.NS] Bypassed status. Failed strict quantitative thresholds.
2026-10-03 04:21:25,884 [WARNING] [TARIL.NS] Historical price fetch failed: AttributeError: 'App' object has no attribute 'equity'. Falling back to cached/fail-safe data — price will NOT advance this run.
2026-10-03 04:21:25,945 [INFO]  -> [TARIL.NS] Bypassed status. Failed strict quantitative thresholds.
2026-10-03 04:21:26,449 [WARNING] [TATACHEM.NS] Historical price fetch failed: AttributeError: 'App' object has no attribute 'equity'. Falling back to cached/fail-safe data — price will NOT advance this run.
2026-10-03 04:21:26,510 [INFO]  -> [TATACHEM.NS] Bypassed status. Failed strict quantitative thresholds.
2026-10-03 04:21:27,014 [WARNING] [TATACONSUM.NS] Historical price fetch failed: AttributeError: 'App' object has no attribute 'equity'. Falling back to cached/fail-safe data — price will NOT advance this run.
2026-10-03 04:21:27,075 [INFO]  -> [TATACONSUM.NS] Bypassed status. Failed strict quantitative thresholds.
2026-10-03 04:21:27,579 [WARNING] [TATASTEEL.NS] Historical price fetch failed: AttributeError: 'App' object has no attribute 'equity'. Falling back to cached/fail-safe data — price will NOT advance this run.
2026-10-03 04:21:27,642 [INFO]  -> [TATASTEEL.NS] Bypassed status. Failed strict quantitative thresholds.
2026-10-03 04:21:28,146 [WARNING] [TCI.NS] Historical price fetch failed: AttributeError: 'App' object has no attribute 'equity'. Falling back to cached/fail-safe data — price will NOT advance this run.
2026-10-03 04:21:28,207 [INFO]  -> [TCI.NS] Bypassed status. Failed strict quantitative thresholds.
2026-10-03 04:21:28,712 [WARNING] [TCIEXP.NS] Historical price fetch failed: AttributeError: 'App' object has no attribute 'equity'. Falling back to cached/fail-safe data — price will NOT advance this run.
2026-10-03 04:21:28,777 [INFO]  -> [TCIEXP.NS] Bypassed status. Failed strict quantitative thresholds.
2026-10-03 04:21:29,281 [WARNING] [TEJASNET.NS] Historical price fetch failed: AttributeError: 'App' object has no attribute 'equity'. Falling back to cached/fail-safe data — price will NOT advance this run.
2026-10-03 04:21:29,342 [INFO]  -> [TEJASNET.NS] Bypassed status. Failed strict quantitative thresholds.
2026-10-03 04:21:29,846 [WARNING] [TEXRAIL.NS] Historical price fetch failed: AttributeError: 'App' object has no attribute 'equity'. Falling back to cached/fail-safe data — price will NOT advance this run.
2026-10-03 04:21:29,908 [INFO]  -> [TEXRAIL.NS] Golden Rule Satisfied but alert is on cooldown (already alerted within the last 24 trading days). Skipping Telegram send.
2026-10-03 04:21:29,910 [WARNING] [THERMAX.NS] Historical price fetch failed: AttributeError: 'App' object has no attribute 'equity'. Falling back to cached/fail-safe data — price will NOT advance this run.
2026-10-03 04:21:29,970 [INFO]  -> [THERMAX.NS] Bypassed status. Failed strict quantitative thresholds.
2026-10-03 04:21:30,474 [WARNING] [THYROCARE.NS] Historical price fetch failed: AttributeError: 'App' object has no attribute 'equity'. Falling back to cached/fail-safe data — price will NOT advance this run.
2026-10-03 04:21:30,537 [INFO]  -> [THYROCARE.NS] Bypassed status. Failed strict quantitative thresholds.
2026-10-03 04:21:31,041 [WARNING] [TIINDIA.NS] Historical price fetch failed: AttributeError: 'App' object has no attribute 'equity'. Falling back to cached/fail-safe data — price will NOT advance this run.
2026-10-03 04:21:31,104 [INFO]  -> [TIINDIA.NS] Bypassed status. Failed strict quantitative thresholds.
2026-10-03 04:21:31,608 [WARNING] [TIMETECHNO.NS] Historical price fetch failed: AttributeError: 'App' object has no attribute 'equity'. Falling back to cached/fail-safe data — price will NOT advance this run.
2026-10-03 04:21:31,670 [INFO]  -> [TIMETECHNO.NS] Bypassed status. Failed strict quantitative thresholds.
2026-10-03 04:21:32,174 [WARNING] [TIMKEN.NS] Historical price fetch failed: AttributeError: 'App' object has no attribute 'equity'. Falling back to cached/fail-safe data — price will NOT advance this run.
2026-10-03 04:21:32,234 [INFO]  -> [TIMKEN.NS] Bypassed status. Failed strict quantitative thresholds.
2026-10-03 04:21:32,738 [WARNING] [TRIDENT.NS] Historical price fetch failed: AttributeError: 'App' object has no attribute 'equity'. Falling back to cached/fail-safe data — price will NOT advance this run.
2026-10-03 04:21:32,800 [INFO]  -> [TRIDENT.NS] Bypassed status. Failed strict quantitative thresholds.
2026-10-03 04:21:33,304 [WARNING] [TRITURBINE.NS] Historical price fetch failed: AttributeError: 'App' object has no attribute 'equity'. Falling back to cached/fail-safe data — price will NOT advance this run.
2026-10-03 04:21:33,365 [INFO]  -> [TRITURBINE.NS] Bypassed status. Failed strict quantitative thresholds.
2026-10-03 04:21:33,868 [WARNING] [TTKPRESTIG.NS] Historical price fetch failed: AttributeError: 'App' object has no attribute 'equity'. Falling back to cached/fail-safe data — price will NOT advance this run.
2026-10-03 04:21:33,930 [INFO]  -> [TTKPRESTIG.NS] Bypassed status. Failed strict quantitative thresholds.
2026-10-03 04:21:34,434 [WARNING] [UNICHEMLAB.NS] Historical price fetch failed: AttributeError: 'App' object has no attribute 'equity'. Falling back to cached/fail-safe data — price will NOT advance this run.
2026-10-03 04:21:34,495 [INFO]  -> [UNICHEMLAB.NS] Golden Rule Satisfied but alert is on cooldown (already alerted within the last 24 trading days). Skipping Telegram send.
2026-10-03 04:21:34,497 [WARNING] [UNOMINDA.NS] Historical price fetch failed: AttributeError: 'App' object has no attribute 'equity'. Falling back to cached/fail-safe data — price will NOT advance this run.
2026-10-03 04:21:34,558 [INFO]  -> [UNOMINDA.NS] Bypassed status. Failed strict quantitative thresholds.
2026-10-03 04:21:35,062 [WARNING] [UPL.NS] Historical price fetch failed: AttributeError: 'App' object has no attribute 'equity'. Falling back to cached/fail-safe data — price will NOT advance this run.
2026-10-03 04:21:35,123 [INFO]  -> [UPL.NS] Bypassed status. Failed strict quantitative thresholds.
2026-10-03 04:21:35,627 [WARNING] [VAIBHAVGBL.NS] Historical price fetch failed: AttributeError: 'App' object has no attribute 'equity'. Falling back to cached/fail-safe data — price will NOT advance this run.
2026-10-03 04:21:35,689 [INFO]  -> [VAIBHAVGBL.NS] Bypassed status. Failed strict quantitative thresholds.
2026-10-03 04:21:36,192 [WARNING] [VARROC.NS] Historical price fetch failed: AttributeError: 'App' object has no attribute 'equity'. Falling back to cached/fail-safe data — price will NOT advance this run.
2026-10-03 04:21:36,253 [INFO]  -> [VARROC.NS] Bypassed status. Failed strict quantitative thresholds.
2026-10-03 04:21:36,757 [WARNING] [VBL.NS] Historical price fetch failed: AttributeError: 'App' object has no attribute 'equity'. Falling back to cached/fail-safe data — price will NOT advance this run.
2026-10-03 04:21:36,820 [INFO]  -> [VBL.NS] Bypassed status. Failed strict quantitative thresholds.
2026-10-03 04:21:37,324 [WARNING] [VEDL.NS] Historical price fetch failed: AttributeError: 'App' object has no attribute 'equity'. Falling back to cached/fail-safe data — price will NOT advance this run.
2026-10-03 04:21:37,385 [INFO]  -> [VEDL.NS] Bypassed status. Failed strict quantitative thresholds.
2026-10-03 04:21:37,889 [WARNING] [VGUARD.NS] Historical price fetch failed: AttributeError: 'App' object has no attribute 'equity'. Falling back to cached/fail-safe data — price will NOT advance this run.
2026-10-03 04:21:37,950 [INFO]  -> [VGUARD.NS] Bypassed status. Failed strict quantitative thresholds.
2026-10-03 04:21:38,453 [WARNING] [VIJAYA.NS] Historical price fetch failed: AttributeError: 'App' object has no attribute 'equity'. Falling back to cached/fail-safe data — price will NOT advance this run.
2026-10-03 04:21:38,508 [INFO]  -> [VIJAYA.NS] Golden Rule Satisfied but alert is on cooldown (already alerted within the last 24 trading days). Skipping Telegram send.
2026-10-03 04:21:38,510 [WARNING] [VINATIORGA.NS] Historical price fetch failed: AttributeError: 'App' object has no attribute 'equity'. Falling back to cached/fail-safe data — price will NOT advance this run.
2026-10-03 04:21:38,570 [INFO]  -> [VINATIORGA.NS] Bypassed status. Failed strict quantitative thresholds.
2026-10-03 04:21:39,074 [WARNING] [VIPIND.NS] Historical price fetch failed: AttributeError: 'App' object has no attribute 'equity'. Falling back to cached/fail-safe data — price will NOT advance this run.
2026-10-03 04:21:39,135 [INFO]  -> [VIPIND.NS] Bypassed status. Failed strict quantitative thresholds.
2026-10-03 04:21:39,639 [WARNING] [VMART.NS] Historical price fetch failed: AttributeError: 'App' object has no attribute 'equity'. Falling back to cached/fail-safe data — price will NOT advance this run.
2026-10-03 04:21:39,700 [INFO]  -> [VMART.NS] Bypassed status. Failed strict quantitative thresholds.
2026-10-03 04:21:40,204 [WARNING] [VOLTAS.NS] Historical price fetch failed: AttributeError: 'App' object has no attribute 'equity'. Falling back to cached/fail-safe data — price will NOT advance this run.
2026-10-03 04:21:40,265 [INFO]  -> [VOLTAS.NS] Bypassed status. Failed strict quantitative thresholds.
2026-10-03 04:21:40,769 [WARNING] [VTL.NS] Historical price fetch failed: AttributeError: 'App' object has no attribute 'equity'. Falling back to cached/fail-safe data — price will NOT advance this run.
2026-10-03 04:21:40,831 [INFO]  -> [VTL.NS] Bypassed status. Failed strict quantitative thresholds.
2026-10-03 04:21:41,335 [WARNING] [WELCORP.NS] Historical price fetch failed: AttributeError: 'App' object has no attribute 'equity'. Falling back to cached/fail-safe data — price will NOT advance this run.
2026-10-03 04:21:41,396 [INFO]  -> [WELCORP.NS] Bypassed status. Failed strict quantitative thresholds.
2026-10-03 04:21:41,900 [WARNING] [WELSPUNLIV.NS] Historical price fetch failed: AttributeError: 'App' object has no attribute 'equity'. Falling back to cached/fail-safe data — price will NOT advance this run.
2026-10-03 04:21:41,962 [INFO]  -> [WELSPUNLIV.NS] Bypassed status. Failed strict quantitative thresholds.
2026-10-03 04:21:42,465 [WARNING] [WHIRLPOOL.NS] Historical price fetch failed: AttributeError: 'App' object has no attribute 'equity'. Falling back to cached/fail-safe data — price will NOT advance this run.
2026-10-03 04:21:42,527 [INFO]  -> [WHIRLPOOL.NS] Bypassed status. Failed strict quantitative thresholds.
2026-10-03 04:21:43,030 [WARNING] [WOCKPHARMA.NS] Historical price fetch failed: AttributeError: 'App' object has no attribute 'equity'. Falling back to cached/fail-safe data — price will NOT advance this run.
2026-10-03 04:21:43,091 [INFO]  -> [WOCKPHARMA.NS] Bypassed status. Failed strict quantitative thresholds.
2026-10-03 04:21:43,595 [WARNING] [YUKEN.NS] Historical price fetch failed: AttributeError: 'App' object has no attribute 'equity'. Falling back to cached/fail-safe data — price will NOT advance this run.
2026-10-03 04:21:43,649 [INFO]  -> [YUKEN.NS] Bypassed status. Failed strict quantitative thresholds.
2026-10-03 04:21:44,152 [WARNING] [ZFCVINDIA.NS] Historical price fetch failed: AttributeError: 'App' object has no attribute 'equity'. Falling back to cached/fail-safe data — price will NOT advance this run.
2026-10-03 04:21:44,215 [INFO]  -> [ZFCVINDIA.NS] Bypassed status. Failed strict quantitative thresholds.
2026-10-03 04:21:44,719 [WARNING] [ZYDUSLIFE.NS] Historical price fetch failed: AttributeError: 'App' object has no attribute 'equity'. Falling back to cached/fail-safe data — price will NOT advance this run.
2026-10-03 04:21:44,780 [INFO]  -> [ZYDUSLIFE.NS] Bypassed status. Failed strict quantitative thresholds.
2026-10-03 04:21:45,284 [WARNING] [ZYDUSWELL.NS] Historical price fetch failed: AttributeError: 'App' object has no attribute 'equity'. Falling back to cached/fail-safe data — price will NOT advance this run.
2026-10-03 04:21:45,347 [INFO]  -> [ZYDUSWELL.NS] Bypassed status. Failed strict quantitative thresholds.
2026-10-03 04:21:45,847 [INFO] [Complete] Quant script loops finished successfully. Overwriting metrics...
2026-10-03 04:21:55,805 [INFO] ✓ Central output matrix overwritten successfully.
2026-10-03 04:39:17,432 [INFO] =================================================================
2026-10-03 04:39:17,432 [INFO] RUNNING CONSOLIDATED SYSTEM SCRIPTS
2026-10-03 04:39:17,432 [INFO] =================================================================
2026-10-03 04:39:17,440 [WARNING] [AARTIDRUGS.NS] Historical price fetch failed: AttributeError: 'App' object has no attribute 'equity'. Falling back to cached/fail-safe data — price will NOT advance this run.
2026-10-03 04:39:17,524 [INFO]  -> [AARTIDRUGS.NS] Bypassed status. Failed strict quantitative thresholds.
2026-10-03 04:39:18,028 [WARNING] [ACE.NS] Historical price fetch failed: AttributeError: 'App' object has no attribute 'equity'. Falling back to cached/fail-safe data — price will NOT advance this run.
2026-10-03 04:39:18,106 [INFO]  -> [ACE.NS] Bypassed status. Failed strict quantitative thresholds.
2026-10-03 04:39:18,610 [WARNING] [AFFLE.NS] Historical price fetch failed: AttributeError: 'App' object has no attribute 'equity'. Falling back to cached/fail-safe data — price will NOT advance this run.
2026-10-03 04:39:18,689 [INFO]  -> [AFFLE.NS] Bypassed status. Failed strict quantitative thresholds.
2026-10-03 04:39:19,194 [WARNING] [AIAENG.NS] Historical price fetch failed: AttributeError: 'App' object has no attribute 'equity'. Falling back to cached/fail-safe data — price will NOT advance this run.
2026-10-03 04:39:19,271 [INFO]  -> [AIAENG.NS] Bypassed status. Failed strict quantitative thresholds.
2026-10-03 04:39:19,776 [WARNING] [ALKYLAMINE.NS] Historical price fetch failed: AttributeError: 'App' object has no attribute 'equity'. Falling back to cached/fail-safe data — price will NOT advance this run.
2026-10-03 04:39:19,856 [INFO]  -> [ALKYLAMINE.NS] Bypassed status. Failed strict quantitative thresholds.
2026-10-03 04:39:20,361 [WARNING] [ALLCARGO.NS] Historical price fetch failed: AttributeError: 'App' object has no attribute 'equity'. Falling back to cached/fail-safe data — price will NOT advance this run.
2026-10-03 04:39:20,442 [INFO]  -> [ALLCARGO.NS] Bypassed status. Failed strict quantitative thresholds.
2026-10-03 04:39:20,946 [WARNING] [AMBER.NS] Historical price fetch failed: AttributeError: 'App' object has no attribute 'equity'. Falling back to cached/fail-safe data — price will NOT advance this run.
2026-10-03 04:39:21,023 [INFO]  -> [AMBER.NS] Bypassed status. Failed strict quantitative thresholds.
2026-10-03 04:39:21,527 [WARNING] [AMBUJACEM.NS] Historical price fetch failed: AttributeError: 'App' object has no attribute 'equity'. Falling back to cached/fail-safe data — price will NOT advance this run.
2026-10-03 04:39:21,607 [INFO]  -> [AMBUJACEM.NS] Bypassed status. Failed strict quantitative thresholds.
2026-10-03 04:39:22,111 [WARNING] [TEXRAIL.NS] Historical price fetch failed: AttributeError: 'App' object has no attribute 'equity'. Falling back to cached/fail-safe data — price will NOT advance this run.
2026-10-03 04:39:22,197 [INFO]  -> [TEXRAIL.NS] Golden Rule Satisfied but alert is on cooldown (already alerted within the last 24 trading days). Skipping Telegram send.
2026-10-03 04:39:22,201 [WARNING] [STYLAMIND.NS] Historical price fetch failed: AttributeError: 'App' object has no attribute 'equity'. Falling back to cached/fail-safe data — price will NOT advance this run.
2026-10-03 04:39:22,270 [INFO]  -> [STYLAMIND.NS] Golden Rule Satisfied but alert is on cooldown (already alerted within the last 24 trading days). Skipping Telegram send.
2026-10-03 04:39:22,274 [WARNING] [SPARC.NS] Historical price fetch failed: AttributeError: 'App' object has no attribute 'equity'. Falling back to cached/fail-safe data — price will NOT advance this run.
2026-10-03 04:39:22,352 [INFO]  -> [SPARC.NS] Golden Rule Satisfied but alert is on cooldown (already alerted within the last 24 trading days). Skipping Telegram send.
2026-10-03 04:39:22,355 [WARNING] [SONACOMS.NS] Historical price fetch failed: AttributeError: 'App' object has no attribute 'equity'. Falling back to cached/fail-safe data — price will NOT advance this run.
2026-10-03 04:39:22,427 [INFO]  -> [SONACOMS.NS] Golden Rule Satisfied but alert is on cooldown (already alerted within the last 24 trading days). Skipping Telegram send.
2026-10-03 04:39:22,431 [WARNING] [PHOENIXLTD.NS] Historical price fetch failed: AttributeError: 'App' object has no attribute 'equity'. Falling back to cached/fail-safe data — price will NOT advance this run.
2026-10-03 04:39:22,512 [INFO]  -> [PHOENIXLTD.NS] Golden Rule Satisfied but alert is on cooldown (already alerted within the last 24 trading days). Skipping Telegram send.
2026-10-03 04:39:22,515 [WARNING] [OLECTRA.NS] Historical price fetch failed: AttributeError: 'App' object has no attribute 'equity'. Falling back to cached/fail-safe data — price will NOT advance this run.
2026-10-03 04:39:22,593 [INFO]  -> [OLECTRA.NS] Golden Rule Satisfied but alert is on cooldown (already alerted within the last 24 trading days). Skipping Telegram send.
2026-10-03 04:39:22,596 [WARNING] [MARKSANS.NS] Historical price fetch failed: AttributeError: 'App' object has no attribute 'equity'. Falling back to cached/fail-safe data — price will NOT advance this run.
2026-10-03 04:39:22,673 [INFO]  -> [MARKSANS.NS] Golden Rule Satisfied but alert is on cooldown (already alerted within the last 24 trading days). Skipping Telegram send.
2026-10-03 04:39:22,673 [INFO] [Complete] Quant script loops finished successfully. Overwriting metrics...
2026-10-03 04:39:34,899 [INFO] ✓ Central output matrix overwritten successfully.
2026-10-03 04:54:39,886 [INFO] =================================================================
2026-10-03 04:54:39,886 [INFO] RUNNING CONSOLIDATED SYSTEM SCRIPTS
2026-10-03 04:54:39,886 [INFO] =================================================================
2026-10-03 04:54:39,895 [WARNING] [AARTIDRUGS.NS] Historical price fetch failed: AttributeError: 'App' object has no attribute 'equity'. Falling back to cached/fail-safe data — price will NOT advance this run.
2026-10-03 04:54:39,973 [INFO]  -> [AARTIDRUGS.NS] Bypassed status. Failed strict quantitative thresholds.
2026-10-03 04:54:40,478 [WARNING] [ACE.NS] Historical price fetch failed: AttributeError: 'App' object has no attribute 'equity'. Falling back to cached/fail-safe data — price will NOT advance this run.
2026-10-03 04:54:40,554 [INFO]  -> [ACE.NS] Bypassed status. Failed strict quantitative thresholds.
2026-10-03 04:54:41,058 [WARNING] [AFFLE.NS] Historical price fetch failed: AttributeError: 'App' object has no attribute 'equity'. Falling back to cached/fail-safe data — price will NOT advance this run.
2026-10-03 04:54:41,137 [INFO]  -> [AFFLE.NS] Bypassed status. Failed strict quantitative thresholds.
2026-10-03 04:54:41,641 [WARNING] [AIAENG.NS] Historical price fetch failed: AttributeError: 'App' object has no attribute 'equity'. Falling back to cached/fail-safe data — price will NOT advance this run.
2026-10-03 04:54:41,718 [INFO]  -> [AIAENG.NS] Bypassed status. Failed strict quantitative thresholds.
2026-10-03 04:54:42,223 [WARNING] [ALKYLAMINE.NS] Historical price fetch failed: AttributeError: 'App' object has no attribute 'equity'. Falling back to cached/fail-safe data — price will NOT advance this run.
2026-10-03 04:54:42,299 [INFO]  -> [ALKYLAMINE.NS] Bypassed status. Failed strict quantitative thresholds.
2026-10-03 04:54:42,804 [WARNING] [ALLCARGO.NS] Historical price fetch failed: AttributeError: 'App' object has no attribute 'equity'. Falling back to cached/fail-safe data — price will NOT advance this run.
2026-10-03 04:54:42,882 [INFO]  -> [ALLCARGO.NS] Bypassed status. Failed strict quantitative thresholds.
2026-10-03 04:54:43,386 [WARNING] [AMBER.NS] Historical price fetch failed: AttributeError: 'App' object has no attribute 'equity'. Falling back to cached/fail-safe data — price will NOT advance this run.
2026-10-03 04:54:43,459 [INFO]  -> [AMBER.NS] Bypassed status. Failed strict quantitative thresholds.
2026-10-03 04:54:43,964 [WARNING] [AMBUJACEM.NS] Historical price fetch failed: AttributeError: 'App' object has no attribute 'equity'. Falling back to cached/fail-safe data — price will NOT advance this run.
2026-10-03 04:54:44,041 [INFO]  -> [AMBUJACEM.NS] Bypassed status. Failed strict quantitative thresholds.
2026-10-03 04:54:44,546 [WARNING] [TEXRAIL.NS] Historical price fetch failed: AttributeError: 'App' object has no attribute 'equity'. Falling back to cached/fail-safe data — price will NOT advance this run.
2026-10-03 04:54:44,623 [INFO]  -> [TEXRAIL.NS] Golden Rule Satisfied but alert is on cooldown (already alerted within the last 24 trading days). Skipping Telegram send.
2026-10-03 04:54:44,626 [WARNING] [STYLAMIND.NS] Historical price fetch failed: AttributeError: 'App' object has no attribute 'equity'. Falling back to cached/fail-safe data — price will NOT advance this run.
2026-10-03 04:54:44,695 [INFO]  -> [STYLAMIND.NS] Golden Rule Satisfied but alert is on cooldown (already alerted within the last 24 trading days). Skipping Telegram send.
2026-10-03 04:54:44,698 [WARNING] [SPARC.NS] Historical price fetch failed: AttributeError: 'App' object has no attribute 'equity'. Falling back to cached/fail-safe data — price will NOT advance this run.
2026-10-03 04:54:44,775 [INFO]  -> [SPARC.NS] Golden Rule Satisfied but alert is on cooldown (already alerted within the last 24 trading days). Skipping Telegram send.
2026-10-03 04:54:44,778 [WARNING] [SONACOMS.NS] Historical price fetch failed: AttributeError: 'App' object has no attribute 'equity'. Falling back to cached/fail-safe data — price will NOT advance this run.
2026-10-03 04:54:44,848 [INFO]  -> [SONACOMS.NS] Golden Rule Satisfied but alert is on cooldown (already alerted within the last 24 trading days). Skipping Telegram send.
2026-10-03 04:54:44,851 [WARNING] [PHOENIXLTD.NS] Historical price fetch failed: AttributeError: 'App' object has no attribute 'equity'. Falling back to cached/fail-safe data — price will NOT advance this run.
2026-10-03 04:54:44,927 [INFO]  -> [PHOENIXLTD.NS] Golden Rule Satisfied but alert is on cooldown (already alerted within the last 24 trading days). Skipping Telegram send.
2026-10-03 04:54:44,931 [WARNING] [OLECTRA.NS] Historical price fetch failed: AttributeError: 'App' object has no attribute 'equity'. Falling back to cached/fail-safe data — price will NOT advance this run.
2026-10-03 04:54:45,006 [INFO]  -> [OLECTRA.NS] Golden Rule Satisfied but alert is on cooldown (already alerted within the last 24 trading days). Skipping Telegram send.
2026-10-03 04:54:45,009 [WARNING] [MARKSANS.NS] Historical price fetch failed: AttributeError: 'App' object has no attribute 'equity'. Falling back to cached/fail-safe data — price will NOT advance this run.
2026-10-03 04:54:45,085 [INFO]  -> [MARKSANS.NS] Golden Rule Satisfied but alert is on cooldown (already alerted within the last 24 trading days). Skipping Telegram send.
2026-10-03 04:54:45,085 [INFO] [Complete] Quant script loops finished successfully. Overwriting metrics...
2026-10-03 04:54:57,999 [INFO] ✓ Central output matrix overwritten successfully.
2026-10-03 05:03:51,076 [INFO] =================================================================
2026-10-03 05:03:51,076 [INFO] RUNNING CONSOLIDATED SYSTEM SCRIPTS
2026-10-03 05:03:51,076 [INFO] =================================================================
2026-10-03 05:03:51,860 [INFO]  -> [AARTIDRUGS.NS] Bypassed status. Failed strict quantitative thresholds.
2026-10-03 05:03:52,805 [INFO]  -> [ACE.NS] Bypassed status. Failed strict quantitative thresholds.
2026-10-03 05:03:53,716 [INFO]  -> [AFFLE.NS] Bypassed status. Failed strict quantitative thresholds.
2026-10-03 05:03:54,698 [INFO]  -> [AIAENG.NS] Bypassed status. Failed strict quantitative thresholds.
2026-10-03 05:03:55,640 [INFO]  -> [ALKYLAMINE.NS] Bypassed status. Failed strict quantitative thresholds.
2026-10-03 05:03:56,626 [INFO]  -> [ALLCARGO.NS] Bypassed status. Failed strict quantitative thresholds.
2026-10-03 05:03:57,587 [INFO]  -> [AMBER.NS] Bypassed status. Failed strict quantitative thresholds.
2026-10-03 05:03:58,534 [INFO]  -> [AMBUJACEM.NS] Bypassed status. Failed strict quantitative thresholds.
2026-10-03 05:03:59,472 [INFO]  -> [TEXRAIL.NS] Golden Rule Satisfied but alert is on cooldown (already alerted within the last 24 trading days). Skipping Telegram send.
2026-10-03 05:03:59,871 [INFO]  -> [STYLAMIND.NS] Golden Rule Satisfied but alert is on cooldown (already alerted within the last 24 trading days). Skipping Telegram send.
2026-10-03 05:04:00,283 [INFO]  -> [SPARC.NS] Bypassed status. Failed strict quantitative thresholds.
2026-10-03 05:04:01,199 [INFO]  -> [SONACOMS.NS] Golden Rule Satisfied but alert is on cooldown (already alerted within the last 24 trading days). Skipping Telegram send.
2026-10-03 05:04:01,657 [INFO]  -> [PHOENIXLTD.NS] Golden Rule Satisfied but alert is on cooldown (already alerted within the last 24 trading days). Skipping Telegram send.
2026-10-03 05:04:02,108 [INFO]  -> [OLECTRA.NS] Golden Rule Satisfied but alert is on cooldown (already alerted within the last 24 trading days). Skipping Telegram send.
2026-10-03 05:04:02,546 [INFO]  -> [MARKSANS.NS] Golden Rule Satisfied but alert is on cooldown (already alerted within the last 24 trading days). Skipping Telegram send.
2026-10-03 05:04:02,546 [INFO] [Complete] Quant script loops finished successfully. Overwriting metrics...
2026-10-03 05:04:15,299 [INFO] ✓ Central output matrix overwritten successfully.
2026-10-03 05:20:45,189 [INFO] =================================================================
2026-10-03 05:20:45,189 [INFO] RUNNING CONSOLIDATED SYSTEM SCRIPTS
2026-10-03 05:20:45,189 [INFO] =================================================================
2026-10-03 05:20:45,563 [WARNING] [AARTIDRUGS.NS] Historical price fetch failed: EmptyDataError: 
[Empty] -> No results found. Try adjusting the query parameters.. Falling back to cached/fail-safe data — price will NOT advance this run.
2026-10-03 05:20:45,633 [INFO]  -> [AARTIDRUGS.NS] Bypassed status. Failed strict quantitative thresholds.
2026-10-03 05:20:46,291 [WARNING] [ACE.NS] Historical price fetch failed: EmptyDataError: 
[Empty] -> No results found. Try adjusting the query parameters.. Falling back to cached/fail-safe data — price will NOT advance this run.
2026-10-03 05:20:46,361 [INFO]  -> [ACE.NS] Bypassed status. Failed strict quantitative thresholds.
2026-10-03 05:20:47,094 [WARNING] [AFFLE.NS] Historical price fetch failed: EmptyDataError: 
[Empty] -> No results found. Try adjusting the query parameters.. Falling back to cached/fail-safe data — price will NOT advance this run.
2026-10-03 05:20:47,164 [INFO]  -> [AFFLE.NS] Bypassed status. Failed strict quantitative thresholds.
2026-10-03 05:20:47,827 [WARNING] [AIAENG.NS] Historical price fetch failed: EmptyDataError: 
[Empty] -> No results found. Try adjusting the query parameters.. Falling back to cached/fail-safe data — price will NOT advance this run.
2026-10-03 05:20:47,895 [INFO]  -> [AIAENG.NS] Bypassed status. Failed strict quantitative thresholds.
2026-10-03 05:20:48,553 [WARNING] [ALKYLAMINE.NS] Historical price fetch failed: EmptyDataError: 
[Empty] -> No results found. Try adjusting the query parameters.. Falling back to cached/fail-safe data — price will NOT advance this run.
2026-10-03 05:20:48,622 [INFO]  -> [ALKYLAMINE.NS] Bypassed status. Failed strict quantitative thresholds.
2026-10-03 05:20:49,291 [WARNING] [ALLCARGO.NS] Historical price fetch failed: EmptyDataError: 
[Empty] -> No results found. Try adjusting the query parameters.. Falling back to cached/fail-safe data — price will NOT advance this run.
2026-10-03 05:20:49,363 [INFO]  -> [ALLCARGO.NS] Bypassed status. Failed strict quantitative thresholds.
2026-10-03 05:20:49,994 [WARNING] [AMBER.NS] Historical price fetch failed: EmptyDataError: 
[Empty] -> No results found. Try adjusting the query parameters.. Falling back to cached/fail-safe data — price will NOT advance this run.
2026-10-03 05:20:50,061 [INFO]  -> [AMBER.NS] Bypassed status. Failed strict quantitative thresholds.
2026-10-03 05:20:50,784 [WARNING] [AMBUJACEM.NS] Historical price fetch failed: EmptyDataError: 
[Empty] -> No results found. Try adjusting the query parameters.. Falling back to cached/fail-safe data — price will NOT advance this run.
2026-10-03 05:20:50,853 [INFO]  -> [AMBUJACEM.NS] Bypassed status. Failed strict quantitative thresholds.
2026-10-03 05:20:51,508 [WARNING] [TEXRAIL.NS] Historical price fetch failed: EmptyDataError: 
[Empty] -> No results found. Try adjusting the query parameters.. Falling back to cached/fail-safe data — price will NOT advance this run.
2026-10-03 05:20:51,576 [INFO]  -> [TEXRAIL.NS] Golden Rule Satisfied but alert is on cooldown (already alerted within the last 24 trading days). Skipping Telegram send.
2026-10-03 05:20:51,702 [WARNING] [STYLAMIND.NS] Historical price fetch failed: EmptyDataError: 
[Empty] -> No results found. Try adjusting the query parameters.. Falling back to cached/fail-safe data — price will NOT advance this run.
2026-10-03 05:20:51,771 [INFO]  -> [STYLAMIND.NS] Golden Rule Satisfied but alert is on cooldown (already alerted within the last 24 trading days). Skipping Telegram send.
2026-10-03 05:20:51,899 [WARNING] [SPARC.NS] Historical price fetch failed: EmptyDataError: 
[Empty] -> No results found. Try adjusting the query parameters.. Falling back to cached/fail-safe data — price will NOT advance this run.
2026-10-03 05:20:51,969 [INFO]  -> [SPARC.NS] Bypassed status. Failed strict quantitative thresholds.
2026-10-03 05:20:52,606 [WARNING] [SONACOMS.NS] Historical price fetch failed: EmptyDataError: 
[Empty] -> No results found. Try adjusting the query parameters.. Falling back to cached/fail-safe data — price will NOT advance this run.
2026-10-03 05:20:52,675 [INFO]  -> [SONACOMS.NS] Bypassed status. Failed strict quantitative thresholds.
2026-10-03 05:20:53,345 [WARNING] [PHOENIXLTD.NS] Historical price fetch failed: EmptyDataError: 
[Empty] -> No results found. Try adjusting the query parameters.. Falling back to cached/fail-safe data — price will NOT advance this run.
2026-10-03 05:20:53,415 [INFO]  -> [PHOENIXLTD.NS] Golden Rule Satisfied but alert is on cooldown (already alerted within the last 24 trading days). Skipping Telegram send.
2026-10-03 05:20:53,584 [WARNING] [OLECTRA.NS] Historical price fetch failed: EmptyDataError: 
[Empty] -> No results found. Try adjusting the query parameters.. Falling back to cached/fail-safe data — price will NOT advance this run.
2026-10-03 05:20:53,654 [INFO]  -> [OLECTRA.NS] Golden Rule Satisfied but alert is on cooldown (already alerted within the last 24 trading days). Skipping Telegram send.
2026-10-03 05:20:53,854 [WARNING] [MARKSANS.NS] Historical price fetch failed: EmptyDataError: 
[Empty] -> No results found. Try adjusting the query parameters.. Falling back to cached/fail-safe data — price will NOT advance this run.
2026-10-03 05:20:53,924 [INFO]  -> [MARKSANS.NS] Golden Rule Satisfied but alert is on cooldown (already alerted within the last 24 trading days). Skipping Telegram send.
2026-10-03 05:20:53,924 [INFO] [Complete] Quant script loops finished successfully. Overwriting metrics...
2026-10-03 05:21:06,826 [INFO] ✓ Central output matrix overwritten successfully.
2026-10-03 15:06:06,180 [INFO] =================================================================
2026-10-03 15:06:06,180 [INFO] RUNNING CONSOLIDATED SYSTEM SCRIPTS
2026-10-03 15:06:06,180 [INFO] =================================================================
2026-10-03 15:06:06,835 [WARNING] [AARTIDRUGS.NS] Historical price fetch failed: EmptyDataError: 
[Empty] -> No results found. Try adjusting the query parameters.. Falling back to cached/fail-safe data — price will NOT advance this run.
2026-10-03 15:06:06,875 [INFO]  -> [AARTIDRUGS.NS] Bypassed status. Failed strict quantitative thresholds.
2026-10-03 15:06:07,674 [WARNING] [ACE.NS] Historical price fetch failed: EmptyDataError: 
[Empty] -> No results found. Try adjusting the query parameters.. Falling back to cached/fail-safe data — price will NOT advance this run.
2026-10-03 15:06:07,715 [INFO]  -> [ACE.NS] Bypassed status. Failed strict quantitative thresholds.
2026-10-03 15:06:08,476 [WARNING] [AFFLE.NS] Historical price fetch failed: EmptyDataError: 
[Empty] -> No results found. Try adjusting the query parameters.. Falling back to cached/fail-safe data — price will NOT advance this run.
2026-10-03 15:06:08,515 [INFO]  -> [AFFLE.NS] Bypassed status. Failed strict quantitative thresholds.
2026-10-03 15:06:09,313 [WARNING] [AIAENG.NS] Historical price fetch failed: EmptyDataError: 
[Empty] -> No results found. Try adjusting the query parameters.. Falling back to cached/fail-safe data — price will NOT advance this run.
2026-10-03 15:06:09,352 [INFO]  -> [AIAENG.NS] Bypassed status. Failed strict quantitative thresholds.
2026-10-03 15:06:10,205 [WARNING] [ALKYLAMINE.NS] Historical price fetch failed: EmptyDataError: 
[Empty] -> No results found. Try adjusting the query parameters.. Falling back to cached/fail-safe data — price will NOT advance this run.
2026-10-03 15:06:10,245 [INFO]  -> [ALKYLAMINE.NS] Bypassed status. Failed strict quantitative thresholds.
2026-10-03 15:06:11,030 [WARNING] [ALLCARGO.NS] Historical price fetch failed: EmptyDataError: 
[Empty] -> No results found. Try adjusting the query parameters.. Falling back to cached/fail-safe data — price will NOT advance this run.
2026-10-03 15:06:11,071 [INFO]  -> [ALLCARGO.NS] Bypassed status. Failed strict quantitative thresholds.
2026-10-03 15:06:11,836 [WARNING] [AMBER.NS] Historical price fetch failed: EmptyDataError: 
[Empty] -> No results found. Try adjusting the query parameters.. Falling back to cached/fail-safe data — price will NOT advance this run.
2026-10-03 15:06:11,875 [INFO]  -> [AMBER.NS] Bypassed status. Failed strict quantitative thresholds.
2026-10-03 15:06:12,665 [WARNING] [AMBUJACEM.NS] Historical price fetch failed: EmptyDataError: 
[Empty] -> No results found. Try adjusting the query parameters.. Falling back to cached/fail-safe data — price will NOT advance this run.
2026-10-03 15:06:12,705 [INFO]  -> [AMBUJACEM.NS] Bypassed status. Failed strict quantitative thresholds.
2026-10-03 15:06:13,539 [INFO]  -> [ANANTRAJ.NS] Bypassed status. Failed strict quantitative thresholds.
2026-10-03 15:06:14,349 [INFO]  -> [ANURAS.NS] Bypassed status. Failed strict quantitative thresholds.
2026-10-03 15:06:15,190 [INFO]  -> [APLAPOLLO.NS] Bypassed status. Failed strict quantitative thresholds.
2026-10-03 15:06:16,050 [INFO]  -> [APLLTD.NS] Bypassed status. Failed strict quantitative thresholds.
2026-10-03 15:06:16,912 [INFO]  -> [APOLLO.NS] Bypassed status. Failed strict quantitative thresholds.
2026-10-03 15:06:17,746 [INFO]  -> [APOLLOHOSP.NS] Bypassed status. Failed strict quantitative thresholds.
2026-10-03 15:06:18,670 [INFO]  -> [APOLLOTYRE.NS] Bypassed status. Failed strict quantitative thresholds.
2026-10-03 15:06:19,534 [INFO]  -> [ARE&M.NS] Bypassed status. Failed strict quantitative thresholds.
2026-10-03 15:06:20,438 [INFO]  -> [ARTEMISMED.NS] Bypassed status. Failed strict quantitative thresholds.
2026-10-03 15:06:21,297 [INFO]  -> [ASAHIINDIA.NS] Bypassed status. Failed strict quantitative thresholds.
2026-10-03 15:06:22,092 [INFO]  -> [ASIANENE.NS] Bypassed status. Failed strict quantitative thresholds.
2026-10-03 15:06:22,947 [INFO]  -> [ASIANPAINT.NS] Bypassed status. Failed strict quantitative thresholds.
2026-10-03 15:06:23,844 [INFO]  -> [ASKAUTOLTD.NS] Bypassed status. Failed strict quantitative thresholds.
2026-10-03 15:06:24,673 [INFO]  -> [ASTRAL.NS] Bypassed status. Failed strict quantitative thresholds.
2026-10-03 15:06:25,531 [INFO]  -> [ASTRAZEN.NS] Bypassed status. Failed strict quantitative thresholds.
2026-10-03 15:06:26,347 [INFO]  -> [ATGL.NS] Bypassed status. Failed strict quantitative thresholds.
2026-10-03 15:06:27,241 [INFO]  -> [ATUL.NS] Bypassed status. Failed strict quantitative thresholds.
2026-10-03 15:06:28,089 [INFO]  -> [AUROPHARMA.NS] Golden Rule Satisfied but alert is on cooldown (already alerted within the last 24 trading days). Skipping Telegram send.
2026-10-03 15:06:28,411 [INFO]  -> [AVANTIFEED.NS] Bypassed status. Failed strict quantitative thresholds.
2026-10-03 15:06:29,208 [INFO]  -> [AYMSYNTEX.NS] Bypassed status. Failed strict quantitative thresholds.
2026-10-03 15:06:30,043 [INFO]  -> [BAJAJELEC.NS] Bypassed status. Failed strict quantitative thresholds.
2026-10-03 15:06:30,857 [INFO]  -> [BAJAJHCARE.NS] Bypassed status. Failed strict quantitative thresholds.
2026-10-03 15:06:31,765 [INFO]  -> [BALKRISIND.NS] Bypassed status. Failed strict quantitative thresholds.
2026-10-03 15:06:32,616 [INFO]  -> [BASF.NS] Bypassed status. Failed strict quantitative thresholds.
2026-10-03 15:06:33,450 [INFO]  -> [BATAINDIA.NS] Bypassed status. Failed strict quantitative thresholds.
2026-10-03 15:06:34,284 [INFO]  -> [BAYERCROP.NS] Bypassed status. Failed strict quantitative thresholds.
2026-10-03 15:06:35,145 [INFO]  -> [BBTC.NS] Bypassed status. Failed strict quantitative thresholds.
2026-10-03 15:06:35,961 [INFO]  -> [BECTORFOOD.NS] Bypassed status. Failed strict quantitative thresholds.
2026-10-03 15:06:36,818 [INFO]  -> [BERGEPAINT.NS] Bypassed status. Failed strict quantitative thresholds.
2026-10-03 15:06:37,691 [INFO]  -> [BHARATRAS.NS] Bypassed status. Failed strict quantitative thresholds.
2026-10-03 15:06:38,487 [INFO]  -> [BIKAJI.NS] Bypassed status. Failed strict quantitative thresholds.
2026-10-03 15:06:39,326 [INFO]  -> [BIOCON.NS] Bypassed status. Failed strict quantitative thresholds.
2026-10-03 15:06:40,175 [INFO]  -> [BIRLACORPN.NS] Bypassed status. Failed strict quantitative thresholds.
2026-10-03 15:06:41,002 [INFO]  -> [BLUESTARCO.NS] Bypassed status. Failed strict quantitative thresholds.
2026-10-03 15:06:41,875 [INFO]  -> [BORORENEW.NS] Bypassed status. Failed strict quantitative thresholds.
2026-10-03 15:06:42,729 [INFO]  -> [BRIGADE.NS] Bypassed status. Failed strict quantitative thresholds.
2026-10-03 15:06:43,537 [INFO]  -> [CAMPUS.NS] Bypassed status. Failed strict quantitative thresholds.
2026-10-03 15:06:44,374 [INFO]  -> [CAPLIPOINT.NS] Bypassed status. Failed strict quantitative thresholds.
2026-10-03 15:06:45,232 [INFO]  -> [CARBORUNIV.NS] Bypassed status. Failed strict quantitative thresholds.
2026-10-03 15:06:46,089 [INFO]  -> [CCL.NS] Bypassed status. Failed strict quantitative thresholds.
2026-10-03 15:06:46,919 [INFO]  -> [CEATLTD.NS] Bypassed status. Failed strict quantitative thresholds.
2026-10-03 15:06:47,753 [INFO]  -> [CENTURYPLY.NS] Bypassed status. Failed strict quantitative thresholds.
2026-10-03 15:06:48,585 [INFO]  -> [CERA.NS] Bypassed status. Failed strict quantitative thresholds.
2026-10-03 15:06:49,446 [INFO]  -> [CGPOWER.NS] Bypassed status. Failed strict quantitative thresholds.
2026-10-03 15:06:50,292 [INFO]  -> [CHAMBLFERT.NS] Bypassed status. Failed strict quantitative thresholds.
2026-10-03 15:06:51,097 [INFO]  -> [CHEMPLASTS.NS] Bypassed status. Failed strict quantitative thresholds.
2026-10-03 15:06:51,953 [INFO]  -> [CIPLA.NS] Bypassed status. Failed strict quantitative thresholds.
2026-10-03 15:06:52,822 [INFO]  -> [CLEAN.NS] Bypassed status. Failed strict quantitative thresholds.
2026-10-03 15:06:53,650 [INFO]  -> [COALINDIA.NS] Bypassed status. Failed strict quantitative thresholds.
2026-10-03 15:06:54,463 [INFO]  -> [COCHINSHIP.NS] Bypassed status. Failed strict quantitative thresholds.
2026-10-03 15:06:55,332 [INFO]  -> [COLPAL.NS] Bypassed status. Failed strict quantitative thresholds.
2026-10-03 15:06:56,174 [INFO]  -> [CONCOR.NS] Bypassed status. Failed strict quantitative thresholds.
2026-10-03 15:06:57,036 [INFO]  -> [COSMOFIRST.NS] Bypassed status. Failed strict quantitative thresholds.
2026-10-03 15:06:57,848 [INFO]  -> [CROMPTON.NS] Bypassed status. Failed strict quantitative thresholds.
2026-10-03 15:06:58,699 [INFO]  -> [CYIENT.NS] Bypassed status. Failed strict quantitative thresholds.
2026-10-03 15:06:59,561 [INFO]  -> [DABUR.NS] Bypassed status. Failed strict quantitative thresholds.
2026-10-03 15:07:00,380 [INFO]  -> [DALBHARAT.NS] Bypassed status. Failed strict quantitative thresholds.
2026-10-03 15:07:01,224 [INFO]  -> [DCMSHRIRAM.NS] Bypassed status. Failed strict quantitative thresholds.
2026-10-03 15:07:02,125 [INFO]  -> [DEEPAKFERT.NS] Golden Rule Satisfied but alert is on cooldown (already alerted within the last 24 trading days). Skipping Telegram send.
2026-10-03 15:07:02,453 [INFO]  -> [DEEPAKNTR.NS] Bypassed status. Failed strict quantitative thresholds.
2026-10-03 15:07:03,244 [INFO]  -> [DELHIVERY.NS] Bypassed status. Failed strict quantitative thresholds.
2026-10-03 15:07:04,119 [INFO]  -> [DHANUKA.NS] Bypassed status. Failed strict quantitative thresholds.
2026-10-03 15:07:04,958 [INFO]  -> [DIVISLAB.NS] Bypassed status. Failed strict quantitative thresholds.
2026-10-03 15:07:05,802 [INFO]  -> [DLF.NS] Bypassed status. Failed strict quantitative thresholds.
2026-10-03 15:07:06,681 [INFO]  -> [DMART.NS] Bypassed status. Failed strict quantitative thresholds.
2026-10-03 15:07:07,493 [INFO]  -> [DOLLAR.NS] Bypassed status. Failed strict quantitative thresholds.
2026-10-03 15:07:08,391 [INFO]  -> [DRREDDY.NS] Bypassed status. Failed strict quantitative thresholds.
2026-10-03 15:07:09,204 [INFO]  -> [DYCL.NS] Bypassed status. Failed strict quantitative thresholds.
2026-10-03 15:07:10,046 [INFO]  -> [ECLERX.NS] Bypassed status. Failed strict quantitative thresholds.
2026-10-03 15:07:10,900 [INFO]  -> [EICHERMOT.NS] Bypassed status. Failed strict quantitative thresholds.
2026-10-03 15:07:11,777 [INFO]  -> [EIDPARRY.NS] Bypassed status. Failed strict quantitative thresholds.
2026-10-03 15:07:12,619 [INFO]  -> [EKC.NS] Bypassed status. Failed strict quantitative thresholds.
2026-10-03 15:07:13,543 [INFO]  -> [ELGIEQUIP.NS] Bypassed status. Failed strict quantitative thresholds.
2026-10-03 15:07:14,378 [INFO]  -> [EMAMILTD.NS] Bypassed status. Failed strict quantitative thresholds.
2026-10-03 15:07:15,204 [INFO]  -> [EMUDHRA.NS] Bypassed status. Failed strict quantitative thresholds.
2026-10-03 15:07:16,052 [INFO]  -> [ENDURANCE.NS] Bypassed status. Failed strict quantitative thresholds.
2026-10-03 15:07:16,908 [INFO]  -> [EPL.NS] Bypassed status. Failed strict quantitative thresholds.
2026-10-03 15:07:17,816 [INFO]  -> [FDC.NS] Bypassed status. Failed strict quantitative thresholds.
2026-10-03 15:07:18,659 [INFO]  -> [FINCABLES.NS] Bypassed status. Failed strict quantitative thresholds.
2026-10-03 15:07:19,479 [INFO]  -> [FINEORG.NS] Bypassed status. Failed strict quantitative thresholds.
2026-10-03 15:07:20,331 [INFO]  -> [FINPIPE.NS] Bypassed status. Failed strict quantitative thresholds.
2026-10-03 15:07:21,136 [INFO]  -> [FLUOROCHEM.NS] Bypassed status. Failed strict quantitative thresholds.
2026-10-03 15:07:21,978 [INFO]  -> [FMGOETZE.NS] Bypassed status. Failed strict quantitative thresholds.
2026-10-03 15:07:22,783 [INFO]  -> [FORTIS.NS] Bypassed status. Failed strict quantitative thresholds.
2026-10-03 15:07:23,620 [INFO]  -> [GABRIEL.NS] Golden Rule Satisfied but alert is on cooldown (already alerted within the last 24 trading days). Skipping Telegram send.
2026-10-03 15:07:23,960 [INFO]  -> [GAEL.NS] Bypassed status. Failed strict quantitative thresholds.
2026-10-03 15:07:24,832 [INFO]  -> [GAIL.NS] Bypassed status. Failed strict quantitative thresholds.
2026-10-03 15:07:25,677 [INFO]  -> [GALAXYSURF.NS] Bypassed status. Failed strict quantitative thresholds.
2026-10-03 15:07:26,587 [INFO]  -> [GANECOS.NS] Bypassed status. Failed strict quantitative thresholds.
2026-10-03 15:07:27,443 [INFO]  -> [GARFIBRES.NS] Bypassed status. Failed strict quantitative thresholds.
2026-10-03 15:07:28,342 [INFO]  -> [GENESYS.NS] Bypassed status. Failed strict quantitative thresholds.
2026-10-03 15:07:29,137 [INFO]  -> [GHCLTEXTIL.NS] Bypassed status. Failed strict quantitative thresholds.
2026-10-03 15:07:30,013 [INFO]  -> [GLAND.NS] Bypassed status. Failed strict quantitative thresholds.
2026-10-03 15:07:30,866 [INFO]  -> [GLENMARK.NS] Bypassed status. Failed strict quantitative thresholds.
2026-10-03 15:07:31,695 [INFO]  -> [GMMPFAUDLR.NS] Bypassed status. Failed strict quantitative thresholds.
2026-10-03 15:07:32,526 [INFO]  -> [GODREJAGRO.NS] Bypassed status. Failed strict quantitative thresholds.
2026-10-03 15:07:33,382 [INFO]  -> [GODREJCP.NS] Bypassed status. Failed strict quantitative thresholds.
2026-10-03 15:07:34,187 [INFO]  -> [GOKULAGRO.NS] Bypassed status. Failed strict quantitative thresholds.
2026-10-03 15:07:35,015 [INFO]  -> [GOODLUCK.NS] Bypassed status. Failed strict quantitative thresholds.
2026-10-03 15:07:35,833 [INFO]  -> [GPPL.NS] Bypassed status. Failed strict quantitative thresholds.
2026-10-03 15:07:36,728 [INFO]  -> [GRANULES.NS] Bypassed status. Failed strict quantitative thresholds.
2026-10-03 15:07:37,568 [INFO]  -> [GRAPHITE.NS] Bypassed status. Failed strict quantitative thresholds.
2026-10-03 15:07:38,373 [INFO]  -> [GREENPANEL.NS] Bypassed status. Failed strict quantitative thresholds.
2026-10-03 15:07:39,191 [INFO]  -> [GRINDWELL.NS] Bypassed status. Failed strict quantitative thresholds.
2026-10-03 15:07:39,992 [INFO]  -> [GRWRHITECH.NS] Bypassed status. Failed strict quantitative thresholds.
2026-10-03 15:07:40,819 [WARNING] [GSPL.NS] Historical price fetch failed: EmptyDataError: 
[Empty] -> No results found. Try adjusting the query parameters.. Falling back to cached/fail-safe data — price will NOT advance this run.
2026-10-03 15:07:41,233 [INFO]  -> [GUJALKALI.NS] Bypassed status. Failed strict quantitative thresholds.
2026-10-03 15:07:41,784 [INFO]  -> [GUJGASLTD.NS] Bypassed status. Failed strict quantitative thresholds.
2026-10-03 15:07:42,628 [INFO]  -> [GVT&D.NS] Bypassed status. Failed strict quantitative thresholds.
2026-10-03 15:07:43,430 [INFO]  -> [HARDWYN.NS] Bypassed status. Failed strict quantitative thresholds.
2026-10-03 15:07:44,279 [INFO]  -> [HAVELLS.NS] Bypassed status. Failed strict quantitative thresholds.
2026-10-03 15:07:45,136 [INFO]  -> [HEG.NS] Bypassed status. Failed strict quantitative thresholds.
2026-10-03 15:07:45,955 [INFO]  -> [HERANBA.NS] Bypassed status. Failed strict quantitative thresholds.
2026-10-03 15:07:46,810 [INFO]  -> [HEROMOTOCO.NS] Bypassed status. Failed strict quantitative thresholds.
2026-10-03 15:07:47,639 [INFO]  -> [HFCL.NS] Bypassed status. Failed strict quantitative thresholds.
2026-10-03 15:07:48,494 [INFO]  -> [HIKAL.NS] Bypassed status. Failed strict quantitative thresholds.
2026-10-03 15:07:49,359 [INFO]  -> [HINDALCO.NS] Golden Rule Satisfied but alert is on cooldown (already alerted within the last 24 trading days). Skipping Telegram send.
2026-10-03 15:07:49,704 [INFO]  -> [HINDCOPPER.NS] Bypassed status. Failed strict quantitative thresholds.
2026-10-03 15:07:50,633 [INFO]  -> [HINDPETRO.NS] Bypassed status. Failed strict quantitative thresholds.
2026-10-03 15:07:51,566 [INFO]  -> [HINDUNILVR.NS] Bypassed status. Failed strict quantitative thresholds.
2026-10-03 15:07:52,366 [INFO]  -> [HLEGLAS.NS] Bypassed status. Failed strict quantitative thresholds.
2026-10-03 15:07:52,922 [INFO]  -> [IBREALEST.NS] Bypassed status. Failed strict quantitative thresholds.
2026-10-03 15:07:53,727 [INFO]  -> [IFBIND.NS] Bypassed status. Failed strict quantitative thresholds.
2026-10-03 15:07:55,046 [INFO]  -> [IGL.NS] Bypassed status. Failed strict quantitative thresholds.
2026-10-03 15:07:55,859 [INFO]  -> [INDIGOPNTS.NS] Bypassed status. Failed strict quantitative thresholds.
2026-10-03 15:07:56,704 [INFO]  -> [INDNIPPON.NS] Bypassed status. Failed strict quantitative thresholds.
2026-10-03 15:07:57,548 [INFO]  -> [INDOCO.NS] Bypassed status. Failed strict quantitative thresholds.
2026-10-03 15:07:58,384 [INFO]  -> [INDUSTOWER.NS] Bypassed status. Failed strict quantitative thresholds.
2026-10-03 15:07:59,317 [INFO]  -> [INNOVACAP.NS] Bypassed status. Failed strict quantitative thresholds.
2026-10-03 15:08:00,191 [INFO]  -> [IOC.NS] Bypassed status. Failed strict quantitative thresholds.
2026-10-03 15:08:01,152 [INFO]  -> [IPCALAB.NS] Bypassed status. Failed strict quantitative thresholds.
2026-10-03 15:08:01,968 [INFO]  -> [IPL.NS] Bypassed status. Failed strict quantitative thresholds.
2026-10-03 15:08:02,862 [INFO]  -> [ISGEC.NS] Bypassed status. Failed strict quantitative thresholds.
2026-10-03 15:08:04,070 [INFO]  -> [ITI.NS] Bypassed status. Failed strict quantitative thresholds.
2026-10-03 15:08:04,902 [INFO]  -> [JAMNAAUTO.NS] Bypassed status. Failed strict quantitative thresholds.
2026-10-03 15:08:05,666 [WARNING] [JBCHEPHARM.NS] Historical price fetch failed: EmptyDataError: 
[Empty] -> No results found. Try adjusting the query parameters.. Falling back to cached/fail-safe data — price will NOT advance this run.
2026-10-03 15:08:06,015 [INFO]  -> [JINDALSAW.NS] Bypassed status. Failed strict quantitative thresholds.
2026-10-03 15:08:06,890 [INFO]  -> [JINDALSTEL.NS] Golden Rule Satisfied but alert is on cooldown (already alerted within the last 24 trading days). Skipping Telegram send.
2026-10-03 15:08:07,257 [INFO]  -> [JKIL.NS] Bypassed status. Failed strict quantitative thresholds.
2026-10-03 15:08:08,100 [INFO]  -> [JKLAKSHMI.NS] Bypassed status. Failed strict quantitative thresholds.
2026-10-03 15:08:09,013 [INFO]  -> [JSL.NS] Bypassed status. Failed strict quantitative thresholds.
2026-10-03 15:08:09,841 [INFO]  -> [JSWENERGY.NS] Bypassed status. Failed strict quantitative thresholds.
2026-10-03 15:08:10,648 [INFO]  -> [JUBLINGREA.NS] Bypassed status. Failed strict quantitative thresholds.
2026-10-03 15:08:11,493 [INFO]  -> [JUBLPHARMA.NS] Bypassed status. Failed strict quantitative thresholds.
2026-10-03 15:08:12,328 [INFO]  -> [KAJARIACER.NS] Bypassed status. Failed strict quantitative thresholds.
2026-10-03 15:08:12,883 [INFO]  -> [KALPATPOWR.NS] Bypassed status. Failed strict quantitative thresholds.
2026-10-03 15:08:13,723 [INFO]  -> [KANSAINER.NS] Bypassed status. Failed strict quantitative thresholds.
2026-10-03 15:08:14,620 [INFO]  -> [KEI.NS] Bypassed status. Failed strict quantitative thresholds.
2026-10-03 15:08:15,175 [INFO]  -> [KEPL.NS] Bypassed status. Failed strict quantitative thresholds.
2026-10-03 15:08:15,970 [INFO]  -> [KIMS.NS] Bypassed status. Failed strict quantitative thresholds.
2026-10-03 15:08:16,793 [INFO]  -> [KIRLOSBROS.NS] Bypassed status. Failed strict quantitative thresholds.
2026-10-03 15:08:17,590 [INFO]  -> [KIRLPNU.NS] Bypassed status. Failed strict quantitative thresholds.
2026-10-03 15:08:18,442 [INFO]  -> [KPITTECH.NS] Bypassed status. Failed strict quantitative thresholds.
2026-10-03 15:08:19,289 [INFO]  -> [KPRMILL.NS] Bypassed status. Failed strict quantitative thresholds.
2026-10-03 15:08:20,134 [INFO]  -> [KRBL.NS] Bypassed status. Failed strict quantitative thresholds.
2026-10-03 15:08:21,024 [INFO]  -> [KRSNAA.NS] Bypassed status. Failed strict quantitative thresholds.
2026-10-03 15:08:21,844 [INFO]  -> [LALPATHLAB.NS] Bypassed status. Failed strict quantitative thresholds.
2026-10-03 15:08:22,663 [INFO]  -> [LAURUSLABS.NS] Bypassed status. Failed strict quantitative thresholds.
2026-10-03 15:08:23,967 [INFO]  -> [LGBBROSLTD.NS] Bypassed status. Failed strict quantitative thresholds.
2026-10-03 15:08:24,789 [INFO]  -> [LIKHITHA.NS] Bypassed status. Failed strict quantitative thresholds.
2026-10-03 15:08:25,621 [INFO]  -> [LINC.NS] Bypassed status. Failed strict quantitative thresholds.
2026-10-03 15:08:26,468 [INFO]  -> [LINDEINDIA.NS] Bypassed status. Failed strict quantitative thresholds.
2026-10-03 15:08:27,275 [INFO]  -> [LLOYDSENGG.NS] Bypassed status. Failed strict quantitative thresholds.
2026-10-03 15:08:28,105 [INFO]  -> [LODHA.NS] Bypassed status. Failed strict quantitative thresholds.
2026-10-03 15:08:28,937 [INFO]  -> [LUMAXTECH.NS] Golden Rule Satisfied but alert is on cooldown (already alerted within the last 24 trading days). Skipping Telegram send.
2026-10-03 15:08:29,296 [INFO]  -> [LUPIN.NS] Bypassed status. Failed strict quantitative thresholds.
2026-10-03 15:08:30,136 [INFO]  -> [LUXIND.NS] Bypassed status. Failed strict quantitative thresholds.
2026-10-03 15:08:30,951 [INFO]  -> [LXCHEM.NS] Bypassed status. Failed strict quantitative thresholds.
2026-10-03 15:08:31,777 [INFO]  -> [MAHLOG.NS] Golden Rule Satisfied but alert is on cooldown (already alerted within the last 24 trading days). Skipping Telegram send.
2026-10-03 15:08:32,085 [INFO]  -> [MANKIND.NS] Bypassed status. Failed strict quantitative thresholds.
2026-10-03 15:08:32,898 [INFO]  -> [MANYAVAR.NS] Bypassed status. Failed strict quantitative thresholds.
2026-10-03 15:08:33,755 [INFO]  -> [MARICO.NS] Bypassed status. Failed strict quantitative thresholds.
2026-10-03 15:08:34,565 [INFO]  -> [MARINE.NS] Golden Rule Satisfied but alert is on cooldown (already alerted within the last 24 trading days). Skipping Telegram send.
2026-10-03 15:08:34,845 [WARNING] [MARKSANS.NS] Historical price fetch failed: EmptyDataError: 
[Empty] -> No results found. Try adjusting the query parameters.. Falling back to cached/fail-safe data — price will NOT advance this run.
2026-10-03 15:08:34,886 [INFO]  -> [MARKSANS.NS] Golden Rule Satisfied but alert is on cooldown (already alerted within the last 24 trading days). Skipping Telegram send.
2026-10-03 15:08:35,222 [INFO]  -> [MARUTI.NS] Bypassed status. Failed strict quantitative thresholds.
2026-10-03 15:08:36,027 [INFO]  -> [MAXHEALTH.NS] Bypassed status. Failed strict quantitative thresholds.
2026-10-03 15:08:36,861 [INFO]  -> [MEDANTA.NS] Bypassed status. Failed strict quantitative thresholds.
2026-10-03 15:08:37,680 [INFO]  -> [MEDPLUS.NS] Bypassed status. Failed strict quantitative thresholds.
2026-10-03 15:08:38,559 [INFO]  -> [METROBRAND.NS] Bypassed status. Failed strict quantitative thresholds.
2026-10-03 15:08:39,388 [INFO]  -> [METROPOLIS.NS] Bypassed status. Failed strict quantitative thresholds.
2026-10-03 15:08:40,285 [INFO]  -> [MGL.NS] Bypassed status. Failed strict quantitative thresholds.
2026-10-03 15:08:41,118 [INFO]  -> [MINDACORP.NS] Bypassed status. Failed strict quantitative thresholds.
2026-10-03 15:08:41,977 [INFO]  -> [MMTC.NS] Bypassed status. Failed strict quantitative thresholds.
2026-10-03 15:08:42,807 [INFO]  -> [MOIL.NS] Bypassed status. Failed strict quantitative thresholds.
2026-10-03 15:08:43,627 [INFO]  -> [MONTECARLO.NS] Bypassed status. Failed strict quantitative thresholds.
2026-10-03 15:08:44,500 [INFO]  -> [MOTHERSON.NS] Bypassed status. Failed strict quantitative thresholds.
2026-10-03 15:08:45,321 [INFO]  -> [MSUMI.NS] Bypassed status. Failed strict quantitative thresholds.
2026-10-03 15:08:46,170 [INFO]  -> [NATCOPHARM.NS] Bypassed status. Failed strict quantitative thresholds.
2026-10-03 15:08:47,009 [INFO]  -> [NATIONALUM.NS] Bypassed status. Failed strict quantitative thresholds.
2026-10-03 15:08:47,882 [INFO]  -> [NAZARA.NS] Bypassed status. Failed strict quantitative thresholds.
2026-10-03 15:08:48,743 [INFO]  -> [NOCIL.NS] Bypassed status. Failed strict quantitative thresholds.
2026-10-03 15:08:49,603 [INFO]  -> [NRBBEARING.NS] Bypassed status. Failed strict quantitative thresholds.
2026-10-03 15:08:50,807 [INFO]  -> [NUVOCO.NS] Bypassed status. Failed strict quantitative thresholds.
2026-10-03 15:08:51,620 [INFO]  -> [NYKAA.NS] Bypassed status. Failed strict quantitative thresholds.
2026-10-03 15:08:52,448 [INFO]  -> [OAL.NS] Bypassed status. Failed strict quantitative thresholds.
2026-10-03 15:08:53,304 [INFO]  -> [OBEROIRLTY.NS] Bypassed status. Failed strict quantitative thresholds.
2026-10-03 15:08:54,212 [INFO]  -> [OIL.NS] Bypassed status. Failed strict quantitative thresholds.
2026-10-03 15:08:55,011 [WARNING] [OLECTRA.NS] Historical price fetch failed: EmptyDataError: 
[Empty] -> No results found. Try adjusting the query parameters.. Falling back to cached/fail-safe data — price will NOT advance this run.
2026-10-03 15:08:55,054 [INFO]  -> [OLECTRA.NS] Golden Rule Satisfied but alert is on cooldown (already alerted within the last 24 trading days). Skipping Telegram send.
2026-10-03 15:08:55,413 [INFO]  -> [ONGC.NS] Bypassed status. Failed strict quantitative thresholds.
2026-10-03 15:08:56,301 [INFO]  -> [ORIENTELEC.NS] Bypassed status. Failed strict quantitative thresholds.
2026-10-03 15:08:57,172 [INFO]  -> [PAGEIND.NS] Bypassed status. Failed strict quantitative thresholds.
2026-10-03 15:08:58,034 [INFO]  -> [PCBL.NS] Bypassed status. Failed strict quantitative thresholds.
2026-10-03 15:08:58,954 [INFO]  -> [PDMJEPAPER.NS] Bypassed status. Failed strict quantitative thresholds.
2026-10-03 15:08:59,779 [INFO]  -> [PDSL.NS] Bypassed status. Failed strict quantitative thresholds.
2026-10-03 15:09:00,629 [INFO]  -> [PERSISTENT.NS] Bypassed status. Failed strict quantitative thresholds.
2026-10-03 15:09:01,563 [INFO]  -> [PFIZER.NS] Bypassed status. Failed strict quantitative thresholds.
2026-10-03 15:09:02,474 [INFO]  -> [PGHH.NS] Bypassed status. Failed strict quantitative thresholds.
2026-10-03 15:09:03,343 [INFO]  -> [PGHL.NS] Bypassed status. Failed strict quantitative thresholds.
2026-10-03 15:09:04,532 [WARNING] [PHOENIXLTD.NS] Historical price fetch failed: EmptyDataError: 
[Empty] -> No results found. Try adjusting the query parameters.. Falling back to cached/fail-safe data — price will NOT advance this run.
2026-10-03 15:09:04,577 [INFO]  -> [PHOENIXLTD.NS] Golden Rule Satisfied but alert is on cooldown (already alerted within the last 24 trading days). Skipping Telegram send.
2026-10-03 15:09:05,394 [INFO]  -> [PIDILITIND.NS] Bypassed status. Failed strict quantitative thresholds.
2026-10-03 15:09:06,273 [INFO]  -> [PIIND.NS] Bypassed status. Failed strict quantitative thresholds.
2026-10-03 15:09:07,096 [INFO]  -> [PIXTRANS.NS] Bypassed status. Failed strict quantitative thresholds.
2026-10-03 15:09:07,927 [INFO]  -> [PNCINFRA.NS] Bypassed status. Failed strict quantitative thresholds.
2026-10-03 15:09:08,770 [INFO]  -> [POCL.NS] Bypassed status. Failed strict quantitative thresholds.
2026-10-03 15:09:09,669 [INFO]  -> [POKARNA.NS] Bypassed status. Failed strict quantitative thresholds.
2026-10-03 15:09:10,892 [INFO]  -> [POLYCAB.NS] Bypassed status. Failed strict quantitative thresholds.
2026-10-03 15:09:11,730 [INFO]  -> [POLYMED.NS] Bypassed status. Failed strict quantitative thresholds.
2026-10-03 15:09:12,582 [INFO]  -> [POLYPLEX.NS] Bypassed status. Failed strict quantitative thresholds.
2026-10-03 15:09:13,425 [INFO]  -> [POWERINDIA.NS] Bypassed status. Failed strict quantitative thresholds.
2026-10-03 15:09:14,225 [INFO]  -> [PPLPHARMA.NS] Bypassed status. Failed strict quantitative thresholds.
2026-10-03 15:09:15,081 [INFO]  -> [PRESTIGE.NS] Bypassed status. Failed strict quantitative thresholds.
2026-10-03 15:09:15,934 [INFO]  -> [PRINCEPIPE.NS] Bypassed status. Failed strict quantitative thresholds.
2026-10-03 15:09:16,766 [INFO]  -> [QUESS.NS] Bypassed status. Failed strict quantitative thresholds.
2026-10-03 15:09:17,589 [INFO]  -> [RAILTEL.NS] Bypassed status. Failed strict quantitative thresholds.
2026-10-03 15:09:18,426 [INFO]  -> [RAJESHEXPO.NS] Bypassed status. Failed strict quantitative thresholds.
2026-10-03 15:09:19,281 [INFO]  -> [RALLIS.NS] Bypassed status. Failed strict quantitative thresholds.
2026-10-03 15:09:20,144 [INFO]  -> [RAMCOCEM.NS] Bypassed status. Failed strict quantitative thresholds.
2026-10-03 15:09:21,001 [INFO]  -> [RATNAMANI.NS] Bypassed status. Failed strict quantitative thresholds.
2026-10-03 15:09:21,806 [INFO]  -> [RBA.NS] Bypassed status. Failed strict quantitative thresholds.
2026-10-03 15:09:22,647 [INFO]  -> [RCF.NS] Bypassed status. Failed strict quantitative thresholds.
2026-10-03 15:09:23,562 [INFO]  -> [REDINGTON.NS] Bypassed status. Failed strict quantitative thresholds.
2026-10-03 15:09:24,458 [INFO]  -> [RELAXO.NS] Bypassed status. Failed strict quantitative thresholds.
2026-10-03 15:09:25,316 [INFO]  -> [RELIANCE.NS] Bypassed status. Failed strict quantitative thresholds.
2026-10-03 15:09:26,161 [INFO]  -> [RELINFRA.NS] Bypassed status. Failed strict quantitative thresholds.
2026-10-03 15:09:27,469 [INFO]  -> [RESPONIND.NS] Bypassed status. Failed strict quantitative thresholds.
2026-10-03 15:09:28,297 [INFO]  -> [RHIM.NS] Bypassed status. Failed strict quantitative thresholds.
2026-10-03 15:09:29,148 [INFO]  -> [ROSSARI.NS] Bypassed status. Failed strict quantitative thresholds.
2026-10-03 15:09:30,030 [INFO]  -> [ROUTE.NS] Bypassed status. Failed strict quantitative thresholds.
2026-10-03 15:09:30,898 [INFO]  -> [SAIL.NS] Bypassed status. Failed strict quantitative thresholds.
2026-10-03 15:09:31,781 [INFO]  -> [SANDHAR.NS] Bypassed status. Failed strict quantitative thresholds.
2026-10-03 15:09:32,678 [INFO]  -> [SANOFI.NS] Bypassed status. Failed strict quantitative thresholds.
2026-10-03 15:09:33,574 [INFO]  -> [SCHAEFFLER.NS] Bypassed status. Failed strict quantitative thresholds.
2026-10-03 15:09:34,411 [INFO]  -> [SCI.NS] Bypassed status. Failed strict quantitative thresholds.
2026-10-03 15:09:35,291 [INFO]  -> [SFL.NS] Bypassed status. Failed strict quantitative thresholds.
2026-10-03 15:09:36,122 [INFO]  -> [SHAKTIPUMP.NS] Bypassed status. Failed strict quantitative thresholds.
2026-10-03 15:09:36,968 [INFO]  -> [SHANTIGEAR.NS] Bypassed status. Failed strict quantitative thresholds.
2026-10-03 15:09:37,789 [INFO]  -> [SHARDACROP.NS] Bypassed status. Failed strict quantitative thresholds.
2026-10-03 15:09:38,632 [INFO]  -> [SHILPAMED.NS] Bypassed status. Failed strict quantitative thresholds.
2026-10-03 15:09:39,455 [INFO]  -> [SHYAMMETL.NS] Bypassed status. Failed strict quantitative thresholds.
2026-10-03 15:09:40,305 [INFO]  -> [SIEMENS.NS] Bypassed status. Failed strict quantitative thresholds.
2026-10-03 15:09:41,208 [INFO]  -> [SIS.NS] Bypassed status. Failed strict quantitative thresholds.
2026-10-03 15:09:42,046 [INFO]  -> [SJVN.NS] Bypassed status. Failed strict quantitative thresholds.
2026-10-03 15:09:42,902 [INFO]  -> [SKFINDIA.NS] Bypassed status. Failed strict quantitative thresholds.
2026-10-03 15:09:44,166 [INFO]  -> [SKIPPER.NS] Bypassed status. Failed strict quantitative thresholds.
2026-10-03 15:09:45,002 [INFO]  -> [SOBHA.NS] Bypassed status. Failed strict quantitative thresholds.
2026-10-03 15:09:45,834 [INFO]  -> [SOLARINDS.NS] Bypassed status. Failed strict quantitative thresholds.
2026-10-03 15:09:46,586 [WARNING] [SONACOMS.NS] Historical price fetch failed: EmptyDataError: 
[Empty] -> No results found. Try adjusting the query parameters.. Falling back to cached/fail-safe data — price will NOT advance this run.
2026-10-03 15:09:46,626 [INFO]  -> [SONACOMS.NS] Bypassed status. Failed strict quantitative thresholds.
2026-10-03 15:09:47,442 [WARNING] [SPARC.NS] Historical price fetch failed: EmptyDataError: 
[Empty] -> No results found. Try adjusting the query parameters.. Falling back to cached/fail-safe data — price will NOT advance this run.
2026-10-03 15:09:47,483 [INFO]  -> [SPARC.NS] Bypassed status. Failed strict quantitative thresholds.
2026-10-03 15:09:48,320 [INFO]  -> [SRF.NS] Bypassed status. Failed strict quantitative thresholds.
2026-10-03 15:09:49,075 [WARNING] [STYLAMIND.NS] Historical price fetch failed: EmptyDataError: 
[Empty] -> No results found. Try adjusting the query parameters.. Falling back to cached/fail-safe data — price will NOT advance this run.
2026-10-03 15:09:49,114 [INFO]  -> [STYLAMIND.NS] Golden Rule Satisfied but alert is on cooldown (already alerted within the last 24 trading days). Skipping Telegram send.
2026-10-03 15:09:49,456 [INFO]  -> [SUBROS.NS] Bypassed status. Failed strict quantitative thresholds.
2026-10-03 15:09:50,313 [INFO]  -> [SUDARSCHEM.NS] Bypassed status. Failed strict quantitative thresholds.
2026-10-03 15:09:51,522 [INFO]  -> [SUMICHEM.NS] Bypassed status. Failed strict quantitative thresholds.
2026-10-03 15:09:52,425 [INFO]  -> [SUNDRMFAST.NS] Bypassed status. Failed strict quantitative thresholds.
2026-10-03 15:09:53,359 [INFO]  -> [SUNPHARMA.NS] Bypassed status. Failed strict quantitative thresholds.
2026-10-03 15:09:54,251 [INFO]  -> [SUNTECK.NS] Bypassed status. Failed strict quantitative thresholds.
2026-10-03 15:09:55,114 [INFO]  -> [SUPRAJIT.NS] Bypassed status. Failed strict quantitative thresholds.
2026-10-03 15:09:55,963 [INFO]  -> [SUPREMEIND.NS] Bypassed status. Failed strict quantitative thresholds.
2026-10-03 15:09:56,776 [INFO]  -> [SUPRIYA.NS] Bypassed status. Failed strict quantitative thresholds.
2026-10-03 15:09:58,080 [INFO]  -> [SYMPHONY.NS] Bypassed status. Failed strict quantitative thresholds.
2026-10-03 15:09:58,912 [INFO]  -> [SYNGENE.NS] Bypassed status. Failed strict quantitative thresholds.
2026-10-03 15:10:00,149 [INFO]  -> [TARIL.NS] Bypassed status. Failed strict quantitative thresholds.
2026-10-03 15:10:01,064 [INFO]  -> [TATACHEM.NS] Bypassed status. Failed strict quantitative thresholds.
2026-10-03 15:10:02,395 [INFO]  -> [TATACONSUM.NS] Bypassed status. Failed strict quantitative thresholds.
2026-10-03 15:10:03,339 [INFO]  -> [TATASTEEL.NS] Golden Rule Satisfied... Dispatching alerts...
2026-10-03 15:10:04,016 [INFO]  ✓ Telegram text alert delivered successfully via bot for TATASTEEL!
2026-10-03 15:10:08,943 [INFO]  ✓ Telegram visual card delivered successfully to phone for TATASTEEL!
2026-10-03 15:10:09,854 [INFO]  -> [TCI.NS] Bypassed status. Failed strict quantitative thresholds.
2026-10-03 15:10:10,677 [INFO]  -> [TCIEXP.NS] Bypassed status. Failed strict quantitative thresholds.
2026-10-03 15:10:11,491 [INFO]  -> [TEJASNET.NS] Bypassed status. Failed strict quantitative thresholds.
2026-10-03 15:10:12,301 [WARNING] [TEXRAIL.NS] Historical price fetch failed: EmptyDataError: 
[Empty] -> No results found. Try adjusting the query parameters.. Falling back to cached/fail-safe data — price will NOT advance this run.
2026-10-03 15:10:12,341 [INFO]  -> [TEXRAIL.NS] Golden Rule Satisfied but alert is on cooldown (already alerted within the last 24 trading days). Skipping Telegram send.
2026-10-03 15:10:12,673 [INFO]  -> [THERMAX.NS] Bypassed status. Failed strict quantitative thresholds.
2026-10-03 15:10:13,496 [INFO]  -> [THYROCARE.NS] Bypassed status. Failed strict quantitative thresholds.
2026-10-03 15:10:14,318 [INFO]  -> [TIINDIA.NS] Bypassed status. Failed strict quantitative thresholds.
2026-10-03 15:10:15,146 [INFO]  -> [TIMETECHNO.NS] Bypassed status. Failed strict quantitative thresholds.
2026-10-03 15:10:16,404 [INFO]  -> [TIMKEN.NS] Bypassed status. Failed strict quantitative thresholds.
2026-10-03 15:10:17,241 [INFO]  -> [TRIDENT.NS] Bypassed status. Failed strict quantitative thresholds.
2026-10-03 15:10:18,056 [INFO]  -> [TRITURBINE.NS] Bypassed status. Failed strict quantitative thresholds.
2026-10-03 15:10:18,929 [INFO]  -> [TTKPRESTIG.NS] Bypassed status. Failed strict quantitative thresholds.
2026-10-03 15:10:19,868 [INFO]  -> [UNICHEMLAB.NS] Golden Rule Satisfied but alert is on cooldown (already alerted within the last 24 trading days). Skipping Telegram send.
2026-10-03 15:10:20,608 [INFO]  -> [UNOMINDA.NS] Bypassed status. Failed strict quantitative thresholds.
2026-10-03 15:10:21,440 [INFO]  -> [UPL.NS] Bypassed status. Failed strict quantitative thresholds.
2026-10-03 15:10:22,284 [INFO]  -> [VAIBHAVGBL.NS] Bypassed status. Failed strict quantitative thresholds.
2026-10-03 15:10:23,126 [INFO]  -> [VARROC.NS] Bypassed status. Failed strict quantitative thresholds.
2026-10-03 15:10:23,941 [INFO]  -> [VBL.NS] Bypassed status. Failed strict quantitative thresholds.
2026-10-03 15:10:24,872 [INFO]  -> [VEDL.NS] Bypassed status. Failed strict quantitative thresholds.
2026-10-03 15:10:25,710 [INFO]  -> [VGUARD.NS] Bypassed status. Failed strict quantitative thresholds.
2026-10-03 15:10:26,532 [INFO]  -> [VIJAYA.NS] Golden Rule Satisfied but alert is on cooldown (already alerted within the last 24 trading days). Skipping Telegram send.
2026-10-03 15:10:26,860 [INFO]  -> [VINATIORGA.NS] Bypassed status. Failed strict quantitative thresholds.
2026-10-03 15:10:27,703 [INFO]  -> [VIPIND.NS] Bypassed status. Failed strict quantitative thresholds.
2026-10-03 15:10:28,544 [INFO]  -> [VMART.NS] Bypassed status. Failed strict quantitative thresholds.
2026-10-03 15:10:29,397 [INFO]  -> [VOLTAS.NS] Bypassed status. Failed strict quantitative thresholds.
2026-10-03 15:10:30,269 [INFO]  -> [VTL.NS] Bypassed status. Failed strict quantitative thresholds.
2026-10-03 15:10:31,113 [INFO]  -> [WELCORP.NS] Bypassed status. Failed strict quantitative thresholds.
2026-10-03 15:10:32,021 [INFO]  -> [WELSPUNLIV.NS] Bypassed status. Failed strict quantitative thresholds.
2026-10-03 15:10:32,840 [INFO]  -> [WHIRLPOOL.NS] Bypassed status. Failed strict quantitative thresholds.
2026-10-03 15:10:33,743 [INFO]  -> [WOCKPHARMA.NS] Bypassed status. Failed strict quantitative thresholds.
2026-10-03 15:10:34,554 [INFO]  -> [YUKEN.NS] Bypassed status. Failed strict quantitative thresholds.
2026-10-03 15:10:35,414 [INFO]  -> [ZFCVINDIA.NS] Bypassed status. Failed strict quantitative thresholds.
2026-10-03 15:10:36,280 [INFO]  -> [ZYDUSLIFE.NS] Bypassed status. Failed strict quantitative thresholds.
2026-10-03 15:10:37,120 [INFO]  -> [ZYDUSWELL.NS] Bypassed status. Failed strict quantitative thresholds.
2026-10-03 15:10:37,621 [INFO] [Complete] Quant script loops finished successfully. Overwriting metrics...
2026-10-03 15:10:43,669 [INFO] ✓ Central output matrix overwritten successfully.
2026-10-05 17:51:40,647 [INFO] =================================================================
2026-10-05 17:51:40,647 [INFO] RUNNING CONSOLIDATED SYSTEM SCRIPTS
2026-10-05 17:51:40,647 [INFO] =================================================================
2026-10-05 17:51:41,055 [INFO]  -> [AARTIDRUGS.NS] Bypassed status. Failed strict quantitative thresholds.
2026-10-05 17:51:41,864 [INFO]  -> [ACE.NS] Bypassed status. Failed strict quantitative thresholds.
2026-10-05 17:51:42,587 [INFO]  -> [AFFLE.NS] Bypassed status. Failed strict quantitative thresholds.
2026-10-05 17:51:43,351 [INFO]  -> [AIAENG.NS] Bypassed status. Failed strict quantitative thresholds.
2026-10-05 17:51:44,101 [INFO]  -> [ALKYLAMINE.NS] Bypassed status. Failed strict quantitative thresholds.
2026-10-05 17:51:44,856 [INFO]  -> [ALLCARGO.NS] Bypassed status. Failed strict quantitative thresholds.
2026-10-05 17:51:45,618 [INFO]  -> [AMBER.NS] Bypassed status. Failed strict quantitative thresholds.
2026-10-05 17:51:46,470 [INFO]  -> [AMBUJACEM.NS] Bypassed status. Failed strict quantitative thresholds.
2026-10-05 17:51:47,225 [INFO]  -> [ANANTRAJ.NS] Bypassed status. Failed strict quantitative thresholds.
2026-10-05 17:51:47,951 [INFO]  -> [ANURAS.NS] Bypassed status. Failed strict quantitative thresholds.
2026-10-05 17:51:48,690 [INFO]  -> [APLAPOLLO.NS] Bypassed status. Failed strict quantitative thresholds.
2026-10-05 17:51:49,424 [INFO]  -> [APLLTD.NS] Bypassed status. Failed strict quantitative thresholds.
2026-10-05 17:51:50,156 [INFO]  -> [APOLLO.NS] Bypassed status. Failed strict quantitative thresholds.
2026-10-05 17:51:50,907 [INFO]  -> [APOLLOHOSP.NS] Bypassed status. Failed strict quantitative thresholds.
2026-10-05 17:51:51,672 [INFO]  -> [APOLLOTYRE.NS] Bypassed status. Failed strict quantitative thresholds.
2026-10-05 17:51:52,486 [INFO]  -> [ARE&M.NS] Bypassed status. Failed strict quantitative thresholds.
2026-10-05 17:51:53,220 [INFO]  -> [ARTEMISMED.NS] Bypassed status. Failed strict quantitative thresholds.
2026-10-05 17:51:54,000 [INFO]  -> [ASAHIINDIA.NS] Bypassed status. Failed strict quantitative thresholds.
2026-10-05 17:51:54,773 [INFO]  -> [ASIANENE.NS] Bypassed status. Failed strict quantitative thresholds.
2026-10-05 17:51:55,541 [INFO]  -> [ASIANPAINT.NS] Bypassed status. Failed strict quantitative thresholds.
2026-10-05 17:51:56,239 [INFO]  -> [ASKAUTOLTD.NS] Bypassed status. Failed strict quantitative thresholds.
2026-10-05 17:51:57,094 [INFO]  -> [ASTRAL.NS] Bypassed status. Failed strict quantitative thresholds.
2026-10-05 17:51:57,984 [INFO]  -> [ASTRAZEN.NS] Bypassed status. Failed strict quantitative thresholds.
2026-10-05 17:51:58,711 [INFO]  -> [ATGL.NS] Bypassed status. Failed strict quantitative thresholds.
2026-10-05 17:51:59,481 [INFO]  -> [ATUL.NS] Bypassed status. Failed strict quantitative thresholds.
2026-10-05 17:52:00,256 [INFO]  -> [AUROPHARMA.NS] Golden Rule Satisfied but alert is on cooldown (already alerted within the last 24 trading days). Skipping Telegram send.
2026-10-05 17:52:00,505 [INFO]  -> [AVANTIFEED.NS] Bypassed status. Failed strict quantitative thresholds.
2026-10-05 17:52:01,230 [INFO]  -> [AYMSYNTEX.NS] Bypassed status. Failed strict quantitative thresholds.
2026-10-05 17:52:01,969 [INFO]  -> [BAJAJELEC.NS] Bypassed status. Failed strict quantitative thresholds.
2026-10-05 17:52:02,698 [INFO]  -> [BAJAJHCARE.NS] Bypassed status. Failed strict quantitative thresholds.
2026-10-05 17:52:03,448 [INFO]  -> [BALKRISIND.NS] Bypassed status. Failed strict quantitative thresholds.
2026-10-05 17:52:04,256 [INFO]  -> [BASF.NS] Bypassed status. Failed strict quantitative thresholds.
2026-10-05 17:52:05,042 [INFO]  -> [BATAINDIA.NS] Bypassed status. Failed strict quantitative thresholds.
2026-10-05 17:52:05,781 [INFO]  -> [BAYERCROP.NS] Bypassed status. Failed strict quantitative thresholds.
2026-10-05 17:52:06,584 [INFO]  -> [BBTC.NS] Bypassed status. Failed strict quantitative thresholds.
2026-10-05 17:52:07,329 [INFO]  -> [BECTORFOOD.NS] Bypassed status. Failed strict quantitative thresholds.
2026-10-05 17:52:08,094 [INFO]  -> [BERGEPAINT.NS] Bypassed status. Failed strict quantitative thresholds.
2026-10-05 17:52:08,877 [INFO]  -> [BHARATRAS.NS] Bypassed status. Failed strict quantitative thresholds.
2026-10-05 17:52:09,591 [INFO]  -> [BIKAJI.NS] Bypassed status. Failed strict quantitative thresholds.
2026-10-05 17:52:10,358 [INFO]  -> [BIOCON.NS] Bypassed status. Failed strict quantitative thresholds.
2026-10-05 17:52:11,137 [INFO]  -> [BIRLACORPN.NS] Bypassed status. Failed strict quantitative thresholds.
2026-10-05 17:52:11,905 [INFO]  -> [BLUESTARCO.NS] Bypassed status. Failed strict quantitative thresholds.
2026-10-05 17:52:12,628 [INFO]  -> [BORORENEW.NS] Bypassed status. Failed strict quantitative thresholds.
2026-10-05 17:52:13,382 [INFO]  -> [BRIGADE.NS] Bypassed status. Failed strict quantitative thresholds.
2026-10-05 17:52:14,104 [INFO]  -> [CAMPUS.NS] Bypassed status. Failed strict quantitative thresholds.
2026-10-05 17:52:14,870 [INFO]  -> [CAPLIPOINT.NS] Bypassed status. Failed strict quantitative thresholds.
2026-10-05 17:52:15,695 [INFO]  -> [CARBORUNIV.NS] Bypassed status. Failed strict quantitative thresholds.
2026-10-05 17:52:16,455 [INFO]  -> [CCL.NS] Bypassed status. Failed strict quantitative thresholds.
2026-10-05 17:52:17,262 [INFO]  -> [CEATLTD.NS] Bypassed status. Failed strict quantitative thresholds.
2026-10-05 17:52:18,037 [INFO]  -> [CENTURYPLY.NS] Bypassed status. Failed strict quantitative thresholds.
2026-10-05 17:52:18,781 [INFO]  -> [CERA.NS] Bypassed status. Failed strict quantitative thresholds.
2026-10-05 17:52:19,545 [INFO]  -> [CGPOWER.NS] Bypassed status. Failed strict quantitative thresholds.
2026-10-05 17:52:20,312 [INFO]  -> [CHAMBLFERT.NS] Bypassed status. Failed strict quantitative thresholds.
2026-10-05 17:52:21,125 [INFO]  -> [CHEMPLASTS.NS] Bypassed status. Failed strict quantitative thresholds.
2026-10-05 17:52:21,896 [INFO]  -> [CIPLA.NS] Bypassed status. Failed strict quantitative thresholds.
2026-10-05 17:52:22,680 [INFO]  -> [CLEAN.NS] Bypassed status. Failed strict quantitative thresholds.
2026-10-05 17:52:23,425 [INFO]  -> [COALINDIA.NS] Bypassed status. Failed strict quantitative thresholds.
2026-10-05 17:52:24,158 [INFO]  -> [COCHINSHIP.NS] Bypassed status. Failed strict quantitative thresholds.
2026-10-05 17:52:24,910 [INFO]  -> [COLPAL.NS] Bypassed status. Failed strict quantitative thresholds.
2026-10-05 17:52:25,685 [INFO]  -> [CONCOR.NS] Bypassed status. Failed strict quantitative thresholds.
2026-10-05 17:52:26,447 [INFO]  -> [COSMOFIRST.NS] Bypassed status. Failed strict quantitative thresholds.
2026-10-05 17:52:27,240 [INFO]  -> [CROMPTON.NS] Bypassed status. Failed strict quantitative thresholds.
2026-10-05 17:52:27,988 [INFO]  -> [CYIENT.NS] Bypassed status. Failed strict quantitative thresholds.
2026-10-05 17:52:28,743 [INFO]  -> [DABUR.NS] Bypassed status. Failed strict quantitative thresholds.
2026-10-05 17:52:29,481 [INFO]  -> [DALBHARAT.NS] Bypassed status. Failed strict quantitative thresholds.
2026-10-05 17:52:30,328 [INFO]  -> [DCMSHRIRAM.NS] Bypassed status. Failed strict quantitative thresholds.
2026-10-05 17:52:31,089 [INFO]  -> [DEEPAKFERT.NS] Golden Rule Satisfied but alert is on cooldown (already alerted within the last 24 trading days). Skipping Telegram send.
2026-10-05 17:52:31,450 [INFO]  -> [DEEPAKNTR.NS] Bypassed status. Failed strict quantitative thresholds.
2026-10-05 17:52:32,158 [INFO]  -> [DELHIVERY.NS] Bypassed status. Failed strict quantitative thresholds.
2026-10-05 17:52:33,035 [INFO]  -> [DHANUKA.NS] Bypassed status. Failed strict quantitative thresholds.
2026-10-05 17:52:33,786 [INFO]  -> [DIVISLAB.NS] Bypassed status. Failed strict quantitative thresholds.
2026-10-05 17:52:34,539 [INFO]  -> [DLF.NS] Bypassed status. Failed strict quantitative thresholds.
2026-10-05 17:52:35,259 [INFO]  -> [DMART.NS] Bypassed status. Failed strict quantitative thresholds.
2026-10-05 17:52:35,996 [INFO]  -> [DOLLAR.NS] Bypassed status. Failed strict quantitative thresholds.
2026-10-05 17:52:36,825 [INFO]  -> [DRREDDY.NS] Bypassed status. Failed strict quantitative thresholds.
2026-10-05 17:52:37,601 [INFO]  -> [DYCL.NS] Bypassed status. Failed strict quantitative thresholds.
2026-10-05 17:52:38,365 [INFO]  -> [ECLERX.NS] Bypassed status. Failed strict quantitative thresholds.
2026-10-05 17:52:39,119 [INFO]  -> [EICHERMOT.NS] Bypassed status. Failed strict quantitative thresholds.
2026-10-05 17:52:39,923 [INFO]  -> [EIDPARRY.NS] Bypassed status. Failed strict quantitative thresholds.
2026-10-05 17:52:40,734 [INFO]  -> [EKC.NS] Bypassed status. Failed strict quantitative thresholds.
2026-10-05 17:52:41,541 [INFO]  -> [ELGIEQUIP.NS] Bypassed status. Failed strict quantitative thresholds.
2026-10-05 17:52:42,302 [INFO]  -> [EMAMILTD.NS] Bypassed status. Failed strict quantitative thresholds.
2026-10-05 17:52:43,022 [INFO]  -> [EMUDHRA.NS] Bypassed status. Failed strict quantitative thresholds.
2026-10-05 17:52:43,759 [INFO]  -> [ENDURANCE.NS] Bypassed status. Failed strict quantitative thresholds.
2026-10-05 17:52:44,519 [INFO]  -> [EPL.NS] Bypassed status. Failed strict quantitative thresholds.
2026-10-05 17:52:45,402 [INFO]  -> [FDC.NS] Bypassed status. Failed strict quantitative thresholds.
2026-10-05 17:52:46,180 [INFO]  -> [FINCABLES.NS] Bypassed status. Failed strict quantitative thresholds.
2026-10-05 17:52:46,989 [INFO]  -> [FINEORG.NS] Bypassed status. Failed strict quantitative thresholds.
2026-10-05 17:52:47,761 [INFO]  -> [FINPIPE.NS] Bypassed status. Failed strict quantitative thresholds.
2026-10-05 17:52:48,498 [INFO]  -> [FLUOROCHEM.NS] Bypassed status. Failed strict quantitative thresholds.
2026-10-05 17:52:49,273 [INFO]  -> [FMGOETZE.NS] Bypassed status. Failed strict quantitative thresholds.
2026-10-05 17:52:49,998 [INFO]  -> [FORTIS.NS] Bypassed status. Failed strict quantitative thresholds.
2026-10-05 17:52:50,760 [INFO]  -> [GABRIEL.NS] Golden Rule Satisfied but alert is on cooldown (already alerted within the last 24 trading days). Skipping Telegram send.
2026-10-05 17:52:51,028 [INFO]  -> [GAEL.NS] Bypassed status. Failed strict quantitative thresholds.
2026-10-05 17:52:51,810 [INFO]  -> [GAIL.NS] Bypassed status. Failed strict quantitative thresholds.
2026-10-05 17:52:52,549 [INFO]  -> [GALAXYSURF.NS] Bypassed status. Failed strict quantitative thresholds.
2026-10-05 17:52:53,336 [INFO]  -> [GANECOS.NS] Bypassed status. Failed strict quantitative thresholds.
2026-10-05 17:52:54,139 [INFO]  -> [GARFIBRES.NS] Bypassed status. Failed strict quantitative thresholds.
2026-10-05 17:52:54,892 [INFO]  -> [GENESYS.NS] Bypassed status. Failed strict quantitative thresholds.
2026-10-05 17:52:55,702 [INFO]  -> [GHCLTEXTIL.NS] Bypassed status. Failed strict quantitative thresholds.
2026-10-05 17:52:56,471 [INFO]  -> [GLAND.NS] Bypassed status. Failed strict quantitative thresholds.
2026-10-05 17:52:57,243 [INFO]  -> [GLENMARK.NS] Bypassed status. Failed strict quantitative thresholds.
2026-10-05 17:52:58,004 [INFO]  -> [GMMPFAUDLR.NS] Bypassed status. Failed strict quantitative thresholds.
2026-10-05 17:52:58,744 [INFO]  -> [GODREJAGRO.NS] Bypassed status. Failed strict quantitative thresholds.
2026-10-05 17:52:59,505 [INFO]  -> [GODREJCP.NS] Bypassed status. Failed strict quantitative thresholds.
2026-10-05 17:53:00,231 [INFO]  -> [GOKULAGRO.NS] Bypassed status. Failed strict quantitative thresholds.
2026-10-05 17:53:00,983 [INFO]  -> [GOODLUCK.NS] Bypassed status. Failed strict quantitative thresholds.
2026-10-05 17:53:01,722 [INFO]  -> [GPPL.NS] Bypassed status. Failed strict quantitative thresholds.
2026-10-05 17:53:02,475 [INFO]  -> [GRANULES.NS] Bypassed status. Failed strict quantitative thresholds.
2026-10-05 17:53:03,242 [INFO]  -> [GRAPHITE.NS] Bypassed status. Failed strict quantitative thresholds.
2026-10-05 17:53:03,972 [INFO]  -> [GREENPANEL.NS] Bypassed status. Failed strict quantitative thresholds.
2026-10-05 17:53:05,140 [INFO]  -> [GRINDWELL.NS] Bypassed status. Failed strict quantitative thresholds.
2026-10-05 17:53:06,371 [INFO]  -> [GRWRHITECH.NS] Bypassed status. Failed strict quantitative thresholds.
2026-10-05 17:53:07,079 [WARNING] [GSPL.NS] Historical price fetch failed: EmptyDataError: 
[Empty] -> No results found. Try adjusting the query parameters.. Falling back to cached/fail-safe data — price will NOT advance this run.
2026-10-05 17:53:07,347 [INFO]  -> [GUJALKALI.NS] Bypassed status. Failed strict quantitative thresholds.
2026-10-05 17:53:07,946 [INFO]  -> [GUJGASLTD.NS] Bypassed status. Failed strict quantitative thresholds.
2026-10-05 17:53:08,700 [INFO]  -> [GVT&D.NS] Bypassed status. Failed strict quantitative thresholds.
2026-10-05 17:53:09,410 [INFO]  -> [HARDWYN.NS] Bypassed status. Failed strict quantitative thresholds.
2026-10-05 17:53:10,232 [INFO]  -> [HAVELLS.NS] Bypassed status. Failed strict quantitative thresholds.
2026-10-05 17:53:10,892 [ERROR] $HEG.NS: possibly delisted; no price data found  (1d 2026-10-02 -> 2026-10-05)
2026-10-05 17:53:10,893 [ERROR] 
1 Failed download:
2026-10-05 17:53:10,893 [ERROR] ['HEG.NS']: possibly delisted; no price data found  (1d 2026-10-02 -> 2026-10-05)
2026-10-05 17:53:10,896 [WARNING] [HEG.NS] Historical price fetch failed: EmptyDataError: 
[Empty] -> No results found. Try adjusting the query parameters.. Falling back to cached/fail-safe data — price will NOT advance this run.
2026-10-05 17:53:10,968 [INFO]  -> [HEG.NS] Bypassed status. Failed strict quantitative thresholds.
2026-10-05 17:53:11,701 [INFO]  -> [HERANBA.NS] Bypassed status. Failed strict quantitative thresholds.
2026-10-05 17:53:12,446 [INFO]  -> [HEROMOTOCO.NS] Bypassed status. Failed strict quantitative thresholds.
2026-10-05 17:53:13,185 [INFO]  -> [HFCL.NS] Bypassed status. Failed strict quantitative thresholds.
2026-10-05 17:53:13,955 [INFO]  -> [HIKAL.NS] Bypassed status. Failed strict quantitative thresholds.
2026-10-05 17:53:15,125 [INFO]  -> [HINDALCO.NS] Golden Rule Satisfied but alert is on cooldown (already alerted within the last 24 trading days). Skipping Telegram send.
2026-10-05 17:53:15,780 [INFO]  -> [HINDCOPPER.NS] Bypassed status. Failed strict quantitative thresholds.
2026-10-05 17:53:16,554 [INFO]  -> [HINDPETRO.NS] Bypassed status. Failed strict quantitative thresholds.
2026-10-05 17:53:17,326 [INFO]  -> [HINDUNILVR.NS] Bypassed status. Failed strict quantitative thresholds.
2026-10-05 17:53:18,075 [INFO]  -> [HLEGLAS.NS] Bypassed status. Failed strict quantitative thresholds.
2026-10-05 17:53:18,675 [INFO]  -> [IBREALEST.NS] Bypassed status. Failed strict quantitative thresholds.
2026-10-05 17:53:19,387 [INFO]  -> [IFBIND.NS] Bypassed status. Failed strict quantitative thresholds.
2026-10-05 17:53:20,189 [INFO]  -> [IGL.NS] Bypassed status. Failed strict quantitative thresholds.
2026-10-05 17:53:20,972 [INFO]  -> [INDIGOPNTS.NS] Bypassed status. Failed strict quantitative thresholds.
2026-10-05 17:53:21,816 [INFO]  -> [INDNIPPON.NS] Bypassed status. Failed strict quantitative thresholds.
2026-10-05 17:53:22,586 [INFO]  -> [INDOCO.NS] Bypassed status. Failed strict quantitative thresholds.
2026-10-05 17:53:23,335 [INFO]  -> [INDUSTOWER.NS] Bypassed status. Failed strict quantitative thresholds.
2026-10-05 17:53:24,020 [INFO]  -> [INNOVACAP.NS] Bypassed status. Failed strict quantitative thresholds.
2026-10-05 17:53:24,829 [INFO]  -> [IOC.NS] Bypassed status. Failed strict quantitative thresholds.
2026-10-05 17:53:25,596 [INFO]  -> [IPCALAB.NS] Bypassed status. Failed strict quantitative thresholds.
2026-10-05 17:53:26,321 [INFO]  -> [IPL.NS] Bypassed status. Failed strict quantitative thresholds.
2026-10-05 17:53:27,104 [INFO]  -> [ISGEC.NS] Bypassed status. Failed strict quantitative thresholds.
2026-10-05 17:53:27,829 [INFO]  -> [ITI.NS] Bypassed status. Failed strict quantitative thresholds.
2026-10-05 17:53:28,590 [INFO]  -> [JAMNAAUTO.NS] Bypassed status. Failed strict quantitative thresholds.
2026-10-05 17:53:29,228 [WARNING] [JBCHEPHARM.NS] Historical price fetch failed: EmptyDataError: 
[Empty] -> No results found. Try adjusting the query parameters.. Falling back to cached/fail-safe data — price will NOT advance this run.
2026-10-05 17:53:29,499 [INFO]  -> [JINDALSAW.NS] Bypassed status. Failed strict quantitative thresholds.
2026-10-05 17:53:30,287 [INFO]  -> [JINDALSTEL.NS] Golden Rule Satisfied but alert is on cooldown (already alerted within the last 24 trading days). Skipping Telegram send.
2026-10-05 17:53:30,590 [INFO]  -> [JKIL.NS] Bypassed status. Failed strict quantitative thresholds.
2026-10-05 17:53:31,349 [INFO]  -> [JKLAKSHMI.NS] Bypassed status. Failed strict quantitative thresholds.
2026-10-05 17:53:32,141 [INFO]  -> [JSL.NS] Bypassed status. Failed strict quantitative thresholds.
2026-10-05 17:53:32,886 [INFO]  -> [JSWENERGY.NS] Bypassed status. Failed strict quantitative thresholds.
2026-10-05 17:53:33,611 [INFO]  -> [JUBLINGREA.NS] Bypassed status. Failed strict quantitative thresholds.
2026-10-05 17:53:34,412 [INFO]  -> [JUBLPHARMA.NS] Bypassed status. Failed strict quantitative thresholds.
2026-10-05 17:53:35,170 [INFO]  -> [KAJARIACER.NS] Bypassed status. Failed strict quantitative thresholds.
2026-10-05 17:53:35,771 [INFO]  -> [KALPATPOWR.NS] Bypassed status. Failed strict quantitative thresholds.
2026-10-05 17:53:36,594 [INFO]  -> [KANSAINER.NS] Bypassed status. Failed strict quantitative thresholds.
2026-10-05 17:53:37,396 [INFO]  -> [KEI.NS] Bypassed status. Failed strict quantitative thresholds.
2026-10-05 17:53:37,995 [INFO]  -> [KEPL.NS] Bypassed status. Failed strict quantitative thresholds.
2026-10-05 17:53:38,773 [INFO]  -> [KIMS.NS] Bypassed status. Failed strict quantitative thresholds.
2026-10-05 17:53:39,533 [INFO]  -> [KIRLOSBROS.NS] Bypassed status. Failed strict quantitative thresholds.
2026-10-05 17:53:40,243 [INFO]  -> [KIRLPNU.NS] Bypassed status. Failed strict quantitative thresholds.
2026-10-05 17:53:41,022 [INFO]  -> [KPITTECH.NS] Bypassed status. Failed strict quantitative thresholds.
2026-10-05 17:53:41,873 [INFO]  -> [KPRMILL.NS] Bypassed status. Failed strict quantitative thresholds.
2026-10-05 17:53:42,692 [INFO]  -> [KRBL.NS] Bypassed status. Failed strict quantitative thresholds.
2026-10-05 17:53:43,877 [INFO]  -> [KRSNAA.NS] Bypassed status. Failed strict quantitative thresholds.
2026-10-05 17:53:44,623 [INFO]  -> [LALPATHLAB.NS] Bypassed status. Failed strict quantitative thresholds.
2026-10-05 17:53:45,354 [INFO]  -> [LAURUSLABS.NS] Bypassed status. Failed strict quantitative thresholds.
2026-10-05 17:53:46,544 [INFO]  -> [LGBBROSLTD.NS] Bypassed status. Failed strict quantitative thresholds.
2026-10-05 17:53:47,276 [INFO]  -> [LIKHITHA.NS] Bypassed status. Failed strict quantitative thresholds.
2026-10-05 17:53:48,038 [INFO]  -> [LINC.NS] Bypassed status. Failed strict quantitative thresholds.
2026-10-05 17:53:48,817 [INFO]  -> [LINDEINDIA.NS] Bypassed status. Failed strict quantitative thresholds.
2026-10-05 17:53:49,545 [INFO]  -> [LLOYDSENGG.NS] Bypassed status. Failed strict quantitative thresholds.
2026-10-05 17:53:50,276 [INFO]  -> [LODHA.NS] Bypassed status. Failed strict quantitative thresholds.
2026-10-05 17:53:51,037 [INFO]  -> [LUMAXTECH.NS] Golden Rule Satisfied but alert is on cooldown (already alerted within the last 24 trading days). Skipping Telegram send.
2026-10-05 17:53:51,695 [INFO]  -> [LUPIN.NS] Bypassed status. Failed strict quantitative thresholds.
2026-10-05 17:53:52,431 [INFO]  -> [LUXIND.NS] Bypassed status. Failed strict quantitative thresholds.
2026-10-05 17:53:53,159 [INFO]  -> [LXCHEM.NS] Bypassed status. Failed strict quantitative thresholds.
2026-10-05 17:53:53,891 [INFO]  -> [MAHLOG.NS] Golden Rule Satisfied but alert is on cooldown (already alerted within the last 24 trading days). Skipping Telegram send.
2026-10-05 17:53:54,098 [INFO]  -> [MANKIND.NS] Bypassed status. Failed strict quantitative thresholds.
2026-10-05 17:53:54,828 [INFO]  -> [MANYAVAR.NS] Bypassed status. Failed strict quantitative thresholds.
2026-10-05 17:53:55,700 [INFO]  -> [MARICO.NS] Bypassed status. Failed strict quantitative thresholds.
2026-10-05 17:53:56,434 [INFO]  -> [MARINE.NS] Golden Rule Satisfied but alert is on cooldown (already alerted within the last 24 trading days). Skipping Telegram send.
2026-10-05 17:53:56,670 [INFO]  -> [MARKSANS.NS] Golden Rule Satisfied but alert is on cooldown (already alerted within the last 24 trading days). Skipping Telegram send.
2026-10-05 17:53:56,920 [INFO]  -> [MARUTI.NS] Bypassed status. Failed strict quantitative thresholds.
2026-10-05 17:53:57,651 [INFO]  -> [MAXHEALTH.NS] Bypassed status. Failed strict quantitative thresholds.
2026-10-05 17:53:59,427 [INFO]  -> [MEDANTA.NS] Bypassed status. Failed strict quantitative thresholds.
2026-10-05 17:54:00,187 [INFO]  -> [MEDPLUS.NS] Bypassed status. Failed strict quantitative thresholds.
2026-10-05 17:54:00,911 [INFO]  -> [METROBRAND.NS] Bypassed status. Failed strict quantitative thresholds.
2026-10-05 17:54:01,670 [INFO]  -> [METROPOLIS.NS] Bypassed status. Failed strict quantitative thresholds.
2026-10-05 17:54:02,813 [INFO]  -> [MGL.NS] Bypassed status. Failed strict quantitative thresholds.
2026-10-05 17:54:03,602 [INFO]  -> [MINDACORP.NS] Bypassed status. Failed strict quantitative thresholds.
2026-10-05 17:54:04,343 [INFO]  -> [MMTC.NS] Bypassed status. Failed strict quantitative thresholds.
2026-10-05 17:54:05,089 [INFO]  -> [MOIL.NS] Bypassed status. Failed strict quantitative thresholds.
2026-10-05 17:54:05,878 [INFO]  -> [MONTECARLO.NS] Bypassed status. Failed strict quantitative thresholds.
2026-10-05 17:54:06,674 [INFO]  -> [MOTHERSON.NS] Bypassed status. Failed strict quantitative thresholds.
2026-10-05 17:54:07,393 [INFO]  -> [MSUMI.NS] Bypassed status. Failed strict quantitative thresholds.
2026-10-05 17:54:08,160 [INFO]  -> [NATCOPHARM.NS] Bypassed status. Failed strict quantitative thresholds.
2026-10-05 17:54:08,929 [INFO]  -> [NATIONALUM.NS] Bypassed status. Failed strict quantitative thresholds.
2026-10-05 17:54:09,656 [INFO]  -> [NAZARA.NS] Bypassed status. Failed strict quantitative thresholds.
2026-10-05 17:54:10,437 [INFO]  -> [NOCIL.NS] Bypassed status. Failed strict quantitative thresholds.
2026-10-05 17:54:11,211 [INFO]  -> [NRBBEARING.NS] Bypassed status. Failed strict quantitative thresholds.
2026-10-05 17:54:12,002 [INFO]  -> [NUVOCO.NS] Bypassed status. Failed strict quantitative thresholds.
2026-10-05 17:54:12,722 [INFO]  -> [NYKAA.NS] Bypassed status. Failed strict quantitative thresholds.
2026-10-05 17:54:13,524 [INFO]  -> [OAL.NS] Bypassed status. Failed strict quantitative thresholds.
2026-10-05 17:54:14,318 [INFO]  -> [OBEROIRLTY.NS] Bypassed status. Failed strict quantitative thresholds.
2026-10-05 17:54:15,074 [INFO]  -> [OIL.NS] Bypassed status. Failed strict quantitative thresholds.
2026-10-05 17:54:15,828 [INFO]  -> [OLECTRA.NS] Golden Rule Satisfied but alert is on cooldown (already alerted within the last 24 trading days). Skipping Telegram send.
2026-10-05 17:54:16,103 [INFO]  -> [ONGC.NS] Bypassed status. Failed strict quantitative thresholds.
2026-10-05 17:54:16,854 [INFO]  -> [ORIENTELEC.NS] Bypassed status. Failed strict quantitative thresholds.
2026-10-05 17:54:17,616 [INFO]  -> [PAGEIND.NS] Bypassed status. Failed strict quantitative thresholds.
2026-10-05 17:54:18,393 [INFO]  -> [PCBL.NS] Bypassed status. Failed strict quantitative thresholds.
2026-10-05 17:54:19,148 [INFO]  -> [PDMJEPAPER.NS] Bypassed status. Failed strict quantitative thresholds.
2026-10-05 17:54:19,934 [INFO]  -> [PDSL.NS] Bypassed status. Failed strict quantitative thresholds.
2026-10-05 17:54:20,729 [INFO]  -> [PERSISTENT.NS] Bypassed status. Failed strict quantitative thresholds.
2026-10-05 17:54:21,537 [INFO]  -> [PFIZER.NS] Bypassed status. Failed strict quantitative thresholds.
2026-10-05 17:54:22,318 [INFO]  -> [PGHH.NS] Bypassed status. Failed strict quantitative thresholds.
2026-10-05 17:54:23,157 [INFO]  -> [PGHL.NS] Bypassed status. Failed strict quantitative thresholds.
2026-10-05 17:54:23,910 [INFO]  -> [PHOENIXLTD.NS] Golden Rule Satisfied but alert is on cooldown (already alerted within the last 24 trading days). Skipping Telegram send.
2026-10-05 17:54:24,173 [INFO]  -> [PIDILITIND.NS] Bypassed status. Failed strict quantitative thresholds.
2026-10-05 17:54:24,922 [INFO]  -> [PIIND.NS] Bypassed status. Failed strict quantitative thresholds.
2026-10-05 17:54:25,644 [INFO]  -> [PIXTRANS.NS] Bypassed status. Failed strict quantitative thresholds.
2026-10-05 17:54:26,395 [INFO]  -> [PNCINFRA.NS] Bypassed status. Failed strict quantitative thresholds.
2026-10-05 17:54:27,147 [INFO]  -> [POCL.NS] Bypassed status. Failed strict quantitative thresholds.
2026-10-05 17:54:28,291 [INFO]  -> [POKARNA.NS] Bypassed status. Failed strict quantitative thresholds.
2026-10-05 17:54:29,025 [INFO]  -> [POLYCAB.NS] Bypassed status. Failed strict quantitative thresholds.
2026-10-05 17:54:29,776 [INFO]  -> [POLYMED.NS] Bypassed status. Failed strict quantitative thresholds.
2026-10-05 17:54:30,559 [INFO]  -> [POLYPLEX.NS] Bypassed status. Failed strict quantitative thresholds.
2026-10-05 17:54:31,344 [INFO]  -> [POWERINDIA.NS] Bypassed status. Failed strict quantitative thresholds.
2026-10-05 17:54:32,057 [INFO]  -> [PPLPHARMA.NS] Bypassed status. Failed strict quantitative thresholds.
2026-10-05 17:54:32,809 [INFO]  -> [PRESTIGE.NS] Bypassed status. Failed strict quantitative thresholds.
2026-10-05 17:54:33,601 [INFO]  -> [PRINCEPIPE.NS] Bypassed status. Failed strict quantitative thresholds.
2026-10-05 17:54:34,330 [INFO]  -> [QUESS.NS] Bypassed status. Failed strict quantitative thresholds.
2026-10-05 17:54:35,076 [INFO]  -> [RAILTEL.NS] Bypassed status. Failed strict quantitative thresholds.
2026-10-05 17:54:35,845 [INFO]  -> [RAJESHEXPO.NS] Bypassed status. Failed strict quantitative thresholds.
2026-10-05 17:54:36,616 [INFO]  -> [RALLIS.NS] Bypassed status. Failed strict quantitative thresholds.
2026-10-05 17:54:37,792 [INFO]  -> [RAMCOCEM.NS] Bypassed status. Failed strict quantitative thresholds.
2026-10-05 17:54:38,554 [INFO]  -> [RATNAMANI.NS] Bypassed status. Failed strict quantitative thresholds.
2026-10-05 17:54:39,682 [INFO]  -> [RBA.NS] Bypassed status. Failed strict quantitative thresholds.
2026-10-05 17:54:40,452 [INFO]  -> [RCF.NS] Bypassed status. Failed strict quantitative thresholds.
2026-10-05 17:54:41,211 [INFO]  -> [REDINGTON.NS] Bypassed status. Failed strict quantitative thresholds.
2026-10-05 17:54:42,036 [INFO]  -> [RELAXO.NS] Bypassed status. Failed strict quantitative thresholds.
2026-10-05 17:54:42,818 [INFO]  -> [RELIANCE.NS] Bypassed status. Failed strict quantitative thresholds.
2026-10-05 17:54:43,575 [INFO]  -> [RELINFRA.NS] Bypassed status. Failed strict quantitative thresholds.
2026-10-05 17:54:44,328 [INFO]  -> [RESPONIND.NS] Bypassed status. Failed strict quantitative thresholds.
2026-10-05 17:54:45,127 [INFO]  -> [RHIM.NS] Bypassed status. Failed strict quantitative thresholds.
2026-10-05 17:54:45,859 [INFO]  -> [ROSSARI.NS] Bypassed status. Failed strict quantitative thresholds.
2026-10-05 17:54:46,639 [INFO]  -> [ROUTE.NS] Bypassed status. Failed strict quantitative thresholds.
2026-10-05 17:54:47,508 [INFO]  -> [SAIL.NS] Bypassed status. Failed strict quantitative thresholds.
2026-10-05 17:54:48,305 [INFO]  -> [SANDHAR.NS] Bypassed status. Failed strict quantitative thresholds.
2026-10-05 17:54:49,064 [INFO]  -> [SANOFI.NS] Bypassed status. Failed strict quantitative thresholds.
2026-10-05 17:54:49,864 [INFO]  -> [SCHAEFFLER.NS] Bypassed status. Failed strict quantitative thresholds.
2026-10-05 17:54:50,671 [INFO]  -> [SCI.NS] Bypassed status. Failed strict quantitative thresholds.
2026-10-05 17:54:51,393 [INFO]  -> [SFL.NS] Bypassed status. Failed strict quantitative thresholds.
2026-10-05 17:54:52,222 [INFO]  -> [SHAKTIPUMP.NS] Bypassed status. Failed strict quantitative thresholds.
2026-10-05 17:54:52,979 [INFO]  -> [SHANTIGEAR.NS] Bypassed status. Failed strict quantitative thresholds.
2026-10-05 17:54:53,740 [INFO]  -> [SHARDACROP.NS] Bypassed status. Failed strict quantitative thresholds.
2026-10-05 17:54:54,555 [INFO]  -> [SHILPAMED.NS] Bypassed status. Failed strict quantitative thresholds.
2026-10-05 17:54:55,292 [INFO]  -> [SHYAMMETL.NS] Bypassed status. Failed strict quantitative thresholds.
2026-10-05 17:54:56,093 [INFO]  -> [SIEMENS.NS] Bypassed status. Failed strict quantitative thresholds.
2026-10-05 17:54:56,870 [INFO]  -> [SIS.NS] Bypassed status. Failed strict quantitative thresholds.
2026-10-05 17:54:57,625 [INFO]  -> [SJVN.NS] Bypassed status. Failed strict quantitative thresholds.
2026-10-05 17:54:58,389 [INFO]  -> [SKFINDIA.NS] Bypassed status. Failed strict quantitative thresholds.
2026-10-05 17:54:59,135 [INFO]  -> [SKIPPER.NS] Bypassed status. Failed strict quantitative thresholds.
2026-10-05 17:54:59,886 [INFO]  -> [SOBHA.NS] Bypassed status. Failed strict quantitative thresholds.
2026-10-05 17:55:00,696 [INFO]  -> [SOLARINDS.NS] Bypassed status. Failed strict quantitative thresholds.
2026-10-05 17:55:01,426 [INFO]  -> [SONACOMS.NS] Bypassed status. Failed strict quantitative thresholds.
2026-10-05 17:55:02,154 [INFO]  -> [SPARC.NS] Bypassed status. Failed strict quantitative thresholds.
2026-10-05 17:55:02,935 [INFO]  -> [SRF.NS] Bypassed status. Failed strict quantitative thresholds.
2026-10-05 17:55:03,669 [INFO]  -> [STYLAMIND.NS] Golden Rule Satisfied but alert is on cooldown (already alerted within the last 24 trading days). Skipping Telegram send.
2026-10-05 17:55:03,951 [INFO]  -> [SUBROS.NS] Bypassed status. Failed strict quantitative thresholds.
2026-10-05 17:55:04,735 [INFO]  -> [SUDARSCHEM.NS] Bypassed status. Failed strict quantitative thresholds.
2026-10-05 17:55:05,471 [INFO]  -> [SUMICHEM.NS] Bypassed status. Failed strict quantitative thresholds.
2026-10-05 17:55:06,245 [INFO]  -> [SUNDRMFAST.NS] Bypassed status. Failed strict quantitative thresholds.
2026-10-05 17:55:07,021 [INFO]  -> [SUNPHARMA.NS] Bypassed status. Failed strict quantitative thresholds.
2026-10-05 17:55:07,849 [INFO]  -> [SUNTECK.NS] Bypassed status. Failed strict quantitative thresholds.
2026-10-05 17:55:08,721 [INFO]  -> [SUPRAJIT.NS] Bypassed status. Failed strict quantitative thresholds.
2026-10-05 17:55:09,542 [INFO]  -> [SUPREMEIND.NS] Bypassed status. Failed strict quantitative thresholds.
2026-10-05 17:55:10,275 [INFO]  -> [SUPRIYA.NS] Bypassed status. Failed strict quantitative thresholds.
2026-10-05 17:55:11,083 [INFO]  -> [SYMPHONY.NS] Bypassed status. Failed strict quantitative thresholds.
2026-10-05 17:55:11,841 [INFO]  -> [SYNGENE.NS] Bypassed status. Failed strict quantitative thresholds.
2026-10-05 17:55:12,618 [INFO]  -> [TARIL.NS] Bypassed status. Failed strict quantitative thresholds.
2026-10-05 17:55:13,386 [INFO]  -> [TATACHEM.NS] Bypassed status. Failed strict quantitative thresholds.
2026-10-05 17:55:14,174 [INFO]  -> [TATACONSUM.NS] Bypassed status. Failed strict quantitative thresholds.
2026-10-05 17:55:14,992 [INFO]  -> [TATASTEEL.NS] Golden Rule Satisfied but alert is on cooldown (already alerted within the last 24 trading days). Skipping Telegram send.
2026-10-05 17:55:15,654 [INFO]  -> [TCI.NS] Bypassed status. Failed strict quantitative thresholds.
2026-10-05 17:55:16,393 [INFO]  -> [TCIEXP.NS] Bypassed status. Failed strict quantitative thresholds.
2026-10-05 17:55:17,143 [INFO]  -> [TEJASNET.NS] Bypassed status. Failed strict quantitative thresholds.
2026-10-05 17:55:17,895 [INFO]  -> [TEXRAIL.NS] Golden Rule Satisfied but alert is on cooldown (already alerted within the last 24 trading days). Skipping Telegram send.
2026-10-05 17:55:18,215 [INFO]  -> [THERMAX.NS] Bypassed status. Failed strict quantitative thresholds.
2026-10-05 17:55:18,967 [INFO]  -> [THYROCARE.NS] Bypassed status. Failed strict quantitative thresholds.
2026-10-05 17:55:19,767 [INFO]  -> [TIINDIA.NS] Bypassed status. Failed strict quantitative thresholds.
2026-10-05 17:55:20,559 [INFO]  -> [TIMETECHNO.NS] Bypassed status. Failed strict quantitative thresholds.
2026-10-05 17:55:21,358 [INFO]  -> [TIMKEN.NS] Bypassed status. Failed strict quantitative thresholds.
2026-10-05 17:55:22,117 [INFO]  -> [TRIDENT.NS] Bypassed status. Failed strict quantitative thresholds.
2026-10-05 17:55:23,279 [INFO]  -> [TRITURBINE.NS] Bypassed status. Failed strict quantitative thresholds.
2026-10-05 17:55:24,099 [INFO]  -> [TTKPRESTIG.NS] Bypassed status. Failed strict quantitative thresholds.
2026-10-05 17:55:24,898 [INFO]  -> [UNICHEMLAB.NS] Golden Rule Satisfied but alert is on cooldown (already alerted within the last 24 trading days). Skipping Telegram send.
2026-10-05 17:55:25,154 [INFO]  -> [UNOMINDA.NS] Bypassed status. Failed strict quantitative thresholds.
2026-10-05 17:55:25,951 [INFO]  -> [UPL.NS] Bypassed status. Failed strict quantitative thresholds.
2026-10-05 17:55:26,709 [INFO]  -> [VAIBHAVGBL.NS] Bypassed status. Failed strict quantitative thresholds.
2026-10-05 17:55:27,467 [INFO]  -> [VARROC.NS] Bypassed status. Failed strict quantitative thresholds.
2026-10-05 17:55:28,241 [INFO]  -> [VBL.NS] Bypassed status. Failed strict quantitative thresholds.
2026-10-05 17:55:29,406 [INFO]  -> [VEDL.NS] Bypassed status. Failed strict quantitative thresholds.
2026-10-05 17:55:30,165 [INFO]  -> [VGUARD.NS] Bypassed status. Failed strict quantitative thresholds.
2026-10-05 17:55:30,946 [INFO]  -> [VIJAYA.NS] Golden Rule Satisfied but alert is on cooldown (already alerted within the last 24 trading days). Skipping Telegram send.
2026-10-05 17:55:31,266 [INFO]  -> [VINATIORGA.NS] Bypassed status. Failed strict quantitative thresholds.
2026-10-05 17:55:32,068 [INFO]  -> [VIPIND.NS] Bypassed status. Failed strict quantitative thresholds.
2026-10-05 17:55:32,815 [INFO]  -> [VMART.NS] Bypassed status. Failed strict quantitative thresholds.
2026-10-05 17:55:33,659 [INFO]  -> [VOLTAS.NS] Bypassed status. Failed strict quantitative thresholds.
2026-10-05 17:55:34,504 [INFO]  -> [VTL.NS] Bypassed status. Failed strict quantitative thresholds.
2026-10-05 17:55:35,291 [INFO]  -> [WELCORP.NS] Bypassed status. Failed strict quantitative thresholds.
2026-10-05 17:55:36,046 [INFO]  -> [WELSPUNLIV.NS] Bypassed status. Failed strict quantitative thresholds.
2026-10-05 17:55:36,817 [INFO]  -> [WHIRLPOOL.NS] Bypassed status. Failed strict quantitative thresholds.
2026-10-05 17:55:37,569 [INFO]  -> [WOCKPHARMA.NS] Bypassed status. Failed strict quantitative thresholds.
2026-10-05 17:55:38,302 [INFO]  -> [YUKEN.NS] Bypassed status. Failed strict quantitative thresholds.
2026-10-05 17:55:39,065 [INFO]  -> [ZFCVINDIA.NS] Bypassed status. Failed strict quantitative thresholds.
2026-10-05 17:55:39,843 [INFO]  -> [ZYDUSLIFE.NS] Bypassed status. Failed strict quantitative thresholds.
2026-10-05 17:55:40,605 [INFO]  -> [ZYDUSWELL.NS] Bypassed status. Failed strict quantitative thresholds.
2026-10-05 17:55:41,106 [INFO] [Complete] Quant script loops finished successfully. Overwriting metrics...
2026-10-05 17:55:53,275 [INFO] ✓ Central output matrix overwritten successfully.
2026-10-05 21:16:57,381 [INFO] =================================================================
2026-10-05 21:16:57,381 [INFO] RUNNING CONSOLIDATED SYSTEM SCRIPTS
2026-10-05 21:16:57,381 [INFO] =================================================================
2026-10-05 21:16:57,476 [INFO]  -> [AARTIDRUGS.NS] Bypassed status. Failed strict quantitative thresholds.
2026-10-05 21:16:58,050 [INFO]  -> [ACE.NS] Bypassed status. Failed strict quantitative thresholds.
2026-10-05 21:16:58,625 [INFO]  -> [AFFLE.NS] Bypassed status. Failed strict quantitative thresholds.
2026-10-05 21:16:59,199 [INFO]  -> [AIAENG.NS] Bypassed status. Failed strict quantitative thresholds.
2026-10-05 21:16:59,774 [INFO]  -> [ALKYLAMINE.NS] Bypassed status. Failed strict quantitative thresholds.
2026-10-05 21:17:00,349 [INFO]  -> [ALLCARGO.NS] Bypassed status. Failed strict quantitative thresholds.
2026-10-05 21:17:00,920 [INFO]  -> [AMBER.NS] Bypassed status. Failed strict quantitative thresholds.
2026-10-05 21:17:01,493 [INFO]  -> [AMBUJACEM.NS] Bypassed status. Failed strict quantitative thresholds.
2026-10-05 21:17:02,068 [INFO]  -> [ANANTRAJ.NS] Bypassed status. Failed strict quantitative thresholds.
2026-10-05 21:17:02,641 [INFO]  -> [ANURAS.NS] Bypassed status. Failed strict quantitative thresholds.
2026-10-05 21:17:03,217 [INFO]  -> [APLAPOLLO.NS] Bypassed status. Failed strict quantitative thresholds.
2026-10-05 21:17:03,791 [INFO]  -> [APLLTD.NS] Bypassed status. Failed strict quantitative thresholds.
2026-10-05 21:17:04,367 [INFO]  -> [APOLLO.NS] Bypassed status. Failed strict quantitative thresholds.
2026-10-05 21:17:04,943 [INFO]  -> [APOLLOHOSP.NS] Bypassed status. Failed strict quantitative thresholds.
2026-10-05 21:17:05,516 [INFO]  -> [APOLLOTYRE.NS] Bypassed status. Failed strict quantitative thresholds.
2026-10-05 21:17:06,093 [INFO]  -> [ARE&M.NS] Bypassed status. Failed strict quantitative thresholds.
2026-10-05 21:17:06,667 [INFO]  -> [ARTEMISMED.NS] Bypassed status. Failed strict quantitative thresholds.
2026-10-05 21:17:07,240 [INFO]  -> [ASAHIINDIA.NS] Bypassed status. Failed strict quantitative thresholds.
2026-10-05 21:17:07,812 [INFO]  -> [ASIANENE.NS] Bypassed status. Failed strict quantitative thresholds.
2026-10-05 21:17:08,384 [INFO]  -> [ASIANPAINT.NS] Bypassed status. Failed strict quantitative thresholds.
2026-10-05 21:17:08,931 [INFO]  -> [ASKAUTOLTD.NS] Bypassed status. Failed strict quantitative thresholds.
2026-10-05 21:17:09,504 [INFO]  -> [ASTRAL.NS] Bypassed status. Failed strict quantitative thresholds.
2026-10-05 21:17:10,075 [INFO]  -> [ASTRAZEN.NS] Bypassed status. Failed strict quantitative thresholds.
2026-10-05 21:17:10,647 [INFO]  -> [ATGL.NS] Bypassed status. Failed strict quantitative thresholds.
2026-10-05 21:17:11,219 [INFO]  -> [ATUL.NS] Bypassed status. Failed strict quantitative thresholds.
2026-10-05 21:17:11,791 [INFO]  -> [AUROPHARMA.NS] Golden Rule Satisfied but alert is on cooldown (already alerted within the last 24 trading days). Skipping Telegram send.
2026-10-05 21:17:11,861 [INFO]  -> [AVANTIFEED.NS] Bypassed status. Failed strict quantitative thresholds.
2026-10-05 21:17:12,435 [INFO]  -> [AYMSYNTEX.NS] Bypassed status. Failed strict quantitative thresholds.
2026-10-05 21:17:13,009 [INFO]  -> [BAJAJELEC.NS] Bypassed status. Failed strict quantitative thresholds.
2026-10-05 21:17:13,579 [INFO]  -> [BAJAJHCARE.NS] Bypassed status. Failed strict quantitative thresholds.
2026-10-05 21:17:14,153 [INFO]  -> [BALKRISIND.NS] Bypassed status. Failed strict quantitative thresholds.
2026-10-05 21:17:14,726 [INFO]  -> [BASF.NS] Bypassed status. Failed strict quantitative thresholds.
2026-10-05 21:17:15,300 [INFO]  -> [BATAINDIA.NS] Bypassed status. Failed strict quantitative thresholds.
2026-10-05 21:17:15,871 [INFO]  -> [BAYERCROP.NS] Bypassed status. Failed strict quantitative thresholds.
2026-10-05 21:17:16,444 [INFO]  -> [BBTC.NS] Bypassed status. Failed strict quantitative thresholds.
2026-10-05 21:17:17,018 [INFO]  -> [BECTORFOOD.NS] Bypassed status. Failed strict quantitative thresholds.
2026-10-05 21:17:17,592 [INFO]  -> [BERGEPAINT.NS] Bypassed status. Failed strict quantitative thresholds.
2026-10-05 21:17:18,165 [INFO]  -> [BHARATRAS.NS] Bypassed status. Failed strict quantitative thresholds.
2026-10-05 21:17:18,723 [INFO]  -> [BIKAJI.NS] Bypassed status. Failed strict quantitative thresholds.
2026-10-05 21:17:19,295 [INFO]  -> [BIOCON.NS] Bypassed status. Failed strict quantitative thresholds.
2026-10-05 21:17:19,868 [INFO]  -> [BIRLACORPN.NS] Bypassed status. Failed strict quantitative thresholds.
2026-10-05 21:17:20,442 [INFO]  -> [BLUESTARCO.NS] Bypassed status. Failed strict quantitative thresholds.
2026-10-05 21:17:21,013 [INFO]  -> [BORORENEW.NS] Bypassed status. Failed strict quantitative thresholds.
2026-10-05 21:17:21,586 [INFO]  -> [BRIGADE.NS] Bypassed status. Failed strict quantitative thresholds.
2026-10-05 21:17:22,152 [INFO]  -> [CAMPUS.NS] Bypassed status. Failed strict quantitative thresholds.
2026-10-05 21:17:22,724 [INFO]  -> [CAPLIPOINT.NS] Bypassed status. Failed strict quantitative thresholds.
2026-10-05 21:17:23,296 [INFO]  -> [CARBORUNIV.NS] Bypassed status. Failed strict quantitative thresholds.
2026-10-05 21:17:23,868 [INFO]  -> [CCL.NS] Bypassed status. Failed strict quantitative thresholds.
2026-10-05 21:17:24,440 [INFO]  -> [CEATLTD.NS] Bypassed status. Failed strict quantitative thresholds.
2026-10-05 21:17:25,013 [INFO]  -> [CENTURYPLY.NS] Bypassed status. Failed strict quantitative thresholds.
2026-10-05 21:17:25,584 [INFO]  -> [CERA.NS] Bypassed status. Failed strict quantitative thresholds.
2026-10-05 21:17:26,156 [INFO]  -> [CGPOWER.NS] Bypassed status. Failed strict quantitative thresholds.
2026-10-05 21:17:26,728 [INFO]  -> [CHAMBLFERT.NS] Bypassed status. Failed strict quantitative thresholds.
2026-10-05 21:17:27,300 [INFO]  -> [CHEMPLASTS.NS] Bypassed status. Failed strict quantitative thresholds.
2026-10-05 21:17:27,872 [INFO]  -> [CIPLA.NS] Bypassed status. Failed strict quantitative thresholds.
2026-10-05 21:17:28,444 [INFO]  -> [CLEAN.NS] Bypassed status. Failed strict quantitative thresholds.
2026-10-05 21:17:29,017 [INFO]  -> [COALINDIA.NS] Bypassed status. Failed strict quantitative thresholds.
2026-10-05 21:17:29,589 [INFO]  -> [COCHINSHIP.NS] Bypassed status. Failed strict quantitative thresholds.
2026-10-05 21:17:30,162 [INFO]  -> [COLPAL.NS] Bypassed status. Failed strict quantitative thresholds.
2026-10-05 21:17:30,736 [INFO]  -> [CONCOR.NS] Bypassed status. Failed strict quantitative thresholds.
2026-10-05 21:17:31,310 [INFO]  -> [COSMOFIRST.NS] Bypassed status. Failed strict quantitative thresholds.
2026-10-05 21:17:31,882 [INFO]  -> [CROMPTON.NS] Bypassed status. Failed strict quantitative thresholds.
2026-10-05 21:17:32,455 [INFO]  -> [CYIENT.NS] Bypassed status. Failed strict quantitative thresholds.
2026-10-05 21:17:33,033 [INFO]  -> [DABUR.NS] Bypassed status. Failed strict quantitative thresholds.
2026-10-05 21:17:33,606 [INFO]  -> [DALBHARAT.NS] Bypassed status. Failed strict quantitative thresholds.
2026-10-05 21:17:34,179 [INFO]  -> [DCMSHRIRAM.NS] Bypassed status. Failed strict quantitative thresholds.
2026-10-05 21:17:34,754 [INFO]  -> [DEEPAKFERT.NS] Golden Rule Satisfied but alert is on cooldown (already alerted within the last 24 trading days). Skipping Telegram send.
2026-10-05 21:17:34,825 [INFO]  -> [DEEPAKNTR.NS] Bypassed status. Failed strict quantitative thresholds.
2026-10-05 21:17:35,389 [INFO]  -> [DELHIVERY.NS] Bypassed status. Failed strict quantitative thresholds.
2026-10-05 21:17:35,962 [INFO]  -> [DHANUKA.NS] Bypassed status. Failed strict quantitative thresholds.
2026-10-05 21:17:36,532 [INFO]  -> [DIVISLAB.NS] Bypassed status. Failed strict quantitative thresholds.
2026-10-05 21:17:37,105 [INFO]  -> [DLF.NS] Bypassed status. Failed strict quantitative thresholds.
2026-10-05 21:17:37,676 [INFO]  -> [DMART.NS] Bypassed status. Failed strict quantitative thresholds.
2026-10-05 21:17:38,248 [INFO]  -> [DOLLAR.NS] Bypassed status. Failed strict quantitative thresholds.
2026-10-05 21:17:38,822 [INFO]  -> [DRREDDY.NS] Bypassed status. Failed strict quantitative thresholds.
2026-10-05 21:17:39,385 [INFO]  -> [DYCL.NS] Bypassed status. Failed strict quantitative thresholds.
2026-10-05 21:17:39,959 [INFO]  -> [ECLERX.NS] Bypassed status. Failed strict quantitative thresholds.
2026-10-05 21:17:40,530 [INFO]  -> [EICHERMOT.NS] Bypassed status. Failed strict quantitative thresholds.
2026-10-05 21:17:41,104 [INFO]  -> [EIDPARRY.NS] Bypassed status. Failed strict quantitative thresholds.
2026-10-05 21:17:41,680 [INFO]  -> [EKC.NS] Bypassed status. Failed strict quantitative thresholds.
2026-10-05 21:17:42,253 [INFO]  -> [ELGIEQUIP.NS] Bypassed status. Failed strict quantitative thresholds.
2026-10-05 21:17:42,828 [INFO]  -> [EMAMILTD.NS] Bypassed status. Failed strict quantitative thresholds.
2026-10-05 21:17:43,398 [INFO]  -> [EMUDHRA.NS] Bypassed status. Failed strict quantitative thresholds.
2026-10-05 21:17:43,972 [INFO]  -> [ENDURANCE.NS] Bypassed status. Failed strict quantitative thresholds.
2026-10-05 21:17:44,547 [INFO]  -> [EPL.NS] Bypassed status. Failed strict quantitative thresholds.
2026-10-05 21:17:45,121 [INFO]  -> [FDC.NS] Bypassed status. Failed strict quantitative thresholds.
2026-10-05 21:17:45,695 [INFO]  -> [FINCABLES.NS] Bypassed status. Failed strict quantitative thresholds.
2026-10-05 21:17:46,269 [INFO]  -> [FINEORG.NS] Bypassed status. Failed strict quantitative thresholds.
2026-10-05 21:17:46,845 [INFO]  -> [FINPIPE.NS] Bypassed status. Failed strict quantitative thresholds.
2026-10-05 21:17:47,418 [INFO]  -> [FLUOROCHEM.NS] Bypassed status. Failed strict quantitative thresholds.
2026-10-05 21:17:47,992 [INFO]  -> [FMGOETZE.NS] Bypassed status. Failed strict quantitative thresholds.
2026-10-05 21:17:48,565 [INFO]  -> [FORTIS.NS] Bypassed status. Failed strict quantitative thresholds.
2026-10-05 21:17:49,141 [INFO]  -> [GABRIEL.NS] Golden Rule Satisfied but alert is on cooldown (already alerted within the last 24 trading days). Skipping Telegram send.
2026-10-05 21:17:49,214 [INFO]  -> [GAEL.NS] Bypassed status. Failed strict quantitative thresholds.
2026-10-05 21:17:49,790 [INFO]  -> [GAIL.NS] Bypassed status. Failed strict quantitative thresholds.
2026-10-05 21:17:50,363 [INFO]  -> [GALAXYSURF.NS] Bypassed status. Failed strict quantitative thresholds.
2026-10-05 21:17:50,935 [INFO]  -> [GANECOS.NS] Bypassed status. Failed strict quantitative thresholds.
2026-10-05 21:17:51,510 [INFO]  -> [GARFIBRES.NS] Bypassed status. Failed strict quantitative thresholds.
2026-10-05 21:17:52,082 [INFO]  -> [GENESYS.NS] Bypassed status. Failed strict quantitative thresholds.
2026-10-05 21:17:52,635 [INFO]  -> [GHCLTEXTIL.NS] Bypassed status. Failed strict quantitative thresholds.
2026-10-05 21:17:53,207 [INFO]  -> [GLAND.NS] Bypassed status. Failed strict quantitative thresholds.
2026-10-05 21:17:53,779 [INFO]  -> [GLENMARK.NS] Bypassed status. Failed strict quantitative thresholds.
2026-10-05 21:17:54,352 [INFO]  -> [GMMPFAUDLR.NS] Bypassed status. Failed strict quantitative thresholds.
2026-10-05 21:17:54,924 [INFO]  -> [GODREJAGRO.NS] Bypassed status. Failed strict quantitative thresholds.
2026-10-05 21:17:55,497 [INFO]  -> [GODREJCP.NS] Bypassed status. Failed strict quantitative thresholds.
2026-10-05 21:17:56,072 [INFO]  -> [GOKULAGRO.NS] Bypassed status. Failed strict quantitative thresholds.
2026-10-05 21:17:56,648 [INFO]  -> [GOODLUCK.NS] Bypassed status. Failed strict quantitative thresholds.
2026-10-05 21:17:57,222 [INFO]  -> [GPPL.NS] Bypassed status. Failed strict quantitative thresholds.
2026-10-05 21:17:57,795 [INFO]  -> [GRANULES.NS] Bypassed status. Failed strict quantitative thresholds.
2026-10-05 21:17:58,368 [INFO]  -> [GRAPHITE.NS] Bypassed status. Failed strict quantitative thresholds.
2026-10-05 21:17:58,942 [INFO]  -> [GREENPANEL.NS] Bypassed status. Failed strict quantitative thresholds.
2026-10-05 21:17:59,515 [INFO]  -> [GRINDWELL.NS] Bypassed status. Failed strict quantitative thresholds.
2026-10-05 21:18:00,085 [INFO]  -> [GRWRHITECH.NS] Bypassed status. Failed strict quantitative thresholds.
2026-10-05 21:18:00,964 [WARNING] [GSPL.NS] Historical price fetch failed: EmptyDataError: 
[Empty] -> No results found. Try adjusting the query parameters.. Falling back to cached/fail-safe data — price will NOT advance this run.
2026-10-05 21:18:01,042 [INFO]  -> [GUJALKALI.NS] Bypassed status. Failed strict quantitative thresholds.
2026-10-05 21:18:01,640 [INFO]  -> [GUJGASLTD.NS] Bypassed status. Failed strict quantitative thresholds.
2026-10-05 21:18:02,215 [INFO]  -> [GVT&D.NS] Bypassed status. Failed strict quantitative thresholds.
2026-10-05 21:18:02,785 [INFO]  -> [HARDWYN.NS] Bypassed status. Failed strict quantitative thresholds.
2026-10-05 21:18:03,361 [INFO]  -> [HAVELLS.NS] Bypassed status. Failed strict quantitative thresholds.
2026-10-05 21:18:04,030 [ERROR] $HEG.NS: possibly delisted; no price data found  (1d 2026-10-02 -> 2026-10-06)
2026-10-05 21:18:04,031 [ERROR] 
1 Failed download:
2026-10-05 21:18:04,031 [ERROR] ['HEG.NS']: possibly delisted; no price data found  (1d 2026-10-02 -> 2026-10-06)
2026-10-05 21:18:04,035 [WARNING] [HEG.NS] Historical price fetch failed: EmptyDataError: 
[Empty] -> No results found. Try adjusting the query parameters.. Falling back to cached/fail-safe data — price will NOT advance this run.
2026-10-05 21:18:04,108 [INFO]  -> [HEG.NS] Bypassed status. Failed strict quantitative thresholds.
2026-10-05 21:18:04,684 [INFO]  -> [HERANBA.NS] Bypassed status. Failed strict quantitative thresholds.
2026-10-05 21:18:05,257 [INFO]  -> [HEROMOTOCO.NS] Bypassed status. Failed strict quantitative thresholds.
2026-10-05 21:18:05,832 [INFO]  -> [HFCL.NS] Bypassed status. Failed strict quantitative thresholds.
2026-10-05 21:18:06,406 [INFO]  -> [HIKAL.NS] Bypassed status. Failed strict quantitative thresholds.
2026-10-05 21:18:06,981 [INFO]  -> [HINDALCO.NS] Golden Rule Satisfied but alert is on cooldown (already alerted within the last 24 trading days). Skipping Telegram send.
2026-10-05 21:18:07,055 [INFO]  -> [HINDCOPPER.NS] Bypassed status. Failed strict quantitative thresholds.
2026-10-05 21:18:07,631 [INFO]  -> [HINDPETRO.NS] Bypassed status. Failed strict quantitative thresholds.
2026-10-05 21:18:08,204 [INFO]  -> [HINDUNILVR.NS] Bypassed status. Failed strict quantitative thresholds.
2026-10-05 21:18:08,779 [INFO]  -> [HLEGLAS.NS] Bypassed status. Failed strict quantitative thresholds.
2026-10-05 21:18:09,376 [INFO]  -> [IBREALEST.NS] Bypassed status. Failed strict quantitative thresholds.
2026-10-05 21:18:09,948 [INFO]  -> [IFBIND.NS] Bypassed status. Failed strict quantitative thresholds.
2026-10-05 21:18:10,525 [INFO]  -> [IGL.NS] Bypassed status. Failed strict quantitative thresholds.
2026-10-05 21:18:11,099 [INFO]  -> [INDIGOPNTS.NS] Bypassed status. Failed strict quantitative thresholds.
2026-10-05 21:18:11,674 [INFO]  -> [INDNIPPON.NS] Bypassed status. Failed strict quantitative thresholds.
2026-10-05 21:18:12,248 [INFO]  -> [INDOCO.NS] Bypassed status. Failed strict quantitative thresholds.
2026-10-05 21:18:12,823 [INFO]  -> [INDUSTOWER.NS] Bypassed status. Failed strict quantitative thresholds.
2026-10-05 21:18:13,367 [INFO]  -> [INNOVACAP.NS] Bypassed status. Failed strict quantitative thresholds.
2026-10-05 21:18:13,942 [INFO]  -> [IOC.NS] Bypassed status. Failed strict quantitative thresholds.
2026-10-05 21:18:14,517 [INFO]  -> [IPCALAB.NS] Bypassed status. Failed strict quantitative thresholds.
2026-10-05 21:18:15,094 [INFO]  -> [IPL.NS] Bypassed status. Failed strict quantitative thresholds.
2026-10-05 21:18:15,666 [INFO]  -> [ISGEC.NS] Bypassed status. Failed strict quantitative thresholds.
2026-10-05 21:18:16,238 [INFO]  -> [ITI.NS] Bypassed status. Failed strict quantitative thresholds.
2026-10-05 21:18:16,813 [INFO]  -> [JAMNAAUTO.NS] Bypassed status. Failed strict quantitative thresholds.
2026-10-05 21:18:17,488 [WARNING] [JBCHEPHARM.NS] Historical price fetch failed: EmptyDataError: 
[Empty] -> No results found. Try adjusting the query parameters.. Falling back to cached/fail-safe data — price will NOT advance this run.
2026-10-05 21:18:17,566 [INFO]  -> [JINDALSAW.NS] Bypassed status. Failed strict quantitative thresholds.
2026-10-05 21:18:18,138 [INFO]  -> [JINDALSTEL.NS] Golden Rule Satisfied but alert is on cooldown (already alerted within the last 24 trading days). Skipping Telegram send.
2026-10-05 21:18:18,209 [INFO]  -> [JKIL.NS] Bypassed status. Failed strict quantitative thresholds.
2026-10-05 21:18:18,781 [INFO]  -> [JKLAKSHMI.NS] Bypassed status. Failed strict quantitative thresholds.
2026-10-05 21:18:19,355 [INFO]  -> [JSL.NS] Bypassed status. Failed strict quantitative thresholds.
2026-10-05 21:18:19,928 [INFO]  -> [JSWENERGY.NS] Bypassed status. Failed strict quantitative thresholds.
2026-10-05 21:18:20,500 [INFO]  -> [JUBLINGREA.NS] Bypassed status. Failed strict quantitative thresholds.
2026-10-05 21:18:21,073 [INFO]  -> [JUBLPHARMA.NS] Bypassed status. Failed strict quantitative thresholds.
2026-10-05 21:18:21,646 [INFO]  -> [KAJARIACER.NS] Bypassed status. Failed strict quantitative thresholds.
2026-10-05 21:18:22,242 [INFO]  -> [KALPATPOWR.NS] Bypassed status. Failed strict quantitative thresholds.
2026-10-05 21:18:22,817 [INFO]  -> [KANSAINER.NS] Bypassed status. Failed strict quantitative thresholds.
2026-10-05 21:18:23,389 [INFO]  -> [KEI.NS] Bypassed status. Failed strict quantitative thresholds.
2026-10-05 21:18:23,984 [INFO]  -> [KEPL.NS] Bypassed status. Failed strict quantitative thresholds.
2026-10-05 21:18:24,558 [INFO]  -> [KIMS.NS] Bypassed status. Failed strict quantitative thresholds.
2026-10-05 21:18:25,136 [INFO]  -> [KIRLOSBROS.NS] Bypassed status. Failed strict quantitative thresholds.
2026-10-05 21:18:25,694 [INFO]  -> [KIRLPNU.NS] Bypassed status. Failed strict quantitative thresholds.
2026-10-05 21:18:26,271 [INFO]  -> [KPITTECH.NS] Bypassed status. Failed strict quantitative thresholds.
2026-10-05 21:18:26,845 [INFO]  -> [KPRMILL.NS] Bypassed status. Failed strict quantitative thresholds.
2026-10-05 21:18:27,423 [INFO]  -> [KRBL.NS] Bypassed status. Failed strict quantitative thresholds.
2026-10-05 21:18:27,996 [INFO]  -> [KRSNAA.NS] Bypassed status. Failed strict quantitative thresholds.
2026-10-05 21:18:28,574 [INFO]  -> [LALPATHLAB.NS] Bypassed status. Failed strict quantitative thresholds.
2026-10-05 21:18:29,149 [INFO]  -> [LAURUSLABS.NS] Bypassed status. Failed strict quantitative thresholds.
2026-10-05 21:18:29,722 [INFO]  -> [LGBBROSLTD.NS] Bypassed status. Failed strict quantitative thresholds.
2026-10-05 21:18:30,297 [INFO]  -> [LIKHITHA.NS] Bypassed status. Failed strict quantitative thresholds.
2026-10-05 21:18:30,875 [INFO]  -> [LINC.NS] Bypassed status. Failed strict quantitative thresholds.
2026-10-05 21:18:31,447 [INFO]  -> [LINDEINDIA.NS] Bypassed status. Failed strict quantitative thresholds.
2026-10-05 21:18:32,026 [INFO]  -> [LLOYDSENGG.NS] Bypassed status. Failed strict quantitative thresholds.
2026-10-05 21:18:32,600 [INFO]  -> [LODHA.NS] Bypassed status. Failed strict quantitative thresholds.
2026-10-05 21:18:33,176 [INFO]  -> [LUMAXTECH.NS] Golden Rule Satisfied but alert is on cooldown (already alerted within the last 24 trading days). Skipping Telegram send.
2026-10-05 21:18:33,249 [INFO]  -> [LUPIN.NS] Bypassed status. Failed strict quantitative thresholds.
2026-10-05 21:18:33,825 [INFO]  -> [LUXIND.NS] Bypassed status. Failed strict quantitative thresholds.
2026-10-05 21:18:34,399 [INFO]  -> [LXCHEM.NS] Bypassed status. Failed strict quantitative thresholds.
2026-10-05 21:18:34,971 [INFO]  -> [MAHLOG.NS] Golden Rule Satisfied but alert is on cooldown (already alerted within the last 24 trading days). Skipping Telegram send.
2026-10-05 21:18:35,022 [INFO]  -> [MANKIND.NS] Bypassed status. Failed strict quantitative thresholds.
2026-10-05 21:18:35,595 [INFO]  -> [MANYAVAR.NS] Bypassed status. Failed strict quantitative thresholds.
2026-10-05 21:18:36,173 [INFO]  -> [MARICO.NS] Bypassed status. Failed strict quantitative thresholds.
2026-10-05 21:18:36,749 [INFO]  -> [MARINE.NS] Golden Rule Satisfied but alert is on cooldown (already alerted within the last 24 trading days). Skipping Telegram send.
2026-10-05 21:18:36,821 [INFO]  -> [MARKSANS.NS] Golden Rule Satisfied but alert is on cooldown (already alerted within the last 24 trading days). Skipping Telegram send.
2026-10-05 21:18:36,891 [INFO]  -> [MARUTI.NS] Bypassed status. Failed strict quantitative thresholds.
2026-10-05 21:18:37,466 [INFO]  -> [MAXHEALTH.NS] Bypassed status. Failed strict quantitative thresholds.
2026-10-05 21:18:38,027 [INFO]  -> [MEDANTA.NS] Bypassed status. Failed strict quantitative thresholds.
2026-10-05 21:18:38,599 [INFO]  -> [MEDPLUS.NS] Bypassed status. Failed strict quantitative thresholds.
2026-10-05 21:18:39,170 [INFO]  -> [METROBRAND.NS] Bypassed status. Failed strict quantitative thresholds.
2026-10-05 21:18:39,746 [INFO]  -> [METROPOLIS.NS] Bypassed status. Failed strict quantitative thresholds.
2026-10-05 21:18:40,321 [INFO]  -> [MGL.NS] Bypassed status. Failed strict quantitative thresholds.
2026-10-05 21:18:40,894 [INFO]  -> [MINDACORP.NS] Bypassed status. Failed strict quantitative thresholds.
2026-10-05 21:18:41,471 [INFO]  -> [MMTC.NS] Bypassed status. Failed strict quantitative thresholds.
2026-10-05 21:18:42,047 [INFO]  -> [MOIL.NS] Bypassed status. Failed strict quantitative thresholds.
2026-10-05 21:18:42,620 [INFO]  -> [MONTECARLO.NS] Bypassed status. Failed strict quantitative thresholds.
2026-10-05 21:18:43,198 [INFO]  -> [MOTHERSON.NS] Bypassed status. Failed strict quantitative thresholds.
2026-10-05 21:18:43,771 [INFO]  -> [MSUMI.NS] Bypassed status. Failed strict quantitative thresholds.
2026-10-05 21:18:44,346 [INFO]  -> [NATCOPHARM.NS] Bypassed status. Failed strict quantitative thresholds.
2026-10-05 21:18:44,920 [INFO]  -> [NATIONALUM.NS] Bypassed status. Failed strict quantitative thresholds.
2026-10-05 21:18:45,495 [INFO]  -> [NAZARA.NS] Bypassed status. Failed strict quantitative thresholds.
2026-10-05 21:18:46,075 [INFO]  -> [NOCIL.NS] Bypassed status. Failed strict quantitative thresholds.
2026-10-05 21:18:46,651 [INFO]  -> [NRBBEARING.NS] Bypassed status. Failed strict quantitative thresholds.
2026-10-05 21:18:47,227 [INFO]  -> [NUVOCO.NS] Bypassed status. Failed strict quantitative thresholds.
2026-10-05 21:18:47,802 [INFO]  -> [NYKAA.NS] Bypassed status. Failed strict quantitative thresholds.
2026-10-05 21:18:48,377 [INFO]  -> [OAL.NS] Bypassed status. Failed strict quantitative thresholds.
2026-10-05 21:18:48,950 [INFO]  -> [OBEROIRLTY.NS] Bypassed status. Failed strict quantitative thresholds.
2026-10-05 21:18:49,525 [INFO]  -> [OIL.NS] Bypassed status. Failed strict quantitative thresholds.
2026-10-05 21:18:50,101 [INFO]  -> [OLECTRA.NS] Golden Rule Satisfied but alert is on cooldown (already alerted within the last 24 trading days). Skipping Telegram send.
2026-10-05 21:18:50,177 [INFO]  -> [ONGC.NS] Bypassed status. Failed strict quantitative thresholds.
2026-10-05 21:18:50,754 [INFO]  -> [ORIENTELEC.NS] Bypassed status. Failed strict quantitative thresholds.
2026-10-05 21:18:51,328 [INFO]  -> [PAGEIND.NS] Bypassed status. Failed strict quantitative thresholds.
2026-10-05 21:18:51,905 [INFO]  -> [PCBL.NS] Bypassed status. Failed strict quantitative thresholds.
2026-10-05 21:18:52,483 [INFO]  -> [PDMJEPAPER.NS] Bypassed status. Failed strict quantitative thresholds.
2026-10-05 21:18:53,064 [INFO]  -> [PDSL.NS] Bypassed status. Failed strict quantitative thresholds.
2026-10-05 21:18:53,641 [INFO]  -> [PERSISTENT.NS] Bypassed status. Failed strict quantitative thresholds.
2026-10-05 21:18:54,214 [INFO]  -> [PFIZER.NS] Bypassed status. Failed strict quantitative thresholds.
2026-10-05 21:18:54,788 [INFO]  -> [PGHH.NS] Bypassed status. Failed strict quantitative thresholds.
2026-10-05 21:18:55,362 [INFO]  -> [PGHL.NS] Bypassed status. Failed strict quantitative thresholds.
2026-10-05 21:18:55,943 [INFO]  -> [PHOENIXLTD.NS] Golden Rule Satisfied but alert is on cooldown (already alerted within the last 24 trading days). Skipping Telegram send.
2026-10-05 21:18:56,022 [INFO]  -> [PIDILITIND.NS] Bypassed status. Failed strict quantitative thresholds.
2026-10-05 21:18:56,601 [INFO]  -> [PIIND.NS] Bypassed status. Failed strict quantitative thresholds.
2026-10-05 21:18:57,168 [INFO]  -> [PIXTRANS.NS] Bypassed status. Failed strict quantitative thresholds.
2026-10-05 21:18:57,746 [INFO]  -> [PNCINFRA.NS] Bypassed status. Failed strict quantitative thresholds.
2026-10-05 21:18:58,325 [INFO]  -> [POCL.NS] Bypassed status. Failed strict quantitative thresholds.
2026-10-05 21:18:58,904 [INFO]  -> [POKARNA.NS] Bypassed status. Failed strict quantitative thresholds.
2026-10-05 21:18:59,477 [INFO]  -> [POLYCAB.NS] Bypassed status. Failed strict quantitative thresholds.
2026-10-05 21:19:00,052 [INFO]  -> [POLYMED.NS] Bypassed status. Failed strict quantitative thresholds.
2026-10-05 21:19:00,629 [INFO]  -> [POLYPLEX.NS] Bypassed status. Failed strict quantitative thresholds.
2026-10-05 21:19:01,204 [INFO]  -> [POWERINDIA.NS] Bypassed status. Failed strict quantitative thresholds.
2026-10-05 21:19:01,768 [INFO]  -> [PPLPHARMA.NS] Bypassed status. Failed strict quantitative thresholds.
2026-10-05 21:19:02,342 [INFO]  -> [PRESTIGE.NS] Bypassed status. Failed strict quantitative thresholds.
2026-10-05 21:19:02,916 [INFO]  -> [PRINCEPIPE.NS] Bypassed status. Failed strict quantitative thresholds.
2026-10-05 21:19:03,489 [INFO]  -> [QUESS.NS] Bypassed status. Failed strict quantitative thresholds.
2026-10-05 21:19:04,063 [INFO]  -> [RAILTEL.NS] Bypassed status. Failed strict quantitative thresholds.
2026-10-05 21:19:04,639 [INFO]  -> [RAJESHEXPO.NS] Bypassed status. Failed strict quantitative thresholds.
2026-10-05 21:19:05,216 [INFO]  -> [RALLIS.NS] Bypassed status. Failed strict quantitative thresholds.
2026-10-05 21:19:05,794 [INFO]  -> [RAMCOCEM.NS] Bypassed status. Failed strict quantitative thresholds.
2026-10-05 21:19:06,373 [INFO]  -> [RATNAMANI.NS] Bypassed status. Failed strict quantitative thresholds.
2026-10-05 21:19:06,951 [INFO]  -> [RBA.NS] Bypassed status. Failed strict quantitative thresholds.
2026-10-05 21:19:07,526 [INFO]  -> [RCF.NS] Bypassed status. Failed strict quantitative thresholds.
2026-10-05 21:19:08,105 [INFO]  -> [REDINGTON.NS] Bypassed status. Failed strict quantitative thresholds.
2026-10-05 21:19:08,681 [INFO]  -> [RELAXO.NS] Bypassed status. Failed strict quantitative thresholds.
2026-10-05 21:19:09,257 [INFO]  -> [RELIANCE.NS] Bypassed status. Failed strict quantitative thresholds.
2026-10-05 21:19:09,830 [INFO]  -> [RELINFRA.NS] Bypassed status. Failed strict quantitative thresholds.
2026-10-05 21:19:10,407 [INFO]  -> [RESPONIND.NS] Bypassed status. Failed strict quantitative thresholds.
2026-10-05 21:19:10,981 [INFO]  -> [RHIM.NS] Bypassed status. Failed strict quantitative thresholds.
2026-10-05 21:19:11,556 [INFO]  -> [ROSSARI.NS] Bypassed status. Failed strict quantitative thresholds.
2026-10-05 21:19:12,132 [INFO]  -> [ROUTE.NS] Bypassed status. Failed strict quantitative thresholds.
2026-10-05 21:19:12,709 [INFO]  -> [SAIL.NS] Bypassed status. Failed strict quantitative thresholds.
2026-10-05 21:19:13,285 [INFO]  -> [SANDHAR.NS] Bypassed status. Failed strict quantitative thresholds.
2026-10-05 21:19:13,858 [INFO]  -> [SANOFI.NS] Bypassed status. Failed strict quantitative thresholds.
2026-10-05 21:19:14,435 [INFO]  -> [SCHAEFFLER.NS] Bypassed status. Failed strict quantitative thresholds.
2026-10-05 21:19:15,011 [INFO]  -> [SCI.NS] Bypassed status. Failed strict quantitative thresholds.
2026-10-05 21:19:15,589 [INFO]  -> [SFL.NS] Bypassed status. Failed strict quantitative thresholds.
2026-10-05 21:19:16,167 [INFO]  -> [SHAKTIPUMP.NS] Bypassed status. Failed strict quantitative thresholds.
2026-10-05 21:19:16,744 [INFO]  -> [SHANTIGEAR.NS] Bypassed status. Failed strict quantitative thresholds.
2026-10-05 21:19:17,319 [INFO]  -> [SHARDACROP.NS] Bypassed status. Failed strict quantitative thresholds.
2026-10-05 21:19:17,896 [INFO]  -> [SHILPAMED.NS] Bypassed status. Failed strict quantitative thresholds.
2026-10-05 21:19:18,473 [INFO]  -> [SHYAMMETL.NS] Bypassed status. Failed strict quantitative thresholds.
2026-10-05 21:19:19,050 [INFO]  -> [SIEMENS.NS] Bypassed status. Failed strict quantitative thresholds.
2026-10-05 21:19:19,624 [INFO]  -> [SIS.NS] Bypassed status. Failed strict quantitative thresholds.
2026-10-05 21:19:20,203 [INFO]  -> [SJVN.NS] Bypassed status. Failed strict quantitative thresholds.
2026-10-05 21:19:20,778 [INFO]  -> [SKFINDIA.NS] Bypassed status. Failed strict quantitative thresholds.
2026-10-05 21:19:21,357 [INFO]  -> [SKIPPER.NS] Bypassed status. Failed strict quantitative thresholds.
2026-10-05 21:19:21,931 [INFO]  -> [SOBHA.NS] Bypassed status. Failed strict quantitative thresholds.
2026-10-05 21:19:22,502 [INFO]  -> [SOLARINDS.NS] Bypassed status. Failed strict quantitative thresholds.
2026-10-05 21:19:23,078 [INFO]  -> [SONACOMS.NS] Bypassed status. Failed strict quantitative thresholds.
2026-10-05 21:19:23,652 [INFO]  -> [SPARC.NS] Bypassed status. Failed strict quantitative thresholds.
2026-10-05 21:19:24,230 [INFO]  -> [SRF.NS] Bypassed status. Failed strict quantitative thresholds.
2026-10-05 21:19:24,806 [INFO]  -> [STYLAMIND.NS] Golden Rule Satisfied but alert is on cooldown (already alerted within the last 24 trading days). Skipping Telegram send.
2026-10-05 21:19:24,879 [INFO]  -> [SUBROS.NS] Bypassed status. Failed strict quantitative thresholds.
2026-10-05 21:19:25,451 [INFO]  -> [SUDARSCHEM.NS] Bypassed status. Failed strict quantitative thresholds.
2026-10-05 21:19:26,024 [INFO]  -> [SUMICHEM.NS] Bypassed status. Failed strict quantitative thresholds.
2026-10-05 21:19:26,598 [INFO]  -> [SUNDRMFAST.NS] Bypassed status. Failed strict quantitative thresholds.
2026-10-05 21:19:27,173 [INFO]  -> [SUNPHARMA.NS] Bypassed status. Failed strict quantitative thresholds.
2026-10-05 21:19:27,749 [INFO]  -> [SUNTECK.NS] Bypassed status. Failed strict quantitative thresholds.
2026-10-05 21:19:28,323 [INFO]  -> [SUPRAJIT.NS] Bypassed status. Failed strict quantitative thresholds.
2026-10-05 21:19:28,896 [INFO]  -> [SUPREMEIND.NS] Bypassed status. Failed strict quantitative thresholds.
2026-10-05 21:19:29,467 [INFO]  -> [SUPRIYA.NS] Bypassed status. Failed strict quantitative thresholds.
2026-10-05 21:19:30,041 [INFO]  -> [SYMPHONY.NS] Bypassed status. Failed strict quantitative thresholds.
2026-10-05 21:19:30,616 [INFO]  -> [SYNGENE.NS] Bypassed status. Failed strict quantitative thresholds.
2026-10-05 21:19:31,192 [INFO]  -> [TARIL.NS] Bypassed status. Failed strict quantitative thresholds.
2026-10-05 21:19:31,764 [INFO]  -> [TATACHEM.NS] Bypassed status. Failed strict quantitative thresholds.
2026-10-05 21:19:32,337 [INFO]  -> [TATACONSUM.NS] Bypassed status. Failed strict quantitative thresholds.
2026-10-05 21:19:32,913 [INFO]  -> [TATASTEEL.NS] Golden Rule Satisfied but alert is on cooldown (already alerted within the last 24 trading days). Skipping Telegram send.
2026-10-05 21:19:32,983 [INFO]  -> [TCI.NS] Bypassed status. Failed strict quantitative thresholds.
2026-10-05 21:19:33,555 [INFO]  -> [TCIEXP.NS] Bypassed status. Failed strict quantitative thresholds.
2026-10-05 21:19:34,127 [INFO]  -> [TEJASNET.NS] Bypassed status. Failed strict quantitative thresholds.
2026-10-05 21:19:34,702 [INFO]  -> [TEXRAIL.NS] Golden Rule Satisfied but alert is on cooldown (already alerted within the last 24 trading days). Skipping Telegram send.
2026-10-05 21:19:34,773 [INFO]  -> [THERMAX.NS] Bypassed status. Failed strict quantitative thresholds.
2026-10-05 21:19:35,349 [INFO]  -> [THYROCARE.NS] Bypassed status. Failed strict quantitative thresholds.
2026-10-05 21:19:35,922 [INFO]  -> [TIINDIA.NS] Bypassed status. Failed strict quantitative thresholds.
2026-10-05 21:19:36,501 [INFO]  -> [TIMETECHNO.NS] Bypassed status. Failed strict quantitative thresholds.
2026-10-05 21:19:37,074 [INFO]  -> [TIMKEN.NS] Bypassed status. Failed strict quantitative thresholds.
2026-10-05 21:19:37,651 [INFO]  -> [TRIDENT.NS] Bypassed status. Failed strict quantitative thresholds.
2026-10-05 21:19:38,225 [INFO]  -> [TRITURBINE.NS] Bypassed status. Failed strict quantitative thresholds.
2026-10-05 21:19:38,800 [INFO]  -> [TTKPRESTIG.NS] Bypassed status. Failed strict quantitative thresholds.
2026-10-05 21:19:39,377 [INFO]  -> [UNICHEMLAB.NS] Golden Rule Satisfied but alert is on cooldown (already alerted within the last 24 trading days). Skipping Telegram send.
2026-10-05 21:19:39,451 [INFO]  -> [UNOMINDA.NS] Bypassed status. Failed strict quantitative thresholds.
2026-10-05 21:19:40,024 [INFO]  -> [UPL.NS] Bypassed status. Failed strict quantitative thresholds.
2026-10-05 21:19:40,602 [INFO]  -> [VAIBHAVGBL.NS] Bypassed status. Failed strict quantitative thresholds.
2026-10-05 21:19:41,178 [INFO]  -> [VARROC.NS] Bypassed status. Failed strict quantitative thresholds.
2026-10-05 21:19:41,755 [INFO]  -> [VBL.NS] Bypassed status. Failed strict quantitative thresholds.
2026-10-05 21:19:42,329 [INFO]  -> [VEDL.NS] Bypassed status. Failed strict quantitative thresholds.
2026-10-05 21:19:42,906 [INFO]  -> [VGUARD.NS] Bypassed status. Failed strict quantitative thresholds.
2026-10-05 21:19:43,483 [INFO]  -> [VIJAYA.NS] Golden Rule Satisfied but alert is on cooldown (already alerted within the last 24 trading days). Skipping Telegram send.
2026-10-05 21:19:43,557 [INFO]  -> [VINATIORGA.NS] Bypassed status. Failed strict quantitative thresholds.
2026-10-05 21:19:44,134 [INFO]  -> [VIPIND.NS] Bypassed status. Failed strict quantitative thresholds.
2026-10-05 21:19:44,712 [INFO]  -> [VMART.NS] Bypassed status. Failed strict quantitative thresholds.
2026-10-05 21:19:45,287 [INFO]  -> [VOLTAS.NS] Bypassed status. Failed strict quantitative thresholds.
2026-10-05 21:19:45,864 [INFO]  -> [VTL.NS] Bypassed status. Failed strict quantitative thresholds.
2026-10-05 21:19:46,439 [INFO]  -> [WELCORP.NS] Bypassed status. Failed strict quantitative thresholds.
2026-10-05 21:19:47,014 [INFO]  -> [WELSPUNLIV.NS] Bypassed status. Failed strict quantitative thresholds.
2026-10-05 21:19:47,589 [INFO]  -> [WHIRLPOOL.NS] Bypassed status. Failed strict quantitative thresholds.
2026-10-05 21:19:48,165 [INFO]  -> [WOCKPHARMA.NS] Bypassed status. Failed strict quantitative thresholds.
2026-10-05 21:19:48,741 [INFO]  -> [YUKEN.NS] Bypassed status. Failed strict quantitative thresholds.
2026-10-05 21:19:49,320 [INFO]  -> [ZFCVINDIA.NS] Bypassed status. Failed strict quantitative thresholds.
2026-10-05 21:19:49,898 [INFO]  -> [ZYDUSLIFE.NS] Bypassed status. Failed strict quantitative thresholds.
2026-10-05 21:19:50,477 [INFO]  -> [ZYDUSWELL.NS] Bypassed status. Failed strict quantitative thresholds.
2026-10-05 21:19:50,978 [INFO] [Complete] Quant script loops finished successfully. Overwriting metrics...
2026-10-05 21:20:02,908 [INFO] ✓ Central output matrix overwritten successfully.
2026-10-06 19:03:41,012 [INFO] =================================================================
2026-10-06 19:03:41,013 [INFO] RUNNING CONSOLIDATED SYSTEM SCRIPTS
2026-10-06 19:03:41,013 [INFO] =================================================================
2026-10-06 19:03:41,761 [INFO]  -> [AARTIDRUGS.NS] Bypassed status. Failed strict quantitative thresholds.
2026-10-06 19:03:42,806 [INFO]  -> [ACE.NS] Bypassed status. Failed strict quantitative thresholds.
2026-10-06 19:03:43,692 [INFO]  -> [AFFLE.NS] Bypassed status. Failed strict quantitative thresholds.
2026-10-06 19:03:44,682 [INFO]  -> [AIAENG.NS] Bypassed status. Failed strict quantitative thresholds.
2026-10-06 19:03:45,569 [INFO]  -> [ALKYLAMINE.NS] Bypassed status. Failed strict quantitative thresholds.
2026-10-06 19:03:46,494 [INFO]  -> [ALLCARGO.NS] Bypassed status. Failed strict quantitative thresholds.
2026-10-06 19:03:47,333 [INFO]  -> [AMBER.NS] Bypassed status. Failed strict quantitative thresholds.
2026-10-06 19:03:48,219 [INFO]  -> [AMBUJACEM.NS] Bypassed status. Failed strict quantitative thresholds.
2026-10-06 19:03:49,182 [INFO]  -> [ANANTRAJ.NS] Bypassed status. Failed strict quantitative thresholds.
2026-10-06 19:03:50,218 [INFO]  -> [ANURAS.NS] Bypassed status. Failed strict quantitative thresholds.
2026-10-06 19:03:51,092 [INFO]  -> [APLAPOLLO.NS] Bypassed status. Failed strict quantitative thresholds.
2026-10-06 19:03:52,187 [INFO]  -> [APLLTD.NS] Bypassed status. Failed strict quantitative thresholds.
2026-10-06 19:03:53,156 [INFO]  -> [APOLLO.NS] Bypassed status. Failed strict quantitative thresholds.
2026-10-06 19:03:54,072 [INFO]  -> [APOLLOHOSP.NS] Bypassed status. Failed strict quantitative thresholds.
2026-10-06 19:03:55,326 [INFO]  -> [APOLLOTYRE.NS] Bypassed status. Failed strict quantitative thresholds.
2026-10-06 19:03:56,318 [INFO]  -> [ARE&M.NS] Bypassed status. Failed strict quantitative thresholds.
2026-10-06 19:03:57,300 [INFO]  -> [ARTEMISMED.NS] Bypassed status. Failed strict quantitative thresholds.
2026-10-06 19:03:58,436 [INFO]  -> [ASAHIINDIA.NS] Bypassed status. Failed strict quantitative thresholds.
2026-10-06 19:03:59,265 [INFO]  -> [ASIANENE.NS] Bypassed status. Failed strict quantitative thresholds.
2026-10-06 19:04:00,144 [INFO]  -> [ASIANPAINT.NS] Bypassed status. Failed strict quantitative thresholds.
2026-10-06 19:04:00,950 [INFO]  -> [ASKAUTOLTD.NS] Bypassed status. Failed strict quantitative thresholds.
2026-10-06 19:04:02,029 [INFO]  -> [ASTRAL.NS] Bypassed status. Failed strict quantitative thresholds.
2026-10-06 19:04:02,994 [INFO]  -> [ASTRAZEN.NS] Bypassed status. Failed strict quantitative thresholds.
2026-10-06 19:04:03,838 [INFO]  -> [ATGL.NS] Bypassed status. Failed strict quantitative thresholds.
2026-10-06 19:04:04,951 [INFO]  -> [ATUL.NS] Bypassed status. Failed strict quantitative thresholds.
2026-10-06 19:04:05,871 [INFO]  -> [AUROPHARMA.NS] Golden Rule Satisfied but alert is on cooldown (already alerted within the last 24 trading days). Skipping Telegram send.
2026-10-06 19:04:06,286 [INFO]  -> [AVANTIFEED.NS] Bypassed status. Failed strict quantitative thresholds.
2026-10-06 19:04:07,141 [INFO]  -> [AYMSYNTEX.NS] Bypassed status. Failed strict quantitative thresholds.
2026-10-06 19:04:08,088 [INFO]  -> [BAJAJELEC.NS] Bypassed status. Failed strict quantitative thresholds.
2026-10-06 19:04:08,926 [INFO]  -> [BAJAJHCARE.NS] Bypassed status. Failed strict quantitative thresholds.
2026-10-06 19:04:09,791 [INFO]  -> [BALKRISIND.NS] Bypassed status. Failed strict quantitative thresholds.
2026-10-06 19:04:10,656 [INFO]  -> [BASF.NS] Bypassed status. Failed strict quantitative thresholds.
2026-10-06 19:04:11,533 [INFO]  -> [BATAINDIA.NS] Bypassed status. Failed strict quantitative thresholds.
2026-10-06 19:04:12,565 [INFO]  -> [BAYERCROP.NS] Bypassed status. Failed strict quantitative thresholds.
2026-10-06 19:04:13,496 [INFO]  -> [BBTC.NS] Bypassed status. Failed strict quantitative thresholds.
2026-10-06 19:04:14,427 [INFO]  -> [BECTORFOOD.NS] Bypassed status. Failed strict quantitative thresholds.
2026-10-06 19:04:15,376 [INFO]  -> [BERGEPAINT.NS] Bypassed status. Failed strict quantitative thresholds.
2026-10-06 19:04:16,251 [INFO]  -> [BHARATRAS.NS] Bypassed status. Failed strict quantitative thresholds.
2026-10-06 19:04:17,131 [INFO]  -> [BIKAJI.NS] Bypassed status. Failed strict quantitative thresholds.
2026-10-06 19:04:17,999 [INFO]  -> [BIOCON.NS] Bypassed status. Failed strict quantitative thresholds.
2026-10-06 19:04:18,952 [INFO]  -> [BIRLACORPN.NS] Bypassed status. Failed strict quantitative thresholds.
2026-10-06 19:04:19,895 [INFO]  -> [BLUESTARCO.NS] Bypassed status. Failed strict quantitative thresholds.
2026-10-06 19:04:20,795 [INFO]  -> [BORORENEW.NS] Bypassed status. Failed strict quantitative thresholds.
2026-10-06 19:04:21,650 [INFO]  -> [BRIGADE.NS] Bypassed status. Failed strict quantitative thresholds.
2026-10-06 19:04:22,497 [INFO]  -> [CAMPUS.NS] Bypassed status. Failed strict quantitative thresholds.
2026-10-06 19:04:23,628 [INFO]  -> [CAPLIPOINT.NS] Bypassed status. Failed strict quantitative thresholds.
2026-10-06 19:04:24,589 [INFO]  -> [CARBORUNIV.NS] Bypassed status. Failed strict quantitative thresholds.
2026-10-06 19:04:25,505 [INFO]  -> [CCL.NS] Bypassed status. Failed strict quantitative thresholds.
2026-10-06 19:04:26,670 [INFO]  -> [CEATLTD.NS] Bypassed status. Failed strict quantitative thresholds.
2026-10-06 19:04:27,582 [INFO]  -> [CENTURYPLY.NS] Bypassed status. Failed strict quantitative thresholds.
2026-10-06 19:04:28,573 [INFO]  -> [CERA.NS] Bypassed status. Failed strict quantitative thresholds.
2026-10-06 19:04:29,451 [INFO]  -> [CGPOWER.NS] Bypassed status. Failed strict quantitative thresholds.
2026-10-06 19:04:30,447 [INFO]  -> [CHAMBLFERT.NS] Bypassed status. Failed strict quantitative thresholds.
2026-10-06 19:04:31,341 [INFO]  -> [CHEMPLASTS.NS] Bypassed status. Failed strict quantitative thresholds.
2026-10-06 19:04:32,221 [INFO]  -> [CIPLA.NS] Bypassed status. Failed strict quantitative thresholds.
2026-10-06 19:04:33,058 [INFO]  -> [CLEAN.NS] Bypassed status. Failed strict quantitative thresholds.
2026-10-06 19:04:34,034 [INFO]  -> [COALINDIA.NS] Bypassed status. Failed strict quantitative thresholds.
2026-10-06 19:04:34,978 [INFO]  -> [COCHINSHIP.NS] Bypassed status. Failed strict quantitative thresholds.
2026-10-06 19:04:36,088 [INFO]  -> [COLPAL.NS] Bypassed status. Failed strict quantitative thresholds.
2026-10-06 19:04:37,055 [INFO]  -> [CONCOR.NS] Bypassed status. Failed strict quantitative thresholds.
2026-10-06 19:04:37,939 [INFO]  -> [COSMOFIRST.NS] Bypassed status. Failed strict quantitative thresholds.
2026-10-06 19:04:38,778 [INFO]  -> [CROMPTON.NS] Bypassed status. Failed strict quantitative thresholds.
2026-10-06 19:04:39,708 [INFO]  -> [CYIENT.NS] Bypassed status. Failed strict quantitative thresholds.
2026-10-06 19:04:40,781 [INFO]  -> [DABUR.NS] Bypassed status. Failed strict quantitative thresholds.
2026-10-06 19:04:41,616 [INFO]  -> [DALBHARAT.NS] Bypassed status. Failed strict quantitative thresholds.
2026-10-06 19:04:42,527 [INFO]  -> [DCMSHRIRAM.NS] Bypassed status. Failed strict quantitative thresholds.
2026-10-06 19:04:43,401 [INFO]  -> [DEEPAKFERT.NS] Bypassed status. Failed strict quantitative thresholds.
2026-10-06 19:04:44,291 [INFO]  -> [DEEPAKNTR.NS] Bypassed status. Failed strict quantitative thresholds.
2026-10-06 19:04:45,253 [INFO]  -> [DELHIVERY.NS] Bypassed status. Failed strict quantitative thresholds.
2026-10-06 19:04:46,123 [INFO]  -> [DHANUKA.NS] Bypassed status. Failed strict quantitative thresholds.
2026-10-06 19:04:47,036 [INFO]  -> [DIVISLAB.NS] Bypassed status. Failed strict quantitative thresholds.
2026-10-06 19:04:48,043 [INFO]  -> [DLF.NS] Bypassed status. Failed strict quantitative thresholds.
2026-10-06 19:04:49,187 [INFO]  -> [DMART.NS] Bypassed status. Failed strict quantitative thresholds.
2026-10-06 19:04:50,110 [INFO]  -> [DOLLAR.NS] Bypassed status. Failed strict quantitative thresholds.
2026-10-06 19:04:51,445 [INFO]  -> [DRREDDY.NS] Bypassed status. Failed strict quantitative thresholds.
2026-10-06 19:04:52,304 [INFO]  -> [DYCL.NS] Bypassed status. Failed strict quantitative thresholds.
2026-10-06 19:04:53,273 [INFO]  -> [ECLERX.NS] Bypassed status. Failed strict quantitative thresholds.
2026-10-06 19:04:54,549 [INFO]  -> [EICHERMOT.NS] Bypassed status. Failed strict quantitative thresholds.
2026-10-06 19:04:55,461 [INFO]  -> [EIDPARRY.NS] Bypassed status. Failed strict quantitative thresholds.
2026-10-06 19:04:56,455 [INFO]  -> [EKC.NS] Bypassed status. Failed strict quantitative thresholds.
2026-10-06 19:04:57,351 [INFO]  -> [ELGIEQUIP.NS] Bypassed status. Failed strict quantitative thresholds.
2026-10-06 19:04:58,299 [INFO]  -> [EMAMILTD.NS] Bypassed status. Failed strict quantitative thresholds.
2026-10-06 19:04:59,530 [INFO]  -> [EMUDHRA.NS] Bypassed status. Failed strict quantitative thresholds.
2026-10-06 19:05:00,432 [INFO]  -> [ENDURANCE.NS] Bypassed status. Failed strict quantitative thresholds.
2026-10-06 19:05:01,292 [INFO]  -> [EPL.NS] Bypassed status. Failed strict quantitative thresholds.
2026-10-06 19:05:02,154 [INFO]  -> [FDC.NS] Bypassed status. Failed strict quantitative thresholds.
2026-10-06 19:05:03,098 [INFO]  -> [FINCABLES.NS] Bypassed status. Failed strict quantitative thresholds.
2026-10-06 19:05:04,000 [INFO]  -> [FINEORG.NS] Bypassed status. Failed strict quantitative thresholds.
2026-10-06 19:05:04,902 [INFO]  -> [FINPIPE.NS] Bypassed status. Failed strict quantitative thresholds.
2026-10-06 19:05:05,815 [INFO]  -> [FLUOROCHEM.NS] Bypassed status. Failed strict quantitative thresholds.
2026-10-06 19:05:06,730 [INFO]  -> [FMGOETZE.NS] Bypassed status. Failed strict quantitative thresholds.
2026-10-06 19:05:07,563 [INFO]  -> [FORTIS.NS] Bypassed status. Failed strict quantitative thresholds.
2026-10-06 19:05:08,427 [INFO]  -> [GABRIEL.NS] Golden Rule Satisfied but alert is on cooldown (already alerted within the last 24 trading days). Skipping Telegram send.
2026-10-06 19:05:09,037 [INFO]  -> [GAEL.NS] Bypassed status. Failed strict quantitative thresholds.
2026-10-06 19:05:10,000 [INFO]  -> [GAIL.NS] Bypassed status. Failed strict quantitative thresholds.
2026-10-06 19:05:10,846 [INFO]  -> [GALAXYSURF.NS] Bypassed status. Failed strict quantitative thresholds.
2026-10-06 19:05:11,690 [INFO]  -> [GANECOS.NS] Bypassed status. Failed strict quantitative thresholds.
2026-10-06 19:05:13,000 [INFO]  -> [GARFIBRES.NS] Bypassed status. Failed strict quantitative thresholds.
2026-10-06 19:05:13,989 [INFO]  -> [GENESYS.NS] Bypassed status. Failed strict quantitative thresholds.
2026-10-06 19:05:14,818 [INFO]  -> [GHCLTEXTIL.NS] Bypassed status. Failed strict quantitative thresholds.
2026-10-06 19:05:15,643 [INFO]  -> [GLAND.NS] Bypassed status. Failed strict quantitative thresholds.
2026-10-06 19:05:16,538 [INFO]  -> [GLENMARK.NS] Golden Rule Satisfied... Dispatching alerts...
2026-10-06 19:05:17,220 [INFO]  ✓ Telegram text alert delivered successfully via bot for GLENMARK!
2026-10-06 19:05:21,537 [INFO]  ✓ Telegram visual card delivered successfully to phone for GLENMARK!
2026-10-06 19:05:22,443 [INFO]  -> [GMMPFAUDLR.NS] Bypassed status. Failed strict quantitative thresholds.
2026-10-06 19:05:23,284 [INFO]  -> [GODREJAGRO.NS] Bypassed status. Failed strict quantitative thresholds.
2026-10-06 19:05:24,221 [INFO]  -> [GODREJCP.NS] Bypassed status. Failed strict quantitative thresholds.
2026-10-06 19:05:25,148 [INFO]  -> [GOKULAGRO.NS] Bypassed status. Failed strict quantitative thresholds.
2026-10-06 19:05:26,062 [INFO]  -> [GOODLUCK.NS] Bypassed status. Failed strict quantitative thresholds.
2026-10-06 19:05:26,992 [INFO]  -> [GPPL.NS] Bypassed status. Failed strict quantitative thresholds.
2026-10-06 19:05:28,178 [INFO]  -> [GRANULES.NS] Bypassed status. Failed strict quantitative thresholds.
2026-10-06 19:05:29,192 [INFO]  -> [GRAPHITE.NS] Bypassed status. Failed strict quantitative thresholds.
2026-10-06 19:05:30,020 [INFO]  -> [GREENPANEL.NS] Bypassed status. Failed strict quantitative thresholds.
2026-10-06 19:05:31,060 [INFO]  -> [GRINDWELL.NS] Bypassed status. Failed strict quantitative thresholds.
2026-10-06 19:05:31,947 [INFO]  -> [GRWRHITECH.NS] Bypassed status. Failed strict quantitative thresholds.
2026-10-06 19:05:32,965 [WARNING] [GSPL.NS] Historical price fetch failed: EmptyDataError: 
[Empty] -> No results found. Try adjusting the query parameters.. Falling back to cached/fail-safe data — price will NOT advance this run.
2026-10-06 19:05:33,449 [INFO]  -> [GUJALKALI.NS] Bypassed status. Failed strict quantitative thresholds.
2026-10-06 19:05:34,014 [INFO]  -> [GUJGASLTD.NS] Bypassed status. Failed strict quantitative thresholds.
2026-10-06 19:05:34,912 [INFO]  -> [GVT&D.NS] Bypassed status. Failed strict quantitative thresholds.
2026-10-06 19:05:35,785 [INFO]  -> [HARDWYN.NS] Bypassed status. Failed strict quantitative thresholds.
2026-10-06 19:05:36,713 [INFO]  -> [HAVELLS.NS] Bypassed status. Failed strict quantitative thresholds.
2026-10-06 19:05:37,581 [INFO]  -> [HEG.NS] Bypassed status. Failed strict quantitative thresholds.
2026-10-06 19:05:38,498 [INFO]  -> [HERANBA.NS] Bypassed status. Failed strict quantitative thresholds.
2026-10-06 19:05:39,520 [INFO]  -> [HEROMOTOCO.NS] Bypassed status. Failed strict quantitative thresholds.
2026-10-06 19:05:40,389 [INFO]  -> [HFCL.NS] Bypassed status. Failed strict quantitative thresholds.
2026-10-06 19:05:41,456 [INFO]  -> [HIKAL.NS] Bypassed status. Failed strict quantitative thresholds.
2026-10-06 19:05:42,329 [INFO]  -> [HINDALCO.NS] Golden Rule Satisfied but alert is on cooldown (already alerted within the last 24 trading days). Skipping Telegram send.
2026-10-06 19:05:42,776 [INFO]  -> [HINDCOPPER.NS] Bypassed status. Failed strict quantitative thresholds.
2026-10-06 19:05:44,150 [INFO]  -> [HINDPETRO.NS] Bypassed status. Failed strict quantitative thresholds.
2026-10-06 19:05:45,023 [INFO]  -> [HINDUNILVR.NS] Bypassed status. Failed strict quantitative thresholds.
2026-10-06 19:05:45,897 [INFO]  -> [HLEGLAS.NS] Bypassed status. Failed strict quantitative thresholds.
2026-10-06 19:05:46,461 [INFO]  -> [IBREALEST.NS] Bypassed status. Failed strict quantitative thresholds.
2026-10-06 19:05:47,285 [INFO]  -> [IFBIND.NS] Bypassed status. Failed strict quantitative thresholds.
2026-10-06 19:05:48,184 [INFO]  -> [IGL.NS] Bypassed status. Failed strict quantitative thresholds.
2026-10-06 19:05:49,009 [INFO]  -> [INDIGOPNTS.NS] Bypassed status. Failed strict quantitative thresholds.
2026-10-06 19:05:50,108 [INFO]  -> [INDNIPPON.NS] Bypassed status. Failed strict quantitative thresholds.
2026-10-06 19:05:50,996 [INFO]  -> [INDOCO.NS] Bypassed status. Failed strict quantitative thresholds.
2026-10-06 19:05:52,323 [INFO]  -> [INDUSTOWER.NS] Bypassed status. Failed strict quantitative thresholds.
2026-10-06 19:05:53,155 [INFO]  -> [INNOVACAP.NS] Bypassed status. Failed strict quantitative thresholds.
2026-10-06 19:05:54,231 [INFO]  -> [IOC.NS] Bypassed status. Failed strict quantitative thresholds.
2026-10-06 19:05:55,244 [INFO]  -> [IPCALAB.NS] Bypassed status. Failed strict quantitative thresholds.
2026-10-06 19:05:56,261 [INFO]  -> [IPL.NS] Bypassed status. Failed strict quantitative thresholds.
2026-10-06 19:05:57,343 [INFO]  -> [ISGEC.NS] Bypassed status. Failed strict quantitative thresholds.
2026-10-06 19:05:58,642 [INFO]  -> [ITI.NS] Bypassed status. Failed strict quantitative thresholds.
2026-10-06 19:05:59,622 [INFO]  -> [JAMNAAUTO.NS] Bypassed status. Failed strict quantitative thresholds.
2026-10-06 19:06:00,447 [WARNING] [JBCHEPHARM.NS] Historical price fetch failed: EmptyDataError: 
[Empty] -> No results found. Try adjusting the query parameters.. Falling back to cached/fail-safe data — price will NOT advance this run.
2026-10-06 19:06:00,973 [INFO]  -> [JINDALSAW.NS] Bypassed status. Failed strict quantitative thresholds.
2026-10-06 19:06:02,003 [INFO]  -> [JINDALSTEL.NS] Golden Rule Satisfied but alert is on cooldown (already alerted within the last 24 trading days). Skipping Telegram send.
2026-10-06 19:06:02,445 [INFO]  -> [JKIL.NS] Bypassed status. Failed strict quantitative thresholds.
2026-10-06 19:06:03,319 [INFO]  -> [JKLAKSHMI.NS] Bypassed status. Failed strict quantitative thresholds.
2026-10-06 19:06:04,332 [INFO]  -> [JSL.NS] Bypassed status. Failed strict quantitative thresholds.
2026-10-06 19:06:05,244 [INFO]  -> [JSWENERGY.NS] Bypassed status. Failed strict quantitative thresholds.
2026-10-06 19:06:06,078 [INFO]  -> [JUBLINGREA.NS] Bypassed status. Failed strict quantitative thresholds.
2026-10-06 19:06:07,043 [INFO]  -> [JUBLPHARMA.NS] Bypassed status. Failed strict quantitative thresholds.
2026-10-06 19:06:07,933 [INFO]  -> [KAJARIACER.NS] Bypassed status. Failed strict quantitative thresholds.
2026-10-06 19:06:08,498 [INFO]  -> [KALPATPOWR.NS] Bypassed status. Failed strict quantitative thresholds.
2026-10-06 19:06:09,439 [INFO]  -> [KANSAINER.NS] Bypassed status. Failed strict quantitative thresholds.
2026-10-06 19:06:10,285 [INFO]  -> [KEI.NS] Bypassed status. Failed strict quantitative thresholds.
2026-10-06 19:06:10,850 [INFO]  -> [KEPL.NS] Bypassed status. Failed strict quantitative thresholds.
2026-10-06 19:06:11,687 [INFO]  -> [KIMS.NS] Bypassed status. Failed strict quantitative thresholds.
2026-10-06 19:06:12,545 [INFO]  -> [KIRLOSBROS.NS] Bypassed status. Failed strict quantitative thresholds.
2026-10-06 19:06:13,390 [INFO]  -> [KIRLPNU.NS] Bypassed status. Failed strict quantitative thresholds.
2026-10-06 19:06:14,304 [INFO]  -> [KPITTECH.NS] Bypassed status. Failed strict quantitative thresholds.
2026-10-06 19:06:15,231 [INFO]  -> [KPRMILL.NS] Bypassed status. Failed strict quantitative thresholds.
2026-10-06 19:06:16,581 [INFO]  -> [KRBL.NS] Bypassed status. Failed strict quantitative thresholds.
2026-10-06 19:06:17,862 [INFO]  -> [KRSNAA.NS] Bypassed status. Failed strict quantitative thresholds.
2026-10-06 19:06:18,733 [INFO]  -> [LALPATHLAB.NS] Bypassed status. Failed strict quantitative thresholds.
2026-10-06 19:06:19,591 [INFO]  -> [LAURUSLABS.NS] Bypassed status. Failed strict quantitative thresholds.
2026-10-06 19:06:20,510 [INFO]  -> [LGBBROSLTD.NS] Bypassed status. Failed strict quantitative thresholds.
2026-10-06 19:06:21,462 [INFO]  -> [LIKHITHA.NS] Bypassed status. Failed strict quantitative thresholds.
2026-10-06 19:06:22,798 [INFO]  -> [LINC.NS] Bypassed status. Failed strict quantitative thresholds.
2026-10-06 19:06:23,721 [INFO]  -> [LINDEINDIA.NS] Bypassed status. Failed strict quantitative thresholds.
2026-10-06 19:06:24,719 [INFO]  -> [LLOYDSENGG.NS] Bypassed status. Failed strict quantitative thresholds.
2026-10-06 19:06:25,561 [INFO]  -> [LODHA.NS] Bypassed status. Failed strict quantitative thresholds.
2026-10-06 19:06:26,830 [INFO]  -> [LUMAXTECH.NS] Golden Rule Satisfied but alert is on cooldown (already alerted within the last 24 trading days). Skipping Telegram send.
2026-10-06 19:06:27,308 [INFO]  -> [LUPIN.NS] Bypassed status. Failed strict quantitative thresholds.
2026-10-06 19:06:28,196 [INFO]  -> [LUXIND.NS] Bypassed status. Failed strict quantitative thresholds.
2026-10-06 19:06:29,116 [INFO]  -> [LXCHEM.NS] Bypassed status. Failed strict quantitative thresholds.
2026-10-06 19:06:30,024 [INFO]  -> [MAHLOG.NS] Golden Rule Satisfied but alert is on cooldown (already alerted within the last 24 trading days). Skipping Telegram send.
2026-10-06 19:06:30,344 [INFO]  -> [MANKIND.NS] Bypassed status. Failed strict quantitative thresholds.
2026-10-06 19:06:31,199 [INFO]  -> [MANYAVAR.NS] Bypassed status. Failed strict quantitative thresholds.
2026-10-06 19:06:32,185 [INFO]  -> [MARICO.NS] Bypassed status. Failed strict quantitative thresholds.
2026-10-06 19:06:33,077 [INFO]  -> [MARINE.NS] Golden Rule Satisfied but alert is on cooldown (already alerted within the last 24 trading days). Skipping Telegram send.
2026-10-06 19:06:33,418 [INFO]  -> [MARKSANS.NS] Golden Rule Satisfied but alert is on cooldown (already alerted within the last 24 trading days). Skipping Telegram send.
2026-10-06 19:06:33,855 [INFO]  -> [MARUTI.NS] Bypassed status. Failed strict quantitative thresholds.
2026-10-06 19:06:34,716 [INFO]  -> [MAXHEALTH.NS] Bypassed status. Failed strict quantitative thresholds.
2026-10-06 19:06:35,677 [INFO]  -> [MEDANTA.NS] Bypassed status. Failed strict quantitative thresholds.
2026-10-06 19:06:36,604 [INFO]  -> [MEDPLUS.NS] Bypassed status. Failed strict quantitative thresholds.
2026-10-06 19:06:37,478 [INFO]  -> [METROBRAND.NS] Bypassed status. Failed strict quantitative thresholds.
2026-10-06 19:06:38,403 [INFO]  -> [METROPOLIS.NS] Bypassed status. Failed strict quantitative thresholds.
2026-10-06 19:06:39,306 [INFO]  -> [MGL.NS] Bypassed status. Failed strict quantitative thresholds.
2026-10-06 19:06:40,417 [INFO]  -> [MINDACORP.NS] Bypassed status. Failed strict quantitative thresholds.
2026-10-06 19:06:41,367 [INFO]  -> [MMTC.NS] Bypassed status. Failed strict quantitative thresholds.
2026-10-06 19:06:42,348 [INFO]  -> [MOIL.NS] Bypassed status. Failed strict quantitative thresholds.
2026-10-06 19:06:43,342 [INFO]  -> [MONTECARLO.NS] Bypassed status. Failed strict quantitative thresholds.
2026-10-06 19:06:44,343 [INFO]  -> [MOTHERSON.NS] Bypassed status. Failed strict quantitative thresholds.
2026-10-06 19:06:45,287 [INFO]  -> [MSUMI.NS] Bypassed status. Failed strict quantitative thresholds.
2026-10-06 19:06:46,295 [INFO]  -> [NATCOPHARM.NS] Bypassed status. Failed strict quantitative thresholds.
2026-10-06 19:06:47,276 [INFO]  -> [NATIONALUM.NS] Bypassed status. Failed strict quantitative thresholds.
2026-10-06 19:06:48,190 [INFO]  -> [NAZARA.NS] Bypassed status. Failed strict quantitative thresholds.
2026-10-06 19:06:49,163 [INFO]  -> [NOCIL.NS] Bypassed status. Failed strict quantitative thresholds.
2026-10-06 19:06:50,482 [INFO]  -> [NRBBEARING.NS] Bypassed status. Failed strict quantitative thresholds.
2026-10-06 19:06:51,711 [INFO]  -> [NUVOCO.NS] Bypassed status. Failed strict quantitative thresholds.
2026-10-06 19:06:52,867 [INFO]  -> [NYKAA.NS] Bypassed status. Failed strict quantitative thresholds.
2026-10-06 19:06:54,078 [INFO]  -> [OAL.NS] Bypassed status. Failed strict quantitative thresholds.
2026-10-06 19:06:54,936 [INFO]  -> [OBEROIRLTY.NS] Bypassed status. Failed strict quantitative thresholds.
2026-10-06 19:06:55,788 [INFO]  -> [OIL.NS] Bypassed status. Failed strict quantitative thresholds.
2026-10-06 19:06:56,641 [INFO]  -> [OLECTRA.NS] Bypassed status. Failed strict quantitative thresholds.
2026-10-06 19:06:57,555 [INFO]  -> [ONGC.NS] Bypassed status. Failed strict quantitative thresholds.
2026-10-06 19:06:58,413 [INFO]  -> [ORIENTELEC.NS] Bypassed status. Failed strict quantitative thresholds.
2026-10-06 19:06:59,333 [INFO]  -> [PAGEIND.NS] Bypassed status. Failed strict quantitative thresholds.
2026-10-06 19:07:00,327 [INFO]  -> [PCBL.NS] Bypassed status. Failed strict quantitative thresholds.
2026-10-06 19:07:01,239 [INFO]  -> [PDMJEPAPER.NS] Bypassed status. Failed strict quantitative thresholds.
2026-10-06 19:07:02,071 [INFO]  -> [PDSL.NS] Bypassed status. Failed strict quantitative thresholds.
2026-10-06 19:07:02,969 [INFO]  -> [PERSISTENT.NS] Bypassed status. Failed strict quantitative thresholds.
2026-10-06 19:07:03,829 [INFO]  -> [PFIZER.NS] Bypassed status. Failed strict quantitative thresholds.
2026-10-06 19:07:04,709 [INFO]  -> [PGHH.NS] Bypassed status. Failed strict quantitative thresholds.
2026-10-06 19:07:05,578 [INFO]  -> [PGHL.NS] Bypassed status. Failed strict quantitative thresholds.
2026-10-06 19:07:06,597 [INFO]  -> [PHOENIXLTD.NS] Golden Rule Satisfied but alert is on cooldown (already alerted within the last 24 trading days). Skipping Telegram send.
2026-10-06 19:07:06,959 [INFO]  -> [PIDILITIND.NS] Bypassed status. Failed strict quantitative thresholds.
2026-10-06 19:07:08,000 [INFO]  -> [PIIND.NS] Bypassed status. Failed strict quantitative thresholds.
2026-10-06 19:07:09,250 [INFO]  -> [PIXTRANS.NS] Bypassed status. Failed strict quantitative thresholds.
2026-10-06 19:07:10,174 [INFO]  -> [PNCINFRA.NS] Bypassed status. Failed strict quantitative thresholds.
2026-10-06 19:07:11,097 [INFO]  -> [POCL.NS] Bypassed status. Failed strict quantitative thresholds.
2026-10-06 19:07:12,081 [INFO]  -> [POKARNA.NS] Bypassed status. Failed strict quantitative thresholds.
2026-10-06 19:07:13,327 [INFO]  -> [POLYCAB.NS] Bypassed status. Failed strict quantitative thresholds.
2026-10-06 19:07:14,448 [INFO]  -> [POLYMED.NS] Bypassed status. Failed strict quantitative thresholds.
2026-10-06 19:07:16,024 [INFO]  -> [POLYPLEX.NS] Bypassed status. Failed strict quantitative thresholds.
2026-10-06 19:07:17,265 [INFO]  -> [POWERINDIA.NS] Bypassed status. Failed strict quantitative thresholds.
2026-10-06 19:07:18,100 [INFO]  -> [PPLPHARMA.NS] Bypassed status. Failed strict quantitative thresholds.
2026-10-06 19:07:19,101 [INFO]  -> [PRESTIGE.NS] Bypassed status. Failed strict quantitative thresholds.
2026-10-06 19:07:20,049 [INFO]  -> [PRINCEPIPE.NS] Bypassed status. Failed strict quantitative thresholds.
2026-10-06 19:07:20,999 [INFO]  -> [QUESS.NS] Bypassed status. Failed strict quantitative thresholds.
2026-10-06 19:07:21,929 [INFO]  -> [RAILTEL.NS] Bypassed status. Failed strict quantitative thresholds.
2026-10-06 19:07:22,878 [INFO]  -> [RAJESHEXPO.NS] Bypassed status. Failed strict quantitative thresholds.
2026-10-06 19:07:23,760 [INFO]  -> [RALLIS.NS] Bypassed status. Failed strict quantitative thresholds.
2026-10-06 19:07:24,705 [INFO]  -> [RAMCOCEM.NS] Bypassed status. Failed strict quantitative thresholds.
2026-10-06 19:07:25,652 [INFO]  -> [RATNAMANI.NS] Bypassed status. Failed strict quantitative thresholds.
2026-10-06 19:07:26,822 [INFO]  -> [RBA.NS] Bypassed status. Failed strict quantitative thresholds.
2026-10-06 19:07:28,191 [INFO]  -> [RCF.NS] Bypassed status. Failed strict quantitative thresholds.
2026-10-06 19:07:29,126 [INFO]  -> [REDINGTON.NS] Bypassed status. Failed strict quantitative thresholds.
2026-10-06 19:07:30,046 [INFO]  -> [RELAXO.NS] Bypassed status. Failed strict quantitative thresholds.
2026-10-06 19:07:31,054 [INFO]  -> [RELIANCE.NS] Bypassed status. Failed strict quantitative thresholds.
2026-10-06 19:07:31,941 [INFO]  -> [RELINFRA.NS] Bypassed status. Failed strict quantitative thresholds.
2026-10-06 19:07:33,214 [INFO]  -> [RESPONIND.NS] Bypassed status. Failed strict quantitative thresholds.
2026-10-06 19:07:34,179 [INFO]  -> [RHIM.NS] Bypassed status. Failed strict quantitative thresholds.
2026-10-06 19:07:35,043 [INFO]  -> [ROSSARI.NS] Bypassed status. Failed strict quantitative thresholds.
2026-10-06 19:07:36,366 [INFO]  -> [ROUTE.NS] Bypassed status. Failed strict quantitative thresholds.
2026-10-06 19:07:37,249 [INFO]  -> [SAIL.NS] Bypassed status. Failed strict quantitative thresholds.
2026-10-06 19:07:38,182 [INFO]  -> [SANDHAR.NS] Bypassed status. Failed strict quantitative thresholds.
2026-10-06 19:07:39,045 [INFO]  -> [SANOFI.NS] Bypassed status. Failed strict quantitative thresholds.
2026-10-06 19:07:40,003 [INFO]  -> [SCHAEFFLER.NS] Bypassed status. Failed strict quantitative thresholds.
2026-10-06 19:07:41,093 [INFO]  -> [SCI.NS] Bypassed status. Failed strict quantitative thresholds.
2026-10-06 19:07:42,016 [INFO]  -> [SFL.NS] Bypassed status. Failed strict quantitative thresholds.
2026-10-06 19:07:43,423 [INFO]  -> [SHAKTIPUMP.NS] Bypassed status. Failed strict quantitative thresholds.
2026-10-06 19:07:44,294 [INFO]  -> [SHANTIGEAR.NS] Bypassed status. Failed strict quantitative thresholds.
2026-10-06 19:07:45,265 [INFO]  -> [SHARDACROP.NS] Bypassed status. Failed strict quantitative thresholds.
2026-10-06 19:07:46,338 [INFO]  -> [SHILPAMED.NS] Bypassed status. Failed strict quantitative thresholds.
2026-10-06 19:07:47,319 [INFO]  -> [SHYAMMETL.NS] Bypassed status. Failed strict quantitative thresholds.
2026-10-06 19:07:48,266 [INFO]  -> [SIEMENS.NS] Bypassed status. Failed strict quantitative thresholds.
2026-10-06 19:07:49,104 [INFO]  -> [SIS.NS] Bypassed status. Failed strict quantitative thresholds.
2026-10-06 19:07:50,266 [INFO]  -> [SJVN.NS] Bypassed status. Failed strict quantitative thresholds.
2026-10-06 19:07:51,133 [INFO]  -> [SKFINDIA.NS] Bypassed status. Failed strict quantitative thresholds.
2026-10-06 19:07:52,380 [INFO]  -> [SKIPPER.NS] Bypassed status. Failed strict quantitative thresholds.
2026-10-06 19:07:53,653 [INFO]  -> [SOBHA.NS] Bypassed status. Failed strict quantitative thresholds.
2026-10-06 19:07:54,504 [INFO]  -> [SOLARINDS.NS] Bypassed status. Failed strict quantitative thresholds.
2026-10-06 19:07:55,434 [INFO]  -> [SONACOMS.NS] Golden Rule Satisfied but alert is on cooldown (already alerted within the last 24 trading days). Skipping Telegram send.
2026-10-06 19:07:55,930 [INFO]  -> [SPARC.NS] Bypassed status. Failed strict quantitative thresholds.
2026-10-06 19:07:56,928 [INFO]  -> [SRF.NS] Bypassed status. Failed strict quantitative thresholds.
2026-10-06 19:07:57,818 [INFO]  -> [STYLAMIND.NS] Golden Rule Satisfied but alert is on cooldown (already alerted within the last 24 trading days). Skipping Telegram send.
2026-10-06 19:07:58,235 [INFO]  -> [SUBROS.NS] Bypassed status. Failed strict quantitative thresholds.
2026-10-06 19:07:59,161 [INFO]  -> [SUDARSCHEM.NS] Bypassed status. Failed strict quantitative thresholds.
2026-10-06 19:07:59,997 [INFO]  -> [SUMICHEM.NS] Bypassed status. Failed strict quantitative thresholds.
2026-10-06 19:08:00,968 [INFO]  -> [SUNDRMFAST.NS] Bypassed status. Failed strict quantitative thresholds.
2026-10-06 19:08:01,904 [INFO]  -> [SUNPHARMA.NS] Bypassed status. Failed strict quantitative thresholds.
2026-10-06 19:08:03,157 [INFO]  -> [SUNTECK.NS] Bypassed status. Failed strict quantitative thresholds.
2026-10-06 19:08:04,054 [INFO]  -> [SUPRAJIT.NS] Bypassed status. Failed strict quantitative thresholds.
2026-10-06 19:08:05,064 [INFO]  -> [SUPREMEIND.NS] Bypassed status. Failed strict quantitative thresholds.
2026-10-06 19:08:05,974 [INFO]  -> [SUPRIYA.NS] Bypassed status. Failed strict quantitative thresholds.
2026-10-06 19:08:06,875 [INFO]  -> [SYMPHONY.NS] Bypassed status. Failed strict quantitative thresholds.
2026-10-06 19:08:07,815 [INFO]  -> [SYNGENE.NS] Bypassed status. Failed strict quantitative thresholds.
2026-10-06 19:08:08,705 [INFO]  -> [TARIL.NS] Bypassed status. Failed strict quantitative thresholds.
2026-10-06 19:08:10,073 [INFO]  -> [TATACHEM.NS] Bypassed status. Failed strict quantitative thresholds.
2026-10-06 19:08:11,426 [INFO]  -> [TATACONSUM.NS] Bypassed status. Failed strict quantitative thresholds.
2026-10-06 19:08:12,560 [INFO]  -> [TATASTEEL.NS] Bypassed status. Failed strict quantitative thresholds.
2026-10-06 19:08:13,617 [INFO]  -> [TCI.NS] Bypassed status. Failed strict quantitative thresholds.
2026-10-06 19:08:14,523 [INFO]  -> [TCIEXP.NS] Bypassed status. Failed strict quantitative thresholds.
2026-10-06 19:08:15,398 [INFO]  -> [TEJASNET.NS] Bypassed status. Failed strict quantitative thresholds.
2026-10-06 19:08:16,249 [INFO]  -> [TEXRAIL.NS] Golden Rule Satisfied but alert is on cooldown (already alerted within the last 24 trading days). Skipping Telegram send.
2026-10-06 19:08:16,736 [INFO]  -> [THERMAX.NS] Bypassed status. Failed strict quantitative thresholds.
2026-10-06 19:08:17,704 [INFO]  -> [THYROCARE.NS] Bypassed status. Failed strict quantitative thresholds.
2026-10-06 19:08:18,543 [INFO]  -> [TIINDIA.NS] Bypassed status. Failed strict quantitative thresholds.
2026-10-06 19:08:19,587 [INFO]  -> [TIMETECHNO.NS] Bypassed status. Failed strict quantitative thresholds.
2026-10-06 19:08:20,662 [INFO]  -> [TIMKEN.NS] Bypassed status. Failed strict quantitative thresholds.
2026-10-06 19:08:21,533 [INFO]  -> [TRIDENT.NS] Bypassed status. Failed strict quantitative thresholds.
2026-10-06 19:08:22,573 [INFO]  -> [TRITURBINE.NS] Bypassed status. Failed strict quantitative thresholds.
2026-10-06 19:08:23,448 [INFO]  -> [TTKPRESTIG.NS] Bypassed status. Failed strict quantitative thresholds.
2026-10-06 19:08:24,440 [INFO]  -> [UNICHEMLAB.NS] Golden Rule Satisfied but alert is on cooldown (already alerted within the last 24 trading days). Skipping Telegram send.
2026-10-06 19:08:24,802 [INFO]  -> [UNOMINDA.NS] Bypassed status. Failed strict quantitative thresholds.
2026-10-06 19:08:25,796 [INFO]  -> [UPL.NS] Bypassed status. Failed strict quantitative thresholds.
2026-10-06 19:08:26,785 [INFO]  -> [VAIBHAVGBL.NS] Bypassed status. Failed strict quantitative thresholds.
2026-10-06 19:08:27,623 [INFO]  -> [VARROC.NS] Bypassed status. Failed strict quantitative thresholds.
2026-10-06 19:08:28,469 [INFO]  -> [VBL.NS] Bypassed status. Failed strict quantitative thresholds.
2026-10-06 19:08:29,932 [INFO]  -> [VEDL.NS] Bypassed status. Failed strict quantitative thresholds.
2026-10-06 19:08:30,783 [INFO]  -> [VGUARD.NS] Bypassed status. Failed strict quantitative thresholds.
2026-10-06 19:08:31,618 [INFO]  -> [VIJAYA.NS] Golden Rule Satisfied but alert is on cooldown (already alerted within the last 24 trading days). Skipping Telegram send.
2026-10-06 19:08:32,792 [INFO]  -> [VINATIORGA.NS] Bypassed status. Failed strict quantitative thresholds.
2026-10-06 19:08:33,816 [INFO]  -> [VIPIND.NS] Bypassed status. Failed strict quantitative thresholds.
2026-10-06 19:08:34,815 [INFO]  -> [VMART.NS] Bypassed status. Failed strict quantitative thresholds.
2026-10-06 19:08:36,150 [INFO]  -> [VOLTAS.NS] Bypassed status. Failed strict quantitative thresholds.
2026-10-06 19:08:37,084 [INFO]  -> [VTL.NS] Bypassed status. Failed strict quantitative thresholds.
2026-10-06 19:08:38,072 [INFO]  -> [WELCORP.NS] Bypassed status. Failed strict quantitative thresholds.
2026-10-06 19:08:39,178 [INFO]  -> [WELSPUNLIV.NS] Bypassed status. Failed strict quantitative thresholds.
2026-10-06 19:08:40,029 [INFO]  -> [WHIRLPOOL.NS] Bypassed status. Failed strict quantitative thresholds.
2026-10-06 19:08:41,023 [INFO]  -> [WOCKPHARMA.NS] Bypassed status. Failed strict quantitative thresholds.
2026-10-06 19:08:42,510 [INFO]  -> [YUKEN.NS] Bypassed status. Failed strict quantitative thresholds.
2026-10-06 19:08:43,466 [INFO]  -> [ZFCVINDIA.NS] Bypassed status. Failed strict quantitative thresholds.
2026-10-06 19:08:44,347 [INFO]  -> [ZYDUSLIFE.NS] Bypassed status. Failed strict quantitative thresholds.
2026-10-06 19:08:45,198 [INFO]  -> [ZYDUSWELL.NS] Bypassed status. Failed strict quantitative thresholds.
2026-10-06 19:08:45,699 [INFO] [Complete] Quant script loops finished successfully. Overwriting metrics...
2026-10-06 19:08:51,080 [INFO] ✓ Central output matrix overwritten successfully.
2026-10-07 19:31:06,680 [INFO] =================================================================
2026-10-07 19:31:06,680 [INFO] RUNNING CONSOLIDATED SYSTEM SCRIPTS
2026-10-07 19:31:06,680 [INFO] =================================================================
2026-10-07 19:31:07,154 [INFO]  -> [AARTIDRUGS.NS] Bypassed status. Failed strict quantitative thresholds.
2026-10-07 19:31:08,036 [INFO]  -> [ACE.NS] Bypassed status. Failed strict quantitative thresholds.
2026-10-07 19:31:08,749 [INFO]  -> [AFFLE.NS] Bypassed status. Failed strict quantitative thresholds.
2026-10-07 19:31:09,474 [INFO]  -> [AIAENG.NS] Bypassed status. Failed strict quantitative thresholds.
2026-10-07 19:31:10,204 [INFO]  -> [ALKYLAMINE.NS] Bypassed status. Failed strict quantitative thresholds.
2026-10-07 19:31:11,050 [INFO]  -> [ALLCARGO.NS] Bypassed status. Failed strict quantitative thresholds.
2026-10-07 19:31:11,802 [INFO]  -> [AMBER.NS] Bypassed status. Failed strict quantitative thresholds.
2026-10-07 19:31:12,545 [INFO]  -> [AMBUJACEM.NS] Bypassed status. Failed strict quantitative thresholds.
2026-10-07 19:31:13,282 [INFO]  -> [ANANTRAJ.NS] Bypassed status. Failed strict quantitative thresholds.
2026-10-07 19:31:14,085 [INFO]  -> [ANURAS.NS] Bypassed status. Failed strict quantitative thresholds.
2026-10-07 19:31:14,828 [INFO]  -> [APLAPOLLO.NS] Bypassed status. Failed strict quantitative thresholds.
2026-10-07 19:31:15,553 [INFO]  -> [APLLTD.NS] Bypassed status. Failed strict quantitative thresholds.
2026-10-07 19:31:16,339 [INFO]  -> [APOLLO.NS] Bypassed status. Failed strict quantitative thresholds.
2026-10-07 19:31:17,082 [INFO]  -> [APOLLOHOSP.NS] Bypassed status. Failed strict quantitative thresholds.
2026-10-07 19:31:17,830 [INFO]  -> [APOLLOTYRE.NS] Bypassed status. Failed strict quantitative thresholds.
2026-10-07 19:31:18,627 [INFO]  -> [ARE&M.NS] Bypassed status. Failed strict quantitative thresholds.
2026-10-07 19:31:19,382 [INFO]  -> [ARTEMISMED.NS] Bypassed status. Failed strict quantitative thresholds.
2026-10-07 19:31:20,121 [INFO]  -> [ASAHIINDIA.NS] Bypassed status. Failed strict quantitative thresholds.
2026-10-07 19:31:20,872 [INFO]  -> [ASIANENE.NS] Bypassed status. Failed strict quantitative thresholds.
2026-10-07 19:31:21,728 [INFO]  -> [ASIANPAINT.NS] Bypassed status. Failed strict quantitative thresholds.
2026-10-07 19:31:22,407 [INFO]  -> [ASKAUTOLTD.NS] Bypassed status. Failed strict quantitative thresholds.
2026-10-07 19:31:23,264 [INFO]  -> [ASTRAL.NS] Bypassed status. Failed strict quantitative thresholds.
2026-10-07 19:31:24,045 [INFO]  -> [ASTRAZEN.NS] Bypassed status. Failed strict quantitative thresholds.
2026-10-07 19:31:24,776 [INFO]  -> [ATGL.NS] Bypassed status. Failed strict quantitative thresholds.
2026-10-07 19:31:25,526 [INFO]  -> [ATUL.NS] Bypassed status. Failed strict quantitative thresholds.
2026-10-07 19:31:26,317 [INFO]  -> [AUROPHARMA.NS] Golden Rule Satisfied but alert is on cooldown (already alerted within the last 24 trading days). Skipping Telegram send.
2026-10-07 19:31:26,548 [INFO]  -> [AVANTIFEED.NS] Bypassed status. Failed strict quantitative thresholds.
2026-10-07 19:31:27,261 [INFO]  -> [AYMSYNTEX.NS] Golden Rule Satisfied... Dispatching alerts...
2026-10-07 19:31:27,993 [INFO]  ✓ Telegram text alert delivered successfully via bot for AYMSYNTEX!
2026-10-07 19:31:30,226 [INFO]  ✓ Telegram visual card delivered successfully to phone for AYMSYNTEX!
2026-10-07 19:31:30,957 [INFO]  -> [BAJAJELEC.NS] Bypassed status. Failed strict quantitative thresholds.
2026-10-07 19:31:31,756 [INFO]  -> [BAJAJHCARE.NS] Bypassed status. Failed strict quantitative thresholds.
2026-10-07 19:31:32,535 [INFO]  -> [BALKRISIND.NS] Bypassed status. Failed strict quantitative thresholds.
2026-10-07 19:31:33,281 [INFO]  -> [BASF.NS] Bypassed status. Failed strict quantitative thresholds.
2026-10-07 19:31:34,119 [INFO]  -> [BATAINDIA.NS] Bypassed status. Failed strict quantitative thresholds.
2026-10-07 19:31:34,854 [INFO]  -> [BAYERCROP.NS] Bypassed status. Failed strict quantitative thresholds.
2026-10-07 19:31:35,646 [INFO]  -> [BBTC.NS] Bypassed status. Failed strict quantitative thresholds.
2026-10-07 19:31:36,352 [INFO]  -> [BECTORFOOD.NS] Bypassed status. Failed strict quantitative thresholds.
2026-10-07 19:31:37,090 [INFO]  -> [BERGEPAINT.NS] Bypassed status. Failed strict quantitative thresholds.
2026-10-07 19:31:37,907 [INFO]  -> [BHARATRAS.NS] Bypassed status. Failed strict quantitative thresholds.
2026-10-07 19:31:38,607 [INFO]  -> [BIKAJI.NS] Bypassed status. Failed strict quantitative thresholds.
2026-10-07 19:31:39,511 [INFO]  -> [BIOCON.NS] Bypassed status. Failed strict quantitative thresholds.
2026-10-07 19:31:40,359 [INFO]  -> [BIRLACORPN.NS] Bypassed status. Failed strict quantitative thresholds.
2026-10-07 19:31:41,249 [INFO]  -> [BLUESTARCO.NS] Bypassed status. Failed strict quantitative thresholds.
2026-10-07 19:31:41,988 [INFO]  -> [BORORENEW.NS] Bypassed status. Failed strict quantitative thresholds.
2026-10-07 19:31:42,803 [INFO]  -> [BRIGADE.NS] Bypassed status. Failed strict quantitative thresholds.
2026-10-07 19:31:43,532 [INFO]  -> [CAMPUS.NS] Bypassed status. Failed strict quantitative thresholds.
2026-10-07 19:31:44,299 [INFO]  -> [CAPLIPOINT.NS] Bypassed status. Failed strict quantitative thresholds.
2026-10-07 19:31:45,033 [INFO]  -> [CARBORUNIV.NS] Bypassed status. Failed strict quantitative thresholds.
2026-10-07 19:31:45,762 [INFO]  -> [CCL.NS] Bypassed status. Failed strict quantitative thresholds.
2026-10-07 19:31:46,617 [INFO]  -> [CEATLTD.NS] Bypassed status. Failed strict quantitative thresholds.
2026-10-07 19:31:47,341 [INFO]  -> [CENTURYPLY.NS] Bypassed status. Failed strict quantitative thresholds.
2026-10-07 19:31:48,055 [INFO]  -> [CERA.NS] Bypassed status. Failed strict quantitative thresholds.
2026-10-07 19:31:48,815 [INFO]  -> [CGPOWER.NS] Bypassed status. Failed strict quantitative thresholds.
2026-10-07 19:31:49,555 [INFO]  -> [CHAMBLFERT.NS] Bypassed status. Failed strict quantitative thresholds.
2026-10-07 19:31:50,336 [INFO]  -> [CHEMPLASTS.NS] Bypassed status. Failed strict quantitative thresholds.
2026-10-07 19:31:51,086 [INFO]  -> [CIPLA.NS] Bypassed status. Failed strict quantitative thresholds.
2026-10-07 19:31:52,010 [INFO]  -> [CLEAN.NS] Bypassed status. Failed strict quantitative thresholds.
2026-10-07 19:31:52,744 [INFO]  -> [COALINDIA.NS] Bypassed status. Failed strict quantitative thresholds.
2026-10-07 19:31:53,461 [INFO]  -> [COCHINSHIP.NS] Bypassed status. Failed strict quantitative thresholds.
2026-10-07 19:31:54,191 [INFO]  -> [COLPAL.NS] Bypassed status. Failed strict quantitative thresholds.
2026-10-07 19:31:55,036 [INFO]  -> [CONCOR.NS] Bypassed status. Failed strict quantitative thresholds.
2026-10-07 19:31:55,780 [INFO]  -> [COSMOFIRST.NS] Bypassed status. Failed strict quantitative thresholds.
2026-10-07 19:31:56,499 [INFO]  -> [CROMPTON.NS] Bypassed status. Failed strict quantitative thresholds.
2026-10-07 19:31:57,221 [INFO]  -> [CYIENT.NS] Bypassed status. Failed strict quantitative thresholds.
2026-10-07 19:31:58,068 [INFO]  -> [DABUR.NS] Bypassed status. Failed strict quantitative thresholds.
2026-10-07 19:31:58,782 [INFO]  -> [DALBHARAT.NS] Bypassed status. Failed strict quantitative thresholds.
2026-10-07 19:31:59,527 [INFO]  -> [DCMSHRIRAM.NS] Bypassed status. Failed strict quantitative thresholds.
2026-10-07 19:32:00,312 [INFO]  -> [DEEPAKFERT.NS] Bypassed status. Failed strict quantitative thresholds.
2026-10-07 19:32:01,091 [INFO]  -> [DEEPAKNTR.NS] Bypassed status. Failed strict quantitative thresholds.
2026-10-07 19:32:01,876 [INFO]  -> [DELHIVERY.NS] Bypassed status. Failed strict quantitative thresholds.
2026-10-07 19:32:02,598 [INFO]  -> [DHANUKA.NS] Bypassed status. Failed strict quantitative thresholds.
2026-10-07 19:32:03,329 [INFO]  -> [DIVISLAB.NS] Bypassed status. Failed strict quantitative thresholds.
2026-10-07 19:32:04,071 [INFO]  -> [DLF.NS] Bypassed status. Failed strict quantitative thresholds.
2026-10-07 19:32:04,770 [INFO]  -> [DMART.NS] Bypassed status. Failed strict quantitative thresholds.
2026-10-07 19:32:05,575 [INFO]  -> [DOLLAR.NS] Bypassed status. Failed strict quantitative thresholds.
2026-10-07 19:32:06,404 [INFO]  -> [DRREDDY.NS] Bypassed status. Failed strict quantitative thresholds.
2026-10-07 19:32:07,216 [INFO]  -> [DYCL.NS] Bypassed status. Failed strict quantitative thresholds.
2026-10-07 19:32:07,992 [INFO]  -> [ECLERX.NS] Bypassed status. Failed strict quantitative thresholds.
2026-10-07 19:32:08,734 [INFO]  -> [EICHERMOT.NS] Bypassed status. Failed strict quantitative thresholds.
2026-10-07 19:32:09,465 [INFO]  -> [EIDPARRY.NS] Bypassed status. Failed strict quantitative thresholds.
2026-10-07 19:32:10,256 [INFO]  -> [EKC.NS] Bypassed status. Failed strict quantitative thresholds.
2026-10-07 19:32:11,003 [INFO]  -> [ELGIEQUIP.NS] Bypassed status. Failed strict quantitative thresholds.
2026-10-07 19:32:11,853 [INFO]  -> [EMAMILTD.NS] Bypassed status. Failed strict quantitative thresholds.
2026-10-07 19:32:12,549 [INFO]  -> [EMUDHRA.NS] Bypassed status. Failed strict quantitative thresholds.
2026-10-07 19:32:13,260 [INFO]  -> [ENDURANCE.NS] Bypassed status. Failed strict quantitative thresholds.
2026-10-07 19:32:14,066 [INFO]  -> [EPL.NS] Bypassed status. Failed strict quantitative thresholds.
2026-10-07 19:32:14,806 [INFO]  -> [FDC.NS] Bypassed status. Failed strict quantitative thresholds.
2026-10-07 19:32:15,580 [INFO]  -> [FINCABLES.NS] Bypassed status. Failed strict quantitative thresholds.
2026-10-07 19:32:16,299 [INFO]  -> [FINEORG.NS] Bypassed status. Failed strict quantitative thresholds.
2026-10-07 19:32:17,056 [INFO]  -> [FINPIPE.NS] Bypassed status. Failed strict quantitative thresholds.
2026-10-07 19:32:17,758 [INFO]  -> [FLUOROCHEM.NS] Bypassed status. Failed strict quantitative thresholds.
2026-10-07 19:32:18,540 [INFO]  -> [FMGOETZE.NS] Bypassed status. Failed strict quantitative thresholds.
2026-10-07 19:32:19,245 [INFO]  -> [FORTIS.NS] Bypassed status. Failed strict quantitative thresholds.
2026-10-07 19:32:20,017 [INFO]  -> [GABRIEL.NS] Golden Rule Satisfied but alert is on cooldown (already alerted within the last 24 trading days). Skipping Telegram send.
2026-10-07 19:32:20,290 [INFO]  -> [GAEL.NS] Bypassed status. Failed strict quantitative thresholds.
2026-10-07 19:32:21,152 [INFO]  -> [GAIL.NS] Bypassed status. Failed strict quantitative thresholds.
2026-10-07 19:32:21,919 [INFO]  -> [GALAXYSURF.NS] Bypassed status. Failed strict quantitative thresholds.
2026-10-07 19:32:22,714 [INFO]  -> [GANECOS.NS] Bypassed status. Failed strict quantitative thresholds.
2026-10-07 19:32:23,619 [INFO]  -> [GARFIBRES.NS] Bypassed status. Failed strict quantitative thresholds.
2026-10-07 19:32:24,340 [INFO]  -> [GENESYS.NS] Bypassed status. Failed strict quantitative thresholds.
2026-10-07 19:32:25,052 [INFO]  -> [GHCLTEXTIL.NS] Bypassed status. Failed strict quantitative thresholds.
2026-10-07 19:32:25,747 [INFO]  -> [GLAND.NS] Bypassed status. Failed strict quantitative thresholds.
2026-10-07 19:32:26,528 [INFO]  -> [GLENMARK.NS] Golden Rule Satisfied but alert is on cooldown (already alerted within the last 24 trading days). Skipping Telegram send.
2026-10-07 19:32:26,785 [INFO]  -> [GMMPFAUDLR.NS] Bypassed status. Failed strict quantitative thresholds.
2026-10-07 19:32:27,539 [INFO]  -> [GODREJAGRO.NS] Bypassed status. Failed strict quantitative thresholds.
2026-10-07 19:32:28,332 [INFO]  -> [GODREJCP.NS] Bypassed status. Failed strict quantitative thresholds.
2026-10-07 19:32:29,028 [INFO]  -> [GOKULAGRO.NS] Bypassed status. Failed strict quantitative thresholds.
2026-10-07 19:32:29,755 [INFO]  -> [GOODLUCK.NS] Bypassed status. Failed strict quantitative thresholds.
2026-10-07 19:32:30,667 [INFO]  -> [GPPL.NS] Bypassed status. Failed strict quantitative thresholds.
2026-10-07 19:32:31,414 [INFO]  -> [GRANULES.NS] Bypassed status. Failed strict quantitative thresholds.
2026-10-07 19:32:32,216 [INFO]  -> [GRAPHITE.NS] Bypassed status. Failed strict quantitative thresholds.
2026-10-07 19:32:32,927 [INFO]  -> [GREENPANEL.NS] Bypassed status. Failed strict quantitative thresholds.
2026-10-07 19:32:33,712 [INFO]  -> [GRINDWELL.NS] Bypassed status. Failed strict quantitative thresholds.
2026-10-07 19:32:34,534 [INFO]  -> [GRWRHITECH.NS] Bypassed status. Failed strict quantitative thresholds.
2026-10-07 19:32:35,186 [WARNING] [GSPL.NS] Historical price fetch failed: EmptyDataError: 
[Empty] -> No results found. Try adjusting the query parameters.. Falling back to cached/fail-safe data — price will NOT advance this run.
2026-10-07 19:32:35,457 [INFO]  -> [GUJALKALI.NS] Bypassed status. Failed strict quantitative thresholds.
2026-10-07 19:32:36,025 [INFO]  -> [GUJGASLTD.NS] Bypassed status. Failed strict quantitative thresholds.
2026-10-07 19:32:36,812 [INFO]  -> [GVT&D.NS] Bypassed status. Failed strict quantitative thresholds.
2026-10-07 19:32:37,527 [INFO]  -> [HARDWYN.NS] Bypassed status. Failed strict quantitative thresholds.
2026-10-07 19:32:38,361 [INFO]  -> [HAVELLS.NS] Bypassed status. Failed strict quantitative thresholds.
2026-10-07 19:32:39,202 [INFO]  -> [HEG.NS] Bypassed status. Failed strict quantitative thresholds.
2026-10-07 19:32:39,913 [INFO]  -> [HERANBA.NS] Bypassed status. Failed strict quantitative thresholds.
2026-10-07 19:32:40,662 [INFO]  -> [HEROMOTOCO.NS] Bypassed status. Failed strict quantitative thresholds.
2026-10-07 19:32:41,848 [INFO]  -> [HFCL.NS] Bypassed status. Failed strict quantitative thresholds.
2026-10-07 19:32:42,998 [INFO]  -> [HIKAL.NS] Bypassed status. Failed strict quantitative thresholds.
2026-10-07 19:32:43,859 [INFO]  -> [HINDALCO.NS] Golden Rule Satisfied but alert is on cooldown (already alerted within the last 24 trading days). Skipping Telegram send.
2026-10-07 19:32:44,081 [INFO]  -> [HINDCOPPER.NS] Bypassed status. Failed strict quantitative thresholds.
2026-10-07 19:32:44,830 [INFO]  -> [HINDPETRO.NS] Bypassed status. Failed strict quantitative thresholds.
2026-10-07 19:32:45,675 [INFO]  -> [HINDUNILVR.NS] Bypassed status. Failed strict quantitative thresholds.
2026-10-07 19:32:46,380 [INFO]  -> [HLEGLAS.NS] Bypassed status. Failed strict quantitative thresholds.
2026-10-07 19:32:46,950 [INFO]  -> [IBREALEST.NS] Bypassed status. Failed strict quantitative thresholds.
2026-10-07 19:32:47,652 [INFO]  -> [IFBIND.NS] Bypassed status. Failed strict quantitative thresholds.
2026-10-07 19:32:48,490 [INFO]  -> [IGL.NS] Bypassed status. Failed strict quantitative thresholds.
2026-10-07 19:32:49,208 [INFO]  -> [INDIGOPNTS.NS] Bypassed status. Failed strict quantitative thresholds.
2026-10-07 19:32:49,961 [INFO]  -> [INDNIPPON.NS] Bypassed status. Failed strict quantitative thresholds.
2026-10-07 19:32:50,853 [INFO]  -> [INDOCO.NS] Bypassed status. Failed strict quantitative thresholds.
2026-10-07 19:32:51,719 [INFO]  -> [INDUSTOWER.NS] Bypassed status. Failed strict quantitative thresholds.
2026-10-07 19:32:52,849 [INFO]  -> [INNOVACAP.NS] Bypassed status. Failed strict quantitative thresholds.
2026-10-07 19:32:53,620 [INFO]  -> [IOC.NS] Bypassed status. Failed strict quantitative thresholds.
2026-10-07 19:32:54,425 [INFO]  -> [IPCALAB.NS] Bypassed status. Failed strict quantitative thresholds.
2026-10-07 19:32:55,124 [INFO]  -> [IPL.NS] Bypassed status. Failed strict quantitative thresholds.
2026-10-07 19:32:55,838 [INFO]  -> [ISGEC.NS] Bypassed status. Failed strict quantitative thresholds.
2026-10-07 19:32:56,528 [INFO]  -> [ITI.NS] Bypassed status. Failed strict quantitative thresholds.
2026-10-07 19:32:57,255 [INFO]  -> [JAMNAAUTO.NS] Bypassed status. Failed strict quantitative thresholds.
2026-10-07 19:32:57,888 [WARNING] [JBCHEPHARM.NS] Historical price fetch failed: EmptyDataError: 
[Empty] -> No results found. Try adjusting the query parameters.. Falling back to cached/fail-safe data — price will NOT advance this run.
2026-10-07 19:32:58,187 [INFO]  -> [JINDALSAW.NS] Bypassed status. Failed strict quantitative thresholds.
2026-10-07 19:32:58,999 [INFO]  -> [JINDALSTEL.NS] Golden Rule Satisfied but alert is on cooldown (already alerted within the last 24 trading days). Skipping Telegram send.
2026-10-07 19:32:59,301 [INFO]  -> [JKIL.NS] Bypassed status. Failed strict quantitative thresholds.
2026-10-07 19:33:00,056 [INFO]  -> [JKLAKSHMI.NS] Bypassed status. Failed strict quantitative thresholds.
2026-10-07 19:33:01,188 [INFO]  -> [JSL.NS] Bypassed status. Failed strict quantitative thresholds.
2026-10-07 19:33:01,915 [INFO]  -> [JSWENERGY.NS] Bypassed status. Failed strict quantitative thresholds.
2026-10-07 19:33:02,756 [INFO]  -> [JUBLINGREA.NS] Bypassed status. Failed strict quantitative thresholds.
2026-10-07 19:33:03,508 [INFO]  -> [JUBLPHARMA.NS] Bypassed status. Failed strict quantitative thresholds.
2026-10-07 19:33:04,289 [INFO]  -> [KAJARIACER.NS] Bypassed status. Failed strict quantitative thresholds.
2026-10-07 19:33:04,856 [INFO]  -> [KALPATPOWR.NS] Bypassed status. Failed strict quantitative thresholds.
2026-10-07 19:33:05,590 [INFO]  -> [KANSAINER.NS] Bypassed status. Failed strict quantitative thresholds.
2026-10-07 19:33:06,360 [INFO]  -> [KEI.NS] Bypassed status. Failed strict quantitative thresholds.
2026-10-07 19:33:06,927 [INFO]  -> [KEPL.NS] Bypassed status. Failed strict quantitative thresholds.
2026-10-07 19:33:07,621 [INFO]  -> [KIMS.NS] Bypassed status. Failed strict quantitative thresholds.
2026-10-07 19:33:08,343 [INFO]  -> [KIRLOSBROS.NS] Bypassed status. Failed strict quantitative thresholds.
2026-10-07 19:33:09,063 [INFO]  -> [KIRLPNU.NS] Bypassed status. Failed strict quantitative thresholds.
2026-10-07 19:33:09,914 [INFO]  -> [KPITTECH.NS] Bypassed status. Failed strict quantitative thresholds.
2026-10-07 19:33:10,735 [INFO]  -> [KPRMILL.NS] Bypassed status. Failed strict quantitative thresholds.
2026-10-07 19:33:11,474 [INFO]  -> [KRBL.NS] Bypassed status. Failed strict quantitative thresholds.
2026-10-07 19:33:12,178 [INFO]  -> [KRSNAA.NS] Bypassed status. Failed strict quantitative thresholds.
2026-10-07 19:33:12,883 [INFO]  -> [LALPATHLAB.NS] Bypassed status. Failed strict quantitative thresholds.
2026-10-07 19:33:13,654 [INFO]  -> [LAURUSLABS.NS] Bypassed status. Failed strict quantitative thresholds.
2026-10-07 19:33:14,400 [INFO]  -> [LGBBROSLTD.NS] Bypassed status. Failed strict quantitative thresholds.
2026-10-07 19:33:15,105 [INFO]  -> [LIKHITHA.NS] Bypassed status. Failed strict quantitative thresholds.
2026-10-07 19:33:15,972 [INFO]  -> [LINC.NS] Bypassed status. Failed strict quantitative thresholds.
2026-10-07 19:33:17,149 [INFO]  -> [LINDEINDIA.NS] Bypassed status. Failed strict quantitative thresholds.
2026-10-07 19:33:17,863 [INFO]  -> [LLOYDSENGG.NS] Bypassed status. Failed strict quantitative thresholds.
2026-10-07 19:33:18,699 [INFO]  -> [LODHA.NS] Bypassed status. Failed strict quantitative thresholds.
2026-10-07 19:33:19,425 [INFO]  -> [LUMAXTECH.NS] Golden Rule Satisfied but alert is on cooldown (already alerted within the last 24 trading days). Skipping Telegram send.
2026-10-07 19:33:19,678 [INFO]  -> [LUPIN.NS] Bypassed status. Failed strict quantitative thresholds.
2026-10-07 19:33:20,385 [INFO]  -> [LUXIND.NS] Bypassed status. Failed strict quantitative thresholds.
2026-10-07 19:33:21,114 [INFO]  -> [LXCHEM.NS] Bypassed status. Failed strict quantitative thresholds.
2026-10-07 19:33:21,845 [INFO]  -> [MAHLOG.NS] Golden Rule Satisfied but alert is on cooldown (already alerted within the last 24 trading days). Skipping Telegram send.
2026-10-07 19:33:22,113 [INFO]  -> [MANKIND.NS] Bypassed status. Failed strict quantitative thresholds.
2026-10-07 19:33:22,885 [INFO]  -> [MANYAVAR.NS] Bypassed status. Failed strict quantitative thresholds.
2026-10-07 19:33:24,035 [INFO]  -> [MARICO.NS] Bypassed status. Failed strict quantitative thresholds.
2026-10-07 19:33:24,892 [INFO]  -> [MARINE.NS] Golden Rule Satisfied but alert is on cooldown (already alerted within the last 24 trading days). Skipping Telegram send.
2026-10-07 19:33:25,126 [INFO]  -> [MARKSANS.NS] Golden Rule Satisfied but alert is on cooldown (already alerted within the last 24 trading days). Skipping Telegram send.
2026-10-07 19:33:25,387 [INFO]  -> [MARUTI.NS] Bypassed status. Failed strict quantitative thresholds.
2026-10-07 19:33:26,104 [INFO]  -> [MAXHEALTH.NS] Bypassed status. Failed strict quantitative thresholds.
2026-10-07 19:33:26,838 [INFO]  -> [MEDANTA.NS] Bypassed status. Failed strict quantitative thresholds.
2026-10-07 19:33:27,943 [INFO]  -> [MEDPLUS.NS] Bypassed status. Failed strict quantitative thresholds.
2026-10-07 19:33:28,645 [INFO]  -> [METROBRAND.NS] Bypassed status. Failed strict quantitative thresholds.
2026-10-07 19:33:29,347 [INFO]  -> [METROPOLIS.NS] Bypassed status. Failed strict quantitative thresholds.
2026-10-07 19:33:30,066 [INFO]  -> [MGL.NS] Bypassed status. Failed strict quantitative thresholds.
2026-10-07 19:33:30,787 [INFO]  -> [MINDACORP.NS] Bypassed status. Failed strict quantitative thresholds.
2026-10-07 19:33:31,681 [INFO]  -> [MMTC.NS] Bypassed status. Failed strict quantitative thresholds.
2026-10-07 19:33:32,417 [INFO]  -> [MOIL.NS] Bypassed status. Failed strict quantitative thresholds.
2026-10-07 19:33:33,184 [INFO]  -> [MONTECARLO.NS] Bypassed status. Failed strict quantitative thresholds.
2026-10-07 19:33:33,933 [INFO]  -> [MOTHERSON.NS] Bypassed status. Failed strict quantitative thresholds.
2026-10-07 19:33:34,642 [INFO]  -> [MSUMI.NS] Bypassed status. Failed strict quantitative thresholds.
2026-10-07 19:33:35,378 [INFO]  -> [NATCOPHARM.NS] Bypassed status. Failed strict quantitative thresholds.
2026-10-07 19:33:36,164 [INFO]  -> [NATIONALUM.NS] Bypassed status. Failed strict quantitative thresholds.
2026-10-07 19:33:36,911 [INFO]  -> [NAZARA.NS] Bypassed status. Failed strict quantitative thresholds.
2026-10-07 19:33:37,720 [INFO]  -> [NOCIL.NS] Bypassed status. Failed strict quantitative thresholds.
2026-10-07 19:33:38,447 [INFO]  -> [NRBBEARING.NS] Bypassed status. Failed strict quantitative thresholds.
2026-10-07 19:33:39,250 [INFO]  -> [NUVOCO.NS] Bypassed status. Failed strict quantitative thresholds.
2026-10-07 19:33:39,942 [INFO]  -> [NYKAA.NS] Bypassed status. Failed strict quantitative thresholds.
2026-10-07 19:33:40,706 [INFO]  -> [OAL.NS] Bypassed status. Failed strict quantitative thresholds.
2026-10-07 19:33:41,473 [INFO]  -> [OBEROIRLTY.NS] Bypassed status. Failed strict quantitative thresholds.
2026-10-07 19:33:42,255 [INFO]  -> [OIL.NS] Bypassed status. Failed strict quantitative thresholds.
2026-10-07 19:33:42,997 [INFO]  -> [OLECTRA.NS] Bypassed status. Failed strict quantitative thresholds.
2026-10-07 19:33:43,761 [INFO]  -> [ONGC.NS] Bypassed status. Failed strict quantitative thresholds.
2026-10-07 19:33:44,541 [INFO]  -> [ORIENTELEC.NS] Bypassed status. Failed strict quantitative thresholds.
2026-10-07 19:33:45,364 [INFO]  -> [PAGEIND.NS] Bypassed status. Failed strict quantitative thresholds.
2026-10-07 19:33:46,155 [INFO]  -> [PCBL.NS] Bypassed status. Failed strict quantitative thresholds.
2026-10-07 19:33:46,928 [INFO]  -> [PDMJEPAPER.NS] Bypassed status. Failed strict quantitative thresholds.
2026-10-07 19:33:47,693 [INFO]  -> [PDSL.NS] Bypassed status. Failed strict quantitative thresholds.
2026-10-07 19:33:48,425 [INFO]  -> [PERSISTENT.NS] Bypassed status. Failed strict quantitative thresholds.
2026-10-07 19:33:49,154 [INFO]  -> [PFIZER.NS] Bypassed status. Failed strict quantitative thresholds.
2026-10-07 19:33:49,898 [INFO]  -> [PGHH.NS] Bypassed status. Failed strict quantitative thresholds.
2026-10-07 19:33:50,651 [INFO]  -> [PGHL.NS] Bypassed status. Failed strict quantitative thresholds.
2026-10-07 19:33:51,466 [INFO]  -> [PHOENIXLTD.NS] Golden Rule Satisfied but alert is on cooldown (already alerted within the last 24 trading days). Skipping Telegram send.
2026-10-07 19:33:51,709 [INFO]  -> [PIDILITIND.NS] Bypassed status. Failed strict quantitative thresholds.
2026-10-07 19:33:52,427 [INFO]  -> [PIIND.NS] Bypassed status. Failed strict quantitative thresholds.
2026-10-07 19:33:53,135 [INFO]  -> [PIXTRANS.NS] Bypassed status. Failed strict quantitative thresholds.
2026-10-07 19:33:53,955 [INFO]  -> [PNCINFRA.NS] Bypassed status. Failed strict quantitative thresholds.
2026-10-07 19:33:54,750 [INFO]  -> [POCL.NS] Bypassed status. Failed strict quantitative thresholds.
2026-10-07 19:33:55,518 [INFO]  -> [POKARNA.NS] Bypassed status. Failed strict quantitative thresholds.
2026-10-07 19:33:56,265 [INFO]  -> [POLYCAB.NS] Bypassed status. Failed strict quantitative thresholds.
2026-10-07 19:33:57,046 [INFO]  -> [POLYMED.NS] Bypassed status. Failed strict quantitative thresholds.
2026-10-07 19:33:57,862 [INFO]  -> [POLYPLEX.NS] Bypassed status. Failed strict quantitative thresholds.
2026-10-07 19:33:58,631 [INFO]  -> [POWERINDIA.NS] Bypassed status. Failed strict quantitative thresholds.
2026-10-07 19:33:59,423 [INFO]  -> [PPLPHARMA.NS] Bypassed status. Failed strict quantitative thresholds.
2026-10-07 19:34:00,204 [INFO]  -> [PRESTIGE.NS] Bypassed status. Failed strict quantitative thresholds.
2026-10-07 19:34:00,955 [INFO]  -> [PRINCEPIPE.NS] Bypassed status. Failed strict quantitative thresholds.
2026-10-07 19:34:01,688 [INFO]  -> [QUESS.NS] Bypassed status. Failed strict quantitative thresholds.
2026-10-07 19:34:02,392 [INFO]  -> [RAILTEL.NS] Bypassed status. Failed strict quantitative thresholds.
2026-10-07 19:34:03,173 [INFO]  -> [RAJESHEXPO.NS] Bypassed status. Failed strict quantitative thresholds.
2026-10-07 19:34:03,925 [INFO]  -> [RALLIS.NS] Bypassed status. Failed strict quantitative thresholds.
2026-10-07 19:34:04,668 [INFO]  -> [RAMCOCEM.NS] Bypassed status. Failed strict quantitative thresholds.
2026-10-07 19:34:05,397 [INFO]  -> [RATNAMANI.NS] Bypassed status. Failed strict quantitative thresholds.
2026-10-07 19:34:06,252 [INFO]  -> [RBA.NS] Bypassed status. Failed strict quantitative thresholds.
2026-10-07 19:34:07,020 [INFO]  -> [RCF.NS] Bypassed status. Failed strict quantitative thresholds.
2026-10-07 19:34:07,900 [INFO]  -> [REDINGTON.NS] Bypassed status. Failed strict quantitative thresholds.
2026-10-07 19:34:08,627 [INFO]  -> [RELAXO.NS] Bypassed status. Failed strict quantitative thresholds.
2026-10-07 19:34:09,619 [INFO]  -> [RELIANCE.NS] Bypassed status. Failed strict quantitative thresholds.
2026-10-07 19:34:10,350 [INFO]  -> [RELINFRA.NS] Bypassed status. Failed strict quantitative thresholds.
2026-10-07 19:34:11,073 [INFO]  -> [RESPONIND.NS] Bypassed status. Failed strict quantitative thresholds.
2026-10-07 19:34:12,324 [INFO]  -> [RHIM.NS] Bypassed status. Failed strict quantitative thresholds.
2026-10-07 19:34:13,085 [INFO]  -> [ROSSARI.NS] Bypassed status. Failed strict quantitative thresholds.
2026-10-07 19:34:13,792 [INFO]  -> [ROUTE.NS] Bypassed status. Failed strict quantitative thresholds.
2026-10-07 19:34:14,592 [INFO]  -> [SAIL.NS] Bypassed status. Failed strict quantitative thresholds.
2026-10-07 19:34:15,392 [INFO]  -> [SANDHAR.NS] Bypassed status. Failed strict quantitative thresholds.
2026-10-07 19:34:16,525 [INFO]  -> [SANOFI.NS] Bypassed status. Failed strict quantitative thresholds.
2026-10-07 19:34:17,270 [INFO]  -> [SCHAEFFLER.NS] Bypassed status. Failed strict quantitative thresholds.
2026-10-07 19:34:18,069 [INFO]  -> [SCI.NS] Bypassed status. Failed strict quantitative thresholds.
2026-10-07 19:34:18,775 [INFO]  -> [SFL.NS] Bypassed status. Failed strict quantitative thresholds.
2026-10-07 19:34:19,940 [INFO]  -> [SHAKTIPUMP.NS] Bypassed status. Failed strict quantitative thresholds.
2026-10-07 19:34:20,698 [INFO]  -> [SHANTIGEAR.NS] Bypassed status. Failed strict quantitative thresholds.
2026-10-07 19:34:21,461 [INFO]  -> [SHARDACROP.NS] Bypassed status. Failed strict quantitative thresholds.
2026-10-07 19:34:22,234 [INFO]  -> [SHILPAMED.NS] Bypassed status. Failed strict quantitative thresholds.
2026-10-07 19:34:23,006 [INFO]  -> [SHYAMMETL.NS] Bypassed status. Failed strict quantitative thresholds.
2026-10-07 19:34:23,798 [INFO]  -> [SIEMENS.NS] Bypassed status. Failed strict quantitative thresholds.
2026-10-07 19:34:24,618 [INFO]  -> [SIS.NS] Bypassed status. Failed strict quantitative thresholds.
2026-10-07 19:34:25,430 [INFO]  -> [SJVN.NS] Bypassed status. Failed strict quantitative thresholds.
2026-10-07 19:34:26,274 [INFO]  -> [SKFINDIA.NS] Bypassed status. Failed strict quantitative thresholds.
2026-10-07 19:34:27,060 [INFO]  -> [SKIPPER.NS] Bypassed status. Failed strict quantitative thresholds.
2026-10-07 19:34:27,785 [INFO]  -> [SOBHA.NS] Bypassed status. Failed strict quantitative thresholds.
2026-10-07 19:34:28,563 [INFO]  -> [SOLARINDS.NS] Bypassed status. Failed strict quantitative thresholds.
2026-10-07 19:34:29,264 [INFO]  -> [SONACOMS.NS] Golden Rule Satisfied but alert is on cooldown (already alerted within the last 24 trading days). Skipping Telegram send.
2026-10-07 19:34:29,491 [INFO]  -> [SPARC.NS] Bypassed status. Failed strict quantitative thresholds.
2026-10-07 19:34:30,230 [INFO]  -> [SRF.NS] Bypassed status. Failed strict quantitative thresholds.
2026-10-07 19:34:30,939 [INFO]  -> [STYLAMIND.NS] Golden Rule Satisfied but alert is on cooldown (already alerted within the last 24 trading days). Skipping Telegram send.
2026-10-07 19:34:31,214 [INFO]  -> [SUBROS.NS] Bypassed status. Failed strict quantitative thresholds.
2026-10-07 19:34:32,125 [INFO]  -> [SUDARSCHEM.NS] Bypassed status. Failed strict quantitative thresholds.
2026-10-07 19:34:32,830 [INFO]  -> [SUMICHEM.NS] Bypassed status. Failed strict quantitative thresholds.
2026-10-07 19:34:33,637 [INFO]  -> [SUNDRMFAST.NS] Bypassed status. Failed strict quantitative thresholds.
2026-10-07 19:34:34,423 [INFO]  -> [SUNPHARMA.NS] Bypassed status. Failed strict quantitative thresholds.
2026-10-07 19:34:35,221 [INFO]  -> [SUNTECK.NS] Bypassed status. Failed strict quantitative thresholds.
2026-10-07 19:34:36,006 [INFO]  -> [SUPRAJIT.NS] Bypassed status. Failed strict quantitative thresholds.
2026-10-07 19:34:36,802 [INFO]  -> [SUPREMEIND.NS] Bypassed status. Failed strict quantitative thresholds.
2026-10-07 19:34:37,511 [INFO]  -> [SUPRIYA.NS] Bypassed status. Failed strict quantitative thresholds.
2026-10-07 19:34:38,245 [INFO]  -> [SYMPHONY.NS] Bypassed status. Failed strict quantitative thresholds.
2026-10-07 19:34:39,027 [INFO]  -> [SYNGENE.NS] Bypassed status. Failed strict quantitative thresholds.
2026-10-07 19:34:39,759 [INFO]  -> [TARIL.NS] Bypassed status. Failed strict quantitative thresholds.
2026-10-07 19:34:40,574 [INFO]  -> [TATACHEM.NS] Bypassed status. Failed strict quantitative thresholds.
2026-10-07 19:34:41,312 [INFO]  -> [TATACONSUM.NS] Bypassed status. Failed strict quantitative thresholds.
2026-10-07 19:34:42,058 [INFO]  -> [TATASTEEL.NS] Bypassed status. Failed strict quantitative thresholds.
2026-10-07 19:34:42,793 [INFO]  -> [TCI.NS] Bypassed status. Failed strict quantitative thresholds.
2026-10-07 19:34:43,494 [INFO]  -> [TCIEXP.NS] Bypassed status. Failed strict quantitative thresholds.
2026-10-07 19:34:44,654 [INFO]  -> [TEJASNET.NS] Bypassed status. Failed strict quantitative thresholds.
2026-10-07 19:34:45,395 [INFO]  -> [TEXRAIL.NS] Golden Rule Satisfied but alert is on cooldown (already alerted within the last 24 trading days). Skipping Telegram send.
2026-10-07 19:34:45,682 [INFO]  -> [THERMAX.NS] Bypassed status. Failed strict quantitative thresholds.
2026-10-07 19:34:46,506 [INFO]  -> [THYROCARE.NS] Bypassed status. Failed strict quantitative thresholds.
2026-10-07 19:34:47,320 [INFO]  -> [TIINDIA.NS] Bypassed status. Failed strict quantitative thresholds.
2026-10-07 19:34:48,173 [INFO]  -> [TIMETECHNO.NS] Bypassed status. Failed strict quantitative thresholds.
2026-10-07 19:34:48,898 [INFO]  -> [TIMKEN.NS] Bypassed status. Failed strict quantitative thresholds.
2026-10-07 19:34:49,697 [INFO]  -> [TRIDENT.NS] Bypassed status. Failed strict quantitative thresholds.
2026-10-07 19:34:50,516 [INFO]  -> [TRITURBINE.NS] Bypassed status. Failed strict quantitative thresholds.
2026-10-07 19:34:51,287 [INFO]  -> [TTKPRESTIG.NS] Bypassed status. Failed strict quantitative thresholds.
2026-10-07 19:34:52,028 [INFO]  -> [UNICHEMLAB.NS] Golden Rule Satisfied but alert is on cooldown (already alerted within the last 24 trading days). Skipping Telegram send.
2026-10-07 19:34:52,305 [INFO]  -> [UNOMINDA.NS] Bypassed status. Failed strict quantitative thresholds.
2026-10-07 19:34:53,108 [INFO]  -> [UPL.NS] Bypassed status. Failed strict quantitative thresholds.
2026-10-07 19:34:53,937 [INFO]  -> [VAIBHAVGBL.NS] Bypassed status. Failed strict quantitative thresholds.
2026-10-07 19:34:55,086 [INFO]  -> [VARROC.NS] Bypassed status. Failed strict quantitative thresholds.
2026-10-07 19:34:55,789 [INFO]  -> [VBL.NS] Bypassed status. Failed strict quantitative thresholds.
2026-10-07 19:34:57,014 [INFO]  -> [VEDL.NS] Bypassed status. Failed strict quantitative thresholds.
2026-10-07 19:34:58,150 [INFO]  -> [VGUARD.NS] Bypassed status. Failed strict quantitative thresholds.
2026-10-07 19:34:58,909 [INFO]  -> [VIJAYA.NS] Golden Rule Satisfied but alert is on cooldown (already alerted within the last 24 trading days). Skipping Telegram send.
2026-10-07 19:34:59,879 [INFO]  -> [VINATIORGA.NS] Bypassed status. Failed strict quantitative thresholds.
2026-10-07 19:35:00,646 [INFO]  -> [VIPIND.NS] Bypassed status. Failed strict quantitative thresholds.
2026-10-07 19:35:01,410 [INFO]  -> [VMART.NS] Bypassed status. Failed strict quantitative thresholds.
2026-10-07 19:35:02,224 [INFO]  -> [VOLTAS.NS] Bypassed status. Failed strict quantitative thresholds.
2026-10-07 19:35:03,049 [INFO]  -> [VTL.NS] Bypassed status. Failed strict quantitative thresholds.
2026-10-07 19:35:04,222 [INFO]  -> [WELCORP.NS] Bypassed status. Failed strict quantitative thresholds.
2026-10-07 19:35:05,352 [INFO]  -> [WELSPUNLIV.NS] Bypassed status. Failed strict quantitative thresholds.
2026-10-07 19:35:06,064 [INFO]  -> [WHIRLPOOL.NS] Bypassed status. Failed strict quantitative thresholds.
2026-10-07 19:35:07,023 [INFO]  -> [WOCKPHARMA.NS] Bypassed status. Failed strict quantitative thresholds.
2026-10-07 19:35:07,759 [INFO]  -> [YUKEN.NS] Bypassed status. Failed strict quantitative thresholds.
2026-10-07 19:35:08,575 [INFO]  -> [ZFCVINDIA.NS] Bypassed status. Failed strict quantitative thresholds.
2026-10-07 19:35:09,322 [INFO]  -> [ZYDUSLIFE.NS] Bypassed status. Failed strict quantitative thresholds.
2026-10-07 19:35:10,135 [INFO]  -> [ZYDUSWELL.NS] Bypassed status. Failed strict quantitative thresholds.
2026-10-07 19:35:10,636 [INFO] [Complete] Quant script loops finished successfully. Overwriting metrics...
2026-10-07 19:35:15,944 [INFO] ✓ Central output matrix overwritten successfully.
2026-10-08 19:26:12,233 [INFO] =================================================================
2026-10-08 19:26:12,233 [INFO] RUNNING CONSOLIDATED SYSTEM SCRIPTS
2026-10-08 19:26:12,233 [INFO] =================================================================
2026-10-08 19:26:12,993 [INFO]  -> [AARTIDRUGS.NS] Bypassed status. Failed strict quantitative thresholds.
2026-10-08 19:26:13,931 [INFO]  -> [ACE.NS] Bypassed status. Failed strict quantitative thresholds.
2026-10-08 19:26:14,883 [INFO]  -> [AFFLE.NS] Bypassed status. Failed strict quantitative thresholds.
2026-10-08 19:26:15,827 [INFO]  -> [AIAENG.NS] Bypassed status. Failed strict quantitative thresholds.
2026-10-08 19:26:16,876 [INFO]  -> [ALKYLAMINE.NS] Bypassed status. Failed strict quantitative thresholds.
2026-10-08 19:26:17,820 [INFO]  -> [ALLCARGO.NS] Bypassed status. Failed strict quantitative thresholds.
2026-10-08 19:26:18,694 [INFO]  -> [AMBER.NS] Bypassed status. Failed strict quantitative thresholds.
2026-10-08 19:26:19,660 [INFO]  -> [AMBUJACEM.NS] Bypassed status. Failed strict quantitative thresholds.
2026-10-08 19:26:20,622 [INFO]  -> [ANANTRAJ.NS] Bypassed status. Failed strict quantitative thresholds.
2026-10-08 19:26:21,592 [INFO]  -> [ANURAS.NS] Bypassed status. Failed strict quantitative thresholds.
2026-10-08 19:26:22,553 [INFO]  -> [APLAPOLLO.NS] Bypassed status. Failed strict quantitative thresholds.
2026-10-08 19:26:23,467 [INFO]  -> [APLLTD.NS] Bypassed status. Failed strict quantitative thresholds.
2026-10-08 19:26:24,429 [INFO]  -> [APOLLO.NS] Bypassed status. Failed strict quantitative thresholds.
2026-10-08 19:26:25,482 [INFO]  -> [APOLLOHOSP.NS] Bypassed status. Failed strict quantitative thresholds.
2026-10-08 19:26:26,444 [INFO]  -> [APOLLOTYRE.NS] Bypassed status. Failed strict quantitative thresholds.
2026-10-08 19:26:27,361 [INFO]  -> [ARE&M.NS] Bypassed status. Failed strict quantitative thresholds.
2026-10-08 19:26:28,247 [INFO]  -> [ARTEMISMED.NS] Bypassed status. Failed strict quantitative thresholds.
2026-10-08 19:26:29,204 [INFO]  -> [ASAHIINDIA.NS] Bypassed status. Failed strict quantitative thresholds.
2026-10-08 19:26:30,193 [INFO]  -> [ASIANENE.NS] Bypassed status. Failed strict quantitative thresholds.
2026-10-08 19:26:31,221 [INFO]  -> [ASIANPAINT.NS] Bypassed status. Failed strict quantitative thresholds.
2026-10-08 19:26:32,184 [INFO]  -> [ASKAUTOLTD.NS] Bypassed status. Failed strict quantitative thresholds.
2026-10-08 19:26:33,148 [INFO]  -> [ASTRAL.NS] Bypassed status. Failed strict quantitative thresholds.
2026-10-08 19:26:34,223 [INFO]  -> [ASTRAZEN.NS] Bypassed status. Failed strict quantitative thresholds.
2026-10-08 19:26:35,186 [INFO]  -> [ATGL.NS] Bypassed status. Failed strict quantitative thresholds.
2026-10-08 19:26:36,125 [INFO]  -> [ATUL.NS] Bypassed status. Failed strict quantitative thresholds.
2026-10-08 19:26:37,106 [INFO]  -> [AUROPHARMA.NS] Golden Rule Satisfied but alert is on cooldown (already alerted within the last 24 trading days). Skipping Telegram send.
2026-10-08 19:26:37,679 [INFO]  -> [AVANTIFEED.NS] Bypassed status. Failed strict quantitative thresholds.
2026-10-08 19:26:38,672 [INFO]  -> [AYMSYNTEX.NS] Bypassed status. Failed strict quantitative thresholds.
2026-10-08 19:26:39,594 [INFO]  -> [BAJAJELEC.NS] Bypassed status. Failed strict quantitative thresholds.
2026-10-08 19:26:40,605 [INFO]  -> [BAJAJHCARE.NS] Bypassed status. Failed strict quantitative thresholds.
2026-10-08 19:26:41,624 [INFO]  -> [BALKRISIND.NS] Bypassed status. Failed strict quantitative thresholds.
2026-10-08 19:26:42,659 [INFO]  -> [BASF.NS] Bypassed status. Failed strict quantitative thresholds.
2026-10-08 19:26:43,635 [INFO]  -> [BATAINDIA.NS] Bypassed status. Failed strict quantitative thresholds.
2026-10-08 19:26:44,551 [INFO]  -> [BAYERCROP.NS] Bypassed status. Failed strict quantitative thresholds.
2026-10-08 19:26:45,492 [INFO]  -> [BBTC.NS] Bypassed status. Failed strict quantitative thresholds.
2026-10-08 19:26:46,502 [INFO]  -> [BECTORFOOD.NS] Bypassed status. Failed strict quantitative thresholds.
2026-10-08 19:26:47,535 [INFO]  -> [BERGEPAINT.NS] Bypassed status. Failed strict quantitative thresholds.
2026-10-08 19:26:48,512 [INFO]  -> [BHARATRAS.NS] Bypassed status. Failed strict quantitative thresholds.
2026-10-08 19:26:49,408 [INFO]  -> [BIKAJI.NS] Bypassed status. Failed strict quantitative thresholds.
2026-10-08 19:26:50,334 [INFO]  -> [BIOCON.NS] Bypassed status. Failed strict quantitative thresholds.
2026-10-08 19:26:51,348 [INFO]  -> [BIRLACORPN.NS] Bypassed status. Failed strict quantitative thresholds.
2026-10-08 19:26:52,274 [INFO]  -> [BLUESTARCO.NS] Bypassed status. Failed strict quantitative thresholds.
2026-10-08 19:26:53,221 [INFO]  -> [BORORENEW.NS] Bypassed status. Failed strict quantitative thresholds.
2026-10-08 19:26:54,142 [INFO]  -> [BRIGADE.NS] Bypassed status. Failed strict quantitative thresholds.
2026-10-08 19:26:55,082 [INFO]  -> [CAMPUS.NS] Bypassed status. Failed strict quantitative thresholds.
2026-10-08 19:26:56,078 [INFO]  -> [CAPLIPOINT.NS] Bypassed status. Failed strict quantitative thresholds.
2026-10-08 19:26:57,037 [INFO]  -> [CARBORUNIV.NS] Bypassed status. Failed strict quantitative thresholds.
2026-10-08 19:26:57,977 [INFO]  -> [CCL.NS] Bypassed status. Failed strict quantitative thresholds.
2026-10-08 19:26:58,892 [INFO]  -> [CEATLTD.NS] Bypassed status. Failed strict quantitative thresholds.
2026-10-08 19:26:59,863 [INFO]  -> [CENTURYPLY.NS] Bypassed status. Failed strict quantitative thresholds.
2026-10-08 19:27:00,949 [INFO]  -> [CERA.NS] Bypassed status. Failed strict quantitative thresholds.
2026-10-08 19:27:01,949 [INFO]  -> [CGPOWER.NS] Bypassed status. Failed strict quantitative thresholds.
2026-10-08 19:27:02,880 [INFO]  -> [CHAMBLFERT.NS] Bypassed status. Failed strict quantitative thresholds.
2026-10-08 19:27:03,873 [INFO]  -> [CHEMPLASTS.NS] Bypassed status. Failed strict quantitative thresholds.
2026-10-08 19:27:04,868 [INFO]  -> [CIPLA.NS] Bypassed status. Failed strict quantitative thresholds.
2026-10-08 19:27:05,868 [INFO]  -> [CLEAN.NS] Bypassed status. Failed strict quantitative thresholds.
2026-10-08 19:27:06,778 [INFO]  -> [COALINDIA.NS] Bypassed status. Failed strict quantitative thresholds.
2026-10-08 19:27:07,674 [INFO]  -> [COCHINSHIP.NS] Bypassed status. Failed strict quantitative thresholds.
2026-10-08 19:27:08,590 [INFO]  -> [COLPAL.NS] Bypassed status. Failed strict quantitative thresholds.
2026-10-08 19:27:09,521 [INFO]  -> [CONCOR.NS] Bypassed status. Failed strict quantitative thresholds.
2026-10-08 19:27:10,448 [INFO]  -> [COSMOFIRST.NS] Bypassed status. Failed strict quantitative thresholds.
2026-10-08 19:27:11,440 [INFO]  -> [CROMPTON.NS] Bypassed status. Failed strict quantitative thresholds.
2026-10-08 19:27:12,543 [INFO]  -> [CYIENT.NS] Bypassed status. Failed strict quantitative thresholds.
2026-10-08 19:27:13,604 [INFO]  -> [DABUR.NS] Bypassed status. Failed strict quantitative thresholds.
2026-10-08 19:27:14,542 [INFO]  -> [DALBHARAT.NS] Bypassed status. Failed strict quantitative thresholds.
2026-10-08 19:27:15,530 [INFO]  -> [DCMSHRIRAM.NS] Bypassed status. Failed strict quantitative thresholds.
2026-10-08 19:27:16,519 [INFO]  -> [DEEPAKFERT.NS] Bypassed status. Failed strict quantitative thresholds.
2026-10-08 19:27:17,427 [INFO]  -> [DEEPAKNTR.NS] Bypassed status. Failed strict quantitative thresholds.
2026-10-08 19:27:18,320 [INFO]  -> [DELHIVERY.NS] Bypassed status. Failed strict quantitative thresholds.
2026-10-08 19:27:19,228 [INFO]  -> [DHANUKA.NS] Bypassed status. Failed strict quantitative thresholds.
2026-10-08 19:27:20,151 [INFO]  -> [DIVISLAB.NS] Bypassed status. Failed strict quantitative thresholds.
2026-10-08 19:27:21,149 [INFO]  -> [DLF.NS] Bypassed status. Failed strict quantitative thresholds.
2026-10-08 19:27:22,208 [INFO]  -> [DMART.NS] Bypassed status. Failed strict quantitative thresholds.
2026-10-08 19:27:23,158 [INFO]  -> [DOLLAR.NS] Bypassed status. Failed strict quantitative thresholds.
2026-10-08 19:27:24,166 [INFO]  -> [DRREDDY.NS] Bypassed status. Failed strict quantitative thresholds.
2026-10-08 19:27:25,181 [INFO]  -> [DYCL.NS] Bypassed status. Failed strict quantitative thresholds.
2026-10-08 19:27:26,239 [INFO]  -> [ECLERX.NS] Bypassed status. Failed strict quantitative thresholds.
2026-10-08 19:27:27,194 [INFO]  -> [EICHERMOT.NS] Bypassed status. Failed strict quantitative thresholds.
2026-10-08 19:27:28,140 [INFO]  -> [EIDPARRY.NS] Bypassed status. Failed strict quantitative thresholds.
2026-10-08 19:27:29,131 [INFO]  -> [EKC.NS] Bypassed status. Failed strict quantitative thresholds.
2026-10-08 19:27:30,062 [INFO]  -> [ELGIEQUIP.NS] Bypassed status. Failed strict quantitative thresholds.
2026-10-08 19:27:30,973 [INFO]  -> [EMAMILTD.NS] Bypassed status. Failed strict quantitative thresholds.
2026-10-08 19:27:31,870 [INFO]  -> [EMUDHRA.NS] Bypassed status. Failed strict quantitative thresholds.
2026-10-08 19:27:32,785 [INFO]  -> [ENDURANCE.NS] Bypassed status. Failed strict quantitative thresholds.
2026-10-08 19:27:33,767 [INFO]  -> [EPL.NS] Bypassed status. Failed strict quantitative thresholds.
2026-10-08 19:27:34,738 [INFO]  -> [FDC.NS] Bypassed status. Failed strict quantitative thresholds.
2026-10-08 19:27:35,683 [INFO]  -> [FINCABLES.NS] Bypassed status. Failed strict quantitative thresholds.
2026-10-08 19:27:36,616 [INFO]  -> [FINEORG.NS] Bypassed status. Failed strict quantitative thresholds.
2026-10-08 19:27:37,639 [INFO]  -> [FINPIPE.NS] Bypassed status. Failed strict quantitative thresholds.
2026-10-08 19:27:38,528 [INFO]  -> [FLUOROCHEM.NS] Bypassed status. Failed strict quantitative thresholds.
2026-10-08 19:27:39,465 [INFO]  -> [FMGOETZE.NS] Bypassed status. Failed strict quantitative thresholds.
2026-10-08 19:27:40,353 [INFO]  -> [FORTIS.NS] Bypassed status. Failed strict quantitative thresholds.
2026-10-08 19:27:41,383 [INFO]  -> [GABRIEL.NS] Golden Rule Satisfied but alert is on cooldown (already alerted within the last 24 trading days). Skipping Telegram send.
2026-10-08 19:27:41,835 [INFO]  -> [GAEL.NS] Bypassed status. Failed strict quantitative thresholds.
2026-10-08 19:27:42,789 [INFO]  -> [GAIL.NS] Bypassed status. Failed strict quantitative thresholds.
2026-10-08 19:27:43,784 [INFO]  -> [GALAXYSURF.NS] Bypassed status. Failed strict quantitative thresholds.
2026-10-08 19:27:44,798 [INFO]  -> [GANECOS.NS] Bypassed status. Failed strict quantitative thresholds.
2026-10-08 19:27:45,773 [INFO]  -> [GARFIBRES.NS] Bypassed status. Failed strict quantitative thresholds.
2026-10-08 19:27:46,747 [INFO]  -> [GENESYS.NS] Bypassed status. Failed strict quantitative thresholds.
2026-10-08 19:27:47,638 [INFO]  -> [GHCLTEXTIL.NS] Bypassed status. Failed strict quantitative thresholds.
2026-10-08 19:27:48,621 [INFO]  -> [GLAND.NS] Bypassed status. Failed strict quantitative thresholds.
2026-10-08 19:27:49,589 [INFO]  -> [GLENMARK.NS] Golden Rule Satisfied but alert is on cooldown (already alerted within the last 24 trading days). Skipping Telegram send.
2026-10-08 19:27:50,018 [INFO]  -> [GMMPFAUDLR.NS] Bypassed status. Failed strict quantitative thresholds.
2026-10-08 19:27:50,936 [INFO]  -> [GODREJAGRO.NS] Bypassed status. Failed strict quantitative thresholds.
2026-10-08 19:27:51,919 [INFO]  -> [GODREJCP.NS] Bypassed status. Failed strict quantitative thresholds.
2026-10-08 19:27:52,820 [INFO]  -> [GOKULAGRO.NS] Bypassed status. Failed strict quantitative thresholds.
2026-10-08 19:27:53,731 [INFO]  -> [GOODLUCK.NS] Bypassed status. Failed strict quantitative thresholds.
2026-10-08 19:27:54,725 [INFO]  -> [GPPL.NS] Bypassed status. Failed strict quantitative thresholds.
2026-10-08 19:27:55,653 [INFO]  -> [GRANULES.NS] Bypassed status. Failed strict quantitative thresholds.
2026-10-08 19:27:56,577 [INFO]  -> [GRAPHITE.NS] Bypassed status. Failed strict quantitative thresholds.
2026-10-08 19:27:57,526 [INFO]  -> [GREENPANEL.NS] Bypassed status. Failed strict quantitative thresholds.
2026-10-08 19:27:58,465 [INFO]  -> [GRINDWELL.NS] Bypassed status. Failed strict quantitative thresholds.
2026-10-08 19:27:59,354 [INFO]  -> [GRWRHITECH.NS] Bypassed status. Failed strict quantitative thresholds.
2026-10-08 19:28:00,193 [WARNING] [GSPL.NS] Historical price fetch failed: EmptyDataError: 
[Empty] -> No results found. Try adjusting the query parameters.. Falling back to cached/fail-safe data — price will NOT advance this run.
2026-10-08 19:28:00,628 [INFO]  -> [GUJALKALI.NS] Bypassed status. Failed strict quantitative thresholds.
2026-10-08 19:28:01,193 [INFO]  -> [GUJGASLTD.NS] Bypassed status. Failed strict quantitative thresholds.
2026-10-08 19:28:02,113 [INFO]  -> [GVT&D.NS] Bypassed status. Failed strict quantitative thresholds.
2026-10-08 19:28:03,061 [INFO]  -> [HARDWYN.NS] Bypassed status. Failed strict quantitative thresholds.
2026-10-08 19:28:04,044 [INFO]  -> [HAVELLS.NS] Bypassed status. Failed strict quantitative thresholds.
2026-10-08 19:28:05,001 [INFO]  -> [HEG.NS] Bypassed status. Failed strict quantitative thresholds.
2026-10-08 19:28:06,015 [INFO]  -> [HERANBA.NS] Bypassed status. Failed strict quantitative thresholds.
2026-10-08 19:28:07,048 [INFO]  -> [HEROMOTOCO.NS] Bypassed status. Failed strict quantitative thresholds.
2026-10-08 19:28:08,013 [INFO]  -> [HFCL.NS] Bypassed status. Failed strict quantitative thresholds.
2026-10-08 19:28:09,071 [INFO]  -> [HIKAL.NS] Bypassed status. Failed strict quantitative thresholds.
2026-10-08 19:28:10,032 [INFO]  -> [HINDALCO.NS] Golden Rule Satisfied but alert is on cooldown (already alerted within the last 24 trading days). Skipping Telegram send.
2026-10-08 19:28:10,440 [INFO]  -> [HINDCOPPER.NS] Bypassed status. Failed strict quantitative thresholds.
2026-10-08 19:28:11,418 [INFO]  -> [HINDPETRO.NS] Bypassed status. Failed strict quantitative thresholds.
2026-10-08 19:28:12,357 [INFO]  -> [HINDUNILVR.NS] Bypassed status. Failed strict quantitative thresholds.
2026-10-08 19:28:13,264 [INFO]  -> [HLEGLAS.NS] Bypassed status. Failed strict quantitative thresholds.
2026-10-08 19:28:13,831 [INFO]  -> [IBREALEST.NS] Bypassed status. Failed strict quantitative thresholds.
2026-10-08 19:28:14,801 [INFO]  -> [IFBIND.NS] Bypassed status. Failed strict quantitative thresholds.
2026-10-08 19:28:15,751 [INFO]  -> [IGL.NS] Bypassed status. Failed strict quantitative thresholds.
2026-10-08 19:28:16,666 [INFO]  -> [INDIGOPNTS.NS] Bypassed status. Failed strict quantitative thresholds.
2026-10-08 19:28:17,659 [INFO]  -> [INDNIPPON.NS] Bypassed status. Failed strict quantitative thresholds.
2026-10-08 19:28:18,632 [INFO]  -> [INDOCO.NS] Bypassed status. Failed strict quantitative thresholds.
2026-10-08 19:28:19,545 [INFO]  -> [INDUSTOWER.NS] Bypassed status. Failed strict quantitative thresholds.
2026-10-08 19:28:20,448 [INFO]  -> [INNOVACAP.NS] Bypassed status. Failed strict quantitative thresholds.
2026-10-08 19:28:21,385 [INFO]  -> [IOC.NS] Bypassed status. Failed strict quantitative thresholds.
2026-10-08 19:28:22,315 [INFO]  -> [IPCALAB.NS] Bypassed status. Failed strict quantitative thresholds.
2026-10-08 19:28:23,333 [INFO]  -> [IPL.NS] Bypassed status. Failed strict quantitative thresholds.
2026-10-08 19:28:24,231 [INFO]  -> [ISGEC.NS] Bypassed status. Failed strict quantitative thresholds.
2026-10-08 19:28:25,161 [INFO]  -> [ITI.NS] Bypassed status. Failed strict quantitative thresholds.
2026-10-08 19:28:26,113 [INFO]  -> [JAMNAAUTO.NS] Bypassed status. Failed strict quantitative thresholds.
2026-10-08 19:28:26,982 [WARNING] [JBCHEPHARM.NS] Historical price fetch failed: EmptyDataError: 
[Empty] -> No results found. Try adjusting the query parameters.. Falling back to cached/fail-safe data — price will NOT advance this run.
2026-10-08 19:28:27,479 [INFO]  -> [JINDALSAW.NS] Bypassed status. Failed strict quantitative thresholds.
2026-10-08 19:28:28,491 [INFO]  -> [JINDALSTEL.NS] Golden Rule Satisfied but alert is on cooldown (already alerted within the last 24 trading days). Skipping Telegram send.
2026-10-08 19:28:29,088 [INFO]  -> [JKIL.NS] Bypassed status. Failed strict quantitative thresholds.
2026-10-08 19:28:30,071 [INFO]  -> [JKLAKSHMI.NS] Bypassed status. Failed strict quantitative thresholds.
2026-10-08 19:28:31,086 [INFO]  -> [JSL.NS] Bypassed status. Failed strict quantitative thresholds.
2026-10-08 19:28:32,003 [INFO]  -> [JSWENERGY.NS] Bypassed status. Failed strict quantitative thresholds.
2026-10-08 19:28:33,005 [INFO]  -> [JUBLINGREA.NS] Bypassed status. Failed strict quantitative thresholds.
2026-10-08 19:28:34,008 [INFO]  -> [JUBLPHARMA.NS] Bypassed status. Failed strict quantitative thresholds.
2026-10-08 19:28:34,938 [INFO]  -> [KAJARIACER.NS] Bypassed status. Failed strict quantitative thresholds.
2026-10-08 19:28:35,504 [INFO]  -> [KALPATPOWR.NS] Bypassed status. Failed strict quantitative thresholds.
2026-10-08 19:28:36,513 [INFO]  -> [KANSAINER.NS] Bypassed status. Failed strict quantitative thresholds.
2026-10-08 19:28:37,432 [INFO]  -> [KEI.NS] Bypassed status. Failed strict quantitative thresholds.
2026-10-08 19:28:37,998 [INFO]  -> [KEPL.NS] Bypassed status. Failed strict quantitative thresholds.
2026-10-08 19:28:38,923 [INFO]  -> [KIMS.NS] Bypassed status. Failed strict quantitative thresholds.
2026-10-08 19:28:39,891 [INFO]  -> [KIRLOSBROS.NS] Bypassed status. Failed strict quantitative thresholds.
2026-10-08 19:28:40,776 [INFO]  -> [KIRLPNU.NS] Bypassed status. Failed strict quantitative thresholds.
2026-10-08 19:28:41,701 [INFO]  -> [KPITTECH.NS] Bypassed status. Failed strict quantitative thresholds.
2026-10-08 19:28:42,609 [INFO]  -> [KPRMILL.NS] Bypassed status. Failed strict quantitative thresholds.
2026-10-08 19:28:43,552 [INFO]  -> [KRBL.NS] Bypassed status. Failed strict quantitative thresholds.
2026-10-08 19:28:44,559 [INFO]  -> [KRSNAA.NS] Bypassed status. Failed strict quantitative thresholds.
2026-10-08 19:28:45,555 [INFO]  -> [LALPATHLAB.NS] Bypassed status. Failed strict quantitative thresholds.
2026-10-08 19:28:46,479 [INFO]  -> [LAURUSLABS.NS] Bypassed status. Failed strict quantitative thresholds.
2026-10-08 19:28:47,411 [INFO]  -> [LGBBROSLTD.NS] Bypassed status. Failed strict quantitative thresholds.
2026-10-08 19:28:48,315 [INFO]  -> [LIKHITHA.NS] Bypassed status. Failed strict quantitative thresholds.
2026-10-08 19:28:49,277 [INFO]  -> [LINC.NS] Bypassed status. Failed strict quantitative thresholds.
2026-10-08 19:28:50,195 [INFO]  -> [LINDEINDIA.NS] Bypassed status. Failed strict quantitative thresholds.
2026-10-08 19:28:51,246 [INFO]  -> [LLOYDSENGG.NS] Bypassed status. Failed strict quantitative thresholds.
2026-10-08 19:28:52,155 [INFO]  -> [LODHA.NS] Bypassed status. Failed strict quantitative thresholds.
2026-10-08 19:28:53,195 [INFO]  -> [LUMAXTECH.NS] Golden Rule Satisfied but alert is on cooldown (already alerted within the last 24 trading days). Skipping Telegram send.
2026-10-08 19:28:53,690 [INFO]  -> [LUPIN.NS] Bypassed status. Failed strict quantitative thresholds.
2026-10-08 19:28:54,603 [INFO]  -> [LUXIND.NS] Bypassed status. Failed strict quantitative thresholds.
2026-10-08 19:28:55,551 [INFO]  -> [LXCHEM.NS] Bypassed status. Failed strict quantitative thresholds.
2026-10-08 19:28:56,455 [INFO]  -> [MAHLOG.NS] Golden Rule Satisfied but alert is on cooldown (already alerted within the last 24 trading days). Skipping Telegram send.
2026-10-08 19:28:56,839 [INFO]  -> [MANKIND.NS] Bypassed status. Failed strict quantitative thresholds.
2026-10-08 19:28:57,777 [INFO]  -> [MANYAVAR.NS] Bypassed status. Failed strict quantitative thresholds.
2026-10-08 19:28:58,731 [INFO]  -> [MARICO.NS] Bypassed status. Failed strict quantitative thresholds.
2026-10-08 19:28:59,686 [INFO]  -> [MARINE.NS] Golden Rule Satisfied but alert is on cooldown (already alerted within the last 24 trading days). Skipping Telegram send.
2026-10-08 19:29:00,087 [INFO]  -> [MARKSANS.NS] Golden Rule Satisfied but alert is on cooldown (already alerted within the last 24 trading days). Skipping Telegram send.
2026-10-08 19:29:00,548 [INFO]  -> [MARUTI.NS] Bypassed status. Failed strict quantitative thresholds.
2026-10-08 19:29:01,458 [INFO]  -> [MAXHEALTH.NS] Bypassed status. Failed strict quantitative thresholds.
2026-10-08 19:29:02,450 [INFO]  -> [MEDANTA.NS] Bypassed status. Failed strict quantitative thresholds.
2026-10-08 19:29:03,381 [INFO]  -> [MEDPLUS.NS] Bypassed status. Failed strict quantitative thresholds.
2026-10-08 19:29:04,282 [INFO]  -> [METROBRAND.NS] Bypassed status. Failed strict quantitative thresholds.
2026-10-08 19:29:05,236 [INFO]  -> [METROPOLIS.NS] Bypassed status. Failed strict quantitative thresholds.
2026-10-08 19:29:06,194 [INFO]  -> [MGL.NS] Bypassed status. Failed strict quantitative thresholds.
2026-10-08 19:29:07,118 [INFO]  -> [MINDACORP.NS] Bypassed status. Failed strict quantitative thresholds.
2026-10-08 19:29:08,044 [INFO]  -> [MMTC.NS] Bypassed status. Failed strict quantitative thresholds.
2026-10-08 19:29:08,959 [INFO]  -> [MOIL.NS] Bypassed status. Failed strict quantitative thresholds.
2026-10-08 19:29:09,933 [INFO]  -> [MONTECARLO.NS] Bypassed status. Failed strict quantitative thresholds.
2026-10-08 19:29:10,933 [INFO]  -> [MOTHERSON.NS] Bypassed status. Failed strict quantitative thresholds.
2026-10-08 19:29:11,962 [INFO]  -> [MSUMI.NS] Bypassed status. Failed strict quantitative thresholds.
2026-10-08 19:29:12,896 [INFO]  -> [NATCOPHARM.NS] Bypassed status. Failed strict quantitative thresholds.
2026-10-08 19:29:13,881 [INFO]  -> [NATIONALUM.NS] Bypassed status. Failed strict quantitative thresholds.
2026-10-08 19:29:14,807 [INFO]  -> [NAZARA.NS] Bypassed status. Failed strict quantitative thresholds.
2026-10-08 19:29:15,912 [INFO]  -> [NOCIL.NS] Bypassed status. Failed strict quantitative thresholds.
2026-10-08 19:29:16,996 [INFO]  -> [NRBBEARING.NS] Bypassed status. Failed strict quantitative thresholds.
2026-10-08 19:29:17,928 [INFO]  -> [NUVOCO.NS] Bypassed status. Failed strict quantitative thresholds.
2026-10-08 19:29:18,848 [INFO]  -> [NYKAA.NS] Bypassed status. Failed strict quantitative thresholds.
2026-10-08 19:29:19,765 [INFO]  -> [OAL.NS] Bypassed status. Failed strict quantitative thresholds.
2026-10-08 19:29:20,676 [INFO]  -> [OBEROIRLTY.NS] Bypassed status. Failed strict quantitative thresholds.
2026-10-08 19:29:21,599 [INFO]  -> [OIL.NS] Bypassed status. Failed strict quantitative thresholds.
2026-10-08 19:29:22,607 [INFO]  -> [OLECTRA.NS] Bypassed status. Failed strict quantitative thresholds.
2026-10-08 19:29:23,605 [INFO]  -> [ONGC.NS] Bypassed status. Failed strict quantitative thresholds.
2026-10-08 19:29:24,511 [INFO]  -> [ORIENTELEC.NS] Bypassed status. Failed strict quantitative thresholds.
2026-10-08 19:29:25,425 [INFO]  -> [PAGEIND.NS] Bypassed status. Failed strict quantitative thresholds.
2026-10-08 19:29:26,403 [INFO]  -> [PCBL.NS] Bypassed status. Failed strict quantitative thresholds.
2026-10-08 19:29:27,311 [INFO]  -> [PDMJEPAPER.NS] Bypassed status. Failed strict quantitative thresholds.
2026-10-08 19:29:28,308 [INFO]  -> [PDSL.NS] Bypassed status. Failed strict quantitative thresholds.
2026-10-08 19:29:29,233 [INFO]  -> [PERSISTENT.NS] Bypassed status. Failed strict quantitative thresholds.
2026-10-08 19:29:30,213 [INFO]  -> [PFIZER.NS] Bypassed status. Failed strict quantitative thresholds.
2026-10-08 19:29:31,206 [INFO]  -> [PGHH.NS] Bypassed status. Failed strict quantitative thresholds.
2026-10-08 19:29:32,156 [INFO]  -> [PGHL.NS] Bypassed status. Failed strict quantitative thresholds.
2026-10-08 19:29:33,171 [INFO]  -> [PHOENIXLTD.NS] Golden Rule Satisfied but alert is on cooldown (already alerted within the last 24 trading days). Skipping Telegram send.
2026-10-08 19:29:33,633 [INFO]  -> [PIDILITIND.NS] Bypassed status. Failed strict quantitative thresholds.
2026-10-08 19:29:34,565 [INFO]  -> [PIIND.NS] Bypassed status. Failed strict quantitative thresholds.
2026-10-08 19:29:35,462 [INFO]  -> [PIXTRANS.NS] Bypassed status. Failed strict quantitative thresholds.
2026-10-08 19:29:36,390 [INFO]  -> [PNCINFRA.NS] Bypassed status. Failed strict quantitative thresholds.
2026-10-08 19:29:37,358 [INFO]  -> [POCL.NS] Bypassed status. Failed strict quantitative thresholds.
2026-10-08 19:29:38,291 [INFO]  -> [POKARNA.NS] Bypassed status. Failed strict quantitative thresholds.
2026-10-08 19:29:39,209 [INFO]  -> [POLYCAB.NS] Bypassed status. Failed strict quantitative thresholds.
2026-10-08 19:29:40,168 [INFO]  -> [POLYMED.NS] Bypassed status. Failed strict quantitative thresholds.
2026-10-08 19:29:41,228 [INFO]  -> [POLYPLEX.NS] Bypassed status. Failed strict quantitative thresholds.
2026-10-08 19:29:42,182 [INFO]  -> [POWERINDIA.NS] Bypassed status. Failed strict quantitative thresholds.
2026-10-08 19:29:43,095 [INFO]  -> [PPLPHARMA.NS] Bypassed status. Failed strict quantitative thresholds.
2026-10-08 19:29:43,998 [INFO]  -> [PRESTIGE.NS] Bypassed status. Failed strict quantitative thresholds.
2026-10-08 19:29:44,902 [INFO]  -> [PRINCEPIPE.NS] Bypassed status. Failed strict quantitative thresholds.
2026-10-08 19:29:45,803 [INFO]  -> [QUESS.NS] Bypassed status. Failed strict quantitative thresholds.
2026-10-08 19:29:46,692 [INFO]  -> [RAILTEL.NS] Bypassed status. Failed strict quantitative thresholds.
2026-10-08 19:29:47,668 [INFO]  -> [RAJESHEXPO.NS] Bypassed status. Failed strict quantitative thresholds.
2026-10-08 19:29:48,597 [INFO]  -> [RALLIS.NS] Bypassed status. Failed strict quantitative thresholds.
2026-10-08 19:29:49,534 [INFO]  -> [RAMCOCEM.NS] Bypassed status. Failed strict quantitative thresholds.
2026-10-08 19:29:50,486 [INFO]  -> [RATNAMANI.NS] Bypassed status. Failed strict quantitative thresholds.
2026-10-08 19:29:51,426 [INFO]  -> [RBA.NS] Bypassed status. Failed strict quantitative thresholds.
2026-10-08 19:29:52,404 [INFO]  -> [RCF.NS] Bypassed status. Failed strict quantitative thresholds.
2026-10-08 19:29:53,375 [INFO]  -> [REDINGTON.NS] Bypassed status. Failed strict quantitative thresholds.
2026-10-08 19:29:54,347 [INFO]  -> [RELAXO.NS] Bypassed status. Failed strict quantitative thresholds.
2026-10-08 19:29:55,341 [INFO]  -> [RELIANCE.NS] Bypassed status. Failed strict quantitative thresholds.
2026-10-08 19:29:56,318 [INFO]  -> [RELINFRA.NS] Bypassed status. Failed strict quantitative thresholds.
2026-10-08 19:29:57,283 [INFO]  -> [RESPONIND.NS] Bypassed status. Failed strict quantitative thresholds.
2026-10-08 19:29:58,204 [INFO]  -> [RHIM.NS] Bypassed status. Failed strict quantitative thresholds.
2026-10-08 19:29:59,113 [INFO]  -> [ROSSARI.NS] Bypassed status. Failed strict quantitative thresholds.
2026-10-08 19:30:00,059 [INFO]  -> [ROUTE.NS] Bypassed status. Failed strict quantitative thresholds.
2026-10-08 19:30:00,987 [INFO]  -> [SAIL.NS] Bypassed status. Failed strict quantitative thresholds.
2026-10-08 19:30:01,882 [INFO]  -> [SANDHAR.NS] Bypassed status. Failed strict quantitative thresholds.
2026-10-08 19:30:02,829 [INFO]  -> [SANOFI.NS] Bypassed status. Failed strict quantitative thresholds.
2026-10-08 19:30:03,758 [INFO]  -> [SCHAEFFLER.NS] Bypassed status. Failed strict quantitative thresholds.
2026-10-08 19:30:04,758 [INFO]  -> [SCI.NS] Bypassed status. Failed strict quantitative thresholds.
2026-10-08 19:30:05,676 [INFO]  -> [SFL.NS] Bypassed status. Failed strict quantitative thresholds.
2026-10-08 19:30:06,651 [INFO]  -> [SHAKTIPUMP.NS] Bypassed status. Failed strict quantitative thresholds.
2026-10-08 19:30:07,656 [INFO]  -> [SHANTIGEAR.NS] Bypassed status. Failed strict quantitative thresholds.
2026-10-08 19:30:08,618 [INFO]  -> [SHARDACROP.NS] Bypassed status. Failed strict quantitative thresholds.
2026-10-08 19:30:09,579 [INFO]  -> [SHILPAMED.NS] Bypassed status. Failed strict quantitative thresholds.
2026-10-08 19:30:10,563 [INFO]  -> [SHYAMMETL.NS] Bypassed status. Failed strict quantitative thresholds.
2026-10-08 19:30:11,570 [INFO]  -> [SIEMENS.NS] Bypassed status. Failed strict quantitative thresholds.
2026-10-08 19:30:12,557 [INFO]  -> [SIS.NS] Bypassed status. Failed strict quantitative thresholds.
2026-10-08 19:30:13,521 [INFO]  -> [SJVN.NS] Bypassed status. Failed strict quantitative thresholds.
2026-10-08 19:30:14,455 [INFO]  -> [SKFINDIA.NS] Bypassed status. Failed strict quantitative thresholds.
2026-10-08 19:30:15,484 [INFO]  -> [SKIPPER.NS] Bypassed status. Failed strict quantitative thresholds.
2026-10-08 19:30:16,444 [INFO]  -> [SOBHA.NS] Bypassed status. Failed strict quantitative thresholds.
2026-10-08 19:30:17,433 [INFO]  -> [SOLARINDS.NS] Bypassed status. Failed strict quantitative thresholds.
2026-10-08 19:30:18,346 [INFO]  -> [SONACOMS.NS] Golden Rule Satisfied but alert is on cooldown (already alerted within the last 24 trading days). Skipping Telegram send.
2026-10-08 19:30:18,787 [INFO]  -> [SPARC.NS] Bypassed status. Failed strict quantitative thresholds.
2026-10-08 19:30:19,785 [INFO]  -> [SRF.NS] Bypassed status. Failed strict quantitative thresholds.
2026-10-08 19:30:20,668 [INFO]  -> [STYLAMIND.NS] Golden Rule Satisfied but alert is on cooldown (already alerted within the last 24 trading days). Skipping Telegram send.
2026-10-08 19:30:21,144 [INFO]  -> [SUBROS.NS] Bypassed status. Failed strict quantitative thresholds.
2026-10-08 19:30:22,182 [INFO]  -> [SUDARSCHEM.NS] Bypassed status. Failed strict quantitative thresholds.
2026-10-08 19:30:23,152 [INFO]  -> [SUMICHEM.NS] Bypassed status. Failed strict quantitative thresholds.
2026-10-08 19:30:24,082 [INFO]  -> [SUNDRMFAST.NS] Bypassed status. Failed strict quantitative thresholds.
2026-10-08 19:30:25,121 [INFO]  -> [SUNPHARMA.NS] Bypassed status. Failed strict quantitative thresholds.
2026-10-08 19:30:26,084 [INFO]  -> [SUNTECK.NS] Bypassed status. Failed strict quantitative thresholds.
2026-10-08 19:30:27,082 [INFO]  -> [SUPRAJIT.NS] Bypassed status. Failed strict quantitative thresholds.
2026-10-08 19:30:28,015 [INFO]  -> [SUPREMEIND.NS] Bypassed status. Failed strict quantitative thresholds.
2026-10-08 19:30:28,925 [INFO]  -> [SUPRIYA.NS] Bypassed status. Failed strict quantitative thresholds.
2026-10-08 19:30:29,946 [INFO]  -> [SYMPHONY.NS] Bypassed status. Failed strict quantitative thresholds.
2026-10-08 19:30:31,000 [INFO]  -> [SYNGENE.NS] Bypassed status. Failed strict quantitative thresholds.
2026-10-08 19:30:32,020 [INFO]  -> [TARIL.NS] Bypassed status. Failed strict quantitative thresholds.
2026-10-08 19:30:33,643 [INFO]  -> [TATACHEM.NS] Bypassed status. Failed strict quantitative thresholds.
2026-10-08 19:30:34,705 [INFO]  -> [TATACONSUM.NS] Bypassed status. Failed strict quantitative thresholds.
2026-10-08 19:30:35,823 [INFO]  -> [TATASTEEL.NS] Bypassed status. Failed strict quantitative thresholds.
2026-10-08 19:30:36,774 [INFO]  -> [TCI.NS] Bypassed status. Failed strict quantitative thresholds.
2026-10-08 19:30:37,729 [INFO]  -> [TCIEXP.NS] Bypassed status. Failed strict quantitative thresholds.
2026-10-08 19:30:38,659 [INFO]  -> [TEJASNET.NS] Bypassed status. Failed strict quantitative thresholds.
2026-10-08 19:30:39,631 [INFO]  -> [TEXRAIL.NS] Golden Rule Satisfied but alert is on cooldown (already alerted within the last 24 trading days). Skipping Telegram send.
2026-10-08 19:30:40,117 [INFO]  -> [THERMAX.NS] Bypassed status. Failed strict quantitative thresholds.
2026-10-08 19:30:41,036 [INFO]  -> [THYROCARE.NS] Bypassed status. Failed strict quantitative thresholds.
2026-10-08 19:30:41,961 [INFO]  -> [TIINDIA.NS] Bypassed status. Failed strict quantitative thresholds.
2026-10-08 19:30:42,889 [INFO]  -> [TIMETECHNO.NS] Bypassed status. Failed strict quantitative thresholds.
2026-10-08 19:30:43,808 [INFO]  -> [TIMKEN.NS] Bypassed status. Failed strict quantitative thresholds.
2026-10-08 19:30:44,797 [INFO]  -> [TRIDENT.NS] Bypassed status. Failed strict quantitative thresholds.
2026-10-08 19:30:45,818 [INFO]  -> [TRITURBINE.NS] Bypassed status. Failed strict quantitative thresholds.
2026-10-08 19:30:46,779 [INFO]  -> [TTKPRESTIG.NS] Bypassed status. Failed strict quantitative thresholds.
2026-10-08 19:30:47,724 [INFO]  -> [UNICHEMLAB.NS] Golden Rule Satisfied but alert is on cooldown (already alerted within the last 24 trading days). Skipping Telegram send.
2026-10-08 19:30:48,169 [INFO]  -> [UNOMINDA.NS] Bypassed status. Failed strict quantitative thresholds.
2026-10-08 19:30:49,147 [INFO]  -> [UPL.NS] Bypassed status. Failed strict quantitative thresholds.
2026-10-08 19:30:50,073 [INFO]  -> [VAIBHAVGBL.NS] Bypassed status. Failed strict quantitative thresholds.
2026-10-08 19:30:51,089 [INFO]  -> [VARROC.NS] Bypassed status. Failed strict quantitative thresholds.
2026-10-08 19:30:52,001 [INFO]  -> [VBL.NS] Bypassed status. Failed strict quantitative thresholds.
2026-10-08 19:30:52,947 [INFO]  -> [VEDL.NS] Bypassed status. Failed strict quantitative thresholds.
2026-10-08 19:30:53,896 [INFO]  -> [VGUARD.NS] Bypassed status. Failed strict quantitative thresholds.
2026-10-08 19:30:54,888 [INFO]  -> [VIJAYA.NS] Golden Rule Satisfied but alert is on cooldown (already alerted within the last 24 trading days). Skipping Telegram send.
2026-10-08 19:30:55,314 [INFO]  -> [VINATIORGA.NS] Bypassed status. Failed strict quantitative thresholds.
2026-10-08 19:30:56,232 [INFO]  -> [VIPIND.NS] Bypassed status. Failed strict quantitative thresholds.
2026-10-08 19:30:57,243 [INFO]  -> [VMART.NS] Bypassed status. Failed strict quantitative thresholds.
2026-10-08 19:30:58,224 [INFO]  -> [VOLTAS.NS] Bypassed status. Failed strict quantitative thresholds.
2026-10-08 19:30:59,209 [INFO]  -> [VTL.NS] Bypassed status. Failed strict quantitative thresholds.
2026-10-08 19:31:00,306 [INFO]  -> [WELCORP.NS] Bypassed status. Failed strict quantitative thresholds.
2026-10-08 19:31:01,257 [INFO]  -> [WELSPUNLIV.NS] Bypassed status. Failed strict quantitative thresholds.
2026-10-08 19:31:02,206 [INFO]  -> [WHIRLPOOL.NS] Bypassed status. Failed strict quantitative thresholds.
2026-10-08 19:31:03,127 [INFO]  -> [WOCKPHARMA.NS] Bypassed status. Failed strict quantitative thresholds.
2026-10-08 19:31:04,094 [INFO]  -> [YUKEN.NS] Bypassed status. Failed strict quantitative thresholds.
2026-10-08 19:31:05,173 [INFO]  -> [ZFCVINDIA.NS] Bypassed status. Failed strict quantitative thresholds.
2026-10-08 19:31:06,197 [INFO]  -> [ZYDUSLIFE.NS] Bypassed status. Failed strict quantitative thresholds.
2026-10-08 19:31:07,122 [INFO]  -> [ZYDUSWELL.NS] Bypassed status. Failed strict quantitative thresholds.
2026-10-08 19:31:07,623 [INFO] [Complete] Quant script loops finished successfully. Overwriting metrics...
2026-10-08 19:31:13,007 [INFO] ✓ Central output matrix overwritten successfully.
2026-10-09 18:59:40,341 [INFO] =================================================================
2026-10-09 18:59:40,341 [INFO] RUNNING CONSOLIDATED SYSTEM SCRIPTS
2026-10-09 18:59:40,341 [INFO] =================================================================
2026-10-09 18:59:41,199 [INFO]  -> [AARTIDRUGS.NS] Bypassed status. Failed strict quantitative thresholds.
2026-10-09 18:59:42,363 [INFO]  -> [ACE.NS] Bypassed status. Failed strict quantitative thresholds.
2026-10-09 18:59:43,327 [INFO]  -> [AFFLE.NS] Bypassed status. Failed strict quantitative thresholds.
2026-10-09 18:59:44,320 [INFO]  -> [AIAENG.NS] Bypassed status. Failed strict quantitative thresholds.
2026-10-09 18:59:45,330 [INFO]  -> [ALKYLAMINE.NS] Bypassed status. Failed strict quantitative thresholds.
2026-10-09 18:59:46,234 [INFO]  -> [ALLCARGO.NS] Bypassed status. Failed strict quantitative thresholds.
2026-10-09 18:59:47,073 [INFO]  -> [AMBER.NS] Bypassed status. Failed strict quantitative thresholds.
2026-10-09 18:59:47,956 [INFO]  -> [AMBUJACEM.NS] Bypassed status. Failed strict quantitative thresholds.
2026-10-09 18:59:48,875 [INFO]  -> [ANANTRAJ.NS] Bypassed status. Failed strict quantitative thresholds.
2026-10-09 18:59:49,750 [INFO]  -> [ANURAS.NS] Bypassed status. Failed strict quantitative thresholds.
2026-10-09 18:59:50,660 [INFO]  -> [APLAPOLLO.NS] Bypassed status. Failed strict quantitative thresholds.
2026-10-09 18:59:51,598 [INFO]  -> [APLLTD.NS] Bypassed status. Failed strict quantitative thresholds.
2026-10-09 18:59:52,455 [INFO]  -> [APOLLO.NS] Bypassed status. Failed strict quantitative thresholds.
2026-10-09 18:59:53,410 [INFO]  -> [APOLLOHOSP.NS] Bypassed status. Failed strict quantitative thresholds.
2026-10-09 18:59:54,297 [INFO]  -> [APOLLOTYRE.NS] Bypassed status. Failed strict quantitative thresholds.
2026-10-09 18:59:55,240 [INFO]  -> [ARE&M.NS] Bypassed status. Failed strict quantitative thresholds.
2026-10-09 18:59:56,485 [INFO]  -> [ARTEMISMED.NS] Bypassed status. Failed strict quantitative thresholds.
2026-10-09 18:59:57,399 [INFO]  -> [ASAHIINDIA.NS] Bypassed status. Failed strict quantitative thresholds.
2026-10-09 18:59:58,233 [INFO]  -> [ASIANENE.NS] Bypassed status. Failed strict quantitative thresholds.
2026-10-09 18:59:59,103 [INFO]  -> [ASIANPAINT.NS] Bypassed status. Failed strict quantitative thresholds.
2026-10-09 18:59:59,931 [INFO]  -> [ASKAUTOLTD.NS] Bypassed status. Failed strict quantitative thresholds.
2026-10-09 19:00:00,934 [INFO]  -> [ASTRAL.NS] Bypassed status. Failed strict quantitative thresholds.
2026-10-09 19:00:01,904 [INFO]  -> [ASTRAZEN.NS] Bypassed status. Failed strict quantitative thresholds.
2026-10-09 19:00:02,997 [INFO]  -> [ATGL.NS] Bypassed status. Failed strict quantitative thresholds.
2026-10-09 19:00:04,051 [INFO]  -> [ATUL.NS] Bypassed status. Failed strict quantitative thresholds.
2026-10-09 19:00:05,078 [INFO]  -> [AUROPHARMA.NS] Golden Rule Satisfied but alert is on cooldown (already alerted within the last 24 trading days). Skipping Telegram send.
2026-10-09 19:00:05,434 [INFO]  -> [AVANTIFEED.NS] Bypassed status. Failed strict quantitative thresholds.
2026-10-09 19:00:06,335 [INFO]  -> [AYMSYNTEX.NS] Bypassed status. Failed strict quantitative thresholds.
2026-10-09 19:00:07,389 [INFO]  -> [BAJAJELEC.NS] Bypassed status. Failed strict quantitative thresholds.
2026-10-09 19:00:08,818 [INFO]  -> [BAJAJHCARE.NS] Bypassed status. Failed strict quantitative thresholds.
2026-10-09 19:00:09,707 [INFO]  -> [BALKRISIND.NS] Bypassed status. Failed strict quantitative thresholds.
2026-10-09 19:00:10,644 [INFO]  -> [BASF.NS] Bypassed status. Failed strict quantitative thresholds.
2026-10-09 19:00:11,620 [INFO]  -> [BATAINDIA.NS] Bypassed status. Failed strict quantitative thresholds.
2026-10-09 19:00:12,622 [INFO]  -> [BAYERCROP.NS] Bypassed status. Failed strict quantitative thresholds.
2026-10-09 19:00:13,477 [INFO]  -> [BBTC.NS] Bypassed status. Failed strict quantitative thresholds.
2026-10-09 19:00:14,431 [INFO]  -> [BECTORFOOD.NS] Bypassed status. Failed strict quantitative thresholds.
2026-10-09 19:00:15,361 [INFO]  -> [BERGEPAINT.NS] Bypassed status. Failed strict quantitative thresholds.
2026-10-09 19:00:16,425 [INFO]  -> [BHARATRAS.NS] Bypassed status. Failed strict quantitative thresholds.
2026-10-09 19:00:17,349 [INFO]  -> [BIKAJI.NS] Bypassed status. Failed strict quantitative thresholds.
2026-10-09 19:00:18,299 [INFO]  -> [BIOCON.NS] Bypassed status. Failed strict quantitative thresholds.
2026-10-09 19:00:19,252 [INFO]  -> [BIRLACORPN.NS] Bypassed status. Failed strict quantitative thresholds.
2026-10-09 19:00:20,217 [INFO]  -> [BLUESTARCO.NS] Bypassed status. Failed strict quantitative thresholds.
2026-10-09 19:00:21,118 [INFO]  -> [BORORENEW.NS] Bypassed status. Failed strict quantitative thresholds.
2026-10-09 19:00:22,093 [INFO]  -> [BRIGADE.NS] Bypassed status. Failed strict quantitative thresholds.
2026-10-09 19:00:23,196 [INFO]  -> [CAMPUS.NS] Bypassed status. Failed strict quantitative thresholds.
2026-10-09 19:00:24,591 [INFO]  -> [CAPLIPOINT.NS] Bypassed status. Failed strict quantitative thresholds.
2026-10-09 19:00:25,614 [INFO]  -> [CARBORUNIV.NS] Bypassed status. Failed strict quantitative thresholds.
2026-10-09 19:00:26,790 [INFO]  -> [CCL.NS] Bypassed status. Failed strict quantitative thresholds.
2026-10-09 19:00:27,781 [INFO]  -> [CEATLTD.NS] Bypassed status. Failed strict quantitative thresholds.
2026-10-09 19:00:28,992 [INFO]  -> [CENTURYPLY.NS] Bypassed status. Failed strict quantitative thresholds.
2026-10-09 19:00:29,897 [INFO]  -> [CERA.NS] Bypassed status. Failed strict quantitative thresholds.
2026-10-09 19:00:30,858 [INFO]  -> [CGPOWER.NS] Bypassed status. Failed strict quantitative thresholds.
2026-10-09 19:00:31,763 [INFO]  -> [CHAMBLFERT.NS] Bypassed status. Failed strict quantitative thresholds.
2026-10-09 19:00:32,610 [INFO]  -> [CHEMPLASTS.NS] Bypassed status. Failed strict quantitative thresholds.
2026-10-09 19:00:33,554 [INFO]  -> [CIPLA.NS] Bypassed status. Failed strict quantitative thresholds.
2026-10-09 19:00:34,386 [INFO]  -> [CLEAN.NS] Bypassed status. Failed strict quantitative thresholds.
2026-10-09 19:00:35,402 [INFO]  -> [COALINDIA.NS] Bypassed status. Failed strict quantitative thresholds.
2026-10-09 19:00:36,259 [INFO]  -> [COCHINSHIP.NS] Bypassed status. Failed strict quantitative thresholds.
2026-10-09 19:00:37,355 [INFO]  -> [COLPAL.NS] Bypassed status. Failed strict quantitative thresholds.
2026-10-09 19:00:38,364 [INFO]  -> [CONCOR.NS] Bypassed status. Failed strict quantitative thresholds.
2026-10-09 19:00:39,277 [INFO]  -> [COSMOFIRST.NS] Bypassed status. Failed strict quantitative thresholds.
2026-10-09 19:00:40,346 [INFO]  -> [CROMPTON.NS] Bypassed status. Failed strict quantitative thresholds.
2026-10-09 19:00:41,354 [INFO]  -> [CYIENT.NS] Bypassed status. Failed strict quantitative thresholds.
2026-10-09 19:00:42,266 [INFO]  -> [DABUR.NS] Bypassed status. Failed strict quantitative thresholds.
2026-10-09 19:00:43,232 [INFO]  -> [DALBHARAT.NS] Bypassed status. Failed strict quantitative thresholds.
2026-10-09 19:00:44,151 [INFO]  -> [DCMSHRIRAM.NS] Bypassed status. Failed strict quantitative thresholds.
2026-10-09 19:00:45,046 [INFO]  -> [DEEPAKFERT.NS] Bypassed status. Failed strict quantitative thresholds.
2026-10-09 19:00:46,021 [INFO]  -> [DEEPAKNTR.NS] Bypassed status. Failed strict quantitative thresholds.
2026-10-09 19:00:46,866 [INFO]  -> [DELHIVERY.NS] Bypassed status. Failed strict quantitative thresholds.
2026-10-09 19:00:47,787 [INFO]  -> [DHANUKA.NS] Bypassed status. Failed strict quantitative thresholds.
2026-10-09 19:00:48,766 [INFO]  -> [DIVISLAB.NS] Bypassed status. Failed strict quantitative thresholds.
2026-10-09 19:00:49,827 [INFO]  -> [DLF.NS] Bypassed status. Failed strict quantitative thresholds.
2026-10-09 19:00:50,762 [INFO]  -> [DMART.NS] Bypassed status. Failed strict quantitative thresholds.
2026-10-09 19:00:51,627 [INFO]  -> [DOLLAR.NS] Bypassed status. Failed strict quantitative thresholds.
2026-10-09 19:00:52,681 [INFO]  -> [DRREDDY.NS] Bypassed status. Failed strict quantitative thresholds.
2026-10-09 19:00:53,726 [INFO]  -> [DYCL.NS] Bypassed status. Failed strict quantitative thresholds.
2026-10-09 19:00:54,728 [INFO]  -> [ECLERX.NS] Bypassed status. Failed strict quantitative thresholds.
2026-10-09 19:00:55,680 [INFO]  -> [EICHERMOT.NS] Bypassed status. Failed strict quantitative thresholds.
2026-10-09 19:00:56,617 [INFO]  -> [EIDPARRY.NS] Bypassed status. Failed strict quantitative thresholds.
2026-10-09 19:00:57,567 [INFO]  -> [EKC.NS] Bypassed status. Failed strict quantitative thresholds.
2026-10-09 19:00:58,945 [INFO]  -> [ELGIEQUIP.NS] Bypassed status. Failed strict quantitative thresholds.
2026-10-09 19:00:59,990 [INFO]  -> [EMAMILTD.NS] Bypassed status. Failed strict quantitative thresholds.
2026-10-09 19:01:01,021 [INFO]  -> [EMUDHRA.NS] Bypassed status. Failed strict quantitative thresholds.
2026-10-09 19:01:02,114 [INFO]  -> [ENDURANCE.NS] Bypassed status. Failed strict quantitative thresholds.
2026-10-09 19:01:03,119 [INFO]  -> [EPL.NS] Bypassed status. Failed strict quantitative thresholds.
2026-10-09 19:01:04,041 [INFO]  -> [FDC.NS] Bypassed status. Failed strict quantitative thresholds.
2026-10-09 19:01:04,938 [INFO]  -> [FINCABLES.NS] Bypassed status. Failed strict quantitative thresholds.
2026-10-09 19:01:05,812 [INFO]  -> [FINEORG.NS] Bypassed status. Failed strict quantitative thresholds.
2026-10-09 19:01:06,761 [INFO]  -> [FINPIPE.NS] Bypassed status. Failed strict quantitative thresholds.
2026-10-09 19:01:07,829 [INFO]  -> [FLUOROCHEM.NS] Bypassed status. Failed strict quantitative thresholds.
2026-10-09 19:01:08,864 [INFO]  -> [FMGOETZE.NS] Bypassed status. Failed strict quantitative thresholds.
2026-10-09 19:01:09,723 [INFO]  -> [FORTIS.NS] Bypassed status. Failed strict quantitative thresholds.
2026-10-09 19:01:10,638 [INFO]  -> [GABRIEL.NS] Golden Rule Satisfied but alert is on cooldown (already alerted within the last 24 trading days). Skipping Telegram send.
2026-10-09 19:01:11,127 [INFO]  -> [GAEL.NS] Bypassed status. Failed strict quantitative thresholds.
2026-10-09 19:01:12,027 [INFO]  -> [GAIL.NS] Bypassed status. Failed strict quantitative thresholds.
2026-10-09 19:01:12,962 [INFO]  -> [GALAXYSURF.NS] Bypassed status. Failed strict quantitative thresholds.
2026-10-09 19:01:13,899 [INFO]  -> [GANECOS.NS] Bypassed status. Failed strict quantitative thresholds.
2026-10-09 19:01:14,795 [INFO]  -> [GARFIBRES.NS] Bypassed status. Failed strict quantitative thresholds.
2026-10-09 19:01:15,704 [INFO]  -> [GENESYS.NS] Bypassed status. Failed strict quantitative thresholds.
2026-10-09 19:01:16,571 [INFO]  -> [GHCLTEXTIL.NS] Bypassed status. Failed strict quantitative thresholds.
2026-10-09 19:01:17,416 [INFO]  -> [GLAND.NS] Bypassed status. Failed strict quantitative thresholds.
2026-10-09 19:01:18,419 [INFO]  -> [GLENMARK.NS] Golden Rule Satisfied but alert is on cooldown (already alerted within the last 24 trading days). Skipping Telegram send.
2026-10-09 19:01:18,773 [INFO]  -> [GMMPFAUDLR.NS] Bypassed status. Failed strict quantitative thresholds.
2026-10-09 19:01:19,625 [INFO]  -> [GODREJAGRO.NS] Bypassed status. Failed strict quantitative thresholds.
2026-10-09 19:01:20,509 [INFO]  -> [GODREJCP.NS] Bypassed status. Failed strict quantitative thresholds.
2026-10-09 19:01:21,469 [INFO]  -> [GOKULAGRO.NS] Bypassed status. Failed strict quantitative thresholds.
2026-10-09 19:01:22,485 [INFO]  -> [GOODLUCK.NS] Bypassed status. Failed strict quantitative thresholds.
2026-10-09 19:01:23,345 [INFO]  -> [GPPL.NS] Bypassed status. Failed strict quantitative thresholds.
2026-10-09 19:01:24,305 [INFO]  -> [GRANULES.NS] Bypassed status. Failed strict quantitative thresholds.
2026-10-09 19:01:25,169 [INFO]  -> [GRAPHITE.NS] Bypassed status. Failed strict quantitative thresholds.
2026-10-09 19:01:26,190 [INFO]  -> [GREENPANEL.NS] Bypassed status. Failed strict quantitative thresholds.
2026-10-09 19:01:27,342 [INFO]  -> [GRINDWELL.NS] Bypassed status. Failed strict quantitative thresholds.
2026-10-09 19:01:28,188 [INFO]  -> [GRWRHITECH.NS] Bypassed status. Failed strict quantitative thresholds.
2026-10-09 19:01:29,166 [WARNING] [GSPL.NS] Historical price fetch failed: EmptyDataError: 
[Empty] -> No results found. Try adjusting the query parameters.. Falling back to cached/fail-safe data — price will NOT advance this run.
2026-10-09 19:01:29,615 [INFO]  -> [GUJALKALI.NS] Bypassed status. Failed strict quantitative thresholds.
2026-10-09 19:01:30,185 [INFO]  -> [GUJGASLTD.NS] Bypassed status. Failed strict quantitative thresholds.
2026-10-09 19:01:31,089 [INFO]  -> [GVT&D.NS] Bypassed status. Failed strict quantitative thresholds.
2026-10-09 19:01:31,979 [INFO]  -> [HARDWYN.NS] Bypassed status. Failed strict quantitative thresholds.
2026-10-09 19:01:32,908 [INFO]  -> [HAVELLS.NS] Bypassed status. Failed strict quantitative thresholds.
2026-10-09 19:01:33,801 [INFO]  -> [HEG.NS] Bypassed status. Failed strict quantitative thresholds.
2026-10-09 19:01:34,742 [INFO]  -> [HERANBA.NS] Bypassed status. Failed strict quantitative thresholds.
2026-10-09 19:01:35,669 [INFO]  -> [HEROMOTOCO.NS] Bypassed status. Failed strict quantitative thresholds.
2026-10-09 19:01:36,653 [INFO]  -> [HFCL.NS] Bypassed status. Failed strict quantitative thresholds.
2026-10-09 19:01:37,593 [INFO]  -> [HIKAL.NS] Bypassed status. Failed strict quantitative thresholds.
2026-10-09 19:01:38,615 [INFO]  -> [HINDALCO.NS] Golden Rule Satisfied but alert is on cooldown (already alerted within the last 24 trading days). Skipping Telegram send.
2026-10-09 19:01:39,038 [INFO]  -> [HINDCOPPER.NS] Bypassed status. Failed strict quantitative thresholds.
2026-10-09 19:01:40,047 [INFO]  -> [HINDPETRO.NS] Bypassed status. Failed strict quantitative thresholds.
2026-10-09 19:01:41,023 [INFO]  -> [HINDUNILVR.NS] Bypassed status. Failed strict quantitative thresholds.
2026-10-09 19:01:42,044 [INFO]  -> [HLEGLAS.NS] Bypassed status. Failed strict quantitative thresholds.
2026-10-09 19:01:42,675 [INFO]  -> [IBREALEST.NS] Bypassed status. Failed strict quantitative thresholds.
2026-10-09 19:01:43,768 [INFO]  -> [IFBIND.NS] Bypassed status. Failed strict quantitative thresholds.
2026-10-09 19:01:44,721 [INFO]  -> [IGL.NS] Bypassed status. Failed strict quantitative thresholds.
2026-10-09 19:01:45,572 [INFO]  -> [INDIGOPNTS.NS] Bypassed status. Failed strict quantitative thresholds.
2026-10-09 19:01:46,612 [INFO]  -> [INDNIPPON.NS] Bypassed status. Failed strict quantitative thresholds.
2026-10-09 19:01:47,590 [INFO]  -> [INDOCO.NS] Bypassed status. Failed strict quantitative thresholds.
2026-10-09 19:01:48,485 [INFO]  -> [INDUSTOWER.NS] Bypassed status. Failed strict quantitative thresholds.
2026-10-09 19:01:49,341 [INFO]  -> [INNOVACAP.NS] Bypassed status. Failed strict quantitative thresholds.
2026-10-09 19:01:50,315 [INFO]  -> [IOC.NS] Bypassed status. Failed strict quantitative thresholds.
2026-10-09 19:01:51,306 [INFO]  -> [IPCALAB.NS] Bypassed status. Failed strict quantitative thresholds.
2026-10-09 19:01:52,158 [INFO]  -> [IPL.NS] Bypassed status. Failed strict quantitative thresholds.
2026-10-09 19:01:53,094 [INFO]  -> [ISGEC.NS] Bypassed status. Failed strict quantitative thresholds.
2026-10-09 19:01:53,929 [INFO]  -> [ITI.NS] Bypassed status. Failed strict quantitative thresholds.
2026-10-09 19:01:54,816 [INFO]  -> [JAMNAAUTO.NS] Bypassed status. Failed strict quantitative thresholds.
2026-10-09 19:01:55,642 [WARNING] [JBCHEPHARM.NS] Historical price fetch failed: EmptyDataError: 
[Empty] -> No results found. Try adjusting the query parameters.. Falling back to cached/fail-safe data — price will NOT advance this run.
2026-10-09 19:01:56,063 [INFO]  -> [JINDALSAW.NS] Bypassed status. Failed strict quantitative thresholds.
2026-10-09 19:01:56,939 [INFO]  -> [JINDALSTEL.NS] Golden Rule Satisfied but alert is on cooldown (already alerted within the last 24 trading days). Skipping Telegram send.
2026-10-09 19:01:57,365 [INFO]  -> [JKIL.NS] Bypassed status. Failed strict quantitative thresholds.
2026-10-09 19:01:58,327 [INFO]  -> [JKLAKSHMI.NS] Bypassed status. Failed strict quantitative thresholds.
2026-10-09 19:01:59,308 [INFO]  -> [JSL.NS] Bypassed status. Failed strict quantitative thresholds.
2026-10-09 19:02:00,189 [INFO]  -> [JSWENERGY.NS] Bypassed status. Failed strict quantitative thresholds.
2026-10-09 19:02:01,238 [INFO]  -> [JUBLINGREA.NS] Bypassed status. Failed strict quantitative thresholds.
2026-10-09 19:02:02,247 [INFO]  -> [JUBLPHARMA.NS] Bypassed status. Failed strict quantitative thresholds.
2026-10-09 19:02:03,288 [INFO]  -> [KAJARIACER.NS] Bypassed status. Failed strict quantitative thresholds.
2026-10-09 19:02:03,857 [INFO]  -> [KALPATPOWR.NS] Bypassed status. Failed strict quantitative thresholds.
2026-10-09 19:02:04,814 [INFO]  -> [KANSAINER.NS] Bypassed status. Failed strict quantitative thresholds.
2026-10-09 19:02:05,838 [INFO]  -> [KEI.NS] Bypassed status. Failed strict quantitative thresholds.
2026-10-09 19:02:06,407 [INFO]  -> [KEPL.NS] Bypassed status. Failed strict quantitative thresholds.
2026-10-09 19:02:07,283 [INFO]  -> [KIMS.NS] Bypassed status. Failed strict quantitative thresholds.
2026-10-09 19:02:08,237 [INFO]  -> [KIRLOSBROS.NS] Bypassed status. Failed strict quantitative thresholds.
2026-10-09 19:02:09,181 [INFO]  -> [KIRLPNU.NS] Bypassed status. Failed strict quantitative thresholds.
2026-10-09 19:02:10,027 [INFO]  -> [KPITTECH.NS] Bypassed status. Failed strict quantitative thresholds.
2026-10-09 19:02:11,009 [INFO]  -> [KPRMILL.NS] Bypassed status. Failed strict quantitative thresholds.
2026-10-09 19:02:12,018 [INFO]  -> [KRBL.NS] Bypassed status. Failed strict quantitative thresholds.
2026-10-09 19:02:12,870 [INFO]  -> [KRSNAA.NS] Bypassed status. Failed strict quantitative thresholds.
2026-10-09 19:02:13,852 [INFO]  -> [LALPATHLAB.NS] Bypassed status. Failed strict quantitative thresholds.
2026-10-09 19:02:14,695 [INFO]  -> [LAURUSLABS.NS] Bypassed status. Failed strict quantitative thresholds.
2026-10-09 19:02:15,589 [INFO]  -> [LGBBROSLTD.NS] Bypassed status. Failed strict quantitative thresholds.
2026-10-09 19:02:16,730 [INFO]  -> [LIKHITHA.NS] Bypassed status. Failed strict quantitative thresholds.
2026-10-09 19:02:17,652 [INFO]  -> [LINC.NS] Bypassed status. Failed strict quantitative thresholds.
2026-10-09 19:02:18,583 [INFO]  -> [LINDEINDIA.NS] Bypassed status. Failed strict quantitative thresholds.
2026-10-09 19:02:19,669 [INFO]  -> [LLOYDSENGG.NS] Bypassed status. Failed strict quantitative thresholds.
2026-10-09 19:02:20,500 [INFO]  -> [LODHA.NS] Bypassed status. Failed strict quantitative thresholds.
2026-10-09 19:02:21,613 [INFO]  -> [LUMAXTECH.NS] Golden Rule Satisfied but alert is on cooldown (already alerted within the last 24 trading days). Skipping Telegram send.
2026-10-09 19:02:22,007 [INFO]  -> [LUPIN.NS] Bypassed status. Failed strict quantitative thresholds.
2026-10-09 19:02:22,929 [INFO]  -> [LUXIND.NS] Bypassed status. Failed strict quantitative thresholds.
2026-10-09 19:02:23,759 [INFO]  -> [LXCHEM.NS] Bypassed status. Failed strict quantitative thresholds.
2026-10-09 19:02:24,648 [INFO]  -> [MAHLOG.NS] Golden Rule Satisfied but alert is on cooldown (already alerted within the last 24 trading days). Skipping Telegram send.
2026-10-09 19:02:25,060 [INFO]  -> [MANKIND.NS] Bypassed status. Failed strict quantitative thresholds.
2026-10-09 19:02:26,044 [INFO]  -> [MANYAVAR.NS] Bypassed status. Failed strict quantitative thresholds.
2026-10-09 19:02:26,937 [INFO]  -> [MARICO.NS] Bypassed status. Failed strict quantitative thresholds.
2026-10-09 19:02:27,839 [INFO]  -> [MARINE.NS] Golden Rule Satisfied but alert is on cooldown (already alerted within the last 24 trading days). Skipping Telegram send.
2026-10-09 19:02:28,208 [INFO]  -> [MARKSANS.NS] Golden Rule Satisfied but alert is on cooldown (already alerted within the last 24 trading days). Skipping Telegram send.
2026-10-09 19:02:28,626 [INFO]  -> [MARUTI.NS] Bypassed status. Failed strict quantitative thresholds.
2026-10-09 19:02:29,675 [INFO]  -> [MAXHEALTH.NS] Bypassed status. Failed strict quantitative thresholds.
2026-10-09 19:02:30,579 [INFO]  -> [MEDANTA.NS] Bypassed status. Failed strict quantitative thresholds.
2026-10-09 19:02:31,436 [INFO]  -> [MEDPLUS.NS] Bypassed status. Failed strict quantitative thresholds.
2026-10-09 19:02:32,358 [INFO]  -> [METROBRAND.NS] Bypassed status. Failed strict quantitative thresholds.
2026-10-09 19:02:33,307 [INFO]  -> [METROPOLIS.NS] Bypassed status. Failed strict quantitative thresholds.
2026-10-09 19:02:34,208 [INFO]  -> [MGL.NS] Bypassed status. Failed strict quantitative thresholds.
2026-10-09 19:02:35,062 [INFO]  -> [MINDACORP.NS] Bypassed status. Failed strict quantitative thresholds.
2026-10-09 19:02:36,018 [INFO]  -> [MMTC.NS] Bypassed status. Failed strict quantitative thresholds.
2026-10-09 19:02:36,877 [INFO]  -> [MOIL.NS] Bypassed status. Failed strict quantitative thresholds.
2026-10-09 19:02:38,908 [INFO]  -> [MONTECARLO.NS] Bypassed status. Failed strict quantitative thresholds.
2026-10-09 19:02:39,872 [INFO]  -> [MOTHERSON.NS] Bypassed status. Failed strict quantitative thresholds.
2026-10-09 19:02:40,718 [INFO]  -> [MSUMI.NS] Bypassed status. Failed strict quantitative thresholds.
2026-10-09 19:02:41,742 [INFO]  -> [NATCOPHARM.NS] Bypassed status. Failed strict quantitative thresholds.
2026-10-09 19:02:42,878 [INFO]  -> [NATIONALUM.NS] Bypassed status. Failed strict quantitative thresholds.
2026-10-09 19:02:43,982 [INFO]  -> [NAZARA.NS] Bypassed status. Failed strict quantitative thresholds.
2026-10-09 19:02:44,931 [INFO]  -> [NOCIL.NS] Bypassed status. Failed strict quantitative thresholds.
2026-10-09 19:02:45,865 [INFO]  -> [NRBBEARING.NS] Bypassed status. Failed strict quantitative thresholds.
2026-10-09 19:02:47,442 [INFO]  -> [NUVOCO.NS] Bypassed status. Failed strict quantitative thresholds.
2026-10-09 19:02:48,570 [INFO]  -> [NYKAA.NS] Bypassed status. Failed strict quantitative thresholds.
2026-10-09 19:02:49,420 [INFO]  -> [OAL.NS] Bypassed status. Failed strict quantitative thresholds.
2026-10-09 19:02:50,578 [INFO]  -> [OBEROIRLTY.NS] Bypassed status. Failed strict quantitative thresholds.
2026-10-09 19:02:51,458 [INFO]  -> [OIL.NS] Bypassed status. Failed strict quantitative thresholds.
2026-10-09 19:02:52,437 [INFO]  -> [OLECTRA.NS] Bypassed status. Failed strict quantitative thresholds.
2026-10-09 19:02:53,589 [INFO]  -> [ONGC.NS] Bypassed status. Failed strict quantitative thresholds.
2026-10-09 19:02:54,593 [INFO]  -> [ORIENTELEC.NS] Bypassed status. Failed strict quantitative thresholds.
2026-10-09 19:02:55,580 [INFO]  -> [PAGEIND.NS] Bypassed status. Failed strict quantitative thresholds.
2026-10-09 19:02:56,618 [INFO]  -> [PCBL.NS] Bypassed status. Failed strict quantitative thresholds.
2026-10-09 19:02:57,458 [INFO]  -> [PDMJEPAPER.NS] Bypassed status. Failed strict quantitative thresholds.
2026-10-09 19:02:58,428 [INFO]  -> [PDSL.NS] Bypassed status. Failed strict quantitative thresholds.
2026-10-09 19:02:59,312 [INFO]  -> [PERSISTENT.NS] Bypassed status. Failed strict quantitative thresholds.
2026-10-09 19:03:00,397 [INFO]  -> [PFIZER.NS] Bypassed status. Failed strict quantitative thresholds.
2026-10-09 19:03:01,271 [INFO]  -> [PGHH.NS] Bypassed status. Failed strict quantitative thresholds.
2026-10-09 19:03:02,584 [INFO]  -> [PGHL.NS] Bypassed status. Failed strict quantitative thresholds.
2026-10-09 19:03:03,563 [INFO]  -> [PHOENIXLTD.NS] Golden Rule Satisfied but alert is on cooldown (already alerted within the last 24 trading days). Skipping Telegram send.
2026-10-09 19:03:03,978 [INFO]  -> [PIDILITIND.NS] Bypassed status. Failed strict quantitative thresholds.
2026-10-09 19:03:04,852 [INFO]  -> [PIIND.NS] Bypassed status. Failed strict quantitative thresholds.
2026-10-09 19:03:05,753 [INFO]  -> [PIXTRANS.NS] Bypassed status. Failed strict quantitative thresholds.
2026-10-09 19:03:06,745 [INFO]  -> [PNCINFRA.NS] Bypassed status. Failed strict quantitative thresholds.
2026-10-09 19:03:07,661 [INFO]  -> [POCL.NS] Bypassed status. Failed strict quantitative thresholds.
2026-10-09 19:03:08,572 [INFO]  -> [POKARNA.NS] Bypassed status. Failed strict quantitative thresholds.
2026-10-09 19:03:09,832 [INFO]  -> [POLYCAB.NS] Bypassed status. Failed strict quantitative thresholds.
2026-10-09 19:03:10,686 [INFO]  -> [POLYMED.NS] Bypassed status. Failed strict quantitative thresholds.
2026-10-09 19:03:11,696 [INFO]  -> [POLYPLEX.NS] Bypassed status. Failed strict quantitative thresholds.
2026-10-09 19:03:12,620 [INFO]  -> [POWERINDIA.NS] Bypassed status. Failed strict quantitative thresholds.
2026-10-09 19:03:13,567 [INFO]  -> [PPLPHARMA.NS] Bypassed status. Failed strict quantitative thresholds.
2026-10-09 19:03:14,510 [INFO]  -> [PRESTIGE.NS] Bypassed status. Failed strict quantitative thresholds.
2026-10-09 19:03:15,441 [INFO]  -> [PRINCEPIPE.NS] Bypassed status. Failed strict quantitative thresholds.
2026-10-09 19:03:16,374 [INFO]  -> [QUESS.NS] Bypassed status. Failed strict quantitative thresholds.
2026-10-09 19:03:17,724 [INFO]  -> [RAILTEL.NS] Bypassed status. Failed strict quantitative thresholds.
2026-10-09 19:03:18,694 [INFO]  -> [RAJESHEXPO.NS] Bypassed status. Failed strict quantitative thresholds.
2026-10-09 19:03:20,362 [INFO]  -> [RALLIS.NS] Bypassed status. Failed strict quantitative thresholds.
2026-10-09 19:03:21,711 [INFO]  -> [RAMCOCEM.NS] Bypassed status. Failed strict quantitative thresholds.
2026-10-09 19:03:22,719 [INFO]  -> [RATNAMANI.NS] Bypassed status. Failed strict quantitative thresholds.
2026-10-09 19:03:23,563 [INFO]  -> [RBA.NS] Bypassed status. Failed strict quantitative thresholds.
2026-10-09 19:03:24,591 [INFO]  -> [RCF.NS] Bypassed status. Failed strict quantitative thresholds.
2026-10-09 19:03:25,656 [INFO]  -> [REDINGTON.NS] Bypassed status. Failed strict quantitative thresholds.
2026-10-09 19:03:26,636 [INFO]  -> [RELAXO.NS] Bypassed status. Failed strict quantitative thresholds.
2026-10-09 19:03:27,695 [INFO]  -> [RELIANCE.NS] Bypassed status. Failed strict quantitative thresholds.
2026-10-09 19:03:28,591 [INFO]  -> [RELINFRA.NS] Bypassed status. Failed strict quantitative thresholds.
2026-10-09 19:03:29,482 [INFO]  -> [RESPONIND.NS] Bypassed status. Failed strict quantitative thresholds.
2026-10-09 19:03:30,407 [INFO]  -> [RHIM.NS] Bypassed status. Failed strict quantitative thresholds.
2026-10-09 19:03:31,342 [INFO]  -> [ROSSARI.NS] Bypassed status. Failed strict quantitative thresholds.
2026-10-09 19:03:32,239 [INFO]  -> [ROUTE.NS] Bypassed status. Failed strict quantitative thresholds.
2026-10-09 19:03:33,118 [INFO]  -> [SAIL.NS] Bypassed status. Failed strict quantitative thresholds.
2026-10-09 19:03:34,053 [INFO]  -> [SANDHAR.NS] Bypassed status. Failed strict quantitative thresholds.
2026-10-09 19:03:35,140 [INFO]  -> [SANOFI.NS] Bypassed status. Failed strict quantitative thresholds.
2026-10-09 19:03:36,044 [INFO]  -> [SCHAEFFLER.NS] Bypassed status. Failed strict quantitative thresholds.
2026-10-09 19:03:36,945 [INFO]  -> [SCI.NS] Bypassed status. Failed strict quantitative thresholds.
2026-10-09 19:03:37,867 [INFO]  -> [SFL.NS] Bypassed status. Failed strict quantitative thresholds.
2026-10-09 19:03:38,766 [INFO]  -> [SHAKTIPUMP.NS] Bypassed status. Failed strict quantitative thresholds.
2026-10-09 19:03:39,713 [INFO]  -> [SHANTIGEAR.NS] Bypassed status. Failed strict quantitative thresholds.
2026-10-09 19:03:40,684 [INFO]  -> [SHARDACROP.NS] Bypassed status. Failed strict quantitative thresholds.
2026-10-09 19:03:42,191 [INFO]  -> [SHILPAMED.NS] Bypassed status. Failed strict quantitative thresholds.
2026-10-09 19:03:43,114 [INFO]  -> [SHYAMMETL.NS] Bypassed status. Failed strict quantitative thresholds.
2026-10-09 19:03:44,017 [INFO]  -> [SIEMENS.NS] Bypassed status. Failed strict quantitative thresholds.
2026-10-09 19:03:44,880 [INFO]  -> [SIS.NS] Bypassed status. Failed strict quantitative thresholds.
2026-10-09 19:03:45,855 [INFO]  -> [SJVN.NS] Bypassed status. Failed strict quantitative thresholds.
2026-10-09 19:03:46,730 [INFO]  -> [SKFINDIA.NS] Bypassed status. Failed strict quantitative thresholds.
2026-10-09 19:03:47,643 [INFO]  -> [SKIPPER.NS] Bypassed status. Failed strict quantitative thresholds.
2026-10-09 19:03:48,618 [INFO]  -> [SOBHA.NS] Bypassed status. Failed strict quantitative thresholds.
2026-10-09 19:03:49,593 [INFO]  -> [SOLARINDS.NS] Bypassed status. Failed strict quantitative thresholds.
2026-10-09 19:03:50,438 [INFO]  -> [SONACOMS.NS] Golden Rule Satisfied but alert is on cooldown (already alerted within the last 24 trading days). Skipping Telegram send.
2026-10-09 19:03:50,780 [INFO]  -> [SPARC.NS] Bypassed status. Failed strict quantitative thresholds.
2026-10-09 19:03:51,713 [INFO]  -> [SRF.NS] Bypassed status. Failed strict quantitative thresholds.
2026-10-09 19:03:52,830 [INFO]  -> [STYLAMIND.NS] Golden Rule Satisfied but alert is on cooldown (already alerted within the last 24 trading days). Skipping Telegram send.
2026-10-09 19:03:53,831 [INFO]  -> [SUBROS.NS] Bypassed status. Failed strict quantitative thresholds.
2026-10-09 19:03:54,731 [INFO]  -> [SUDARSCHEM.NS] Bypassed status. Failed strict quantitative thresholds.
2026-10-09 19:03:55,662 [INFO]  -> [SUMICHEM.NS] Bypassed status. Failed strict quantitative thresholds.
2026-10-09 19:03:56,954 [INFO]  -> [SUNDRMFAST.NS] Bypassed status. Failed strict quantitative thresholds.
2026-10-09 19:03:57,996 [INFO]  -> [SUNPHARMA.NS] Bypassed status. Failed strict quantitative thresholds.
2026-10-09 19:03:59,004 [INFO]  -> [SUNTECK.NS] Bypassed status. Failed strict quantitative thresholds.
2026-10-09 19:04:00,278 [INFO]  -> [SUPRAJIT.NS] Bypassed status. Failed strict quantitative thresholds.
2026-10-09 19:04:01,359 [INFO]  -> [SUPREMEIND.NS] Bypassed status. Failed strict quantitative thresholds.
2026-10-09 19:04:02,340 [INFO]  -> [SUPRIYA.NS] Bypassed status. Failed strict quantitative thresholds.
2026-10-09 19:04:03,212 [INFO]  -> [SYMPHONY.NS] Bypassed status. Failed strict quantitative thresholds.
2026-10-09 19:04:04,167 [INFO]  -> [SYNGENE.NS] Bypassed status. Failed strict quantitative thresholds.
2026-10-09 19:04:05,086 [INFO]  -> [TARIL.NS] Bypassed status. Failed strict quantitative thresholds.
2026-10-09 19:04:05,957 [INFO]  -> [TATACHEM.NS] Bypassed status. Failed strict quantitative thresholds.
2026-10-09 19:04:06,917 [INFO]  -> [TATACONSUM.NS] Bypassed status. Failed strict quantitative thresholds.
2026-10-09 19:04:07,890 [INFO]  -> [TATASTEEL.NS] Bypassed status. Failed strict quantitative thresholds.
2026-10-09 19:04:08,865 [INFO]  -> [TCI.NS] Bypassed status. Failed strict quantitative thresholds.
2026-10-09 19:04:09,821 [INFO]  -> [TCIEXP.NS] Bypassed status. Failed strict quantitative thresholds.
2026-10-09 19:04:10,684 [INFO]  -> [TEJASNET.NS] Bypassed status. Failed strict quantitative thresholds.
2026-10-09 19:04:11,620 [INFO]  -> [TEXRAIL.NS] Golden Rule Satisfied but alert is on cooldown (already alerted within the last 24 trading days). Skipping Telegram send.
2026-10-09 19:04:12,005 [INFO]  -> [THERMAX.NS] Bypassed status. Failed strict quantitative thresholds.
2026-10-09 19:04:12,955 [INFO]  -> [THYROCARE.NS] Bypassed status. Failed strict quantitative thresholds.
2026-10-09 19:04:13,825 [INFO]  -> [TIINDIA.NS] Bypassed status. Failed strict quantitative thresholds.
2026-10-09 19:04:14,784 [INFO]  -> [TIMETECHNO.NS] Bypassed status. Failed strict quantitative thresholds.
2026-10-09 19:04:15,669 [INFO]  -> [TIMKEN.NS] Bypassed status. Failed strict quantitative thresholds.
2026-10-09 19:04:16,751 [INFO]  -> [TRIDENT.NS] Bypassed status. Failed strict quantitative thresholds.
2026-10-09 19:04:17,750 [INFO]  -> [TRITURBINE.NS] Bypassed status. Failed strict quantitative thresholds.
2026-10-09 19:04:18,782 [INFO]  -> [TTKPRESTIG.NS] Bypassed status. Failed strict quantitative thresholds.
2026-10-09 19:04:19,630 [INFO]  -> [UNICHEMLAB.NS] Golden Rule Satisfied but alert is on cooldown (already alerted within the last 24 trading days). Skipping Telegram send.
2026-10-09 19:04:20,090 [INFO]  -> [UNOMINDA.NS] Bypassed status. Failed strict quantitative thresholds.
2026-10-09 19:04:21,190 [INFO]  -> [UPL.NS] Bypassed status. Failed strict quantitative thresholds.
2026-10-09 19:04:22,689 [INFO]  -> [VAIBHAVGBL.NS] Bypassed status. Failed strict quantitative thresholds.
2026-10-09 19:04:23,540 [INFO]  -> [VARROC.NS] Bypassed status. Failed strict quantitative thresholds.
2026-10-09 19:04:24,411 [INFO]  -> [VBL.NS] Bypassed status. Failed strict quantitative thresholds.
2026-10-09 19:04:25,428 [INFO]  -> [VEDL.NS] Bypassed status. Failed strict quantitative thresholds.
2026-10-09 19:04:26,354 [INFO]  -> [VGUARD.NS] Bypassed status. Failed strict quantitative thresholds.
2026-10-09 19:04:27,469 [INFO]  -> [VIJAYA.NS] Golden Rule Satisfied but alert is on cooldown (already alerted within the last 24 trading days). Skipping Telegram send.
2026-10-09 19:04:27,843 [INFO]  -> [VINATIORGA.NS] Bypassed status. Failed strict quantitative thresholds.
2026-10-09 19:04:28,719 [INFO]  -> [VIPIND.NS] Bypassed status. Failed strict quantitative thresholds.
2026-10-09 19:04:29,810 [INFO]  -> [VMART.NS] Bypassed status. Failed strict quantitative thresholds.
2026-10-09 19:04:30,850 [INFO]  -> [VOLTAS.NS] Bypassed status. Failed strict quantitative thresholds.
2026-10-09 19:04:31,931 [INFO]  -> [VTL.NS] Bypassed status. Failed strict quantitative thresholds.
2026-10-09 19:04:32,858 [INFO]  -> [WELCORP.NS] Bypassed status. Failed strict quantitative thresholds.
2026-10-09 19:04:34,244 [INFO]  -> [WELSPUNLIV.NS] Bypassed status. Failed strict quantitative thresholds.
2026-10-09 19:04:36,303 [INFO]  -> [WHIRLPOOL.NS] Bypassed status. Failed strict quantitative thresholds.
2026-10-09 19:04:37,272 [INFO]  -> [WOCKPHARMA.NS] Bypassed status. Failed strict quantitative thresholds.
2026-10-09 19:04:38,187 [INFO]  -> [YUKEN.NS] Bypassed status. Failed strict quantitative thresholds.
2026-10-09 19:04:39,054 [INFO]  -> [ZFCVINDIA.NS] Bypassed status. Failed strict quantitative thresholds.
2026-10-09 19:04:39,954 [INFO]  -> [ZYDUSLIFE.NS] Bypassed status. Failed strict quantitative thresholds.
2026-10-09 19:04:40,902 [INFO]  -> [ZYDUSWELL.NS] Bypassed status. Failed strict quantitative thresholds.
2026-10-09 19:04:41,403 [INFO] [Complete] Quant script loops finished successfully. Overwriting metrics...
2026-10-09 19:04:46,638 [INFO] ✓ Central output matrix overwritten successfully.
