date,open,high,low,close,volume,dividend,daily_return,rolling_volatility_ann,var_95_threshold,avg_volume_20d,ema_200
2021-11-03,605.9000244140625,615.0,596.0999755859375,606.4500122070312,561671,0.0,0.019415006419515102,0.3448886276911364,-0.011258625929633892,366930.95,492.7182328790815
2021-11-04,620.0,655.0,616.0,644.2999877929688,526951,0.0,0.06241235851936322,0.3825075245630395,-0.011045628804830421,387123.9,494.2265090473789
2021-11-08,655.0,674.2000122070312,650.5,663.0,985728,0.0,0.029023766197928458,0.38239452819443215,-0.010832631680026948,413336.9,495.90584726581295
2021-11-09,661.7999877929688,681.9500122070312,651.2999877929688,659.5999755859375,502324,0.0,-0.005128241951828816,0.38784253211852143,-0.010619634555223478,425897.6,497.5346445625306
2021-11-10,651.0,654.9000244140625,638.0,641.9500122070312,254788,0.0,-0.026758587071243234,0.40752723395330076,-0.023658594842921363,425771.75,498.97161339481426
2021-11-11,641.0,683.0,638.0,674.5499877929688,460546,0.0,0.050782732247108164,0.4286736225422968,-0.0228835967858409,439301.4,500.7186618962885
2021-11-12,675.0,687.25,675.0,679.4000244140625,320920,0.0,0.007190032923968026,0.4293629347601057,-0.02210859872876043,444093.9,502.49658590144054
2021-11-15,686.0,707.0,676.0,696.6500244140625,414732,0.0,0.025390049131771786,0.4300631024038608,-0.021333600671679963,454562.1,504.4284609115164
2021-11-16,683.0,705.4500122070312,683.0,699.2000122070312,252732,0.0,0.0036603569993605145,0.42941850398986764,-0.020558602614599495,447853.1,506.3664862975415
2021-11-17,699.2000122070312,712.9000244140625,685.25,700.7000122070312,272715,0.0,0.0021453088870311277,0.41876967595799885,-0.019783604557519027,439674.35,508.30015322201405
2021-11-18,700.7000122070312,701.9000244140625,663.3499755859375,673.8499755859375,165345,0.0,-0.03831887562913383,0.45267054040435933,-0.03253873135018853,417379.7,509.94741513608295
2021-11-22,674.5,677.25,621.2000122070312,630.0499877929688,221848,0.0,-0.0649996132371794,0.5202485614193016,-0.040196958053212155,405092.1,511.14246561028085
2021-11-23,615.0,660.5,606.7000122070312,647.6500244140625,290739,0.0,0.02793434959461827,0.49384610879274193,-0.03998828222831456,409715.6,512.5007497774827
2021-11-24,652.4000244140625,666.3499755859375,649.5499877929688,651.7999877929688,115017,0.0,0.006407725194885527,0.49388742826888604,-0.039779606403416976,405507.4,513.8868118472886
2021-11-25,654.0,656.0999755859375,640.1500244140625,646.5999755859375,90297,0.0,-0.007977926211135355,0.49754704710307,-0.03957093057851938,402070.2,515.2073408397131
2021-11-26,640.0,660.0,631.0,638.4000244140625,176090,0.0,-0.012681644728557817,0.502775255048454,-0.03936225475362179,384988.8,516.4331386862241
2021-11-29,611.3499755859375,625.0,576.3499755859375,586.2000122070312,277680,0.0,-0.08176693328754425,0.5902786826704789,-0.04699383634910441,388251.95,517.1273364326998
2021-11-30,577.9000244140625,614.0,561.7999877929688,601.5999755859375,647716,0.0,0.026270834285597733,0.5939233520464815,-0.04586847529359972,413737.4,517.9678602053689
2021-12-01,614.25,621.0,576.5,581.5999755859375,388184,0.0,-0.03324468220019572,0.6063900694789384,-0.04474311423809504,383471.1,518.60101558229
2021-12-02,587.1500244140625,606.7000122070312,582.0,596.3499755859375,280784,0.0,0.025361073966930547,0.5758014197633485,-0.04361775318259035,360340.35,519.3746370748637
2021-12-03,601.2000122070312,635.0,586.0999755859375,626.4500122070312,743003,0.0,0.050473778575272465,0.5871040873917308,-0.042492392127085665,369406.95,520.4400636930943
2021-12-06,631.4500122070312,640.4500122070312,620.0,627.3499755859375,328879,0.0,0.0014366084465951001,0.584113745343992,-0.04228371630218807,359503.35,521.5038439109336
2021-12-07,636.0,670.0,631.0499877929688,638.6500244140625,683894,0.0,0.01801235238364507,0.5454814730810259,-0.04207504047729048,344411.65,522.6694775477807
2021-12-08,644.0,672.0,623.75,634.9500122070312,256360,0.0,-0.005793489494384407,0.5355052280237292,-0.04186636465239289,332113.45,523.7866967981215
2021-12-09,637.5,640.25,628.0,635.5499877929688,117638,0.0,0.0009449178272349368,0.5354007217659903,-0.0416576888274953,325255.95,524.898769345334
2021-12-10,635.0,644.1500244140625,633.4000244140625,638.25,86369,0.0,0.004248308172276838,0.5274775764404952,-0.04144901300259771,306547.1,526.0266422871715
2021-12-13,645.0,645.0,619.0,622.0999755859375,223064,0.0,-0.025303602685565973,0.5008318036641884,-0.041240337177700113,301654.3,526.9825958523334
2021-12-14,620.0,628.0,614.5499877929688,620.5499877929688,76692,0.0,-0.002491541317790391,0.49938236394605673,-0.04103166135280252,284752.3,527.9136146776134
2021-12-15,623.4500122070312,642.0,611.4500122070312,622.0,267826,0.0,0.002336656571678253,0.4886602053349695,-0.04082298552790493,285507.0,528.8497976161445
2021-12-16,620.0,621.9500122070312,604.0,610.6500244140625,129208,0.0,-0.018247549173532995,0.48970455486638087,-0.04061430970300734,278331.65,529.663730221099
2021-12-17,595.5,603.7999877929688,573.0,577.25,369958,0.0,-0.05469585372752728,0.516686688283718,-0.04859412292730647,288562.3,530.1372254427795
2021-12-20,559.0,565.8499755859375,545.0,549.4000244140625,190575,0.0,-0.04824595164302725,0.5249423094070753,-0.05114840758105226,286998.65,530.3288950842848
2021-12-21,553.9000244140625,593.9000244140625,553.5,581.9000244140625,362486,0.0,0.05915543967196113,0.5345858365727408,-0.05082591247682726,290586.0,530.8420406497552
2021-12-22,578.0,581.9000244140625,563.0,576.9500122070312,291242,0.0,-0.008506636878071294,0.5225869458491162,-0.050503417372602256,299397.25,531.3008264363948
2021-12-23,581.9000244140625,605.0,580.0,583.2999877929688,312580,0.0,0.011006110497591814,0.5240886940232071,-0.05018092226837726,310511.4,531.8182310270075
2021-12-24,595.0,595.0,573.0,582.6500244140625,149842,0.0,-0.0011142866321076639,0.5240950562584524,-0.04985842716415226,309199.0,532.3240200159336
2021-12-27,590.0,591.0,571.6500244140625,581.2999877929688,87234,0.0,-0.00231706266974141,0.5232659067565669,-0.049535932059927255,299676.7,532.8113430783916
2021-12-28,584.25,635.0,583.0999755859375,606.2000122070312,241197,0.0,0.04283506784268276,0.4644375029977198,-0.04921343695570225,279350.75,533.5415785921094
2021-12-29,596.2999877929688,616.4000244140625,595.2999877929688,601.6500244140625,129038,0.0,-0.007505753383942215,0.4568793781787703,-0.04889094185147725,266393.45,534.2192745704374
2021-12-30,598.0,603.9500122070312,587.0499877929688,594.2000122070312,152175,0.0,-0.012382634263643055,0.4430294204081038,-0.048568446747252254,259963.0,534.8160978305029
2021-12-31,595.0,602.4500122070312,587.9000244140625,597.9000244140625,84174,0.0,0.006226880058935569,0.43486828956533385,-0.048568446747252254,227021.55,535.4437985925284
2022-01-03,603.0,620.0,600.3499755859375,605.7999877929688,236451,0.0,0.013212850069119986,0.3985318734012022,-0.048568446747252254,222400.15,536.1438601766124
2022-01-04,616.0,630.0,610.5499877929688,621.2999877929688,570240,0.0,0.025586002496416516,0.40925317900977526,-0.048568446747252254,216717.45,536.9911848295116
2022-01-05,622.5,645.0,615.0,639.6500244140625,315445,0.0,0.029534905813016765,0.41755675487083815,-0.048568446747252254,219671.7,538.0126658204026
2022-01-06,639.0,640.4000244140625,624.2000122070312,632.25,172504,0.0,-0.01156886442838978,0.4191131991872866,-0.048568446747252254,222415.0,538.9503507376126
2022-01-07,631.0,642.5499877929688,618.7999877929688,622.5,163622,0.0,-0.01542111506524313,0.42253225039974274,-0.048568446747252254,226277.65,539.7816905312682
2022-01-10,627.5,653.0,625.5499877929688,644.8499755859375,353236,0.0,0.03590357523845378,0.44098292989258125,-0.048568446747252254,232786.25,540.8271461039515
2022-01-11,645.8499755859375,657.5499877929688,635.9000244140625,640.5999755859375,296301,0.0,-0.006590680252625103,0.43166143298459997,-0.048568446747252254,243766.7,541.8199105764091
2022-01-12,645.0,659.5,642.2999877929688,648.6500244140625,226383,0.0,0.012566420753859386,0.43294772448933044,-0.048568446747252254,241694.55,542.882896783749
2022-01-13,653.8499755859375,655.0,640.6500244140625,648.7000122070312,102354,0.0,7.706435070886641e-05,0.4330269231307156,-0.048568446747252254,240351.85,543.9358034048762
2022-01-14,654.7000122070312,654.75,644.4000244140625,648.5,57376,0.0,-0.00030832773742484054,0.4266839623341073,-0.048568446747252254,224722.75,544.9762431719919
2022-01-17,640.2000122070312,657.2999877929688,640.2000122070312,652.1500244140625,162906,0.0,0.00562841081582488,0.3710766640227693,-0.048568446747252254,223339.3,546.042648955495
2022-01-18,658.2000122070312,658.2000122070312,628.5499877929688,636.2999877929688,153540,0.0,-0.024304279732772494,0.33436091951907104,-0.048568446747252254,212892.0,546.9407319290023
2022-01-19,642.0,654.0,631.2000122070312,650.3499755859375,110968,0.0,0.022080760745732064,0.2824418630062126,-0.048568446747252254,203878.3,547.9696796270812
2022-01-20,648.0499877929688,653.2000122070312,639.0999755859375,647.1500244140625,88824,0.0,-0.004920352567080455,0.2804739028679452,-0.048568446747252254,192690.5,548.9565487294392
2022-01-21,635.0,643.2000122070312,620.0,626.5499877929688,98127,0.0,-0.03183193362272574,0.30803068310769577,-0.048568446747252254,190104.75,549.7286227499718
2022-01-24,625.4000244140625,626.0,591.3499755859375,610.2000122070312,240095,0.0,-0.026095245238980103,0.32455018721454393,-0.048568446747252254,197747.8,550.3303281177037
2022-01-25,592.1500244140625,619.5499877929688,581.7000122070312,616.0,89555,0.0,0.009505060106424379,0.3249686121218077,-0.048568446747252254,190165.7,550.983757688672
2022-01-27,597.0,613.1500244140625,592.25,607.0,95783,0.0,-0.01461038961038963,0.2957784209594858,-0.048568446747252254,188502.95,551.5411332340583
2022-01-28,607.0,628.2000122070312,590.0499877929688,598.25,372749,0.0,-0.01441515650741354,0.2990054904748875,-0.048568446747252254,199531.65,552.0058980775004
2022-01-31,586.2999877929688,598.3499755859375,578.5499877929688,589.4000244140625,263447,0.0,-0.014793105868679435,0.30036648363466106,-0.048568446747252254,208495.3,552.3779789365708
2022-02-01,590.6500244140625,615.9000244140625,590.6500244140625,601.9000244140625,201793,0.0,0.021208007265399287,0.3087808387077418,-0.048568446747252254,206762.4,552.8707356079886
2022-02-02,607.9000244140625,613.0499877929688,593.4500122070312,607.2000122070312,133010,0.0,0.008805428772208801,0.30686549841108746,-0.048568446747252254,184900.9,553.4113254248946
2022-02-03,613.6500244140625,645.0,607.25,637.4000244140625,257029,0.0,0.04973651449258254,0.3414116694225475,-0.048568446747252254,181980.1,554.2470338725481
2022-02-04,645.0,659.5499877929688,638.7999877929688,642.0,296842,0.0,0.00721677974544499,0.32670573782660023,-0.048568446747252254,188197.0,555.1201977146123
2022-02-07,644.9000244140625,645.25,624.2000122070312,636.3499755859375,114344,0.0,-0.00880066108109423,0.3255693891226427,-0.048568446747252254,185733.1,555.9284542108445
2022-02-08,643.0,649.1500244140625,626.2000122070312,638.6500244140625,228050,0.0,0.0036144400351507677,0.3204734561457824,-0.048568446747252254,179473.8,556.7515544118716
2022-02-09,641.3499755859375,648.9000244140625,632.1500244140625,639.25,129229,0.0,0.000939443455729938,0.29492979176736417,-0.048568446747252254,171120.2,557.5724344674749
2022-02-10,644.9000244140625,648.0,630.5999755859375,636.4000244140625,83347,0.0,-0.004458311436742246,0.2944444466147055,-0.048568446747252254,163968.4,558.3567885962966
2022-02-11,633.0,641.0,624.2999877929688,630.5999755859375,75488,0.0,-0.009113841303612702,0.2922159637359871,-0.048568446747252254,162625.1,559.0756262777857
2022-02-14,618.0,618.7000122070312,565.5999755859375,580.4000244140625,140283,0.0,-0.07960664940595741,0.39881595987945323,-0.05521104170300988,166770.45,559.2878093438184
2022-02-15,585.0,599.9000244140625,576.4500122070312,594.0499877929688,136569,0.0,0.02351819918113618,0.41069453063433936,-0.048568446747252254,165453.6,559.6337016666955
2022-02-16,604.5,615.8499755859375,595.0,603.5999755859375,129745,0.0,0.0160760676529077,0.415299175591789,-0.048568446747252254,164263.85,560.0711770290761
2022-02-17,607.0999755859375,613.9000244140625,595.0,601.2000122070312,158297,0.0,-0.003976082630845923,0.4082836187827177,-0.048568446747252254,166630.3,560.4804191701503
2022-02-18,600.0,608.2999877929688,595.2999877929688,599.7000122070312,62209,0.0,-0.002495009929380121,0.39849227719837926,-0.048568446747252254,165299.55,560.870663876985
2022-02-21,600.0,606.9500122070312,581.2000122070312,594.3499755859375,158081,0.0,-0.008921188114378031,0.39890674476730875,-0.048568446747252254,168297.25,561.2037913566761
2022-02-22,590.0,599.8499755859375,582.2000122070312,594.7999877929688,186940,0.0,0.0007571502069763092,0.38574493809732946,-0.03399474567233729,165639.5,561.53808186848
2022-02-23,600.0,613.3499755859375,600.0,604.7000122070312,153586,0.0,0.016644291555547808,0.38074686925532514,-0.03399474567233729,168841.05,561.9675538121472
2022-02-24,600.0,604.0,576.4500122070312,584.4500122070312,260550,0.0,-0.03348767916523043,0.3958374016441428,-0.03422559278912027,177079.4,562.1912598658278
2022-02-25,591.3499755859375,613.0,591.3499755859375,604.0999755859375,164645,0.0,0.03362129004789138,0.41172382824368275,-0.03422559278912027,166674.2,562.6082620122966
2022-02-28,608.0,608.0,588.1500244140625,593.4500122070312,201455,0.0,-0.01762947162607731,0.4132990624710712,-0.03422559278912027,163574.6,562.9151450988114
2022-03-02,596.0,598.4000244140625,590.7999877929688,594.9500122070312,179897,0.0,0.0025275928370471767,0.4098573673589303,-0.03422559278912027,162479.8,563.2338999954106
2022-03-03,609.0,631.0,591.9000244140625,597.0499877929688,333655,0.0,0.003529667270948389,0.40327219947653836,-0.03422559278912027,172512.05,563.5703784809585
2022-03-04,597.0499877929688,601.9000244140625,586.2999877929688,589.9500122070312,247562,0.0,-0.011891760708651833,0.4039046980842176,-0.03422559278912027,172038.7,563.8328623986309
2022-03-07,588.0,598.3499755859375,564.7000122070312,588.4000244140625,224912,0.0,-0.0026273205541096356,0.3591893530625424,-0.03422559278912027,168442.2,564.0773117719189
2022-03-08,598.0,604.2999877929688,591.0499877929688,599.6500244140625,217508,0.0,0.01911964570566238,0.3659874805733048,-0.03422559278912027,173600.4,564.4312691116417
2022-03-09,606.7000122070312,612.9500122070312,597.6500244140625,599.9000244140625,189498,0.0,0.0004169098471134003,0.3655341938700006,-0.03422559278912027,171672.8,564.7841920499742
2022-03-10,620.0,624.0,592.9500122070312,599.8499755859375,298979,0.0,-8.342861491605902e-05,0.3649731125544234,-0.03422559278912027,180160.3,565.1331053189888
2022-03-11,599.8499755859375,622.5999755859375,599.0,607.0499877929688,286640,0.0,0.01200302158885358,0.3683676679190731,-0.03422559278912027,190324.95,565.5501887266901
2022-03-14,606.0,621.3499755859375,606.0,618.7000122070312,173360,0.0,0.019191211017758336,0.3755755092533815,-0.03422559278912027,195218.55,566.0790426916686
2022-03-15,623.4500122070312,678.0,623.4000244140625,657.25,2434828,0.0,0.062308044338730495,0.4333460287917948,-0.03191472089985097,309945.8,566.9862163962291
2022-03-16,669.7999877929688,675.6500244140625,648.1500244140625,653.75,906312,0.0,-0.0053252187143401075,0.3172053588477912,-0.026382079658167384,348432.95,567.8495376261175
2022-03-17,666.4000244140625,702.0,661.5499877929688,674.6500244140625,3648825,0.0,0.031969444610420616,0.32439917315156686,-0.026382079658167384,524386.95,568.9122290369428
2022-03-21,694.0,700.0,678.0,692.0499877929688,609223,0.0,0.025791095752228266,0.3297991010303624,-0.026382079658167384,546933.25,570.1374803678485
2022-03-22,699.5999755859375,736.0,694.8499755859375,710.5,2205424,0.0,0.0266599415251354,0.33430632693986345,-0.026382079658167384,654094.0,571.5341223542382
2022-03-23,714.0999755859375,749.0,711.0,719.7000122070312,1440078,0.0,0.0129486449078553,0.33235939821841964,-0.026382079658167384,718193.85,573.0084098154601
2022-03-24,721.0,722.0,691.7999877929688,699.0499877929688,453618,0.0,-0.028692544204268033,0.35220391627583447,-0.028849513675190917,731527.75,574.2625548699627
2022-03-25,699.9000244140625,709.9000244140625,664.0,668.9500122070312,418369,0.0,-0.04305840227673663,0.39378842023796895,-0.03191472089985097,744766.9,575.2047186245605
2022-03-28,670.0,683.5,670.0,680.6500244140625,296755,0.0,0.01749011434864922,0.39408994040603407,-0.03191472089985097,746577.15,576.2539256473417
2022-03-29,685.2000122070312,690.0,666.0,684.5499877929688,221058,0.0,0.005729763077968686,0.3671450471495405,-0.03191472089985097,749397.8,577.3314984050096
2022-03-30,690.0,702.0,678.4000244140625,695.2000122070312,226544,0.0,0.015557701561574433,0.35631641491440824,-0.03191472089985097,750652.25,578.5043194378655
2022-03-31,701.2999877929688,727.2999877929688,697.4000244140625,716.2999877929688,525081,0.0,0.030350942484813848,0.3533673946075974,-0.03191472089985097,767911.45,579.8754206155282
2022-04-01,719.9000244140625,722.7000122070312,704.6500244140625,709.6500244140625,195453,0.0,-0.00928376866150149,0.3585230357274992,-0.03191472089985097,761001.35,581.1667102055635
2022-04-04,717.4000244140625,724.5499877929688,696.2999877929688,699.2000122070312,281834,0.0,-0.014725585637313965,0.36729181321359233,-0.03191472089985097,762714.95,582.341170921996
2022-04-05,699.2000122070312,705.0,693.8499755859375,696.5,307878,0.0,-0.0038615734552244207,0.3628936169208945,-0.03191472089985097,766863.25,583.4770796690408
2022-04-06,694.0,696.2000122070312,677.0,680.9000244140625,284081,0.0,-0.022397667747218186,0.3765220601364768,-0.03191472089985097,770191.9,584.4464622038172
2022-04-07,678.0,680.7999877929688,661.0999755859375,667.8499755859375,160663,0.0,-0.019165880981359962,0.3845776279076772,-0.03191472089985097,768750.15,585.2763479091119
2022-04-08,676.5,683.7000122070312,655.25,663.5,391870,0.0,-0.006513402328301443,0.38645838665046456,-0.03191472089985097,773394.7,586.0546927060362
2022-04-11,667.0,681.9000244140625,662.0,674.0999755859375,271653,0.0,0.015975848660041425,0.3877514507615926,-0.03191472089985097,772645.35,586.9307651725029
2022-04-12,677.5,678.0,661.5999755859375,665.0499877929688,163803,0.0,-0.013425290195422934,0.3926457235956613,-0.03191472089985097,772167.5,587.708070870219
2022-04-13,669.9000244140625,674.25,663.5499877929688,669.5999755859375,168255,0.0,0.006841572628349724,0.38919605342831776,-0.03191472089985097,658838.85,588.522915693261
2022-04-18,663.5,689.0,657.0499877929688,666.5499877929688,194305,0.0,-0.004554940119733231,0.3270621877495763,-0.03191472089985097,623238.5,589.2993044703726
2022-04-19,673.7999877929688,675.5999755859375,641.5,650.1500244140625,116039,0.0,-0.02460425126284771,0.3382907399626043,-0.03191472089985097,446599.2,589.9047842708073
2022-04-20,640.0,646.9500122070312,619.25,628.2000122070312,404024,0.0,-0.03376145717569323,0.3365354122895527,-0.03350136806575357,436339.25,590.285831314949
2022-04-21,626.0,649.0,626.0,638.7999877929688,111978,0.0,0.016873567940084877,0.3281779741757067,-0.03350136806575357,331666.95,590.7685592401034
2022-04-22,638.0,640.0,623.4500122070312,635.6500244140625,107742,0.0,-0.004931063617877096,0.30917036173230633,-0.03350136806575357,265050.15,591.215140983128
2022-04-25,632.0,634.9500122070312,608.0,626.0999755859375,94565,0.0,-0.015024067429129984,0.3037262866988118,-0.03350136806575357,247097.5,591.5622537652455
2022-04-26,630.3499755859375,636.75,615.0,628.4500122070312,163347,0.0,0.0037534526636811005,0.29442435013883955,-0.03350136806575357,234346.4,591.9292961378005
2022-04-27,624.7999877929688,631.2999877929688,620.1500244140625,625.0999755859375,58801,0.0,-0.005330633393304973,0.2597693281332188,-0.03350136806575357,222448.7,592.2593526497224
2022-04-28,629.7999877929688,651.8499755859375,628.0499877929688,646.5999755859375,188620,0.0,0.03439449822381935,0.2822738040766767,-0.03350136806575357,220826.8,592.8000553655057
2022-04-29,640.0,646.5999755859375,625.0499877929688,635.1500244140625,101981,0.0,-0.017707936288582804,0.28554045689163987,-0.03350136806575357,214598.65,593.2214480923572
2022-05-02,630.0,666.0,620.0,654.1500244140625,353815,0.0,0.029914192347749502,0.30144262160208923,-0.03350136806575357,206035.35,593.8277025831204
2022-05-04,669.0999755859375,669.0999755859375,615.0,622.5,104175,0.0,-0.048383433819194854,0.3156495197069439,-0.0342263044307454,201471.45,594.1129990748307
2022-05-05,636.2000122070312,639.9500122070312,590.4000244140625,594.3499755859375,193107,0.0,-0.04522092275351408,0.34304300071025084,-0.043166528300575505,197035.1,594.1153570500657
2022-05-06,593.0,593.0,562.0999755859375,579.5,236367,0.0,-0.024985237984232578,0.3473226450995994,-0.043166528300575505,193459.55,593.9699306117565
2022-05-09,560.0,582.75,545.0,549.4000244140625,216400,0.0,-0.051941286602135484,0.3775505516950469,-0.04537904830679812,190075.5,593.526448958048
2022-05-10,549.3499755859375,568.5,507.1000061035156,515.2999877929688,375401,0.0,-0.062067774127716135,0.41576613208025404,-0.04856132645834189,200812.4,592.7480762101368
2022-05-11,512.0,531.1500244140625,497.1000061035156,506.3999938964844,352283,0.0,-0.01727148089912256,0.41545524590094146,-0.04856132645834189,198833.05,591.8888913114935
2022-05-12,517.7000122070312,517.7000122070312,484.4500122070313,496.1000061035156,264805,0.0,-0.020339628588293857,0.41559646759072894,-0.04856132645834189,198490.65,590.9357680755933
2022-05-13,503.0,540.7000122070312,501.0499877929688,503.75,106620,0.0,0.015420265677013711,0.4151055065450866,-0.04856132645834189,195631.5,590.0682479952391
2022-05-16,511.3500061035156,550.0,504.0,532.3499755859375,551894,0.0,0.056774145083746896,0.48112737889265705,-0.04537904830679812,214813.45,589.4939368269874
2022-05-17,538.7000122070312,545.0,528.7999877929688,538.1500244140625,163045,0.0,0.01089518003967438,0.48312688551595956,-0.04537904830679812,213250.45,588.9830521263613
2022-05-18,542.9000244140625,553.0,525.5999755859375,533.4500122070312,119939,0.0,-0.008733646741256984,0.48276006113655096,-0.04537904830679812,213445.45,588.4304845649749
2022-05-19,529.0,540.0,524.0,535.4000244140625,113077,0.0,0.00365547316976067,0.48199326765096173,-0.04537904830679812,198898.1,587.9028182948166
2022-05-20,548.0,550.0,532.3499755859375,534.6500244140625,106353,0.0,-0.001400821751588066,0.47381208769544314,-0.04537904830679812,198616.85,587.3729397487396
2022-05-23,537.0,540.0499877929688,527.75,532.5499877929688,45842,0.0,-0.003927871551853479,0.4658965624965123,-0.04537904830679812,195521.85,586.8274377392294
2022-05-24,539.0,539.0,530.3499755859375,535.0499877929688,56839,0.0,0.0046943950001026025,0.46793942518413967,-0.04537904830679812,193635.55,586.3122392323014
2022-05-25,537.75,541.9000244140625,529.2000122070312,531.8499755859375,59183,0.0,-0.0059807724138655205,0.46721717363161874,-0.04537904830679812,188427.35,585.7703261611933
2022-05-26,530.0,543.5999755859375,524.0,541.5499877929688,88592,0.0,0.01823824885268599,0.4741864719413163,-0.04537904830679812,189916.9,585.3303227943453
2022-05-27,544.0,546.4000244140625,532.6500244140625,540.1500244140625,47055,0.0,-0.002585104626466106,0.4743768673404359,-0.04537904830679812,182838.65,584.8807675865813
2022-05-30,544.9000244140625,551.0,530.25,536.6500244140625,92834,0.0,-0.006479681277061333,0.45050676259486117,-0.04537904830679812,182381.3,584.4008596943174
2022-05-31,539.3499755859375,588.9500122070312,534.4500122070312,573.9500122070312,379173,0.0,0.06950523822987709,0.5233368492261292,-0.04537904830679812,183649.2,584.2968711621057
2022-06-01,573.9500122070312,578.4000244140625,554.0499877929688,565.0999755859375,242218,0.0,-0.015419525103000487,0.5093730538422655,-0.04537904830679812,190551.35,584.1058572757757
2022-06-02,565.0999755859375,583.0,562.2000122070312,570.0999755859375,316359,0.0,0.008847991888188744,0.4881552653202741,-0.04537904830679812,196713.95,583.9664952689117
2022-06-03,580.0,581.9500122070312,555.25,559.0499877929688,96990,0.0,-0.019382543880328673,0.46828510121167716,-0.04537904830679812,189745.1,583.7185698213899
2022-06-06,558.0,585.0,549.7999877929688,573.7000122070312,82157,0.0,0.026205213726769205,0.47088171027261283,-0.04537904830679812,183032.95,583.6188826809486
2022-06-07,573.0,573.0,554.0,556.25,95367,0.0,-0.030416614669225517,0.44626075735993065,-0.04537904830679812,169031.25,583.3465554900934
2022-06-08,560.0,564.4000244140625,547.0999755859375,554.5,53702,0.0,-0.0031460674157303137,0.3836919787281965,-0.04537904830679812,154102.2,583.0595250872069
2022-06-09,550.9500122070312,559.7000122070312,550.3499755859375,554.75,50519,0.0,0.00045085662759247747,0.3762867223940079,-0.04537904830679812,143387.9,582.7778382704189
2022-06-10,550.5999755859375,562.5999755859375,550.5,559.1500244140625,48842,0.0,0.007931544685105818,0.3652473948302514,-0.04537904830679812,140499.0,582.5427356449825
2022-06-13,540.0,553.5499877929688,525.0499877929688,528.0,72949,0.0,-0.05570960038266093,0.4209046009673833,-0.04856132645834189,116551.75,582.0000218574702
2022-06-14,540.0,545.0,509.2999877929688,519.4500122070312,245073,0.0,-0.016193158698804444,0.37601350929164157,-0.04856132645834189,120653.15,581.3776337017445
2022-06-15,515.0,539.7000122070312,515.0,533.2999877929688,152384,0.0,0.026662768814061488,0.3860793525600672,-0.04856132645834189,122275.4,580.8992491653388
2022-06-16,536.0,537.0999755859375,514.0,519.6500244140625,62445,0.0,-0.025595281626380362,0.3951147511956471,-0.04856132645834189,119743.8,580.2898041429381
2022-06-17,524.0,525.1500244140625,493.3500061035156,504.6000061035156,122096,0.0,-0.02896183508798389,0.4063165077971322,-0.04856132645834189,120530.95,579.5366718241379
2022-06-20,502.4500122070313,509.0,488.1499938964844,500.2999877929688,89189,0.0,-0.00852163745250667,0.4068205323738342,-0.04856132645834189,122698.3,578.74824710741
2022-06-21,501.25,514.7000122070312,495.6499938964844,511.0499877929688,73015,0.0,0.021487108259631738,0.41540539113078945,-0.04856132645834189,123507.1,578.0746325868682
2022-06-22,510.0499877929688,512.0,497.25,499.9500122070313,66706,0.0,-0.021719941005916232,0.4203808722476428,-0.04856132645834189,123883.25,577.2972731801037
2022-06-23,500.2999877929688,519.5999755859375,500.0499877929688,512.6500244140625,57332,0.0,0.025402564050287735,0.4313909705778309,-0.04856132645834189,122320.25,576.6540169734765
2022-06-24,524.7000122070312,527.5499877929688,501.0499877929688,507.8500061035156,99847,0.0,-0.009363148506689511,0.4261229244864408,-0.04856132645834189,124959.85,575.9693999498949
2022-06-27,516.7000122070312,521.2999877929688,501.7000122070313,519.5999755859375,159015,0.0,0.02313669260846063,0.4354352272717601,-0.04856132645834189,128268.9,575.4085101552287
2022-06-28,519.5999755859375,519.5999755859375,503.6000061035156,510.5,74829,0.0,-0.017513425738089672,0.4386938419099785,-0.04856132645834189,113051.7,574.7626543327885
2022-06-29,513.0,524.9500122070312,508.6000061035156,516.1500244140625,143427,0.0,0.01106762862695887,0.35792346023843735,-0.04856132645834189,108112.15,574.1794440848411
2022-06-30,514.9000244140625,530.0,511.9500122070313,525.7000122070312,165218,0.0,0.018502348815753633,0.36446893627668697,-0.04856132645834189,100555.1,573.6970616780967
2022-07-01,526.0,526.3499755859375,511.0499877929688,513.0,35943,0.0,-0.024158287829808445,0.3686519708942801,-0.04856132645834189,97502.75,573.093110815628
2022-07-04,522.9500122070312,524.25,511.75,515.6500244140625,134031,0.0,0.00516573959856248,0.3661779023446447,-0.04856132645834189,100096.45,572.5215378166075
2022-07-05,518.25,523.5499877929688,514.0,516.9500122070312,90035,0.0,0.002521066094093527,0.35076697697292825,-0.04856132645834189,99829.85,571.9685873130296
2022-07-06,510.7000122070313,525.7999877929688,510.7000122070313,521.4000244140625,87266,0.0,0.008608206019828923,0.34063912492463744,-0.04856132645834189,101508.05,571.4654175329405
2022-07-07,526.2999877929688,534.2000122070312,523.8499755859375,530.7999877929688,77332,0.0,0.01802831403675076,0.34822366718711695,-0.04856132645834189,102848.7,571.0607863912493
2022-07-08,531.7999877929688,541.4500122070312,529.0,530.25,53585,0.0,-0.0010361488425340015,0.34813815905529855,-0.04856132645834189,103085.85,570.6547089147194
2022-07-11,529.0,544.5999755859375,526.3499755859375,534.0,137863,0.0,0.007072135785006983,0.3478444311830269,-0.04856132645834189,106331.55,570.2899854429312
2022-07-12,534.0,544.0,531.0999755859375,535.4500122070312,71817,0.0,0.002715378664852608,0.28778201560830136,-0.04856132645834189,97668.75,569.943319042574
2022-07-13,534.7000122070312,538.1500244140625,523.6500244140625,531.2000122070312,88127,0.0,-0.007937248861910051,0.28301232636105034,-0.04856132645834189,94455.9,569.5578135019218
2022-07-14,532.0,533.25,517.8499755859375,527.5999755859375,135006,0.0,-0.006777177218306729,0.2684626006720113,-0.04856132645834189,98083.95,569.1403225773847
2022-07-15,526.5999755859375,530.1500244140625,519.9500122070312,526.7999877929688,52373,0.0,-0.001516277160703683,0.25244082091336584,-0.04856132645834189,94597.8,568.7190257138583
2022-07-18,531.2000122070312,547.9000244140625,522.75,540.0499877929688,153531,0.0,0.02515186087135457,0.2414943573180295,-0.04856132645834189,97814.9,568.433761654944
2022-07-19,538.0499877929688,579.0,538.0499877929688,573.4500122070312,217038,0.0,0.06184617196374531,0.31095072860797146,-0.04856132645834189,105016.05,568.4836745957608
2022-07-20,576.1500244140625,604.9000244140625,565.7999877929688,591.7000122070312,1276075,0.0,0.03182491867035009,0.3191006655578315,-0.04856132645834189,165484.5,568.7146829302013
2022-07-21,592.7999877929688,592.7999877929688,570.0,580.1500244140625,454359,0.0,-0.019520006007583968,0.3166709786792847,-0.04856132645834189,185335.85,568.8284674225781
2022-07-22,583.3499755859375,586.2000122070312,570.0,572.7999877929688,254562,0.0,-0.012669199882421989,0.31670596942411783,-0.04856132645834189,193071.6,568.8679850382039
2022-07-25,577.0,597.9500122070312,571.6500244140625,594.4500122070312,530881,0.0,0.03779683113730736,0.33067723640208696,-0.04856132645834189,211664.9,569.1225325722221
2022-07-26,597.2000122070312,611.9000244140625,584.0999755859375,594.5499877929688,530481,0.0,0.0001681816534351288,0.3267414983239807,-0.04856132645834189,234447.5,569.3755420769061
2022-07-27,590.8499755859375,602.0,581.75,588.8499755859375,163550,0.0,-0.009587103395948704,0.3204534003351717,-0.04555694094594515,235453.65,569.5693175347075
2022-07-28,594.5,610.0,587.3499755859375,591.6500244140625,158905,0.0,0.004755114110922332,0.32019294401800946,-0.03149284826587101,235138.0,569.7890260608702
2022-07-29,594.5,596.0499877929688,582.5999755859375,591.0499877929688,303493,0.0,-0.0010141749283083534,0.3182697549249465,-0.03149284826587101,248515.5,570.0005779189011
2022-08-01,593.5999755859375,593.5999755859375,585.9000244140625,590.1500244140625,124948,0.0,-0.0015226518864619454,0.30060801485772565,-0.02903457406704597,248061.35,570.2010699238281
2022-08-02,585.0,612.0,585.0,607.5,453468,0.0,0.02939926267589943,0.31044690068125524,-0.025763609299460536,266233.0,570.5722035564268
2022-08-03,610.9000244140625,615.0,591.6500244140625,611.3499755859375,255430,0.0,0.006337408371913655,0.3098769508544421,-0.025763609299460536,274641.2,570.9779525318448
2022-08-04,615.0,627.0,612.1500244140625,623.25,508630,0.0,0.019465158893082757,0.31233136539041106,-0.025763609299460536,296206.1,571.49807240715
2022-08-05,626.1500244140625,647.4500122070312,626.1500244140625,634.2999877929688,329120,0.0,0.01772962341431006,0.3122208173295728,-0.025763609299460536,309982.85,572.1229670876058
2022-08-08,634.0,634.0,608.5999755859375,611.3499755859375,127661,0.0,-0.03618163747233427,0.3477449145333397,-0.02903457406704597,309472.75,572.5132855801266
2022-08-10,616.9000244140625,617.0,597.3499755859375,600.0499877929688,204655,0.0,-0.018483664421738877,0.3587948045003067,-0.02903457406704597,316114.65,572.7872826170703
2022-08-11,605.9000244140625,619.1500244140625,602.75,612.0999755859375,293375,0.0,0.020081639926849304,0.3619379322329058,-0.02903457406704597,326377.05,573.1784536913874
2022-08-12,612.0999755859375,620.0,609.0499877929688,617.2000122070312,329202,0.0,0.008332032060958117,0.35805123889663376,-0.02903457406704597,336086.85,573.6164791492546
2022-08-16,623.0,667.4000244140625,620.5499877929688,660.25,855203,0.0,0.06975046490849435,0.41366405140835805,-0.02903457406704597,376228.35,574.4785042323466
2022-08-17,663.0,672.7999877929688,653.0,665.4000244140625,230235,0.0,0.007800112705887985,0.41134926230992097,-0.02903457406704597,380063.55,575.3831959754482
2022-08-18,668.75,686.0,647.2999877929688,661.2999877929688,418683,0.0,-0.006161762053892517,0.41255364837376135,-0.02903457406704597,390145.8,576.2380894263688
2022-08-19,651.7000122070312,669.5499877929688,650.0,663.8499755859375,200574,0.0,0.0038560227431412297,0.3671505372561668,-0.02903457406704597,336370.75,577.109849487658
2022-08-22,660.0,680.0,655.3499755859375,666.7999877929688,196875,0.0,0.004443793500824356,0.35614092503339617,-0.02903457406704597,323496.55,578.0022886747755
2022-08-23,664.7999877929688,683.0,660.4000244140625,673.2999877929688,185421,0.0,0.009748050568378464,0.3440005636656587,-0.02903457406704597,320039.5,578.9505244868968
2022-08-24,673.0,677.9500122070312,663.2999877929688,667.0999755859375,66129,0.0,-0.009208394949410947,0.34166572343884866,-0.02903457406704597,296801.9,579.8276334530565
2022-08-25,672.4000244140625,680.0,662.9000244140625,666.4000244140625,119498,0.0,-0.001049244787125314,0.3243234050785821,-0.02903457406704597,276252.75,580.6890502785391
2022-08-26,673.0,692.8499755859375,668.4000244140625,677.5499877929688,358192,0.0,0.016731637110472652,0.32586742431187987,-0.02903457406704597,285984.85,581.6528407015683
2022-08-29,649.9000244140625,684.7999877929688,644.0,670.9000244140625,179907,0.0,-0.009814719944970629,0.32600939463937795,-0.02903457406704597,287034.95,582.5408723802996
2022-08-30,671.0499877929688,680.0,666.9500122070312,671.0499877929688,112847,0.0,0.0002235256721554446,0.3266796884632821,-0.02903457406704597,277502.65,583.4215600958486
2022-09-01,671.0499877929688,683.2999877929688,663.4500122070312,669.4000244140625,85579,0.0,-0.002458778643797954,0.32712037746796035,-0.02903457406704597,275534.2,584.2770672034926
2022-09-02,673.0,675.5,661.0999755859375,667.7000122070312,94235,0.0,-0.002539605833625891,0.3274394896039474,-0.025763609299460536,257572.55,585.1071462582541
2022-09-05,672.0,696.5499877929688,670.0999755859375,691.0999755859375,342138,0.0,0.03504562370990438,0.33303915655514915,-0.025763609299460536,261907.95,586.1618012764401
2022-09-06,695.9000244140625,697.0,674.3499755859375,676.8499755859375,158270,0.0,-0.02061930328953976,0.34590926795456206,-0.025763609299460536,244389.95,587.064171170067
2022-09-07,677.0,683.0499877929688,665.1500244140625,673.2999877929688,92812,0.0,-0.005244866545050186,0.34354479605278043,-0.025763609299460536,232574.55,587.9222389971605
2022-09-08,675.7999877929688,681.7000122070312,670.0,676.8499755859375,62445,0.0,0.0052725202099073165,0.3399191116343468,-0.02423013751963704,229313.75,588.8070920975464
2022-09-09,683.7000122070312,694.25,670.0,673.9500122070312,162252,0.0,-0.004284499495469163,0.3098546876778894,-0.02423013751963704,227193.6,589.6542853324667
2022-09-12,677.0,689.9500122070312,674.0499877929688,685.7999877929688,97091,0.0,0.01758287020001914,0.30071685740648696,-0.02423013751963704,217379.4,590.6109589887901
2022-09-13,691.7999877929688,704.7000122070312,686.2000122070312,697.5999755859375,248228,1.5,0.017206165067082058,0.29924756035486816,-0.021841858347110842,213330.7,591.675526318115
2022-09-14,682.0,710.0,682.0,689.9000244140625,366330,0.0,-0.011037774428543479,0.3051446096560562,-0.020674335175358584,188887.05,592.6528845081244
2022-09-15,696.7000122070312,704.5,678.0,679.2999877929688,240223,0.0,-0.01536459812433899,0.20545305106977535,-0.020674335175358584,189386.45,593.5150447398145
2022-09-16,682.0,701.5,657.7000122070312,687.5999755859375,320285,0.0,0.012218442429147158,0.20773532020742388,-0.020674335175358584,184466.55,594.4512132059451
2022-09-19,693.0,695.0,650.0,655.7999877929688,327641,0.0,-0.04624780238811155,0.26518446160737613,-0.020796252516553194,190819.9,595.0616487739752
2022-09-20,655.0,669.25,651.5999755859375,657.7999877929688,144943,0.0,0.0030497103342908005,0.2650412954168009,-0.020796252516553194,188223.3,595.6859108537662
2022-09-21,659.0,668.8499755859375,652.0499877929688,660.25,172504,0.0,0.0037245549597095806,0.2648906845906717,-0.020796252516553194,187577.45,596.32833960149
2022-09-22,658.0,671.9500122070312,655.0999755859375,661.2000122070312,132960,0.0,0.0014388674093619436,0.26245755252773423,-0.020796252516553194,190919.0,596.9738288811473
2022-09-23,663.0,664.5499877929688,645.0,659.7000122070312,374244,0.0,-0.0022686024989519993,0.2607288834355665,-0.020796252516553194,203656.3,597.597970008768
2022-09-26,649.8499755859375,650.75,626.0,639.2000122070312,110997,0.0,-0.031074730363301217,0.2815810031900172,-0.024504109956483083,191296.55,598.0119206774075
2022-09-27,640.0,651.4500122070312,628.75,645.9000244140625,89692,0.0,0.010481871212576266,0.27718764885068153,-0.024504109956483083,186785.8,598.4884192220509
2022-09-28,636.6500244140625,648.3499755859375,633.2000122070312,640.5,66196,0.0,-0.008360464793233602,0.2767249796177247,-0.02114207464322783,184453.25,598.9064449014335
2022-09-29,643.0,653.1500244140625,640.3499755859375,648.8499755859375,95215,0.0,0.013036651968676871,0.28157434214732835,-0.02114207464322783,184935.05,599.4033954555082
2022-09-30,647.7000122070312,647.7000122070312,625.0,635.8499755859375,203824,0.0,-0.020035448083758456,0.28885694403948176,-0.02114207464322783,190414.5,599.7660479941195
2022-10-03,635.0,639.5,625.0,629.25,77840,0.0,-0.010379768560745184,0.29021702521664233,-0.02114207464322783,177199.6,600.0594206508945
2022-10-04,634.3499755859375,640.8499755859375,619.4000244140625,625.4500122070312,195370,0.0,-0.006038915841031001,0.2558190520789229,-0.02114207464322783,179054.6,600.3120633529456
2022-10-06,628.5999755859375,633.2000122070312,621.0,630.0,236534,0.0,0.007274742512056509,0.25205440870098433,-0.02114207464322783,186240.7,600.6074657076427
2022-10-07,628.25,634.0,616.0999755859375,630.1500244140625,737834,0.0,0.00023813399057548423,0.252233664103829,-0.02114207464322783,220010.15,600.9014215156669
2022-10-10,627.25,630.5499877929688,616.9500122070312,619.9500122070312,256307,0.0,-0.016186640977306377,0.2542825242368242,-0.02114207464322783,224712.9,601.0909597315015
2022-10-11,623.0499877929688,626.0999755859375,615.6500244140625,622.0499877929688,86276,0.0,0.003387330501795738,0.25557844284872,-0.02114207464322783,224172.15,601.2995072744017
2022-10-12,622.0499877929688,630.0,607.9000244140625,624.8499755859375,75479,0.0,0.004501226345013043,0.2456893293693169,-0.02114207464322783,215534.7,601.5338402924269
2022-10-13,624.8499755859375,625.9500122070312,618.2000122070312,624.2999877929688,34443,0.0,-0.0008801917491523259,0.23341737235913346,-0.02114207464322783,198940.35,601.7603691232781
2022-10-14,625.0,632.0,608.0,611.7000122070312,108935,0.0,-0.020182565805392794,0.23841125975871563,-0.02114207464322783,192375.95,601.8592710445096
2022-10-17,606.5,620.0,604.1500244140625,616.2000122070312,80253,0.0,0.007356547180314532,0.2396786382784041,-0.02114207464322783,180374.35,602.0019649864253
2022-10-18,619.2999877929688,625.0,608.0499877929688,622.4500122070312,111365,0.0,0.010142810574791383,0.23795369625471066,-0.02114207464322783,169560.55,602.2054281428492
2022-10-19,625.5999755859375,633.0,620.0,630.5999755859375,64560,0.0,0.013093362067756686,0.1913858227258073,-0.02114207464322783,165541.4,602.4879609532283
2022-10-20,622.1500244140625,631.0999755859375,617.0,625.25,100764,0.0,-0.008483945120623337,0.19187734695287234,-0.02114207464322783,161954.4,602.7144489039424
2022-10-21,620.5999755859375,630.7000122070312,619.2000122070312,626.75,88656,0.0,0.002399040383846529,0.1914035172991885,-0.02114207464322783,159739.2,602.9536086163411
2022-10-24,635.0,637.9500122070312,633.0,635.5999755859375,17285,0.0,0.014120423750997313,0.19948462793417676,-0.02114207464322783,141891.25,603.2784480886754
2022-10-25,637.0,639.0,630.5999755859375,633.4500122070312,36223,0.0,-0.0033825730986289937,0.19955471314337533,-0.02114207464322783,138152.55,603.5786626570173
2022-10-27,636.5999755859375,637.8499755859375,620.0,621.9500122070312,113575,0.0,-0.018154550127692515,0.17975518770719218,-0.02114207464322783,139346.7,603.7614621550274
2022-10-28,621.0,626.9500122070312,590.0,596.25,130318,0.0,-0.0413216684663017,0.22183799809936036,-0.03133007571875287,142552.8,603.686721238062
2022-10-31,600.0999755859375,603.4500122070312,587.8499755859375,598.0999755859375,330863,0.0,0.0031026844208594806,0.22236191299516597,-0.03133007571875287,154335.2,603.6311317290857
2022-11-01,601.0999755859375,602.0,592.0499877929688,597.9500122070312,216436,0.0,-0.0002507329627614574,0.21480135795387384,-0.03133007571875287,154965.8,603.5746031766275
2022-11-02,600.9500122070312,605.0,589.25,598.9000244140625,184160,0.0,0.0015887819845086248,0.20712465597751417,-0.03133007571875287,160281.8,603.5280899551095
2022-11-03,595.0,601.0999755859375,590.5499877929688,592.5499877929688,107973,0.0,-0.010602832463241785,0.20722940598091255,-0.03133007571875287,155911.95,603.4188551077251
2022-11-04,595.5499877929688,596.1500244140625,586.2000122070312,587.9500122070312,185730,0.0,-0.007763016928024502,0.207657160014028,-0.03133007571875287,153371.75,603.2649362728923
2022-11-07,590.9000244140625,592.75,585.0,587.7000122070312,127148,0.0,-0.00042520621619102084,0.20461416154835194,-0.02114207464322783,122837.45,603.1100614065655
2022-11-09,588.0499877929688,593.75,575.1500244140625,586.4500122070312,319491,0.0,-0.0021269354671370477,0.20427368066258647,-0.02114207464322783,125996.65,602.9442897727392
2022-11-10,582.0,610.0,578.0,606.75,342734,0.0,0.03461503516143227,0.23716410383437653,-0.02114207464322783,138819.55,602.9821575361947
2022-11-11,609.7999877929688,611.9500122070312,587.0,595.2999877929688,229622,0.0,-0.018871054317315616,0.2444942257350283,-0.02114207464322783,146526.7,602.9057180362621
2022-11-14,588.5,603.0,588.5,594.4500122070312,95520,0.0,-0.001427810521362094,0.24337478437645366,-0.02114207464322783,149580.55,602.8215816598519
2022-11-15,594.6500244140625,595.0,585.2000122070312,592.1500244140625,53566,0.0,-0.0038691021040263562,0.2433815541108353,-0.02114207464322783,146812.1,602.7153970106401
2022-11-16,589.0,591.1500244140625,571.0499877929688,580.5499877929688,294901,0.0,-0.019589692042269347,0.24284388133828141,-0.02114207464322783,157544.5,602.4948456751409
2022-11-17,578.75,584.0,571.2000122070312,580.0499877929688,72986,0.0,-0.0008612522788964405,0.2403507597874953,-0.02114207464322783,155625.55,602.2715137559153
2022-11-18,579.0,580.9500122070312,565.4000244140625,575.1500244140625,83653,0.0,-0.00844748466860612,0.23636542106870595,-0.02114207464322783,156580.2,602.0016481903248
2022-11-21,575.1500244140625,576.2000122070312,552.9000244140625,561.7000122070312,101248,0.0,-0.023385224091285628,0.2375815158501029,-0.023769699404886407,156604.4,601.6006368870084
2022-11-22,560.0,563.0499877929688,547.2000122070312,553.1500244140625,87031,0.0,-0.015221626503752694,0.2398238521880134,-0.023769699404886407,156523.15,601.1185412405114
2022-11-23,553.1500244140625,557.1500244140625,540.5,547.0999755859375,103403,0.0,-0.010937446553552332,0.2385898239060536,-0.023769699404886407,160829.05,600.5810430747943
2022-11-24,545.0,548.5999755859375,538.2000122070312,542.75,102396,0.0,-0.00795097017008406,0.22669120717661706,-0.023769699404886407,164137.7,600.0056098103685
2022-11-25,543.0,547.4500122070312,535.0,539.9000244140625,156081,0.0,-0.005250991406609895,0.22636674050739738,-0.023769699404886407,166263.0,599.407544284037
2022-11-28,540.9500122070312,564.4000244140625,540.0499877929688,563.0,171041,0.0,0.04278565390139999,0.2818133575588128,-0.023769699404886407,168299.15,599.0452801618079
2022-11-29,565.8499755859375,566.75,550.5,553.0999755859375,201983,0.0,-0.017584412813610117,0.2533832026746747,-0.023769699404886407,161855.15,598.5881129520977
2022-11-30,555.1500244140625,556.5999755859375,529.0999755859375,542.4000244140625,328521,0.0,-0.01934541971465431,0.2579585560186911,-0.023769699404886407,167459.4,598.0290274940079
2022-12-01,538.2999877929688,557.25,535.0,556.0999755859375,263637,0.0,0.025258020935147618,0.27766058594419535,-0.023769699404886407,171433.25,597.6118229974103
2022-12-02,560.0,565.9500122070312,553.0499877929688,563.75,110366,0.0,0.013756563117993226,0.2835008771872611,-0.023769699404886407,171552.9,597.274889435247
2022-12-05,563.75,572.9500122070312,560.8499755859375,570.5499877929688,100278,0.0,0.012062062603935608,0.2864231141531155,-0.023769699404886407,167280.3,597.0089700159209
2022-12-06,573.4500122070312,584.0499877929688,565.0499877929688,569.2000122070312,104522,0.0,-0.0023660951973016875,0.28557991003509386,-0.023769699404886407,166149.0,596.7322639680713
2022-12-07,570.9500122070312,574.75,562.0,566.4500122070312,129419,0.0,-0.0048313421311027005,0.28580021494433916,-0.023769699404886407,156645.4,596.4309480301505
2022-12-08,566.4500122070312,569.9500122070312,559.0499877929688,565.0999755859375,112296,0.0,-0.0023833287880666854,0.28580755680115794,-0.023769699404886407,145123.5,596.1191970605564
2022-12-09,565.1500244140625,580.0,565.0999755859375,572.8499755859375,152387,0.0,0.01371438742669251,0.2604755473658304,-0.023769699404886407,141261.75,595.8876625185204
2022-12-12,574.7999877929688,578.4000244140625,562.0,566.3499755859375,75948,0.0,-0.011346775381026242,0.25581834774626466,-0.023769699404886407,140283.15,595.593755185858
2022-12-13,567.5499877929688,567.5499877929688,556.0,562.2000122070312,69157,0.0,-0.007327559914896753,0.25639553393784037,-0.023769699404886407,141062.7,595.2614791363173
2022-12-14,563.4000244140625,569.7000122070312,562.0,563.3499755859375,48034,0.0,0.002045470213335454,0.256824472814686,-0.023769699404886407,128719.35,594.9439517378062
2022-12-15,568.0,568.2000122070312,556.0,565.0999755859375,111453,0.0,0.0031064171045358524,0.24944280806799826,-0.020342698719687434,130642.7,594.6469967512204
2022-12-16,560.0,565.4500122070312,534.0,538.7999877929688,169320,0.0,-0.04654041573032974,0.29480257247115066,-0.023769699404886407,134926.05,594.091305119795
2022-12-19,542.5,543.8499755859375,528.0999755859375,529.9000244140625,445072,0.0,-0.016518120973540218,0.29787321117800997,-0.023769699404886407,152117.25,593.4525859087928
2022-12-20,527.0,538.6500244140625,523.0,524.4000244140625,172557,0.0,-0.010379316374030445,0.29037086890044916,-0.023769699404886407,156393.55,592.7654957446662
2022-12-21,525.0999755859375,528.7999877929688,510.0,514.7000122070312,186593,0.0,-0.018497352699152758,0.2923080831938655,-0.023769699404886407,160553.05,591.9887247641922
2022-12-22,519.9000244140625,522.7999877929688,506.2999877929688,514.4500122070312,207384,0.0,-0.00048571982527845226,0.2910904599846746,-0.020342698719687434,165802.45,591.2171952860115
2022-12-23,510.1000061035156,511.3999938964844,500.0,502.5,235673,0.0,-0.02322871401200821,0.2992171490484528,-0.02323653951597208,169782.05,590.3344371239616
2022-12-26,502.8500061035156,519.0,498.0499877929688,515.3499755859375,46602,0.0,0.02557209071828348,0.315541270474858,-0.02323653951597208,163560.1,589.5883230788072
2022-12-27,515.3499755859375,527.0,509.7000122070313,512.5999755859375,154474,0.0,-0.00533617954841914,0.2702105928553693,-0.02323653951597208,161184.65,588.8222698699229
2022-12-28,512.5999755859375,524.0,511.0,521.6500244140625,37988,0.0,0.01765518778610975,0.27592335670690804,-0.02323653951597208,146658.0,588.1538893181233
2022-12-29,516.9000244140625,522.0499877929688,512.0,513.4000244140625,63080,0.0,-0.01581520102345768,0.27349041600921914,-0.02323653951597208,136630.15,587.4100697668391
2022-12-30,512.5,530.0,504.8999938964844,514.5,85259,0.0,0.0021425312302874033,0.25506198747975045,-0.02323653951597208,135374.8,586.6845964358258
2023-01-02,514.6500244140625,533.9000244140625,514.6500244140625,518.4500122070312,194985,0.0,0.007677380382956844,0.2506900796008859,-0.02323653951597208,140110.15,586.0056453489722
2023-01-03,518.4500122070312,521.2000122070312,515.0,516.9500122070312,60450,0.0,-0.0028932393956642155,0.243984577170208,-0.02323653951597208,137906.55,585.3185246211916
2023-01-04,519.5,519.5499877929688,512.5,514.0,38922,0.0,-0.005706571500862623,0.24387822866793188,-0.02323653951597208,133381.7,584.6088875602843
2023-01-05,516.7000122070312,519.2000122070312,508.0499877929688,509.7000122070313,87814,0.0,-0.008365735005775643,0.24420344621905787,-0.02323653951597208,132157.6,583.8635256164708
2023-01-06,510.0,520.7999877929688,507.0499877929688,517.5999755859375,153812,0.0,0.0154992411020336,0.25417927622087033,-0.02323653951597208,132228.85,583.2041868101969
2023-01-09,521.0,525.0,514.2000122070312,515.7999877929688,65496,0.0,-0.0034775654518358623,0.24588232862543083,-0.02323653951597208,131706.25,582.5334982627619
2023-01-10,515.7999877929688,525.5,510.0,518.7000122070312,54905,0.0,0.005622381703557666,0.2472709351132007,-0.02323653951597208,130993.65,581.8983391975308
2023-01-11,524.0,525.7999877929688,510.3999938964844,514.4000244140625,65956,0.0,-0.00828993192938754,0.247453599289523,-0.02323653951597208,131889.75,581.2267141748098
2023-01-12,512.5,523.2999877929688,511.8500061035156,517.1500244140625,72782,0.0,0.005346033960889507,0.2487480694542571,-0.02323653951597208,129956.2,580.5891351722153
2023-01-13,518.4500122070312,525.0,515.2000122070312,522.9500122070312,37312,0.0,0.011215290571706449,0.2531920610395021,-0.02323653951597208,123355.8,580.0156115606214
2023-01-16,524.25,528.0,516.0,519.5,35054,0.0,-0.006597212212446468,0.19997774100380533,-0.02323653951597208,102854.9,579.4134661719586
2023-01-17,519.4500122070312,519.6500244140625,502.0499877929688,507.1000061035156,140753,0.0,-0.023869093159738952,0.20830726633007607,-0.023409417544708294,101264.7,578.6939292558546
2023-01-18,508.3999938964844,513.3499755859375,499.0,500.3500061035156,121272,0.0,-0.013310983866606563,0.21003179727062835,-0.023409417544708294,97998.65,577.9143877319508
2023-01-19,499.3500061035156,503.25,492.2000122070313,496.9500122070313,112769,0.0,-0.006795231048285277,0.202326001728587,-0.023409417544708294,93267.9,577.108772055086
2023-01-20,503.0,503.0,491.3500061035156,496.5499877929688,49027,0.0,-0.000804959058730903,0.20230702055373145,-0.023409417544708294,83935.6,576.3071921121793
2023-01-23,494.1499938964844,500.6000061035156,494.0,497.7000122070313,35433,0.0,0.002316029488136806,0.186655988722758,-0.02323653951597208,83377.15,575.5250311180984
2023-01-24,494.0,504.25,494.0,497.1499938964844,42760,0.0,-0.0011051201467886518,0.16101643936632165,-0.02323653951597208,77791.45,574.7451800014654
2023-01-25,495.0499877929688,497.5499877929688,486.0,489.9500122070313,71323,0.0,-0.014482513884838233,0.166664666943733,-0.02323653951597208,79458.2,573.9014469885856
2023-01-27,490.7000122070313,497.9500122070313,482.0,492.75,96396,0.0,0.0057148438069341,0.15344240872030218,-0.02323653951597208,81124.0,573.093969904122
2023-01-30,495.0,497.1499938964844,484.1499938964844,485.6499938964844,72815,0.0,-0.014408941864060165,0.15199445703149786,-0.02323653951597208,80501.8,572.2238805906131
2023-01-31,493.0,521.0,476.0,518.4000244140625,278603,0.0,0.06743545954735208,0.2864637858025933,-0.02323653951597208,84682.7,571.6883198326375
2023-02-01,520.9500122070312,525.0,494.3999938964844,502.5499877929688,115297,0.0,-0.03057491488162767,0.30448603268322466,-0.023409417544708294,87425.05,571.0003762302528
2023-02-02,501.75,509.7000122070313,486.75,490.5,84922,0.0,-0.023977689952572323,0.31446309361673275,-0.023874522999380622,89725.05,570.1993774617926
2023-02-03,493.0,515.0,488.7999877929688,506.5499877929688,235447,0.0,0.03272168765131256,0.33663561905338923,-0.023874522999380622,97106.7,569.5660502014063
2023-02-06,509.2000122070313,523.9500122070312,509.0499877929688,511.5,74493,0.0,0.009772011304547412,0.33714878387667846,-0.023874522999380622,93140.75,568.9882785576111
2023-02-07,514.0499877929688,520.0,493.0,509.75,198351,0.0,-0.003421309872922773,0.3327996685589334,-0.023874522999380622,99783.5,568.3988429500727
2023-02-08,503.0,519.7999877929688,503.0,516.0999755859375,52954,0.0,0.01245703891307004,0.33558297263139986,-0.023874522999380622,99685.95,567.878456210131
2023-02-09,516.0999755859375,518.0999755859375,507.1000061035156,511.6000061035156,38417,0.0,-0.008719181738602089,0.3363592379327357,-0.023874522999380622,98309.0,567.3184716319558
2023-02-10,511.6000061035156,513.9500122070312,503.2000122070313,506.1000061035156,65518,0.0,-0.01075058626736436,0.3371891867826584,-0.023874522999380622,97945.8,566.7093326714739
2023-02-13,506.1000061035156,515.9500122070312,502.0,512.5499877929688,61529,0.0,0.01274448056049593,0.3397870248564813,-0.023874522999380622,99156.65,566.170433717459
2023-02-14,515.7999877929688,516.0,504.0,511.3500061035156,38867,0.0,-0.0023411993328108505,0.33727868654462523,-0.023874522999380622,99347.3,565.624956825778
2023-02-15,510.0,519.0,503.6000061035156,513.0499877929688,75483,0.0,0.003324497250732472,0.33690205153421277,-0.023874522999380622,96083.8,565.101822805551
2023-02-16,513.0499877929688,514.5,505.4500122070313,509.4500122070313,47368,0.0,-0.007016812535994288,0.32701319670666973,-0.023874522999380622,92388.6,564.5480734463619
2023-02-17,509.4500122070313,514.7000122070312,506.3500061035156,509.8999938964844,32785,0.0,0.0008832695626086462,0.3231788748027862,-0.023874522999380622,88389.4,564.004311460791
2023-02-20,509.1000061035156,515.0,507.0,512.2999877929688,109913,0.0,0.004706793342248217,0.32209546046133525,-0.023874522999380622,91433.7,563.4898405785242
2023-02-21,514.7000122070312,515.0,509.5499877929688,512.5999755859375,28232,0.0,0.0005855705643507125,0.3219983835300107,-0.023874522999380622,91073.65,562.9834737626776
2023-02-22,510.0,515.0,507.0499877929688,511.8500061035156,97576,0.0,-0.0014630696803381582,0.32217450647088486,-0.023874522999380622,93814.45,562.4746830397008
2023-02-23,511.8500061035156,525.8499755859375,504.3500061035156,516.9000244140625,253379,0.0,0.009866207385617498,0.32328455445631193,-0.023874522999380622,102917.25,562.0212038493961
2023-02-24,516.9000244140625,521.2000122070312,515.0,515.5999755859375,33753,0.0,-0.002515087573460084,0.31819112542094324,-0.023874522999380622,99785.1,561.5593010806055
2023-02-27,513.75,515.5,506.0,509.3999938964844,54147,0.0,-0.012024790502379923,0.3219293056860766,-0.023874522999380622,98851.7,561.0403029991714
2023-02-28,509.0,516.0,502.8500061035156,505.6499938964844,52633,0.0,-0.007361601972775134,0.3183712177977274,-0.023874522999380622,87553.2,560.489155644916
2023-03-01,505.6499938964844,511.9500122070313,504.3500061035156,507.5,48322,0.0,0.003658669288730154,0.212560854368113,-0.023874522999380622,84204.45,559.9619003648671
2023-03-02,507.5,511.1000061035156,501.0,503.5,196809,0.0,-0.007881773399014746,0.18549021658278128,-0.023874522999380622,89798.8,559.4000904109879
2023-03-03,504.0499877929688,517.0,501.5,510.7999877929688,54455,0.0,0.01449848618265892,0.16962585370033173,-0.023874522999380622,80749.2,558.9165073003609
2023-03-06,512.0499877929688,519.6500244140625,506.0,509.2999877929688,69056,0.0,-0.0029365701563172086,0.12811355744549857,-0.023874522999380622,80477.35,558.4228105888445
2023-03-08,508.2999877929688,513.9500122070312,506.75,510.0499877929688,45356,0.0,0.0014726094992660865,0.12351632008332748,-0.023874522999380622,72827.6,557.941488968985
2023-03-09,510.0499877929688,512.6500244140625,504.0,507.3999938964844,56432,0.0,-0.005195557219697555,0.12426693003375762,-0.023874522999380622,73001.5,557.4385885205024
2023-03-10,502.7999877929688,508.5,502.7999877929688,505.8500061035156,44021,0.0,-0.003054765099750778,0.11569624407802286,-0.023874522999380622,73281.7,556.9252692924728
2023-03-13,505.8500061035156,507.2999877929688,503.1000061035156,505.7000122070313,63848,0.0,-0.00029651852263423706,0.11217645278068036,-0.023874522999380622,73198.2,556.4155652418714
2023-03-14,505.0,505.0,490.0,497.7999877929688,382344,0.0,-0.015621958124114599,0.11884095597309657,-0.023260732969394748,89238.95,555.8323256652653
2023-03-15,500.0,500.7000122070313,485.0,491.8999938964844,114792,0.0,-0.011852137487271652,0.11407138283796013,-0.023260732969394748,93035.2,555.1961830606009
2023-03-16,490.0,492.0499877929688,476.3500061035156,478.8500061035156,126962,0.0,-0.02652975798921231,0.1424181403760592,-0.023874522999380622,95609.15,554.4365196082916
2023-03-17,482.3999938964844,490.0,475.2000122070313,480.3999938964844,126103,0.0,0.003236896258144162,0.14236879141583278,-0.023874522999380622,99545.9,553.699837760413
2023-03-20,480.2999877929688,483.0,466.0,478.7999877929688,131664,0.0,-0.003330570615827977,0.14165784829803285,-0.023874522999380622,104489.85,552.9545656214334
2023-03-21,480.0,480.0,466.2999877929688,468.6000061035156,325464,0.0,-0.021303220445911153,0.15444027716217598,-0.023874522999380622,115267.4,552.1152167705089
2023-03-22,470.4500122070313,482.0,459.0,475.25,243912,0.0,0.014191194643337957,0.16433119668786778,-0.023874522999380622,126051.4,551.3503887429417
2023-03-23,476.25,479.25,471.3500061035156,475.4500122070313,68875,0.0,0.0004208568269989943,0.16428036623953668,-0.023874522999380622,124616.35,550.5951611157187
2023-03-24,475.0,477.7999877929688,451.5499877929688,455.4500122070313,174767,0.0,-0.04206541063520075,0.21133158745649647,-0.02410529335440432,120685.75,549.6484432161299
2023-03-27,455.4500122070313,455.9500122070313,437.75,443.8500061035156,253188,0.0,-0.02546932877947261,0.21447244112593278,-0.025522350239959597,131657.5,548.5957224488402
2023-03-28,439.7999877929688,445.8999938964844,437.7999877929688,442.1499938964844,292589,0.0,-0.003830150239166108,0.21416321098006944,-0.025522350239959597,143579.6,547.5365609707073
2023-03-29,436.0,461.3999938964844,436.0,456.7000122070313,150903,0.0,0.03290742623860221,0.2542316355547509,-0.025522350239959597,148493.1,546.6327147143523
2023-03-31,453.0,468.0,453.0,466.2000122070313,112979,0.0,0.020801400801569114,0.26929709954671016,-0.025522350239959597,151725.95,545.8323893162695
2023-04-03,467.3999938964844,484.0,463.2999877929688,464.7999877929688,165643,0.0,-0.0030030552925871534,0.2679818877184924,-0.025522350239959597,150167.65,545.0260967637989
2023-04-05,464.7999877929688,474.8999938964844,464.0,467.5499877929688,62808,0.0,0.005916523391185757,0.2697465280053901,-0.025522350239959597,150585.3,544.2551902068752
2023-04-06,466.9500122070313,472.0,464.3999938964844,468.1499938964844,43266,0.0,0.0012832982978949747,0.26249558588615696,-0.025522350239959597,149295.8,543.497924571946
2023-04-10,470.6000061035156,473.3999938964844,461.0,467.0499877929688,389949,0.0,-0.0023496873178616706,0.2625337608494388,-0.025522350239959597,166525.45,542.7372485840956
2023-04-11,469.0,487.0,467.3500061035156,483.8999938964844,258803,0.0,0.03607752177264745,0.2967367621252935,-0.025522350239959597,176644.0,542.1518032638209
2023-04-12,486.3999938964844,491.4500122070313,483.75,489.0499877929688,87296,0.0,0.010642682292709704,0.29986963192154775,-0.025522350239959597,178807.75,541.6234269904791
2023-04-13,495.0,508.8500061035156,492.0,504.0,298678,0.0,0.03056949714792756,0.3197518427212948,-0.025522350239959597,190549.25,541.2490645328625
2023-04-17,506.6499938964844,516.0,500.1000061035156,503.7000122070313,144799,0.0,-0.0005952138749378832,0.3197572286025627,-0.025522350239959597,178672.0,540.8754421216602
2023-04-18,506.3999938964844,518.0,503.9500122070313,511.7000122070313,93968,0.0,0.01588246933913484,0.31898106447539026,-0.025522350239959597,177630.8,540.58513933644
2023-04-19,507.6000061035156,535.9500122070312,507.6000061035156,523.0499877929688,320638,0.0,0.022180917168603376,0.3227886884653404,-0.025522350239959597,187314.6,540.4106602166045
2023-04-20,528.0,531.4500122070312,512.7999877929688,519.6500244140625,152994,0.0,-0.006500264713230397,0.3066568815445213,-0.025522350239959597,188659.15,540.204086726032
2023-04-21,526.9000244140625,526.9000244140625,513.0,514.3499755859375,61511,0.0,-0.010199266004271124,0.3106284188101447,-0.025522350239959597,185151.5,539.9468318888171
2023-04-24,514.3499755859375,525.0,514.3499755859375,519.5999755859375,83854,0.0,0.010207057935638586,0.31045073052427463,-0.025522350239959597,173071.0,539.7443756071965
2023-04-25,520.0,523.4500122070312,506.7000122070313,509.4500122070313,42601,0.0,-0.01953418755930536,0.30868342083523337,-0.025522350239959597,163005.45,539.4429391554536
2023-04-26,510.1499938964844,515.0,510.0,511.0,28076,0.0,0.0030424727761884096,0.3065307030812715,-0.025522350239959597,160965.5,539.1599248354988
2023-04-27,510.0,517.0,505.75,514.7999877929688,62808,0.0,0.007436375328705891,0.3065665090793762,-0.025522350239959597,155367.55,538.9175374022399
2023-04-28,521.0499877929688,521.9500122070312,514.75,521.0,256385,0.0,0.012043536041272507,0.25757128895511,-0.025522350239959597,155527.4,538.7392534479889
2023-05-02,529.9500122070312,529.9500122070312,522.0,524.5999755859375,167525,0.0,0.006909742007557673,0.2297805883399458,-0.025522350239959597,149274.2,538.5985641160282
2023-05-03,525.0999755859375,530.0,521.0999755859375,524.9500122070312,56777,0.0,0.0006672448291724642,0.22735628396958668,-0.025522350239959597,144567.9,538.4627576293716
2023-05-04,524.9500122070312,535.0,524.9000244140625,529.5,66735,0.0,0.008667468686855306,0.2090763770003968,-0.024052271893917336,142255.7,538.3735759614177
2023-05-05,532.0,541.4000244140625,529.5,534.2999877929688,110080,0.0,0.009065132753482086,0.20329364640683897,-0.021511525862589226,139477.55,538.3330427458112
2023-05-08,540.4000244140625,542.0,534.75,536.0,62305,0.0,0.003181756028207028,0.20072875177269164,-0.021511525862589226,139452.4,538.3098283901315
2023-05-09,538.7999877929688,548.1500244140625,535.5,540.75,130676,0.0,0.008861940298507509,0.20080890728404233,-0.021511525862589226,143822.9,538.3341087046576
2023-05-10,543.5,553.9000244140625,539.9500122070312,550.9500122070312,114264,0.0,0.018862713281611265,0.20368784772171256,-0.021511525862589226,130038.65,538.4596400827908
2023-05-11,553.75,569.0,552.2999877929688,560.5499877929688,213290,0.0,0.01742440398082823,0.20271145578475971,-0.021511525862589226,127763.0,538.6794445376185
2023-05-12,560.5,571.9500122070312,558.2000122070312,569.25,123533,0.0,0.015520493080885656,0.17898206996332583,-0.021511525862589226,129574.85,538.983629169085
2023-05-15,571.9500122070312,586.0,568.0,576.8499755859375,597636,0.0,0.013350857419301754,0.17976331271579254,-0.021511525862589226,144522.75,539.3604087354219
2023-05-16,580.9500122070312,586.0,568.0499877929688,575.2000122070312,303472,0.0,-0.0028602989490122965,0.16332151782000234,-0.021511525862589226,152456.4,539.7170217052886
2023-05-17,575.0,579.5,570.2000122070312,575.9000244140625,112309,0.0,0.0012169892075373223,0.16246716414208284,-0.021511525862589226,153373.45,540.0770515829879
2023-05-18,580.0,583.9000244140625,573.25,574.7999877929688,84290,0.0,-0.001910117337141859,0.16113580461693552,-0.021511525862589226,141556.05,540.4225534358236
2023-05-19,577.0,577.0,569.0,575.0499877929688,160154,0.0,0.00043493389928550563,0.15017986245730627,-0.021511525862589226,141914.05,540.7671050214668
2023-05-22,575.0,579.5499877929688,570.0,573.1500244140625,78723,0.0,-0.0033039969032923056,0.14759820591797548,-0.021511525862589226,142774.65,541.0893231248757
2023-05-23,570.0999755859375,577.0,565.0,571.9000244140625,47074,0.0,-0.0021809298556305645,0.13979439021793125,-0.021511525862589226,140935.65,541.3958972670566
2023-05-24,566.7000122070312,575.0499877929688,565.9500122070312,568.7999877929688,48713,0.0,-0.005420591867031144,0.14304535985938732,-0.021511525862589226,141241.25,541.6685747847274
2023-05-25,565.0,579.0,565.0,577.4500122070312,101864,0.0,0.015207497538151982,0.118448986472231,-0.021511525862589226,144930.65,542.0246089879345
2023-05-26,577.4500122070312,588.6500244140625,574.0,575.0499877929688,208752,0.0,-0.004156246191578616,0.12324941882152209,-0.021511525862589226,152227.85,542.3532197223129
2023-05-29,578.0999755859375,581.2999877929688,571.0,572.2999877929688,76832,0.0,-0.0047821929543107045,0.12820807315157948,-0.021511525862589226,143250.2,542.6511975140608
2023-05-30,574.9000244140625,575.3499755859375,570.0499877929688,573.8499755859375,42957,0.0,0.002708348464144139,0.12588191968855614,-0.021511525862589226,137021.8,542.961633116766
2023-05-31,575.0,575.4500122070312,551.6500244140625,557.1500244140625,267190,0.0,-0.02910159777357013,0.17131662199776043,-0.025522350239959597,147542.45,543.1028111396247
2023-06-01,555.0,568.8499755859375,555.0,563.0499877929688,48663,0.0,0.010589541632186172,0.17310670786300122,-0.025522350239959597,146638.85,543.3012905093096
2023-06-02,565.9000244140625,576.4500122070312,565.0499877929688,574.9000244140625,283891,0.0,0.02104615376610397,0.1828885416356001,-0.025522350239959597,155329.4,543.6157057720436
2023-06-05,579.7999877929688,579.7999877929688,569.0,570.25,58555,0.0,-0.008088405316736269,0.18650629193482723,-0.025522350239959597,155141.9,543.8807236250582
2023-06-06,573.0,575.0,568.2999877929688,573.4000244140625,45464,0.0,0.005523935842284056,0.18668431280128495,-0.025522350239959597,150881.3,544.1744480110185
2023-06-07,575.25,578.0499877929688,571.0999755859375,572.9000244140625,195718,0.0,-0.0008719915917529963,0.18606328014135448,-0.025522350239959597,154954.0,544.4602746418946
2023-06-08,576.0,578.9000244140625,574.2999877929688,575.3499755859375,80153,0.0,0.004276402631298026,0.1768490461642373,-0.025522350239959597,148297.15,544.767634850293
2023-06-09,575.3499755859375,584.7999877929688,575.3499755859375,579.0499877929688,84176,0.0,0.006430889656792171,0.16878197551002538,-0.025522350239959597,146329.3,545.1087527900211
2023-06-12,580.3499755859375,610.0,579.2000122070312,608.0,743849,0.0,0.04999570471864323,0.23418452392281788,-0.025522350239959597,153639.95,545.7345363443493
2023-06-13,611.0,618.9500122070312,608.9500122070312,611.3499755859375,186144,0.0,0.005509828266344607,0.23147988796185567,-0.025522350239959597,147773.55,546.3874262870518
2023-06-14,613.9500122070312,616.5499877929688,606.9000244140625,615.2999877929688,97792,0.0,0.006461130882102983,0.2308238039937129,-0.025522350239959597,147047.7,547.0731234164639
2023-06-15,610.2999877929688,616.2000122070312,600.5,602.0,83190,0.0,-0.021615452717096195,0.24645853101503973,-0.021808146520215014,146992.7,547.6196595018722
2023-06-16,605.2000122070312,634.0,605.2000122070312,626.7999877929688,327437,0.0,0.04119599301157595,0.28026083885433084,-0.021808146520215014,155356.85,548.4075234649678
2023-06-19,638.0,638.4500122070312,613.0,620.2000122070312,189932,0.0,-0.010529635792075775,0.2846944706872275,-0.021808146520215014,160917.3,549.1218765867793
2023-06-20,623.5,632.75,612.0999755859375,630.25,100053,0.0,0.01620443017600892,0.2866124111123882,-0.021808146520215014,163566.25,549.929121595866
2023-06-21,632.0,637.0,622.5,630.4000244140625,91015,0.0,0.00023803953044421178,0.28600403127365526,-0.021808146520215014,165681.35,550.7298270965446
2023-06-22,634.0,636.8499755859375,617.0,634.5499877929688,110768,0.0,0.006583063480626539,0.28361134780223934,-0.021808146520215014,166126.55,551.5638585462602
2023-06-23,637.5,637.5,608.0,612.8499755859375,416552,0.0,-0.03419748266406275,0.3122197455761192,-0.021808146520215014,176516.55,552.1736706561078
2023-06-26,610.7000122070312,638.7999877929688,607.4500122070312,629.0,123025,0.0,0.02635232937493659,0.32114360861061886,-0.0196382508171949,178826.2,552.9381117441068
2023-06-27,635.2999877929688,641.5999755859375,620.1500244140625,626.25,122771,0.0,-0.004372019077901412,0.3209977772642437,-0.0196382508171949,182816.9,553.6675832690411
2023-06-28,628.0,647.9500122070312,625.0999755859375,635.7999877929688,284749,0.0,0.01524948150573846,0.3230528218240113,-0.0196382508171949,183694.85,554.4848211250005
2023-06-30,639.0,666.9000244140625,637.0499877929688,661.7999877929688,346469,0.0,0.04089336347780215,0.3206958611693539,-0.0196382508171949,198585.15,555.5526337286619
2023-07-03,668.3499755859375,674.0,659.1500244140625,667.6500244140625,260559,0.0,0.008839584057115157,0.32060415663505354,-0.0196382508171949,197418.55,556.6680306509048
2023-07-04,667.6500244140625,687.0,657.5,670.0999755859375,156656,0.0,0.0036695140901479295,0.3175628700956968,-0.0196382508171949,202323.6,557.7967067199102
2023-07-05,672.7999877929688,680.9500122070312,667.8499755859375,677.5499877929688,105656,0.0,0.011117762242144336,0.31260558239354264,-0.0196382508171949,205333.2,558.9882816559606
2023-07-06,676.0,693.9000244140625,673.0499877929688,676.3499755859375,116207,0.0,-0.0017711050529867212,0.3144748643608067,-0.0196382508171949,201357.65,560.1560597050151
2023-07-07,671.0,677.9500122070312,657.9500122070312,659.5499877929688,63397,0.0,-0.024839193316174124,0.33345726392754027,-0.021776639747050092,200519.85,561.1450540143479
2023-07-10,668.0,692.9500122070312,661.25,681.7999877929688,266388,0.0,0.03373512305633497,0.34587840130733083,-0.021776639747050092,209630.45,562.3456006191103
2023-07-11,681.7999877929688,691.7999877929688,671.0,673.5,86110,0.0,-0.01217364027804746,0.3531015723594119,-0.021776639747050092,176743.5,563.4516145432983
2023-07-12,673.9500122070312,676.5999755859375,668.0,674.1500244140625,49663,0.0,0.0009651438961582048,0.31775173582139304,-0.021776639747050092,169919.45,564.5530912584303
2023-07-13,674.1500244140625,680.4000244140625,662.0,669.25,71264,0.0,-0.00726844802582538,0.3206243764613146,-0.021776639747050092,168593.05,565.5948515444161
2023-07-14,664.0,673.4000244140625,649.9500122070312,659.8499755859375,96576,0.0,-0.014045609882797905,0.32686191383493396,-0.021776639747050092,169262.35,566.5327134751776
2023-07-17,662.4000244140625,684.5,661.0999755859375,680.2999877929688,294133,0.0,0.03099191174307747,0.32666078726948305,-0.021776639747050092,167597.15,567.6647261549567
2023-07-18,683.7000122070312,688.5999755859375,663.3499755859375,667.0499877929688,53851,0.0,-0.019476701804722496,0.31165599068206895,-0.021776639747050092,160793.1,568.6536342309569
2023-07-19,668.0499877929688,687.8499755859375,668.0499877929688,679.3499755859375,224766,0.0,0.018439379383942578,0.3117899180093425,-0.021776639747050092,167028.75,569.7550903638423
2023-07-20,681.9000244140625,687.4000244140625,672.4000244140625,678.4000244140625,180437,0.0,-0.0013983237006164329,0.3094393105313919,-0.021776639747050092,171499.85,570.836134483745
2023-07-21,678.3499755859375,687.0,660.3499755859375,676.0,242728,0.0,-0.0035377717094503547,0.3102457325371174,-0.021776639747050092,178097.85,571.8825411057973
2023-07-24,680.0,684.9500122070312,661.0499877929688,663.75,66517,0.0,-0.018121301775147924,0.31884842982690803,-0.021776639747050092,160596.1,572.7966451743963
2023-07-25,666.4500122070312,674.7999877929688,658.0499877929688,663.0999755859375,141417,0.0,-0.0009793211511299749,0.2903855069730173,-0.021776639747050092,161515.7,573.6951857755062
2023-07-26,669.9000244140625,674.5,665.0,673.0499877929688,51255,0.0,0.015005297200077594,0.2818753421189487,-0.021776639747050092,157939.9,574.6837907707048
2023-07-27,676.4000244140625,679.7000122070312,665.0,669.2000122070312,38052,0.0,-0.005720192639126487,0.2823805840309353,-0.021776639747050092,145605.05,575.6242506854942
2023-07-28,671.0,680.9500122070312,658.0,660.4500122070312,79041,0.0,-0.013075313569021585,0.28433485411067877,-0.021776639747050092,132233.65,576.4682881135692
2023-07-31,663.7999877929688,670.0,656.0499877929688,658.5499877929688,90777,0.0,-0.002876863318865275,0.24677349844485238,-0.021776639747050092,123744.55,577.2850214437125
2023-08-01,661.3499755859375,665.7000122070312,653.9000244140625,659.1500244140625,58529,0.0,0.0009111481773838026,0.24466586545581478,-0.021776639747050092,118838.2,578.099598587696
2023-08-02,658.0,664.3499755859375,646.0,659.8499755859375,149244,0.0,0.001061899637335495,0.24427270838181644,-0.021776639747050092,121017.6,578.9130351747433
2023-08-03,658.0,679.8499755859375,652.3499755859375,657.4500122070312,91089,0.0,-0.003637134905968731,0.24065873270194663,-0.021776639747050092,119761.7,579.694497632776
2023-08-04,658.0,666.5999755859375,640.1500244140625,651.0499877929688,248537,0.0,-0.00973461753020266,0.24241966546380567,-0.021776639747050092,129018.7,580.4045025099919
2023-08-07,649.0,658.7000122070312,625.0,629.3499755859375,121761,0.0,-0.033330792740805304,0.25413252181000795,-0.025052313539043924,121787.35,580.8915221425883
2023-08-08,629.0,629.0,612.2999877929688,625.5499877929688,130751,0.0,-0.006037956527178534,0.21826886925709177,-0.025052313539043924,124019.4,581.3358849848807
2023-08-09,628.8499755859375,628.9500122070312,611.1500244140625,626.2000122070312,129099,0.0,0.0010391246531007425,0.216830205191835,-0.025052313539043924,127991.2,581.7822942109718
2023-08-10,627.5,627.5,613.4500122070312,623.2999877929688,152854,0.0,-0.004631147169482541,0.2162854830765029,-0.025052313539043924,132070.7,582.1954055898973
2023-08-11,626.4500122070312,627.8499755859375,611.0,613.8499755859375,177536,0.0,-0.015161258450353321,0.2196561522562097,-0.025052313539043924,136118.7,582.510376435629
2023-08-14,613.8499755859375,618.0,605.0,611.3499755859375,86070,0.0,-0.004072656348342529,0.21661364746317935,-0.025052313539043924,125715.55,582.7973376212043
2023-08-16,611.0,614.7999877929688,607.7000122070312,609.8499755859375,28925,0.0,-0.002453586423328713,0.17674889594394552,-0.025052313539043924,124469.25,583.0665180984654
2023-08-17,610.2000122070312,621.0,610.2000122070312,616.7999877929688,50447,0.0,0.011396265450947629,0.17753390998765617,-0.025052313539043924,115753.3,583.4021745133361
2023-08-18,619.7999877929688,620.0,608.3499755859375,617.6500244140625,49065,0.0,0.0013781398150400914,0.15971447230169034,-0.025052313539043924,109184.7,583.742949139214
2023-08-21,622.0,631.0999755859375,613.1500244140625,629.2000122070312,100979,0.0,0.01869989044997733,0.17864563722247542,-0.025052313539043924,102097.25,584.195258224466
2023-08-22,634.75,639.3499755859375,622.5,635.6500244140625,143476,0.0,0.010251131725834917,0.18490268298899357,-0.025052313539043924,105945.2,584.7072459477456
2023-08-23,638.75,644.9500122070312,631.0,634.9000244140625,96571,0.0,-0.0011798945507652814,0.1764038669723766,-0.025052313539043924,103702.9,585.2066765792513
2023-08-24,639.0,640.5999755859375,620.5499877929688,635.0499877929688,111875,0.0,0.00023619998919466312,0.17654742421728678,-0.025052313539043924,106733.9,585.7026299246614
2023-08-25,638.25,668.0,634.5,663.2999877929688,267207,0.0,0.044484687100269316,0.23286888513354306,-0.021776639747050092,118191.65,586.4747429382764
2023-08-28,669.0,687.0,667.5,676.5,422710,0.0,0.01990051628216105,0.2424760481265708,-0.021776639747050092,135375.1,587.3705166403831
2023-08-29,679.8499755859375,689.0,678.7000122070312,685.0,211339,0.0,0.012564671101256364,0.24047883994358255,-0.021776639747050092,141403.2,588.3419542857525
2023-08-30,688.5999755859375,691.9500122070312,672.4000244140625,685.0999755859375,242145,0.0,0.00014594976049275843,0.23995792579776934,-0.021776639747050092,150584.0,589.3047206668489
2023-08-31,690.0,691.2999877929688,675.5499877929688,684.9500122070312,189611,0.0,-0.00021889269340291673,0.2400539680677008,-0.021776639747050092,152602.35,590.2564151100348
2023-09-01,689.0,703.0499877929688,682.5999755859375,691.4000244140625,222375,0.0,0.009416763401825623,0.24141058530290893,-0.021776639747050092,159166.65,591.2628191827118
2023-09-04,699.5999755859375,704.7999877929688,691.5,695.9500122070312,105745,0.0,0.006580832560462602,0.24081927086611774,-0.021776639747050092,152027.05,592.3044827948942
2023-09-05,700.0,719.9000244140625,699.0999755859375,712.5499877929688,261040,0.0,0.02385225274053071,0.24678454697274804,-0.021776639747050092,158991.0,593.5009554814421
2023-09-06,719.4500122070312,722.0999755859375,701.0,704.2999877929688,128039,0.0,-0.011578135066079076,0.21421008804338593,-0.021776639747050092,158855.4,594.6034334148901
2023-09-07,704.2000122070312,706.4000244140625,695.0,697.7999877929688,30225,0.0,-0.009229021883656041,0.216639291552086,-0.021776639747050092,153911.7,595.6302648017366
2023-09-08,695.0,708.2999877929688,676.2000122070312,696.8499755859375,838144,0.0,-0.0013614391281890903,0.21739329418852782,-0.021776639747050092,188176.2,596.637426103072
2023-09-11,709.2000122070312,709.2000122070312,696.0499877929688,701.7999877929688,204653,0.0,0.007103411610037247,0.21449378173282746,-0.019744826380295077,189532.05,597.6838197517278
2023-09-12,710.3499755859375,711.8499755859375,664.5999755859375,677.4000244140625,214052,0.0,-0.03476768851997225,0.2468856858883346,-0.025263773287405682,195931.15,598.4770158180197
2023-09-13,685.0,689.2000122070312,664.7999877929688,675.4000244140625,120239,0.0,-0.0029524652021233333,0.24640751931191054,-0.025263773287405682,200496.85,599.2424188886272
2023-09-14,670.0,679.0,665.0,667.6500244140625,123483,0.0,-0.01147468125533968,0.2517103603093873,-0.025263773287405682,204148.65,599.9230915804227
2023-09-15,674.0,674.4000244140625,658.0,669.4000244140625,130303,0.0,0.002621133731756764,0.2504874609595651,-0.025263773287405682,208210.55,600.6144043449366
2023-09-18,669.4000244140625,678.9500122070312,650.7000122070312,653.6500244140625,85543,0.0,-0.023528532156517734,0.2680444539619795,-0.025263773287405682,207438.75,601.1421219575648
2023-09-20,654.0,669.9500122070312,647.0,662.8499755859375,101324,1.0,0.014074735452082265,0.265057720017446,-0.023594065214500554,205331.15,601.7561304513795
2023-09-21,662.8499755859375,669.9000244140625,649.0499877929688,652.5,92089,0.0,-0.015614356139620367,0.2707533764020025,-0.023594065214500554,205107.05,602.2610445762415
2023-09-22,652.5,658.7999877929688,636.4000244140625,639.4000244140625,62338,0.0,-0.020076590936302652,0.2807376068064567,-0.023594065214500554,202630.2,602.63058666418
2023-09-25,640.0,647.0999755859375,631.9000244140625,638.8499755859375,38591,0.0,-0.0008602577527723199,0.28077552885635954,-0.023594065214500554,191199.4,602.9909785937497
2023-09-26,642.0,650.0,635.7999877929688,644.2000122070312,45450,0.0,0.00837448043445077,0.23322905633081642,-0.023594065214500554,172336.4,603.4010187292052
2023-09-27,644.2000122070312,647.0,636.5999755859375,639.7999877929688,37038,0.0,-0.00683021473251455,0.2206761199083458,-0.023594065214500554,163621.35,603.7631975258596
2023-09-28,644.0,660.9500122070312,636.3499755859375,652.2999877929688,107946,0.0,0.019537355796331868,0.22790115072026768,-0.023594065214500554,156911.4,604.2461506628458
2023-09-29,652.9500122070312,659.0499877929688,645.0,647.2999877929688,45457,0.0,-0.007665184874396935,0.22848158669525112,-0.023594065214500554,149703.7,604.6745470522003
2023-10-03,647.2999877929688,650.7000122070312,638.2000122070312,641.3499755859375,65576,0.0,-0.009192047457498576,0.22941590826030656,-0.023594065214500554,141863.75,605.0394766893519
2023-10-04,641.3499755859375,644.5499877929688,628.25,636.5,43473,0.0,-0.007562135761378319,0.22531469060661574,-0.020249187997313404,138750.15,605.3525167222937
2023-10-05,636.5,649.5,636.5,647.1500244140625,56888,0.0,0.016732167186272573,0.23381185159405116,-0.020249187997313404,128542.55,605.7684123212167
2023-10-06,650.5999755859375,681.6500244140625,645.5,653.4000244140625,550684,0.0,0.009657729682786886,0.2176113320914733,-0.020249187997313404,149674.8,606.2423587102003
2023-10-09,649.7999877929688,650.25,637.0999755859375,639.7999877929688,47186,0.0,-0.020814257901642375,0.22390984387522336,-0.020949971614386144,150522.85,606.5762654672427
2023-10-10,647.4500122070312,649.5499877929688,630.25,639.4000244140625,145346,0.0,-0.0006251381471356066,0.22358815687869515,-0.020949971614386144,115882.95,606.9028700338777
2023-10-11,642.7999877929688,647.0499877929688,635.3499755859375,636.9500122070312,115602,0.0,-0.0038317361799858896,0.22337638566090579,-0.020949971614386144,111430.4,607.2018465729141
2023-10-12,640.2999877929688,644.3499755859375,637.3499755859375,642.4000244140625,37674,0.0,0.008556420602217951,0.22435540212172728,-0.020949971614386144,102611.5,607.5520771981992
2023-10-13,642.4000244140625,648.9500122070312,634.8499755859375,641.4000244140625,53077,0.0,-0.0015566624564065101,0.19470569372885269,-0.020949971614386144,99253.4,607.8888726928844
2023-10-16,642.0499877929688,652.0,633.5999755859375,637.7000122070312,46153,0.0,-0.005768649931704228,0.1950276814058167,-0.020949971614386144,95386.9,608.1855009467565
2023-10-17,635.5499877929688,642.6500244140625,633.0499877929688,638.0,87397,0.0,0.0004704214947879315,0.19259922732577964,-0.020949971614386144,93241.6,608.4821626288783
2023-10-18,642.0,645.0,628.0499877929688,638.9500122070312,47075,0.0,0.0014890473464439502,0.19228994898893786,-0.020949971614386144,91318.2,608.785325311248
2023-10-19,639.0,644.0499877929688,629.7999877929688,639.1500244140625,56460,0.0,0.00031303263668536196,0.17592256897331024,-0.020949971614386144,89075.0,609.0874616207288
2023-10-20,638.0,642.3499755859375,630.0,638.25,41587,0.0,-0.0014081583035024936,0.1671530216772457,-0.020949971614386144,86549.9,609.3776361319655
2023-10-23,641.5,641.5,621.2999877929688,629.2999877929688,97436,0.0,-0.014022737496327875,0.16557265884612407,-0.020949971614386144,88304.8,609.5758684868013
2023-10-25,635.9500122070312,636.0,608.5,611.5,145659,0.0,-0.02828537762315153,0.1789703883834103,-0.023766374429849423,93658.2,609.5950140739973
2023-10-26,609.0,611.5,594.0,601.5999755859375,76124,0.0,-0.016189737390126746,0.18543533778707885,-0.023766374429849423,95191.9,609.5154614522255
2023-10-27,600.0,624.0,600.0,621.1500244140625,35736,0.0,0.032496758014466165,0.21944581150393747,-0.023766374429849423,95126.8,609.6312282478657
2023-10-30,621.9500122070312,626.7000122070312,605.7999877929688,612.1500244140625,109412,0.0,-0.014489253233934574,0.22329711860850923,-0.023766374429849423,95200.1,609.6562908962856
2023-10-31,614.0999755859375,623.4000244140625,610.2999877929688,618.9000244140625,81332,0.0,0.011026708700144106,0.2147325807287015,-0.023766374429849423,96993.85,609.7482683442237
2023-11-01,618.9000244140625,628.0499877929688,612.0,614.2999877929688,65869,0.0,-0.007432600484139296,0.21466239884298233,-0.023766374429849423,97008.5,609.7935590850072
2023-11-02,617.4500122070312,622.0499877929688,605.0,607.3499755859375,59365,0.0,-0.01131371047556251,0.21563166216335639,-0.023766374429849423,97803.1,609.7692448213348
2023-11-03,616.0,632.75,610.5,628.7000122070312,154684,0.0,0.03515277431351893,0.2508899757645032,-0.020949971614386144,102692.9,609.9576106659687
2023-11-06,633.7000122070312,637.0999755859375,623.0499877929688,631.75,77211,0.0,0.004851260909415123,0.24390516147392843,-0.020949971614386144,79019.25,610.1744503608347
2023-11-07,638.0499877929688,638.0499877929688,625.7000122070312,629.4000244140625,57116,0.0,-0.003719787235358152,0.24089985324957236,-0.020949971614386144,79515.75,610.3657496051454
2023-11-08,632.7000122070312,660.0,627.0999755859375,655.3499755859375,555969,0.0,0.04122966343389178,0.27257343264011774,-0.020949971614386144,100046.9,610.8133538437603
2023-11-09,661.8499755859375,661.8499755859375,632.7000122070312,638.6500244140625,243713,0.0,-0.025482493009851503,0.28793434570048176,-0.023626230199184424,106452.45,611.0903356404798
2023-11-10,642.0,651.9500122070312,627.0499877929688,635.9500122070312,113242,0.0,-0.004227686688822119,0.2880057159048872,-0.023626230199184424,110230.85,611.3376956063162
2023-11-13,655.0,655.0,637.0999755859375,638.1500244140625,69136,0.0,0.0034594105901439853,0.28665371461606903,-0.023626230199184424,111033.8,611.6044849476868
2023-11-15,638.1500244140625,647.9000244140625,637.0,639.5999755859375,67351,0.0,0.0022721164560108864,0.28672587761643553,-0.023626230199184424,112093.7,611.8830470435898
2023-11-16,642.9500122070312,644.8499755859375,634.0,636.3499755859375,54437,0.0,-0.005081301006965577,0.28656086810456616,-0.023626230199184424,110445.7,612.1264990688869
2023-11-17,643.0,644.9500122070312,635.0,637.2999877929688,77726,0.0,0.0014929083735037985,0.28660153200531807,-0.023626230199184424,111978.25,612.3769815437535
2023-11-20,643.9000244140625,649.0999755859375,633.2999877929688,641.4500122070312,142520,0.0,0.006511885287232566,0.2874348943191084,-0.023626230199184424,116281.25,612.6662654309503
2023-11-21,644.7000122070312,647.4500122070312,636.9500122070312,639.2999877929688,52047,0.0,-0.0033518191178528722,0.2877195558654612,-0.023626230199184424,116804.25,612.9312775937565
2023-11-22,639.2999877929688,645.0999755859375,631.9000244140625,634.9000244140625,34592,0.0,-0.006882470613046698,0.2887201722486447,-0.023626230199184424,113662.05,613.1498720894809
2023-11-23,635.1500244140625,644.0,635.0499877929688,639.8499755859375,32918,0.0,0.007796426179764726,0.28533126667458175,-0.023626230199184424,108025.0,613.4155447610875
2023-11-24,641.0499877929688,644.8499755859375,635.0,641.1500244140625,37529,0.0,0.0020318025751810964,0.26478693048212676,-0.023626230199184424,106095.25,613.691509732759
2023-11-28,641.1500244140625,644.4000244140625,632.5999755859375,635.0999755859375,32195,0.0,-0.009436245180921676,0.259803201013904,-0.023626230199184424,105918.2,613.9045292934871
2023-11-29,643.0,643.5999755859375,632.25,637.2000122070312,53207,0.0,0.0033066236841785557,0.2362443438283491,-0.023626230199184424,103107.95,614.1363251433731
2023-11-30,640.4000244140625,651.7000122070312,631.2000122070312,644.9000244140625,176230,0.0,0.012084136942121404,0.23172970858872635,-0.023626230199184424,107852.85,614.442431603778
2023-12-01,648.1500244140625,680.5,641.4500122070312,677.0499877929688,629358,0.0,0.049852631666616576,0.28292656960003054,-0.023626230199184424,136027.3,615.0653923618795
2023-12-04,685.0,688.9500122070312,670.75,685.7000122070312,255245,0.0,0.012776049878177487,0.2809002825897899,-0.023626230199184424,145821.3,615.7682244001397
2023-12-05,690.0,703.0,680.0,691.3499755859375,175927,0.0,0.00823970144133579,0.27433412504538085,-0.023626230199184424,146883.45,616.5202816258692
2023-12-06,692.0,698.0,673.0999755859375,681.4000244140625,92776,0.0,-0.014392061218259422,0.2621567693287086,-0.023626230199184424,147661.7,617.1658512058511
2023-12-07,681.4000244140625,684.0,673.4500122070312,676.6500244140625,56430,0.0,-0.006970941928105323,0.264840034485203,-0.023626230199184424,147627.4,617.7577335263309
2023-12-08,678.0,690.0,671.25,686.8499755859375,112050,0.0,0.015074190207422955,0.2664664499838064,-0.023626230199184424,125431.45,618.4452185219488
2023-12-11,697.1500244140625,750.0,690.5999755859375,737.1500244140625,1837262,0.0,0.07323294841091754,0.3362706239899893,-0.023626230199184424,205108.9,619.626360869134
2023-12-12,746.0,783.0,743.9000244140625,776.3499755859375,1619159,0.0,0.053177711284800866,0.35393502353332396,-0.020949971614386144,280404.75,621.1857998215401
2023-12-13,780.0,781.5,756.0,766.75,345241,0.0,-0.012365525713698977,0.359018377772517,-0.020949971614386144,294210.0,622.6341998233158
2023-12-14,780.0,780.0,752.0,754.5,228389,0.0,-0.015976524290837957,0.36909382019033976,-0.020949971614386144,302261.9,623.9462973375117
2023-12-15,758.0,766.25,753.2000122070312,758.0999755859375,476033,0.0,0.004771339411447917,0.3686845335551058,-0.020949971614386144,323341.7,625.2811598076453
2023-12-18,759.0499877929688,772.0,757.0,768.7000122070312,319918,0.0,0.013982372988339709,0.36582034373629546,-0.020113474284569638,335451.3,626.7082130653506
2023-12-19,777.0,849.5,773.25,821.7999877929688,3033752,0.0,0.06907763073072037,0.4187699821140195,-0.020113474284569638,480012.9,628.6494247541826
2023-12-20,827.0999755859375,849.0,796.1500244140625,802.0499877929688,506920,0.0,-0.024032611697939688,0.4372351016998179,-0.02097517559145724,502756.55,630.374803490887
2023-12-21,794.0,809.75,780.9000244140625,795.0,384960,0.0,-0.008789960601294222,0.4398894182590277,-0.02097517559145724,520274.95,632.0128651476941
2023-12-22,820.0,820.0,791.0499877929688,799.6500244140625,167868,0.0,0.00584908731328615,0.4356355818211486,-0.02097517559145724,527022.45,633.6808965831805
2023-12-26,803.5999755859375,810.0,792.2000122070312,799.7000122070312,116104,0.0,6.251208834195943e-05,0.43726125634421464,-0.02097517559145724,530951.2,635.3328280819252
2023-12-27,803.7000122070312,809.9000244140625,783.5,788.9000244140625,145526,0.0,-0.013505048928488472,0.4445399675381865,-0.02097517559145724,536617.75,636.8608598862251
2023-12-28,795.0,799.0,765.25,769.7999877929688,233660,0.0,-0.024210972277862286,0.45560789548904307,-0.024041529726935816,545640.4,638.183637278332
2023-12-29,773.0,777.0999755859375,768.0499877929688,771.9500122070312,164696,0.0,0.0027929649885116703,0.4557005194404021,-0.024041529726935816,545063.7,639.5146459840902
2024-01-01,776.0,811.0,755.0999755859375,798.4000244140625,317997,0.0,0.034263892465536516,0.4636570778440086,-0.024041529726935816,529495.65,641.0955950231944
2024-01-02,800.1500244140625,801.0,774.7999877929688,780.0,276030,0.0,-0.02304612205838308,0.4546060912544257,-0.024041529726935816,530534.9,642.4777284060483
2024-01-03,783.0,791.8499755859375,772.0,773.7999877929688,108673,0.0,-0.007948733598758029,0.4570329808689426,-0.024041529726935816,527172.2,643.7844175541769
2024-01-04,776.0,784.1500244140625,758.0999755859375,764.25,196493,0.0,-0.012341674778526657,0.46139114885720844,-0.024041529726935816,532358.05,644.9830800660757
2024-01-05,770.0,775.5,761.6500244140625,772.2999877929688,96298,0.0,0.01053318651353452,0.4561203102490485,-0.024041529726935816,534351.45,646.2499149688308
2024-01-08,778.0,780.5999755859375,762.7999877929688,766.7000122070312,67042,0.0,-0.0072510367401931175,0.4562245031454974,-0.024041529726935816,532101.05,647.4484233990618
2024-01-09,770.0,793.3499755859375,768.6500244140625,784.1500244140625,104118,0.0,0.022759895564367305,0.4588456611113416,-0.024041529726935816,445443.85,648.8086383345344
2024-01-10,784.4500122070312,786.0,764.3499755859375,775.2000122070312,106931,0.0,-0.01141364780766152,0.39323391167353333,-0.024041529726935816,369832.45,650.0662639452061
2024-01-11,778.7000122070312,778.7000122070312,763.0,777.0999755859375,84445,0.0,0.002450933112729148,0.3478017082967034,-0.024041529726935816,356792.65,651.3302809764572
2024-01-12,784.0,785.5499877929688,768.2000122070312,771.9500122070312,57795,0.0,-0.006627156788961641,0.34573696078308463,-0.024041529726935816,348262.95,652.5304773071097
2024-01-15,785.0,785.7999877929688,767.0,769.6500244140625,90637,0.0,-0.0029794517217416328,0.34080873964067426,-0.024041529726935816,328993.15,653.6958459350395
2024-01-16,779.6500244140625,780.0,763.4000244140625,778.25,115387,0.0,0.011173878143490912,0.34238120212654266,-0.024041529726935816,318766.6,654.9351907516063
2024-01-17,776.0,792.7999877929688,758.25,785.1500244140625,396008,0.0,0.008866076985624805,0.34047811490968355,-0.024041529726935816,186879.4,656.2308607382975
2024-01-18,785.2999877929688,806.7999877929688,776.5499877929688,800.1500244140625,1175099,0.0,0.01910462909454047,0.2458502118134143,-0.024041529726935816,220288.35,657.6628922176583
2024-01-19,805.7000122070312,810.0,798.0,803.2000122070312,399618,0.0,0.003811769918025343,0.23172065822653273,-0.024041529726935816,221021.25,659.1110227648163
2024-01-23,806.0,813.4000244140625,768.2000122070312,780.5,222541,0.0,-0.02826196695970684,0.25028109346746413,-0.024041529726935816,223754.9,660.3188732845693
2024-01-24,795.0,795.0,763.0499877929688,791.75,139975,0.0,0.01441383728379253,0.2548468039958712,-0.024041529726935816,224948.45,661.6266456896981
2024-01-25,786.0,800.0,785.5499877929688,792.6500244140625,131213,0.0,0.0011367532858383989,0.254895883417066,-0.024041529726935816,224232.8,662.9303609008858
2024-01-29,808.0,808.0,786.0999755859375,793.2999877929688,198388,0.0,0.0008199878368599922,0.25033399768515485,-0.024041529726935816,222469.2,664.2275711187175
2024-01-30,792.0,796.8499755859375,779.6500244140625,785.4500122070312,159708,0.0,-0.009895343132144574,0.23717908320637668,-0.024041529726935816,222219.8,665.4337645623824
2024-01-31,787.4500122070312,803.7000122070312,771.9500122070312,785.1500244140625,165632,0.0,-0.0003819311073989251,0.23714261166671594,-0.024041529726935816,214601.55,666.6249711280708
2024-02-01,786.9500122070312,800.0,782.0,789.5999755859375,153641,0.0,0.005667644441832431,0.20497943363190568,-0.024041529726935816,208482.1,667.8486030132236
2024-02-02,789.6500244140625,795.0499877929688,765.0,783.0,381546,0.0,-0.008358631952894657,0.1903710078637785,-0.024041529726935816,222125.75,668.9943880578682
2024-02-05,776.0,779.0,737.0,748.0999755859375,355523,0.0,-0.044572189545418306,0.24475381176049762,-0.02427454831446175,230077.25,669.7815083317793
2024-02-06,749.8499755859375,761.9500122070312,728.5999755859375,734.1500244140625,328461,0.0,-0.018647175012870387,0.24920963956183434,-0.02427454831446175,241685.4,670.4219910788667
2024-02-07,739.4500122070312,739.4500122070312,704.3499755859375,707.2000122070312,278884,0.0,-0.03670913479644777,0.27242110041202516,-0.02562146670734427,252277.5,670.7879415378534
2024-02-08,707.3499755859375,718.5,702.0,714.9000244140625,160369,0.0,0.01088802612290829,0.27693848004819616,-0.024413522011954514,255090.05,671.2268677356267
2024-02-09,716.7999877929688,735.0,716.0999755859375,732.9500122070312,206141,0.0,0.025248268536237184,0.2799924261465542,-0.024413522011954514,260050.55,671.8410283771333
2024-02-12,737.9000244140625,749.5499877929688,725.8499755859375,732.8499755859375,191194,0.0,-0.00013648491633488913,0.27847430680415525,-0.024413522011954514,265388.0,672.448082578216
2024-02-13,732.8499755859375,758.0,731.5499877929688,748.1500244140625,243100,0.0,0.02087746378908184,0.2897104170609707,-0.024413522011954514,274653.25,673.2013357308115
2024-02-14,748.1500244140625,752.9500122070312,744.0999755859375,750.2999877929688,71711,0.0,0.002873706220340111,0.28952144954503345,-0.024413522011954514,273706.95,673.9684864975992
2024-02-15,754.0,758.9500122070312,745.0,751.2000122070312,61234,0.0,0.0011995527505070935,0.2895585299571119,-0.024413522011954514,270999.3,674.7369593902305
2024-02-16,754.9000244140625,757.5,740.7999877929688,750.3499755859375,89837,0.0,-0.0011315716284353572,0.2861606149955011,-0.024413522011954514,255690.75,675.4893277105857
2024-02-19,752.7999877929688,754.9500122070312,720.0,725.5499877929688,140382,0.0,-0.03305122756031653,0.3032126744137017,-0.028501429989737325,203954.9,675.987443731306
2024-02-20,726.9500122070312,734.0,720.0499877929688,722.7000122070312,51550,0.0,-0.0039280209963296064,0.2917865420679793,-0.028501429989737325,186551.5,676.4522454076814
2024-02-21,717.0499877929688,729.5999755859375,717.0,719.6500244140625,53872,0.0,-0.004220268080049494,0.29016570186364754,-0.028501429989737325,178118.05,676.8820740545111
2024-02-22,719.0,739.2000122070312,714.5999755859375,721.0499877929688,80630,0.0,0.001945339166834703,0.27835356040862075,-0.028501429989737325,175150.8,677.321555783252
2024-02-23,724.9000244140625,732.25,718.25,720.5999755859375,54280,0.0,-0.0006241068090281354,0.2708531058247159,-0.028501429989737325,171304.15,677.7521868260649
2024-02-26,720.5999755859375,740.0,720.5999755859375,728.7999877929688,126762,0.0,0.011379423376143727,0.27573947364303775,-0.028501429989737325,167722.85,678.2601251441436
2024-02-27,737.0,737.0,715.5499877929688,722.7999877929688,68528,0.0,-0.008232711444150609,0.27559269300739536,-0.028501429989737325,163163.85,678.7033078570672
2024-02-28,722.8499755859375,729.0499877929688,711.25,715.1500244140625,85994,0.0,-0.010583790132959181,0.2757798000668327,-0.028501429989737325,159181.95,679.0659617531568
2024-02-29,715.1500244140625,719.0,696.3499755859375,707.4000244140625,130426,0.0,-0.010836886996333006,0.27628140715414795,-0.028501429989737325,158021.2,679.3478927249072
2024-03-01,705.7999877929688,717.9500122070312,704.0499877929688,709.3499755859375,43122,0.0,0.0027565042473529644,0.27507210875858484,-0.028501429989737325,141100.0,679.6464209125792
2024-03-04,716.5499877929688,719.0,692.1500244140625,696.7999877929688,235430,0.0,-0.017692236871654554,0.2784111293083027,-0.028501429989737325,135095.35,679.8171031700956
2024-03-05,698.0,700.5,670.0499877929688,689.6500244140625,228317,0.0,-0.010261141653507888,0.24033646563174965,-0.028501429989737325,130088.15,679.9149431824734
2024-03-06,690.0,693.8499755859375,650.25,665.9000244140625,264500,0.0,-0.03443775706406793,0.25822289622123934,-0.0331205540355041,129368.95,679.7754912544295
2024-03-07,660.0,671.25,656.7999877929688,667.5,120758,0.0,0.002402726426306012,0.23086423331137765,-0.0331205540355041,127388.4,679.6533470628432
2024-03-11,667.0,667.0,650.2000122070312,654.6500244140625,743295,0.0,-0.019250899754213457,0.2322056764403694,-0.0331205540355041,154246.1,679.4045577827559
2024-03-12,654.5,669.0499877929688,647.0,660.7999877929688,157258,0.0,0.009394276559312242,0.2126451472885694,-0.0331205540355041,152549.3,679.219437683355
2024-03-13,660.8499755859375,669.4000244140625,646.4000244140625,650.3499755859375,278382,0.0,-0.015814183414157856,0.21519927201456956,-0.0331205540355041,154313.4,678.9321793540274
2024-03-14,639.9500122070312,699.5,635.0499877929688,690.1500244140625,1358166,0.0,0.06119789393744024,0.3044750159482576,-0.0331205540355041,218636.15,679.0437997028835
2024-03-15,682.9000244140625,684.75,654.2999877929688,667.0499877929688,223627,0.0,-0.03347103644704741,0.32026514624921854,-0.033519372477898435,226755.8,678.9244582908445
2024-03-18,667.0499877929688,667.9500122070312,645.0,647.4000244140625,104602,0.0,-0.02945800725358083,0.32978011135649304,-0.033519372477898435,227494.05,678.6107823318716
2024-03-19,650.6500244140625,650.6500244140625,636.4500122070312,639.75,44971,0.0,-0.011816534021583114,0.3295213574883481,-0.033519372477898435,222723.5,678.2241078808083
2024-03-20,639.75,647.5499877929688,626.5,630.0,252840,0.0,-0.015240328253223967,0.3175859893770984,-0.033519372477898435,232788.0,677.7442660113476
2024-03-21,638.0,644.0,630.4000244140625,637.4000244140625,211332,0.0,0.011746070498511951,0.3237751879557574,-0.033519372477898435,240661.0,677.3428307715736
2024-03-22,637.0,650.0,633.0999755859375,638.0999755859375,103437,0.0,0.001098134836939213,0.3246184900202561,-0.033519372477898435,241801.35,676.9523546005723
2024-03-26,638.0999755859375,650.0,627.7999877929688,639.9500122070312,92258,0.0,0.002899289597049437,0.3249113871417314,-0.033519372477898435,243700.25,676.5841720891939
2024-03-27,640.0,642.7999877929688,622.0999755859375,626.0999755859375,116260,0.0,-0.021642372618024264,0.32909355082961017,-0.033519372477898435,243175.15,676.0818417757287
2024-03-28,626.0,658.9000244140625,625.9500122070312,640.0499877929688,248207,0.0,0.022280806182712443,0.3385735731094982,-0.033519372477898435,252159.1,675.7233158654525
2024-04-01,643.25,653.5999755859375,641.5999755859375,649.75,103139,0.0,0.015155085371501897,0.34619489817236976,-0.033519372477898435,253016.35,675.4648749115674
2024-04-02,649.75,673.9000244140625,647.6500244140625,654.1500244140625,1722388,0.0,0.006771872895825259,0.3477816123226973,-0.033519372477898435,332614.45,675.2527868469157
2024-04-03,656.5499877929688,664.6500244140625,639.3499755859375,645.0499877929688,184204,0.0,-0.013911237914031815,0.34870380137785384,-0.033519372477898435,339668.55,674.9522614831949
2024-04-04,655.0,678.0,655.0,668.1500244140625,337575,0.0,0.03581123487829263,0.3747857699014189,-0.033519372477898435,344775.8,674.8845775322583
2024-04-05,671.5,672.0,646.5,657.8499755859375,126621,0.0,-0.015415772583646459,0.3737108213526186,-0.033519372477898435,339691.0,674.7150790054293
2024-04-08,667.7999877929688,667.7999877929688,640.5999755859375,644.0999755859375,167565,0.0,-0.02090142207233958,0.37829389360446647,-0.033519372477898435,334844.25,674.410451110708
2024-04-09,646.0,657.9000244140625,643.8499755859375,647.9500122070312,80281,0.0,0.005977389795103427,0.3614822721125398,-0.033519372477898435,332820.4,674.1471631614178
2024-04-10,654.9000244140625,655.75,639.0499877929688,644.1500244140625,82980,0.0,-0.005864631100206852,0.36161987236779525,-0.033519372477898435,299804.65,673.8486841689069
2024-04-12,647.0,654.5,641.0,644.5,110378,0.0,0.0005433137819963463,0.3557968877790886,-0.033519372477898435,297460.65,673.5566574607585
2024-04-15,633.0,644.5,625.0999755859375,639.4500122070312,113390,0.0,-0.007835512479392959,0.35475977624256055,-0.033519372477898435,289211.05,673.2172878562438
2024-04-16,635.0,640.0,631.5499877929688,633.4500122070312,52449,0.0,-0.009383063391134039,0.35214078638441537,-0.033519372477898435,223925.2,672.821593571177
2024-04-18,633.4500122070312,650.0,633.4500122070312,638.6500244140625,277751,0.0,0.008209033241492358,0.27315516279795854,-0.033519372477898435,226631.4,672.4815779576734
2024-04-19,637.0,640.3499755859375,627.2999877929688,634.6500244140625,92807,0.0,-0.006263211222249376,0.2509554064540512,-0.033519372477898435,226041.65,672.1051445890803
2024-04-22,641.5999755859375,645.7999877929688,633.0999755859375,639.2000122070312,251410,0.0,0.007169286406582209,0.23230082047750047,-0.033519372477898435,236363.6,671.7777303365226
2024-04-23,644.2000122070312,646.0,635.0,639.6500244140625,52950,0.0,0.000704024090170785,0.22863937563084322,-0.033519372477898435,226369.1,671.4580516706276
2024-04-24,640.0,646.5999755859375,638.0,640.0,441583,0.0,0.0005471360471815956,0.22173739189937622,-0.033519372477898435,237881.65,671.1450362311189
2024-04-25,645.0,651.4000244140625,634.0999755859375,636.25,128508,0.0,-0.005859375,0.21920197550810264,-0.033519372477898435,239135.2,670.797821940262
2024-04-26,642.4500122070312,644.7000122070312,636.0499877929688,638.9000244140625,1202874,0.0,0.004165067841355619,0.21965181304263318,-0.033519372477898435,294666.0,670.4804309201007
2024-04-29,638.7999877929688,644.5,636.0,638.2999877929688,64949,0.0,-0.0009391713854511874,0.21944889999923775,-0.033519372477898435,292100.45,670.1602275059005
2024-04-30,641.5,642.0,635.0999755859375,637.3499755859375,103812,0.0,-0.001488347524987499,0.20507744796200003,-0.033519372477898435,284880.7,669.8337573375427
2024-05-02,638.3499755859375,660.0,633.0999755859375,658.0,372847,0.0,0.03239981988714802,0.22075014924746972,-0.033519372477898435,298366.1,669.7160085083135
2024-05-03,663.0,663.0,648.0999755859375,652.1500244140625,188900,0.0,-0.008890540404160374,0.21757658251392012,-0.033519372477898435,221691.7,669.5412225969279
2024-05-06,652.5,655.4500122070312,641.0,648.0999755859375,84904,0.0,-0.006210302348395702,0.2173315101879539,-0.033519372477898435,216726.7,669.327876855525
2024-05-07,651.25,656.7999877929688,640.5499877929688,644.5,151276,0.0,-0.00555466088805634,0.21264062584814755,-0.03307221800465308,207411.75,669.0808333047238
2024-05-08,639.9500122070312,656.7999877929688,635.5999755859375,645.2999877929688,252902,0.0,0.0012412533637995438,0.16851639328453658,-0.03307221800465308,213725.8,668.8442079762486
2024-05-09,643.0,651.0,635.0,647.75,158323,0.0,0.003796702701654553,0.1616767887547644,-0.029637668268917616,213263.7,668.6343153595695
2024-05-10,650.0,672.0,638.7999877929688,663.2999877929688,354887,0.0,0.024006156376640275,0.16572310254372413,-0.029637668268917616,226994.0,668.5812374733348
2024-05-13,664.9000244140625,666.0,656.7000122070312,662.4000244140625,92596,0.0,-0.0013567969176371264,0.16514554342938137,-0.029637668268917616,227474.8,668.5197328657799
2024-05-14,664.3499755859375,666.0,652.7999877929688,662.9000244140625,82365,0.0,0.0007548308900535705,0.16320783451382223,-0.029637668268917616,226074.15,668.463815368748
2024-05-15,668.0,671.0,659.75,664.9000244140625,75955,0.0,0.003017046200545659,0.16326594745521858,-0.029637668268917616,224202.4,668.4283547622338
2024-05-16,669.9500122070312,677.5,665.2999877929688,670.9500122070312,1133559,0.0,0.009099093955215576,0.16154989609068757,-0.029637668268917616,278257.9,668.4534458810874
2024-05-17,677.0,693.0,673.0,678.7999877929688,352587,0.0,0.011699792001069742,0.15875541348310096,-0.029637668268917616,281999.7,668.5563965468773
2024-05-21,679.7999877929688,679.9000244140625,662.7000122070312,667.2000122070312,99756,0.0,-0.017088944894730118,0.1725755609976274,-0.029637668268917616,282347.15,668.5429001852867
2024-05-22,670.9000244140625,675.0,661.0,668.5,66584,0.0,0.001948422915444059,0.1698602512523463,-0.02203315434980209,273105.85,668.5424733177715
2024-05-23,673.9500122070312,675.7000122070312,670.0,671.75,54304,0.0,0.004861630516080684,0.16925337401449186,-0.02203315434980209,273173.55,668.5743890061519
2024-05-24,674.8499755859375,678.7999877929688,645.5,652.8499755859375,260194,0.0,-0.02813550340761073,0.19968865049762077,-0.028201628599909233,264104.1,668.4179271810752
2024-05-27,653.0,659.4500122070312,646.7999877929688,655.5499877929688,89163,0.0,0.004135731497282968,0.1999619364950023,-0.028201628599909233,262136.85,668.2898879831837
2024-05-28,649.6500244140625,664.9500122070312,644.7000122070312,656.2999877929688,284642,0.0,0.001144077513486108,0.1983030272151191,-0.028201628599909233,216225.25,668.1705854937288
2024-05-29,657.8499755859375,672.5999755859375,652.0,659.5,274207,0.0,0.0048758376756830035,0.1984362498067936,-0.028201628599909233,226688.15,668.0843110112041
2024-05-30,660.0,664.0,645.5999755859375,652.4000244140625,58278,0.0,-0.010765694595811226,0.20288197424703322,-0.028201628599909233,224411.45,667.9282484579987
2024-05-31,647.0,655.4000244140625,646.9500122070312,649.3499755859375,178340,0.0,-0.0046751206529526135,0.20369662061792435,-0.028201628599909233,214686.1,667.7433900214608
2024-06-03,660.0,670.9500122070312,657.3499755859375,664.2999877929688,255804,0.0,0.02302304268748334,0.18740315451569783,-0.028201628599909233,218031.3,667.7091273127196
2024-06-04,664.2999877929688,670.0,622.4000244140625,649.8499755859375,195148,0.0,-0.021752239157852626,0.2003876513230806,-0.028201628599909233,223543.5,667.5314243104631
2024-06-05,656.0,657.0,636.0,650.0999755859375,111728,0.0,0.00038470417695180004,0.19914904677698617,-0.028201628599909233,221566.1,667.3579770594728
2024-06-06,652.9000244140625,678.0,652.9000244140625,670.9000244140625,102670,0.0,0.03199515399055031,0.22608433976587,-0.028201628599909233,214054.5,667.3932213117572
2024-06-07,667.0,697.5999755859375,666.3499755859375,689.0999755859375,196858,0.0,0.0271276650910397,0.24218577102381042,-0.02207140237034053,215981.25,667.6092089164754
2024-06-10,690.0999755859375,710.0,690.0999755859375,692.4500122070312,144100,0.0,0.004861466753420363,0.24224454339942494,-0.02207140237034053,205441.9,667.8563810885207
2024-06-11,696.1500244140625,701.0,686.9500122070312,690.7000122070312,79417,0.0,-0.0025272582412444455,0.23082727460651117,-0.02207140237034053,204782.95,668.0836809006453
2024-06-12,692.0,693.2999877929688,678.0,681.6500244140625,122058,0.0,-0.013102631581040303,0.2365147737325492,-0.02207140237034053,206767.6,668.2186693933162
2024-06-13,687.0,687.9500122070312,673.3499755859375,679.6500244140625,71254,0.0,-0.002934056962323406,0.23700013537829215,-0.02207140237034053,206532.55,668.3324142193933
2024-06-14,683.0499877929688,701.5,682.7999877929688,699.9000244140625,291783,0.0,0.029794746226129876,0.25677953514816204,-0.02207140237034053,164443.75,668.6465197934697
2024-06-18,708.0,740.0,705.0,724.1500244140625,576464,0.0,0.03464780562095493,0.27923499554137277,-0.021647865945015683,175637.6,669.1987934712865
2024-06-19,730.0,733.2000122070312,719.75,722.4000244140625,195419,0.0,-0.002416626308085812,0.2784752645908454,-0.020938469599623817,180420.75,669.7281589533043
2024-06-20,722.4000244140625,732.5,717.0,721.5,98213,0.0,-0.0012458809297417606,0.26924787839167913,-0.020938469599623817,182002.2,670.2433016502864
2024-06-21,723.9500122070312,724.9500122070312,703.0,706.0999755859375,110909,0.0,-0.021344455182345845,0.2830765889839061,-0.021359351054129765,184832.45,670.6000844755167
2024-06-24,705.9000244140625,706.9500122070312,691.1500244140625,701.4500122070312,75010,0.0,-0.006585417844049091,0.28477784606277506,-0.021359351054129765,175573.25,670.9070489305568
2024-06-25,705.0,715.0,698.0499877929688,702.25,173226,0.0,0.0011404772671563812,0.2626642921185861,-0.021359351054129765,179776.4,671.2189190904518
2024-06-26,702.25,722.9000244140625,702.25,715.75,134426,0.0,0.01922392310430765,0.26818796900697855,-0.021359351054129765,172265.6,671.6620144228851
2024-06-27,723.2000122070312,753.0,720.0,747.6500244140625,549971,0.0,0.044568668409448176,0.3017779407379489,-0.020923573727839893,186053.8,672.4181140247874
2024-06-28,756.0,777.2999877929688,740.5999755859375,763.5499877929688,851332,0.0,0.02126658578171936,0.3060495667303084,-0.020923573727839893,225706.5,673.3248988384013
2024-07-01,763.5499877929688,766.0499877929688,750.0,753.4000244140625,107039,0.0,-0.013293122311801242,0.3080352023136724,-0.020923573727839893,222141.45,674.1216662570646
2024-07-02,753.4500122070312,753.5499877929688,722.0,725.0499877929688,485913,0.0,-0.03762946071463469,0.3430144539296722,-0.021364844381121184,233646.9,674.6284157250836
2024-07-03,731.0,732.0,712.0,717.0999755859375,118712,0.0,-0.010964778071689718,0.3413217026109418,-0.021364844381121184,229825.1,675.0510183107638
2024-07-04,720.0,728.0,707.5,723.25,117701,0.0,0.008576244071180295,0.32856930974099574,-0.021364844381121184,230123.75,675.5306101683682
2024-07-05,729.9500122070312,747.4000244140625,725.2000122070312,742.6500244140625,205642,0.0,0.026823400503370287,0.33624882561673364,-0.021364844381121184,235272.35,676.1984650364845
2024-07-08,742.6500244140625,750.5,725.0,731.2999877929688,92423,0.0,-0.015283156598626335,0.3310513147130932,-0.021364844381121184,230050.6,676.7467388947581
2024-07-09,731.2999877929688,734.9500122070312,715.0999755859375,720.0999755859375,75114,0.0,-0.015315209071495306,0.32682833391873095,-0.021364844381121184,226601.3,677.1781143842227
2024-07-10,725.1500244140625,728.0,702.9500122070312,717.4000244140625,73970,0.0,-0.003749411558691018,0.32733820894482796,-0.021364844381121184,226328.95,677.57833239447
2024-07-11,721.0,727.0999755859375,710.0,712.9000244140625,50280,0.0,-0.006272651027124487,0.32823067901567327,-0.021364844381121184,222740.05,677.9297920165554
2024-07-12,712.9000244140625,718.7999877929688,701.0999755859375,703.7000122070312,146347,0.0,-0.012905052450507104,0.32811902760938644,-0.021364844381121184,226494.7,678.1862121179532
2024-07-15,706.5,710.0,698.5999755859375,702.1500244140625,99642,0.0,-0.0022026257866721854,0.3279980908353697,-0.021364844381121184,216887.65,678.4246580114469
2024-07-16,702.1500244140625,716.5499877929688,697.7999877929688,701.7000122070312,624715,0.0,-0.0006409060619300133,0.3117563906915199,-0.021364844381121184,219300.2,678.6562535755821
2024-07-18,701.7000122070312,705.6500244140625,691.0999755859375,694.2000122070312,86225,0.0,-0.010688328159508709,0.2874376818679294,-0.021364844381121184,213840.5,678.8109178405716
2024-07-19,691.0,699.4500122070312,681.0499877929688,685.6500244140625,83536,0.0,-0.01231631754915452,0.2897184534878806,-0.021364844381121184,213106.65,678.8789686522482
2024-07-22,680.0,698.9500122070312,680.0,687.6500244140625,81368,0.0,0.002916940025939896,0.2902722798810368,-0.021364844381121184,211629.6,678.966242838933
2024-07-23,692.0,695.7999877929688,668.75,676.5,153522,0.0,-0.01621467900559337,0.28651277716527146,-0.021364844381121184,215555.2,678.9417031091924
2024-07-24,675.0,705.8499755859375,673.5999755859375,699.9000244140625,257378,0.0,0.034589836532243234,0.31233824161784346,-0.021364844381121184,219762.8,679.1502436196887
2024-07-25,702.9000244140625,702.9000244140625,686.0499877929688,695.5,58665,0.0,-0.006286647036119364,0.31307858174270187,-0.021364844381121184,215974.75,679.3129277627764
2024-07-26,696.6500244140625,700.0,690.0,693.7999877929688,47294,0.0,-0.0024443022387221625,0.3049665536611598,-0.021364844381121184,190840.9,679.4570776138231
2024-07-29,697.7999877929688,713.8499755859375,693.7999877929688,700.1500244140625,200189,0.0,0.009152546458373045,0.25905993715938697,-0.021364844381121184,158283.75,679.6629775819847
2024-07-30,704.0,720.0,699.1500244140625,717.7000122070312,121628,0.0,0.025066038964514537,0.2638336083759834,-0.021364844381121184,159013.2,680.0414555384529
2024-07-31,723.6500244140625,725.0,700.25,707.75,360948,0.0,-0.013863748136820453,0.26412643963523463,-0.021364844381121184,152764.95,680.317162448518
2024-08-01,716.0,716.4500122070312,698.5499877929688,701.0999755859375,272149,0.0,-0.00939600764968207,0.23361638578121185,-0.021364844381121184,160436.8,680.5239566090894
2024-08-02,701.0499877929688,719.5,698.0499877929688,713.2000122070312,144021,0.0,0.01725864647332398,0.23958499424429355,-0.021364844381121184,161752.8,680.8490914906611
2024-08-05,705.0,705.0,681.5,686.5,272756,0.0,-0.03743692056931802,0.26960460317622365,-0.02207140237034053,165108.5,680.9053194360276
2024-08-06,681.0499877929688,704.5,681.0499877929688,694.8499755859375,144078,0.0,0.012163110831664214,0.2539496384886285,-0.02207140237034053,167691.25,681.0440722335392
2024-08-07,700.3499755859375,712.1500244140625,688.25,707.1500244140625,81374,0.0,0.017701733122682972,0.2595589506865973,-0.02207140237034053,168004.25,681.3038329517534
2024-08-08,707.1500244140625,730.0,707.1500244140625,719.5499877929688,196016,0.0,0.01753512402008428,0.26241126952040406,-0.02207140237034053,174106.55,681.6843917063924
2024-08-09,727.0,734.9000244140625,715.4500122070312,718.0999755859375,115289,0.0,-0.0020151653556117477,0.26215989952259167,-0.02207140237034053,177357.0,682.0467358245968
2024-08-12,710.0,729.0,708.0,723.4500122070312,152959,0.0,0.00745026709787644,0.2622165172480633,-0.02207140237034053,177687.6,682.4587087239245
2024-08-13,733.0,754.1500244140625,724.9500122070312,730.1500244140625,635067,0.0,0.009261195789590948,0.2588078996427321,-0.02207140237034053,204458.85,682.9332491785527
2024-08-14,737.0,738.0,714.5499877929688,730.5999755859375,94731,0.0,0.000616244822063905,0.25843083868680444,-0.02207140237034053,177959.65,683.407544963701
2024-08-16,734.2999877929688,738.5999755859375,715.0499877929688,719.25,125140,0.0,-0.015535143669878848,0.26541869965209125,-0.02207140237034053,179905.4,683.7641863073458
2024-08-19,722.9500122070312,725.5999755859375,716.0,720.7999877929688,39317,0.0,0.002155005621089723,0.2618074665874981,-0.02207140237034053,177694.45,684.1327017450137
2024-08-20,720.7999877929688,735.9000244140625,716.5499877929688,730.0999755859375,57926,0.0,0.012902314026731032,0.25908771520430574,-0.02207140237034053,176522.35,684.5900875543762
2024-08-21,737.4000244140625,737.4000244140625,725.0,730.5999755859375,61183,0.0,0.0006848377163670705,0.2592253932328372,-0.021364844381121184,171905.4,685.0478973855361
2024-08-22,729.0,767.25,727.0499877929688,760.0999755859375,323887,0.0,0.04037777304377976,0.2796502547245484,-0.021364844381121184,175230.85,685.7946842333013
2024-08-23,760.0,760.9500122070312,747.0499877929688,754.7999877929688,207455,0.0,-0.006972750905409719,0.26208185799968353,-0.021364844381121184,182670.35,686.4813041692184
2024-08-26,756.7000122070312,795.0,751.0,788.0999755859375,876007,0.0,0.044117631599780216,0.2940209215446842,-0.021364844381121184,224106.0,687.4924352280914
2024-08-27,804.9500122070312,818.2999877929688,779.2999877929688,800.2000122070312,1090832,0.0,0.015353428493761312,0.2939434977933698,-0.021364844381121184,268638.15,688.6139036557425
2024-08-28,799.9000244140625,799.9000244140625,781.0499877929688,793.6500244140625,134580,0.0,-0.00818543825674689,0.2984304703930744,-0.021364844381121184,269285.75,689.6590391856762
2024-08-29,788.0,790.2999877929688,774.0499877929688,785.0,125480,0.0,-0.010899041325486802,0.2957066288433853,-0.021364844381121184,257512.35,690.6077054624357
2024-08-30,788.9500122070312,794.25,780.5,786.75,77883,0.0,0.002229299363057269,0.28831686648483934,-0.01647116781443099,247799.05,691.5643452090782
2024-09-02,790.0,801.4000244140625,780.0,788.5,144604,0.0,0.0022243406418811507,0.2836732260803368,-0.01647116781443099,247828.2,692.5288790875949
2024-09-03,788.5,799.0,787.3499755859375,797.7000122070312,93696,0.0,0.01166773900701501,0.28147064075545164,-0.01647116781443099,238875.2,693.5753580241068
2024-09-04,785.75,806.0,785.75,792.7000122070312,108487,0.0,-0.0062680204631893055,0.23908692350246863,-0.01647116781443099,237095.65,694.5616729911011
2024-09-05,795.0,826.4000244140625,788.0499877929688,812.8499755859375,400827,0.0,0.02541940591473546,0.24698789249507777,-0.01647116781443099,253068.3,695.7386710268706
2024-09-06,817.7000122070312,828.7999877929688,803.0499877929688,812.5999755859375,256079,0.0,-0.00030755982962271666,0.24559172248864208,-0.01647116781443099,256071.45,696.9014700772096
2024-09-09,812.5999755859375,812.5999755859375,786.2000122070312,796.2999877929688,92502,0.0,-0.020059055233438094,0.2589602229697139,-0.020123325230883483,254932.1,697.890510054481
2024-09-10,797.0,811.0,788.3499755859375,807.5499877929688,108310,0.0,0.01412784148242996,0.25951671119325487,-0.020123325230883483,252699.65,698.981649136456
2024-09-11,807.5499877929688,828.4000244140625,795.5999755859375,801.2999877929688,51924,0.0,-0.007739458974027391,0.2635521268554928,-0.020123325230883483,223542.5,699.9997420584114
2024-09-12,800.0999755859375,806.6500244140625,792.0499877929688,801.1500244140625,76306,0.0,-0.0001871501075637605,0.2636632872571351,-0.020123325230883483,222621.25,701.0062125296118
2024-09-13,802.8499755859375,812.0,796.5,807.4500122070312,86968,0.0,0.00786368046056829,0.2634932486406981,-0.020123325230883483,220712.65,702.0653548149593
2024-09-16,811.0999755859375,818.4000244140625,796.9500122070312,801.6500244140625,56635,0.0,-0.007183092086549658,0.2568346851380585,-0.020123325230883483,221578.55,703.0562470497763
2024-09-17,797.6500244140625,908.0,797.25,885.0499877929688,4773489,1.0,0.10403537808143204,0.42713266058529836,-0.016406897816985604,457356.7,704.867130042246
2024-09-18,885.0,894.7999877929688,865.0999755859375,882.8499755859375,615166,0.0,-0.0024857490959548922,0.42920565185410253,-0.016406897816985604,485055.85,706.6381036297454
2024-09-19,869.7000122070312,884.0,841.9500122070312,871.6500244140625,394117,0.0,-0.012686131824879654,0.43509319588220186,-0.016406897816985604,488567.35,708.2800132892909
2024-09-20,871.2000122070312,907.5,847.8499755859375,895.5999755859375,811663,0.0,0.02747656800442888,0.4254780781953325,-0.016406897816985604,518777.75,710.143893511148
2024-09-23,901.0499877929688,935.0,894.6500244140625,916.5,1154989,0.0,0.02333633874921537,0.4248416667905053,-0.016406897816985604,532726.85,712.197188103077
2024-09-24,919.9000244140624,922.7999877929688,883.75,887.25,179573,0.0,-0.03191489361702127,0.4286586257979736,-0.020651847152617253,487163.9,713.939007126927
2024-09-25,893.0,899.0,875.0,897.0,147665,0.0,0.01098901098901095,0.4277231851131141,-0.020651847152617253,487818.15,715.7605095435745
2024-09-26,900.0,909.9000244140624,878.0999755859375,882.6500244140625,120670,0.0,-0.0159977431281354,0.4317749172908948,-0.016406897816985604,487577.65,717.4211017313405
2024-09-27,882.6500244140625,896.9000244140625,867.1500244140625,876.0999755859375,174999,0.0,-0.007420890100210631,0.4302849514340941,-0.016406897816985604,492433.45,718.9999959985505
2024-09-30,873.0,893.4000244140625,863.5,889.0499877929688,104912,0.0,0.014781431991674587,0.4312503276106312,-0.016406897816985604,490448.85,720.692035717898
2024-10-01,893.0,903.0,875.4000244140625,897.0999755859375,121673,0.0,0.009054595246047459,0.4311110080129878,-0.016406897816985604,491847.7,722.4473386021571
2024-10-03,890.0,902.6500244140624,875.0499877929688,882.9000244140625,196924,0.0,-0.01582872763161136,0.4374341784307794,-0.016406897816985604,496269.55,724.043882739589
2024-10-04,882.8499755859375,888.0,857.0,866.75,83674,0.0,-0.018292019444421825,0.44334596158263045,-0.01838037123387264,480411.9,725.4638441053643
2024-10-07,862.7999877929688,875.7999877929688,830.5499877929688,850.6500244140625,271121,0.0,-0.0185751088386934,0.44353165118874976,-0.018649306158430634,481164.0,726.7094777402767
2024-10-08,840.0,870.0,840.0,866.7000122070312,73894,0.0,0.018867909636544278,0.4469505819580774,-0.018649306158430634,480233.6,728.102418381737
2024-10-09,868.5,882.9000244140625,865.0999755859375,877.0,186065,0.0,0.011884144049727263,0.43942712489831637,-0.018649306158430634,484121.35,729.5839863580381
2024-10-10,880.5,903.75,867.9000244140625,898.0499877929688,262380,0.0,0.024002266582632492,0.4433375401765759,-0.018649306158430634,494644.15,731.2602649792813
2024-10-11,903.75,925.0,900.0,904.9000244140624,381968,0.0,0.0076276785415121395,0.4407754296352493,-0.018649306158430634,509927.25,732.9880237796274
2024-10-14,906.2999877929688,919.7999877929688,887.2999877929688,909.3499755859376,297734,0.0,0.0049176163684563345,0.4402036591529306,-0.018649306158430634,520465.55,734.7428690712325
2024-10-15,924.3499755859376,924.3499755859376,879.9000244140625,886.2000122070312,138178,0.0,-0.025457704954563565,0.45373569081628956,-0.020328987719494367,524542.7,736.24990532134
2024-10-16,887.0,909.9500122070312,872.7000122070312,901.0,163346,0.0,0.01670050506556664,0.45332051040251115,-0.020328987719494367,294035.55,737.8892097460033
2024-10-17,901.0,901.0,875.0499877929688,879.4000244140625,160529,0.0,-0.02397333583344896,0.29281124469703956,-0.02404755428950469,271303.7,739.2972775536457
2024-10-18,872.75,899.0,862.0499877929688,890.8499755859375,85061,0.0,0.013020185187627265,0.2961554352765453,-0.02404755428950469,255850.9,740.8052645987432
2024-10-21,896.5,897.0999755859375,872.25,890.4500122070312,118610,0.0,-0.00044896827733897915,0.2922484995886415,-0.02404755428950469,221198.25,742.2942670625073
2024-10-22,894.9000244140625,901.0999755859376,870.2000122070312,878.5499877929688,115303,0.0,-0.013364056657787726,0.27992702359117283,-0.02404755428950469,169213.95,743.6500453782334
2024-10-23,878.0499877929688,900.0,854.5499877929688,879.0499877929688,93125,0.0,0.0005691195799297777,0.26599023828401985,-0.02404755428950469,164891.55,744.9973084868377
2024-10-24,876.0,887.9500122070312,860.9000244140625,864.0,54099,0.0,-0.017120741712032483,0.24933671519504855,-0.02404755428950469,160213.25,746.1814148700533
2024-10-25,857.7999877929688,868.1500244140625,835.5499877929688,843.4500122070312,110675,0.0,-0.023784708093713802,0.2569931948919191,-0.02404755428950469,159713.5,747.1492616097248
2024-10-28,843.25,853.4000244140625,832.4000244140625,840.5,48196,0.0,-0.003497554288145688,0.25251492090150585,-0.02404755428950469,153373.35,748.0781246782848
2024-10-29,839.2999877929688,843.9500122070312,825.0,840.8499755859375,29783,0.0,0.0004163897512641235,0.25193459286368297,-0.02404755428950469,149616.9,749.0012276723908
2024-10-30,842.7999877929688,856.4500122070312,835.0,844.25,71979,0.0,0.004043556535389348,0.2456802500665532,-0.02379413948070056,147132.2,749.948976650775
2024-10-31,844.25,865.0,842.0,849.0499877929688,46660,0.0,0.005685505233010035,0.2439819277948761,-0.02379413948070056,139619.0,750.9350563636326
2024-11-01,856.7000122070312,860.9500122070312,840.0,850.5499877929688,10007,0.0,0.0017666804329143915,0.2394465038205831,-0.02379413948070056,135935.65,751.9262497111882
2024-11-04,848.9500122070312,850.0,839.4500122070312,843.9500122070312,61233,0.0,-0.007759656317276931,0.23292343993858086,-0.02379413948070056,125441.25,752.8419090395051
2024-11-05,850.0,851.5499877929688,832.0499877929688,845.8499755859375,96927,0.0,0.0022512747809999567,0.22432412195799745,-0.02379413948070056,126592.9,753.7673624379771
2024-11-06,849.0,854.5,833.1500244140625,842.5,52209,0.0,-0.0039604843443034055,0.2135897863193659,-0.02379413948070056,119900.1,754.6502742545147
2024-11-07,844.5999755859375,862.0,839.9000244140625,849.5,116590,0.0,0.008308605341246222,0.21116245058710015,-0.02379413948070056,112610.6,755.5940526201414
2024-11-08,849.5,852.0499877929688,825.2000122070312,835.2000122070312,49074,0.0,-0.016833417060587164,0.19602944938195196,-0.02379413948070056,95965.9,756.3861517205086
2024-11-11,837.5999755859375,839.3499755859375,806.0,815.4500122070312,53704,0.0,-0.023647030305723127,0.2036975183307787,-0.02379413948070056,83764.4,756.9738518248521
2024-11-12,815.0,821.0,795.0999755859375,798.2999877929688,37174,0.0,-0.021031362017698174,0.20778782489441902,-0.02379413948070056,78714.2,757.3850571578681
2024-11-13,795.0,800.0,745.0499877929688,749.5499877929688,316263,0.0,-0.061067268878178704,0.27524968207168515,-0.02404755428950469,86360.05,757.3070962686652
2024-11-14,750.0,767.9500122070312,736.5,748.6500244140625,174289,0.0,-0.001200671594373759,0.2618338632391834,-0.02404755428950469,87048.05,757.2209562502114
2024-11-18,751.9000244140625,754.7000122070312,733.7999877929688,744.4000244140625,112172,0.0,-0.0056768848746465705,0.2559462245818373,-0.02404755428950469,88403.6,757.0933847891553
2024-11-19,735.0499877929688,762.3499755859375,729.5,735.25,106764,0.0,-0.012291811007481779,0.24480738383447895,-0.02404755428950469,87811.3,756.8760376768255
2024-11-21,695.0499877929688,707.4000244140625,631.0,699.7999877929688,1109703,0.0,-0.048214909496132274,0.2775557970650766,-0.025780564387686448,137531.3,756.3081167824588
2024-11-22,690.0,698.2000122070312,680.0999755859375,690.0999755859375,260660,0.0,-0.01386112085772273,0.27760866516792104,-0.025780564387686448,145908.05,755.6493293078665
2024-11-25,708.7000122070312,716.9500122070312,691.4500122070312,713.7999877929688,224274,0.0,0.03434286776623696,0.3175537823761285,-0.025780564387686448,154416.8,755.2329179495093
2024-11-26,716.5999755859375,729.4500122070312,709.4500122070312,726.25,129618,0.0,0.017441877864870836,0.3296793453397171,-0.025780564387686448,155363.95,754.9445307062307
2024-11-27,720.0,734.9000244140625,715.0499877929688,731.9500122070312,118732,0.0,0.007848553813468051,0.328839112817242,-0.025780564387686448,158890.75,754.7157295271343
2024-11-28,733.9000244140625,744.8499755859375,723.5,732.9500122070312,58847,0.0,0.0013662135163912126,0.32983266562745023,-0.025780564387686448,160343.95,754.4991552254418
2024-11-29,732.9500122070312,737.25,717.0499877929688,725.0999755859375,41134,0.0,-0.010710193724475126,0.3292339888512799,-0.025780564387686448,158801.7,754.2066260748
2024-12-02,725.0,748.25,718.4000244140625,742.5999755859375,80950,0.0,0.024134602936455307,0.3445845159744903,-0.025780564387686448,160516.2,754.0911370152094
2024-12-03,748.6500244140625,768.75,745.0499877929688,764.5499877929688,112269,0.0,0.02955832605530584,0.36403920094421016,-0.025780564387686448,165629.3,754.1952051821522
2024-12-04,769.7999877929688,776.0,757.7999877929688,772.4500122070312,92771,0.0,0.010332907645277167,0.3671601367108905,-0.025780564387686448,167206.2,754.3768450530465
2024-12-05,775.0,777.9500122070312,761.0,764.2000122070312,91091,0.0,-0.01068030276344778,0.3676442091338232,-0.025780564387686448,166914.4,754.4745880098026
2024-12-06,764.2000122070312,791.25,759.6500244140625,787.9000244140625,171808,0.0,0.031012839346318488,0.3872348924886271,-0.025780564387686448,172894.35,754.8071794168102
2024-12-09,787.9500122070312,789.5999755859375,774.0,785.6500244140625,81992,0.0,-0.002855692258257325,0.3872224070002588,-0.025780564387686448,171164.45,755.1140733968823
2024-12-10,785.6500244140625,801.9000244140625,781.5499877929688,799.0999755859375,79825,0.0,0.017119519829336127,0.3916520640865877,-0.025780564387686448,172702.0,755.5517440654302
2024-12-11,805.0,818.7999877929688,801.0499877929688,814.1500244140625,183385,0.0,0.01883374957819206,0.39481301997019536,-0.025780564387686448,179186.05,756.1348115315858
2024-12-12,816.0,879.75,814.3499755859375,852.6500244140625,1462860,0.0,0.04728858176686557,0.4190787636687078,-0.025780564387686448,250470.35,757.0951619085259
2024-12-13,850.0,855.0,830.0,839.7000122070312,290326,0.0,-0.015187957352057135,0.41542430514942896,-0.025780564387686448,249173.5,757.9171007174664
2024-12-16,841.5,841.5,816.0999755859375,824.1500244140625,91201,0.0,-0.018518503711936196,0.3548048358373437,-0.025780564387686448,245019.1,758.5761347840992
2024-12-17,811.7999877929688,828.2999877929688,806.0999755859375,814.9000244140625,79746,0.0,-0.011223684676314072,0.35860704722462106,-0.025780564387686448,243397.8,759.1365714968351
2024-12-18,816.0,816.0499877929688,800.0,805.0999755859375,46789,0.0,-0.012026075020885596,0.3614930456713958,-0.025780564387686448,240399.05,759.5939188012044
2024-12-19,797.0,802.3499755859375,785.0999755859375,796.25,48770,0.0,-0.010992393310528481,0.36078311458410267,-0.025780564387686448,187352.4,759.9586559275606
2024-12-20,792.25,797.4500122070312,763.2000122070312,769.8499755859375,67438,0.0,-0.03315544667386183,0.33623234402977514,-0.025842592040528477,177691.3,760.0570770186888
2024-12-23,775.0,776.0999755859375,753.5,759.7999877929688,45853,0.0,-0.013054475692253709,0.33568046121868556,-0.025842592040528477,168770.25,760.0545189169404
2024-12-24,750.0,779.9000244140625,750.0,766.3499755859375,51236,0.0,0.008620673727562034,0.3185492207687937,-0.025842592040528477,164851.15,760.117160276831
2024-12-26,765.0,766.2999877929688,749.8499755859375,756.5499877929688,25728,0.0,-0.01278787512908297,0.3191846640440923,-0.025842592040528477,160200.95,760.0816660232603
2024-12-27,756.1500244140625,764.8499755859375,750.0499877929688,752.9500122070312,34066,0.0,-0.0047584107382506735,0.31933093008790103,-0.025842592040528477,158961.9,760.0107042937456
2024-12-30,754.0,754.5999755859375,700.0999755859375,715.2000122070312,545612,0.0,-0.05013613040439169,0.36609593290139153,-0.03390841981497535,184185.8,759.5648267605444
2024-12-31,713.5,744.0,707.0499877929688,738.3499755859375,206359,0.0,0.03236851647620642,0.38165499143667647,-0.03390841981497535,190456.25,759.353733714031
2025-01-01,735.0,816.5,733.1500244140625,797.5999755859375,3720942,0.0,0.08024649821784124,0.46471612105308036,-0.03390841981497535,370889.9,759.7342933346471
2025-01-02,789.7000122070312,871.7000122070312,770.2999877929688,853.9000244140625,1696631,0.0,0.07058682366027602,0.5126236910231002,-0.03390841981497535,451082.9,760.6712657831986
2025-01-03,836.7999877929688,869.9500122070312,820.5,863.5499877929688,590303,0.0,0.011301045910530272,0.5127433829061893,-0.03390841981497535,476043.5,761.6949346589178
2025-01-06,858.0,858.0,800.2000122070312,809.7000122070312,209109,0.0,-0.062358840075448785,0.5625198654044491,-0.04831097054154525,477908.55,762.1725971220832
2025-01-07,809.9500122070312,854.5,803.0999755859375,840.2000122070312,375085,0.0,0.037668271631693395,0.5670977687574201,-0.04831097054154525,492563.2,762.9489893119833
2025-01-08,839.2999877929688,839.2999877929688,812.4000244140625,823.1500244140625,110507,0.0,-0.020292772608015097,0.5728124151375519,-0.04831097054154525,494097.3,763.5480045866309
2025-01-09,826.8499755859375,838.4500122070312,821.5999755859375,827.8499755859375,113848,0.0,0.005709713943361061,0.5705866840632783,-0.04831097054154525,490620.45,764.1878251935892
2025-01-10,822.0,827.7000122070312,785.0999755859375,790.7000122070312,112505,0.0,-0.04487523642506863,0.5896761026921349,-0.04831097054154525,423102.7,764.4516280494444
2025-01-13,782.2999877929688,786.6500244140625,743.9500122070312,752.75,89966,0.0,-0.047995461769506975,0.5842413689219548,-0.04831097054154525,413084.7,764.3351939394996
2025-01-14,753.0999755859375,768.0,746.5499877929688,761.5,99529,0.0,0.011624045167718311,0.5858921026000248,-0.04831097054154525,413501.1,764.3069830545295
2025-01-15,758.0,788.9500122070312,753.0999755859375,770.5999755859375,431788,0.0,0.011950066429333495,0.5858873236765084,-0.04831097054154525,431103.2,764.3695998956381
2025-01-16,778.6500244140625,791.5,770.2999877929688,778.6500244140625,96780,0.0,0.010446469093129629,0.5866543434987671,-0.04831097054154525,433602.75,764.5116936719409
2025-01-17,780.4500122070312,822.9500122070312,772.7999877929688,793.5999755859375,610786,0.0,0.019199833947382006,0.5895731625954844,-0.04831097054154525,461703.55,764.8011293128762
2025-01-20,790.0,793.5999755859375,778.5,792.6500244140625,53415,0.0,-0.001197015122352596,0.5882538218175077,-0.04831097054154525,461002.4,765.078232746719
2025-01-21,788.0,838.0,788.0,818.6500244140625,2256693,0.0,0.03280136150783508,0.5851641231042312,-0.04831097054154525,571544.4,765.6112854001254
2025-01-22,818.0,820.0,799.5,810.9000244140625,159205,0.0,-0.009466804823644814,0.5840103442615034,-0.04831097054154525,576942.85,766.0619196191697
2025-01-23,820.0,826.0,796.5999755859375,814.0999755859375,85305,0.0,0.003946172247543345,0.5837430999350788,-0.04831097054154525,579921.7,766.5399102258042
2025-01-24,801.9500122070312,831.4000244140625,789.5499877929688,799.1500244140625,169905,0.0,-0.01836377793908539,0.5860212988459248,-0.04831097054154525,586713.65,766.8643889739461
2025-01-27,778.7999877929688,788.0,761.0,776.0499877929688,65583,0.0,-0.028905757261323606,0.5960669350304904,-0.04831097054154525,562712.2,766.9557879671703
2025-01-28,766.0,784.7000122070312,741.5,775.3499755859375,77225,0.0,-0.0009020194807579651,0.5653009290030759,-0.04831097054154525,556255.5,767.0393122220835
2025-01-29,766.9500122070312,790.0,766.9500122070312,786.0,37243,0.0,0.01373576417025646,0.5573358087509467,-0.04831097054154525,372070.55,767.2279757820627
2025-01-30,786.25,796.75,781.9000244140625,788.0,32642,0.0,0.0025445292620864812,0.48262251575872017,-0.04831097054154525,288871.1,767.4346625902014
2025-01-31,788.0,828.5999755859375,768.5499877929688,804.6500244140625,255900,0.0,0.02112947260667819,0.4172935939681592,-0.04831097054154525,272150.95,767.8049646979016
2025-02-01,819.0,819.0,784.0,801.5499877929688,47699,0.0,-0.003852652118355615,0.41427397782652037,-0.04831097054154525,264080.45,768.1407360719819
2025-02-03,801.5499877929688,835.0999755859375,794.2000122070312,830.5499877929688,516299,0.0,0.03617990199195198,0.3758587678247587,-0.04831097054154525,271141.15,768.7617236512953
2025-02-04,846.3499755859375,857.7999877929688,835.0,845.9000244140625,190380,0.0,0.018481773338993923,0.35803679686914314,-0.04831097054154525,275134.8,769.5292689325169
2025-02-05,837.0,894.4000244140625,837.0,868.2000122070312,2252232,0.0,0.02636243899911861,0.3602586682246469,-0.04831097054154525,382054.0,770.5110673730593
2025-02-06,868.2000122070312,888.7000122070312,852.3499755859375,861.0499877929688,268282,0.0,-0.008235457629039433,0.3620680302907045,-0.04831097054154525,389842.85,771.4119521533569
2025-02-07,861.0499877929688,897.0999755859375,855.0,865.75,811039,0.0,0.005458466144431684,0.31918732572176944,-0.04800643415583824,425896.5,772.3506391966071
2025-02-10,865.75,868.7000122070312,814.7000122070312,829.6500244140625,246189,0.0,-0.04169792155464913,0.3066303903146568,-0.04800643415583824,433229.5,772.9207823330992
2025-02-11,825.5999755859375,836.0999755859375,797.75,803.5499877929688,394807,0.0,-0.03145909221123311,0.3300150531374146,-0.04800643415583824,431380.45,773.2255505466303
2025-02-12,798.2000122070312,814.9500122070312,775.2000122070312,794.4000244140625,253896,0.0,-0.011386924918059593,0.3317321102401233,-0.04800643415583824,439236.25,773.4362418288933
2025-02-13,795.4000244140625,798.0999755859375,761.25,773.5499877929688,141591,0.0,-0.02624626885739645,0.34362216346543345,-0.04503124769229055,415776.5,773.437373629531
2025-02-14,775.75,775.75,735.3499755859375,751.4000244140625,163784,0.0,-0.028634171971358646,0.3496883235081505,-0.04503124769229055,421294.95,773.2180965229094
2025-02-17,733.0,749.4500122070312,712.5999755859375,727.3499755859375,305195,0.0,-0.032006984358137425,0.3643686982872921,-0.04503124769229055,323720.05,772.7616973096062
2025-02-18,719.0,729.4000244140625,703.9000244140625,719.25,133823,0.0,-0.011136283574371908,0.3396569116830608,-0.04503124769229055,322450.95,772.2292426100082
2025-02-19,729.25,741.25,713.4500122070312,724.0499877929688,99066,0.0,0.006673601380561278,0.34213005625289766,-0.04503124769229055,323139.0,771.7498470396895
2025-02-20,721.0499877929688,755.25,717.1500244140625,747.75,122454,0.0,0.032732563506109535,0.365514809695844,-0.04503124769229055,320766.45,771.5110425915334
2025-02-21,748.75,835.8499755859375,748.7000122070312,771.4500122070312,3737682,0.0,0.031695101580784035,0.38116074376553055,-0.04503124769229055,504371.4,771.5104353240259
2025-02-24,769.7999877929688,820.9000244140625,751.0,765.25,2999077,0.0,-0.008036829488528685,0.3688444315453821,-0.04503124769229055,650464.0,771.4481424352297
2025-02-25,764.0,774.0,747.0,756.9500122070312,289574,0.0,-0.010846112764415272,0.370616024724104,-0.04503124769229055,663080.55,771.3038824329591
2025-02-27,756.7999877929688,766.7000122070312,740.9000244140625,752.9000244140625,187103,0.0,-0.005350403233577161,0.36701003213585853,-0.04503124769229055,670803.6,771.1207594675969
2025-02-28,700.0,748.5,700.0,721.4500122070312,280657,0.0,-0.041771830504995555,0.39168962798658746,-0.04503124769229055,672041.45,770.6265231764471
2025-03-03,732.25,739.7999877929688,687.25,717.6500244140625,247516,0.0,-0.005267153272815128,0.380960837127765,-0.04503124769229055,682032.3,770.0993938355278
2025-03-04,710.0,710.0,688.1500244140625,704.0499877929688,347303,0.0,-0.01895079238964381,0.3838873276091184,-0.04503124769229055,673582.5,769.442185815204
2025-03-05,697.0,708.0,694.6500244140625,704.9000244140625,122229,0.0,0.0012073526536922063,0.3535254888353862,-0.04503124769229055,670174.95,768.7999752539986
2025-03-06,718.0,739.9500122070312,710.9000244140625,735.9500122070312,267339,0.0,0.04404878240538945,0.3867714650783587,-0.04503124769229055,570930.3,768.4731099500486
2025-03-07,736.0,751.0,730.0999755859375,738.4500122070312,264695,0.0,0.0033969698465019516,0.37013955754699057,-0.04503124769229055,570750.95,768.1743726590735
2025-03-10,731.9000244140625,748.0,715.5,739.5999755859375,136101,0.0,0.0015572663821472599,0.37141990765268745,-0.04503124769229055,537004.05,767.8900503001369
2025-03-11,734.0,734.0,712.8499755859375,724.8499755859375,116149,0.0,-0.01994321320564474,0.3711476814118171,-0.04503124769229055,530502.05,767.4617908502444
2025-03-12,725.75,727.9000244140625,702.0,709.9000244140625,591352,0.0,-0.02062489021923486,0.353936518078019,-0.04503124769229055,540329.3,766.889036955357
2025-03-13,709.9000244140625,713.9500122070312,702.0,705.9500122070312,46134,0.0,-0.005564180970822674,0.3427256459894949,-0.04503124769229055,529941.2,766.2826785001499
2025-03-17,705.0,705.8499755859375,664.0,673.5499877929688,644339,0.0,-0.04589563546117015,0.36945860466010183,-0.04600062677658699,555078.6,765.35996515978
2025-03-18,673.5499877929688,673.5499877929688,673.5499877929688,673.5499877929688,0,0.0,0.0,0.3638863110408033,-0.04600062677658699,546889.4,764.4464330466775
2025-03-19,705.0,719.0,698.2000122070312,712.8499755859375,153659,0.0,0.05834754436228784,0.417482258563408,-0.04600062677658699,539312.6,763.9330354600035
2025-03-20,714.7999877929688,721.1500244140625,700.0999755859375,704.2000122070312,68394,0.0,-0.012134339166942176,0.4050831461616228,-0.04600062677658699,536041.15,763.3386770196754
2025-03-21,701.7999877929688,731.3499755859375,698.7000122070312,726.7999877929688,120160,0.0,0.03209312012805432,0.41919887835696396,-0.04600062677658699,537095.85,762.9751079726435
2025-03-24,723.2999877929688,738.7999877929688,716.5999755859375,718.8499755859375,114051,0.0,-0.010938376913258607,0.4205413533205572,-0.04600062677658699,536675.7,762.5360519289947
2025-03-25,725.0,729.0,709.2000122070312,715.8499755859375,73371,0.0,-0.004173332547663611,0.4034185164241726,-0.04492625637687371,353460.15,762.0715138559294
2025-03-26,720.0,720.0,697.5499877929688,706.8499755859375,64039,0.0,-0.012572466727589604,0.38591601672083525,-0.04492625637687371,206708.25,761.522045813442
2025-03-27,700.0,709.4500122070312,688.7999877929688,695.7999877929688,96143,0.0,-0.01563272006030547,0.3878399006052813,-0.04492625637687371,197036.7,760.8680949873677
2025-03-28,692.7999877929688,716.0999755859375,692.7999877929688,708.9500122070312,252781,0.0,0.01889914435867346,0.3950752154028925,-0.04492625637687371,200320.6,760.3514971487574
2025-04-01,700.0,709.5,693.5999755859375,699.2999877929688,91003,0.0,-0.013611713446510909,0.39677414422682,-0.04492625637687371,190837.9,759.7440194437247
2025-04-02,694.0,713.0499877929688,694.0,706.3499755859375,852882,0.0,0.010081492801421232,0.37324728338548696,-0.04192700080099921,221106.2,759.2127354252393
2025-04-03,703.3499755859375,720.9500122070312,701.1500244140625,718.7999877929688,66127,0.0,0.01762584078339291,0.378146323303679,-0.04192700080099921,207047.4,758.8106185333759
2025-04-04,715.0,720.4000244140625,689.7000122070312,696.4000244140625,46923,0.0,-0.031162999108672707,0.38822944836347373,-0.04192700080099921,203282.1,758.1896175968653
2025-04-07,651.0,693.0,650.0,667.5,72726,0.0,-0.04149917202886144,0.41358537330685985,-0.04192700080099921,193551.45,757.2872333421702
2025-04-08,683.75,686.3499755859375,663.5,680.0999755859375,91002,0.0,0.018876367919007597,0.38635940833878757,-0.04170161700216645,184866.8,756.5192009266854
2025-04-09,677.0,688.7999877929688,675.0,681.75,44542,0.0,0.002426149791640464,0.386156571904166,-0.041509109505150826,180288.85,755.7752287781612
2025-04-11,690.1500244140625,701.25,677.0,696.9000244140625,109283,0.0,0.022222258033095077,0.3960853372210063,-0.041509109505150826,179945.55,755.1894058491653
2025-04-15,701.0,733.5999755859375,701.0,729.4000244140625,90547,0.0,0.04663509665869969,0.4252814464960707,-0.041509109505150826,154905.3,754.932795088617
2025-04-16,726.5,733.0999755859375,712.0,728.6500244140625,163263,0.0,-0.0010282423565896037,0.4182969047640606,-0.041509109505150826,160761.75,754.6712749824026
2025-04-17,728.6500244140625,733.5,716.2999877929688,722.2999877929688,91039,0.0,-0.008714796415741688,0.4191156512422654,-0.041509109505150826,133096.75,754.3491726223087
2025-04-21,717.9000244140625,731.2000122070312,715.0,724.75,66542,0.0,0.003391959363750585,0.3821511458353701,-0.041509109505150826,136423.85,754.0546534917385
2025-04-22,715.0,743.8499755859375,715.0,740.5499877929688,74119,0.0,0.021800604060667528,0.38687539960669093,-0.041509109505150826,132446.85,753.9202787086662
2025-04-23,751.5,751.5,722.7999877929688,731.7000122070312,62905,0.0,-0.011950544503164129,0.33782452225382675,-0.041509109505150826,132172.4,753.6991815295454
2025-04-24,725.0,736.7999877929688,724.9000244140625,729.5,43312,0.0,-0.0030067133665822032,0.3346618364134082,-0.041509109505150826,128330.0,753.4583936536295
2025-04-25,735.0,736.9000244140625,696.5,718.9500122070312,48668,0.0,-0.014461943513322528,0.320276552509249,-0.041509109505150826,125060.85,753.1150266740614
2025-04-28,718.9500122070312,733.0,709.0499877929688,727.9500122070312,32614,0.0,0.012518255577146142,0.3207882805717298,-0.041509109505150826,123023.0,752.8646285201605
2025-04-29,720.0,732.9500122070312,720.0,727.5999755859375,21865,0.0,-0.0004808525519939266,0.32032260604243196,-0.041509109505150826,120914.3,752.6132389387254
2025-04-30,735.0,735.0,691.1500244140625,698.0499877929688,69754,0.0,-0.0406129587472458,0.3487272300004029,-0.041509109505150826,119594.85,752.0703210168772
2025-05-02,700.0,704.9500122070312,680.25,692.7000122070312,41760,0.0,-0.007664172594361807,0.3454084230553858,-0.041509109505150826,109043.8,751.4795716754858
2025-05-05,698.9500122070312,707.9500122070312,681.0,706.4500122070312,59599,0.0,0.019849862505690874,0.3460784444369845,-0.041509109505150826,107473.6,751.0315163573918
2025-05-06,702.9500122070312,712.0,696.5999755859375,708.0499877929688,32649,0.0,0.002264810755596036,0.3425283395868495,-0.041509109505150826,66461.95,750.6038394562532
2025-05-07,704.7000122070312,707.25,691.2999877929688,701.4000244140625,52112,0.0,-0.009391940531818355,0.342532886158342,-0.041509109505150826,65761.2,750.1142492568285
2025-05-08,695.5999755859375,712.5,690.0,692.0999755859375,19939,0.0,-0.013259265047636859,0.3390716715852781,-0.041509109505150826,64412.0,749.5369928023919
2025-05-09,675.0,688.5,673.0999755859375,675.2999877929688,29972,0.0,-0.024273932069923454,0.3322708715081836,-0.041509109505150826,62274.3,748.7983161356315
2025-05-12,700.0,714.9500122070312,692.0,710.4000244140625,42112,0.0,0.05197695432486005,0.34707164603018403,-0.041509109505150826,59829.8,748.416243581188
2025-05-13,710.4000244140625,719.0,706.7999877929688,715.2000122070312,75383,0.0,0.006756739341229334,0.34268404141034275,-0.041509109505150826,61371.85,748.085733816271
2025-05-14,722.0,738.0,715.5499877929688,732.9500122070312,50464,0.0,0.024818232238594806,0.3511985760416152,-0.04065726941132658,58430.9,747.9351296211543
2025-05-15,732.9500122070312,739.5,724.0999755859375,737.4500122070312,32863,0.0,0.006139572856339592,0.34486448091084715,-0.04065726941132658,55546.7,747.8308000946456
2025-05-16,737.4500122070312,742.8499755859375,728.3499755859375,736.1500244140625,38325,0.0,-0.0017628147961895602,0.3061419686386922,-0.04065726941132658,49299.8,747.7145734709583
2025-05-19,731.0,746.7000122070312,731.0,738.1500244140625,41947,0.0,0.0027168375109298815,0.3061636124316375,-0.04065726941132658,46845.2,747.6194038286011
2025-05-20,738.1500244140625,770.9500122070312,732.0,737.7000122070312,113703,0.0,-0.0006096487057470901,0.30427373388679974,-0.04065726941132658,49203.25,747.5207034144561
2025-05-21,737.7000122070312,750.0,734.0999755859375,746.5,28565,0.0,0.011928951670532317,0.3064851487165579,-0.04065726941132658,46925.55,747.5105471615759
2025-05-22,748.0,767.0,739.6500244140625,754.7999877929688,43199,0.0,0.011118536896140396,0.29976785457810334,-0.04065726941132658,45940.25,747.583078909152
2025-05-23,766.9000244140625,772.7999877929688,754.0,761.2000122070312,62764,0.0,0.008479099784800104,0.29692145973829237,-0.04065726941132658,46912.85,747.7185707827629
2025-05-26,761.2000122070312,774.4500122070312,753.2999877929688,767.25,46462,0.0,0.007947960714592472,0.29699587664369986,-0.04065726941132658,46802.55,747.9129133620388
2025-05-27,770.0,775.0,749.0999755859375,756.2999877929688,64448,0.0,-0.014271765665729852,0.29685914676990016,-0.04065726941132658,48394.25,747.9963668389635
2025-05-28,755.0,778.9000244140625,751.3499755859375,775.25,61656,0.0,0.025056211176640586,0.3052076111622405,-0.04065726941132658,50383.8,748.2675472684266
2025-05-29,781.0,804.0,729.25,797.7000122070312,435270,0.0,0.028958416261891218,0.3175496027828356,-0.04065726941132658,68659.6,748.7594125911988
2025-05-30,802.0,808.0,775.0,777.9000244140625,57170,0.0,-0.02482134573144512,0.29299495747963056,-0.04065726941132658,69430.1,749.0493689277448
2025-06-02,778.0,785.0,758.25,781.1500244140625,49274,0.0,0.004177914767965252,0.2892243916825684,-0.03163549709060136,68913.85,749.3687784350714
2025-06-03,781.0,789.0,775.0499877929688,782.9500122070312,30866,0.0,0.002304279250735286,0.2849120684538724,-0.03163549709060136,68824.7,749.7029200646431
2025-06-04,782.9500122070312,798.0,768.5,787.1500244140625,66585,0.0,0.005364342731398519,0.2847312202015784,-0.03163549709060136,69548.35,750.07552806812
2025-06-05,783.2000122070312,791.7000122070312,778.0,784.75,92478,0.0,-0.003049005068441746,0.2814624131544707,-0.03163549709060136,73175.3,750.4205476893327
2025-06-06,794.0,795.9500122070312,778.5,789.2000122070312,36242,0.0,0.005670611286436866,0.2730712871012287,-0.03163549709060136,73488.8,750.8064130079167
2025-06-09,785.2999877929688,797.2999877929688,761.1500244140625,773.8499755859375,346943,0.0,-0.019450122128314096,0.26667794240155723,-0.03163549709060136,88730.35,751.0357021877976
2025-06-10,774.0,779.0,767.5499877929688,774.25,47143,0.0,0.000516927604423012,0.21000648069681344,-0.03163549709060136,87318.35,751.26669022573
2025-06-11,773.9500122070312,785.4000244140625,765.0499877929688,771.9500122070312,36836,0.0,-0.002970600959598002,0.21120841069311405,-0.03163549709060136,86636.95,751.4724944245489
2025-06-12,771.9500122070312,779.8499755859375,753.6500244140625,760.0999755859375,26116,0.0,-0.015350782348217185,0.20644995485614395,-0.03163549709060136,86299.6,751.5583400082444
2025-06-13,757.0,781.0,745.0499877929688,775.5999755859375,44938,0.0,0.020392054332131204,0.2158999155534592,-0.03163549709060136,86630.25,751.7975602627488
2025-06-16,771.7000122070312,776.9500122070312,757.0,759.7000122070312,59268,0.0,-0.020500211293707715,0.22985912772490485,-0.0251384284003065,87496.3,751.8761916253785
2025-06-17,765.0,765.4000244140625,749.0499877929688,751.7999877929688,37895,0.0,-0.010398873617379345,0.23351763293741487,-0.0251384284003065,83705.9,751.8754333782898
2025-06-18,751.7999877929688,758.1500244140625,745.0499877929688,750.0999755859375,13872,0.0,-0.0022612559651961073,0.23372891995814615,-0.0251384284003065,82971.25,751.8577671315998
2025-06-19,750.5,755.0,735.5,746.5499877929688,23001,0.0,-0.004732686186525559,0.2309298493461741,-0.0251384284003065,81961.35,751.8049534068373
2025-06-20,741.0,752.0,735.0999755859375,741.9000244140625,39899,0.0,-0.006228602846345188,0.22830813193099883,-0.0251384284003065,80818.1,751.7063968994465
2025-06-23,731.25,741.9000244140625,726.5999755859375,735.2000122070312,54119,0.0,-0.009030882850182942,0.2274723789287488,-0.0251384284003065,81200.95,751.5421542656912
2025-06-24,738.8499755859375,742.0,728.0,732.7999877929688,39618,0.0,-0.0032644509986577974,0.22487087796834654,-0.0251384284003065,79959.45,751.3556650470572
2025-06-25,728.0999755859375,749.75,728.0999755859375,737.2000122070312,46469,0.0,0.006004400228382112,0.22198196994651462,-0.0251384284003065,79200.1,751.2148127799923
2025-06-26,736.0499877929688,748.0999755859375,733.3499755859375,739.5499877929688,25690,0.0,0.003187704214629772,0.20146206316609552,-0.0251384284003065,58721.1,751.0987448696736
2025-06-27,748.2000122070312,798.0,736.5,777.7000122070312,207919,0.0,0.051585457431908344,0.25392487408955594,-0.0251384284003065,66258.55,751.3634340969111
2025-06-30,771.2000122070312,773.8499755859375,757.4000244140625,760.0,76179,0.0,-0.022759434138107437,0.2515863437104617,-0.0251384284003065,67603.8,751.4493700760463
2025-07-01,757.9500122070312,763.4500122070312,746.0499877929688,750.1500244140625,211409,0.0,-0.012960494192023053,0.25414240701503504,-0.0251384284003065,76630.95,751.4364412634893
2025-07-02,750.0,754.8499755859375,736.5,738.7999877929688,35744,0.0,-0.015130355597814171,0.257740141550334,-0.0251384284003065,75088.9,751.3107054080613
2025-07-03,737.0,743.9000244140625,733.0,735.5999755859375,89081,0.0,-0.004331364726454234,0.25613122367692776,-0.024301302752999538,74919.05,751.1543797381895
2025-07-04,733.8499755859375,745.0,730.0999755859375,734.5999755859375,21930,0.0,-0.001359434520377012,0.2562021733640995,-0.022835159034698238,74203.45,750.9896592988637
2025-07-07,734.5999755859375,740.5,729.7999877929688,736.5499877929688,36709,0.0,0.0026545225589966748,0.25512419273867004,-0.022835159034698238,58691.75,750.845980975422
2025-07-08,743.0,744.9000244140625,732.5499877929688,740.7999877929688,32062,0.0,0.005770144688665102,0.24973738050305505,-0.022835159034698238,57937.7,750.7460208442533
2025-07-09,740.7999877929688,742.3499755859375,730.7999877929688,740.0999755859375,20327,0.0,-0.000944940899792357,0.2496059730186409,-0.022835159034698238,57112.25,750.6400900456631
2025-07-10,742.0,744.7999877929688,733.25,734.7000122070312,221728,0.0,-0.0072962620686902735,0.2502602829230871,-0.022835159034698238,66892.85,750.4814823059753
2025-07-11,741.5999755859375,743.0999755859375,727.0,730.7000122070312,22763,0.0,-0.005444398983993515,0.2460362937545555,-0.022835159034698238,65784.1,750.284651757727
2025-07-14,730.5,739.4000244140625,728.5499877929688,734.25,72143,0.0,0.004858338214948521,0.23400071418446436,-0.022835159034698238,66427.85,750.1251029840183
2025-07-15,737.75,741.4000244140625,726.2999877929688,731.2000122070312,106802,0.0,-0.004153881910750723,0.22483240802564078,-0.022835159034698238,69873.2,749.9367936230533
2025-07-16,733.0,734.9000244140625,722.0999755859375,724.4500122070312,61494,0.0,-0.009231400283522984,0.22430068186224933,-0.022835159034698238,72254.3,749.6831938079686
2025-07-17,725.9000244140625,730.0,721.5999755859375,727.5499877929688,42556,0.0,0.0042790745168095334,0.22522578151809527,-0.022835159034698238,73232.05,749.4629629023467
2025-07-18,727.5499877929688,728.0,715.0999755859375,720.3499755859375,42032,0.0,-0.009896244007745136,0.22690450090899483,-0.022835159034698238,73338.7,749.1732814365118
2025-07-21,720.3499755859375,731.5999755859375,711.2000122070312,729.75,83399,0.0,0.013049246522728764,0.23173009001663206,-0.022835159034698238,74802.7,748.9800149545566
2025-07-22,732.75,732.75,722.0999755859375,729.5999755859375,41463,0.0,-0.0002055833012161168,0.22973392382010288,-0.022835159034698238,74894.95,748.7871787419336
2025-07-23,731.0,731.0,722.0,728.3499755859375,19770,0.0,-0.0017132676011893944,0.22954160217173222,-0.022835159034698238,73560.0,748.5838234866502
2025-07-24,732.0,754.0,726.75,744.5499877929688,201400,0.0,0.022242071462964974,0.2416379767285527,-0.020613172435927703,82345.5,748.5436858180564
2025-07-25,746.0,748.9000244140625,732.8499755859375,743.0499877929688,36937,0.0,-0.002014639748294633,0.24160285287358774,-0.020613172435927703,73796.4,748.4890221561152
2025-07-28,743.0499877929688,743.0499877929688,726.2999877929688,735.7000122070312,40566,0.0,-0.009891630047352051,0.15596142713921926,-0.020613172435927703,72015.75,748.3617683257761
2025-07-29,735.0,738.0,717.75,731.5499877929688,42921,0.0,-0.005640919322011162,0.13835285943896758,-0.020613172435927703,63591.35,748.1944869274398
2025-07-30,732.0,737.5,726.8499755859375,733.2999877929688,46997,0.0,0.0023921810254958764,0.13283084932372086,-0.020613172435927703,64154.0,748.0462829559526
2025-07-31,732.5499877929688,737.0,718.3499755859375,731.5,82066,0.0,-0.0024546404240183284,0.12277553466519299,-0.020613172435927703,63803.25,747.8816433245502
2025-08-01,731.5,745.0,725.2000122070312,739.7999877929688,31460,0.0,0.011346531500982637,0.12840454539554685,-0.019502626586583777,64279.75,747.8012288416489
2025-08-04,742.9000244140625,759.7999877929688,724.0499877929688,753.5999755859375,57568,0.0,0.01865367399388318,0.14302461584469217,-0.019502626586583777,65322.7,747.8589278142289
2025-08-05,753.5999755859375,759.0,735.0,749.6500244140625,53396,0.0,-0.00524144280764316,0.14465735206221939,-0.019502626586583777,66389.4,747.8767496709437
2025-08-06,735.0,753.75,733.25,749.2000122070312,39274,0.0,-0.0006002963948184004,0.1436229865943418,-0.019502626586583777,67336.75,747.8899164623476
2025-08-07,757.9500122070312,785.0,723.0,738.25,573155,0.0,-0.014615606017909899,0.152951299145913,-0.019502626586583777,84908.1,747.7939968955582
2025-08-08,749.0,750.0,731.0,738.4000244140625,67679,0.0,0.0002032162737046761,0.15067952505887156,-0.019502626586583777,87153.9,747.7005245325582
2025-08-11,745.0,750.0,728.7000122070312,736.0999755859375,169237,0.0,-0.003114908927515425,0.1497774496542165,-0.019502626586583777,92008.6,747.5850961848307
2025-08-12,730.0,738.7000122070312,719.5,723.6500244140625,46441,0.0,-0.01691339707213657,0.16022299004299348,-0.019502626586583777,88990.55,747.3469362667137
2025-08-13,721.4000244140625,731.8499755859375,716.0999755859375,726.4500122070312,26110,0.0,0.003869256820983269,0.16041881507320294,-0.019502626586583777,87221.35,747.1390066740801
2025-08-14,725.5,730.0,720.25,728.4500122070312,22417,0.0,0.002753114414471236,0.15731765858934377,-0.019502626586583777,86214.4,746.9530465301293
2025-08-18,729.9000244140625,766.5,726.75,760.5,160740,0.0,0.04399751150509945,0.2182963934522116,-0.019502626586583777,92149.8,747.0878420870434
2025-08-19,755.5999755859375,763.8499755859375,750.4000244140625,758.0,41415,0.0,-0.0032873109796186517,0.2148554106761584,-0.019502626586583777,90050.6,747.1964207727445
2025-08-20,754.0,757.5999755859375,732.7999877929688,739.2000122070312,114921,0.0,-0.024802094713679113,0.23088378309151336,-0.020613172435927703,93723.5,747.1168545183593
2025-08-21,746.5999755859375,746.5999755859375,735.25,740.5999755859375,36336,0.0,0.001893889821141137,0.23089314342094672,-0.020613172435927703,94551.8,747.0520099518676
2025-08-22,739.0,744.3499755859375,732.5,737.5999755859375,38484,0.0,-0.004050769779767371,0.23135684076537058,-0.020613172435927703,86406.0,746.9579598586743
2025-08-25,737.5999755859375,742.0,730.0,737.3499755859375,32197,0.0,-0.00033893710449406367,0.21768584004424674,-0.019502626586583777,86169.0,746.8623580251148
2025-08-26,737.3499755859375,743.9500122070312,729.0999755859375,739.5999755859375,54302,0.0,0.003051468196241691,0.21791208349293822,-0.019502626586583777,86855.8,746.7900955132822
2025-08-28,739.5999755859375,739.5999755859375,728.75,730.9500122070312,25808,0.0,-0.01169546195840998,0.2190167110766848,-0.019502626586583777,86000.15,746.6324827440658
2025-08-29,730.9500122070312,754.2000122070312,727.4500122070312,746.4000244140625,85001,0.0,0.02113689301458721,0.2300306246004418,-0.019502626586583777,87900.35,746.6301697258568
2025-09-01,746.4000244140625,768.5,746.0,765.1500244140625,104017,0.0,0.02512057795646383,0.24470015603542705,-0.019502626586583777,88997.9,746.8144468869335
2025-09-02,765.1500244140625,787.0,757.0,774.25,187096,0.0,0.011893060570580483,0.24634871963807145,-0.019502626586583777,96779.7,747.087437465173
2025-09-03,781.7999877929688,782.5499877929688,766.5,779.9000244140625,47482,0.0,0.007297416098240195,0.24497876909165803,-0.01709273778321513,96275.4,747.4139308676496
2025-09-04,780.0999755859375,808.4000244140625,772.0499877929688,788.2000122070312,226010,0.0,0.010642374064809834,0.23989505870090527,-0.01709273778321513,104906.1,747.8197625227679
2025-09-05,788.2000122070312,810.1500244140625,784.1500244140625,803.7999877929688,106088,0.0,0.019791899701011362,0.2456528037517274,-0.01709273778321513,108246.8,748.3767796896356
2025-09-08,813.7000122070312,818.75,791.5499877929688,795.75,119179,0.0,-0.010014914052278057,0.24973462405387087,-0.01709273778321513,85548.0,748.8481550161068
2025-09-09,803.7000122070312,805.0,777.9500122070312,788.2000122070312,135038,0.0,-0.009487889152332674,0.24577991574073832,-0.01709273778321513,88915.95,749.2397157841758
2025-09-10,795.0,807.0,786.4500122070312,790.1500244140625,77734,0.0,0.0024740068216582145,0.24555269713066985,-0.015219507671530292,84340.8,749.6467835317369
2025-09-11,783.0,820.0,783.0,809.0,213806,1.0,0.02385619819466034,0.2542356022960092,-0.015219507671530292,92709.05,750.2373628000779
2025-09-12,813.0,821.0,795.0,815.3499755859375,176001,0.0,0.007849166360862192,0.2419747913179063,-0.015219507671530292,100203.6,750.8852494944646
2025-09-15,810.9000244140625,817.4000244140625,804.5499877929688,810.2000122070312,149910,0.0,-0.006316261155469238,0.24554864548645372,-0.015219507671530292,106578.25,751.4754461383707
2025-09-16,810.2000122070312,818.9500122070312,806.5499877929688,811.9000244140625,52093,0.0,0.0020982623814091994,0.2456454299268345,-0.015219507671530292,101145.9,752.0766857232035
2025-09-17,811.9000244140625,815.0,805.2000122070312,810.5499877929688,31865,0.0,-0.0016628114059585863,0.20204625140062696,-0.015219507671530292,100668.4,752.6585096243953
2025-09-18,810.5499877929688,813.2000122070312,801.5499877929688,805.4500122070312,21455,0.0,-0.006291993908758342,0.2035090099253303,-0.015219507671530292,95995.1,753.1837982073071
2025-09-19,805.4500122070312,825.0,800.75,815.0999755859375,98019,0.0,0.01198083460507271,0.17862158664997962,-0.015219507671530292,99079.25,753.7998795742587
2025-09-22,815.0,825.0,806.2000122070312,808.6500244140625,54761,0.0,-0.007913079824641622,0.1837375381319318,-0.015219507671530292,99893.1,754.3456521597295
2025-09-23,808.6500244140625,817.0,803.5999755859375,810.2000122070312,43285,0.0,0.0019167597182623286,0.1814864125164946,-0.015219507671530292,100447.5,754.9014169363196
2025-09-24,810.2000122070312,815.7999877929688,805.2000122070312,810.9000244140625,32139,0.0,0.000863999255102943,0.1811262373330592,-0.014641343496905112,99339.35,755.458617010725
2025-09-25,810.9000244140625,814.7000122070312,805.0499877929688,809.3499755859375,29875,0.0,-0.0019115165636417464,0.18247164842592753,-0.014641343496905112,99542.7,755.9948494343589
2025-09-26,808.2999877929688,809.0499877929688,789.2000122070312,798.8499755859375,37259,0.0,-0.012973374086282519,0.18393651885257745,-0.013055485682863887,97155.6,756.4212686000462
2025-09-29,805.0,810.6500244140625,775.5999755859375,786.75,194337,0.0,-0.015146743388284478,0.18503528539969988,-0.014642162886428629,101671.6,756.7230470219364
2025-09-30,786.0,818.0,781.5,813.0999755859375,288048,0.0,0.033492183776215434,0.19958824808278433,-0.014642162886428629,106719.2,757.2840114852598
2025-10-01,817.9500122070312,818.0,796.1500244140625,801.5999755859375,76178,0.0,-0.014143402220265555,0.20522612053395728,-0.014642162886428629,108154.0,757.7249663519333
2025-10-03,798.9000244140625,811.0,798.9000244140625,807.9500122070312,86371,0.0,0.0079217026128926,0.20545065290737827,-0.014642162886428629,101172.05,758.224718051984
2025-10-06,808.5,822.7999877929688,804.4000244140625,816.25,115135,0.0,0.010272897663923697,0.2052533455891392,-0.014642162886428629,101624.4,758.8020840415165
2025-10-07,816.25,821.5,810.0,817.0999755859375,45071,0.0,0.0010413177163093312,0.19447562524779477,-0.014642162886428629,97919.0,759.3821625643466
2025-10-08,817.0999755859375,857.9000244140625,814.3499755859375,820.0999755859375,602056,0.0,0.0036715213433322624,0.19057909917550844,-0.014642162886428629,121269.9,759.9863199078451
2025-10-09,802.0,817.5999755859375,784.0,786.7999877929688,183688,0.0,-0.04060479061614031,0.2378215027730458,-0.015235076072477082,126567.6,760.2531225733687
2025-10-10,789.8499755859375,791.9000244140625,764.5499877929688,770.0999755859375,110372,0.0,-0.02122523190916159,0.2486662238452425,-0.01712898881398782,121395.9,760.3511012103097
2025-10-13,770.9000244140625,775.1500244140625,742.0999755859375,746.4000244140625,128890,0.0,-0.030775161567616838,0.2515637283429935,-0.021404075049387464,119040.35,760.21228452577
2025-10-14,749.5,749.5,725.0499877929688,727.1500244140625,340786,0.0,-0.025790460035302942,0.2589731143094331,-0.024851512979760303,128584.15,759.8833068132157
2025-10-15,727.1500244140625,749.5,725.0,741.75,153376,0.0,0.020078353978880914,0.27341801232888957,-0.024851512979760303,133648.3,759.7028758996513
2025-10-16,740.0,767.7000122070312,738.0,758.2999877929688,122981,0.0,0.022312083307002073,0.2877389017562688,-0.024851512979760303,138204.1,759.6889168140127
2025-10-17,758.2999877929688,760.0,746.2999877929688,751.4000244140625,41487,0.0,-0.00909925292098257,0.28842652156072157,-0.024851512979760303,139205.7,759.6064402727197
2025-10-20,760.0,760.5999755859375,747.2000122070312,755.2999877929688,39172,0.0,0.005190262512897004,0.28973760678949984,-0.024851512979760303,136263.35,759.5635899992894
2025-10-21,757.0,757.0,746.0,747.25,20545,0.0,-0.01065800069253453,0.2856749679446263,-0.024851512979760303,134552.55,759.4410667157144
2025-10-23,756.0999755859375,756.2000122070312,736.0999755859375,740.0999755859375,60687,0.0,-0.009568450202827039,0.2860198224591432,-0.024851512979760303,135422.65,759.2486180477565
2025-10-24,740.0999755859375,744.8499755859375,733.6500244140625,741.75,34796,0.0,0.0022294615166771337,0.2861041118425717,-0.024851512979760303,135555.5,759.0745024452913
2025-10-27,741.75,745.0,735.3499755859375,744.0999755859375,23645,0.0,0.0031681504360465684,0.2867123521213777,-0.024851512979760303,135244.0,758.9255021780341
2025-10-28,744.0999755859375,755.0,737.2999877929688,749.4000244140625,30664,0.0,0.007122764416100713,0.28921065368127613,-0.024851512979760303,134914.25,758.8307213047608
2025-10-29,745.0,771.2000122070312,745.0,753.25,125642,0.0,0.005137410542450649,0.28853924235862005,-0.024851512979760303,131479.5,758.7751917395393
2025-10-30,753.25,764.4000244140625,747.0499877929688,755.9000244140625,120316,0.0,0.003518120695735094,0.28557192468071435,-0.024851512979760303,123092.9,758.746583109435
2025-10-31,755.9000244140625,762.5,752.6500244140625,754.4500122070312,60239,0.0,-0.001918259240903275,0.2552484254385626,-0.024851512979760303,122295.95,758.7038311601574
2025-11-03,754.0,762.0,752.1500244140625,754.6500244140625,31684,0.0,0.0002651099526742584,0.2524966971150196,-0.024851512979760303,119561.6,758.6634947746242
2025-11-04,750.4000244140625,763.0,750.25,757.9500122070312,41678,0.0,0.004372871776597398,0.25090138458545874,-0.024851512979760303,115888.75,758.6563954455935
2025-11-06,768.0,768.0,749.1500244140625,756.5999755859375,33756,0.0,-0.001781168413946821,0.24635032386068922,-0.024851512979760303,115323.0,758.6359335564428
2025-11-07,754.0,754.0,739.0,748.3499755859375,24516,0.0,-0.010904044761052112,0.2470554920436684,-0.024851512979760303,86446.0,758.5335857159403
2025-11-10,748.0,752.4000244140625,742.2000122070312,749.8499755859375,23282,0.0,0.0020044097667344385,0.24646492505388642,-0.024851512979760303,78425.7,758.4471816350447
2025-11-11,749.7000122070312,752.0999755859375,740.2999877929688,743.75,18773,0.0,-0.008134928031665156,0.20870778779549418,-0.024851512979760303,73845.75,758.3009410217607
2025-11-12,743.75,789.0,733.2000122070312,763.75,490416,0.0,0.026890756302520913,0.22079149319182084,-0.024851512979760303,91922.05,758.3551605140815
2025-11-13,763.75,807.6500244140625,761.5,799.4500122070312,743496,0.0,0.04674306017287244,0.24764796318038346,-0.024851512979760303,112057.55,758.7640645110263
2025-11-14,791.0999755859375,796.8499755859375,779.0999755859375,792.4000244140625,72760,0.0,-0.008818547357959172,0.22870515441178346,-0.024851512979760303,108026.75,759.0987506792156
2025-11-17,790.0,793.75,780.0999755859375,786.6500244140625,39228,0.0,-0.007256435919789195,0.22435041511330506,-0.024851512979760303,103839.1,759.372892706428
2025-11-18,784.8499755859375,786.5,773.5499877929688,780.8499755859375,39446,0.0,-0.007373099406493,0.21536732300855183,-0.021453493315468655,103737.05,759.5865950236372
2025-11-19,773.7999877929688,783.0499877929688,771.0,778.0,26525,0.0,-0.0036498375808988737,0.21280580445116082,-0.021453493315468655,103104.7,759.769812983601
2025-11-20,770.9000244140625,777.2999877929688,762.0499877929688,770.5499877929688,46487,0.0,-0.009575851165849913,0.21591573810382422,-0.021453493315468655,104401.8,759.8770784045897
2025-11-21,763.5,766.7000122070312,745.3499755859375,750.5499877929688,44014,0.0,-0.025955486752111345,0.2322430114969404,-0.02579871137114336,103568.15,759.7842715328323
2025-11-24,742.9000244140625,760.0,740.7999877929688,752.8499755859375,64108,0.0,0.003064403211479494,0.2295800714740439,-0.02579871137114336,105033.75,759.7152735632116
2025-11-25,746.0499877929688,799.0,741.0999755859375,789.9500122070312,221061,0.0,0.049279455169297215,0.2843126281702642,-0.02579871137114336,114904.55,760.0161167337969
2025-11-26,785.4000244140625,818.0,780.0,815.9000244140625,332903,0.0,0.03285019533644906,0.30235375343019477,-0.02579871137114336,130016.5,760.5721755166852
2025-11-27,815.0,819.9000244140625,798.0,810.7999877929688,913903,0.0,-0.00625081072249789,0.3044704827208497,-0.02579871137114336,169429.55,761.0719547433149
2025-11-28,810.5999755859375,810.5999755859375,795.9000244140625,800.7999877929688,55247,0.0,-0.012333497965657858,0.30956906866534917,-0.02579871137114336,166176.1,761.4672585547543
2025-12-01,803.5,820.5,798.2999877929688,813.7999877929688,103889,0.0,0.01623376648122643,0.3129028770672102,-0.02579871137114336,168358.6,761.9879822287664
2025-12-02,820.0,821.0,805.9500122070312,817.9000244140625,62190,0.0,0.005038137973205181,0.31225564173336723,-0.02579871137114336,169883.9,762.5443209569784
2025-12-03,817.9000244140625,817.9000244140625,804.7000122070312,811.7999877929688,45344,0.0,-0.007458169017006466,0.3145677180790099,-0.02579871137114336,170067.2,763.0344270946499
2025-12-04,805.0,816.25,795.0499877929688,798.9500122070312,37963,0.0,-0.0158289920906165,0.32169916659955167,-0.02579871137114336,170277.55,763.3917961007432
2025-12-05,795.5499877929688,807.3499755859375,791.5,801.5,32038,0.0,0.003191673764325609,0.3212865482953637,-0.02579871137114336,170653.65,763.7709822091936
2025-12-08,802.25,819.5999755859375,785.25,788.75,107029,0.0,-0.0159076731129133,0.32445522673134036,-0.02579871137114336,174841.0,764.0195296498981
2025-12-09,781.5999755859375,800.4000244140625,775.6500244140625,797.8499755859375,51074,0.0,0.01153721151941367,0.32587418689710534,-0.02579871137114336,176456.05,764.3561510024955
2025-12-10,795.0,835.0,786.2999877929688,828.9000244140625,221914,0.0,0.03891715206899882,0.3455031753295742,-0.02579871137114336,163030.95,764.9983785986306
2025-12-11,828.0,847.1500244140625,820.5499877929688,839.9000244140625,371445,0.0,0.013270599198951238,0.33796641390220367,-0.02579871137114336,144428.4,765.7436686067443
2025-12-12,837.5499877929688,853.25,829.9500122070312,844.0,170074,0.0,0.004881504306179396,0.30157814981353287,-0.02579871137114336,149294.1,766.5223385708563
2025-12-15,847.9500122070312,848.4000244140625,830.2000122070312,839.6500244140625,36453,0.0,-0.00515399950940465,0.3000695694195454,-0.02579871137114336,149155.35,767.2499772359629
2025-12-16,832.5,840.5,822.0,829.9000244140625,42942,0.0,-0.011611980845000147,0.30230349856831695,-0.02579871137114336,149330.15,767.8733607899738
2025-12-17,823.0,845.0,823.0,840.9500122070312,46934,0.0,0.013314842110976555,0.30209317977820843,-0.02579871137114336,150350.6,768.600491649845
2025-12-18,836.9000244140625,838.5499877929688,811.6500244140625,818.0,46510,0.0,-0.02729057836244042,0.3199216721425926,-0.0260222413326278,150351.75,769.092029046364
2025-12-19,816.0,835.0,808.4000244140625,822.9000244140625,76505,0.0,0.005990249894942012,0.31699936655838246,-0.0260222413326278,151976.3,769.6274319853462
2025-12-22,833.0999755859375,833.0999755859375,813.1500244140625,827.75,34952,0.0,0.005893760410799365,0.29860063688834526,-0.0260222413326278,150518.5,770.2057659954423
2025-12-23,842.5999755859375,854.9000244140625,822.0999755859375,831.6500244140625,157884,0.0,0.004711596996753276,0.2985317751440549,-0.0260222413326278,147359.65,770.817151651349
2025-12-24,829.1500244140625,844.2999877929688,825.0999755859375,829.0,31466,0.0,-0.0031864658645679445,0.2519939747001745,-0.0260222413326278,132287.8,771.3960854657635
2025-12-26,832.25,834.9000244140625,820.0999755859375,826.9000244140625,25112,0.0,-0.0025331430469692773,0.22669550443070205,-0.0260222413326278,87848.25,771.948363465249
2025-12-29,820.7999877929688,849.9000244140625,812.5999755859375,829.9500122070312,56016,0.0,0.0036884601559057373,0.22544778701666476,-0.0260222413326278,87886.7,772.5254942985006
2025-12-30,830.0,833.5,802.5999755859375,812.0,165919,0.0,-0.0216278232941981,0.23459524278824004,-0.0260222413326278,90988.2,772.9182754497592
2025-12-31,803.9000244140625,835.5,803.9000244140625,828.7999877929688,50108,0.0,0.02068964013912411,0.23876791101713857,-0.0260222413326278,90384.1,773.4743123884977
2026-01-01,824.0,831.6500244140625,820.1500244140625,826.25,18381,0.0,-0.003076722768492246,0.2386837536194881,-0.0260222413326278,89035.95,773.9994436085126
2026-01-02,830.5999755859375,830.5999755859375,815.0,824.0999755859375,31124,0.0,-0.002602147551059031,0.23720858736266995,-0.0260222413326278,88694.0,774.4979563645069
2026-01-05,820.0,836.4000244140625,813.0999755859375,818.1500244140625,59543,0.0,-0.007219938536758952,0.23139759783439973,-0.0260222413326278,90069.25,774.9323053003234
2026-01-06,820.0,822.1500244140625,807.6500244140625,816.4000244140625,23498,0.0,-0.002138972007307949,0.23156557870975644,-0.02579871137114336,85892.7,775.3449194208581
2026-01-07,811.4000244140625,814.7000122070312,801.0,805.5499877929688,32614,0.0,-0.013290098354517998,0.22932724682259586,-0.02579871137114336,84969.7,775.6454673648593
2026-01-08,808.9500122070312,809.7999877929688,778.2000122070312,782.0,37041,0.0,-0.029234669666485358,0.24863327122721737,-0.02579871137114336,75726.05,775.7086965453085
2026-01-09,786.0999755859375,786.0999755859375,765.5499877929688,770.5,33851,0.0,-0.014705882352941124,0.20640207143705078,-0.021844206467093764,58846.35,775.656868718987
2026-01-12,765.0,765.0499877929688,747.0499877929688,759.0499877929688,56004,0.0,-0.01486049605065709,0.20071359836900218,-0.021844206467093764,53142.85,775.4916261227082
2026-01-13,755.3499755859375,781.7000122070312,755.3499755859375,765.4500122070312,58661,0.0,0.008431624421299855,0.20321713283758858,-0.021844206467093764,54253.25,775.3917095663334
2026-01-14,766.5,772.0999755859375,758.0999755859375,761.5499877929688,27762,0.0,-0.005095073945870721,0.20321507431959193,-0.021844206467093764,53494.25,775.253980991474
2026-01-16,761.5499877929688,762.0499877929688,745.5499877929688,747.7000122070312,28799,0.0,-0.018186561365558962,0.20732458770804268,-0.021844206467093764,52587.5,774.9798121478477
2026-01-19,747.7000122070312,751.5499877929688,735.0,738.0,25762,0.0,-0.012973133674826554,0.19805973524021994,-0.021844206467093764,51550.1,774.6118538180184
2026-01-20,731.2999877929688,737.5,720.4500122070312,725.9500122070312,33613,0.0,-0.01632789673844004,0.1866079210383291,-0.021844206467093764,49405.5,774.1276563890534
2026-01-21,719.9500122070312,748.4500122070312,710.0499877929688,743.3499755859375,52466,0.0,0.023968542029508155,0.20965042205633058,-0.021844206467093764,50281.2,773.821410808923
2026-01-22,743.3499755859375,759.5,739.0499877929688,744.25,34223,0.0,0.0012107680683692834,0.20726986888854895,-0.021844206467093764,44098.15,773.5271679153019
2026-01-23,751.9000244140625,752.2000122070312,728.0,739.4500122070312,26382,0.0,-0.006449429348967084,0.20428595354886386,-0.021844206467093764,43843.95,773.1880917391002
2026-01-27,739.4500122070312,746.4500122070312,715.1500244140625,734.9500122070312,54150,0.0,-0.0060856040647951914,0.2041188880372933,-0.021844206467093764,45295.85,772.807613335796
2026-01-28,745.5499877929688,768.9500122070312,728.2999877929688,766.7000122070312,26890,0.0,0.0432002169843575,0.2652214526427654,-0.021844206467093764,43839.55,772.746841185261
2026-01-29,769.0,790.0,745.25,777.7000122070312,64529,0.0,0.014347202067123144,0.2713413442515941,-0.021844206467093764,38770.05,772.7961264690598
2026-01-30,770.0,810.0,756.5499877929688,803.7999877929688,52444,0.0,0.033560466987609505,0.2901793743726118,-0.021844206467093764,38886.85,773.104622601636
2026-02-02,766.4000244140625,823.0,753.6500244140625,812.5499877929688,205271,0.0,0.01088579265101175,0.28313510289159355,-0.021844206467093764,48231.35,773.4971137975697
2026-02-03,828.2000122070312,859.0,809.5,835.5499877929688,118368,0.0,0.02830595082829568,0.30029564122696567,-0.021844206467093764,52593.55,774.1145553298622
2026-02-04,835.5499877929688,854.0,786.2999877929688,797.25,381669,0.0,-0.04583805679195185,0.34089521258962674,-0.0260222413326278,68699.85,774.3447587594159
2026-02-05,800.0,812.2000122070312,776.4000244140625,785.75,93176,0.0,-0.014424584509250549,0.3433611832770158,-0.0260222413326278,72183.75,774.4582437468844
2026-02-06,784.0,804.2000122070312,776.2000122070312,797.7999877929688,43290,0.0,0.015335651025095487,0.3483790226819019,-0.0260222413326278,72717.55,774.690499906547
2026-02-09,803.0,810.0,791.2000122070312,801.9000244140625,38531,0.0,0.00513917859592361,0.34594002192160284,-0.0260222413326278,72792.05,774.9612414439353
2026-02-10,802.0,815.9500122070312,795.0,802.5499877929688,51771,0.0,0.0008105291920663671,0.3291883994388629,-0.0260222413326278,73688.05,775.2357563329804
2026-02-11,810.0,811.2999877929688,774.0,778.3499755859375,1145738,0.0,-0.03015390016213426,0.34280358709512276,-0.027387782927642667,128174.75,775.2667435892288
2026-02-12,777.0,786.0,771.0499877929688,777.5,30838,0.0,-0.001092022371167456,0.3382137224530287,-0.027387782927642667,126783.6,775.2889650460525
2026-02-13,775.0,780.0,761.9000244140625,765.5999755859375,28129,0.0,-0.015305497638665622,0.341935866023689,-0.027387782927642667,126801.95,775.1925571907279
2026-02-16,760.0,770.0,756.25,766.0,22491,0.0,0.0005224979451656786,0.3413868367308409,-0.027387782927642667,126486.55,775.1010889599744
2026-02-17,769.0,771.4000244140625,758.0499877929688,761.8499755859375,17051,0.0,-0.0054177864413348376,0.3353943988672222,-0.027387782927642667,126051.0,774.9692370856059
2026-02-18,762.0,769.5999755859375,755.7000122070312,764.75,14375,0.0,0.0038065557616275836,0.3315341699309778,-0.027387782927642667,125089.1,774.8675531345053
2026-02-19,764.5999755859375,769.0,753.0,761.0999755859375,18887,0.0,-0.004772833493380202,0.3258957432133896,-0.027387782927642667,123410.15,774.7305623131266
2026-02-20,760.4000244140625,775.0,747.2999877929688,752.9000244140625,40637,0.0,-0.010773816101573574,0.3191505761116781,-0.027387782927642667,123730.85,774.5133430305489
2026-02-23,755.0,762.3499755859375,740.0499877929688,748.1500244140625,39849,0.0,-0.0063089385655109576,0.32009046332376206,-0.027387782927642667,124404.2,774.2510214522754
2026-02-24,748.0,757.8499755859375,740.0,754.75,19623,0.0,0.008821727421724601,0.3203188685838964,-0.027387782927642667,122677.85,774.0569814378249
2026-02-25,758.7000122070312,762.5999755859375,741.9500122070312,749.8499755859375,41658,0.0,-0.006492248312769178,0.3204379966060503,-0.027387782927642667,123416.25,773.8161157079553
2026-02-26,752.0,765.0,747.4500122070312,763.4500122070312,14474,0.0,0.018137010153886468,0.28924047076160503,-0.027387782927642667,120913.5,773.7129703994884
2026-02-27,762.7000122070312,762.7000122070312,725.2999877929688,735.0499877929688,205700,0.0,-0.037199586037024,0.3112106684851473,-0.0292806311912678,128576.3,773.3282641048962
2026-03-02,701.1500244140625,737.0,701.1500244140625,729.75,57964,0.0,-0.0072103773634256685,0.2824040382535804,-0.0292806311912678,121210.95,772.8946495366883
2026-03-04,723.1500244140625,723.1500244140625,692.0,697.2999877929688,80614,0.0,-0.04446730004389343,0.3084521282456007,-0.030506184455878747,119323.25,772.1424638476961
2026-03-05,698.0,712.4500122070312,695.4500122070312,704.3499755859375,37205,0.0,0.010110408599436127,0.28791047497912226,-0.030506184455878747,102100.05,771.4679117256886
2026-03-06,711.0,713.1500244140625,698.0,705.0499877929688,25897,0.0,0.0009938414585006772,0.2539431476973207,-0.030506184455878747,98736.1,770.8070368606865
2026-03-09,700.0,700.0999755859375,676.0999755859375,679.25,36513,0.0,-0.0365931327418797,0.27432097808145006,-0.03662345540663691,98397.25,769.8960215685404
2026-03-10,687.5999755859375,697.0,678.0,686.3499755859375,73513,0.0,0.010452669246871604,0.2698487482212453,-0.03662345540663691,100146.35,769.064717628415
2026-03-11,693.3499755859375,698.8499755859375,686.3499755859375,690.25,22056,0.0,0.005682267870313673,0.2701629447087157,-0.03662345540663691,98660.6,768.2804915823612
2026-03-12,690.0,690.0,671.0999755859375,685.0,15748,0.0,-0.007605939876856205,0.2686764621687625,-0.03662345540663691,42161.1,767.4518299745764
2026-03-13,680.0,683.9500122070312,657.0,659.4500122070312,33951,0.0,-0.037299252252509074,0.2773110562801157,-0.037204569347798255,42316.75,766.3771850216655
2026-03-16,660.9000244140625,665.9000244140625,642.25,645.75,49331,0.0,-0.0207749062907443,0.2797596027104133,-0.037204569347798255,43376.85,765.1769145239374
2026-03-17,653.7999877929688,685.5999755859375,645.0,662.5999755859375,20891,0.0,0.026093651701025955,0.30313515583336775,-0.037204569347798255,43296.85,764.1562484648528
2026-03-18,666.0999755859375,692.25,661.1500244140625,682.5999755859375,47931,0.0,0.03018412426338224,0.328379188582873,-0.037204569347798255,44840.85,763.3447432620776
2026-03-19,679.9000244140625,679.9000244140625,653.8499755859375,659.6500244140625,36926,0.0,-0.033621377076925585,0.34276006362787903,-0.037204569347798255,45968.4,762.3129550148337
2026-03-20,661.75,676.1500244140625,647.0999755859375,650.9000244140625,42417,0.0,-0.013264609529533788,0.3413207610064954,-0.037204569347798255,47144.9,761.2043686406968
2026-03-23,641.0999755859375,660.0,618.5,647.4500122070312,57365,0.0,-0.005300371912164148,0.3412740160187836,-0.037204569347798255,47981.3,760.0724844970782
2026-03-24,652.0,684.5999755859375,641.25,678.7999877929688,68934,0.0,0.04842068884835071,0.39186311644284183,-0.037204569347798255,49435.55,759.2638029378334
2026-03-25,684.0,711.0499877929688,680.0999755859375,702.0,45132,0.0,0.03417797970572023,0.41414319196165855,-0.037204569347798255,50711.0,758.6940138538748
2026-03-27,701.7999877929688,734.2000122070312,684.2999877929688,698.4500122070312,829509,0.0,-0.005056962668046672,0.41206242849483393,-0.037204569347798255,90103.55,758.0945710514187
2026-03-30,699.9500122070312,710.4500122070312,693.0,701.5,76195,0.0,0.004366794673438479,0.41273998399224193,-0.037204569347798255,93189.6,757.5314409912056
2026-04-01,724.2000122070312,735.0,699.0,714.9500122070312,57178,0.0,0.019173217686430766,0.4134188032707004,-0.037204569347798255,85763.5,757.1077451824079
2026-04-02,706.0,725.0,700.0,722.5999755859375,53370,0.0,0.010699997549886042,0.3961329360153215,-0.037204569347798255,85533.8,756.7643842909008
2026-04-06,728.0,728.0,701.5,715.5999755859375,63753,0.0,-0.009687240847640277,0.3967527646015147,-0.037204569347798255,84690.75,756.3547881843838
2026-04-07,722.7000122070312,725.1500244140625,703.9500122070312,716.4500122070312,25365,0.0,0.0011878656373593977,0.3633110346212023,-0.037204569347798255,84098.75,755.957725736848
2026-04-08,742.4500122070312,748.2999877929688,721.25,741.75,50720,0.0,0.03531298396524818,0.38086751328558893,-0.037204569347798255,85339.9,755.8163553315063
2026-04-09,740.9500122070312,749.6500244140625,730.6500244140625,735.9500122070312,30859,0.0,-0.007819329683813603,0.38259633872558113,-0.037204569347798255,85057.2,755.6186802755415
2026-04-10,744.9500122070312,744.9500122070312,728.6500244140625,734.1500244140625,75188,0.0,-0.0024458017027145784,0.3562117639988661,-0.037204569347798255,85140.95,755.4050618092581
2026-04-13,710.0,735.75,710.0,727.2999877929688,27477,0.0,-0.009330567858471306,0.35824540110503017,-0.037204569347798255,85412.0,755.1254093314841
2026-04-15,735.0,743.7000122070312,735.0,739.8499755859375,19807,0.0,0.017255586420470648,0.3615633421286794,-0.037204569347798255,85614.95,754.9734149658567
2026-04-16,749.8499755859375,754.4000244140625,736.0,751.4500122070312,21329,0.0,0.015678903837101466,0.3615037218011334,-0.037204569347798255,84983.85,754.9383562319381
2026-04-17,751.4500122070312,764.3499755859375,744.5499877929688,762.1500244140625,30213,0.0,0.014239153680502215,0.3287224515915411,-0.037204569347798255,84027.95,755.0101141242976
2026-04-20,755.0,764.0,739.0499877929688,743.5499877929688,61987,0.0,-0.02440469202292994,0.332818248467569,-0.037204569347798255,86082.75,754.8960830165232
2026-04-21,764.0,781.5499877929688,751.0499877929688,770.1500244140625,116218,0.0,0.03577437570814701,0.3414144170911178,-0.037204569347798255,89497.1,755.0478635279416
2026-04-22,775.0,785.0,762.2999877929688,777.9000244140625,35252,0.0,0.010062974426179094,0.33147062002804945,-0.037204569347798255,89413.4,755.2752482133756
2026-04-23,779.7999877929688,789.5,764.0999755859375,787.2000122070312,32938,0.0,0.011955248105273819,0.29795631302505343,-0.037204569347798255,88939.45,755.5929075565961
2026-04-24,790.0,790.0,768.6500244140625,781.9500122070312,20857,0.0,-0.006669207213654493,0.2926821350779834,-0.037204569347798255,87114.05,755.8551673043615
2026-04-27,781.9500122070312,794.0,751.0,791.5,52226,0.0,0.012213041299167227,0.2882043881070466,-0.037204569347798255,86278.65,756.209842256557
2026-04-28,791.5,793.6500244140625,774.8499755859375,784.8499755859375,20152,0.0,-0.008401799638739771,0.2577943491978557,-0.037204569347798255,85029.65,756.4948187075956
2026-04-29,790.9500122070312,835.9500122070312,790.9500122070312,823.0499877929688,442392,0.0,0.048671737778309465,0.2808611886264607,-0.037204569347798255,65673.8,757.1570591960074
2026-04-30,820.0499877929688,820.0499877929688,791.3499755859375,797.6500244140625,38093,0.0,-0.03086077851360758,0.30854767913912157,-0.037204569347798255,63768.7,757.559974272804
2026-05-01,797.6500244140625,797.6500244140625,797.6500244140625,797.6500244140625,0,0.0,0.0,0.3093019845172942,-0.037204569347798255,60909.8,757.9588802443589
2026-05-04,800.0499877929688,819.5,798.5999755859375,815.9000244140625,42299,0.0,0.022879708445324942,0.3115021980887114,-0.037204569347798255,60356.25,758.5354090420674
2026-05-05,815.7999877929688,816.0,787.8499755859375,792.9500122070312,56027,0.0,-0.028128461233363433,0.33317721410253087,-0.037204569347798255,59969.95,758.8778429044054
2026-05-06,799.7999877929688,805.0,780.6500244140625,798.5,34727,0.0,0.00699916477398288,0.3291243635847447,-0.03662345540663691,60438.05,759.2720932237646
2026-05-07,809.9000244140625,809.9000244140625,792.5499877929688,799.9000244140625,26166,0.0,0.0017533179888071793,0.32903820539127127,-0.03662345540663691,59210.35,759.6763512455586
2026-05-08,799.9000244140625,800.0,788.0,795.1500244140625,21173,0.0,-0.005938242099041591,0.31250079279034076,-0.03662345540663691,58726.05,760.0293231178821
2026-05-11,790.0,796.9500122070312,771.5499877929688,778.8499755859375,42758,0.0,-0.02049933764403311,0.32125197885872475,-0.03662345540663691,57104.55,760.2165932916936
2026-05-12,775.0,781.0,765.0999755859375,771.0999755859375,33651,0.0,-0.009950568457255948,0.3238654493057813,-0.03662345540663691,57413.25,760.3248856528304
2026-05-13,778.9500122070312,790.0,759.2000122070312,769.1500244140625,26224,0.0,-0.0025287916400117405,0.32157372004290136,-0.03662345540663691,57734.1,760.4126979788128
2026-05-14,763.6500244140625,780.1500244140625,752.0,768.0,29359,0.0,-0.001495188685638471,0.3175334478644425,-0.03662345540663691,58135.6,760.4881935213123
2026-05-15,767.4000244140625,775.0499877929688,756.2000122070312,767.25,28533,0.0,-0.0009765625,0.3136910683491521,-0.03662345540663691,58051.6,760.5554751778166
2026-05-18,762.9500122070312,778.7999877929688,750.0,769.6500244140625,18038,0.0,0.0031280865611762465,0.31020295850360263,-0.03662345540663691,55854.15,760.6459682050429
2026-05-19,781.2000122070312,781.2000122070312,764.0999755859375,767.0499877929688,16051,0.0,-0.003378206377727566,0.2970811872614904,-0.03662345540663691,50845.8,760.7096897929825
2026-05-20,763.25,776.5,758.4500122070312,763.25,22657,0.0,-0.004954028881354211,0.27043887727857885,-0.03662345540663691,50216.05,760.7349665114604
2026-05-21,774.7999877929688,774.7999877929688,752.0,766.5,29601,0.0,0.004258106780216098,0.2683782577188445,-0.03662345540663691,50049.2,760.7923300287592
2026-05-22,774.7999877929688,778.5,756.5999755859375,766.6500244140625,70869,0.0,0.00019572656759625495,0.26452837405239177,-0.03662345540663691,52549.8,760.850615545031
2026-05-25,792.9500122070312,825.0,770.4000244140625,778.0499877929688,2169542,0.0,0.014869840234622123,0.2693224853064516,-0.03662345540663691,158415.6,761.0217535773488
2026-05-26,782.0,786.3499755859375,765.5999755859375,769.75,138915,0.0,-0.010667679356325954,0.26779864601733233,-0.03662345540663691,164353.75,761.1086018004598
2026-05-27,779.75,789.4000244140625,765.7999877929688,770.3499755859375,35556,0.0,0.0007794421382754102,0.26656979717477514,-0.03662345540663691,144011.95,761.2005557684746
2026-05-28,770.3499755859375,770.3499755859375,770.3499755859375,770.3499755859375,0,0.0,0.0,0.19713995912200205,-0.03662345540663691,142107.3,761.2915947716335
2026-05-29,765.0,785.0,748.3499755859375,773.3499755859375,122497,0.0,0.0038943338678216755,0.17035570537250577,-0.03376996486017329,148232.15,761.4115786603331
2026-06-01,754.25,766.7999877929688,748.3499755859375,754.2000122070312,21403,0.0,-0.0247623507900121,0.18840079911576443,-0.03376996486017329,147187.35,761.3398217802009
2026-06-02,749.0,760.8499755859375,740.5499877929688,756.9500122070312,27896,0.0,0.0036462476206444716,0.16609092010300197,-0.030998808441773478,145780.8,761.2961420829554
2026-06-03,757.0,759.4500122070312,748.1500244140625,752.9000244140625,14751,0.0,-0.005350403233577161,0.14029375042435516,-0.030998808441773478,144782.0,761.2125986235635
2026-06-04,747.75,765.5999755859375,747.75,764.0999755859375,30152,0.0,0.014875748185280369,0.1493248710835454,-0.030998808441773478,144981.3,761.2413287425921
2026-06-05,764.0999755859375,769.0,752.9500122070312,765.5499877929688,27792,0.0,0.0018976734110209836,0.14937205722912827,-0.028265077097375642,145312.25,761.2842009719492
2026-06-08,750.0,763.4000244140625,746.5499877929688,750.4000244140625,21250,0.0,-0.019789646163515195,0.16116178182829524,-0.028265077097375642,144236.85,761.1759007076917
2026-06-09,750.0,767.0999755859375,746.9500122070312,749.7000122070312,72085,0.0,-0.0009328520579111599,0.14762586996968816,-0.028265077097375642,146158.55,761.0617127624115
2026-06-10,750.0,767.75,739.9500122070312,743.0,88771,0.0,-0.008936924233610699,0.1469586695108557,-0.028265077097375642,149285.9,760.8819942274622
2026-06-11,746.9000244140625,746.9000244140625,713.0,733.25,18847,0.0,-0.013122476446837172,0.1521779040144131,-0.024930656312179666,148760.3,760.6070490112686
2026-06-12,735.0,745.0,716.0,724.5999755859375,73518,0.0,-0.011796828386038238,0.15569505999000147,-0.024930656312179666,151009.55,760.2487696737031
2026-06-15,727.0,758.0,727.0,751.3499755859375,51516,0.0,0.03691692092367105,0.2076942606546099,-0.024930656312179666,152683.45,760.1602244588995
2026-06-16,753.8499755859375,763.0,748.0499877929688,751.9500122070312,23902,0.0,0.0007986113536848638,0.2072791428852021,-0.024930656312179666,153076.0,760.0785308046521
2026-06-17,747.0499877929688,775.0,745.8499755859375,765.1500244140625,59915,0.0,0.017554374616323587,0.21675388639204438,-0.024422574961284048,154938.9,760.1289934276314
2026-06-18,760.0,769.3499755859375,746.7000122070312,759.4500122070312,83720,0.0,-0.00744953541809823,0.2176387962521498,-0.024422574961284048,157644.85,760.1222373955857
2026-06-19,763.6500244140625,775.9000244140625,752.3499755859375,758.5,74762,0.0,-0.0012509213137944508,0.21706924960430302,-0.024422574961284048,157839.5,760.106095729958
2026-06-22,773.9000244140625,777.75,752.0999755859375,757.2999877929688,34546,0.0,-0.0015820859683998156,0.21709400105558446,-0.024422574961284048,51089.7,760.0781742579483
2026-06-23,757.0,758.0999755859375,745.0999755859375,746.8499755859375,25412,0.0,-0.013799039185892759,0.2142236655828637,-0.024422574961284048,45414.55,759.9465503905651
2026-06-24,739.7999877929688,762.2999877929688,739.4000244140625,755.2000122070312,57764,0.0,0.01118033995320511,0.21626608938695632,-0.024422574961284048,46524.95,759.8993211549081
2026-06-25,761.0,768.4000244140625,747.0499877929688,754.5499877929688,71273,0.0,-0.0008607314665725063,0.21618782635903952,-0.024422574961284048,50088.6,759.8460939572768
2026-06-26,754.5499877929688,754.5499877929688,754.5499877929688,754.5499877929688,0,0.0,0.0,0.21618782635903952,-0.024422574961284048,43963.75,759.7933963835026
2026-06-29,750.0,763.4500122070312,737.0499877929688,740.9000244140625,49542,0.0,-0.018090204227332762,0.22334213232360628,-0.024422574961284048,45370.7,759.6054026325629
2026-06-30,744.7999877929688,752.0,735.0,748.9500122070312,17981,0.0,0.010865147155765031,0.21125389161817526,-0.024422574961284048,44874.95,759.4993788472343
2026-07-01,745.1500244140625,758.3499755859375,739.0999755859375,743.5499877929688,29097,0.0,-0.007210126611987833,0.21207759010380944,-0.024422574961284048,45592.25,759.3406784387341
2026-07-02,745.3499755859375,756.5499877929688,743.7999877929688,755.5,20021,0.0,0.016071565332818727,0.21910915079869786,-0.024422574961284048,45085.7,759.302462732876
2026-07-03,759.3499755859375,786.0,750.0499877929688,775.0999755859375,66694,0.0,0.025943051735191958,0.23142282457400362,-0.024422574961284048,47030.8,759.4596519154936
2026-07-06,775.9000244140625,781.0,763.0,777.75,38788,0.0,0.0034189452941979503,0.2315752450108625,-0.024422574961284048,47907.7,759.6416454287722
2026-07-07,775.0499877929688,782.7999877929688,759.5499877929688,772.25,34865,0.0,-0.007071681131468943,0.22125101883634968,-0.024422574961284048,46046.7,759.7671016931627
2026-07-08,764.6500244140625,774.9500122070312,752.9500122070312,770.25,36083,0.0,-0.002589834898025223,0.22155100442651202,-0.024422574961284048,43412.3,759.8714091390019
2026-07-09,770.25,778.1500244140625,765.5499877929688,773.5999755859375,19468,0.0,0.004349205564345926,0.21851487741926945,-0.024422574961284048,43443.35,760.0080117902153
2026-07-10,773.5999755859375,799.9000244140625,770.2000122070312,790.0,142579,0.0,0.0211996185776,0.22089325130980966,-0.024422574961284048,46896.4,760.3064395335963
2026-07-13,789.0,795.9500122070312,780.0499877929688,789.4500122070312,29608,0.0,-0.0006961870797073111,0.214364623072272,-0.020712488301332058,45801.0,760.596425331342
2026-07-14,781.5,788.8499755859375,776.0999755859375,781.6500244140625,20856,0.0,-0.009880280793412966,0.1833602613808221,-0.020712488301332058,45648.7,760.8059138794288
2026-07-15,781.6500244140625,813.7000122070312,781.6500244140625,795.5999755859375,151723,0.0,0.01784679938100453,0.1913505660246489,-0.020712488301332058,50239.1,761.1521234486478
2026-07-16,800.0999755859375,801.75,785.7000122070312,788.9500122070312,36303,0.0,-0.008358425820725768,0.18711385057100097,-0.020712488301332058,47868.25,761.4287193566914
2026-07-17,788.9500122070312,803.5999755859375,778.5499877929688,796.0499877929688,31172,0.0,0.00899927178665716,0.18584431231523008,-0.020712488301332058,45688.75,761.7732095898882
2026-07-20,784.7999877929688,804.75,783.6500244140625,796.4000244140625,58651,0.0,0.0004397168851975053,0.18552829867005455,-0.020712488301332058,46894.0,762.1177550110243
2026-07-21,795.0,800.0,788.7999877929688,792.8499755859375,20356,0.0,-0.00445762018997542,0.1865683615653099,-0.020712488301332058,46641.2,762.4235482505757
2026-07-22,792.8499755859375,793.5499877929688,781.0,782.9500122070312,15849,0.0,-0.012486553173681969,0.18519592503160223,-0.020712488301332058,44545.45,762.627791673028
2026-07-23,782.9500122070312,783.0,770.5499877929688,773.6500244140625,34030,0.0,-0.011878137362503316,0.1884843583650465,-0.01982513073754109,42683.3,762.7374656306503
2026-07-24,777.4500122070312,800.0,761.9500122070312,792.2000122070312,33967,0.0,0.02397723415961628,0.20403201721969083,-0.01982513073754109,44381.65,763.030625298077
2026-07-27,808.0,808.0,785.25,792.6500244140625,37113,0.0,0.0005680537744219283,0.20395731457971994,-0.01982513073754109,43760.2,763.3253456872908
2026-07-28,781.2999877929688,798.9000244140625,781.0,791.1500244140625,21034,0.0,-0.001892386240836652,0.1907153565586792,-0.018175176324141885,43912.85,763.6022081621841
2026-07-29,791.1500244140625,805.0,777.5499877929688,782.7999877929688,80230,0.0,-0.010554302424850337,0.19426617829327744,-0.018175176324141885,46469.5,763.7932308450775
2026-07-30,782.7999877929688,796.0,776.2999877929688,793.75,22233,0.0,0.01398826312951762,0.19523493237198478,-0.018175176324141885,46580.1,764.0913081501016
2026-07-31,793.0,828.0,789.0,799.5,764661,0.0,0.007244094488189079,0.19022530762327247,-0.018175176324141885,81478.45,764.4436334421404
2026-08-03,802.0,827.9000244140625,767.0999755859375,772.7999877929688,358636,0.0,-0.03339588768859447,0.20924389871912935,-0.018175176324141885,97470.85,764.5267812466262
2026-08-04,772.7999877929688,776.5,765.0,769.5,71842,0.0,-0.004270170607006851,0.2093290586423004,-0.018175176324141885,99319.7,764.5762660103414
2026-08-05,773.6500244140625,774.7000122070312,756.2000122070312,768.5999755859375,79549,0.0,-0.0011696223704515951,0.20796165985103784,-0.018175176324141885,101493.0,764.6163029215414
2026-08-06,770.0,792.7000122070312,770.0,783.75,79648,0.0,0.019711195544227067,0.2187267137148362,-0.018175176324141885,104502.0,764.8066879670982
2026-08-07,785.9500122070312,789.0,768.0999755859375,781.9500122070312,36025,0.0,-0.002296635142543857,0.21862476249691015,-0.018175176324141885,99174.3,764.9772683077941
2026-08-10,781.9500122070312,785.5499877929688,769.7999877929688,779.5499877929688,32259,0.0,-0.003069281126153456,0.20559039505336857,-0.018175176324141885,99306.85,765.1222704917263
2026-08-11,775.0,784.8499755859375,771.5499877929688,776.4000244140625,31115,0.0,-0.004040745851108696,0.20594572089321986,-0.018175176324141885,99819.8,765.234486948665
2026-08-12,776.4000244140625,776.4000244140625,761.0999755859375,763.8499755859375,49860,0.0,-0.01616441065621599,0.21056884009003177,-0.018175176324141885,94726.65,765.2207107162001
2026-08-13,760.6500244140625,778.0499877929688,760.6500244140625,763.7000122070312,28493,0.0,-0.00019632569706007352,0.19917549817005548,-0.018175176324141885,94336.15,765.2055793877506
2026-08-14,763.7000122070312,767.4000244140625,754.0,756.5499877929688,28704,0.0,-0.009362346863658555,0.19961734256181018,-0.018175176324141885,94212.75,765.1194540982503
2026-08-17,761.9500122070312,761.9500122070312,748.0,750.7000122070312,35006,0.0,-0.007732437618568011,0.19647585628472625,-0.018175176324141885,93030.5,764.975977064507
2026-08-18,751.0,762.0,744.0499877929688,748.25,38782,0.0,-0.0032636368285492434,0.1961449057727975,-0.018175176324141885,93951.8,764.8095494320244
2026-08-19,756.2999877929688,759.9500122070312,740.2000122070312,747.0,47383,0.0,-0.0016705646508520244,0.19610229231770918,-0.018175176324141885,95528.5,764.6323399849396
2026-08-20,747.0,780.0,747.0,772.75,83854,0.0,0.03447121820615795,0.23109827672224578,-0.018175176324141885,98019.7,764.7131127214078
2026-08-21,774.9500122070312,778.8499755859375,760.2000122070312,762.4000244140625,92945,0.0,-0.01339369212026853,0.23209400337162833,-0.018175176324141885,100968.6,764.6900969173546
2026-08-24,760.2000122070312,766.3499755859375,739.8499755859375,744.9500122070312,172593,0.0,-0.022888262917413082,0.22628097401472533,-0.018175176324141885,107742.6,764.4936781640181
2026-08-25,744.9500122070312,760.9000244140625,737.0,757.5499877929688,59173,0.0,0.016913853788132815,0.23623713837057436,-0.018175176324141885,109649.55,764.42458671754
2026-08-26,759.8499755859375,762.5999755859375,739.0999755859375,743.0499877929688,69889,0.0,-0.019140651090555738,0.24353619905732946,-0.019173100844203712,109132.5,764.2119041411761
2026-08-27,743.0499877929688,761.0,742.0999755859375,751.75,55312,0.0,0.011708515375758566,0.2468738198498106,-0.019173100844203712,110786.45,764.0879050949952
2026-08-28,740.0,758.25,740.0,753.7999877929688,81308,0.0,0.002726954164241846,0.24080090580418864,-0.019173100844203712,76618.8,763.9855377586567
2026-08-31,753.7999877929688,763.4500122070312,745.2999877929688,757.25,23462,0.0,0.004576827093261793,0.23963682395738167,-0.01814272657049391,59860.1,763.9185174824512
2026-09-01,761.4500122070312,763.0999755859375,749.75,755.4500122070312,32019,0.0,-0.002377005999298465,0.21166169701768436,-0.01814272657049391,57868.95,763.8342537483674
2026-09-02,754.9500122070312,757.3499755859375,745.0999755859375,748.4500122070312,25519,0.0,-0.00926600024738855,0.21333613818992475,-0.01814272657049391,55167.45,763.6811767181053
2026-09-03,748.4500122070312,755.75,744.0,749.2000122070312,21062,0.0,0.0010020709302795971,0.21347704712756488,-0.01814272657049391,52238.15,763.5370855289405
2026-09-04,749.9000244140625,755.3499755859375,745.1500244140625,748.4500122070312,17510,0.0,-0.0010010677893484976,0.1996042359680726,-0.01814272657049391,51312.4,763.3869653963842
2026-09-07,750.25,760.0,736.0999755859375,739.2999877929688,37954,0.0,-0.012225297968906257,0.20265650089665976,-0.01814272657049391,51597.15,763.1472939774449
2026-09-08,745.0,749.5,738.0,744.0999755859375,22632,0.0,0.006492611757370925,0.20506426728416258,-0.01814272657049391,51173.0,762.9577684213104
2026-09-09,746.9500122070312,746.9500122070312,736.5,738.7000122070312,34000,1.0,-0.0072570401237469495,0.20574247969443918,-0.01814272657049391,50380.0,762.7163977127107
2026-09-10,735.5,743.0499877929688,731.0499877929688,734.0499877929688,43744,0.0,-0.006294875236524611,0.20011899278397552,-0.01814272657049391,51142.55,762.4311598030615
2026-09-11,734.0,734.0,715.0,717.0499877929688,51749,0.0,-0.02315918572672826,0.21315896702076098,-0.019328031681898606,52294.8,761.9796058527123
2026-09-14,717.0499877929688,717.0499877929688,717.0499877929688,717.0499877929688,0,0.0,0.0,0.21205333133374601,-0.019328031681898606,50544.5,761.532544976496
2026-09-15,717.0499877929688,726.9000244140625,706.6500244140625,711.0499877929688,37273,0.0,-0.008367617463417854,0.21226342248547667,-0.019328031681898606,50469.05,761.0302309746698
2026-09-16,713.5,727.9000244140625,689.0999755859375,719.9000244140625,144990,0.0,0.012446433827477232,0.21843414173574954,-0.019328031681898606,55349.4,760.6209751879971
2026-09-17,724.75,724.75,714.3499755859375,718.9500122070312,9957,0.0,-0.0013196446378849203,0.21843908667955658,-0.019328031681898606,51654.55,760.2063387404254
2026-09-18,725.0,735.0,714.0499877929688,722.6500244140625,83789,0.0,0.005146410938464241,0.1768672805038777,-0.019328031681898606,51196.75,759.8326440705114
2026-09-21,722.9000244140625,724.6500244140625,701.0,703.3499755859375,328751,0.0,-0.026707324674587585,0.19197246110281133,-0.022901809057878843,59004.65,759.2706274686748
2026-09-22,706.9000244140625,716.2999877929688,692.3499755859375,695.5999755859375,162121,0.0,-0.011018696621896806,0.18117114321406622,-0.022901809057878843,64152.05,758.637088643971
2026-09-23,695.0,716.7999877929688,695.0,711.9000244140625,61105,0.0,0.023433078493705572,0.1914073147651394,-0.022901809057878843,63712.85,758.1720432287481
