date,open,high,low,close,volume,dividend,daily_return,rolling_volatility_ann,var_95_threshold,avg_volume_20d,ema_200
2021-11-09,356.70001220703125,366.7999877929688,355.20001220703125,356.8500061035156,1239647,0.0,0.005636184206282868,0.7753675044990117,-0.06664852990535819,1291271.7,373.4158736038523
2021-11-10,356.8500061035156,357.79998779296875,350.3999938964844,352.04998779296875,394896,0.0,-0.013451080926013659,0.5235516789838923,-0.0658225878771371,1177097.95,373.20327772513707
2021-11-11,352.0,357.3500061035156,350.5,351.79998779296875,1213327,0.0,-0.0007101264271226482,0.47884444043380753,-0.06499664584891603,1141525.2,372.99030966611053
2021-11-12,352.70001220703125,353.25,344.25,345.29998779296875,385654,0.0,-0.018476407690568797,0.4542087552091747,-0.06417070382069494,1100711.75,372.714784075333
2021-11-15,348.5,362.6499938964844,347.04998779296875,356.0,1449387,0.0,0.030987583507957384,0.4707385016826036,-0.06334476179247385,1149028.0,372.54846781587696
2021-11-16,358.0,381.7000122070313,354.20001220703125,376.1499938964844,5436783,0.0,0.056601106450798744,0.5143648198476152,-0.06251881976425278,1383138.8,372.584303896281
2021-11-17,376.1499938964844,376.5,352.04998779296875,355.70001220703125,1835004,0.0,-0.054366561268856306,0.5464654235985174,-0.06296393931440762,1443340.5,372.41630099390045
2021-11-18,355.25,370.8999938964844,348.5,365.3500061035156,2984308,0.0,0.027129585508329113,0.532341462933707,-0.06234984088258253,1514257.6,372.3459896019563
2021-11-22,366.5,375.0,349.6499938964844,361.0499877929688,2337835,0.0,-0.011769585982512543,0.4764613659655273,-0.061735742450757435,1536181.8,372.2335915740062
2021-11-23,357.0,371.0,352.0,366.3999938964844,1247105,0.0,0.014817909664584628,0.47796919620583306,-0.06112164401893234,1539137.7,372.1755458259712
2021-11-24,366.0,390.0,364.8999938964844,379.3999938964844,4120948,0.0,0.03548034993601212,0.45886577554262625,-0.06050754558710725,1689280.45,372.2474308813992
2021-11-25,380.5,403.9500122070313,380.0,399.9500122070313,6587647,0.0,0.05416451934934341,0.4719907804814311,-0.05989344715528215,1969525.4,372.52307845677865
2021-11-26,398.0,398.0,363.0499877929688,369.4500122070313,2164682,0.0,-0.0762595301140081,0.5442725002287894,-0.06714989517522676,2022176.75,372.4925006831494
2021-11-29,369.4500122070313,372.8500061035156,349.0,364.25,1577422,0.0,-0.014075008892183605,0.5462023738353973,-0.06708722451649318,1992377.85,372.41048575097875
2021-11-30,365.7000122070313,377.0,362.5,364.0,2176711,0.0,-0.0006863417982154729,0.524095595966524,-0.06702455385775961,1994409.2,372.32679932559586
2021-12-01,373.7000122070313,399.75,372.1499938964844,397.3500061035156,12122210,0.0,0.0916208958887792,0.6029191725380558,-0.06696188319902605,2530738.75,372.57578645771446
2021-12-02,396.9500122070313,401.4500122070313,387.1499938964844,397.25,3220381,0.0,-0.00025168265252162314,0.5978980475489435,-0.06689921254029248,2619302.25,372.8213010203243
2021-12-03,393.0,417.9500122070313,390.5,405.3999938964844,6553121,0.0,0.02051603246440381,0.6001284125093996,-0.06683654188155891,2915800.1,373.1454671185946
2021-12-06,407.4500122070313,416.2999877929688,391.6499938964844,393.75,3945426,0.0,-0.028737035204443262,0.5945481539188736,-0.06677387122282533,3097542.0,373.35048734627026
2021-12-07,397.7000122070313,408.6499938964844,395.5499877929688,398.4500122070313,2679447,0.0,0.011936538938492225,0.5931702096532083,-0.06671120056409176,3183597.05,373.6002338622978
2021-12-08,402.1499938964844,412.3999938964844,398.5,410.3999938964844,2437015,0.0,0.029991169088593228,0.5985936614759093,-0.06664852990535819,3243465.45,373.9664006288071
2021-12-09,410.3999938964844,412.3999938964844,399.0,401.0,1208688,0.0,-0.02290446889932296,0.6078804948060235,-0.06603443147353309,3284155.05,374.23539166732644
2021-12-10,401.7999877929688,408.75,393.7000122070313,400.1499938964844,1501123,0.0,-0.002119715968866842,0.6045077801710421,-0.065420333041708,3298544.85,374.49324840592504
2021-12-13,404.0,405.0,394.2999877929688,395.5,674959,0.0,-0.011620627183333898,0.6073912755851781,-0.06480623460988291,3313010.1,374.7022708098462
2021-12-14,394.0,402.5499877929688,391.1000061035156,399.9500122070313,1102398,0.0,0.01125161114293638,0.6008157249739768,-0.06419213617805782,3295660.65,374.9534921172809
2021-12-15,401.7999877929688,416.5499877929688,400.5,410.5499877929688,3769709,0.0,0.02650325106241147,0.5988232335219048,-0.06357803774623272,3212306.95,375.3076861041037
2021-12-16,413.1000061035156,424.1000061035156,395.25,403.8500061035156,2761842,0.0,-0.016319527191977046,0.5763209251716034,-0.06296393931440762,3258648.85,375.59168928817746
2021-12-17,404.5,404.5,385.2000122070313,386.75,1609070,0.0,-0.042342468354779506,0.5623085588034785,-0.06234984088258253,3189886.95,375.70271725545933
2021-12-20,384.7000122070313,384.7000122070313,353.75,374.2999877929688,1998496,0.0,-0.03219136963679692,0.5698419968884649,-0.061735742450757435,3172920.0,375.6887597483699
2021-12-21,379.7000122070313,384.6499938964844,373.3999938964844,379.7999877929688,1800395,0.0,0.014694096124422407,0.5692975650842358,-0.06112164401893234,3200584.5,375.7296674901072
2021-12-22,381.0,387.3999938964844,377.6000061035156,381.3999938964844,927871,0.0,0.00421275975497859,0.5677120553542421,-0.06050754558710725,3040930.65,375.78608864837963
2021-12-23,385.2000122070313,395.3999938964844,381.3999938964844,392.7999877929688,1711622,0.0,0.029889863867115007,0.5639398713689117,-0.05989344715528215,2797129.4,375.9553811771815
2021-12-24,393.5,394.8999938964844,379.7000122070313,380.75,1754054,0.0,-0.030677159285758315,0.5416770848863416,-0.05927934872345706,2776598.0,376.0030888271598
2021-12-27,380.75,388.1499938964844,371.0,386.7000122070313,878607,0.0,0.015627083931796015,0.4714786747334267,-0.05866525029163196,2741657.25,376.10952587571575
2021-12-28,391.5,400.0,386.75,388.1000061035156,2040037,0.0,0.003620361655780835,0.4675680368326499,-0.05805115185980687,2734823.55,376.22883413668893
2021-12-29,388.1000061035156,392.0499877929688,385.0,388.6000061035156,1003645,0.0,0.001288327730318617,0.467399042042686,-0.05743705342798178,2178895.3,376.35193037516484
2021-12-30,388.5,391.25,384.1000061035156,387.3500061035156,821946,0.0,-0.0032166751939448623,0.34036252051757293,-0.05682295499615668,2058973.55,376.4613639645017
2021-12-31,388.8999938964844,396.5,388.8999938964844,394.7999877929688,838817,0.0,0.019233204006875004,0.3475147441074981,-0.05620885656433159,1773258.35,376.64383783344164
2022-01-03,392.0,404.2000122070313,392.0,400.2999877929688,1163907,0.0,0.013931104787379578,0.34332435751160395,-0.055594758132506486,1634182.4,376.8792224101533
2022-01-04,402.3999938964844,410.0,398.2999877929688,407.25,1260145,0.0,0.01736200954026934,0.3323088137691215,-0.054980659700681396,1563217.3,377.1814192020921
2022-01-05,409.0499877929688,437.8999938964844,407.8999938964844,429.1000061035156,9079554,0.0,0.05365256256234652,0.37676299142718445,-0.054980659700681396,1895344.25,377.69802205683266
2022-01-06,424.0,437.3999938964844,421.5499877929688,426.8500061035156,3622602,0.0,-0.005243532901412329,0.3655070571133534,-0.050341532937332525,2016039.95,378.18709652495886
2022-01-07,430.0,432.0,418.5499877929688,423.1499938964844,1651478,0.0,-0.008668178878118549,0.35643784899579706,-0.04694730781933715,2023557.7,378.63448853860586
2022-01-10,425.0,434.6499938964844,424.7000122070313,432.7999877929688,3550342,0.0,0.022805137742351267,0.36250629252362637,-0.04694730781933715,2167326.85,379.1734487301916
2022-01-11,436.7999877929688,436.7999877929688,421.5499877929688,425.8999938964844,2218317,0.0,-0.015942685053367156,0.36515096700858996,-0.04694730781933715,2223122.8,379.6383894781149
2022-01-12,426.0,455.3999938964844,426.0,453.6000061035156,7409483,0.0,0.06503877108240519,0.42210594747119734,-0.04694730781933715,2405111.5,380.37432596194975
2022-01-13,454.0,456.9500122070313,449.2999877929688,451.5,2554291,0.0,-0.004629643023056684,0.41712087896972666,-0.043921160934681416,2394733.95,381.0820441115821
2022-01-14,449.8999938964844,470.0,448.0499877929688,468.8999938964844,4397937,0.0,0.03853819246175938,0.42522836027040406,-0.04239391508815835,2534177.3,381.955854557203
2022-01-17,470.0,477.6499938964844,468.2000122070313,470.6499938964844,2903947,0.0,0.0037321390974176527,0.3852935846268314,-0.04239391508815835,2579449.85,382.83838330684756
2022-01-18,473.6499938964844,482.8999938964844,462.7000122070313,465.7000122070313,3894478,0.0,-0.010517330826826266,0.36224933899431677,-0.03605496193440009,2684154.0,383.6628771267499
2022-01-19,466.0,484.75,460.7000122070313,482.8500061035156,3815393,0.0,0.03682626894340757,0.3732685402062672,-0.03605496193440009,2828530.1,384.6498137334839
2022-01-20,484.7999877929688,484.9500122070313,475.5,477.1000061035156,1319787,0.0,-0.01190846003379209,0.3814608044800563,-0.03605496193440009,2808938.35,385.569716145126
2022-01-21,475.1000061035156,483.2000122070313,457.0,467.2000122070313,2406762,0.0,-0.020750353741006533,0.39008181228421657,-0.03605496193440009,2841573.75,386.3819578969858
2022-01-24,467.2000122070313,469.3500061035156,436.2000122070313,440.8500061035156,1939930,0.0,-0.056399840357536535,0.4307530692478858,-0.042943673000483344,2894639.9,386.9239285259065
2022-01-25,435.0,457.0,422.1000061035156,452.0499877929688,1863852,0.0,0.025405424825656775,0.4344362496612374,-0.042943673000483344,2885830.65,387.57194901612604
2022-01-27,449.0,459.5,442.0,455.0,1642996,0.0,0.006525853969013395,0.4341991330682704,-0.042943673000483344,2917798.2,388.2428748965626
2022-01-28,460.1000061035156,469.1000061035156,428.1000061035156,432.1000061035156,3703055,0.0,-0.050329656915350296,0.47872138442329076,-0.050531502133025596,3061853.65,388.67926426180594
2022-01-31,433.0,444.6499938964844,419.25,432.4500122070313,2588416,0.0,0.0008100117995180067,0.4780005235948194,-0.050531502133025596,3149333.6,389.1147940921067
2022-02-01,436.0,442.8999938964844,420.0,421.5499877929688,3093588,0.0,-0.02520528178143333,0.4868413300812198,-0.050531502133025596,3245817.65,389.4375323378864
2022-02-02,423.0,425.2999877929688,402.0,403.5,2908612,0.0,-0.042818143317877366,0.5107320668059347,-0.050531502133025596,3328241.0,389.5774573892507
2022-02-03,404.2000122070313,415.8500061035156,404.0,407.1000061035156,2096846,0.0,0.008921948211934705,0.5081284444157461,-0.050531502133025596,2979105.6,389.7518111078006
2022-02-04,404.8999938964844,409.7000122070313,395.3999938964844,396.9500122070313,1596208,4.5,-0.024932433663249376,0.4764237099740117,-0.050531502133025596,2877785.9,389.82343499933523
2022-02-07,396.0,404.8500061035156,392.6499938964844,395.2000122070313,1574930,0.0,-0.004408615559097884,0.4763889854198478,-0.050531502133025596,2873958.5,389.87693328000887
2022-02-08,397.0,399.7000122070313,384.1000061035156,390.3500061035156,1337881,0.0,-0.012272282271527213,0.47707014328239866,-0.050531502133025596,2763335.45,389.8816404722826
2022-02-09,391.9500122070313,405.9500122070313,391.5,404.1000061035156,1796604,0.0,0.03522479770719844,0.4874937079742303,-0.050531502133025596,2742249.8,390.02311674722023
2022-02-10,405.0,409.3999938964844,402.1000061035156,407.4500122070313,1249509,0.0,0.008290042199745828,0.4864971873579836,-0.050531502133025596,2434251.1,390.196518692094
2022-02-11,404.5,406.4500122070313,385.8999938964844,387.8999938964844,1323563,0.0,-0.0479813909064587,0.44721033035946856,-0.04809880420690328,2372714.7,390.1736676991029
2022-02-14,384.3999938964844,384.75,370.3500061035156,373.1499938964844,1490919,0.0,-0.03802526484168034,0.45972845671209395,-0.04809880420690328,2227363.8,390.00427791002215
2022-02-15,378.7000122070313,384.9500122070313,367.8999938964844,384.0,1104294,0.0,0.02907679560762766,0.44852846773064664,-0.04809880420690328,2137381.15,389.94453385121597
2022-02-16,385.1000061035156,399.0,384.0,389.25,1724269,0.0,0.013671875,0.4534018456311621,-0.04809880420690328,2028870.7,389.93762306662677
2022-02-17,389.25,398.3999938964844,389.25,393.3999938964844,1710786,0.0,0.010661512900409509,0.45818931048214134,-0.04809880420690328,1923640.35,389.9720745176702
2022-02-18,388.4500122070313,392.9500122070313,380.0,383.3999938964844,2144722,0.0,-0.025419420831590878,0.43213864465346635,-0.04809880420690328,1964887.1,389.9066806806435
2022-02-21,382.0,382.0,370.2000122070313,372.5,836480,0.0,-0.028429822822134132,0.4365531459715055,-0.04307630569730643,1886373.0,389.73347987785104
2022-02-22,359.0,372.5499877929688,357.0,366.7999877929688,1067779,0.0,-0.015302046193372276,0.43548184594882794,-0.04307630569730643,1842765.45,389.5052859267577
2022-02-23,371.2000122070313,382.3999938964844,370.1499938964844,380.2999877929688,1337988,0.0,0.036804799480036454,0.43298156244100694,-0.04307630569730643,1816472.25,389.41369092045136
2022-02-24,369.0,376.0,348.75,353.6000061035156,2071608,0.0,-0.07020768484480822,0.46896711140821395,-0.04809880420690328,1837902.85,389.0573358476461
2022-02-25,363.9500122070313,377.5,361.8999938964844,368.6499938964844,1376217,0.0,0.04256218193775396,0.5016143155665048,-0.04809880420690328,1721560.95,388.8542777187788
2022-02-28,368.3999938964844,379.0,363.6499938964844,377.7000122070313,901022,0.0,0.024549080321124794,0.4917705732237354,-0.04809880420690328,1637191.25,388.743290002244
2022-03-02,373.0,390.0,373.0,386.7000122070313,1223447,0.0,0.023828434495963835,0.50209892412043,-0.04809880420690328,1543684.2,388.7229588799036
2022-03-03,391.8999938964844,396.5499877929688,387.0,389.3999938964844,1325410,0.0,0.006982109139441972,0.4980041021843018,-0.04809880420690328,1464524.1,388.7296955467353
2022-03-04,386.9500122070313,392.75,380.2999877929688,390.4500122070313,1200404,0.0,0.002696503151014662,0.47700819352410867,-0.04809880420690328,1419702.0,388.74681312544476
2022-03-07,385.0,387.7999877929688,377.1499938964844,379.6000061035156,771024,0.0,-0.027788463988477452,0.4841595997984911,-0.04809880420690328,1378442.8,388.65580012025146
2022-03-08,381.0,404.4500122070313,379.9500122070313,394.6000061035156,3076723,0.0,0.039515278605948057,0.4984304829883838,-0.04809880420690328,1453532.45,388.71494644844313
2022-03-09,399.0,404.7999877929688,392.1000061035156,395.5499877929688,1930215,0.0,0.0024074548270633933,0.4981970060561738,-0.04809880420690328,1483149.15,388.7829568100802
2022-03-10,402.6000061035156,416.8999938964844,399.0,414.4500122070313,2826362,0.0,0.047781633162266246,0.5216551163177117,-0.04809880420690328,1534637.05,389.03835039611954
2022-03-11,414.8999938964844,430.7000122070313,414.4500122070313,423.0,5237215,0.0,0.020629720210256997,0.5128025341490935,-0.04809880420690328,1734022.35,389.3762772578497
2022-03-14,425.8999938964844,429.4500122070313,416.1000061035156,421.0499877929688,1775258,0.0,-0.004609957936243969,0.5129717415513692,-0.04809880420690328,1756607.1,389.69143855670666
2022-03-15,420.75,421.6499938964844,401.4500122070313,406.3999938964844,1408959,0.0,-0.03479395397509877,0.49859273531886045,-0.04809880420690328,1752509.1,389.8576928386945
2022-03-16,410.1000061035156,413.9500122070313,399.5499877929688,402.2000122070313,1121269,0.0,-0.010334600769021818,0.47893771767229454,-0.04809880420690328,1753357.85,389.98050198663816
2022-03-17,405.8999938964844,425.9500122070313,402.6000061035156,418.1499938964844,2343998,0.0,0.03965684039125006,0.48724420550717085,-0.04809880420690328,1784344.3,390.26079543847743
2022-03-21,420.9500122070313,439.8999938964844,414.0,431.6499938964844,4521172,0.0,0.03228506563924993,0.4958410455236494,-0.04809880420690328,1924863.6,390.6726282589551
2022-03-22,433.6000061035156,441.0,422.0,436.25,3268144,0.0,0.010656796405790647,0.49584041561261893,-0.04809880420690328,1981034.7,391.1261344454332
2022-03-23,438.0,438.4500122070313,413.4500122070313,416.5499877929688,2164999,0.0,-0.04515762110494259,0.5156202038243679,-0.04809880420690328,2047460.65,391.3791081105828
2022-03-24,416.5499877929688,424.0,413.0,415.2999877929688,2833348,0.0,-0.003000840323205689,0.5025390173075598,-0.04809880420690328,2135739.1,391.6171268138902
2022-03-25,416.8999938964844,420.0,406.5,409.8500061035156,1543814,0.0,-0.013122999878752872,0.5014484911504747,-0.04809880420690328,2146030.4,391.79854849836414
2022-03-28,410.0,424.0,403.25,416.2000122070313,2250718,0.0,0.015493487883252222,0.490140703823866,-0.04809880420690328,2154985.9,392.04134913228125
2022-03-29,418.5499877929688,433.0,416.2000122070313,427.1499938964844,3772846,0.0,0.026309421836360203,0.41191973607312277,-0.04809880420690328,2274817.35,392.39068888117885
2022-03-30,428.0499877929688,432.5499877929688,419.0,421.75,1415778,0.0,-0.012641914956442735,0.4000722807291049,-0.04809880420690328,2300555.15,392.6828213301224
2022-03-31,422.7999877929688,426.5,416.25,422.1000061035156,1152914,0.0,0.000829889990552779,0.39516891511658375,-0.04809880420690328,2297028.5,392.97552963632535
2022-04-01,423.9500122070313,436.3999938964844,419.0,430.25,2262572,0.0,0.019308206061683153,0.39284524356040346,-0.04809880420690328,2343886.6,393.3464198887002
2022-04-04,431.0,466.0,431.0,463.5499877929688,6401817,0.0,0.07739683391741736,0.46546615122100404,-0.04809880420690328,2603957.25,394.0449628529218
2022-04-05,467.8999938964844,474.3500061035156,460.5,462.2000122070313,3140500,0.0,-0.0029122546035755814,0.46678718025918536,-0.04809880420690328,2722431.05,394.7231225479876
2022-04-06,461.9500122070313,474.0,455.6000061035156,468.1499938964844,2006081,0.0,0.012873175102357859,0.4478568555127077,-0.04809880420690328,2668898.95,395.453738183296
2022-04-07,468.9500122070313,476.0,452.2999877929688,456.7999877929688,1892549,0.0,-0.024244379475577338,0.45010164490251453,-0.04809880420690328,2667015.65,396.0641486271734
2022-04-08,457.2000122070313,469.2000122070313,457.0,464.75,1498569,0.0,0.017403704946319598,0.45101446535845996,-0.04809880420690328,2600626.0,396.7475899343657
2022-04-11,470.0,489.0,468.0,476.2000122070313,5046953,0.0,0.024636927825780086,0.4320761987586859,-0.04809880420690328,2591112.9,397.53816130026286
2022-04-12,478.5499877929688,493.5,440.0499877929688,458.3500061035156,6911191,0.0,-0.037484262171239235,0.45522819534331305,-0.04809880420690328,2847909.55,398.1432542833798
2022-04-13,469.0,485.75,465.0,474.6499938964844,4978257,0.0,0.035562316081408474,0.46654368472185537,-0.04809880420690328,3026374.45,398.9045153740575
2022-04-18,475.0,509.0,472.0,507.0,6198407,0.0,0.06815549672285637,0.48854606085554286,-0.04809880420690328,3280231.35,399.98009233550965
2022-04-19,512.0999755859375,516.0,437.2000122070313,456.5,8436989,0.0,-0.09960552268244571,0.6183651188079513,-0.05063316608745961,3584880.9,400.54247947644984
2022-04-20,462.8999938964844,474.0,443.4500122070313,452.6499938964844,5300333,0.0,-0.008433748310001321,0.6085113460246676,-0.05063316608745961,3623838.95,401.06096220699743
2022-04-21,456.6499938964844,482.0,451.1499938964844,477.3500061035156,4501860,0.0,0.05456757437332449,0.6259801664402226,-0.05063316608745961,3685524.75,401.8200571711419
2022-04-22,474.0,480.7999877929688,458.6000061035156,469.2000122070313,2464997,0.0,-0.017073413202632226,0.6304850892934515,-0.05063316608745961,3700524.65,402.4905044849319
2022-04-25,464.0,465.8500061035156,445.3999938964844,449.4500122070313,2487871,0.0,-0.04209292303105361,0.6275426841142863,-0.04809880420690328,3683250.8,402.95776326823636
2022-04-26,457.6000061035156,463.0,454.1499938964844,459.8500061035156,1497661,0.0,0.023139378382514675,0.6301978087931399,-0.04809880420690328,3680943.15,403.5238552367466
2022-04-27,456.0,469.7999877929688,447.7999877929688,463.2000122070313,2898082,0.0,0.007284997410137217,0.6265036582950392,-0.04809880420690328,3713311.35,404.11764784341614
2022-04-28,467.7000122070313,479.6000061035156,457.5,464.5499877929688,3092635,0.0,0.002914454987825277,0.6257671614146432,-0.0452988095950184,3679300.8,404.7189646588346
2022-04-29,467.0,470.5,454.6499938964844,457.5499877929688,1652162,0.0,-0.01506834610685559,0.6252580874190468,-0.0452988095950184,3691120.0,405.2446464810648
2022-05-02,456.0,465.0,448.1000061035156,461.3999938964844,1116777,0.0,0.008414394506021994,0.622434361804498,-0.0452988095950184,3689313.15,405.80340615684014
2022-05-04,462.8999938964844,466.2999877929688,444.2000122070313,448.0499877929688,1178475,0.0,-0.028933693715025632,0.6334060248250807,-0.0452988095950184,3635108.3,406.2237701532195
2022-05-05,452.6000061035156,464.2999877929688,449.0499877929688,450.8999938964844,1534884,0.0,0.00636091101699221,0.6309460217375664,-0.0452988095950184,3391761.65,406.6683096929535
2022-05-06,446.0,451.3999938964844,436.0,448.9500122070313,1223584,0.0,-0.004324643415055673,0.5700953141687911,-0.0452988095950184,3295915.85,407.089023150805
2022-05-09,445.75,447.1000061035156,428.0,430.7999877929688,1274009,0.0,-0.04042771783174093,0.5863461085298357,-0.0452988095950184,3259312.25,407.32495314724446
2022-05-10,424.1000061035156,442.3999938964844,405.0,427.4500122070313,2477434,0.0,-0.007776173818155763,0.5838003411462014,-0.0452988095950184,3288556.5,407.52520249112297
2022-05-11,430.0,434.0,400.3500061035156,408.5,2169307,0.0,-0.044332697779531305,0.5967258126862928,-0.0452988095950184,3322093.4,407.5349019688233
2022-05-12,408.5,417.7999877929688,404.5,414.2000122070313,1730933,0.0,0.01395351825466662,0.5952388692626751,-0.0452988095950184,3156292.4,407.6012214736811
2022-05-13,422.1000061035156,425.4500122070313,386.0499877929688,391.2999877929688,1953558,0.0,-0.055287358134157416,0.6096704373817532,-0.04566410795640333,2908410.75,407.4390201435248
2022-05-16,385.0,402.5499877929688,379.3500061035156,384.8500061035156,3142890,0.0,-0.01648347020359675,0.6014162262706603,-0.04566410795640333,2816642.4,407.21425383466897
2022-05-17,386.9500122070313,407.0,386.8999938964844,405.8999938964844,2805661,0.0,0.05469660246622632,0.6220164828096958,-0.04566410795640333,2647005.1,407.20117662135374
2022-05-18,408.2999877929688,414.75,396.0,410.8999938964844,1971451,0.0,0.012318305186462153,0.5648117727967613,-0.04566410795640333,2323728.2,407.2379807733451
2022-05-19,400.0,414.1000061035156,392.5,400.5499877929688,2592131,0.0,-0.025188625595655267,0.4649686026978831,-0.04566410795640333,2188318.1,407.1714335795105
2022-05-20,396.0,405.0,390.8500061035156,396.0499877929688,2487732,0.0,-0.011234552832706357,0.46526972616286766,-0.04566410795640333,2087611.7,407.06077242740565
2022-05-23,398.25,412.3500061035156,395.0499877929688,404.3500061035156,2075369,0.0,0.020956996758918045,0.4228351728845959,-0.04566410795640333,2068130.3,407.033799628163
2022-05-24,408.0,419.8999938964844,398.0,401.3500061035156,4109782,0.0,-0.007419314837927793,0.4214105791253685,-0.04566410795640333,2149225.85,406.9772444687138
2022-05-25,405.2000122070313,407.7000122070313,346.79998779296875,358.3999938964844,5068764,0.0,-0.1070138571169067,0.5342814833437489,-0.05603337446968995,2327781.0,406.49388874162696
2022-05-26,362.7000122070313,365.8500061035156,335.29998779296875,345.75,4260739,0.0,-0.03529574249975587,0.5266790193615369,-0.04566410795640333,2395913.85,405.8894719382277
2022-05-27,351.75,356.25,342.5,350.1000061035156,2859716,0.0,0.012581362555359688,0.5295542779793697,-0.04566410795640333,2384267.9,405.33435287519575
2022-05-30,356.54998779296875,362.8500061035156,355.0,361.1499938964844,1420552,0.0,0.031562375322271574,0.5491310277843556,-0.04566410795640333,2372687.4,404.89470751222353
2022-05-31,361.7999877929688,366.2000122070313,358.0,363.3999938964844,1321080,0.0,0.006230098402396411,0.552251955324384,-0.04566410795640333,2382902.55,404.4818247896789
2022-06-01,365.0,370.75,355.0,357.54998779296875,2091984,0.0,-0.016097980742349804,0.5482903424711507,-0.04566410795640333,2428578.0,404.0148413369754
2022-06-02,356.8999938964844,366.5499877929688,353.3500061035156,364.9500122070313,2425748,0.0,0.020696475085177024,0.5552978114134847,-0.04566410795640333,2473121.2,403.6261365695133
2022-06-03,368.25,370.7999877929688,350.5,351.8500061035156,1309473,0.0,-0.03589534365074698,0.5597298523992665,-0.04566410795640333,2477415.65,403.1109511917422
2022-06-06,351.0,356.8999938964844,346.29998779296875,354.3500061035156,1956944,0.0,0.00710530043095825,0.5628730930192225,-0.04566410795640333,2511562.4,402.625767658526
2022-06-07,351.04998779296875,356.25,345.0,346.45001220703125,1259278,0.0,-0.02229432414395549,0.5541989158244488,-0.04566410795640333,2450654.6,402.0668049177151
2022-06-08,348.20001220703125,349.8999938964844,333.79998779296875,337.75,1395853,0.0,-0.02511188310142798,0.5566790217823364,-0.04566410795640333,2411981.9,401.42683670957865
2022-06-09,337.75,341.8999938964844,326.8999938964844,333.3999938964844,2641500,0.0,-0.012879366701748718,0.5431265579582256,-0.04566410795640333,2457510.25,400.74995270148816
2022-06-10,330.79998779296875,335.0,328.25,329.6499938964844,978755,0.0,-0.011247750655821287,0.5366537801895761,-0.04566410795640333,2408770.1,400.0424904248215
2022-06-13,326.0,326.0,317.25,320.3999938964844,907901,0.0,-0.02806006422346441,0.5157455799079069,-0.04566410795640333,2297020.65,399.25002777279826
2022-06-14,319.0,323.6499938964844,309.1000061035156,310.45001220703125,1253989,0.0,-0.03105487477839275,0.5208699620416296,-0.04566410795640333,2219437.05,398.3664455283628
2022-06-15,314.6499938964844,321.29998779296875,308.79998779296875,319.95001220703125,1619069,0.0,0.03060073965680732,0.4890814712266353,-0.04566410795640333,2201817.95,397.5861825102401
2022-06-16,324.79998779296875,326.95001220703125,296.1499938964844,299.29998779296875,3175591,0.0,-0.06454140842695266,0.5150902718550479,-0.05575006064879717,2230990.95,396.60821042350113
2022-06-17,299.70001220703125,306.8999938964844,294.6000061035156,299.95001220703125,2200061,0.0,0.0021718157052252884,0.5166255840483202,-0.05575006064879717,2216607.4,395.6464373069194
2022-06-20,302.5,304.6000061035156,277.3999938964844,280.0,1966221,0.0,-0.06651112317095476,0.5485378465742465,-0.06463989416415276,2211150.0,394.4957264879451
2022-06-21,284.8500061035156,294.25,281.75,292.3999938964844,1691542,0.0,0.044285692487444184,0.5736073796436016,-0.06463989416415276,2090238.0,393.47984855171165
2022-06-22,291.70001220703125,291.70001220703125,274.79998779296875,277.3500061035156,2090827,0.0,-0.051470547561970004,0.5867336181687463,-0.06463989416415276,1941341.15,392.3243277313316
2022-06-23,277.29998779296875,283.75,273.1000061035156,280.3999938964844,1845713,0.0,0.010996891025235378,0.4929616344230565,-0.06463989416415276,1820589.85,391.2106527678008
2022-06-24,282.8999938964844,289.0,281.6499938964844,284.70001220703125,1195978,0.0,0.015335301013359892,0.49292031341186027,-0.06463989416415276,1737402.95,390.150845399037
2022-06-27,288.0,296.0,283.8500061035156,284.79998779296875,2242376,0.0,0.0003511611578885798,0.4880504504344047,-0.06463989416415276,1778494.15,389.1025781591756
2022-06-28,284.75,284.75,268.20001220703125,269.95001220703125,4142486,0.0,-0.05214177044393864,0.48582291819242035,-0.06463989416415276,1919564.45,387.91698048801
2022-06-29,265.8500061035156,276.3999938964844,264.0,272.75,2688095,0.0,0.01037224547640081,0.48812861747187275,-0.06463989416415276,1949370.0,386.7710403836517
2022-06-30,273.8999938964844,273.8999938964844,264.54998779296875,266.1499938964844,2103084,0.0,-0.024198005879067397,0.48955693751975965,-0.06463989416415276,1933236.8,385.570830965869
2022-07-01,267.70001220703125,272.3999938964844,260.79998779296875,271.25,1548368,0.0,0.01916214999238064,0.4882336073361318,-0.06463989416415276,1945181.55,384.43331025974095
2022-07-04,272.0,279.6000061035156,271.0,275.04998779296875,2453478,0.0,0.014009171586981672,0.490086393661098,-0.06463989416415276,1970008.25,383.3449189914149
2022-07-05,273.5,283.8500061035156,273.5,279.75,2510278,0.0,0.017087847357291963,0.4959681666758824,-0.06463989416415276,2032558.25,382.31412377757
2022-07-06,280.95001220703125,287.70001220703125,278.1499938964844,282.20001220703125,3167111,0.0,0.00875786311718052,0.49849661314229354,-0.06463989416415276,2121121.15,381.3179634634353
2022-07-07,284.95001220703125,293.6000061035156,282.1000061035156,291.79998779296875,2193484,0.0,0.034018338662914926,0.5165349243715146,-0.06463989416415276,2098720.35,380.427237337361
2022-07-08,293.95001220703125,300.20001220703125,290.8500061035156,298.04998779296875,2373376,0.0,0.021418780882315636,0.5247355061768797,-0.06463989416415276,2168451.4,379.6075632125412
2022-07-11,295.1000061035156,306.29998779296875,293.20001220703125,303.3999938964844,2385732,0.0,0.01795002960118164,0.5299323848960041,-0.06463989416415276,2242342.95,378.8492789407397
2022-07-12,301.1000061035156,308.45001220703125,299.25,301.04998779296875,2441865,0.0,-0.007745570701354065,0.5226450268280024,-0.06463989416415276,2301736.75,378.07515664076186
2022-07-13,302.0,303.95001220703125,293.29998779296875,297.20001220703125,2115412,0.0,-0.012788492748869063,0.5137975110212083,-0.05575006064879717,2326553.9,377.2704288354511
2022-07-14,297.79998779296875,299.8999938964844,294.79998779296875,299.04998779296875,1455909,0.0,0.006224682065789411,0.501357277156174,-0.05575006064879717,2240569.8,376.4921159892573
2022-07-15,299.04998779296875,306.0,298.3500061035156,303.54998779296875,1771552,0.0,0.015047651508734772,0.4509914338006416,-0.05575006064879717,2219144.35,375.76632366889623
2022-07-18,306.5,307.25,302.3500061035156,303.3500061035156,1225755,0.0,-0.0006588097430250128,0.4510103841501242,-0.05575006064879717,2182121.05,375.0457632951114
2022-07-19,303.25,305.95001220703125,300.45001220703125,303.3500061035156,1107698,0.0,0.0,0.37876179671751764,-0.05575006064879717,2152928.85,374.33237267628954
2022-07-20,305.0,318.45001220703125,305.0,314.1000061035156,4078288,0.0,0.03543761260493161,0.36802008848941375,-0.05575006064879717,2252301.9,373.7330456457147
2022-07-21,314.04998779296875,315.25,307.1499938964844,310.1000061035156,1719014,0.0,-0.012734797587624858,0.31561821051709055,-0.05575006064879717,2245966.95,373.0998810731555
2022-07-22,311.5,324.8999938964844,310.0,320.25,4588010,0.0,0.03273135664852633,0.32906488859033733,-0.05575006064879717,2415568.55,372.57401160974104
2022-07-25,321.8999938964844,322.54998779296875,313.0,316.1499938964844,2330788,0.0,-0.012802517106996536,0.33400307135994745,-0.05575006064879717,2419989.15,372.01257859766883
2022-07-26,316.6499938964844,318.79998779296875,312.5,314.3500061035156,1589988,0.0,-0.0056934614193226984,0.33576370619646845,-0.05575006064879717,2292364.25,371.43882165742855
2022-07-27,314.0,323.3500061035156,307.1499938964844,320.75,2268817,0.0,0.020359452114586007,0.2674866285391747,-0.05575006064879717,2271400.35,370.93445527277754
2022-07-28,323.0,324.0,316.79998779296875,321.3500061035156,2225161,0.0,0.001870634773236457,0.2683083217837537,-0.05575006064879717,2277504.2,370.4410776691033
2022-07-29,323.0,324.8999938964844,317.54998779296875,322.1499938964844,2551567,0.0,0.002489459398706373,0.24269231089855603,-0.05575006064879717,2327664.15,369.9605693728584
2022-08-01,323.70001220703125,336.8999938964844,322.0,335.6499938964844,4871501,0.0,0.04190594522977986,0.2660657261793086,-0.05575006064879717,2448565.3,369.61917061189945
2022-08-02,335.29998779296875,335.5,328.04998779296875,330.3999938964844,2365897,0.0,-0.015641293297979697,0.280339312404838,-0.05575006064879717,2441346.25,369.22893004756696
2022-08-03,332.70001220703125,335.54998779296875,317.0,320.45001220703125,5813443,0.0,-0.030114957243523754,0.3092035164082858,-0.05575006064879717,2573662.85,368.7435676809945
2022-08-04,323.0,325.0,310.5,320.20001220703125,3115474,0.0,-0.0007801528802516833,0.31015516913129576,-0.05575006064879717,2619762.35,368.2605472285172
2022-08-05,321.3999938964844,328.0,320.04998779296875,321.70001220703125,1951426,0.0,0.004684571963820439,0.2932040121365608,-0.05276175234308934,2598664.85,367.7972583228308
2022-08-08,323.5,334.29998779296875,322.04998779296875,330.0,3504998,0.0,0.02580039626366948,0.2967019934758419,-0.05276175234308934,2654628.15,367.4211662002156
2022-08-10,331.8500061035156,333.5,324.54998779296875,329.6000061035156,1927781,0.0,-0.0012121027166193121,0.29359392571548126,-0.05276175234308934,2628923.95,367.0448362490047
2022-08-11,331.8500061035156,342.3500061035156,327.6000061035156,338.75,3223234,0.0,0.027760903298074124,0.30118933586563185,-0.05276175234308934,2684315.05,366.76329558981064
2022-08-12,339.0,344.8999938964844,335.6000061035156,342.8999938964844,3522937,0.0,0.012250904491466708,0.2941205215960528,-0.05276175234308934,2787666.45,366.5258498018174
2022-08-16,345.3999938964844,345.6000061035156,337.0,341.70001220703125,1486365,0.0,-0.0034995092178840004,0.29636248370478796,-0.05276175234308934,2773407.1,366.2788265421678
2022-08-17,343.0,346.79998779296875,340.0,340.79998779296875,1534102,0.0,-0.002633960731371565,0.2962914794719231,-0.05276175234308934,2788824.45,366.0253057585937
2022-08-18,340.79998779296875,344.25,339.5,342.5,1162128,0.0,0.004988298908226385,0.29541096256623606,-0.05276175234308934,2791545.95,365.7912231142295
2022-08-19,339.95001220703125,343.79998779296875,335.0,338.95001220703125,2316853,3.0,-0.010364927862682505,0.30018932555563965,-0.05150410870606843,2703474.2,365.5241463887848
2022-08-22,330.3500061035156,334.0,320.04998779296875,322.25,2741723,0.0,-0.04926983804570817,0.3350242275775749,-0.05150410870606843,2754609.65,365.09355786750336
2022-08-23,319.0,324.3999938964844,317.20001220703125,322.54998779296875,1685073,0.0,0.0009309163474593429,0.33106371219947767,-0.05150410870606843,2609462.8,364.67023876228416
2022-08-24,322.25,327.29998779296875,321.04998779296875,325.20001220703125,1781787,0.0,0.008215856500864094,0.31286024893352726,-0.05150410870606843,2582012.75,364.27750018959506
2022-08-25,323.0,333.8999938964844,312.1499938964844,327.45001220703125,2761522,0.0,0.006918818928480119,0.309403794244936,-0.05150410870606843,2640589.45,363.9110575231019
2022-08-26,329.70001220703125,351.0,329.04998779296875,348.1499938964844,9505217,0.0,0.06321569985578601,0.37363549999851886,-0.05150410870606843,3002409.45,363.75423101935445
2022-08-29,342.0,351.0,335.1000061035156,346.1499938964844,3359880,0.0,-0.0057446503951243955,0.37116954738796665,-0.05150410870606843,3059145.4,363.57906448081843
2022-08-30,348.0,357.79998779296875,347.1499938964844,350.25,4606289,0.0,0.011844593892269994,0.37209147629899464,-0.05150410870606843,3161881.5,363.44643697354667
2022-09-01,349.95001220703125,356.79998779296875,347.0,352.6000061035156,2184669,0.0,0.0067095106452979,0.37211008159715414,-0.05150410870606843,3027539.9,363.33851228827274
2022-09-02,355.1000061035156,356.6499938964844,344.54998779296875,345.79998779296875,1215212,0.0,-0.019285360728412915,0.3547185508116235,-0.05150410870606843,2970005.65,363.16399960672743
2022-09-05,347.5,350.5,343.3999938964844,345.6499938964844,958706,0.0,-0.0004337591144571995,0.34924444415388817,-0.05150410870606843,2727268.8,362.9897308931927
2022-09-06,346.0,349.6000061035156,341.45001220703125,342.45001220703125,1185554,0.0,-0.00925786705036502,0.33183213009969087,-0.05150410870606843,2630772.8,362.7853555828827
2022-09-07,342.79998779296875,347.6499938964844,340.3999938964844,343.25,994614,0.0,0.002336071731500189,0.3315161089553789,-0.05150410870606843,2582932.2,362.5909739352918
2022-09-08,345.0,350.3999938964844,343.54998779296875,347.8500061035156,1154668,0.0,0.013401328779360844,0.333271906464519,-0.05150410870606843,2465415.7,362.44429763845824
2022-09-09,349.70001220703125,353.5,348.54998779296875,351.54998779296875,1504904,0.0,0.010636715896310989,0.32476878244577795,-0.05150410870606843,2444271.85,362.3358965454683
2022-09-12,352.45001220703125,365.0,352.0,364.3500061035156,3522284,0.0,0.03641023682266464,0.3438940516130647,-0.05150410870606843,2459224.35,362.3559374365932
2022-09-13,366.1000061035156,366.7999877929688,359.29998779296875,361.7000122070313,1941786,0.0,-0.007273209419767168,0.3360097752802286,-0.04937987352152126,2380166.8,362.3494108173936
2022-09-14,356.6499938964844,361.8999938964844,354.1000061035156,355.5,1606310,0.0,-0.01714131047217804,0.34156650516583803,-0.04937987352152126,2386164.05,362.2812574759271
2022-09-15,357.5,360.8500061035156,349.8999938964844,354.3500061035156,1691370,0.0,-0.00323486328125,0.3415146452700829,-0.031072701283632972,2394027.45,362.2023395518235
2022-09-16,354.0,354.45001220703125,339.95001220703125,341.8999938964844,2188204,0.0,-0.035134787618415486,0.36477797498862086,-0.035841540139780116,2445331.25,362.0003261622182
2022-09-19,342.6000061035156,353.20001220703125,337.79998779296875,342.70001220703125,1958453,0.0,0.002339919054777928,0.36447377572700657,-0.03036594876226834,2427411.25,361.808283237291
2022-09-20,345.20001220703125,353.1000061035156,340.79998779296875,351.25,2347637,0.0,0.024948898419657972,0.3719348049350516,-0.03036594876226834,2407706.95,361.70322569264135
2022-09-21,353.5,357.0,342.1000061035156,343.45001220703125,1490186,0.0,-0.02220637094083633,0.3349430343315519,-0.03036594876226834,2397962.6,361.52160167785917
2022-09-22,343.45001220703125,348.54998779296875,339.5,346.04998779296875,1046422,0.0,0.007570171767442568,0.33515401805111716,-0.03036594876226834,2361194.35,361.3676552710444
2022-09-23,347.0,347.54998779296875,327.0,329.5,1624067,0.0,-0.047825425160454293,0.37874215189536475,-0.03036594876226834,2304321.6,361.0505641738201
2022-09-26,329.5,329.5,314.3500061035156,316.3999938964844,2440955,0.0,-0.03975722641431145,0.40311783094573217,-0.035365909558210284,1951108.5,360.6062798924536
2022-09-27,318.0,322.95001220703125,314.3500061035156,317.3999938964844,2193230,0.0,0.0031605563188701336,0.32879190802955066,-0.035365909558210284,1892776.0,360.17636659896135
2022-09-28,315.0,316.3999938964844,302.0,303.25,2063897,0.0,-0.04458095201192469,0.3573894148815489,-0.03999841269419212,1765656.4,359.609935090514
2022-09-29,308.25,313.20001220703125,303.29998779296875,309.3500061035156,1517525,0.0,0.020115436450175217,0.36369631954648424,-0.03999841269419212,1732299.2,359.1098362946235
2022-09-30,310.0,321.0,306.25,319.45001220703125,1460968,0.0,0.032649122043773016,0.38525824965126215,-0.03999841269419212,1744587.0,358.71521117932406
2022-10-03,318.5,321.54998779296875,310.6499938964844,312.6000061035156,1029388,0.0,-0.02144312362422518,0.3863790493657732,-0.03999841269419212,1748121.1,358.2563534173757
2022-10-04,318.0,322.0,316.3500061035156,320.45001220703125,737839,0.0,0.025111983206155708,0.3996801224354382,-0.03999841269419212,1725735.35,357.8801709177703
2022-10-06,322.0,326.75,320.04998779296875,321.6499938964844,2528434,0.0,0.0037446766851045865,0.3997735105066211,-0.03999841269419212,1802426.35,357.51967164392664
2022-10-07,321.79998779296875,323.54998779296875,316.1499938964844,320.6000061035156,1307898,0.0,-0.0032643799561415943,0.39935953734987234,-0.03999841269419212,1810087.85,357.15231178780317
2022-10-10,317.1000061035156,319.3999938964844,313.25,318.54998779296875,833808,0.0,-0.00639431775271071,0.3950162027066935,-0.03999841269419212,1776533.05,356.7682090614864
2022-10-11,318.8999938964844,324.79998779296875,316.54998779296875,320.0,1218459,0.0,0.004551914181750494,0.3927537447960572,-0.03999841269419212,1661341.8,356.402356235004
2022-10-12,320.5,322.75,312.20001220703125,319.79998779296875,764356,0.0,-0.0006250381469726785,0.36446956851400797,-0.03999841269419212,1602470.3,356.038153563939
2022-10-13,318.0,321.3500061035156,312.8999938964844,318.45001220703125,630330,0.0,-0.004221312187202009,0.3644819773792467,-0.03999841269419212,1553671.3,355.6641422071539
2022-10-14,324.0,329.8500061035156,321.54998779296875,325.95001220703125,1571881,0.0,0.02355157705292865,0.37560616164494187,-0.03999841269419212,1547696.85,355.36847922207807
2022-10-17,325.1000061035156,329.95001220703125,321.25,327.6499938964844,1542590,0.0,0.0052154674820916735,0.3769201860316047,-0.03999841269419212,1515416.15,355.0926733979428
2022-10-18,328.0,332.45001220703125,324.0,328.95001220703125,1562952,0.0,0.003967704363692315,0.3594402149303399,-0.03999841269419212,1495641.1,354.8325474159437
2022-10-19,328.95001220703125,330.5,322.0,322.6499938964844,1138708,0.0,-0.019151901738133525,0.3641587700015061,-0.03999841269419212,1435194.65,354.51232300281475
2022-10-20,322.95001220703125,328.8999938964844,317.6499938964844,327.45001220703125,1031937,0.0,0.01487685851959708,0.35613650738799557,-0.03999841269419212,1412282.2,354.2430462784786
2022-10-21,328.0,332.3999938964844,322.1000061035156,324.45001220703125,929149,0.0,-0.00916170373541858,0.3501316068923187,-0.03999841269419212,1406418.55,353.9465981782652
2022-10-24,327.95001220703125,328.79998779296875,326.3999938964844,327.45001220703125,144799,0.0,0.009246416665522172,0.3507849064846234,-0.03999841269419212,1332455.15,353.6829505566609
2022-10-25,328.25,331.95001220703125,324.75,326.75,938349,0.0,-0.0021377681506655755,0.3094990599375415,-0.03999841269419212,1257324.85,353.41496099888315
2022-10-27,328.0,328.3500061035156,320.25,324.20001220703125,1021607,0.0,-0.007804094240149162,0.2760484373536445,-0.03999841269419212,1198743.7,353.12426499100405
2022-10-28,324.0,325.20001220703125,314.70001220703125,316.54998779296875,1103157,0.0,-0.0235966197594627,0.28903805886693745,-0.03999841269419212,1150706.7,352.7603418348047
2022-10-31,318.1499938964844,328.45001220703125,316.0,326.3999938964844,1239778,0.0,0.03111674769660011,0.25923703066807485,-0.03999841269419212,1136819.35,352.49804981551796
2022-11-01,329.0,329.29998779296875,321.54998779296875,326.1000061035156,1037085,0.0,-0.0009190802652523367,0.25254264187911124,-0.03999841269419212,1115625.2,352.235382713906
2022-11-02,318.0,318.3999938964844,303.5,308.04998779296875,7712345,0.0,-0.055351174402668235,0.30024083856956807,-0.04474317566935117,1449773.05,351.79572704305093
2022-11-03,309.0,311.79998779296875,306.5,310.29998779296875,1724148,0.0,0.007304009378867882,0.2926686420211567,-0.04474317566935117,1499088.5,351.3828341151894
2022-11-04,312.1000061035156,312.75,306.54998779296875,307.6000061035156,1383571,0.0,-0.008701198181337189,0.27895754948693047,-0.04474317566935117,1441845.35,350.9471840852225
2022-11-07,309.0,310.95001220703125,307.20001220703125,310.0,1133111,0.0,0.00780232070501552,0.2803241304068301,-0.04474317566935117,1433106.0,350.53974941770787
2022-11-09,313.5,314.25,308.6499938964844,309.70001220703125,1532736,0.0,-0.0009677025579637455,0.28026567771975325,-0.04474317566935117,1468052.4,350.13338387332306
2022-11-10,309.25,310.20001220703125,296.79998779296875,298.79998779296875,1815768,0.0,-0.03519542778311535,0.3034116488474353,-0.04474317566935117,1497917.85,349.62260381282204
2022-11-11,303.0,303.0,285.1499938964844,286.3999938964844,4413340,0.0,-0.04149931192459089,0.3299969968580853,-0.04474317566935117,1680367.05,348.9935231171371
2022-11-14,287.0,292.79998779296875,283.54998779296875,291.04998779296875,1472586,0.0,0.016236012554403434,0.3379257158356862,-0.04474317566935117,1722479.85,348.4169705268469
2022-11-15,292.6000061035156,296.0,290.0,295.1499938964844,1523238,0.0,0.014086948206409433,0.34384940541417086,-0.04474317566935117,1720047.7,347.88695085888315
2022-11-16,297.0,297.0,284.6000061035156,287.0,1932342,0.0,-0.02761305798753555,0.3389923271498025,-0.04474317566935117,1739535.3,347.28111055182956
2022-11-17,286.6499938964844,289.0,282.54998779296875,286.6000061035156,852034,0.0,-0.001393706956391516,0.33704864810952706,-0.04474317566935117,1703989.4,346.6773184677667
2022-11-18,285.6499938964844,288.0,280.5,282.45001220703125,965526,0.0,-0.014480090049214689,0.3361377632281716,-0.041653393928957574,1695330.3,346.0382407935305
2022-11-21,283.0,287.75,279.75,286.20001220703125,1387510,0.0,0.013276685565342783,0.34013119178625667,-0.041653393928957574,1713108.95,345.4428355339634
2022-11-22,286.20001220703125,286.79998779296875,281.79998779296875,285.1000061035156,984599,0.0,-0.0038434872697346023,0.3321081859239597,-0.041653393928957574,1715881.45,344.84240937047633
2022-11-23,287.0,301.70001220703125,285.6000061035156,296.8999938964844,5071297,0.0,0.04138894261785575,0.3706661268944893,-0.041653393928957574,1962206.35,344.3653704105361
2022-11-24,298.54998779296875,300.8500061035156,292.04998779296875,297.6499938964844,2204006,0.0,0.002526103116935463,0.36837443934336417,-0.041653393928957574,2025489.2,343.9005407934809
2022-11-25,300.0,304.0,297.20001220703125,303.04998779296875,1879519,0.0,0.01814209308656123,0.37646645790411953,-0.041653393928957574,2068384.8,343.4940676292967
2022-11-28,303.1499938964844,311.79998779296875,302.25,308.5,2646775,0.0,0.01798387205596752,0.38312652742038794,-0.041653393928957574,2145565.7,343.14586795139326
2022-11-29,308.79998779296875,311.3500061035156,305.5,306.45001220703125,2443102,0.0,-0.006645017157110966,0.37555703741905644,-0.041653393928957574,2205731.9,342.7807350584145
2022-11-30,305.25,307.70001220703125,302.1499938964844,304.79998779296875,800624,0.0,-0.005384318317297909,0.35670367784688706,-0.041653393928957574,2193908.85,342.4028171751762
2022-12-01,306.95001220703125,307.3500061035156,301.54998779296875,303.45001220703125,1121698,0.0,-0.00442905393701809,0.3566514461336981,-0.041653393928957574,1864376.5,342.0152270759907
2022-12-02,302.04998779296875,304.70001220703125,300.6000061035156,302.04998779296875,1312147,0.0,-0.004613690419321248,0.30229964314241403,-0.041653393928957574,1843776.45,341.6175630035229
2022-12-05,305.0,310.5,303.04998779296875,309.45001220703125,1903422,0.0,0.02449933690821604,0.3137335803039776,-0.041653393928957574,1869769.0,341.2974878712195
2022-12-06,310.70001220703125,311.54998779296875,306.5,307.5,1318283,0.0,-0.006301541864947913,0.31299888080904353,-0.041653393928957574,1879027.6,340.9611944595656
2022-12-07,307.5,311.8999938964844,305.04998779296875,308.75,2382993,0.0,0.004065040650406582,0.3121171658370481,-0.041653393928957574,1921540.45,340.640685061958
2022-12-08,308.79998779296875,315.0,308.1499938964844,312.1000061035156,2793631,0.0,0.01085022219762144,0.3143360951272603,-0.041653393928957574,1970433.6,340.35669820665015
2022-12-09,314.5,314.5,302.54998779296875,305.6499938964844,1473472,0.0,-0.020666491768321027,0.29707062850383575,-0.041653393928957574,1823440.2,340.0113578652555
2022-12-12,304.0,312.3999938964844,302.70001220703125,311.1000061035156,1768203,0.0,0.017830892576026214,0.2580329992061304,-0.041653393928957574,1838221.05,339.7236827233476
2022-12-13,318.0,323.95001220703125,313.1000061035156,313.95001220703125,6979636,0.0,0.009161060905178209,0.254976493725185,-0.041653393928957574,2111040.95,339.4672282903495
2022-12-14,315.3999938964844,317.20001220703125,311.45001220703125,313.1000061035156,2199485,0.0,-0.0027074568258181886,0.25301504169105365,-0.041653393928957574,2124398.1,339.20486787058
2022-12-15,313.1499938964844,320.3500061035156,307.8500061035156,314.04998779296875,3753386,0.0,0.0030341158445683636,0.22736457977104896,-0.041653393928957574,2269465.7,338.95457055637496
2022-12-16,313.75,319.8999938964844,311.25,315.25,4088583,0.0,0.003821086622115555,0.22640733234225316,-0.041653393928957574,2425618.55,338.7187041826797
2022-12-19,317.95001220703125,318.3999938964844,304.04998779296875,304.8500061035156,6618142,0.0,-0.03298967136077513,0.2535575970009861,-0.041653393928957574,2687150.15,338.3817022117427
2022-12-20,304.0,307.0,296.5,305.75,2732089,0.0,0.002952251528506755,0.25118728336018886,-0.041653393928957574,2774524.65,338.05700865739703
2022-12-21,307.6499938964844,314.3999938964844,299.45001220703125,301.75,3204741,0.0,-0.013082583810302584,0.2564675984683872,-0.03984433068982542,2681196.85,337.69574488966174
2022-12-22,305.45001220703125,305.70001220703125,291.6000061035156,295.04998779296875,1664648,0.0,-0.022203851556027332,0.22915575544927927,-0.03551062199018913,2654228.95,337.27140899815237
2022-12-23,290.04998779296875,292.3999938964844,275.5,277.0,3050632,0.0,-0.06117603301049479,0.311183146322779,-0.041653393928957574,2712784.6,336.67169348573293
2022-12-26,278.0,289.79998779296875,274.29998779296875,288.8500061035156,1574311,0.0,0.04277980542785431,0.3426212648476871,-0.03551062199018913,2659161.4,336.1958558003377
2022-12-27,289.0,296.25,288.5,295.20001220703125,1327562,0.0,0.021983749244720352,0.34583449413529466,-0.03551062199018913,2603384.4,335.78793695861333
2022-12-28,295.0,307.25,291.29998779296875,303.6000061035156,2559733,0.0,0.028455262700305184,0.3607772244728159,-0.03551062199018913,2691339.85,335.4676590396572
2022-12-29,303.3500061035156,308.79998779296875,300.5,304.3500061035156,3184052,0.0,0.002470355681561731,0.360379865724215,-0.03551062199018913,2794457.55,335.1580306522329
2022-12-30,306.1000061035156,314.20001220703125,306.1000061035156,310.20001220703125,2295855,0.0,0.019221310945286785,0.36584165669909297,-0.03551062199018913,2843642.95,334.90969216024087
2023-01-02,312.0,316.0,310.04998779296875,314.1499938964844,1357710,0.0,0.01273366065123449,0.36723883853703776,-0.03551062199018913,2816357.35,334.70312799841247
2023-01-03,314.1499938964844,316.70001220703125,313.0,314.54998779296875,783182,0.0,0.0012732576929992412,0.35811321947800784,-0.03551062199018913,2789602.3,334.5025992401494
2023-01-04,313.29998779296875,320.70001220703125,311.0,316.5,4133437,0.0,0.006199371428094569,0.357508924420878,-0.03551062199018913,2877124.5,334.32346889945137
2023-01-05,318.25,321.0,313.75,317.8500061035156,2620750,0.0,0.004265422128011398,0.35752687018511214,-0.03551062199018913,2868480.45,334.1595538467555
2023-01-06,317.0,320.6499938964844,310.6499938964844,313.29998779296875,1885803,0.0,-0.014314985757983734,0.3599681326480682,-0.03551062199018913,2889097.0,333.95199597557354
2023-01-09,316.0,317.79998779296875,312.5,314.25,1164262,0.0,0.003032276552972668,0.35173473325752336,-0.03551062199018913,2858899.95,333.7559562146226
2023-01-10,314.25,315.25,307.0,308.75,940473,0.0,-0.017501988862370754,0.35243435910482407,-0.03551062199018913,2556941.8,333.50714072989996
2023-01-11,309.0,311.0,307.0,308.70001220703125,580468,0.0,-0.0001619037828947123,0.3508157434086989,-0.03551062199018913,2475990.95,333.26030363017
2023-01-12,308.3500061035156,308.3500061035156,305.3999938964844,307.29998779296875,635389,0.0,-0.004535226299646422,0.3510133085352879,-0.03551062199018913,2320091.1,333.00199202979985
2023-01-13,306.79998779296875,308.5,303.29998779296875,306.75,651658,0.0,-0.0017897423196101547,0.3507722714955989,-0.03551062199018913,2148244.85,332.74077817875707
2023-01-16,307.04998779296875,308.70001220703125,299.20001220703125,300.29998779296875,819007,0.0,-0.02102693466024852,0.3570769764845562,-0.03551062199018913,1858288.1,332.4179842445701
2023-01-17,301.20001220703125,303.45001220703125,297.1499938964844,302.79998779296875,935584,0.0,0.008325008663415456,0.34028331971287334,-0.03551062199018913,1768462.85,332.12327781221586
2023-01-18,303.0,307.8999938964844,302.79998779296875,306.29998779296875,722489,0.0,0.011558785142333106,0.342554534187047,-0.03551062199018913,1644350.25,331.8663296528204
2023-01-19,305.0,310.29998779296875,304.8500061035156,309.04998779296875,1014361,0.0,0.008978126378048623,0.34020361888267736,-0.03551062199018913,1611835.9,331.639301375608
2023-01-20,309.70001220703125,309.70001220703125,302.5,303.5,659487,0.0,-0.017958220392122026,0.33679917382154373,-0.03551062199018913,1492278.65,331.3593083270945
2023-01-23,302.1499938964844,306.45001220703125,300.0,305.1000061035156,573704,0.0,0.005271848775998844,0.2477151435848966,-0.03551062199018913,1442248.3,331.09802173780514
2023-01-24,305.0,306.79998779296875,298.3999938964844,299.3999938964844,844370,0.0,-0.01868243884956633,0.21853026542041845,-0.03551062199018913,1418088.7,330.78261847570246
2023-01-25,299.0,300.1499938964844,293.3999938964844,295.75,935722,0.0,-0.012191028626895473,0.21068461091893947,-0.03551062199018913,1336888.15,330.43403520728754
2023-01-27,295.95001220703125,297.75,286.25,291.79998779296875,1129141,0.0,-0.013355916169167426,0.18859000197586867,-0.03309995918189214,1234142.6,330.0496168250555
2023-01-30,291.79998779296875,294.8999938964844,287.1000061035156,289.79998779296875,826633,0.0,-0.006854009882341083,0.18868423243649202,-0.03309995918189214,1160681.5,329.6491230038407
2023-01-31,291.25,315.0,289.1000061035156,312.70001220703125,3706771,0.0,0.07902010137564996,0.3329971949821266,-0.03309995918189214,1278134.55,329.4804751352158
2023-02-01,316.0,318.79998779296875,291.0,297.1499938964844,3513884,0.0,-0.04972823058366749,0.37226676885425436,-0.03551062199018913,1414669.65,329.15877880448215
2023-02-02,293.0,300.8999938964844,290.45001220703125,296.3999938964844,1009007,0.0,-0.002523977840838465,0.3720283573212677,-0.03551062199018913,1258448.15,328.8328207456961
2023-02-03,297.0,297.20001220703125,288.5,293.8500061035156,914946,0.0,-0.008603197859239242,0.37116469890711284,-0.03341515338896592,1173157.95,328.4847330378137
2023-02-06,292.5,298.1499938964844,291.20001220703125,294.1499938964844,993948,0.0,0.0010208874825174963,0.3705037529127374,-0.027881888656197527,1128565.2,328.1430938423776
2023-02-07,295.54998779296875,295.54998779296875,284.25,289.8999938964844,2325699,0.0,-0.01444841097462557,0.37055343040375244,-0.027881888656197527,1186637.05,327.76256548470707
2023-02-08,291.3500061035156,297.6499938964844,287.5,296.1499938964844,2000057,0.0,0.02155915878436243,0.38006399636764726,-0.027881888656197527,1239616.25,327.4480125335805
2023-02-09,296.0,298.8999938964844,290.70001220703125,296.75,813012,0.0,0.0020260209889633174,0.376388907729844,-0.022743142546264722,1251243.45,327.14255967254985
2023-02-10,295.75,299.29998779296875,294.25,298.20001220703125,759518,0.0,0.004886309038016012,0.3770416360862429,-0.022743142546264722,1257449.9,326.85457412562926
2023-02-13,298.0,303.70001220703125,297.75,301.54998779296875,1026915,0.0,0.011233988761917724,0.37933088606782633,-0.022743142546264722,1276212.75,326.6027871969461
2023-02-14,301.54998779296875,304.3999938964844,299.54998779296875,300.79998779296875,984348,0.0,-0.002487149827095747,0.37936538630671457,-0.022743142546264722,1284479.8,326.34604292426974
2023-02-15,299.29998779296875,305.5,298.1000061035156,303.70001220703125,684286,0.0,0.009641039001831553,0.3734548746698719,-0.022743142546264722,1271914.9,326.1207092852922
2023-02-16,300.0,301.95001220703125,296.25,300.20001220703125,2309207,4.5,-0.011524530323739568,0.374739736506739,-0.022743142546264722,1351250.8,325.8627919014289
2023-02-17,297.5,301.6499938964844,292.45001220703125,293.25,1219118,0.0,-0.023151272233254305,0.3803225969471672,-0.023643192189630347,1361488.65,325.5382865093749
2023-02-20,293.25,296.0,289.54998779296875,291.20001220703125,1233240,0.0,-0.006990580709185901,0.37863791836114047,-0.023643192189630347,1390176.3,325.19661213820734
2023-02-21,291.5,292.45001220703125,286.0,286.6499938964844,802684,0.0,-0.015625062224626562,0.3775273132478753,-0.023643192189630347,1401625.3,324.8130636979912
2023-02-22,286.79998779296875,286.8500061035156,279.0,279.8500061035156,866374,0.0,-0.023722267356560245,0.38336774932723827,-0.024185637556770986,1402725.5,324.365670090086
2023-02-23,281.25,281.25,275.25,277.3999938964844,888817,0.0,-0.008754733441474372,0.38005082274588486,-0.024185637556770986,1400380.25,323.8983499289556
2023-02-24,278.79998779296875,280.79998779296875,272.0,274.20001220703125,735483,0.0,-0.011535622782483657,0.37986568335669263,-0.024185637556770986,1380697.35,323.40383910585194
2023-02-27,274.0,278.20001220703125,268.20001220703125,271.1499938964844,603672,0.0,-0.011123333970692872,0.379201329218828,-0.024185637556770986,1369549.3,322.8839003475498
2023-02-28,272.0,275.70001220703125,269.54998779296875,274.6000061035156,846810,0.0,0.012723630037581035,0.38288603724570486,-0.024185637556770986,1226551.25,322.4034635889027
2023-03-01,272.6499938964844,283.6000061035156,272.6499938964844,281.6499938964844,1885977,0.0,0.025673662185976553,0.26728841123398644,-0.024185637556770986,1145155.9,321.9979564277841
2023-03-02,281.0,284.6499938964844,277.5,279.8999938964844,902577,0.0,-0.006213385542068184,0.21197310035207564,-0.024185637556770986,1139834.4,321.57907122846774
2023-03-03,281.29998779296875,284.45001220703125,280.6499938964844,283.04998779296875,603394,0.0,0.011253997731951904,0.2174676634309757,-0.024185637556770986,1124256.8,321.1956972639354
2023-03-06,284.79998779296875,291.1499938964844,281.75,290.1000061035156,2335169,0.0,0.0249073259657,0.23511352557314877,-0.024185637556770986,1191317.85,320.8862874016427
2023-03-08,288.0,294.0,287.5,292.6000061035156,713929,0.0,0.008617717846954864,0.23719915937649572,-0.024185637556770986,1110729.35,320.6048318663379
2023-03-09,292.70001220703125,295.29998779296875,289.1000061035156,290.20001220703125,1156625,0.0,-0.008202302961112462,0.2334101259974123,-0.024185637556770986,1068557.75,320.3022963473399
2023-03-10,288.3999938964844,288.3999938964844,283.70001220703125,286.29998779296875,424754,0.0,-0.01343909114407682,0.2242736554229459,-0.024185637556770986,1049144.85,319.96396491893825
2023-03-13,286.0,289.0,273.20001220703125,274.70001220703125,1644217,0.0,-0.04051685672556071,0.2611927411371785,-0.03336603062901441,1093379.8,319.51357732976504
2023-03-14,276.0,279.29998779296875,272.75,276.70001220703125,883819,0.0,0.0072806694980875886,0.2622954320930753,-0.03336603062901441,1086225.0,319.0875717066533
2023-03-15,278.8999938964844,281.6000061035156,275.0,276.25,514426,0.0,-0.001626354127857943,0.25696772224252273,-0.024561996825010264,1062728.9,318.6613272120598
2023-03-16,276.5,278.45001220703125,270.8500061035156,275.95001220703125,804345,0.0,-0.001085928662330371,0.25712012910025417,-0.024561996825010264,1068731.85,318.2363390030546
2023-03-17,277.3500061035156,279.0,273.1000061035156,274.3999938964844,697254,0.0,-0.005617025700234368,0.25232951143635396,-0.024561996825010264,988134.2,317.8001564646808
2023-03-20,273.6000061035156,274.0,264.6499938964844,269.45001220703125,683905,0.0,-0.01803929227243528,0.2555388593540683,-0.024561996825010264,961373.55,317.3190605019181
2023-03-21,269.0,271.0,267.6000061035156,269.79998779296875,616945,0.0,0.0012988516239835768,0.24757926041359332,-0.0231798219894196,930558.8,316.8462339077992
2023-03-22,271.1499938964844,273.6000061035156,269.79998779296875,270.3500061035156,429383,0.0,0.0020386150312539097,0.24810880069404848,-0.0231798219894196,911893.75,316.38358487492076
2023-03-23,268.3500061035156,271.0,268.0,268.6499938964844,426320,0.0,-0.006288190007956995,0.24439950005648872,-0.0231798219894196,889891.05,315.90862377065775
2023-03-24,269.8999938964844,269.8999938964844,261.0,261.79998779296875,850726,0.0,-0.025497882967215113,0.2463686676423439,-0.023811048137092988,887986.5,315.37022938282007
2023-03-27,261.79998779296875,263.45001220703125,254.0,254.9499969482422,1194856,0.0,-0.02616497770864501,0.25852622311925694,-0.025531237704286606,910955.15,314.7690330401875
2023-03-28,254.9499969482422,255.9499969482422,249.6000061035156,250.9499969482422,1037227,0.0,-0.015689351040910404,0.26046845516760403,-0.025531237704286606,932632.9,314.13401775569054
2023-03-29,251.0500030517578,259.6000061035156,248.3999938964844,259.1000061035156,1303833,0.0,0.032476625839347406,0.28795519253274243,-0.025531237704286606,955484.05,313.5864156496988
2023-03-31,260.0,267.3999938964844,259.29998779296875,264.1000061035156,2016260,0.0,0.019297568051783065,0.29304747264004694,-0.025531237704286606,961998.2,313.09401356466213
2023-04-03,266.3999938964844,272.5,265.1000061035156,271.8999938964844,1912278,0.0,0.029534220419182855,0.2978556403668149,-0.025531237704286606,1012483.25,312.6841228216952
2023-04-05,273.29998779296875,273.79998779296875,267.3500061035156,272.6000061035156,1167012,0.0,0.0025745208633500827,0.29766214422987364,-0.025531237704286606,1040664.15,312.28527588917603
2023-04-06,274.0,274.1499938964844,270.79998779296875,272.6000061035156,463237,0.0,0.0,0.29431590745007596,-0.025531237704286606,947067.55,311.8903975828511
2023-04-10,274.04998779296875,280.70001220703125,274.0,278.5,1421862,0.0,0.02164341072774567,0.29080461903811367,-0.025531237704286606,982464.2,311.5581548208327
2023-04-11,280.25,280.25,277.1000061035156,279.04998779296875,511845,0.0,0.001974821518738734,0.28871452226326727,-0.025531237704286606,950225.2,311.2346904722968
2023-04-12,280.79998779296875,287.3500061035156,277.6000061035156,285.1499938964844,1940448,0.0,0.02185990457036424,0.2992927101358753,-0.025531237704286606,1026009.9,310.975141252637
2023-04-13,284.95001220703125,290.29998779296875,283.5,289.54998779296875,1670361,0.0,0.015430454114200964,0.30047452661169133,-0.025531237704286606,1027317.1,310.76195564607315
2023-04-17,288.95001220703125,292.1000061035156,284.70001220703125,285.20001220703125,951576,0.0,-0.01502322835201697,0.26758005358898174,-0.025531237704286606,1030704.95,310.50760795016225
2023-04-18,285.20001220703125,288.0,282.25,283.6499938964844,1020700,0.0,-0.005434846578553754,0.2679971060972978,-0.025531237704286606,1056018.65,310.24036800932964
2023-04-19,283.6499938964844,286.5,281.25,282.04998779296875,410556,0.0,-0.0056407760900553106,0.26891191749148274,-0.025531237704286606,1036329.2,309.9598667136445
2023-04-20,282.95001220703125,283.6000061035156,276.1000061035156,276.79998779296875,1347023,0.0,-0.01861372177705467,0.2774479102506221,-0.025531237704286606,1068817.65,309.6299176696577
2023-04-21,278.5,279.75,274.54998779296875,277.20001220703125,847508,0.0,0.0014451749700281624,0.2766303110676542,-0.025531237704286606,1076997.8,309.3072320431639
2023-04-24,278.75,279.0,273.45001220703125,274.95001220703125,1047970,0.0,-0.008116882759440669,0.27025579417374435,-0.025531237704286606,1098549.05,308.96536915922223
2023-04-25,274.3500061035156,278.8999938964844,272.04998779296875,275.20001220703125,998510,0.0,0.0009092561880366112,0.2702555557772263,-0.025531237704286606,1127005.4,308.6293954582054
2023-04-26,275.04998779296875,285.3999938964844,274.8999938964844,283.20001220703125,3080803,0.0,0.02906976615241441,0.28715523871865106,-0.025531237704286606,1259729.55,308.376366769139
2023-04-27,285.0,286.5,282.8999938964844,284.8500061035156,1436539,0.0,0.005826249383344528,0.28561581169607436,-0.025531237704286606,1289020.2,308.1422736281875
2023-04-28,285.75,287.70001220703125,284.3999938964844,285.6499938964844,647722,0.0,0.00280845278507047,0.2662742722995352,-0.025531237704286606,1261663.5,307.91846984976263
2023-05-02,287.70001220703125,291.25,285.6499938964844,287.8500061035156,1016621,0.0,0.007701775788689469,0.2422205492384056,-0.025531237704286606,1260633.2,307.71878364333236
2023-05-03,286.8500061035156,295.54998779296875,286.0,293.8500061035156,1986124,0.0,0.020844189240149857,0.23410512268291603,-0.025531237704286606,1294747.75,307.58078585686656
2023-05-04,298.8999938964844,303.3999938964844,296.3999938964844,301.54998779296875,3723801,0.0,0.02620378264256562,0.22661041671226936,-0.023811048137092988,1380124.8,307.5207779159323
2023-05-05,301.6000061035156,304.20001220703125,299.6000061035156,300.29998779296875,1334468,0.0,-0.004145249711826171,0.22558227589865715,-0.023811048137092988,1351234.3,307.44892925799235
2023-05-08,301.75,302.20001220703125,299.79998779296875,300.6499938964844,685087,0.0,0.0011655215376062955,0.20948866785724218,-0.023811048137092988,1327138.05,307.3812781598679
2023-05-09,303.6000061035156,306.04998779296875,297.5,300.25,1954071,0.0,-0.0013304304161140257,0.21046464765179185,-0.023811048137092988,1401679.75,307.3103201682274
2023-05-10,300.0,300.5,294.5,296.95001220703125,758572,0.0,-0.010990800309637838,0.2168987703610514,-0.023811048137092988,1368515.25,307.2072325268225
2023-05-11,297.0,301.0,292.79998779296875,294.8500061035156,2281161,0.0,-0.007071917889168167,0.21046681032002157,-0.023811048137092988,1456981.05,307.0842750499737
2023-05-12,294.79998779296875,297.79998779296875,289.5,290.04998779296875,673446,0.0,-0.016279525898540093,0.22062658212778086,-0.023811048137092988,1393630.95,306.9147796543816
2023-05-15,289.79998779296875,294.75,288.1000061035156,291.79998779296875,670951,0.0,0.006033442763835328,0.20912887350815867,-0.023811048137092988,1343660.45,306.7643837154621
2023-05-16,293.20001220703125,299.8999938964844,291.04998779296875,295.8999938964844,2326495,0.0,0.014050741175577253,0.20799585576408458,-0.023811048137092988,1412406.4,306.6562803341787
2023-05-17,296.20001220703125,304.95001220703125,295.1000061035156,301.20001220703125,2682196,0.0,0.01791151882348796,0.20708643744394686,-0.023811048137092988,1495481.2,306.60198910903296
2023-05-18,305.45001220703125,312.79998779296875,293.54998779296875,294.8500061035156,5205599,0.0,-0.021082356726967566,0.22141360734740906,-0.023811048137092988,1735233.35,306.4850539547492
2023-05-19,295.0,296.20001220703125,287.04998779296875,290.6000061035156,2398522,0.0,-0.014414108570538486,0.22720743906659063,-0.023811048137092988,1787808.3,306.32699377712504
2023-05-22,291.0,293.79998779296875,286.25,292.6499938964844,795393,0.0,0.007054328113945463,0.21565264317019045,-0.023811048137092988,1785202.55,306.19090422607394
2023-05-23,293.79998779296875,295.29998779296875,290.20001220703125,291.3999938964844,948825,0.0,-0.004271313945224731,0.21699099339889308,-0.023811048137092988,1780245.3,306.0437309889636
2023-05-24,291.0,293.8500061035156,287.6000061035156,289.1000061035156,906199,0.0,-0.007892888953819899,0.21685463421644277,-0.023811048137092988,1775629.75,305.87513671149645
2023-05-25,287.54998779296875,288.70001220703125,283.6000061035156,285.0,1274271,0.0,-0.01418196477674083,0.22440274895015663,-0.021303133038979943,1685303.15,305.667423908397
2023-05-26,284.95001220703125,287.6499938964844,282.20001220703125,286.6000061035156,1173473,0.0,0.005614056503563614,0.20203380913405564,-0.021303133038979943,1672149.85,305.47769835809964
2023-05-29,280.0,293.45001220703125,278.1499938964844,285.79998779296875,4074740,0.0,-0.002791410654254922,0.20145404074059522,-0.021303133038979943,1843500.75,305.28190024302376
2023-05-30,286.5,286.8999938964844,278.5,280.04998779296875,2025736,0.0,-0.020118965170023873,0.2130842213707374,-0.021303133038979943,1893956.5,305.0308364375506
2023-05-31,279.04998779296875,281.79998779296875,277.5,280.20001220703125,891793,0.0,0.0005357058403923087,0.21089233397986684,-0.021303133038979943,1839239.95,304.78376355963496
2023-06-01,282.0,282.75,279.5,280.20001220703125,532210,0.0,0.0,0.1952208202779852,-0.021303133038979943,1679660.4,304.5391491183155
2023-06-02,281.04998779296875,282.29998779296875,280.0,280.75,432218,0.0,0.001962840003598476,0.1667853235825882,-0.021303133038979943,1634547.9,304.3024411668895
2023-06-05,280.8999938964844,284.6000061035156,280.70001220703125,281.54998779296875,955051,0.0,0.0028494667603518042,0.16811716365779744,-0.021303133038979943,1648046.1,304.0760485960047
2023-06-06,283.3500061035156,284.0,278.5,279.04998779296875,1333368,0.0,-0.008879417895192088,0.16857274846481646,-0.021303133038979943,1617010.95,303.8270330656262
2023-06-07,279.29998779296875,282.0,278.79998779296875,280.8999938964844,1125697,0.0,0.00662965842839669,0.17207659219926283,-0.021303133038979943,1635367.2,303.5989033226497
2023-06-08,281.8999938964844,282.20001220703125,278.04998779296875,278.95001220703125,697774,0.0,-0.006941907197661634,0.1703029438263892,-0.021303133038979943,1556197.85,303.35364072448436
2023-06-09,279.95001220703125,279.95001220703125,273.6000061035156,274.45001220703125,997710,0.0,-0.016131922577799274,0.1758875244179059,-0.021303133038979943,1572411.05,303.06604243077834
2023-06-12,275.0,279.6499938964844,273.54998779296875,278.45001220703125,660358,0.0,0.014574603104708928,0.1797412305203975,-0.020167134747871057,1571881.4,302.8211068066615
2023-06-13,279.04998779296875,281.1499938964844,276.54998779296875,279.95001220703125,751553,0.0,0.005386963312053128,0.17939620222230823,-0.020167134747871057,1493134.3,302.59353372606813
2023-06-14,280.95001220703125,283.29998779296875,278.04998779296875,278.8999938964844,4960960,0.0,-0.0037507350053993527,0.1697798598804701,-0.020167134747871057,1607072.5,302.3577771108484
2023-06-15,280.0,280.1000061035156,276.20001220703125,277.04998779296875,922683,0.0,-0.006633223893874551,0.15254272432386257,-0.020167134747871057,1392926.7,302.1059583116656
2023-06-16,278.0,280.0,277.25,278.29998779296875,703493,0.0,0.004511821169738139,0.14165365586075032,-0.020167134747871057,1308175.25,301.86908298312136
2023-06-19,278.5,280.3500061035156,276.1000061035156,278.3500061035156,629128,0.0,0.00017972803715715635,0.13533951103378525,-0.020167134747871057,1299862.0,301.6350623176526
2023-06-20,279.0,280.29998779296875,277.20001220703125,279.0,663370,0.0,0.0023351675309202236,0.1323087083090036,-0.020167134747871057,1285589.25,301.4098378169795
2023-06-21,280.0,280.75,278.1000061035156,279.04998779296875,604367,0.0,0.00017916771673376353,0.13234545436137554,-0.020167134747871057,1270497.65,301.1873517470889
2023-06-22,279.0,280.8999938964844,272.70001220703125,273.45001220703125,2074168,0.0,-0.02006800154419719,0.14523740701869334,-0.020167134747871057,1310492.5,300.9113583188296
2023-06-23,273.8999938964844,273.95001220703125,267.04998779296875,267.8999938964844,1260380,0.0,-0.020296281085352086,0.15272873200223255,-0.020127830965790284,1314837.85,300.5828870310451
2023-06-26,267.5,273.8500061035156,266.20001220703125,272.6000061035156,992098,0.0,0.017543905614448407,0.16611093691862502,-0.020070549725488523,1160705.75,300.3044504049006
2023-06-27,273.95001220703125,278.3500061035156,272.6000061035156,273.1499938964844,1988212,0.0,0.0020175633919827796,0.166776497830222,-0.020070549725488523,1158829.55,300.0342568078019
2023-06-28,274.95001220703125,278.0,270.3999938964844,271.8999938964844,1682964,0.0,-0.0045762402633393595,0.15380496135580216,-0.020070549725488523,1198388.1,299.7543138932615
2023-06-30,274.3500061035156,275.29998779296875,271.1499938964844,272.6499938964844,1212197,0.0,0.002758367108627313,0.15434201963421634,-0.020070549725488523,1232387.45,299.4846191669254
2023-07-03,273.95001220703125,275.5,273.25,274.1000061035156,979344,0.0,0.005318218373339789,0.15597760330242721,-0.020070549725488523,1259743.75,299.23203595236413
2023-07-04,274.75,276.3500061035156,270.8999938964844,272.20001220703125,794260,0.0,-0.006931754301993109,0.15688834663494028,-0.020070549725488523,1251704.2,298.96306059171405
2023-07-05,272.25,275.0,270.20001220703125,273.20001220703125,1787015,0.0,0.003673769122535475,0.15719700338767348,-0.020070549725488523,1274386.55,298.70671185156795
2023-07-06,274.0,279.0,273.25,278.25,2856744,0.0,0.018484581139556644,0.16890507180768155,-0.020070549725488523,1360938.9,298.5031624799106
2023-07-07,279.04998779296875,279.29998779296875,273.0,274.29998779296875,925483,0.0,-0.014195910896787955,0.17381226699027927,-0.020070549725488523,1372324.35,298.26233487108533
2023-07-10,274.54998779296875,275.25,271.5,273.8500061035156,868271,0.0,-0.0016404728745111896,0.17252271882525144,-0.020070549725488523,1365852.4,298.0194261271294
2023-07-11,274.75,275.70001220703125,272.0,272.3999938964844,770483,0.0,-0.0052949139116803545,0.16429343770107582,-0.020070549725488523,1371358.65,297.7645064034414
2023-07-12,273.79998779296875,274.25,269.95001220703125,270.95001220703125,687782,0.0,-0.005322987231799026,0.15582662507613657,-0.020070549725488523,1368170.1,297.4976955159149
2023-07-13,271.45001220703125,273.95001220703125,264.25,265.20001220703125,1478159,0.0,-0.021221626650477776,0.16830193178930872,-0.020127830965790284,1194030.05,297.176325532742
2023-07-14,267.95001220703125,267.95001220703125,263.54998779296875,266.29998779296875,1200162,0.0,0.0041477207213656,0.16979191408404912,-0.020127830965790284,1207904.0,296.86909829155024
2023-07-17,267.54998779296875,270.1499938964844,266.04998779296875,267.54998779296875,1365363,0.0,0.004693954402175127,0.17055095512555254,-0.020127830965790284,1240997.5,296.5773658487783
2023-07-18,268.8500061035156,270.3999938964844,264.6000061035156,265.29998779296875,1145600,0.0,-0.00840964344106443,0.17058559853555508,-0.020127830965790284,1266821.1,296.2661481566807
2023-07-19,267.70001220703125,267.95001220703125,265.0,265.8500061035156,1431089,0.0,0.002073193878079138,0.1710467355610476,-0.020127830965790284,1305207.05,295.9634999770472
2023-07-20,266.8999938964844,270.79998779296875,265.20001220703125,269.79998779296875,1821899,0.0,0.014857933416466018,0.18041048910803614,-0.020127830965790284,1366083.65,295.7031665224793
2023-07-21,270.25,270.25,267.54998779296875,268.54998779296875,594245,0.0,-0.004633061736678767,0.18060484131278892,-0.020127830965790284,1292087.5,295.4329856395986
2023-07-24,269.70001220703125,272.3500061035156,268.0,269.75,952822,0.0,0.004468487289436718,0.16889109422231507,-0.020127830965790284,1276709.6,295.1774335436822
2023-07-25,270.0,272.29998779296875,268.5,269.8999938964844,648564,0.0,0.000556047809024518,0.15293524295277508,-0.020127830965790284,1259532.9,294.92591673127225
2023-07-26,270.1499938964844,278.5,269.29998779296875,275.70001220703125,2463376,0.0,0.02148950886146128,0.1589992529355301,-0.020127830965790284,1283291.1,294.7346141986927
2023-07-27,277.5,278.79998779296875,272.0,272.95001220703125,1094964,0.0,-0.009974609641783205,0.16301528610352067,-0.020127830965790284,1253891.1,294.5178519898205
2023-07-28,274.79998779296875,278.3500061035156,272.1499938964844,274.8500061035156,2011153,0.0,0.0069609591922026315,0.16381802339401288,-0.020127830965790284,1293838.9,294.3221520307528
2023-07-31,277.1499938964844,281.29998779296875,275.1499938964844,277.1000061035156,2681905,0.0,0.008186283245533499,0.16580095182495955,-0.020127830965790284,1378966.95,294.15078739466094
2023-08-01,278.3500061035156,281.0,276.3999938964844,279.75,2401834,0.0,0.00956331229922247,0.1678900651907216,-0.020127830965790284,1459345.65,294.0074959777986
2023-08-02,281.0,281.0,271.25,273.8999938964844,1371781,0.0,-0.020911549967884246,0.18258006129435655,-0.020327044529478693,1438583.95,293.80742133022335
2023-08-03,274.8500061035156,275.45001220703125,266.45001220703125,268.5,1222217,0.0,-0.01971520269009286,0.19479889903246458,-0.020327044529478693,1356857.6,293.55560619260916
2023-08-04,269.20001220703125,274.5,269.20001220703125,271.5,2040307,0.0,0.011173184357541999,0.1871988236786746,-0.020327044529478693,1412598.8,293.3361474245235
2023-08-07,272.8999938964844,275.8500061035156,270.29998779296875,273.75,949828,0.0,0.008287292817679592,0.18355061206446097,-0.020327044529478693,1416676.65,293.1412603854735
2023-08-08,274.0,278.0,272.20001220703125,275.04998779296875,3989046,0.0,0.004748813855593559,0.18417838690345725,-0.020327044529478693,1577604.8,292.9612477228616
2023-08-09,277.6000061035156,277.6000061035156,270.70001220703125,273.29998779296875,1374219,0.0,-0.006362479831546919,0.18462159565186365,-0.020327044529478693,1611926.65,292.7656132956985
2023-08-10,274.0,274.6000061035156,267.5,268.95001220703125,1900976,0.0,-0.015916486572376654,0.19212492475703527,-0.020327044529478693,1633067.5,292.5286421405874
2023-08-11,269.1000061035156,269.1499938964844,264.5,265.70001220703125,1567959,0.0,-0.012084029940471752,0.18191315436011762,-0.020127830965790284,1651457.35,292.26169059896
2023-08-14,265.29998779296875,265.29998779296875,253.1499938964844,254.6499938964844,2753278,0.0,-0.04158832443687188,0.23149294382466676,-0.020327044529478693,1720853.1,291.88744486062694
2023-08-16,253.5,258.0,250.0500030517578,255.6499938964844,1595721,0.0,0.00392695866470949,0.23122752000055088,-0.020327044529478693,1743359.15,291.52687320924247
2023-08-17,255.5,264.5,252.5,263.70001220703125,2172885,0.0,0.031488435371550993,0.2572671621850191,-0.020327044529478693,1780448.95,291.2499890201658
2023-08-18,263.70001220703125,265.1499938964844,258.1499938964844,260.20001220703125,2520259,0.0,-0.013272657709443525,0.26105150689102796,-0.020327044529478693,1815366.95,290.9410340270003
2023-08-21,260.0,262.79998779296875,258.3999938964844,261.04998779296875,938841,3.0,0.003266623927985046,0.2552633004784633,-0.020327044529478693,1832596.75,290.64361068138805
2023-08-22,260.3999938964844,266.0,259.8999938964844,264.04998779296875,1483390,0.0,0.011492051868545738,0.2588127847452817,-0.020327044529478693,1859125.15,290.37899751831924
2023-08-23,264.45001220703125,273.6499938964844,264.0,269.8999938964844,3242926,0.0,0.022154919045489274,0.2702427017788435,-0.020327044529478693,1988843.25,290.17522633800246
2023-08-24,271.1499938964844,275.0,269.8999938964844,272.29998779296875,1493261,0.0,0.008892159876835226,0.271932186291944,-0.020327044529478693,1940337.5,289.99736326790264
2023-08-25,271.5,272.95001220703125,268.25,269.79998779296875,954714,0.0,-0.009181050723736206,0.26279383016700414,-0.020327044529478693,1933325.0,289.79639435770434
2023-08-28,270.0,277.45001220703125,269.0,274.75,2133545,0.0,0.018346969721991346,0.2687157979482418,-0.020327044529478693,1939444.6,289.64667899096105
2023-08-29,274.8999938964844,280.45001220703125,274.3500061035156,278.95001220703125,2390462,0.0,0.015286668633416767,0.2727745920783699,-0.020327044529478693,1924872.45,289.5402444955986
2023-08-30,278.95001220703125,285.8999938964844,278.95001220703125,279.79998779296875,3126241,0.0,0.0030470534100808244,0.27161072611777637,-0.020327044529478693,1961092.8,289.443326518458
2023-08-31,281.5,282.0,274.3999938964844,275.20001220703125,1319388,0.0,-0.016440227972208232,0.2757070277995094,-0.020327044529478693,1958473.15,289.30160199794625
2023-09-01,277.5,280.0,274.6000061035156,278.95001220703125,1476792,0.0,0.013626452883944262,0.26959612494972585,-0.020327044529478693,1971201.9,289.19860110450435
2023-09-04,281.0,283.79998779296875,278.29998779296875,279.3500061035156,1179023,0.0,0.0014339267932619304,0.2588526012743964,-0.020327044529478693,1928137.7,289.10060513434524
2023-09-05,282.1000061035156,284.1000061035156,279.45001220703125,282.45001220703125,2174327,0.0,0.011097211511664984,0.25881886713900876,-0.020327044529478693,1989362.65,289.03443008034213
2023-09-06,282.70001220703125,287.8999938964844,280.54998779296875,285.5,4390449,0.0,0.010798327708101407,0.2597305588434011,-0.020327044529478693,2009432.8,288.9992616218313
2023-09-07,286.75,291.3999938964844,283.3999938964844,287.79998779296875,6260424,0.0,0.008055999274846792,0.2604022722168941,-0.020327044529478693,2253743.05,288.9873285489073
2023-09-08,291.0,291.3999938964844,282.29998779296875,283.45001220703125,3845980,0.0,-0.015114578771513676,0.2657755404069367,-0.020327044529478693,2350993.25,288.9322308738638
2023-09-11,285.95001220703125,286.0,279.5,284.04998779296875,3433736,0.0,0.0021166892224342426,0.25778898064247624,-0.020327044529478693,2444282.1,288.8836513407205
2023-09-12,285.29998779296875,285.29998779296875,271.25,278.95001220703125,5165363,0.0,-0.017954500282023056,0.2627934011269546,-0.020327044529478693,2564886.35,288.7848091602858
2023-09-13,278.0,284.8999938964844,274.1000061035156,284.45001220703125,3412735,0.0,0.019716794261754655,0.2147643327961459,-0.020327044529478693,2655737.05,288.74167685229327
2023-09-14,286.70001220703125,288.45001220703125,282.1000061035156,284.54998779296875,3612960,0.0,0.00035146978958366937,0.21542332859362645,-0.020327044529478693,2727740.8,288.69996850344427
2023-09-15,286.1499938964844,289.95001220703125,284.25,286.6499938964844,3698105,0.0,0.007380095567052214,0.19341920907070945,-0.020327044529478693,2786633.1,288.6795707461611
2023-09-18,290.0,291.3999938964844,281.0,281.95001220703125,4706155,0.0,-0.01639623858199135,0.1972100409094161,-0.020327044529478693,2974998.8,288.6126099646773
2023-09-20,281.0,283.3999938964844,276.8999938964844,282.25,2006596,0.0,0.0010639751019001498,0.1974471571503201,-0.019775020053982427,3001159.1,288.54930041278993
2023-09-21,283.25,284.3999938964844,278.3999938964844,279.6499938964844,2453259,0.0,-0.009211713387123566,0.20028798528108813,-0.019775020053982427,2961675.75,288.4607500991949
2023-09-22,281.0,283.3999938964844,276.6000061035156,279.5,1495556,0.0,-0.0005363629528269964,0.1877067809263088,-0.019775020053982427,2961790.5,288.3715884066656
2023-09-25,283.25,286.6499938964844,280.5,281.04998779296875,3095986,0.0,0.005545573498993761,0.18645217920836057,-0.019775020053982427,3068854.1,288.2987366592656
2023-09-26,281.95001220703125,282.95001220703125,278.70001220703125,279.6499938964844,968854,0.0,-0.004981298549337265,0.18395089271066614,-0.019775020053982427,3010619.55,288.21267951734745
2023-09-27,279.6000061035156,281.6000061035156,277.3999938964844,279.8999938964844,1236589,0.0,0.0008939746306324547,0.17379215188899785,-0.019775020053982427,2952925.9,288.12996622758766
2023-09-28,280.04998779296875,280.54998779296875,271.3999938964844,272.8500061035156,1639324,0.0,-0.025187523925334743,0.1876983321580056,-0.02092705380201392,2878580.05,287.977926823368
2023-09-29,275.0,278.95001220703125,274.0,276.8500061035156,898310,0.0,0.014660069307392387,0.1950105635493278,-0.02092705380201392,2857526.15,287.86720124406605
2023-10-03,276.6499938964844,276.6499938964844,274.1000061035156,275.6000061035156,678800,0.0,-0.004515080268889804,0.18688252714071277,-0.02092705380201392,2817626.55,287.7451396008765
2023-10-04,274.0,275.6000061035156,269.70001220703125,271.54998779296875,1344336,0.0,-0.014695276563331028,0.18687389293835174,-0.02092705380201392,2825892.2,287.5839938117431
2023-10-05,272.25,275.5,271.54998779296875,272.8999938964844,636784,0.0,0.004971482836319874,0.18790425947374267,-0.02092705380201392,2749015.05,287.43788435985
2023-10-06,273.6000061035156,275.3999938964844,272.20001220703125,274.45001220703125,724228,0.0,0.00567980339030294,0.1843978804051806,-0.02092705380201392,2565704.0,287.30865180111545
2023-10-09,272.5,275.3500061035156,267.75,272.8999938964844,1061225,0.0,-0.005647725420312999,0.17953568411545653,-0.02092705380201392,2305744.05,287.1652820707211
2023-10-10,273.3500061035156,285.70001220703125,273.0,284.20001220703125,4210878,0.0,0.041407176853339056,0.23260363121292227,-0.019775020053982427,2323988.95,287.1357768979481
2023-10-11,286.0,288.45001220703125,283.95001220703125,284.5,3096897,0.0,0.001055551654059128,0.22646404437070825,-0.019775020053982427,2307147.0,287.10955026214765
2023-10-12,287.0,293.0,285.0,291.04998779296875,4572511,0.0,0.023022804193211677,0.23979673153808104,-0.019775020053982427,2277504.4,287.1487585957877
2023-10-13,291.0,294.3999938964844,288.70001220703125,291.20001220703125,3552488,0.0,0.0005154592693856763,0.2294543030422968,-0.019775020053982427,2284492.05,287.1890695769941
2023-10-16,293.8999938964844,300.95001220703125,292.1000061035156,295.3500061035156,8581627,0.0,0.014251352069085454,0.2249175328770787,-0.019775020053982427,2532925.4,287.2702729255167
2023-10-17,297.8500061035156,297.8500061035156,292.6499938964844,295.20001220703125,2339061,0.0,-0.0005078513403917739,0.22501113331789935,-0.019775020053982427,2464973.2,287.3491758039397
2023-10-18,296.25,297.8999938964844,289.04998779296875,293.79998779296875,2350287,0.0,-0.00474262993282204,0.22517313958884871,-0.019775020053982427,2347179.8,287.4133629879102
2023-10-19,293.0,296.5,290.1000061035156,295.6000061035156,1694556,0.0,0.006126679323810169,0.21624991622227455,-0.019775020053982427,2331577.8,287.4948221233889
2023-10-20,294.95001220703125,297.5,288.0,289.1000061035156,2239577,0.0,-0.021989174106186504,0.23212815074173937,-0.02096543117479936,2320893.7,287.5107941032906
2023-10-23,289.1000061035156,291.5,276.0,277.29998779296875,2326748,0.0,-0.040816389005269516,0.27239078534844885,-0.022149091597143917,2362453.3,287.40919404050135
2023-10-25,278.25,282.79998779296875,273.04998779296875,275.75,1270319,0.0,-0.0055895703613444425,0.2730167996745921,-0.022149091597143917,2271169.95,287.2931821595014
2023-10-26,275.04998779296875,275.04998779296875,263.45001220703125,270.0,2254962,0.0,-0.020852221214868516,0.28085099841756167,-0.022149091597143917,2335475.35,287.12111069522774
2023-10-27,271.04998779296875,280.79998779296875,271.04998779296875,279.6499938964844,1400874,0.0,0.03574071813512725,0.3089822595726821,-0.022149091597143917,2343689.6,287.0467712245935
2023-10-30,280.29998779296875,283.29998779296875,277.3999938964844,281.70001220703125,934460,0.0,0.007330657447844224,0.30997258685891727,-0.022149091597143917,2308446.4,286.99356964232925
2023-10-31,282.79998779296875,291.8999938964844,282.1000061035156,288.54998779296875,3023658,0.0,0.02431656119667891,0.30571609347317336,-0.022149091597143917,2414713.8,287.0090563900968
2023-11-01,287.5,289.1499938964844,284.45001220703125,285.3500061035156,681230,0.0,-0.011089869432776012,0.30618877069409256,-0.022149091597143917,2414835.3,286.9925484270463
2023-11-02,286.6000061035156,288.8500061035156,283.45001220703125,286.0,893169,0.0,0.002277882889718974,0.3053775754460893,-0.022149091597143917,2392276.95,286.9826723232946
2023-11-03,287.29998779296875,289.25,281.8500061035156,286.8999938964844,3943506,0.0,0.003146831805889372,0.2993249695577853,-0.022149091597143917,2557613.05,286.9818496523811
2023-11-06,287.6000061035156,293.8999938964844,287.6000061035156,290.3500061035156,1997583,0.0,0.012025138656071466,0.30096528197858274,-0.022149091597143917,2621280.8,287.01536364691975
2023-11-07,291.79998779296875,292.75,288.29998779296875,290.1000061035156,1336641,0.0,-0.0008610297735308636,0.30111902843481314,-0.022149091597143917,2635051.6,287.0460566066869
2023-11-08,295.5,301.5,292.0,300.20001220703125,5192656,0.0,0.03481560114104809,0.3188895457133696,-0.022149091597143917,2684140.5,287.1769417370386
2023-11-09,304.6000061035156,309.79998779296875,303.20001220703125,307.25,8498358,0.0,0.023484302152881886,0.29830398655944723,-0.022149091597143917,2954213.55,287.37667366005314
2023-11-10,306.79998779296875,308.6000061035156,304.0,307.79998779296875,2685242,0.0,0.0017900335003051548,0.29822693548833584,-0.020909068859434415,2859850.1,287.57989071610206
2023-11-13,309.6499938964844,309.6499938964844,300.04998779296875,300.8500061035156,2268666,0.0,-0.022579538548025524,0.30322560376645563,-0.022018692328278456,2795659.0,287.71193166523057
2023-11-15,303.3999938964844,306.5,303.0,304.75,2426532,4.5,0.012963250182359998,0.3056423387099511,-0.022018692328278456,2487904.25,287.881464683487
2023-11-16,304.70001220703125,317.79998779296875,304.6000061035156,309.04998779296875,9067894,0.0,0.014109886113105041,0.30557328610955486,-0.022018692328278456,2824345.9,288.0920967542282
2023-11-17,310.0,311.1000061035156,305.6000061035156,306.8999938964844,2081644,0.0,-0.0069567836317944165,0.30714263110313644,-0.022018692328278456,2810913.75,288.27924000937503
2023-11-20,308.0,309.0,303.0,304.6499938964844,1485297,0.0,-0.0073313784449240416,0.30799172206628633,-0.022018692328278456,2800450.8,288.4421330828786
2023-11-21,305.0,312.0,305.0,310.6000061035156,3134275,0.0,0.019530649355774976,0.3137514727278166,-0.022018692328278456,2845185.7,288.6626094313427
2023-11-22,311.04998779296875,314.6000061035156,306.5,312.25,2069743,0.0,0.005312279021445043,0.30083935315230753,-0.022018692328278456,2832335.45,288.8973098350109
2023-11-23,314.1000061035156,318.79998779296875,309.75,310.95001220703125,4363615,0.0,-0.0041632915707565665,0.25568122960444134,-0.022018692328278456,2987000.25,289.1167397093594
2023-11-24,311.79998779296875,312.5,307.0,308.6499938964844,1498689,0.0,-0.007396746165796997,0.2567513855754698,-0.022018692328278456,2949186.6,289.3111004475398
2023-11-28,311.29998779296875,317.0,308.6499938964844,314.5,3058903,0.0,0.01895352735849265,0.24185906991325481,-0.022018692328278456,3032088.05,289.5617362639822
2023-11-29,316.0,322.8999938964844,314.70001220703125,319.04998779296875,4692708,0.0,0.014467369770965854,0.22075738077624193,-0.022018692328278456,3220000.45,289.85515170208157
2023-11-30,320.0,321.20001220703125,315.0,318.25,3294977,0.0,-0.0025074058096747898,0.22284868559378865,-0.022018692328278456,3233566.4,290.137687506041
2023-12-01,318.5,324.0,316.5,320.20001220703125,2325486,0.0,0.006127296801355042,0.2126006326545706,-0.022018692328278456,3315779.2,290.4368151150061
2023-12-04,324.0,327.0,322.0,324.95001220703125,3299972,0.0,0.014834477885431241,0.20668261218700973,-0.022018692328278456,3436119.35,290.78023001144413
2023-12-05,325.79998779296875,328.95001220703125,321.45001220703125,328.3500061035156,2446077,0.0,0.010463129000648275,0.20662666103535196,-0.022018692328278456,3361247.9,291.15405862927565
2023-12-06,329.8999938964844,354.0,329.0,351.8500061035156,11583736,0.0,0.07156996973708418,0.30461037045747885,-0.022018692328278456,3840555.55,291.7579984051388
2023-12-07,356.0,356.25,348.3500061035156,349.54998779296875,3763322,0.0,-0.006536928437256284,0.30974948026930893,-0.022018692328278456,3961889.6,292.3330430756645
2023-12-08,350.0,351.25,338.45001220703125,341.8999938964844,1808585,0.0,-0.02188526437888283,0.32634476731975853,-0.022018692328278456,3792686.05,292.8262465664189
2023-12-11,342.0,350.1000061035156,341.8999938964844,348.1499938964844,1842073,0.0,0.01828019921489754,0.3140528816538912,-0.022018692328278456,3459871.8,293.3767316144793
2023-12-12,351.04998779296875,359.0,348.1499938964844,353.0,5316633,0.0,0.013930794739458463,0.3095468677943636,-0.022018692328278456,3591441.35,293.96999796657406
2023-12-13,354.70001220703125,361.8999938964844,353.8999938964844,359.70001220703125,3554965,0.0,0.018980204552496494,0.3117553325723373,-0.022018692328278456,3655756.3,294.6240279590164
2023-12-14,359.70001220703125,360.7000122070313,349.04998779296875,352.04998779296875,2654879,0.0,-0.021267790254228314,0.3101830565676422,-0.022018692328278456,3667173.65,295.1954305444289
2023-12-15,353.75,357.3999938964844,345.6000061035156,350.04998779296875,2750642,0.0,-0.005681011416981296,0.3129009268234472,-0.022018692328278456,3351311.05,295.74124703446415
2023-12-18,349.70001220703125,356.0,349.0,353.6000061035156,2319960,0.0,0.010141461032263877,0.31203382616284836,-0.022018692328278456,3363226.85,296.31695607992737
2023-12-19,354.79998779296875,355.6000061035156,346.0,348.70001220703125,1800287,0.0,-0.013857448563080355,0.3166957718335235,-0.022018692328278456,3378976.35,296.838180519003
2023-12-20,350.8999938964844,352.3999938964844,324.29998779296875,329.25,2546418,0.0,-0.05577863930639415,0.3808995703438036,-0.022709937816890985,3349583.5,297.16068618548064
2023-12-21,323.04998779296875,345.75,321.5,344.95001220703125,4974234,0.0,0.04768416767511385,0.4069775942996627,-0.022709937816890985,3494808.05,297.6362018672871
2023-12-22,346.0,361.7000122070313,345.0,359.79998779296875,7357117,0.0,0.043049645051251195,0.4274517208337632,-0.022709937816890985,3644483.15,298.254747000876
2023-12-26,361.0,372.2999877929688,359.1499938964844,371.1499938964844,4919984,0.0,0.0315453209799621,0.4334370725061994,-0.022709937816890985,3815547.9,298.98007284063334
2023-12-27,373.4500122070313,375.0,361.5,366.4500122070313,2908393,0.0,-0.012663294535211311,0.43629361355393953,-0.022709937816890985,3808022.4,299.651415520896
2023-12-28,367.0,384.25,366.8500061035156,381.4500122070313,5140721,0.0,0.04093327739207586,0.44933721177580066,-0.022018692328278456,3830423.05,300.4653319058327
2023-12-29,382.9500122070313,382.9500122070313,371.0499877929688,373.3999938964844,2677498,0.0,-0.021103730640799623,0.4612312822207769,-0.022018692328278456,3799549.1,301.19104993559046
2024-01-01,374.8999938964844,385.0,373.8999938964844,380.1499938964844,3629242,0.0,0.01807712937957695,0.4608812020582161,-0.022018692328278456,3864736.9,301.97671106952976
2024-01-02,381.7999877929688,386.1499938964844,374.0,380.1000061035156,2746779,0.0,-0.00013149491982467065,0.4618640912529649,-0.022018692328278456,3837077.25,302.7540572887734
2024-01-03,380.1000061035156,388.0,378.0499877929688,386.7000122070313,3311978,0.0,0.017363867396829935,0.46237717290001484,-0.022018692328278456,3880372.3,303.58934042228844
2024-01-04,401.2000122070313,402.8999938964844,385.0,386.6499938964844,11227107,0.0,-0.00012934654504270782,0.4633289118677341,-0.022018692328278456,3862540.85,304.4158145862108
2024-01-05,388.0,388.0499877929688,368.0,372.7999877929688,5687508,0.0,-0.0358205258558042,0.42616112374361237,-0.023241587913414456,3958750.15,305.09625412060643
2024-01-08,375.8999938964844,385.3999938964844,368.0,378.4500122070313,9722470,0.0,0.015155645383766014,0.4266043432103104,-0.023241587913414456,4354444.4,305.82614226076987
2024-01-09,384.0,384.0,378.0499877929688,379.3500061035156,3631169,0.0,0.002378105079811732,0.41610863161603534,-0.023241587913414456,4443899.2,306.5577229955236
2024-01-10,379.4500122070313,382.5,372.6000061035156,374.4500122070313,2781935,0.0,-0.012916815124940917,0.4178670496682249,-0.023241587913414456,4317164.3,307.2332681618073
2024-01-11,376.5,381.8999938964844,375.0,380.2000122070313,2406688,0.0,0.015355854753773768,0.41833108876015557,-0.023241587913414456,4259750.45,307.95930541598864
2024-01-12,383.0499877929688,389.3999938964844,380.5,383.75,6797856,0.0,0.009337158545475344,0.41526548630879456,-0.023241587913414456,4466899.3,308.7134416805062
2024-01-15,383.7999877929688,386.2000122070313,380.0499877929688,385.6499938964844,2730485,0.0,0.004951124160219811,0.405447455268425,-0.023241587913414456,4465891.45,309.47897951350103
2024-01-16,385.8500061035156,388.0,384.0499877929688,386.7999877929688,2969642,0.0,0.0029819626985216896,0.4037701985622587,-0.023241587913414456,4498375.55,310.2483427799634
2024-01-17,384.2999877929688,387.0,382.6499938964844,384.9500122070313,3089785,0.0,-0.004782770538575343,0.4047188290003106,-0.023241587913414456,4562850.45,310.99164297326763
2024-01-18,380.5499877929688,385.0,359.6499938964844,382.6000061035156,5071949,0.0,-0.006104704582401199,0.40119673464543487,-0.023241587913414456,4689127.0,311.7041639994393
2024-01-19,384.0,387.0,369.0,373.2999877929688,3114640,0.0,-0.024307418092488486,0.35334718929643844,-0.02266593252524867,4596147.3,312.3170577685292
2024-01-23,375.5,375.7000122070313,349.0,352.0,2329005,0.0,-0.05705863511782838,0.383524126828181,-0.024883073480654272,4344741.7,312.71191291511104
2024-01-24,353.5,370.75,352.54998779296875,369.3500061035156,2288403,0.0,0.04928979006680567,0.3925966604563182,-0.024883073480654272,4213162.65,313.2754760314136
2024-01-25,369.3500061035156,372.6000061035156,364.8999938964844,368.6000061035156,1533902,0.0,-0.0020305942537057753,0.37719063057204605,-0.024883073480654272,4144438.1,313.82596886795193
2024-01-29,369.8999938964844,373.9500122070313,366.6000061035156,370.75,864466,0.0,0.005832864516775338,0.3748371152274099,-0.024883073480654272,3930625.35,314.3923771379226
2024-01-30,373.7000122070313,373.7000122070313,354.45001220703125,357.6000061035156,2503486,0.0,-0.03546862817662677,0.36513464967696835,-0.035486223060585645,3921924.75,314.82230379429666
2024-01-31,357.0,367.7999877929688,353.1000061035156,366.8500061035156,1913486,0.0,0.02586688993881725,0.37168731673942645,-0.035486223060585645,3836136.95,315.3399923744879
2024-02-01,368.8500061035156,376.4500122070313,361.7000122070313,362.8999938964844,3318544,0.0,-0.01076737669704897,0.36684421509215537,-0.035486223060585645,3864725.2,315.81322622047793
2024-02-02,364.7999877929688,367.7999877929688,358.0,359.5,1111636,0.0,-0.009368955507489507,0.3676611445169269,-0.035486223060585645,3754708.1,316.24792048694087
2024-02-05,359.6000061035156,361.5499877929688,346.29998779296875,347.5,1150588,0.0,-0.033379694019471495,0.37524713491015216,-0.035486223060585645,3250882.15,316.55888645224496
2024-02-06,348.0,359.79998779296875,339.6499938964844,358.1499938964844,5278699,0.0,0.030647464450314743,0.39472303501801487,-0.035486223060585645,3230441.7,316.97272831736177
2024-02-07,360.0,384.5,359.20001220703125,377.6499938964844,8656320,0.0,0.054446461907901256,0.42391857806773314,-0.035486223060585645,3177134.2,317.57648220372124
2024-02-08,374.0,375.0,360.8999938964844,362.5499877929688,5583317,0.0,-0.03998412908131688,0.44323781934262496,-0.03602870601707983,3274741.6,318.0239797717735
2024-02-09,363.0499877929688,364.1499938964844,350.0,362.0,2188635,0.0,-0.0015169985146513687,0.4429948328205036,-0.03602870601707983,3245076.6,318.4615521123529
2024-02-12,362.0,364.1499938964844,354.0,354.95001220703125,1439280,0.0,-0.01947510440046618,0.4456327584454736,-0.03602870601707983,3196706.2,318.8246213670263
2024-02-13,354.95001220703125,361.0,348.29998779296875,358.3500061035156,1714558,0.0,0.009578796392606614,0.443213087711935,-0.03602870601707983,2942541.3,319.21790877733963
2024-02-14,351.6000061035156,357.6499938964844,348.5,355.6000061035156,859702,0.0,-0.007674061540843491,0.4414298085278358,-0.03602870601707983,2849002.15,319.57991969600806
2024-02-15,357.95001220703125,366.75,357.0,363.1000061035156,1221038,0.0,0.021091113248790982,0.4486906720010546,-0.03602870601707983,2761571.95,320.0129553816549
2024-02-16,366.0,372.6499938964844,364.7000122070313,368.6499938964844,1772527,0.0,0.015285011566170237,0.45258661080631557,-0.03602870601707983,2695709.05,320.49690601364324
2024-02-19,369.0,370.9500122070313,364.5,365.6499938964844,826366,0.0,-0.008137800216110658,0.45300499073851946,-0.03602870601707983,2483429.9,320.9461904701889
2024-02-20,366.7999877929688,372.5,365.9500122070313,368.8999938964844,952842,0.0,0.00888828129153496,0.45429327166825273,-0.03602870601707983,2375340.0,321.4233427430874
2024-02-21,370.7000122070313,373.6000061035156,363.9500122070313,366.0,1458692,0.0,-0.00786119258461715,0.44733814397691063,-0.03602870601707983,2331824.35,321.86689157151443
2024-02-22,366.0,372.0,364.4500122070313,371.0499877929688,1278308,0.0,0.013797780855105968,0.3993484325127869,-0.03602870601707983,2281319.6,322.35627561351896
2024-02-23,372.4500122070313,373.2999877929688,366.3500061035156,367.6000061035156,934971,0.0,-0.009297889241214996,0.36338639168039283,-0.03602870601707983,2251373.05,322.8064619865538
2024-02-26,367.5499877929688,367.5499877929688,356.25,357.1499938964844,1026569,0.0,-0.028427671473129745,0.3765329480611581,-0.03602870601707983,2259478.2,323.14818867222476
2024-02-27,357.1499938964844,360.5499877929688,353.54998779296875,354.70001220703125,764114,0.0,-0.006859811651468872,0.3760980845403457,-0.03602870601707983,2172509.6,323.4621371651084
2024-02-28,355.0,357.1000061035156,342.0,344.8500061035156,1010819,0.0,-0.027769962685443517,0.36828878175426943,-0.03602870601707983,2127376.25,323.674951781411
2024-02-29,345.0,366.5499877929688,341.29998779296875,351.04998779296875,1847192,0.0,0.01797877796061864,0.3618684755502421,-0.03602870601707983,2053808.65,323.94734019943644
2024-03-01,354.0,355.75,349.6499938964844,354.25,1411214,0.0,0.009115545700911554,0.362248099368598,-0.03602870601707983,2068787.55,324.2488592024271
2024-03-04,353.0,356.8999938964844,352.5,354.6000061035156,827688,0.0,0.000988020052267169,0.36097205691487644,-0.03602870601707983,2052642.55,324.5508606641295
2024-03-05,354.0,361.5,353.0,357.3999938964844,1079793,0.0,0.007896186533486338,0.34124709443044227,-0.03602870601707983,1842697.25,324.8777177112176
2024-03-06,353.5,359.70001220703125,350.0,358.25,1180929,0.0,0.002378304751067928,0.32452454118428287,-0.03602870601707983,1468927.7,325.2097802215538
2024-03-07,359.25,378.3999938964844,359.25,372.75,6539905,0.0,0.0404745289602233,0.29759534800678994,-0.03602870601707983,1516757.1,325.68281723427464
2024-03-11,375.8999938964844,378.0,371.0499877929688,372.7000122070313,2275129,0.0,-0.00013410541373226614,0.2606189391708359,-0.03602870601707983,1521081.8,326.1506500200732
2024-03-12,374.4500122070313,374.5,357.6499938964844,358.8500061035156,1460140,0.0,-0.03716127086097898,0.2929638345982605,-0.037302413771995876,1522124.8,326.4760167472717
2024-03-13,357.3500061035156,365.2999877929688,335.20001220703125,337.75,1946792,0.0,-0.05879895707018323,0.3513287810644425,-0.04077385459257074,1533736.5,326.5881956851098
2024-03-14,335.1000061035156,349.95001220703125,332.04998779296875,347.0,1294690,0.0,0.02738712065136939,0.3639923098945086,-0.04077385459257074,1555485.9,326.7912982156062
2024-03-15,346.6499938964844,350.8999938964844,339.5,346.95001220703125,779617,0.0,-0.00014405704025577393,0.3632590784865445,-0.04077385459257074,1533414.85,326.9918824344264
2024-03-18,347.0,347.75,341.75,343.95001220703125,448220,0.0,-0.008646778770567853,0.3550697579844975,-0.04077385459257074,1467199.5,327.16062004410406
2024-03-19,343.95001220703125,345.79998779296875,338.0,340.8999938964844,839367,0.0,-0.008867620881812921,0.34978556346011125,-0.037302413771995876,1467849.55,327.2973302316899
2024-03-20,339.04998779296875,343.0,333.8500061035156,337.6499938964844,986823,0.0,-0.009533587733025484,0.3500527767687826,-0.037302413771995876,1469548.6,327.4003418104441
2024-03-21,339.0,345.0,339.0,343.8500061035156,697485,0.0,0.018362245873257743,0.3557866386441,-0.037302413771995876,1431488.25,327.56402006211647
2024-03-22,343.5,346.5,342.79998779296875,343.8500061035156,515830,0.0,0.0,0.3555035028199953,-0.037302413771995876,1393364.35,327.72606967446876
2024-03-26,343.5,347.5,340.1000061035156,343.3999938964844,975189,0.0,-0.0013087456712034262,0.35047192139191713,-0.037302413771995876,1395375.25,327.882029119464
2024-03-27,343.75,350.25,342.1499938964844,344.0,1202208,0.0,0.0017472513517180488,0.3502367173662081,-0.037302413771995876,1404157.2,328.04240693917086
2024-03-28,346.29998779296875,347.8999938964844,340.95001220703125,342.0,1412096,0.0,-0.005813953488372103,0.33803328043920555,-0.037302413771995876,1436556.3,328.1812884621642
2024-04-01,343.0,358.5,343.0,357.45001220703125,935237,0.0,0.04517547428956514,0.3744069322277326,-0.037302413771995876,1432777.2,328.4725195442027
2024-04-02,357.45001220703125,364.5,355.3999938964844,362.0499877929688,1076316,0.0,0.012868863977750555,0.3618145382195302,-0.037302413771995876,1394233.4,328.80662370588203
2024-04-03,358.0,376.0,358.0,374.1000061035156,2582068,0.0,0.03328274745706494,0.37371509433455224,-0.037302413771995876,1452776.1,329.257304127749
2024-04-04,376.0,378.0,368.0,369.2999877929688,1196791,0.0,-0.01283084264162948,0.37712803414540413,-0.037302413771995876,1471231.25,329.65573879108456
2024-04-05,369.8999938964844,381.9500122070313,369.2999877929688,380.75,4720050,0.0,0.031004637382902267,0.38997485244429275,-0.037302413771995876,1653244.1,330.16413940012853
2024-04-08,383.3999938964844,384.0,374.8500061035156,377.2999877929688,1243718,0.0,-0.009061095750574344,0.392084776330886,-0.037302413771995876,1656383.55,330.6331528169727
2024-04-09,377.2999877929688,382.0,372.0,374.2999877929688,1148808,0.0,-0.007951232698279687,0.39387843282029705,-0.037302413771995876,1386828.7,331.06764868738065
2024-04-10,374.7999877929688,386.7000122070313,374.4500122070313,381.0,2705366,0.0,0.017900113346349,0.3736125643539046,-0.037302413771995876,1408340.55,331.56448800392417
2024-04-12,379.0,380.8500061035156,371.5,373.3500061035156,1273107,0.0,-0.020078724137754245,0.3808999960044095,-0.037302413771995876,1398988.9,331.9802643034226
2024-04-15,365.2000122070313,369.8999938964844,357.45001220703125,365.8999938964844,1100255,0.0,-0.019954498688197764,0.3638250221565948,-0.037302413771995876,1356662.05,332.31777405061723
2024-04-16,365.6499938964844,376.1499938964844,363.6000061035156,373.5,1373840,0.0,0.020770719405001525,0.29678522066236307,-0.037302413771995876,1360619.55,332.7275474431484
2024-04-18,375.0,376.1499938964844,363.75,365.4500122070313,894766,0.0,-0.02155284549656944,0.29861769014293443,-0.037302413771995876,1366377.0,333.05314410746564
2024-04-19,360.25,371.5,355.0,369.5,1238506,0.0,0.011082193617972358,0.2998303259467691,-0.037302413771995876,1405891.3,333.4157993899784
2024-04-22,372.0,374.3500061035156,367.25,372.3500061035156,633534,0.0,0.0077131423640477426,0.297048493678451,-0.037302413771995876,1395599.65,333.8032044319042
2024-04-23,374.2999877929688,382.0,369.75,380.3999938964844,1419210,0.0,0.02161941093330033,0.2992385788682393,-0.037302413771995876,1417219.0,334.266854078318
2024-04-24,384.6000061035156,406.6000061035156,383.0,402.2000122070313,14988976,0.0,0.05730814579476373,0.3435111569277459,-0.03555326031084438,2131793.55,334.94280590049425
2024-04-25,404.0,412.7999877929688,402.2000122070313,408.8500061035156,5368467,0.0,0.016534046978251338,0.34291336310187265,-0.03555326031084438,2374425.4,335.67820092739
2024-04-26,411.9500122070313,426.9500122070313,411.3500061035156,422.8500061035156,6127647,0.0,0.034242386672376224,0.352600630847119,-0.03555326031084438,2632048.3,336.5455820734211
2024-04-29,426.2000122070313,439.0,424.0,426.7000122070313,4754833,0.0,0.009104897831249348,0.35018158600498117,-0.03555326031084438,2809679.55,337.44264107972566
2024-04-30,426.75,431.7999877929688,422.1000061035156,424.3999938964844,2119086,0.0,-0.005390246648108832,0.3533201724063812,-0.03356877286154687,2845029.05,338.30788837143473
2024-05-02,424.3999938964844,428.6000061035156,415.0,415.3999938964844,1735535,0.0,-0.021206409353048183,0.36595448145907283,-0.03356877286154687,2885043.95,339.07497399854964
2024-05-03,417.7000122070313,417.7000122070313,400.3500061035156,405.7000122070313,2809862,0.0,-0.023350943264265567,0.3588248188684402,-0.03356877286154687,2971721.25,339.73790970211667
2024-05-06,405.7000122070313,414.7999877929688,399.4500122070313,401.1499938964844,2040903,0.0,-0.011215228428992585,0.36293512835503455,-0.03356877286154687,2944663.0,340.3489752164885
2024-05-07,402.8999938964844,402.8999938964844,384.5,389.0499877929688,2062159,0.0,-0.030163296242347593,0.367468728859252,-0.03051319497327916,2987931.4,340.8335624063043
2024-05-08,389.0,406.5499877929688,384.5,404.7000122070313,3562398,0.0,0.04022625602134866,0.3857768805541108,-0.03051319497327916,2930048.8,341.4690494689981
2024-05-09,406.8999938964844,413.0,385.3500061035156,387.0,2636899,0.0,-0.043736129659360024,0.40769319368201473,-0.037302413771995876,2999707.85,341.9220937528887
2024-05-10,389.1000061035156,395.0,382.6000061035156,393.3500061035156,1164524,0.0,0.01640828450520826,0.4092484070684335,-0.03051319497327916,3000493.65,342.4338142737905
2024-05-13,391.8500061035156,396.5,382.2999877929688,392.2999877929688,1392921,0.0,-0.0026694249250132085,0.40798836985029235,-0.03051319497327916,2934871.4,342.9299951048271
2024-05-14,391.7999877929688,399.8500061035156,388.6499938964844,398.75,913130,0.0,0.016441530481094757,0.40732775447027364,-0.03051319497327916,2916872.55,343.48541803910746
2024-05-15,401.9500122070313,408.0,398.5499877929688,400.2000122070313,1409942,0.0,0.0036363942496082657,0.39897581234859325,-0.03051319497327916,2932356.9,344.0497423591863
2024-05-16,401.9500122070313,405.0,397.5499877929688,403.8500061035156,919576,0.0,0.009120424250752102,0.3899476201926048,-0.03051319497327916,2909643.7,344.6447698591299
2024-05-17,406.75,408.7000122070313,402.75,404.9500122070313,985894,0.0,0.002723798655171361,0.38573765199717525,-0.03051319497327916,2914200.1,345.2448220217956
2024-05-21,399.8999938964844,405.0,393.5499877929688,402.5499877929688,1244004,0.0,-0.005926717722471553,0.37630778798882564,-0.03051319497327916,2914475.0,345.8150226762352
2024-05-22,402.5,404.25,396.1499938964844,397.5499877929688,939166,0.0,-0.012420817666429773,0.38021503797176204,-0.03051319497327916,2929756.6,346.329798448541
2024-05-23,398.2000122070313,401.5499877929688,391.5,395.1499938964844,905475,0.0,-0.0060369613134896305,0.3813962991308815,-0.03051319497327916,2904069.85,346.8155715375753
2024-05-24,392.25,412.5,392.25,405.9500122070313,3593176,0.0,0.027331439902226418,0.3853821249168296,-0.03051319497327916,2334279.85,347.40397393229625
2024-05-27,406.0,416.5,405.9500122070313,409.1499938964844,2515608,0.0,0.007882698837858637,0.3326621803271037,-0.03051319497327916,2191636.9,348.0183621906464
2024-05-28,411.5,415.5,401.3500061035156,405.6499938964844,1103735,0.0,-0.008554320059174891,0.3292602844246041,-0.03051319497327916,1940441.3,348.5918112623463
2024-05-29,401.9500122070313,408.7999877929688,400.0499877929688,403.8999938964844,785073,0.0,-0.004314063913055444,0.30465800085479683,-0.03051319497327916,1741953.3,349.1421414378104
2024-05-30,402.0,405.3999938964844,395.0,398.6499938964844,1942596,0.0,-0.012998267094169624,0.3041229754465773,-0.03051319497327916,1733128.8,349.6347568851604
2024-05-31,400.2999877929688,402.6000061035156,387.2000122070313,389.1499938964844,2036222,0.0,-0.023830428058320252,0.31249828504333405,-0.03051319497327916,1748163.15,350.02794332308406
2024-06-03,404.0,411.0,396.2000122070313,407.1000061035156,1587585,0.0,0.046126204518985636,0.3503639861435519,-0.03051319497327916,1687049.3,350.59582454477993
2024-06-04,407.0,407.1000061035156,333.3999938964844,351.95001220703125,3350553,0.0,-0.13547038336929196,0.5809638452737333,-0.03749001380089803,1752531.8,350.60929904888195
2024-06-05,357.95001220703125,398.3500061035156,352.3500061035156,390.6000061035156,2892490,0.0,0.10981671418084482,0.7054121416124192,-0.03749001380089803,1794048.35,351.00721653201265
2024-06-06,391.5,406.4500122070313,390.2999877929688,402.3500061035156,1850692,0.0,0.03008192477315541,0.7041519887811948,-0.03749001380089803,1708463.05,351.5180900600873
2024-06-07,402.3500061035156,410.1499938964844,396.5499877929688,407.8999938964844,1377333,0.0,0.013793929933583415,0.692190166278243,-0.03749001380089803,1645484.75,352.07910402860864
2024-06-10,410.0,428.0,406.0,425.5499877929688,6070009,0.0,0.04327039509827402,0.6864496961049416,-0.03749001380089803,1890759.0,352.8101575984033
2024-06-11,428.4500122070313,429.6000061035156,420.5,423.25,2840002,0.0,-0.005404741766994903,0.6862202685179619,-0.03749001380089803,1963113.05,353.51105155264804
2024-06-12,426.2000122070313,432.5,424.3500061035156,427.5,2396298,0.0,0.010041346721795685,0.6859807311056139,-0.03084193791319821,2037271.45,354.2472599949102
2024-06-13,429.6000061035156,437.0,424.3500061035156,434.8500061035156,2529158,0.0,0.017192996733369936,0.6861433727115,-0.024147071467521618,2093232.25,355.0492773691252
2024-06-14,436.8999938964844,436.8999938964844,426.0,426.7000122070313,1348065,0.0,-0.018742080676306117,0.691085940823928,-0.024147071467521618,2114656.7,355.7622200043283
2024-06-18,427.3999938964844,439.8999938964844,422.5,438.3500061035156,2698236,0.0,0.027302539402862314,0.6956435059884654,-0.024147071467521618,2200273.8,356.5839890202406
2024-06-19,451.8999938964844,475.8500061035156,448.0,467.6499938964844,22423725,0.0,0.06684153618113475,0.727884800374512,-0.024147071467521618,3259259.85,357.6891233971187
2024-06-20,470.0,561.1500244140625,465.25,557.8499755859375,60764962,0.0,0.19287925343033185,0.9668565802713112,-0.024147071467521618,6250549.65,359.68077366765425
2024-06-21,559.6500244140625,574.3499755859375,515.0999755859375,517.0999755859375,27868970,0.0,-0.0730483136746547,1.0121443265543832,-0.03084193791319821,7598724.4,361.2471338857466
2024-06-24,503.5499877929688,537.0,501.0499877929688,521.7999877929688,8967004,0.0,0.009089175070460032,1.0096334149445498,-0.03084193791319821,7867415.8,362.8446747206443
2024-06-25,515.5,530.0,504.1000061035156,506.7000122070313,5636480,0.0,-0.02893824442159354,1.0198816300768656,-0.03084193791319821,8023459.4,364.2760711135437
2024-06-26,505.7999877929688,525.9000244140625,497.2000122070313,520.5499877929688,6825961,0.0,0.02733367920322549,1.020991332584726,-0.03084193791319821,8309570.7,365.83103545861263
2024-06-27,515.0,519.0,494.3500061035156,498.75,4034057,0.0,-0.041878759589250025,1.0364501780102058,-0.04197162809275552,8472019.9,367.15361222021846
2024-06-28,502.3500061035156,513.8499755859375,498.2000122070313,506.7999877929688,5361805,0.0,0.016140326401942406,1.034848082103653,-0.04197162809275552,8642980.35,368.54312839507173
2024-07-01,507.8500061035156,526.2999877929688,502.0,523.1500244140625,5006457,0.0,0.03226132007677318,1.0324845446143789,-0.04197162809275552,8791492.1,370.0815054698876
2024-07-02,525.0,525.9000244140625,504.2000122070313,508.1000061035156,6158511,0.0,-0.0287680734171869,1.0349626457769383,-0.04197162809275552,9020038.4,371.4548238841526
2024-07-03,510.7999877929688,519.7000122070312,508.25,515.3499755859375,3359771,0.0,0.014268784482055041,1.0286612231094707,-0.04197162809275552,9020499.3,372.88661643839924
2024-07-04,516.0,525.6500244140625,510.0,518.0999755859375,3308605,0.0,0.005336179548419251,0.8765757242356507,-0.04197162809275552,9041305.05,374.33152548464346
2024-07-05,519.0,523.8499755859375,514.9500122070312,517.6500244140625,2445253,0.0,-0.0008684639897272861,0.815307702161026,-0.04197162809275552,9071033.1,375.7575802003591
2024-07-08,522.0,535.8499755859375,519.0,534.2999877929688,7868256,0.0,0.032164517712044205,0.8158353065093571,-0.04197162809275552,9395579.25,377.3351165943154
2024-07-09,542.0,542.7000122070312,507.1499938964844,512.7000122070312,9654876,0.0,-0.04042668178818509,0.8379771701287915,-0.04197162809275552,9574822.6,378.68203097852154
2024-07-10,513.0,513.4500122070312,485.0499877929688,500.6000061035156,6395142,0.0,-0.023600557471080363,0.8387466319439202,-0.04197162809275552,9752579.6,379.89514515886975
2024-07-11,503.0,507.3999938964844,493.1000061035156,496.3999938964844,2690880,0.0,-0.008389956364009188,0.8394564381757609,-0.04197162809275552,9767308.7,381.0543973851147
2024-07-12,496.3999938964844,512.9000244140625,492.5499877929688,504.9500122070313,4314361,0.0,0.017224049991285684,0.8399517307095303,-0.04197162809275552,9856568.85,382.2871895723975
2024-07-15,506.0,509.6000061035156,494.25,507.7000122070313,2251829,0.0,0.0054460836390126666,0.8395303013163513,-0.04197162809275552,9901757.05,383.5350783548317
2024-07-16,509.0,514.0,502.5,505.3999938964844,2616639,0.0,-0.004530270347145482,0.8351198134539761,-0.04197162809275552,9897677.2,384.74766457912676
2024-07-18,505.0,514.9000244140625,491.1000061035156,511.6499938964844,4168152,0.0,0.012366442571188685,0.8326678943770977,-0.04197162809275552,8984898.55,386.0103743235781
2024-07-19,515.5,517.4000244140625,487.0,490.7000122070313,5173265,0.0,-0.040945923852960364,0.8213369002584965,-0.04197162809275552,6205313.7,387.05206226271696
2024-07-22,485.1499938964844,519.2999877929688,478.8500061035156,509.7999877929688,7706321,0.0,0.03892393542040318,0.4735189620696851,-0.04197162809275552,5197181.25,388.2734346560528
2024-07-23,510.8999938964844,525.9000244140625,462.0,486.1499938964844,10103574,0.0,-0.04639073060568366,0.43158082157634636,-0.04386885970667621,5254009.75,389.24733076789795
2024-07-24,490.0,499.25,486.3500061035156,494.0499877929688,3165242,0.0,0.016250116210361654,0.43472192383208946,-0.04386885970667621,5130447.85,390.2901432756101
2024-07-25,492.0,493.0,482.0,487.5,2047038,0.0,-0.013257743051930948,0.4258915111579396,-0.04386885970667621,4891501.7,391.2574055315742
2024-07-26,489.3999938964844,500.5,488.2000122070313,495.4500122070313,2306721,0.0,0.0163077173477566,0.41813033311022973,-0.04386885970667621,4805134.9,392.2941478865539
2024-07-29,498.0,509.5,496.8999938964844,504.3500061035156,2588139,0.0,0.017963454793024303,0.3971074767760523,-0.04386885970667621,4666451.6,393.4091315504043
2024-07-30,504.7999877929688,521.3499755859375,501.7999877929688,516.7000122070312,4588136,0.0,0.024486975223672047,0.4021818079111444,-0.04386885970667621,4645535.55,394.63590648231104
2024-07-31,520.5,526.5999755859375,517.0,518.0,4519725,0.0,0.0025159430273979932,0.38614346499367663,-0.04386885970667621,4563596.25,395.8634099003975
2024-08-01,520.4500122070312,530.0,515.2000122070312,521.7999877929688,4336360,0.0,0.007335883770209994,0.3724848704809498,-0.04386885970667621,4612425.7,397.11651017793554
2024-08-02,518.0,538.5,511.2999877929688,525.4500122070312,8034271,0.0,0.0069950641997920116,0.3701963081480761,-0.04386885970667621,4848709.0,398.3934604468818
2024-08-05,515.0,519.8499755859375,493.6000061035156,497.8999938964844,3832213,3.0,-0.05243128303457334,0.4135803226067143,-0.046692758227128144,4918057.0,399.3835752075744
2024-08-06,509.7000122070313,516.1500244140625,487.75,492.0,3946675,0.0,-0.011849756916669119,0.41509401880302793,-0.046692758227128144,4721977.95,400.30513167317065
2024-08-07,508.8999938964844,519.4500122070312,497.6499938964844,517.2000122070312,5255234,0.0,0.051219537006161,0.4394401494518358,-0.046692758227128144,4501995.85,401.46826481281107
2024-08-08,514.4500122070312,524.0499877929688,500.1000061035156,513.1500244140625,5038380,0.0,-0.00783060266314839,0.4166772641096959,-0.046692758227128144,4434157.75,402.5795261023758
2024-08-09,518.5,527.0,514.1500244140625,522.5,2487754,0.0,0.01822074469666779,0.4115140070229236,-0.046692758227128144,4424001.45,403.7727646486208
2024-08-12,522.5,536.5,515.7000122070312,527.25,4522224,0.0,0.009090909090909038,0.41021181958726327,-0.046692758227128144,4434394.6,405.00139385609725
2024-08-13,529.9000244140625,530.5,487.0,489.8999938964844,5056816,0.0,-0.07083927188907657,0.47979574422274623,-0.0533516824772985,4574643.95,405.84615604555387
2024-08-14,494.9500122070313,498.0,481.2000122070313,486.0499877929688,2638323,0.0,-0.007858759239603219,0.4797579391799496,-0.0533516824772985,4575728.15,406.6442041226426
2024-08-16,490.0,498.4500122070313,488.0499877929688,491.0499877929688,1780206,0.0,0.01028700776787117,0.48137287461659745,-0.0533516824772985,4456330.85,407.48406266662596
2024-08-19,492.25,499.9500122070313,491.25,496.9500122070313,1003411,0.0,0.01201511976526115,0.4812521641428292,-0.0533516824772985,4247838.15,408.37427111976433
2024-08-20,500.0,507.0,495.5,505.3500061035156,2091365,0.0,0.016903096267527395,0.4620009668524601,-0.0533516824772985,3967090.35,409.33920380616985
2024-08-21,505.8500061035156,525.9500122070312,503.0,523.75,6071363,0.0,0.03641039611012764,0.4595323817903108,-0.0533516824772985,3765479.8,410.47761968869554
2024-08-22,525.5,542.5,520.4000244140625,522.0999755859375,8704909,0.0,-0.003150404609188584,0.4256905683318278,-0.0533516824772985,4042463.15,411.5882898966283
2024-08-23,523.25,524.0,505.5499877929688,508.9500122070313,2985875,0.0,-0.025186676869977553,0.4344715645737536,-0.0533516824772985,4089405.0,412.55706325295074
2024-08-26,510.0,512.3499755859375,503.0,504.2999877929688,1223843,0.0,-0.009136505162654296,0.4329061900412958,-0.0533516824772985,4035261.1,413.46992817374695
2024-08-27,506.0,517.7999877929688,504.0,515.75,2488758,0.0,0.022704763997995148,0.4361300253504401,-0.0533516824772985,4030292.05,414.4876403312221
2024-08-28,521.3499755859375,525.2000122070312,513.1500244140625,515.1500244140625,2854496,0.0,-0.001163307001333047,0.4324808992016527,-0.0533516824772985,3943610.05,415.48925609324044
2024-08-29,515.5,516.0,500.6000061035156,508.8999938964844,3918028,0.0,-0.01213244728986862,0.42637727719346313,-0.0533516824772985,3913525.2,416.4187161708847
2024-08-30,515.1500244140625,528.1500244140625,514.0,520.2000122070312,4524994,0.0,0.02220479160163924,0.43345575329448166,-0.046692758227128144,3922956.9,417.4513658826872
2024-09-02,523.0,538.0,519.1500244140625,528.8499755859375,4475492,0.0,0.0166281491271163,0.4364701378639081,-0.046692758227128144,3745017.95,418.5598097603315
2024-09-03,531.5,535.0,526.7999877929688,528.4500122070312,1297614,0.0,-0.0007562889238353909,0.4359553622850292,-0.046692758227128144,3618288.0,419.6532446105474
2024-09-04,520.0,537.0,515.0,531.25,3212660,0.0,0.005298491301523045,0.390958438953463,-0.046692758227128144,3581587.25,420.7636600870594
2024-09-05,530.0999755859375,538.0,511.8500061035156,513.7000122070312,3593886,0.0,-0.033035271139705835,0.4078819871871445,-0.046692758227128144,3498519.85,421.6883999091487
2024-09-06,511.4500122070313,513.5,498.0,501.2999877929688,2978243,0.0,-0.024138649249369704,0.37650843369006287,-0.046692758227128144,3395513.0,422.4805550124703
2024-09-09,499.7999877929688,505.25,488.0,503.9500122070313,1771457,0.0,0.005286304565315314,0.3763451697342028,-0.046692758227128144,3359698.15,423.2911963775903
2024-09-10,505.0,515.75,504.6000061035156,511.75,1657160,0.0,0.015477701367262453,0.3747343461381204,-0.046692758227128144,3216444.95,424.1713834783109
2024-09-11,511.0,514.4000244140625,500.0,502.2999877929688,1304876,0.0,-0.018466071728443945,0.3777914672937612,-0.046692758227128144,3028847.95,424.94878252621794
2024-09-12,505.0499877929688,511.0,501.25,507.7000122070313,1052408,0.0,0.010750596347392616,0.2848415422760313,-0.046692758227128144,2949552.2,425.77217784642505
2024-09-13,507.3500061035156,514.4000244140625,505.5,507.6499938964844,879569,0.0,-9.85194196263528e-05,0.2827682390837393,-0.046692758227128144,2904520.35,426.5868824837391
2024-09-16,510.0,516.4500122070312,507.8500061035156,514.5499877929688,1207659,0.0,0.01359202990139563,0.2841839229909575,-0.046692758227128144,2914732.75,427.4621372629354
2024-09-17,515.5,522.7000122070312,512.0999755859375,519.2999877929688,2156725,0.0,0.009231367433072846,0.2831566272718714,-0.042104358140071706,2918000.75,428.3759467209457
2024-09-18,520.3499755859375,525.8499755859375,506.0499877929688,521.25,3900692,0.0,0.003755078476544549,0.27820260883771086,-0.042104358140071706,2809467.2,429.30006665407063
2024-09-19,522.4500122070312,522.4500122070312,473.75,478.8500061035156,9665743,0.0,-0.08134291395008997,0.37491092009151905,-0.046692758227128144,2857508.9,429.79310087744824
2024-09-20,481.0,487.7999877929688,475.4500122070313,481.0,2560440,0.0,0.004489910972288014,0.376057594663729,-0.046692758227128144,2836237.15,430.3026222617523
2024-09-23,481.0,494.9500122070313,480.0499877929688,491.7000122070313,1846198,0.0,0.02224534762376562,0.37767645296525154,-0.046692758227128144,2867354.9,430.9135415646904
2024-09-24,492.0,507.0,488.0,501.3500061035156,2478889,0.0,0.019625775181842275,0.3833168561608858,-0.046692758227128144,2866861.45,431.6144019083603
2024-09-25,500.0499877929688,517.9500122070312,500.0499877929688,515.6500244140625,4297291,0.0,0.02852302410782115,0.38815708031595025,-0.046692758227128144,2939001.2,432.4505772566758
2024-09-26,515.6500244140625,515.7999877929688,501.7999877929688,508.1000061035156,2283980,0.0,-0.014641749157533801,0.3915835886981689,-0.046692758227128144,2857298.8,433.2033078919677
2024-09-27,510.75,532.9000244140625,510.0,525.25,5752321,0.0,0.03375318577144504,0.4061868916426347,-0.046692758227128144,2918665.15,434.1191953756297
2024-09-30,520.0,532.2999877929688,519.3499755859375,529.4500122070312,2718409,0.0,0.007996215529807227,0.4001428024075653,-0.046692758227128144,2830811.0,435.0677607172357
2024-10-01,531.0,550.5,531.0,547.5,8640459,0.0,0.03409195840363988,0.41301976776120825,-0.046692758227128144,3197953.25,436.186489466318
2024-10-03,544.0,551.9500122070312,526.25,531.1500244140625,3481954,0.0,-0.029862969106735138,0.4275052745144599,-0.046692758227128144,3211417.95,437.131400261818
2024-10-04,529.75,532.7000122070312,495.8999938964844,498.25,5086210,0.0,-0.06194111437791261,0.4785894399290948,-0.0529067746017403,3286034.15,437.7395455328447
2024-10-07,500.8500061035156,504.75,476.25,479.5499877929688,3191949,0.0,-0.037531384258968736,0.4824295018246269,-0.0529067746017403,3296719.45,438.1555698339405
2024-10-08,480.5499877929688,497.8999938964844,475.8500061035156,495.7000122070313,2215587,0.0,0.03367745766899022,0.4917205066583235,-0.0529067746017403,3318925.95,438.7281513500907
2024-10-09,499.0,503.7999877929688,494.0,495.3999938964844,1160116,0.0,-0.000605241684806801,0.4913358530411955,-0.0529067746017403,3294073.75,439.2920502809006
2024-10-10,499.3500061035156,512.2999877929688,494.9500122070313,497.75,3975485,0.0,0.0047436538806391315,0.48837802354452725,-0.0529067746017403,3427604.2,439.87372142238416
2024-10-11,497.75,499.7000122070313,492.0499877929688,497.5,1041811,0.0,-0.0005022601707684871,0.484163643924065,-0.0529067746017403,3427074.35,440.44711722912666
2024-10-14,499.7000122070313,506.0499877929688,495.2000122070313,501.8500061035156,1632274,0.0,0.00874373086133784,0.48365168504727585,-0.0529067746017403,3464709.6,441.0580912477773
2024-10-15,505.0,505.0,499.3999938964844,504.1000061035156,1196573,0.0,0.0044834113233742645,0.4839119944134201,-0.0529067746017403,3464155.3,441.68537398266034
2024-10-16,501.8999938964844,503.75,497.0,501.6000061035156,602632,0.0,-0.004959333405535893,0.4816665421933508,-0.0529067746017403,3386450.65,442.2815394764002
2024-10-17,501.0,503.0,496.5,500.2999877929688,1394610,0.0,-0.002591743011818304,0.48031478105202724,-0.0529067746017403,3261146.55,442.85883746959996
2024-10-18,499.7999877929688,499.7999877929688,486.1499938964844,493.0499877929688,929354,0.0,-0.01449130557044942,0.48203842541990916,-0.0529067746017403,2824327.1,443.3582519006783
2024-10-21,493.5499877929688,496.0,483.5,487.25,856848,0.0,-0.01176348836135499,0.38945942063556116,-0.0529067746017403,2739147.5,443.7949857126119
2024-10-22,487.0,490.8999938964844,477.25,481.2999877929688,1396269,0.0,-0.012211415509556067,0.3919270418394016,-0.0529067746017403,2716651.05,444.16816981291396
2024-10-23,480.0,482.4500122070313,463.6000061035156,469.8500061035156,1980429,0.0,-0.02378969869074332,0.3919256266146568,-0.0529067746017403,2691728.05,444.423710472522
2024-10-24,471.0,479.0499877929688,458.1000061035156,471.75,2374361,0.0,0.004043830737049614,0.3848102579010176,-0.0529067746017403,2595581.55,444.69561385090486
2024-10-25,471.75,473.5499877929688,454.2000122070313,458.7000122070313,1292155,0.0,-0.02766293119866181,0.37666796622294246,-0.0529067746017403,2545990.3,444.83496109822954
2024-10-28,454.0,460.9500122070313,443.2000122070313,444.7999877929688,3387242,0.0,-0.030303082721063523,0.38537539118942477,-0.0529067746017403,2427736.35,444.8346131051424
2024-10-29,444.7999877929688,461.9500122070313,444.2999877929688,460.5499877929688,2169149,0.0,0.03540917363363505,0.3875659840236016,-0.0529067746017403,2400273.35,444.9909849925835
2024-10-30,460.0,484.25,457.3999938964844,473.7000122070313,3993686,0.0,0.02855287105115245,0.4031187408421187,-0.03875187076491593,2167934.7,445.2766469549163
2024-10-31,470.0,487.7000122070313,468.0499877929688,483.6000061035156,1756598,0.0,0.020899289933219434,0.38936530795261903,-0.03875187076491593,2081666.9,445.65797391161885
2024-11-01,480.0,485.8999938964844,480.0,484.2000122070313,160144,0.0,0.0012407073944231684,0.37973585540978805,-0.03875187076491593,1835363.6,446.0414767802299
2024-11-04,482.0,484.2000122070313,469.6000061035156,477.1000061035156,1009929,0.0,-0.014663374482691838,0.3195867973665504,-0.03875187076491593,1726262.6,446.3505168729989
2024-11-05,474.0499877929688,486.25,469.1000061035156,484.1000061035156,1532392,0.0,0.01467197633713968,0.29652196776150697,-0.03875187076491593,1692102.85,446.7261336812628
2024-11-06,483.1499938964844,505.0,483.1499938964844,503.3999938964844,2716343,0.0,0.039867770191355456,0.3058474625276699,-0.03875187076491593,1769914.2,447.29005268837943
2024-11-07,510.0,531.9500122070312,501.0,515.6500244140625,11320922,0.0,0.024334586146413706,0.3163134992489256,-0.03326007679566898,2137186.05,447.9702514120181
2024-11-08,516.5499877929688,518.0999755859375,481.1499938964844,482.6499938964844,4368692,0.0,-0.06399695327286437,0.3900949230638692,-0.03875187076491593,2303530.1,448.3153234765402
2024-11-11,482.6499938964844,486.3500061035156,473.1499938964844,479.7999877929688,1393645,0.0,-0.005904912751592883,0.39042622302345215,-0.03875187076491593,2291598.65,448.6286037184947
2024-11-12,479.9500122070313,494.75,479.7999877929688,483.9500122070313,2103932,0.0,0.00864948836941859,0.3903954067539715,-0.03875187076491593,2336966.6,448.9800605193756
2024-11-13,482.8999938964844,482.8999938964844,460.0,461.9500122070313,1399534,0.0,-0.04545924051054373,0.41819630027660754,-0.046283334203912174,2376811.7,449.109114765024
2024-11-14,463.8500061035156,475.3500061035156,459.6000061035156,469.8500061035156,1751179,0.0,0.017101404237962914,0.4243729819863862,-0.046283334203912174,2394640.15,449.3154917932677
2024-11-18,470.0,472.1499938964844,461.8500061035156,464.2999877929688,1009886,0.0,-0.011812319332659693,0.4255259989393358,-0.046283334203912174,2398666.75,449.4645912559513
2024-11-19,461.8500061035156,472.0,461.5,463.5,1007123,5.0,-0.00172299766099826,0.42355279336214013,-0.046283334203912174,2406180.5,449.6042470643498
2024-11-21,463.25,468.6499938964844,454.0,455.3999938964844,1917189,0.0,-0.017475741323658256,0.42556803540046884,-0.046283334203912174,2432226.5,449.6619161870576
2024-11-22,455.3999938964844,465.7000122070313,455.3999938964844,464.0,2803083,0.0,0.018884510801004728,0.43056951019434303,-0.046283334203912174,2473359.2,449.80458368768393
2024-11-25,469.0,481.4500122070313,469.0,479.2000122070313,1627603,0.0,0.0327586469979122,0.43799431338419503,-0.046283334203912174,2436021.3,450.0970755137471
2024-11-26,479.2000122070313,485.5,476.7000122070313,479.7999877929688,1352132,0.0,0.0012520358319154656,0.43788113477750173,-0.046283334203912174,2439020.15,450.3926268797095
2024-11-27,480.0,491.0,473.75,489.1499938964844,1142223,0.0,0.01948729958607265,0.42913384753837414,-0.046283334203912174,2326769.2,450.7782723226625
2024-11-28,495.0,504.7999877929688,492.0499877929688,498.0,2564877,0.0,0.01809262233250375,0.41368672730307554,-0.046283334203912174,2346555.6,451.24814025975047
2024-11-29,497.2000122070313,516.5499877929688,497.0499877929688,515.2999877929688,2603863,0.0,0.03473893131118233,0.4130867746786943,-0.046283334203912174,2277064.45,451.8854720760014
2024-12-02,515.9000244140625,535.8499755859375,515.2999877929688,524.7999877929688,4664532,0.0,0.018435863041038614,0.40748024830609575,-0.046283334203912174,2422461.15,452.6109896453245
2024-12-03,523.4500122070312,528.9500122070312,522.8499755859375,525.0999755859375,1170884,0.0,0.0005716230944103895,0.40368431689866496,-0.046283334203912174,2472998.15,453.33227308751964
2024-12-04,527.0,538.9500122070312,526.5,534.3499755859375,2132871,0.0,0.017615693068121496,0.40612906595871434,-0.046283334203912174,2529145.25,454.1384193810362
2024-12-05,538.0,547.0,536.5999755859375,545.0,2528573,0.0,0.019930803594375268,0.4026688181090108,-0.046283334203912174,2578954.3,455.0425147105782
2024-12-06,547.6500244140625,551.0,540.5999755859375,542.6500244140625,1443824,0.0,-0.0043118818090596145,0.40328354051650755,-0.046283334203912174,2515328.35,455.91423122504074
2024-12-09,542.4500122070312,546.2000122070312,517.25,528.1500244140625,1830719,0.0,-0.026720721178731477,0.3982690680166872,-0.046283334203912174,2040818.2,456.63299533637434
2024-12-10,527.0999755859375,537.9000244140625,525.5499877929688,536.7999877929688,1252720,0.0,0.016377852843048935,0.39372392188354993,-0.046283334203912174,1885019.6,457.4306768533554
2024-12-11,536.7999877929688,538.7999877929688,532.6500244140625,534.0,524689,0.0,-0.005216072758274071,0.31369432452587914,-0.046283334203912174,1841571.8,458.19256066575986
2024-12-12,532.5999755859375,533.9500122070312,525.0499877929688,529.9500122070312,597890,0.0,-0.007584246803312267,0.3144837173827345,-0.046283334203912174,1766269.7,458.90656515870785
2024-12-13,528.0,529.0,518.7000122070312,527.8499755859375,1041569,0.0,-0.0039627069963598105,0.31563844029601973,-0.046283334203912174,1748371.45,459.5925692425609
2024-12-16,528.5999755859375,535.8499755859375,528.5499877929688,531.9500122070312,766368,0.0,0.007767427888089928,0.25853118851679446,-0.046283334203912174,1699130.9,460.3125437994213
2024-12-17,541.0,546.5,527.0,529.5999755859375,4726427,0.0,-0.00441777717297831,0.2585446900193537,-0.037927777071547486,1884957.95,461.0019709813767
2024-12-18,527.0499877929688,532.5499877929688,516.0,524.1500244140625,2456033,0.0,-0.010290693774759552,0.2572861716643331,-0.037927777071547486,1957403.45,461.6303098215029
2024-12-19,514.5,529.0499877929688,510.0,527.3499755859375,1740112,0.0,0.006105029138274265,0.2557827855182355,-0.037927777071547486,1948549.6,462.28423684403464
2024-12-20,527.0,531.5499877929688,507.8999938964844,509.1499938964844,1215710,0.0,-0.03451215043526101,0.2812644666053024,-0.037927777071547486,1869180.95,462.75056278485505
2024-12-23,511.8999938964844,514.9500122070312,504.2999877929688,507.75,598654,0.0,-0.0027496688859216523,0.27823774237731097,-0.037927777071547486,1817733.5,463.19831837903564
2024-12-24,507.5,513.5,501.5,502.9500122070313,597369,0.0,-0.009453447155034378,0.26207105610413683,-0.037927777071547486,1779995.35,463.59385762110526
2024-12-26,503.5,506.7000122070313,495.2000122070313,500.3999938964844,933656,0.0,-0.005070122772951158,0.26334293343181253,-0.037927777071547486,1769567.0,463.9600878328006
2024-12-27,500.8500061035156,505.7000122070313,498.0499877929688,499.6000061035156,881304,0.0,-0.001598696648134279,0.25586022792384044,-0.037927777071547486,1685388.35,464.31471388524557
2024-12-30,499.6000061035156,500.0,489.5499877929688,490.3500061035156,521028,0.0,-0.01851481162328772,0.25670671812440765,-0.037927777071547486,1581246.6,464.57377151925823
2024-12-31,490.1000061035156,496.4500122070313,486.0499877929688,493.9500122070313,551783,0.0,0.007341707063741154,0.22471924708996135,-0.037927777071547486,1375609.15,464.8660724216241
2025-01-01,493.9500122070313,505.8999938964844,493.0,503.6499938964844,800185,0.0,0.01963757758829132,0.2261247871875734,-0.0346631121264464,1357074.2,465.2519820880406
2025-01-02,507.5499877929688,509.5499877929688,499.0,506.2999877929688,1020642,0.0,0.005261578335349126,0.22734055275571258,-0.030513536106773397,1301462.75,465.66041995575137
2025-01-03,507.0,509.3999938964844,499.0,500.2999877929688,823194,0.0,-0.011850681699904442,0.21864859566533384,-0.030513536106773397,1216193.8,466.0050922725396
2025-01-06,499.0,500.9500122070313,477.7000122070313,479.6000061035156,880313,0.0,-0.04137513930545833,0.23962684256761693,-0.034855299878770875,1188018.25,466.1403650469772
2025-01-07,480.9500122070313,505.5,480.6499938964844,502.1499938964844,2332248,0.0,0.047018322572960125,0.30194204922080703,-0.034855299878770875,1213094.7,466.49866981164894
2025-01-08,502.1499938964844,504.7999877929688,496.0,500.5,1301289,0.0,-0.003285858640923345,0.2899219984713358,-0.034855299878770875,1215523.15,466.8369915050654
2025-01-09,499.9500122070313,510.5,490.0499877929688,492.0,3436477,0.0,-0.016983016983016963,0.2857005562682649,-0.034855299878770875,1361112.55,467.08736969904487
2025-01-10,492.8500061035156,492.8500061035156,476.2000122070313,481.3999938964844,1059015,0.0,-0.021544727852674028,0.29211285946133664,-0.034855299878770875,1384168.8,467.22978387016366
2025-01-13,478.8500061035156,478.8500061035156,452.3500061035156,454.3999938964844,857709,0.0,-0.056086415335114936,0.34206059834735847,-0.0415793443657126,1374975.8,467.10212426843555
2025-01-14,458.2000122070313,477.2000122070313,457.9500122070313,475.0499877929688,919415,0.0,0.045444529431901026,0.3875212457886349,-0.0415793443657126,1382628.15,467.18120748758514
2025-01-15,476.9500122070313,488.8999938964844,476.3500061035156,485.2999877929688,1195169,0.0,0.021576676693794594,0.3959889042209592,-0.0415793443657126,1206065.25,467.361493858783
2025-01-16,490.0,498.8500061035156,487.2000122070313,496.6000061035156,1009181,0.0,0.023284604563739375,0.40714792123666965,-0.0415793443657126,1133722.65,467.6524243288799
2025-01-17,494.1000061035156,503.8500061035156,492.6499938964844,500.8500061035156,942421,0.0,0.008558195625785192,0.40798120330370774,-0.0415793443657126,1093838.1,467.9827485256424
2025-01-20,502.5,503.75,494.0,497.8999938964844,551164,0.0,-0.005890011322914002,0.4071503376578413,-0.0415793443657126,1060610.8,468.28043255918317
2025-01-21,499.0,505.1000061035156,490.9500122070313,492.9500122070313,710253,0.0,-0.009941718718884274,0.3913366566352383,-0.0415793443657126,1066190.75,468.52590101339064
2025-01-22,494.8999938964844,499.0,483.9500122070313,497.5499877929688,1971039,0.0,0.009331525452940914,0.39298709260518755,-0.0415793443657126,1134874.25,468.8146978967696
2025-01-23,495.0,511.75,491.6000061035156,509.2999877929688,2063726,0.0,0.023615717592760044,0.4003059356578163,-0.0415793443657126,1191377.75,469.2175366022044
2025-01-24,511.1499938964844,514.0,495.0,496.0499877929688,1579796,0.0,-0.0260161011536999,0.41068436374514544,-0.0415793443657126,1226302.35,469.48452616629163
2025-01-27,491.0,491.3999938964844,476.0499877929688,478.6000061035156,643360,0.0,-0.035177869406048834,0.4283268861147454,-0.0415793443657126,1232418.95,469.57522745919937
2025-01-28,481.1499938964844,484.0,462.4500122070313,467.5,707463,0.0,-0.02319265767229184,0.4309399627280084,-0.0415793443657126,1240202.95,469.5545784297546
2025-01-29,467.3500061035156,492.5,466.75,490.8500061035156,815781,0.0,0.049946537119819556,0.4662967951730309,-0.0415793443657126,1240982.75,469.76647323247863
2025-01-30,491.0,502.2999877929688,488.2999877929688,494.0,809146,0.0,0.006417426621810218,0.4615460264139896,-0.0415793443657126,1230407.95,470.007602852056
2025-01-31,494.2000122070313,507.0,494.0,504.1000061035156,1466408,0.0,0.020445356484849464,0.46690785914482713,-0.0415793443657126,1262568.65,470.34683074510536
2025-02-01,508.8999938964844,513.8499755859375,488.75,491.25,2268052,0.0,-0.025490985812201883,0.4736870725963631,-0.0415793443657126,1331955.6,470.55482247898493
2025-02-03,484.0,496.9500122070313,476.6499938964844,494.75,979805,0.0,0.007124681933842192,0.4500907000749101,-0.0415793443657126,1264333.45,470.7955705140199
2025-02-04,497.25,514.0,496.4500122070313,512.75,1534812,0.0,0.03638201111672568,0.43799132529341417,-0.03548773290101931,1276009.6,471.2130275238307
2025-02-05,513.5,522.4500122070312,513.5,517.7999877929688,1342024,0.0,0.009848830410470466,0.43859953623006975,-0.03548773290101931,1171286.95,471.6765793673047
2025-02-06,520.0,529.0,514.2999877929688,519.8499755859375,3284568,0.0,0.003959034069711764,0.43315473722527975,-0.03548773290101931,1282564.6,472.15591664311205
2025-02-07,520.4000244140625,558.0,518.2999877929688,555.75,10079785,0.0,0.06905843243254672,0.47972260395038874,-0.03454543638380041,1743668.4,472.9876985670612
2025-02-10,556.0,560.7000122070312,540.5999755859375,547.2999877929688,3171755,0.0,-0.01520470032754162,0.42999146814928535,-0.03454543638380041,1856285.4,473.7271243305031
2025-02-11,547.2000122070312,549.6500244140625,523.2000122070312,526.4500122070312,1529710,0.0,-0.03809606440887514,0.4386643216226634,-0.03532377915619015,1873012.45,474.2517301800208
2025-02-12,525.0,531.5,506.2999877929688,529.2999877929688,1566476,0.0,0.0054135730266005044,0.4346457405660772,-0.03532377915619015,1900877.2,474.79947403686606
2025-02-13,532.2999877929688,545.8499755859375,529.0499877929688,535.25,1955540,0.0,0.011241285366057063,0.4300635453528318,-0.03532377915619015,1951533.15,475.40097180764354
2025-02-14,538.4000244140625,541.9500122070312,518.5999755859375,528.1500244140625,2029148,0.0,-0.013264783906468902,0.4337270622386873,-0.03532377915619015,2025432.35,475.92583800273235
2025-02-17,525.0,545.0,514.6500244140625,542.7999877929688,2059415,0.0,0.02773826129263024,0.44074517534220137,-0.03532377915619015,2092890.45,476.59125242850587
2025-02-18,543.0,545.4000244140625,524.5,537.0,1348559,0.0,-0.010685313049750733,0.44105922372690476,-0.03532377915619015,2061766.45,477.1923344938939
2025-02-19,534.0,547.0,530.0,536.7999877929688,1752581,0.0,-0.00037246221048647943,0.44098624345860304,-0.03532377915619015,2046209.2,477.7854454719942
2025-02-20,536.0,563.7999877929688,533.2000122070312,561.3499755859375,3030714,0.0,0.045733957435254435,0.45965322737679865,-0.03532377915619015,2118755.1,478.6169333338245
2025-02-21,561.3499755859375,574.0,544.75,550.0,3790580,0.0,-0.020219072022031104,0.45513485998842185,-0.03532377915619015,2276116.1,479.3272126041347
2025-02-24,545.0,547.9500122070312,532.5,537.8499755859375,1260392,0.0,-0.022090953480113584,0.4425482391030999,-0.03532377915619015,2303762.55,479.90952865370485
2025-02-25,537.5,566.7000122070312,537.0999755859375,564.2000122070312,5212880,0.0,0.04899142477860652,0.45319546750185913,-0.03532377915619015,2523617.5,480.74823993284247
2025-02-27,562.7000122070312,579.0,553.5999755859375,574.75,5029181,0.0,0.018699020852019244,0.430297023357263,-0.03532377915619015,2734619.25,481.68358082903313
2025-02-28,565.0999755859375,568.3499755859375,528.5,533.7000122070312,4746549,0.0,-0.07142233630790562,0.5106336407777184,-0.0382600181537043,2898626.3,482.201157260655
2025-03-03,537.5,549.4500122070312,527.4000244140625,545.3499755859375,2677631,0.0,0.0218286736227149,0.5112109802325702,-0.0382600181537043,2919105.25,482.8295037116529
2025-03-04,540.0499877929688,545.0,533.0499877929688,536.2000122070312,1011331,0.0,-0.016778149424276245,0.5056860729847386,-0.0382600181537043,2920681.55,483.3605535474278
2025-03-05,535.0999755859375,573.5499877929688,535.0999755859375,571.0999755859375,2316457,0.0,0.06508758408127568,0.5473875157212463,-0.0382600181537043,2959763.8,484.2335826224379
2025-03-06,580.0,588.7999877929688,572.0,576.9000244140625,4524906,0.0,0.010155925540312305,0.5373516127512274,-0.0382600181537043,3118907.9,485.15563676961824
2025-03-07,575.0,584.1500244140625,569.4000244140625,571.2000122070312,2053973,0.0,-0.009880415957375877,0.539990628485421,-0.0382600181537043,3057378.15,486.011799709294
2025-03-10,572.6500244140625,584.5999755859375,570.5,574.0499877929688,1426689,0.0,0.004989452949984319,0.5399717951881349,-0.0382600181537043,2624723.35,486.8878015807734
2025-03-11,566.25,573.9500122070312,553.4500122070312,563.5999755859375,2215351,0.0,-0.01820401085140355,0.49264718372018523,-0.0382600181537043,2576903.15,487.6511067947551
2025-03-12,563.5999755859375,571.0499877929688,556.0,565.3499755859375,1084149,0.0,0.003105039169280621,0.48906932550182414,-0.0382600181537043,2554625.1,488.42422986730423
2025-03-13,568.1500244140625,568.9500122070312,550.2999877929688,556.5499877929688,1682015,0.0,-0.01556555792515657,0.4717157945194141,-0.0382600181537043,2560402.05,489.10209810537054
2025-03-17,558.5,583.5499877929688,557.5499877929688,578.9000244140625,3069518,0.0,0.040158183651614276,0.48893015509529597,-0.0382600181537043,2616100.95,489.9956098099347
2025-03-18,578.9000244140625,578.9000244140625,578.9000244140625,578.9000244140625,0,0.0,0.0,0.4885933264080549,-0.0382600181537043,2514643.55,490.88023085077185
2025-03-19,574.25,591.3499755859375,563.1500244140625,586.9500122070312,2392413,0.0,0.013905661519217682,0.4854179198860047,-0.0382600181537043,2531293.45,491.8361490732222
2025-03-20,588.0,589.7999877929688,577.7000122070312,579.5499877929688,1536381,0.0,-0.012607588823854265,0.48222223726094204,-0.0382600181537043,2540684.55,492.7089235878466
2025-03-21,579.9000244140625,598.5499877929688,576.25,597.0499877929688,2513511,0.0,0.030195842237255688,0.4877648306095342,-0.0382600181537043,2578731.05,493.7471431321762
2025-03-24,608.0,622.5999755859375,594.5,619.5,2891623,0.0,0.037601562123833254,0.49958947453526714,-0.0382600181537043,2571776.5,494.99841533981623
2025-03-25,619.5,622.5999755859375,605.3499755859375,614.3499755859375,1746326,0.0,-0.008313195180084776,0.481996993730144,-0.0382600181537043,2469563.8,496.185993053708
2025-03-26,614.0,626.0,609.5999755859375,618.0499877929688,1850787,0.0,0.0060226456483576385,0.4733670465037999,-0.0382600181537043,2499083.55,497.3985701157902
2025-03-27,615.4500122070312,631.7000122070312,609.0,619.3499755859375,2493008,0.0,0.0021033699840540265,0.4625767980110665,-0.0382600181537043,2363089.95,498.6120169363887
2025-03-28,621.0,633.0,615.25,625.5,2278165,0.0,0.00992980488655748,0.4371460719177985,-0.0382600181537043,2225539.15,499.87458393204656
2025-04-01,623.5499877929688,632.75,613.9000244140625,621.4000244140625,1274065,0.0,-0.006554717163768986,0.43613518773736637,-0.0382600181537043,2051914.95,501.08379229505175
2025-04-02,620.5,637.0,615.2000122070312,634.2000122070312,1205225,0.0,0.020598627760013866,0.34166519250652605,-0.03532377915619015,1978294.65,502.4083317966635
2025-04-03,628.25,635.5,622.0,629.2999877929688,1358788,0.0,-0.007726307662799137,0.3424390212896354,-0.03532377915619015,1995667.5,503.67093533891534
2025-04-04,625.4500122070312,633.0,620.0,624.5999755859375,969377,0.0,-0.007468635465121776,0.3357267770920314,-0.03532377915619015,1928313.5,504.874209371224
2025-04-07,589.9500122070312,615.1500244140625,577.5999755859375,612.7999877929688,1958919,0.0,-0.018892072132886573,0.2747270257379054,-0.03532377915619015,1800014.15,505.94809771372894
2025-04-08,626.7000122070312,636.0,613.2999877929688,631.6500244140625,1765120,0.0,0.030760504237252295,0.2898692619752727,-0.03532377915619015,1785571.5,507.1988631535333
2025-04-09,630.0,642.5,622.2999877929688,638.0499877929688,2286845,0.0,0.010132135093073202,0.28563288671831805,-0.026474189566317342,1828579.3,508.5008643937267
2025-04-11,642.5,654.5499877929688,635.8499755859375,645.25,2467732,0.0,0.011284401449385362,0.28634020701515306,-0.026474189566317342,1841198.35,509.86155231020706
2025-04-15,653.8499755859375,665.8499755859375,641.25,664.0,2801281,0.0,0.02905850445563729,0.2833411149464416,-0.026474189566317342,1927054.95,511.39526820761796
2025-04-16,662.5499877929688,667.4500122070312,645.2999877929688,654.75,2072690,0.0,-0.013930722891566272,0.293019879942331,-0.026474189566317342,1946588.7,512.8216834493332
2025-04-17,654.75,675.0,654.75,673.5999755859375,3546717,0.0,0.02878957706901497,0.2899138017651994,-0.026474189566317342,1970448.65,514.4214674506925
2025-04-21,677.0499877929688,692.5,675.0,690.0999755859375,1893379,0.0,0.02449525029398547,0.27351287006918995,-0.026474189566317342,2065117.6,516.1695123077596
2025-04-22,690.7999877929688,699.7000122070312,681.2000122070312,684.7000122070312,2027545,0.0,-0.007824900115843914,0.27790005248934097,-0.026474189566317342,2046874.2,517.8464327047674
2025-04-23,684.0,691.0499877929688,672.0,688.5999755859375,2240498,0.0,0.005695871636302918,0.27721925231276157,-0.026474189566317342,2082080.05,519.5454729324408
2025-04-24,688.5999755859375,695.7999877929688,684.5999755859375,688.25,1430785,0.0,-0.0005082422282105536,0.2690565598853882,-0.026474189566317342,2027943.75,521.2241249430633
2025-04-25,685.0499877929688,692.7000122070312,664.0999755859375,676.8499755859375,1693632,0.0,-0.016563784110515845,0.2699864259630437,-0.02597532999189423,1968044.2,522.772640869858
2025-04-28,675.0,694.2000122070312,674.0,690.9500122070312,1137328,0.0,0.020831849198025942,0.25093177890675694,-0.02330757407928734,1937594.3,524.4460475498299
2025-04-29,689.8499755859375,699.0,685.6500244140625,691.5999755859375,1550985,0.0,0.0009406807546470386,0.24660275417170047,-0.022260955096717997,1922604.2,526.1092707143683
2025-04-30,694.6500244140625,707.5499877929688,683.8499755859375,692.6500244140625,2414489,0.0,0.0015182892787630742,0.24703791629719715,-0.022260955096717997,1918678.25,527.7663926417285
2025-05-02,693.0,697.2000122070312,681.5,693.4000244140625,943467,0.0,0.0010827979117367104,0.24724283425990864,-0.022260955096717997,1851943.35,529.4144884802593
2025-05-05,699.5,700.7999877929688,688.0999755859375,690.8499755859375,1200694,0.0,-0.0036776012955578308,0.24866519501029222,-0.022260955096717997,1848274.8,531.0208117350422
2025-05-06,693.0,742.2000122070312,691.0499877929688,726.6500244140625,5507406,0.0,0.05182029397592669,0.29314800856913587,-0.020312666094935226,2063383.85,532.9673710651817
2025-05-07,712.0,714.0,690.0999755859375,709.7000122070312,3472518,0.0,-0.02332623909384568,0.30780391991913036,-0.02215271776080019,2169070.35,534.7259048078866
2025-05-08,710.3499755859375,729.9000244140625,684.0,691.0499877929688,2545234,0.0,-0.02627874326233204,0.32415926043462145,-0.023473864302269998,2247863.2,536.281368320176
2025-05-09,665.0,697.4000244140625,657.1500244140625,693.9000244140625,3514574,0.0,0.0041242119549065315,0.3211659958317009,-0.023473864302269998,2325645.95,537.8497131569312
2025-05-12,706.9500122070312,713.75,678.9000244140625,689.3499755859375,2131996,0.0,-0.006557210935346336,0.3122174302349566,-0.023473864302269998,2343989.75,539.3571784547323
2025-05-13,688.5,690.2000122070312,652.6500244140625,657.5499877929688,3301295,0.0,-0.04613039663334906,0.346507846642925,-0.02686960931965919,2394712.25,540.5332263088442
2025-05-14,657.5999755859375,665.7000122070312,644.7999877929688,647.9500122070312,2102168,0.0,-0.014599613358916352,0.34989662856279746,-0.02686960931965919,2376434.05,541.6020500491247
2025-05-15,648.0,650.0999755859375,632.75,636.0999755859375,2631750,0.0,-0.018288504356579027,0.3538801974513573,-0.023473864302269998,2367957.5,542.5423279151627
2025-05-16,637.0,643.0999755859375,628.4000244140625,632.0999755859375,1743564,0.0,-0.006288319687978938,0.3375569781892731,-0.023473864302269998,2351501.2,543.4334487875087
2025-05-19,627.0,632.5499877929688,619.4500122070312,621.75,2841022,0.0,-0.01637395346573678,0.33873746397477794,-0.023473864302269998,2316216.45,544.2127179538022
2025-05-20,622.0,631.1500244140625,602.1500244140625,603.4000244140625,3264319,0.0,-0.029513430777543204,0.33157003420046455,-0.026440477638092597,2384763.45,544.8016463762924
2025-05-21,604.0499877929688,610.7999877929688,599.4500122070312,603.8499755859375,2189538,0.0,0.0007456929958065128,0.3147103254241598,-0.026440477638092597,2392863.1,545.3891919405675
2025-05-22,603.8499755859375,604.7999877929688,587.5,591.0999755859375,1941001,0.0,-0.021114516047844867,0.318939708964725,-0.026440477638092597,2377888.25,545.8440256086806
2025-05-23,592.5,600.7999877929688,581.2999877929688,594.2999877929688,2567523,0.0,0.005413656469633876,0.3188020390963345,-0.026440477638092597,2434725.15,546.3261744861362
2025-05-26,600.0,600.5,585.0,586.7999877929688,2442806,0.0,-0.012619889204192103,0.3185522592002137,-0.026440477638092597,2472183.85,546.7288989966519
2025-05-27,586.7999877929688,597.25,582.5999755859375,594.0999755859375,2921436,0.0,0.012440333920975322,0.3238110339373352,-0.026440477638092597,2561389.25,547.2002529925652
2025-05-28,595.0999755859375,602.4000244140625,580.0999755859375,582.2000122070312,4067785,0.0,-0.020030237111472338,0.31187820946903405,-0.026440477638092597,2687229.25,547.548509303157
2025-05-29,585.0,587.4500122070312,578.1500244140625,585.9500122070312,1972965,0.0,0.006441085402565161,0.3144230329674698,-0.026440477638092597,2665153.05,547.9306138096631
2025-05-30,585.0,588.0,548.2000122070312,551.0,4544256,0.0,-0.05964674712675411,0.3599762327367305,-0.030344279070333494,2845192.5,547.9611549657859
2025-06-02,550.0,557.9000244140625,544.6500244140625,555.4500122070312,2267297,0.0,0.008076247199693798,0.36363008185531154,-0.026440477638092597,2898522.65,548.0356709582361
2025-06-03,558.1500244140625,570.9500122070312,556.9500122070312,561.9000244140625,3782716,0.0,0.011612228040832617,0.3709002681969025,-0.026440477638092597,2812288.15,548.1736247239658
2025-06-04,563.5,565.9000244140625,551.6500244140625,559.2999877929688,2060377,0.0,-0.004627222829906463,0.29754983071085483,-0.026440477638092597,2741681.1,548.2843348042544
2025-06-05,561.0,562.4500122070312,548.0499877929688,552.5999755859375,2953555,0.0,-0.01197928187602848,0.2947950477100779,-0.026440477638092597,2762097.15,548.3272765035746
2025-06-06,554.0,554.25,539.0,540.0499877929688,2614146,0.0,-0.022710800483951576,0.29282061511169344,-0.026440477638092597,2717075.75,548.2449154218771
2025-06-09,542.5,553.75,540.1500244140625,551.9500122070312,1649487,0.0,0.022035042464669807,0.31088300553219106,-0.026440477638092597,2692950.3,548.2817820565552
2025-06-10,555.0,566.5,549.2999877929688,565.0,2935361,0.0,0.02364342332521563,0.3327317394680865,-0.026440477638092597,2674653.6,548.4481324838532
2025-06-11,570.0,571.9000244140625,555.0499877929688,564.75,3496904,0.0,-0.0004424778761061843,0.30538016315050337,-0.026440477638092597,2744390.4,548.6103401208298
2025-06-12,565.0,567.0,543.0,544.5,2030711,0.0,-0.03585657370517925,0.320513911825326,-0.029830587923925005,2714338.45,548.569441214155
2025-06-13,539.0,552.6500244140625,531.9500122070312,549.4500122070312,1593973,0.0,0.009090931509699196,0.3235146336193844,-0.029830587923925005,2706858.9,548.5782031145816
2025-06-16,549.4500122070312,559.7999877929688,541.0,558.25,1412941,0.0,0.016015993443372567,0.33300119110434023,-0.029830587923925005,2635454.85,548.6744398995112
2025-06-17,558.0,560.4000244140625,548.0499877929688,555.4500122070312,1196093,0.0,-0.005015652114587987,0.33072442616538433,-0.029830587923925005,2532043.55,548.7418585294367
2025-06-18,554.9000244140625,558.5499877929688,548.25,551.0,894957,0.0,-0.008011543989979497,0.318939763676495,-0.029830587923925005,2467314.5,548.7643275987956
2025-06-19,551.0,556.9000244140625,542.0,543.75,890815,0.0,-0.013157894736842146,0.31990179149846787,-0.029830587923925005,2414805.2,548.7144337918425
2025-06-20,543.0499877929688,555.4500122070312,542.5999755859375,550.8499755859375,1570904,0.0,0.01305742636494256,0.31982221018002105,-0.029830587923925005,2364974.25,548.7356829639231
2025-06-23,547.2000122070312,567.0,546.1500244140625,563.2999877929688,2935969,0.0,0.022601457309294082,0.33097281769142234,-0.029830587923925005,2389632.4,548.8806014199336
2025-06-24,570.0,570.0,560.5499877929688,562.75,1319530,0.0,-0.0009763674860416849,0.32886591987296215,-0.029830587923925005,2309537.1,549.0186053859044
2025-06-25,566.5,569.5,557.5499877929688,560.2999877929688,1499200,0.0,-0.004353642304808947,0.32483512910260803,-0.029830587923925005,2181107.85,549.1308579471687
2025-06-26,562.0,562.75,551.0,557.9000244140625,1356241,0.0,-0.004283354330168243,0.3187002297488986,-0.029830587923925005,2150271.65,549.218113334899
2025-06-27,559.0,564.8499755859375,556.8499755859375,560.25,1106179,0.0,0.004212180468006865,0.31806402592267663,-0.029830587923925005,1978367.8,549.3278833514673
2025-06-30,562.0,567.4500122070312,560.25,565.25,887164,0.0,0.008924587237840287,0.24056187184901537,-0.029830587923925005,1909361.15,549.4863123728459
2025-07-01,565.7999877929688,576.0,553.0,558.7999877929688,2421436,0.0,-0.011410901737339718,0.24313025320033047,-0.029830587923925005,1841297.15,549.5789857601109
2025-07-02,559.9500122070312,560.0,546.9500122070312,549.9000244140625,1190874,0.0,-0.015926921212109257,0.24582711238941526,-0.029830587923925005,1797822.0,549.5821801745781
2025-07-03,551.25,567.5,547.25,565.1500244140625,2248641,0.0,0.02773231373511842,0.2645142500328841,-0.029830587923925005,1762576.3,549.737084097359
2025-07-04,568.0,570.9000244140625,559.2000122070312,563.2999877929688,1217782,0.0,-0.003273531878569491,0.2609816521880708,-0.029830587923925005,1692758.1,549.872038362987
2025-07-07,563.2999877929688,564.0,554.0499877929688,557.7000122070312,626085,0.0,-0.009941373526171082,0.24984903354865193,-0.029830587923925005,1641588.0,549.9499286499924
2025-07-08,557.7000122070312,561.9000244140625,549.0,554.0499877929688,763529,0.0,-0.006544780947050688,0.2398856440140096,-0.029830587923925005,1532996.4,549.9907252583803
2025-07-09,555.0,557.8499755859375,550.9000244140625,554.8499755859375,726733,0.0,0.0014438910036898012,0.2244865487388031,-0.029830587923925005,1394487.85,550.0390760079082
2025-07-10,554.0,555.9000244140625,550.0,550.6500244140625,550213,0.0,-0.007569525739709593,0.22571084294949262,-0.029830587923925005,1320462.95,550.0451550965267
2025-07-11,550.0,550.0,533.5,535.2000122070312,1605930,0.0,-0.028057770856310005,0.211768453437216,-0.029830587923925005,1321060.8,549.8974422319546
2025-07-14,534.4000244140625,546.7000122070312,531.8499755859375,544.75,925911,0.0,0.01784377349616828,0.2189352551952375,-0.029830587923925005,1296709.3,549.8462239012885
2025-07-15,544.0,555.5499877929688,543.9000244140625,553.4000244140625,1241969,0.0,0.015878888323198614,0.2188068430127826,-0.029830587923925005,1299003.1,549.8815851004206
2025-07-16,552.0,560.0,550.75,552.0999755859375,1050686,0.0,-0.0023492026938406463,0.21828096530179772,-0.029830587923925005,1306789.55,549.9036586375898
2025-07-17,554.9000244140625,559.0,546.4000244140625,554.9000244140625,1105054,0.0,0.005071633674957665,0.21708198191421987,-0.029830587923925005,1317501.5,549.9533737199428
2025-07-18,555.0,557.0,546.5,548.6500244140625,1156709,0.0,-0.011263290187452424,0.21568302749441323,-0.029830587923925005,1296791.75,549.940405070133
2025-07-21,548.5999755859375,554.6500244140625,544.5,551.7000122070312,872849,0.0,0.005559077111544797,0.21171650576186482,-0.029830587923925005,1193635.75,549.9579135988583
2025-07-22,552.5,554.9500122070312,548.0499877929688,550.2000122070312,724125,0.0,-0.002718868890358328,0.19543984510921092,-0.029830587923925005,1163865.5,549.9603225402333
2025-07-23,550.2000122070312,561.25,550.0499877929688,558.9000244140625,1534408,0.0,0.015812453678677008,0.20398361806898008,-0.029830587923925005,1165625.9,550.0492747976843
2025-07-24,561.5499877929688,569.75,552.5,554.4500122070312,1832619,0.0,-0.00796208984191138,0.20527756202465214,-0.029830587923925005,1189444.8,550.0930632296181
2025-07-25,555.0,555.2999877929688,535.8499755859375,538.0,1428649,0.0,-0.02966906275563186,0.22878694574668276,-0.02997843830310923,1205568.3,549.9727342422588
2025-07-28,538.9500122070312,542.4000244140625,527.1500244140625,529.9000244140625,1536615,0.0,-0.015055716702486066,0.23229788822784095,-0.02997843830310923,1238040.85,549.7730057862568
2025-07-29,528.8499755859375,534.9500122070312,524.9000244140625,532.7000122070312,1142201,0.0,0.005283992572117535,0.23036702149720448,-0.02997843830310923,1174079.1,549.6031252531302
2025-07-30,535.0,548.9500122070312,533.2000122070312,538.2000122070312,2635551,0.0,0.010324760416679846,0.23233125425779674,-0.02997843830310923,1246312.95,549.4896614417263
2025-07-31,535.0,536.0,503.0,514.9000244140625,7493748,0.0,-0.043292432672792036,0.2697883801822953,-0.03622836665355989,1508568.3,549.1454859489138
2025-08-01,533.0,551.5499877929688,515.0499877929688,518.2999877929688,14204888,0.0,0.006603152491156505,0.24856772904938684,-0.03622836665355989,2157923.6,548.8385655692526
2025-08-04,523.0499877929688,536.0,512.0,532.1500244140625,2694734,0.0,0.026722046975285796,0.2704207821433189,-0.03622836665355989,2261356.05,548.6725104333801
2025-08-05,531.0,569.7999877929688,531.0,567.5,11507207,5.0,0.06642858961598375,0.3590560806804037,-0.02997843830310923,2798539.95,548.8598486380232
2025-08-06,570.9500122070312,571.4000244140625,560.0,569.5,3178115,0.0,0.0035242290748898064,0.35805793594241025,-0.02997843830310923,2921109.05,549.0652232784408
2025-08-07,567.0,571.0,555.25,561.6500244140625,1771601,0.0,-0.013783978201821756,0.36197930306327675,-0.02997843830310923,2982178.45,549.190445180288
2025-08-08,560.75,562.0,528.2999877929688,530.5499877929688,3013769,0.0,-0.05537262577979707,0.4105646631850205,-0.03622836665355989,3052570.4,549.0049679923545
2025-08-11,529.75,533.9000244140625,516.5,522.25,1482566,0.0,-0.015644120222292,0.4026031698951386,-0.03622836665355989,3080403.15,548.738749405366
2025-08-12,522.0999755859375,539.0,519.5,536.6500244140625,1516323,0.0,0.027573048183939575,0.40964735114634043,-0.03622836665355989,3094120.85,548.6184635845569
2025-08-13,538.0,538.75,525.5999755859375,527.2999877929688,1023204,0.0,-0.01742296877989058,0.409219475933079,-0.03622836665355989,3092746.75,548.4063394473272
2025-08-14,527.0,532.6500244140625,525.0,528.5999755859375,811706,0.0,0.00246536662822594,0.4095048753223911,-0.03622836665355989,3078079.35,548.2092611999502
2025-08-18,535.2999877929688,536.1500244140625,526.3499755859375,534.75,867397,0.0,0.011634552966532707,0.4115092121542038,-0.03622836665355989,3063613.75,548.0753382029358
2025-08-19,536.9000244140625,554.75,531.9500122070312,549.8499755859375,2137508,0.0,0.02823744850105192,0.4222391552040404,-0.03622836665355989,3126846.7,548.0929962863487
2025-08-20,551.0999755859375,568.0,545.2999877929688,562.9500122070312,2109767,0.0,0.023824747117854983,0.42970414864562495,-0.03622836665355989,3196128.8,548.2408272905346
2025-08-21,564.9000244140625,566.75,557.0,562.6500244140625,838302,0.0,-0.0005328853121303601,0.42951257675735793,-0.03622836665355989,3161323.5,548.3842023862911
2025-08-22,561.0,567.4000244140625,553.5499877929688,561.5499877929688,932423,0.0,-0.0019550992150747515,0.4264065943398744,-0.03622836665355989,3116313.7,548.5152052261586
2025-08-25,564.0,569.9000244140625,553.3499755859375,555.7000122070312,738877,0.0,-0.01041755090927765,0.427109781579411,-0.02997843830310923,3081825.1,548.5866958428838
2025-08-26,554.5999755859375,559.4500122070312,545.5999755859375,552.7000122070312,991467,0.0,-0.005398596246354415,0.413605362895747,-0.02997843830310923,3054567.7,548.6276243639202
2025-08-28,552.0,553.1500244140625,539.8499755859375,541.75,466807,0.0,-0.019811854469309442,0.41633873814625544,-0.02997843830310923,3020798.0,548.5591902906474
2025-08-29,544.7000122070312,549.9000244140625,536.2999877929688,540.0999755859375,957245,0.0,-0.0030457303443700567,0.4163546219597804,-0.02997843830310923,2936882.7,548.4750190000533
2025-09-01,541.9500122070312,547.0999755859375,538.4500122070312,544.8499755859375,453977,0.0,0.008794668051682164,0.4159556396512626,-0.02997843830310923,2584894.15,548.4389489163308
2025-09-02,545.0,568.5,540.5,559.0499877929688,1930748,0.0,0.02606224253155265,0.39177036334277315,-0.02997843830310923,1971187.15,548.5445313927153
2025-09-03,563.7000122070312,580.7000122070312,555.0999755859375,569.75,3937532,0.0,0.019139634094748947,0.3951264325292742,-0.02997843830310923,2033327.05,548.75553108035
2025-09-04,580.0,580.0,554.7999877929688,557.6500244140625,1552861,0.0,-0.021237341967419887,0.3965405260394494,-0.02997843830310923,1535609.75,548.844033501581
2025-09-05,558.0,563.5499877929688,551.5999755859375,553.4000244140625,727786,0.0,-0.007621267486656369,0.3221808969540254,-0.02997843830310923,1413093.3,548.8893667444913
2025-09-08,555.1500244140625,556.4000244140625,545.0999755859375,549.5499877929688,869712,0.0,-0.006957059001163168,0.3223724420677978,-0.028138335451276097,1367998.85,548.8959400882572
2025-09-09,549.4500122070312,549.4500122070312,530.0,537.9000244140625,2152635,0.0,-0.021199096784067506,0.32692425432487704,-0.028138335451276097,1324942.15,548.7865279919966
2025-09-10,538.5,548.3499755859375,536.5499877929688,545.0999755859375,1114456,0.0,0.013385296235518762,0.2662245323540868,-0.028138335451276097,1306536.65,548.7498458785036
2025-09-11,543.0,549.75,541.2999877929688,543.25,638612,0.0,-0.0033938280476878413,0.2596299914935194,-0.028138335451276097,1262651.1,548.6951210438917
2025-09-12,544.5,547.5499877929688,536.7000122070312,539.25,546357,0.0,-0.007363092498849477,0.24401854774773832,-0.028138335451276097,1238808.75,548.6011397399725
2025-09-15,539.3499755859375,541.9500122070312,536.0499877929688,538.9000244140625,571098,0.0,-0.0006490043318265748,0.23539755343851718,-0.028138335451276097,1226778.35,548.5046112292669
2025-09-16,539.25,547.9000244140625,537.3499755859375,545.4500122070312,728092,0.0,0.012154365366916497,0.23845729839227447,-0.028138335451276097,1219813.1,548.4742172091451
2025-09-17,548.1500244140625,559.0,545.5499877929688,554.2000122070312,961417,0.0,0.016041799989324756,0.24126575706247766,-0.028138335451276097,1161008.55,548.5311902937012
2025-09-18,558.0,558.25,546.2000122070312,547.5999755859375,520406,0.0,-0.011909123918655173,0.2254239434096673,-0.028138335451276097,1081540.5,548.5219244757135
2025-09-19,550.0,550.7000122070312,540.0999755859375,543.2000122070312,795797,0.0,-0.008034995571718606,0.20925713213034258,-0.028138335451276097,1079415.25,548.4689701247813
2025-09-22,543.2000122070312,544.9500122070312,539.0,539.75,425277,0.0,-0.006351274170657284,0.20984731059202655,-0.028138335451276097,1054057.95,548.3822142031416
2025-09-23,542.0,542.0,534.5999755859375,537.0999755859375,572929,0.0,-0.004909725639763773,0.21010765324464098,-0.028138335451276097,1045760.55,548.2699531223734
2025-09-24,537.0,539.2000122070312,532.0,532.7999877929688,659918,0.0,-0.008005935558417776,0.20905871744474608,-0.028138335451276097,1029183.1,548.1160231190959
2025-09-25,533.5499877929688,536.2000122070312,527.0,527.9000244140625,472569,0.0,-0.009196628174117483,0.21026562175994673,-0.028138335451276097,1029471.2,547.9148689031254
2025-09-26,528.0,528.4000244140625,516.0,519.7000122070312,723957,0.0,-0.015533267338134316,0.2062077812717746,-0.028138335451276097,1017806.8,547.6341240603781
2025-09-29,514.2000122070312,524.8499755859375,505.1000061035156,508.3999938964844,1230099,0.0,-0.02174334817226309,0.2173897192877287,-0.028138335451276097,1056612.9,547.2437347055136
2025-09-30,509.0,514.7000122070312,507.75,510.75,634122,0.0,0.004622356671377448,0.2150568895124091,-0.028138335451276097,991781.6,546.8806129671503
2025-10-01,510.75,515.75,504.0,510.6000061035156,605673,0.0,-0.00029367380613676275,0.1878625691279123,-0.028138335451276097,825188.65,546.5196119038307
2025-10-03,510.6000061035156,521.3499755859375,510.6000061035156,519.7000122070312,821820,0.0,0.01782218173665817,0.18584119521534068,-0.028138335451276097,788636.6,546.2527502153052
2025-10-06,515.0,522.0,513.0,516.9500122070312,412053,0.0,-0.0052915142109030144,0.17545244050685257,-0.028138335451276097,772849.95,545.9611806828846
2025-10-07,518.0499877929688,518.8499755859375,508.8500061035156,510.6499938964844,472076,0.0,-0.012186900400001921,0.17749025078316055,-0.028138335451276097,752968.15,545.6098255904826
2025-10-08,510.75,514.9000244140625,508.8500061035156,510.3500061035156,398591,0.0,-0.0005874626389000825,0.17741681488520927,-0.022139633901431525,665265.95,545.2589816154879
2025-10-09,509.5,511.0,505.0,507.0499877929688,591256,0.0,-0.006466186481983605,0.16581553241498784,-0.022139633901431525,639105.95,544.878792622229
2025-10-10,507.0,509.0499877929688,497.25,498.3500061035156,985682,0.0,-0.01715803549729189,0.16206540198939953,-0.022139633901431525,656459.45,544.4158196220428
2025-10-13,498.5,501.8500061035156,496.5499877929688,499.1000061035156,445072,0.0,0.0015049663706518945,0.16326072953160461,-0.022139633901431525,651395.2,543.9649160049431
2025-10-14,499.1000061035156,499.5,480.8500061035156,483.2000122070313,940984,0.0,-0.031857330599163736,0.18958703998130885,-0.02977847614780845,669889.5,543.3602900965062
2025-10-15,482.0,486.0,479.0499877929688,485.0499877929688,604919,0.0,0.003828591761593003,0.19154908590326314,-0.02977847614780845,663730.85,542.7800880835357
2025-10-16,485.7999877929688,493.75,484.0,490.25,830056,0.0,0.010720569710127803,0.18999578642134088,-0.02977847614780845,657162.8,542.2574006399185
2025-10-17,490.75,490.7999877929688,483.0,484.1499938964844,451952,0.0,-0.012442643760358196,0.1753034631659386,-0.02977847614780845,653740.1,541.6792174882426
2025-10-20,485.8999938964844,486.5,479.1000061035156,483.0499877929688,604829,0.0,-0.002272035768631553,0.1746342104134446,-0.02977847614780845,644191.7,541.0958420683892
2025-10-21,485.8999938964844,489.4500122070313,485.8999938964844,488.6499938964844,87532,0.0,0.011593015723075917,0.18456054432923313,-0.02977847614780845,627304.45,540.5739928328479
2025-10-23,490.0,500.0,486.9500122070313,494.6499938964844,1000016,0.0,0.012278727258658417,0.1938435916111669,-0.022249047293608118,648658.8,540.1170376195508
2025-10-24,494.6499938964844,494.9500122070313,484.1000061035156,488.0,588621,0.0,-0.013443837013118465,0.1965421935494847,-0.022249047293608118,645093.95,539.5984601307991
2025-10-27,489.7000122070313,495.2000122070313,486.0,486.8500061035156,518730,0.0,-0.0023565448698450453,0.19623976438650761,-0.022249047293608118,647402.0,539.0735998917218
2025-10-28,487.5499877929688,493.75,485.0,487.3999938964844,853509,0.0,0.0011296863224272702,0.19619533529696587,-0.022249047293608118,653879.6,538.5594346579384
2025-10-29,491.0499877929688,498.3500061035156,490.0499877929688,495.3999938964844,705796,0.0,0.016413623512886444,0.20305155360136243,-0.021262642277662048,627664.45,538.1299874861826
2025-10-30,495.3999938964844,495.3999938964844,483.6000061035156,484.6000061035156,944631,0.0,-0.02180054082767191,0.20312099988313245,-0.02174620780503353,643189.9,537.5973508555094
2025-10-31,485.0,485.0,477.0,480.8500061035156,1068772,0.0,-0.007738340802247001,0.20240022750102787,-0.02174620780503353,666344.85,537.0327006589722
2025-11-03,483.1499938964844,490.0,482.4500122070313,488.2999877929688,549337,0.0,0.015493358833085669,0.21201414486359246,-0.02174620780503353,652720.7,536.5477980433901
2025-11-04,490.0,490.3999938964844,479.0,481.5,724182,0.0,-0.013925840595867212,0.2028679089261187,-0.02174620780503353,668327.15,536.0000587593763
2025-11-06,490.0,491.9500122070313,482.2000122070313,484.7000122070313,1618409,0.0,0.006645923586773295,0.2057710850606507,-0.02174620780503353,725643.8,535.4896105349749
2025-11-07,484.7000122070313,485.1499938964844,475.1000061035156,479.8500061035156,776435,0.0,-0.010006201735856535,0.20467773703136605,-0.021262642277662048,744536.0,534.9359826301843
2025-11-10,481.0499877929688,482.4500122070313,467.4500122070313,468.8500061035156,1227791,0.0,-0.02292383007207266,0.21584813495013985,-0.02174620780503353,776362.75,534.2784107244463
2025-11-11,463.25,468.7000122070313,460.3999938964844,464.0,1236312,5.0,-0.010344472731956822,0.216835426642912,-0.02174620780503353,788894.25,533.5791230555463
2025-11-12,465.0,468.6000061035156,459.2999877929688,466.6000061035156,1949932,0.0,0.005603461429990464,0.21391588173784748,-0.02174620780503353,864137.25,532.9126641804017
2025-11-13,466.6000061035156,472.1499938964844,463.0499877929688,466.1000061035156,1571565,0.0,-0.001071581640504915,0.21341129989520527,-0.02174620780503353,895666.3,532.2478616124725
2025-11-14,467.0,467.0,462.2999877929688,463.5499877929688,1098827,0.0,-0.005470968198143522,0.18660398512308052,-0.02174620780503353,920361.7,531.5643006789452
2025-11-17,464.0,474.5499877929688,462.25,469.2999877929688,1188617,0.0,0.012404271710536818,0.19220691525870615,-0.02174620780503353,938289.75,530.9447552770947
2025-11-18,469.6499938964844,469.8999938964844,461.5499877929688,464.0,1219637,0.0,-0.011293390008155879,0.18968161051566973,-0.02174620780503353,976674.0,530.2786383091634
2025-11-19,466.3500061035156,466.9500122070313,456.0499877929688,457.25,1094938,0.0,-0.014547413793103425,0.19119894629553713,-0.02174620780503353,1001179.45,529.5519851916594
2025-11-20,457.0,459.8999938964844,454.0,457.5,831351,0.0,0.0005467468562054822,0.19151807696490827,-0.02174620780503353,1038370.4,528.835050015623
2025-11-21,455.3999938964844,462.8999938964844,454.5,459.1499938964844,615400,0.0,0.003606544036031334,0.18602478432164263,-0.02174620780503353,1019139.6,528.1416663726465
2025-11-24,462.0,462.0,438.0,440.4500122070313,1808327,0.0,-0.040727391784892375,0.21920829579996573,-0.021856705289891948,1080124.9,527.2691125998543
2025-11-25,440.3999938964844,449.1000061035156,435.2999877929688,446.7000122070313,931862,0.0,0.014190032527600982,0.22721755774922142,-0.021856705289891948,1100781.5,526.467430008881
2025-11-26,445.0,447.3500061035156,440.5499877929688,442.1499938964844,1065043,0.0,-0.010185847741678966,0.22807614688491767,-0.021856705289891948,1111358.2,525.6284505450761
2025-11-27,442.8999938964844,447.1000061035156,441.2999877929688,442.6000061035156,521820,0.0,0.0010177817782275334,0.22804181681443425,-0.021856705289891948,1102159.4,524.8022968690408
2025-11-28,444.0,446.8500061035156,439.0,440.1499938964844,761498,0.0,-0.005535499713613334,0.2150039617127591,-0.021856705289891948,1093002.75,523.9599853966771
2025-12-01,440.0499877929688,444.6499938964844,437.0499877929688,441.7000122070313,628899,0.0,0.0035215684017742,0.20865443466197206,-0.021856705289891948,1071009.1,523.1414782007603
2025-12-02,439.0,445.7000122070313,434.0,438.9500122070313,1137847,0.0,-0.00622594503961893,0.2084079614363848,-0.021856705289891948,1100434.6,522.303752170972
2025-12-03,440.6000061035156,442.2999877929688,431.5,434.3500061035156,715788,0.0,-0.010479567093270914,0.19648734959382624,-0.021856705289891948,1100014.9,521.4285905185595
2025-12-04,434.3500061035156,434.8500061035156,429.7000122070313,433.3999938964844,511741,0.0,-0.0021872043137598496,0.19432998716392533,-0.021856705289891948,1044681.5,520.5526840845091
2025-12-05,434.0,434.25,428.0,431.8500061035156,789321,0.0,-0.0035763447503391887,0.18983395864442953,-0.021856705289891948,1045325.8,519.6700703732555
2025-12-08,431.8999938964844,433.7000122070313,417.6000061035156,420.8999938964844,855586,0.0,-0.025356054306518883,0.20159575167949503,-0.02304544128379497,1026715.55,518.6872835426409
2025-12-09,418.8500061035156,420.7999877929688,410.2000122070313,419.8500061035156,944961,0.0,-0.0024946253461505252,0.19238197389069603,-0.02304544128379497,1012148.0,517.7038280457341
2025-12-10,418.0,439.5,417.6000061035156,426.8500061035156,1936344,0.0,0.016672620931852844,0.2055434936005401,-0.02304544128379497,1011468.6,516.7998099169558
2025-12-11,428.8999938964844,429.75,423.7000122070313,428.2000122070313,528797,0.0,0.0031627177795758854,0.2042939035769375,-0.02304544128379497,959330.2,515.9182198899914
2025-12-12,428.0,435.4500122070313,426.5,433.5,535189,0.0,0.012377364880611363,0.21189489436996045,-0.02304544128379497,931148.3,515.0981381000413
2025-12-15,434.5,442.8999938964844,433.6499938964844,436.75,627248,0.0,0.007497116493656364,0.21500689785523514,-0.02304544128379497,903079.85,514.3185546363593
2025-12-16,438.7000122070313,458.7999877929688,436.5,445.7999877929688,7054664,0.0,0.020721208455566797,0.22412672009800602,-0.02304544128379497,1194831.2,513.636777851848
2025-12-17,446.8500061035156,452.0,440.0499877929688,441.8999938964844,1302894,0.0,-0.008748304179621469,0.22301738785841532,-0.02304544128379497,1205229.0,512.922979006521
2025-12-18,440.3500061035156,441.8999938964844,430.1499938964844,440.2000122070313,1152549,0.0,-0.0038469828308060894,0.2186054067531016,-0.02304544128379497,1221288.9,512.1993673965759
2025-12-19,440.2000122070313,448.7000122070313,435.75,445.3500061035156,792544,0.0,0.011699213434056555,0.22342105872242948,-0.02304544128379497,1230146.1,511.5341996225156
2025-12-22,447.0,467.25,445.75,465.9500122070313,1812533,0.0,0.04625576697247746,0.2772992079506801,-0.02304544128379497,1230356.4,511.0806256183814
2025-12-23,467.0,474.8500061035156,461.0,468.8999938964844,1195508,0.0,0.006331111947996515,0.23274208721752657,-0.02304544128379497,1243538.7,510.6609178400541
2025-12-24,471.1000061035156,479.2999877929688,468.0,473.5,934335,0.0,0.00981020721559478,0.23059385396007923,-0.02304544128379497,1237003.3,510.29115746353614
2025-12-26,474.6499938964844,475.8999938964844,466.8500061035156,473.5,833975,0.0,0.0,0.22597647028481907,-0.02304544128379497,1252611.05,509.92507629474477
2025-12-29,473.4500122070313,482.0,470.6000061035156,475.1499938964844,1497930,0.0,0.0034846755997557377,0.22581545560533442,-0.02304544128379497,1289432.65,509.57905557436413
2025-12-30,475.0,482.9500122070313,466.1000061035156,472.1499938964844,1640431,0.0,-0.00631379572458457,0.22622270730846097,-0.02304544128379497,1340009.25,509.2066270999574
2025-12-31,473.8500061035156,485.9500122070313,473.25,482.1000061035156,1007459,0.0,0.021073837415346297,0.2343254454756117,-0.02304544128379497,1333489.85,508.9369094781023
2026-01-01,485.0,486.2999877929688,476.1499938964844,480.25,384358,0.0,-0.003837390749002356,0.2331192254272459,-0.02304544128379497,1316918.35,508.651467592748
2026-01-02,478.5,481.5,476.0,479.8999938964844,494336,0.0,-0.0007287997990955697,0.2276644733508172,-0.02304544128379497,1316048.1,508.36538327736235
2026-01-05,480.3999938964844,487.0,473.2000122070313,483.5499877929688,1082105,0.0,0.007605738576591303,0.22637039779065105,-0.02304544128379497,1330687.3,508.11846391930874
2026-01-06,481.5,483.6000061035156,473.0,474.1499938964844,473728,0.0,-0.019439549444284165,0.24045978738293322,-0.02304544128379497,1311594.4,507.7804691927135
2026-01-07,474.1499938964844,474.6000061035156,467.5,468.2000122070313,485350,0.0,-0.0125487330297257,0.22390052435450708,-0.02304544128379497,1288613.85,507.38663379982114
2026-01-08,470.0,470.0,451.0,454.0,792020,0.0,-0.030328944546785364,0.25457818652381914,-0.025604698818532206,1231397.65,506.85542351325574
2026-01-09,452.0,452.5,442.7000122070313,450.5499877929688,805729,0.0,-0.0075991458304651704,0.2530572451857638,-0.02304544128379497,1245244.25,506.2951704215116
2026-01-12,450.0,450.0,434.75,436.5499877929688,1281269,0.0,-0.031073133679526577,0.27874880930576834,-0.025604698818532206,1282548.25,505.6011885048097
2026-01-13,437.8500061035156,445.0499877929688,435.6499938964844,443.0499877929688,763564,0.0,0.01488947470337032,0.28016544830586954,-0.025604698818532206,1289364.05,504.9787884977267
2026-01-14,443.0499877929688,447.8500061035156,441.2999877929688,446.1000061035156,686772,0.0,0.0068841403782455846,0.2799994601955585,-0.025604698818532206,970969.45,504.39292996644105
2026-01-15,446.1000061035156,446.1000061035156,446.1000061035156,446.1000061035156,0,0.0,0.0,0.27080625980913625,-0.025604698818532206,905824.75,503.8129008732776
2026-01-16,450.0,450.0,437.5,440.1499938964844,809892,0.0,-0.01333784381444414,0.2731670778225618,-0.025604698818532206,888691.9,503.1794391123145
2026-01-19,439.8999938964844,442.3500061035156,436.0499877929688,438.75,326955,0.0,-0.0031807200179437833,0.2730600753452481,-0.025604698818532206,865412.45,502.53835016592336
2026-01-20,436.5,438.0,429.5,431.8500061035156,774492,0.0,-0.01572648181534897,0.27475540880660004,-0.025604698818532206,813510.4,501.8349835583372
2026-01-21,427.5,430.0499877929688,417.7000122070313,420.5499877929688,926421,0.0,-0.026166535025677784,0.22715074464823745,-0.026374655501733162,800056.05,501.0261776303237
2026-01-22,426.7000122070313,429.75,420.1499938964844,426.6499938964844,582978,0.0,0.014504830057249896,0.2338505314120685,-0.026374655501733162,782488.2,500.28611610063376
2026-01-23,428.9500122070313,441.0499877929688,425.0499877929688,435.5499877929688,2229996,0.0,0.020860175843911533,0.2451597955029853,-0.026374655501733162,852289.25,499.641975520458
2026-01-27,438.9500122070313,440.0,430.5499877929688,439.6000061035156,780838,0.0,0.009298630292860821,0.2490873004737743,-0.026374655501733162,816434.65,499.04454298894615
2026-01-28,438.0,444.7999877929688,435.25,441.3500061035156,856409,0.0,0.003980891664473463,0.24926631324342843,-0.026374655501733162,777233.55,498.4704679950613
2026-01-29,441.5499877929688,443.8500061035156,427.3500061035156,435.25,915995,0.0,-0.013821243954134865,0.25172056393629416,-0.026374655501733162,772660.35,497.8414086120259
2026-01-30,433.0,443.7000122070313,428.0,441.2999877929688,872655,0.0,0.013900029392231561,0.24391322592533576,-0.026374655501733162,797075.2,497.27880740984625
2026-02-02,430.8500061035156,433.0,415.5,430.5,920367,0.0,-0.024473120534133086,0.2539151997316831,-0.026374655501733162,818376.75,496.61434166447464
2026-02-03,440.0,444.9500122070313,428.6000061035156,430.7000122070313,1239682,0.0,0.0004646044298055596,0.2542058594863837,-0.026374655501733162,826255.6,495.9584776897737
2026-02-04,432.7999877929688,440.0,430.1499938964844,438.0,757357,0.0,0.016949123719689263,0.2619918116188813,-0.026374655501733162,840437.05,495.3817764192287
2026-02-05,436.0499877929688,438.2000122070313,423.6000061035156,427.4500122070313,1042634,0.0,-0.024086730120933098,0.26578235107778697,-0.026374655501733162,868301.25,494.70583846686856
2026-02-06,427.4500122070313,439.0,423.6000061035156,428.0499877929688,1417976,0.0,0.0014036157885215506,0.2650446329485522,-0.026374655501733162,899599.05,494.0425961716059
2026-02-09,434.0,446.5,430.0,444.7999877929688,1114593,0.0,0.03913094376281423,0.2868456934558172,-0.026374655501733162,915042.25,493.5526199688334
2026-02-10,448.0,455.9500122070313,440.5,453.75,1483662,0.0,0.020121430873772717,0.2945594520581001,-0.026374655501733162,925161.9,493.1565739989943
2026-02-11,457.6499938964844,469.0,446.5,465.4500122070313,2401032,0.0,0.025785150869490403,0.28340649973864906,-0.026374655501733162,1007035.3,492.88088681698474
2026-02-12,466.7999877929688,466.8500061035156,455.1499938964844,460.0,1032439,0.0,-0.011709124640880142,0.284569061651159,-0.026374655501733162,1024318.65,492.55371381383065
2026-02-13,457.0,457.75,449.2000122070313,453.6499938964844,643526,0.0,-0.013804361094599149,0.28903136184240436,-0.026374655501733162,1056494.95,492.16661212311084
2026-02-16,453.6499938964844,453.6499938964844,446.0,447.1000061035156,420225,0.0,-0.014438417019935756,0.29391985421188077,-0.026374655501733162,1037011.6,491.7181881826174
2026-02-17,446.4500122070313,457.0,443.5,453.75,511382,0.0,0.014873616206001028,0.29371044138033764,-0.026374655501733162,1046232.95,491.3403952653774
2026-02-18,455.0,464.5,452.0,459.6000061035156,685676,0.0,0.01289257543474509,0.2956763098871721,-0.025396578342476828,1041792.15,491.0245704975977
2026-02-19,461.0,461.8999938964844,449.0,458.7000122070313,964303,0.0,-0.0019582112370155613,0.2888212222692106,-0.025396578342476828,1043686.25,490.7029331016717
2026-02-20,458.7000122070313,458.7000122070313,451.0499877929688,454.3999938964844,443638,0.0,-0.009374358395713656,0.27284604919026534,-0.025396578342476828,1036719.25,490.34170982599824
2026-02-23,457.6000061035156,461.3999938964844,452.0,454.75,665062,0.0,0.0007702599212520145,0.27021307188477167,-0.025396578342476828,958472.55,489.9875634595704
2026-02-24,452.2000122070313,459.0,452.2000122070313,458.0,529910,0.0,0.007146783947223678,0.2629860835919197,-0.025396578342476828,945926.15,489.6692792460424
2026-02-25,458.4500122070313,461.5,455.5,458.9500122070313,696884,0.0,0.002074262460767029,0.2618301853003413,-0.025396578342476828,937949.9,489.36361489739556
2026-02-26,458.9500122070313,464.1000061035156,456.5,458.7999877929688,465709,0.0,-0.00032688617512188767,0.2618825660926433,-0.025396578342476828,915435.6,489.0594992048142
2026-02-27,460.0499877929688,464.3999938964844,455.0499877929688,461.25,569462,0.0,0.0053400441853035385,0.2556557445925686,-0.025396578342476828,900275.95,488.78278776994046
2026-03-02,442.0499877929688,457.8500061035156,442.0499877929688,448.1499938964844,926613,0.0,-0.028401097243394346,0.27403553585761853,-0.02627826313656361,900588.25,488.3784813632394
2026-03-04,440.0,440.0,428.4500122070313,431.25,903887,0.0,-0.037710574867012014,0.29266711805677137,-0.028497489608563898,883798.5,487.8100387626102
2026-03-05,432.0,435.0,424.2000122070313,433.2999877929688,552867,0.0,0.004753594882246581,0.2930845181180849,-0.028497489608563898,873574.0,487.2676501957481
2026-03-06,434.0499877929688,436.2999877929688,425.1499938964844,427.6499938964844,513403,0.0,-0.013039450855429013,0.29020865298148574,-0.028497489608563898,847112.45,486.67443968530773
2026-03-09,417.3500061035156,419.3999938964844,409.1000061035156,412.25,630970,0.0,-0.036010742701453324,0.30474711768778223,-0.030366154003422425,807762.15,485.93389799689675
2026-03-10,420.1000061035156,442.0,415.0,431.5499877929688,2262329,0.0,0.04681622266335661,0.3478430854279375,-0.030366154003422425,865148.95,485.39276456203186
2026-03-11,433.7999877929688,441.25,427.8999938964844,431.75,1242580,0.0,0.00046347401851187797,0.3184445771110518,-0.030366154003422425,853094.85,484.8590057106684
2026-03-12,428.0,436.9500122070313,423.2999877929688,434.1000061035156,696191,0.0,0.005442978815322741,0.3099939696104,-0.030366154003422425,767852.8,484.3539410379604
2026-03-13,432.6499938964844,436.7999877929688,413.1499938964844,415.5499877929688,850416,0.0,-0.04273213095998751,0.3233994879855458,-0.031320014130622915,758751.65,483.66932458776154
2026-03-16,413.7999877929688,414.5499877929688,399.75,413.0499877929688,958441,0.0,-0.006016123386930583,0.3225530891737539,-0.031320014130622915,774497.4,482.9666446196542
2026-03-17,416.6499938964844,432.2000122070313,409.7000122070313,428.6499938964844,1283475,0.0,0.03776784061142413,0.3527115949747509,-0.031320014130622915,817659.9,482.426180433354
2026-03-18,429.7999877929688,442.8999938964844,427.0,438.8999938964844,1080546,0.0,0.023912283088648012,0.36121833046666457,-0.031320014130622915,846118.1,481.99308404990256
2026-03-19,429.8999938964844,433.8999938964844,424.75,426.8500061035156,551797,0.0,-0.02745497370822647,0.368018263126009,-0.031320014130622915,839424.15,481.44439670715246
2026-03-20,427.1499938964844,436.0,425.6000061035156,428.5499877929688,501654,0.0,0.003982620745332621,0.3645550210905954,-0.031320014130622915,816291.7,480.91808418064323
2026-03-23,426.0,426.0,410.8500061035156,414.0,792969,0.0,-0.03395167006747846,0.3798470022146376,-0.0340546236991772,833758.25,480.25223259675624
2026-03-24,423.0,423.5499877929688,412.8500061035156,420.25,591501,0.0,0.015096618357487879,0.38538805778505947,-0.0340546236991772,830080.2,479.65519545649005
2026-03-25,426.0,434.4500122070313,422.7999877929688,432.3500061035156,708223,0.0,0.02879240000836547,0.40114144037084953,-0.0340546236991772,838995.85,479.18449705496795
2026-03-27,431.0,433.5,415.0499877929688,419.9500122070313,1281282,0.0,-0.028680452692107616,0.4098427449495476,-0.0340546236991772,868215.75,478.5950991957845
2026-03-30,416.0,432.9500122070313,413.3500061035156,426.7000122070313,1421758,0.0,0.01607334159731444,0.4152065066834897,-0.0340546236991772,916018.2,478.0787301710208
2026-04-01,436.3500061035156,447.7999877929688,432.5,446.2000122070313,993432,0.0,0.04569955341491472,0.44841644825975546,-0.0340546236991772,937216.7,477.76152899724985
2026-04-02,436.0499877929688,453.0,433.3500061035156,452.3999938964844,668538,0.0,0.01389507288174685,0.45089983452522636,-0.0340546236991772,924312.95,477.50917541415765
2026-04-06,457.0,457.9500122070313,444.25,446.8500061035156,644564,0.0,-0.012267877691967133,0.4417082197314891,-0.0340546236991772,911346.8,477.20410905285775
2026-04-07,446.7999877929688,450.2000122070313,442.3500061035156,448.8500061035156,256421,0.0,0.0044757748073895876,0.4196758669267405,-0.0340546236991772,896524.5,476.9219786752524
2026-04-08,460.3999938964844,469.7999877929688,454.2000122070313,464.9500122070313,977661,0.0,0.03586945724537349,0.43556625622214007,-0.0340546236991772,919737.4,476.80285463079247
2026-04-09,469.0,473.7999877929688,451.6000061035156,455.1499938964844,1129101,0.0,-0.02107757404721433,0.44032742811425213,-0.0340546236991772,944643.95,476.58740328020235
2026-04-10,454.25,461.4500122070313,454.25,456.7000122070313,346018,0.0,0.00340551099930253,0.4164700831828403,-0.0340546236991772,848828.4,476.38951879191217
2026-04-13,450.1000061035156,458.75,440.3999938964844,457.25,723044,0.0,0.0012042648965802094,0.38806605150941426,-0.0340546236991772,822851.6,476.1990758188583
2026-04-15,461.0,465.6000061035156,453.6499938964844,455.7999877929688,737833,0.0,-0.003171158462616064,0.3885743705313077,-0.0340546236991772,824933.7,475.9960998186007
2026-04-16,459.75,461.0,448.7999877929688,453.25,671131,0.0,-0.005594532385391537,0.3895333659023314,-0.0340546236991772,815969.45,475.7697704671719
2026-04-17,455.1000061035156,462.75,452.7999877929688,454.4500122070313,678735,0.0,0.0026475724369141584,0.3534121915217512,-0.0340546236991772,801984.15,475.55763356906107
2026-04-20,456.0,456.5,449.1499938964844,450.75,350408,0.0,-0.008141736401462984,0.3542851564672305,-0.0340546236991772,755330.8,475.3107914439958
2026-04-21,452.5,455.8500061035156,449.7000122070313,451.3999938964844,408157,0.0,0.0014420275019064732,0.3328829617509828,-0.0340546236991772,721711.35,475.0728730604385
2026-04-22,453.0,459.0,448.3999938964844,452.2999877929688,1109889,0.0,0.0019937835814212157,0.3237982324303702,-0.0340546236991772,749615.95,474.8462771871304
2026-04-23,452.5,455.3999938964844,446.0,446.9500122070313,363233,0.0,-0.011828378797981154,0.3103579435534098,-0.0340546236991772,742694.9,474.568702411209
2026-04-24,449.8999938964844,450.2000122070313,439.0,440.7999877929688,335939,0.0,-0.013759982651513458,0.31524695506285894,-0.0340546236991772,719843.4,474.2326953005798
2026-04-27,441.0499877929688,448.0,441.0499877929688,445.9500122070313,273893,0.0,0.011683358794649878,0.2890808415309356,-0.0340546236991772,703963.0,473.95127556830573
2026-04-28,447.8999938964844,455.8500061035156,446.1000061035156,448.5,492860,0.0,0.005718102305567019,0.28623485601931425,-0.0340546236991772,693194.85,473.698029045238
2026-04-29,453.0,457.0,448.1499938964844,450.5499877929688,712427,0.0,0.004570764309852482,0.2708942169260472,-0.0340546236991772,664752.1,473.46770027655873
2026-04-30,452.0,455.0,436.1499938964844,438.0499877929688,871474,0.0,-0.02774386935672013,0.2695694009259977,-0.0340546236991772,637237.9,473.1152852269708
2026-05-01,438.0499877929688,438.0499877929688,438.0499877929688,438.0499877929688,0,0.0,0.0,0.26481535985434823,-0.0340546236991772,587566.3,472.7663767947917
2026-05-04,443.7999877929688,449.0,439.3500061035156,441.5499877929688,482285,0.0,0.007989955707187857,0.21231365540154581,-0.0340546236991772,578253.65,472.4557659589527
2026-05-05,441.5499877929688,443.3999938964844,437.7000122070313,442.5499877929688,277246,0.0,0.002264749241639441,0.20617119624823532,-0.0340546236991772,559887.75,472.1581960269529
2026-05-06,442.1499938964844,453.7000122070313,442.1499938964844,452.6499938964844,643943,0.0,0.022822294389578612,0.21746238580653304,-0.0340546236991772,579263.85,471.96408456296814
2026-05-07,455.7999877929688,456.5,450.25,453.9500122070313,557820,0.0,0.0028720166311198003,0.21718262442037642,-0.0340546236991772,558271.8,471.7848400619141
2026-05-08,456.4500122070313,460.1499938964844,451.5499877929688,455.7999877929688,783892,0.0,0.004075284802710355,0.17624412293080297,-0.0340546236991772,541011.35,471.62578680550666
2026-05-11,451.0,456.5,446.0,452.2999877929688,692041,0.0,-0.007678806699726759,0.16247768272655586,-0.0340546236991772,558312.5,471.43349029791926
2026-05-12,452.2999877929688,452.2999877929688,431.5,433.8999938964844,572321,0.0,-0.04068095156550533,0.213687432465731,-0.03609573430973126,550776.35,471.06002267203434
2026-05-13,435.0,437.3500061035156,427.7000122070313,428.6000061035156,568454,0.0,-0.012214768074491289,0.21592085342984604,-0.03609573430973126,542307.4,470.63753494498445
2026-05-14,432.75,434.8999938964844,422.0,424.6000061035156,524915,0.0,-0.00933271101968658,0.2170390112590773,-0.03609573430973126,534996.6,470.17945008089026
2026-05-15,436.3999938964844,460.0,431.0499877929688,449.8999938964844,9497223,0.0,0.05958546262196873,0.3070613112512681,-0.03609573430973126,975921.0,469.9776644472146
2026-05-18,448.25,459.0,440.1000061035156,457.2999877929688,1923032,0.0,0.016448086234442272,0.3123369808137449,-0.03609573430973126,1054552.2,469.85151841085394
2026-05-19,457.3500061035156,461.0,452.1499938964844,453.25,852436,0.0,-0.008856304179046592,0.3125952229673115,-0.03609573430973126,1076766.15,469.686329172935
2026-05-20,453.0,453.8500061035156,442.3999938964844,444.2000122070313,1037703,0.0,-0.019966878748965633,0.3204350371805232,-0.03609573430973126,1073156.85,469.43273397924446
2026-05-21,451.0,454.7999877929688,445.0,446.4500122070313,451956,0.0,0.0050652857680502095,0.32092135753457873,-0.03609573430973126,1077593.0,469.204050180516
2026-05-22,446.4500122070313,457.7000122070313,445.1000061035156,454.7000122070313,705520,0.0,0.018479112497311823,0.32450773098349994,-0.03609573430973126,1096072.05,469.0597313947102
2026-05-25,458.0,469.5,456.1000061035156,463.4500122070313,1451716,0.0,0.019243456707927153,0.32570974405219655,-0.03609573430973126,1154963.2,469.00391329334025
2026-05-26,465.5,481.5499877929688,461.8999938964844,477.9500122070313,2803681,0.0,0.03128708516145773,0.3393992437950122,-0.03609573430973126,1270504.25,469.09292920292927
2026-05-27,480.0,483.0,472.4500122070313,478.1499938964844,1400265,0.0,0.0004184154918829286,0.33946354693662156,-0.03609573430973126,1304896.15,469.1830492496314
2026-05-28,478.1499938964844,478.1499938964844,478.1499938964844,478.1499938964844,0,0.0,0.0,0.3396119162176589,-0.03609573430973126,1261322.45,469.2722725794509
2026-05-29,480.1000061035156,481.9500122070313,463.0,466.3999938964844,1003197,0.0,-0.02457387880369566,0.3361499772465239,-0.03609573430973126,1311482.3,469.2436926920582
2026-06-01,470.0,480.0,466.8999938964844,469.4500122070313,953147,0.0,0.006539490459821717,0.3361283591530951,-0.03609573430973126,1335025.4,469.24574562255543
2026-06-02,469.4500122070313,471.0,462.5,469.5499877929688,491758,0.0,0.00021296321937991358,0.3359029375766059,-0.0340546236991772,1345751.0,469.2487729078332
2026-06-03,470.0,471.0,459.0499877929688,461.25,408005,0.0,-0.01767647323766597,0.3435754684063871,-0.0340546236991772,1333954.1,469.1691831276558
2026-06-04,458.5,466.0,457.2999877929688,462.7000122070313,384588,0.0,0.0031436579014227917,0.33535256804545344,-0.0340546236991772,1325292.5,469.1048132677491
2026-06-05,466.0,470.0,463.5,467.7000122070313,567168,0.0,0.01080613760123006,0.33695656301518395,-0.028944013560876156,1314456.3,469.0908351477419
2026-06-08,465.8500061035156,465.8500061035156,445.1499938964844,448.7000122070313,903779,0.0,-0.040624330776347084,0.3671062165610594,-0.03428530310292189,1325043.2,468.88794138713786
2026-06-09,450.8500061035156,455.7999877929688,449.2000122070313,454.75,367250,0.0,0.013483368906567428,0.36920118242580585,-0.03428530310292189,1314789.65,468.747265353435
2026-06-10,461.0,479.8999938964844,460.0,477.6499938964844,4969287,0.0,0.05035732577566665,0.3758430237908913,-0.03428530310292189,1534831.3,468.8358497170475
2026-06-11,475.3500061035156,478.6499938964844,462.0,465.2999877929688,1022853,0.0,-0.025855765228360972,0.386466751770883,-0.028944013560876156,1559728.2,468.8006670113353
2026-06-12,470.0,471.6000061035156,466.0,470.2000122070313,549391,0.0,0.01053089306385857,0.3838199116108164,-0.028944013560876156,1112336.6,468.8145908441283
2026-06-15,479.0,482.0,473.0,474.1000061035156,684749,0.0,0.008294329636825193,0.3294251516129947,-0.028944013560876156,1050422.45,468.8671820407391
2026-06-16,478.8500061035156,497.7999877929688,474.2000122070313,490.0,4196091,0.0,0.03353721512716623,0.3434309268392679,-0.028944013560876156,1217605.2,469.0774588363537
2026-06-17,494.0,494.0,482.1000061035156,485.1000061035156,987282,0.0,-0.009999987543845679,0.3439725135946407,-0.028944013560876156,1215084.15,469.23688716737024
2026-06-18,486.0,487.8999938964844,475.5499877929688,482.0499877929688,644545,0.0,-0.006287401097034739,0.3353895754797949,-0.028944013560876156,1224713.6,469.3643807059334
2026-06-19,482.0,486.8999938964844,477.0,484.2000122070313,678507,0.0,0.004460169004269154,0.33537448579488865,-0.027790698523489504,1223362.95,469.5119989298249
2026-06-22,485.8999938964844,492.0,480.7999877929688,487.2000122070313,849517,0.0,0.006195786708731665,0.33140748353035854,-0.027790698523489504,1193253.0,469.68799906193647
2026-06-23,489.3999938964844,489.7000122070313,477.3500061035156,480.3500061035156,556844,0.0,-0.014059946494017761,0.33155299638403046,-0.027790698523489504,1080911.15,469.79408868424076
2026-06-24,480.3500061035156,482.0,473.3500061035156,478.1000061035156,404915,0.0,-0.004684084462185156,0.31436977259045135,-0.02595017043477893,1031143.65,469.8767346287112
2026-06-25,478.2999877929688,480.3999938964844,466.1000061035156,469.0499877929688,680789,0.0,-0.018929132388647907,0.3212696845391634,-0.02595017043477893,1065183.1,469.8685082920371
2026-06-26,469.0499877929688,469.0499877929688,469.0499877929688,469.0499877929688,0,0.0,0.0,0.3212696845391634,-0.02595017043477893,1015023.25,469.86036380945933
2026-06-29,469.0,476.9500122070313,460.5499877929688,474.25,735306,0.0,0.01108626445445382,0.3115099172784804,-0.02595017043477893,1004131.2,469.90404178150453
2026-06-30,474.1499938964844,474.1499938964844,466.7999877929688,467.9500122070313,268662,0.0,-0.013284107101673603,0.3146040073892838,-0.02595017043477893,992976.4,469.8845987011615
2026-07-01,470.7000122070313,476.3999938964844,468.0,472.3999938964844,360129,0.0,0.009509523610150783,0.3163143999094033,-0.02595017043477893,990582.6,469.9096275090752
2026-07-02,474.6000061035156,478.9500122070313,471.25,477.0499877929688,357216,0.0,0.00984334029755174,0.31073124709255906,-0.02595017043477893,989214.0,469.980675870109
2026-07-03,478.6000061035156,482.7000122070313,474.0,481.5499877929688,691410,0.0,0.00943297372423979,0.3118390928526918,-0.02595017043477893,995426.1,470.09579340167977
2026-07-06,476.7000122070313,480.9500122070313,475.0499877929688,476.0499877929688,291349,0.0,-0.01142145185218979,0.31350937378561883,-0.02595017043477893,964804.6,470.15503911701603
2026-07-07,475.0,476.0499877929688,462.2000122070313,463.7000122070313,468145,0.0,-0.025942602463227882,0.29234279127659946,-0.026032665807902495,969849.35,470.09080999353364
2026-07-08,461.3999938964844,469.0499877929688,449.0,451.0,494884,0.0,-0.027388423275177876,0.30561681364368026,-0.02740619557925499,746129.2,469.90085168514025
2026-07-09,455.0499877929688,458.7000122070313,451.0,453.8500061035156,224044,0.0,0.006319303998925996,0.24606095613327317,-0.02740619557925499,706188.75,469.7411417788555
2026-07-10,458.5,458.5,453.0,453.75,349015,0.0,-0.00022035056113411944,0.2307061443492808,-0.02740619557925499,696169.95,469.5820259402599
2026-07-13,450.0,457.3500061035156,447.6499938964844,456.25,382227,0.0,0.005509641873278293,0.2281594083375017,-0.02740619557925499,681043.85,469.44936896572995
2026-07-14,456.0,456.0,447.25,454.2000122070313,444845,0.0,-0.004493123929794396,0.2256458379517027,-0.02740619557925499,493481.55,469.2976340726086
2026-07-15,455.0,458.0,450.2999877929688,453.75,350576,0.0,-0.0009907798215254005,0.1853379323237728,-0.02740619557925499,461646.25,469.1429312460155
2026-07-16,456.0,459.0,450.5499877929688,456.3999938964844,409736,0.0,0.005840206934400793,0.186551681720017,-0.02740619557925499,449905.8,469.0161358495028
2026-07-17,456.8999938964844,458.3500061035156,450.1000061035156,454.2999877929688,430840,0.0,-0.004601240428569908,0.18624953271633338,-0.02740619557925499,437522.45,468.86970651560694
2026-07-20,453.8999938964844,453.8999938964844,442.0,443.2000122070313,644678,0.0,-0.024433140841280232,0.1986318291892683,-0.02740619557925499,427280.5,468.61428667174056
2026-07-21,443.0,444.5,438.0,439.25,348523,0.0,-0.008912482171110958,0.1956086380894628,-0.02740619557925499,416864.45,468.32210471480784
2026-07-22,439.25,441.5499877929688,434.6000061035156,435.75,241623,0.0,-0.007968127490039834,0.19311650889627316,-0.02740619557925499,408699.85,467.9980041703819
2026-07-23,434.1000061035156,437.5499877929688,431.3999938964844,431.8500061035156,206687,0.0,-0.008950072051599256,0.19371596249882916,-0.02601489350382538,384994.75,467.63832259757726
2026-07-24,431.0,434.0,425.1000061035156,431.0,431603,0.0,-0.001968290127363992,0.18687570498625589,-0.02601489350382538,406574.9,467.2737621737208
2026-07-27,434.2000122070313,441.2000122070313,433.0499877929688,439.7000122070313,240525,0.0,0.02018564317176641,0.20450755313170574,-0.02601489350382538,381835.85,466.9993965024105
2026-07-28,440.0,443.25,436.4500122070313,438.3999938964844,202193,0.0,-0.0029566028529806054,0.19800880585584935,-0.02601489350382538,378512.4,466.71482533220234
2026-07-29,440.0499877929688,453.0,440.0499877929688,451.4500122070313,687613,0.0,0.029767377947610862,0.22585181152628464,-0.02601489350382538,394886.6,466.56293664438977
2026-07-30,451.0,456.0,442.0,445.8500061035156,603476,0.0,-0.012404487655540364,0.22501200976065988,-0.02601489350382538,407199.6,466.3568378330378
2026-07-31,443.0,448.2000122070313,436.25,438.8999938964844,857422,0.0,-0.015588229476030557,0.22445884073639008,-0.02601489350382538,415500.2,466.0836354058084
2026-08-03,440.0,455.7000122070313,439.75,455.0,882614,0.0,0.03668263004649952,0.2615808278814953,-0.02601489350382538,445063.45,465.9733504763974
2026-08-04,456.5499877929688,456.7000122070313,450.0499877929688,454.6000061035156,341969,0.0,-0.000879107464800799,0.25962710689935575,-0.025860107090104317,438754.65,465.86018287069714
2026-08-05,457.0,466.0,454.0,458.6499938964844,799698,0.0,0.00890890395643007,0.2470064980602453,-0.025860107090104317,453995.35,465.7884396968244
2026-08-06,462.0,466.1499938964844,457.5,459.75,488463,0.0,0.0023983563025269383,0.22672898558839333,-0.025860107090104317,467216.3,465.7283557197416
2026-08-07,459.75,461.6000061035156,449.7999877929688,450.7000122070313,300321,0.0,-0.01968458465028533,0.23673277683674582,-0.025860107090104317,464781.6,465.57881996339626
2026-08-10,451.5,453.1000061035156,448.5,451.5499877929688,308104,0.0,0.0018859009605418642,0.23684588450549707,-0.025860107090104317,461075.45,465.43922959354126
2026-08-11,446.4500122070313,450.7999877929688,442.8999938964844,444.3500061035156,289902,6.0,-0.01594503794506641,0.2420175894178007,-0.025860107090104317,453328.3,465.22938657374004
2026-08-12,444.2999877929688,444.9500122070313,441.3500061035156,442.2999877929688,165429,0.0,-0.004613521508693874,0.24203891619211337,-0.025860107090104317,444070.95,465.00123335204086
2026-08-13,442.4500122070313,446.6499938964844,442.1000061035156,443.2999877929688,189124,0.0,0.0022609089477707567,0.24232842352018363,-0.025860107090104317,433040.35,464.7853005604083
2026-08-14,442.5,444.7999877929688,441.3500061035156,442.7000122070313,204506,0.0,-0.0013534301882672795,0.2410482758911136,-0.025860107090104317,421723.65,464.56554644743943
2026-08-17,446.9500122070313,446.9500122070313,437.0,439.0499877929688,369715,0.0,-0.008244916000489155,0.24199775144651067,-0.025860107090104317,407975.5,464.3116602916736
2026-08-18,438.9500122070313,438.9500122070313,433.1000061035156,434.3999938964844,357355,0.0,-0.010591035248307734,0.2299299533588677,-0.025860107090104317,408417.1,464.0140317703285
2026-08-19,433.2999877929688,437.7000122070313,432.2000122070313,434.8500061035156,362458,0.0,0.0010359397176660234,0.2281131418465769,-0.025860107090104317,414458.85,463.72384246021096
2026-08-20,439.0,439.1000061035156,433.5,433.9500122070313,283276,0.0,-0.0020696651347639206,0.2265513071075633,-0.025860107090104317,418288.3,463.4275854427664
2026-08-21,438.0,438.0,429.6000061035156,431.1499938964844,459222,0.0,-0.006452398275797466,0.2254847875041423,-0.025860107090104317,419669.25,463.1064153776292
2026-08-24,431.6000061035156,434.8500061035156,430.2999877929688,430.9500122070313,361457,0.0,-0.0004638332187963945,0.22537801980012948,-0.025860107090104317,425715.85,462.7864511669765
2026-08-25,434.7999877929688,446.8999938964844,425.1000061035156,427.6000061035156,2511636,0.0,-0.007773537553367849,0.21451492101595762,-0.025860107090104317,541188.0,462.4363372857481
2026-08-26,428.8999938964844,431.3999938964844,425.7999877929688,427.5499877929688,565043,0.0,-0.00011697453188230789,0.21445445440070707,-0.025860107090104317,535059.5,462.08920943009855
2026-08-27,428.0499877929688,429.2999877929688,424.1000061035156,424.75,493439,0.0,-0.006548913280111313,0.1831997291881503,-0.025860107090104317,529557.65,461.7176750079085
2026-08-28,425.7000122070313,426.9500122070313,421.1000061035156,421.5499877929688,336671,0.0,-0.0075338721766479155,0.18075505542678572,-0.025860107090104317,503520.1,461.31799652815783
2026-08-31,421.0,421.0,406.8999938964844,409.5499877929688,1249117,0.0,-0.02846637491991444,0.1971706741039659,-0.025860107090104317,521845.25,460.8028919636286
2026-09-01,408.0,413.8500061035156,405.25,412.2999877929688,755291,0.0,0.0067146870515599755,0.13971773735341375,-0.025860107090104317,542511.35,460.32027600173154
2026-09-02,412.3999938964844,414.6499938964844,407.25,411.4500122070313,739003,0.0,-0.002061546473691167,0.13937585070939243,-0.025860107090104317,539476.6,459.8340047201923
2026-09-03,412.6499938964844,423.6000061035156,412.6499938964844,418.2999877929688,933299,0.0,0.016648378618812076,0.15099261408062037,-0.024508613922377614,561718.4,459.4207309199215
2026-09-04,419.8999938964844,422.9500122070313,418.0499877929688,419.0499877929688,329143,0.0,0.0017929716038413979,0.15066681325041476,-0.024508613922377614,563159.5,459.0190319833349
2026-09-07,420.0,421.9500122070313,416.4500122070313,418.0499877929688,364232,0.0,-0.0023863501470713366,0.14004086682783873,-0.024508613922377614,565965.9,458.6113798023363
2026-09-08,416.8500061035156,420.2999877929688,415.0,418.6499938964844,398881,0.0,0.0014352496616092392,0.13982951648511482,-0.024508613922377614,571414.85,458.2137540719298
2026-09-09,414.6000061035156,417.9500122070313,414.5,415.6000061035156,446106,0.0,-0.007285292816038846,0.1332260413524228,-0.024508613922377614,585448.7,457.7897366792093
2026-09-10,415.5,423.1499938964844,415.2999877929688,417.75,523104,0.0,0.005173228741360614,0.13614956161853964,-0.024508613922377614,602147.7,457.39133133911764
2026-09-11,415.0,420.0,411.4500122070313,418.7999877929688,572806,0.0,0.0025134357701228627,0.1362677979678777,-0.024508613922377614,620562.7,457.00733787099676
2026-09-14,418.7999877929688,418.7999877929688,418.7999877929688,418.7999877929688,0,0.0,0.0,0.13651278141065915,-0.024508613922377614,602076.95,456.62716523340447
2026-09-15,420.0,421.0,415.4500122070313,416.6499938964844,447469,0.0,-0.005133700953084186,0.13531304789507434,-0.024508613922377614,606582.65,456.2293824340322
2026-09-16,415.0,415.5,401.3999938964844,409.1000061035156,603060,0.0,-0.018120695796396746,0.14329560475405162,-0.024508613922377614,618612.75,455.7604334158181
2026-09-17,407.5,416.0,407.5,413.8999938964844,261042,0.0,0.011733042584590514,0.15147491773129432,-0.024508613922377614,617501.05,455.3439116295561
2026-09-18,414.7000122070313,420.0,410.8999938964844,414.8999938964844,470769,0.0,0.002416042557976228,0.15235713477628593,-0.024508613922377614,618078.4,454.941484587436
2026-09-21,415.0,420.0,413.25,417.2000122070313,498363,0.0,0.005543548672890086,0.1536917908064519,-0.024508613922377614,624923.7,454.565947548825
2026-09-22,417.9500122070313,420.0,414.2999877929688,418.5,650166,0.0,0.003115982154678232,0.15449992848954797,-0.024508613922377614,531850.2,454.2070823990855
2026-09-23,418.5,421.6499938964844,417.75,419.6000061035156,394631,0.0,0.0026284494707662365,0.15324726864909283,-0.024508613922377614,523329.6,453.86273338121913
