date,open,high,low,close,volume,daily_return,rolling_volatility_ann,var_95_threshold,avg_volume_20d,ema_200
2022-06-22,515.0999755859375,517.0,498.1000061035156,504.0,279721,-0.018787158484165567,0.6664844873548355,-0.032444776964119126,1202064.25,531.7728188073092
2022-06-23,505.0,514.0,487.20001220703125,500.70001220703125,628786,-0.0065475948273189255,0.6458507033635369,-0.032444776964119126,1187805.4,531.4636366520826
2022-06-24,509.8999938964844,514.0,488.6499938964844,492.1000061035156,818374,-0.017175965436085683,0.6442886805866493,-0.032444776964119126,1134006.8,531.0719587361765
2022-06-27,500.0,506.20001220703125,488.8500061035156,491.3999938964844,315410,-0.0014224998950396195,0.5682821599861826,-0.032444776964119126,1104870.1,530.6772128173736
2022-06-28,491.0,505.0,488.95001220703125,501.95001220703125,279123,0.021469308997934755,0.5611856628003695,-0.032444776964119126,1055381.85,530.3913700252309
2022-06-29,490.1000061035156,507.95001220703125,490.1000061035156,504.75,212296,0.005578220390228594,0.5577876125601883,-0.032444776964119126,1047416.45,530.1362320150296
2022-06-30,504.0,514.5,499.25,506.79998779296875,510348,0.004061392358531535,0.5565367738856609,-0.032444776964119126,790741.65,529.9040305799842
2022-07-01,504.0,505.0,495.0,500.95001220703125,80202,-0.01154296710111058,0.500750560052772,-0.032444776964119126,700317.05,529.6159308946812
2022-07-04,498.0,508.79998779296875,496.04998779296875,505.95001220703125,326557,0.009981035788324544,0.4607481162428897,-0.032444776964119126,598417.5,529.3804491166946
2022-07-05,510.0,512.2000122070312,504.8500061035156,507.54998779296875,269200,0.0031623194927066223,0.43057341379160324,-0.032444776964119126,555744.3,529.1632305960605
2022-07-06,507.6000061035156,529.7999877929688,506.04998779296875,524.2999877929688,818454,0.03300167550557087,0.44543760621492534,-0.032444776964119126,549979.75,529.1148401204078
2022-07-07,528.5999755859375,615.0,523.0499877929688,595.2999877929688,3777107,0.13541865659557462,0.6431744276388877,-0.032444776964119126,704229.55,529.773398803717
2022-07-08,604.0,628.7000122070312,575.5,595.25,2776856,-8.397076095045808e-05,0.6436709259031342,-0.032444776964119126,829942.75,530.4249072733318
2022-07-11,593.0,607.9500122070312,584.8499755859375,590.9000244140625,506731,-0.007307812828118432,0.6442675428643619,-0.032444776964119126,836654.75,531.0266497324436
2022-07-12,588.0499877929688,621.0,586.25,616.25,1042265,0.04290061692089897,0.638891624727333,-0.032444776964119126,864046.45,531.8746432674442
2022-07-13,622.75,628.0,595.2999877929688,599.75,920449,-0.026774847870182583,0.650078287051197,-0.032444776964119126,857370.45,532.5500199513502
2022-07-14,604.0,608.9000244140625,591.9000244140625,598.25,511494,-0.002501042100875317,0.649887195641757,-0.032444776964119126,870149.1,533.2037510961129
2022-07-15,595.0,610.8499755859375,594.2999877929688,605.0999755859375,316950,0.01145002187369415,0.6451672409784072,-0.032444776964119126,843882.95,533.9191364144197
2022-07-18,607.0,608.0,589.8499755859375,592.7999877929688,590792,-0.020327199288114772,0.6140353442118444,-0.032444776964119126,777527.1,534.5050155326142
2022-07-19,592.7999877929688,645.0,591.5999755859375,635.5499877929688,1878635,0.07211538610039603,0.6474662547922525,-0.032444776964119126,842987.5,535.51043814217
2022-07-20,643.9000244140625,683.0,640.0999755859375,675.0999755859375,2938732,0.06222954693195937,0.6058542761790636,-0.032444776964119126,975938.05,536.899388763501
2022-07-21,666.9500122070312,708.0,662.0999755859375,699.2000122070312,2398380,0.03569847058604414,0.598330376788038,-0.032444776964119126,1064417.75,538.5143203400535
2022-07-22,704.9000244140625,706.2000122070312,664.0499877929688,668.5999755859375,894054,-0.04376435367113973,0.6293620099821785,-0.032444776964119126,1068201.75,539.8087049693657
2022-07-25,668.5,675.0,642.6500244140625,661.3499755859375,578397,-0.01084355409024107,0.625707859138953,-0.032444776964119126,1081351.1,541.0180708461476
2022-07-26,661.3499755859375,661.3499755859375,615.7999877929688,622.4000244140625,702402,-0.0588946134569166,0.6743582032191989,-0.032444776964119126,1102515.05,541.8278415284154
2022-07-27,619.0,655.0,605.5499877929688,646.0,994513,0.03791769707617676,0.6796108220738525,-0.032444776964119126,1141625.9,542.86438041868
2022-07-28,649.9000244140625,656.7999877929688,621.0,627.5,627543,-0.028637770897832815,0.6944468497317094,-0.032444776964119126,1147485.65,543.7065258871507
2022-07-29,631.5,642.6500244140625,617.5499877929688,635.0,624177,0.01195219123505975,0.6939485652187871,-0.032444776964119126,1174684.4,544.614918664393
2022-08-01,641.5,649.9000244140625,625.0499877929688,631.5999755859375,368778,-0.0053543691560039575,0.6916671754957753,-0.032444776964119126,1176795.45,545.4804416188363
2022-08-02,629.0,637.4500122070312,615.5499877929688,619.7999877929688,373759,-0.018682691971325438,0.6997845209575938,-0.032444776964119126,1182023.4,546.2199395907182
2022-08-03,622.6500244140625,624.7000122070312,601.0,609.4500122070312,427470,-0.01669889607902786,0.7058019135838675,-0.032444776964119126,1162474.2,546.8490945421244
2022-08-04,612.75,648.7000122070312,610.0499877929688,621.6500244140625,1121462,0.020018068689260815,0.7018129447572204,-0.032444776964119126,1029691.95,547.5933824015466
2022-08-05,621.7999877929688,645.2999877929688,615.2999877929688,633.7000122070312,1027433,0.019383877293862373,0.5334490979702685,-0.032444776964119126,942220.8,548.4501647876708
2022-08-08,636.9000244140625,658.0,626.0999755859375,642.2999877929688,513854,0.013571051633699316,0.5343850278997826,-0.032444776964119126,942576.95,549.3839938723007
2022-08-10,597.0,621.9500122070312,583.5999755859375,599.7999877929688,1639871,-0.06616845836481466,0.5866503887114396,-0.032444776964119126,972457.25,549.8856455531034
2022-08-11,600.0,600.0,509.79998779296875,563.25,1364377,-0.060936959881340624,0.6040278109250663,-0.032444776964119126,994653.65,550.0186242043163
2022-08-12,565.0,581.8499755859375,550.0,555.25,747953,-0.01420328450954278,0.5994989180998507,-0.032444776964119126,1006476.6,550.0706776948207
2022-08-16,562.0,565.0,553.5499877929688,557.5999755859375,509944,0.004232283810783333,0.6000208806614199,-0.032444776964119126,1016126.3,550.145596081797
2022-08-17,556.0,572.9500122070312,550.0,562.4500122070312,822870,0.008698057448796037,0.599280516940458,-0.032444776964119126,1027730.2,550.2680280830431
2022-08-18,566.0,572.0,558.0499877929688,560.0999755859375,690353,-0.0041782141880880586,0.5959293738669882,-0.032444776964119126,968316.1,550.365858406455
2022-08-19,562.9500122070312,575.0,559.0,569.7999877929688,1253295,0.017318358560690417,0.537385912765876,-0.032444776964119126,884044.25,550.5592328282114
2022-08-22,568.8499755859375,573.7999877929688,553.25,559.2999877929688,1062385,-0.018427518822297873,0.4805657748090451,-0.032444776964119126,817244.5,550.646205514428
2022-08-23,559.2999877929688,569.8499755859375,554.0,557.5999755859375,443299,-0.0030395355697031556,0.45368251804374815,-0.032444776964119126,794706.75,550.715397256433
2022-08-24,557.8499755859375,565.9500122070312,557.0,560.7999877929688,125246,0.00573890306158753,0.43990291173675644,-0.032444776964119126,772049.2,550.8157414408761
2022-08-25,566.0,570.0,550.0,555.4500122070312,204597,-0.00953989961196744,0.43981854561655465,-0.032444776964119126,747158.95,550.861853587803
2022-08-26,571.0,580.0,550.1500244140625,558.5999755859375,763064,0.005671011449599472,0.40062011067953246,-0.032444776964119126,735586.5,550.9388498265904
2022-08-29,554.9500122070312,568.0,551.0,562.4500122070312,229976,0.006892296436381562,0.3723276707160105,-0.032444776964119126,715708.15,551.0533887557491
2022-08-30,569.7999877929688,585.2000122070312,565.0999755859375,568.9000244140625,1044817,0.011467707470965482,0.36791010123537826,-0.032444776964119126,736740.15,551.2309672200109
2022-09-01,572.0,575.0,568.0,569.9000244140625,259828,0.0017577780929609599,0.36387564443288134,-0.032444776964119126,731292.65,551.416728983136
2022-09-02,574.0,575.0,561.5,564.3499755859375,140170,-0.009738635884129376,0.36426440100403296,-0.032444776964119126,719613.2,551.5454180040595
2022-09-05,568.6500244140625,570.0,560.2000122070312,565.6500244140625,327894,0.002303621660965316,0.36164133684706834,-0.032444776964119126,714634.4,551.6857623464476
2022-09-06,575.0,580.0,567.0999755859375,571.75,405078,0.010784010116955622,0.36209841425420103,-0.032444776964119126,678815.2,551.8854065022043
2022-09-07,571.75,587.0,563.75,573.5,756210,0.003060778312199419,0.35330353449026225,-0.032444776964119126,665254.05,552.100477084272
2022-09-08,573.5,577.2999877929688,559.0,568.7999877929688,200157,-0.008195313351405886,0.3434897624528104,-0.032444776964119126,649569.2,552.2666413699308
2022-09-09,569.9000244140625,574.0499877929688,566.0999755859375,568.5,199743,-0.000527404710630841,0.337353610155726,-0.032444776964119126,577562.8,552.4281673264489
2022-09-12,571.0,583.5,568.0499877929688,572.7999877929688,189845,0.007563742819646002,0.25778867176856696,-0.032444776964119126,518836.2,552.6308720077078
2022-09-13,576.9500122070312,584.0499877929688,572.0,575.5,276969,0.004713708562450458,0.14412590547169077,-0.032444776964119126,495287.0,552.858425520069
2022-09-14,570.0,604.7000122070312,570.0,594.0,780906,0.03214596003475245,0.1694657287422879,-0.032444776964119126,508835.1,553.2677944203668
2022-09-15,607.0,607.6500244140625,577.0,579.9500122070312,435074,-0.023653178102641004,0.1933253002355248,-0.032444776964119126,489445.3,553.5332891247117
2022-09-16,580.0,589.7000122070312,576.0499877929688,581.25,363430,0.002241551453756374,0.19177053304221864,-0.032444776964119126,473099.15,553.809077292625
2022-09-19,581.0,585.25,571.0,575.5499877929688,149912,-0.009806472614247275,0.19488646006148763,-0.032444776964119126,417930.0,554.0254047602901
2022-09-20,588.9000244140625,588.9000244140625,576.2999877929688,581.3499755859375,292812,0.010077296353023346,0.18894290214846957,-0.032444776964119126,379451.35,554.2972910371623
2022-09-21,585.1500244140625,598.75,580.8499755859375,592.5999755859375,409270,0.019351510230410263,0.18522590982066808,-0.032444776964119126,377749.9,554.6784122764536
2022-09-22,590.0,593.0,579.5499877929688,587.2999877929688,505411,-0.008943617973875773,0.188677197205668,-0.032444776964119126,396758.15,555.0030050676627
2022-09-23,587.0,590.75,578.0,584.7000122070312,241651,-0.004426997514009878,0.18978947084784317,-0.032444776964119126,398610.85,555.2984976760147
2022-09-26,584.7000122070312,593.0499877929688,560.0,564.0499877929688,353894,-0.03531729773036285,0.2269956942561268,-0.032444776964119126,378152.35,555.3855771796659
2022-09-27,564.0499877929688,576.0,564.0499877929688,570.0999755859375,102658,0.01072597805850739,0.22902052018152783,-0.032444776964119126,371786.45,555.5319891041064
2022-09-28,569.5,577.9500122070312,565.0,571.1500244140625,54379,0.0018418678707112779,0.22806910101847364,-0.032444776964119126,322264.55,555.6873924405239
2022-09-29,585.0,585.0,571.0,577.1500244140625,317406,0.010505120797561718,0.22752711695992184,-0.032444776964119126,325143.45,555.9009509676239
2022-09-30,582.4500122070312,584.9000244140625,576.4500122070312,582.9000244140625,91067,0.009962747564357333,0.22973417383708175,-0.032444776964119126,322688.3,556.1695984646034
2022-10-03,582.8499755859375,582.8499755859375,562.25,567.25,383060,-0.02684855679976006,0.24697427422648136,-0.032444776964119126,325446.6,556.2798512161994
2022-10-04,550.0,603.9500122070312,550.0,593.9000244140625,366408,0.04698109195956368,0.29519066501978103,-0.032444776964119126,323513.1,556.6541812977703
2022-10-06,593.9000244140625,608.7000122070312,590.75,596.6500244140625,285475,0.004630408969444222,0.293777768330674,-0.032444776964119126,299976.35,557.0521498859921
2022-10-07,596.4000244140625,605.0,593.2000122070312,601.4000244140625,104089,0.007961115906539584,0.294449522923649,-0.032444776964119126,295172.95,557.4934222693561
2022-10-10,593.0,595.0499877929688,571.75,575.5499877929688,104165,-0.04298309872248374,0.3324688779611054,-0.032444776964119126,290394.05,557.673089587999
2022-10-11,579.9000244140625,579.9000244140625,553.2999877929688,556.3499755859375,160516,-0.033359417277822434,0.35290973436447304,-0.032444776964119126,288927.6,557.6599242745457
2022-10-12,560.7999877929688,564.9500122070312,553.7000122070312,562.7000122070312,142640,0.011413744764535938,0.35430755894256943,-0.032444776964119126,282211.15,557.7100744032272
2022-10-13,565.7000122070312,566.9500122070312,556.6500244140625,560.2000122070312,43595,-0.004442864662814627,0.3539940615244332,-0.032444776964119126,245345.6,557.7348499037626
2022-10-14,562.0,569.2000122070312,558.0999755859375,561.0499877929688,316574,0.0015172716305178469,0.333093163187088,-0.032444776964119126,239420.6,557.7678363504214
2022-10-17,561.0999755859375,564.4000244140625,533.0999755859375,548.9500122070312,1216159,-0.021566662239020484,0.3314984756780854,-0.032444776964119126,282057.05,557.680096806706
2022-10-18,555.0,570.0,547.5499877929688,555.5999755859375,1462034,0.012113968906149353,0.3349874224545445,-0.032444776964119126,347663.15,557.6593990831163
2022-10-19,560.0,565.0,555.75,559.25,92133,0.006569518672518315,0.33494157021107857,-0.032444776964119126,337629.2,557.6752259579113
2022-10-20,555.0,555.8499755859375,463.8500061035156,471.1499938964844,2160757,-0.1575324203907298,0.6339267535228558,-0.032444776964119126,425203.55,556.8142783752105
2022-10-21,474.95001220703125,478.70001220703125,376.95001220703125,385.75,16084743,-0.1812586119129771,0.8606877474618432,-0.032444776964119126,1204170.15,555.1121462520741
2022-10-24,388.95001220703125,406.95001220703125,386.0,399.20001220703125,944062,0.03486717357623137,0.8800991938889688,-0.032444776964119126,1239290.7,553.560781734213
2022-10-25,402.0,402.0,378.0,383.3999938964844,3647705,-0.03957920297445472,0.882393056417332,-0.032444776964119126,1403981.25,551.8676395666735
2022-10-27,382.8999938964844,390.3999938964844,366.0,370.29998779296875,1657868,-0.03416798725107062,0.8821223266746485,-0.032444776964119126,1481741.75,550.0609962654426
2022-10-28,375.0,375.0,350.0,355.45001220703125,2229869,-0.04010255488919967,0.8786718514839842,-0.032444776964119126,1590516.25,548.1245685633688
2022-10-31,355.0,357.0,341.29998779296875,344.20001220703125,1783658,-0.031650020013074154,0.8755276142301102,-0.032444776964119126,1663828.85,546.0954685001218
2022-11-01,345.0,378.6000061035156,344.20001220703125,378.6000061035156,2387886,0.09994187297062984,0.9676411291830243,-0.032444776964119126,1778669.8,544.4288469837377
2022-11-02,384.8500061035156,387.3500061035156,367.54998779296875,379.45001220703125,1130018,0.002245129661416989,0.9651995223566081,-0.032444776964119126,1816017.7,542.7872665381983
2022-11-03,379.04998779296875,390.3500061035156,378.0,385.20001220703125,589280,0.015153511174122114,0.9714833256019809,-0.032444776964119126,1827161.3,541.2192341567937
2022-11-04,386.0,401.20001220703125,384.04998779296875,397.0,670382,0.030633404514604834,0.959634737316608,-0.032444776964119126,1846406.65,539.7842169015023
2022-11-07,400.0,403.3999938964844,387.3999938964844,395.04998779296875,639511,-0.004911869539121483,0.9574760580692959,-0.032444776964119126,1873177.75,538.3440753183328
2022-11-09,403.0,403.04998779296875,385.0,393.3500061035156,292529,-0.004303206535837267,0.9542914765750784,-0.032444776964119126,1882595.95,536.9013482614689
2022-11-10,390.8999938964844,390.8999938964844,370.29998779296875,375.3999938964844,504330,-0.045633689916118714,0.955203879602573,-0.032444776964119126,1899786.65,535.2943696110711
2022-11-11,383.0,385.20001220703125,377.0,379.20001220703125,1099903,0.0101225849023181,0.9584302113373451,-0.032444776964119126,1947649.8,533.7411919254588
2022-11-14,390.0,390.0,369.1000061035156,370.3500061035156,788487,-0.02333862293939959,0.9533534092132481,-0.032444776964119126,1984894.4,532.1154089819569
2022-11-15,374.8999938964844,379.3999938964844,369.1499938964844,374.54998779296875,518959,0.011340574106212475,0.9577127333880562,-0.032444776964119126,1995013.65,530.5475938457481
2022-11-16,376.0,380.0,372.1000061035156,374.54998779296875,688519,0.0,0.9573550377383514,-0.032444776964119126,1968631.65,528.9953788601483
2022-11-17,372.54998779296875,378.0,366.04998779296875,367.29998779296875,479297,-0.0193565618376349,0.9572584314831873,-0.032444776964119126,1919494.8,527.3864694962958
2022-11-18,365.0,366.8999938964844,346.20001220703125,350.70001220703125,867668,-0.04519459879561494,0.9558149695561613,-0.032444776964119126,1958271.55,525.6283952944126
2022-11-21,372.0,372.0,329.8999938964844,344.54998779296875,19972322,-0.017536424864541766,0.9510659507769665,-0.032444776964119126,2848849.8,523.8266200953933
2022-11-22,344.0,346.45001220703125,331.3999938964844,334.8999938964844,3089093,-0.02800752935241091,0.8124570687581532,-0.032444776964119126,2199067.3,521.9467531680409
2022-11-23,340.0,340.0,317.0,326.20001220703125,6081103,-0.02597784965066985,0.5459441311447398,-0.032444776964119126,2455919.35,519.9990244022598
2022-11-24,333.0,335.95001220703125,326.29998779296875,329.95001220703125,1680742,0.011496014284695821,0.5288804901016229,-0.032444776964119126,2357571.2,518.1079894550437
2022-11-25,331.0,336.0,330.0,331.70001220703125,3881472,0.0053038337180055795,0.5184147173542251,-0.032444776964119126,2468751.4,516.2531837112824
2022-11-28,331.5,331.5,319.79998779296875,321.04998779296875,2583143,-0.03210739831813836,0.5170703434255084,-0.032444776964119126,2486415.1,514.3108633538862
2022-11-29,322.25,344.20001220703125,306.0,336.54998779296875,9587048,0.048279086090466716,0.5345724395934462,-0.032444776964119126,2876584.6,512.5420984229319
2022-11-30,335.5,340.0,332.0,335.45001220703125,2227659,-0.0032683869434996238,0.5237163758216261,-0.032444776964119126,2868573.25,510.7799881123259
2022-12-01,339.79998779296875,347.20001220703125,333.0,339.3999938964844,3763898,0.011775172293078562,0.3793528680503722,-0.032444776964119126,3000267.25,509.07471453803896
2022-12-02,339.3999938964844,350.0,338.8999938964844,348.79998779296875,3727851,0.02769591651598957,0.39531749561962204,-0.032444776964119126,3157195.8,507.4799411375905
2022-12-05,351.04998779296875,362.79998779296875,350.79998779296875,354.29998779296875,3288502,0.01576834917570169,0.39569265064368075,-0.032444776964119126,3288101.8,505.9557624973456
2022-12-06,352.0,352.79998779296875,343.79998779296875,345.6499938964844,1915251,-0.02441432174572611,0.3812347521995813,-0.032444776964119126,3351888.8,504.3606802227102
2022-12-07,349.8500061035156,352.3500061035156,332.1000061035156,334.45001220703125,1623899,-0.032402667111885775,0.39172469437969587,-0.032444776964119126,3418457.3,502.6700268096189
2022-12-08,338.0,341.75,336.75,338.5,632497,0.012109396457314903,0.3975517706185242,-0.032444776964119126,3424865.65,501.0364942045481
2022-12-09,340.8999938964844,356.25,340.29998779296875,352.04998779296875,4887026,0.04002950603535815,0.4029033094342036,-0.032444776964119126,3614221.8,499.5540414044329
2022-12-12,350.0,368.1000061035156,349.5,364.70001220703125,4406308,0.03593246656069082,0.42272363971891036,-0.032444776964119126,3795112.85,498.2122102681403
2022-12-13,366.0,379.5,360.95001220703125,367.54998779296875,3107934,0.007814574967218935,0.4161861093217302,-0.032444776964119126,3924561.6,496.912088651472
2022-12-14,370.0,374.20001220703125,363.0,365.8999938964844,1268127,-0.004489168688025513,0.4143432040063796,-0.032444776964119126,3953542.0,495.60848571858656
2022-12-15,365.5,369.70001220703125,359.79998779296875,363.75,781823,-0.005875905800350023,0.414702189861715,-0.032444776964119126,3968668.3,494.2964609850683
2022-12-16,370.29998779296875,374.70001220703125,345.95001220703125,363.75,8035531,0.0,0.4093325011650222,-0.032444776964119126,4327061.45,492.99749122402284
2022-12-19,360.6499938964844,361.3500061035156,351.5,353.25,684933,-0.028865979381443307,0.39014869915706146,-0.032444776964119126,3362692.0,491.6069689232863
2022-12-20,355.0,357.95001220703125,346.3999938964844,348.1499938964844,557144,-0.014437384581785229,0.38847448774917004,-0.032444776964119126,3236094.55,490.17953633595494
2022-12-21,352.0,352.95001220703125,331.29998779296875,336.54998779296875,663015,-0.0333189898230033,0.393832453425887,-0.032444776964119126,2965190.15,488.65088411164663
2022-12-22,344.0,344.0,326.04998779296875,330.54998779296875,515025,-0.017827960830861578,0.3878888509070693,-0.032444776964119126,2906904.3,487.07774086469465
2022-12-23,327.0,328.70001220703125,315.04998779296875,319.8999938964844,538505,-0.032219011616345106,0.40215988256991386,-0.032444776964119126,2739755.95,485.41428069585675
2022-12-26,320.45001220703125,328.70001220703125,317.04998779296875,324.75,301447,0.01516100717740243,0.4055934394181528,-0.032444776964119126,2625671.15,483.815631136694
2022-12-27,329.0,331.95001220703125,325.04998779296875,329.1000061035156,281573,0.013394937963096654,0.39158131476478497,-0.032444776964119126,2160397.4,482.27617218114
2022-12-28,329.0,334.29998779296875,326.8500061035156,329.1499938964844,268004,0.0001518924097285712,0.3526452108380379,-0.032444776964119126,2062414.65,480.7525286161186
2022-12-29,327.70001220703125,334.75,327.04998779296875,332.54998779296875,280356,0.010329618591922829,0.3545978168514395,-0.032444776964119126,1888237.55,479.2778764686246
2022-12-30,335.54998779296875,338.70001220703125,330.1000061035156,331.45001220703125,172591,-0.003307699973882694,0.3520328979387786,-0.032444776964119126,1710474.55,477.8069524461212
2023-01-02,332.0,334.0,330.0,331.8999938964844,128294,0.001357615546479618,0.3365648053803498,-0.032444776964119126,1552464.15,476.35514191328906
2023-01-03,331.79998779296875,339.0,330.6499938964844,337.45001220703125,337003,0.01672195966438572,0.337220002633143,-0.032444776964119126,1473551.75,474.973001319197
2023-01-04,338.0,338.45001220703125,324.75,327.0,937200,-0.030967585802367692,0.34339084077891396,-0.032444776964119126,1439216.8,473.5006331468667
2023-01-05,328.5,331.0,324.0,326.04998779296875,333469,-0.0029052361071292276,0.32567984493874463,-0.032444776964119126,1424265.4,472.0334625463304
2023-01-06,326.0,326.0,319.0,320.79998779296875,1276326,-0.016101825476324105,0.3260228427983501,-0.032444776964119126,1243730.4,470.5286518522671
2023-01-09,323.95001220703125,327.70001220703125,321.20001220703125,325.45001220703125,748481,0.01449508912407893,0.294691199065732,-0.032444776964119126,1060839.05,469.0850832985832
2023-01-10,327.0,327.6000061035156,321.29998779296875,324.3500061035156,170690,-0.0033799541012641265,0.2574005795838397,-0.032444776964119126,913976.85,467.64493327674177
2023-01-11,325.8999938964844,326.54998779296875,318.8999938964844,321.20001220703125,200948,-0.00971171215418154,0.2531529741168003,-0.032444776964119126,860617.9,466.18776988301335
2023-01-12,321.3999938964844,322.70001220703125,311.0,315.6499938964844,431137,-0.017279010272794104,0.2558778643686914,-0.032444776964119126,843083.6,464.68988156473944
2023-01-13,315.0,315.70001220703125,306.0,309.8999938964844,4178484,-0.01821637925291919,0.25881867018318344,-0.032444776964119126,650231.25,463.1496836774931
2023-01-16,313.0,326.0,313.0,320.45001220703125,1118275,0.03404329951058638,0.2954745647118264,-0.032444776964119126,671898.35,461.7297864489313
2023-01-17,322.0,322.54998779296875,313.0,318.1000061035156,410440,-0.00733345612106695,0.2835153480188642,-0.032444776964119126,664563.15,460.3006344056933
2023-01-18,319.3999938964844,319.5,307.0,307.54998779296875,1547222,-0.033165728098457525,0.29853976129609017,-0.032444776964119126,708773.5,458.7807274742234
2023-01-19,307.54998779296875,307.95001220703125,299.54998779296875,303.6000061035156,771603,-0.012843381063998294,0.282692973632663,-0.032444776964119126,721602.4,457.23664069441537
2023-01-20,304.0,309.5,299.70001220703125,306.20001220703125,915990,0.008563919799886799,0.2820837193884515,-0.032444776964119126,740476.65,455.7337886696653
2023-01-23,308.3999938964844,328.3999938964844,307.8999938964844,324.75,1831023,0.06058127711773742,0.34017715267837206,-0.032444776964119126,816955.45,454.4304673893701
2023-01-24,324.75,325.0,310.6000061035156,312.3500061035156,673902,-0.03818319906538681,0.3615814274049562,-0.032444776964119126,836571.9,453.0167314561776
2023-01-25,310.20001220703125,316.95001220703125,305.0,306.45001220703125,515322,-0.018889046842307633,0.361998539099333,-0.032444776964119126,848937.8,451.5583561402657
2023-01-27,308.0,309.8500061035156,291.0,306.04998779296875,3077575,-0.001305349643100251,0.3618665007645609,-0.032444776964119126,988798.75,450.1105116790986
2023-01-30,305.8999938964844,307.1000061035156,295.0,296.1499938964844,1033026,-0.03234763695916676,0.3718032904325019,-0.032444776964119126,1031820.5,448.5785662285253
2023-01-31,303.0,303.75,295.8999938964844,301.8999938964844,599557,0.01941583696945748,0.38150249069316833,-0.032444776964119126,1055383.65,447.1190779466144
2023-02-01,303.95001220703125,307.3999938964844,298.79998779296875,305.0,1012247,0.010268321186447382,0.3843655884845674,-0.032444776964119126,1089145.85,445.7049577680412
2023-02-02,299.04998779296875,310.95001220703125,299.04998779296875,306.1000061035156,473346,0.003606577388575838,0.3782039581512103,-0.032444776964119126,1065953.15,444.3158537713793
2023-02-03,306.95001220703125,307.3999938964844,294.5,303.25,608445,-0.009310702537365545,0.36626189081755967,-0.032444776964119126,1079701.95,442.9122134353457
2023-02-06,303.0,320.3500061035156,302.3999938964844,317.45001220703125,908942,0.04682609136696203,0.4054166181235481,-0.032444776964119126,1061332.75,441.6638333236212
2023-02-07,317.95001220703125,322.25,314.25,319.70001220703125,804349,0.007087730078689125,0.4024551468856457,-0.032444776964119126,1064126.15,440.45026296425215
2023-02-08,320.1000061035156,326.0,311.0,321.29998779296875,1960838,0.005004615342026897,0.3995217313322746,-0.032444776964119126,1153633.55,439.26468808692596
2023-02-09,321.25,325.8500061035156,316.04998779296875,318.25,1439019,-0.00949264833129726,0.4006725158588947,-0.032444776964119126,1215537.1,438.0605618373048
2023-02-10,320.04998779296875,320.8500061035156,303.0,315.45001220703125,1195770,-0.008798076332973248,0.4004232578829393,-0.032444776964119126,1253768.75,436.8405563683469
2023-02-13,298.45001220703125,320.6000061035156,298.1000061035156,318.5,3507072,0.00966868814374,0.39711405480540835,-0.032444776964119126,1220198.15,435.6630383945325
2023-02-14,319.0,320.5,314.04998779296875,318.95001220703125,440251,0.0014129111680729611,0.39109438280397407,-0.032444776964119126,1186296.95,434.5017147508758
2023-02-15,316.70001220703125,322.5,316.70001220703125,319.8999938964844,598595,0.0029784657566855888,0.37307170755082164,-0.032444776964119126,1195704.7,433.36139912048384
2023-02-16,321.0,332.0,318.54998779296875,328.20001220703125,2104813,0.025945665735875645,0.3823255797977256,-0.032444776964119126,1223584.25,432.315017161146
2023-02-17,327.8999938964844,332.95001220703125,319.29998779296875,328.20001220703125,1288183,0.0,0.3608043478376617,-0.032444776964119126,1249413.25,431.2790469625976
2023-02-20,329.8500061035156,344.5,325.0,339.79998779296875,3149560,0.0353442265523749,0.37200739370207286,-0.032444776964119126,1361091.75,430.3688075678749
2023-02-21,340.1000061035156,358.5,340.1000061035156,348.8999938964844,4487971,0.0267804780177332,0.37909791098705575,-0.032444776964119126,1493939.15,429.5581726059705
2023-02-22,347.0,347.70001220703125,334.5,335.8999938964844,16149472,-0.03725996052570002,0.3539186763356671,-0.032444776964119126,2267717.65,428.62625042975674
2023-02-23,336.3500061035156,351.8999938964844,335.29998779296875,345.70001220703125,5594430,0.029175404848524655,0.33430319054290136,-0.032444776964119126,2521673.05,427.8011137310232
2023-02-24,345.70001220703125,355.75,342.8500061035156,350.1499938964844,2664314,0.012872379324037064,0.3235756629650612,-0.032444776964119126,2501010.0,427.02846577247055
2023-02-27,350.1499938964844,351.75,339.3999938964844,345.29998779296875,1607273,-0.013851224298320086,0.33027015700053763,-0.032444776964119126,2529722.35,426.21524708610735
2023-02-28,346.04998779296875,350.20001220703125,338.8500061035156,345.6000061035156,7899730,0.0008688627893227441,0.3004099118391353,-0.032444776964119126,2894731.0,425.4131053847881
2023-03-01,345.0,350.0,337.04998779296875,348.1499938964844,1752906,0.007378436770643315,0.29729681947416026,-0.032444776964119126,2931763.95,424.6443182058
2023-03-02,348.70001220703125,349.5,338.0,340.79998779296875,1952700,-0.021111607733363957,0.312407908262483,-0.032444776964119126,3005731.65,423.8100462613937
2023-03-03,340.79998779296875,344.0,339.1000061035156,341.04998779296875,978871,0.0007335681013929118,0.3127835457476647,-0.032444776964119126,3024252.95,422.9865630925537
2023-03-06,341.20001220703125,344.1499938964844,332.70001220703125,336.3500061035156,812424,-0.013780917336687293,0.3157916103506782,-0.032444776964119126,3019427.05,422.1245077991304
2023-03-08,338.04998779296875,338.95001220703125,330.75,331.75,1623814,-0.013676248015586201,0.28298811543034624,-0.032444776964119126,3060400.3,421.2252589653083
2023-03-09,331.75,335.29998779296875,322.6000061035156,333.1499938964844,1041319,0.004220026816833089,0.28254461588252705,-0.032444776964119126,3014424.35,420.34888816860354
2023-03-10,332.75,332.75,317.0,323.6000061035156,1573269,-0.028665730055321914,0.30163532522077036,-0.032444776964119126,3021136.85,419.38621272516986
2023-03-13,323.79998779296875,337.0,320.04998779296875,331.8999938964844,1610800,0.0256489111137832,0.3113577083587506,-0.032444776964119126,3041888.35,418.51570308508343
2023-03-14,330.6000061035156,334.0,322.1000061035156,329.25,937919,-0.007984314387516567,0.3110085883335866,-0.032444776964119126,2913430.7,417.6274871339881
2023-03-15,329.25,339.8999938964844,327.6000061035156,337.20001220703125,821382,0.024145822952258866,0.31930783648590505,-0.032444776964119126,2932487.25,416.8272137516303
2023-03-16,335.0,336.0,327.1000061035156,331.3500061035156,1451678,-0.017348771920933093,0.3269415630742559,-0.032444776964119126,2975141.4,415.9766942725446
2023-03-17,331.3500061035156,332.8500061035156,315.3500061035156,322.1000061035156,22579605,-0.027916100285539924,0.3429256878781751,-0.032444776964119126,3998881.0,415.0425978728528
2023-03-20,320.45001220703125,329.0,317.75,327.04998779296875,1294211,0.015367841029665597,0.3349191224229208,-0.032444776964119126,3999182.4,414.167049513849
2023-03-21,326.54998779296875,333.29998779296875,325.04998779296875,328.8999938964844,557394,0.005656646300463253,0.33548234272374894,-0.032444776964119126,3869574.1,413.3186210997459
2023-03-22,330.54998779296875,339.1000061035156,325.1000061035156,329.95001220703125,1028724,0.003192515445522792,0.31075880851567733,-0.032444776964119126,3696611.75,412.48908270280344
2023-03-23,327.70001220703125,334.70001220703125,321.0,325.70001220703125,981086,-0.01288073902944209,0.29574464032847403,-0.032444776964119126,2938192.45,411.6255098620495
2023-03-24,325.0,328.3999938964844,320.6000061035156,323.6499938964844,1009908,-0.006294191690861206,0.2689227120943525,-0.032444776964119126,2708966.35,410.75013159373543
2023-03-27,323.6499938964844,333.70001220703125,323.3500061035156,327.5,1158613,0.01189558528076784,0.24997573855457825,-0.032444776964119126,2633681.3,409.9217720753898
2023-03-28,326.04998779296875,327.5,314.1000061035156,317.0,444572,-0.032061068702290085,0.2633664612942499,-0.032444776964119126,2575546.25,408.99717732837104
2023-03-29,317.0,330.70001220703125,314.1000061035156,326.95001220703125,691667,0.031388051126281624,0.28873322080124353,-0.032444776964119126,2215143.1,408.1807876256712
2023-03-31,326.95001220703125,343.3999938964844,323.1000061035156,331.6499938964844,1203114,0.01437523020025755,0.29441785557157263,-0.032444776964119126,2187653.5,407.41928719055494
2023-04-03,331.6499938964844,334.95001220703125,325.20001220703125,329.54998779296875,979321,-0.006331995001245483,0.2928613550435288,-0.032444776964119126,2138984.55,406.64446829107646
2023-04-05,329.0,330.8999938964844,322.0,324.3999938964844,304650,-0.015627352715059772,0.28904922651185777,-0.032444776964119126,2105273.5,405.8261153120258
2023-04-06,324.6499938964844,333.0,324.1000061035156,327.20001220703125,1508229,0.00863137596556296,0.29134065792636843,-0.032444776964119126,2140063.75,405.04376602739904
2023-04-10,327.20001220703125,332.70001220703125,324.04998779296875,327.95001220703125,1619284,0.002292175953604314,0.2883252857634219,-0.032444776964119126,2139837.25,404.2766639993357
2023-04-11,327.95001220703125,339.8999938964844,327.6499938964844,331.04998779296875,3559538,0.009452585670222557,0.28668704929480365,-0.032444776964119126,2265748.2,403.5480403554913
2023-04-12,331.5,337.54998779296875,329.0,329.95001220703125,2336783,-0.0033226872874116964,0.2864969720530364,-0.032444776964119126,2303923.9,402.8157216674469
2023-04-13,329.95001220703125,331.6499938964844,324.0,325.0,459903,-0.015002309513252321,0.2730482744631454,-0.032444776964119126,2246379.05,402.0414358797111
2023-04-17,325.0,326.45001220703125,321.6499938964844,323.20001220703125,648651,-0.005538423978365348,0.25756842375119127,-0.032444776964119126,2231915.65,401.2569441018735
2023-04-18,323.25,333.3999938964844,323.25,330.1499938964844,1101383,0.021503655405189726,0.2677478883583316,-0.032444776964119126,2245915.7,400.54941225903383
2023-04-19,330.1499938964844,334.0,326.6499938964844,327.79998779296875,2188500,-0.007117995295957691,0.25417329866534977,-0.032444776964119126,2282756.8,399.82553738872474
2023-04-20,329.79998779296875,342.1000061035156,327.79998779296875,337.1000061035156,2045981,0.028371014816573226,0.2666621288406989,-0.032444776964119126,1256075.6,399.20140274907095
2023-04-21,337.1499938964844,363.5,335.04998779296875,357.25,5079234,0.0597745284237603,0.315574410165402,-0.032444776964119126,1445326.75,398.7839758560454
2023-04-24,348.8999938964844,358.8999938964844,343.8500061035156,353.75,1805773,-0.009797060881735487,0.31732306014009737,-0.032444776964119126,1507745.7,398.3358765937962
2023-04-25,353.5,366.0,351.04998779296875,362.6000061035156,1303856,0.025017685098277287,0.3256284134387395,-0.032444776964119126,1521502.3,397.9802957928979
2023-04-26,362.54998779296875,375.45001220703125,361.1499938964844,370.45001220703125,2730852,0.02164921668885622,0.3306798867857301,-0.032444776964119126,1608990.6,397.7063626228893
2023-04-27,370.45001220703125,382.75,365.25,378.1000061035156,5061737,0.020650542973147612,0.3272821270564934,-0.032444776964119126,1811582.05,397.5112744983184
2023-04-28,378.25,380.25,371.04998779296875,374.3999938964844,622665,-0.009785803087287603,0.3293304886003773,-0.032444776964119126,1784784.65,397.2813115072554
2023-05-02,374.0,374.3500061035156,363.0,364.6000061035156,1199097,-0.026175181497674616,0.3482966126523175,-0.032444776964119126,1822510.9,396.9561243888103
2023-05-03,365.0,370.79998779296875,361.70001220703125,363.8999938964844,1084319,-0.0019199456810554683,0.3221749571745109,-0.032444776964119126,1842143.5,396.6272076674936
2023-05-04,365.95001220703125,366.0,357.0,364.6000061035156,438470,0.0019236389633752182,0.30975273971905304,-0.032444776964119126,1803911.3,396.3085290449665
2023-05-05,365.1000061035156,365.1000061035156,351.0,355.6499938964844,393285,-0.02454748232914239,0.32450809104987055,-0.032444776964119126,1774609.5,395.90396650617566
2023-05-08,357.54998779296875,377.0,356.1000061035156,372.04998779296875,876707,0.04611273493022394,0.35394786409472495,-0.032444776964119126,1803212.35,395.66661348415374
2023-05-09,375.0,384.95001220703125,372.20001220703125,375.04998779296875,961609,0.00806343259892639,0.3450897576966558,-0.032444776964119126,1775881.35,395.46147293001263
2023-05-10,375.04998779296875,377.6499938964844,367.1499938964844,370.3500061035156,214552,-0.01253161403126768,0.35167250998110683,-0.032444776964119126,1705644.75,395.2116075884555
2023-05-11,372.70001220703125,372.70001220703125,359.29998779296875,361.3500061035156,261126,-0.024301336173015886,0.36707357878828495,-0.032444776964119126,1540724.15,394.8746762303964
2023-05-12,363.29998779296875,365.6000061035156,359.04998779296875,362.04998779296875,229618,0.001937129314043995,0.3668171074093197,-0.032444776964119126,1435365.9,394.5480624150986
2023-05-15,356.5,369.8999938964844,356.5,367.6499938964844,196859,0.015467494247556335,0.36752829014495797,-0.032444776964119126,1422213.7,394.2804199422766
2023-05-16,367.6499938964844,377.5,363.0,367.04998779296875,1985596,-0.001632003572627716,0.3610295854410069,-0.032444776964119126,1489060.95,394.00947036865165
2023-05-17,367.04998779296875,367.70001220703125,356.0,362.1499938964844,468317,-0.01334966369552959,0.3651798815001575,-0.032444776964119126,1457407.65,393.69246065251065
2023-05-18,364.8500061035156,371.04998779296875,362.3500061035156,365.6000061035156,360174,0.00952647318839217,0.36097407112902047,-0.032444776964119126,1365991.35,393.4129337415754
2023-05-19,367.95001220703125,374.95001220703125,357.29998779296875,361.3500061035156,242482,-0.011624726282954856,0.3632284072907014,-0.032444776964119126,1275816.4,393.0938996357241
2023-05-22,350.0,370.0,348.1000061035156,361.8500061035156,709850,0.0013836999904650593,0.35314329286001805,-0.032444776964119126,1057347.2,392.7830151229658
2023-05-23,363.54998779296875,368.79998779296875,352.0,360.1499938964844,282985,-0.004698112970446977,0.28869048766261507,-0.032444776964119126,981207.8,392.4583084440954
2023-05-24,360.0,363.8500061035156,357.0,363.04998779296875,314329,0.008052183661338308,0.28725441759079723,-0.032444776964119126,931731.45,392.165688338114
2023-05-25,363.0,365.1499938964844,359.1499938964844,363.54998779296875,724709,0.0013772208147961873,0.2741284618779295,-0.032444776964119126,831424.3,391.88095499935633
2023-05-26,363.0,373.5,361.29998779296875,371.6499938964844,654189,0.02228030910601575,0.2747567427448764,-0.032444776964119126,611046.9,391.6796519038054
2023-05-29,373.8500061035156,373.8500061035156,367.45001220703125,369.95001220703125,279537,-0.004574146959159142,0.264929919047793,-0.032444776964119126,593890.5,391.4634365834395
2023-05-30,364.29998779296875,374.0,363.04998779296875,365.70001220703125,1397902,-0.011488038545114598,0.2657133141357751,-0.032444776964119126,603830.75,391.2070841020822
2023-05-31,364.0,364.5,347.04998779296875,349.20001220703125,2375450,-0.04511894845291653,0.2948466972420458,-0.032444776964119126,668387.3,390.7891032872061
2023-06-01,352.0,357.75,350.04998779296875,355.3999938964844,1085250,0.017754815213973485,0.30259579338059983,-0.032444776964119126,700726.3,390.4369728455074
2023-06-02,355.79998779296875,357.1499938964844,348.3999938964844,350.70001220703125,790270,-0.013224484440543027,0.3053197805437104,-0.032444776964119126,720575.55,390.04158020233854
2023-06-05,354.0,363.0,352.79998779296875,355.75,852619,0.014399736575964495,0.2982822135824562,-0.032444776964119126,719371.15,389.70037044908145
2023-06-06,355.79998779296875,361.0,353.0,354.70001220703125,1211749,-0.0029514765789704356,0.24712277937394203,-0.032444776964119126,731878.15,389.3521081780163
2023-06-07,355.0,362.8500061035156,355.0,358.1499938964844,702391,0.009726477504149234,0.2480546157237072,-0.032444776964119126,756270.1,389.0416393791951
2023-06-08,360.6000061035156,360.6000061035156,352.5,354.54998779296875,440343,-0.010051671547860241,0.24688348276666147,-0.032444776964119126,765230.95,388.69843886589933
2023-06-09,357.0,357.5,345.1499938964844,349.75,373274,-0.013538254007137596,0.23723678100859136,-0.032444776964119126,772413.75,388.3108922105173
2023-06-12,349.8999938964844,399.8999938964844,349.3500061035156,382.70001220703125,15208976,0.09421018500938172,0.4078205516321208,-0.032444776964119126,1523019.6,388.2550625587414
2023-06-13,381.8999938964844,387.6499938964844,378.6000061035156,383.20001220703125,2770685,0.001306506360207571,0.40528590088747135,-0.032444776964119126,1562274.05,388.20476355026665
2023-06-14,385.20001220703125,393.0,379.20001220703125,383.70001220703125,1569908,0.0013048016285810426,0.40505683953969696,-0.032444776964119126,1617353.6,388.15994015381654
2023-06-15,384.3999938964844,395.04998779296875,380.1499938964844,382.54998779296875,1290297,-0.0029971967096055208,0.40155268270039024,-0.032444776964119126,1663859.75,388.10411973231555
2023-06-16,382.6000061035156,388.25,380.29998779296875,385.54998779296875,1180869,0.00784211239244259,0.4012451236805293,-0.032444776964119126,1710779.1,388.07870548416287
2023-06-19,384.79998779296875,401.95001220703125,379.95001220703125,391.70001220703125,3376287,0.015951302318196303,0.4001000259305882,-0.032444776964119126,1844100.95,388.114738386878
2023-06-20,394.25,394.25,384.1000061035156,389.1000061035156,802898,-0.006637748334154758,0.4017578646156085,-0.032444776964119126,1870096.6,388.12454204575
2023-06-21,389.29998779296875,394.0,383.54998779296875,388.6000061035156,817075,-0.001285016685060092,0.40102597295294395,-0.032444776964119126,1895233.9,388.1292730313994
2023-06-22,403.0,416.25,380.0,385.04998779296875,8550619,-0.009135404670068903,0.4032088950959157,-0.032444776964119126,2286529.4,388.0986333772857
2023-06-23,385.0,385.8500061035156,368.6000061035156,373.0,2020194,-0.03129460634978054,0.4204844956512427,-0.032444776964119126,2354829.65,387.94839821930276
2023-06-26,370.29998779296875,383.5,364.5,379.6000061035156,3613357,0.01769438633650311,0.4179276092489706,-0.032444776964119126,2521520.65,387.8653296410362
2023-06-27,383.0,386.0,378.54998779296875,381.70001220703125,1534859,0.0055321550836406885,0.4175954001793718,-0.032444776964119126,2528368.5,387.80398319890685
2023-06-28,383.0,392.25,379.8500061035156,386.8500061035156,1507281,0.013492254995504327,0.41653721248729175,-0.032444776964119126,2484960.05,387.79449088949997
2023-06-30,391.1499938964844,394.45001220703125,380.0,381.04998779296875,1994117,-0.014992938397407896,0.3845311019574338,-0.032444776964119126,2530403.4,387.7273814059524
2023-07-03,383.6000061035156,392.45001220703125,378.5,390.8999938964844,1630794,0.02584964287905267,0.38906023962270775,-0.032444776964119126,2572429.6,387.7589496894403
2023-07-04,393.0,399.75,390.54998779296875,393.6000061035156,2510636,0.006907168711151934,0.38350678046837516,-0.032444776964119126,2655330.45,387.8170696537595
2023-07-05,388.25,393.45001220703125,386.3999938964844,391.8999938964844,2402179,-0.004319136637879417,0.3836861635935298,-0.032444776964119126,2714851.95,387.85769576562745
2023-07-06,391.0,394.0,387.95001220703125,390.1000061035156,2397664,-0.004592977343715332,0.3841505237908191,-0.032444776964119126,2799615.6,387.8800073112781
2023-07-07,390.1000061035156,399.95001220703125,390.1000061035156,393.6000061035156,2367140,0.00897205830617498,0.3840376952895081,-0.032444776964119126,2895955.45,387.93692272214616
2023-07-10,397.8500061035156,407.20001220703125,397.04998779296875,398.70001220703125,2072834,0.012957332379142095,0.3811070765206737,-0.032444776964119126,2980933.45,388.04401813990626
2023-07-11,403.8999938964844,403.8999938964844,393.54998779296875,397.8999938964844,776710,-0.002006567058070341,0.37576448993478,-0.032444776964119126,2259320.15,388.1420875504195
2023-07-12,398.70001220703125,398.70001220703125,389.1000061035156,393.29998779296875,929506,-0.011560709158272453,0.20357460204115788,-0.032444776964119126,2167261.2,388.19340994089265
2023-07-13,396.75,404.8999938964844,395.1000061035156,399.25,2735581,0.015128432218928234,0.2090680376877524,-0.032444776964119126,2225544.85,388.3034257623763
2023-07-14,403.1499938964844,418.79998779296875,395.20001220703125,415.20001220703125,3533009,0.03994993664879454,0.24681216560981928,-0.032444776964119126,2337680.45,388.5710534881938
2023-07-17,417.6499938964844,423.25,408.04998779296875,411.70001220703125,1352619,-0.008429672199178007,0.249422728152048,-0.032444776964119126,2346267.95,388.80119238091856
2023-07-18,413.8999938964844,416.6499938964844,402.95001220703125,406.04998779296875,1315836,-0.013723644028510007,0.25592615071925806,-0.032444776964119126,2243245.4,388.9728221860136
2023-07-19,406.3999938964844,408.70001220703125,401.79998779296875,404.3999938964844,575068,-0.004063524063755541,0.25212658843445745,-0.032444776964119126,2231853.9,389.1263263821377
2023-07-20,407.3999938964844,422.0,403.1000061035156,419.1499938964844,1959421,0.0364737888788782,0.27726875772975196,-0.032444776964119126,2288971.2,389.42506934247945
2023-07-21,416.8500061035156,416.8500061035156,405.0,406.0,916495,-0.03137300271494692,0.30251582357695933,-0.032444776964119126,1907265.0,389.5899940256388
2023-07-24,406.04998779296875,407.79998779296875,396.20001220703125,398.3500061035156,772810,-0.018842349498729982,0.30892404537312945,-0.032444776964119126,1844895.8,389.6771583249212
2023-07-25,401.0,414.3500061035156,400.1000061035156,412.95001220703125,1285959,0.036651200903262016,0.306873522874376,-0.032444776964119126,1728525.9,389.90872901031537
2023-07-26,414.0,415.54998779296875,404.79998779296875,407.20001220703125,799801,-0.01392420348716994,0.3099679762443192,-0.032444776964119126,1691773.0,390.0807815794369
2023-07-27,409.0,409.04998779296875,400.29998779296875,402.1000061035156,597177,-0.012524572570303927,0.31477084019241647,-0.032444776964119126,1646267.8,390.2003758533084
2023-07-28,402.70001220703125,405.79998779296875,399.70001220703125,401.8500061035156,954044,-0.0006217358771579695,0.3124440060064709,-0.032444776964119126,1594264.15,390.31629257221596
2023-07-31,403.8999938964844,404.70001220703125,397.3500061035156,399.1499938964844,794499,-0.0067189552470374725,0.30805926228993136,-0.032444776964119126,1552449.4,390.40419009783056
2023-08-01,399.1499938964844,410.0,399.1499938964844,401.8999938964844,884224,0.006889640591384305,0.2966570821738314,-0.032444776964119126,1471128.8,390.5185762052798
2023-08-02,402.79998779296875,413.0,394.6499938964844,401.45001220703125,2542046,-0.0011196359698603109,0.29611184853094824,-0.032444776964119126,1478122.15,390.62734671275996
2023-08-03,401.04998779296875,401.1000061035156,396.25,398.20001220703125,1147579,-0.008095653010776194,0.2972701838455209,-0.032444776964119126,1415617.9,390.70269661817565
2023-08-04,400.0,423.95001220703125,399.1000061035156,420.75,3586674,0.05662980186259925,0.3533200812896589,-0.032444776964119126,1476594.6,391.0016747612784
2023-08-07,424.8999938964844,424.8999938964844,409.0,413.70001220703125,3666976,-0.016755764213829516,0.35979306769126707,-0.032444776964119126,1556301.7,391.2275288652163
2023-08-08,413.70001220703125,417.3500061035156,409.0,411.25,996323,-0.00592219515286152,0.3588981700047292,-0.032444776964119126,1567282.35,391.4267574337216
2023-08-09,412.0,424.3999938964844,411.75,422.5,1836484,0.02735562310030404,0.3693223032800932,-0.032444776964119126,1612631.25,391.7359439269184
2023-08-10,425.0,437.0,418.0,420.6499938964844,4037426,-0.00437871267104295,0.36655414224605376,-0.032444776964119126,1677723.5,392.0236459166654
2023-08-11,422.0,430.0,419.04998779296875,421.04998779296875,1345550,0.0009508948110974469,0.36414813454963424,-0.032444776964119126,1568350.55,392.3124652388177
2023-08-14,420.0,420.0,412.25,415.20001220703125,922665,-0.01389377925552615,0.3419954872575049,-0.032444776964119126,1546852.85,392.5402020245711
2023-08-16,415.0,422.6000061035156,412.5,420.1000061035156,950036,0.011801526378667493,0.3427303181330163,-0.032444776964119126,1528562.85,392.8144289308293
2023-08-17,422.0,426.3999938964844,419.3500061035156,423.3500061035156,976976,0.0077362531606324225,0.33901369376325885,-0.032444776964119126,1548658.25,393.1182655196123
2023-08-18,423.0,423.8999938964844,417.1000061035156,419.8999938964844,1135734,-0.008149314178083844,0.3402584033672646,-0.032444776964119126,1507473.9,393.3847503790837
2023-08-21,426.3999938964844,426.3999938964844,405.5,407.3999938964844,1431035,-0.029768993050001247,0.33301465076013087,-0.032444776964119126,1533200.9,393.5242055384608
2023-08-22,407.8500061035156,414.04998779296875,406.1499938964844,410.75,890675,0.008222891884398953,0.3155188572454761,-0.032444776964119126,1539094.15,393.69560647837665
2023-08-23,413.8999938964844,418.95001220703125,410.1000061035156,416.1499938964844,697353,0.013146668037697706,0.30991389336739283,-0.032444776964119126,1509663.85,393.91903321885536
2023-08-24,418.0,418.3999938964844,411.5,414.1000061035156,890871,-0.00492607911338494,0.284182889050126,-0.032444776964119126,1514217.35,394.1198389192003
2023-08-25,412.0,424.54998779296875,409.1000061035156,413.45001220703125,1074631,-0.001569654399671494,0.2795862590929346,-0.032444776964119126,1538090.05,394.31217895191503
2023-08-28,417.0,425.1000061035156,411.04998779296875,423.29998779296875,1786021,0.02382386091454558,0.285924842960604,-0.032444776964119126,1579688.9,394.60061486078126
2023-08-29,424.0,425.95001220703125,414.25,419.8500061035156,587519,-0.008150205029395119,0.28817477487316745,-0.032444776964119126,1569339.9,394.8518525845896
2023-08-30,419.0,434.45001220703125,419.0,430.3999938964844,1618572,0.025127992472548932,0.2966865065420201,-0.032444776964119126,1606057.3,395.20556543346424
2023-08-31,429.8999938964844,445.0,427.25,437.5,5261293,0.016496296942846156,0.2998133430151806,-0.032444776964119126,1742019.65,395.62640557840496
2023-09-01,435.1499938964844,442.29998779296875,433.1000061035156,438.1499938964844,713691,0.001485700334821427,0.2993645016774286,-0.032444776964119126,1720325.25,396.0495258601769
2023-09-04,438.0,450.0,435.5,445.95001220703125,1458088,0.01780216459934425,0.2992504071823895,-0.032444776964119126,1613895.95,396.5460481123845
2023-09-05,450.0,452.3999938964844,435.5,440.04998779296875,998888,-0.013230237139949752,0.24131818674813216,-0.032444776964119126,1480491.55,396.9789231340818
2023-09-06,440.0,443.79998779296875,428.3500061035156,434.70001220703125,1413049,-0.012157654208263535,0.23724709544426573,-0.032444776964119126,1501327.85,397.3542573537132
2023-09-07,435.0,447.5,434.79998779296875,443.3999938964844,1045440,0.020013759938220632,0.2426423940771244,-0.032444776964119126,1461775.65,397.8124238864771
2023-09-08,446.5,446.70001220703125,436.0,437.3999938964844,667704,-0.013531799915632692,0.2335909699342018,-0.032444776964119126,1293289.55,398.2063300557309
2023-09-11,437.6000061035156,440.0,431.8999938964844,434.1000061035156,717259,-0.00754455381576824,0.234892191263506,-0.032444776964119126,1261875.0,398.5634810611815
2023-09-12,435.20001220703125,437.04998779296875,409.79998779296875,418.3500061035156,1312785,-0.03628196217127966,0.26911453806171887,-0.032444776964119126,1281381.0,398.76036190737386
2023-09-13,422.29998779296875,433.0,419.6499938964844,430.1499938964844,937840,0.028206017977322473,0.2813013187761274,-0.032444776964119126,1280771.2,399.0726965540317
2023-09-14,430.0,444.0,429.95001220703125,435.0,1026084,0.011275150929521471,0.28107217110371585,-0.032444776964119126,1283226.6,399.4301821604593
2023-09-15,436.8999938964844,444.79998779296875,434.1000061035156,439.25,1305881,0.009770114942528663,0.28170002632713714,-0.032444776964119126,1291733.95,399.8263992533901
2023-09-18,439.45001220703125,439.45001220703125,426.0,427.5,502372,-0.026750142287990886,0.29702002260247506,-0.032444776964119126,1245300.8,400.10175846479916
2023-09-20,416.95001220703125,435.0,413.04998779296875,430.95001220703125,1159634,0.00807020399305558,0.2757571215434424,-0.032444776964119126,1258748.75,400.4087062632293
2023-09-21,430.04998779296875,442.0,425.70001220703125,429.8999938964844,1074738,-0.002436519969379769,0.27559964042553375,-0.032444776964119126,1277618.0,400.70215191132144
2023-09-22,429.0,432.75,427.0,430.25,464925,0.0008141570329955883,0.272789938903568,-0.032444776964119126,1256320.7,400.99616035001475
2023-09-25,430.25,430.25,419.95001220703125,421.1000061035156,607639,-0.02126669121786029,0.28347652894101355,-0.032444776964119126,1232971.1,401.19619861621874
2023-09-26,420.04998779296875,422.95001220703125,413.75,415.5,920243,-0.013298518219776567,0.28767114945979533,-0.032444776964119126,1189682.2,401.3385249981469
2023-09-27,416.0,420.5,408.0,418.75,724186,0.007821901323706415,0.2763668901299688,-0.032444776964119126,1196515.55,401.51177350562807
2023-09-28,420.0,424.0,416.3500061035156,421.70001220703125,592059,0.007044805270522314,0.27598926098612786,-0.032444776964119126,1145189.9,401.71265150265697
2023-09-29,421.70001220703125,421.70001220703125,410.6000061035156,412.70001220703125,1295623,-0.021342185770631406,0.2703184096812207,-0.032444776964119126,946906.4,401.8219784748398
2023-10-03,415.0,421.95001220703125,410.54998779296875,412.5,689596,-0.00048464308484419405,0.2620642237067175,-0.032444776964119126,945701.65,401.92822744523943
2023-10-04,411.20001220703125,413.95001220703125,406.20001220703125,410.0,1425429,-0.0060606060606061,0.2618610048004528,-0.032444776964119126,944068.7,402.0085435900629
2023-10-05,412.0,416.3999938964844,409.0,410.95001220703125,212462,0.0023171029439785773,0.25163584084553287,-0.032444776964119126,904747.4,402.0975134270477
2023-10-06,412.20001220703125,414.8999938964844,409.6499938964844,411.0,280100,0.00012163959480204767,0.24954943704767504,-0.032444776964119126,848099.95,402.1860953829975
2023-10-09,408.54998779296875,413.8999938964844,403.0,409.3999938964844,432979,-0.0038929588893323874,0.24741482981037038,-0.032444776964119126,817476.9,402.25787546770886
2023-10-10,410.95001220703125,435.95001220703125,410.95001220703125,433.6000061035156,1860230,0.05911092468933976,0.3193280044429776,-0.032444776964119126,877103.2,402.5697374640851
2023-10-11,438.95001220703125,449.0,434.1000061035156,439.1000061035156,2836899,0.01268450166646673,0.31914735899876545,-0.032444776964119126,983085.2,402.93322272417896
2023-10-12,442.95001220703125,442.95001220703125,427.1000061035156,428.8500061035156,492509,-0.023343201679627446,0.3286384573816812,-0.032444776964119126,942071.4,403.1911011657644
2023-10-13,426.54998779296875,429.8999938964844,423.25,426.29998779296875,585564,-0.005946177624470805,0.30265248207083106,-0.032444776964119126,924457.6,403.4210403361844
2023-10-16,422.6499938964844,428.6000061035156,422.6499938964844,425.1000061035156,609677,-0.002814876199423888,0.28623605317794704,-0.032444776964119126,903637.25,403.6367514383469
2023-10-17,425.1000061035156,426.6000061035156,424.5,425.20001220703125,386727,0.00023525312180594504,0.28309505581933503,-0.032444776964119126,857679.55,403.8513112469905
2023-10-18,425.20001220703125,430.0,421.1000061035156,425.6000061035156,1253119,0.0009407193908772538,0.28052860349942305,-0.032444776964119126,895216.9,404.0677161709361
2023-10-19,422.0,431.0,415.0,429.3999938964844,987653,0.008928542618593216,0.26672072408152936,-0.032444776964119126,886617.85,404.31977863586695
2023-10-20,429.3999938964844,434.70001220703125,425.3500061035156,429.29998779296875,481152,-0.00023289731005382563,0.26523653665215907,-0.032444776964119126,856938.55,404.5683379309625
2023-10-23,426.54998779296875,428.95001220703125,412.6000061035156,415.5,579783,-0.03214532537937975,0.2876224982909853,-0.032444776964119126,862681.45,404.6771106878684
2023-10-25,415.0,423.3999938964844,401.54998779296875,420.95001220703125,1358182,0.013116756214274883,0.2919763489980687,-0.032444776964119126,900208.6,404.8390301059695
2023-10-26,419.0,419.0,404.04998779296875,406.45001220703125,595705,-0.034445895188307096,0.30676508983801887,-0.032444776964119126,883981.7,404.855059778617
2023-10-27,407.0,422.8999938964844,407.0,421.1499938964844,394200,0.03616676404961083,0.3298036239975513,-0.032444776964119126,867482.4,405.017198426556
2023-10-30,419.0,427.95001220703125,416.0,420.1499938964844,557285,-0.002374450942639217,0.3289768171499116,-0.032444776964119126,865743.7,405.1677735058588
2023-10-31,422.0,430.5,410.25,413.3500061035156,894090,-0.01618466712305633,0.3328491260046543,-0.032444776964119126,845667.05,405.2491887555867
2023-11-01,412.0,412.0,401.0,402.6000061035156,613323,-0.026007015462116256,0.336854479069412,-0.032444776964119126,841853.4,405.22282872919794
2023-11-02,404.5,409.3999938964844,399.04998779296875,401.25,570118,-0.0033532192822881557,0.3369492603680657,-0.032444776964119126,799087.85,405.18329809507657
2023-11-03,404.0,407.70001220703125,401.1000061035156,402.25,380356,0.0024922118380061864,0.3366663922187026,-0.032444776964119126,807482.55,405.1541110493544
2023-11-06,399.0,409.5,397.20001220703125,403.1499938964844,980350,0.002237399369755977,0.3366575158695247,-0.032444776964119126,842495.05,405.13416958514676
2023-11-07,403.04998779296875,411.0,403.04998779296875,409.0,321417,0.014510743376118462,0.34076512846337464,-0.032444776964119126,836916.95,405.1726355594239
2023-11-08,409.04998779296875,412.6000061035156,405.70001220703125,409.6499938964844,371309,0.0015892271307687,0.34050813968905413,-0.032444776964119126,762470.9,405.2171863886484
2023-11-09,409.04998779296875,411.0,404.45001220703125,407.04998779296875,215728,-0.0063468964781008275,0.26507089431747294,-0.032444776964119126,631412.35,405.2354232185421
2023-11-10,406.95001220703125,410.8999938964844,405.70001220703125,408.1499938964844,214966,0.002702385791681028,0.25989478021060963,-0.032444776964119126,617535.2,405.26442392180525
2023-11-13,407.1000061035156,408.1499938964844,403.6000061035156,404.3999938964844,181941,-0.00918779874084985,0.2506324470484913,-0.032444776964119126,597354.05,405.25582262802095
2023-11-15,408.0,412.95001220703125,400.6000061035156,411.3500061035156,926172,0.0171859849454159,0.25947903421153934,-0.032444776964119126,613178.8,405.31646126956815
2023-11-16,411.3500061035156,419.54998779296875,410.1499938964844,413.8500061035156,1032464,0.00607754944185146,0.2607671197937988,-0.032444776964119126,645465.65,405.4013721634383
2023-11-17,406.8500061035156,406.8500061035156,398.5,399.75,21741125,-0.03407032957730294,0.28447617475484205,-0.032444776964119126,1669865.95,405.3451396045981
2023-11-20,400.54998779296875,403.0,394.29998779296875,396.70001220703125,3012515,-0.007629738068714809,0.2846126045992175,-0.032444776964119126,1771109.05,405.2591184364631
2023-11-21,400.70001220703125,400.70001220703125,395.75,399.70001220703125,959503,0.007562389482444365,0.2839182225547377,-0.032444776964119126,1795026.6,405.203803946618
2023-11-22,398.95001220703125,399.54998779296875,383.0,385.70001220703125,4806072,-0.03502626863255753,0.30411757918924553,-0.032444776964119126,2006341.05,405.0097363671196
2023-11-23,385.6000061035156,388.8500061035156,380.1000061035156,383.3500061035156,1555776,-0.006092833884211113,0.28766701121815286,-0.032444776964119126,2016220.75,404.7942166630042
2023-11-24,385.0,392.29998779296875,379.95001220703125,383.1000061035156,1167793,-0.0006521455485055672,0.28142950625088753,-0.032444776964119126,2044825.15,404.57835387136754
2023-11-28,385.0,387.79998779296875,380.1499938964844,385.1000061035156,898850,0.005220568958852034,0.2607221562063122,-0.032444776964119126,2070057.65,404.3845394657173
2023-11-29,385.1000061035156,391.95001220703125,384.04998779296875,390.45001220703125,1078049,0.013892511084711678,0.22860652400862866,-0.032444776964119126,2096095.85,404.2458874531931
2023-11-30,391.0,394.8999938964844,385.6499938964844,391.1499938964844,1369474,0.0017927562237645134,0.22931921009765388,-0.032444776964119126,2119865.05,404.1155800546189
2023-12-01,393.1499938964844,400.0,391.20001220703125,397.45001220703125,1439914,0.016106400124894726,0.23369778903092117,-0.032444776964119126,2161194.6,404.04925599643394
2023-12-04,400.0,400.0,393.3999938964844,399.6499938964844,1092902,0.0055352412174720644,0.21744399373396703,-0.032444776964119126,2187333.8,404.00548224419566
2023-12-05,399.04998779296875,402.5,391.25,393.5,675103,-0.01538844986965604,0.2235134807495665,-0.032444776964119126,2202071.15,403.9009500825619
2023-12-06,397.8999938964844,400.0,379.54998779296875,382.95001220703125,1222192,-0.026810642421775777,0.24043056820806466,-0.032444776964119126,2214163.25,403.6924830390243
2023-12-07,383.79998779296875,388.45001220703125,383.1000061035156,386.75,807152,0.009922934252093452,0.24368123079390158,-0.032444776964119126,2238450.0,403.52390111823803
2023-12-08,390.0,392.0,383.1000061035156,384.8500061035156,2819267,-0.00491271854294606,0.23641849100935536,-0.032444776964119126,2360847.9,403.338091217594
2023-12-11,386.95001220703125,390.5,383.04998779296875,384.8999938964844,819574,0.00012988902735089347,0.2361319900354568,-0.032444776964119126,2391040.2,403.15462756265765
2023-12-12,385.0,386.6499938964844,372.0,373.8999938964844,809660,-0.028578852102965624,0.2522792911765607,-0.032444776964119126,2420774.9,402.8635366804072
2023-12-13,376.8999938964844,379.04998779296875,361.75,375.1000061035156,1843286,0.003209446982134656,0.25245293900715415,-0.032444776964119126,2503842.15,402.5872826448163
2023-12-14,377.0,378.3999938964844,368.5,369.3500061035156,1402988,-0.015329245285091164,0.2549604441334732,-0.032444776964119126,2527682.95,402.25656347525114
2023-12-15,373.79998779296875,373.79998779296875,354.20001220703125,358.04998779296875,3367018,-0.030594336330889038,0.2582053253640563,-0.032444776964119126,2644410.65,401.8166970505518
2023-12-18,361.25,364.0,355.29998779296875,359.95001220703125,3515122,0.0053065898026538605,0.25774709136761903,-0.032444776964119126,1733110.5,401.40011312176057
2023-12-19,363.6000061035156,368.0,360.20001220703125,363.95001220703125,1893547,0.011112654158487167,0.24399723379023844,-0.032444776964119126,1677162.1,401.02747530171354
2023-12-20,368.1499938964844,378.1000061035156,363.25,365.3500061035156,2889310,0.003846665337348565,0.24528532154281943,-0.032444776964119126,1773652.45,400.67247560819914
2023-12-21,364.0,389.79998779296875,360.3500061035156,387.95001220703125,3715076,0.061858507529660045,0.3332941849963388,-0.032444776964119126,1719102.65,400.5458839325657
2023-12-22,391.0,396.04998779296875,384.04998779296875,387.45001220703125,1878970,-0.0012888258390701957,0.30983097306042784,-0.032444776964119126,1735262.35,400.41557675121715
2023-12-26,390.0,397.5,386.1000061035156,387.3999938964844,986342,-0.00012909616459155782,0.3089450721821363,-0.032444776964119126,1726189.8,400.2860684641054
2023-12-27,388.95001220703125,390.3500061035156,381.25,383.3500061035156,734369,-0.010454279444441439,0.31133381323201764,-0.032444776964119126,1717965.75,400.11755043066677
2023-12-28,387.29998779296875,390.0,377.5,384.20001220703125,924279,0.0022173107864411623,0.3108985421345506,-0.032444776964119126,1710277.25,399.959166965755
2023-12-29,384.20001220703125,393.0,384.20001220703125,389.25,1181116,0.013144163541169984,0.31048982429576943,-0.032444776964119126,1700859.35,399.8526080904739
2024-01-01,392.3999938964844,393.8999938964844,382.54998779296875,384.3500061035156,644267,-0.012588295174012498,0.3134454024833534,-0.032444776964119126,1661077.0,399.69835334433503
2024-01-02,384.95001220703125,389.0,381.3500061035156,388.54998779296875,1000156,0.010927492188778531,0.3104558003083015,-0.032444776964119126,1656439.7,399.5874243338737
2024-01-03,389.95001220703125,404.3999938964844,389.5,397.0,3135290,0.02174755494146008,0.31963305484090054,-0.032444776964119126,1779449.05,399.56167881811376
2024-01-04,403.5,405.0,397.8999938964844,404.0,1886025,0.017632241813602123,0.32023380569520044,-0.032444776964119126,1812640.7,399.6058412179335
2024-01-05,406.95001220703125,407.6499938964844,401.0,403.25,1811978,-0.0018564356435643026,0.3037319016456417,-0.032444776964119126,1862882.0,399.6421015043223
2024-01-08,404.79998779296875,404.79998779296875,400.8500061035156,402.1499938964844,3337920,-0.002727851465630815,0.30306766245899575,-0.032444776964119126,1888814.65,399.6670556574781
2024-01-09,403.0,403.8999938964844,395.1000061035156,398.45001220703125,986752,-0.009200501667558147,0.3046654290963662,-0.032444776964119126,1897173.55,399.65494577239906
2024-01-10,400.0,424.0,398.6000061035156,422.20001220703125,5903849,0.05960597131983447,0.3643143979742589,-0.032444776964119126,2151883.0,399.87927479164915
2024-01-11,425.5,426.3999938964844,408.45001220703125,412.04998779296875,2060879,-0.024040796116996055,0.35940359063381033,-0.032444776964119126,2162762.65,400.00037641355283
2024-01-12,412.95001220703125,415.6499938964844,406.1000061035156,410.45001220703125,923353,-0.0038829647696565495,0.3606555899705323,-0.032444776964119126,2138780.9,400.10435288910986
2024-01-15,410.45001220703125,410.45001220703125,410.45001220703125,410.45001220703125,0,0.0,0.35386080602423803,-0.032444776964119126,1970430.0,400.2072947728703
2024-01-16,410.1499938964844,411.1499938964844,403.5,409.75,752562,-0.001705474932908957,0.33033958356792653,-0.032444776964119126,1832302.0,400.3022470636875
2024-01-17,406.04998779296875,410.45001220703125,402.5,403.95001220703125,432307,-0.014154942752821809,0.33812006313608356,-0.032444776964119126,1759240.0,400.33854323426806
2024-01-18,403.0,405.6000061035156,392.0,400.45001220703125,1106487,-0.008664438406319919,0.34107157845171204,-0.032444776964119126,1670098.85,400.3396523782757
2024-01-19,405.0,405.0,395.8500061035156,397.1499938964844,750711,-0.008240774653393679,0.34404364504792356,-0.032444776964119126,1521880.6,400.30791448293445
2024-01-23,401.20001220703125,403.54998779296875,388.79998779296875,390.25,506819,-0.01737377313993571,0.2803121216962978,-0.032444776964119126,1453273.05,400.2078357318605
2024-01-24,392.8999938964844,400.75,382.5,400.20001220703125,1914439,0.025496507897581733,0.29330221926205946,-0.032444776964119126,1499677.9,400.2077578858423
2024-01-25,399.04998779296875,404.95001220703125,397.04998779296875,401.29998779296875,589068,0.0027485645986649043,0.293245194494191,-0.032444776964119126,1492412.85,400.2186258451172
2024-01-29,410.0,433.0,406.04998779296875,427.8500061035156,5996220,0.06616002770536866,0.36427246451157186,-0.032444776964119126,1746009.9,400.49356495216597
2024-01-30,430.0,434.45001220703125,423.6499938964844,427.95001220703125,3356336,0.000233741035617685,0.3645615462650336,-0.032444776964119126,1854770.9,400.7667634323139
2024-01-31,430.0,454.95001220703125,430.0,449.45001220703125,14931414,0.05023951252885772,0.39580727257698317,-0.032444776964119126,2569128.25,401.2511738678832
2024-02-01,453.0,473.8999938964844,447.5,468.8500061035156,6065034,0.04316385219619945,0.4076982729795956,-0.032444776964119126,2822372.15,401.92379906425765
2024-02-02,475.0,477.79998779296875,461.0,473.1499938964844,6280434,0.009171350617449558,0.40768326103402924,-0.032444776964119126,2979629.35,402.6325174207972
2024-02-05,472.0,488.0,451.3500061035156,456.0,9783058,-0.036246421045577404,0.43474556885062404,-0.032444776964119126,3374481.0,403.1635371479535
2024-02-06,460.0,470.3999938964844,434.20001220703125,465.1000061035156,5212016,0.01995615373577997,0.43553755289268165,-0.032444776964119126,3544482.9,403.7798204211432
2024-02-07,468.75,476.79998779296875,462.25,470.25,3413089,0.011072874282736844,0.4344965906906605,-0.032444776964119126,3548241.35,404.4412152428234
2024-02-08,470.45001220703125,471.0,453.3999938964844,456.70001220703125,2008463,-0.028814434434808578,0.4514484330797074,-0.032444776964119126,3599326.9,404.961203272318
2024-02-09,460.0,460.3500061035156,435.04998779296875,440.5,1960175,-0.03547188914829169,0.47164763671751925,-0.032444776964119126,3402143.2,405.31482314025516
2024-02-12,440.5,447.79998779296875,412.20001220703125,419.3999938964844,1477336,-0.047900127363259104,0.4623363302511896,-0.032444776964119126,3372966.05,405.45497409305347
2024-02-13,419.70001220703125,440.0,418.0,438.45001220703125,1257606,0.045422075793469796,0.47898625011973256,-0.032444776964119126,3389678.7,405.78328293000845
2024-02-14,434.8999938964844,447.79998779296875,421.0,444.3999938964844,1072928,0.013570490418058467,0.47946225238229195,-0.032444776964119126,3443325.1,406.1675288102719
2024-02-15,444.54998779296875,464.79998779296875,444.54998779296875,461.95001220703125,3009887,0.03949149089015247,0.49436552342471884,-0.032444776964119126,3556191.35,406.72257839630936
2024-02-16,464.0,469.95001220703125,451.0,454.45001220703125,1057576,-0.01623552289601138,0.4997896728786102,-0.032444776964119126,3587454.8,407.19747823522204
2024-02-19,459.0,479.8500061035156,457.25,467.6000061035156,3965875,0.02893606236827151,0.5008248721864232,-0.032444776964119126,3730424.2,407.79849841301603
2024-02-20,469.95001220703125,476.45001220703125,467.8500061035156,472.04998779296875,2847020,0.009516641641078127,0.49739656320413617,-0.032444776964119126,3835239.65,408.4378167153041
2024-02-21,472.04998779296875,478.0,462.95001220703125,472.8500061035156,3063023,0.0016947745603961284,0.49440813270443174,-0.032444776964119126,3963049.85,409.07873402264954
2024-02-22,472.8500061035156,473.79998779296875,455.0,463.6000061035156,1237435,-0.019562228784184454,0.4959238018286056,-0.032444776964119126,3929199.65,409.62123424235966
2024-02-23,463.6000061035156,465.04998779296875,448.0,454.3500061035156,1683583,-0.019952545034985558,0.5014852151859519,-0.032444776964119126,3983925.4,410.06629664893836
2024-02-26,457.0,461.1499938964844,453.20001220703125,458.5,864065,0.009133914032651846,0.5013658601133277,-0.032444776964119126,3727317.65,410.5482240454664
2024-02-27,458.5,485.0,458.0,470.70001220703125,6338421,0.026608532621660297,0.45936106012506855,-0.032444776964119126,3876421.9,411.14674930080537
2024-02-28,483.0,484.0,466.54998779296875,472.6499938964844,6127254,0.00414272708494301,0.45905445910359555,-0.032444776964119126,3436213.9,411.758721883847
2024-02-29,472.95001220703125,480.0,466.04998779296875,473.1000061035156,6389749,0.0009521045442557607,0.42879633785351595,-0.032444776964119126,3452449.65,412.36908292085866
2024-03-01,473.95001220703125,478.3999938964844,461.0,465.29998779296875,9863210,-0.01648703912474736,0.40728277324487483,-0.032444776964119126,3631588.45,412.89575859122795
2024-03-04,472.04998779296875,473.95001220703125,455.0,458.6499938964844,2792081,-0.014291841974952368,0.4086986210713151,-0.032444776964119126,3282039.6,413.35102461416585
2024-03-05,463.20001220703125,467.5,452.8500061035156,465.54998779296875,1835458,0.015044138206271596,0.3914839204473322,-0.032444776964119126,3113211.7,413.8704172826117
2024-03-06,465.5,465.54998779296875,445.0,459.25,2124391,-0.01353235518882745,0.3885283335367865,-0.032444776964119126,3048776.8,414.3219554191031
2024-03-07,459.25,463.54998779296875,454.04998779296875,459.04998779296875,1379359,-0.0004355192314234868,0.3863163437864536,-0.032444776964119126,3017321.6,414.7670104675993
2024-03-11,464.8999938964844,467.95001220703125,451.3999938964844,456.54998779296875,2863365,-0.005446029989064072,0.37327535696809055,-0.032444776964119126,3062481.1,415.18276148576217
2024-03-12,453.0,454.20001220703125,441.1000061035156,448.04998779296875,830741,-0.018617895580482435,0.3571727991002801,-0.032444776964119126,3030151.35,415.5097985634458
2024-03-13,444.3500061035156,444.3500061035156,417.29998779296875,423.45001220703125,2246414,-0.05490453354794966,0.36986673559503014,-0.032444776964119126,3079591.75,415.58880566437705
2024-03-14,420.04998779296875,448.75,415.04998779296875,446.0,1046606,0.05325301013793271,0.38256954094496987,-0.032444776964119126,3078275.65,415.8914046129902
2024-03-15,440.04998779296875,454.95001220703125,433.5,437.8500061035156,1392276,-0.018273528915884296,0.3853729336614499,-0.032444776964119126,2997395.1,416.1098981601596
2024-03-18,436.04998779296875,448.0,436.04998779296875,445.45001220703125,450129,0.017357556235179983,0.36349102381506165,-0.032444776964119126,2967022.75,416.40183959346183
2024-03-19,445.45001220703125,452.54998779296875,438.3999938964844,450.45001220703125,805931,0.011224604025100282,0.36188992996640246,-0.032444776964119126,2809025.55,416.7406273806615
2024-03-20,453.0,469.8999938964844,450.1499938964844,463.5,3143034,0.028971001086288917,0.36192535911410256,-0.032444776964119126,2823826.25,417.2058947699087
2024-03-21,468.95001220703125,475.79998779296875,455.54998779296875,459.0,2230560,-0.009708737864077666,0.36156821213399354,-0.032444776964119126,2782203.1,417.6217565134917
2024-03-22,462.1000061035156,465.5,460.29998779296875,464.54998779296875,432603,0.012091476673134594,0.36435905558338655,-0.032444776964119126,2741961.5,418.0887040884119
2024-03-26,463.1000061035156,465.6499938964844,438.8500061035156,456.95001220703125,3562104,-0.016359866076079865,0.362421989871772,-0.032444776964119126,2835887.55,418.47538377118417
2024-03-27,461.0,469.45001220703125,450.29998779296875,458.70001220703125,2434023,0.003829740569537776,0.3555874979926404,-0.032444776964119126,2914385.45,418.87562883024736
2024-03-28,460.1000061035156,462.0,443.1000061035156,445.54998779296875,4231370,-0.028668027172685795,0.36817027295447796,-0.032444776964119126,2809032.9,419.1410453373391
2024-04-01,448.8999938964844,451.75,438.75,449.6499938964844,2007159,0.009202123702942933,0.35640972356077905,-0.032444776964119126,2603028.15,419.4446169647933
2024-04-02,449.0,454.8500061035156,440.20001220703125,450.04998779296875,3411753,0.0008895672232043239,0.35588839875118783,-0.032444776964119126,2454128.35,419.74914801781
2024-04-03,450.04998779296875,456.70001220703125,445.0,450.1000061035156,1513999,0.00011113945540164316,0.3558097097374476,-0.032444776964119126,2036667.8,420.05114660572747
2024-04-04,450.70001220703125,462.0,448.0,459.95001220703125,2171361,0.02188403903565006,0.36109145266757814,-0.032444776964119126,2005631.8,420.44815024355137
2024-04-05,462.95001220703125,467.95001220703125,458.6499938964844,463.3500061035156,1430194,0.007392094371668323,0.35830964192986825,-0.032444776964119126,1985368.6,420.87503438146143
2024-04-08,464.95001220703125,465.75,452.8999938964844,455.0,1922757,-0.0180209474339581,0.359968403661479,-0.032444776964119126,1975286.9,421.2145862781633
2024-04-09,456.20001220703125,458.0,442.25,445.3999938964844,5089037,-0.0210989145132211,0.3642572304857263,-0.032444776964119126,2160770.8,421.4552371002362
2024-04-10,449.0,452.1000061035156,441.3500061035156,450.20001220703125,1156054,0.010776871073919336,0.3666192378370439,-0.032444776964119126,2075405.25,421.7412547629904
2024-04-12,450.0,478.0,449.95001220703125,464.5,7096364,0.031763632619344895,0.3828158692683687,-0.032444776964119126,2388686.4,422.16671491460244
2024-04-15,463.04998779296875,463.04998779296875,446.29998779296875,455.75,1813564,-0.018837459634015064,0.3829590920519975,-0.032444776964119126,2367043.9,422.5008769552532
2024-04-16,453.1000061035156,464.3999938964844,451.95001220703125,453.70001220703125,1592724,-0.004498053303277572,0.32560967572705907,-0.032444776964119126,2394349.8,422.81131611198737
2024-04-18,454.0,469.5,448.0,451.54998779296875,2250487,-0.004738867877925879,0.27139329678586904,-0.032444776964119126,2437260.35,423.09727304413644
2024-04-19,446.1000061035156,454.8500061035156,444.04998779296875,453.29998779296875,1087730,0.003875539912100212,0.2625555763065367,-0.032444776964119126,2469140.4,423.39779756900043
2024-04-22,456.95001220703125,461.25,447.0,450.1000061035156,1301530,-0.007059302394939904,0.2578883385976552,-0.032444776964119126,2493920.35,423.6634911862593
2024-04-23,451.95001220703125,458.0,444.25,448.3999938964844,883174,-0.0037769655276127523,0.25533904961131076,-0.032444776964119126,2380927.35,423.90962554158494
2024-04-24,464.3500061035156,464.3999938964844,448.0,448.6499938964844,2320047,0.000557537920167217,0.23253951556207622,-0.032444776964119126,2385401.7,424.1557983610367
2024-04-25,454.04998779296875,468.79998779296875,443.70001220703125,459.25,2679455,0.023626448785734944,0.24590537174058222,-0.032444776964119126,2497744.3,424.5049943972453
2024-04-26,464.45001220703125,464.79998779296875,455.45001220703125,457.6499938964844,908682,-0.003483954498673114,0.2422594670347807,-0.032444776964119126,2365073.2,424.8347953872875
2024-04-29,459.8999938964844,460.45001220703125,449.1000061035156,450.1499938964844,920499,-0.016388069703976438,0.24228260112393432,-0.032444776964119126,2289397.0,425.0866879097671
2024-04-30,450.1499938964844,452.95001220703125,447.29998779296875,449.0,1117715,-0.0025546904633498846,0.24181982143708433,-0.032444776964119126,2133714.25,425.32463131365
2024-05-02,451.0,456.29998779296875,447.0,450.25,1338180,0.0027839643652560753,0.2198736309794471,-0.032444776964119126,2100265.3,425.5726449324197
2024-05-03,450.8999938964844,461.95001220703125,450.54998779296875,456.8500061035156,2839904,0.014658536598590954,0.22335120486815166,-0.032444776964119126,2071672.85,425.8838624565102
2024-05-06,455.70001220703125,457.79998779296875,448.0,450.0,670956,-0.014993993678449224,0.22999479320553295,-0.032444776964119126,2029520.7,426.12382402410714
2024-05-07,450.0,453.95001220703125,436.04998779296875,447.25,1826902,-0.006111111111111067,0.23099685816865229,-0.032444776964119126,2012297.75,426.33403473033496
2024-05-08,447.0,455.95001220703125,445.29998779296875,453.5,526902,0.013974287311347089,0.22295287975968706,-0.032444776964119126,1967133.15,426.604342842471
2024-05-09,450.75,453.25,440.45001220703125,444.6000061035156,456870,-0.01962512435828967,0.2303048795025153,-0.032444776964119126,1893838.8,426.78340416845157
2024-05-10,444.79998779296875,455.6499938964844,443.29998779296875,453.29998779296875,916040,0.01956810969414957,0.23386365726173064,-0.032444776964119126,1685188.95,427.0472507716806
2024-05-13,454.75,457.95001220703125,441.8999938964844,450.1000061035156,677913,-0.007059302394939904,0.2227541826318316,-0.032444776964119126,1661281.9,427.27663142174856
2024-05-14,450.1000061035156,457.1000061035156,448.1499938964844,453.54998779296875,369474,0.007664922556476661,0.22121714436339207,-0.032444776964119126,1324937.4,427.538057853303
2024-05-15,456.0,458.95001220703125,444.0,449.0,1059467,-0.010031943369923968,0.1921281294872845,-0.032444776964119126,1287232.55,427.7516095164542
2024-05-16,449.95001220703125,455.8999938964844,447.04998779296875,450.29998779296875,906119,0.0028952957527144108,0.18196319602262506,-0.032444776964119126,1252902.3,427.97597148935483
2024-05-17,452.0,460.95001220703125,448.20001220703125,453.75,1715487,0.007661586277051935,0.18347466877226293,-0.032444776964119126,1226152.3,428.23242948448564
2024-05-21,434.0,434.0,383.25,389.75,14514155,-0.14104683195592282,0.5226233126897474,-0.032444776964119126,1897473.55,427.8495197383714
2024-05-22,396.04998779296875,406.0,383.45001220703125,403.45001220703125,7735990,0.03515076897249836,0.5412843807326189,-0.032444776964119126,2219196.55,427.60673856890537
2024-05-23,408.0,408.0,394.79998779296875,404.04998779296875,3253750,0.0014871125735140822,0.5416708426848548,-0.032444776964119126,2337725.35,427.37234303879654
2024-05-24,404.04998779296875,405.95001220703125,397.1000061035156,404.95001220703125,2481506,0.0022275075887978613,0.5421745715286201,-0.032444776964119126,2345798.3,427.14923526932625
2024-05-27,406.95001220703125,415.0,400.75,413.8999938964844,1681537,0.022101448128559298,0.549661290427024,-0.032444776964119126,2295902.4,427.0174020218353
2024-05-28,410.1499938964844,420.0,409.1499938964844,416.6000061035156,1692630,0.0065233443992427365,0.5422817728973133,-0.032444776964119126,2335099.8,426.913746341056
2024-05-29,418.25,418.25,400.54998779296875,403.0,1537078,-0.03264523740822112,0.5512476139583609,-0.032444776964119126,2365928.75,426.67579861626945
2024-05-30,402.5,404.95001220703125,391.0,392.79998779296875,1056960,-0.025310203987670588,0.5543427376131096,-0.032444776964119126,2362891.0,426.338725871759
2024-05-31,395.3999938964844,397.70001220703125,380.1000061035156,385.1000061035156,3325964,-0.019602805317579408,0.5562115328267235,-0.032444776964119126,2462280.2,425.92839035167697
2024-06-03,399.0,399.0,389.0,389.95001220703125,1473107,0.012594147044006965,0.5593382840222156,-0.032444776964119126,2393940.35,425.57039653929246
2024-06-04,390.54998779296875,390.95001220703125,355.20001220703125,360.45001220703125,3822206,-0.07565072208367551,0.6027347208568167,-0.032444776964119126,2551502.85,424.9224325160859
2024-06-05,365.8500061035156,380.54998779296875,358.0,378.3999938964844,2210716,0.049798810047322783,0.6374226583166102,-0.032444776964119126,2570693.55,424.45952267907495
2024-06-06,383.8999938964844,387.6499938964844,381.5,382.25,2989987,0.010174434898560847,0.6403279865591667,-0.032444776964119126,2693847.8,424.03952742853687
2024-06-07,383.1000061035156,389.0,382.5,385.5,1242470,0.008502289077828573,0.6383874617674302,-0.032444776964119126,2733127.8,423.6560495436758
2024-06-10,390.54998779296875,396.70001220703125,386.1499938964844,390.1000061035156,1240148,0.011932570955941912,0.6398116841382381,-0.032444776964119126,2749333.2,423.32215856417173
2024-06-11,394.8999938964844,394.8999938964844,384.20001220703125,386.0,1291365,-0.010510141090404601,0.6334843182765185,-0.032444776964119126,2780005.8,422.9507938023392
2024-06-12,390.0,393.95001220703125,386.1499938964844,388.6499938964844,1064641,0.006865269161876686,0.6352510112719666,-0.032444776964119126,2814764.15,422.60949231073863
2024-06-13,394.0,395.5,387.5,393.3999938964844,2220747,0.012221793579302531,0.6366944425560858,-0.032444776964119126,2872828.15,422.31885053547245
2024-06-14,394.0,411.0,393.04998779296875,406.45001220703125,4059146,0.033172390729575785,0.6506304768100921,-0.032444776964119126,3030479.5,422.16095164663227
2024-06-18,406.8999938964844,409.3999938964844,396.1499938964844,398.75,2235588,-0.01894454908543375,0.6521621592814576,-0.032444776964119126,3056484.55,421.92800685412845
2024-06-19,400.0,406.45001220703125,394.0,400.3500061035156,2535998,0.0040125544915752265,0.6513972831563057,-0.032444776964119126,2457576.7,421.713300378998
2024-06-20,404.8500061035156,406.8500061035156,398.25,400.45001220703125,3358655,0.00024979668288005463,0.42403616930065097,-0.032444776964119126,2238709.95,421.5017253723118
2024-06-21,404.6000061035156,404.6000061035156,395.3999938964844,399.1499938964844,1243049,-0.0032463934846249654,0.406287278902543,-0.032444776964119126,2138174.9,421.2793200839951
2024-06-24,398.0,398.0,389.1000061035156,392.45001220703125,1395681,-0.01678562393061367,0.4102469525611906,-0.032444776964119126,2083883.65,420.99246129914974
2024-06-25,397.0,397.75,392.5,395.95001220703125,1227436,0.008918333268272738,0.4115756879050573,-0.032444776964119126,2061178.6,420.7432827012183
2024-06-26,396.0,402.70001220703125,395.1000061035156,398.1499938964844,3449588,0.005556210687279517,0.4039235267578674,-0.032444776964119126,2149026.5,420.5184738573901
2024-06-27,398.79998779296875,405.75,396.8500061035156,400.1000061035156,3417305,0.00489768237328736,0.4035541161657922,-0.032444776964119126,2243037.85,420.31530502401824
2024-06-28,399.6499938964844,401.3500061035156,396.6499938964844,400.1499938964844,2002593,0.00012493824595405378,0.38744413785343856,-0.032444776964119126,2290319.5,420.11465516205277
2024-07-01,400.1499938964844,403.0,398.04998779296875,399.8500061035156,1134672,-0.0007496883607259752,0.37645292267050695,-0.032444776964119126,2180754.9,419.9130168629628
2024-07-02,401.0,401.8500061035156,396.1000061035156,398.04998779296875,1188718,-0.004501733857872892,0.36954986829139636,-0.032444776964119126,2166535.45,419.69547428515193
2024-07-03,401.0,401.0,396.8500061035156,399.3999938964844,1147716,0.0033915491644676,0.3675450028133632,-0.032444776964119126,2032810.95,419.49352920665774
2024-07-04,399.0,399.70001220703125,395.20001220703125,398.25,3049295,-0.0028793037407567335,0.23944979616762677,-0.032444776964119126,2074739.9,419.2821508065915
2024-07-05,403.0,403.0,394.1000061035156,395.54998779296875,1960552,-0.0067796916686283515,0.17800712201724903,-0.032444776964119126,2023268.15,419.04600988108285
2024-07-08,397.45001220703125,397.79998779296875,389.04998779296875,394.45001220703125,1771791,-0.0027808762985305213,0.17631845348846026,-0.032444776964119126,2049734.2,418.80127358581865
2024-07-09,391.1000061035156,399.95001220703125,389.5,391.79998779296875,2701114,-0.006718276922429434,0.1766457486621608,-0.032444776964119126,2122782.5,418.53260407544207
2024-07-10,396.04998779296875,403.6499938964844,386.04998779296875,387.8500061035156,5241819,-0.01008162790331768,0.17567135813443646,-0.032444776964119126,2320305.2,418.22730459313436
2024-07-11,389.95001220703125,390.45001220703125,376.0,377.0,5152007,-0.027974747796239097,0.1976118743054266,-0.032444776964119126,2524673.5,417.8170826568843
2024-07-12,378.95001220703125,379.95001220703125,375.25,378.3999938964844,1985627,0.00371351166176237,0.19631876946250004,-0.032444776964119126,2512917.5,417.42487281847235
2024-07-15,379.95001220703125,379.95001220703125,372.6000061035156,378.3500061035156,2282195,-0.00013210304908839454,0.19024793482131297,-0.032444776964119126,2424069.95,417.0360681745425
2024-07-16,378.0,385.0,378.0,382.70001220703125,1070501,0.011497306814699737,0.15078616694758928,-0.032444776964119126,2365815.6,416.69441587635833
2024-07-18,385.0,386.1000061035156,379.5,382.04998779296875,1587994,-0.0016985220625257424,0.13891614739837685,-0.032444776964119126,2318415.4,416.34969519891166
2024-07-19,382.04998779296875,382.8999938964844,372.20001220703125,374.29998779296875,1723735,-0.020285303618959083,0.15067108001415228,-0.032444776964119126,2236669.4,415.9312901500963
2024-07-22,374.29998779296875,379.29998779296875,367.20001220703125,378.29998779296875,1432388,0.010686615363216356,0.157811623561251,-0.032444776964119126,2246136.35,415.5568493306224
2024-07-23,381.25,386.95001220703125,369.04998779296875,380.45001220703125,1352564,0.005683384835949656,0.16040292334650996,-0.032444776964119126,2243980.5,415.2075275681986
2024-07-24,376.6000061035156,387.1000061035156,376.6000061035156,382.70001220703125,1009803,0.005914048962562868,0.1535837617408903,-0.032444776964119126,2233098.85,414.88406970390844
2024-07-25,377.25,390.04998779296875,377.25,379.75,2504657,-0.007708419422352564,0.15061813385872186,-0.032444776964119126,2185852.3,414.5344769705362
2024-07-26,382.0,398.75,380.20001220703125,397.0,3476015,0.045424621461487735,0.22202498904545248,-0.032444776964119126,2188787.8,414.3600045628692
2024-07-29,401.0,415.8999938964844,400.0,412.3999938964844,5657360,0.03879091661582956,0.25942663110247505,-0.032444776964119126,2371526.15,414.34050196917383
2024-07-30,412.79998779296875,413.5,403.54998779296875,406.1499938964844,1650289,-0.015155189361057086,0.2658190858660479,-0.032444776964119126,2397307.0,414.25900437641076
2024-07-31,406.5,407.1000061035156,398.29998779296875,404.0,2074169,-0.005293595786763361,0.2666264633439378,-0.032444776964119126,2441579.55,414.1569247308743
2024-08-01,409.0,412.54998779296875,402.1499938964844,407.04998779296875,3656001,0.00754947473507106,0.2669750741238454,-0.032444776964119126,2566993.8,414.0862089404474
2024-08-02,406.04998779296875,420.70001220703125,397.3999938964844,416.1000061035156,14404010,0.022233186542066186,0.27672579342672704,-0.032444776964119126,3134729.55,414.10624672316453
2024-08-05,405.0,425.6000061035156,401.3999938964844,406.1000061035156,16842737,-0.02403268409833248,0.29085845892801215,-0.032444776964119126,3878838.8,414.02658263739687
2024-08-06,415.0,418.0,403.0,407.04998779296875,7082445,0.0023392801654156248,0.28946240911277515,-0.032444776964119126,4144371.5,413.9571637832235
2024-08-07,411.0,412.8999938964844,404.04998779296875,409.8999938964844,3399523,0.00700161205990546,0.2896135460756905,-0.032444776964119126,4179291.95,413.9167939336042
2024-08-08,409.0,414.75,407.29998779296875,408.6499938964844,4445881,-0.003049524319621466,0.2885005740272187,-0.032444776964119126,4139495.05,413.8643879630856
2024-08-09,413.54998779296875,413.54998779296875,395.04998779296875,398.70001220703125,2146198,-0.024348420012392236,0.300128792103364,-0.032444776964119126,3989204.6,413.71349865208015
2024-08-12,399.1000061035156,412.0,399.1000061035156,404.6000061035156,2715447,0.014798078043249951,0.28333558244033297,-0.032444776964119126,4025695.6,413.622817134184
2024-08-13,407.8999938964844,411.3999938964844,402.1000061035156,408.1000061035156,1916788,0.008650518900646054,0.283893583972005,-0.032444776964119126,4007425.25,413.56786379059525
2024-08-14,408.5,422.0,400.0,414.8999938964844,3696755,0.01666255253925164,0.2869406991465829,-0.032444776964119126,4138737.95,413.5811188165245
2024-08-16,419.95001220703125,421.95001220703125,410.0,416.54998779296875,2549670,0.003976847242123771,0.28582865816486225,-0.032444776964119126,4186821.75,413.61065980136476
2024-08-19,419.5,433.79998779296875,417.6000061035156,432.25,6420594,0.03769058376454537,0.3073499587260579,-0.032444776964119126,4421664.7,413.796125872993
2024-08-20,435.04998779296875,441.79998779296875,432.1499938964844,438.20001220703125,5110672,0.013765210426908592,0.2928482203774874,-0.032444776964119126,4605578.9,414.03895061263523
2024-08-21,438.45001220703125,440.0,423.54998779296875,430.3999938964844,13306842,-0.01780013257247859,0.30553215084959684,-0.032444776964119126,5203292.8,414.20174706322086
2024-08-22,431.0,432.45001220703125,419.0,421.20001220703125,1671242,-0.02137542244404822,0.3202846088165694,-0.032444776964119126,5236364.75,414.2713815422638
2024-08-23,422.95001220703125,430.45001220703125,418.3999938964844,427.75,1968698,0.015550777785232395,0.3223455442814719,-0.032444776964119126,5209566.8,414.4054971488084
2024-08-26,429.20001220703125,431.95001220703125,421.29998779296875,430.8999938964844,2446954,0.007364100284007913,0.31876765758148234,-0.032444776964119126,5158113.75,414.56962149455643
2024-08-27,431.8999938964844,432.0,425.1499938964844,430.45001220703125,2091665,-0.001044283350723929,0.28569690471992154,-0.032444776964119126,4979829.0,414.7276353324915
2024-08-28,430.0,430.0,420.0,421.04998779296875,973965,-0.021837667899847646,0.26943939103951803,-0.032444776964119126,4946012.8,414.79054431219777
2024-08-29,421.0,424.5,415.6000061035156,416.8999938964844,1268547,-0.00985629739175986,0.26600839819379196,-0.032444776964119126,4905731.7,414.81153386030013
2024-08-30,420.0,423.95001220703125,414.0,419.29998779296875,1705739,0.005756761649366338,0.2652694439688693,-0.032444776964119126,4808218.6,414.856195093461
2024-09-02,423.3500061035156,423.95001220703125,415.0,416.04998779296875,594683,-0.007751013819739749,0.2664593633220034,-0.032444776964119126,4117752.25,414.86807362778444
2024-09-03,418.95001220703125,427.70001220703125,417.70001220703125,425.1000061035156,1709216,0.02175223789466929,0.2659852548616947,-0.032444776964119126,3361076.2,414.96988390117485
2024-09-04,421.6000061035156,425.8999938964844,418.0,419.3500061035156,2522057,-0.013526228928352091,0.2557431379019993,-0.032444776964119126,3133056.8,415.0134672066708
2024-09-05,422.95001220703125,422.95001220703125,417.0,418.04998779296875,2037424,-0.0031000793886383216,0.25625293238712454,-0.032444776964119126,3064951.85,415.04368134185785
2024-09-06,418.0,427.6000061035156,409.8999938964844,411.45001220703125,1607893,-0.015787527278211533,0.2620639212298687,-0.032444776964119126,2923052.45,415.0079234400188
2024-09-09,411.45001220703125,411.95001220703125,398.5,408.8500061035156,1654685,-0.006319129970537851,0.26283552509546587,-0.032444776964119126,2898476.8,414.9466506307004
2024-09-10,409.95001220703125,417.6000061035156,409.8999938964844,414.6000061035156,883505,0.014063837383297306,0.2511394811358081,-0.032444776964119126,2806879.7,414.94320143142494
2024-09-11,418.75,418.75,407.04998779296875,410.45001220703125,860260,-0.010009632984540384,0.24988883879876,-0.032444776964119126,2754053.3,414.89849308093346
2024-09-12,415.0,419.0,411.70001220703125,418.04998779296875,1602341,0.018516202606674748,0.25605441402923346,-0.032444776964119126,2649332.6,414.92985123727215
2024-09-13,418.04998779296875,422.75,412.0,413.79998779296875,581391,-0.010166248353306373,0.2525772954610278,-0.032444776964119126,2550918.65,414.9186088149408
2024-09-16,414.75,429.8999938964844,414.75,421.3500061035156,4189673,0.018245574029171596,0.26013603962732973,-0.032444776964119126,2439372.6,414.98260281781216
2024-09-17,424.8999938964844,426.0,419.6499938964844,425.3999938964844,1342520,0.009611932441680793,0.22569595507163162,-0.032444776964119126,2250965.0,415.0862584504358
2024-09-18,425.3999938964844,427.8999938964844,423.04998779296875,426.0,2461770,0.0014104516034891823,0.2197223492243902,-0.032444776964119126,1708711.4,415.1948528937151
2024-09-19,426.45001220703125,432.3500061035156,421.1000061035156,426.6499938964844,2686431,0.0015258072687427404,0.211425812429134,-0.032444776964119126,1759470.85,415.3088343962302
2024-09-20,427.5,433.0,425.1499938964844,431.8500061035156,2696667,0.012188004878520786,0.20104870218627655,-0.032444776964119126,1795869.3,415.47342316943707
2024-09-23,433.0,436.04998779296875,429.25,433.45001220703125,1137842,0.00370500423967135,0.19452576276887154,-0.032444776964119126,1730413.7,415.65229470214945
2024-09-24,435.0,435.6000061035156,429.29998779296875,431.25,785765,-0.005075584600469307,0.1939298404017556,-0.032444776964119126,1665118.7,415.80749574988926
2024-09-25,434.8999938964844,447.6499938964844,431.95001220703125,437.75,4264856,0.015072463768115885,0.20064178744645342,-0.032444776964119126,1829663.25,416.02582912551225
2024-09-26,437.5,439.3500061035156,424.95001220703125,436.75,2131875,-0.0022844089091947906,0.1834463642043748,-0.032444776964119126,1872829.65,416.2320397809798
2024-09-27,443.8999938964844,443.8999938964844,426.0,430.45001220703125,2408247,-0.014424700155623915,0.18773884110156677,-0.032444776964119126,1907955.05,416.37351214342806
2024-09-30,432.0,432.0,422.0,425.0,2292692,-0.012661196544257458,0.19334658072845032,-0.032444776964119126,1992855.5,416.45934784349345
2024-10-01,425.0,428.45001220703125,418.0,419.3500061035156,2232403,-0.013294103285845571,0.19731699947769843,-0.032444776964119126,2019014.85,416.4881106122499
2024-10-03,418.45001220703125,427.25,408.6499938964844,410.95001220703125,1407928,-0.02003098551144611,0.19352975167809489,-0.032444776964119126,1963308.4,416.43300515548157
2024-10-04,411.0,419.5,403.20001220703125,408.1499938964844,872320,-0.006813525312991731,0.18964941818340206,-0.032444776964119126,1905053.2,416.350587133004
2024-10-07,410.95001220703125,411.95001220703125,398.3500061035156,404.04998779296875,1164276,-0.010045341577428646,0.1920279382820749,-0.032444776964119126,1882872.35,416.2281931097201
2024-10-08,400.0,419.45001220703125,393.1000061035156,416.8999938964844,1131713,0.03180301074554137,0.21674767925380406,-0.032444776964119126,1856723.75,416.23487769466306
2024-10-09,418.3999938964844,427.29998779296875,412.3999938964844,414.75,3896722,-0.005157097452532455,0.21630944254528367,-0.032444776964119126,2007384.6,416.2201027922286
2024-10-10,418.0,418.0,408.54998779296875,411.3999938964844,496556,-0.008077169628729619,0.212733107985884,-0.032444776964119126,1989199.4,416.1721415096839
2024-10-11,412.3500061035156,413.5,406.5,411.1499938964844,551575,-0.0006076810979800396,0.20978994632632045,-0.032444776964119126,1936661.1,416.12216989164216
2024-10-14,410.0,419.6000061035156,410.0,418.79998779296875,882544,0.01860633347938334,0.20988950133772905,-0.032444776964119126,1951718.75,416.1488148458842
2024-10-15,418.8999938964844,418.8999938964844,409.04998779296875,410.1000061035156,1073085,-0.02077359585252403,0.21946804513024545,-0.032444776964119126,1795889.35,416.08862769421887
2024-10-16,410.04998779296875,410.95001220703125,401.3999938964844,408.54998779296875,902995,-0.003779610552250623,0.20898220137745452,-0.032444776964119126,1773913.1,416.0136163519179
2024-10-17,407.0,408.20001220703125,398.04998779296875,399.45001220703125,710661,-0.02227383639171443,0.2168803059386888,-0.032444776964119126,1686357.65,415.84880437037674
2024-10-18,399.25,400.45001220703125,394.79998779296875,396.70001220703125,1073891,-0.006884465930557249,0.21670449797098382,-0.032444776964119126,1605730.65,415.65826912497033
2024-10-21,397.95001220703125,400.0,386.70001220703125,388.20001220703125,1406868,-0.02142677020025896,0.22470401744872698,-0.032444776964119126,1541240.7,415.38505263822464
2024-10-22,388.04998779296875,388.3999938964844,372.0,378.8500061035156,2087760,-0.024085537891557762,0.22610909223194464,-0.032444776964119126,1588736.6,415.02151983688424
2024-10-23,378.8500061035156,379.8500061035156,368.1000061035156,372.04998779296875,1251055,-0.017949104397503635,0.22669599607265883,-0.032444776964119126,1612001.1,414.59394240361144
2024-10-24,372.04998779296875,375.95001220703125,363.54998779296875,367.8999938964844,802189,-0.011154398690085943,0.22697275742882858,-0.032444776964119126,1438867.75,414.12932600055547
2024-10-25,368.0,371.75,354.8999938964844,361.1499938964844,3091512,-0.018347377309006485,0.21438201017136127,-0.032444776964119126,1486849.6,413.6021684671816
2024-10-28,361.95001220703125,362.95001220703125,354.25,355.8500061035156,1648555,-0.014675309102975875,0.21376453034487827,-0.032444776964119126,1448865.0,413.0275200854536
2024-10-29,359.0,359.8999938964844,350.1499938964844,354.0,914077,-0.005198836790176853,0.21354151658818243,-0.032444776964119126,1379934.25,412.44018157714066
2024-10-30,354.04998779296875,357.20001220703125,348.25,354.3500061035156,1126987,0.000988717806541306,0.2159609456967462,-0.032444776964119126,1324663.45,411.86216988088574
2024-10-31,356.3999938964844,358.70001220703125,354.04998779296875,356.1000061035156,681891,0.004938619923400722,0.2200918011127223,-0.032444776964119126,1288361.6,411.3073224801159
2024-11-01,356.20001220703125,367.0,356.20001220703125,364.6499938964844,195211,0.024010074828483274,0.24081210296784983,-0.032444776964119126,1254506.15,410.8430704544081
2024-11-04,364.45001220703125,364.45001220703125,351.5,353.54998779296875,1238403,-0.03044016533472549,0.2557955686208968,-0.032444776964119126,1258212.5,410.27299002991623
2024-11-05,355.1499938964844,355.5,347.3999938964844,353.8999938964844,1043677,0.0009899762851091065,0.25682707890574935,-0.032444776964119126,1253810.7,409.71206469525526
2024-11-06,361.8999938964844,361.8999938964844,353.0,355.04998779296875,1090774,0.003249488319631677,0.22005216564575258,-0.032444776964119126,1113513.3,409.16816343254595
2024-11-07,352.6000061035156,357.6000061035156,351.8500061035156,353.8999938964844,889613,-0.003238963346070989,0.22041237732816313,-0.032444776964119126,1133166.15,408.6182313973613
2024-11-08,351.54998779296875,353.20001220703125,345.70001220703125,346.8500061035156,686546,-0.019920847455654034,0.224625527258613,-0.032444776964119126,1139914.7,408.00362219045735
2024-11-11,344.25,345.8500061035156,340.1499938964844,343.75,643695,-0.008937598526639334,0.22301971695215855,-0.032444776964119126,1127972.25,407.36428266617423
2024-11-12,341.5,348.20001220703125,337.04998779296875,340.0,1522754,-0.010909090909090868,0.20027016803886244,-0.032444776964119126,1150455.7,406.69399129636156
2024-11-13,337.6499938964844,338.70001220703125,328.0,330.29998779296875,871368,-0.028529447667739016,0.20730308041703002,-0.032444776964119126,1148874.35,405.9338519580194
2024-11-14,328.3500061035156,337.3999938964844,328.3500061035156,330.54998779296875,1408544,0.0007568877058412582,0.2096475545222776,-0.032444776964119126,1183768.5,405.18376375737216
2024-11-18,338.95001220703125,345.0,325.5,327.29998779296875,4113456,-0.009832098381548082,0.20480981006302798,-0.032444776964119126,1335746.75,404.40880081245274
2024-11-19,327.29998779296875,352.95001220703125,327.29998779296875,344.25,7769626,0.05178739028170343,0.29481927373206135,-0.032444776964119126,1653884.65,403.81020577949306
2024-11-21,344.29998779296875,349.75,340.5,346.3500061035156,3410004,0.006100235594816539,0.29275224626915014,-0.032444776964119126,1719996.85,403.2384624991351
2024-11-22,348.0,348.6000061035156,341.5,345.8500061035156,1614109,-0.0014436263640502656,0.2848028212694433,-0.032444776964119126,1738149.55,402.6674330822633
2024-11-25,345.20001220703125,353.79998779296875,338.1499938964844,343.8500061035156,4754258,-0.005782853736314153,0.28047644772515967,-0.032444776964119126,1935753.0,402.0821850526241
2024-11-26,340.04998779296875,341.95001220703125,335.1000061035156,336.6499938964844,1842942,-0.020939398223723482,0.2857952020470114,-0.032444776964119126,1873324.5,401.431118473956
2024-11-27,336.0,353.75,335.1499938964844,347.1000061035156,3005958,0.031041177473612347,0.3052449338875126,-0.032444776964119126,1941194.65,400.89051039066806
2024-11-28,345.04998779296875,349.79998779296875,340.29998779296875,343.3500061035156,1251217,-0.010803802748656888,0.30346295155892045,-0.032444776964119126,1958051.65,400.31796805945265
2024-11-29,340.04998779296875,344.3500061035156,333.95001220703125,335.95001220703125,3651373,-0.02155233366809195,0.31114510047558963,-0.032444776964119126,2084270.95,399.67749088679176
2024-12-02,332.54998779296875,337.5,330.1499938964844,333.29998779296875,2574427,-0.00788815096821427,0.3114793678436255,-0.032444776964119126,2178897.75,399.0170182191916
2024-12-03,331.04998779296875,342.8999938964844,331.04998779296875,341.1499938964844,4541844,0.02355237441050173,0.32368885819648846,-0.032444776964119126,2396229.4,398.4412269323985
2024-12-04,338.79998779296875,343.45001220703125,337.29998779296875,340.1000061035156,1734947,-0.0030777892767230863,0.30972718219428264,-0.032444776964119126,2421056.6,397.8607172724096
2024-12-05,340.0,340.95001220703125,332.25,333.29998779296875,1496554,-0.019994172856548476,0.3000872584336522,-0.032444776964119126,2443700.45,397.21832195420626
2024-12-06,331.6000061035156,359.79998779296875,331.6000061035156,353.0,9706199,0.059105949380556355,0.3686372787669956,-0.032444776964119126,2874471.7,396.77833865117935
2024-12-09,352.25,373.1000061035156,349.04998779296875,371.1000061035156,8769393,0.05127480482582336,0.4090784407365469,-0.032444776964119126,3268460.7,396.5228328546852
2024-12-10,370.54998779296875,388.0,370.0,380.6000061035156,5127042,0.025599568428328334,0.4161902626724017,-0.032444776964119126,3490485.5,396.3643967676089
2024-12-11,381.95001220703125,381.95001220703125,369.0,379.45001220703125,3012413,-0.003021528844042054,0.40809736762204785,-0.032444776964119126,3608921.4,396.19609443367284
2024-12-12,385.75,391.29998779296875,379.04998779296875,382.3500061035156,8404063,0.007642624333088932,0.4052010192841683,-0.032444776964119126,3952986.85,396.0583224104872
2024-12-13,380.0,392.8999938964844,376.79998779296875,390.6000061035156,8140865,0.021577088710092562,0.4043672041186564,-0.032444776964119126,4316461.7,396.00401080544276
2024-12-16,390.6000061035156,395.8500061035156,386.5,393.04998779296875,2307992,0.0062723544576797075,0.3833365386237903,-0.032444776964119126,4361434.1,395.9746175416371
2024-12-17,396.04998779296875,402.8500061035156,381.5,383.1000061035156,3856758,-0.02531479963992289,0.4003119079107414,-0.032444776964119126,4348599.2,395.84651195518813
2024-12-18,385.6000061035156,390.0,369.1499938964844,370.3999938964844,2440399,-0.03315064475253404,0.4205591936155114,-0.032444776964119126,4082137.85,395.5933127705244
2024-12-19,360.0,367.5,356.0,358.6000061035156,2409187,-0.03185741897249195,0.40597399027979897,-0.032444776964119126,4032097.0,395.2252201668726
2024-12-20,360.0,362.0,347.79998779296875,349.6000061035156,2051938,-0.025097601357547128,0.41649837734843337,-0.032444776964119126,4053988.45,394.77123793738645
2024-12-23,348.0,361.0,348.0,359.1000061035156,2577980,0.027173912569060654,0.4262664017777031,-0.032444776964119126,3945174.55,394.4163003071987
2024-12-24,359.0,366.20001220703125,349.0,354.54998779296875,3165094,-0.012670616076891017,0.4285394147118651,-0.032444776964119126,4011282.15,394.019620580689
2024-12-26,353.70001220703125,355.6000061035156,346.29998779296875,350.95001220703125,2150563,-0.010153647468293281,0.4229190265084158,-0.032444776964119126,3968512.4,393.5910672635382
2024-12-27,350.0,354.3999938964844,348.04998779296875,350.75,929755,-0.0005699165125352401,0.4098414131813439,-0.032444776964119126,3952439.3,393.1647879872841
2024-12-30,349.0,351.04998779296875,343.04998779296875,347.95001220703125,954340,-0.007982858996347098,0.40894957443840657,-0.032444776964119126,3817587.65,392.71488972081397
2024-12-31,347.0,347.5,342.70001220703125,346.1499938964844,529784,-0.005173209505381027,0.40146327824218975,-0.032444776964119126,3715355.5,392.25155742405445
2025-01-01,346.0,351.0,345.54998779296875,348.3999938964844,628531,0.006500072337637608,0.4002137928310422,-0.032444776964119126,3519689.85,391.81522345860606
2025-01-02,349.0,352.0,345.04998779296875,349.8500061035156,877205,0.004161918003540599,0.3928772447059334,-0.032444776964119126,3476802.75,391.3976591068141
2025-01-03,350.04998779296875,352.1499938964844,341.04998779296875,341.79998779296875,1183610,-0.023009913306003993,0.4017626896645715,-0.032444776964119126,3461155.55,390.9041499395122
2025-01-06,343.6000061035156,344.45001220703125,332.54998779296875,337.54998779296875,1324051,-0.012434172474500627,0.3977277333486097,-0.032444776964119126,3042048.15,390.3732627539745
2025-01-07,340.0,341.29998779296875,335.0,337.1499938964844,840178,-0.0011849915892448992,0.3367063224631473,-0.032444776964119126,2645587.4,389.84367798922335
2025-01-08,338.8500061035156,338.8500061035156,332.75,334.75,1335457,-0.0071184752778648,0.275562551653232,-0.032444776964119126,2456008.15,389.29548218833554
2025-01-09,336.1000061035156,341.70001220703125,334.1499938964844,336.3500061035156,890777,0.004779704566140852,0.2553655094291166,-0.032444776964119126,2349926.35,388.76866153077515
2025-01-10,336.0,342.29998779296875,332.20001220703125,333.8500061035156,1235334,-0.007432733624599952,0.25523003121826227,-0.032444776964119126,1991489.9,388.22220724791686
2025-01-13,332.0,334.0,318.04998779296875,321.1499938964844,2182625,-0.03804107226253395,0.27300737891658894,-0.032444776964119126,1693577.9,387.55482204043994
2025-01-14,319.54998779296875,328.6000061035156,318.6000061035156,324.0,1602282,0.00887437695058546,0.25876609947593854,-0.032444776964119126,1658292.4,386.92243575148035
2025-01-15,326.95001220703125,327.0,318.25,324.8500061035156,1214925,0.002623475628134697,0.25639761435789293,-0.032444776964119126,1526200.75,386.30479963558025
2025-01-16,327.95001220703125,335.3500061035156,323.04998779296875,332.25,1981836,0.022779725280738683,0.27131642544658585,-0.032444776964119126,1503272.6,385.76694093273863
2025-01-17,331.45001220703125,339.79998779296875,327.6000061035156,338.54998779296875,1620514,0.01896158854166674,0.26712877466985174,-0.032444776964119126,1463838.95,385.29712050348724
2025-01-20,345.0,346.8999938964844,330.8500061035156,345.20001220703125,2253240,0.019642666234946482,0.2592468905449294,-0.032444776964119126,1473904.05,384.89814430153245
2025-01-21,343.79998779296875,343.8999938964844,327.6000061035156,329.25,2071541,-0.04620513222191125,0.2915630485814528,-0.032444776964119126,1448582.1,384.3444314229103
2025-01-22,330.29998779296875,330.6000061035156,312.3500061035156,322.29998779296875,2952508,-0.02110861718156798,0.2768538445006911,-0.032444776964119126,1437952.8,383.7270737748512
2025-01-23,324.3500061035156,329.45001220703125,322.5,326.95001220703125,1559376,0.014427628266152626,0.28322077393494866,-0.032444776964119126,1408393.45,383.1621278886043
2025-01-24,327.0,331.25,319.04998779296875,321.75,1097225,-0.015904609306876205,0.28556335686701495,-0.032444776964119126,1416766.95,382.5510619394639
2025-01-27,318.20001220703125,319.0,308.1499938964844,312.8999938964844,2810899,-0.02750584647557308,0.2965528547012675,-0.032444776964119126,1509594.9,381.85801648629996
2025-01-28,313.8500061035156,319.6000061035156,306.54998779296875,311.45001220703125,958967,-0.004634009964004093,0.29639154541652585,-0.032444776964119126,1531054.05,381.1574393292923
2025-01-29,312.0,324.95001220703125,308.04998779296875,323.45001220703125,956197,0.03852945747204917,0.3326879022067468,-0.032444776964119126,1547437.35,380.5832360743444
2025-01-30,324.0,326.25,316.75,322.6000061035156,1126870,-0.002627936532497488,0.33089658530579713,-0.032444776964119126,1559920.6,380.0062885124457
2025-01-31,320.5,323.8500061035156,318.04998779296875,321.04998779296875,1627149,-0.004804768385681668,0.3297538821311534,-0.032444776964119126,1582097.55,379.41965865454046
2025-02-01,321.95001220703125,326.1499938964844,313.54998779296875,320.8500061035156,705000,-0.0006228989162337939,0.32242402315801727,-0.032444776964119126,1551145.0,378.83687604209246
2025-02-03,318.54998779296875,330.79998779296875,314.3500061035156,323.3500061035156,1042101,0.0077918028749963675,0.3224296227077473,-0.032444776964119126,1561241.15,378.2847678834996
2025-02-04,326.45001220703125,330.54998779296875,320.1000061035156,328.79998779296875,1450537,0.016854744353115514,0.32888730481768186,-0.032444776964119126,1566995.15,377.79238201195204
2025-02-05,328.5,332.5,325.6499938964844,328.3500061035156,1502457,-0.0013685575004840356,0.32813908023246363,-0.032444776964119126,1597579.15,377.3004180725646
2025-02-06,328.8500061035156,328.8500061035156,320.25,321.95001220703125,1169821,-0.01949137742506002,0.33374278504375,-0.032444776964119126,1594303.5,376.7496677654449
2025-02-07,324.70001220703125,324.70001220703125,307.29998779296875,315.1000061035156,5745752,-0.021276613895919616,0.34003655917775516,-0.032444776964119126,1772459.85,376.13623829617194
2025-02-10,316.0,321.0,295.8999938964844,297.25,8218593,-0.056648701230591514,0.369366892278438,-0.032444776964119126,2103275.4,375.3513006016827
2025-02-11,297.25,297.29998779296875,283.04998779296875,284.1499938964844,3691557,-0.04407066813630156,0.39201205426638336,-0.032444776964119126,2227107.0,374.44382491307374
2025-02-12,282.04998779296875,286.1000061035156,272.04998779296875,273.79998779296875,4878361,-0.03642444598216721,0.40441021190319804,-0.032444776964119126,2371933.25,373.4423936979483
2025-02-13,273.3500061035156,287.79998779296875,273.3500061035156,281.79998779296875,5247095,0.029218408899452264,0.4111034972060511,-0.032444776964119126,2553262.3,372.5305289625754
2025-02-14,282.0,282.75,261.79998779296875,266.25,5959346,-0.05518093849029171,0.4307568881227084,-0.032444776964119126,2738567.6,371.4730112614552
2025-02-17,265.0,271.1000061035156,261.0,267.3500061035156,2780471,0.004131478323063487,0.42006351446582285,-0.032444776964119126,2774014.1,370.4369614588887
2025-02-18,267.0,270.75,263.8500061035156,267.5,1537752,0.0005610394354220727,0.40261923882277295,-0.032444776964119126,2703276.3,369.4127130861634
2025-02-19,266.1000061035156,278.3500061035156,264.20001220703125,276.0,1264216,0.031775700934579376,0.42454002307484523,-0.032444776964119126,2688518.3,368.4832333539628
2025-02-20,276.6000061035156,279.25,271.79998779296875,274.95001220703125,2776766,-0.003804303597712888,0.417579130133499,-0.032444776964119126,2772495.35,367.55255453658043
2025-02-21,275.6000061035156,281.8500061035156,272.45001220703125,273.3500061035156,1590673,-0.00581926180207204,0.416597790544105,-0.032444776964119126,2711484.05,366.61521574620167
2025-02-24,273.0,277.3500061035156,268.25,272.8999938964844,2205599,-0.0016462857032489842,0.41045910414852593,-0.032444776964119126,2773815.65,365.6827259765528
2025-02-25,271.45001220703125,273.54998779296875,260.45001220703125,261.8999938964844,3511048,-0.040307805958297305,0.4270454272547749,-0.032444776964119126,2901558.2,364.65006197575605
2025-02-27,262.25,264.0,252.0500030517578,256.04998779296875,5041680,-0.022336793584759818,0.39453532894143156,-0.032444776964119126,3097298.7,363.5694642226935
2025-02-28,254.9499969482422,255.35000610351562,243.60000610351562,249.85000610351562,5534878,-0.024213950341861246,0.3960081308482391,-0.032444776964119126,3292685.15,362.4379273259853
2025-03-03,250.0,254.8000030517578,244.75,253.67999267578125,1811329,0.015329143400856449,0.4064890371503859,-0.032444776964119126,3348001.6,361.3557588220032
2025-03-04,252.00999450683594,255.0,245.0500030517578,247.19000244140625,2176792,-0.02558337441561509,0.40778147494913086,-0.032444776964119126,3404736.15,360.2197811465744
2025-03-05,248.10000610351562,256.70001220703125,248.0,255.72000122070312,4103168,0.03450786316213916,0.4338107965433098,-0.032444776964119126,3537367.7,359.1799823413419
2025-03-06,257.0,265.69000244140625,256.20001220703125,260.989990234375,1582609,0.020608434962126942,0.43700378320645245,-0.032444776964119126,3541375.3,358.2029674945064
2025-03-07,260.9800109863281,263.42999267578125,254.5500030517578,255.4499969482422,1203015,-0.021226841999410717,0.4371477615293339,-0.032444776964119126,3543035.0,357.18054987713066
2025-03-10,255.64999389648438,259.6099853515625,250.25,250.82000732421875,1233134,-0.01812483726496794,0.43685928147696484,-0.032444776964119126,3317404.1,356.12223602088284
2025-03-11,247.00999450683594,253.92999267578125,246.11000061035156,248.3800048828125,1098020,-0.009728101308330683,0.4354168467452958,-0.032444776964119126,2961375.45,355.05017401950903
2025-03-12,250.99000549316406,251.08999633789062,237.64999389648438,240.2899932861328,2309916,-0.03257110652081918,0.4108390929600204,-0.032444776964119126,2892293.4,353.90828167390333
2025-03-13,242.0,242.9499969482422,236.52999877929688,241.75999450683594,2372240,0.006117613141520595,0.39448406135897846,-0.032444776964119126,2766987.35,352.7923783190072
2025-03-17,242.5,249.75,241.77000427246094,242.39999389648438,1786577,0.002647251010052143,0.38121807370347616,-0.032444776964119126,2593961.45,351.69394663321094
2025-03-18,242.39999389648438,242.39999389648438,242.39999389648438,242.39999389648438,0,0.0,0.360559790107223,-0.032444776964119126,2295994.15,350.6064446159301
2025-03-19,252.89999389648438,261.8999938964844,252.5,260.9599914550781,3571575,0.0765676486218052,0.4218937052592398,-0.032444776964119126,2335549.35,349.7144401068669
2025-03-20,262.04998779296875,263.1000061035156,255.0,257.07000732421875,2153817,-0.014906438757793294,0.42433695775814795,-0.032444776964119126,2366352.6,348.79260495480077
2025-03-21,259.6000061035156,265.82000732421875,257.92999267578125,263.6199951171875,2596901,0.02547939318610526,0.4345419753378817,-0.032444776964119126,2432986.85,347.94511629970015
2025-03-24,265.010009765625,269.5,259.010009765625,259.82000732421875,1616963,-0.01441464176979268,0.42076288991400146,-0.032444776964119126,2374996.7,347.06824954372524
2025-03-25,261.45001220703125,262.8900146484375,250.6999969482422,257.20001220703125,3601892,-0.010083885164078654,0.42156141489684773,-0.032444776964119126,2475557.65,346.17403822694223
2025-03-26,258.1000061035156,259.8500061035156,253.00999450683594,254.69000244140625,1525361,-0.009758979963051417,0.42213239030984845,-0.032444776964119126,2441545.75,345.2637493136533
2025-03-27,253.75,256.0,249.85000610351562,252.9199981689453,5991936,-0.006949641742879709,0.42231295999739255,-0.032444776964119126,2565590.15,344.3449060186811
2025-03-28,252.49000549316406,263.79998779296875,252.14999389648438,255.10000610351562,3313968,0.008619357703435249,0.401776962172697,-0.032444776964119126,2479204.55,343.45689706430136
2025-04-01,255.10000610351562,263.95001220703125,253.35000610351562,260.75,3035758,0.022148152729528636,0.40149776217705463,-0.032444776964119126,2354248.55,342.63394286465655
2025-04-02,260.3500061035156,261.6499938964844,252.6999969482422,259.0,2626407,-0.006711409395973145,0.3920240029899279,-0.032444776964119126,2395002.45,341.80176432868984
2025-04-03,257.6499938964844,265.29998779296875,256.5,263.54998779296875,2428693,0.017567520436172712,0.39305838452376635,-0.032444776964119126,2407597.5,341.02313968654335
2025-04-04,262.25,263.20001220703125,249.64999389648438,258.79998779296875,2425014,-0.018023146347976082,0.38717652406825065,-0.032444776964119126,2323689.8,340.20499887168194
2025-04-07,244.60000610351562,271.29998779296875,238.5,268.3500061035156,24894586,0.03690115440881159,0.38975239879745616,-0.032444776964119126,3489288.65,339.4900238192624
2025-04-08,275.0,276.25,247.14999389648438,248.89999389648438,24061856,-0.07248001402887405,0.46216696824567505,-0.032444776964119126,4632230.7,338.5886304866974
2025-04-09,252.0,252.0,239.5500030517578,243.35000610351562,9410341,-0.022298063194316264,0.4627472810574181,-0.032444776964119126,5041091.05,337.6409824828847
2025-04-11,249.4499969482422,249.4499969482422,242.0500030517578,246.9499969482422,5351397,0.014793469301147999,0.46225889724781033,-0.032444776964119126,5253759.9,336.7385846168683
2025-04-15,249.89999389648438,259.3999938964844,247.35000610351562,258.6000061035156,5989813,0.04717557926398808,0.4889514495510914,-0.032444776964119126,5437754.75,335.9610863232031
2025-04-16,258.6000061035156,263.70001220703125,257.20001220703125,263.04998779296875,3579086,0.017207972097540658,0.4743150377495763,-0.032444776964119126,5498097.05,335.2356027557381
2025-04-17,263.0,282.79998779296875,262.20001220703125,281.04998779296875,17063440,0.06842805867821111,0.5231869753684072,-0.032444776964119126,6261940.2,334.6964424078499
2025-04-21,285.0,293.5,284.0,292.0,8984493,0.038961084086925446,0.533775241696807,-0.032444776964119126,6711164.85,334.2716021848862
2025-04-22,292.95001220703125,303.5,292.5,294.0,7295416,0.006849315068493178,0.5327755010470206,-0.032444776964119126,6897356.9,333.87088972533513
2025-04-23,298.0,304.25,292.20001220703125,302.79998779296875,5647213,0.029931931268601275,0.4810831748559164,-0.032444776964119126,7072026.7,333.561726522028
2025-04-24,303.0,303.5,297.25,300.70001220703125,2708140,-0.006935190457713292,0.4771725541594443,-0.032444776964119126,7077588.65,333.234744290038
2025-04-25,300.70001220703125,307.0,297.54998779296875,304.8999938964844,9317417,0.013967347918035555,0.4734882748670485,-0.032444776964119126,7462611.35,332.95280647517677
2025-04-28,308.5,309.8999938964844,299.04998779296875,304.3500061035156,4789531,-0.001803830121280603,0.46816090845981884,-0.032444776964119126,7521993.3,332.6682014963543
2025-04-29,305.5,312.5,305.0,309.8500061035156,3788079,0.018071299128311402,0.46462152767879056,-0.032444776964119126,7635129.2,332.44115477602753
2025-04-30,309.8500061035156,310.79998779296875,304.75,305.54998779296875,2052252,-0.013877741571224345,0.4669654249813242,-0.032444776964119126,7438145.0,332.1735809752011
2025-05-02,306.8999938964844,310.20001220703125,305.5,306.8500061035156,1208961,0.004254682907818497,0.46370852035035165,-0.032444776964119126,7332894.65,331.92160510583113
2025-05-05,307.1000061035156,309.0,304.0,305.6499938964844,1515769,-0.0039107452604267845,0.46608640212244346,-0.032444776964119126,7256895.2,331.6601960390715
2025-05-06,305.6499938964844,309.0,301.29998779296875,302.1000061035156,2944422,-0.011614552147418133,0.4688050640024907,-0.032444776964119126,7272795.95,331.3660647959316
2025-05-07,298.0,308.79998779296875,298.0,304.5,2823501,0.007944368910942634,0.4659672046729532,-0.032444776964119126,7292536.35,331.09874076811144
2025-05-08,304.04998779296875,307.5,295.3999938964844,301.29998779296875,5785763,-0.010509071287458926,0.46895678453569933,-0.032444776964119126,7460573.8,330.8022357633837
2025-05-09,295.5,303.6000061035156,295.5,300.20001220703125,3413184,-0.0036507654513856513,0.46195743219817514,-0.032444776964119126,6386503.7,330.4977360265046
2025-05-12,304.04998779296875,312.0,304.04998779296875,311.0,2658126,0.03597597386345397,0.4612259337415086,-0.032444776964119126,5316317.2,330.30372870285777
2025-05-13,312.0,320.3999938964844,311.25,318.70001220703125,2906144,0.02475888169463425,0.3610103146839722,-0.032444776964119126,4991107.35,330.18826883722767
2025-05-14,319.1000061035156,326.75,318.29998779296875,323.95001220703125,3166485,0.016473171631350647,0.3387868280396324,-0.032444776964119126,4881861.75,330.1261966319521
2025-05-15,324.45001220703125,326.8999938964844,322.1499938964844,324.1000061035156,2293265,0.000463015560525859,0.34194790349779425,-0.032444776964119126,4697034.35,330.0662345371418
2025-05-16,326.8999938964844,328.1499938964844,320.04998779296875,320.8500061035156,2114291,-0.010027769018189914,0.32754293128898476,-0.032444776964119126,4623794.6,329.97453077163306
2025-05-19,335.8500061035156,367.70001220703125,332.29998779296875,351.25,44159054,0.09474830393700051,0.4387474580995802,-0.032444776964119126,5978575.3,330.1862269828606
2025-05-20,352.0,359.6000061035156,346.5,349.54998779296875,8770759,-0.004839892404359447,0.3960046965436104,-0.032444776964119126,5967888.6,330.37890121977716
2025-05-21,350.45001220703125,352.54998779296875,340.54998779296875,348.1000061035156,2867468,-0.00414813829234606,0.38528754425976103,-0.032444776964119126,5746491.2,330.5552306216054
2025-05-22,345.29998779296875,354.1499938964844,344.8999938964844,350.8999938964844,2255677,0.008043630404694913,0.38523854846766903,-0.032444776964119126,5576914.4,330.75766607707686
2025-05-23,350.8999938964844,362.79998779296875,347.75,354.5,3896077,0.010259350715684512,0.3775469126760842,-0.032444776964119126,5636311.25,330.99390820566316
2025-05-26,356.8999938964844,363.0,353.45001220703125,362.54998779296875,3205936,0.022708005057739733,0.37694110338962794,-0.032444776964119126,5330737.2,331.3078990473279
2025-05-27,364.0,370.0,360.6000061035156,363.04998779296875,3847695,0.0013791201677975096,0.37745878593653087,-0.032444776964119126,5283645.4,331.623740726389
2025-05-28,363.04998779296875,365.3999938964844,357.1000061035156,358.54998779296875,1802299,-0.01239498733316624,0.38288274412386625,-0.032444776964119126,5184356.4,331.8916635827729
2025-05-29,359.8999938964844,362.0,358.1000061035156,360.1499938964844,963864,0.004462435247493346,0.3813162981396974,-0.032444776964119126,5129937.0,332.1728409988297
2025-05-30,361.75,373.54998779296875,356.8999938964844,358.0,4070536,-0.005969717986729517,0.3766986507626458,-0.032444776964119126,5273015.75,332.4298276555578
2025-06-02,358.1000061035156,369.79998779296875,354.75,366.6000061035156,2986711,0.0240223634176413,0.38053983417817455,-0.032444776964119126,5346562.85,332.7698294311594
2025-06-03,368.70001220703125,375.70001220703125,367.1499938964844,369.70001220703125,3054798,0.008456099432361475,0.3777484652267178,-0.032444776964119126,5352081.65,333.1372939363919
2025-06-04,369.1000061035156,370.0,362.70001220703125,369.3999938964844,880400,-0.0008115182597799864,0.3720007974480806,-0.032444776964119126,5254926.6,333.498116821567
2025-06-05,369.95001220703125,374.70001220703125,368.04998779296875,369.25,2064164,-0.00040604737131211266,0.3736673498112443,-0.032444776964119126,5068846.65,333.8538569526957
2025-06-06,370.25,373.75,365.0,367.04998779296875,1224117,-0.005958056078622209,0.3709229691628349,-0.032444776964119126,4959393.3,334.18416671230045
2025-06-09,367.04998779296875,377.0,366.1000061035156,371.8500061035156,3064717,0.013077287754207134,0.3678545232028212,-0.032444776964119126,4979722.85,334.55895118385484
2025-06-10,373.0,374.6499938964844,365.6000061035156,366.5,1155614,-0.014387538027971103,0.3652503819874817,-0.032444776964119126,4892196.35,334.87677256511
2025-06-11,367.0,370.0,361.6000061035156,365.3999938964844,1584094,-0.003001380910001683,0.36193254550350523,-0.032444776964119126,4813076.8,335.1804862101983
2025-06-12,365.0,369.45001220703125,356.04998779296875,357.6000061035156,2230187,-0.021346436571584748,0.37270683192069287,-0.032444776964119126,4809922.9,335.4035660101318
2025-06-13,350.0,361.1499938964844,343.5,360.04998779296875,2074928,0.006851179104129912,0.372390742393145,-0.032444776964119126,4807954.75,335.6488040378217
2025-06-16,360.1000061035156,365.70001220703125,353.6499938964844,365.29998779296875,1270461,0.014581308646006041,0.3693966512369996,-0.032444776964119126,2663525.1,335.94384069210184
2025-06-17,365.29998779296875,366.0,357.1499938964844,358.75,767727,-0.01793043529112004,0.19511946632000532,-0.032444776964119126,2263373.5,336.1707676503894
2025-06-18,360.95001220703125,368.25,357.54998779296875,365.3500061035156,5011004,0.01839722955683798,0.20269572973272482,-0.032444776964119126,2370550.3,336.461108331515
2025-06-19,365.79998779296875,366.5,352.75,355.25,1263970,-0.02764474048114285,0.22684917830602455,-0.032444776964119126,2320964.95,336.6480624774701
2025-06-20,351.0,359.0,342.8500061035156,357.8500061035156,2845844,0.007318806765701957,0.22658200465675865,-0.032444776964119126,2268453.3,336.8590270906646
2025-06-23,355.1499938964844,362.54998779296875,355.1000061035156,360.54998779296875,1621291,0.0075450094827498315,0.22538105823333268,-0.032444776964119126,2189221.05,337.09475804292634
2025-06-24,362.95001220703125,379.8500061035156,362.29998779296875,377.04998779296875,5337639,0.04576341855120081,0.264280706370922,-0.032444776964119126,2263718.25,337.49232251805114
2025-06-25,380.6499938964844,392.0,380.25,388.1499938964844,6953356,0.029439083577455172,0.2808086267063543,-0.032444776964119126,2521271.1,337.99637894967736
2025-06-26,391.75,393.6000061035156,381.0,384.79998779296875,3051419,-0.008630699874258019,0.27844433508837546,-0.032444776964119126,2625648.85,338.46208650035686
2025-06-27,389.5,390.70001220703125,381.25,382.6499938964844,3036867,-0.005587302403037286,0.28018462813136075,-0.032444776964119126,2573965.4,338.9017671709651
2025-06-30,382.6499938964844,386.95001220703125,381.8500061035156,382.79998779296875,1926845,0.00039198719162913953,0.2784693208523967,-0.032444776964119126,2520972.1,339.33856538610945
2025-07-01,384.25,385.79998779296875,380.8500061035156,383.95001220703125,1004697,0.003004243601712142,0.26812634832403537,-0.032444776964119126,2418467.05,339.7824603793525
2025-07-02,383.95001220703125,388.8999938964844,378.45001220703125,386.3500061035156,3494807,0.006250797812685782,0.2676007404661654,-0.032444776964119126,2549187.4,340.24581904327454
2025-07-03,386.3999938964844,394.3999938964844,384.70001220703125,388.8500061035156,2716340,0.006470816514831723,0.2677454539541896,-0.032444776964119126,2581796.2,340.7294427951178
2025-07-04,389.0,392.0,387.54998779296875,390.1000061035156,1304996,0.0032146071245457986,0.26753020171581515,-0.032444776964119126,2585840.15,341.22069218127103
2025-07-07,389.70001220703125,397.6000061035156,388.6000061035156,396.1000061035156,1750206,0.015380671382014377,0.2689834531039892,-0.032444776964119126,2520114.6,341.76675500636804
2025-07-08,398.0,410.5,393.45001220703125,408.79998779296875,5250563,0.032062563730771876,0.28483422863064034,-0.032444776964119126,2724862.05,342.43375234752824
2025-07-09,412.79998779296875,424.1000061035156,409.1499938964844,421.29998779296875,9609855,0.030577300325973722,0.28947239448584045,-0.032444776964119126,3126150.1,343.2184910086769
2025-07-10,421.79998779296875,426.29998779296875,414.1499938964844,415.1000061035156,2592665,-0.014716311106327096,0.2972187734671211,-0.032444776964119126,3144274.0,343.9337299648445
2025-07-11,414.0,415.6000061035156,407.6499938964844,411.25,3185846,-0.009274888091800104,0.28581580503638954,-0.032444776964119126,3199819.9,344.6035435970351
2025-07-14,410.0,411.95001220703125,404.04998779296875,406.3500061035156,2160696,-0.011914878775645898,0.2930996725639279,-0.032444776964119126,3244331.65,345.21793625879116
2025-07-15,405.0,418.5,404.79998779296875,417.54998779296875,2303665,0.02756240069207716,0.3012589309004941,-0.032444776964119126,3321128.55,345.9376581646039
2025-07-16,418.6000061035156,422.5,416.04998779296875,421.1499938964844,1243552,0.00862173681897116,0.28780688941509075,-0.032444776964119126,3132755.95,346.6860396146723
2025-07-17,420.0,426.5,417.29998779296875,425.29998779296875,1682721,0.009853956919454232,0.2853622267671452,-0.032444776964119126,3153693.5,347.4682679547549
2025-07-18,425.3500061035156,437.95001220703125,424.5,425.45001220703125,5440709,0.00035274963171527673,0.2571047766046809,-0.032444776964119126,3283436.75,348.24420570850884
2025-07-21,425.45001220703125,433.8999938964844,422.25,433.1000061035156,1243336,0.017980946473123538,0.2590044735467312,-0.032444776964119126,3264539.0,349.08854203084724
2025-07-22,434.5,439.8999938964844,431.54998779296875,436.8500061035156,2920726,0.00865850830559367,0.258940576814304,-0.032444776964119126,3143693.35,349.9617904295802
2025-07-23,436.8500061035156,445.79998779296875,435.04998779296875,444.20001220703125,2826300,0.01682501087518351,0.22475351977347582,-0.032444776964119126,2937340.55,350.89948417860955
2025-07-24,444.0,449.45001220703125,436.75,437.8500061035156,2222322,-0.014295375796964271,0.2230714843476467,-0.032444776964119126,2895885.7,351.7646635012454
2025-07-25,435.5,440.6000061035156,424.3500061035156,425.3500061035156,2805781,-0.028548589301708893,0.24857273110208017,-0.032444776964119126,2884331.4,352.49685596494965
2025-07-28,425.3500061035156,435.0,422.54998779296875,428.8500061035156,2621869,0.008228517573238836,0.24582140189004487,-0.032444776964119126,2919082.6,353.2565888021493
2025-07-29,428.75,430.54998779296875,413.8500061035156,421.95001220703125,2667730,-0.01608952733655522,0.2565791290793938,-0.032444776964119126,3002234.25,353.9401054529442
2025-07-30,421.0,421.0,407.0,409.1499938964844,1742813,-0.030335390307481447,0.28400026415953605,-0.032444776964119126,2914634.55,354.4894575767605
2025-07-31,406.95001220703125,429.25,404.1000061035156,425.25,6815743,0.03934988718975507,0.3104201816685648,-0.032444776964119126,3119604.7,355.19354257599673
2025-08-01,427.0,437.75,424.5,429.8500061035156,3932117,0.010817180725492426,0.31108638373771585,-0.032444776964119126,3250960.75,355.93639295935515
2025-08-04,440.0,463.95001220703125,440.0,461.6000061035156,24276110,0.07386297440776124,0.3918530859565218,-0.032444776964119126,4377255.95,356.98777219462045
2025-08-05,460.45001220703125,463.79998779296875,450.70001220703125,458.04998779296875,4729040,-0.007690680813705941,0.3947630389141718,-0.032444776964119126,4351179.8,357.99336637967866
2025-08-06,458.70001220703125,465.8500061035156,452.8999938964844,454.79998779296875,2975433,-0.0070952954625314035,0.3869578956324384,-0.032444776964119126,4019458.7,358.95661634399005
2025-08-07,455.0,468.0,454.75,465.75,3974066,0.024076544637058994,0.382248328763406,-0.032444776964119126,4088528.75,360.0192370768857
2025-08-08,466.04998779296875,467.95001220703125,461.25,464.6499938964844,2754570,-0.002361795176630488,0.37654855199057896,-0.032444776964119126,4066964.95,361.0603391347922
2025-08-11,464.6499938964844,470.79998779296875,462.0,467.95001220703125,1969339,0.007102159375648398,0.3726245781869314,-0.032444776964119126,4057397.1,362.1239179713319
2025-08-12,469.0,469.20001220703125,462.1499938964844,463.6000061035156,1037660,-0.009295877743435321,0.37110761583248053,-0.032444776964119126,3994096.85,363.1336302910551
2025-08-13,463.6000061035156,468.0,458.54998779296875,467.1000061035156,3126875,0.007549611634859454,0.36322266282010734,-0.032444776964119126,4088263.0,364.16812159267164
2025-08-14,468.20001220703125,474.1000061035156,460.6499938964844,464.1000061035156,1766754,-0.006422607494753874,0.3653772104315461,-0.032444776964119126,4092464.65,365.1624687022323
2025-08-18,469.04998779296875,469.95001220703125,458.75,465.20001220703125,3466020,0.0023701919608900557,0.36501360139002015,-0.032444776964119126,3993730.2,366.15786714506606
2025-08-19,465.20001220703125,473.3999938964844,464.3500061035156,471.70001220703125,2390920,0.013972484586064926,0.3660992701639757,-0.032444776964119126,4051109.4,367.20803774269757
2025-08-20,472.95001220703125,477.75,470.0,471.1000061035156,1943419,-0.0012720078185036732,0.363680216839968,-0.032444776964119126,4002244.05,368.24178867166097
2025-08-21,471.0,474.0,463.45001220703125,471.95001220703125,3408989,0.0018043007694821256,0.3634100719537067,-0.032444776964119126,4031378.5,369.2737112939035
2025-08-22,471.95001220703125,475.8999938964844,468.5,473.6000061035156,1833863,0.0034961200419687533,0.36037183529074907,-0.032444776964119126,4011955.55,370.3117838790738
2025-08-25,473.6000061035156,480.70001220703125,470.6000061035156,476.8500061035156,2179640,0.006862330992642773,0.3547678129976924,-0.032444776964119126,3980648.5,371.3718656922523
2025-08-26,475.0,480.45001220703125,460.5,478.5,2980903,0.003460194768512226,0.3341488907759738,-0.032444776964119126,3998600.2,372.437817277404
2025-08-28,477.95001220703125,479.8500061035156,468.0,469.1499938964844,2625093,-0.019540242640575967,0.34529546304663633,-0.032444776964119126,3996468.35,373.40012749251923
2025-08-29,468.25,472.0,462.54998779296875,468.04998779296875,1657755,-0.0023446789253467326,0.3381751326934552,-0.032444776964119126,3992215.45,374.3419171472501
2025-09-01,466.95001220703125,477.3500061035156,459.04998779296875,473.75,3187938,0.012178212489458495,0.3130867151700352,-0.032444776964119126,3810825.2,375.3310523000138
2025-09-02,473.75,476.1499938964844,469.5,472.04998779296875,952073,-0.0035884162681398823,0.29213608812419367,-0.032444776964119126,3661823.0,376.2934297676054
2025-09-03,472.04998779296875,485.70001220703125,471.0,478.0,4594525,0.01260462315622557,0.2926389452026672,-0.032444776964119126,2677743.75,377.30543544155955
2025-09-04,482.70001220703125,482.95001220703125,468.8999938964844,470.6499938964844,2026918,-0.01537658180651802,0.16384952258833346,-0.032444776964119126,2542637.65,378.2342370182255
2025-09-05,468.25,474.1499938964844,463.5,468.75,1438563,-0.004036957231751792,0.16189169329978675,-0.032444776964119126,2465794.15,379.1348913762531
2025-09-08,468.75,477.5,465.5,474.3999938964844,1181128,0.012053320312499949,0.16318824632831114,-0.032444776964119126,2326147.25,380.08280284411615
2025-09-09,473.95001220703125,475.29998779296875,459.6000061035156,463.95001220703125,2295337,-0.022027786306703323,0.1629722792121828,-0.032444776964119126,2303185.6,380.91730243976707
2025-09-10,466.1499938964844,468.75,460.8999938964844,464.3500061035156,1541289,0.0008621486926609911,0.1627995504355005,-0.032444776964119126,2281783.1,381.7474785956253
2025-09-11,463.5,471.3500061035156,462.04998779296875,470.29998779296875,929476,0.012813570822106879,0.1670763869233068,-0.032444776964119126,2276373.9,382.6285980901263
2025-09-12,470.29998779296875,471.45001220703125,465.25,467.75,842774,-0.005422045203393178,0.1647988790114203,-0.032444776964119126,2162168.85,383.4755772136076
2025-09-15,465.0,474.0,462.0,470.95001220703125,1261016,0.006841287454903755,0.16443366043379057,-0.032444776964119126,2136881.95,384.3459696016019
2025-09-16,475.0,481.95001220703125,471.79998779296875,475.6000061035156,2415360,0.009873646408231185,0.16554781307993807,-0.032444776964119126,2084348.95,385.25396996480504
2025-09-17,477.0,483.95001220703125,475.04998779296875,482.6000061035156,1918718,0.014718250441898562,0.17202969831567255,-0.032444776964119126,2060738.85,386.2225872398171
2025-09-18,485.0,489.1000061035156,481.20001220703125,484.5,2370758,0.0039369951770718,0.16651121347174055,-0.032444776964119126,2082105.8,387.20047194389855
2025-09-19,483.79998779296875,484.0,474.04998779296875,478.79998779296875,1573435,-0.011764731077463897,0.17243764300911527,-0.032444776964119126,1990328.1,388.111909912546
2025-09-22,478.0,478.54998779296875,466.25,467.8999938964844,1559712,-0.02276523428233146,0.1907214338536499,-0.032444776964119126,1976620.55,388.9058211959683
2025-09-23,467.8500061035156,468.95001220703125,457.0,459.04998779296875,1903827,-0.01891431121812226,0.2005848313553942,-0.032444776964119126,1962829.9,389.60377310240614
2025-09-24,458.70001220703125,464.70001220703125,453.5,456.0,1779887,-0.006644129994714865,0.19901838875741087,-0.032444776964119126,1902779.1,390.2644320765116
2025-09-25,455.0,461.04998779296875,452.70001220703125,455.3999938964844,800966,-0.0013158028585869008,0.19803704775262101,-0.032444776964119126,1811572.75,390.91254711949637
2025-09-26,455.1499938964844,457.70001220703125,443.75,445.70001220703125,3445147,-0.021299916160424925,0.20005313944823985,-0.032444776964119126,1900942.35,391.45769602584005
2025-09-29,444.5,447.79998779296875,438.70001220703125,439.8999938964844,2624608,-0.013013278330027744,0.20342619868075326,-0.032444776964119126,1872775.85,391.93970893997584
2025-09-30,440.0,453.8999938964844,440.0,450.04998779296875,5196195,0.023073412223944878,0.21665301647617138,-0.032444776964119126,2084981.95,392.51792066985644
2025-10-01,450.95001220703125,451.0,433.45001220703125,434.45001220703125,3564731,-0.03466276193548923,0.24391415757329699,-0.032444776964119126,2033492.25,392.9351554115199
2025-10-03,435.1000061035156,440.75,427.3999938964844,437.29998779296875,8230495,0.006559962034433875,0.23964326965759541,-0.032444776964119126,2343671.1,393.37659652974327
2025-10-06,441.0,464.70001220703125,440.0,462.6000061035156,12219680,0.05785506292427489,0.3178195536046293,-0.032444776964119126,2882726.95,394.065386674756
2025-10-07,465.0,471.0,462.0,468.95001220703125,4836942,0.013726774794064145,0.32135931709542204,-0.032444776964119126,3065517.65,394.8105073268184
2025-10-08,470.20001220703125,471.5,461.04998779296875,467.29998779296875,2249868,-0.00351855074338725,0.31864643202430837,-0.032444776964119126,3063244.2,395.5317956896657
2025-10-09,467.29998779296875,475.5,466.0,468.0,3354443,0.001497993206328374,0.30891898569019405,-0.032444776964119126,3153901.9,396.25287234947007
2025-10-10,468.8999938964844,471.20001220703125,461.70001220703125,464.8500061035156,2268735,-0.006730756189069154,0.309953437449878,-0.032444776964119126,3220864.85,396.93543089428647
2025-10-13,464.8500061035156,476.6000061035156,462.1000061035156,473.79998779296875,3831623,0.0192534829986859,0.3140235953013995,-0.032444776964119126,3370307.3,397.70025235596495
2025-10-14,476.1000061035156,476.1000061035156,463.6000061035156,469.3500061035156,1438117,-0.009392110181728364,0.3152715839584617,-0.032444776964119126,3379162.35,398.41318522907494
2025-10-15,468.0,469.25,458.8999938964844,460.75,2640046,-0.018323225719994785,0.32074559043624684,-0.032444776964119126,3390396.65,399.033452042716
2025-10-16,461.3999938964844,462.8500061035156,445.95001220703125,446.79998779296875,1930676,-0.030276749228499766,0.3337249530910878,-0.032444776964119126,3390994.55,399.5087409556539
2025-10-17,449.1000061035156,466.5,446.1000061035156,465.3500061035156,9255716,0.04151749959120932,0.36303690742958855,-0.032444776964119126,3735242.45,400.1638779222993
2025-10-20,463.1499938964844,479.0,462.45001220703125,474.8999938964844,2508121,0.0205221610996269,0.37062517059004363,-0.032444776964119126,3781976.75,400.9075208673161
2025-10-21,480.04998779296875,480.45001220703125,474.0,476.54998779296875,411477,0.0034744028588975517,0.3686449437987545,-0.032444776964119126,3724565.0,401.6601822297605
2025-10-23,476.54998779296875,479.6499938964844,471.70001220703125,473.70001220703125,2373020,-0.005980433656365247,0.36005292955015694,-0.032444776964119126,3748024.65,402.37699645839007
2025-10-24,473.70001220703125,475.1499938964844,462.29998779296875,466.8999938964844,2884349,-0.014355115337372881,0.3572383034897427,-0.032444776964119126,3803247.75,403.019016333396
2025-10-27,469.25,474.0,467.6499938964844,473.0,1108491,0.013064909366582889,0.3584146689857964,-0.032444776964119126,3818624.0,403.7153445290836
2025-10-28,471.0,479.70001220703125,468.20001220703125,475.79998779296875,1546264,0.005919635925938138,0.3584515562262371,-0.032444776964119126,3723679.85,404.4326046610626
2025-10-29,477.0,487.54998779296875,476.3999938964844,484.70001220703125,3065284,0.01870539016897821,0.35195360807767445,-0.032444776964119126,3745713.65,405.23128533316185
2025-10-30,484.04998779296875,484.3999938964844,471.20001220703125,475.29998779296875,1774643,-0.01939348912177752,0.3565570020718286,-0.032444776964119126,3574636.05,405.92848635266245
2025-10-31,476.0,481.3999938964844,464.8500061035156,465.95001220703125,1787133,-0.019671735379909516,0.35838274899804834,-0.032444776964119126,3485756.15,406.52571546564127
2025-11-03,466.79998779296875,474.5,462.1000061035156,472.25,1777980,0.013520737478099898,0.3345277639271428,-0.032444776964119126,3163130.4,407.17968844608265
2025-11-04,473.0,490.0,470.45001220703125,484.8500061035156,10002943,0.026680796407656082,0.3434661842704855,-0.032444776964119126,3052293.55,407.95252742774863
2025-11-06,470.0,470.0,436.3999938964844,442.6000061035156,20671252,-0.0871403515894349,0.4215039450578516,-0.032444776964119126,3844009.05,408.2972784593483
2025-11-07,434.8999938964844,443.25,428.0,429.54998779296875,6553523,-0.02948490314185559,0.4280323141130549,-0.032444776964119126,4059191.8,408.50874820396143
2025-11-10,429.95001220703125,430.75,423.04998779296875,427.6000061035156,3333571,-0.004539592002952064,0.42803802417544456,-0.032444776964119126,4058148.2,408.6987109691311
2025-11-11,430.1000061035156,434.8999938964844,424.45001220703125,430.1000061035156,4395363,0.00584658551055961,0.42898834390647067,-0.032444776964119126,4164479.6,408.9116591794235
2025-11-12,431.0,434.45001220703125,422.29998779296875,431.3999938964844,4033398,0.003022524469938892,0.4294378598911482,-0.032444776964119126,4174568.35,409.13542370397136
2025-11-13,432.0,441.8999938964844,427.0,434.04998779296875,3731700,0.006142776852055887,0.42315935822477724,-0.032444776964119126,4289247.5,409.38332981430966
2025-11-14,434.04998779296875,439.8500061035156,433.1000061035156,436.3999938964844,1449477,0.00541413701095772,0.42380900671534366,-0.032444776964119126,4229719.05,409.6521523424905
2025-11-17,437.1499938964844,443.45001220703125,436.6000061035156,440.1000061035156,1277411,0.008478488219018976,0.4218527806460158,-0.032444776964119126,4197055.8,409.9551160615057
2025-11-18,439.95001220703125,440.1000061035156,427.3999938964844,435.8500061035156,2184154,-0.009656896026037254,0.41022302739257477,-0.032444776964119126,3843477.7,410.21277665893865
2025-11-19,435.5,442.79998779296875,433.29998779296875,436.0,1730332,0.0003441410907052411,0.38034668703186386,-0.032444776964119126,3804588.25,410.4693659459144
2025-11-20,436.0,437.29998779296875,425.0,426.0,1284089,-0.022935779816513735,0.37652459932046356,-0.032444776964119126,3848218.85,410.62389961809436
2025-11-21,425.0,425.8999938964844,415.6499938964844,418.3999938964844,2415231,-0.01784038991435588,0.3778009579903463,-0.032444776964119126,3850329.4,410.70127369051613
2025-11-24,418.0,418.29998779296875,404.3500061035156,405.8500061035156,6662176,-0.029995191147334732,0.3869159302481191,-0.032444776964119126,4039220.75,410.6530023712425
2025-11-25,404.04998779296875,414.45001220703125,403.20001220703125,410.6499938964844,3134101,0.011826999435216257,0.39128581217878217,-0.032444776964119126,4140501.25,410.6529724361703
2025-11-26,411.25,420.5,410.8999938964844,419.3999938964844,1423515,0.021307683258375176,0.3972875658145141,-0.032444776964119126,4134363.8,410.7400074755764
2025-11-27,419.45001220703125,426.8999938964844,415.95001220703125,425.25,1455614,0.013948512610039598,0.4011255498284194,-0.032444776964119126,4053880.3,410.8843855106453
2025-11-28,425.70001220703125,428.3500061035156,420.8999938964844,426.20001220703125,1761233,0.00223400871729873,0.3928224606767979,-0.032444776964119126,4053209.8,411.03677980613173
2025-12-01,426.3500061035156,433.75,416.6499938964844,417.6000061035156,1770983,-0.020178333780380253,0.3931738100748126,-0.032444776964119126,4052402.3,411.1020855404341
2025-12-02,416.95001220703125,417.95001220703125,407.6000061035156,409.1000061035156,2601047,-0.02035440583277437,0.39348336624735775,-0.032444776964119126,4093555.65,411.08216435200706
2025-12-03,409.8500061035156,410.3999938964844,399.54998779296875,401.95001220703125,1786771,-0.017477374211222085,0.3888564555598458,-0.032444776964119126,3682747.05,410.9912971664849
2025-12-04,400.0,403.70001220703125,397.3500061035156,401.6000061035156,1276192,-0.0008707702273569318,0.3697169561734572,-0.032444776964119126,2712994.05,410.89785148426637
2025-12-05,401.3999938964844,408.25,398.25,404.6000061035156,2152693,0.007470119408381493,0.23874295471888757,-0.032444776964119126,2492952.55,410.8351863560997
2025-12-08,404.0,408.70001220703125,393.3500061035156,398.04998779296875,1380859,-0.016188873484275446,0.22501834572498355,-0.032444776964119126,2395316.95,410.7079704499989
2025-12-09,395.04998779296875,417.45001220703125,395.0,415.29998779296875,4147364,0.04333626561740278,0.27733194864549626,-0.032444776964119126,2382917.0,410.7536621648544
2025-12-10,415.95001220703125,415.95001220703125,400.1000061035156,404.6499938964844,2073458,-0.025644098746743782,0.2884199349782207,-0.032444776964119126,2284920.0,410.69292914725867
2025-12-11,405.04998779296875,412.04998779296875,404.25,410.70001220703125,1679404,0.014951237864332168,0.2943245134817731,-0.032444776964119126,2182305.2,410.6929996254654
2025-12-12,410.70001220703125,413.3999938964844,409.04998779296875,412.29998779296875,937073,0.003895728118778141,0.2936264229811158,-0.032444776964119126,2156685.0,410.7089895574804
2025-12-15,414.95001220703125,415.3999938964844,406.5,407.25,1094530,-0.012248333598070649,0.2941670497584836,-0.032444776964119126,2147540.95,410.6745717509383
2025-12-16,410.0,410.8500061035156,399.1000061035156,401.79998779296875,1528982,-0.013382473190991395,0.2930486009628897,-0.032444776964119126,2114782.35,410.5862674329486
2025-12-17,399.95001220703125,404.75,396.45001220703125,399.79998779296875,1154427,-0.004977600947639993,0.29239117533678805,-0.032444776964119126,2085987.1,410.4789412673767
2025-12-18,399.0,404.95001220703125,394.79998779296875,402.3500061035156,1100738,0.006378235088559725,0.294246916232356,-0.032444776964119126,2076819.55,410.3980563403731
2025-12-19,403.0,407.45001220703125,399.5,405.95001220703125,2827513,0.008947448860208151,0.2885967039678929,-0.032444776964119126,2097433.65,410.35379719476776
2025-12-22,408.0,413.1000061035156,404.0,409.3500061035156,3452045,0.008375400404595723,0.2848868730252899,-0.032444776964119126,1936927.1,410.34380922371054
2025-12-23,410.0,413.5,407.29998779296875,412.1000061035156,1450947,0.006717967409299641,0.2653404602603942,-0.032444776964119126,1852769.4,410.36128381952955
2025-12-24,413.8999938964844,415.8999938964844,404.8500061035156,406.1000061035156,839638,-0.014559572703556012,0.26733572951406437,-0.032444776964119126,1823575.55,410.3188830462359
2025-12-26,406.1000061035156,409.75,403.79998779296875,407.25,571527,0.002831799751786379,0.2558506456884427,-0.032444776964119126,1779371.2,410.2883468965221
2025-12-29,407.25,408.75,402.75,405.20001220703125,872556,-0.005033733070518687,0.250001591722371,-0.032444776964119126,1734937.35,410.2377167006068
2025-12-30,403.1000061035156,407.29998779296875,399.95001220703125,402.29998779296875,1244456,-0.007157019562429756,0.2500290585975883,-0.032444776964119126,1708611.0,410.1587343234164
2025-12-31,402.95001220703125,406.5,399.3500061035156,403.8500061035156,1159237,0.0038528917662918882,0.24251950482603674,-0.032444776964119126,1636520.5,410.095960908293
2026-01-01,403.04998779296875,404.1000061035156,398.3500061035156,400.6000061035156,814894,-0.008047542282732967,0.23405231402611243,-0.032444776964119126,1587926.65,410.00147379580767
2026-01-02,401.6000061035156,405.8500061035156,398.70001220703125,404.5,785695,0.009735381520380226,0.22868426785023485,-0.032444776964119126,1563401.8,409.9467327630136
2026-01-05,404.79998779296875,414.0,402.6499938964844,411.95001220703125,2234047,0.018417829930855945,0.23694686071318657,-0.032444776964119126,1567469.5,409.9666658918098
2026-01-06,414.8500061035156,417.0,411.95001220703125,414.25,2494935,0.0055831720471291035,0.23641908984913948,-0.032444776964119126,1623173.3,410.00928613169225
2026-01-07,414.5,425.79998779296875,410.70001220703125,422.25,3071209,0.01931200965600488,0.23544931841146463,-0.032444776964119126,1569365.55,410.1310842796356
2026-01-08,423.0,423.20001220703125,412.0,417.45001220703125,2489450,-0.011367644269908217,0.18875623778588727,-0.032444776964119126,1590165.15,410.20390943314203
2026-01-09,415.5,416.20001220703125,402.79998779296875,405.95001220703125,2838130,-0.02754820856082918,0.19214046315078862,-0.032444776964119126,1648101.45,410.1615820975589
2026-01-12,406.0,406.0,382.95001220703125,395.3999938964844,3844603,-0.02598846654342868,0.20453737496036262,-0.032444776964119126,1793477.95,410.01470062292134
2026-01-13,399.29998779296875,399.6000061035156,389.3500061035156,396.8500061035156,1735186,0.0036672034127822606,0.2044597400843727,-0.032444776964119126,1825510.75,409.8837086376537
2026-01-14,394.54998779296875,405.79998779296875,392.1499938964844,403.6499938964844,1178602,0.01713490661052175,0.21066938124504292,-0.032444776964119126,1807991.75,409.82168162530377
2026-01-15,403.6499938964844,403.6499938964844,403.6499938964844,403.6499938964844,0,0.0,0.20526017587978904,-0.032444776964119126,1750270.4,409.76027179715635
2026-01-16,403.6499938964844,409.0,400.3999938964844,401.45001220703125,709859,-0.005450221039808301,0.2054197218373288,-0.032444776964119126,1730726.45,409.67758264700586
2026-01-19,400.0,404.5,398.04998779296875,401.5,670222,0.00012451810050762013,0.20421787394042662,-0.032444776964119126,1622861.9,409.5962136654436
2026-01-20,401.04998779296875,403.75,383.6000061035156,384.8500061035156,1259227,-0.04146947421291247,0.24660130421444992,-0.032444776964119126,1513221.0,409.3499827444294
2026-01-21,383.6499938964844,385.75,374.45001220703125,378.5,1923399,-0.01649995063741172,0.24792932727273137,-0.032444776964119126,1536843.6,409.0430177419973
2026-01-22,380.0,391.75,378.3999938964844,389.8500061035156,2231569,0.029986806085906537,0.27206697352390186,-0.032444776964119126,1606440.15,408.8520425018134
2026-01-23,391.95001220703125,403.3999938964844,384.75,387.1000061035156,2222806,-0.007053995015892878,0.2691008468831343,-0.032444776964119126,1689004.1,408.635604328696
2026-01-27,388.0,403.95001220703125,380.70001220703125,400.3500061035156,2048706,0.03422888088629161,0.2969502089633672,-0.032444776964119126,1747811.6,408.55316056526135
2026-01-28,400.3999938964844,409.0,398.70001220703125,407.75,2643692,0.018483811124436533,0.30367113402128404,-0.032444776964119126,1817773.4,408.54516891784584
2026-01-29,405.20001220703125,413.70001220703125,399.5,411.79998779296875,2268170,0.00993252677613432,0.3040306348322853,-0.032444776964119126,1873220.05,408.5775551753098
2026-01-30,411.0,426.5,405.0,422.95001220703125,6406082,0.02707631069592975,0.3168721874667814,-0.032444776964119126,2152779.45,408.7205646980135
2026-02-02,444.1499938964844,450.45001220703125,432.79998779296875,439.8999938964844,7787791,0.040075614612244514,0.33990657376829464,-0.032444776964119126,2502884.25,409.0308077746152
2026-02-03,450.0,458.79998779296875,440.3999938964844,443.25,5937934,0.0076153811093344626,0.33958885424818336,-0.032444776964119126,2688078.6,409.37129724949466
2026-02-04,443.25,450.0,441.29998779296875,448.29998779296875,2025637,0.011393091467498673,0.33684390509453394,-0.032444776964119126,2664613.7,409.7586474041561
2026-02-05,447.25,447.25,437.6499938964844,444.1000061035156,1397681,-0.009368685710053448,0.34006461893064027,-0.032444776964119126,2580937.3,410.1003524658413
2026-02-06,441.0,444.6499938964844,430.0,436.1000061035156,1570916,-0.018013960572059284,0.34281891979426365,-0.032444776964119126,2535010.6,410.35905548711173
2026-02-09,436.1499938964844,438.8999938964844,431.70001220703125,433.75,2043026,-0.005388686243122387,0.34055228588387604,-0.032444776964119126,2495255.4,410.5918012036579
2026-02-10,433.95001220703125,443.6000061035156,428.20001220703125,435.95001220703125,5370727,0.005072074252521652,0.3231386891939949,-0.032444776964119126,2571561.6,410.8441217111541
2026-02-11,435.04998779296875,435.45001220703125,423.8500061035156,429.5,2494236,-0.014795302274170252,0.312372649345249,-0.032444776964119126,2609514.1,411.02975234089394
2026-02-12,428.04998779296875,431.29998779296875,421.95001220703125,429.54998779296875,1754451,0.00011638601389707404,0.31268110250537245,-0.032444776964119126,2638306.55,411.21403329066584
2026-02-13,424.20001220703125,426.8999938964844,414.0,420.54998779296875,3032569,-0.020952159831832518,0.32020868160376764,-0.032444776964119126,2789935.0,411.3069283603405
2026-02-16,420.54998779296875,422.0,415.95001220703125,418.1000061035156,1899792,-0.005825661064242427,0.3213350822941475,-0.032444776964119126,2849431.65,411.3745211737055
2026-02-17,420.0,435.75,419.5,434.8500061035156,3217185,0.0400621854950487,0.3460002684090362,-0.032444776964119126,2976779.8,411.60810808842996
2026-02-18,438.54998779296875,438.54998779296875,430.04998779296875,432.20001220703125,1442525,-0.006094041299963937,0.34755361746787833,-0.032444776964119126,2985944.7,411.8130026567743
2026-02-19,434.1499938964844,436.6000061035156,426.0,427.8999938964844,1413530,-0.009949139724889866,0.31113323678566807,-0.032444776964119126,2960451.25,411.97307222134856
2026-02-20,427.8999938964844,433.8999938964844,426.04998779296875,430.95001220703125,1564744,0.007127876499303465,0.3009269177469365,-0.032444776964119126,2927110.0,412.16189749483794
2026-02-23,434.29998779296875,435.45001220703125,429.6000061035156,433.95001220703125,1095945,0.006961364230241074,0.2884692270210354,-0.032444776964119126,2870766.95,412.3786946561533
2026-02-24,433.95001220703125,439.75,427.6000061035156,436.75,2675306,0.0064523279506969455,0.28497089025103495,-0.032444776964119126,2902096.95,412.62119520683837
2026-02-25,439.5,441.3999938964844,434.1499938964844,439.6499938964844,1851942,0.0066399402323626955,0.2658139677804223,-0.032444776964119126,2862509.45,412.8901384773821
2026-02-26,441.3999938964844,446.70001220703125,438.04998779296875,442.3500061035156,2498925,0.006141276571169474,0.26108835749703985,-0.032444776964119126,2874047.2,413.1832714885874
2026-02-27,442.3500061035156,445.75,431.1499938964844,433.3999938964844,1104679,-0.02023287460956158,0.2731060585648832,-0.032444776964119126,2608977.05,413.38443290558143
2026-03-02,410.04998779296875,434.29998779296875,410.04998779296875,427.8999938964844,1760668,-0.012690355508665818,0.26270163199584906,-0.032444776964119126,2307620.9,413.528866348277
2026-03-04,422.25,424.79998779296875,410.04998779296875,416.70001220703125,1090764,-0.026174297380715972,0.23646387692958032,-0.032444776964119126,2065262.4,413.5604200384139
2026-03-05,418.54998779296875,429.75,413.75,428.1000061035156,1604071,0.027357795926390427,0.25614580763043293,-0.032444776964119126,2044184.1,413.70509253657417
2026-03-06,425.04998779296875,430.5,421.29998779296875,422.6000061035156,595318,-0.012847465362264221,0.25449323515532624,-0.032444776964119126,2004065.95,413.7935991392303
2026-03-09,415.0,417.1000061035156,401.3999938964844,415.6499938964844,1170908,-0.016445840290236213,0.2579916627783726,-0.032444776964119126,1984065.55,413.81207072885474
2026-03-10,415.95001220703125,427.70001220703125,415.95001220703125,425.8500061035156,755072,0.024539907029498265,0.2687262222063258,-0.032444776964119126,1919667.85,413.9318511803439
2026-03-11,424.8500061035156,429.75,416.5,417.95001220703125,889947,-0.018551118429628533,0.27522657077873497,-0.032444776964119126,1695628.85,413.97183288210204
2026-03-12,415.0,415.0,403.79998779296875,408.20001220703125,1659934,-0.02332814861881216,0.2839662451154425,-0.032444776964119126,1653913.75,413.9144018306088
2026-03-13,406.20001220703125,406.95001220703125,395.6499938964844,403.25,2207270,-0.012126438165123599,0.2827142781304018,-0.032444776964119126,1676554.7,413.808288379558
2026-03-16,402.3999938964844,405.75,392.45001220703125,401.25,1478001,-0.004959702417854928,0.2825903442602642,-0.032444776964119126,1598826.3,413.6833302862291
2026-03-17,401.45001220703125,406.95001220703125,399.8500061035156,402.29998779296875,1801932,0.002616792007398727,0.27552562435926126,-0.032444776964119126,1593933.3,413.57006319674394
2026-03-18,402.75,425.79998779296875,402.75,422.54998779296875,3826912,0.05033557199713612,0.3290951427929718,-0.032444776964119126,1624419.65,413.6594156802885
2026-03-19,418.79998779296875,418.79998779296875,410.6499938964844,413.3999938964844,1890729,-0.021654228282613208,0.3046349679350693,-0.032444776964119126,1646829.85,413.65683436900684
2026-03-20,415.04998779296875,429.0,415.04998779296875,422.8500061035156,2156599,0.0228592461213184,0.316298039877897,-0.032444776964119126,1683983.3,413.7483087146239
2026-03-23,418.75,418.95001220703125,402.0,411.3999938964844,1377471,-0.027078188581669882,0.32785876645299467,-0.032444776964119126,1674619.65,413.7249423980255
2026-03-24,420.0,420.8500061035156,405.1000061035156,418.8999938964844,842162,0.01823043293940141,0.3338141722180482,-0.032444776964119126,1661930.5,413.77643544776146
2026-03-25,419.6000061035156,432.8500061035156,419.20001220703125,430.3500061035156,2226545,0.027333522019245216,0.3472342247826481,-0.032444776964119126,1639492.45,413.941346598565
2026-03-27,426.29998779296875,430.1000061035156,420.70001220703125,428.75,5301114,-0.0037179181615505374,0.34657673234905484,-0.032444776964119126,1811951.05,414.08869638365394
2026-03-30,423.70001220703125,423.70001220703125,411.45001220703125,416.70001220703125,1313323,-0.02810492779701168,0.3580709248300182,-0.032444776964119126,1752670.95,414.11467962567764
2026-04-01,427.0,441.0,427.0,431.3999938964844,2796488,0.035277132850549675,0.3802712653277308,-0.032444776964119126,1837261.4,414.2866728025016
2026-04-02,425.0,428.6499938964844,415.54998779296875,426.25,1423697,-0.011937862701315027,0.3760256345184004,-0.032444776964119126,1820412.85,414.40571088406875
2026-04-06,426.70001220703125,437.45001220703125,422.3999938964844,435.8999938964844,3332882,0.022639281868584993,0.3815027126017782,-0.032444776964119126,1932518.75,414.6195843468789
2026-04-07,432.0,447.70001220703125,430.20001220703125,442.0,3268452,0.013994049527250585,0.37046185889011723,-0.032444776964119126,2015737.8,414.89202629367617
2026-04-08,452.0,465.0,449.1499938964844,459.8500061035156,4701999,0.040384629193474186,0.3837343749434548,-0.032444776964119126,2221071.85,415.33936937636116
2026-04-09,459.8500061035156,474.95001220703125,457.04998779296875,469.8500061035156,4080774,0.021746221305363855,0.3836630434045644,-0.032444776964119126,2366565.15,415.88176377165627
2026-04-10,473.04998779296875,474.95001220703125,467.0,470.1499938964844,1862603,0.0006384756604700392,0.37592854243299073,-0.032444776964119126,2421941.7,416.4217461609581
2026-04-13,458.0,473.5,453.8500061035156,465.29998779296875,1821873,-0.01031586975747889,0.37382850986534183,-0.032444776964119126,2468538.0,416.9080968239632
2026-04-15,470.0,473.0,456.0,459.79998779296875,4332147,-0.011820331279370655,0.3693011389672477,-0.032444776964119126,2602148.65,417.33488180872945
2026-04-16,463.8999938964844,466.6000061035156,454.8500061035156,459.75,3828989,-0.00010871638602838463,0.35551163261448554,-0.032444776964119126,2683234.6,417.756922785757
2026-04-17,461.79998779296875,468.45001220703125,458.8500061035156,463.0,4967474,0.007069059271343159,0.3494032505492812,-0.032444776964119126,2857708.25,418.2071026585356
2026-04-20,465.79998779296875,474.5,458.25,464.5,3554997,0.003239740820734305,0.34706393647980516,-0.032444776964119126,2945361.5,418.66772850272923
2026-04-21,467.8999938964844,478.3999938964844,460.0,472.04998779296875,3772093,0.01625401031855489,0.34799860898315105,-0.032444776964119126,2942620.55,419.19889526183607
2026-04-22,472.0,474.1499938964844,452.45001220703125,462.70001220703125,4525910,-0.01980717260401288,0.32416122736366126,-0.032444776964119126,3074379.6,419.63174219661414
2026-04-23,460.0,460.0,447.8500061035156,449.3999938964844,3195024,-0.028744365592529686,0.3322078206478512,-0.032444776964119126,3126300.85,419.9279437060656
2026-04-24,445.0,451.8500061035156,441.6499938964844,449.70001220703125,4832080,0.000667597495820127,0.32531884430578906,-0.032444776964119126,3299031.3,420.22418319363743
2026-04-27,453.6000061035156,468.45001220703125,452.20001220703125,462.70001220703125,3708315,0.028908160211512435,0.3175205380356773,-0.032444776964119126,3442338.95,420.64682825844733
2026-04-28,462.70001220703125,468.79998779296875,461.1000061035156,465.3999938964844,1430648,0.005835274731406326,0.31429381238576976,-0.032444776964119126,3402544.1,421.0921333891741
2026-04-29,467.8999938964844,472.45001220703125,463.3500061035156,466.29998779296875,2507318,0.0019338072803769535,0.3039116499759391,-0.032444776964119126,3262854.3,421.54196278622675
2026-04-30,463.45001220703125,468.6000061035156,454.1499938964844,467.04998779296875,2562642,0.0016084066472954461,0.3027649405184038,-0.032444776964119126,3325320.25,421.99477895544806
2026-05-01,467.04998779296875,467.04998779296875,467.04998779296875,467.04998779296875,0,0.0,0.27968995023829135,-0.032444776964119126,3185495.85,422.4430894911448
2026-05-04,472.0,476.79998779296875,461.70001220703125,467.3500061035156,1639132,0.0006423687365126884,0.2582894331814819,-0.032444776964119126,3196267.6,422.8899244823127
2026-05-05,464.5,465.95001220703125,447.95001220703125,459.5,4055880,-0.016796846048990677,0.26256702124428616,-0.032444776964119126,3232417.5,423.2542038406977
2026-05-06,464.3500061035156,472.45001220703125,459.8999938964844,471.0,2296060,0.02502720348204579,0.2648561542961173,-0.032444776964119126,3183797.9,423.72928638954653
2026-05-07,472.95001220703125,484.5,472.3999938964844,481.75,5056967,0.022823779193205995,0.2708260209245628,-0.032444776964119126,3201546.3,424.3066069229839
2026-05-08,484.95001220703125,487.5,475.8500061035156,479.1000061035156,2827517,-0.005500765742572633,0.23838185409789334,-0.032444776964119126,3138883.45,424.851814875029
2026-05-11,473.54998779296875,484.45001220703125,468.3500061035156,479.1499938964844,3138394,0.00010433686564792488,0.22740057068990896,-0.032444776964119126,3202673.0,425.39209526330217
2026-05-12,475.0,482.6000061035156,462.79998779296875,464.70001220703125,2990954,-0.030157532867619907,0.25178688569178165,-0.032444776964119126,3261127.05,425.7832188149811
2026-05-13,464.70001220703125,470.5,460.95001220703125,465.20001220703125,1668515,0.0010759629586092334,0.24923366233754557,-0.032444776964119126,3127945.45,426.1754257144045
2026-05-14,469.79998779296875,472.5,464.75,470.29998779296875,1428941,0.01096297388674139,0.24798835878876796,-0.032444776964119126,3007943.05,426.6144760833455
2026-05-15,470.8999938964844,483.5,470.3500061035156,475.75,5854422,0.01158837411969138,0.2505126887176783,-0.032444776964119126,3052290.45,427.1033867690834
2026-05-18,472.95001220703125,472.95001220703125,446.1000061035156,455.75,7347316,-0.042038885969521766,0.291740169252881,-0.032444776964119126,3241906.4,427.38842769675426
2026-05-19,460.0,464.54998779296875,449.04998779296875,459.3999938964844,3324538,0.008008763349389714,0.2929938755033279,-0.032444776964119126,3219528.65,427.7069507435178
2026-05-20,456.04998779296875,459.0,452.1000061035156,456.79998779296875,1487135,-0.00565956930356748,0.2871098636760439,-0.032444776964119126,3067589.9,427.9964336992337
2026-05-21,459.6499938964844,464.29998779296875,451.45001220703125,452.75,2471320,-0.008865998032391076,0.28070439070289127,-0.032444776964119126,3031404.7,428.2427378415299
2026-05-22,452.95001220703125,456.6000061035156,445.8500061035156,447.6000061035156,1584002,-0.011374917496376313,0.26499214047899466,-0.032444776964119126,2869000.8,428.4353474759775
2026-05-25,449.1000061035156,460.20001220703125,449.1000061035156,455.45001220703125,3126164,0.017537993736532975,0.2719272356113175,-0.032444776964119126,2839893.25,428.7041501101173
2026-05-26,458.0,465.95001220703125,453.3500061035156,463.5,2650245,0.017674799818227838,0.25978159413770807,-0.032444776964119126,2900873.1,429.05037747220575
2026-05-27,463.6000061035156,469.3999938964844,458.75,459.75,1037299,-0.008090614886731351,0.2604608925794371,-0.032444776964119126,2827372.15,429.35584635307936
2026-05-28,459.75,459.75,459.75,459.75,0,0.0,0.2603237921255518,-0.032444776964119126,2699240.05,429.65827574260095
2026-05-29,462.8999938964844,464.0,450.1000061035156,452.3500061035156,1986258,-0.016095690911330895,0.26564879982158496,-0.032444776964119126,2798552.95,429.88406410440115
2026-06-01,453.0,453.25,435.25,437.25,5570313,-0.033381244389903086,0.2877045862377956,-0.032444776964119126,2995112.0,429.95735699888473
2026-06-02,434.0,439.79998779296875,430.29998779296875,437.95001220703125,1686360,0.0016009427262007048,0.28787563860402765,-0.032444776964119126,2876636.0,430.0368859064285
2026-06-03,438.1000061035156,442.3500061035156,432.8999938964844,437.8999938964844,1724002,-0.00011421009054168874,0.2835189427821027,-0.032444776964119126,2848033.1,430.11512578692657
2026-06-04,437.8999938964844,444.3999938964844,434.20001220703125,438.3500061035156,1413713,0.0010276597700469292,0.266207077195087,-0.032444776964119126,2665870.4,430.19706489455433
2026-06-05,439.20001220703125,448.6499938964844,439.20001220703125,445.25,1117852,0.015740832212638223,0.25847438460326405,-0.032444776964119126,2580387.15,430.34684534336475
2026-06-08,443.0,445.0,437.0,439.3500061035156,1726858,-0.013250968885983982,0.2605718832201312,-0.032444776964119126,2509810.35,430.43642903252055
2026-06-09,439.45001220703125,444.5,431.04998779296875,439.3999938964844,1930620,0.00011377669801815316,0.260573752381627,-0.032444776964119126,2456793.65,430.5256187326595
2026-06-10,438.79998779296875,441.45001220703125,429.29998779296875,431.1000061035156,2213551,-0.018889367110287436,0.24897914498522883,-0.032444776964119126,2484045.45,430.531334029882
2026-06-11,430.8999938964844,436.75,428.1000061035156,432.25,2390549,0.002667580329860364,0.24940430022693857,-0.032444776964119126,2532125.85,430.5484351838135
2026-06-12,435.29998779296875,442.8500061035156,434.0,440.5,4390515,0.01908617698091386,0.2567664894540444,-0.032444776964119126,2458930.5,430.64745572924824
2026-06-15,445.1499938964844,458.54998779296875,444.75,453.54998779296875,3720497,0.02962539794090513,0.27650996415606877,-0.032444776964119126,2277589.55,430.87534162042954
2026-06-16,455.54998779296875,455.8500061035156,449.6499938964844,451.29998779296875,1166133,-0.004960864426319933,0.2359306479173396,-0.032444776964119126,2169669.3,431.0785719306041
2026-06-17,451.45001220703125,453.6000061035156,449.25,451.54998779296875,923455,0.0005539552554003624,0.23400350726660524,-0.032444776964119126,2141485.3,431.28226761082664
2026-06-18,454.0,463.45001220703125,452.5,459.20001220703125,2089503,0.016941699968708646,0.24098200619934124,-0.032444776964119126,2122394.45,431.5600561142715
2026-06-19,458.95001220703125,463.5,454.3500061035156,461.1000061035156,1719497,0.004137617260401516,0.2389108238477816,-0.032444776964119126,2129169.2,431.85398596491075
2026-06-22,466.5,491.70001220703125,465.29998779296875,483.79998779296875,12506879,0.049230061567939076,0.2868572698127973,-0.032444776964119126,2598204.95,432.370861604991
2026-06-23,483.95001220703125,486.95001220703125,473.6000061035156,476.45001220703125,4586355,-0.01519217811366036,0.28959351076358886,-0.032444776964119126,2695010.45,432.8094601184441
2026-06-24,476.45001220703125,486.3999938964844,459.8500061035156,481.04998779296875,16204247,0.00965468667873326,0.28553480028535094,-0.032444776964119126,3453357.85,433.28946536893693
2026-06-25,481.04998779296875,482.70001220703125,464.04998779296875,464.79998779296875,2797129,-0.03378027317816623,0.3097303963901591,-0.032444776964119126,3593214.3,433.60300290549446
2026-06-26,464.79998779296875,464.79998779296875,464.79998779296875,464.79998779296875,0,0.0,0.3097303963901591,-0.032444776964119126,3493901.4,433.9134206655689
2026-06-29,461.20001220703125,475.20001220703125,461.0,463.54998779296875,4910049,-0.0026893288141753846,0.30399863897696244,-0.032444776964119126,3460888.2,434.20831188076687
2026-06-30,465.45001220703125,474.20001220703125,463.54998779296875,472.04998779296875,3202117,0.018336749485141413,0.28153389318364375,-0.032444776964119126,3536676.05,434.5848459694455
2026-07-01,471.95001220703125,510.0,470.5,507.70001220703125,18031256,0.075521714513205,0.3751436313283945,-0.032444776964119126,4352038.75,435.3123600613618
2026-07-02,510.25,513.4000244140625,500.20001220703125,509.29998779296875,12862727,0.00315141923866058,0.3744980196790383,-0.032444776964119126,4924489.45,436.04855536217383
2026-07-03,512.25,515.0,502.8500061035156,507.45001220703125,8380203,-0.0036323888283490424,0.37585473054107305,-0.032444776964119126,5287607.0,436.7590176193366
2026-07-06,510.95001220703125,523.0,508.1499938964844,519.6500244140625,7200750,0.024041800992318896,0.3793002013520144,-0.032444776964119126,5561301.6,437.58380375659755
2026-07-07,520.0499877929688,522.5999755859375,513.0499877929688,517.9000244140625,5629431,-0.0033676511455440483,0.3739451971741643,-0.032444776964119126,5746242.15,438.38297013129875
2026-07-08,517.0,519.6500244140625,498.0,501.79998779296875,3778187,-0.0310871516936283,0.39725700893175697,-0.032444776964119126,5824473.95,439.01398523240994
2026-07-09,505.0,520.4000244140625,505.0,515.6500244140625,8003908,0.027600711355154406,0.39223101675422295,-0.032444776964119126,6105141.9,439.7765328859588
2026-07-10,524.0,524.0,512.8499755859375,520.2999877929688,13914959,0.0090176731479652,0.39158627096832854,-0.032444776964119126,6581364.1,440.5777612929937
2026-07-13,520.0,520.0,509.1499938964844,512.2999877929688,2476391,-0.015375745123375362,0.39870285388952126,-0.032444776964119126,6519158.8,441.29141528801836
2026-07-14,510.0,517.8499755859375,505.04998779296875,512.0999755859375,2962078,-0.0003904200893951604,0.3912134280468919,-0.032444776964119126,6608956.05,441.9959780770524
2026-07-15,517.2999877929688,517.5499877929688,494.5,498.3500061035156,6403446,-0.026850166252574748,0.4060649495691098,-0.032444776964119126,6882955.6,442.5567146743307
2026-07-16,499.95001220703125,501.1000061035156,490.04998779296875,496.6499938964844,2976155,-0.0034112816017065617,0.4068483771574058,-0.032444776964119126,6927288.2,443.09495625863076
2026-07-17,496.5,503.8999938964844,485.29998779296875,492.1499938964844,5132951,-0.009060706846475752,0.4070824539054772,-0.032444776964119126,7097960.9,443.5830660858731
2026-07-20,487.0,493.3500061035156,479.8500061035156,486.8500061035156,7146053,-0.010769049799243757,0.4101039357135821,-0.032444776964119126,6829919.6,444.0135829019691
2026-07-21,486.04998779296875,488.1000061035156,482.3500061035156,484.75,3978421,-0.004313456048451014,0.3742702973839413,-0.032444776964119126,6799522.9,444.4189203855316
2026-07-22,483.20001220703125,484.1000061035156,465.54998779296875,467.6000061035156,3790074,-0.035379048780782574,0.3909938002825989,-0.032444776964119126,6178814.25,444.6495779548648
2026-07-23,467.6000061035156,474.25,464.1499938964844,465.45001220703125,2056074,-0.004597933850343905,0.38939382596995514,-0.032444776964119126,6141761.5,444.85654744991126
2026-07-24,463.0,466.79998779296875,458.1499938964844,462.54998779296875,2176831,-0.006230581884210107,0.3717218040124005,-0.032444776964119126,6250603.05,445.032601582678
2026-07-27,466.0,471.29998779296875,461.45001220703125,470.0,2718387,0.016106393695043852,0.3758724967166041,-0.032444776964119126,6141019.95,445.281033407726
2026-07-28,471.0,474.3999938964844,466.04998779296875,472.20001220703125,5085231,0.0046808770362367635,0.37587960976233653,-0.032444776964119126,6235175.65,445.5488839430425
2026-07-29,476.0,476.5,465.20001220703125,470.0,4042367,-0.004659068509440645,0.3710352777432997,-0.032444776964119126,5535731.2,445.7921786301764
2026-07-30,470.0,470.8999938964844,463.04998779296875,468.29998779296875,2757674,-0.0036170472490026917,0.24960842990808793,-0.032444776964119126,5030478.55,446.01613693030373
2026-07-31,468.29998779296875,491.3999938964844,465.0,481.95001220703125,5761053,0.029148034955954527,0.27370885343901513,-0.032444776964119126,4899521.05,446.3736879280821
2026-08-03,487.95001220703125,487.95001220703125,468.8500061035156,470.0,3336754,-0.024795127926872773,0.2844358690018579,-0.032444776964119126,4706321.25,446.6087756103898
2026-08-04,470.0,482.0,468.79998779296875,482.0,1756448,0.025531914893617058,0.28629405480030723,-0.032444776964119126,4512672.1,446.9609270968536
2026-08-05,475.1499938964844,476.75,466.8500061035156,470.25,2880682,-0.024377593360995875,0.2953533666677398,-0.032444776964119126,4467796.85,447.1926591655416
2026-08-06,470.5,473.45001220703125,463.6000061035156,463.6000061035156,1689564,-0.014141401162114597,0.28158824491138895,-0.032444776964119126,4152079.65,447.355916349004
2026-08-07,466.0,480.0,464.04998779296875,473.29998779296875,6405412,0.020923169891605253,0.27308327779038544,-0.032444776964119126,3776602.3,447.61406631362064
2026-08-10,456.3999938964844,483.3500061035156,452.5,478.3500061035156,14741730,0.010669804438608654,0.2741283482401469,-0.032444776964119126,4389869.25,447.9198965602863
2026-08-11,478.1000061035156,486.75,470.04998779296875,473.45001220703125,3139145,-0.01024353263084099,0.2719782005962882,-0.032444776964119126,4398722.6,448.17392756174644
2026-08-12,475.29998779296875,475.29998779296875,466.79998779296875,470.25,6123936,-0.006758923063734046,0.2719235100534883,-0.032444776964119126,4384747.1,448.39358997406737
2026-08-13,466.0,473.0,466.0,467.0,4726698,-0.006911217437533201,0.25920535436848113,-0.032444776964119126,4472274.25,448.5787283822856
2026-08-14,466.95001220703125,469.6000061035156,459.70001220703125,459.70001220703125,1469446,-0.01563166550956907,0.26290258972822766,-0.032444776964119126,4289099.0,448.6893879228303
2026-08-17,458.70001220703125,459.54998779296875,453.20001220703125,456.0,1432534,-0.008048753771546346,0.26265829542383917,-0.032444776964119126,4003423.05,448.7621303315584
2026-08-18,451.6499938964844,456.95001220703125,448.79998779296875,451.79998779296875,1460519,-0.00921055308559482,0.2621695656134403,-0.032444776964119126,3877527.95,448.7923577689854
2026-08-19,449.95001220703125,451.79998779296875,446.3999938964844,450.0,1321278,-0.003984036834001836,0.2621579305497485,-0.032444776964119126,3754088.15,448.8043741095926
2026-08-20,453.0,457.0,449.3500061035156,450.1000061035156,1139987,0.00022223578559033008,0.2350564059429182,-0.032444776964119126,3708283.8,448.8172659702286
2026-08-21,450.1000061035156,454.20001220703125,448.3500061035156,450.70001220703125,1293159,0.001333050645144107,0.2350363945579952,-0.032444776964119126,3664100.2,448.8359997636297
2026-08-24,452.0,452.6000061035156,441.20001220703125,444.75,1948199,-0.013201712992850112,0.23805230099807193,-0.032444776964119126,3625590.8,448.7953430495637
2026-08-25,441.6499938964844,447.95001220703125,439.1000061035156,447.95001220703125,1174352,0.007195080847737456,0.23153749734890608,-0.032444776964119126,3430046.85,448.78693179739923
2026-08-26,447.75,452.1499938964844,445.04998779296875,449.0,1328722,0.002343984293683876,0.2308047659953038,-0.032444776964119126,3294364.6,448.78905187901717
2026-08-27,450.0,466.6499938964844,449.1499938964844,466.0,4020754,0.03786191536748329,0.26913754490129355,-0.032444776964119126,3357518.6,448.96030509415135
2026-08-28,466.70001220703125,471.04998779296875,460.0,470.20001220703125,1426037,0.009012901731826783,0.2707106647347911,-0.032444776964119126,3140767.8,449.1716454634337
2026-08-31,471.95001220703125,471.95001220703125,456.20001220703125,456.20001220703125,2285757,-0.029774563242324525,0.26862022725567225,-0.032444776964119126,3088217.95,449.24157946088246
2026-09-01,462.6499938964844,464.3500061035156,457.20001220703125,460.79998779296875,1175474,0.010083243013702337,0.2591086927152762,-0.032444776964119126,3059169.25,449.35658849901273
2026-09-02,458.5,459.70001220703125,452.5,454.79998779296875,1061104,-0.013020833678267674,0.2436732957712086,-0.032444776964119126,2968190.35,449.41075167606704
2026-09-03,455.0,464.95001220703125,449.5,464.3500061035156,2530860,0.020998281809308628,0.2433925465318752,-0.032444776964119126,3010255.15,449.55940097385263
2026-09-04,465.0,465.8999938964844,457.8999938964844,457.8999938964844,1936111,-0.01389041051416151,0.24321665462613887,-0.032444776964119126,2786790.1,449.6423919482072
2026-09-07,456.0,458.75,450.3999938964844,453.79998779296875,583502,-0.00895393351859819,0.2318474230612149,-0.032444776964119126,2078878.7,449.6837610610904
2026-09-08,452.79998779296875,458.20001220703125,450.25,454.8999938964844,2214615,0.0024239888345203298,0.2279410384533597,-0.032444776964119126,2032652.2,449.73566387537295
2026-09-09,451.6499938964844,454.0,448.0,451.20001220703125,1267067,-0.00813361560584036,0.22712951178977117,-0.032444776964119126,1789808.75,449.75023450553874
2026-09-10,449.0,451.1499938964844,444.20001220703125,447.70001220703125,1333939,-0.007757091988716658,0.22740851069164075,-0.032444776964119126,1620170.8,449.7298342836631
2026-09-11,445.3500061035156,447.3999938964844,434.8500061035156,439.0,1047933,-0.01943268253253494,0.23466993918882828,-0.032444776964119126,1599095.15,449.6230697634276
2026-09-14,439.0,439.0,439.0,439.0,0,0.0,0.23013452021286876,-0.032444776964119126,1527468.45,449.5173675767269
2026-09-15,439.0,441.8500061035156,416.5,420.5,4661661,-0.04214123006833714,0.2683785150710779,-0.032444776964119126,1687525.55,449.22863755108784
2026-09-16,418.04998779296875,428.1499938964844,414.6000061035156,421.79998779296875,3025177,0.0030915286396402397,0.26858814962429794,-0.032444776964119126,1772720.5,448.95571566294734
2026-09-17,422.6000061035156,429.95001220703125,418.8500061035156,425.95001220703125,2714899,0.009838844319975282,0.27227718443641996,-0.032444776964119126,1851466.1,448.7268031907492
2026-09-18,426.1000061035156,433.54998779296875,425.8500061035156,428.0,1686221,0.004812742655756486,0.273311816415527,-0.032444776964119126,1871119.2,448.5205663430801
2026-09-21,426.75,437.6000061035156,425.8500061035156,435.0,3248908,0.016355140186915973,0.28065064684515306,-0.032444776964119126,1936154.65,448.38603334464153
2026-09-22,435.5,437.3500061035156,428.3999938964844,430.75,2292809,-0.009770114942528774,0.2791010965816042,-0.032444776964119126,1992077.5,448.2105504257894
2026-09-23,430.75,436.79998779296875,429.0,435.0,3087778,0.009866511897852481,0.28028546296844886,-0.032444776964119126,2080030.3,448.07910216284625
