date,open,high,low,close,volume,dividend,daily_return,rolling_volatility_ann,var_95_threshold,avg_volume_20d,ema_200
2021-11-04,202.3999938964844,202.3999938964844,199.25,200.6999969482422,19100,0.0,0.004253143951801208,0.1464133910406113,-0.012463357652431561,93819.2,204.24406845326658
2021-11-08,202.0,205.4499969482422,199.25,203.6999969482422,119851,0.0,0.01494768333640617,0.15240568799346774,-0.012356796437341494,95740.7,204.23865480645043
2021-11-09,218.0,228.0,212.25,219.3999938964844,4044998,0.0,0.07707411479358739,0.305032583594336,-0.012250235222251426,293036.8,204.38951390187367
2021-11-10,218.8000030517578,223.8000030517578,215.1000061035156,219.8999938964844,1205176,0.0,0.002278942634045489,0.30474192392966765,-0.012143674007161358,346608.25,204.5438470361484
2021-11-11,220.3000030517578,220.6999969482422,212.5500030517578,214.1999969482422,192613,0.0,-0.02592085996566884,0.3219820792149835,-0.021213157720997522,351966.55,204.6399281298011
2021-11-12,214.0,216.1999969482422,212.0500030517578,214.5,100788,0.0,0.0014005744912792828,0.32066952366158447,-0.02066629521671215,349651.3,204.7380382976638
2021-11-15,219.3999938964844,226.5,217.0,220.1499938964844,754691,0.0,0.02634029788570813,0.32896276935862934,-0.020119432712426777,381921.25,204.89139108969187
2021-11-16,223.5,225.0,214.3999938964844,215.4499969482422,393869,0.0,-0.021349066902323743,0.3400722007311037,-0.02268256844560367,393154.1,204.9964518445033
2021-11-17,214.8999938964844,215.8500061035156,208.8999938964844,211.8500061035156,249873,0.0,-0.016709171017493363,0.3427612283015058,-0.022579991403812904,397156.55,205.06464641424472
2021-11-18,215.0,215.0,208.1499938964844,212.8500061035156,135553,0.0,0.004720320845831738,0.3426319539395368,-0.022477414362022143,400001.35,205.1421126798096
2021-11-22,215.0,218.1000061035156,210.3500061035156,212.6499938964844,425520,0.0,-0.0009396861700531334,0.33976161938715155,-0.022374837320231378,414416.15,205.21681796554768
2021-11-23,210.3999938964844,233.8999938964844,208.0,230.5,2277334,0.0,0.08394077881894879,0.44016965793906226,-0.022272260278440613,522628.25,205.46839191613927
2021-11-24,235.4499969482422,273.95001220703125,233.75,267.20001220703125,8954001,0.0,0.15921914189601405,0.6856074357169332,-0.02216968323664985,967383.9,206.0826368941581
2021-11-25,261.0,280.70001220703125,254.0500030517578,264.8500061035156,3524874,0.0,-0.00879493262034281,0.6772464830463775,-0.022067106194859087,1140230.15,206.66738683653978
2021-11-26,257.0,267.0,255.0,259.6499938964844,952777,0.0,-0.019633800593528594,0.6870669056347519,-0.021964529153068325,1184319.7,207.19457695653924
2021-11-29,265.0,279.75,251.3999938964844,270.6499938964844,1099422,0.0,0.04236472273665992,0.6939228104781351,-0.02186195211127756,1235590.9,207.8259741400213
2021-11-30,272.6499938964844,292.1000061035156,271.0,275.25,1233287,0.0,0.016996143385375362,0.6904096983482843,-0.021759375069486796,1292342.0,208.49685996947383
2021-12-01,278.0,283.0,269.0,279.0,477629,0.0,0.013623978201634968,0.686502524805196,-0.021656798027696034,1313610.15,209.19838375087213
2021-12-02,279.0,283.0,271.8500061035156,274.8999938964844,203016,0.0,-0.014695362378192245,0.693999678084014,-0.02155422098590527,1322082.5,209.8521311155051
2021-12-03,273.04998779296875,299.0,273.04998779296875,296.20001220703125,1442818,0.0,0.07748278931780384,0.7241452680976213,-0.021451643944114508,1390359.5,210.7113140119382
2021-12-06,304.5,321.0,296.20001220703125,304.29998779296875,2050455,0.0,0.027346304024714163,0.7189595058081344,-0.021349066902323743,1491927.25,211.64254459682408
2021-12-07,304.70001220703125,313.8500061035156,303.3999938964844,309.04998779296875,730101,0.0,0.015609596419805527,0.716671188341109,-0.021263303586883987,1522439.75,212.611772887333
2021-12-08,307.0,310.6499938964844,294.1000061035156,304.8500061035156,322237,0.0,-0.01358997526402328,0.7267961731483467,-0.02117754027144423,1336301.7,213.52956625266816
2021-12-09,304.20001220703125,310.0,301.20001220703125,307.6499938964844,252725,0.0,0.009184804779101663,0.6974584505448216,-0.02109177695600447,1288679.15,214.46608792076583
2021-12-10,309.0,315.29998779296875,305.8999938964844,308.29998779296875,296797,0.0,0.0021127707114567684,0.6975031473002072,-0.021006013640564713,1293888.35,215.39975856626037
2021-12-13,310.04998779296875,315.0,305.0,308.95001220703125,218478,0.0,0.002108415309114431,0.6823226552241324,-0.020920250325124956,1299772.85,216.33060686119344
2021-12-14,309.75,315.75,305.25,307.29998779296875,270995,0.0,-0.0053407488230063915,0.6848358751659921,-0.0208344870096852,1275588.05,217.23577483066384
2021-12-15,308.0,325.5,308.0,320.3999938964844,800546,0.0,0.042629373979478524,0.6896148978439163,-0.020748723694245443,1295921.9,218.26228447310982
2021-12-16,320.0,347.0,295.0,298.8500061035156,2334945,0.0,-0.06725963858766859,0.7398609887662004,-0.022579991403812904,1400175.5,219.06415235002927
2021-12-17,301.79998779296875,309.45001220703125,284.54998779296875,289.1000061035156,489060,0.0,-0.03262506207419247,0.7508845742288163,-0.02478674646328042,1417850.85,219.76102651673065
2021-12-20,278.04998779296875,283.29998779296875,263.0,271.8500061035156,535325,0.0,-0.05966793371088153,0.7948339727267096,-0.029272961019930654,1423341.1,220.27932482107678
2021-12-21,277.0,289.0,272.0,278.45001220703125,386023,0.0,0.024278116444119036,0.7941173704117855,-0.02893775091450447,1328775.55,220.85813763088728
2021-12-22,282.8500061035156,288.0,278.0,283.20001220703125,146798,0.0,0.017058717154834646,0.752678064097061,-0.028602540809078293,888415.4,221.47845479084893
2021-12-23,290.0,307.79998779296875,287.3999938964844,297.25,826678,0.0,0.049611536678528134,0.54859035270955,-0.02826733070365211,753505.6,222.23240051432307
2021-12-24,298.0,299.25,286.20001220703125,287.6000061035156,156641,0.0,-0.03246423514376573,0.5624005496004056,-0.032512483222893754,713698.8,222.88282445053397
2021-12-27,285.0,289.6000061035156,283.0,283.5,105382,0.0,-0.014255931907177777,0.5597916567162428,-0.032504441876372414,663996.8,223.48598042615058
2021-12-28,284.0,288.45001220703125,281.8999938964844,284.3999938964844,99976,0.0,0.003174581645447594,0.542848770449894,-0.032496400529851074,607331.25,224.0920900129201
2021-12-29,286.0,303.79998779296875,278.8999938964844,297.6000061035156,986177,0.0,0.04641354602783765,0.5616977468332626,-0.03248835918332974,632758.65,224.8235120635728
2021-12-30,295.0,304.1499938964844,293.0,296.20001220703125,155618,0.0,-0.004704280469663091,0.5614610899362988,-0.0324803178368084,630388.75,225.5337259953485
2021-12-31,296.0,303.0,292.1000061035156,299.1000061035156,149711,0.0,0.009790660962084585,0.5578871176603059,-0.03247227649028707,565733.4,226.26572878249445
2022-01-03,301.3999938964844,314.8500061035156,300.1499938964844,304.8500061035156,531770,0.0,0.019224339293426818,0.4949615601784583,-0.03247227649028707,489799.15,227.04766189016632
2022-01-04,306.70001220703125,314.29998779296875,300.29998779296875,309.5,316933,0.0,0.015253382986337938,0.4888444595086242,-0.03247227649028707,469140.75,227.86808316489106
2022-01-05,307.8999938964844,319.75,305.0,316.95001220703125,344256,0.0,0.02407112183208815,0.49283568490938723,-0.03247227649028707,470241.7,228.75447051854422
2022-01-06,313.1000061035156,340.95001220703125,306.20001220703125,337.3500061035156,982046,0.0,0.06436344253288473,0.5346372202209807,-0.03247227649028707,506707.75,229.8350231114295
2022-01-07,339.6499938964844,340.0,323.04998779296875,327.45001220703125,741881,0.0,-0.029346357543703627,0.5476835664950425,-0.03247227649028707,528961.95,230.80631653526635
2022-01-10,330.0,373.0,328.75,362.2000122070313,2448894,0.0,0.10612306826859808,0.6527047027879103,-0.03247227649028707,640482.75,232.11371649219936
2022-01-11,357.0,363.8999938964844,348.1000061035156,354.79998779296875,710579,0.0,-0.02043076798637089,0.6601122769911013,-0.03247227649028707,662461.95,233.33447541061497
2022-01-12,354.79998779296875,362.3999938964844,354.45001220703125,359.6499938964844,455046,0.0,0.013669690728246753,0.6587640103877966,-0.03247227649028707,645186.95,234.59134624132017
2022-01-13,359.6499938964844,363.8999938964844,355.29998779296875,359.04998779296875,433642,0.0,-0.001668305612951948,0.6474780212454242,-0.03247227649028707,550121.8,235.82974068462016
2022-01-14,357.79998779296875,361.0,353.54998779296875,358.75,216897,0.0,-0.0008355042561419834,0.5909127670420318,-0.03247227649028707,536513.65,237.05282784198715
2022-01-17,361.8999938964844,361.8999938964844,356.25,359.3999938964844,207250,0.0,0.0018118296766114206,0.5717989760001384,-0.03247227649028707,520109.9,238.27021257884783
2022-01-18,360.0,360.5,345.95001220703125,351.04998779296875,286305,0.0,-0.023233183765497323,0.5272373416000752,-0.03247227649028707,515124.0,239.3923993968988
2022-01-19,350.95001220703125,382.7000122070313,345.6499938964844,373.8500061035156,2180098,0.0,0.06494806752135007,0.5564486803625852,-0.03247227649028707,616789.0,240.73028603079553
2022-01-20,379.8999938964844,379.8999938964844,369.0499877929688,371.8999938964844,346597,0.0,-0.005216028287267971,0.5605905561990422,-0.03247227649028707,592784.95,242.03545725333973
2022-01-21,367.0,374.25,360.5499877929688,370.1000061035156,304186,0.0,-0.004839978011588197,0.5481541023088526,-0.03247227649028707,600162.2,243.30973137125193
2022-01-24,365.5,373.3500061035156,306.95001220703125,329.1499938964844,667543,0.0,-0.11064580257147494,0.6778886686797477,-0.03397720565602692,628270.25,244.16386333667714
2022-01-25,319.25,328.54998779296875,310.25,319.20001220703125,451442,0.0,-0.03022932363347497,0.6864974740906922,-0.03397720565602692,645843.55,244.91049168364583
2022-01-27,319.0,336.1000061035156,315.0,319.25,444327,0.0,0.00015660335544209758,0.6867643797895135,-0.03397720565602692,618751.05,245.65018828380857
2022-01-28,329.3500061035156,332.0,310.54998779296875,312.70001220703125,246592,0.0,-0.020516798098570876,0.6767088855592106,-0.03397720565602692,623299.75,246.31735071090532
2022-01-31,320.0,339.0,315.25,331.3999938964844,955637,0.0,0.05980166600400483,0.7035453536557997,-0.03397720565602692,663596.05,247.16394417543844
2022-02-01,335.0,341.95001220703125,332.0,340.95001220703125,424983,0.0,0.02881719519140935,0.7078099569882009,-0.03397720565602692,658256.7,248.0971388822205
2022-02-02,342.0,388.7000122070313,341.8999938964844,381.8999938964844,3125738,0.0,0.12010552932488983,0.8085035379194607,-0.03397720565602692,798696.95,249.42851057390473
2022-02-03,390.0,419.6000061035156,389.2000122070313,404.2000122070313,4682681,0.0,0.05839229815906055,0.8243409843018088,-0.03397720565602692,1015618.2,250.9685255155279
2022-02-04,397.5,419.0,393.8500061035156,412.7999877929688,1137373,0.0,0.02127653470117319,0.8239701965455625,-0.03397720565602692,1023384.55,252.57878882177107
2022-02-07,419.0,421.0,407.8500061035156,418.3500061035156,1091075,0.0,0.013444812196385714,0.803320686734984,-0.03397720565602692,1040844.25,254.22825367034565
2022-02-08,420.0,422.2999877929688,390.9500122070313,406.2000122070313,461715,0.0,-0.029042652609590158,0.8031267580233252,-0.03397720565602692,941485.3,255.7404104717057
2022-02-09,414.0,414.8500061035156,398.25,400.0499877929688,156875,0.0,-0.015140384611628144,0.7296397909569664,-0.03397720565602692,913800.1,257.17632666395707
2022-02-10,396.0499877929688,399.4500122070313,380.0,389.2999877929688,582486,0.0,-0.02687164186482427,0.732885039796801,-0.03397720565602692,920172.1,258.4909899587731
2022-02-11,377.4500122070313,405.0,375.0,394.1000061035156,420204,0.0,0.01232987017995879,0.7327100865781809,-0.03397720565602692,919500.2,259.8403334029994
2022-02-14,366.3500061035156,388.0,366.3500061035156,384.1000061035156,228073,0.0,-0.02537427009674642,0.7401449097763123,-0.03397720565602692,920059.0,261.0767480567359
2022-02-15,385.0,390.2000122070313,360.0,370.9500122070313,476123,0.0,-0.0342358596394825,0.7519823466749456,-0.03550746334305245,933502.65,262.1700143666891
2022-02-16,373.4500122070313,384.3500061035156,364.0499877929688,370.6499938964844,369873,0.0,-0.0008087836653837277,0.752074126433456,-0.03550746334305245,937681.05,263.2494171480801
2022-02-17,373.0,379.0,369.0,375.2999877929688,214337,0.0,0.012545511865792891,0.7468257566559464,-0.03550746334305245,839393.0,264.3643481992731
2022-02-18,377.4500122070313,404.0,377.4500122070313,393.6000061035156,1502204,0.0,0.04876104158213268,0.7322066301048837,-0.03550746334305245,897173.35,265.65027514359394
2022-02-21,398.8500061035156,398.8500061035156,335.04998779296875,341.25,1338146,0.0,-0.1330030622249222,0.8717954422322186,-0.06004751895472088,948871.35,266.4025112118169
2022-02-22,330.0,336.3999938964844,320.6499938964844,325.8999938964844,666189,0.0,-0.04498170286744507,0.8840851129216488,-0.06004751895472088,948803.65,266.9945259648982
2022-02-23,326.0,364.7000122070313,325.0,351.54998779296875,3223909,0.0,0.07870510701706723,0.8399555016382755,-0.06004751895472088,1087427.0,267.8358738437845
2022-02-24,334.5,368.8500061035156,320.0,326.29998779296875,2285693,0.0,-0.07182477848603985,0.8733112330813312,-0.06748789558258715,1179495.3,268.4176063208908
2022-02-25,345.0,354.70001220703125,320.54998779296875,327.75,1028625,0.0,0.004443800984605728,0.8732924537265547,-0.06748789558258715,1218596.95,269.00797839729984
2022-02-28,327.75,336.95001220703125,323.0,330.6499938964844,539161,0.0,0.008848188852736527,0.8693690891577185,-0.06748789558258715,1197773.15,269.6213317853514
2022-03-02,330.70001220703125,355.95001220703125,324.0,351.54998779296875,886179,0.0,0.06320881379791432,0.8721949939759849,-0.06748789558258715,1220832.95,270.4365422928899
2022-03-03,356.29998779296875,364.2999877929688,339.0,343.0,587623,0.0,-0.02432083086290393,0.8727729050071081,-0.06748789558258715,1093927.2,271.158566747687
2022-03-04,340.0,354.3500061035156,338.0,349.1000061035156,640809,0.0,0.017784274354272878,0.7629895740531888,-0.06748789558258715,891833.6,271.9341034576953
2022-03-07,344.70001220703125,344.70001220703125,322.0,327.3500061035156,430775,0.0,-0.062303063935068126,0.7548646742729217,-0.06748789558258715,856503.7,272.48550547407166
2022-03-08,327.75,334.0,308.6499938964844,318.70001220703125,458967,0.0,-0.02642429734291507,0.7489129384427242,-0.06748789558258715,824898.3,272.94535131221056
2022-03-09,320.1000061035156,329.8999938964844,316.45001220703125,322.20001220703125,353486,0.0,0.01098211442090058,0.7479416350749338,-0.06748789558258715,819486.85,273.43544744051724
2022-03-10,333.25,334.45001220703125,310.0,313.1000061035156,526918,0.0,-0.028243344999218545,0.7477074428358957,-0.06748789558258715,837989.0,273.8301196660197
2022-03-11,310.0,314.04998779296875,302.25,306.79998779296875,481307,0.0,-0.020121425064629328,0.7482342091436046,-0.06748789558258715,832930.05,274.1581780553426
2022-03-14,308.0,310.75,296.25,298.79998779296875,381487,0.0,-0.026075620333461225,0.7480328304060981,-0.06277914966261672,830994.2,274.4033701920354
2022-03-15,301.3999938964844,316.45001220703125,298.8500061035156,305.6499938964844,569818,0.0,0.022925054830530422,0.7531567298309826,-0.06277914966261672,848081.45,274.7142818706867
2022-03-16,309.79998779296875,310.54998779296875,300.04998779296875,301.95001220703125,253669,0.0,-0.012105289590505275,0.7513506043247928,-0.06277914966261672,836958.75,274.98528416259063
2022-03-17,305.70001220703125,306.75,298.5,300.1000061035156,335167,0.0,-0.006126862158386537,0.7463593957400588,-0.06277914966261672,835223.45,275.2351818933461
2022-03-21,300.95001220703125,305.54998779296875,285.3500061035156,291.6000061035156,463441,0.0,-0.028323891459928974,0.7486562933985276,-0.06277914966261672,847678.65,275.3980159650891
2022-03-22,293.8999938964844,295.54998779296875,287.5,291.20001220703125,282508,0.0,-0.0013717211526476092,0.7448551014475712,-0.06277914966261672,786693.85,275.55524975854127
2022-03-23,294.1000061035156,300.0,287.1000061035156,289.04998779296875,275013,0.0,-0.007383325288234932,0.7128672517436074,-0.06277914966261672,733537.2,275.6895257588838
2022-03-24,289.0,290.0,282.6000061035156,285.1000061035156,195161,0.0,-0.013665393033271078,0.5656956373182389,-0.06277914966261672,709985.8,275.78316237922843
2022-03-25,286.0,298.0,272.5,277.79998779296875,280481,0.0,-0.025605114536182638,0.5535534124228991,-0.06277914966261672,562814.4,275.80323029379304
2022-03-28,277.0,279.1000061035156,268.8500061035156,272.1499938964844,302091,0.0,-0.020338351852970726,0.4585040719803178,-0.06277914966261672,463634.3,275.7668796828745
2022-03-29,273.75,288.0,270.8500061035156,285.1000061035156,548721,0.0,0.047584098833222566,0.44772192376706516,-0.06277914966261672,439639.1,275.8597466124331
2022-03-30,288.8999938964844,290.45001220703125,277.0,278.1499938964844,230602,0.0,-0.024377453729368947,0.4503506926230298,-0.06277914966261672,424211.15,275.8825351426227
2022-03-31,279.0,285.6000061035156,275.6499938964844,279.54998779296875,230901,0.0,0.005033233604906595,0.4488074177707066,-0.06277914966261672,391447.25,275.91902720879534
2022-04-01,280.3500061035156,298.0,279.54998779296875,294.0,655145,0.0,0.05169026234310814,0.42716660564582243,-0.06277914966261672,394823.35,276.0989373858223
2022-04-04,295.04998779296875,314.1000061035156,295.04998779296875,310.6000061035156,918980,0.0,0.05646260579427076,0.4773133445688067,-0.06277914966261672,408731.9,276.44223160191876
2022-04-05,313.70001220703125,326.70001220703125,313.0,319.70001220703125,635856,0.0,0.029298151721487198,0.4856155996920586,-0.06277914966261672,418985.95,276.8726572795816
2022-04-06,317.0,317.95001220703125,306.54998779296875,309.04998779296875,516034,0.0,-0.033312555543994704,0.450690885059194,-0.06277914966261672,421839.3,277.19282972250085
2022-04-07,312.0,314.8999938964844,301.0,304.1499938964844,570780,0.0,-0.015855020514567553,0.4450310024981482,-0.06277914966261672,432704.0,277.46106021179423
2022-04-08,308.0,309.8999938964844,301.54998779296875,303.1000061035156,250129,0.0,-0.003452203892945316,0.4425876065824962,-0.06277914966261672,418864.55,277.71617410126413
2022-04-11,305.0,311.8500061035156,304.04998779296875,306.75,293738,0.0,0.012042209907570323,0.4350472805920731,-0.06277914966261672,409486.1,278.00506789130134
2022-04-12,306.5,314.8999938964844,302.04998779296875,311.0,350953,0.0,0.013854930725346382,0.4317685000933397,-0.06277914966261672,407959.4,278.3333756734774
2022-04-13,313.5,319.3999938964844,311.0,313.45001220703125,285566,0.0,0.007877852755727499,0.4208273019546369,-0.06277914966261672,393746.8,278.68279494246804
2022-04-18,311.79998779296875,324.79998779296875,308.0,320.5,417031,0.0,0.022491585638581224,0.42056626624913107,-0.06277914966261672,401914.9,279.09888653508034
2022-04-19,323.3500061035156,325.0,301.5,305.3999938964844,233570,0.0,-0.047113903599112716,0.4522707397796956,-0.06277914966261672,396835.05,279.36058909589036
2022-04-20,311.8999938964844,319.70001220703125,307.0,309.3500061035156,321663,0.0,0.012933897465531974,0.45334501941838756,-0.06277914966261672,389746.15,279.65899125517024
2022-04-21,312.8500061035156,315.0,307.75,310.1000061035156,136749,0.0,0.0024244382906171147,0.43988722497810595,-0.06277914966261672,382458.2,279.961886925303
2022-04-22,314.0,344.20001220703125,313.29998779296875,337.5,3584447,0.0,0.08835857258041413,0.528738282748913,-0.06277914966261672,547929.9,280.5344054633597
2022-04-25,339.79998779296875,355.1499938964844,339.5,343.95001220703125,1778472,0.0,0.019111147280092666,0.5272614074633792,-0.047873361615910486,627095.45,281.16540652548576
2022-04-26,350.0,350.20001220703125,333.1000061035156,338.29998779296875,448630,0.0,-0.016426876620261988,0.5288303933626647,-0.047873361615910486,635502.9,281.7339098216797
2022-04-27,334.1499938964844,352.5,329.1000061035156,346.3999938964844,832049,0.0,0.023943264545645215,0.5160321345684555,-0.047873361615910486,662000.8,282.37735344431456
2022-04-28,349.79998779296875,359.79998779296875,346.8500061035156,353.79998779296875,628627,0.0,0.021362569361637274,0.5041457129229862,-0.047873361615910486,665996.1,283.0880264229082
2022-04-29,356.79998779296875,356.8999938964844,344.04998779296875,346.75,294560,0.0,-0.019926478338643028,0.5000936642990803,-0.047873361615910486,669194.0,283.7214788963121
2022-05-02,345.29998779296875,354.95001220703125,332.6499938964844,338.8500061035156,304032,0.0,-0.022782967257344966,0.49874814154219504,-0.047873361615910486,672850.55,284.27002145558777
2022-05-04,338.8999938964844,359.70001220703125,332.6000061035156,341.20001220703125,1091739,0.0,0.006935239962184703,0.49855751078592253,-0.047873361615910486,694680.25,284.83648902525385
2022-05-05,343.70001220703125,356.8999938964844,334.25,338.04998779296875,493952,0.0,-0.00923219314585233,0.4786305955225315,-0.047873361615910486,673428.85,285.3659765751814
2022-05-06,330.0,331.25,314.54998779296875,317.6000061035156,411041,0.0,-0.06049395778111155,0.49772661775895005,-0.06058441308880938,662188.1,285.68671318740365
2022-05-09,314.79998779296875,314.79998779296875,305.0,307.1000061035156,211868,0.0,-0.033060452765160564,0.5007515648430167,-0.06058441308880938,646979.8,285.8997807786088
2022-05-10,306.0,316.20001220703125,299.0,303.54998779296875,320361,0.0,-0.011559811917913998,0.4888362429225201,-0.06058441308880938,634458.85,286.0754047290004
2022-05-11,297.04998779296875,308.0,275.0,278.3999938964844,404661,0.0,-0.08285289048878997,0.5647170574827683,-0.06277914966261672,642185.45,285.9990324819107
2022-05-12,260.0,269.95001220703125,252.6499938964844,259.54998779296875,1002988,0.0,-0.06770835674128817,0.6068071300767103,-0.06791417782852575,677647.95,285.73585790789144
2022-05-13,262.54998779296875,269.8999938964844,248.6999969482422,257.5,919627,0.0,-0.007898238834069704,0.60298375475301,-0.06791417782852575,706081.65,285.4549040978627
2022-05-16,285.6499938964844,309.0,272.3999938964844,299.0,4111293,0.0,0.1611650485436893,0.8388484496557694,-0.06791417782852575,897368.0,285.58968117151585
2022-05-17,306.0,329.0,294.6000061035156,323.29998779296875,1542513,0.0,0.08127086218384205,0.8854219102230195,-0.06791417782852575,953642.1,285.9649081030726
2022-05-18,320.5,336.70001220703125,311.54998779296875,328.8999938964844,1331989,0.0,0.017321392870270458,0.8841608540128562,-0.06791417782852575,1008563.05,286.39212288708666
2022-05-19,313.04998779296875,335.5,313.04998779296875,332.1000061035156,856496,0.0,0.009729438329020956,0.8655759826406545,-0.06791417782852575,1035304.7,286.84692769521035
2022-05-20,332.0,344.8999938964844,327.3999938964844,337.75,546070,0.0,0.017012929216036365,0.8661407011382323,-0.06791417782852575,1055770.75,287.3534259270988
2022-05-23,337.54998779296875,338.0,327.0,329.8500061035156,169683,0.0,-0.02339006335006477,0.871914017177927,-0.06257332857537913,885032.55,287.77627747114275
2022-05-24,328.1499938964844,332.70001220703125,324.3999938964844,329.6499938964844,138305,0.0,-0.0006063732100356489,0.8165908432402591,-0.06257332857537913,803024.2,288.1929313659223
2022-05-25,326.0,331.79998779296875,314.95001220703125,324.29998779296875,285358,0.0,-0.016229352957899956,0.8153950803795186,-0.06257332857537913,794860.6,288.55220555922625
2022-05-26,322.1000061035156,351.0,314.29998779296875,342.1499938964844,486934,0.0,0.05504164901452602,0.8363276982370806,-0.06058441308880938,777604.85,289.08551688596515
2022-05-27,340.70001220703125,342.75,331.29998779296875,333.6499938964844,137235,0.0,-0.024842905601721643,0.8371356185364731,-0.06058441308880938,753035.25,289.5289445179106
2022-05-30,336.8999938964844,348.6499938964844,332.29998779296875,336.6000061035156,178564,0.0,0.008841637227622767,0.83413152874367,-0.06058441308880938,747235.45,289.99731328990663
2022-05-31,336.70001220703125,346.5,336.70001220703125,344.3500061035156,237579,0.0,0.02302436084215831,0.8351911166945516,-0.06058441308880938,743912.8,290.53813610397236
2022-06-01,346.3999938964844,380.0,344.6000061035156,377.0,1543168,0.0,0.09481630119869777,0.8906199910654482,-0.06058441308880938,766484.25,291.39845315766416
2022-06-02,377.0,386.5499877929688,372.3999938964844,374.3999938964844,813310,0.0,-0.006896567913834528,0.8918301995328204,-0.06058441308880938,782452.15,292.2243391351649
2022-06-03,379.6000061035156,379.8500061035156,366.5,369.9500122070313,597903,0.0,-0.011885635048069498,0.8924438409035164,-0.04778290630821266,791795.25,292.9977289169745
2022-06-06,369.9500122070313,385.0,367.2000122070313,374.5499877929688,190157,0.0,0.012434046314784952,0.8593785235393872,-0.04778290630821266,790709.7,293.8091941794222
2022-06-07,373.0,383.0,370.25,380.3999938964844,130209,0.0,0.0156187592956194,0.8456329402196577,-0.04778290630821266,781202.1,294.67079417660693
2022-06-08,383.0,413.0,381.3999938964844,399.9500122070313,1376051,0.0,0.051393319201437526,0.852057068922999,-0.04778290630821266,829771.6,295.7183485848699
2022-06-09,398.7000122070313,416.0,390.1000061035156,408.5,565462,0.0,0.02137764103515738,0.7749540570392907,-0.04778290630821266,807895.3,296.84055407158763
2022-06-10,406.0,419.8999938964844,383.2999877929688,405.5499877929688,701033,0.0,-0.007221572110235441,0.7152078448056335,-0.04778290630821266,796965.6,297.92223997926305
2022-06-13,386.0,405.0,386.0,402.3999938964844,274492,0.0,-0.007767214871900019,0.7151380840600815,-0.04778290630821266,605125.55,298.9618196202304
2022-06-14,397.0,416.3999938964844,397.0,405.7999877929688,1208413,0.0,0.008449289135324944,0.5071724662648249,-0.04778290630821266,588420.55,300.0248859702079
2022-06-15,413.0,414.9500122070313,395.6499938964844,398.7999877929688,250225,0.0,-0.017249877305494765,0.45767060608969223,-0.04778290630821266,534332.35,301.00772280426526
2022-06-16,405.0,407.0,365.2000122070313,380.2000122070313,268192,0.0,-0.04663985996808362,0.4974360899452623,-0.04778290630821266,504917.15,301.79570578339724
2022-06-17,379.0,396.7999877929688,373.3500061035156,388.0499877929688,293169,0.0,0.020646963003417618,0.4995187290260284,-0.04778290630821266,492272.1,302.65395734568153
2022-06-20,389.6000061035156,395.0,351.0,362.8999938964844,239305,0.0,-0.06481122197561406,0.5577395313567644,-0.060709820990836674,495753.2,303.2534203959383
2022-06-21,369.8999938964844,394.25,369.0499877929688,388.4500122070313,290294,0.0,0.07040512190759363,0.5932048415001492,-0.060709820990836674,503352.65,304.1011476776407
2022-06-22,389.0,389.0,375.5,377.2999877929688,117112,0.0,-0.028703884833757964,0.6064595446650031,-0.060709820990836674,494940.35,304.8294943454549
2022-06-23,379.8999938964844,386.9500122070313,374.0,385.1499938964844,148917,0.0,0.020805741737322858,0.6020367792752276,-0.060709820990836674,478039.5,305.6287032962115
2022-06-24,391.4500122070313,402.2999877929688,380.5499877929688,391.7999877929688,621221,0.0,0.017265984686142044,0.5793487756955642,-0.060709820990836674,502238.8,306.4861290125972
2022-06-27,396.0,399.9500122070313,385.5499877929688,389.6499938964844,246126,0.0,-0.005487478212022112,0.5697026816089964,-0.060709820990836674,505616.9,307.31363015572043
2022-06-28,389.6499938964844,389.6499938964844,381.2000122070313,384.6000061035156,190638,0.0,-0.012960317905998386,0.5742939358979503,-0.060709820990836674,503269.85,308.0826488218676
2022-06-29,379.25,393.0,362.9500122070313,368.6000061035156,518195,0.0,-0.04160166340635363,0.594815073621834,-0.060709820990836674,452021.2,308.684811580889
2022-06-30,365.5,371.6000061035156,355.1000061035156,358.5,203093,0.0,-0.027400992773394584,0.5030424894542225,-0.060709820990836674,421510.35,309.18048509749707
2022-07-01,351.5,362.3999938964844,344.3500061035156,346.25,204302,0.0,-0.03417015341701535,0.5151710971637904,-0.060709820990836674,401830.3,309.54933599204935
2022-07-04,348.70001220703125,357.79998779296875,334.04998779296875,344.1000061035156,364521,0.0,-0.006209368654106484,0.5143418643558388,-0.060709820990836674,410548.5,309.89312375435253
2022-07-05,350.0,386.0,350.0,374.4500122070313,3726610,0.0,0.08820112050328044,0.602326627469926,-0.060709820990836674,590368.55,310.5354808533842
2022-07-06,377.7000122070313,378.9500122070313,366.6499938964844,374.5499877929688,551912,0.0,0.0002669931437528916,0.5998666132972502,-0.060709820990836674,549161.6,311.17244112143976
2022-07-07,377.0,377.9500122070313,363.7000122070313,365.25,327035,0.0,-0.024829763972944896,0.5750764746938907,-0.060709820990836674,537240.25,311.71052628441055
2022-07-08,367.8500061035156,371.7999877929688,356.0,358.54998779296875,298157,0.0,-0.018343633694815176,0.5696905381440963,-0.060709820990836674,517096.45,312.176590578028
2022-07-11,358.79998779296875,375.6499938964844,356.79998779296875,372.8500061035156,621595,0.0,0.03988291395174692,0.590960774273423,-0.060709820990836674,534451.6,312.7803061553961
2022-07-12,374.0,376.0,366.3999938964844,372.5499877929688,323133,0.0,-0.0008046622117086066,0.5907965042947724,-0.060709820990836674,490187.6,313.37502935577
2022-07-13,375.7999877929688,379.9500122070313,362.0,366.2000122070313,407094,0.0,-0.017044627013828473,0.5911644399753415,-0.060709820990836674,498031.05,313.9006510756831
2022-07-14,369.6499938964844,377.0,364.5499877929688,373.7999877929688,455733,0.0,0.020753619149638025,0.5952608198908095,-0.060709820990836674,507408.1,314.49666437635256
2022-07-15,376.5,383.7000122070313,371.2000122070313,374.4500122070313,456950,0.0,0.00173896317627098,0.5731568014890586,-0.060709820990836674,515597.15,315.093215101036
2022-07-18,376.8999938964844,383.6000061035156,367.6499938964844,371.3500061035156,598040,0.0,-0.008278824949808583,0.5686964282573257,-0.060709820990836674,533533.9,315.6529841657373
2022-07-19,369.9500122070313,373.8999938964844,365.3500061035156,369.6000061035156,477651,0.0,-0.004712535266559792,0.5204433664961483,-0.060709820990836674,542901.75,316.1897704536754
2022-07-20,371.1000061035156,376.9500122070313,370.2000122070313,371.1499938964844,317720,0.0,0.004193689846787141,0.45637912458952445,-0.060709820990836674,552932.15,316.73663834862873
2022-07-21,375.8999938964844,379.9500122070313,367.0,370.4500122070313,444221,0.0,-0.001885980603433035,0.445778798846362,-0.060709820990836674,567697.35,317.27109978005564
2022-07-22,373.0,373.3999938964844,365.6499938964844,368.2999877929688,163235,0.0,-0.005803817905831066,0.43923217222445643,-0.060709820990836674,544798.05,317.77884990953737
2022-07-25,376.5,376.5,366.1499938964844,368.9500122070313,211554,0.0,0.0017649319457155865,0.4340175181801463,-0.060709820990836674,543069.45,318.2880157035423
2022-07-26,368.9500122070313,370.3999938964844,354.0,358.6499938964844,214015,0.0,-0.027917110637652454,0.44282122380314504,-0.060709820990836674,544238.3,318.6896274268552
2022-07-27,358.6499938964844,369.1000061035156,355.1499938964844,365.25,158047,0.0,0.01840235944746893,0.447749600090266,-0.060709820990836674,526230.9,319.1529147161403
2022-07-28,367.5499877929688,375.0,365.2999877929688,370.1499938964844,124933,0.0,0.01341545214643225,0.42663339657742166,-0.060709820990836674,522322.9,319.6603483398253
2022-07-29,370.25,378.8500061035156,368.0,371.0,338643,0.0,0.002296382865140112,0.4143588819281729,-0.04754842806846014,529039.95,320.1711906449017
2022-08-01,375.0,402.4500122070313,372.9500122070313,397.4500122070313,1187934,0.0,0.07129383344213291,0.45735452675593286,-0.04754842806846014,570210.6,320.94013414303237
2022-08-02,402.0,426.0,401.9500122070313,409.9500122070313,1614883,0.0,0.031450495951900415,0.4622599932685961,-0.04754842806846014,464624.25,321.8258045715299
2022-08-03,412.7000122070313,440.0,406.0499877929688,436.1499938964844,1630617,0.0,0.06391018638687496,0.4148961385788949,-0.041853573234440125,518559.5,322.96335869416623
2022-08-04,442.0,445.75,416.0499877929688,422.0,1189099,1.15,-0.03244295332913094,0.4370680327250269,-0.03454172891648226,561662.7,323.9487979111397
2022-08-05,423.5,430.9500122070313,416.9500122070313,426.5499877929688,461102,0.0,0.010781961594712897,0.4225343777871932,-0.03454172891648226,569809.95,324.96970527314795
2022-08-08,433.9500122070313,437.8999938964844,422.1000061035156,433.2000122070313,596463,0.0,0.015590258127706536,0.4123637946385156,-0.03454172891648226,568553.35,326.046623750102
2022-08-10,432.8999938964844,464.2000122070313,425.5499877929688,447.7000122070313,1954070,0.0,0.033471836545263756,0.406947238350538,-0.03454172891648226,650100.2,327.2571052272854
2022-08-11,451.6000061035156,454.4500122070313,432.0,445.2999877929688,632735,0.0,-0.005360787019484503,0.4086407782647341,-0.03454172891648226,661382.25,328.4316612727151
2022-08-12,444.3999938964844,453.3999938964844,437.25,450.3999938964844,530407,0.0,0.011452967085834986,0.3976740442111656,-0.03454172891648226,665115.95,329.64527652270283
2022-08-16,450.3999938964844,463.4500122070313,418.0499877929688,427.5499877929688,971793,0.0,-0.05073269629920818,0.4477153064784701,-0.041853573234440125,690858.1,330.6194527542478
2022-08-17,428.0,436.2000122070313,418.3500061035156,429.6000061035156,681728,0.0,0.004794803810261206,0.44740579554175874,-0.041853573234440125,695042.5,331.60433388210123
2022-08-18,430.6000061035156,433.5,422.0499877929688,426.2000122070313,388594,0.0,-0.007914324600044487,0.4472513536902716,-0.041853573234440125,690589.65,332.54558441269756
2022-08-19,426.2000122070313,434.5,419.7999877929688,421.4500122070313,277324,0.0,-0.01114500202710611,0.44991280519108456,-0.041853573234440125,688569.85,333.4302055847805
2022-08-22,422.7999877929688,469.7999877929688,420.3999938964844,465.7999877929688,4056885,0.0,0.10523187638241471,0.5645139617082405,-0.041853573234440125,869203.05,334.7473178455585
2022-08-23,468.75,468.75,456.2999877929688,461.1499938964844,1665187,0.0,-0.009982812405205932,0.5676141131680039,-0.041853573234440125,944300.65,336.005055915717
2022-08-24,456.1499938964844,481.7999877929688,456.1499938964844,473.25,1485531,0.0,0.026238764531419934,0.5664609212149856,-0.041853573234440125,1007999.5,337.37067724988896
2022-08-25,473.25,491.0,458.5499877929688,468.25,1754218,0.0,-0.010565240359218131,0.5710245663521676,-0.041853573234440125,1085009.65,338.67295906829804
2022-08-26,472.0,502.3999938964844,471.1000061035156,494.75,1943562,0.0,0.05659369994660968,0.5716084356823923,-0.041853573234440125,1174285.4,340.22596445070303
2022-08-29,477.1000061035156,504.8999938964844,477.1000061035156,494.7000122070313,1113558,0.0,-0.00010103646886039375,0.5742315463917503,-0.041853573234440125,1223716.65,341.76301965225855
2022-08-30,497.8999938964844,506.7000122070313,495.7000122070313,499.6499938964844,612680,0.0,0.010006027021041364,0.5744831671930759,-0.041853573234440125,1237418.5,343.3340343213553
2022-09-01,502.0,505.8999938964844,484.6499938964844,492.3500061035156,801021,0.0,-0.014610202906319092,0.5821258908204213,-0.041853573234440125,1218072.85,344.8167803092375
2022-09-02,499.0,537.3499755859375,495.25,532.9500122070312,2806654,0.0,0.08246167482524536,0.5970245304523889,-0.041853573234440125,1277661.4,346.688752765932
2022-09-05,533.0,544.0,527.3499755859375,538.4500122070312,1106559,0.0,0.010319917204286488,0.5940435299709362,-0.041853573234440125,1251458.5,348.5968249991768
2022-09-06,541.9500122070312,565.0,539.1500244140625,551.0999755859375,1801746,0.0,0.023493292027343182,0.566890778165654,-0.041853573234440125,1282090.85,350.61178172143315
2022-09-07,550.0,566.5999755859375,546.5,557.4000244140625,1149621,0.0,0.011431771198005869,0.543653946882168,-0.041853573234440125,1316516.8,352.6693761760862
2022-09-08,561.8499755859375,561.8499755859375,550.4500122070312,555.5999755859375,832174,0.0,-0.0032293662527503875,0.546817065417634,-0.041853573234440125,1328302.35,354.6885861204628
2022-09-09,560.0,564.9000244140625,542.0,559.7000122070312,1051216,0.0,0.007379475884191411,0.5471067099586533,-0.041853573234440125,1283159.65,356.72850080789135
2022-09-12,559.6500244140625,561.0,555.7999877929688,559.4500122070312,717417,0.0,-0.0004466678480391506,0.5435805791900268,-0.041853573234440125,1287393.75,358.7456302745495
2022-09-13,560.0,563.9500122070312,527.0,535.1500244140625,1092438,0.0,-0.04343549425820059,0.5733856812969762,-0.04169335494894598,1315495.3,360.50089787792774
2022-09-14,529.9000244140625,557.7999877929688,525.5499877929688,551.8499755859375,1254067,0.0,0.031206111202479736,0.5783416491275042,-0.04169335494894598,1329609.0,362.40486880039555
2022-09-15,555.0,555.0,520.0999755859375,524.8499755859375,611504,0.0,-0.04892634084350955,0.5759674423429078,-0.04169335494894598,1326097.8,364.02123802214226
2022-09-16,527.5,529.5499877929688,478.3500061035156,489.0499877929688,10682482,0.0,-0.06820994466657249,0.6372141926277652,-0.04371003658746604,1840792.2,365.26530518404104
2022-09-19,490.0,496.9500122070313,468.0,470.6000061035156,753864,0.0,-0.03772616736525447,0.6541164462965994,-0.04371003658746604,1864619.2,366.3134116608518
2022-09-20,475.1499938964844,506.8999938964844,474.2000122070313,478.9500122070313,1127194,0.0,0.01774331915686167,0.6524941633701765,-0.04371003658746604,1718134.65,367.43417385534116
2022-09-21,481.0,486.7000122070313,462.0,465.2999877929688,400000,0.0,-0.028499893655211217,0.5558525566717818,-0.04371003658746604,1654875.3,368.4079630487504
2022-09-22,465.0,474.0,455.2000122070313,463.7999877929688,357572,0.0,-0.0032237267125556635,0.55473377663381,-0.04371003658746604,1598477.35,369.3571374243148
2022-09-23,463.8999938964844,469.7999877929688,443.6499938964844,449.9500122070313,383470,0.0,-0.029861957633599334,0.5564237172972575,-0.04371003658746604,1529939.95,370.1590565763816
2022-09-26,441.1000061035156,444.1000061035156,416.2000122070313,421.4500122070313,538820,0.0,-0.06334036943394183,0.5955348261748717,-0.049016658616294485,1459702.85,370.66941434385075
2022-09-27,422.75,435.7000122070313,407.6499938964844,410.1499938964844,486124,0.0,-0.02681223865998128,0.5568523190746165,-0.049016658616294485,1428331.15,371.06225593143915
2022-09-28,409.8999938964844,410.1499938964844,398.0499877929688,405.7999877929688,368586,0.0,-0.010605890938068518,0.556091043563004,-0.049016658616294485,1416126.45,371.4079050046882
2022-09-29,415.0,427.8999938964844,410.0,416.3999938964844,571561,0.0,0.026121257817591337,0.5656788241862336,-0.049016658616294485,1404653.45,371.8555874812235
2022-09-30,416.3999938964844,426.8999938964844,404.0,422.4500122070313,454185,0.0,0.014529342937624978,0.5703988811764039,-0.049016658616294485,1287030.0,372.35901459292313
2022-10-03,421.0,425.75,411.2999877929688,422.7999877929688,401953,0.0,0.0008284425987090671,0.4711769587107771,-0.049016658616294485,1251799.7,372.8609148237694
2022-10-04,433.3500061035156,435.0,425.0,426.8999938964844,260559,0.0,0.009697271101916982,0.4708345020253829,-0.049016658616294485,1174740.35,373.3986171030999
2022-10-06,428.8999938964844,442.6000061035156,423.5,431.1499938964844,419356,0.0,0.009955493232053136,0.4607222045814523,-0.049016658616294485,1138227.1,373.97325766820825
2022-10-07,431.1499938964844,431.1499938964844,421.2999877929688,426.2999877929688,197181,0.0,-0.01124899958755421,0.4533172257591953,-0.049016658616294485,1106477.45,374.4939216495492
2022-10-10,415.0,417.3999938964844,407.0,410.0499877929688,298879,0.0,-0.03811869684568647,0.4605831059889711,-0.049016658616294485,1068860.6,374.8477133524688
2022-10-11,408.5,423.7999877929688,405.0,408.9500122070313,300399,0.0,-0.0026825402235907125,0.45600747175139966,-0.049016658616294485,1048009.7,375.18703970923065
2022-10-12,413.0499877929688,415.5,385.5,404.6000061035156,667867,0.0,-0.010637011795254558,0.4534288476719597,-0.049016658616294485,1026781.15,375.47970604151215
2022-10-13,397.0,413.1000061035156,397.0,401.1000061035156,221580,0.0,-0.008650518900646165,0.44172219637441273,-0.049016658616294485,975156.8,375.73463440033805
2022-10-14,409.7000122070313,427.5,406.0,421.9500122070313,1110314,0.0,0.051982063790182886,0.47284106011093907,-0.049016658616294485,1000097.3,376.19448890587734
2022-10-17,420.0,451.5,416.0,428.8999938964844,1548066,0.0,0.01647110199879087,0.46313248309428356,-0.049016658616294485,543376.5,376.718921791356
2022-10-18,432.2999877929688,439.8999938964844,429.1000061035156,436.2999877929688,368237,0.0,0.017253425044977844,0.41827960920878154,-0.049016658616294485,524095.15,377.3117682192328
2022-10-19,439.3999938964844,456.0,436.1000061035156,450.2999877929688,540298,0.0,0.032088013732980425,0.4195513759323929,-0.049016658616294485,494750.35,378.038019160265
2022-10-20,446.0499877929688,454.75,437.0499877929688,451.3999938964844,351948,0.0,0.002442829521064338,0.4138981996058587,-0.049016658616294485,492347.75,378.76798905813786
2022-10-21,452.0,499.9500122070313,451.8999938964844,491.7999877929688,1875838,0.0,0.08949932308982045,0.510938543843996,-0.049016658616294485,568261.05,379.8926855629621
2022-10-24,501.0,509.8999938964844,497.5499877929688,505.3999938964844,328342,0.0,0.02765353078707422,0.5172589148500366,-0.049016658616294485,565504.65,381.1415145016041
2022-10-25,509.0,531.6500244140625,499.6000061035156,524.7999877929688,1216692,0.0,0.03838542566436565,0.5139877033878696,-0.049016658616294485,599398.25,382.5709520467918
2022-10-27,528.8499755859375,535.0,521.5499877929688,530.7000122070312,535148,0.0,0.011242424830981479,0.44400069035190814,-0.049016658616294485,601849.45,384.0448730434111
2022-10-28,532.4500122070312,541.0,503.5,508.6000061035156,703980,0.0,-0.04164312341280707,0.46266331796585347,-0.049016658616294485,618619.15,385.28422760122305
2022-10-31,511.1499938964844,512.9000244140625,481.7000122070313,484.6499938964844,606406,0.0,-0.047090074556854544,0.4996130196251629,-0.049016658616294485,620361.4,386.2729416937132
2022-11-01,488.2999877929688,506.5,485.0,490.0499877929688,587304,0.0,0.01114204882799985,0.4958087024052965,-0.049016658616294485,627017.35,387.3055491175864
2022-11-02,492.5499877929688,494.7999877929688,480.0,486.2000122070313,211914,0.0,-0.007856291565839224,0.49829042044745364,-0.049016658616294485,617515.4,388.28957362593906
2022-11-03,486.2000122070313,488.6000061035156,482.3500061035156,485.1499938964844,177606,0.0,-0.0021596427070836866,0.4988772609308573,-0.049016658616294485,613367.75,389.2533589022629
2022-11-04,487.5,503.0,485.4500122070313,496.3500061035156,413904,0.0,0.023085669067164805,0.5019241705354622,-0.049016658616294485,613095.15,390.3189971828724
2022-11-07,505.0,514.0,495.5,500.2000122070313,475086,0.0,0.007756635551874558,0.501855923550181,-0.049016658616294485,626990.4,391.4123406159486
2022-11-09,503.0,503.0,490.5499877929688,498.3999938964844,252578,0.0,-0.0035985970943996914,0.49893295518796094,-0.049016658616294485,624675.35,392.47689437993404
2022-11-10,498.3999938964844,512.5999755859375,496.0499877929688,509.8999938964844,596554,0.0,0.023073836558650695,0.47207656856384844,-0.049016658616294485,639483.1,393.64528342985
2022-11-11,518.0,522.7999877929688,503.0,505.25,734652,0.0,-0.009119423322504261,0.4749188220797896,-0.049016658616294485,642822.35,394.7557781220903
2022-11-14,507.7999877929688,507.7999877929688,495.3500061035156,504.7000122070313,255058,0.0,-0.0010885458544654947,0.47068730098572886,-0.047181887871187295,644496.25,395.8497506005474
2022-11-15,505.7000122070313,514.7999877929688,502.0,510.0499877929688,349684,0.0,0.010600308017711946,0.46525669443262335,-0.047181887871187295,606464.75,396.9860713686312
2022-11-16,512.5,512.5,493.0,496.2999877929688,261355,0.0,-0.026958142003879804,0.459922186344156,-0.047181887871187295,542129.2,397.97426954200773
2022-11-17,498.7999877929688,500.8999938964844,488.0,498.7000122070313,270690,0.0,0.004835834118665394,0.4590354890063553,-0.047181887871187295,537251.85,398.9765157376796
2022-11-18,498.0499877929688,502.25,480.2000122070313,487.1499938964844,262835,0.0,-0.02316025271271105,0.4695517365239078,-0.047181887871187295,523378.7,399.85386377906076
2022-11-21,487.8999938964844,511.0,486.25,507.5,573184,0.0,0.041773594084945964,0.4775477571669673,-0.047181887871187295,534440.5,400.9249696121049
2022-11-22,507.7999877929688,509.2000122070313,491.1000061035156,495.1499938964844,313529,0.0,-0.024334987396089858,0.48902698472657563,-0.047181887871187295,456325.05,401.8625320427953
2022-11-23,495.9500122070313,506.5,495.6499938964844,499.3999938964844,396904,0.0,0.008583257704509739,0.38095611364601073,-0.047181887871187295,459753.15,402.83305405128976
2022-11-24,503.25,506.0,498.6000061035156,502.1499938964844,336617,0.0,0.005506607996815571,0.36897327221512377,-0.047181887871187295,415749.4,403.8212823084559
2022-11-25,505.0,513.9500122070312,481.5499877929688,484.9500122070313,620420,0.0,-0.03425267728470538,0.35931021896005616,-0.047181887871187295,420013.0,404.62853335222286
2022-11-28,480.25,495.75,479.0,492.6499938964844,501670,0.0,0.01587788740206464,0.36205620937104893,-0.047181887871187295,409897.5,405.504368780524
2022-11-29,492.0,492.0,467.0,470.3999938964844,368596,0.0,-0.04516391002873976,0.3669285431685274,-0.047181887871187295,398007.0,406.1500963936181
2022-11-30,473.4500122070313,484.3500061035156,468.3500061035156,475.0,4511657,0.0,0.009778924666669742,0.33303397032546367,-0.047181887871187295,594224.65,406.8351700613433
2022-12-01,482.9500122070313,493.0,482.25,486.25,324453,0.0,0.023684210526315752,0.3414042178336141,-0.047181887871187295,599851.6,407.62536737416576
2022-12-02,483.1000061035156,491.0,483.0,488.8500061035156,99556,0.0,0.005347056254016769,0.34071173036524305,-0.047181887871187295,595949.1,408.4335727346568
2022-12-05,492.0,493.75,486.7999877929688,491.4500122070313,141759,0.0,0.005318617308077034,0.340966626253659,-0.047181887871187295,582341.85,409.2596069582625
2022-12-06,492.7999877929688,519.2000122070312,486.5,516.2999877929688,1449991,0.0,0.05056460467737045,0.37513582341493923,-0.047181887871187295,631087.1,410.3246853745283
2022-12-07,520.0,525.0,515.75,520.6500244140625,731904,0.0,0.008425405237154626,0.3752690262936001,-0.047181887871187295,655053.4,411.4224499420859
2022-12-08,518.5,531.7999877929688,516.3499755859375,527.6500244140625,374367,0.0,0.013444731915412511,0.3766064910988032,-0.047181887871187295,643944.05,412.57894322041403
2022-12-09,527.6500244140625,532.6500244140625,501.5499877929688,511.6000061035156,394229,0.0,-0.030417923941858716,0.386125117076685,-0.047181887871187295,626922.9,413.5642274282061
2022-12-12,511.8999938964844,513.9000244140625,503.4500122070313,510.0,111873,0.0,-0.0031274552080280404,0.38481159422176725,-0.047181887871187295,619763.65,414.52378735429363
2022-12-13,511.6499938964844,526.9000244140625,503.3500061035156,519.4000244140625,229590,0.0,0.01843142041973045,0.3895637799305174,-0.0452602182551455,613758.95,415.5673320016545
2022-12-14,525.5,532.0,510.0,513.7999877929688,202777,0.0,-0.010781741158774838,0.3904181321870119,-0.041819162743603706,610830.05,416.5447713627621
2022-12-15,516.3499755859375,517.9500122070312,501.0,503.6000061035156,133288,0.0,-0.019852047356535008,0.3848255870192542,-0.041819162743603706,603959.95,417.4109926039636
2022-12-16,503.6000061035156,504.2999877929688,477.0499877929688,490.0,370589,0.0,-0.0270055717606964,0.39643350350146317,-0.041819162743603706,609347.65,418.13327128452124
2022-12-19,488.0,488.5,471.7999877929688,478.1499938964844,227936,0.0,-0.024183685925542098,0.3971844090954038,-0.041819162743603706,592085.25,418.7304526040433
2022-12-20,480.0,490.0,473.0,482.8500061035156,196520,0.0,0.009829577051189364,0.3686441410908294,-0.041819162743603706,586234.8,419.3684581115008
2022-12-21,482.0,489.2999877929688,463.0499877929688,468.1000061035156,402038,0.0,-0.030547788782336327,0.37395341865098125,-0.041819162743603706,586491.5,419.85334913629697
2022-12-22,470.25,477.5499877929688,445.0,447.6499938964844,238069,0.0,-0.043687271823083296,0.39768267253365536,-0.04174533083332088,581564.1,420.1299326662491
2022-12-23,443.0,446.2000122070313,413.5,416.9500122070313,270581,0.0,-0.06858032415510806,0.4523238439530157,-0.04376110373336612,564072.15,420.0982916666549
2022-12-26,419.7999877929688,442.8500061035156,413.1499938964844,438.1499938964844,206285,0.0,0.05084537970687597,0.48590898790147674,-0.04376110373336612,549302.9,420.27791059431496
2022-12-27,442.0,450.0,433.0,436.1000061035156,142820,0.0,-0.004678735185496885,0.4803006907049676,-0.04376110373336612,538014.1,420.4353443804762
2022-12-28,438.2999877929688,439.6499938964844,428.0,430.2000122070313,175393,0.0,-0.01352899292343479,0.45930226596423873,-0.04376110373336612,321200.9,420.53250525437227
2022-12-29,425.0,440.0,420.0,431.3500061035156,186284,0.0,0.002673161003842406,0.45730198128646893,-0.04376110373336612,314292.45,420.6401420787419
2022-12-30,433.2000122070313,438.2000122070313,417.7000122070313,419.5,383205,0.0,-0.027471904337174946,0.45233269522002784,-0.04376110373336612,328474.9,420.628797381441
2023-01-02,425.0,427.0,415.7999877929688,419.5499877929688,256871,0.0,0.00011916041232140628,0.45095065290973874,-0.04376110373336612,334230.5,420.61806295767514
2023-01-03,419.5499877929688,420.3999938964844,408.6000061035156,410.25,214077,0.0,-0.022166578628427858,0.45164310233580807,-0.04376110373336612,272434.8,420.51489815212614
2023-01-04,411.2000122070313,420.2000122070313,403.5499877929688,406.25,268390,0.0,-0.009750152346130414,0.3979373962169937,-0.04376110373336612,249259.1,420.3729588670304
2023-01-05,407.5499877929688,415.7000122070313,398.8500061035156,412.1499938964844,374587,0.0,0.014523061899038403,0.4022346014946325,-0.04376110373336612,249270.1,420.2911383200598
2023-01-06,414.6000061035156,414.75,406.3999938964844,410.4500122070313,148131,0.0,-0.0041246675109257724,0.39342246904749745,-0.04376110373336612,236965.2,420.1932166671939
2023-01-09,413.0,416.2000122070313,407.0,409.75,91636,0.0,-0.001705474932909068,0.38865703217470715,-0.04376110373336612,235953.35,420.0893040635402
2023-01-10,411.7000122070313,416.8999938964844,407.0499877929688,413.7999877929688,116266,0.0,0.009884045864475333,0.39422557476240444,-0.04376110373336612,230287.15,420.02672380214153
2023-01-11,415.7999877929688,423.5499877929688,399.2000122070313,401.5,592426,0.0,-0.029724475968623487,0.38628430245951817,-0.04376110373336612,249769.6,419.84237829167245
2023-01-12,407.0,421.3999938964844,402.0,412.3999938964844,701982,0.0,0.027148179069699463,0.40932781762285964,-0.04376110373336612,278204.3,419.7683247156009
2023-01-13,413.6000061035156,414.5,402.7999877929688,406.1499938964844,213205,0.0,-0.015155189361057086,0.40823899872322467,-0.04376110373336612,270335.1,419.63281893630625
2023-01-16,406.5,411.9500122070313,406.2000122070313,409.2999877929688,97915,0.0,0.007755740351647722,0.40761442833267214,-0.04376110373336612,263834.05,419.53000469607406
2023-01-17,410.9500122070313,410.9500122070313,398.0,399.7000122070313,198811,0.0,-0.023454619770947427,0.40726223360477554,-0.04376110373336612,263948.6,419.33269133797415
2023-01-18,401.3999938964844,403.7999877929688,395.25,398.0,129658,0.0,-0.0042532203030075655,0.4023068125857495,-0.04376110373336612,250329.6,419.1204257525217
2023-01-19,396.8999938964844,398.0,386.5499877929688,387.7999877929688,213712,0.0,-0.02562817137445028,0.3993136795519181,-0.04376110373336612,249111.75,418.8087796036705
2023-01-20,388.7000122070313,388.7000122070313,378.1499938964844,381.9500122070313,433587,0.0,-0.015085032929553766,0.3794611779278771,-0.04376110373336612,257262.05,418.44202569922635
2023-01-23,383.7000122070313,384.7999877929688,372.3999938964844,374.5499877929688,181146,0.0,-0.019374326947400156,0.3114529090700885,-0.04376110373336612,256005.1,418.00528900364174
2023-01-24,375.0,379.9500122070313,371.0,374.25,152448,0.0,-0.0008009285882946138,0.23757831322957185,-0.03472440701162427,256486.5,417.56991299365524
2023-01-25,372.25,385.2999877929688,368.2000122070313,370.2999877929688,285548,0.0,-0.010554474835086647,0.23761113074920434,-0.03472440701162427,261994.25,417.0995654792206
2023-01-27,372.2000122070313,380.0,364.0,365.7999877929688,238982,0.0,-0.012152309339302225,0.23722958730343802,-0.03472440701162427,264629.15,416.5891219201534
2023-01-30,365.6000061035156,367.6000061035156,357.95001220703125,361.3999938964844,160839,0.0,-0.012028414552530564,0.2346717708434616,-0.03472440701162427,253510.85,416.0399763676791
2023-01-31,362.2000122070313,387.7999877929688,361.6499938964844,380.0499877929688,987456,0.0,0.0516048539331917,0.3031096203007611,-0.03472440701162427,290040.1,415.68186702862727
2023-02-01,384.7000122070313,390.7000122070313,370.6499938964844,378.3999938964844,216873,0.0,-0.004341518088360696,0.30264288175406057,-0.03472440701162427,290179.9,415.31090311686467
2023-02-02,375.0,389.0,374.0,379.8500061035156,244978,0.0,0.003831956211468368,0.29712231768162617,-0.03472440701162427,289009.3,414.9580583704632
2023-02-03,381.2000122070313,390.7000122070313,377.5,380.7000122070313,701163,0.0,0.0022377414501977277,0.29684405875535913,-0.03472440701162427,305338.1,414.617182289235
2023-02-06,392.9500122070313,417.8500061035156,389.9500122070313,412.3500061035156,1958634,0.0,0.08313630911908798,0.41806229275750245,-0.03472440701162427,395863.25,414.59462332221295
2023-02-07,414.3999938964844,423.7000122070313,398.0,400.8500061035156,830316,0.0,-0.027888928894821086,0.42921886893128575,-0.03472440701162427,432797.25,414.4578609618279
2023-02-08,401.0,429.0,398.3999938964844,425.0,1119728,0.0,0.06024695903396804,0.47838660366846636,-0.03472440701162427,482970.35,414.5627578676804
2023-02-09,423.7000122070313,443.9500122070313,421.0499877929688,439.2000122070313,637563,0.0,0.03341179342830891,0.489974218879599,-0.03472440701162427,485227.2,414.8079046770272
2023-02-10,440.0,448.4500122070313,433.0,442.7000122070313,466015,0.0,0.007969034386889229,0.4751545227418235,-0.03472440701162427,473428.85,415.08543808528594
2023-02-13,443.4500122070313,445.6000061035156,433.0,441.0,257146,0.0,-0.003840099751875048,0.4691054564617383,-0.03472440701162427,475625.9,415.34329442274577
2023-02-14,437.1000061035156,461.1499938964844,437.1000061035156,455.0,564547,0.0,0.031746031746031855,0.47359008900954913,-0.03472440701162427,498957.5,415.7378885080916
2023-02-15,453.0499877929688,456.3999938964844,435.0499877929688,441.7999877929688,286883,0.0,-0.02901101583962895,0.48859967757664785,-0.03472440701162427,503361.1,415.99721287908545
2023-02-16,440.0,454.8999938964844,440.0,448.3999938964844,218372,0.0,0.01493890060179992,0.4793474396850898,-0.03472440701162427,507796.8,416.3196286106019
2023-02-17,449.0,460.0,439.6000061035156,446.25,252316,0.0,-0.004794812501671686,0.4794958107407653,-0.03472440701162427,509727.0,416.61744325129246
2023-02-20,445.0499877929688,468.0,438.0499877929688,453.5499877929688,564606,0.0,0.016358516062675132,0.46661108518070116,-0.031204762934373673,516277.95,416.9849312566823
2023-02-21,455.7999877929688,465.9500122070313,447.2999877929688,459.4500122070313,352865,0.0,0.013008542768951914,0.4592757570670023,-0.031204762934373673,524863.9,417.4074693755913
2023-02-22,456.8999938964844,466.75,452.5499877929688,462.5499877929688,251771,0.0,0.006747144419577467,0.44754556936938705,-0.030424417183882595,529830.05,417.85664866332644
2023-02-23,463.7999877929688,465.25,445.0,447.8500061035156,174900,0.0,-0.03178030932309239,0.4696924861638175,-0.03060941480937413,524297.65,418.1550900308905
2023-02-24,449.8999938964844,457.3500061035156,439.2000122070313,443.9500122070313,146015,0.0,-0.008708259112053862,0.46876701065950444,-0.03060941480937413,519649.3,418.4117559231904
2023-02-27,443.9500122070313,445.5,425.1000061035156,429.1499938964844,175307,0.0,-0.033337127837818614,0.48627502785972765,-0.0318581502488287,520372.7,418.5186040622282
2023-02-28,431.2999877929688,474.6000061035156,429.2000122070313,467.9500122070313,1581926,0.0,0.09041132206075697,0.5572270012451674,-0.0318581502488287,550096.2,419.01045886963914
2023-03-01,462.0,480.25,456.2000122070313,476.9500122070313,647364,0.0,0.019232823517949083,0.5399477067547463,-0.0318581502488287,571620.75,419.5869718381704
2023-03-02,473.5,483.0,473.5,477.5,212940,0.0,0.0011531350852129751,0.5382611014156822,-0.0318581502488287,570018.85,420.1632208746065
2023-03-03,478.0,485.2999877929688,462.7999877929688,468.1000061035156,200803,0.0,-0.01968585109211385,0.5486412831153078,-0.0318581502488287,545000.85,420.64020381220763
2023-03-06,472.7000122070313,481.2000122070313,470.0499877929688,475.3999938964844,163902,0.0,0.01559493206106577,0.5480422302684442,-0.0318581502488287,455264.25,421.18507734538457
2023-03-08,475.5,479.6000061035156,461.1000061035156,466.75,139056,0.0,-0.0181951914336117,0.4897331371209473,-0.0318581502488287,420701.25,421.6384596603559
2023-03-09,465.0,472.8999938964844,465.0,468.7000122070313,97076,0.0,0.004177851541577571,0.4738156170010651,-0.0318581502488287,369568.65,422.1067338150492
2023-03-10,466.0,471.7999877929688,460.3500061035156,469.0,82399,0.0,0.0006400422128347572,0.43415284860251513,-0.0318581502488287,341810.45,422.5733334785811
2023-03-13,472.0,494.0,470.3500061035156,477.9500122070313,1106744,0.0,0.019083181678105188,0.42510149792641444,-0.0318581502488287,373846.9,423.12434520722246
2023-03-14,477.9500122070313,479.0,463.5,474.8999938964844,161930,0.0,-0.0063814587983016535,0.42647384655985715,-0.0318581502488287,369086.1,423.63952579119524
2023-03-15,479.25,493.0,477.5,485.0499877929688,368241,0.0,0.021372908037343263,0.42979982873191674,-0.0318581502488287,359270.8,424.2505751643472
2023-03-16,483.7999877929688,483.7999877929688,470.7000122070313,478.8999938964844,102745,0.0,-0.012679092982699758,0.4223020070381243,-0.0318581502488287,350063.9,424.79435047511475
2023-03-17,481.2999877929688,494.5499877929688,471.0499877929688,488.25,194639,0.0,0.019523921951723144,0.4095574636714375,-0.0318581502488287,348877.25,425.4257499728748
2023-03-20,490.0,493.0,476.8999938964844,479.75,90335,0.0,-0.017409114183307706,0.4150390445197729,-0.02982726763634693,340778.2,425.9662897741398
2023-03-21,482.1499938964844,482.2999877929688,469.0,471.8500061035156,293263,0.0,-0.01646689712659588,0.4199330130526684,-0.029046688846078677,327211.05,426.4228441654769
2023-03-22,470.5499877929688,476.0,468.75,473.8500061035156,52301,0.0,0.004238635104650612,0.41715888124862577,-0.029046688846078677,312182.85,426.89475622456183
2023-03-23,471.25,488.9500122070313,470.8500061035156,479.7000122070313,131834,0.0,0.012345691734016118,0.41695289117787676,-0.029046688846078677,306186.0,427.4201816572232
2023-03-24,480.2999877929688,481.6000061035156,465.4500122070313,467.5,111763,0.0,-0.025432586817959013,0.42747018837124245,-0.029046688846078677,303029.15,427.8189858198379
2023-03-27,467.5,469.8500061035156,439.0,446.2999877929688,145571,0.0,-0.04534761969418433,0.44282427520736384,-0.02982726763634693,303006.95,428.0028763867347
2023-03-28,445.7999877929688,452.2000122070313,421.2000122070313,425.0,242253,0.0,-0.047725718968313124,0.472353069483253,-0.0318581502488287,306354.25,427.9729970197025
2023-03-29,425.0,440.9500122070313,421.0,428.2999877929688,241992,0.0,0.007764677159926681,0.458890989189892,-0.0318581502488287,239357.55,427.97625065923756
2023-03-31,428.2999877929688,446.6499938964844,428.2999877929688,438.1499938964844,203448,0.0,0.022997913575185214,0.33470314754291114,-0.0318581502488287,217161.75,428.0774819352301
2023-04-03,438.1499938964844,453.75,430.0,433.6499938964844,189591,0.0,-0.01027045546658878,0.32558501941664725,-0.0318581502488287,215994.3,428.13292981544157
2023-04-05,432.3500061035156,471.4500122070313,432.0,466.3999938964844,2182260,0.0,0.07552173518032546,0.42735152131473186,-0.0318581502488287,315067.15,428.51369662221816
2023-04-06,464.0,472.0,458.8500061035156,463.9500122070313,265476,0.0,-0.0052529625246883205,0.4221989756501202,-0.0318581502488287,320145.85,428.866296777291
2023-04-10,463.9500122070313,477.8999938964844,461.0,466.3999938964844,229322,0.0,0.005280701853629388,0.41886949120178696,-0.0318581502488287,324659.15,429.23976640036756
2023-04-11,466.3999938964844,475.6499938964844,465.0,467.4500122070313,129041,0.0,0.002251325738181764,0.4139962982434589,-0.0318581502488287,326257.4,429.6199678511802
2023-04-12,467.4500122070313,471.5,464.0499877929688,466.8999938964844,76012,0.0,-0.0011766355678333174,0.4137948152397563,-0.0318581502488287,325938.05,429.9909133839693
2023-04-13,466.0,479.5,462.3500061035156,466.2000122070313,166363,0.0,-0.0014992111771332528,0.41382840700513246,-0.0318581502488287,278919.0,430.35120292449733
2023-04-17,465.3999938964844,475.0,462.2999877929688,472.8500061035156,134846,0.0,0.014264250798713407,0.4113629579973993,-0.0318581502488287,277564.8,430.77407658797017
2023-04-18,472.8500061035156,483.0,471.25,475.6000061035156,171734,0.0,0.005815797746649531,0.4112213554305995,-0.0318581502488287,267739.45,431.2201057373786
2023-04-19,475.4500122070313,512.2000122070312,475.0,505.8500061035156,1123284,0.0,0.06360386798106132,0.46134430886310257,-0.0318581502488287,318766.4,431.9626918106735
2023-04-20,510.0499877929688,514.9000244140625,501.6000061035156,507.6499938964844,417004,0.0,0.003558342930217062,0.4580756681558823,-0.0318581502488287,329884.65,432.7157992941144
2023-04-21,505.2999877929688,505.2999877929688,488.3999938964844,492.6000061035156,313398,0.0,-0.02964638623838456,0.467528461411569,-0.0318581502488287,341037.8,433.3116620484368
2023-04-24,491.8999938964844,496.5,480.5499877929688,482.0,197679,0.0,-0.021518485530201414,0.4697597319701341,-0.0318581502488287,336258.6,433.7961231225817
2023-04-25,483.9500122070313,493.4500122070313,471.5499877929688,475.2000122070313,232751,0.0,-0.014107858491636316,0.4687476922404036,-0.0318581502488287,345281.1,434.20810211844696
2023-04-26,475.2000122070313,484.25,468.0,470.5499877929688,220596,0.0,-0.00978540466037825,0.4699469643082403,-0.0318581502488287,349719.2,434.56971292117856
2023-04-27,471.5499877929688,478.5,466.0,468.3999938964844,138018,0.0,-0.004569108388608356,0.4680324725350756,-0.0318581502488287,351031.95,434.90633263237567
2023-04-28,471.6499938964844,474.2000122070313,459.0,464.7000122070313,267581,0.0,-0.007899192437373803,0.4602473502237566,-0.0318581502488287,357132.45,435.2027871555066
2023-05-02,467.0499877929688,474.9500122070313,455.0,458.2999877929688,242150,0.0,-0.01377237840745138,0.4331547466925026,-0.0318581502488287,357127.3,435.43261004742163
2023-05-03,458.75,466.4500122070313,450.25,451.9500122070313,217757,0.0,-0.013855500229264739,0.39909752499047,-0.0318581502488287,355915.55,435.59696230771624
2023-05-04,454.0,456.8999938964844,445.1499938964844,449.1000061035156,200402,0.0,-0.006306020636216103,0.40005577841790535,-0.0318581502488287,355763.25,435.7313209524506
2023-05-05,449.9500122070313,463.8999938964844,445.0,446.75,423620,0.0,-0.005232701116850924,0.39378193645418696,-0.0318581502488287,367464.7,435.84095954993865
2023-05-08,449.7999877929688,456.0,445.3999938964844,451.75,241111,0.0,0.011191941801902638,0.3929157124893907,-0.0318581502488287,270407.25,435.9992584598895
2023-05-09,453.8999938964844,460.0,442.0,444.8999938964844,198912,0.0,-0.01516326752300079,0.2925424787807557,-0.0318581502488287,267079.05,436.08782299159697
2023-05-10,444.8999938964844,448.8999938964844,440.5,446.25,128431,0.0,0.0030344035109826084,0.2928207671150973,-0.0318581502488287,262034.5,436.1889391807353
2023-05-11,448.6000061035156,450.75,444.0,445.0,83361,0.0,-0.0028011204481792618,0.29173227913194183,-0.0318581502488287,259750.5,436.2766114276932
2023-05-12,445.9500122070313,454.75,428.5,429.8999938964844,333640,0.0,-0.03393259798542836,0.3112434404996611,-0.0333669013451991,272631.9,436.21316249703443
2023-05-15,431.9500122070313,471.7999877929688,430.5,467.2999877929688,1780667,0.0,0.0869969630785572,0.44271462716849436,-0.0333669013451991,353347.1,436.5224841417701
2023-05-16,467.7999877929688,492.0,465.0,486.8999938964844,901373,0.0,0.04194309140919361,0.46536558184543103,-0.0333669013451991,391673.45,437.0237528955484
2023-05-17,483.7999877929688,483.7999877929688,465.9500122070313,468.5499877929688,329750,0.0,-0.037687423153709876,0.48322750005240084,-0.03412033924384243,399574.25,437.33744677512476
2023-05-18,472.3999938964844,481.1499938964844,464.7999877929688,469.2000122070313,399501,0.0,0.0013873107053621325,0.4827985264410765,-0.03412033924384243,363385.1,437.65448722718355
2023-05-19,469.2000122070313,478.5,463.7000122070313,472.2000122070313,239438,0.0,0.0063938617262360165,0.4246879789809581,-0.03412033924384243,354506.8,437.99822379414724
2023-05-22,485.0,564.7999877929688,484.3999938964844,557.5,8014464,0.0,0.18064376448082298,0.7652951948828587,-0.03412033924384243,739560.1,439.1872961942055
2023-05-23,556.5,565.7000122070312,532.25,539.25,1657214,0.0,-0.032735426008968616,0.7671547951843178,-0.03412033924384243,812536.85,440.182944988293
2023-05-24,533.0,583.7999877929688,531.0,571.25,4041541,0.0,0.059341678256838115,0.7824638935413987,-0.03412033924384243,1002976.35,441.4870947894045
2023-05-25,565.7999877929688,583.7999877929688,552.5499877929688,557.0,1015210,0.0,-0.02494529540481405,0.7874154592310187,-0.03412033924384243,1042707.05,442.6364769308035
2023-05-26,559.0,563.9000244140625,540.0,543.5999755859375,469995,0.0,-0.024057494459717277,0.7931633290546484,-0.03412033924384243,1059305.9,443.64108885772026
2023-05-29,546.9500122070312,561.5,541.5499877929688,547.9000244140625,584267,0.0,0.007910318287799756,0.7918487949009178,-0.03412033924384243,1075140.2,444.67849120156444
2023-05-30,549.9000244140625,550.9500122070312,531.0,533.7999877929688,340272,0.0,-0.025734688798695893,0.7989081952201019,-0.03412033924384243,1080046.3,445.5652722621754
2023-05-31,533.9000244140625,547.0,515.25,534.4500122070312,746226,0.0,0.0012177302902349751,0.7955017279988923,-0.03412033924384243,1106469.75,446.44969753525857
2023-06-01,538.6500244140625,561.9500122070312,537.0499877929688,540.6500244140625,635624,0.0,0.01160073358671676,0.7913819878049958,-0.03412033924384243,1128230.85,447.3870142206198
2023-06-02,543.3499755859375,549.0,537.3499755859375,544.6500244140625,249934,0.0,0.007398501469291663,0.7893173667755016,-0.03412033924384243,1119546.55,448.35480536682326
2023-06-05,548.0499877929688,554.6500244140625,527.3499755859375,531.0999755859375,321563,0.0,-0.024878450786268158,0.7970911349417753,-0.03412033924384243,1123569.15,449.1781403938792
2023-06-06,532.4000244140625,540.0,525.0999755859375,535.1500244140625,250848,0.0,0.0076257748339316755,0.7970851096159337,-0.03412033924384243,1126165.95,450.0335820259208
2023-06-07,535.1500244140625,545.75,533.0999755859375,544.5499877929688,245343,0.0,0.017565099411512408,0.7925216883486186,-0.03412033924384243,1132011.55,450.9740437748467
2023-06-08,546.1500244140625,553.2999877929688,535.5499877929688,537.75,211579,0.0,-0.012487352759897652,0.7962472385555107,-0.03412033924384243,1138422.45,451.8374861253458
2023-06-09,538.5,552.5,531.5999755859375,534.8499755859375,285444,0.0,-0.005392885939679237,0.7968241488027907,-0.03412033924384243,1136012.65,452.66348104535166
2023-06-12,535.8499755859375,537.2000122070312,523.0499877929688,529.0499877929688,218284,0.0,-0.010844139586273283,0.7847388062853278,-0.03412033924384243,1057893.5,453.4235457891091
2023-06-13,530.0499877929688,550.0,530.0499877929688,548.4500122070312,523867,0.0,0.03666954893051466,0.7415131613921665,-0.03412033924384243,1039018.2,454.36908276839193
2023-06-14,550.0,551.6500244140625,540.0999755859375,547.7000122070312,229748,0.0,-0.0013674901692168895,0.7321046917616054,-0.03412033924384243,1034018.1,455.29774873295554
2023-06-15,550.0,553.0,527.25,531.5999755859375,413723,0.0,-0.029395720763664923,0.7263319662395002,-0.03412033924384243,1034729.2,456.0569748707961
2023-06-16,535.0,539.9000244140625,526.0,534.25,227512,0.0,0.004984997245610412,0.7260917792979241,-0.03412033924384243,1034132.9,456.835014921833
2023-06-19,536.0,547.8499755859375,531.0999755859375,534.1500244140625,281412,0.0,-0.00018713258949465406,0.72653241810722,-0.03412033924384243,647480.3,457.60431849887016
2023-06-20,535.75,538.0999755859375,526.3499755859375,531.7000122070312,145088,0.0,-0.0045867492184781256,0.35795719028564327,-0.03412033924384243,571874.0,458.34158908303095
2023-06-21,533.7000122070312,543.2000122070312,532.0999755859375,540.1500244140625,240900,0.0,0.015892443131524825,0.3447650282505743,-0.03412033924384243,381841.95,459.1556033649318
2023-06-22,540.1500244140625,554.7000122070312,527.0499877929688,531.3499755859375,766602,0.0,-0.016291860465379115,0.27382366369504,-0.03412033924384243,369411.55,459.8739553273299
2023-06-23,532.0,550.0,527.25,541.5499877929688,531345,0.0,0.01919641041816811,0.2725507299806394,-0.03412033924384243,372479.05,460.686652167784
2023-06-26,541.5499877929688,552.4000244140625,534.2999877929688,549.8499755859375,698107,0.0,0.015326355793662705,0.2649711852557776,-0.0327952846077916,378171.05,461.5738494157259
2023-06-27,552.5999755859375,566.9500122070312,537.0,540.5,1031563,0.0,-0.01700459398215648,0.2704023212008688,-0.02980083822691376,412735.6,462.3591842474102
2023-06-28,542.0,548.5,525.0999755859375,529.9000244140625,373417,0.0,-0.019611425690911233,0.2639600337608129,-0.02980083822691376,394095.15,463.03123240827244
2023-06-30,531.4500122070312,545.0,531.0499877929688,541.5999755859375,511759,0.0,0.022079544504290727,0.2750492259349488,-0.02980083822691376,387901.9,463.81301094735375
2023-07-03,545.9000244140625,546.0999755859375,538.0499877929688,539.2999877929688,174814,0.0,-0.0042466541666300595,0.2726587006216993,-0.02980083822691376,384145.9,464.5641251448226
2023-07-04,541.9000244140625,544.7000122070312,538.0499877929688,539.0,122254,0.0,-0.0005562540325587673,0.2713360326702792,-0.02980083822691376,374180.45,465.3047806160184
2023-07-05,548.0,548.0,539.0499877929688,540.5999755859375,242769,0.0,0.002968414816210574,0.25636178012843724,-0.02980083822691376,373776.5,466.05398653611707
2023-07-06,540.5999755859375,543.9500122070312,538.4000244140625,539.5499877929688,128308,0.0,-0.0019422638556924054,0.2553717677671929,-0.02980083822691376,367924.75,466.78529003121014
2023-07-07,541.0,543.75,535.0,538.7000122070312,166062,0.0,-0.0015753416831947309,0.2477620126028496,-0.02980083822691376,365648.9,467.500859406094
2023-07-10,539.8499755859375,549.9500122070312,535.4000244140625,546.3499755859375,329748,0.0,0.014200785605265942,0.24860201601059304,-0.02980083822691376,367864.1,468.28542772629146
2023-07-11,550.0,554.2000122070312,542.8499755859375,545.5,522239,0.0,-0.001555734646141338,0.24773743765919504,-0.02980083822691376,383061.85,469.05373192801994
2023-07-12,559.0,623.0,556.6500244140625,583.2000122070312,8440159,0.0,0.06911092980207378,0.3378055378156321,-0.02980083822691376,778876.45,470.1895158113932
2023-07-13,588.75,591.7000122070312,561.0499877929688,566.9000244140625,735213,0.0,-0.027949224025705877,0.3352982256696566,-0.02980083822691376,804149.7,471.1518094293302
2023-07-14,570.0,581.3499755859375,564.0,572.9500122070312,467965,0.0,0.01067205421136097,0.3364636519046609,-0.02980083822691376,806861.8,472.1647268699044
2023-07-17,573.0,578.0,565.0499877929688,576.2000122070312,301825,0.0,0.005672397121488482,0.3160748526251179,-0.02980083822691376,810577.45,473.19990383843304
2023-07-18,579.0499877929688,585.9500122070312,558.5,562.0,352723,0.0,-0.02464424141999,0.33124581332397374,-0.029562706025930106,814143.0,474.0834868848168
2023-07-19,564.0,573.5999755859375,553.0,569.0999755859375,392079,0.0,0.012633408515903,0.33285141510331334,-0.029562706025930106,826492.55,475.0289245833354
2023-07-20,571.7000122070312,571.7000122070312,559.2999877929688,565.5,179633,0.0,-0.0063257349154355325,0.33341987883583246,-0.029562706025930106,823429.2,475.9291342889739
2023-07-21,564.7999877929688,565.25,555.1500244140625,561.3499755859375,150571,0.0,-0.007338681545645431,0.3319374896300083,-0.029562706025930106,792627.65,476.7790929088442
2023-07-24,563.0499877929688,563.7000122070312,553.5499877929688,555.25,118192,0.0,-0.010866617709514137,0.32867853090376686,-0.029562706025930106,771970.0,477.55989795452734
2023-07-25,555.25,559.5499877929688,550.0499877929688,552.4500122070312,135486,0.0,-0.005042751540691115,0.32366278163041784,-0.029562706025930106,743838.95,478.3050732207214
2023-07-26,554.4000244140625,563.0,553.0499877929688,559.75,327286,0.0,0.01321384312004148,0.32257727249560975,-0.029562706025930106,708625.1,479.11547050210726
2023-07-27,561.0499877929688,562.5,546.5499877929688,547.5999755859375,181728,0.0,-0.021706162419048658,0.3262814140832013,-0.029562706025930106,699040.65,479.7969083636379
2023-07-28,547.7999877929688,550.9500122070312,538.0,541.5,181019,2.0,-0.011139473809162359,0.3208725302166745,-0.029562706025930106,682503.65,480.41086947444745
2023-07-31,544.6500244140625,546.25,532.7000122070312,535.5499877929688,275402,0.0,-0.010988018849549808,0.31416573525627617,-0.029562706025930106,687533.05,480.9595174179153
2023-08-01,538.9000244140625,543.9000244140625,536.75,539.7000122070312,218964,0.0,0.007749088803390647,0.3150392825504043,-0.029562706025930106,692368.55,481.5439999531304
2023-08-02,541.3499755859375,544.9500122070312,527.0,532.25,216279,0.0,-0.013803987471790902,0.31877022369113966,-0.029562706025930106,691044.05,482.04853726702964
2023-08-03,532.2000122070312,533.9500122070312,505.6000061035156,516.2999877929688,352835,0.0,-0.029967143648720107,0.3344033407327391,-0.030105557766732533,702270.4,482.3893477200241
2023-08-04,521.9000244140625,521.9000244140625,508.8500061035156,510.7000122070313,169276,0.0,-0.010846360097500063,0.33581004239797524,-0.030105557766732533,702431.1,482.6710458741237
2023-08-07,515.9000244140625,519.9000244140625,504.0,518.5,265614,0.0,0.015273130226217235,0.34136041333032197,-0.029424291907917684,699224.4,483.0275528803514
2023-08-08,522.0,524.9500122070312,502.1499938964844,508.4500122070313,290840,0.0,-0.019382811558281032,0.3415947357751349,-0.029424291907917684,687654.45,483.28051267464673
2023-08-09,512.2000122070312,513.4500122070312,504.2999877929688,509.5499877929688,198882,0.0,0.002163389830915463,0.34206314199243787,-0.029424291907917684,275590.6,483.54190048676935
2023-08-10,511.9500122070313,512.4500122070312,505.0,506.2999877929688,138745,0.0,-0.006378176975485483,0.21946646201206219,-0.02802154886260383,245767.2,483.7683491166818
2023-08-11,508.7999877929688,511.6000061035156,502.5,504.25,147008,0.0,-0.00404895880386047,0.2053615795598307,-0.02802154886260383,229719.35,483.97214663790885
2023-08-14,491.75,497.9500122070313,482.5,487.5499877929688,369229,0.0,-0.0331185170193975,0.21762226063820436,-0.029424291907917684,233089.55,484.00774704741195
2023-08-16,487.5499877929688,493.5,484.0,488.5,245375,0.0,0.001948543186990337,0.21513604735282318,-0.029424291907917684,227722.15,484.05244608176605
2023-08-17,490.0,503.9500122070313,490.0,501.0499877929688,248257,0.0,0.02569086549225963,0.2350521305763088,-0.02802154886260383,220531.05,484.22157585003674
2023-08-18,502.0,502.7999877929688,484.0,485.2000122070313,304223,0.0,-0.03163352154892507,0.24229511874451778,-0.029424291907917684,226760.55,484.231311535181
2023-08-21,490.7000122070313,490.7000122070313,474.2999877929688,475.1000061035156,230837,0.0,-0.020816170340915208,0.2466056703305068,-0.029424291907917684,230773.85,484.140452774667
2023-08-22,478.9500122070313,479.5,464.5,466.3999938964844,296140,0.0,-0.018311959787968624,0.249071130084556,-0.029424291907917684,239671.25,483.9639307957796
2023-08-23,468.9500122070313,472.0,463.0,470.2000122070313,327856,0.0,0.008147552230436617,0.25557980788299345,-0.029424291907917684,249289.75,483.82697638196123
2023-08-24,473.7999877929688,474.9500122070313,468.1000061035156,470.0,213740,0.0,-0.0004253768648208034,0.25669682797437093,-0.029424291907917684,243612.45,483.6893945274144
2023-08-25,469.6000061035156,474.0,463.1499938964844,465.3500061035156,152153,0.0,-0.009893604035073111,0.2453863758077772,-0.029424291907917684,242133.7,483.5069130505597
2023-08-28,467.7000122070313,469.6499938964844,463.0,463.9500122070313,145098,0.0,-0.0030084750792350734,0.24135916874964014,-0.029424291907917684,240337.65,483.3123170222659
2023-08-29,466.0499877929688,471.5,464.3500061035156,469.9500122070313,169490,0.0,0.012932427723102657,0.25130217965617996,-0.029424291907917684,235042.05,483.179358765398
2023-08-30,473.0499877929688,489.9500122070313,471.0499877929688,483.1499938964844,556756,0.0,0.028088054785788463,0.27777804089953595,-0.029424291907917684,251931.65,483.17906657764763
2023-08-31,487.0499877929688,494.8999938964844,486.1499938964844,490.6499938964844,332264,0.0,0.015523129658999713,0.2834316592901231,-0.029424291907917684,257730.9,483.2534041629097
2023-09-01,491.0499877929688,500.0,491.0499877929688,493.3999938964844,289210,0.0,0.005604810015712003,0.2832702332156658,-0.029424291907917684,254549.65,483.3543652547861
2023-09-04,495.8999938964844,497.5499877929688,490.0,492.6000061035156,134474,0.0,-0.0016213777925919715,0.2663504795570582,-0.029424291907917684,252809.55,483.44636168114164
2023-09-05,494.7000122070313,494.7000122070313,482.1000061035156,488.5499877929688,166856,0.0,-0.008221717946336637,0.2654181461303025,-0.029424291907917684,247871.65,483.4971440305131
2023-09-06,484.0,493.5499877929688,484.0,487.0,128948,0.0,-0.003172628864388849,0.2578990841671468,-0.029424291907917684,239777.05,483.53199831876674
2023-09-07,485.8500061035156,499.8500061035156,485.8500061035156,496.4500122070313,261450,0.0,0.019404542519571466,0.26155214507355096,-0.029424291907917684,242905.45,483.66053577039133
2023-09-08,498.8500061035156,502.8999938964844,490.3500061035156,492.6499938964844,187414,0.0,-0.007654382550326577,0.26226285873623956,-0.029424291907917684,245338.9,483.7499831149296
2023-09-11,494.8999938964844,497.8999938964844,487.4500122070313,488.75,113520,0.0,-0.00791635835745863,0.2626790350310127,-0.02805012000685659,243664.5,483.79973452672135
2023-09-12,495.8999938964844,538.9000244140625,490.5499877929688,498.9500122070313,4058193,0.0,0.02086959019341439,0.2736436879723816,-0.02805012000685659,428112.7,483.9504835583663
2023-09-13,505.0,519.5999755859375,503.0,516.0,756716,0.0,0.03417173539599805,0.27142126187478655,-0.02805012000685659,453679.75,484.2693842194771
2023-09-14,516.0,519.0999755859375,506.75,510.75,338194,0.0,-0.01017441860465118,0.27514794225131345,-0.02805012000685659,458176.6,484.5328729337112
2023-09-15,513.2999877929688,522.7999877929688,506.2999877929688,520.0499877929688,394189,0.0,0.018208492986723,0.26825602969735013,-0.02805012000685659,462674.9,484.88627706166403
2023-09-18,519.8499755859375,520.0,510.0,513.2000122070312,165107,0.0,-0.013171763766417932,0.2458574499089146,-0.02805012000685659,459388.4,485.16800576957814
2023-09-20,509.0,514.5999755859375,502.3500061035156,506.75,130972,0.0,-0.012568223019506108,0.2373941947404429,-0.02805012000685659,451130.0,485.38275198082613
2023-09-21,506.8999938964844,508.7000122070313,490.0,492.3999938964844,236543,0.0,-0.02831772294724344,0.25095187432201166,-0.028400193982317273,446564.35,485.4525752834695
2023-09-22,492.5,515.0,492.5,509.5499877929688,391580,0.0,0.03482939502247406,0.2741886056237061,-0.028400193982317273,455456.35,485.6923505323203
2023-09-25,511.6499938964844,512.5499877929688,502.4500122070313,506.5,128575,0.0,-0.005985649820500094,0.27598376981626244,-0.028400193982317273,454277.45,485.8993918205559
2023-09-26,506.5,508.9500122070313,494.7000122070313,498.2999877929688,135151,0.0,-0.016189560132341962,0.28071542820783,-0.028400193982317273,453780.1,486.02278083520673
2023-09-27,495.1499938964844,514.0,493.25,512.4000244140625,312631,0.0,0.02829628128939854,0.2923984466932293,-0.028400193982317273,460937.15,486.28524097031976
2023-09-28,514.5,519.6500244140625,506.0499877929688,508.6499938964844,232857,0.0,-0.007318560380371486,0.29380227391764047,-0.028400193982317273,444742.2,486.5077758253065
2023-09-29,508.6499938964844,514.6500244140625,508.6499938964844,511.0,149200,0.0,0.004620084796450152,0.2804392097189834,-0.028400193982317273,435589.0,486.7514795484378
2023-10-03,510.0,517.0,509.0499877929688,514.9000244140625,136059,0.0,0.007632141710494089,0.277249468481626,-0.028400193982317273,427931.45,487.0315645719764
2023-10-04,510.1499938964844,512.9000244140625,496.0,501.3999938964844,225982,0.0,-0.026218741265240153,0.29408388810071373,-0.028400193982317273,432506.85,487.17453401799145
2023-10-05,503.9500122070313,506.3500061035156,496.25,499.7000122070313,128872,0.0,-0.0033904701040025076,0.2943409104409112,-0.028400193982317273,430607.65,487.299165641763
2023-10-06,499.7000122070313,502.2000122070313,493.0,494.75,103438,0.0,-0.009905967752869449,0.295051530007538,-0.028400193982317273,429332.15,487.3733032970689
2023-10-09,494.7000122070313,514.0,475.5,497.5,469615,0.0,0.005558362809499728,0.29513384587635083,-0.028400193982317273,439740.4,487.4740664483419
2023-10-10,496.25,502.0,489.0,490.0499877929688,161785,0.0,-0.014974898908605372,0.2924008207926786,-0.028400193982317273,438458.95,487.4996975064974
2023-10-11,490.5,500.0,482.3500061035156,486.25,189789,0.0,-0.0077542860680045456,0.29243200788873397,-0.028400193982317273,442272.4,487.48726270543773
2023-10-12,488.0,505.0,488.0,489.6499938964844,305924,0.0,0.006992275365520495,0.29220382793048943,-0.028400193982317273,254658.95,487.5087824187815
2023-10-13,489.6499938964844,497.0,475.75,479.0,245864,0.0,-0.0217502175620079,0.29160328407268926,-0.028400193982317273,229116.35,487.4241179171021
2023-10-16,478.0,483.0,474.1499938964844,479.6000061035156,132176,0.0,0.0012526223455440189,0.26117246746087786,-0.028400193982317273,218815.45,487.3462660582604
2023-10-17,483.7000122070313,492.9500122070313,481.0499877929688,488.0,144075,0.0,0.01751458254708882,0.2695343473251532,-0.028400193982317273,206309.75,487.3527708736011
2023-10-18,488.0,497.9500122070313,480.1000061035156,494.2999877929688,222968,0.0,0.01290981105116562,0.26510982757937523,-0.028400193982317273,209202.8,487.42189741011225
2023-10-19,495.0,512.0,489.4500122070313,510.5499877929688,496438,0.0,0.032874773217283826,0.28825589510515537,-0.028400193982317273,227476.1,487.65202766267805
2023-10-20,514.0,515.0,495.2999877929688,499.2999877929688,224928,0.0,-0.02203506075601347,0.2952011633872604,-0.028400193982317273,226895.35,487.76792776347696
2023-10-23,499.0,503.5,470.0499877929688,477.0,175217,0.0,-0.04466250418218587,0.3190461809120412,-0.030050462543730356,216077.2,487.6607842036414
2023-10-25,480.0,491.0,469.75,484.7000122070313,140012,0.0,0.01614258324325224,0.29825848699870183,-0.030050462543730356,216649.05,487.6313237857647
2023-10-26,481.0,482.8999938964844,466.7999877929688,472.0,139824,0.0,-0.02620179881820739,0.30949371162212347,-0.030050462543730356,216882.7,487.4757882257074
2023-10-27,472.6000061035156,488.8500061035156,472.6000061035156,481.1499938964844,115241,0.0,0.01938558028916182,0.31512400573899974,-0.030050462543730356,207013.2,487.41284499855095
2023-10-30,482.0,504.0,480.0,501.2000122070313,388240,0.0,0.041671035155121494,0.3338935617851448,-0.030050462543730356,214782.35,487.55003074191893
2023-10-31,503.0,516.2000122070312,503.0,505.3500061035156,653354,0.0,0.008280115314063696,0.3344524607640855,-0.030050462543730356,239990.05,487.7271449246214
2023-11-01,505.3500061035156,511.5,497.0,499.1499938964844,165155,0.0,-0.012268748653702866,0.33656082730797043,-0.028483512877327522,241444.85,487.84080511339624
2023-11-02,500.0499877929688,507.8500061035156,499.5499877929688,504.9500122070313,107264,0.0,0.011619790406628194,0.33811480947171524,-0.028483512877327522,235508.95,488.0110459799996
2023-11-03,508.7999877929688,509.8999938964844,503.25,506.2000122070313,86898,0.0,0.0024754925631875757,0.3252052571837729,-0.028483512877327522,233410.25,488.1920307185771
2023-11-06,506.25,510.7999877929688,502.8999938964844,504.9500122070313,109227,0.0,-0.0024693796322722283,0.32507654957202164,-0.028483512877327522,233699.7,488.35877680303935
2023-11-07,503.0,511.8500061035156,503.0,510.5499877929688,120365,0.0,0.011090158333616484,0.32458330665955465,-0.028483512877327522,216237.2,488.57958487259094
2023-11-08,510.5,518.5499877929688,509.4500122070313,515.2999877929688,215302,0.0,0.009303692319205581,0.3254028848597649,-0.028483512877327522,218913.05,488.8454595285151
2023-11-09,525.0,540.9000244140625,522.0499877929688,534.7000122070312,1360002,0.0,0.03764802032531156,0.34171799069311665,-0.028483512877327522,277423.7,489.3017237342715
2023-11-10,534.5499877929688,537.0499877929688,524.0,529.75,233577,0.0,-0.009257550203897624,0.34242962262516324,-0.026323690349340317,273806.35,489.70419414487577
2023-11-13,524.8499755859375,532.4500122070312,504.0,513.4000244140625,318071,0.0,-0.03086356882668717,0.3631752501605979,-0.028445015241215628,277416.7,489.9399735505393
2023-11-15,514.3499755859375,523.9000244140625,509.0,521.2000122070312,323439,0.0,0.015192807600410196,0.35452863732510864,-0.028445015241215628,286979.85,490.25101871130045
2023-11-16,521.2000122070312,522.25,502.6000061035156,509.0499877929688,192719,0.0,-0.023311634937637327,0.36714739737121155,-0.026323690349340317,289412.05,490.4380731300235
2023-11-17,506.9500122070313,514.9000244140625,503.5,508.8500061035156,197860,0.0,-0.0003928527536563031,0.36350951489847766,-0.026323690349340317,288156.65,490.6212764431926
2023-11-20,509.0,527.9000244140625,508.5,519.9000244140625,438938,0.0,0.021715669014453987,0.3680168995359244,-0.026323690349340317,285281.65,490.9126072687734
2023-11-21,522.2000122070312,524.75,515.0499877929688,517.2999877929688,253582,0.0,-0.005001031927290289,0.3518746037900361,-0.026323690349340317,286714.35,491.17516826901414
2023-11-22,518.4500122070312,522.9500122070312,516.2999877929688,519.4500122070312,94577,0.0,0.00415624292441108,0.34195950981163903,-0.026323690349340317,282682.35,491.4565099997407
2023-11-23,520.4500122070312,529.1500244140625,519.0,524.0999755859375,253571,0.0,0.008951705206723393,0.2970530705599163,-0.026323690349340317,288360.3,491.78132060258844
2023-11-24,529.2999877929688,530.2000122070312,516.0499877929688,522.8499755859375,190808,0.0,-0.0023850411338075528,0.29495553571604566,-0.026323690349340317,290909.5,492.09046144819393
2023-11-28,522.8499755859375,527.6500244140625,515.0499877929688,520.9500122070312,131101,0.0,-0.00363385955364548,0.2757908957646795,-0.026323690349340317,291702.5,492.3776211572371
2023-11-29,521.0999755859375,523.9000244140625,515.75,518.7000122070312,147782,0.0,-0.004319032435507131,0.27225395087968474,-0.026323690349340317,279679.6,492.63953549604105
2023-11-30,520.0,532.7000122070312,515.0499877929688,531.1500244140625,306812,0.0,0.02400233644502414,0.24692590736385786,-0.026323690349340317,262352.5,493.022724440499
2023-12-01,535.0,535.1500244140625,524.9500122070312,526.5499877929688,142625,0.0,-0.008660522281192184,0.24922274996905247,-0.026323690349340317,261226.0,493.3563290509714
2023-12-04,531.0,534.7000122070312,518.4500122070312,521.5499877929688,148973,0.0,-0.009495774600541629,0.24739011057378307,-0.026323690349340317,263311.45,493.6368629688023
2023-12-05,521.5499877929688,525.3499755859375,514.5,518.4500122070312,164588,0.0,-0.005943774630415732,0.2464505786070416,-0.026323690349340317,267195.95,493.88375997614787
2023-12-06,517.2999877929688,522.75,514.3499755859375,517.25,111550,0.0,-0.0023146150617738837,0.24673866539165573,-0.026323690349340317,267312.1,494.11625987688274
2023-12-07,517.2999877929688,523.7999877929688,515.4500122070312,519.5499877929688,87384,0.0,0.0044465689569235245,0.24662580175638957,-0.026323690349340317,265663.05,494.3693317964458
2023-12-08,520.2000122070312,549.6500244140625,518.5,536.4000244140625,1467862,0.0,0.03243198347991916,0.26732440955994335,-0.026323690349340317,328291.05,494.7875476433873
2023-12-11,541.25,552.0,540.0,549.7999877929688,584965,0.0,0.02498128778712072,0.2776762266178139,-0.026323690349340317,289539.2,495.3349351075623
2023-12-12,554.0,554.0,540.0,541.7000122070312,215197,0.0,-0.014732585969040812,0.2541745704040324,-0.026323690349340317,288620.2,495.79627915830326
2023-12-13,541.0999755859375,546.0,533.0,543.4000244140625,130186,0.0,0.0031382908782020547,0.2516450079862573,-0.026323690349340317,279225.95,496.26994826532575
2023-12-14,546.0,548.0,535.1500244140625,536.9000244140625,125930,0.0,-0.011961721950617954,0.22864202837345846,-0.026323690349340317,269350.5,496.6742276299898
2023-12-15,539.8499755859375,545.9500122070312,521.0999755859375,524.5,205805,0.0,-0.02309559294133967,0.23950654453276868,-0.026323690349340317,270004.8,496.9511009869054
2023-12-18,524.5499877929688,527.4500122070312,513.0999755859375,519.25,273129,0.0,-0.010009532888465178,0.22701426866329996,-0.026323690349340317,273768.25,497.1729805790755
2023-12-19,523.4000244140625,523.9000244140625,515.5,517.4500122070312,114652,0.0,-0.003466514767392903,0.22750817810010512,-0.026323690349340317,257553.95,497.3747420878114
2023-12-20,517.4500122070312,531.0,511.0,515.0,294422,0.0,-0.004734780460399324,0.21512262298636134,-0.026202645940559027,259595.95,497.5501177884302
2023-12-21,514.0,530.5,503.1000061035156,528.3499755859375,285172,0.0,0.02592228269114072,0.23267862830462302,-0.026202645940559027,269125.7,497.85658403517164
2023-12-22,527.0,553.2000122070312,526.5999755859375,545.7000122070312,526185,0.0,0.03283815164721582,0.25732094054531973,-0.026202645940559027,282756.4,498.33263804683196
2023-12-26,547.0,552.0,534.0,537.0499877929688,130878,0.0,-0.01585124467759913,0.26371892356848464,-0.026202645940559027,279759.9,498.7178853079876
2023-12-27,538.4000244140625,541.2000122070312,529.0,532.7999877929688,68971,0.0,-0.007913602265341435,0.2653806628080191,-0.026202645940559027,276653.4,499.05701070584814
2023-12-28,530.0,538.6500244140625,527.0,528.8499755859375,78478,0.0,-0.0074136867446140675,0.26653812371545405,-0.026202645940559027,273188.2,499.3534581175904
2023-12-29,528.8499755859375,548.0,526.1500244140625,544.5499877929688,349568,0.0,0.029687081274110794,0.28370763496908435,-0.026202645940559027,275326.0,499.80317483077823
2024-01-01,547.25,547.6500244140625,538.0999755859375,542.0499877929688,75856,0.0,-0.004590946756113934,0.27346890784071276,-0.026202645940559027,271987.55,500.2235411289095
2024-01-02,542.6500244140625,548.5,535.1500244140625,546.25,143968,0.0,0.007748385391783019,0.2719872895004081,-0.02345614313166583,271737.3,500.6815158440447
2024-01-03,545.7000122070312,562.1500244140625,540.0999755859375,541.2999877929688,401666,0.0,-0.00906180724399308,0.27176247276132,-0.02345614313166583,283591.2,501.08567974403405
2024-01-04,542.7999877929688,544.75,534.0999755859375,535.9500122070312,100014,0.0,-0.009883568643241358,0.2735339466964854,-0.02345614313166583,283014.4,501.43258852476043
2024-01-05,537.0,545.0,533.7000122070312,543.0999755859375,102631,0.0,0.013340728082947173,0.27598796902071643,-0.02345614313166583,283776.75,501.84718939104084
2024-01-08,544.9500122070312,545.6500244140625,531.0,535.8499755859375,71948,0.0,-0.01334929170670307,0.28121554359658946,-0.02345614313166583,213981.05,502.1855255720846
2024-01-09,537.4500122070312,540.0,529.4500122070312,536.2999877929688,76178,0.0,0.0008398100728457258,0.2579321054433904,-0.02345614313166583,188541.7,502.524972957367
2024-01-10,536.9500122070312,542.4000244140625,531.5499877929688,539.1500244140625,86381,0.0,0.00531425822480891,0.24258379364977373,-0.02345614313166583,182100.9,502.8894013300705
2024-01-11,541.0,542.2000122070312,530.5499877929688,532.7999877929688,83565,0.0,-0.011777865776774976,0.24065701985958796,-0.02345614313166583,179769.85,503.1870191058207
2024-01-12,540.0,540.0,532.9500122070312,536.0999755859375,336909,0.0,0.006193670924502737,0.24149911214920874,-0.02345614313166583,190318.8,503.5145112101005
2024-01-15,538.2000122070312,539.9500122070312,529.25,538.2999877929688,120053,0.0,0.004103734950979376,0.23831224815950874,-0.02345614313166583,186031.2,503.8606353552037
2024-01-16,540.0,549.0,534.5999755859375,543.0499877929688,244279,0.0,0.008824075994270375,0.22417894931727672,-0.02345614313166583,184588.7,504.2505791605546
2024-01-17,543.0,548.0,535.0,541.75,120498,0.0,-0.0023938639576295273,0.22067004298467446,-0.02345614313166583,184881.0,504.6237077261212
2024-01-18,542.8499755859375,548.0,524.0,544.0499877929688,228197,0.0,0.004245478159609961,0.21982859692684176,-0.02345614313166583,181569.75,505.01600902031873
2024-01-19,546.7999877929688,551.0999755859375,541.0,542.5999755859375,108945,0.0,-0.002665218710717121,0.2190883829553761,-0.023106395041154554,172758.4,505.38997883689206
2024-01-23,545.2999877929688,570.0,532.2000122070312,554.0999755859375,1574443,0.0,0.021194250861477526,0.21327608628575537,-0.023106395041154554,225171.3,505.8746554214597
2024-01-24,556.0,578.8499755859375,551.9000244140625,575.0499877929688,821274,0.0,0.03780908343278222,0.22271487704434814,-0.016213462090786154,259691.1,506.56296718635036
2024-01-25,578.5,587.5,576.0,580.5499877929688,555182,0.0,0.009564385908621409,0.21340558455524264,-0.016213462090786154,284001.65,507.2991564461177
2024-01-29,584.0,602.4500122070312,580.4500122070312,595.4500122070312,884777,0.0,0.025665359964448076,0.22172046487101296,-0.016213462090786154,324316.6,508.1762793890124
2024-01-30,599.5999755859375,615.5,591.4000244140625,607.4000244140625,681790,0.0,0.02006887557653858,0.22214725122054,-0.016213462090786154,340927.7,509.1635803345353
2024-01-31,612.25,617.0,607.4000244140625,614.9000244140625,278428,0.0,0.012347711061149402,0.20716338267064283,-0.016213462090786154,351056.3,510.2156842557247
2024-02-01,611.7999877929688,617.4500122070312,608.0499877929688,614.5,167999,0.0,-0.0006505519567082674,0.20509259721387507,-0.016213462090786154,352257.85,511.2533391387523
2024-02-02,616.2999877929688,619.9000244140625,600.0,606.5999755859375,195755,0.0,-0.012856020201891805,0.21514225746262264,-0.016213462090786154,341962.3,512.2020618894707
2024-02-05,606.5999755859375,606.5999755859375,582.2999877929688,594.0999755859375,196719,0.0,-0.020606660901899665,0.22804068088429455,-0.020731107503871665,346797.55,513.0169665033659
2024-02-06,597.0,624.9000244140625,595.4500122070312,617.9500122070312,307230,0.0,0.04014482006596842,0.25269212636785543,-0.020731107503871665,357027.5,514.0610764108651
2024-02-07,630.0,682.5999755859375,625.5999755859375,649.2000122070312,1617521,0.0,0.05057043350220103,0.29412265014722316,-0.020731107503871665,434306.15,515.4057424386876
2024-02-08,656.0,703.9500122070312,654.1500244140625,680.4000244140625,1194879,0.0,0.04805916762226037,0.3124857709757085,-0.020731107503871665,490241.2,517.0474765876963
2024-02-09,678.0499877929688,685.4500122070312,661.1500244140625,679.7999877929688,631645,0.0,-0.0008818880064128676,0.31328995205996013,-0.020731107503871665,517504.4,518.6669045598882
2024-02-12,679.7999877929688,699.0,667.0499877929688,679.4000244140625,249471,0.0,-0.0005883544955697095,0.3154271142515417,-0.016089015488814154,525799.7,520.2662390858004
2024-02-13,664.0,664.0,606.5999755859375,613.25,757104,0.0,-0.09736535477918551,0.4869043869619115,-0.020731107503871665,546809.45,521.1914506371855
2024-02-14,613.0,683.5,612.0,668.1500244140625,3735572,0.0,0.08952307283173666,0.5642072720921468,-0.016089015488814154,727585.4,522.6537250031246
2024-02-15,660.0,667.0,642.1500244140625,647.75,297012,0.0,-0.030532101576966064,0.5821289596246099,-0.020731107503871665,730222.05,523.8984640578199
2024-02-16,649.9000244140625,661.3499755859375,636.5,640.5499877929688,269733,0.0,-0.011115418304949776,0.586501666167922,-0.020731107503871665,737683.8,525.0591757367766
2024-02-19,645.6500244140625,645.7000122070312,630.7999877929688,631.75,80451,0.0,-0.013738174944455728,0.5904717994755045,-0.020731107503871665,730296.5,526.1207759782018
2024-02-20,632.4000244140625,674.0,626.0,630.25,880822,0.0,-0.002374356944994105,0.5914479466937491,-0.020731107503871665,768890.35,527.1568876600107
2024-02-21,631.5999755859375,669.7999877929688,631.5999755859375,646.7000122070312,565862,0.0,0.02610077303773295,0.5934905768692729,-0.020731107503871665,718461.3,528.3463714863492
2024-02-22,649.5,651.0,622.5,629.0999755859375,305098,0.0,-0.027215148119495214,0.6046110475552835,-0.023301570700247447,692652.5,529.3488949102258
2024-02-23,634.1500244140625,637.0,624.0999755859375,632.4500122070312,95443,0.0,0.0053251259753643865,0.5939690048472229,-0.023301570700247447,669665.55,530.3747766743732
2024-02-26,634.0,635.6500244140625,620.2000122070312,621.9000244140625,85007,0.0,-0.01668114094290707,0.5984866745792418,-0.023301570700247447,629677.05,531.2854756568577
2024-02-27,622.9500122070312,635.2000122070312,617.0499877929688,631.9500122070312,173157,0.0,0.01616013410264383,0.595039350004577,-0.023301570700247447,604245.4,532.2871128364615
2024-02-28,633.8499755859375,639.0,625.9500122070312,631.2999877929688,94805,0.0,-0.0010286009992979128,0.5921225014493552,-0.023301570700247447,595064.25,533.2723155723471
2024-02-29,631.7000122070312,655.5,615.5499877929688,652.0499877929688,354896,0.0,0.03286868430418033,0.6006267668214056,-0.023301570700247447,604409.1,534.454182957627
2024-03-01,653.4500122070312,696.4500122070312,653.2999877929688,680.5999755859375,1890817,0.0,0.04378496791266495,0.6162948638591557,-0.023301570700247447,689162.2,535.9083699489536
2024-03-04,689.8499755859375,691.9500122070312,676.75,681.3499755859375,210715,0.0,0.001101968890542926,0.6129162184966578,-0.023301570700247447,689862.0,537.3555501045454
2024-03-05,672.0,713.9000244140625,672.0,703.0499877929688,880535,0.0,0.031848555051858574,0.6108742467395079,-0.023301570700247447,718527.25,539.004250977067
2024-03-06,703.6500244140625,714.2000122070312,679.0,697.5499877929688,286477,0.0,-0.007823056817433005,0.6023629238278696,-0.023301570700247447,651975.05,540.5818204976233
2024-03-07,697.5,707.4500122070312,693.3499755859375,699.7000122070312,160652,0.0,0.003082251382248824,0.580633191878629,-0.023301570700247447,600263.7,542.1650860867717
2024-03-11,702.5,713.4500122070312,671.5499877929688,684.4500122070312,215247,0.0,-0.02179505464334297,0.5643667953097075,-0.023301570700247447,579443.8,543.5808564959285
2024-03-12,684.5,687.0,625.5499877929688,631.8499755859375,614251,0.0,-0.07685007770177876,0.6254222176344109,-0.027380995792368756,597682.8,544.4591561883665
2024-03-13,628.0999755859375,630.0,602.9500122070312,624.7999877929688,388766,0.0,-0.011157692593769641,0.6260377758203056,-0.027380995792368756,579265.9,545.2585674481138
2024-03-14,621.2999877929688,642.2999877929688,609.0,630.7000122070312,239080,0.0,0.009443061026463306,0.5248372582539019,-0.027380995792368756,404441.3,546.1087310775557
2024-03-15,632.8499755859375,652.25,618.7999877929688,634.0,424929,0.0,0.005232262135878241,0.4177229187000631,-0.027380995792368756,410837.15,546.9832710668338
2024-03-18,630.0,636.9500122070312,622.5499877929688,628.0499877929688,77261,0.0,-0.009384877298156513,0.4058807669268378,-0.027380995792368756,401213.55,547.7899050641088
2024-03-19,627.0,633.5499877929688,626.5499877929688,629.4000244140625,95589,0.0,0.0021495687402812713,0.40437673812915187,-0.027380995792368756,401970.45,548.6019460526655
2024-03-20,629.8499755859375,630.0,594.0,597.4000244140625,277548,0.0,-0.05084206984229189,0.43863287087761454,-0.03154759999023235,371806.75,549.0874990711869
2024-03-21,599.9500122070312,617.4000244140625,594.2000122070312,596.9000244140625,199169,0.0,-0.0008369601264921478,0.4386614015508024,-0.03154759999023235,353472.1,549.5632455920115
2024-03-22,594.5,601.2000122070312,584.0,589.5499877929688,349159,0.0,-0.012313681220416761,0.4274585831611285,-0.03154759999023235,355675.15,549.9611236238618
2024-03-26,593.0,593.0,578.0499877929688,580.4500122070312,244293,0.0,-0.015435460562053471,0.4213167108777614,-0.03154759999023235,363117.65,550.264495649565
2024-03-27,581.5,589.5,576.5499877929688,579.4000244140625,243548,0.0,-0.0018089202702854523,0.4201605900632885,-0.03154759999023235,371044.7,550.5544014084157
2024-03-28,583.75,605.0,578.1500244140625,601.7000122070312,514956,0.0,0.03848806843858932,0.44179476887790964,-0.03154759999023235,388134.65,551.0633129586507
2024-04-01,609.9000244140625,609.9000244140625,589.0,592.0999755859375,242943,0.0,-0.015954855287240055,0.43990086668456585,-0.03154759999023235,395541.55,551.4716379599173
2024-04-02,597.0999755859375,598.8499755859375,588.0999755859375,590.1500244140625,156932,0.0,-0.0032932802774486847,0.4398607570818311,-0.03154759999023235,385643.35,551.8564975266253
2024-04-03,591.0,595.25,584.7000122070312,589.0,151791,0.0,-0.0019486984097040194,0.420356692512476,-0.03154759999023235,298692.05,552.2260846159127
2024-04-04,597.8499755859375,666.6500244140625,592.0999755859375,653.3499755859375,5099970,0.0,0.1092529296875,0.5547774038203397,-0.03154759999023235,543154.8,553.2322924862613
2024-04-05,644.9500122070312,669.0,634.0,647.6500244140625,940826,0.0,-0.00872419282906256,0.5552689489929948,-0.03154759999023235,546169.35,554.1717724059408
2024-04-08,648.9000244140625,651.2000122070312,630.5,632.75,233215,0.0,-0.023006290206725066,0.5457664591876277,-0.03154759999023235,543506.25,554.9536453173246
2024-04-09,634.0,634.0,616.0999755859375,618.7000122070312,228331,0.0,-0.02220464289682933,0.549148530480467,-0.03154759999023235,546890.2,555.5879375251824
2024-04-10,619.75,633.9000244140625,619.0,628.6500244140625,149014,0.0,0.016082127057889473,0.5534303604756635,-0.03154759999023235,543578.55,556.3149234643753
2024-04-12,631.5,666.0,631.0,640.4500122070312,706356,0.0,0.01877036082829564,0.5553123919438829,-0.03154759999023235,548183.8,557.1520885264913
2024-04-15,627.0,635.5,604.5999755859375,629.9500122070312,297816,0.0,-0.016394722148284968,0.4889716735912052,-0.03154759999023235,543636.3,557.8764459760489
2024-04-16,635.0,642.0,615.5,621.7000122070312,209460,0.0,-0.013096277228563102,0.4895893101826967,-0.03154759999023235,542155.3,558.5115063365562
2024-04-18,626.0,641.9500122070312,622.3499755859375,625.9500122070312,142217,0.0,0.006836094445152874,0.48905207987674065,-0.03154759999023235,528019.7,559.1825362457151
2024-04-19,624.0499877929688,633.5,613.0,623.5499877929688,87983,0.0,-0.003834210986912945,0.48885575509062046,-0.03154759999023235,528555.8,559.8230084004142
2024-04-22,625.25,633.0,610.0499877929688,613.5,171720,0.0,-0.01611737308910921,0.490974034749002,-0.03154759999023235,532362.35,560.3571078193156
2024-04-23,625.0,630.7000122070312,611.0499877929688,627.9000244140625,281381,0.0,0.02347192243530971,0.4980264988184896,-0.03154759999023235,532554.0,561.029176641154
2024-04-24,630.0,633.2000122070312,614.5999755859375,617.3499755859375,227303,0.0,-0.016802115652041927,0.4669397533166706,-0.03154759999023235,533960.7,561.5895826008036
2024-04-25,613.0,630.0,606.0499877929688,627.9500122070312,172291,0.0,0.01717022279142899,0.4697395891221599,-0.03154759999023235,525117.3,562.2498853829551
2024-04-26,634.0,654.7000122070312,629.5,650.4500122070312,454502,0.0,0.03583087755810399,0.4797020200001905,-0.03154759999023235,535627.75,563.1274985851848
2024-04-29,655.0,657.7999877929688,644.0,651.9000244140625,159085,0.0,0.0022292446457357062,0.4740393538480947,-0.03154759999023235,531404.6,564.0108072999
2024-04-30,653.9500122070312,665.25,644.0,650.9500122070312,136728,0.0,-0.001457297394466428,0.47396839899480014,-0.03154759999023235,512493.2,564.8758740153938
2024-05-02,654.25,667.0,651.0999755859375,658.2999877929688,305054,0.0,0.011291152082504086,0.45960102162606187,-0.03154759999023235,515598.75,565.80546718731
2024-05-03,663.0,666.5,651.5999755859375,656.2999877929688,1988130,0.0,-0.00303812856917296,0.45444614565959257,-0.03154759999023235,607158.65,566.705910178411
2024-05-06,662.7999877929688,672.9000244140625,647.5,664.4000244140625,1967781,0.0,0.012341972835216541,0.45395407820592204,-0.03154759999023235,697958.15,567.6779909170743
2024-05-07,666.5,666.5,636.0499877929688,644.8499755859375,213122,0.0,-0.029425117564326198,0.4697435492438513,-0.03154759999023235,453615.75,568.4458713615406
2024-05-08,646.0999755859375,650.0,634.7999877929688,644.9500122070312,63965,0.0,0.0001551316195722574,0.275872586967112,-0.03154759999023235,409772.7,569.207106593834
2024-05-09,644.9500122070312,658.0,624.1500244140625,627.8499755859375,105832,0.0,-0.026513739510721335,0.2891410243473759,-0.03154759999023235,403403.55,569.7906177280839
2024-05-10,629.0999755859375,638.7000122070312,616.5499877929688,630.8499755859375,112572,0.0,0.0047782115420171856,0.27871471114609514,-0.03154759999023235,397615.6,570.3981735276645
2024-05-13,635.0,642.0,617.0,626.5999755859375,118773,0.0,-0.006736942481534669,0.268135151362797,-0.03154759999023235,396103.55,570.9573954386922
2024-05-14,627.25,630.0,620.2000122070312,621.5999755859375,76824,0.0,-0.007979572605831153,0.26370686651124275,-0.03154759999023235,364626.95,571.4613017088141
2024-05-15,622.25,628.5999755859375,619.0,620.0999755859375,63005,0.0,-0.002413127507905788,0.2543413817525696,-0.02948046676495819,352886.4,571.9452686130642
2024-05-16,624.0,627.0,618.5,624.25,110905,0.0,0.006692508591281676,0.24974045549719226,-0.02948046676495819,347958.65,572.4657137014914
2024-05-17,630.5,634.0,623.8499755859375,627.25,91384,0.0,0.004805766920304322,0.24586600008843673,-0.027325646591736762,345417.0,573.0108309780935
2024-05-21,642.0,664.0,627.0499877929688,658.6500244140625,279101,0.0,0.05005982369719009,0.29955025001851887,-0.027325646591736762,354972.9,573.8629622560634
2024-05-22,659.9000244140625,664.8499755859375,642.1500244140625,645.5999755859375,82433,0.0,-0.019813327783194667,0.30884216889398386,-0.027325646591736762,350508.55,574.5767633837239
2024-05-23,646.0499877929688,654.0,636.2999877929688,648.2000122070312,92458,0.0,0.004027318338625907,0.3018937770478973,-0.027325646591736762,341062.4,575.3093330237568
2024-05-24,650.0,655.5,641.2000122070312,647.2999877929688,63131,0.0,-0.00138849798999241,0.2925782007474325,-0.027325646591736762,332853.8,576.0256579468336
2024-05-27,647.3499755859375,665.5,637.0,652.4000244140625,338960,0.0,0.007878938231534294,0.28541212451258596,-0.026659308413401576,341187.25,576.7856018917812
2024-05-28,636.0499877929688,638.0,609.0999755859375,614.9500122070312,474454,0.0,-0.05740345003920877,0.3480837269712266,-0.03049596517822448,342184.85,577.1653472680524
2024-05-29,614.9500122070312,620.4000244140625,606.5999755859375,615.7000122070312,82159,0.0,0.0012196113263065467,0.3218974059859199,-0.03049596517822448,338338.55,577.5487767699328
2024-05-30,615.7000122070312,615.7000122070312,588.0999755859375,593.0499877929688,107165,0.0,-0.036787435382486855,0.34252070439545024,-0.037490167105477104,336860.4,577.7030176756348
2024-05-31,593.0499877929688,620.0,593.0499877929688,610.7000122070312,364980,0.0,0.02976144469667208,0.36225667029652076,-0.037490167105477104,339856.7,578.0313459794298
2024-06-03,632.0,632.0,599.2999877929688,601.8499755859375,123351,0.0,-0.01449162673029969,0.36063998242291917,-0.037490167105477104,246617.75,578.2683472690468
2024-06-04,603.25,603.25,540.1500244140625,564.5999755859375,248880,0.0,-0.06189250064143459,0.4125306971248756,-0.05117013885213773,160672.7,578.1323435707075
2024-06-05,574.9500122070312,601.2000122070312,557.0999755859375,589.6500244140625,139987,0.0,0.04436778234382355,0.4449161917564955,-0.05117013885213773,157015.95,578.2469473601935
2024-06-06,590.0,619.0,590.0,609.9000244140625,1654805,0.0,0.03434240509041353,0.45602952838263483,-0.05117013885213773,236557.95,578.5619033507793
2024-06-07,609.9000244140625,612.0,596.0,599.5999755859375,417367,0.0,-0.016888093811802007,0.45870900210449467,-0.05117013885213773,252134.7,578.7712374028704
2024-06-10,604.0,612.9000244140625,599.2999877929688,609.0499877929688,144079,0.0,0.015760528005019703,0.45484017217292827,-0.05117013885213773,253710.05,579.0725185012794
2024-06-11,611.0999755859375,615.25,607.3499755859375,609.75,228511,0.0,0.0011493509909883404,0.4544275661553141,-0.05117013885213773,259196.95,579.3777670734061
2024-06-12,612.5999755859375,617.7999877929688,602.9000244140625,604.25,242463,0.0,-0.009020090200901998,0.4548451233202525,-0.037490167105477104,267478.9,579.6252519781483
2024-06-13,605.0,663.0,605.0,657.8499755859375,1694119,0.0,0.08870496580213083,0.5503336027481002,-0.037490167105477104,349034.6,580.4036074369324
2024-06-14,657.8499755859375,694.9000244140625,650.0,687.7000122070312,1627027,0.0,0.04537514285762012,0.568706936801389,-0.037490167105477104,424840.7,581.4712333550428
2024-06-18,699.0,699.0,677.2999877929688,696.5,711980,0.0,0.012796259468902837,0.5692548100351018,-0.037490167105477104,455870.5,582.6157981972813
2024-06-19,698.4500122070312,705.0,685.0,701.0499877929688,366823,0.0,0.006532645790335634,0.5692468478907272,-0.037490167105477104,460256.6,583.7942478449995
2024-06-20,701.0499877929688,750.0,697.5999755859375,743.8499755859375,1807481,0.0,0.06105126387308091,0.5811352103397164,-0.037490167105477104,546509.0,585.3868421508796
2024-06-21,740.0,748.0,730.5,736.2999877929688,272210,0.0,-0.010149879734850487,0.5765804746783052,-0.029793233455234228,555496.6,586.8884654906019
2024-06-24,737.5,798.9500122070312,735.7999877929688,769.2000122070312,1689708,0.0,0.04468290772716044,0.5910450039504205,-0.029793233455234228,636825.45,588.7025107315613
2024-06-25,764.4000244140625,767.7999877929688,737.9000244140625,743.2999877929688,207269,0.0,-0.033671378059067725,0.6084078397301321,-0.03382718092523868,630240.9,590.2407940854063
2024-06-26,745.0,749.1500244140625,722.0,724.9500122070312,200276,0.0,-0.024687173264219875,0.6183949694940636,-0.03382718092523868,616532.0,591.5811843154722
2024-06-27,725.8499755859375,732.0,707.0,716.1500244140625,135532,0.0,-0.012138751148066285,0.5787587031119733,-0.03382718092523868,619200.65,592.8206752617268
2024-06-28,716.8499755859375,738.0,712.0,718.4500122070312,161459,0.0,0.0032116005230196087,0.5785098349155554,-0.03382718092523868,621915.35,594.0707184154114
2024-07-01,718.4500122070312,743.2000122070312,718.4500122070312,732.2000122070312,199404,0.0,0.01913842266876853,0.5559541982728582,-0.03382718092523868,613636.55,595.4451392491588
2024-07-02,738.5999755859375,738.5999755859375,716.2000122070312,719.0999755859375,79752,0.0,-0.017891336250605905,0.5598221603862518,-0.03382718092523868,611456.6,596.6755356306194
2024-07-03,723.0,747.0,722.5499877929688,737.0999755859375,193994,0.0,0.025031289961223058,0.5561938625466952,-0.03382718092523868,608712.3,598.0727937396275
2024-07-04,743.1500244140625,747.0,728.0499877929688,735.2000122070312,106270,0.0,-0.0025776196470443935,0.4936569899981005,-0.03382718092523868,607026.45,599.4372436746266
2024-07-05,734.0,740.0,725.0499877929688,737.8499755859375,83112,0.0,0.0036044115001456767,0.4811638199109747,-0.03382718092523868,528441.8,600.8144847881721
2024-07-08,737.8499755859375,744.25,721.5499877929688,741.4000244140625,120011,0.0,0.004811342340027558,0.47405861246995484,-0.03382718092523868,513574.0,602.213345878977
2024-07-09,748.0,762.2000122070312,720.6500244140625,724.4500122070312,238088,0.0,-0.022862168396105775,0.47871772779372385,-0.03382718092523868,518274.45,603.4296311160721
2024-07-10,726.5999755859375,728.3499755859375,702.0499877929688,714.2999877929688,108782,0.0,-0.014010662216900949,0.4848572239658911,-0.03382718092523868,512288.0,604.5328187446979
2024-07-11,717.2000122070312,728.8499755859375,684.5,708.0,650253,0.0,-0.008819806664752128,0.48786586524152503,-0.03382718092523868,532677.5,605.562342936293
2024-07-12,718.9500122070312,747.2000122070312,700.0,704.4500122070312,705078,0.0,-0.005014107052215722,0.4863437211874604,-0.03382718092523868,483225.45,606.5462998444596
2024-07-15,722.0,722.0,692.5,696.75,162135,0.0,-0.010930530305347297,0.39043312069548475,-0.03382718092523868,409980.85,607.4438490997386
2024-07-16,701.3499755859375,714.0,695.1500244140625,701.8499755859375,190784,0.0,0.00731966356072844,0.35944537937878307,-0.03382718092523868,383921.05,608.3832135423875
2024-07-18,702.0,704.5499877929688,678.1500244140625,680.5999755859375,152161,0.0,-0.030277125794952786,0.3726785867908322,-0.03382718092523868,373187.95,609.1017882890894
2024-07-19,682.0,682.0,662.5,667.2999877929688,99854,0.0,-0.019541563723270206,0.37709831368919494,-0.03382718092523868,287806.6,609.6808748513171
2024-07-22,670.0,682.7999877929688,654.0,680.7000122070312,99650,0.0,0.020080960076714227,0.3117112834308924,-0.03382718092523868,279178.6,610.3875329344586
2024-07-23,680.7000122070312,704.0,651.0,669.7999877929688,2678312,0.0,-0.016012963447321504,0.3138155683771666,-0.03382718092523868,328608.8,610.9787016395185
2024-07-24,669.7999877929688,699.3499755859375,669.75,692.4500122070312,129907,2.0,0.03381610156293924,0.2940753120577,-0.03382718092523868,324740.7,611.7893614461603
2024-07-25,684.0,708.4000244140625,682.5499877929688,698.5,114133,0.0,0.008737075148119056,0.27791904322733424,-0.03382718092523868,320433.55,612.6521538695816
2024-07-26,704.5999755859375,720.0,701.0999755859375,705.4500122070312,153247,0.0,0.00994991010312285,0.269332987568054,-0.03382718092523868,321319.3,613.5755156440837
2024-07-29,709.0,719.2000122070312,708.5499877929688,713.4500122070312,110745,0.0,0.011340279058145608,0.2695553161184597,-0.03382718092523868,318783.6,614.5692917292871
2024-07-30,717.0499877929688,719.75,704.0499877929688,712.9000244140625,98069,0.0,-0.000770884832235641,0.2693024191701088,-0.03382718092523868,313716.85,615.5477069798818
2024-07-31,716.0,723.7999877929688,690.0,692.7999877929688,413710,0.0,-0.028194748117190915,0.27623100024491287,-0.03382718092523868,330414.75,616.3163863909573
2024-08-01,698.8499755859375,738.0,698.8499755859375,708.9000244140625,995718,0.0,0.02323908329211033,0.28396654425151624,-0.03382718092523868,370500.95,617.2376166200429
2024-08-02,699.0,699.0,681.0,688.3499755859375,230204,0.0,-0.02898864172717519,0.2843612133333205,-0.03382718092523868,376697.65,617.9452022813952
2024-08-05,676.0,676.2999877929688,636.0,640.4000244140625,227314,0.0,-0.06965926181817472,0.3660292855831054,-0.03781823611532295,383907.75,618.1686333473918
2024-08-06,649.9500122070312,667.9500122070312,633.9500122070312,640.7999877929688,160729,0.0,0.0006245524104597777,0.3651584070010661,-0.03781823611532295,385943.65,618.3938209538155
2024-08-07,652.0,652.0,631.25,640.1500244140625,172234,0.0,-0.0010142999239822759,0.3634510801600053,-0.03781823611532295,382650.95,618.610300590236
2024-08-08,641.4000244140625,648.8499755859375,629.25,631.7999877929688,67054,0.0,-0.013043874564773517,0.3595247155259744,-0.03781823611532295,380564.55,618.7415412589199
2024-08-09,636.8499755859375,638.0499877929688,629.0,630.5,89568,0.0,-0.0020575938874419775,0.35865547524085056,-0.03781823611532295,352530.3,618.8585408483834
2024-08-12,629.7999877929688,631.7000122070312,619.4500122070312,621.0999755859375,97342,0.0,-0.01490884125941716,0.3599456961088708,-0.03781823611532295,322143.5,618.8808436815929
2024-08-13,623.6500244140625,624.9500122070312,608.4500122070312,611.6500244140625,110513,0.0,-0.015214863215797125,0.3613372687844481,-0.03781823611532295,319562.4,618.8088952311697
2024-08-14,610.0,613.9000244140625,591.5499877929688,602.5499877929688,183229,0.0,-0.014877848864326082,0.3622112839777494,-0.03781823611532295,319184.65,618.6471150576552
2024-08-16,607.6500244140625,611.0,593.0499877929688,600.5499877929688,253396,0.0,-0.0033192266874415566,0.35890454127301874,-0.03781823611532295,324246.4,618.4670441395987
2024-08-19,603.7000122070312,635.3499755859375,603.0,632.9000244140625,471975,0.0,0.053867350393229874,0.40587018367422134,-0.03781823611532295,342852.45,618.6106558836233
2024-08-20,639.7000122070312,645.0,621.0499877929688,628.1500244140625,123452,0.0,-0.007505134802921698,0.40186360637268503,-0.03781823611532295,344042.55,618.7055749734784
2024-08-21,630.5999755859375,638.0999755859375,626.0,633.4000244140625,91386,0.0,0.00835787597858828,0.39554107832096397,-0.03781823611532295,214696.25,618.8517884007479
2024-08-22,633.4000244140625,709.0,633.4000244140625,647.4500122070312,3482386,0.0,0.022181855464824096,0.40193854085169667,-0.03781823611532295,382320.2,619.1363478416065
2024-08-23,646.7999877929688,702.0,642.75,692.7999877929688,1662458,0.0,0.07004397981451604,0.4575688133254003,-0.03382718092523868,459736.45,619.869319383411
2024-08-26,699.7999877929688,728.9000244140625,697.0499877929688,720.0,2051830,0.0,0.039260988288526866,0.47639108338461417,-0.03382718092523868,554665.6,620.8656445636757
2024-08-27,718.5499877929688,726.4500122070312,712.4000244140625,721.5999755859375,390093,0.0,0.0022221883138020537,0.4754913072277219,-0.03044683840815853,568633.0,621.8679762156385
2024-08-28,721.5,729.9000244140625,714.0,722.2999877929688,457930,0.0,0.000970083468285754,0.4741433930612286,-0.03044683840815853,586626.05,622.8672997139204
2024-08-29,721.8499755859375,722.0499877929688,708.0999755859375,713.2000122070312,209662,0.0,-0.012598609635510294,0.4764677796922023,-0.03044683840815853,576423.65,623.7661326740509
2024-08-30,712.0,716.0999755859375,690.9500122070312,694.4000244140625,176662,0.0,-0.026360049735264734,0.47511862609304245,-0.02905306593056407,535470.85,624.468957467484
2024-09-02,700.0,707.9500122070312,689.0,702.7999877929688,163086,0.0,0.012096721030495639,0.46994926091385725,-0.02905306593056407,532114.95,625.2483707045535
2024-09-03,706.9500122070312,709.0,697.0499877929688,700.7999877929688,149021,0.0,-0.0028457598672997353,0.4582068848441442,-0.02905306593056407,528200.3,626.0001280885178
2024-09-04,699.3499755859375,715.0,695.0,698.5999755859375,183097,0.0,-0.0031392868797840423,0.3797227619672136,-0.02905306593056407,529318.7,626.7225146307808
2024-09-05,700.0999755859375,726.0,687.0,707.75,315472,0.0,0.0130976592239187,0.38061071612858677,-0.02905306593056407,536480.6,627.5287582662954
2024-09-06,708.0,718.9500122070312,703.0,711.5,179966,0.0,0.005298481102083974,0.3799794052514128,-0.02905306593056407,542126.2,628.3642930099144
2024-09-09,700.0,714.5999755859375,687.4000244140625,711.5,187235,0.0,0.0,0.37469025394706806,-0.02905306593056407,547009.55,629.1915139749898
2024-09-10,719.9500122070312,725.0,711.7999877929688,718.7999877929688,251415,0.0,0.010259996898058787,0.3738094390686808,-0.02905306593056407,554713.2,630.0831405801438
2024-09-11,720.0,740.0,716.0,726.0,650928,0.0,0.010016711643441312,0.3656909860294947,-0.02905306593056407,581733.95,631.0375371912867
2024-09-12,726.0,740.0,723.5499877929688,729.5999755859375,724663,0.0,0.004958644057765138,0.356316601000726,-0.02905306593056407,608805.65,632.018257971333
2024-09-13,729.0,734.0,717.0,720.75,203898,0.0,-0.012129901154163458,0.3541493493058811,-0.02905306593056407,606330.75,632.9011608770909
2024-09-16,730.0,730.7999877929688,719.0,723.4500122070312,110093,0.0,0.0037461147513440096,0.3519425490333854,-0.02905306593056407,588236.65,633.8021444724137
2024-09-17,726.5,752.9500122070312,723.0,737.6500244140625,804095,0.0,0.01962818711373182,0.31517246669121246,-0.02905306593056407,622268.8,634.835456710639
2024-09-18,741.3499755859375,744.0,724.5999755859375,731.5499877929688,156924,0.0,-0.008269553879482583,0.31564188702491963,-0.02905306593056407,625545.7,635.7977903532494
2024-09-19,732.7000122070312,740.0,716.0499877929688,736.4000244140625,237356,0.0,0.006629808901680079,0.31563716204711206,-0.028234442797690128,463294.2,636.7988076075859
2024-09-20,740.0,744.9500122070312,715.5499877929688,723.8499755859375,458391,0.0,-0.017042434019622466,0.3216560055708861,-0.028234442797690128,403090.85,637.6649883834899
2024-09-23,720.0,723.4500122070312,705.0999755859375,706.7999877929688,156214,0.0,-0.023554587784806125,0.23746721036578497,-0.028234442797690128,308310.05,638.3528988253753
2024-09-24,706.3499755859375,710.9000244140625,693.4500122070312,709.5499877929688,170822,0.0,0.003890775392607182,0.1932692869590915,-0.028234442797690128,297346.5,639.0613275713215
2024-09-25,703.0,708.0,690.0,691.4000244140625,123535,0.0,-0.02557954152794939,0.2112664370213336,-0.028234442797690128,280626.75,639.5821106244832
2024-09-26,690.7000122070312,691.4000244140625,678.0499877929688,686.7000122070312,116030,0.0,-0.006797818977536729,0.2116275032069159,-0.028234442797690128,275945.15,640.0509454661006
2024-09-27,690.1500244140625,697.2999877929688,662.5999755859375,665.8499755859375,252899,0.0,-0.03036265654646253,0.23059649127279652,-0.02905306593056407,279757.0,640.3076522334621
2024-09-30,665.8499755859375,684.0,665.8499755859375,679.7000122070312,297228,0.0,0.02080053635040824,0.2286869957381025,-0.02905306593056407,286464.1,640.6996160142937
2024-10-01,672.0,684.0,672.0,678.2000122070312,124996,0.0,-0.0022068559262333753,0.22374393876766044,-0.02905306593056407,285262.85,641.0727542848682
2024-10-03,673.0,698.9000244140625,672.0,679.2999877929688,328919,0.0,0.0016219044030356677,0.2239656766464295,-0.02905306593056407,292553.95,641.4531247675359
2024-10-04,682.7000122070312,688.75,666.5999755859375,680.4000244140625,116516,0.0,0.0016193679388509796,0.22410325717176252,-0.02905306593056407,282606.15,641.8406561073024
2024-10-07,680.0,680.0,636.0,640.5,218321,0.0,-0.05864200908637984,0.29360579555552896,-0.030281402332528275,284523.9,641.8273162455382
2024-10-08,643.0,646.5,624.7000122070312,641.6500244140625,250122,0.0,0.001795510404469125,0.2923693985718066,-0.030281402332528275,287668.25,641.8255521477125
2024-10-09,644.9000244140625,695.0,644.5999755859375,673.2000122070312,1289206,0.0,0.04917008741919604,0.3469439354797512,-0.030281402332528275,339557.8,642.1377358298948
2024-10-10,675.0,675.4500122070312,663.5999755859375,667.2000122070312,83542,0.0,-0.008912655809867664,0.3444755371754128,-0.030281402332528275,311188.5,642.3871117142444
2024-10-11,665.0,681.0,658.0,671.5999755859375,119806,0.0,0.006594669212237614,0.34300762638578436,-0.030281402332528275,280945.65,642.6777869766494
2024-10-14,671.5999755859375,673.5499877929688,660.1500244140625,669.5,58186,0.0,-0.003126824988499144,0.3416426323578256,-0.029057342468139558,273660.05,642.944674668424
2024-10-15,669.5,685.9500122070312,667.8499755859375,675.7000122070312,124141,0.0,0.009260660503407347,0.3431534332985072,-0.029057342468139558,274362.45,643.2705984250271
2024-10-16,674.9500122070312,681.9000244140625,674.2000122070312,680.0,282641,0.0,0.006363752723525629,0.34390588600330885,-0.029057342468139558,248289.75,643.6360651073651
2024-10-17,680.0,681.9500122070312,661.4500122070312,664.1500244140625,83602,0.0,-0.02330878762637867,0.340900688263079,-0.029057342468139558,244623.65,643.8401841054417
2024-10-18,664.0,665.8499755859375,649.0,658.6500244140625,80856,0.0,-0.008281261458737865,0.3409022073444886,-0.029057342468139558,236798.65,643.9875457005523
2024-10-21,652.0,661.9500122070312,645.0499877929688,648.5,51227,0.0,-0.015410345460917574,0.3401685385180479,-0.029057342468139558,216440.45,644.0324457433329
2024-10-22,648.5,653.4500122070312,617.0,620.6500244140625,138168,0.0,-0.04294522064138395,0.3620704330554828,-0.030991784751208597,215538.15,643.799784834584
2024-10-23,620.5999755859375,634.0499877929688,611.5,628.6500244140625,82738,0.0,0.01288971189125876,0.363144319274261,-0.030991784751208597,211133.95,643.6490409498027
2024-10-24,628.7000122070312,632.0,621.4000244140625,628.2999877929688,79939,0.0,-0.0005568068201698972,0.3620492368198761,-0.030991784751208597,208954.15,643.4963140527199
2024-10-25,625.0,628.7999877929688,593.9500122070312,596.4000244140625,159258,0.0,-0.050771866940442445,0.3891366872871305,-0.04333655295633688,211115.55,643.0276942553203
2024-10-28,600.0499877929688,603.2000122070312,588.0499877929688,595.6500244140625,116885,0.0,-0.0012575452201513126,0.3895964708596624,-0.04333655295633688,204314.85,642.5562746549098
2024-10-29,591.3499755859375,599.4000244140625,591.0,594.7000122070312,44448,0.0,-0.0015949167599981218,0.37998483289924007,-0.04333655295633688,191675.85,642.0800929390105
2024-10-30,595.0499877929688,613.6500244140625,591.25,603.0999755859375,117630,0.0,0.014124706921953,0.3749234776299573,-0.030991784751208597,191307.55,641.6922310748008
2024-10-31,603.5499877929688,678.0,603.5499877929688,662.5499877929688,864864,0.0,0.09857405838770439,0.520172873388116,-0.030991784751208597,218104.8,641.8997709426434
2024-11-01,662.5499877929688,668.7000122070312,660.0,662.9000244140625,51704,0.0,0.0005283173006458419,0.5201275641067743,-0.030991784751208597,214864.2,642.1087286886277
2024-11-04,657.0,657.2000122070312,636.0,648.5999755859375,92245,0.0,-0.0215719539922552,0.5250274832974628,-0.030991784751208597,208560.4,642.173318209994
2024-11-05,638.8499755859375,655.7999877929688,638.8499755859375,648.25,90641,0.0,-0.000539586184259977,0.48258395548679445,-0.030991784751208597,200586.35,642.233782705417
2024-11-06,652.0,655.0499877929688,644.4500122070312,651.6500244140625,62103,0.0,0.005244927750192918,0.4828033841373541,-0.030991784751208597,139231.2,642.3274766527668
2024-11-07,651.6500244140625,659.9000244140625,650.0,651.1500244140625,49951,0.0,-0.0007672830219711546,0.45012647170660786,-0.030991784751208597,137551.65,642.4152631976553
2024-11-08,651.0999755859375,653.0,634.0999755859375,636.7999877929688,45155,0.0,-0.022037988302321954,0.4552230181491913,-0.030991784751208597,133819.1,642.359389810544
2024-11-11,633.6500244140625,635.0,619.9000244140625,624.4500122070312,54098,0.0,-0.019393806254205836,0.4580506884323652,-0.030991784751208597,133614.7,642.18118704832
2024-11-12,628.0,633.4500122070312,599.75,602.5,155092,0.0,-0.03515095168218829,0.47133711408722334,-0.03554066513014807,135162.25,641.7863493662472
2024-11-13,610.0,613.6500244140625,567.0499877929688,570.0499877929688,232024,0.0,-0.053858941422458506,0.49791621703115707,-0.04333655295633688,132631.4,641.0725547237271
2024-11-14,578.7999877929688,590.9500122070312,562.4000244140625,584.8499755859375,304564,0.0,0.025962613998588235,0.5093421088468677,-0.04333655295633688,143679.5,640.51312607559
2024-11-18,590.0,590.0,557.8499755859375,559.7999877929688,172955,0.0,-0.04283147617108507,0.5217159973114656,-0.04333655295633688,148284.45,639.7100102717828
2024-11-19,565.0,568.9500122070312,546.7999877929688,556.6500244140625,412043,0.0,-0.005626944350829777,0.521753488896897,-0.04333655295633688,166325.25,638.8835427508105
2024-11-21,551.0499877929688,571.9000244140625,549.0,553.1500244140625,140326,0.0,-0.0062876131258310375,0.5209618923726688,-0.04333655295633688,166433.15,638.030472916614
2024-11-22,557.9000244140625,567.3499755859375,551.2000122070312,559.4000244140625,142116,0.0,0.011298923843708453,0.5075741819592382,-0.04333655295633688,169402.05,637.2480803942005
2024-11-25,569.0,668.0,569.0,640.75,5587413,0.0,0.14542361822587813,0.7255027496671281,-0.04333655295633688,444775.75,637.2829253654025
2024-11-26,640.0,673.9000244140625,630.7999877929688,653.6500244140625,1972924,0.0,0.02013269514484972,0.7281720804852256,-0.04333655295633688,535459.05,637.4457820723544
2024-11-27,645.0,645.7999877929688,630.9000244140625,636.7000122070312,316884,0.0,-0.025931326511041464,0.709986188201323,-0.04333655295633688,545459.0,637.4383614766796
2024-11-28,636.7000122070312,648.7999877929688,631.0,633.7999877929688,173298,0.0,-0.004554773611531671,0.7103868223288167,-0.04333655295633688,551901.5,637.4021587534587
2024-11-29,639.0,647.6500244140625,633.0,639.8499755859375,110248,0.0,0.009545578904215812,0.7103564237875398,-0.04333655295633688,551532.4,637.4265151398515
2024-12-02,647.0,651.9000244140625,636.2999877929688,647.7999877929688,78483,0.0,0.01242480661150469,0.7100873915598025,-0.04333655295633688,512213.35,637.5297337732159
2024-12-03,647.7999877929688,666.2000122070312,641.5,659.6500244140625,324378,0.0,0.018292739803016156,0.6251940550366408,-0.04333655295633688,525847.05,637.7498361676521
2024-12-04,664.9000244140625,669.0,653.0999755859375,657.1500244140625,157734,0.0,-0.0037898884370096697,0.6253696983469712,-0.04333655295633688,529121.5,637.9428728666214
2024-12-05,657.0499877929688,659.5499877929688,646.5999755859375,650.5499877929688,71418,0.0,-0.010043424447832239,0.6215563585555348,-0.04333655295633688,528160.35,638.0683167962369
2024-12-06,650.5499877929688,653.2000122070312,640.5,643.3499755859375,75137,0.0,-0.011067577191812283,0.6229179426467288,-0.04333655295633688,528812.05,638.12087061504
2024-12-09,639.4500122070312,639.4500122070312,621.7000122070312,625.3499755859375,167134,0.0,-0.02797855084024259,0.6302059772716995,-0.04333655295633688,534671.2,637.9937970326608
2024-12-10,625.3499755859375,632.0499877929688,620.0499877929688,621.5999755859375,136626,0.0,-0.005996642114659667,0.630415879586347,-0.04333655295633688,539244.75,637.8306744312009
2024-12-11,629.0,629.2000122070312,615.25,617.9000244140625,160985,0.0,-0.005952302633839945,0.6262613741321766,-0.04333655295633688,544589.1,637.6323595056572
2024-12-12,618.5,618.5,609.0,611.5,159944,0.0,-0.010357702154375925,0.623645546890354,-0.04333655295633688,544831.7,637.3723360279889
2024-12-13,610.0,612.0,599.0,603.4500122070312,110109,0.0,-0.01316432999667827,0.6127204354811479,-0.04333655295633688,538735.95,637.0348004675814
2024-12-16,612.9500122070312,626.9500122070312,600.4500122070312,604.9000244140625,249238,0.0,0.002402870457700379,0.5796499476989578,-0.04333655295633688,535969.65,636.7150514521235
2024-12-17,610.1500244140625,610.1500244140625,600.0,601.9500122070312,96221,0.0,-0.004876859130380717,0.5743612527811653,-0.04333655295633688,532132.95,636.3691306636151
2024-12-18,602.0499877929688,607.0,592.5499877929688,601.9500122070312,86836,0.0,0.0,0.550966873694341,-0.04333655295633688,515872.6,636.0266518730024
2024-12-19,592.7999877929688,610.0,590.25,608.1500244140625,91196,0.0,0.010299878862530587,0.5502241981534016,-0.04333655295633688,513416.1,635.7492724953015
2024-12-20,613.2999877929688,613.5499877929688,590.4000244140625,596.0,264960,0.0,-0.01997866303757656,0.5557025234426064,-0.04333655295633688,519558.3,635.3537573460945
2024-12-23,601.2999877929688,603.7999877929688,583.0,587.9000244140625,75520,0.0,-0.013590563063653471,0.5583231394422193,-0.04333655295633688,243963.65,634.8815808990097
2024-12-24,586.0,590.7999877929688,581.0,585.5499877929688,116380,0.0,-0.003997340574081298,0.20747408797379874,-0.04333655295633688,151136.45,634.390719276064
2024-12-26,586.2000122070312,591.8499755859375,581.7999877929688,585.7999877929688,68777,0.0,0.0004269490311874513,0.1887392068042945,-0.04333655295633688,138731.1,633.9072294105607
2024-12-27,587.0,592.25,561.9500122070312,573.0499877929688,146094,0.0,-0.021765107998783506,0.18343297919738757,-0.04333655295633688,137370.9,633.3016847178484
2024-12-30,575.2999877929688,575.5,560.0,562.3499755859375,114209,0.0,-0.018672039848113497,0.18947955460829444,-0.04333655295633688,137568.95,632.595697562307
2024-12-31,562.25,582.0,560.0499877929688,579.7999877929688,109371,0.0,0.031030520075775447,0.22281831516773998,-0.04333655295633688,139113.35,632.070367116841
2025-01-01,579.7999877929688,584.9500122070312,574.7000122070312,577.4000244140625,75023,0.0,-0.00413929532499957,0.2141002671983785,-0.04333655295633688,126645.6,631.5263836073607
2025-01-02,578.5,582.1500244140625,567.2999877929688,576.5499877929688,126534,0.0,-0.0014721797456734853,0.19681822193219609,-0.04283716339460002,125085.6,630.9793547932871
2025-01-03,577.9000244140625,587.7000122070312,575.1500244140625,576.5999755859375,219772,0.0,8.670157666657019e-05,0.19790083132559322,-0.04283716339460002,132503.3,630.4382664429653
2025-01-06,577.75,579.7999877929688,568.0999755859375,574.75,128348,0.0,-0.003208421200603717,0.19761556225681784,-0.04283716339460002,135163.85,629.8841543390553
2025-01-07,574.75,584.25,566.7000122070312,577.2999877929688,129178,0.0,0.004436690374891361,0.19970375838506293,-0.04283716339460002,133266.05,629.3609288012833
2025-01-08,577.2999877929688,581.7000122070312,572.2999877929688,576.7000122070312,73913,0.0,-0.0010392787088584488,0.18176426175813307,-0.04283716339460002,130130.4,628.8369395814401
2025-01-09,582.9500122070312,588.9000244140625,561.25,564.5499877929688,105370,0.0,-0.021068188238048347,0.19131986677084434,-0.04283716339460002,127349.65,628.1972684193657
2025-01-10,566.0,571.8499755859375,560.0,565.25,88112,0.0,0.0012399472538611178,0.19225416065037196,-0.04283716339460002,123758.05,627.5709274400687
2025-01-13,562.2999877929688,569.0,526.25,529.3499755859375,206887,0.0,-0.06351176366928346,0.2813621610248498,-0.04333655295633688,128596.95,626.5936045360475
2025-01-14,535.0499877929688,539.4500122070312,522.2999877929688,533.6500244140625,104206,0.0,0.008123262541696041,0.2848355104173302,-0.04333655295633688,121345.35,625.6687927935402
2025-01-15,535.0999755859375,542.6500244140625,512.8499755859375,524.7999877929688,285273,0.0,-0.0165839711725132,0.28563969244894094,-0.04333655295633688,130797.95,624.665123092042
2025-01-16,527.0499877929688,542.3499755859375,527.0,534.4000244140625,57783,0.0,0.01829275313337253,0.2983766775524632,-0.04333655295633688,129345.3,623.7669629061915
2025-01-17,533.5499877929688,536.4000244140625,523.8499755859375,531.2000122070312,75202,0.0,-0.005988046521030466,0.2977111422225889,-0.043228495709552936,128545.6,622.8458987201302
2025-01-20,530.2000122070312,549.9000244140625,530.2000122070312,547.0,111421,0.0,0.029743952239991378,0.31786905397146903,-0.043228495709552936,120868.65,622.091213160726
2025-01-21,550.0,551.0499877929688,526.25,529.0999755859375,80065,0.0,-0.032723993444355615,0.3284089194105918,-0.043228495709552936,121095.9,621.1659272147083
2025-01-22,533.75,569.9500122070312,527.0499877929688,558.7999877929688,1672223,0.0,0.056133081794496054,0.3897177070069394,-0.03553497790663313,198888.05,620.5453706035468
2025-01-23,541.4000244140625,559.2999877929688,541.4000244140625,548.2999877929688,278840,0.0,-0.018790265263731842,0.3939584835049422,-0.03553497790663313,209391.2,619.8265110730933
2025-01-24,552.2999877929688,552.2999877929688,531.0,540.4500122070312,66889,0.0,-0.014316935547519227,0.39572899256086147,-0.03553497790663313,205430.95,619.0366951639784
2025-01-27,535.0,536.0,522.1500244140625,531.3499755859375,107748,0.0,-0.016837887714965527,0.3932288850298231,-0.03553497790663313,205107.9,618.1641904915601
2025-01-28,530.0,531.2999877929688,514.1500244140625,522.5999755859375,162300,0.0,-0.016467489229393673,0.3922157521191671,-0.03553497790663313,207754.35,617.2133027810564
2025-01-29,522.5999755859375,530.0499877929688,521.1500244140625,524.7999877929688,61256,0.0,0.00420974418256459,0.37327480340278724,-0.03553497790663313,207066.0,616.2937673085381
2025-01-30,530.0,542.0,525.1500244140625,530.25,90228,0.0,0.010384932038491668,0.37681130594785006,-0.03553497790663313,205250.7,615.4376104198959
2025-01-31,530.3499755859375,543.5,529.75,540.9000244140625,174495,0.0,0.020084911671970795,0.38576724857620104,-0.03553497790663313,202986.85,614.6959428974499
2025-02-01,540.9000244140625,544.6500244140625,528.8499755859375,535.5999755859375,28817,0.0,-0.009798573837866531,0.38636996537406965,-0.03553497790663313,198010.3,613.9089183470866
2025-02-03,535.0,567.2999877929688,530.0,547.8499755859375,849531,0.0,0.022871546972343948,0.39680396658914235,-0.03553497790663313,234027.95,613.2516154340403
2025-02-04,545.1500244140625,554.0,538.0,541.25,65850,0.0,-0.012047049155891054,0.39755253185952466,-0.03553497790663313,233624.8,612.535181449622
2025-02-05,539.75,551.4000244140625,535.1500244140625,546.1500244140625,120639,0.0,0.009053162889722799,0.3996367105556882,-0.03553497790663313,234388.25,611.8746326233975
2025-02-06,544.75,564.0,544.0499877929688,561.4500122070312,151366,0.0,0.028014258187360364,0.4066776762241443,-0.03322936758069209,237550.95,611.3728951068167
2025-02-07,561.4500122070312,565.75,554.8499755859375,558.5499877929688,66936,0.0,-0.005165240628747458,0.4070469907957871,-0.028215822970448237,230553.4,610.8472940390172
2025-02-10,559.0,561.6500244140625,544.0,546.8499755859375,71939,0.0,-0.02094711746975808,0.34579674650728864,-0.028215822970448237,228940.05,610.2105048006782
2025-02-11,536.7000122070312,539.0,521.4500122070312,536.25,160139,0.0,-0.019383699477319882,0.35249615123715966,-0.02603368772750152,222683.35,609.474579379776
2025-02-12,530.0,575.0,530.0,550.4000244140625,2550492,0.0,0.026386991914335578,0.3577026407599825,-0.02603368772750152,347318.8,608.8867728627042
2025-02-13,553.4500122070312,553.4500122070312,521.0,526.3499755859375,205473,0.0,-0.04369558096173398,0.38653255574487744,-0.028215822970448237,353832.35,608.0655111982588
2025-02-14,524.0,524.0,486.1000061035156,491.0499877929688,229678,0.0,-0.06706562065225219,0.4502326953677111,-0.03327257282022453,359745.2,606.901177632037
2025-02-17,488.6499938964844,490.4500122070313,467.8999938964844,484.9500122070313,233025,0.0,-0.012422310839175332,0.4346029913810007,-0.03327257282022453,367393.2,605.6877331999474
2025-02-18,485.2999877929688,488.7000122070313,465.6000061035156,471.3999938964844,92950,0.0,-0.02794106190219514,0.4311100637094753,-0.03327257282022453,288429.55,604.3515367889677
2025-02-19,465.7000122070313,483.2000122070313,456.6499938964844,474.75,372827,0.0,0.007106504342151654,0.37284026857255975,-0.03327257282022453,293128.9,603.0619692587293
2025-02-20,475.0,494.8999938964844,471.6499938964844,480.25,575918,0.0,0.011585044760400232,0.37604897487061195,-0.03327257282022453,318580.35,601.8399596143639
2025-02-21,482.25,491.75,471.1499938964844,476.6000061035156,151496,0.0,-0.0076001955158445655,0.37489948260876316,-0.03327257282022453,320767.75,600.5937909227137
2025-02-24,475.1000061035156,475.9500122070313,462.7000122070313,466.7000122070313,111971,0.0,-0.02077212289068686,0.3766161446244475,-0.03327257282022453,318251.3,599.2615145175824
2025-02-25,468.0499877929688,472.0,460.3500061035156,463.4500122070313,94587,0.0,-0.006963788118690473,0.3746857387127041,-0.03327257282022453,319917.85,597.9101562856367
2025-02-27,459.0,464.9500122070313,446.6000061035156,452.9500122070313,119261,0.0,-0.022656165116917593,0.3775208509542349,-0.03327257282022453,321369.5,596.4677667923172
2025-02-28,447.9500122070313,451.0,426.25,428.1000061035156,192770,0.0,-0.05486257960880114,0.4068119119523436,-0.044253930894087336,322283.25,594.7924656909361
2025-03-03,429.3500061035156,434.4500122070313,412.3999938964844,419.9500122070313,240141,0.0,-0.01903759350686307,0.3929121667782411,-0.044253930894087336,332849.45,593.0527397856237
2025-03-04,419.1499938964844,438.7000122070313,415.4500122070313,431.6000061035156,279205,0.0,0.02774138244515867,0.41602109231973977,-0.044253930894087336,304333.15,591.4462449231152
2025-03-05,431.8999938964844,444.0499877929688,431.8999938964844,440.1000061035156,215323,0.0,0.01969416098191923,0.4130024858145057,-0.044253930894087336,311806.8,589.9403121985421
2025-03-06,446.0,450.0,438.0,439.9500122070313,271442,0.0,-0.00034081775597394337,0.41427690890913793,-0.044253930894087336,319346.95,588.4478714026067
2025-03-07,440.9500122070313,474.0,436.1499938964844,455.1000061035156,886980,0.0,0.034435716504435554,0.43728373442831275,-0.044253930894087336,356127.65,587.1210269717699
2025-03-10,453.0,462.1000061035156,432.0,435.5,192389,0.0,-0.043067470535382624,0.43224429929333513,-0.044253930894087336,362400.3,585.6123600367274
2025-03-11,429.0,434.0,423.75,431.9500122070313,152661,0.0,-0.0081515219126721,0.4318020269684364,-0.044253930894087336,366436.4,584.0833814513572
2025-03-12,433.0499877929688,438.2000122070313,424.0,425.8999938964844,126514,0.0,-0.014006292718073077,0.43061873458255284,-0.044253930894087336,364755.15,582.5094173960849
2025-03-13,427.75,453.4500122070313,421.25,443.5,1423387,0.0,0.04132426944291834,0.46643541286026075,-0.044253930894087336,308399.9,581.1262391135368
2025-03-17,440.0,526.6500244140625,433.0,505.0499877929688,20666875,0.0,0.13878238510252272,0.6842597013875833,-0.044253930894087336,1331470.0,580.3692614884566
2025-03-18,505.0499877929688,505.0499877929688,505.0499877929688,505.0499877929688,0,0.0,0.0,0.668258603352831,-0.044253930894087336,1319986.1,579.6198159790487
2025-03-19,507.0,523.0499877929688,501.1000061035156,508.2999877929688,2407628,0.0,0.006435006590540304,0.6239500921017059,-0.044253930894087336,1428716.25,578.9101659473464
2025-03-20,504.7999877929688,512.5999755859375,488.6000061035156,490.7999877929688,1080373,0.0,-0.034428487940723285,0.6350710722788987,-0.044253930894087336,1478087.4,578.0334477567557
2025-03-21,491.0,500.1499938964844,491.0,493.7999877929688,644206,0.0,0.006112469589680369,0.626209837515369,-0.044253930894087336,1491656.35,577.195303876519
2025-03-24,494.8999938964844,516.2999877929688,494.8999938964844,505.3999938964844,1302057,0.0,0.023491304962079074,0.6301497450176206,-0.044253930894087336,1527963.3,576.4809226826878
2025-03-25,508.5,517.9500122070312,491.7999877929688,500.1499938964844,607386,0.0,-0.010387811759798526,0.6312817838616173,-0.044253930894087336,1550757.8,575.721410953472
2025-03-26,502.9500122070313,505.1499938964844,485.8500061035156,488.5499877929688,228488,0.0,-0.023193054573777294,0.6367603698498778,-0.044253930894087336,1556583.65,574.8540336085914
2025-03-27,485.0,492.4500122070313,478.7000122070313,489.75,393668,0.0,0.002456273128676578,0.6313954982499868,-0.044253930894087336,1571537.7,574.0072273040283
2025-03-28,489.0499877929688,500.7999877929688,478.6499938964844,481.7000122070313,221542,0.0,-0.016436932706418994,0.6341293548470486,-0.044253930894087336,1576651.75,573.0887475518194
2025-04-01,485.7000122070313,486.0499877929688,474.1000061035156,478.25,142379,0.0,-0.00716215926842978,0.6286115671229319,-0.044253930894087336,1574132.2,572.1450784219506
2025-04-02,479.2999877929688,490.2000122070313,471.2999877929688,482.6000061035156,236100,0.0,0.009095674027215006,0.5920214857080128,-0.044253930894087336,1573930.15,571.2540826774887
2025-04-03,482.6000061035156,486.4500122070313,475.4500122070313,480.1499938964844,187612,0.0,-0.005076693278171507,0.5864268779939446,-0.044253930894087336,1569350.5,570.347574331409
2025-04-04,480.1000061035156,480.1000061035156,441.0,447.0,316707,0.0,-0.06904091287696901,0.6369840290116212,-0.05529503881182526,1574419.7,569.1202352833352
2025-04-07,414.8500061035156,430.0,402.0499877929688,419.4500122070313,866383,0.0,-0.06163308231089193,0.6705876723185331,-0.061727016378811506,1604166.75,567.6309793323272
2025-04-08,430.1000061035156,440.0,412.2999877929688,417.9500122070313,601220,0.0,-0.003576111470607435,0.6706129080956981,-0.061727016378811506,1589878.75,566.1416164753591
2025-04-09,417.0499877929688,419.9500122070313,401.0,402.2000122070313,359201,0.0,-0.037683932384235064,0.6682871754650703,-0.05520110474390568,1598219.35,564.5103567313957
2025-04-11,421.0,431.1000061035156,402.2999877929688,422.1499938964844,2106845,0.0,0.049602140934754235,0.6788882153014618,-0.05520110474390568,1695928.55,563.0938357081628
2025-04-15,428.0,458.0,424.0,450.9500122070313,3306714,0.0,0.06822224026280344,0.7186315085891778,-0.05520110474390568,1854938.55,561.9779767678531
2025-04-16,450.0,456.2000122070313,439.5,441.1000061035156,510622,0.0,-0.021842789304534982,0.7214745982099265,-0.05520110474390568,1809300.3,560.775210890596
2025-04-17,444.0,449.3999938964844,435.1000061035156,440.1499938964844,939809,0.0,-0.00215373428675103,0.7076761602013778,-0.05520110474390568,822947.0,559.5749599752318
2025-04-21,442.2000122070313,462.7000122070313,437.0,454.7999877929688,1479011,0.0,0.03328409428520818,0.5165942119192467,-0.05520110474390568,896897.55,558.5324229385923
2025-04-22,454.7999877929688,467.2999877929688,450.5,459.5499877929688,502222,0.0,0.010444151555611514,0.5189947949452428,-0.05520110474390568,801627.25,557.5475230863971
2025-04-23,461.0,479.7999877929688,460.4500122070313,474.6000061035156,716935,0.0,0.03274946950347202,0.5334492056006577,-0.05520110474390568,783455.35,556.7221746587068
2025-04-24,478.25,486.7000122070313,468.2000122070313,470.7999877929688,786142,0.0,-0.008006780998055851,0.5213771834324613,-0.05520110474390568,790552.15,555.8672275257144
2025-04-25,475.0,475.0,447.2000122070313,454.5499877929688,460714,0.0,-0.03451571882186588,0.5328089016087361,-0.05520110474390568,748485.0,554.8590957870802
2025-04-28,451.0,464.8999938964844,448.5,463.4500122070313,228323,0.0,0.019579858438179443,0.530488879757832,-0.05520110474390568,729531.85,553.9495526668808
2025-04-29,467.3500061035156,468.0,459.1000061035156,462.75,145105,0.0,-0.0015104373472722976,0.5299454604836182,-0.05520110474390568,725362.7,553.0420944313895
2025-04-30,458.75,460.6499938964844,443.0,445.4500122070313,289358,0.0,-0.03738517081138559,0.5389092490401751,-0.05520110474390568,720147.2,551.9715264490576
2025-05-02,444.0,452.6000061035156,440.75,451.5,159376,0.0,0.013581743466552831,0.5419161064653728,-0.05520110474390568,717038.9,550.9718097679726
2025-05-05,450.9500122070313,459.8500061035156,447.8500061035156,458.2999877929688,205703,0.0,0.015060881047549879,0.5432837932397697,-0.05520110474390568,720205.1,550.0497020866293
2025-05-06,462.2999877929688,462.2999877929688,439.0,440.7999877929688,186389,0.0,-0.03818459626035464,0.5575766340841368,-0.05520110474390568,717719.55,548.9626402528615
2025-05-07,440.0,464.5,433.5499877929688,457.3999938964844,336741,0.0,0.03765881706719121,0.5741024317625978,-0.05520110474390568,725176.0,548.0515691448379
2025-05-08,462.0,462.3999938964844,447.0,449.5499877929688,158038,0.0,-0.01716223482349266,0.5764600326459364,-0.05520110474390568,717242.55,547.0714539075059
2025-05-09,436.0,446.0,436.0,440.4500122070313,181028,0.0,-0.02024241092878931,0.5282570989223897,-0.05520110474390568,682974.8,546.0105440398395
2025-05-12,463.0,467.5499877929688,450.5499877929688,463.5,410752,0.0,0.05233281224688491,0.5083459305349026,-0.05520110474390568,673451.4,545.1895436016321
2025-05-13,467.3999938964844,471.5499877929688,457.1000061035156,461.1000061035156,242246,0.0,-0.005177980359189593,0.5087265137499459,-0.05520110474390568,667603.65,544.3528317857305
2025-05-14,465.0,474.7999877929688,461.25,470.1499938964844,319729,0.0,0.019626952229831574,0.48612803470555915,-0.05520110474390568,578247.85,543.6144950903151
2025-05-15,471.0,482.9500122070313,469.6000061035156,480.8500061035156,438186,0.0,0.02275872029339454,0.4655745733467137,-0.05520110474390568,434821.45,542.9899728118395
2025-05-16,483.9500122070313,484.4500122070313,474.0,478.5499877929688,314618,0.0,-0.004783234441826489,0.40913796071212255,-0.05520110474390568,425021.25,542.3487789310547
2025-05-19,482.5,489.4500122070313,477.1000061035156,482.2999877929688,386511,0.0,0.007836171968773176,0.39909014751915867,-0.05520110474390568,397356.35,541.7512785217205
2025-05-20,486.5,488.2000122070313,471.1499938964844,473.1000061035156,158273,0.0,-0.019075226876021256,0.40690601770408746,-0.04365722598905355,331319.45,541.0681812837284
2025-05-21,475.5,478.75,467.2999877929688,471.6499938964844,186153,0.0,-0.003064916906202697,0.39291176941388517,-0.04365722598905355,315516.0,540.3774530510195
2025-05-22,470.0,476.2000122070313,468.2000122070313,472.4500122070313,99440,0.0,0.0016962118539165516,0.3917166664437197,-0.04365722598905355,284641.25,539.7015581172485
2025-05-23,474.7999877929688,478.0,466.7000122070313,476.3999938964844,147150,0.0,0.008360634114497945,0.37608558782317064,-0.04365722598905355,252691.65,539.0716918065942
2025-05-26,480.5,489.7999877929688,474.1499938964844,479.2000122070313,345071,0.0,0.005877452448404874,0.37522773014234667,-0.04365722598905355,246909.5,538.475953701126
2025-05-27,485.0,504.9500122070313,479.0,497.7999877929688,1855722,0.0,0.03881463921562189,0.37348889695961046,-0.04365722598905355,328279.45,538.0712177219403
2025-05-28,502.0499877929688,511.0,493.25,504.4500122070313,1064628,0.0,0.013358827997457023,0.37095817697200595,-0.04365722598905355,374255.6,537.7366783635831
2025-05-29,508.1000061035156,518.0,492.0,499.1000061035156,1331801,0.0,-0.010605621913078678,0.3740791755736797,-0.04365722598905355,426377.75,537.352233863483
2025-05-30,501.2999877929688,548.4000244140625,499.2999877929688,535.2000122070312,6343456,0.0,0.07233020569434401,0.4126981021963247,-0.04365722598905355,735581.75,537.3308187226228
2025-06-02,540.0,545.0,530.7999877929688,534.6500244140625,919156,0.0,-0.001027630381958966,0.4137984492504421,-0.03842873997410604,771254.4,537.3041441523884
2025-06-03,537.25,538.2000122070312,525.0,528.5,481831,0.0,-0.011502897471673101,0.418613854602305,-0.03842873997410604,786026.5,537.2165407279865
2025-06-04,529.0,539.0,528.4000244140625,534.4500122070312,342078,0.0,0.011258301243200153,0.38484662113831114,-0.03842873997410604,786293.35,537.1890130810118
2025-06-05,535.0,542.25,530.9000244140625,533.9500122070312,402985,0.0,-0.0009355411892222332,0.372268466265546,-0.03842873997410604,798540.7,537.1567842165941
2025-06-06,537.9000244140625,537.9000244140625,528.4000244140625,529.4000244140625,210106,0.0,-0.00852137407799991,0.36616483623359836,-0.03842873997410604,799994.6,537.0796025270167
2025-06-09,529.9500122070312,539.0,529.4500122070312,535.0499877929688,281689,0.0,0.010672389721099185,0.3514175604853049,-0.03842873997410604,793541.45,537.0594073555337
2025-06-10,536.9000244140625,539.25,530.0,531.25,175178,0.0,-0.007102117334201519,0.31903469366000875,-0.03770896557804104,790188.05,537.00160230722
2025-06-11,534.2000122070312,534.2000122070312,522.0999755859375,526.6500244140625,228276,0.0,-0.008658777573529397,0.32089065058481386,-0.03770896557804104,785615.4,536.8986015321636
2025-06-12,528.0,563.5499877929688,526.0,531.0,3168513,0.0,0.00825970831536016,0.31744636944945737,-0.03770896557804104,922131.75,536.8399089796048
2025-06-13,521.0,539.2999877929688,516.1500244140625,536.3499755859375,500199,0.0,0.01007528358933607,0.31200215288954275,-0.03770896557804104,931410.8,536.8350340204639
2025-06-16,536.5,543.7999877929688,521.4000244140625,531.0,421470,0.0,-0.00997478480369629,0.3146429020099031,-0.03770896557804104,933158.75,536.7769739804594
2025-06-17,531.2999877929688,536.5999755859375,523.0999755859375,524.75,330061,0.0,-0.011770244821092235,0.3198187708069603,-0.03770896557804104,941748.15,536.6573025975692
2025-06-18,528.7999877929688,556.75,516.1500244140625,519.8499755859375,4815522,0.0,-0.009337826420319217,0.31258187042266916,-0.03770896557804104,1173216.6,536.4900655128764
2025-06-19,520.75,530.2999877929688,518.1500244140625,523.5999755859375,529239,0.0,0.00721361965204137,0.31140020384173084,-0.03770896557804104,1194706.55,536.3618059116134
2025-06-20,524.5,529.5999755859375,504.7999877929688,510.25,2084184,0.0,-0.02549651682278653,0.3289695059002061,-0.03770896557804104,1291558.25,536.1019869473188
2025-06-23,506.8999938964844,537.2999877929688,505.3999938964844,534.75,1437771,0.0,0.04801567858892697,0.3627366612640462,-0.03770896557804104,1346193.25,536.0885343408778
2025-06-24,538.0,539.0,525.2999877929688,528.7000122070312,544891,0.0,-0.011313675162166859,0.3675228784037953,-0.03770896557804104,1280651.7,536.0150167077053
2025-06-25,528.9500122070312,535.75,527.4000244140625,533.3499755859375,359106,0.0,0.00879508846518684,0.34678761546630904,-0.03770896557804104,1245375.6,535.9884988855981
2025-06-26,535.8499755859375,540.0,527.4500122070312,529.1500244140625,339696,0.0,-0.007874662724528969,0.3469907734000283,-0.03770896557804104,1195770.35,535.9204543634934
2025-06-27,533.7000122070312,544.0,531.0,536.4500122070312,546943,0.0,0.013795686395464468,0.3456716750978852,-0.03770896557804104,905944.7,535.9257235957674
2025-06-30,539.9000244140625,541.75,533.3499755859375,536.4500122070312,255640,0.0,0.0,0.2389678566848293,-0.03770896557804104,872768.9,535.9309403978696
2025-07-01,539.75,544.75,533.6500244140625,535.2999877929688,219799,0.0,-0.0021437680825677763,0.2390723949279823,-0.03770896557804104,859667.3,535.9246622624975
2025-07-02,539.8499755859375,539.8499755859375,528.9000244140625,531.1500244140625,150914,0.0,-0.007752593823169063,0.2371112253656412,-0.03770896557804104,850109.1,535.8771534281847
2025-07-03,532.0,541.9500122070312,528.0999755859375,537.5499877929688,510811,0.0,0.012049257431488103,0.23758536263332744,-0.037400108890028066,855500.4,535.8937985462422
2025-07-04,537.5499877929688,540.5499877929688,527.3499755859375,531.0499877929688,203198,0.0,-0.012091898702643822,0.24147551914848692,-0.03465919142134187,855155.0,535.845601424319
2025-07-07,528.0,540.9500122070312,528.0,532.0999755859375,186638,0.0,0.0019771920103650586,0.2396214664367909,-0.03465919142134187,850402.45,535.8083315154795
2025-07-08,536.0999755859375,553.9000244140625,531.0,534.0999755859375,3293164,0.0,0.0037586921476506774,0.23705170324715472,-0.025947476922740496,1006301.75,535.7913329490165
2025-07-09,540.2000122070312,568.0,540.2000122070312,550.2999877929688,6729288,0.0,0.03033142285629009,0.2574686899189617,-0.025947476922740496,1331352.35,535.9356976738319
2025-07-10,563.0,566.9000244140625,553.0,556.4000244140625,1261751,0.0,0.011084929595507553,0.25644272512769023,-0.025947476922740496,1236014.25,536.1393228155257
2025-07-11,555.5999755859375,561.5,548.0499877929688,551.0499877929688,315899,0.0,-0.00961545001139752,0.2590599383875617,-0.025947476922740496,1226799.25,536.2876876411719
2025-07-14,548.0,556.5,542.1500244140625,552.6500244140625,273753,0.0,0.0029036142936906817,0.25739125191840284,-0.025947476922740496,1219413.4,536.4504969622952
2025-07-15,555.0,555.0,548.0499877929688,552.5,233312,0.0,-0.0002714636884736388,0.2540905018671402,-0.025947476922740496,1214575.95,536.6101935099341
2025-07-16,552.5,553.25,542.0499877929688,544.1500244140625,246153,0.0,-0.01511307798359729,0.25662639361415784,-0.025947476922740496,986107.5,536.68521670301
2025-07-17,544.2000122070312,559.9500122070312,544.2000122070312,553.5999755859375,352501,0.0,0.01736644445077551,0.2586187209536553,-0.025947476922740496,977270.6,536.8535227615466
2025-07-18,553.5999755859375,559.5,547.1500244140625,548.9500122070312,2530072,2.2,-0.00839950069359141,0.2611514612889057,-0.025947476922740496,999565.0,536.9738858406062
2025-07-21,548.5,556.9500122070312,546.0499877929688,552.9000244140625,194723,0.0,0.007195577227788741,0.24095342788643798,-0.020505116223489172,937412.6,537.1323548811381
2025-07-22,555.7999877929688,559.5999755859375,553.5,554.2000122070312,209732,0.0,0.002351216740036133,0.1798869089586127,-0.020505116223489172,920654.65,537.3021823172166
2025-07-23,555.2000122070312,596.7000122070312,552.0499877929688,589.75,6798629,0.0,0.06414649406338957,0.2753591849625427,-0.020505116223489172,1242630.8,537.8240511498811
2025-07-24,592.4500122070312,608.4000244140625,586.75,593.5499877929688,1657618,0.0,0.006443387525169486,0.2751095872903423,-0.01913358607865966,1308526.9,538.3785380816532
2025-07-25,588.0,589.1500244140625,570.5499877929688,573.0999755859375,410137,0.0,-0.03445373199833046,0.30487700590973055,-0.020505116223489172,1301686.6,538.7240250219943
2025-07-28,571.0499877929688,578.4500122070312,547.2000122070312,550.5,548556,0.0,-0.03943461271801885,0.33731831684364205,-0.025944377581563725,1316332.4,538.8411989023725
2025-07-29,550.0,565.0,539.7000122070312,562.5999755859375,457810,0.0,0.02197997381641681,0.3446462513087102,-0.020505116223489172,1328232.95,539.0776046405174
2025-07-30,564.9000244140625,573.9500122070312,562.2999877929688,567.3499755859375,195085,0.0,0.008442943843097295,0.3448035366532877,-0.020505116223489172,1330441.5,539.3589217643524
2025-07-31,555.0,574.0,554.5999755859375,568.3499755859375,248844,0.0,0.0017625804935785805,0.3426351033623529,-0.020505116223489172,1317343.15,539.6473899615822
2025-08-01,569.2999877929688,571.2000122070312,555.0,558.0999755859375,182734,0.0,-0.018034662514822553,0.34891087227035034,-0.01939629137335952,1316319.95,539.83099777874
2025-08-04,564.0,568.0,553.2999877929688,563.2000122070312,231187,0.0,0.00913821330262432,0.3458321131958427,-0.01939629137335952,1318547.4,540.0635252854892
2025-08-05,560.0,577.4000244140625,559.2999877929688,571.9500122070312,676391,0.0,0.015536221254170535,0.3484930737071975,-0.01939629137335952,1187708.75,540.3808037623204
2025-08-06,575.0,588.7000122070312,542.0,545.7000122070312,1217588,0.0,-0.04589561926698271,0.3884919342210601,-0.025944377581563725,912123.75,540.4337312095314
2025-08-07,545.0,547.25,524.2000122070312,532.5999755859375,303664,0.0,-0.024005930599326764,0.3829027889318528,-0.025944377581563725,864219.4,540.3557833923812
2025-08-08,534.0,534.3499755859375,509.5,512.25,281288,0.0,-0.03820874299430743,0.4005167459125256,-0.03464148254812931,862488.85,540.0761238561387
2025-08-11,511.1000061035156,518.8499755859375,501.5,508.8999938964844,434481,0.0,-0.006539787415355103,0.4000787821797229,-0.03464148254812931,870525.25,539.7659136077839
2025-08-12,508.3500061035156,522.4000244140625,508.3500061035156,518.5499877929688,262809,0.0,0.018962456302263675,0.4071132637010897,-0.03464148254812931,872000.1,539.554809868333
2025-08-13,520.0,522.4000244140625,499.5,500.2999877929688,384039,0.0,-0.03519429260364049,0.4221674000250903,-0.03534501512317383,878894.4,539.1642146238021
2025-08-14,504.5,505.0,489.8999938964844,493.1000061035156,219910,0.0,-0.014391328932897407,0.421943513442631,-0.03534501512317383,872264.85,538.705864290267
2025-08-18,497.0,509.3999938964844,497.0,504.6499938964844,418074,0.0,0.0234232156763432,0.4263687188649165,-0.03534501512317383,766664.95,538.3669999082393
2025-08-19,504.9500122070313,512.75,501.6000061035156,507.7000122070313,158403,0.0,0.006043829084386276,0.42744904756015734,-0.03534501512317383,764848.95,538.0618557520085
2025-08-20,504.5,510.75,503.2000122070313,506.5499877929688,137363,0.0,-0.00226516522830722,0.4257560732015261,-0.03534501512317383,761230.5,537.748304827043
2025-08-21,507.75,512.75,503.0,505.3999938964844,136437,0.0,-0.0022702476047723463,0.425212854266293,-0.03534501512317383,428120.9,537.4264310864404
2025-08-22,504.0,510.0,498.6000061035156,499.6000061035156,150203,0.0,-0.011476034552854952,0.3456751295589864,-0.03534501512317383,352750.15,537.0500487483018
2025-08-25,503.7999877929688,505.8999938964844,495.0,496.5499877929688,129811,0.0,-0.006104920482957077,0.3419465514975229,-0.03534501512317383,338733.85,536.6470630671542
2025-08-26,496.1000061035156,496.1000061035156,480.1000061035156,483.2999877929688,175842,0.0,-0.026684121086967827,0.335438284895975,-0.03534501512317383,320098.15,536.1162463977594
2025-08-28,483.0,487.1000061035156,475.0,484.6000061035156,274877,0.0,0.002689878633110432,0.3167061384911821,-0.03534501512317383,310951.5,535.6036469918465
2025-08-29,486.0,486.4500122070313,469.8500061035156,471.8500061035156,306079,0.0,-0.026310358727639982,0.30725478818434526,-0.03534501512317383,316501.2,534.9692824058931
2025-09-01,475.7000122070313,478.7000122070313,469.0,473.8500061035156,204024,0.0,0.004238635104650612,0.30472684608222844,-0.03534501512317383,314260.2,534.3611304028843
2025-09-02,474.0,503.0,471.6000061035156,494.7000122070313,859335,0.0,0.04400127853741309,0.3536151829310808,-0.03534501512317383,348090.25,533.9664924108858
2025-09-03,495.0,495.7999877929688,486.25,490.8999938964844,170861,0.0,-0.007681459908589261,0.3511145045383127,-0.03534501512317383,345073.95,533.5379700376083
2025-09-04,495.1000061035156,497.8500061035156,482.0,485.75,135687,0.0,-0.010490922714434525,0.34711330923213646,-0.03534501512317383,318038.75,533.0624678481794
2025-09-05,485.7000122070313,486.6499938964844,474.2999877929688,477.0499877929688,168803,0.0,-0.017910472891469298,0.3392531199395943,-0.03534501512317383,265599.5,532.5051297381773
2025-09-08,478.5499877929688,480.9500122070313,472.2999877929688,473.7000122070313,125183,0.0,-0.0070222737064429275,0.3106121609689139,-0.03534501512317383,256675.45,531.9200041906037
2025-09-09,477.5,477.5,468.1000061035156,470.2000122070313,167831,0.0,-0.00738864241040027,0.3040998392229017,-0.03534501512317383,251002.6,531.3058749171354
2025-09-10,473.8999938964844,477.7999877929688,468.2999877929688,469.75,376238,0.0,-0.0009570654941479795,0.28044775819547413,-0.03534501512317383,248090.45,530.6933786493032
2025-09-11,474.5,476.8500061035156,467.0499877929688,469.3500061035156,159480,0.0,-0.0008515037711216422,0.28048274518378663,-0.03534501512317383,242924.0,530.0829968329273
2025-09-12,470.6000061035156,473.2999877929688,466.0499877929688,468.0499877929688,246259,0.0,-0.0027698269812317378,0.26819485252711156,-0.03534501512317383,236035.0,529.4657529618829
2025-09-15,470.3999938964844,472.6000061035156,463.3500061035156,464.6499938964844,249145,0.0,-0.007264168326371889,0.24464059505367727,-0.03534501512317383,237496.75,528.820820035859
2025-09-16,468.8500061035156,472.9500122070313,464.1000061035156,467.2000122070313,304790,0.0,0.005488041200996996,0.24307626308433758,-0.03534501512317383,231832.55,528.207677669403
2025-09-17,468.2000122070313,502.3999938964844,468.2000122070313,494.4500122070313,3860381,0.0,0.05832619710618636,0.31059026130917733,-0.03534501512317383,416931.45,527.8717805006232
2025-09-18,500.0,513.2999877929688,496.75,505.8500061035156,1222875,0.0,0.023055907806734943,0.32073407676006477,-0.03534501512317383,471207.05,527.6526583673187
2025-09-19,507.5,507.5,499.0,500.3500061035156,791990,0.0,-0.010872788244811193,0.3228845420315683,-0.03534501512317383,503984.7,527.3809901855893
2025-09-22,499.0499877929688,512.4000244140625,495.3500061035156,496.8500061035156,722256,0.0,-0.006995103342270936,0.3236445968611039,-0.03534501512317383,532587.35,527.0771992992005
2025-09-23,500.0,508.3999938964844,491.5499877929688,503.1000061035156,531334,0.0,0.012579249115874713,0.32420315971200914,-0.03534501512317383,552663.5,526.8386202624275
2025-09-24,501.7000122070313,505.4500122070313,495.0,500.8999938964844,402398,0.0,-0.00437291230439496,0.32381199542981537,-0.03534501512317383,563991.3,526.5805244776918
2025-09-25,501.8999938964844,502.0499877929688,495.0,495.5,165970,0.0,-0.010780582875391964,0.3113690464314714,-0.03534501512317383,558545.95,526.271265527665
2025-09-26,495.5,498.6000061035156,477.0,485.9500122070313,402635,0.0,-0.019273436514568476,0.3193857493179779,-0.03534501512317383,563373.75,525.8700590269622
2025-09-29,487.0,492.2999877929688,473.0,476.6000061035156,252718,0.0,-0.019240674696253013,0.31282970942526844,-0.03534501512317383,565808.45,525.3798097441418
2025-09-30,480.5,485.8999938964844,478.0499877929688,482.2000122070313,159710,0.0,0.011749907746118282,0.3149876499517782,-0.03534501512317383,530827.2,524.9501600174043
2025-10-01,482.0,486.3999938964844,479.75,481.9500122070313,202357,0.0,-0.0005184570586295179,0.2734517232093796,-0.03534501512317383,532402.0,524.522297850137
2025-10-03,485.8999938964844,496.0,483.1499938964844,494.3999938964844,259726,0.0,0.025832516597395383,0.2875749591637629,-0.03534501512317383,538603.95,524.2225734326877
2025-10-06,493.0,493.0,481.0,486.0499877929688,129933,0.0,-0.01688917112985211,0.2914813543436838,-0.03534501512317383,536660.45,523.8427467099044
2025-10-07,489.1000061035156,503.0,484.0,496.25,566924,0.0,0.020985520961222415,0.29219428772699785,-0.03534501512317383,558747.5,523.5681920162735
2025-10-08,490.0,493.0,484.1000061035156,485.8500061035156,122471,0.0,-0.020957166542034056,0.30147911396588234,-0.03534501512317383,556479.5,523.1928866838083
2025-10-09,484.0,489.8999938964844,482.2999877929688,487.8500061035156,98870,0.0,0.0041164968094573595,0.29989512615823616,-0.03534501512317383,542611.1,522.8412162302731
2025-10-10,485.0,490.5,480.3500061035156,483.8500061035156,251902,0.0,-0.00819924146757367,0.3018147867738821,-0.03534501512317383,547232.2,522.4532439902058
2025-10-13,485.0,485.0,469.0499877929688,472.2999877929688,295276,0.0,-0.023871071953806666,0.31442106896965133,-0.03534501512317383,549683.05,521.9542066151089
2025-10-14,474.0499877929688,475.2000122070313,461.0,462.8999938964844,229610,0.0,-0.01990259186838028,0.3221600521557083,-0.03534501512317383,548706.3,521.3666025084559
2025-10-15,463.2999877929688,466.7999877929688,458.5,460.4500122070313,319895,0.0,-0.00529268032351915,0.3216977066603886,-0.03534501512317383,549461.55,520.7604672815761
2025-10-16,461.8500061035156,478.0,458.9500122070313,470.5499877929688,667871,0.0,0.021935009921112192,0.3303170528352512,-0.03534501512317383,389836.05,520.2608605204955
2025-10-17,472.8500061035156,473.8999938964844,464.2999877929688,465.75,167754,0.0,-0.01020080313992211,0.25627536460427847,-0.03534501512317383,337080.0,519.718463898401
2025-10-20,468.75,469.9500122070313,458.8500061035156,466.6000061035156,219659,0.0,0.0018250265239196928,0.2393651777099598,-0.03534501512317383,308463.45,519.1899220297952
2025-10-21,470.6000061035156,478.7999877929688,470.0,475.5,73015,0.0,0.019074140120156624,0.25033493747876157,-0.03534501512317383,276001.4,518.755196437459
2025-10-23,486.9500122070313,495.0,468.0,470.4500122070313,700255,0.0,-0.010620373907400005,0.2515030892920477,-0.03534501512317383,284447.45,518.2745478381512
2025-10-24,475.6000061035156,490.0,469.5,487.6499938964844,594129,0.0,0.03656069984728538,0.2815212760183595,-0.02710962966280146,294034.0,517.9698259083834
2025-10-27,492.0,495.2000122070313,486.0499877929688,490.2999877929688,554549,0.0,0.005434212918388637,0.28223687575749995,-0.02710962966280146,313462.95,517.6945041360908
2025-10-28,492.0,498.7999877929688,490.2999877929688,496.8999938964844,505478,0.0,0.013461159020673685,0.283996865124515,-0.02710962966280146,318605.1,517.487593586443
2025-10-29,497.0,507.3999938964844,492.2999877929688,505.1499938964844,542994,0.0,0.01660293842088212,0.2800287027480999,-0.02710962966280146,333118.9,517.3648314004733
2025-10-30,508.0,508.0,496.5499877929688,501.6000061035156,270557,0.0,-0.00702759147948484,0.271422973891569,-0.02710962966280146,338661.25,517.2079674671703
2025-10-31,505.0,509.8999938964844,496.1000061035156,497.3999938964844,358780,0.0,-0.008373229975927265,0.2718044552926531,-0.02710962966280146,346482.4,517.0108732027854
2025-11-03,500.8999938964844,500.8999938964844,493.3999938964844,495.6499938964844,203122,0.0,-0.003518295177872832,0.27229973950187764,-0.02710962966280146,343652.2,516.7983271400361
2025-11-04,498.0,498.7000122070313,480.8999938964844,482.2999877929688,296963,0.0,-0.02693434130517447,0.2741723567755917,-0.02669663209787816,352003.7,516.4550600818563
2025-11-06,481.7000122070313,486.2999877929688,478.6499938964844,483.3999938964844,181574,0.0,0.002280750842539536,0.26818415919809235,-0.02669663209787816,332736.2,516.1261539506586
2025-11-07,481.0,481.0,473.0,479.1499938964844,166325,0.0,-0.008791890884694786,0.2583061392309432,-0.026329046845606375,334928.9,515.7582319600698
2025-11-10,479.2000122070313,481.0,473.0,474.4500122070313,134593,0.0,-0.009808998746368425,0.25051804240511205,-0.026329046845606375,336715.05,515.3472048978505
2025-11-11,474.4500122070313,493.3999938964844,469.6000061035156,486.5,371977,0.0,0.025397802682973758,0.26635378627619516,-0.026329046845606375,342718.8,515.0601680331953
2025-11-12,486.2000122070313,493.0,484.5499877929688,491.7999877929688,259525,0.0,0.010894116737859783,0.2671576819551851,-0.023993036292498333,340931.25,514.8287234536906
2025-11-13,502.0,507.8999938964844,490.7999877929688,500.0,1084726,0.0,0.016673469724613144,0.25647512006286904,-0.023993036292498333,383687.05,514.6811739665892
2025-11-14,504.1499938964844,504.7999877929688,496.7000122070313,501.5,166794,0.0,0.0029999999999998916,0.24279058330430983,-0.023993036292498333,376032.0,514.5500180067227
2025-11-17,506.0,534.4000244140625,500.1499938964844,514.7000122070312,3816106,0.0,0.02632106123037148,0.2521734575509258,-0.023993036292498333,533443.75,514.5515104863277
2025-11-18,518.7999877929688,518.7999877929688,502.75,504.8999938964844,496364,0.0,-0.01904025272609655,0.2582712640346881,-0.023993036292498333,549874.25,514.455475495384
2025-11-19,507.9500122070313,508.0,499.25,504.5499877929688,331749,0.0,-0.0006932186725027156,0.25398720062819835,-0.023993036292498333,555478.75,514.3569134286934
2025-11-20,506.1000061035156,513.3499755859375,501.0,507.5499877929688,1486495,0.0,0.005945892523202323,0.25395621311642486,-0.023993036292498333,626152.75,514.2891828253528
2025-11-21,507.0,508.0,491.0499877929688,492.75,460572,0.0,-0.02915966535104275,0.2724950107631019,-0.026329046845606375,614168.6,514.0748625982349
2025-11-24,494.0,498.4500122070313,487.1499938964844,495.8500061035156,468674,0.0,0.0062912351162163205,0.26902791199654813,-0.023993036292498333,607895.85,513.893520742566
2025-11-25,495.5,495.75,473.2999877929688,480.5,4580258,0.0,-0.030956954551919713,0.26338482433869903,-0.026341557856516706,809181.3,513.5612469043316
2025-11-26,486.0,510.0,483.0499877929688,498.6499938964844,3670073,0.0,0.03777314026323486,0.29464479205996663,-0.024024235421375058,967411.05,513.4128762276366
2025-11-27,503.2000122070313,507.5499877929688,492.9500122070313,498.5499877929688,675937,0.0,-0.00020055370448135434,0.2911259650628719,-0.024024235421375058,974058.2,513.2649867904757
2025-11-28,498.5499877929688,520.7999877929688,498.5499877929688,510.5,3298236,0.0,0.023969536655557233,0.2973695672142469,-0.024024235421375058,1125442.15,513.2374744841029
2025-12-01,510.0,512.7000122070312,498.5499877929688,500.1499938964844,572043,0.0,-0.020274252896210876,0.3051286306960007,-0.024024235421375058,1136105.3,513.107250796664
2025-12-02,500.1499938964844,513.0,500.1499938964844,505.9500122070313,521046,0.0,0.011596557795314766,0.306033001131843,-0.024024235421375058,1152001.5,513.0360344922894
2025-12-03,509.0,515.0,504.7999877929688,506.5,654373,0.0,0.0010870397859454872,0.30559390834077577,-0.024024235421375058,1169872.0,512.9709993232119
2025-12-04,508.5,508.5,489.8500061035156,491.4500122070313,442139,0.0,-0.029713697518200743,0.30895214227563494,-0.027045607507467883,1182900.25,512.7568601479265
2025-12-05,492.0,504.0,492.0,500.7999877929688,449580,0.0,0.01902528304750284,0.31515779530542526,-0.027045607507467883,1197063.0,512.6378862936484
2025-12-08,503.5,503.5,482.1000061035156,483.25,373946,0.0,-0.03504390619159514,0.3385999203719814,-0.029187366959400652,1209030.65,512.3454695146072
2025-12-09,484.1000061035156,496.1499938964844,476.2999877929688,492.75,408257,0.0,0.019658561821003673,0.34252490294939364,-0.029187366959400652,1210844.65,512.1504897184419
2025-12-10,492.9500122070313,492.9500122070313,484.0,485.6000061035156,367022,0.0,-0.014510388425133192,0.3360518086566983,-0.029187366959400652,1216219.5,511.8863058018755
2025-12-11,485.75,489.6499938964844,482.0,484.75,181317,0.0,-0.0017504244086323784,0.3337936589323301,-0.029187366959400652,1171049.05,511.61629280882204
2025-12-12,487.25,490.7999877929688,484.1499938964844,487.8999938964844,317625,0.0,0.006498182354789828,0.3290336716721124,-0.029187366959400652,1178590.6,511.38030973506744
2025-12-15,487.8999938964844,494.2000122070313,486.7999877929688,488.6499938964844,303435,0.0,0.0015372002651821148,0.32885077048374395,-0.029187366959400652,1002957.05,511.1541374381662
2025-12-16,488.6499938964844,493.0,475.6000061035156,478.5499877929688,587297,0.0,-0.020669203375975442,0.31976775849083655,-0.029187366959400652,1007503.7,510.8297180387115
2025-12-17,478.9500122070313,480.1000061035156,466.2999877929688,467.7999877929688,265863,0.0,-0.022463692977149674,0.3221067123251482,-0.029187366959400652,1004209.4,510.4015615188534
2025-12-18,467.0,470.7000122070313,464.25,467.3999938964844,200593,0.0,-0.0008550532426723212,0.3220898673549415,-0.029187366959400652,939914.3,509.97368522410346
2025-12-19,470.2999877929688,473.0,467.0,470.6000061035156,204090,0.0,0.006846410459602881,0.3224353912818174,-0.029187366959400652,927090.2,509.5819073224061
2025-12-22,474.6000061035156,477.0499877929688,469.7000122070313,472.9500122070313,283782,0.0,0.004993638064251904,0.3094964681213109,-0.029187366959400652,917845.6,509.2174108535964
2025-12-23,473.9500122070313,476.2999877929688,468.5,470.4500122070313,489041,0.0,-0.005285970896445669,0.3082932607893698,-0.029187366959400652,713284.75,508.8316655934316
2025-12-24,471.9500122070313,473.2999877929688,464.7999877929688,465.8999938964844,231914,0.0,-0.009671629700255147,0.291755732870025,-0.029187366959400652,541376.8,508.4044847805266
2025-12-26,465.8999938964844,467.2999877929688,462.1000061035156,462.7999877929688,167795,0.0,-0.006653801554254435,0.25505605982689933,-0.029187366959400652,515969.7,507.9507086910982
2025-12-29,461.0,468.4500122070313,453.3999938964844,455.9500122070313,713997,0.0,-0.01480115766338741,0.257732658927055,-0.029187366959400652,386757.75,507.4332888255851
2025-12-30,456.1499938964844,477.25,451.3500061035156,472.0,1872675,0.0,0.035201200489673345,0.2754810379274986,-0.029187366959400652,451789.35,507.08071878751963
2025-12-31,470.0499877929688,479.7999877929688,466.1499938964844,473.75,452922,0.0,0.00370762711864403,0.26963734281345014,-0.029187366959400652,448383.15,506.74906984436024
2026-01-01,474.3500061035156,479.0499877929688,473.75,476.1499938964844,155578,0.0,0.005065950177275624,0.26628153256438897,-0.029187366959400652,423443.4,506.44460142696846
2026-01-02,479.0,484.6000061035156,477.2999877929688,483.7999877929688,282270,0.0,0.016066353028553415,0.27394830360648165,-0.029187366959400652,415449.95,506.21928188832175
2026-01-05,483.7999877929688,486.6499938964844,475.3500061035156,476.7000122070313,282136,0.0,-0.014675435645062018,0.25937181155609107,-0.029187366959400652,407077.75,505.925557811891
2026-01-06,475.0,476.3500061035156,465.75,466.8500061035156,181984,0.0,-0.020662902981504083,0.25656288550002865,-0.029187366959400652,397479.65,505.5367463521062
2026-01-07,466.1000061035156,477.9500122070313,466.1000061035156,472.0499877929688,679371,0.0,0.01113844194381386,0.23318086984453115,-0.029187366959400652,411035.35,505.2035447744033
2026-01-08,470.0,473.1000061035156,455.1499938964844,456.6000061035156,431826,0.0,-0.0327295457874881,0.2449825947330769,-0.029775860369886692,414275.55,504.7199274741955
2026-01-09,456.6000061035156,457.75,444.7999877929688,447.1000061035156,370613,0.0,-0.02080595679590569,0.24947453879635326,-0.029775860369886692,423740.35,504.1465949232435
2026-01-12,447.1000061035156,453.75,432.2000122070313,440.2999877929688,361808,0.0,-0.015209166221689663,0.25241497922174827,-0.029775860369886692,425949.5,503.51130530005673
2026-01-13,441.9500122070313,448.4500122070313,436.0,440.2000122070313,223622,0.0,-0.00022706243177206265,0.24980149349596348,-0.029775860369886692,421958.85,502.88134218470327
2026-01-14,438.0,445.2000122070313,437.75,439.25,156577,0.0,-0.0021581376208242853,0.24895256996696813,-0.029775860369886692,400422.85,502.2481945012734
2026-01-15,439.25,439.25,439.25,439.25,0,0.0,0.0,0.2427218675894383,-0.029775860369886692,387129.7,501.6213467947931
2026-01-16,440.75,442.9500122070313,427.6000061035156,431.3500061035156,241572,0.0,-0.01798518815363548,0.2388857472613295,-0.029775860369886692,389178.65,500.92212947448195
2026-01-19,428.1499938964844,433.0,425.0,429.6000061035156,148183,0.0,-0.004057030196447986,0.2386546169230115,-0.029775860369886692,386383.3,500.2124566051191
2026-01-20,425.7999877929688,431.3999938964844,413.2000122070313,415.5499877929688,421908,0.0,-0.03270488387088466,0.254983640913449,-0.031044351017867962,393289.6,499.3700439801226
2026-01-21,410.0,430.7000122070313,408.25,425.1000061035156,1617030,0.0,0.022981635401478462,0.2716334825078251,-0.031044351017867962,449689.05,498.6310386281166
2026-01-22,427.2000122070313,441.25,427.2000122070313,439.3500061035156,336671,0.0,0.03352152386591589,0.3024994837419577,-0.031044351017867962,454926.9,498.04117760797135
2026-01-23,442.0,444.1499938964844,422.7999877929688,425.0,188655,0.0,-0.03266190031674798,0.31885425412637863,-0.03266404949445482,455969.9,497.3143997213249
2026-01-27,425.9500122070313,430.6000061035156,416.25,423.0499877929688,219600,0.0,-0.004588264016543997,0.31873208797397595,-0.03266404949445482,431250.05,496.5754503489035
2026-01-28,423.5,437.5,423.5,431.2999877929688,335433,0.0,0.0195012415507676,0.32624906926947506,-0.03266404949445482,354387.95,495.9259432587947
2026-01-29,431.2999877929688,436.9500122070313,419.1000061035156,421.1000061035156,336109,0.0,-0.023649390164947937,0.30360009096077883,-0.03266404949445482,348547.3,495.18140657068244
2026-01-30,421.1000061035156,436.0,417.2000122070313,431.2000122070313,659852,0.0,0.023984815856385566,0.31887510609669373,-0.03266404949445482,373761.0,494.54477578099437
2026-02-02,435.1000061035156,437.2999877929688,424.3999938964844,433.6000061035156,232086,0.0,0.005565848396432926,0.3190643383589642,-0.03266404949445482,371251.8,493.938360162313
2026-02-03,490.0,496.7000122070313,470.2000122070313,492.3500061035156,3098880,0.0,0.13549354052816676,0.5780265784069124,-0.03266404949445482,512089.0,493.922555644315
2026-02-04,479.1000061035156,496.5,479.0499877929688,492.5499877929688,549369,0.0,0.0004061778957531459,0.5750847282083343,-0.03266404949445482,530458.25,493.9088982527594
2026-02-05,493.7000122070313,494.3999938964844,484.6499938964844,487.5499877929688,226513,0.0,-0.010151253931411364,0.5709687757827373,-0.03266404949445482,507815.35,493.84562551186593
2026-02-06,485.1000061035156,489.5499877929688,483.5499877929688,485.3999938964844,478238,0.0,-0.0044097917143162135,0.5705967918957039,-0.03266404949445482,510135.95,493.7615893763895
2026-02-09,496.5,506.0499877929688,490.0,498.6000061035156,801216,0.0,0.027194092239412493,0.5624606238939981,-0.03266404949445482,531666.1,493.8097328264107
2026-02-10,504.0,504.0,492.7000122070313,495.2000122070313,278173,0.0,-0.006819081136911209,0.55650424496672,-0.03266404949445482,527484.35,493.8235664520885
2026-02-11,499.0,503.2000122070313,493.1499938964844,497.5,245157,0.0,0.004644563280033154,0.5514535449863743,-0.03266404949445482,528561.1,493.860147880426
2026-02-12,507.0,519.9000244140625,503.3999938964844,512.25,4040181,0.0,0.029648241206030157,0.556633427704697,-0.03266404949445482,722741.3,494.0431314836058
2026-02-13,513.0499877929688,523.6500244140625,499.3999938964844,509.5499877929688,2365077,0.0,-0.00527088766623951,0.5574387958750551,-0.03266404949445482,840995.15,494.1974285613109
2026-02-16,507.1499938964844,518.5,461.8999938964844,501.7000122070313,868028,0.0,-0.015405702627799833,0.5626329530226453,-0.03266404949445482,872317.95,494.27208113490025
2026-02-17,503.0,517.7999877929688,503.0,516.6500244140625,496166,0.0,0.029798708079086023,0.5603306581982797,-0.03266404949445482,889717.1,494.4947472371805
2026-02-18,519.5,545.0,517.75,537.25,1859109,0.0,0.03987220480498399,0.5678568457456062,-0.03266404949445482,961577.15,494.9201726378056
2026-02-19,540.25,544.7000122070312,521.5499877929688,524.5499877929688,508962,0.0,-0.023638924536121486,0.5598196470795997,-0.03266404949445482,906173.75,495.2149966692003
2026-02-20,520.5499877929688,534.2999877929688,515.0,532.25,649812,0.0,0.014679272493035134,0.5584514406462425,-0.03266404949445482,921830.8,495.5835041650292
2026-02-23,535.0,552.5,532.0499877929688,549.3499755859375,885028,0.0,0.03212771364196798,0.5577737077178503,-0.03266404949445482,956649.45,496.1184939304114
2026-02-24,547.0,548.8499755859375,537.0499877929688,540.7000122070312,395827,0.0,-0.01574581553349519,0.5438978866615088,-0.03266404949445482,965460.8,496.5620911271937
2026-02-25,546.4000244140625,549.5,540.3499755859375,544.9500122070312,332733,0.0,0.007860181069078154,0.5407977824403214,-0.03266404949445482,965325.8,497.04356297873437
2026-02-26,549.5,549.5499877929688,537.3499755859375,541.25,337936,0.0,-0.006789635974217778,0.5442598079391502,-0.03266404949445482,965417.15,497.48342802372207
2026-02-27,542.9500122070312,543.0,532.5999755859375,534.75,332072,0.0,-0.012009237875288736,0.5362495928433482,-0.03266404949445482,949028.15,497.8542396851776
2026-03-02,517.0999755859375,527.0,506.9500122070313,520.0999755859375,514278,0.0,-0.02739602508473582,0.5510590825342176,-0.03266404949445482,963137.75,498.0755902911554
2026-03-04,508.0499877929688,516.8499755859375,494.9500122070313,497.5499877929688,365100,0.0,-0.04335702528646379,0.5807295233438399,-0.032706116966714834,826448.75,498.0703604155516
2026-03-05,498.4500122070313,520.5,497.5,518.4000244140625,509400,0.0,0.04190541077808119,0.37380320499565983,-0.03266404949445482,824450.3,498.2726456294671
2026-03-06,515.1500244140625,523.7999877929688,511.75,519.0,279628,0.0,0.0011573602578736075,0.37375364384364573,-0.03266404949445482,827106.05,498.4788879615122
2026-03-09,507.0,512.5499877929688,492.5499877929688,504.9500122070313,420076,0.0,-0.027071267423831813,0.3855269801552676,-0.03266404949445482,824197.95,498.54327725748755
2026-03-10,512.3499755859375,522.0,505.1000061035156,518.2000122070312,305556,0.0,0.026240221169788525,0.39368903745549955,-0.03266404949445482,799414.95,498.7388666599706
2026-03-11,515.75,527.0,498.2000122070313,501.1000061035156,1144294,0.0,-0.032998853146849805,0.40298038777252826,-0.032706116966714834,842721.0,498.762360584782
2026-03-12,493.1499938964844,497.8500061035156,478.0,490.6499938964844,497225,0.0,-0.02085414504040639,0.409098173121029,-0.032706116966714834,855324.4,498.6816405182318
2026-03-13,490.0,490.0,467.0499877929688,469.5,417436,0.0,-0.04310607186300408,0.43472373416192384,-0.032743011155456185,674187.15,498.39127593596083
2026-03-16,469.9500122070313,472.6000061035156,460.0,468.6499938964844,280461,0.0,-0.0018104496347510768,0.41887433659273904,-0.032743011155456185,569956.35,498.0953427813392
2026-03-17,472.1000061035156,473.8500061035156,462.1000061035156,468.7999877929688,331096,0.0,0.0003200552617901309,0.4190907812057522,-0.032743011155456185,543109.75,497.8038467118032
2026-03-18,468.75,489.4500122070313,466.0,482.1000061035156,492504,0.0,0.028370346964301518,0.4308623120475604,-0.032743011155456185,542926.65,497.64758959132274
2026-03-19,476.0,478.4500122070313,465.7999877929688,467.0499877929688,200861,0.0,-0.031217627297261075,0.42675956681280897,-0.032743011155456185,460014.25,497.3431358420854
2026-03-20,472.8500061035156,486.0,469.75,480.0499877929688,348295,0.0,0.027834279712608767,0.4128160555080716,-0.032743011155456185,451980.9,497.1710647172186
2026-03-23,478.1499938964844,486.3999938964844,455.0,476.0499877929688,1123776,0.0,-0.008332465580074278,0.40749021905787797,-0.032743011155456185,475679.1,496.9609047478231
2026-03-24,484.0,485.5499877929688,468.25,480.9500122070313,418164,0.0,0.01029308799435058,0.40519364136435815,-0.032743011155456185,452335.9,496.8015923842332
2026-03-25,483.0,493.8999938964844,483.0,487.3500061035156,305061,0.0,0.013306983541003348,0.3886628870232203,-0.032743011155456185,447797.6,496.70754674959915
2026-03-27,484.8999938964844,486.8500061035156,471.7999877929688,473.3999938964844,323028,0.0,-0.028624216748379783,0.3954828115733368,-0.032743011155456185,447312.35,496.4756308008119
2026-03-30,473.3999938964844,477.75,464.7999877929688,467.1499938964844,590531,0.0,-0.013202366034180124,0.3928950454699436,-0.032743011155456185,459942.1,496.18383341867934
2026-04-01,479.0,485.0,473.6000061035156,479.1000061035156,438826,0.0,0.025580675079018178,0.40880977566968313,-0.032743011155456185,465279.8,496.0138450871852
2026-04-02,479.1000061035156,482.0499877929688,460.1000061035156,479.7000122070313,526650,0.0,0.0012523608763763683,0.40872010274890797,-0.032743011155456185,465898.4,495.8515183918603
2026-04-06,479.7000122070313,484.8999938964844,472.0,479.8999938964844,939942,0.0,0.000416889064757342,0.40065940466662253,-0.032743011155456185,494640.5,495.6927967550904
2026-04-07,475.0499877929688,484.5,475.0499877929688,482.6499938964844,767246,0.0,0.005730360564649706,0.3743834471533731,-0.032743011155456185,507532.8,495.56301762216896
2026-04-08,492.8500061035156,505.25,492.8500061035156,499.0,281917,0.0,0.0338754921998865,0.36361784064085834,-0.032743011155456185,507647.25,495.5972164517991
2026-04-09,506.3999938964844,509.8500061035156,495.8500061035156,499.6000061035156,729426,0.0,0.0012024170411135682,0.3636221226203133,-0.03271958233468292,523114.75,495.6370452045525
2026-04-10,499.6000061035156,517.5499877929688,499.6000061035156,512.7999877929688,615458,0.0,0.026421099936332126,0.36355338799809855,-0.03271958233468292,538609.85,495.807820752696
2026-04-13,504.0,525.3499755859375,499.3999938964844,515.6500244140625,566483,0.0,0.00555779385518318,0.3523373301896523,-0.03271958233468292,509719.3,496.0052556149982
2026-04-15,522.5,534.0,520.0,531.0,545935,0.0,0.029768204904828233,0.34528479140925517,-0.03271958233468292,512154.8,496.35346202678926
2026-04-16,536.0,545.0999755859375,529.5999755859375,541.6500244140625,660706,0.0,0.020056543152660034,0.33870939250442567,-0.03271958233468292,524318.3,496.80417409034425
2026-04-17,540.0,551.7000122070312,539.7000122070312,549.1500244140625,533281,0.0,0.013846579270652137,0.29102309536024373,-0.03271958233468292,536959.3,497.3250283224211
2026-04-20,551.0,555.9000244140625,543.2999877929688,551.9500122070312,412602,0.0,0.00509876658196684,0.2891714749019211,-0.03271958233468292,541034.6,497.86856050037744
2026-04-21,553.75,555.1500244140625,541.5999755859375,542.9500122070312,269940,0.0,-0.016305824442348515,0.3002432188806032,-0.03271958233468292,529906.4,498.31713215915016
2026-04-22,543.0,567.9000244140625,539.9500122070312,554.7000122070312,1208125,0.0,0.0216410345995528,0.2951222960208294,-0.032678747958253075,580269.6,498.8781558412187
2026-04-23,552.2999877929688,562.7000122070312,545.9500122070312,559.4000244140625,331473,0.0,0.008473070314765074,0.26059405356543797,-0.032678747958253075,579428.5,499.4803634887097
2026-04-24,561.0,561.7999877929688,544.0,547.2999877929688,295745,0.0,-0.021630382718999308,0.27109023294392925,-0.032678747958253075,538026.95,499.95618064596607
2026-04-27,549.0499877929688,562.2999877929688,547.0999755859375,551.2000122070312,252652,0.0,0.007125935503469849,0.2657403225436409,-0.03130668858974051,529751.35,500.4660695172205
2026-04-28,550.3499755859375,556.0,548.2999877929688,552.6500244140625,184548,0.0,0.002630646180912244,0.26591939384017815,-0.03130668858974051,523725.7,500.9853128495274
2026-04-29,558.0,574.7000122070312,557.9500122070312,565.8499755859375,766940,0.0,0.023884828713922612,0.27165725152012693,-0.03130668858974051,545921.3,501.630732379243
2026-04-30,567.0,567.0,547.0,553.5,295493,0.0,-0.0218255299439557,0.2611544045489469,-0.03130668858974051,531169.4,502.1468444948725
2026-05-01,553.5,553.5,553.5,553.5,0,0.0,0.0,0.251738625456833,-0.03130668858974051,509228.1,502.6578211665653
2026-05-04,550.0,560.5,545.7000122070312,554.3499755859375,172179,0.0,0.0015356379149729094,0.24453237656895005,-0.03130668858974051,491504.55,503.17217096178297
2026-05-05,554.0,556.25,541.0,542.75,127196,0.0,-0.020925365016344677,0.2625971542268712,-0.03130668858974051,450867.25,503.56598020594436
2026-05-06,544.9000244140625,550.0,540.0,548.5,154211,0.0,0.010594196222938779,0.26222365436089684,-0.03130668858974051,420215.5,504.0130848805121
2026-05-07,548.6500244140625,566.7999877929688,547.5499877929688,562.3499755859375,418449,0.0,0.025250639172174072,0.2700910236906945,-0.03130668858974051,427042.1,504.5935514546955
2026-05-08,561.25,571.7999877929688,556.3499755859375,559.0999755859375,368477,0.0,-0.005779319180397757,0.2557418470523291,-0.03130668858974051,408994.65,505.13590393361335
2026-05-11,556.0,556.0,538.6500244140625,541.75,266064,0.0,-0.031031973427927073,0.2853189080218477,-0.03130668858974051,391524.95,505.500223297458
2026-05-12,540.0,540.9000244140625,521.0,522.9500122070312,340524,0.0,-0.034702330951488225,0.30287400883640625,-0.03308402703708173,380227.0,505.6738530378518
2026-05-13,522.0,529.1500244140625,516.0,518.5,155832,0.0,-0.008509440870362872,0.30418711652235114,-0.03308402703708173,360721.85,505.801476390709
2026-05-14,518.5,528.0,508.75,524.4000244140625,226759,0.0,0.011379024906581492,0.2880900328789803,-0.03308402703708173,339024.5,505.98653657004587
2026-05-15,525.4500122070312,534.75,522.0,523.25,135048,0.0,-0.002193028910224548,0.27829021837654977,-0.03308402703708173,319112.85,506.1583123255678
2026-05-18,520.5999755859375,535.75,508.0,533.4500122070312,474639,0.0,0.019493573257584718,0.2828632252550008,-0.03308402703708173,322214.7,506.4298715283685
2026-05-19,533.4500122070312,544.2000122070312,529.0499877929688,541.0999755859375,209697,0.0,0.014340544013217382,0.28724566994396084,-0.03308402703708173,319202.55,506.7748476881453
2026-05-20,536.6500244140625,571.8499755859375,529.0499877929688,565.25,1260530,0.0,0.0446313537307248,0.32131162642029304,-0.03308402703708173,321822.8,507.3566899997061
2026-05-21,569.9500122070312,574.9500122070312,559.0,567.4000244140625,453648,0.0,0.0038036699054622147,0.3134988900999793,-0.03308402703708173,327931.55,507.9541361132818
2026-05-22,567.4000244140625,568.1500244140625,557.2000122070312,560.1500244140625,210810,0.0,-0.012777581402973803,0.3159748495071669,-0.03308402703708173,323684.8,508.4734981859264
2026-05-25,562.3499755859375,573.0,561.0,567.9000244140625,289333,0.0,0.013835579152400745,0.3088313089686584,-0.03308402703708173,325518.85,509.0648069046144
2026-05-26,567.5,572.0,560.5,563.0,184542,0.0,-0.008628322245835762,0.31031706517765684,-0.03308402703708173,325518.55,509.6014754926282
2026-05-27,568.4000244140625,589.0,559.7999877929688,577.9000244140625,1232509,0.0,0.026465407485013248,0.3224572134276827,-0.03308402703708173,348797.0,510.2810630440853
2026-05-28,577.9000244140625,577.9000244140625,577.9000244140625,577.9000244140625,0,0.0,0.0,0.3128068713344429,-0.03308402703708173,334022.35,510.9538885303537
2026-05-29,582.0,633.8499755859375,567.2999877929688,573.4500122070312,6614154,0.0,-0.007700314966318178,0.3033981879210389,-0.03308402703708173,664730.05,511.57574050723605
2026-06-01,580.0,594.0,568.5,580.25,1000662,0.0,0.011858030601128888,0.305256765980682,-0.03308402703708173,706154.2,512.2590664723382
2026-06-02,580.25,590.75,572.25,589.3499755859375,403156,0.0,0.01568285322867302,0.30865206457835204,-0.03130668858974051,719952.2,513.0261401948616
2026-06-03,591.0,607.0,580.3499755859375,601.2000122070312,1223194,0.0,0.02010696040041804,0.3010447973736629,-0.03130668858974051,773401.35,513.9034921551817
2026-06-04,599.4000244140625,629.9000244140625,597.2000122070312,622.1500244140625,1850678,0.0,0.03484699231811872,0.3179194444241368,-0.03130668858974051,845012.8,514.9805720781557
2026-06-05,622.9500122070312,631.7000122070312,608.4000244140625,610.2999877929688,378367,0.0,-0.019046911767389263,0.3215011872243214,-0.03130668858974051,845507.3,515.9290239758155
2026-06-08,604.0,607.0,590.9000244140625,597.0499877929688,350522,0.0,-0.021710634548619323,0.3322265108615421,-0.03130668858974051,849730.2,516.7361977451405
2026-06-09,595.5499877929688,608.1500244140625,594.0999755859375,604.7000122070312,274437,0.0,0.012813038389534626,0.3089749120824304,-0.031041256121393773,846425.85,517.6114595805823
2026-06-10,606.1500244140625,612.4500122070312,599.25,602.8499755859375,263193,0.0,-0.003059428780795792,0.27473766836872765,-0.031041256121393773,851793.9,518.4596040184465
2026-06-11,601.0499877929688,609.0,591.0,593.4500122070312,245973,0.0,-0.015592541692931117,0.280783798542867,-0.02874460458235715,852754.6,519.2057772342533
2026-06-12,599.2999877929688,608.6500244140625,595.0999755859375,603.8499755859375,358767,0.0,0.017524581961383623,0.2829014947553203,-0.02874460458235715,863940.55,520.0480080636233
2026-06-15,610.5,618.7000122070312,604.8499755859375,608.7999877929688,287300,0.0,0.00819742056332462,0.28098122928759134,-0.02874460458235715,854573.6,520.9311123395372
2026-06-16,609.9500122070312,618.0,597.1500244140625,601.2999877929688,297925,0.0,-0.01231931693558197,0.2852856175654854,-0.02874460458235715,858985.0,521.7308026425565
2026-06-17,601.2000122070312,614.7000122070312,599.0,600.0999755859375,270122,0.0,-0.001995696376838163,0.28478638868881995,-0.022165464284176904,809464.6,522.5105954081622
2026-06-18,604.9000244140625,609.9000244140625,594.7999877929688,602.0,236148,0.0,0.0031661797889714904,0.24580523883532732,-0.022165464284176904,798589.6,523.3015347573347
2026-06-19,603.9500122070312,614.9500122070312,600.0,612.75,773434,0.0,0.017857142857142794,0.2510640963193858,-0.022165464284176904,826720.8,524.1915692373613
2026-06-22,615.9500122070312,622.75,611.0,614.2999877929688,387854,0.0,0.002529559841646156,0.243834632094594,-0.022165464284176904,831646.85,525.088170417019
2026-06-23,618.0,628.4500122070312,608.8499755859375,619.8499755859375,663883,0.0,0.009034653920324098,0.24208339387108319,-0.022165464284176904,855613.9,526.0310739510381
2026-06-24,622.5,628.0,603.8499755859375,609.3499755859375,253507,0.0,-0.016939582824173627,0.24927565951122463,-0.02171637931838614,806663.8,526.8601177484003
2026-06-25,610.5,615.7999877929688,600.0,604.0499877929688,423179,0.0,-0.008697773045567736,0.2386893396047829,-0.02171637931838614,827822.75,527.628176156804
2026-06-26,604.0499877929688,604.0499877929688,604.0499877929688,604.0499877929688,0,0.0,0.0,0.2386893396047829,-0.02171637931838614,497115.05,528.3885921929848
2026-06-29,605.8499755859375,620.0,593.9500122070312,608.2999877929688,1096508,0.0,0.0070358415460420876,0.23642266788148947,-0.02171637931838614,501907.35,529.1837304576612
2026-06-30,614.9000244140625,614.9000244140625,596.3499755859375,598.0999755859375,386471,0.0,-0.016768062488442426,0.2434757447429008,-0.02171637931838614,501073.1,529.8694642400322
2026-07-01,602.5,615.9500122070312,601.6500244140625,605.8499755859375,411033,0.0,0.01295769991029938,0.24165962663439322,-0.02171637931838614,460465.05,530.6254892285488
2026-07-02,609.7999877929688,610.7000122070312,592.0,594.0,334032,0.0,-0.01955925734663433,0.24208825805128273,-0.02171637931838614,384632.75,531.2560813755284
2026-07-03,597.0999755859375,599.2000122070312,576.6500244140625,578.5499877929688,330765,0.0,-0.026010121560658628,0.22112932859805548,-0.022034759524790847,382252.65,531.7266675090352
2026-07-06,571.5,595.9000244140625,571.0999755859375,591.9500122070312,369441,0.0,0.023161394342398056,0.23150048768145373,-0.022034759524790847,383198.6,532.3259047697118
2026-07-07,595.9000244140625,599.0,584.2999877929688,589.0,263123,0.0,-0.004983549533232323,0.21992738276439414,-0.022034759524790847,382632.9,532.8898261152868
2026-07-08,584.0999755859375,596.0,571.0499877929688,575.5499877929688,228454,0.0,-0.02283533481669142,0.22717616245666553,-0.022994074153889783,380895.95,533.3143053359603
2026-07-09,580.0,591.9500122070312,577.7000122070312,588.7000122070312,158707,0.0,0.022847753788490577,0.24317932809546053,-0.022994074153889783,376532.65,533.8654068968665
2026-07-10,592.0,594.5,569.4000244140625,576.3499755859375,393259,0.0,-0.02097848881435138,0.24791602993138687,-0.022994074153889783,378257.25,534.2881389236234
2026-07-13,570.4000244140625,579.9500122070312,568.6500244140625,573.2000122070312,204520,0.0,-0.005465365684632628,0.23856516098956235,-0.022994074153889783,374118.25,534.6753217423637
2026-07-14,568.0,578.4500122070312,565.4000244140625,576.6500244140625,176276,0.0,0.006018862759174404,0.23746611331254588,-0.022994074153889783,368035.8,535.0929804754155
2026-07-15,576.3499755859375,583.9500122070312,569.1500244140625,571.0,274955,0.0,-0.009798012962547786,0.23630672069169747,-0.022994074153889783,368277.45,535.4502642517796
2026-07-16,574.0,585.0,569.8499755859375,581.5999755859375,408421,0.0,0.01856388018552968,0.24718124098873623,-0.022994074153889783,376891.1,535.9094653595822
2026-07-17,582.0,584.4500122070312,569.7000122070312,581.7000122070312,243586,2.7,0.00017200245064130648,0.2467053806401495,-0.022994074153889783,350398.7,536.3650926913976
2026-07-20,584.0,590.0,575.2999877929688,588.0,267783,0.0,0.010830303697374699,0.2408845409417468,-0.022994074153889783,344395.15,536.8788728636226
2026-07-21,588.9000244140625,607.0,585.7000122070312,601.0,584931,0.0,0.022108843537415046,0.2545332934349095,-0.022994074153889783,340447.55,537.5168940291587
2026-07-22,601.8499755859375,602.9500122070312,580.2000122070312,583.2000122070312,179052,0.0,-0.029617284181312376,0.27022115550992015,-0.026190479691691314,336724.8,537.9714524189883
2026-07-23,580.5,592.2000122070312,571.0,586.0499877929688,290776,0.0,0.004886789311187023,0.2663398991596935,-0.026190479691691314,330104.65,538.4498458057941
2026-07-24,578.0,581.9500122070312,568.0999755859375,577.2999877929688,173421,0.0,-0.01493046699472178,0.26925634968350864,-0.026190479691691314,338775.7,538.836414382781
2026-07-27,578.25,584.2999877929688,575.0999755859375,578.8499755859375,95386,0.0,0.002684891435550396,0.269670117439791,-0.026190479691691314,288719.6,539.2345592703746
2026-07-28,575.5,578.2000122070312,565.5999755859375,569.4500122070312,145470,0.0,-0.016239032176499912,0.2720068157591501,-0.026190479691691314,276669.55,539.5352105433761
2026-07-29,571.0999755859375,581.0,568.0999755859375,577.1500244140625,111425,0.0,0.013521840445991362,0.2729221196093297,-0.026190479691691314,261689.15,539.9094872983084
2026-07-30,575.0,578.2000122070312,565.5999755859375,569.1500244140625,127630,0.0,-0.013861214002584221,0.2707564821322501,-0.026190479691691314,251369.05,540.2004379163756
2026-07-31,566.7000122070312,575.0,565.5499877929688,569.6500244140625,189851,0.0,0.0008785029931515087,0.2640202006400736,-0.026190479691691314,244323.35,540.4934686277953
2026-08-03,570.0499877929688,585.0999755859375,569.6500244140625,582.5999755859375,172551,0.0,0.022733170572923678,0.26182490219111904,-0.022994074153889783,234478.85,540.9124388462843
2026-08-04,582.0,599.0,576.0,591.2000122070312,559904,0.0,0.014761477826092273,0.25415349141845756,-0.02176686956202293,249317.9,541.4128127105704
2026-08-05,595.0,599.7000122070312,580.0,584.0999755859375,337840,0.0,-0.012009533955502305,0.2570596992865898,-0.02176686956202293,254787.2,541.8375605998775
2026-08-06,584.0999755859375,592.0,583.0,589.25,140041,0.0,0.008817025559530789,0.24516380815500186,-0.02176686956202293,253853.9,542.3093261660479
2026-08-07,592.0,595.9000244140625,582.2000122070312,588.4500122070312,123552,0.0,-0.001357637323663563,0.2322769539789601,-0.02176686956202293,240368.55,542.7684374699382
2026-08-10,591.75,591.75,578.5499877929688,582.5499877929688,951575,0.0,-0.010026381666530915,0.22266440343850563,-0.02176686956202293,277721.3,543.1642737915605
2026-08-11,585.4000244140625,585.4000244140625,569.4500122070312,573.8499755859375,177046,0.0,-0.014934361667385598,0.22826194270254105,-0.02176686956202293,277759.8,543.4696041576738
2026-08-12,572.0,583.2000122070312,572.0,575.5499877929688,351146,0.0,0.0029624680305953,0.2275165562277743,-0.02176686956202293,281569.35,543.7888119550399
2026-08-13,574.5,580.9500122070312,572.25,576.5499877929688,143718,0.0,0.0017374685452338223,0.22474502854621808,-0.02176686956202293,268334.2,544.1147938041736
2026-08-14,590.0,619.0,585.0,609.5,6010479,0.0,0.05715031290376715,0.293065584920116,-0.02176686956202293,556678.85,544.7653928707988
2026-08-17,614.0,626.5499877929688,603.2000122070312,624.2000122070312,1399590,0.0,0.024118149642381015,0.3023702074180799,-0.02176686956202293,613269.2,545.55578709305
2026-08-18,622.0,628.0,612.0,614.2000122070312,609442,0.0,-0.01602050593469595,0.30845162202866433,-0.02176686956202293,614494.75,546.2388142086121
2026-08-19,620.0,641.0,608.0999755859375,637.7999877929688,1705661,0.0,0.0384239256217771,0.3263420140363958,-0.02176686956202293,690825.2,547.1498706621878
2026-08-20,644.0,644.0,629.1500244140625,632.4500122070312,802720,0.0,-0.008388171352041618,0.3073117515772885,-0.02176686956202293,716422.4,547.9986282894997
2026-08-21,632.5499877929688,641.0,622.0499877929688,634.3499755859375,702061,0.0,0.0030041320930267457,0.3073158415854863,-0.02176686956202293,742854.4,548.8578456755339
2026-08-24,634.3499755859375,636.4000244140625,619.0999755859375,621.9500122070312,274690,0.0,-0.01954751139929123,0.31128120139388726,-0.02176686956202293,751819.6,549.5851309146534
2026-08-25,621.0,625.4500122070312,606.25,610.25,591241,0.0,-0.018811820849577554,0.32095090208411514,-0.02176686956202293,774108.15,550.188761452816
2026-08-26,614.9000244140625,619.0,607.4000244140625,617.5499877929688,300039,0.0,0.011962290525143304,0.3147802518736258,-0.02176686956202293,783538.85,550.8590224114246
2026-08-27,618.9500122070312,618.9500122070312,597.0999755859375,599.25,400200,0.0,-0.029633208897582808,0.33337292369535876,-0.022994074153889783,797167.35,551.3405246759875
2026-08-28,599.9000244140625,631.0,596.0,628.8499755859375,1169585,0.0,0.04939503643877763,0.3658868703191654,-0.022994074153889783,846154.05,552.1117629934994
2026-08-31,632.0,632.5,618.7999877929688,627.3499755859375,394792,0.0,-0.002385306604492321,0.3665253846469471,-0.022994074153889783,857266.1,552.8604019247675
2026-09-01,624.0,631.0999755859375,622.1500244140625,628.9000244140625,341868,0.0,0.0024707880584156072,0.3607474481920364,-0.022994074153889783,846364.3,553.617015083865
2026-09-02,627.0499877929688,627.0499877929688,613.9000244140625,616.75,340531,0.0,-0.01931948472316014,0.3670694033480081,-0.022994074153889783,846498.85,554.2452039885032
2026-09-03,621.0,638.4000244140625,616.0499877929688,630.3499755859375,564479,0.0,0.022051034594142704,0.3693338088578728,-0.022994074153889783,867720.75,555.002465397433
2026-09-04,632.9500122070312,645.4000244140625,627.5,642.0999755859375,691967,0.0,0.018640438573949147,0.37253912196056577,-0.022994074153889783,896141.5,555.8691072898558
2026-09-07,645.9500122070312,653.4000244140625,637.2999877929688,642.4000244140625,807924,0.0,0.0004672930065932057,0.3722399325813631,-0.022994074153889783,888958.95,556.7301114403455
2026-09-08,644.9000244140625,645.5,635.0999755859375,638.2000122070312,286900,0.0,-0.006538001319134623,0.37072439021838344,-0.022994074153889783,894451.65,557.5407572191185
2026-09-09,640.0,645.9000244140625,617.5,618.8499755859375,367633,0.0,-0.03031970581476051,0.38451858723622867,-0.026190479691691314,895276.0,558.1507991929177
2026-09-10,621.7999877929688,624.9000244140625,602.5,621.5999755859375,574129,0.0,0.004443726441770046,0.38450842825987375,-0.026190479691691314,916796.55,558.7821342814054
2026-09-11,621.1500244140625,627.5999755859375,610.6500244140625,617.7000122070312,335930,0.0,-0.0062740726063093,0.38608699342645664,-0.026190479691691314,633069.1,559.368381822954
2026-09-14,617.7000122070312,617.7000122070312,617.7000122070312,617.7000122070312,0,0.0,0.0,0.33329538902041633,-0.026190479691691314,563089.6,559.9487960556314
2026-09-15,627.5499877929688,641.4000244140625,606.7999877929688,612.0499877929688,626303,0.0,-0.00914687437656847,0.32381311941450147,-0.026190479691691314,563932.65,560.4672158739133
2026-09-16,615.0,615.0499877929688,590.0999755859375,592.5,533822,0.0,-0.03194181550998043,0.3376801145517417,-0.029618080417125898,505340.7,560.7859500443222
2026-09-17,590.0999755859375,603.7999877929688,585.0,593.2999877929688,381647,0.0,0.0013501903678796445,0.30532686430245704,-0.029618080417125898,484287.05,561.1094728079904
2026-09-18,593.9000244140625,613.2999877929688,593.2999877929688,609.5499877929688,398074,0.0,0.02738917973089605,0.32243423652742803,-0.029618080417125898,469087.7,561.5914679819704
2026-09-21,609.5499877929688,614.7999877929688,601.5,612.2000122070312,203148,0.0,0.00434750958433705,0.3227072615104958,-0.029618080417125898,465510.6,562.0950355861999
2026-09-22,612.8499755859375,623.9000244140625,607.6500244140625,608.9500122070312,306980,0.0,-0.00530872253380632,0.3163786151208301,-0.029618080417125898,451297.55,562.561254259044
2026-09-23,608.9000244140625,619.7999877929688,606.0999755859375,614.7000122070312,252777,0.0,0.00944248277319204,0.3112278668623507,-0.029618080417125898,448934.45,563.0800478704667
