date,open,high,low,close,volume,split_ratio,dividend,daily_return,rolling_volatility_ann,var_95_threshold,avg_volume_20d,ema_200
2021-11-04,1339.780029296875,1340.0,1321.199951171875,1336.8599853515625,8485,0.0,0.0,0.0024895737599273104,0.7090665619230828,-0.043942986899005776,115068.75,1380.6162098154844
2021-11-08,1337.0,1388.0,1301.0,1373.6400146484375,61220,0.0,0.0,0.027512252367403178,0.7148099625442261,-0.043281433621673436,109674.25,1380.5467949382003
2021-11-09,1373.6400146484375,1416.0,1360.2900390625,1390.3699951171875,58075,0.0,0.0,0.012179304832665272,0.7106373595669253,-0.042619880344341096,107100.0,1380.6445382235636
2021-11-10,1372.4000244140625,1406.0,1360.010009765625,1392.77001953125,35270,0.0,0.0,0.0017261767892655655,0.7094254986890424,-0.041958327067008756,104888.0,1380.765189778864
2021-11-11,1370.199951171875,1430.0,1362.0,1375.0899658203125,48990,0.0,0.0,-0.012694165916127265,0.7104079538832355,-0.041296773789676416,103088.75,1380.7087198887293
2021-11-12,1378.0,1385.300048828125,1254.0,1280.68994140625,117285,0.0,0.0,-0.0686500714575049,0.7503778691171449,-0.06247330031788012,105426.5,1379.7135081625356
2021-11-15,1260.0,1270.010009765625,1200.699951171875,1224.010009765625,126675,0.0,0.0,-0.044257341147216356,0.7646534131754553,-0.06133225236441834,93713.25,1378.1642196212729
2021-11-16,1238.97998046875,1254.800048828125,1224.199951171875,1236.31005859375,62880,0.0,0.0,0.010048977320438857,0.6899851865585443,-0.06011261584890391,82391.0,1376.7527354319443
2021-11-17,1239.5999755859375,1249.5999755859375,1212.31005859375,1224.260009765625,24545,0.0,0.0,-0.00974678539931273,0.6891314847156769,-0.05889297933338948,78846.0,1375.2353948780506
2021-11-18,1225.8699951171875,1229.989990234375,1182.0,1190.6300048828125,42520,0.0,0.0,-0.027469658907874228,0.6912186879658263,-0.05767334281787505,75480.75,1373.398525325859
2021-11-22,1191.0,1217.5899658203125,1020.030029296875,1058.47998046875,161205,0.0,0.0,-0.11099167992752657,0.7707654175931502,-0.07921216853008767,79442.75,1370.2650074665844
2021-11-23,1058.0,1220.0,1053.989990234375,1189.3900146484375,226375,0.0,0.0,0.1236773832243041,0.8975705547227292,-0.07815595882282939,86259.0,1368.4652562942647
2021-11-24,1220.0,1252.3699951171875,1204.4300537109375,1216.0699462890625,122415,0.0,0.0,0.022431608902073297,0.8972598456385862,-0.07709974911557112,85075.25,1366.9488850504317
2021-11-25,1215.0,1228.3599853515625,1180.030029296875,1208.5699462890625,37355,0.0,0.0,-0.006167408398576768,0.839637648526579,-0.07604353940831284,75477.25,1365.3729752120103
2021-11-26,1180.0400390625,1254.489990234375,1157.7099609375,1188.4300537109375,101460,0.0,0.0,-0.016664234155387425,0.7091142971321999,-0.07498732970105455,75387.0,1363.6123491274225
2021-11-29,1180.030029296875,1204.0,1100.0,1152.280029296875,66380,0.0,0.0,-0.030418302113096263,0.7133352797464941,-0.07393111999379628,76078.5,1361.5095399748798
2021-11-30,1159.8499755859375,1217.7900390625,1154.6600341796875,1183.77001953125,62625,0.0,0.0,0.02732841794853491,0.7201549265962733,-0.072874910286538,76846.5,1359.7409875326548
2021-12-01,1184.0,1209.800048828125,1170.0,1179.7099609375,31090,0.0,0.0,-0.003429769741387534,0.7157576757350345,-0.07181870057927973,73443.5,1357.9496340341957
2021-12-02,1180.97998046875,1229.800048828125,1180.97998046875,1218.800048828125,52325,0.0,0.0,0.03313533765499499,0.7092070206438214,-0.07076249087202145,73851.75,1356.5650610470707
2021-12-03,1247.9599609375,1252.0,1212.0,1217.489990234375,42830,0.0,0.0,-0.0010748757312650792,0.7083928960513826,-0.06970628116476317,74500.25,1355.1812294966956
2021-12-06,1221.0,1261.0,1210.0,1235.8499755859375,72655,0.0,0.0,0.015080194086875442,0.7098687802606342,-0.0686500714575049,77708.75,1353.993853835892
2021-12-07,1252.4000244140625,1259.9599609375,1222.0,1235.030029296875,30175,0.0,0.0,-0.0006634674962661125,0.7096643274785605,-0.06743043494199047,76156.5,1352.8101341887377
2021-12-08,1250.0,1255.0,1216.0,1221.739990234375,37370,0.0,0.0,-0.010760903579054126,0.7013926521164157,-0.06621079842647605,75121.25,1351.5059536518786
2021-12-09,1237.1600341796875,1244.0,1219.800048828125,1229.22998046875,28805,0.0,0.0,0.006130592674582269,0.6998767008830522,-0.06499116191096162,74798.0,1350.2892773017977
2021-12-10,1229.22998046875,1232.0,1188.4100341796875,1202.4000244140625,68185,0.0,0.0,-0.021826636578174186,0.7018093737643856,-0.06377152539544718,75757.75,1348.8177424471935
2021-12-13,1228.0,1228.0,1186.010009765625,1188.6800537109375,44725,0.0,0.0,-0.011410487711700501,0.7016702483778733,-0.06255188887993277,72129.75,1347.224332609022
2021-12-14,1188.56005859375,1204.5999755859375,1167.989990234375,1181.93994140625,45830,0.0,0.0,-0.005670249352334622,0.6636900605376668,-0.06133225236441833,68087.5,1345.5797118010341
2021-12-15,1181.93994140625,1194.989990234375,1180.0,1183.1300048828125,18950,0.0,0.0,0.0010068730524044334,0.6465252614361172,-0.06011261584890391,65891.0,1343.963296806823
2021-12-16,1191.800048828125,1212.22998046875,1149.010009765625,1170.3800048828125,29810,0.0,0.0,-0.010776499579404075,0.6461341839454212,-0.058892979333389474,66154.25,1342.236099872256
2021-12-17,1163.050048828125,1188.0,1146.47998046875,1174.68994140625,26045,0.0,0.0,0.003682510385905946,0.6457336466408402,-0.05767334281787505,65330.5,1340.5689739173706
2021-12-20,1164.199951171875,1174.0,1124.97998046875,1142.5799560546875,40605,0.0,0.0,-0.027334860221177038,0.6456646714268942,-0.05645370630236063,59300.5,1338.5989339386376
2021-12-21,1140.260009765625,1167.5999755859375,1103.030029296875,1142.300048828125,41105,0.0,0.0,-0.0002449782398853406,0.5075313943447978,-0.055234069786846196,50037.0,1336.6457112012197
2021-12-22,1153.969970703125,1158.0,1134.0,1154.5400390625,22240,0.0,0.0,0.0107152146644236,0.26515942723267105,-0.05401443327133177,45028.25,1334.833714463521
2021-12-23,1160.02001953125,1167.0,1130.68994140625,1139.22998046875,30245,0.0,0.0,-0.013260742872271414,0.25350992851611714,-0.05279479675581734,44672.75,1332.8874086526278
2021-12-24,1159.780029296875,1159.780029296875,1119.199951171875,1146.760009765625,35570,0.0,0.0,0.006609753452745837,0.2553443499663114,-0.05157516024030291,41378.25,1331.0353947333542
2021-12-27,1146.760009765625,1146.760009765625,1120.0,1129.719970703125,24205,0.0,0.0,-0.014859289578804447,0.254145293898896,-0.05035552372478849,39269.5,1329.03225618579
2021-12-28,1139.5799560546875,1148.199951171875,1130.4000244140625,1143.1099853515625,30315,0.0,0.0,0.011852507697198256,0.2367832480944614,-0.04913588720927406,37654.0,1327.1822833416684
2021-12-29,1143.0,1173.0999755859375,1143.0,1165.7900390625,52155,0.0,0.0,0.01984065750590247,0.2270035371736618,-0.04791625069375964,38707.25,1325.5763903637662
2021-12-30,1178.0,1178.0,1151.800048828125,1155.739990234375,23740,0.0,0.0,-0.008620805197655512,0.22851703662288597,-0.0466966141782452,37278.0,1323.8864759346181
2021-12-31,1155.739990234375,1186.0,1154.010009765625,1168.8800048828125,46030,0.0,0.0,0.011369351895293311,0.19811209918056916,-0.045476977662730775,37438.0,1322.344122988829
2022-01-03,1175.77001953125,1175.77001953125,1154.199951171875,1158.81005859375,30060,0.0,0.0,-0.008615038538598352,0.19942669932412263,-0.045476977662730775,35308.25,1320.7169183679825
2022-01-04,1152.0,1186.77001953125,1147.0,1165.9200439453125,59335,0.0,0.0,0.006135591677717045,0.19188368923962185,-0.045476977662730775,36766.25,1319.1766509607917
2022-01-05,1166.989990234375,1172.7900390625,1155.1099853515625,1158.3900146484375,22560,0.0,0.0,-0.006458443986771534,0.19215858852913686,-0.045476977662730775,36025.75,1317.5767839328082
2022-01-06,1145.050048828125,1259.9599609375,1145.050048828125,1234.3900146484375,212215,0.0,0.0,0.06560830034698228,0.3031994367877963,-0.045476977662730775,45196.25,1316.7490548852027
2022-01-07,1244.0,1255.0,1215.4000244140625,1234.3699951171875,84745,0.0,0.0,-1.6218157156466795e-05,0.3025491750667112,-0.045476977662730775,46024.25,1315.9293627482075
2022-01-10,1234.3699951171875,1255.0,1211.199951171875,1214.469970703125,30630,0.0,0.0,-0.016121604132295242,0.2978854310010188,-0.045476977662730775,45319.5,1314.9198165587043
2022-01-11,1229.5999755859375,1251.0,1202.1400146484375,1239.7900390625,56130,0.0,0.0,0.020848657414489935,0.3023701014049663,-0.045476977662730775,45834.5,1314.1722565836178
2022-01-12,1252.969970703125,1276.0,1240.010009765625,1251.8900146484375,73515,0.0,0.0,0.009759697371892972,0.30204946940473615,-0.045476977662730775,48562.75,1313.552532783268
2022-01-13,1268.0,1269.0,1245.2099609375,1263.4200439453125,25635,0.0,0.0,0.009210097661904282,0.3027340007425517,-0.045476977662730775,48354.0,1313.053702048562
2022-01-14,1267.989990234375,1320.0,1259.949951171875,1315.3699951171875,106375,0.0,0.0,0.04111851115615495,0.324892124567763,-0.045476977662730775,52370.5,1313.0767497407871
2022-01-17,1336.0,1336.0,1283.010009765625,1303.1199951171875,45985,0.0,0.0,-0.009312969009079963,0.32903779163892405,-0.045476977662730775,52639.5,1312.9776775554776
2022-01-18,1329.0,1329.0,1270.4100341796875,1282.1099853515625,39270,0.0,0.0,-0.016122851191256227,0.31716720021209643,-0.045476977662730775,52547.75,1312.6705363395183
2022-01-19,1270.02001953125,1292.0,1260.199951171875,1267.4200439453125,30520,0.0,0.0,-0.011457629668348512,0.32214897374626206,-0.031110254064802265,52961.75,1312.2202826838545
2022-01-20,1267.4200439453125,1298.2900390625,1245.4100341796875,1263.780029296875,29020,0.0,0.0,-0.002871987598607517,0.3226313323854142,-0.031110254064802265,52900.5,1311.7382901128399
2022-01-21,1250.010009765625,1347.050048828125,1250.010009765625,1306.8399658203125,127940,0.0,0.0,0.03407233499914897,0.3313358130658114,-0.031110254064802265,57519.0,1311.6895505676405
2022-01-24,1338.0,1340.010009765625,1182.199951171875,1245.18994140625,96425,0.0,0.0,-0.04717488447436968,0.38039593196100285,-0.04440321831357402,61130.0,1311.0278629142933
2022-01-25,1240.0,1272.5999755859375,1173.27001953125,1258.010009765625,38250,0.0,0.0,0.01029567291950384,0.3744503092482501,-0.04440321831357402,61526.75,1310.5003220869435
2022-01-27,1250.77001953125,1267.9100341796875,1228.93994140625,1234.6600341796875,24840,0.0,0.0,-0.018561041171912263,0.3825771467606086,-0.04440321831357402,60161.0,1309.745692356523
2022-01-28,1258.800048828125,1302.4000244140625,1244.1600341796875,1298.9300537109375,66005,0.0,0.0,0.052054831088746756,0.4143902156290728,-0.04440321831357402,62274.25,1309.638074061542
2022-01-31,1319.989990234375,1326.0,1297.0,1299.4000244140625,21685,0.0,0.0,0.0003618137110481534,0.4116976700827763,-0.04440321831357402,61057.0,1309.5362029207713
2022-02-01,1309.800048828125,1322.0,1255.3800048828125,1270.68994140625,21160,0.0,0.0,-0.022094876457123935,0.4222911940216503,-0.04440321831357402,60612.0,1309.1496729554528
2022-02-02,1292.800048828125,1297.0,1270.030029296875,1274.75,20990,0.0,0.0,0.0031951607244617986,0.4197080101397449,-0.04440321831357402,58694.75,1308.8073876524136
2022-02-03,1276.06005859375,1310.0,1256.8599853515625,1265.2099609375,22125,0.0,0.0,-0.007483851000196107,0.42184068009806847,-0.04440321831357402,58673.0,1308.3735824114692
2022-02-04,1279.5799560546875,1285.800048828125,1236.0999755859375,1281.6800537109375,34780,0.0,0.0,0.013017675549466423,0.421016725851151,-0.04440321831357402,49801.25,1308.1079751607178
2022-02-07,1279.989990234375,1300.0,1270.989990234375,1291.050048828125,41855,0.0,0.0,0.007310713067631758,0.35948766085130474,-0.04440321831357402,47656.75,1307.9382445504434
2022-02-08,1307.3800048828125,1316.8499755859375,1261.0,1312.3499755859375,53320,0.0,0.0,0.016498141785553644,0.36263744465489195,-0.031110254064802265,48791.25,1307.9821423716924
2022-02-09,1322.0,1340.0,1294.800048828125,1298.1700439453125,34175,0.0,0.0,-0.010804992497747357,0.35952834563916486,-0.02761709106813533,47693.5,1307.8845095515296
2022-02-10,1308.0,1321.0,1284.550048828125,1290.1800537109375,11765,0.0,0.0,-0.006154810205057815,0.3551790191128545,-0.02761709106813533,44606.0,1307.7083458118225
2022-02-11,1290.1800537109375,1290.1800537109375,1256.0,1262.8299560546875,24500,0.0,0.0,-0.021198667253910064,0.3629125238935288,-0.02761709106813533,44549.25,1307.2617946699604
2022-02-14,1170.199951171875,1176.25,1060.0,1086.2099609375,216165,0.0,0.0,-0.13986047311467076,0.6051919685523615,-0.03125613123115993,50038.75,1305.062273936304
2022-02-15,1085.800048828125,1128.050048828125,1081.219970703125,1107.5400390625,80435,0.0,0.0,0.019637159381773905,0.5882614599692797,-0.027489032315772998,51761.25,1303.0968785644257
2022-02-16,1119.800048828125,1138.199951171875,1110.0,1124.4599609375,34630,0.0,0.0,0.015277029523304897,0.5934300331118778,-0.027489032315772998,51529.25,1301.3193967969935
2022-02-17,1139.800048828125,1139.800048828125,1110.0,1116.3900146484375,17720,0.0,0.0,-0.0071767306701915334,0.5923703220318257,-0.027489032315772998,50889.25,1299.4793034422817
2022-02-18,1100.22998046875,1113.199951171875,1096.010009765625,1102.1300048828125,14150,0.0,0.0,-0.012773322565157175,0.5925444027153618,-0.027489032315772998,50145.75,1297.5156288297496
2022-02-21,1099.949951171875,1099.949951171875,1039.0,1045.1500244140625,41960,0.0,0.0,-0.05169987226217343,0.6131570819387825,-0.03125613123115993,45846.75,1295.0045282883
2022-02-22,1010.3099975585938,1051.97998046875,1010.0,1035.2900390625,54135,0.0,0.0,-0.00943403829234013,0.5935267831592307,-0.028326861433836666,43732.25,1292.420304514909
2022-02-23,1051.0,1085.0,1050.0,1073.3199462890625,49265,0.0,0.0,0.03673357783003528,0.599030190156158,-0.028326861433836666,44283.0,1290.2402014479853
2022-02-24,1010.0,1045.0,980.0,988.2999877929688,80670,0.0,0.0,-0.07921212942146938,0.646129661328508,-0.04740113386375987,47074.5,1287.235821212612
2022-02-25,1039.800048828125,1099.97998046875,1030.050048828125,1081.0899658203125,69830,0.0,0.0,0.09388847432302261,0.7393454043105837,-0.04740113386375987,47265.75,1285.1846186713951
2022-02-28,1073.800048828125,1135.0,1030.4100341796875,1125.3399658203125,65140,0.0,0.0,0.040930913614042996,0.7294224394281821,-0.04740113386375987,49438.5,1283.5941246131754
2022-03-02,1121.0,1121.0,1083.0400390625,1110.5699462890625,26020,0.0,0.0,-0.013124940000227792,0.7294915098604037,-0.04740113386375987,49681.5,1281.87249099801
2022-03-03,1130.0,1138.0,1101.0,1113.0899658203125,18805,0.0,0.0,0.002269122750593544,0.7277696655858793,-0.04740113386375987,49572.25,1280.1930628867892
2022-03-04,1101.0,1108.4100341796875,1084.8900146484375,1094.93994140625,24330,0.0,0.0,-0.016305981521167023,0.7280549393308716,-0.04740113386375987,49682.5,1278.349748245192
2022-03-07,1060.1800537109375,1118.0,1045.0,1049.3399658203125,55515,0.0,0.0,-0.0416460975269316,0.7383737580494392,-0.04740113386375987,50719.25,1276.0710439424568
2022-03-08,1047.56005859375,1090.0,1045.2099609375,1066.52001953125,66055,0.0,0.0,0.016372247575176635,0.7396558583777786,-0.04740113386375987,51929.25,1273.9859591224447
2022-03-09,1080.0,1125.800048828125,1070.0,1118.31005859375,45765,0.0,0.0,0.04855983770962169,0.7635779757646641,-0.04740113386375987,51551.5,1272.4369451868358
2022-03-10,1139.5999755859375,1151.989990234375,1115.0,1141.6500244140625,55465,0.0,0.0,0.02087074657064436,0.7653262552106249,-0.04740113386375987,52616.0,1271.1355827910868
2022-03-11,1120.4200439453125,1170.0,1120.4200439453125,1156.56005859375,44070,0.0,0.0,0.013060074331746163,0.7676912287481782,-0.04740113386375987,54231.25,1269.995527823949
2022-03-14,1169.989990234375,1169.989990234375,1119.449951171875,1136.5699462890625,21030,0.0,0.0,-0.017284110890871784,0.7689910071155409,-0.04740113386375987,54057.75,1268.6679100972337
2022-03-15,1150.0,1159.4000244140625,1126.4000244140625,1133.719970703125,19835,0.0,0.0,-0.002507523267919254,0.7667104868626393,-0.04740113386375987,44241.25,1267.3251445311232
2022-03-16,1155.5999755859375,1155.5999755859375,1136.3699951171875,1142.1600341796875,31575,0.0,0.0,0.007444575110843399,0.5863470941168822,-0.04740113386375987,41798.25,1266.079720547527
2022-03-17,1159.0,1174.9599609375,1149.260009765625,1158.5799560546875,43280,0.0,0.0,0.01437620069309542,0.5847520035582081,-0.04740113386375987,42230.75,1265.0100711495882
2022-03-21,1165.0,1179.800048828125,1092.030029296875,1144.72998046875,36685,0.0,0.0,-0.011954268251887279,0.5850345179947832,-0.04740113386375987,43179.0,1263.8132543268935
2022-03-22,1144.72998046875,1172.47998046875,1131.300048828125,1153.0400390625,27240,0.0,0.0,0.007259405043578138,0.5844755426510823,-0.04740113386375987,43833.5,1262.7110332794866
2022-03-23,1163.7900390625,1166.800048828125,1147.0699462890625,1157.050048828125,42100,0.0,0.0,0.0034777714821467853,0.581941751685762,-0.04740113386375987,43840.5,1261.6596802003687
2022-03-24,1160.0,1169.800048828125,1145.77001953125,1153.1300048828125,30100,0.0,0.0,-0.0033879640291124558,0.547835250635388,-0.04740113386375987,42638.75,1260.5797829335272
2022-03-25,1170.0,1170.0,1148.0,1151.6500244140625,21335,0.0,0.0,-0.0012834463265054552,0.5458051773838803,-0.04740113386375987,41242.25,1259.4959047393038
2022-03-28,1160.0,1160.0,1100.0,1106.1300048828125,51605,0.0,0.0,-0.03952591374659131,0.5549274681182534,-0.04740113386375987,39789.0,1257.9698758850104
2022-03-29,1128.760009765625,1129.989990234375,1107.949951171875,1114.0999755859375,40500,0.0,0.0,0.007205274848293586,0.4697597467592245,-0.04740113386375987,38322.5,1256.5383345885025
2022-03-30,1129.9599609375,1142.0,1107.02001953125,1126.760009765625,62525,0.0,0.0,0.011363463295140264,0.34625141596038034,-0.04740113386375987,38191.75,1255.2470079733496
2022-03-31,1132.5799560546875,1143.5400390625,1083.030029296875,1089.1800537109375,75080,0.0,0.0,-0.03335222738558541,0.33704803217357604,-0.04740113386375987,40644.75,1253.5946004682512
2022-04-01,1099.5999755859375,1138.0,1090.0,1128.6199951171875,83995,0.0,0.0,0.036210671754292933,0.35798902095041985,-0.04740113386375987,43904.25,1252.3510720567979
2022-04-04,1139.199951171875,1153.0,1125.97998046875,1141.93994140625,52650,0.0,0.0,0.011801976171509798,0.35992913667000803,-0.04740113386375987,45320.25,1251.2524538413695
2022-04-05,1149.4000244140625,1149.4000244140625,1116.800048828125,1126.06005859375,54015,0.0,0.0,-0.013906057785267212,0.3585294602283986,-0.04740113386375987,45245.25,1250.006758366269
2022-04-06,1134.4000244140625,1179.5999755859375,1126.3299560546875,1158.6099853515625,74135,0.0,0.0,0.0289060308190503,0.33380306604915577,-0.04740113386375987,45649.25,1249.097337739257
2022-04-07,1173.9599609375,1176.0,1140.0,1143.6400146484375,26450,0.0,0.0,-0.012920629799839545,0.3365726195569832,-0.04740113386375987,44683.5,1248.0480111413385
2022-04-08,1147.0,1156.0799560546875,1136.010009765625,1141.739990234375,20845,0.0,0.0,-0.0016613832934541106,0.2942374258599655,-0.04740113386375987,42952.5,1246.990219888533
2022-04-11,1149.97998046875,1153.68994140625,1138.81005859375,1146.72998046875,17240,0.0,0.0,0.0043705136695357805,0.28573343805835205,-0.04740113386375987,41611.0,1245.992605565948
2022-04-12,1145.0,1150.0699462890625,1117.0,1136.31005859375,24510,0.0,0.0,-0.009086639446489908,0.2836282153963056,-0.04740113386375987,41785.0,1244.901236939359
2022-04-13,1140.0,1150.02001953125,1121.93994140625,1127.8299560546875,15670,0.0,0.0,-0.007462842095719124,0.2783793379960919,-0.04740113386375987,41576.75,1243.7363485723474
2022-04-18,1104.800048828125,1135.489990234375,1094.93994140625,1122.4000244140625,31535,0.0,0.0,-0.0048144949612969334,0.2787326173169476,-0.04740113386375987,41574.75,1242.5290219638075
2022-04-19,1125.0,1132.3399658203125,1044.989990234375,1067.800048828125,47340,0.0,0.0,-0.04864573627788438,0.32319576447435977,-0.04879844307709883,41777.75,1240.7904252161889
2022-04-20,1107.0,1108.0,1040.0,1046.550048828125,91525,0.0,0.0,-0.019900729563855246,0.32178247368842,-0.04879844307709883,44519.75,1238.8576851526261
2022-04-21,1066.800048828125,1068.4000244140625,1036.0,1046.469970703125,49085,0.0,0.0,-7.651628805493971e-05,0.3210073796484941,-0.04879844307709883,45612.0,1236.9433795362133
2022-04-22,1046.4000244140625,1066.9100341796875,1031.1500244140625,1038.4300537109375,56500,0.0,0.0,-0.007682893171588545,0.3185273780616198,-0.04879844307709883,46332.0,1234.9681225628276
2022-04-25,1040.0,1051.4000244140625,1010.0,1018.3499755859376,67665,0.0,0.0,-0.019336957798208543,0.320871326259589,-0.04879844307709883,48210.25,1232.8127181152963
2022-04-26,1026.0,1038.0,980.0,983.1300048828124,77995,0.0,0.0,-0.034585330728623465,0.33569261378646853,-0.04879844307709883,51043.25,1230.3283130085056
2022-04-27,990.0,998.8599853515624,910.0,914.8800048828124,154105,0.0,0.0,-0.0694211341948976,0.39747075377880287,-0.052585935358809635,56168.25,1227.1895238729264
2022-04-28,931.4000244140624,940.4000244140624,900.219970703125,924.4500122070312,85340,0.0,0.0,0.010460396197471411,0.38926237520730583,-0.052585935358809635,58410.25,1224.1771904235147
2022-04-29,937.9600219726562,951.3400268554688,920.0,928.3699951171876,62015,0.0,0.0,0.004240340589966252,0.3879155425999498,-0.052585935358809635,58384.75,1221.2338352463373
2022-05-02,920.0,935.1099853515624,904.2100219726562,915.6099853515624,24360,0.0,0.0,-0.013744530556499268,0.38153079639699433,-0.052585935358809635,55848.75,1218.192801914051
2022-05-04,928.97998046875,941.2000122070312,897.2000122070312,901.27001953125,37355,0.0,0.0,-0.015661652941461046,0.37243975183581807,-0.052585935358809635,53516.75,1215.039341392829
2022-05-05,914.7899780273438,920.989990234375,890.1199951171875,894.760009765625,45825,0.0,0.0,-0.00722315135813667,0.3349355287957195,-0.052585935358809635,53175.5,1211.852482371663
2022-05-06,880.0,885.1400146484375,844.4000244140625,860.0499877929688,65710,0.0,0.0,-0.038792549503579465,0.33780112729741235,-0.052585935358809635,53760.25,1208.3519600375466
2022-05-09,870.0,870.0,794.4400024414062,802.3300170898438,100160,0.0,0.0,-0.06711234407577171,0.38606140721042975,-0.06722778358172801,55061.5,1204.3119407047338
2022-05-10,810.0,849.0,795.0,827.77001953125,100445,0.0,0.0,0.03170765383262175,0.3902413939393453,-0.06722778358172801,58761.25,1200.565254921913
2022-05-11,830.4199829101562,845.0,742.4500122070312,838.9000244140625,77845,0.0,0.0,0.013445769501431393,0.40299250837778955,-0.06722778358172801,61611.25,1196.9665959118847
2022-05-12,837.9600219726562,837.9600219726562,790.2000122070312,796.969970703125,36245,0.0,0.0,-0.04998218201295668,0.41832073805147946,-0.06722778358172801,62561.5,1192.9865299894095
2022-05-13,798.5999755859375,816.7999877929688,709.1599731445312,719.1699829101562,268740,0.0,0.0,-0.09761972301707911,0.49581509303589455,-0.06991068395622618,74773.0,1188.2719374811584
2022-05-16,726.0,732.1799926757812,702.719970703125,713.6400146484375,77440,0.0,0.0,-0.00768937579866924,0.4962789323586786,-0.06722778358172801,77861.5,1183.5492317813305
2022-05-17,724.2000122070312,750.0,713.6900024414062,744.5599975585938,88890,0.0,0.0,0.043327142922876094,0.5432466064431835,-0.06722778358172801,80729.25,1179.1811796995123
2022-05-18,760.0999755859375,785.4000244140625,759.989990234375,764.22998046875,97750,0.0,0.0,0.02641826444430806,0.563907499870407,-0.06722778358172801,83249.75,1175.052312045475
2022-05-19,740.0,742.4099731445312,700.4099731445312,705.72998046875,60810,0.0,0.0,-0.0765476381391349,0.5909490122133229,-0.06977745939210946,81714.0,1170.3824380994379
2022-05-20,725.7999877929688,740.4400024414062,722.3800048828125,736.5700073242188,56265,0.0,0.0,0.04369947105688299,0.6293416958212156,-0.06977745939210946,82073.0,1166.0658964996846
2022-05-23,749.5999755859375,840.0,749.5999755859375,758.77001953125,174625,0.0,0.0,0.030139717862907034,0.6473125365629627,-0.06977745939210946,87979.25,1162.0132012064664
2022-05-24,784.0,800.0,702.25,716.3800048828125,157600,0.0,0.0,-0.055866749551629624,0.6623767767615177,-0.06977745939210946,92476.0,1157.5790400490173
2022-05-25,727.1099853515625,727.1300048828125,643.0,649.760009765625,221570,0.0,0.0,-0.09299533022014672,0.7132975933640113,-0.07668086270325163,99654.75,1152.5261143745556
2022-05-26,650.02001953125,686.7100219726562,645.1300048828125,676.8200073242188,139690,0.0,0.0,0.04164614188607052,0.7421976061131313,-0.06977745939210946,98934.0,1147.7927202745523
2022-05-27,692.5999755859375,692.5999755859375,674.5700073242188,685.8599853515625,54615,0.0,0.0,0.013356546688214621,0.723046399003778,-0.06977745939210946,97397.75,1143.196374653428
2022-05-30,694.7999877929688,704.8300170898438,687.989990234375,689.8800048828125,52730,0.0,0.0,0.005861283085627722,0.7213710570856343,-0.06977745939210946,96933.5,1138.6857640089443
2022-05-31,694.97998046875,704.0,683.6799926757812,687.4299926757812,58265,0.0,0.0,-0.003551359931713627,0.7195507627382207,-0.06977745939210946,98628.75,1134.1956568315
2022-06-01,694.0,694.0,674.2000122070312,685.1199951171875,46115,0.0,0.0,-0.0033603386282321512,0.7203503257874684,-0.06977745939210946,99066.75,1129.727242287079
2022-06-02,690.0,693.0900268554688,680.010009765625,687.260009765625,47900,0.0,0.0,0.003123561804777575,0.72231534490786,-0.06977745939210946,99170.5,1125.3245832570149
2022-06-03,691.0,702.8699951171875,684.0,691.8900146484375,59235,0.0,0.0,0.006736904253153764,0.725046043597138,-0.06977745939210946,98846.75,1121.0118014798152
2022-06-06,694.1599731445312,703.2000122070312,676.4000244140625,684.1500244140625,40195,0.0,0.0,-0.011186734987507885,0.7180554284039546,-0.06977745939210946,95848.5,1116.664918125927
2022-06-07,709.739990234375,709.7999877929688,678.5900268554688,688.7100219726562,159995,0.0,0.0,0.006665201192529668,0.6887843090457557,-0.06977745939210946,98826.0,1112.4066604527602
2022-06-08,685.0,691.9600219726562,678.0,682.530029296875,36155,0.0,0.0,-0.008973286983802065,0.6747599776825406,-0.06977745939210946,96741.5,1108.129281038274
2022-06-09,679.7999877929688,689.5999755859375,672.8099975585938,679.4500122070312,36130,0.0,0.0,-0.004512647001065573,0.6703360386350693,-0.06977745939210946,96735.75,1103.8638156767693
2022-06-10,676.4000244140625,689.7899780273438,670.5,679.6799926757812,45820,0.0,0.0,0.00033848033647543296,0.6541462198056455,-0.06977745939210946,85589.75,1099.6430811195455
2022-06-13,670.010009765625,680.9500122070312,660.6699829101562,671.0499877929688,35615,0.0,0.0,-0.012697158921564977,0.5656026459253105,-0.06977745939210946,83498.5,1095.3784732257488
2022-06-14,668.0,686.1500244140625,664.8900146484375,668.5599975585938,36185,0.0,0.0,-0.0037105883014235674,0.5653256071724715,-0.06977745939210946,80863.25,1091.1315232191105
2022-06-15,678.5900268554688,678.5900268554688,667.02001953125,669.8499755859375,11565,0.0,0.0,0.001929487304137778,0.5407132419727282,-0.06977745939210946,76554.0,1086.9396670237556
2022-06-16,680.0,681.4000244140625,645.469970703125,658.6900024414062,31990,0.0,0.0,-0.016660406884047907,0.5302151676014385,-0.06977745939210946,75113.0,1082.678476331394
2022-06-17,646.0700073242188,655.6400146484375,636.2000122070312,638.739990234375,30240,0.0,0.0,-0.030287407024681356,0.4745031954353383,-0.06977745939210946,73811.75,1078.2611779622696
2022-06-20,647.989990234375,647.989990234375,610.0,615.9199829101562,35285,0.0,0.0,-0.035726598730487114,0.4525285372777832,-0.06977745939210946,66844.75,1073.6607680612537
2022-06-21,611.0,635.0,611.0,631.72998046875,26800,0.0,0.0,0.025668914789699127,0.44801301712530306,-0.06977745939210946,60304.75,1069.2634467916766
2022-06-22,631.5800170898438,631.5800170898438,617.7100219726562,628.6099853515625,12520,0.0,0.0,-0.004938811222592987,0.41326399670566605,-0.06977745939210946,49852.25,1064.8788352350587
2022-06-23,632.0,657.0,621.2000122070312,649.7999877929688,29210,0.0,0.0,0.03370929978077797,0.29197451253228723,-0.06977745939210946,44328.25,1060.7486974495653
2022-06-24,658.4000244140625,659.989990234375,644.1799926757812,656.8800048828125,15425,0.0,0.0,0.010895686707983687,0.2538714547196868,-0.06977745939210946,42368.75,1056.7301034936772
2022-06-27,666.0,672.4099731445312,660.1099853515625,662.9099731445312,18435,0.0,0.0,0.009179710475118563,0.2512315136885658,-0.06977745939210946,40654.0,1052.8114952314968
2022-06-28,669.760009765625,669.760009765625,650.0,656.2999877929688,11580,0.0,0.0,-0.009971165949137606,0.25137291719141974,-0.06977745939210946,38319.75,1048.86610709778
2022-06-29,659.4000244140625,665.5999755859375,656.7899780273438,659.030029296875,12870,0.0,0.0,0.004159746388365804,0.2522889825580563,-0.06977745939210946,36657.5,1044.9871411495124
2022-06-30,660.7899780273438,666.0,647.989990234375,659.0399780273438,17785,0.0,0.0,1.5096019948313e-05,0.25231150191838886,-0.06977745939210946,35151.75,1041.1468708696898
2022-07-01,664.0,689.5800170898438,650.47998046875,677.969970703125,68840,0.0,0.0,0.02872358780485973,0.27322862516291563,-0.06977745939210946,35632.0,1037.5331703705199
2022-07-04,680.0,689.77001953125,600.0,638.6699829101562,73385,0.0,0.0,-0.05796715118843776,0.3362768236351051,-0.06977745939210946,37291.5,1033.564382435591
2022-07-05,656.4000244140625,661.8099975585938,645.0599975585938,657.9299926757812,47965,0.0,0.0,0.03015643490534048,0.35450868301732236,-0.06977745939210946,31690.0,1029.8267268160903
2022-07-06,664.0,664.0,651.0,655.77001953125,32680,0.0,0.0,-0.0032829832483342036,0.3532522421694617,-0.06977745939210946,31516.25,1026.104769529674
2022-07-07,663.4000244140625,679.4000244140625,661.469970703125,664.2000122070312,28205,0.0,0.0,0.012855105333737349,0.35597778226544213,-0.06977745939210946,31120.0,1022.5037271682547
2022-07-08,666.0,678.2000122070312,656.0,659.5700073242188,22180,0.0,0.0,-0.006970799153447338,0.35638037314263177,-0.06977745939210946,29938.0,1018.8924463737868
2022-07-11,665.5999755859375,665.5999755859375,654.0499877929688,658.1099853515625,21110,0.0,0.0,-0.0022135966712303334,0.35635386674266245,-0.06977745939210946,29212.75,1015.3025711397349
2022-07-12,665.510009765625,665.510009765625,654.739990234375,658.77001953125,22425,0.0,0.0,0.0010029238187823086,0.3539814556849296,-0.06977745939210946,28524.75,1011.7549835615412
2022-07-13,663.5999755859375,663.8800048828125,655.0,657.2100219726562,15530,0.0,0.0,-0.002368045770667848,0.35386523593422636,-0.06977745939210946,28723.0,1008.2271729984677
2022-07-14,664.7999877929688,667.5999755859375,653.4000244140625,658.9000244140625,13145,0.0,0.0,0.0025714800214604594,0.3539294866232952,-0.06977745939210946,27780.75,1004.7512809727523
2022-07-15,654.0399780273438,666.3900146484375,652.02001953125,654.4099731445312,11975,0.0,0.0,-0.006814465174021067,0.34990130201162445,-0.06977745939210946,26867.5,1001.2652978102825
2022-07-18,664.0,680.6300048828125,656.010009765625,675.4099731445312,33760,0.0,0.0,0.032089975492109346,0.3487593556579073,-0.06977745939210946,26791.25,998.0229562713199
2022-07-19,675.4000244140625,675.4000244140625,665.6300048828125,668.25,26940,0.0,0.0,-0.010600928960519007,0.32365936602890943,-0.06977745939210946,26798.25,994.7416333233466
2022-07-20,680.5999755859375,680.5999755859375,666.5999755859375,668.02001953125,29445,0.0,0.0,-0.0003441533389449969,0.31421369020081796,-0.06977745939210946,27644.5,991.4906719920821
2022-07-21,668.0,668.0,656.4000244140625,658.6400146484375,38270,0.0,0.0,-0.014041502662441863,0.31860887156125833,-0.06758410877893987,28097.5,988.1787251528419
2022-07-22,668.52001953125,668.52001953125,650.2100219726562,656.52001953125,28585,0.0,0.0,-0.0032187463106368996,0.297920774593575,-0.06758410877893987,28755.5,984.8786385297416
2022-07-25,662.4000244140625,662.4000244140625,650.52001953125,652.010009765625,35655,0.0,0.0,-0.006869569291801825,0.2965832112060894,-0.06758410877893987,29616.5,981.5665128703972
2022-07-26,657.5800170898438,657.5800170898438,635.4000244140625,639.2899780273438,28390,0.0,0.0,-0.01950895162307964,0.3017730732407919,-0.06758410877893987,30457.0,978.1607762052922
2022-07-27,648.4000244140625,648.4000244140625,618.2100219726562,621.219970703125,54735,0.0,0.0,-0.028265744725073483,0.31458638579180154,-0.06758410877893987,32550.25,974.6091263993005
2022-07-28,630.530029296875,630.530029296875,612.030029296875,613.7000122070312,67195,0.0,0.0,-0.012105146084699037,0.3153424622151684,-0.06758410877893987,35020.75,971.017990934701
2022-07-29,614.0,627.0499877929688,614.0,619.719970703125,119740,0.0,0.0,0.009809285280025337,0.31841012588238354,-0.06758410877893987,37565.75,967.5224882458295
2022-08-01,635.0,635.0,620.4000244140625,622.8699951171875,158035,0.0,0.0,0.0050829803184953,0.2989186306272832,-0.05889617553597261,41798.25,964.0931102047485
2022-08-02,628.7999877929688,634.97998046875,618.97998046875,621.5800170898438,154270,0.0,0.0,-0.0020710229059934804,0.225003795204599,-0.05889617553597261,47113.5,960.6850197259934
2022-08-03,621.5999755859375,628.2999877929688,618.0,623.3900146484375,78650,0.0,0.0,0.0029119300956101934,0.1949583745636614,-0.05889617553597261,49412.0,957.3288505212416
2022-08-04,632.7000122070312,728.1599731445312,625.6099853515625,699.010009765625,1934505,0.0,0.0,0.12130446965826613,0.47094880963427693,-0.05889617553597261,144727.0,954.7585137973051
2022-08-05,717.5900268554688,755.5999755859375,711.0,739.5599975585938,1260970,0.0,0.0,0.058010596738900855,0.5069268868906509,-0.05597176963347003,206666.5,952.6172350287607
2022-08-08,742.7999877929688,773.0,722.0,758.3900146484375,716230,0.0,0.0,0.025461108161615842,0.5092455530607443,-0.05597176963347003,241422.5,950.6846258707475
2022-08-10,762.2000122070312,763.7999877929688,733.989990234375,744.52001953125,167140,0.0,0.0,-0.01828873646710283,0.5159639297782513,-0.05597176963347003,248658.25,948.6332367529416
2022-08-11,703.2000122070312,718.7999877929688,684.7100219726562,701.0900268554688,347425,0.0,0.0,-0.058332874249808375,0.5625755242102509,-0.05798543734150629,265253.0,946.1701202365489
2022-08-12,713.0,715.0,703.0,704.47998046875,80190,0.0,0.0,0.0048352614977078545,0.5621750634955743,-0.05597176963347003,268605.25,943.765243223934
2022-08-16,704.47998046875,715.97998046875,704.47998046875,706.8499755859375,52725,0.0,0.0,0.0033641766734244793,0.5621584072524826,-0.05597176963347003,270642.75,941.4078773767899
2022-08-17,717.5999755859375,730.7999877929688,710.0499877929688,715.52001953125,84190,0.0,0.0,0.012265748383347486,0.5614511158736996,-0.05597176963347003,273164.25,939.1602370002174
2022-08-18,714.0,724.97998046875,704.010009765625,707.7899780273438,67100,0.0,0.0,-0.010803389552916154,0.5548358150590837,-0.03683862635338464,275172.25,936.8580453686466
2022-08-19,709.0,718.1900024414062,690.0,694.3900146484375,83935,0.0,0.0,-0.01893211799388972,0.5581102987577591,-0.030559366609971644,277896.75,934.44542814755
2022-08-22,699.97998046875,712.97998046875,692.010009765625,701.5499877929688,60850,0.0,0.0,0.010311169506313167,0.5586720294765535,-0.030559366609971644,279025.75,932.1280605818329
2022-08-23,690.239990234375,709.239990234375,690.239990234375,703.9299926757812,49805,0.0,0.0,0.003392495081212754,0.5552642139821722,-0.030559366609971644,280086.75,929.8574330404791
2022-08-24,703.5599975585938,714.4099731445312,695.2000122070312,698.4500122070312,49350,0.0,1.0,-0.007784837307357018,0.5562087954102038,-0.030559366609971644,280771.5,927.5548716391513
2022-08-25,703.989990234375,703.989990234375,692.0,694.1599731445312,31975,0.0,0.0,-0.006142227772240827,0.5560433959233897,-0.030559366609971644,280950.75,925.2325343406975
2022-08-26,704.5700073242188,704.5700073242188,694.7999877929688,696.1199951171875,23720,0.0,0.0,0.0028235882915825794,0.5497208468180576,-0.030559366609971644,279400.0,922.9528075822546
2022-08-29,681.0,704.1599731445312,680.4099731445312,693.0399780273438,60720,0.0,0.0,-0.004424549088444474,0.5378299958693772,-0.030559366609971644,279076.25,920.6651177359371
2022-08-30,698.0,719.0,696.0399780273438,708.3599853515625,80555,0.0,0.0,0.022105517444787726,0.5365771243096744,-0.030559366609971644,277117.0,918.5526288564906
2022-09-01,716.52001953125,757.7999877929688,699.989990234375,748.760009765625,275870,0.0,0.0,0.057033182632431956,0.5635350340185562,-0.030559366609971644,283008.75,916.8631500595666
2022-09-02,759.7999877929688,799.0,750.0,789.4099731445312,477350,0.0,0.0,0.05428970945127043,0.5839480819565092,-0.030559366609971644,299162.75,915.5949592444916
2022-09-05,799.7999877929688,815.0,765.02001953125,777.9099731445312,273990,0.0,0.0,-0.014567842301498879,0.5893136629170649,-0.030559366609971644,308929.75,914.2249593828004
2022-09-06,777.9099731445312,807.8800048828125,774.0,794.4099731445312,278045,0.0,0.0,0.021210680630950662,0.5894125020779807,-0.030559366609971644,226106.75,913.0327704650067
2022-09-07,785.0,810.0,785.0,797.22998046875,123595,0.0,0.0,0.003549813596946949,0.43608953821510144,-0.030559366609971644,169238.0,911.8805038978799
2022-09-08,804.3599853515625,805.1099853515625,783.8200073242188,794.0900268554688,270110,0.0,0.0,-0.003938579444083379,0.39500144437731205,-0.030559366609971644,146932.0,910.7084593501942
2022-09-09,801.5999755859375,803.0,778.8200073242188,782.9400024414062,72970,0.0,0.0,-0.01404125985338922,0.3912494772914781,-0.030559366609971644,142223.5,909.4371314207535
2022-09-12,795.7999877929688,795.7999877929688,769.5999755859375,771.7100219726562,75480,0.0,0.0,-0.014343347426025055,0.3889280866051151,-0.030559366609971644,128626.25,908.06671242127
2022-09-13,774.97998046875,786.5499877929688,770.0,775.75,61625,0.0,0.0,0.005235098563339591,0.3211192682460059,-0.030559366609971644,127698.0,906.7501282180734
2022-09-14,760.0,772.5999755859375,757.8099975585938,763.7100219726562,51025,0.0,0.0,-0.01552043574262807,0.3289149559899464,-0.02863878742534416,127613.0,905.3268435788157
2022-09-15,775.0,775.0,745.7999877929688,750.5999755859375,47195,0.0,0.0,-0.017166262075303917,0.33704400402549045,-0.019946791278179332,125763.25,903.7872727530159
2022-09-16,750.5999755859375,764.0,717.0,740.989990234375,76405,0.0,0.0,-0.012803071761440799,0.33960743754511225,-0.019946791278179332,126228.5,902.1673992951191
2022-09-19,747.7999877929688,747.7999877929688,720.4000244140625,726.7999877929688,46110,0.0,0.0,-0.019150059553325383,0.3447274609453262,-0.019946791278179332,124337.25,900.4224499269386
2022-09-20,737.4000244140625,769.7999877929688,733.72998046875,758.3599853515625,90990,0.0,0.0,0.04342322246651409,0.36526205526789257,-0.019946791278179332,125844.25,899.0088930654921
2022-09-21,764.0,771.0,742.6199951171875,755.8200073242188,49365,0.0,0.0,-0.0033493038614982318,0.36556625660321196,-0.019946791278179332,125822.25,897.5841280332406
2022-09-22,753.7999877929688,762.6300048828125,744.5999755859375,753.2899780273438,33110,0.0,0.0,-0.0033473965657933036,0.36640588075123715,-0.019946791278179332,125010.25,896.1483653466149
2022-09-23,749.97998046875,770.0,727.0999755859375,731.6500244140625,53650,0.0,0.0,-0.0287272554321647,0.3813942663641978,-0.028288820260428043,126094.0,894.5115659343508
2022-09-26,728.0,728.0,700.0,701.4500122070312,64940,0.0,0.0,-0.041276581971300796,0.4097701507459214,-0.029354721759121502,128155.0,892.590555449502
2022-09-27,713.0,713.0,699.7999877929688,703.4000244140625,39485,0.0,0.0,0.0027799731600199884,0.4097674784398267,-0.029354721759121502,127093.25,890.7080626033782
2022-09-28,702.0,703.4000244140625,694.27001953125,697.6799926757812,26735,0.0,0.0,-0.008131975461681429,0.41056449323189137,-0.029354721759121502,124402.25,888.7873852906658
2022-09-29,704.0,710.8599853515625,680.4199829101562,685.030029296875,50585,0.0,0.0,-0.01813146931502274,0.4076977346479064,-0.028288820260428043,113138.0,886.7599489126183
2022-09-30,684.0,705.0,676.2100219726562,692.969970703125,45805,0.0,0.0,0.011590647222282646,0.35244176762284996,-0.028288820260428043,91560.75,884.8316904229716
2022-10-03,693.2000122070312,704.0,652.2100219726562,661.0700073242188,127280,0.0,0.0,-0.0460336879338924,0.31467779391619305,-0.029354721759121502,84225.25,882.6052060140289
2022-10-04,672.5399780273438,686.3900146484375,664.0,673.3900146484375,64985,0.0,0.0,0.01863646389598861,0.3270254165058331,-0.029354721759121502,73572.25,880.5234628163614
2022-10-06,676.2000122070312,683.47998046875,675.0,678.1799926757812,38780,0.0,0.0,0.007113229960566736,0.3153327802407846,-0.029354721759121502,69331.5,878.5100949542662
2022-10-07,679.989990234375,698.7100219726562,673.2000122070312,688.4500122070312,55545,0.0,0.0,0.015143501197564468,0.3228346933562256,-0.029354721759121502,58603.25,876.6189498523037
2022-10-10,701.7999877929688,729.5900268554688,696.010009765625,721.760009765625,335270,0.0,0.0,0.04838404672520613,0.3752321758908642,-0.029354721759121502,71718.25,875.0780648763168
2022-10-11,730.0,732.0399780273438,693.0499877929688,714.3400268554688,76380,0.0,0.0,-0.010280401809135586,0.3742232809741307,-0.029354721759121502,71763.25,873.4786814134229
2022-10-12,716.4000244140625,725.739990234375,700.4199829101562,707.3099975585938,45600,0.0,0.0,-0.009841292707369664,0.372992462381427,-0.029354721759121502,70962.0,871.8252616735739
2022-10-13,715.5999755859375,719.5999755859375,696.3599853515625,711.739990234375,47875,0.0,0.0,0.006263155746521587,0.37332582518369456,-0.029354721759121502,70804.5,870.2323734005471
2022-10-14,726.0,727.989990234375,710.2000122070312,718.239990234375,128415,0.0,0.0,0.009132548527812201,0.37336646077080476,-0.029354721759121502,74865.5,868.7200113789931
2022-10-17,723.8900146484375,754.0,716.010009765625,743.5900268554688,292810,0.0,0.0,0.03529466051148389,0.39146552000081825,-0.029354721759121502,85685.75,867.4749369061224
2022-10-18,744.0,764.8499755859375,675.5499877929688,704.25,269746,5.0,0.0,-0.052905533203332245,0.43049153206991775,-0.041514437269430375,96867.55,865.8508081806883
2022-10-19,708.9500122070312,713.2000122070312,682.5499877929688,697.5,135808,0.0,0.0,-0.009584664536741228,0.42696973980806024,-0.041514437269430375,99108.45,864.17567576098
2022-10-20,690.0,705.0,675.0499877929688,696.1500244140625,144953,0.0,0.0,-0.0019354488687276517,0.39435426346795716,-0.041514437269430375,103887.85,862.5037787326524
2022-10-21,705.0,709.9000244140625,682.0999755859375,687.7000122070312,112581,0.0,0.0,-0.012138205718147388,0.39540948242363466,-0.041514437269430375,107861.4,860.7644377721986
2022-10-24,698.7000122070312,698.8499755859375,663.3499755859375,684.5,22097,0.0,0.0,-0.0046532094666705826,0.3954002839281127,-0.041514437269430375,106283.75,859.0105627694902
2022-10-25,691.2999877929688,691.2999877929688,658.0,663.3499755859375,45711,0.0,0.0,-0.0308985017006026,0.3971613085900306,-0.041514437269430375,105322.3,857.0636912552261
2022-10-27,670.0,671.9000244140625,656.5,661.2000122070312,44098,0.0,0.0,-0.003241069507852412,0.3737768973120282,-0.041514437269430375,105552.95,855.1147989263884
2022-10-28,667.9500122070312,669.0,650.0,650.5999755859375,40240,0.0,0.0,-0.01603151304506434,0.37607380636913457,-0.041514437269430375,106228.2,853.0798255598169
2022-10-31,660.0,666.0999755859375,646.0,658.7000122070312,50323,0.0,0.0,0.012450102866663704,0.37958083103861184,-0.041514437269430375,106215.1,851.1456980637693
2022-11-01,667.0,667.0,659.4000244140625,662.5,18095,0.0,0.0,0.00576892017997177,0.37616189974640757,-0.041514437269430375,104829.6,849.2686264412442
2022-11-02,662.4500122070312,674.0,660.2999877929688,671.0499877929688,23821,0.0,0.0,0.012905641951650892,0.3767577864519576,-0.041514437269430375,99656.65,847.4953066536992
2022-11-03,667.1500244140625,679.2000122070312,667.1500244140625,673.4500122070312,19487,0.0,0.0,0.00357652106060824,0.3398601718295025,-0.041514437269430375,97381.75,845.7635126791056
2022-11-04,676.0,711.9000244140625,676.0,695.4500122070312,114077,0.0,0.0,0.032667606505643265,0.3522315237502875,-0.041514437269430375,101146.6,844.2678559579905
2022-11-07,714.8499755859375,724.9000244140625,695.8499755859375,701.2000122070312,32768,0.0,0.0,0.008268027750480966,0.35247484164987763,-0.041514437269430375,100007.75,842.8442953236527
2022-11-09,706.5999755859375,706.5999755859375,684.4500122070312,691.75,28280,0.0,0.0,-0.013476913922587208,0.352793102397899,-0.041514437269430375,84658.25,841.3408694995368
2022-11-10,702.0,702.9500122070312,675.0,676.9000244140625,30366,0.0,0.0,-0.021467257804029583,0.31410252090044954,-0.03141740571413751,82357.55,839.7046421852534
2022-11-11,683.0,694.3499755859375,655.0,661.7000122070312,43706,0.0,0.0,-0.022455328200333136,0.32049150223196704,-0.03141740571413751,82262.85,837.9334518372115
2022-11-14,667.0,668.9500122070312,657.0,664.1500244140625,19468,0.0,0.0,0.0037026026323612182,0.32051872211470245,-0.03141740571413751,80842.5,836.2042635046429
2022-11-15,669.0,671.0,662.5,666.2999877929688,15647,0.0,0.0,0.003237165248624496,0.31961097147744316,-0.03141740571413751,75204.1,834.5136736965665
2022-11-16,672.0,672.0,664.2999877929688,666.3499755859375,15059,0.0,0.0,7.502295345118704e-05,0.31682740856886554,-0.03141740571413751,61316.55,832.8404030686
2022-11-17,666.3499755859375,668.25,659.0,660.8499755859375,15299,0.0,0.0,-0.008253920914702118,0.2840811294557073,-0.03141740571413751,48594.2,831.1290555314591
2022-11-18,669.5,669.5,650.0,651.75,16249,0.0,0.0,-0.013770108076147092,0.22864163252829525,-0.03141740571413751,42616.25,829.3441893072655
2022-11-21,646.0,654.2999877929688,633.2999877929688,636.0,28691,0.0,0.0,-0.024165707710011475,0.2388165437326653,-0.03141740571413751,36803.15,827.4203665280888
2022-11-22,643.7000122070312,645.25,630.5499877929688,633.5499877929688,25911,0.0,0.0,-0.0038522204513069536,0.23867191683888064,-0.03141740571413751,32469.65,825.491308033212
2022-11-23,632.25,638.7000122070312,630.0999755859375,632.0999755859375,19794,0.0,0.0,-0.0022887100228389246,0.23706560422089235,-0.03141740571413751,32354.5,823.567016168065
2022-11-24,630.0,634.6500244140625,628.0999755859375,631.7999877929688,21747,0.0,0.0,-0.00047458915449360983,0.23734011780927988,-0.03141740571413751,31156.3,821.658886532492
2022-11-25,640.0,640.0,630.5499877929688,633.75,14635,0.0,0.0,0.0030864391337568353,0.21655872047274213,-0.03141740571413751,29683.15,819.7891463679897
2022-11-28,637.0,644.6500244140625,635.0,639.0999755859375,17270,0.0,0.0,0.008441776072485307,0.21953257015785552,-0.03141740571413751,28534.65,817.9912441711534
2022-11-29,633.25,649.8499755859375,633.2000122070312,637.5499877929688,18750,0.0,0.0,-0.002425266550116323,0.21317285573817077,-0.03141740571413751,26956.0,816.1958087843058
2022-11-30,644.0,646.0,628.8499755859375,636.75,21592,0.0,0.0,-0.0012547844220625048,0.2075892997026327,-0.03141740571413751,27130.85,814.4102783486411
2022-12-01,638.0,648.2999877929688,635.9000244140625,641.8499755859375,26523,0.0,0.0,0.008009384508735673,0.20872401827916923,-0.03141740571413751,27265.95,812.6932604107038
2022-12-02,644.0,704.9000244140625,642.0999755859375,689.0,380732,0.0,0.0,0.07345957187428387,0.33080851742783834,-0.03141740571413751,45328.2,811.4624817001496
2022-12-05,692.9000244140625,705.0,684.0,692.9000244140625,74355,0.0,0.0,0.005660412792543479,0.3310552602451864,-0.03141740571413751,43342.1,810.2827557570045
2022-12-06,690.0,697.25,675.0999755859375,679.9000244140625,25146,0.0,0.0,-0.01876172541773713,0.31783482242845235,-0.03141740571413751,42961.0,808.985415146627
2022-12-07,683.0,686.0,670.0,673.0499877929688,16732,0.0,0.0,-0.010075064531726019,0.3175263559243293,-0.03141740571413751,42383.6,807.6328238296753
2022-12-08,673.0499877929688,675.9500122070312,657.0499877929688,661.4000244140625,29022,0.0,0.0,-0.01730920970240002,0.31957841262885495,-0.03141740571413751,42316.4,806.1777710991718
2022-12-09,664.5,707.7000122070312,662.0999755859375,676.25,140005,0.0,0.0,0.022452336011165253,0.3219825031395371,-0.03141740571413751,47131.35,804.884957456394
2022-12-12,676.25,688.7999877929688,665.0999755859375,676.1500244140625,23610,0.0,0.0,-0.00014783820471353515,0.3113513462210352,-0.03141740571413751,47338.45,803.6040128490076
2022-12-13,682.9000244140625,682.9000244140625,666.0,668.25,26023,0.0,0.0,-0.011683833659413834,0.3143451970685819,-0.03141740571413751,47857.25,802.2572067510076
2022-12-14,669.0499877929688,684.5999755859375,667.0,677.75,26503,0.0,0.0,0.014216236438458596,0.3178424255556464,-0.03141740571413751,48429.45,801.0183290718932
2022-12-15,677.75,684.5,673.5,674.4000244140625,25333,0.0,0.0,-0.004942789503411982,0.3185004536513366,-0.03141740571413751,48931.15,799.758445443457
2022-12-16,675.5,678.0,662.0,666.9500122070312,26166,0.0,0.0,-0.011046874165676401,0.31964110320141753,-0.03141740571413751,49427.0,798.4369684958309
2022-12-19,676.0,676.0,661.0,662.4000244140625,19691,0.0,0.0,-0.006822082179610778,0.3165900696621426,-0.03141740571413751,48977.0,797.0833670621815
2022-12-20,666.8499755859375,668.7000122070312,656.1500244140625,658.4000244140625,21370,0.0,0.0,-0.006038647120428897,0.3044613659389459,-0.03141740571413751,48749.95,795.7034333044888
2022-12-21,661.9000244140625,668.75,641.5,642.5499877929688,28350,0.0,0.0,-0.024073566271810787,0.3170072103588287,-0.03141740571413751,49177.75,794.1795184237772
2022-12-22,651.7000122070312,675.0,615.0,621.0999755859375,36501,0.0,0.0,-0.03338263577081024,0.338466899331441,-0.031022708404112982,49915.45,792.457333917928
2022-12-23,618.8499755859375,618.8499755859375,589.0999755859375,590.6500244140625,48209,0.0,0.0,-0.049025845063266904,0.3777078535684214,-0.03401518837896435,51594.15,790.4493009875414
2022-12-26,590.6500244140625,643.0499877929688,590.6500244140625,632.0,46697,0.0,0.0,0.07000757449719486,0.45449031139897395,-0.03401518837896435,53065.5,788.8726910274664
2022-12-27,644.9500122070312,657.0499877929688,632.2000122070312,636.5499877929688,33112,0.0,0.0,0.0071993477736846945,0.4542284661081979,-0.03401518837896435,53783.6,787.3570422390635
2022-12-28,635.5,656.6500244140625,631.9500122070312,651.7999877929688,23526,0.0,0.0,0.02395727011616855,0.46145036859818656,-0.03401518837896435,53880.3,786.0082158266646
2022-12-29,651.9000244140625,657.9000244140625,641.6500244140625,647.9500122070312,15346,0.0,0.0,-0.005906682506966132,0.4620745676077518,-0.031022708404112982,53321.45,784.6345023578126
2022-12-30,656.4500122070312,695.0,652.25,664.4500122070312,76709,0.0,0.0,0.025464927369625467,0.4692048002556635,-0.031022708404112982,38120.3,783.4386367841731
2023-01-02,668.7999877929688,670.0,656.0,663.5999755859375,22001,0.0,0.0,-0.0012793086093418893,0.3907726693256962,-0.031022708404112982,35502.6,782.2462122946384
2023-01-03,661.0999755859375,668.0,660.0,660.5999755859375,13935,0.0,0.0,-0.004520795826357782,0.39001227829629487,-0.031022708404112982,34942.05,781.035801979129
2023-01-04,668.0,669.0,649.5499877929688,654.6500244140625,11851,0.0,0.0,-0.009006889784695438,0.3861706535206556,-0.031022708404112982,34698.0,779.7782320531085
2023-01-05,665.0,668.0,638.5,642.9000244140625,19897,0.0,0.0,-0.01794852144169201,0.38931821199300587,-0.031022708404112982,34241.75,778.4162598377947
2023-01-06,649.0,651.9500122070312,639.0499877929688,641.7999877929688,37057,0.0,0.0,-0.0017110539420127635,0.3852663801055069,-0.031022708404112982,29094.35,777.0568939468014
2023-01-09,652.0,655.0,637.0,642.5499877929688,40534,0.0,0.0,0.001168588367505441,0.3757721983089993,-0.031022708404112982,29940.55,775.7185167711414
2023-01-10,654.4500122070312,654.4500122070312,631.0999755859375,634.0499877929688,67672,0.0,0.0,-0.013228542777186547,0.3776137727734205,-0.031022708404112982,32023.0,774.308879666881
2023-01-11,627.0499877929688,639.5499877929688,627.0499877929688,629.9000244140625,11309,0.0,0.0,-0.006545167508561378,0.3765068626501669,-0.031022708404112982,31263.3,772.8719756345147
2023-01-12,634.0499877929688,643.7000122070312,625.0,628.5999755859375,16972,0.0,0.0,-0.0020638970911841525,0.3715657098140612,-0.02450234740954103,30845.25,771.4364333454741
2023-01-13,640.9000244140625,640.9000244140625,629.0999755859375,632.75,26968,0.0,0.0,0.006602011732810054,0.37308002353549063,-0.02450234740954103,30885.35,770.0564688345739
2023-01-16,642.75,642.75,630.0,633.4500122070312,15665,0.0,0.0,0.001106301393964726,0.37205735234295806,-0.02450234740954103,30684.05,768.6972006094243
2023-01-17,635.0,635.0,625.0,627.4000244140625,11118,0.0,0.0,-0.009550852752989503,0.3726048365957234,-0.02450234740954103,30171.45,767.2912585577292
2023-01-18,630.0,634.0,618.2999877929688,623.5,19602,0.0,0.0,-0.006216168731751015,0.3726276505358223,-0.02450234740954103,29734.05,765.86049976611
2023-01-19,625.0,628.7000122070312,616.1500244140625,621.2000122070312,29421,0.0,0.0,-0.003688833669556968,0.36423732875773274,-0.02407817334372082,29380.05,764.4210919297013
2023-01-20,633.7999877929688,633.7999877929688,610.0499877929688,613.9500122070312,14707,0.0,0.0,-0.011670959204011955,0.3475703564590944,-0.02407817334372082,27704.95,762.9238672558439
2023-01-23,622.7999877929688,622.7999877929688,600.0499877929688,606.4500122070312,24212,0.0,0.0,-0.012215978256990279,0.3031350505545485,-0.02407817334372082,26580.7,761.3669134742637
2023-01-24,614.5,616.2000122070312,608.0499877929688,611.2000122070312,14362,0.0,0.0,0.007832467481884375,0.1755727187755807,-0.02407817334372082,25643.2,759.8727154517042
2023-01-25,617.9000244140625,617.9000244140625,600.7999877929688,607.2000122070312,18416,0.0,0.0,-0.006544502487092707,0.17340012958780587,-0.02407817334372082,25387.7,758.3535840761353
2023-01-27,616.0,616.0,597.0,603.4500122070312,25000,0.0,0.0,-0.006175889203904328,0.14529095849582468,-0.02407817334372082,25870.4,756.812255002811
2023-01-30,597.5499877929688,616.0,590.5,595.5499877929688,31013,0.0,0.0,-0.013091431360104377,0.14880268576557945,-0.02407817334372082,23585.6,755.2076553290811
2023-01-31,599.9500122070312,613.5999755859375,597.2000122070312,606.0999755859375,18154,0.0,0.0,0.017714697354063613,0.1308243683374946,-0.02407817334372082,23393.25,753.7239968241743
2023-02-01,610.0,614.9000244140625,590.7999877929688,597.9000244140625,24088,0.0,0.0,-0.013529040590948394,0.13406125198373103,-0.02407817334372082,23900.9,752.1735095365115
2023-02-02,599.9500122070312,603.75,589.25,595.7000122070312,16377,0.0,0.0,-0.0036795653406892503,0.13412433844107716,-0.02407817334372082,24127.2,750.6165593143276
2023-02-03,603.8499755859375,604.0,590.4000244140625,593.9000244140625,19679,0.0,0.0,-0.0030216346417384354,0.1334035273045628,-0.02407817334372082,24116.3,749.0571908078573
2023-02-06,590.0,599.0,580.0499877929688,587.0499877929688,23603,0.0,0.0,-0.011533989458666793,0.1270095455114546,-0.02407817334372082,23443.6,747.44517883756
2023-02-07,593.9500122070312,593.9500122070312,581.0,585.5999755859375,16945,0.0,0.0,-0.0024699978488759156,0.12684264134887469,-0.02407817334372082,22264.15,745.8347788052056
2023-02-08,593.2999877929688,603.0499877929688,585.0,586.75,17694,0.0,0.0,0.0019638395867620506,0.1273056027997915,-0.02407817334372082,19765.25,744.2518456827659
2023-02-09,586.0,599.0999755859375,581.2000122070312,591.5499877929688,26748,0.0,0.0,0.008180635352311505,0.12993220440097358,-0.02407817334372082,20537.2,742.7324242112256
2023-02-10,595.0,598.5999755859375,589.0,589.9500122070312,25616,0.0,0.0,-0.0027047174692824694,0.12939113510708342,-0.02407817334372082,20969.4,741.2122012062089
2023-02-13,580.0,580.0,555.0,558.4000244140625,119769,0.0,0.0,-0.05347908660081002,0.2171244291714519,-0.02462655411305141,25609.45,739.3931745714613
2023-02-14,564.9500122070312,564.9500122070312,544.75,547.0,31199,0.0,0.0,-0.020415515608232182,0.21826821935562682,-0.02453901974676076,26386.15,737.4788146254766
2023-02-15,551.9500122070312,558.5999755859375,548.1500244140625,554.75,16876,0.0,0.0,0.014168190127970659,0.2286852033827977,-0.02453901974676076,26674.05,735.6606174650242
2023-02-16,567.7000122070312,584.0,560.7000122070312,568.1500244140625,61576,0.0,0.0,0.02415506879506535,0.251159142953435,-0.02453901974676076,28772.75,733.9938453948654
2023-02-17,569.9000244140625,574.9000244140625,560.8499755859375,563.2999877929688,16871,0.0,0.0,-0.008536542132679847,0.25147668294165126,-0.02453901974676076,28145.25,732.295399050568
2023-02-20,568.9000244140625,569.0,549.0,550.2000122070312,27189,0.0,0.0,-0.02325577111631716,0.2594904721795941,-0.02453901974676076,28769.35,730.483504654115
2023-02-21,558.4500122070312,558.4500122070312,549.0,552.0999755859375,13310,0.0,0.0,0.003453223076613332,0.26034449408011795,-0.02453901974676076,28224.25,728.7085441658744
2023-02-22,554.9500122070312,554.9500122070312,540.0499877929688,541.8499755859375,17378,0.0,0.0,-0.018565478089582976,0.26349854716448384,-0.02453901974676076,28375.05,726.8492549262731
2023-02-23,548.5,550.0,526.4500122070312,529.4000244140625,28626,0.0,0.0,-0.022976749530000506,0.26587832707252107,-0.02453901974676076,28885.55,724.8845859659526
2023-02-24,534.4000244140625,546.4000244140625,530.7000122070312,532.3499755859375,18015,0.0,0.0,0.005572253562209362,0.2692496639829884,-0.02453901974676076,28536.3,722.9688186984898
2023-02-27,533.0,536.9000244140625,520.0,524.25,47213,0.0,0.0,-0.015215508513966136,0.2710938260599907,-0.02453901974676076,29346.3,720.9915170198979
2023-02-28,532.0499877929688,545.0,511.0,515.9500122070312,53505,0.0,0.0,-0.015832117869277518,0.2720932103873083,-0.02453901974676076,31113.85,718.9513030416605
2023-03-01,523.6500244140625,535.0,508.0,526.0,44827,0.0,0.0,0.019478607530172942,0.2741456418090907,-0.02453901974676076,32150.8,717.0313895785595
2023-03-02,530.0,534.0,517.0,522.5499877929688,36813,0.0,0.0,-0.006558958568500528,0.27298128183757553,-0.02453901974676076,33172.6,715.0962512523347
2023-03-03,529.0,533.0,521.1500244140625,526.0999755859375,27457,0.0,0.0,0.006793585065349328,0.2766111348357406,-0.02453901974676076,33561.5,713.2156912954551
2023-03-06,532.6500244140625,543.0,529.2999877929688,537.8499755859375,29470,0.0,0.0,0.022334158040804963,0.29321253175900197,-0.02453901974676076,33854.85,711.4707588008332
2023-03-08,539.0,544.8499755859375,533.0,535.7999877929688,18242,0.0,0.0,-0.003811449076920548,0.29211149543783393,-0.02453901974676076,33919.7,709.7227909301082
2023-03-09,536.0,539.0,523.0999755859375,525.6500244140625,27304,0.0,0.0,-0.018943567768105574,0.2964404288909591,-0.02453901974676076,34400.2,707.8912211140281
2023-03-10,516.0,530.7999877929688,514.9000244140625,524.5999755859375,36631,0.0,0.0,-0.001997619669656614,0.29559072501810946,-0.02453901974676076,34894.35,706.0674276261865
2023-03-13,524.5999755859375,528.75,504.8999938964844,515.5,44136,0.0,0.0,-0.017346504021037212,0.294309167577629,-0.02453901974676076,35820.35,704.1712343164733
2023-03-14,517.0,522.25,505.0,506.3999938964844,25324,0.0,0.0,-0.01765277614649008,0.29651319374100754,-0.02453901974676076,31098.1,702.2033612774684
2023-03-15,513.0,513.9500122070312,500.0,500.5,27965,0.0,0.0,-0.011650856966025969,0.24495908385599882,-0.02453901974676076,30936.4,700.1963626577921
2023-03-16,500.5,501.7999877929688,478.1000061035156,485.3500061035156,69423,0.0,0.0,-0.03026971807489387,0.2549057708110748,-0.03042536395968969,33563.75,698.0585879657098
2023-03-17,490.0,543.5,490.0,524.1500244140625,617055,0.0,0.0,0.07994234639459674,0.386760218075854,-0.03042536395968969,61337.7,696.3281544975342
2023-03-20,528.0,539.6500244140625,515.0,517.25,67291,0.0,0.0,-0.013164216527082884,0.3759001398853254,-0.023606468464245994,63858.7,694.5462823134792
2023-03-21,526.0499877929688,528.0499877929688,505.0,510.6499938964844,44694,0.0,0.0,-0.012759799136811245,0.3767976228384177,-0.02299070060931634,64733.95,692.7164684983848
2023-03-22,515.9500122070312,517.8499755859375,507.2999877929688,512.5499877929688,52371,0.0,0.0,0.0037207361582178855,0.37133785094179117,-0.02299070060931634,66687.0,690.9237671978334
2023-03-23,512.0,520.0,508.75,510.5499877929688,44834,0.0,0.0,-0.0039020584287045024,0.37057151607168354,-0.02299070060931634,68059.8,689.1290032236557
2023-03-24,516.8499755859375,516.8499755859375,500.2000122070313,503.3500061035156,18576,0.0,0.0,-0.01410240301949206,0.3685975472358269,-0.02299070060931634,67557.3,687.2804559886295
2023-03-27,504.0499877929688,507.5,490.0,491.5499877929688,27138,0.0,0.0,-0.0234429684463342,0.3689152644241811,-0.02326513098281801,68013.45,685.3328891409114
2023-03-28,490.0,490.0,473.1000061035156,474.3999938964844,64583,0.0,0.0,-0.03488962327816736,0.3830427963047272,-0.02378430592776218,68881.95,683.23405436236
2023-03-29,468.6000061035156,482.0,465.0,467.1499938964844,86278,0.0,0.0,-0.01528246225395602,0.383064916720668,-0.02378430592776218,70520.6,681.0839642084708
2023-03-31,474.0499877929688,533.7000122070312,472.25,504.7999877929688,673103,0.0,0.0,0.08059508592186182,0.48217989143676865,-0.02378430592776218,101934.4,679.3298947914011
2023-04-03,507.0,522.7999877929688,505.1000061035156,512.6500244140625,89654,0.0,0.0,0.015550786075520184,0.480305855763892,-0.02378430592776218,104576.45,677.6713886184923
2023-04-05,517.0,528.0,514.0,518.0999755859375,51096,0.0,0.0,0.010630939066284206,0.4813997495563001,-0.02378430592776218,105758.4,676.083613364437
2023-04-06,521.6500244140625,525.2999877929688,517.0,522.5,37823,0.0,0.0,0.00849261652461264,0.4817369758027523,-0.02378430592776218,106176.05,674.555418206582
2023-04-10,524.0,528.4000244140625,514.0,520.0499877929688,33515,0.0,0.0,-0.0046890185780502636,0.4750692910293222,-0.02378430592776218,106939.7,673.0180507397799
2023-04-11,520.0499877929688,525.9000244140625,515.2000122070312,519.8499755859375,43460,0.0,0.0,-0.0003846018877532442,0.4749792622079581,-0.02378430592776218,107747.5,671.493990290488
2023-04-12,521.3499755859375,525.0,515.3499755859375,519.4500122070312,43218,0.0,0.0,-0.0007693823173799963,0.4704921332104269,-0.02378430592776218,108076.85,669.9811148866726
2023-04-13,518.0999755859375,523.7999877929688,517.0,520.6500244140625,23245,0.0,0.0,0.002310159166100778,0.4705168495018917,-0.02378430592776218,107032.3,668.4952333894327
2023-04-17,524.75,616.0,521.0999755859375,603.5499877929688,1348233,0.0,0.0,0.15922396906098601,0.7198115859655713,-0.02378430592776218,173177.75,667.8490120402141
2023-04-18,594.0,608.7999877929688,580.9000244140625,588.2999877929688,268726,0.0,0.0,-0.0252671697596506,0.7237635369398157,-0.025517297175412762,185215.8,667.0574794606396
2023-04-19,589.9000244140625,603.0,587.0,592.0,98720,0.0,0.0,0.006289329056272885,0.7202576711242283,-0.025517297175412762,186680.65,666.3106388689914
2023-04-20,593.8499755859375,599.7000122070312,577.7999877929688,582.7999877929688,45261,0.0,0.0,-0.015540561160525712,0.7119123515991234,-0.025517297175412762,158090.95,665.4796871169912
2023-04-21,584.0,584.0,558.7000122070312,563.7000122070312,64830,0.0,0.0,-0.032772779660253715,0.67794083802962,-0.03039487115416186,157967.9,664.46695403331
2023-04-24,572.0999755859375,630.0,567.5499877929688,605.9000244140625,794421,0.0,0.0,0.0748625355564696,0.716865234762224,-0.03039487115416186,195454.25,663.8841985147105
2023-04-25,601.0499877929688,620.0,601.0499877929688,611.2000122070312,169297,0.0,0.0,0.008747297539877241,0.7126992630573037,-0.03039487115416186,201300.55,663.3599777554301
2023-04-26,610.0,616.0,603.0,605.2999877929688,60535,0.0,0.0,-0.009653181112934894,0.7155643952115973,-0.03039487115416186,202085.6,662.7822664125201
2023-04-27,610.25,610.25,592.0,595.9000244140625,49318,0.0,0.0,-0.015529429321781696,0.7193006422084998,-0.03039487115416186,203622.7,662.116771467262
2023-04-28,600.0,608.7000122070312,590.1500244140625,594.3499755859375,56743,0.0,0.0,-0.002601189401945647,0.7158818024772552,-0.03039487115416186,205102.95,661.4424749908309
2023-05-02,597.5999755859375,605.8499755859375,595.4500122070312,601.0999755859375,44717,0.0,0.0,0.011356945027793719,0.7061857575811956,-0.03039487115416186,204109.65,660.8420521111802
2023-05-03,605.0,605.0,593.0,596.0,36826,0.0,0.0,-0.008484404912787014,0.6905480877936939,-0.03039487115416186,201637.05,660.1968575628102
2023-05-04,601.0,604.0,594.2000122070312,597.0499877929688,24047,0.0,0.0,0.001761724484846905,0.6846349712852111,-0.03039487115416186,169184.25,659.5685305004238
2023-05-05,598.0,649.2000122070312,597.2999877929688,623.8499755859375,733968,0.0,0.0,0.04488734333960287,0.6502469064189914,-0.03039487115416186,201399.95,659.213121993812
2023-05-08,629.4000244140625,636.7000122070312,620.0,621.1500244140625,68480,0.0,0.0,-0.0043278853531076855,0.6520903293191777,-0.03039487115416186,202269.15,658.8343847044613
2023-05-09,624.9500122070312,631.5499877929688,613.0,622.9000244140625,70548,0.0,0.0,0.0028173547954872813,0.6525461903473355,-0.03039487115416186,203905.4,658.4768288806762
2023-05-10,627.7999877929688,640.0,617.2999877929688,622.0,86553,0.0,0.0,-0.0014448938493928365,0.6536577988513629,-0.03039487115416186,206557.3,658.1138753594754
2023-05-11,627.0,631.0,620.8499755859375,625.0499877929688,53883,0.0,0.0,0.004903517352039755,0.6519532320361425,-0.03039487115416186,207078.45,657.7848814533411
2023-05-12,627.5,627.6500244140625,617.0,619.0999755859375,22960,0.0,0.0,-0.009519258176518886,0.6544687825223514,-0.03039487115416186,206065.55,657.3999570168496
2023-05-15,620.5,624.8499755859375,609.0999755859375,614.4000244140625,27778,0.0,0.0,-0.00759158675047078,0.6561904183139705,-0.03039487115416186,206292.2,656.9720969909513
2023-05-16,615.4000244140625,644.5,615.4000244140625,623.2000122070312,178058,0.0,0.0,0.014322896229310933,0.6560169885154257,-0.025517297175412762,147783.45,656.6360563463352
2023-05-17,622.0499877929688,628.1500244140625,618.0499877929688,624.2999877929688,72122,0.0,0.0,0.0017650442304100178,0.36496645001891964,-0.025517297175412762,137953.25,656.314304420431
2023-05-18,630.2999877929688,633.2999877929688,615.6500244140625,619.3499755859375,27844,0.0,0.0,-0.007928900054172017,0.3534925808279677,-0.025517297175412762,134409.45,655.9465001534211
2023-05-19,619.3499755859375,628.0,611.3499755859375,618.4500122070312,20244,0.0,0.0,-0.0014530772816367943,0.3535145012034339,-0.025517297175412762,133158.6,655.57340077087
2023-05-22,618.4500122070312,621.0,603.0,604.8499755859375,36022,0.0,0.0,-0.02199051880128511,0.3582927011481793,-0.025517297175412762,131718.2,655.0686900725125
2023-05-23,608.0,613.0499877929688,598.75,600.3499755859375,45201,0.0,0.0,-0.007439861422893657,0.33744967666517106,-0.025517297175412762,94257.2,654.5242252517506
2023-05-24,600.4500122070312,609.9500122070312,595.75,601.6500244140625,51085,0.0,0.0,0.002165484935443107,0.2145461153353592,-0.025517297175412762,88346.6,653.9981138006294
2023-05-25,603.25,609.75,598.75,600.5,34245,0.0,0.0,-0.001911450789323088,0.21207742931631365,-0.025517297175412762,87032.1,653.4657942603246
2023-05-26,600.5,616.1500244140625,600.5,606.6500244140625,61331,0.0,0.0,0.01024150610168606,0.21275881455061518,-0.025517297175412762,87632.75,652.9999657046404
2023-05-29,610.0,621.6500244140625,595.0,596.9500122070312,64875,0.0,0.0,-0.015989469738174167,0.2131926209262702,-0.025517297175412762,88039.35,652.4422547245647
2023-05-30,602.9500122070312,630.0,602.9000244140625,615.9000244140625,296295,0.0,0.0,0.03174472203622147,0.2391851714437146,-0.025517297175412762,100618.25,652.0786504428683
2023-05-31,618.9000244140625,621.8499755859375,613.0499877929688,617.75,44434,0.0,0.0,0.00300369461374439,0.2367191731000193,-0.025517297175412762,100998.65,651.7370718314965
2023-06-01,619.0,623.7000122070312,614.75,616.3499755859375,40754,0.0,0.0,-0.002266328472784296,0.23441440607866632,-0.025517297175412762,101834.0,651.384961421093
2023-06-02,619.3499755859375,644.0,618.0,638.0,258734,0.0,0.0,0.03512618686076974,0.2614541160374729,-0.025517297175412762,78072.3,651.2517777253606
2023-06-05,647.0,672.0,645.0,665.4500122070312,503545,0.0,0.0,0.04302509750318384,0.2577747470563987,-0.025517297175412762,99825.55,651.3930536903524
2023-06-06,670.9000244140625,685.9000244140625,670.0,678.7000122070312,204689,0.0,0.0,0.01991133782694665,0.26248529989442587,-0.025517297175412762,106532.6,651.6647647203691
2023-06-07,684.0,686.6500244140625,665.5499877929688,677.6500244140625,127160,0.0,0.0,-0.0015470572772708913,0.26324212435642885,-0.025517297175412762,108562.95,651.9233245183163
2023-06-08,677.6500244140625,678.0,662.0,664.9500122070312,93261,0.0,0.0,-0.018741255440833826,0.2744531778866272,-0.025517297175412762,110531.85,652.0529433012886
2023-06-09,667.9000244140625,679.0999755859375,654.5,675.4500122070312,127984,0.0,0.0,0.015790660662069245,0.27781271834688154,-0.025517297175412762,115783.05,652.2857499570671
2023-06-12,680.0,698.4000244140625,675.4500122070312,680.5999755859375,113732,0.0,0.0,0.007624492243443415,0.27374020977052843,-0.025517297175412762,120080.75,652.5674835454141
2023-06-13,685.0,686.0,675.0,678.1500244140625,49483,0.0,0.0,-0.0035996932996740227,0.2718316760968579,-0.025517297175412762,113652.0,652.8220361908734
2023-06-14,681.2999877929688,687.0,670.0,672.0499877929688,41872,0.0,0.0,-0.008995113767583107,0.27358894057348293,-0.025517297175412762,112139.5,653.0133590923868
2023-06-15,674.9000244140625,674.9000244140625,661.3499755859375,664.1500244140625,43643,0.0,0.0,-0.011755023469087411,0.2787780853539897,-0.02353417851200002,112929.45,653.1241716826523
2023-06-16,668.7000122070312,676.75,665.0499877929688,667.5999755859375,38401,0.0,0.0,0.005194535940759248,0.2759309216121711,-0.02353417851200002,113837.3,653.2682095324363
2023-06-19,670.5499877929688,676.5999755859375,655.2999877929688,659.0,38256,0.0,0.0,-0.01288192914984676,0.28141684199495615,-0.02353417851200002,113949.0,653.3252422734071
2023-06-20,659.0,664.0,653.2000122070312,657.5499877929688,44839,0.0,0.0,-0.002200322013704459,0.26710308812050865,-0.02353417851200002,113930.9,653.3672795422585
2023-06-21,657.5499877929688,675.0,652.6500244140625,657.7000122070312,55733,0.0,0.0,0.00022815666770226173,0.26422729771341985,-0.02353417851200002,114163.3,653.4103913100672
2023-06-22,658.4500122070312,673.75,658.4500122070312,671.9000244140625,56081,0.0,0.0,0.021590408915123094,0.2705715550492472,-0.02353417851200002,115255.1,653.5943677588632
2023-06-23,673.5,698.0,650.0499877929688,661.7999877929688,223837,0.0,0.0,-0.015032052766929982,0.2787386983591657,-0.02353417851200002,123380.4,653.6760157194016
2023-06-26,657.9500122070312,663.5499877929688,651.75,654.25,29100,0.0,0.0,-0.011408262212495912,0.2834476309552855,-0.02215435134920338,121591.65,653.6817270057758
2023-06-27,657.25,669.25,639.9500122070312,645.0499877929688,62693,0.0,0.0,-0.014061921600353466,0.28182999703650374,-0.01890371860885639,109911.55,653.5958390534096
2023-06-28,648.25,657.5499877929688,633.9500122070312,635.9000244140625,67619,0.0,0.0,-0.014184890399289385,0.2691670904808532,-0.01890371860885639,111070.8,653.4197612958042
2023-06-30,638.0,650.0,637.9500122070312,648.5999755859375,42654,0.0,0.0,0.019971616109901946,0.27655234449895116,-0.01890371860885639,111165.8,653.3718032290393
2023-07-03,656.0,694.9500122070312,655.9000244140625,676.4000244140625,565381,0.0,0.0,0.04286162484513012,0.3090917706050956,-0.01890371860885639,126498.15,653.6009397582435
2023-07-04,680.0,685.0,665.7000122070312,673.9500122070312,88197,0.0,0.0,-0.003622135006801086,0.2894168318560829,-0.01890371860885639,105730.75,653.8034180910673
2023-07-05,673.9500122070312,684.0,669.5499877929688,680.2000122070312,53089,0.0,0.0,0.009273684823497108,0.2513832402405119,-0.01890371860885639,98150.75,654.0660707688381
2023-07-06,689.0,689.0,672.0,674.1500244140625,43991,0.0,0.0,-0.008894424705078285,0.24401038611840503,-0.01890371860885639,93992.3,654.2659111036165
2023-07-07,677.0,683.0,673.5,677.0499877929688,54385,0.0,0.0,0.004301658790900165,0.24444701774213537,-0.01890371860885639,92048.5,654.4926183343564
2023-07-10,682.75,682.75,664.0499877929688,670.5,33591,0.0,0.0,-0.009674304572872439,0.2375770193159455,-0.01890371860885639,87328.85,654.6518957638652
2023-07-11,673.6500244140625,675.7999877929688,664.0,666.9500122070312,38971,0.0,0.0,-0.005294538095404588,0.2316331103786611,-0.01890371860885639,83590.8,654.7742650817078
2023-07-12,669.9500122070312,672.0,652.0499877929688,654.8499755859375,69713,0.0,0.0,-0.01814234410320048,0.23736853054368914,-0.01890371860885639,84602.3,654.7750184200582
2023-07-13,660.0,663.0499877929688,644.0,647.1500244140625,49475,0.0,0.0,-0.011758343832853235,0.23984793879270053,-0.018172289670082147,84982.45,654.6991478329339
2023-07-14,647.1500244140625,655.9500122070312,647.1500244140625,653.4000244140625,24953,0.0,0.0,0.009657729682786886,0.24180510822083576,-0.018172289670082147,84047.95,654.6862212317512
2023-07-17,663.0,685.0,657.0499877929688,666.25,153643,0.0,0.0,0.019666322475975884,0.24896477771445244,-0.018172289670082147,89810.05,654.8012837070572
2023-07-18,673.25,674.8499755859375,645.25,651.2999877929688,73624,0.0,0.0,-0.022439042712242063,0.26022089155920325,-0.018172289670082147,91578.45,654.7664449417429
2023-07-19,655.0,662.0,647.2999877929688,657.9000244140625,49865,0.0,0.0,0.010133635413473563,0.25924678438155463,-0.018172289670082147,91829.75,654.7976248369898
2023-07-20,663.9000244140625,665.7999877929688,652.5,656.0,25443,0.0,0.0,-0.002888013898091457,0.2593328051116045,-0.018172289670082147,90315.25,654.8095887689601
2023-07-21,656.0,659.5499877929688,647.0499877929688,649.2000122070312,37149,0.0,0.0,-0.010365835050257233,0.2618071860534271,-0.018172289670082147,89368.65,654.753772086752
2023-07-24,655.6500244140625,664.6500244140625,651.5,657.7999877929688,45478,0.0,0.0,0.013247035465542956,0.25443207004115154,-0.018172289670082147,80450.7,654.784082690794
2023-07-25,660.7999877929688,666.7999877929688,650.0,652.4500122070312,25297,0.0,0.0,-0.008133134212859439,0.25069478755201313,-0.018172289670082147,80260.55,654.760858108866
2023-07-26,652.6500244140625,658.4500122070312,645.25,647.2999877929688,48013,0.0,0.0,-0.007893362430390072,0.24906869529666031,-0.018172289670082147,79526.55,654.686620593285
2023-07-27,650.2999877929688,658.5499877929688,645.25,647.6500244140625,32694,0.0,0.0,0.00054076413980364,0.24405703384079322,-0.018172289670082147,77780.3,654.6166047109048
2023-07-28,650.0999755859375,650.0999755859375,635.0999755859375,640.7999877929688,37988,0.0,0.0,-0.010576756524159903,0.2416665993314074,-0.018172289670082147,77547.0,654.4791259356019
2023-07-31,640.7999877929688,644.9500122070312,635.0,639.5,46033,0.0,0.0,-0.0020286950963375183,0.2310881848214191,-0.018172289670082147,51579.6,654.330079906392
2023-08-01,642.5,652.9500122070312,636.4000244140625,641.1500244140625,52370,0.0,0.0,0.002580178911747444,0.1696553781712304,-0.018172289670082147,49788.25,654.1989350756227
2023-08-02,645.7999877929688,645.7999877929688,625.0,632.7000122070312,61546,0.0,0.0,-0.013179461725441821,0.1736418654777151,-0.018172289670082147,50211.1,653.9850154450894
2023-08-03,633.0,635.9500122070312,622.9500122070312,634.5,38571,0.0,0.0,0.002844930864928985,0.16931564961682158,-0.018172289670082147,49940.1,653.791134694392
2023-08-04,637.1500244140625,643.4000244140625,634.5999755859375,639.4000244140625,50133,0.0,0.0,0.007722654710894394,0.17210063719143764,-0.018172289670082147,49727.5,653.6479395672245
2023-08-07,642.4000244140625,646.1500244140625,635.4000244140625,640.7999877929688,37431,0.0,0.0,0.0021894953479071333,0.1712081090865616,-0.018172289670082147,49919.5,653.5200992510628
2023-08-08,620.0,620.0,597.0,599.1500244140625,323054,0.0,0.0,-0.0649968229905189,0.2756000233716441,-0.01890371860885639,64123.65,652.9791034815404
2023-08-09,588.0,599.2999877929688,586.9500122070312,589.7000122070312,89954,0.0,0.0,-0.015772363885444007,0.27802668780165074,-0.01890371860885639,65135.7,652.3494607822915
2023-08-10,592.0499877929688,605.0,589.0999755859375,593.9000244140625,102942,0.0,0.0,0.007122286111733489,0.27754912214059674,-0.01890371860885639,67809.05,651.7678743507669
2023-08-11,599.7000122070312,601.5499877929688,587.0,588.7000122070312,60039,0.0,0.0,-0.008755702968966106,0.27675235775037543,-0.01890371860885639,69563.35,651.1403334339137
2023-08-14,589.0,589.0,576.5,582.0999755859375,47614,0.0,0.0,-0.011211205171119731,0.27285900889234743,-0.01890371860885639,64261.9,650.4533646991081
2023-08-16,581.8499755859375,584.7000122070312,577.0,579.2000122070312,34469,0.0,0.0,-0.004981899159138714,0.25731027877706864,-0.018172289670082147,62304.15,649.7443761170974
2023-08-17,583.3499755859375,585.0,574.0499877929688,578.1500244140625,42664,0.0,0.0,-0.001812824189985407,0.2510727213506973,-0.018172289670082147,61944.1,649.031994508112
2023-08-18,579.0,580.3499755859375,569.0,570.4000244140625,40088,0.0,0.0,-0.01340482517120778,0.24574912225662923,-0.018172289670082147,62676.35,648.2495868454846
2023-08-21,571.2000122070312,575.7000122070312,569.0,569.5999755859375,33713,0.0,0.0,-0.00140261008745024,0.24608964240347167,-0.018172289670082147,62504.55,647.4670036488723
2023-08-22,569.7999877929688,579.9500122070312,568.0,569.2999877929688,42450,0.0,0.0,-0.0005266639849487165,0.24654447368921298,-0.018172289670082147,62353.15,646.6892223965748
2023-08-23,569.2999877929688,577.2999877929688,569.2999877929688,573.9000244140625,56338,0.0,0.0,0.008080162866201501,0.24204010450147617,-0.018172289670082147,63905.2,645.9649517698832
2023-08-24,579.4000244140625,579.4000244140625,572.0499877929688,574.7000122070312,29915,0.0,0.0,0.0013939497454900085,0.243407698148077,-0.018172289670082147,63000.3,645.255847893636
2023-08-25,574.7000122070312,582.5,568.0499877929688,569.9500122070312,36429,0.0,0.0,-0.008265181658442144,0.24344931444898418,-0.018172289670082147,63187.05,644.5065360957593
2023-08-28,571.7000122070312,576.4000244140625,567.0,569.2999877929688,38178,0.0,0.0,-0.0011404937277663674,0.24295579277921028,-0.018172289670082147,63196.55,643.75821223205
2023-08-29,570.5499877929688,575.9000244140625,570.5499877929688,574.5999755859375,57997,0.0,0.0,0.009309657310051067,0.2479565960695621,-0.018172289670082147,63794.75,643.0700705738798
2023-08-30,580.2999877929688,593.0,577.0,584.1500244140625,117434,0.0,0.0,0.01662034325425532,0.25899795862250735,-0.018172289670082147,67047.95,642.4838014578617
2023-08-31,592.4000244140625,605.0,581.0,583.0499877929688,92966,0.0,0.0,-0.001883140589092891,0.25799162513029406,-0.018172289670082147,68618.95,641.8924202273653
2023-09-01,583.5,588.2999877929688,579.9500122070312,583.8499755859375,45701,0.0,0.0,0.001372074109798005,0.2566614718480322,-0.018172289670082147,68975.45,641.3148834647641
2023-09-04,587.2999877929688,591.0,581.5499877929688,584.9500122070312,55405,0.0,0.0,0.0018841083618952315,0.2563746308855588,-0.01589086289633183,69239.05,640.7540389746374
2023-09-05,587.2999877929688,588.5,572.0,578.2999877929688,84338,0.0,0.0,-0.011368534533355734,0.25414332406285756,-0.01589086289633183,71584.4,640.1326056295462
2023-09-06,578.0,588.0,577.5,584.8499755859375,60251,0.0,0.0,0.0113262803583416,0.2591607186549675,-0.01589086289633183,58444.25,639.5825297087143
2023-09-07,587.3499755859375,604.0,582.0499877929688,594.8499755859375,139016,0.0,0.0,0.017098402013236758,0.14927948923228085,-0.01589086289633183,60897.35,639.1374296676918
2023-09-08,602.9500122070312,602.9500122070312,587.4000244140625,589.7000122070312,63536,0.0,0.0,-0.008657583576150318,0.14183752703164706,-0.01589086289633183,58927.05,638.6455150660931
2023-09-11,589.0,605.8499755859375,589.0,597.25,85660,0.0,0.0,0.012803099265187301,0.14669463120447815,-0.01589086289633183,60208.1,638.2336193937938
2023-09-12,600.0,605.5499877929688,580.6500244140625,590.25,66124,0.0,0.0,-0.01172038509836748,0.14933843961561363,-0.01589086289633183,61133.6,637.7561704446018
2023-09-13,590.25,598.6500244140625,581.0,593.5,36844,0.0,0.0,0.005506141465480674,0.14443722877330456,-0.01589086289633183,61252.35,637.3158105396805
2023-09-14,599.7999877929688,602.0999755859375,588.0,593.4000244140625,43538,0.0,0.0,-0.00016845086088879135,0.14289504498373598,-0.01589086289633183,61296.05,636.8788375434057
2023-09-15,594.2999877929688,597.8499755859375,583.9500122070312,588.3499755859375,48608,0.0,0.0,-0.008510361679057166,0.14650774266942526,-0.01589086289633183,61722.05,636.3959632950726
2023-09-18,593.0,595.0,586.7000122070312,587.75,35195,0.0,0.0,-0.0010197596852791202,0.13729108655781375,-0.01589086289633183,61796.15,635.9119238593007
2023-09-20,588.0,590.3499755859375,578.0,579.5999755859375,36710,0.0,0.0,-0.013866481351020865,0.14701427869495787,-0.01589086289633183,61509.15,635.3516059660334
2023-09-21,579.9500122070312,589.9000244140625,572.0,579.5,67834,0.0,1.1,-0.00017249066623303833,0.14697700208724634,-0.01589086289633183,62083.95,634.7958685932371
2023-09-22,579.5,582.0,573.25,579.0,21971,0.0,0.0,-0.0008628127696289623,0.14470945947835548,-0.01589086289633183,61686.75,634.2406858211651
2023-09-25,590.0,590.0,575.1500244140625,582.4500122070312,30587,0.0,0.0,0.005958570305753419,0.14593898347517845,-0.01589086289633183,61394.65,633.7253557354524
2023-09-26,584.8499755859375,587.5,501.0,507.8999938964844,2634956,0.0,0.0,-0.12799384796655844,0.4693627372213937,-0.01835717903365256,191233.55,632.4733620853134
2023-09-27,553.0,587.5499877929688,542.5999755859375,557.7999877929688,3720719,0.0,0.0,0.09824767571596893,0.5903912690629182,-0.01835717903365256,374369.65,631.7303434356384
2023-09-28,561.0,561.0,546.8499755859375,548.4000244140625,210039,0.0,0.0,-0.016851852966327296,0.5919847498346826,-0.01835717903365256,378999.9,630.9011860324387
2023-09-29,557.75,566.9500122070312,551.4500122070312,560.9500122070312,141198,0.0,0.0,0.022884732374652605,0.5947966754712037,-0.01835717903365256,381411.5,630.2051544520864
2023-10-03,560.9500122070312,567.9500122070312,557.2000122070312,558.6500244140625,71602,0.0,0.0,-0.004100165331879624,0.5948765585472698,-0.01835717903365256,382706.55,629.4931631084245
2023-10-04,559.9000244140625,559.9000244140625,545.7999877929688,548.4500122070312,63528,0.0,0.0,-0.018258322314994024,0.5976278413559108,-0.018467358334856424,383112.7,628.6867635969678
2023-10-05,550.2999877929688,556.4500122070312,530.0,538.3499755859375,89272,0.0,0.0,-0.01841560105076845,0.5999789489041406,-0.018616773133842128,383359.4,627.7878900844203
2023-10-06,539.8499755859375,546.4000244140625,537.2999877929688,540.7000122070312,58141,0.0,0.0,0.004365258154857221,0.5997702822879305,-0.018616773133842128,383253.9,626.921344035889
2023-10-09,538.0,538.2999877929688,527.0,529.0999755859375,50490,0.0,0.0,-0.02145373841170206,0.6010000660174776,-0.02150300362672906,378827.6,625.9479970861382
2023-10-10,534.3499755859375,535.7000122070312,522.6500244140625,524.5999755859375,76895,0.0,0.0,-0.008505008897451982,0.5961695908885339,-0.02150300362672906,379495.55,624.9395590612606
2023-10-11,532.5,535.8499755859375,519.5499877929688,523.2000122070312,79545,0.0,0.0,-0.002668630278418571,0.5961025118158052,-0.02150300362672906,379189.8,623.9272252617161
2023-10-12,523.25,530.9500122070312,519.0,520.75,80158,0.0,0.0,-0.0046827449347646155,0.5925931076109339,-0.02150300362672906,379891.5,622.9005862043856
2023-10-13,521.4000244140625,528.4000244140625,519.0,521.0499877929688,50857,0.0,0.0,0.0005760687334974701,0.5925822102379664,-0.01856750791881513,380592.15,621.8871474142222
2023-10-16,522.0,524.4000244140625,516.9000244140625,519.3499755859375,62555,0.0,0.0,-0.0032626662448108634,0.5913562964350036,-0.01856750791881513,381543.0,620.8668770477717
2023-10-17,526.0,527.7000122070312,522.0499877929688,524.75,54329,0.0,0.0,0.010397659897779077,0.5937195756606586,-0.01856750791881513,381829.05,619.9104902114755
2023-10-18,524.75,568.7999877929688,524.75,552.9000244140625,529083,0.0,0.0,0.053644639188303866,0.6273769440332609,-0.01856750791881513,406523.45,619.2437194075212
2023-10-19,552.9000244140625,562.3499755859375,547.0,555.6500244140625,106241,0.0,0.0,0.004973774423168598,0.6278614537641889,-0.01856750791881513,410000.0,618.6109463230092
2023-10-20,555.0,555.0,542.0,546.2999877929688,48117,0.0,0.0,-0.01682720455371789,0.6286553100903493,-0.01856750791881513,409014.15,617.8914342978347
2023-10-23,546.2999877929688,546.2999877929688,508.0,513.9500122070312,141786,0.0,0.0,-0.05921650431776537,0.658977503079607,-0.023341876707005223,415004.9,616.8571912919562
2023-10-25,519.0,527.2999877929688,504.6499938964844,509.7999877929688,73717,0.0,0.0,-0.008074762750254982,0.6588999341134605,-0.023341876707005223,417161.4,615.7919454859962
2023-10-26,514.7999877929688,514.7999877929688,493.1499938964844,498.9500122070313,116771,0.0,0.0,-0.021282808642089868,0.6598424214719288,-0.023341876707005223,291252.15,614.629339184713
2023-10-27,504.0499877929688,522.25,503.0,509.2000122070313,68184,0.0,0.0,0.02054314009265301,0.4953625569107642,-0.023341876707005223,108625.4,613.5802911550843
2023-10-30,516.5,539.1500244140625,503.3999938964844,525.8499755859375,48075,0.0,0.0,0.03269827765074096,0.368240862370073,-0.023341876707005223,100527.2,612.7073526917097
2023-10-31,530.0499877929688,541.2000122070312,519.5,524.2999877929688,52788,0.0,0.0,-0.002947585556587029,0.36456758751900287,-0.023341876707005223,96106.7,611.8276774190855
2023-11-01,526.0,531.7000122070312,515.5999755859375,519.4500122070312,28109,0.0,0.0,-0.009250382793929424,0.353895202110022,-0.023341876707005223,93932.05,610.9084966707069
2023-11-02,524.0,525.0,508.6499938964844,510.4500122070313,50428,0.0,0.0,-0.017326017496391732,0.35716766240237546,-0.023341876707005223,93277.05,609.9089097606206
2023-11-03,512.0999755859375,523.0,502.0,505.6000061035156,80305,0.0,0.0,-0.009501432045315727,0.35405187050552184,-0.023341876707005223,92828.7,608.8710102217441
2023-11-06,507.0499877929688,527.9500122070312,507.0499877929688,520.9500122070312,63437,0.0,0.0,0.030359980059756708,0.3684114123973176,-0.021291355130570476,93093.5,607.9961744206028
2023-11-07,517.4000244140625,518.0,504.3999938964844,510.2000122070313,70723,0.0,0.0,-0.020635377191867255,0.3737029915400832,-0.021291355130570476,94105.15,607.0230782791742
2023-11-08,515.0,520.25,511.2000122070313,516.2000122070312,39121,0.0,0.0,0.011760093799380922,0.3701694593328599,-0.021291355130570476,92216.45,606.1193661789539
2023-11-09,520.0,520.0,507.2000122070313,510.2999877929688,40331,0.0,0.0,-0.011429725444671468,0.37106257925518316,-0.021291355130570476,90255.75,605.1659395283472
2023-11-10,510.3500061035156,514.7000122070312,509.0,513.25,34655,0.0,0.0,0.005780937247892082,0.3717533629560974,-0.021291355130570476,87980.6,604.2513530653786
2023-11-13,521.4000244140625,525.9500122070312,510.9500122070313,523.5499877929688,40784,0.0,0.0,0.020068169104663802,0.3782037855511655,-0.021291355130570476,87476.95,603.4483544059516
2023-11-15,527.9500122070312,529.5,521.0,523.2000122070312,31253,0.0,0.0,-0.0006684664198214341,0.37822628536777697,-0.021291355130570476,85911.85,602.6498634387982
2023-11-16,527.0,527.0,520.4000244140625,524.25,37160,0.0,0.0,0.0020068573556402125,0.37801202136633577,-0.021291355130570476,85053.4,601.8697652951286
2023-11-17,524.0,527.9500122070312,521.2999877929688,522.5999755859375,31148,0.0,0.0,-0.003147399931449635,0.37655095724627025,-0.021291355130570476,60156.65,601.081011168669
2023-11-20,525.9500122070312,531.7000122070312,519.9000244140625,522.8499755859375,31021,0.0,0.0,0.00047837736639722017,0.322390133829097,-0.021291355130570476,56395.65,600.3025929041642
2023-11-21,525.0,525.2000122070312,516.0499877929688,519.1500244140625,27571,0.0,0.0,-0.007076506349127376,0.32159109799724317,-0.021291355130570476,55368.35,599.4951046604816
2023-11-22,523.9500122070312,526.0,515.7999877929688,523.5999755859375,27459,0.0,0.0,0.008571609289429238,0.3198951501904472,-0.021291355130570476,49652.0,598.7399292468046
2023-11-23,525.0,525.9000244140625,512.8499755859375,518.0,30446,0.0,0.0,-0.010695141037145417,0.24578022794659773,-0.021291355130570476,47488.45,597.9365468662395
2023-11-24,519.0499877929688,521.7999877929688,512.4500122070312,516.4000244140625,29844,0.0,0.0,-0.003088755957408318,0.2441934718526896,-0.021291355130570476,43142.1,597.1252381851234
2023-11-28,519.0,550.0,515.25,545.75,354163,0.0,0.0,0.05683573624776583,0.29922719459803343,-0.021291355130570476,57441.05,596.6140417852714
2023-11-29,550.0,556.0,537.9000244140625,542.0999755859375,82511,0.0,0.0,-0.006688088711062745,0.29561483826517765,-0.021291355130570476,59162.85,596.071613265875
2023-11-30,538.0,543.25,530.0,535.6500244140625,46925,0.0,0.0,-0.011898084232347506,0.27936457832283274,-0.021291355130570476,58869.7,595.4704034265535
2023-12-01,540.0,547.5,534.0,541.3499755859375,58554,0.0,0.0,0.010641185311454082,0.2808920215538076,-0.021291355130570476,60391.95,594.9318917067465
2023-12-04,550.9000244140625,550.9000244140625,537.9000244140625,540.4000244140625,45150,0.0,0.0,-0.0017547819612383497,0.2784089554262349,-0.021291355130570476,60128.05,594.3892860620432
2023-12-05,540.4000244140625,542.7000122070312,521.0,536.2999877929688,69122,0.0,0.0,-0.007587040036756587,0.27184508835779525,-0.021291355130570476,59568.9,593.8112830941917
2023-12-06,540.0,548.2000122070312,530.5499877929688,542.4000244140625,70277,0.0,0.0,0.011374299384561137,0.26985169326357283,-0.021291355130570476,59910.9,593.2997282814541
2023-12-07,541.0,545.0,533.7999877929688,537.7999877929688,43944,0.0,0.0,-0.0084808930937329,0.25420346570432467,-0.021291355130570476,58571.95,592.7474920576882
2023-12-08,540.0,544.7000122070312,530.0,532.8499755859375,48910,0.0,0.0,-0.009204188024148463,0.2444824947537862,-0.021291355130570476,59061.4,592.1514968689146
2023-12-11,535.0,539.7999877929688,529.0499877929688,531.4000244140625,55380,0.0,0.0,-0.0027211245909893877,0.24247152944004105,-0.021291355130570476,59813.85,591.5470046056823
2023-12-12,535.0,544.8499755859375,528.2000122070312,531.5499877929688,82766,0.0,0.0,0.00028220431316605676,0.23795999484059235,-0.021291355130570476,62219.4,590.9500193637648
2023-12-13,536.7999877929688,539.9500122070312,529.2999877929688,533.7999877929688,37078,0.0,0.0,0.0042329038691961696,0.23771439026342314,-0.021291355130570476,62034.1,590.3813623332096
2023-12-14,539.0499877929688,542.0,533.0,538.7000122070312,68312,0.0,0.0,0.009179513911796722,0.23014409129190608,-0.021291355130570476,63887.05,589.867120043397
2023-12-15,540.0,545.0,532.7000122070312,536.7000122070312,55608,0.0,0.0,-0.003712641460329791,0.23073911817734322,-0.021291355130570476,64809.45,589.3380940947765
2023-12-18,540.9000244140625,542.9500122070312,535.3499755859375,537.75,53355,0.0,0.0,0.001956377434483292,0.23073726849441842,-0.021291355130570476,65919.8,588.8247797256743
2023-12-19,540.5,547.9500122070312,537.0,538.7000122070312,52346,0.0,0.0,0.001766642876859681,0.23016854063217662,-0.021291355130570476,66986.05,588.3260258200162
2023-12-20,539.0,553.2000122070312,519.9500122070312,525.0499877929688,153206,0.0,0.0,-0.025338823287081258,0.24833202448588274,-0.02164799265547102,73267.8,587.6964135013392
2023-12-21,525.0499877929688,532.0499877929688,516.2999877929688,526.7999877929688,71865,0.0,0.0,0.0033330159807374304,0.2470433359791438,-0.02164799265547102,75488.1,587.0904789171764
2023-12-22,533.9500122070312,538.9500122070312,527.4000244140625,532.0,41686,0.0,0.0,0.009870942155516538,0.24759809843087602,-0.02164799265547102,76050.1,586.5423149478512
2023-12-26,539.0,545.0,537.3499755859375,540.75,78720,0.0,0.0,0.016447368421052655,0.24946717170980814,-0.021291355130570476,78493.9,586.0866700229969
2023-12-27,546.1500244140625,546.5999755859375,537.0,539.7999877929688,46301,0.0,0.0,-0.0017568418068076852,0.24915627652969993,-0.021291355130570476,63100.8,585.6261060207081
2023-12-28,540.0499877929688,544.5,539.5999755859375,542.0999755859375,46686,0.0,0.0,0.004260814829530668,0.15132260909274195,-0.021291355130570476,61309.55,585.1930101954865
2023-12-29,544.0,544.0,538.0,539.9000244140625,46646,0.0,0.0,-0.00405820193866846,0.15018848920442934,-0.021291355130570476,61295.6,584.7423337200495
2024-01-01,543.5,543.5,534.0,537.0999755859375,58938,0.0,0.0,-0.005186235787197457,0.1452936841919494,-0.021291355130570476,61314.8,584.2682804052822
2024-01-02,543.0,543.0,532.2999877929688,534.4000244140625,58625,0.0,0.0,-0.00502690615267587,0.1411426381730524,-0.021291355130570476,61988.55,583.7720788531308
2024-01-03,536.0,565.2999877929688,534.4500122070312,557.7000122070312,454073,0.0,0.0,0.043600274566820696,0.20799142823941266,-0.021291355130570476,81236.1,583.5126553044133
2024-01-04,565.0,571.9500122070312,559.5999755859375,564.6500244140625,255286,0.0,0.0,0.012461918692681095,0.20844957895868527,-0.021291355130570476,90486.55,583.3249674348576
2024-01-05,568.6500244140625,572.7999877929688,560.0,566.25,120112,0.0,0.0,0.002833570382995809,0.20597225728287644,-0.020667748764378387,94294.95,583.1550672613764
2024-01-08,566.25,569.9000244140625,552.8499755859375,557.9000244140625,90326,0.0,0.0,-0.014746093750000022,0.21111834770354415,-0.020667748764378387,96365.75,582.9037733026968
2024-01-09,562.0,565.25,550.9500122070312,555.9000244140625,65446,0.0,0.0,-0.003584871683955382,0.20829561103647445,-0.020667748764378387,96869.05,582.6350792839044
2024-01-10,555.9000244140625,558.7000122070312,546.5,548.1500244140625,45874,0.0,0.0,-0.013941355746779793,0.215083410270912,-0.020667748764378387,95024.45,582.2919444095776
2024-01-11,560.0,568.5,554.0,561.5,123261,0.0,0.0,0.02435460182676774,0.22898955068650598,-0.020667748764378387,99333.6,582.0850593905768
2024-01-12,567.0,567.0,554.5499877929688,558.0,39748,0.0,0.0,-0.006233303650934996,0.23097510823319606,-0.020667748764378387,97905.4,581.8454070583324
2024-01-15,558.0,558.0,558.0,558.0,0,0.0,0.0,0.0,0.2296719763770994,-0.020667748764378387,95125.0,581.6081393264088
2024-01-16,573.0,574.0999755859375,557.7000122070312,559.75,80428,0.0,0.0,0.0031362007168458383,0.22883350347401854,-0.020667748764378387,96478.65,581.3906454027631
2024-01-17,559.75,575.0,550.0,551.2999877929688,83718,0.0,0.0,-0.015096046819171538,0.2364675805276221,-0.020667748764378387,98047.25,581.0912358743075
2024-01-18,551.25,559.5999755859375,534.0,545.8499755859375,61327,0.0,0.0,-0.009885747011984192,0.23959629935299426,-0.020667748764378387,93453.3,580.7405765679556
2024-01-19,551.2000122070312,559.25,545.0499877929688,555.4000244140625,47135,0.0,0.0,0.017495739223719164,0.22644781762520017,-0.017491485481165508,92216.8,580.4884317704044
2024-01-23,561.9000244140625,561.9000244140625,536.2999877929688,541.9500122070312,83428,0.0,0.0,-0.02421680161289297,0.24494743297540758,-0.020667748764378387,94303.9,580.1049649090774
2024-01-24,541.9500122070312,552.3499755859375,529.3499755859375,545.25,53922,0.0,0.0,0.006089099951358756,0.2436587838850531,-0.017491485481165508,93064.0,579.7581493378427
2024-01-25,552.0,553.0,540.0,541.3499755859375,36195,0.0,0.0,-0.007152727031751516,0.2388194000037805,-0.017491485481165508,92558.7,579.3759784547392
2024-01-29,547.0,557.4000244140625,540.0,542.5499877929688,48913,0.0,0.0,0.0022167031701301187,0.2388143554021373,-0.017491485481165508,92670.05,579.0095506869603
2024-01-30,550.0999755859375,550.0999755859375,537.2999877929688,539.0,37776,0.0,0.0,-0.006543153392021384,0.23951589907347065,-0.017491485481165508,92226.55,578.6114457050005
2024-01-31,539.0,542.4500122070312,530.0,539.2999877929688,55215,0.0,0.0,0.0005565636233186844,0.2391041019817295,-0.017491485481165508,92040.4,578.2202869198061
2024-02-01,545.0,545.0,534.0,535.5,38981,0.0,0.0,-0.007046148486892778,0.23970374622418963,-0.015373013337806322,91058.2,577.795209438017
2024-02-02,537.9000244140625,541.9000244140625,530.0,533.7999877929688,45836,0.0,0.0,-0.003174625970179701,0.23930322452588754,-0.015373013337806322,70646.35,577.3574460385637
2024-02-05,530.0,536.3499755859375,520.0,523.75,70582,0.0,0.0,-0.01882725369575422,0.1884828107198424,-0.01891765987055987,61411.15,576.8240386152944
2024-02-06,518.2999877929688,534.0,514.0499877929688,529.7999877929688,69718,0.0,0.0,0.011551289342183857,0.18757067082389714,-0.015282607163000672,58891.45,576.3561376120872
2024-02-07,531.0,534.9500122070312,518.7000122070312,523.9000244140625,40809,0.0,0.0,-0.011136208974794837,0.18837235097391122,-0.015282607163000672,56415.6,575.8341862369824
2024-02-08,516.0499877929688,526.4500122070312,516.0499877929688,520.0999755859375,35275,0.0,0.0,-0.007253385476313046,0.18454950360256178,-0.015282607163000672,54907.05,575.279616976773
2024-02-09,525.25,525.25,514.0,518.25,35683,0.0,0.0,-0.003556961493515476,0.18454893086834662,-0.015282607163000672,54397.5,574.7121581013823
2024-02-12,526.8499755859375,526.8499755859375,510.0,510.7999877929688,40950,0.0,0.0,-0.01437532504974659,0.18487096429461813,-0.015282607163000672,50281.95,574.0762161082638
2024-02-13,506.1499938964844,522.2000122070312,505.0,513.0,38031,0.0,0.0,0.00430699346046759,0.1582211333687393,-0.015282607163000672,50196.1,573.468492564898
2024-02-14,505.1000061035156,510.6000061035156,498.0,501.2000122070313,84197,0.0,0.0,-0.023001925522356137,0.171021522701139,-0.019035987287084315,54405.95,572.7494032081034
2024-02-15,505.1000061035156,507.3999938964844,500.0,502.9500122070313,55533,0.0,0.0,0.0034916200266912334,0.17273804073036853,-0.019035987287084315,53161.2,572.0548819046102
2024-02-16,507.0,529.4000244140625,507.0,512.7000122070312,130483,0.0,0.0,0.019385624343093877,0.19049499915973647,-0.019035987287084315,55499.45,571.4642861862263
2024-02-19,515.0,519.75,512.0999755859375,513.8499755859375,41969,0.0,0.0,0.0022429556300496145,0.1873310032951364,-0.019035987287084315,54531.55,570.8910094638354
2024-02-20,515.0,519.6500244140625,512.2000122070312,515.1500244140625,39004,0.0,0.0,0.0025300163275139287,0.18674913891707653,-0.019035987287084315,54125.0,570.3363727966735
2024-02-21,517.0,517.9500122070312,510.0,511.5,37066,0.0,0.0,-0.007085362013161234,0.1721168316350795,-0.019035987287084315,51806.9,569.7509362514329
2024-02-22,515.0,515.4500122070312,504.0,505.8500061035156,46106,0.0,0.0,-0.011045931371425954,0.15795049391987973,-0.019035987287084315,51416.1,569.1151061007074
2024-02-23,506.0,520.0,505.2999877929688,507.1000061035156,37653,0.0,0.0,0.0024710882374570087,0.1557426982447147,-0.019035987287084315,51489.0,568.4980404290935
2024-02-26,510.0,510.7000122070313,503.0,503.8999938964844,32815,0.0,0.0,-0.0063104164238129146,0.15551428332132752,-0.019035987287084315,50684.1,567.8552737969283
2024-02-27,510.0,510.0,500.5499877929688,503.0499877929688,37666,0.0,0.0,-0.0016868547604907969,0.15433328131504717,-0.019035987287084315,50678.6,567.210445080471
2024-02-28,506.8999938964844,506.8999938964844,500.0,500.7999877929688,34535,0.0,0.0,-0.004472716538313493,0.15399327448198608,-0.019035987287084315,49644.6,566.5496445104461
2024-02-29,505.0,505.75,493.5,495.0499877929688,58971,0.0,0.0,-0.011481629672836724,0.15568459468740378,-0.019035987287084315,50644.1,565.8382051401229
2024-03-01,499.9500122070313,503.4500122070313,492.0,492.8500061035156,65680,0.0,0.0,-0.004443958678316817,0.15530834401728835,-0.019035987287084315,51636.3,565.1119544034403
2024-03-04,500.0,500.0,491.0,492.75,28673,0.0,0.0,-0.00020291387293724927,0.15582323122144187,-0.019035987287084315,49540.85,564.39193495664
2024-03-05,492.7999877929688,503.8500061035156,490.0,498.75,54622,0.0,0.0,0.0121765601217656,0.15505336123478225,-0.019035987287084315,48786.05,563.7387813749818
2024-03-06,502.0,502.0,490.0,492.7999877929688,34455,0.0,0.0,-0.011929849036654061,0.14991032088028275,-0.019035987287084315,48468.35,563.0329227323748
2024-03-07,490.2000122070313,494.0,484.0,487.2999877929688,54094,0.0,0.0,-0.011160714562173712,0.14992628044235387,-0.019035987287084315,49409.3,562.2793611906892
2024-03-11,487.5499877929688,490.0,476.5,478.0,58872,0.0,0.0,-0.019084728146802177,0.1590801685521208,-0.019280588015579875,50568.75,561.4407605818267
2024-03-12,478.0,481.5499877929688,463.0,465.2000122070313,71625,0.0,0.0,-0.026778217140101868,0.1775930693288473,-0.02306266932688298,52102.5,560.4831411950129
2024-03-13,463.1000061035156,481.1499938964844,442.7999877929688,445.3999938964844,131746,0.0,0.0,-0.042562377022757225,0.21836575103781913,-0.024272902696602382,56788.25,559.3380352517439
2024-03-14,445.6499938964844,457.9500122070313,443.0,449.7000122070313,60287,0.0,0.0,0.009654284619380338,0.22242092313501535,-0.024272902696602382,55592.75,558.247109649309
2024-03-15,448.1000061035156,456.2999877929688,436.7999877929688,439.4500122070313,97770,0.0,0.0,-0.02279297247446177,0.22222261737278898,-0.024272902696602382,57704.6,557.0650489782415
2024-03-18,446.0,478.0,436.3999938964844,442.4500122070313,1344644,0.0,0.0,0.006826715022564711,0.22433554315419643,-0.024272902696602382,118412.65,555.9246008511648
2024-03-19,442.5,460.0,438.0,440.4500122070313,285607,0.0,0.0,-0.004520284653228068,0.20469109288750878,-0.02306266932688298,130594.55,554.7755999691336
2024-03-20,442.0,445.2999877929688,430.0,433.0,107428,0.0,0.0,-0.01691454648780777,0.20439975634180027,-0.02306266932688298,134015.75,553.563902457003
2024-03-21,434.5499877929688,444.7999877929688,432.6000061035156,441.8500061035156,83348,0.0,0.0,0.02043881317209162,0.22449428767387367,-0.02306266932688298,136329.85,552.4523213987593
2024-03-22,441.0499877929688,444.8999938964844,436.8999938964844,438.6499938964844,75007,0.0,0.0,-0.007242304317817694,0.2244940594956412,-0.02306266932688298,137774.9,551.319959931075
2024-03-26,432.7999877929688,437.7000122070313,430.0,430.3999938964844,107190,0.0,0.0,-0.018807705721630263,0.22775875931114115,-0.02306266932688298,141251.75,550.1167761894372
2024-03-27,434.25,438.0,411.5,414.3999938964844,332641,0.0,0.0,-0.037174721716766945,0.2463953172977732,-0.024344872389253414,156243.05,548.7663604452288
2024-03-28,419.4500122070313,425.5,404.9500122070313,408.2999877929688,179642,0.0,0.0,-0.014720092165443677,0.2467666191015828,-0.024344872389253414,163341.85,547.368685095455
2024-04-01,415.0,436.7999877929688,413.0,433.7999877929688,111990,0.0,0.0,0.062454079751111724,0.35136777892812643,-0.024344872389253414,167214.6,546.2386483063756
2024-04-02,433.5,446.6499938964844,426.0499877929688,443.8999938964844,105828,0.0,0.0,0.023282633443354905,0.36650974094341854,-0.024344872389253414,169557.45,545.2203532376205
2024-04-03,443.8999938964844,468.0,440.4500122070313,462.5499877929688,172864,0.0,0.0,0.042013953937637405,0.40071663728430196,-0.024344872389253414,174916.65,544.3977625366787
2024-04-04,470.0,470.0,456.0,459.7999877929688,71381,0.0,0.0,-0.005945303367364652,0.4008219377875632,-0.024344872389253414,177052.05,543.5559936337562
2024-04-05,455.2000122070313,470.0,449.0,466.9500122070313,88806,0.0,0.0,0.015550292744422434,0.4058896188088954,-0.024344872389253414,178761.25,542.793745062346
2024-04-08,470.0,474.0,456.3999938964844,458.8500061035156,131509,0.0,0.0,-0.017346623603736844,0.40555289273368195,-0.024344872389253414,183613.95,541.9584839781786
2024-04-09,458.8500061035156,468.3999938964844,448.0,449.3500061035156,126776,0.0,0.0,-0.02070393347201316,0.40893341854027837,-0.024344872389253414,187248.05,541.0370065863909
2024-04-10,455.5,467.7000122070313,448.2999877929688,464.25,212676,0.0,0.0,0.03315899342182704,0.4276464169281774,-0.024344872389253414,194938.25,540.272956769611
2024-04-12,464.2000122070313,479.7999877929688,445.0,449.5499877929688,408900,0.0,0.0,-0.03166400044594764,0.4361284191503445,-0.027022506305394156,211802.0,539.3702406603908
2024-04-15,440.0,447.8999938964844,432.7999877929688,441.8999938964844,65444,0.0,0.0,-0.017017003902149996,0.4305746210218867,-0.027022506305394156,208486.9,538.4003874587598
2024-04-16,444.9500122070313,450.5,432.8999938964844,434.8999938964844,199942,0.0,0.0,-0.015840688157238936,0.40830636795149916,-0.027022506305394156,215469.65,537.3705327964486
2024-04-18,439.9500122070313,446.8999938964844,435.0,436.2999877929688,89445,0.0,0.0,0.0032191168455562025,0.40683135731700854,-0.027022506305394156,215053.4,536.3648557317374
2024-04-19,430.0,439.9500122070313,427.0,436.3500061035156,146955,0.0,0.0,0.00011464201683764053,0.39912887930769064,-0.027022506305394156,155168.95,535.3696830986207
2024-04-22,440.0,453.4500122070313,438.0499877929688,450.25,144071,0.0,0.0,0.03185514770724418,0.4137049927909761,-0.027022506305394156,148092.15,534.5227210777389
2024-04-23,456.0,467.7999877929688,449.9500122070313,452.25,216377,0.0,0.0,0.004441976679622428,0.41332145283282645,-0.027022506305394156,153539.6,533.7040870371644
2024-04-24,454.6000061035156,463.8500061035156,453.0499877929688,457.75,130560,0.0,0.0,0.012161415146489718,0.4091812508805268,-0.027022506305394156,155900.2,532.9483249770932
2024-04-25,456.8999938964844,461.9500122070313,456.0,458.9500122070313,75365,0.0,0.0,0.00262154496347633,0.4042181622976227,-0.027022506305394156,155918.1,532.2120233574906
2024-04-26,456.0,461.7000122070313,450.2000122070313,452.5,46926,0.0,0.0,-0.01405384472268345,0.4068848085167621,-0.027022506305394156,152904.9,531.418868896222
2024-04-29,457.75,459.8999938964844,452.0,455.1499938964844,54398,0.0,0.0,0.005856340102727842,0.40006569883426396,-0.027022506305394156,138992.75,530.6599746176176
2024-04-30,458.0,458.0,450.5499877929688,452.1000061035156,32037,0.0,0.0,-0.006701060823615879,0.37466195861580043,-0.027022506305394156,131612.5,529.8782833886216
2024-05-02,456.6000061035156,458.0,450.0,450.9500122070313,31999,0.0,0.0,-0.0025436714907298708,0.36915973937443874,-0.027022506305394156,127612.95,529.0929274564666
2024-05-03,455.4500122070313,455.4500122070313,445.0,449.6000061035156,32846,0.0,0.0,-0.0029936934626267897,0.3048196251232965,-0.027022506305394156,123963.85,528.3019531146462
2024-05-06,455.0,455.0,444.7999877929688,448.8500061035156,26635,0.0,0.0,-0.0016681494435463184,0.294835507498413,-0.027022506305394156,116652.4,527.5113864777195
2024-05-07,450.8999938964844,451.0499877929688,438.0,442.2000122070313,39883,0.0,0.0,-0.014815626169225604,0.25788498957628336,-0.027022506305394156,115077.5,526.6625170819913
2024-05-08,446.0,446.0,435.0,436.2000122070313,50109,0.0,0.0,-0.013568520656645489,0.26068576551191913,-0.027022506305394156,113142.65,525.7623926553748
2024-05-09,440.5499877929688,440.5499877929688,427.0,429.0499877929688,36171,0.0,0.0,-0.016391619014143766,0.25645543607576793,-0.027022506305394156,108375.75,524.8000801691818
2024-05-10,431.0,434.4500122070313,425.5,428.25,27919,0.0,0.0,-0.0018645561490024942,0.25179190545059627,-0.027022506305394156,103432.9,523.8393828540657
2024-05-13,431.0,437.0,421.1499938964844,433.4500122070313,29877,0.0,0.0,0.012142468667907247,0.24864761168232816,-0.027022506305394156,94292.95,522.9399861312096
2024-05-14,437.75,437.75,431.0,432.3500061035156,23587,0.0,0.0,-0.0025377923002347647,0.21412870795371275,-0.027022506305394156,75027.3,522.0385932951132
2024-05-15,436.6499938964844,436.6499938964844,426.0,428.9500122070313,48316,0.0,0.0,-0.007863984846736116,0.18877312084263007,-0.027022506305394156,74170.9,521.1123387569234
2024-05-16,430.9500122070313,435.4500122070313,428.5499877929688,434.4500122070313,19293,0.0,0.0,0.012822006862061697,0.1874865434597233,-0.027022506305394156,65138.45,520.2500270499593
2024-05-17,434.7999877929688,438.0499877929688,432.0499877929688,435.2000122070313,19797,0.0,0.0,0.00172632058678035,0.17936260410549337,-0.027022506305394156,61656.05,519.403758245552
2024-05-21,439.8500061035156,441.2000122070313,433.0,434.5499877929688,33334,0.0,0.0,-0.0014936222330648175,0.17907046855221284,-0.027022506305394156,55975.0,518.5594421216458
2024-05-22,439.0,439.0,432.7999877929688,435.5,22526,0.0,0.0,0.002186197753349939,0.17924999379667364,-0.027022506305394156,49897.75,517.7329800109827
2024-05-23,438.9500122070313,438.9500122070313,432.75,433.8500061035156,26988,0.0,0.0,-0.0037887345499066916,0.1368724878580316,-0.027022506305394156,40428.3,516.8983235541921
2024-05-24,433.9500122070313,436.7999877929688,428.0499877929688,429.1000061035156,35745,0.0,0.0,-0.010948484345224774,0.1385019820846419,-0.027022506305394156,35687.55,516.0247084551804
2024-05-27,429.25,437.8999938964844,423.0,434.3500061035156,54294,0.0,0.0,0.012234910103295249,0.1385999596655281,-0.027022506305394156,34634.0,515.2120248496913
2024-05-28,430.0,432.0,421.8999938964844,423.3500061035156,72286,0.0,0.0,-0.02532519821670831,0.15812661668084366,-0.027022506305394156,35902.0,514.2979749119183
2024-05-29,427.25,427.25,419.0,420.6000061035156,49388,0.0,0.0,-0.0064958071580317744,0.1540605041268204,-0.027022506305394156,35651.5,513.3656568143223
2024-05-30,420.6000061035156,424.4500122070313,413.0,416.25,36344,0.0,0.0,-0.010342382407015571,0.15196256603299965,-0.027022506305394156,35866.85,512.3993318708962
2024-05-31,420.3500061035156,422.0499877929688,413.9500122070313,414.8999938964844,29117,0.0,0.0,-0.0032432579063438327,0.15171780678107147,-0.027022506305394156,35722.75,511.42918920448415
2024-06-03,429.0,429.0,413.2999877929688,415.2999877929688,60353,0.0,0.0,0.0009640730353546179,0.15263659836157648,-0.027022506305394156,37098.1,510.47267973770295
2024-06-04,416.0,420.0,400.0,409.2000122070313,76104,0.0,0.0,-0.014688118866447941,0.15710144141672797,-0.027022506305394156,39571.55,509.464991503567
2024-06-05,410.0,420.0,401.0,417.25,36534,0.0,0.0,0.019672501350991745,0.1778466412323445,-0.027022506305394156,39404.1,508.5474293990539
2024-06-06,418.9500122070313,425.0,417.25,420.75,186797,0.0,0.0,0.008388256440982733,0.1772608966839012,-0.027022506305394156,46238.5,507.67382313637677
2024-06-07,417.0,424.25,416.3500061035156,420.3999938964844,75926,0.0,0.0,-0.0008318623969474359,0.17249078495430883,-0.027022506305394156,48226.25,506.8054268255321
2024-06-10,420.3999938964844,450.2000122070313,420.2000122070313,441.25,219557,0.0,0.0,0.04959563845438475,0.23994336374474712,-0.027022506305394156,57808.15,506.15313402129794
2024-06-11,441.25,448.8999938964844,438.0,444.7999877929688,117475,0.0,0.0,0.00804529811437682,0.24067659549401607,-0.027022506305394156,62188.05,505.5426549543494
2024-06-12,444.7999877929688,448.7999877929688,437.0,438.7999877929688,79788,0.0,0.0,-0.013489209003289537,0.24331669663128092,-0.025642138328170277,64998.1,504.8785488134402
2024-06-13,426.7999877929688,443.3999938964844,422.6000061035156,438.8500061035156,180368,0.0,0.0,0.0001139888603880479,0.24304607271554288,-0.022919583761574096,71600.7,504.22154838846586
2024-06-14,438.8999938964844,456.0,437.0499877929688,447.2000122070313,260336,0.0,0.0,0.019027016035966682,0.24872389582505508,-0.022919583761574096,83652.85,503.6541699189989
2024-06-18,446.0,461.8999938964844,446.0,451.7000122070313,183115,0.0,0.0,0.010062611532122956,0.2474054802270403,-0.020934996709247915,91818.75,503.137213125845
2024-06-19,448.0,454.6000061035156,443.1000061035156,444.6499938964844,49285,0.0,0.0,-0.015607744343641206,0.2547970875083001,-0.020934996709247915,92616.3,502.55525074545335
2024-06-20,445.4500122070313,460.4500122070313,443.0499877929688,450.7999877929688,99965,0.0,0.0,0.013831089578101308,0.2583038736937938,-0.020934996709247915,96488.25,502.04027300463264
2024-06-21,451.0,486.0,451.0,481.6000061035156,627500,0.0,0.0,0.06832302383444566,0.3460197015310501,-0.020934996709247915,126513.85,501.8368872643231
2024-06-24,481.5499877929688,496.5,475.0,478.4500122070313,576983,0.0,0.0,-0.006540684918112882,0.3470326312515389,-0.020934996709247915,153575.75,501.6041820398724
2024-06-25,482.7000122070313,489.8999938964844,475.5,477.6000061035156,252545,0.0,0.0,-0.0017765828860463184,0.3431905311036884,-0.020934996709247915,163488.3,501.3653345181176
2024-06-26,478.4500122070313,487.0,468.4500122070313,482.4500122070313,179005,0.0,0.0,0.0101549540233139,0.3427385360147787,-0.020934996709247915,168824.25,501.17712235581826
2024-06-27,484.3500061035156,494.0,470.0,473.8500061035156,263784,0.0,0.0,-0.01782569361781927,0.3352163412899716,-0.017969605610528967,179544.05,500.9052107513177
2024-06-28,479.8500061035156,492.6499938964844,472.0,485.6499938964844,261494,0.0,0.0,0.024902369190623164,0.3385844532691684,-0.017969605610528967,190801.55,500.7534175487821
2024-07-01,488.8999938964844,518.4000244140625,483.0,514.0,575043,0.0,0.0,0.05837538651253116,0.3756731660925532,-0.017969605610528967,218097.85,500.88522433934156
2024-07-02,519.9000244140625,519.9000244140625,506.75,511.9500122070313,186985,0.0,0.0,-0.0039883030991608726,0.37602166994709996,-0.017969605610528967,224429.45,500.9953217310599
2024-07-03,512.8499755859375,513.0,500.0,502.0,126932,0.0,0.0,-0.019435515128003455,0.3888384226253903,-0.01949893604520394,226970.85,501.0053185297558
2024-07-04,507.0,510.0,494.8999938964844,496.2000122070313,84237,0.0,0.0,-0.011553760543762337,0.3865419705080875,-0.01949893604520394,229356.0,500.9575045364949
2024-07-05,499.5499877929688,499.5499877929688,484.0,486.9500122070313,94486,0.0,0.0,-0.018641676284644193,0.39649218499638456,-0.01949893604520394,224740.45,500.81812650336593
2024-07-08,492.0,503.6000061035156,482.1000061035156,489.25,159650,0.0,0.0,0.004723252357144991,0.3966121036286964,-0.01949893604520394,228926.65,500.70302076701404
2024-07-09,491.7999877929688,494.2000122070313,480.0,482.0,85729,0.0,0.0,-0.014818599897802764,0.4032180453215852,-0.018681368226812156,222235.25,500.51692105788953
2024-07-10,484.0,485.8999938964844,460.0,464.9500122070313,155216,0.0,0.0,-0.035373418657611344,0.39705894691330995,-0.019729999282438695,224122.3,500.16302146733375
2024-07-11,470.0,473.8500061035156,460.0,462.1499938964844,102790,0.0,0.0,-0.006022192143314009,0.39770107363928686,-0.018681368226812156,225272.4,499.78478238702684
2024-07-12,462.9500122070313,484.0,457.2999877929688,460.25,184119,0.0,0.0,-0.004111206148603719,0.3943774172060476,-0.018681368226812156,225459.95,499.391401467753
2024-07-15,460.2000122070313,469.75,451.7999877929688,454.2999877929688,91623,0.0,0.0,-0.012927783176602259,0.3979690964107364,-0.018681368226812156,217024.3,498.94273068491935
2024-07-16,452.4500122070313,458.75,451.0,452.7999877929688,64776,0.0,0.0,-0.0033017830515187363,0.39338106696113945,-0.018681368226812156,211107.35,498.48359891485023
2024-07-18,450.0,455.0,441.5,443.6499938964844,91726,0.0,0.0,-0.020207584238425502,0.39841979249587894,-0.019474118583524557,213229.4,497.9379909047173
2024-07-19,441.0,449.0,430.0,431.2999877929688,101362,0.0,0.0,-0.02783727324111529,0.4064106630363602,-0.02046346493733964,213299.25,497.27492619713775
2024-07-22,425.0,431.9500122070313,422.2999877929688,424.3500061035156,97940,0.0,0.0,-0.01611403173233872,0.4057446080905227,-0.02046346493733964,186821.25,496.54930510167884
2024-07-23,421.0,440.3500061035156,416.0499877929688,433.0,168900,0.0,0.0,0.020384102208247157,0.32643793510933183,-0.02046346493733964,166417.1,495.9169737076323
2024-07-24,433.0,450.1000061035156,433.0,440.5499877929688,116039,0.0,0.0,0.017436461415632376,0.335322964659047,-0.02046346493733964,159591.8,495.36605842489934
2024-07-25,434.0,443.8500061035156,432.0499877929688,435.7000122070313,77105,0.0,0.0,-0.011008910952953421,0.33617549164083915,-0.02046346493733964,154496.8,494.7723664227315
2024-07-26,435.0,459.7999877929688,435.0,451.1499938964844,157247,0.0,0.0,0.035460136003190534,0.36030760995200933,-0.02046346493733964,149169.95,494.3383129647589
2024-07-29,451.2000122070313,456.8999938964844,441.6499938964844,443.2000122070313,97040,0.0,0.0,-0.017621593255029877,0.36020209246387735,-0.02046346493733964,140947.25,493.82947415124926
2024-07-30,443.2000122070313,449.0,439.0,440.3999938964844,74400,0.0,0.0,-0.006317730671087984,0.3457443735463301,-0.02046346493733964,115915.1,493.2978375317989
2024-07-31,438.0,444.2999877929688,437.0,440.3999938964844,64751,0.0,0.0,0.0,0.2608637385325962,-0.02046346493733964,109803.4,492.77149082896
2024-08-01,440.0,444.8999938964844,435.1000061035156,438.0,70270,0.0,0.0,-0.005449577497152469,0.26068584602736955,-0.02046346493733964,106970.3,492.22650087046287
2024-08-02,432.0499877929688,438.2000122070313,432.0499877929688,436.5499877929688,44392,0.0,0.0,-0.0033105301530392817,0.25716758851915694,-0.02046346493733964,104978.05,491.672505715463
2024-08-05,432.0,432.0,420.0,423.6000061035156,113286,0.0,0.0,-0.02966437304218783,0.26902621027039364,-0.02545080196792866,105918.05,490.9951674108665
2024-08-06,415.0,420.0,408.1000061035156,409.6499938964844,190356,0.0,0.0,-0.03293203967429181,0.28086577424125503,-0.027928628231168918,107453.35,490.1857626992806
2024-08-07,412.0,418.8500061035156,407.3500061035156,408.0499877929688,94000,0.0,0.0,-0.00390578817857834,0.2774921728891595,-0.027928628231168918,107866.9,489.368491307178
2024-08-08,412.0,412.0,403.0,405.0,85856,0.0,0.0,-0.007474544502415914,0.27653606812392423,-0.027928628231168918,104398.9,488.5290038314847
2024-08-09,410.0,418.9500122070313,405.0499877929688,415.1000061035156,56994,0.0,0.0,0.024938286675347143,0.28050851646973624,-0.027928628231168918,102109.1,487.79836703817165
2024-08-12,415.5,419.9500122070313,405.5,407.8999938964844,84485,0.0,0.0,-0.01734524717216157,0.28363262393016364,-0.027928628231168918,97127.4,487.0033583501947
2024-08-13,413.1499938964844,413.75,408.2999877929688,409.2999877929688,43445,0.0,0.0,0.003432198865979119,0.2853890392839293,-0.027928628231168918,94718.5,486.23019048395366
2024-08-14,413.2999877929688,413.8999938964844,397.8999938964844,405.6499938964844,95358,0.0,0.0,-0.008917649658789273,0.2843957170834402,-0.027928628231168918,96247.6,485.42839748308336
2024-08-16,408.5499877929688,411.0,405.0,407.7999877929688,41872,0.0,0.0,0.005300120618350279,0.2866811188038271,-0.027928628231168918,93754.9,484.6559754961171
2024-08-19,413.8500061035156,414.6000061035156,408.0,410.8999938964844,48873,0.0,0.0,0.007601780765842836,0.28404345730462394,-0.027928628231168918,91130.45,483.9220851319417
2024-08-20,415.75,415.75,408.0,411.3500061035156,65092,0.0,0.0,0.0010951866968014201,0.2701409554603792,-0.027928628231168918,89488.05,483.1999748928529
2024-08-21,413.9500122070313,419.0,410.0,411.75,72723,0.0,0.0,0.0009723930729290675,0.26542755554706987,-0.027928628231168918,84679.2,482.4890298690434
2024-08-22,415.0,428.7000122070313,414.3999938964844,423.75,131325,0.0,0.0,0.02914389799635697,0.2759702520501816,-0.027928628231168918,85443.5,481.9045619101475
2024-08-23,428.0,428.0,417.0,421.4500122070313,71963,0.0,0.0,-0.0054276998064157755,0.2680986680366345,-0.027928628231168918,85186.4,481.3030241021563
2024-08-26,420.0,425.0,416.0499877929688,420.8999938964844,81096,0.0,0.0,-0.0013050617976414491,0.2660775116263018,-0.027928628231168918,81378.85,480.7019989259805
2024-08-27,423.0,425.0,416.0,417.6499938964844,90632,0.0,0.0,-0.0077215491735057595,0.23009151950806286,-0.027928628231168918,81058.45,480.0746157913586
2024-08-28,421.9500122070313,426.6499938964844,411.0,412.6000061035156,159061,0.0,0.0,-0.01209143509342514,0.22660641638942525,-0.027928628231168918,85291.5,479.40322664023586
2024-08-29,415.9500122070313,415.9500122070313,405.0499877929688,407.1499938964844,109919,0.0,0.0,-0.013208948440160517,0.2290059680589444,-0.027928628231168918,87549.9,478.68428900099457
2024-08-30,408.5,414.0,407.0,409.5,59584,0.0,0.0,0.005771843641763974,0.23102331004924598,-0.027928628231168918,87015.6,477.9958881154125
2024-09-02,412.4500122070313,413.0,404.7999877929688,406.2999877929688,74049,0.0,0.0,-0.007814437624007797,0.2314380730969461,-0.027928628231168918,88498.45,477.28249607240315
2024-09-03,411.0,411.6499938964844,405.2999877929688,407.7000122070313,43398,0.0,0.0,0.0034457899486226573,0.23267671845867727,-0.027928628231168918,85004.05,476.59013304886713
2024-09-04,406.0,412.0,405.0,406.5499877929688,69974,0.0,0.0,-0.0028207612941608673,0.21177380921624733,-0.027928628231168918,78984.95,475.89321618064923
2024-09-05,406.5499877929688,427.7999877929688,406.0,416.7000122070313,356148,0.0,0.0,0.024966239623234854,0.1993830009538604,-0.027928628231168918,92092.35,475.3042290764342
2024-09-06,420.8500061035156,423.3999938964844,407.3500061035156,409.5499877929688,112284,0.0,0.0,-0.01715868539622245,0.20847550332503353,-0.027928628231168918,93413.75,474.6499580188873
2024-09-09,412.0,412.0,402.1499938964844,405.5,62685,0.0,0.0,-0.009888872942699467,0.20976733417146734,-0.027928628231168918,93698.3,473.9618987351173
2024-09-10,405.5,410.1499938964844,404.5499877929688,406.0,67228,0.0,0.0,0.0012330456226881115,0.18955888557285852,-0.027928628231168918,92835.45,473.2856609367579
2024-09-11,409.6499938964844,409.6499938964844,404.5,405.3500061035156,54840,0.0,0.0,-0.0016009701883851202,0.18004758842082313,-0.027928628231168918,93405.2,472.6096842717505
2024-09-12,408.0,408.0499877929688,403.5,404.6000061035156,66073,0.0,0.0,-0.0018502528400319296,0.17962027993765872,-0.027928628231168918,91940.95,471.9329710561462
2024-09-13,405.2999877929688,408.8999938964844,403.6000061035156,404.3500061035156,100089,0.0,0.0,-0.0006178942071890514,0.17699508979365794,-0.027928628231168918,94851.8,471.2605037431847
2024-09-16,406.4500122070313,408.75,401.0,402.7999877929688,80024,0.0,0.0,-0.0038333579501665938,0.1763143543448623,-0.027928628231168918,96409.35,470.57930457950096
2024-09-17,404.2000122070313,405.6000061035156,401.2000122070313,402.3999938964844,89329,0.0,0.0,-0.000993033536758725,0.17381643631486393,-0.027928628231168918,97621.2,469.90090347817744
2024-09-18,408.0,408.0,401.0499877929688,401.75,75929,0.0,0.0,-0.0016152930078114913,0.17367042817608855,-0.027928628231168918,97781.5,469.2227850356085
2024-09-19,404.9500122070313,405.0,397.9500122070313,400.3500061035156,73079,0.0,1.1,-0.0034847390080506857,0.17369715841895744,-0.027928628231168918,94869.2,468.53748375270214
2024-09-20,401.1499938964844,406.3500061035156,399.0,400.7999877929688,50431,0.0,0.0,0.0011239707320920278,0.134573331366631,-0.027928628231168918,93792.6,467.8634788177794
2024-09-23,402.0,405.6000061035156,396.7999877929688,399.25,85664,0.0,0.0,-0.00386723513018028,0.13427044889953596,-0.027928628231168918,94021.0,467.180757635513
2024-09-24,401.0,420.5,399.4500122070313,418.25,369058,0.0,0.0,0.04758922980588598,0.21963036184359172,-0.027928628231168918,107942.3,466.6938844252094
2024-09-25,417.75,422.3999938964844,410.3999938964844,412.75,129084,0.0,0.0,-0.013150029886431547,0.22275210727031122,-0.027928628231168918,106443.45,466.1571293563018
2024-09-26,413.75,415.7999877929688,408.0,409.2999877929688,47344,0.0,0.0,-0.008358600138173689,0.22066375466923188,-0.027928628231168918,103314.7,465.59138665417913
2024-09-27,411.0499877929688,415.1000061035156,399.0,400.7999877929688,137780,0.0,0.0,-0.020767164069155686,0.2276801615494746,-0.027928628231168918,107224.5,464.9466961182467
2024-09-30,403.5499877929688,407.2000122070313,399.25,401.5499877929688,51972,0.0,0.0,0.001871257542022109,0.22669231196194556,-0.027928628231168918,106120.65,464.31588310008476
2024-10-01,401.5499877929688,406.3999938964844,401.3999938964844,403.1499938964844,43050,0.0,0.0,0.003984575151675829,0.2257998603417217,-0.027928628231168918,106103.25,463.7072672871136
2024-10-03,398.0,404.6000061035156,397.0,398.3500061035156,60533,0.0,0.0,-0.011906208273938956,0.22885364804301006,-0.027928628231168918,105631.2,463.05694628031165
2024-10-04,402.3999938964844,404.4500122070313,397.0,399.0,33655,0.0,0.0,0.0016317155429275143,0.22892873685489332,-0.027928628231168918,89506.55,462.4195637302588
2024-10-07,399.0,401.2000122070313,385.0,386.6000061035156,86495,0.0,0.0,-0.031077678938557285,0.2317689045387894,-0.027928628231168918,88217.1,461.66514027128625
2024-10-08,389.7999877929688,390.9500122070313,383.0,387.3999938964844,72711,0.0,0.0,0.0020692906889259177,0.2269747455059606,-0.027928628231168918,88718.4,460.92618359094
2024-10-09,388.2000122070313,396.4500122070313,378.9500122070313,381.7999877929688,147567,0.0,0.0,-0.014455359297222747,0.22937419564674744,-0.027928628231168918,92735.35,460.13885825961694
2024-10-10,384.0,390.3999938964844,384.0,388.3500061035156,52553,0.0,0.0,0.0171556273440705,0.23928907813914602,-0.027928628231168918,92621.0,459.42454132274037
2024-10-11,388.3999938964844,391.3500061035156,386.6000061035156,390.1000061035156,29426,0.0,0.0,0.00450624429637192,0.2403525872605919,-0.027928628231168918,90788.65,458.73474495239986
2024-10-14,390.1000061035156,391.5,385.0,385.5,38036,0.0,0.0,-0.011791863705572392,0.2428763498186173,-0.027928628231168918,87686.0,458.00604102252527
2024-10-15,382.0,390.25,382.0,387.4500122070313,72171,0.0,0.0,0.005058397424205774,0.24413197093932976,-0.021212024517807293,87293.35,457.3039909845602
2024-10-16,387.3999938964844,394.9500122070313,383.7999877929688,384.5499877929688,62524,0.0,0.0,-0.0074848995294724,0.2448193864939676,-0.021212024517807293,85953.1,456.5800705547931
2024-10-17,387.9500122070313,387.9500122070313,382.0,383.4500122070313,22446,0.0,0.0,-0.00286042288611299,0.24479909222427837,-0.021212024517807293,83278.95,455.8524082826761
2024-10-18,383.4500122070313,387.0,378.75,383.0,25358,0.0,0.0,-0.0011735876716789662,0.24481676537097213,-0.021212024517807293,80892.9,455.12750869777386
2024-10-21,385.7999877929688,385.7999877929688,370.1000061035156,371.1000061035156,87556,0.0,0.0,-0.03107048014747882,0.2645504163197231,-0.02973467839745238,82749.15,454.2914141445972
2024-10-22,371.1000061035156,373.7999877929688,360.04998779296875,361.0499877929688,67070,0.0,0.0,-0.02708169804703109,0.2761608778590866,-0.02973467839745238,81819.45,453.36363875801385
2024-10-23,361.0499877929688,364.8999938964844,353.6000061035156,359.3500061035156,41201,0.0,0.0,-0.004708438573408746,0.27613975884681186,-0.02973467839745238,65426.6,452.42817972662584
2024-10-24,359.3500061035156,364.0,355.0,361.25,32999,0.0,0.0,0.005287307260924523,0.2044927918278021,-0.02973467839745238,60622.35,451.5209341572067
2024-10-25,365.0,365.0,352.20001220703125,355.75,55177,0.0,0.0,-0.0152249134948097,0.20541956684802778,-0.02973467839745238,61014.0,450.56798953872703
2024-10-28,356.0,358.1499938964844,350.70001220703125,351.6499938964844,41555,0.0,0.0,-0.011524964451203434,0.20598108238868076,-0.02973467839745238,56202.75,449.5837308756201
2024-10-29,354.79998779296875,355.20001220703125,350.0,351.70001220703125,24179,0.0,0.0,0.00014223890634168512,0.2012083678806303,-0.02973467839745238,54813.1,448.60976352568395
2024-10-30,353.8500061035156,369.9500122070313,352.29998779296875,367.8999938964844,63169,0.0,0.0,0.0460619309842869,0.26986069987989514,-0.027281137152053474,55819.05,447.8066812408163
2024-10-31,367.8500061035156,373.0,366.0,370.1000061035156,37176,0.0,0.0,0.0059799191180478495,0.27069386567329407,-0.021082890768049454,54651.2,447.0334804931815
2024-11-01,374.0,400.0,370.25,391.6000061035156,86428,0.0,0.0,0.058092406499411275,0.3435081771144742,-0.021082890768049454,57289.85,446.4819036335829
2024-11-04,397.4500122070313,397.4500122070313,377.2999877929688,381.25,84087,0.0,0.0,-0.026430045817669612,0.3547867653425792,-0.026462628429137686,57169.45,445.83282996558705
2024-11-05,383.2999877929688,387.0,373.5499877929688,376.7000122070313,35870,0.0,0.0,-0.011934394211065458,0.3408960272827475,-0.026462628429137686,55327.4,445.1449412316711
2024-11-06,377.0,383.0,365.0,372.0,80739,0.0,0.0,-0.012476803967949479,0.34295381070305964,-0.026462628429137686,51986.0,444.417130871157
2024-11-07,375.6499938964844,393.3500061035156,373.0,385.5,45546,0.0,0.0,0.03629032258064524,0.36362288600121173,-0.026462628429137686,51635.65,443.83089076298626
2024-11-08,385.5,399.0,375.0,383.2000122070313,75008,0.0,0.0,-0.005966245896157463,0.35923799850290156,-0.026462628429137686,53914.75,443.2275984390464
2024-11-11,384.8999938964844,384.8999938964844,350.0,364.2000122070313,80956,0.0,0.0,-0.04958246188607862,0.3968342912513102,-0.027281137152053474,56060.75,442.44125429743434
2024-11-12,380.0,427.9500122070313,375.0,397.8500061035156,2929000,0.0,0.0,0.0923942689967725,0.5143698336815605,-0.027281137152053474,198902.2,441.9975602855546
2024-11-13,385.0,392.2999877929688,370.0,372.5499877929688,260010,0.0,0.0,-0.06359185100518527,0.5619805231851418,-0.03107084008703274,208776.5,441.30653966373785
2024-11-14,378.1499938964844,385.0,369.8999938964844,373.2000122070313,120632,0.0,0.0,0.0017447978401861075,0.5616057143200373,-0.03107084008703274,213685.8,440.6288627736214
2024-11-18,372.6000061035156,373.7000122070313,364.0,365.2000122070313,57636,0.0,0.0,-0.021436226522849156,0.5661162762591175,-0.03107084008703274,215299.7,439.87832694708817
2024-11-19,365.7000122070313,377.3999938964844,361.5499877929688,363.7000122070313,71810,0.0,0.0,-0.004107338307397623,0.5661715388223074,-0.03107084008703274,214512.4,439.1203337655951
2024-11-21,363.7000122070313,368.2000122070313,355.0,357.20001220703125,45528,0.0,0.0,-0.017871871822484398,0.5593982572116423,-0.03107084008703274,213435.3,438.30520618789797
2024-11-22,357.20001220703125,364.0,355.20001220703125,361.1000061035156,42400,0.0,0.0,0.010918235619275185,0.5527241699518882,-0.03107084008703274,213495.25,437.5369952417847
2024-11-25,364.6000061035156,382.5,364.6000061035156,375.1499938964844,66023,0.0,0.0,0.03890885504150643,0.5679148762896888,-0.03107084008703274,215146.45,436.9162290592445
2024-11-26,376.25,390.0,374.0499877929688,381.0499877929688,60915,0.0,0.0,0.015727026502664554,0.5696742003896453,-0.03107084008703274,215433.35,436.3603460615701
2024-11-27,384.2000122070313,386.0,377.0499877929688,382.6499938964844,36383,0.0,0.0,0.004198940177856381,0.5657409475135392,-0.03107084008703274,215174.75,435.82591469674344
2024-11-28,384.1499938964844,414.7000122070313,382.0499877929688,409.2000122070313,505467,0.0,0.0,0.0693846040351156,0.6056531488901663,-0.03107084008703274,239239.15,435.560980343612
2024-11-29,419.0,419.0,401.0,402.7999877929688,119187,0.0,0.0,-0.01564033290112532,0.6106558615211315,-0.03107084008703274,242040.05,435.2350003182325
2024-12-02,402.7999877929688,423.9500122070313,400.0,414.7000122070313,219168,0.0,0.0,0.029543259122884802,0.5999893938616292,-0.03107084008703274,251139.65,435.03067207832004
2024-12-03,416.9500122070313,419.1499938964844,401.0,404.2999877929688,103333,0.0,0.0,-0.02507842803937632,0.6098212912284866,-0.03107084008703274,251984.9,434.72489412523197
2024-12-04,406.9500122070313,410.0,395.0,400.0499877929688,85348,0.0,0.0,-0.010511996359931386,0.5800133352054553,-0.03107084008703274,252047.95,434.3798701816273
2024-12-05,404.0,404.2000122070313,397.5,399.3999938964844,44435,0.0,0.0,-0.0016247816930838876,0.5711842465926498,-0.03107084008703274,252476.2,434.0318117111284
2024-12-06,403.3999938964844,404.8999938964844,396.0,400.2000122070313,35680,0.0,0.0,0.002003050382505256,0.5686820290506839,-0.03107084008703274,250223.25,433.69517689019216
2024-12-09,405.0,417.0,401.1499938964844,403.6499938964844,61729,0.0,0.0,0.008620643638732162,0.5659092513309002,-0.03107084008703274,251032.4,433.3962198454787
2024-12-10,405.0,409.9500122070313,397.6499938964844,399.6000061035156,101723,0.0,0.0,-0.010033414726143608,0.5557727796806462,-0.03107084008703274,252368.15,433.0599391117279
2024-12-11,403.6000061035156,405.2999877929688,398.0,399.5499877929688,34567,0.0,0.0,-0.0001251709454025418,0.5550478910759896,-0.03107084008703274,250048.7,432.72650676029747
2024-12-12,399.9500122070313,406.4500122070313,394.4500122070313,396.1000061035156,45253,0.0,0.0,-0.008634668489192476,0.5238224017934268,-0.03107084008703274,105861.35,432.3620639676927
2024-12-13,399.0,406.0,390.5,404.3500061035156,70233,0.0,0.0,0.020828073397817448,0.4211421837780224,-0.03107084008703274,96372.5,432.0833370237705
2024-12-16,406.3999938964844,413.7999877929688,400.2000122070313,402.6499938964844,75407,0.0,0.0,-0.0042043085974284855,0.35051251077852846,-0.03107084008703274,94111.25,431.7904679379269
2024-12-17,404.0499877929688,408.4500122070313,396.25,397.7999877929688,35871,0.0,0.0,-0.012045215887330762,0.35482626222664665,-0.03107084008703274,93023.0,431.45225420514123
2024-12-18,401.0,401.0,384.75,387.25,31376,0.0,0.0,-0.02652083488363366,0.35969220931324825,-0.03107084008703274,91001.3,431.0124307802145
2024-12-19,387.25,391.8999938964844,383.7999877929688,387.7999877929688,37420,0.0,0.0,0.0014202396203197853,0.3588178473450864,-0.03107084008703274,90595.9,430.5824562231275
2024-12-20,389.7999877929688,389.7999877929688,363.1000061035156,368.6499938964844,86282,0.0,0.0,-0.04938111010644963,0.3968298791972542,-0.0319928504969519,92790.0,429.96621281689227
2024-12-23,371.1000061035156,392.3500061035156,363.5,384.9500122070313,202483,0.0,0.0,0.04421543084339219,0.42241128892855645,-0.0319928504969519,99613.0,429.5182904227643
2024-12-24,383.8999938964844,383.8999938964844,370.0,372.4500122070313,62673,0.0,0.0,-0.03247174854816559,0.4191307381522471,-0.03331721662607979,99700.9,428.9504468584287
2024-12-26,373.1000061035156,376.8500061035156,366.0,369.9500122070313,37332,0.0,0.0,-0.006712310157236168,0.4157051524302936,-0.03331721662607979,99748.35,428.3633778569222
2024-12-27,369.8999938964844,376.0,368.0,371.8999938964844,47360,0.0,0.0,0.005270932896636271,0.41589335903445507,-0.03331721662607979,76843.0,427.801553140898
2024-12-30,370.0,373.0,363.3500061035156,366.25,45760,0.0,0.0,-0.015192239820409958,0.32973030295581146,-0.03331721662607979,73171.65,427.1890998758145
2024-12-31,366.25,370.9500122070313,363.1000061035156,369.1000061035156,31928,0.0,0.0,0.007781586630759341,0.3302433544182399,-0.03331721662607979,63809.65,426.6110989427568
2025-01-01,365.7000122070313,374.0,363.0,365.1499938964844,56599,0.0,0.0,-0.010701739749967576,0.30746265573920256,-0.03331721662607979,61472.95,425.99954565871434
2025-01-02,366.5499877929688,375.5499877929688,366.0,372.0499877929688,31446,0.0,0.0,0.018896327568994842,0.31055349460505766,-0.03331721662607979,58777.85,425.46273413766215
2025-01-03,372.0499877929688,375.7000122070313,365.6499938964844,367.7000122070313,64994,0.0,0.0,-0.011691911648060827,0.31090305757583675,-0.03331721662607979,59805.8,424.88798068561607
2025-01-06,365.0499877929688,371.0,357.8500061035156,359.1000061035156,48744,0.0,0.0,-0.023388647859694633,0.31802289745353385,-0.03331721662607979,60459.0,424.2333739733564
2025-01-07,359.95001220703125,362.0,355.0,356.75,52573,0.0,0.0,-0.006544155008558317,0.3170755718491575,-0.03331721662607979,60001.2,423.56189761541253
2025-01-08,358.8999938964844,361.0,352.8500061035156,357.45001220703125,59208,0.0,0.0,0.001962192591538292,0.31422703754147535,-0.03331721662607979,57875.45,422.9040679098565
2025-01-09,360.0,383.0,356.3999938964844,361.9500122070313,159942,0.0,0.0,0.012589172881028565,0.319911990136571,-0.03331721662607979,64144.2,422.29755989291294
2025-01-10,363.8999938964844,367.4500122070313,352.3500061035156,354.8999938964844,55242,0.0,0.0,-0.019477878361043977,0.32357529307464433,-0.03331721662607979,64643.65,421.6269373456848
2025-01-13,354.8500061035156,356.0,326.0,328.5,133681,0.0,0.0,-0.07438713539168051,0.40236025242806817,-0.04939117769543108,67816.05,420.7003011531904
2025-01-14,329.25,337.79998779296875,329.0,330.45001220703125,39743,0.0,0.0,0.005936110219273205,0.391824478564741,-0.04939117769543108,66032.85,419.80228832785554
2025-01-15,332.20001220703125,345.1000061035156,328.8999938964844,340.1499938964844,48379,0.0,0.0,0.02935385483773545,0.4139120572429738,-0.04939117769543108,66658.25,419.0097281842598
2025-01-16,341.8999938964844,345.75,338.95001220703125,341.04998779296875,18979,0.0,0.0,0.0026458736223240464,0.4150827535263684,-0.04939117769543108,66038.4,418.23400937439624
2025-01-17,342.79998779296875,345.5,336.0,340.8999938964844,51245,0.0,0.0,-0.00043980032796664403,0.4093990491395423,-0.04939117769543108,66729.65,417.4645166830737
2025-01-20,340.8999938964844,344.0,333.8999938964844,336.3999938964844,49539,0.0,0.0,-0.013200352245727687,0.40931470075322884,-0.04939117769543108,64892.5,416.657904516043
2025-01-21,338.0,342.1000061035156,331.25,334.8500061035156,29885,0.0,0.0,-0.00460757378445642,0.37832281156662156,-0.04939117769543108,56262.6,415.8438955766149
2025-01-22,334.0,335.45001220703125,319.8999938964844,323.8500061035156,51332,0.0,0.0,-0.03285052948931244,0.3466852873202173,-0.04939117769543108,55695.55,414.92853349230546
2025-01-23,323.8500061035156,330.95001220703125,322.1499938964844,325.25,28524,0.0,0.0,0.004322970109924551,0.3372121600870687,-0.04939117769543108,55255.15,414.03620977596415
2025-01-24,326.79998779296875,327.70001220703125,320.1499938964844,320.8999938964844,24063,0.0,0.0,-0.013374346206043386,0.3381253631626342,-0.04939117769543108,54090.3,413.10948125975045
2025-01-27,321.45001220703125,322.6000061035156,300.0,302.5,65926,0.0,0.0,-0.057338716878940876,0.37782503949704993,-0.049970274635721734,55098.6,412.00888940641966
2025-01-28,303.95001220703125,305.95001220703125,286.0,297.54998779296875,87737,0.0,0.0,-0.01636367671745864,0.3780687409180352,-0.049970274635721734,57889.05,410.86999486300226
2025-01-29,304.0,308.8999938964844,298.54998779296875,306.54998779296875,35104,0.0,0.0,0.03024701854890366,0.3985135941805204,-0.049970274635721734,56814.3,409.83198484240495
2025-01-30,306.95001220703125,312.79998779296875,305.04998779296875,308.0,22941,0.0,0.0,0.004730100358087519,0.4010149063415862,-0.049970274635721734,56389.05,408.81873126188356
2025-01-31,323.8999938964844,325.0,310.79998779296875,319.04998779296875,108532,0.0,0.0,0.035876583743404966,0.41914155405299713,-0.049970274635721734,58565.95,407.9255099338347
2025-02-01,317.0,344.75,317.0,324.95001220703125,97664,0.0,0.0,0.018492476539102798,0.4277940306630805,-0.049970274635721734,61011.95,407.09988309078193
2025-02-03,324.95001220703125,324.95001220703125,310.6000061035156,318.45001220703125,28853,0.0,0.0,-0.02000307664508949,0.4261694129254194,-0.049970274635721734,59825.95,406.21779482328196
2025-02-04,318.45001220703125,323.8999938964844,314.0,317.54998779296875,35613,0.0,0.0,-0.002826265911641368,0.4262331761351734,-0.049970274635721734,58646.2,405.33552808666195
2025-02-05,319.0,321.29998779296875,316.0,319.04998779296875,45704,0.0,0.0,0.004723665746061867,0.42692274024811616,-0.049778990445074195,52934.3,404.47696549667495
2025-02-06,318.95001220703125,326.0,315.0,316.95001220703125,40265,0.0,0.0,-0.006581964163246301,0.42208289934153964,-0.049778990445074195,52185.45,403.60605053856904
2025-02-07,315.0,317.8500061035156,312.75,313.8999938964844,13960,0.0,0.0,-0.00962302632301082,0.4194781151107595,-0.0336770585201693,46199.4,402.71345296004085
2025-02-10,313.1000061035156,316.3500061035156,305.04998779296875,306.0,18300,0.0,0.0,-0.02516723176200375,0.3457973166884842,-0.0336770585201693,45127.25,401.7511300450156
2025-02-11,301.3999938964844,305.70001220703125,288.0,289.3500061035156,70875,0.0,0.0,-0.054411744759752856,0.38661051947578545,-0.0496326418391148,46252.05,400.6327109013191
2025-02-12,293.70001220703125,295.6499938964844,271.79998779296875,278.25,86680,0.0,0.0,-0.0383618658004955,0.37964649897943786,-0.0496326418391148,49637.1,399.4149724843906
2025-02-13,279.45001220703125,286.54998779296875,275.0,276.75,57663,0.0,0.0,-0.005390835579514808,0.37748993593960073,-0.0496326418391148,49958.0,398.19442549449616
2025-02-14,276.79998779296875,280.0,265.0,271.8500061035156,51804,0.0,0.0,-0.017705488334180175,0.37693365658732414,-0.0496326418391148,50071.25,396.9372670925959
2025-02-17,273.0,280.0,252.1499938964844,277.0,119265,0.0,0.0,0.018944247860429808,0.3901909607429973,-0.0496326418391148,54540.25,395.7438614498835
2025-02-18,279.0,279.0,255.5500030517578,260.04998779296875,113809,0.0,0.0,-0.06119137980877709,0.4295625858248461,-0.054558093365712254,57664.1,394.39367365230225
2025-02-19,259.0,269.95001220703125,255.1499938964844,260.70001220703125,86196,0.0,0.0,0.002499613322727745,0.42497043317652816,-0.054558093365712254,60547.7,393.06338846379214
2025-02-20,258.29998779296875,266.3500061035156,254.0,262.8999938964844,50011,0.0,0.0,0.008438747934181201,0.4269441354959737,-0.054558093365712254,61845.1,391.7682303088936
2025-02-21,260.5,279.95001220703125,260.1000061035156,265.3999938964844,52609,0.0,0.0,0.009509319353519619,0.4318162007184505,-0.054558093365712254,61179.25,390.51083492170545
2025-02-24,262.0,269.8999938964844,256.1000061035156,266.1000061035156,40265,0.0,0.0,0.00263757431473155,0.3950092443429667,-0.054558093365712254,58805.65,389.2729162269971
2025-02-25,267.5,267.95001220703125,260.1000061035156,261.45001220703125,19289,0.0,0.0,-0.017474610258653933,0.39540259551370566,-0.054558093365712254,58014.9,388.00104653525614
2025-02-27,261.95001220703125,262.79998779296875,251.5,254.3500061035156,35246,0.0,0.0,-0.027156266100662685,0.37905520440479257,-0.054558093365712254,58630.15,386.67118543643284
2025-02-28,252.8000030517578,252.8000030517578,241.0500030517578,243.0500030517578,50495,0.0,0.0,-0.04442698164182035,0.395221516701826,-0.054558093365712254,55728.3,385.24211894504305
2025-03-03,243.5500030517578,247.0500030517578,229.0,238.72000122070312,85807,0.0,0.0,-0.01781527165886354,0.35704937301249556,-0.054558093365712254,55135.45,383.7841874253979
2025-03-04,237.0,242.3500061035156,232.5,236.42999267578125,94030,0.0,0.0,-0.009592864163923576,0.3381235622091697,-0.054558093365712254,58394.3,382.31797653236686
2025-03-05,235.009994506836,250.0,235.009994506836,247.32000732421875,61433,0.0,0.0,0.04606020803532784,0.39755717656356027,-0.054558093365712254,59685.3,380.97471315716143
2025-03-06,248.58999633789065,255.0,248.58999633789065,253.3800048828125,59681,0.0,0.0,0.024502658010395084,0.4160523562959127,-0.054558093365712254,60384.15,379.7051140698545
2025-03-07,255.8500061035156,257.20001220703125,249.259994506836,253.0399932861328,76912,0.0,0.0,-0.001341903820851753,0.4138058868221361,-0.054558093365712254,62216.5,378.44476460932
2025-03-10,253.0399932861328,254.3999938964844,240.0,240.4100036621093,60969,0.0,0.0,-0.049913017543206206,0.4351140786126571,-0.054558093365712254,64566.95,377.07128440089
2025-03-11,238.0,242.0,234.4600067138672,236.7899932861328,62587,0.0,0.0,-0.015057652846527603,0.43503500672254414,-0.054558093365712254,66781.3,375.6754506584546
2025-03-12,237.1100006103516,239.509994506836,223.0,224.4100036621093,152258,0.0,0.0,-0.05228257094911848,0.4543251576682946,-0.054558093365712254,70850.45,374.17032183262035
2025-03-13,224.4100036621093,229.0399932861328,217.8300018310547,223.97000122070312,128608,0.0,0.0,-0.001960707785864435,0.431691879809798,-0.054558093365712254,72946.85,372.67579127926797
2025-03-17,225.0,230.0,220.57000732421875,227.5399932861328,159590,0.0,0.0,0.01593959925870503,0.4305200512314758,-0.054558093365712254,78043.2,371.2316539858039
2025-03-18,227.5399932861328,227.5399932861328,227.5399932861328,227.5399932861328,0,0.0,0.0,0.0,0.43152171044304144,-0.054558093365712254,75453.0,369.80188621764796
2025-03-19,230.0,256.7900085449219,230.0,253.33999633789065,373647,0.0,0.0,0.11338667404861091,0.6028435026678215,-0.054558093365712254,88172.1,368.643061442725
2025-03-20,262.20001220703125,262.2900085449219,251.08999633789065,251.6699981689453,113546,0.0,0.0,-0.006591924658899906,0.5977704759112993,-0.054558093365712254,88158.95,367.479150365374
2025-03-21,251.5500030517578,260.7900085449219,250.1600036621093,253.8500061035156,169649,0.0,0.0,0.008662168516037516,0.5612730180154627,-0.054558093365712254,92331.6,366.34851211401224
2025-03-24,258.989990234375,264.0,251.4900054931641,252.94000244140625,131281,0.0,0.0,-0.0035848085098657556,0.5612494405037387,-0.054558093365712254,96395.1,365.2200692316978
2025-03-25,256.9800109863281,257.8999938964844,245.0,245.759994506836,74161,0.0,0.0,-0.028386209635755444,0.5680181839192991,-0.054558093365712254,97472.7,364.0314117717489
2025-03-26,245.0,248.0500030517578,235.0,237.4199981689453,88277,0.0,0.0,-0.033935532732357276,0.5762133035467984,-0.054558093365712254,99873.3,362.77159671102453
2025-03-27,235.0,237.38999938964844,230.0,231.5399932861328,155588,0.0,0.0,-0.024766257805411862,0.5796364157022611,-0.054558093365712254,106688.25,361.4658096122694
2025-03-28,230.5800018310547,256.6400146484375,230.5800018310547,250.38999938964844,203253,0.0,0.0,0.0814114479144048,0.651685875805722,-0.054558093365712254,115088.6,360.3605776697558
2025-04-01,251.6999969482422,275.0,249.6999969482422,268.79998779296875,478256,0.0,0.0,0.07352525439592861,0.6933104544947509,-0.054558093365712254,136476.65,359.4495270242156
2025-04-02,267.0,279.0,259.70001220703125,277.04998779296875,86401,0.0,0.0,0.030691965679530364,0.6764895055716169,-0.054558093365712254,136506.35,358.6296311114669
2025-04-03,275.8500061035156,282.29998779296875,273.5,277.25,68162,0.0,0.0,0.0007219354479117701,0.6709143282437281,-0.054558093365712254,135212.95,357.81988353821845
2025-04-04,278.6499938964844,278.6499938964844,262.54998779296875,266.3500061035156,53717,0.0,0.0,-0.03931467591157578,0.6883932724832493,-0.054558093365712254,134827.15,356.9097355040423
2025-04-07,252.9499969482422,255.9499969482422,240.0,251.8500061035156,54862,0.0,0.0,-0.05443964583340266,0.7035983695280856,-0.05458459938567957,134586.2,355.864365062246
2025-04-08,257.25,274.25,253.6499938964844,269.79998779296875,84859,0.0,0.0,0.07127250845519262,0.7403289647167434,-0.05458459938567957,134983.55,355.00800309936767
2025-04-09,267.29998779296875,267.29998779296875,258.5,263.3500061035156,31478,0.0,0.0,-0.023906530694147166,0.7464820668852084,-0.054413139813435346,133509.0,354.0959832287622
2025-04-11,275.0,278.20001220703125,270.25,274.25,57580,0.0,0.0,0.04138976132090866,0.7319107844764132,-0.054413139813435346,133258.65,353.3014958334511
2025-04-15,278.1499938964844,281.04998779296875,274.54998779296875,278.04998779296875,41478,0.0,0.0,0.01385592631893795,0.7276354015839173,-0.054413139813435346,127719.65,352.55272460916774
2025-04-16,280.8500061035156,282.1499938964844,275.5,275.8999938964844,42127,0.0,0.0,-0.007732400614544277,0.6963196223545296,-0.054413139813435346,123395.6,351.7900108707331
2025-04-17,277.3999938964844,282.70001220703125,272.75,277.8999938964844,46202,0.0,0.0,0.007249003422415301,0.6949269612698593,-0.054413139813435346,117726.2,351.0547868212381
2025-04-21,277.8999938964844,280.0,273.54998779296875,278.75,52101,0.0,0.0,0.003058676222325696,0.6952552528251853,-0.054413139813435346,120331.25,350.33533620610143
2025-04-22,280.04998779296875,286.1499938964844,277.5,283.3500061035156,43249,0.0,0.0,0.016502264048486648,0.6944352563644662,-0.054413139813435346,103811.35,349.6688155085632
2025-04-23,284.6499938964844,287.29998779296875,275.54998779296875,282.1000061035156,33675,0.0,0.0,-0.004411505110549885,0.5881850655167974,-0.054413139813435346,99817.8,348.99648904682147
2025-04-24,280.0,285.0,279.79998779296875,281.54998779296875,21144,0.0,0.0,-0.0019497281058017402,0.5871742218371055,-0.054413139813435346,92392.55,348.325379581609
2025-04-25,282.0,284.04998779296875,268.0,272.3999938964844,45557,0.0,0.0,-0.03249864781813672,0.6019456059661985,-0.054413139813435346,88106.35,347.56990310713013
2025-04-28,269.8999938964844,272.3500061035156,265.6499938964844,271.29998779296875,21638,0.0,0.0,-0.004038201645238049,0.6020199740758739,-0.0523890296396502,85480.2,346.81099847713847
2025-04-29,272.70001220703125,277.20001220703125,271.0,274.79998779296875,27100,0.0,0.0,0.012900848350464678,0.5909085884912493,-0.0523890296396502,82421.35,346.09447100764424
2025-04-30,277.45001220703125,285.0,270.0,272.0,137202,0.0,0.0,-0.01018918456094775,0.5762409836754897,-0.0523890296396502,81502.05,345.35721258965776
2025-05-02,270.0,272.0,263.8500061035156,269.04998779296875,28301,0.0,0.0,-0.010845633114085484,0.5685037490239777,-0.0523890296396502,72754.45,344.597936721034
2025-05-05,272.0,274.79998779296875,266.20001220703125,270.3500061035156,36066,0.0,0.0,0.004831883923173574,0.5014615642088683,-0.0523890296396502,50644.95,343.8591513417552
2025-05-06,271.79998779296875,271.79998779296875,258.04998779296875,262.04998779296875,27823,0.0,0.0,-0.030701010257676242,0.446707159301499,-0.0523890296396502,47716.05,343.0451298139066
2025-05-07,255.6499938964844,264.8999938964844,255.6499938964844,263.3500061035156,25805,0.0,0.0,0.004960955432571801,0.43249162628014226,-0.0523890296396502,45598.2,342.2521435083306
2025-05-08,263.6499938964844,270.0,262.0,265.29998779296875,36271,0.0,0.0,0.007404524944976343,0.43365142673080015,-0.0523890296396502,44725.9,341.4864504166355
2025-05-09,254.0,270.0,252.6999969482422,263.20001220703125,30245,0.0,0.0,-0.007915475622170987,0.4124990136184735,-0.0523890296396502,43495.05,340.7074808822116
2025-05-12,275.0,278.0,267.3500061035156,272.04998779296875,38663,0.0,0.0,0.03362452574271235,0.3780943168680095,-0.0523890296396502,41185.25,340.02432174699527
2025-05-13,272.04998779296875,287.0,270.0,284.25,86735,0.0,0.0,0.04484474454862131,0.32634067976402203,-0.0523890296396502,43948.1,339.4693533714033
2025-05-14,284.25,289.20001220703125,280.20001220703125,287.5,51797,0.0,0.0,0.011433597185576128,0.3127324273940473,-0.0523890296396502,43658.95,338.952245377658
2025-05-15,289.0,291.8999938964844,285.1000061035156,289.1000061035156,39158,0.0,0.0,0.005565238620923951,0.2824569257772295,-0.05003149521350182,43542.95,338.45620319582576
2025-05-16,289.1000061035156,298.3999938964844,287.0,296.3999938964844,44276,0.0,0.0,0.02525073552006396,0.29078115499450463,-0.05003149521350182,43650.4,338.0377334515537
2025-05-19,298.0,306.04998779296875,296.3999938964844,302.20001220703125,78300,0.0,0.0,0.019568213326524253,0.2932091091187417,-0.05003149521350182,45255.3,337.6811392103147
2025-05-20,357.8999938964844,362.6000061035156,357.6000061035156,362.6000061035156,153825,0.0,0.0,0.19986760905590417,0.737905572655506,-0.05003149521350182,50341.5,337.9290881346252
2025-05-21,384.0,408.0,375.0,393.7999877929688,3183068,0.0,0.0,0.08604517695608127,0.7777758987139665,-0.05003149521350182,207332.45,338.4850174844595
2025-05-22,385.0,397.0,376.8500061035156,388.75,302603,0.0,0.0,-0.01282373780982371,0.7849137990280804,-0.044701283436889644,220778.85,338.9851665642161
2025-05-23,388.7000122070313,418.0,378.0,403.8500061035156,674139,0.0,0.0,0.03884245943026521,0.784879845168467,-0.044701283436889644,253428.6,339.6305878531644
2025-05-26,410.3999938964844,441.8999938964844,410.3999938964844,429.5499877929688,758473,0.0,0.0,0.06363744286502682,0.7963650814383493,-0.044701283436889644,289074.4,340.5253082505754
2025-05-27,425.0,443.2000122070313,416.3500061035156,433.7000122070313,278335,0.0,0.0,0.009661330536604895,0.7734628429852884,-0.044701283436889644,301909.25,341.4524197327292
2025-05-28,437.0,439.3999938964844,425.0,425.8500061035156,110812,0.0,0.0,-0.018100082735917455,0.7812486600541999,-0.044701283436889644,306094.85,342.29219671154306
2025-05-29,425.0,428.4500122070313,413.8500061035156,420.7000122070313,103818,0.0,0.0,-0.012093445632668232,0.7899702646424253,-0.044701283436889644,304425.65,343.0723739801549
2025-05-30,415.1499938964844,433.2000122070313,415.0499877929688,425.5,106590,0.0,0.0,0.011409526155674365,0.7825391609662681,-0.044701283436889644,308340.1,343.89254936343696
2025-06-02,420.0,433.0499877929688,418.6499938964844,423.6000061035156,97386,0.0,0.0,-0.0044653205557799724,0.7794097297126538,-0.0398445929931573,311406.1,344.6856583857263
2025-06-03,428.0,430.5,416.2999877929688,421.4500122070313,81017,0.0,0.0,-0.005075528483252434,0.7830503237888332,-0.0398445929931573,314065.8,345.4494828018587
2025-06-04,416.7999877929688,424.5,410.3500061035156,413.1499938964844,87210,0.0,0.0,-0.019693956744909702,0.7745227443605075,-0.0398445929931573,317136.05,346.12311972817344
2025-06-05,410.0499877929688,423.0,410.0499877929688,417.3500061035156,55080,0.0,0.0,0.010165829042910746,0.7732083066569805,-0.0398445929931573,318076.5,346.83184496573904
2025-06-06,414.0,431.1499938964844,414.0,428.9500122070313,140335,0.0,0.0,0.027794431373839634,0.7711842094018727,-0.0398445929931573,323581.0,347.6489411571947
2025-06-09,433.0,450.8999938964844,412.3500061035156,422.75,302283,0.0,0.0,-0.014453927102440312,0.7749352118833591,-0.0398445929931573,336762.0,348.39621537453604
2025-06-10,422.0499877929688,426.4500122070313,418.7000122070313,424.2000122070313,68362,0.0,0.0,0.003429951997708569,0.7771957750134193,-0.034204489891318204,335843.35,349.1504820096853
2025-06-11,424.0,466.6000061035156,421.5,464.7999877929688,811400,0.0,0.0,0.09570951064971367,0.8147542078605688,-0.034204489891318204,373823.5,350.3012233607627
2025-06-12,464.7999877929688,466.3999938964844,440.5,443.9500122070313,235313,0.0,0.0,-0.04485795209449206,0.8490402006938881,-0.034204489891318204,383631.25,351.2330521055017
2025-06-13,430.0,446.1499938964844,422.0499877929688,436.0,200576,0.0,0.0,-0.017907449011002385,0.858660308391926,-0.034204489891318204,391446.25,352.0765043233574
2025-06-16,440.0,445.8999938964844,401.3500061035156,431.0499877929688,263842,0.0,0.0,-0.011353239006952287,0.865733665688666,-0.034204489891318204,400723.35,352.8623101290252
2025-06-17,435.1000061035156,461.0,430.0,442.3999938964844,281732,0.0,0.0,0.02633106698744858,0.8660769415123386,-0.034204489891318204,407118.7,353.7532323555671
2025-06-18,451.2000122070313,451.2000122070313,427.0,432.5,90929,0.0,0.0,-0.022377925029539725,0.5773447432071396,-0.034204489891318204,252511.75,354.5367822823774
2025-06-19,433.8999938964844,453.3999938964844,413.1000061035156,419.1499938964844,182569,0.0,0.0,-0.030867066135296217,0.5200717572842148,-0.034204489891318204,246510.05,355.17969981087595
2025-06-20,418.0,429.75,417.9500122070313,423.8999938964844,55635,0.0,0.0,0.011332458712078886,0.5172592119162525,-0.034204489891318204,215584.85,355.8634838316283
2025-06-23,423.0,442.5,416.7999877929688,435.8500061035156,204572,0.0,0.0,0.0281906401960208,0.50964011791201,-0.034204489891318204,187889.8,356.6593696253784
2025-06-24,444.0,462.6000061035156,433.0499877929688,458.9500122070313,319043,0.0,0.0,0.05299989854314546,0.4951111030780597,-0.034204489891318204,189925.2,357.67718696449936
2025-06-25,460.0,480.0,455.7999877929688,472.8500061035156,459532,0.0,0.0,0.030286509482026158,0.5033743738084147,-0.03283944922280867,207361.2,358.8231851648876
2025-06-26,472.8500061035156,472.8500061035156,453.1000061035156,456.0,171908,0.0,0.0,-0.03563499182831109,0.5168191336776735,-0.035818976032474324,210765.7,359.790118645834
2025-06-27,461.0,462.9500122070313,441.5499877929688,445.3500061035156,159391,0.0,0.0,-0.02335524977299208,0.5226106523010998,-0.035818976032474324,213405.75,360.64146080959205
2025-06-30,449.0,484.8999938964844,447.75,469.3500061035156,448387,0.0,0.0,0.053890197981543375,0.5509490256834964,-0.035818976032474324,230955.8,361.72313787719327
2025-07-01,474.0,481.2999877929688,466.3500061035156,471.8500061035156,192600,0.0,0.0,0.0053265153243624574,0.5498181495369425,-0.035818976032474324,236534.95,362.81892761078853
2025-07-02,475.0,477.1499938964844,457.8500061035156,462.8999938964844,159075,0.0,0.0,-0.018967917963887415,0.5553299569539201,-0.035818976032474324,240128.2,363.81475911611886
2025-07-03,464.7999877929688,465.2000122070313,458.1000061035156,461.1000061035156,82286,0.0,0.0,-0.0038885025204197232,0.5491218839472315,-0.032655465018645434,241488.5,364.78277152395367
2025-07-04,460.8999938964844,462.8500061035156,442.5,447.8999938964844,182365,0.0,0.0,-0.02862722193082745,0.5615383770941573,-0.030948645219438242,243590.0,365.6098085624863
2025-07-07,448.0,449.6000061035156,426.1499938964844,428.7999877929688,210786,0.0,0.0,-0.04264346140609643,0.5766652548991753,-0.032655465018645434,239015.15,366.2385665647797
2025-07-08,425.25,436.0,425.1000061035156,426.5499877929688,94347,0.0,0.0,-0.005247201641914057,0.57451522994306,-0.032655465018645434,240314.4,366.8386802088413
2025-07-09,429.8999938964844,429.8999938964844,418.6499938964844,420.25,124546,0.0,0.0,-0.014769635384508706,0.5770136796568789,-0.032655465018645434,205971.7,367.3701361271613
2025-07-10,421.25,429.0,412.25,417.1499938964844,154739,0.0,0.0,-0.007376576094028864,0.4607341318972445,-0.032655465018645434,201943.0,367.8654580950153
2025-07-11,417.2000122070313,422.4500122070313,410.2000122070313,416.0,104900,0.0,0.0,-0.0027567875184237867,0.4370146051332046,-0.032655465018645434,197159.2,368.3444087607366
2025-07-14,418.7999877929688,418.7999877929688,406.0,407.5,90071,0.0,0.0,-0.02043269230769229,0.4382052727451023,-0.032655465018645434,188470.65,368.7340166337641
2025-07-15,406.0499877929688,427.8500061035156,406.0499877929688,426.0499877929688,156605,0.0,0.0,0.04552144243673317,0.467610562089171,-0.032655465018645434,182214.3,369.30432480450247
2025-07-16,427.8500061035156,430.3999938964844,415.5499877929688,416.9500122070313,68473,0.0,0.0,-0.021358938731760868,0.4627437992237579,-0.032655465018645434,181091.5,369.77841124631874
2025-07-17,416.9500122070313,424.2999877929688,416.0,418.3500061035156,48966,0.0,0.0,0.0033577020158215287,0.4573119985402528,-0.032655465018645434,174411.35,370.2617106976341
2025-07-18,418.0,421.3500061035156,411.2000122070313,414.5499877929688,40430,0.0,0.0,-0.009083347090011906,0.44557627745426936,-0.032655465018645434,173651.1,370.70239007171705
2025-07-21,414.5499877929688,415.5499877929688,406.1000061035156,407.8500061035156,85069,0.0,0.0,-0.01616205979192853,0.44682319561553774,-0.03110546241994696,167675.95,371.07201809193396
2025-07-22,410.0,415.75,407.0,413.0,36096,0.0,0.0,0.012627176215310065,0.43695231582161187,-0.03110546241994696,153528.6,371.48921194176546
2025-07-23,415.2000122070313,427.3999938964844,409.2000122070313,423.0499877929688,110696,0.0,0.0,0.02433411087885906,0.40113538627825357,-0.03110546241994696,136086.8,372.0022544875486
2025-07-24,423.0499877929688,452.4500122070313,416.0,447.1000061035156,305663,0.0,0.0,0.05684911713628593,0.43822250899985016,-0.03110546241994696,142774.55,372.74949579716025
2025-07-25,460.0,473.0,424.3999938964844,429.7999877929688,891085,0.0,0.0,-0.038693844943812006,0.4412714016777181,-0.03578793448408614,179359.25,373.31716238418323
2025-07-28,430.2000122070313,443.9500122070313,425.7000122070313,431.4500122070313,158436,0.0,0.0,0.0038390517936852664,0.4350502869069847,-0.03578793448408614,164861.7,373.8955987008285
2025-07-29,429.9500122070313,432.5,416.0499877929688,423.0,86231,0.0,0.0,-0.01958514768328845,0.3900398162486357,-0.03578793448408614,159543.25,374.38419970878044
2025-07-30,423.0,439.0,423.0,429.75,79735,0.0,0.0,0.015957446808510634,0.3951722249026462,-0.03578793448408614,155576.25,374.93510319426525
2025-07-31,420.0,460.0,412.0,447.3500061035156,243124,0.0,0.0,0.04095405725076362,0.4205593618105792,-0.03578793448408614,163618.15,375.6556494918697
2025-08-01,444.0,453.7000122070313,434.25,437.25,103793,0.0,0.0,-0.022577413581567063,0.4269462919628735,-0.03578793448408614,159689.55,376.2685286014034
2025-08-04,431.0499877929688,450.0,423.0,434.5499877929688,72305,0.0,0.0,-0.006174985036091929,0.41637863537567044,-0.03578793448408614,152765.5,376.84844361823485
2025-08-05,428.0499877929688,440.7999877929688,425.0,429.7999877929688,62246,0.0,0.0,-0.010930848310742647,0.39019471536270056,-0.03578793448408614,151160.45,377.3753246547994
2025-08-06,429.0,432.2000122070313,418.25,421.3500061035156,44583,0.0,0.0,-0.019660265075492456,0.39597219164952246,-0.03578793448408614,147162.3,377.8128836741896
2025-08-07,416.0,439.7000122070313,416.0,427.7000122070313,119235,0.0,0.0,0.01507062065155318,0.39571721311163544,-0.03578793448408614,145387.1,378.3092730128249
2025-08-08,425.1000061035156,439.8999938964844,422.6000061035156,430.0499877929688,88722,0.0,0.0,0.005494448255474849,0.39474188241679686,-0.03578793448408614,144578.2,378.82410599571193
2025-08-11,431.1499938964844,438.8999938964844,420.3500061035156,436.6000061035156,118635,0.0,0.0,0.015230830127822337,0.39706978283933125,-0.03578793448408614,146006.4,379.3989905738991
2025-08-12,444.0,476.8500061035156,442.0,446.3500061035156,853640,0.0,0.0,0.02233165337539722,0.3934331525683231,-0.03578793448408614,180858.15,380.06516983290027
2025-08-13,448.0,456.75,425.3999938964844,429.3999938964844,124814,0.0,0.0,-0.03797471037359024,0.39041033475782916,-0.038010667102101325,183675.2,380.55606360467726
2025-08-14,431.6000061035156,437.8500061035156,418.5,422.2000122070313,126938,0.0,0.0,-0.01676754026966465,0.3874604789341199,-0.038010667102101325,187573.8,380.97043125246194
2025-08-18,424.7999877929688,428.8999938964844,414.0,415.7999877929688,98821,0.0,0.0,-0.015158749950305972,0.3912579995888984,-0.038010667102101325,190493.35,381.31699400410884
2025-08-19,460.0,498.9500122070313,455.2999877929688,498.9500122070313,7658458,0.0,0.0,0.19997601456271275,0.7935483804857548,-0.038010667102101325,569162.8,382.48747179717276
2025-08-20,520.0,548.0,511.0,535.2000122070312,7058040,0.0,0.0,0.0726525686203583,0.8160454983292007,-0.038010667102101325,920260.0,384.006999562445
2025-08-21,521.0,529.4500122070312,495.5499877929688,507.1000061035156,901828,0.0,0.0,-0.052503747127430334,0.8481653212558505,-0.03889132576692623,959816.6,385.23180559767957
2025-08-22,509.5499877929688,536.2000122070312,505.7999877929688,523.25,1229196,0.0,0.0,0.031847749363244304,0.8500421212380741,-0.03889132576692623,1005993.25,386.60512096486684
2025-08-25,533.0,553.5,523.5499877929688,542.9500122070312,1376177,0.0,0.0,0.03764933054377684,0.8396566077912714,-0.03889132576692623,1030247.85,388.1607915244904
2025-08-26,546.4500122070312,547.0,525.2999877929688,530.2999877929688,324863,0.0,0.0,-0.023298690725950144,0.829923734378735,-0.03889132576692623,1038569.2,389.57511188537075
2025-08-28,530.0,530.2999877929688,503.6499938964844,510.0,241084,0.0,0.0,-0.03828019660617821,0.8473098285627352,-0.03889132576692623,1046311.85,390.77336947855116
2025-08-29,505.0,543.8499755859375,503.0499877929688,525.9500122070312,535607,0.0,0.0,0.03127453373927702,0.8438111838632022,-0.03889132576692623,1069105.45,392.1184106997301
2025-09-01,529.8499755859375,548.0,527.75,545.2999877929688,402922,0.0,0.0,0.03679052217289569,0.8482189265878374,-0.03889132576692623,1077095.35,393.6426054966778
2025-09-02,550.0499877929688,567.9500122070312,518.0499877929688,527.4500122070312,448471,0.0,0.0,-0.03273423067215342,0.8556295582508477,-0.03889132576692623,1094329.25,394.9740224788704
2025-09-03,530.0499877929688,542.0,521.7999877929688,534.7000122070312,176943,0.0,0.0,0.013745378390766394,0.8478727691156515,-0.03889132576692623,1099561.15,396.36433083437447
2025-09-04,535.0,549.7999877929688,522.0,527.1500244140625,191352,0.0,0.0,-0.014120044175434665,0.8503301375265643,-0.03889132576692623,1106016.45,397.665681019247
2025-09-05,531.0,579.5,528.6500244140625,549.7999877929688,1018972,0.0,0.0,0.042966826007609704,0.8537003633826855,-0.03889132576692623,1154735.9,399.1794552160005
2025-09-08,555.0,579.0,545.2000122070312,573.8499755859375,682175,0.0,0.0,0.04374315810648022,0.8513190857928276,-0.0383008790230599,1182882.9,400.91747034405967
2025-09-09,577.0,579.0,555.3499755859375,564.0,262809,0.0,0.0,-0.01716472249716494,0.8590945441634352,-0.0383008790230599,1191587.25,402.54018208192974
2025-09-10,569.0,576.3499755859375,550.0,559.1500244140625,311947,0.0,0.0,-0.008599247492796946,0.8623489701115108,-0.0383008790230599,1201252.85,404.0984889708067
2025-09-11,559.1500244140625,562.4500122070312,533.0999755859375,535.75,244861,0.0,0.0,-0.04184927728221699,0.8836339900153742,-0.03885161656073226,1170813.9,405.40845425467927
2025-09-12,538.4000244140625,543.7000122070312,516.0,521.25,264072,0.0,0.0,-0.027064862342510487,0.8922963098558324,-0.03885161656073226,1177776.8,406.5611064511501
2025-09-15,532.7000122070312,536.25,515.4000244140625,520.7999877929688,162724,0.0,0.0,-0.0008633327712829209,0.8769042334405597,-0.03885161656073226,1179566.1,407.6978117381334
2025-09-16,523.5,536.0,508.5,512.5,245026,0.0,0.0,-0.015936996903825218,0.8765824977731792,-0.03885161656073226,1186876.35,408.74061958153504
2025-09-17,515.0,519.7999877929688,505.7999877929688,508.2000122070313,131615,0.0,0.0,-0.008390220083841382,0.8743850446578347,-0.03885161656073226,810534.2,409.7302652793012
2025-09-18,510.6000061035156,525.4500122070312,505.8500061035156,514.3499755859375,183195,0.0,0.0,0.012101462477731806,0.541437539636173,-0.03885161656073226,466791.95,410.7712574216558
2025-09-19,519.7999877929688,527.0,515.0,523.0,163329,0.0,1.1,0.016817390540766697,0.4807823680608002,-0.03885161656073226,429867.0,411.887961327908
2025-09-22,527.0,534.9000244140625,502.25,509.6499938964844,224302,0.0,0.0,-0.025525824289704846,0.45237157417425555,-0.03885161656073226,379622.3,412.86071787087894
2025-09-23,512.2999877929688,540.0,511.0,531.4500122070312,390068,0.0,0.0,0.04277448949597096,0.4633252452238048,-0.03885161656073226,330316.85,414.0407108493481
2025-09-24,533.0499877929688,534.7000122070312,515.3499755859375,518.3499755859375,107503,0.0,0.0,-0.0246496120428924,0.45159063486963613,-0.03885161656073226,319448.85,415.07861398105547
2025-09-25,514.2999877929688,527.9000244140625,510.0,512.5,150538,0.0,0.0,-0.011285764177619062,0.4462782771387746,-0.03885161656073226,314921.55,416.0479810061196
2025-09-26,515.0,515.0,471.25,474.6499938964844,492877,0.0,0.0,-0.0738536704458842,0.49753966433936414,-0.04188898648841096,312785.05,416.6310856119939
2025-09-29,474.7000122070313,480.7999877929688,460.0,462.5499877929688,271054,0.0,0.0,-0.02549248132120363,0.48709859911136294,-0.04188898648841096,306191.65,417.08799011130714
2025-09-30,460.0,468.9500122070313,442.3999938964844,449.0499877929688,221604,0.0,0.0,-0.02918603471251724,0.4679130051225266,-0.04188898648841096,294848.3,417.40601993898537
2025-10-01,452.0499877929688,466.0,450.2999877929688,462.5499877929688,144107,0.0,0.0,0.030063468137146554,0.4778825296276109,-0.03885161656073226,293206.5,417.8552136489753
2025-10-03,467.0,468.9500122070313,452.2000122070313,466.1499938964844,140340,0.0,0.0,0.007782955785368806,0.47524917722351717,-0.03885161656073226,290655.9,418.3357587260649
2025-10-06,466.4500122070313,470.75,451.8500061035156,468.0499877929688,337538,0.0,0.0,0.004075928180546917,0.47555165271557326,-0.03885161656073226,256584.2,418.8304276720043
2025-10-07,466.0,494.5,464.1499938964844,488.25,493347,0.0,0.0,0.043157809494412724,0.4757958655860418,-0.03885161656073226,247142.8,419.5211696852182
2025-10-08,488.8999938964844,505.7000122070313,482.1000061035156,500.1499938964844,489976,0.0,0.0,0.024372747355830837,0.4549615844944784,-0.03885161656073226,258501.15,420.3234465430417
2025-10-09,495.0,521.5,491.8500061035156,518.8499755859375,252113,0.0,0.0,0.03738874721114849,0.4770032805546805,-0.03885161656073226,255509.45,421.30381001610533
2025-10-10,517.9000244140625,526.9000244140625,498.5,500.7000122070313,137288,0.0,0.0,-0.03498113950648152,0.489135270433133,-0.03885161656073226,250130.8,422.0938219782041
2025-10-13,496.6499938964844,530.9500122070312,492.0,527.4500122070312,481935,0.0,0.0,0.0534252034108984,0.5091154612572821,-0.03885161656073226,261023.95,423.1421422789885
2025-10-14,525.5999755859375,529.2000122070312,506.1000061035156,509.25,127828,0.0,0.0,-0.03450566268996025,0.5146754011177584,-0.03885161656073226,259279.15,423.9989368831777
2025-10-15,506.0,507.0,494.25,497.2999877929688,163563,0.0,0.0,-0.023465905168446155,0.5207382030472837,-0.03885161656073226,255206.0,424.7283005738224
2025-10-16,497.5,510.0,496.0,500.5,95434,0.0,0.0,0.006434772341807005,0.5187846091659486,-0.03885161656073226,253396.95,425.4822478317944
2025-10-17,513.0,513.0,482.3999938964844,487.6499938964844,112153,0.0,0.0,-0.025674337869162067,0.5254601661207767,-0.03885161656073226,249844.85,426.1008323697515
2025-10-20,488.3999938964844,534.0,488.3999938964844,526.0,616768,0.0,0.0,0.07864248248438677,0.5932507849167712,-0.03885161656073226,272516.8,427.0948539382117
2025-10-21,532.9500122070312,541.0,532.9500122070312,538.5,162800,0.0,0.0,0.023764258555132978,0.5959588380543525,-0.03885161656073226,269441.7,428.2033628542494
2025-10-23,540.0,544.4000244140625,522.2999877929688,525.7999877929688,158241,0.0,0.0,-0.023584052380745124,0.5948632861314367,-0.03845865063998015,257850.35,429.1744735501571
2025-10-24,525.4500122070312,534.7000122070312,511.0,528.0,221407,0.0,0.0,0.0041841237316602164,0.5763931337756202,-0.03845865063998015,263545.55,430.1578121217973
2025-10-27,528.0,532.5,520.75,524.5999755859375,113000,0.0,0.0,-0.006439440178148681,0.5698703585312183,-0.03845865063998015,261668.65,431.097535141341
2025-10-28,534.7999877929688,572.0,520.4000244140625,550.7000122070312,1836543,0.0,0.0,0.049752264269440793,0.5918465800152455,-0.03845865063998015,328851.95,432.2876095400046
2025-10-29,553.0,581.0,548.25,570.8499755859375,811843,0.0,0.0,0.03658972749637601,0.5288934127350484,-0.03845865063998015,355891.4,433.6663395504119
2025-10-30,581.0,581.0,568.0,572.6500244140625,408605,0.0,0.0,0.0031532782781980018,0.5142225948152052,-0.03845865063998015,365241.45,435.0492617878612
2025-10-31,576.0,585.4500122070312,570.5,573.7000122070312,320726,0.0,0.0,0.0018335593262972516,0.49475594430286174,-0.03845865063998015,374072.4,436.4288712447684
2025-11-03,578.0,661.9500122070312,566.5499877929688,645.0,4353232,0.0,0.0,0.12428095917006665,0.6274914148276599,-0.03845865063998015,584717.0,438.5042058592483
2025-11-04,639.7999877929688,653.7999877929688,617.75,623.4500122070312,618277,0.0,0.0,-0.0334108337875485,0.6506457992336744,-0.03845865063998015,598753.95,440.3444626388283
2025-11-06,624.0,628.2000122070312,586.3499755859375,591.75,359161,0.0,0.0,-0.05084611690809382,0.6886658334869432,-0.04229911926351083,592044.65,441.85098539864094
2025-11-07,588.0,596.75,566.9000244140625,583.0999755859375,362488,0.0,0.0,-0.014617700741972994,0.6849061533245282,-0.04229911926351083,585670.25,443.2564479875693
2025-11-10,587.75,605.0,567.0999755859375,585.75,505337,0.0,0.0,0.004544717072573423,0.6828664760563115,-0.04229911926351083,598331.45,444.67429427625024
2025-11-11,525.0,538.9500122070312,475.3999938964844,504.2999877929688,3246658,0.0,0.0,-0.13905251763897775,0.8432118414765716,-0.05092899841906064,753799.95,445.2675847590037
2025-11-12,506.9500122070313,516.9500122070312,496.6000061035156,502.8500061035156,453192,0.0,0.0,-0.002875236415925575,0.8337100610015822,-0.05092899841906064,752362.8,445.840544175367
2025-11-13,502.5,506.0499877929688,493.0,496.2000122070313,202087,0.0,0.0,-0.013224607369529129,0.8131526413692489,-0.05092899841906064,756075.75,446.34163340951295
2025-11-14,496.1499938964844,496.5,479.7000122070313,486.2999877929688,319261,0.0,0.0,-0.01995168111751655,0.8072834379903082,-0.05092899841906064,763860.65,446.7392289755175
2025-11-17,495.0,505.5499877929688,488.0,490.4500122070313,304659,0.0,0.0,0.008533877273773083,0.8036405611317211,-0.05092899841906064,774321.9,447.1741621420003
2025-11-18,488.0,491.2999877929688,478.25,482.1499938964844,159928,0.0,0.0,-0.016923270677875468,0.8055650708795072,-0.05092899841906064,776710.65,447.5221803684131
2025-11-19,482.2000122070313,491.7999877929688,479.4500122070313,484.8999938964844,152765,0.0,0.0,0.0057036192778432415,0.8005466432692218,-0.04229911926351083,753510.5,447.894098910981
2025-11-20,482.5,487.1499938964844,475.2999877929688,484.1000061035156,125704,0.0,0.0,-0.0016497995525640574,0.7490308367977763,-0.04229911926351083,751655.7,448.2543566939913
2025-11-21,484.0499877929688,488.7000122070313,467.0,469.5499877929688,200647,0.0,0.0,-0.030055811045446634,0.7481213331439782,-0.04229911926351083,753776.0,448.4662535208468
2025-11-24,467.5,469.5499877929688,446.6000061035156,449.6499938964844,159535,0.0,0.0,-0.04238099119120542,0.7566532421309146,-0.042804247477049834,750682.4,448.47803203204717
2025-11-25,451.0,461.0499877929688,446.25,454.1000061035156,125882,0.0,0.0,0.009896613515924413,0.7579107742802395,-0.042804247477049834,751326.5,448.5339720725593
2025-11-26,458.5,469.2999877929688,454.0,464.25,112025,0.0,0.0,0.022351891125433232,0.7642621044249001,-0.042804247477049834,665100.6,448.69035045989705
2025-11-27,464.6499938964844,477.2999877929688,463.5,474.1499938964844,136465,0.0,0.0,0.021324704138900197,0.7448475479614002,-0.042804247477049834,631331.7,448.94368024533577
2025-11-28,477.2000122070313,479.5,468.1499938964844,475.1499938964844,100461,0.0,0.0,0.0021090372516556766,0.7294011299275043,-0.042804247477049834,615924.5,449.20443958514824
2025-12-01,472.0499877929688,483.75,470.0,470.8500061035156,120545,0.0,0.0,-0.009049748181003903,0.7283418923905703,-0.042804247477049834,605915.45,449.41981835647533
2025-12-02,470.7999877929688,470.7999877929688,456.7000122070313,459.2000122070313,74231,0.0,0.0,-0.024742473708119883,0.7295187052080171,-0.042804247477049834,391965.4,449.51713371817243
2025-12-03,459.1499938964844,463.8500061035156,450.0,458.2999877929688,73401,0.0,0.0,-0.001959983427998524,0.5456777062361055,-0.042804247477049834,364721.6,449.6045253010062
2025-12-04,458.25,462.8999938964844,447.7000122070313,451.4500122070313,73611,0.0,0.0,-0.014946488693846294,0.5417920327128595,-0.042804247477049834,350444.1,449.62288835479757
2025-12-05,451.3999938964844,454.25,446.2000122070313,450.8999938964844,67992,0.0,0.0,-0.0012183371263144727,0.5271011868174693,-0.042804247477049834,335719.3,449.63559587262534
2025-12-08,450.2000122070313,451.7999877929688,429.0,435.75,147066,0.0,0.0,-0.03359945464972092,0.5322317468449504,-0.042804247477049834,317805.75,449.4974307395644
2025-12-09,433.6499938964844,458.75,427.8999938964844,455.7999877929688,158392,0.0,0.0,0.04601259390239543,0.5678441827945384,-0.042804247477049834,163392.45,449.560142750046
2025-12-10,455.75,462.5499877929688,451.0,452.0,54558,0.0,0.0,-0.008336963349579563,0.32621087494243584,-0.042804247477049834,143460.75,449.58441993661273
2025-12-11,455.0,472.8500061035156,449.25,469.5,102717,0.0,0.0,0.03871681415929196,0.3597199640922416,-0.042804247477049834,138492.25,449.78258491236784
2025-12-12,469.5,469.7999877929688,460.0,461.5,50921,0.0,0.0,-0.017039403620873306,0.36132287222000165,-0.042804247477049834,125075.25,449.8991761072697
2025-12-15,461.9500122070313,464.8999938964844,458.3999938964844,462.0,30196,0.0,0.0,0.0010834236186347823,0.35634849429413945,-0.042804247477049834,111352.1,450.01958231515755
2025-12-16,462.0,463.8999938964844,455.1499938964844,456.3999938964844,31864,0.0,0.0,-0.01212122533228488,0.35569300402609777,-0.042804247477049834,104948.9,450.0830689975588
2025-12-17,451.8500061035156,459.5499877929688,450.9500122070313,452.25,37067,0.0,0.0,-0.009092887712495501,0.35290482750367225,-0.042804247477049834,99164.0,450.1046305000707
2025-12-18,452.2999877929688,452.2999877929688,441.4500122070313,442.5,45033,0.0,0.0,-0.021558872305140975,0.3572285700485242,-0.042804247477049834,95130.45,450.0289625348959
2025-12-19,444.9500122070313,454.3999938964844,440.2999877929688,445.2000122070313,60143,0.0,0.0,0.006101722501765661,0.3589057902448168,-0.042804247477049834,88105.25,449.9809132779023
2025-12-22,445.1499938964844,469.0,435.2000122070313,461.9500122070313,153274,0.0,0.0,0.03762353895042292,0.3726853805943826,-0.042804247477049834,87792.2,450.10000878963496
2025-12-23,464.8999938964844,465.0499877929688,448.5499877929688,453.0,60441,0.0,0.0,-0.01937441708091181,0.3478129888644101,-0.042804247477049834,84520.15,450.128864423569
2025-12-24,454.8500061035156,458.3500061035156,449.0,450.7000122070313,21927,0.0,0.0,-0.005077235746067776,0.34662505737266536,-0.03535113209071771,80015.25,450.13454748609104
2025-12-26,450.6499938964844,451.1499938964844,441.0499877929688,442.7000122070313,35597,0.0,0.0,-0.017750165927053807,0.34164952156212197,-0.03535113209071771,74971.85,450.06057201067756
2025-12-29,438.75,455.9500122070313,436.6000061035156,442.7999877929688,80467,0.0,0.0,0.00022583145060028897,0.3311225070089218,-0.03535113209071771,73972.15,449.9883273915959
2025-12-30,442.75,443.6499938964844,432.9500122070313,435.2999877929688,47346,0.0,0.0,-0.016937669843628433,0.333946828095696,-0.03535113209071771,70312.2,449.84217475877375
2025-12-31,435.75,455.2999877929688,435.75,439.1499938964844,96359,0.0,0.0,0.00884448934408577,0.33625174745595726,-0.03535113209071771,71418.6,449.7357848994475
2026-01-01,439.1499938964844,446.2999877929688,438.0,440.6499938964844,26091,0.0,0.0,0.0034156894474501875,0.32745110638321534,-0.03535113209071771,69053.1,449.645379018821
2026-01-02,440.5,451.0,439.0499877929688,449.1499938964844,61883,0.0,0.0,0.01928968595877656,0.3354645413838318,-0.03535113209071771,68466.7,449.64044981362366
2026-01-05,445.0,455.0,435.7999877929688,443.0499877929688,66030,0.0,0.0,-0.013581222723831221,0.334769148060458,-0.03535113209071771,68368.6,449.57487307709977
2026-01-06,444.5499877929688,444.5499877929688,430.7000122070313,434.5499877929688,68035,0.0,0.0,-0.019185194073342182,0.3408603671420248,-0.03535113209071771,64417.05,449.425371730989
2026-01-07,434.5499877929688,447.5,433.6000061035156,444.1000061035156,55069,0.0,0.0,0.021976800319452927,0.3291664219107785,-0.03489942911502251,59250.9,449.37238301827784
2026-01-08,444.0,473.0,441.7999877929688,446.1499938964844,286392,0.0,0.0,0.004616049909467623,0.2864766008435424,-0.03489942911502251,70842.6,449.3403194449267
2026-01-09,446.2000122070313,464.5499877929688,443.0,445.5499877929688,148501,0.0,0.0,-0.0013448528784576474,0.285199785354118,-0.03403853147679514,73131.8,449.3026047021212
2026-01-12,445.5,445.5499877929688,421.9500122070313,438.0499877929688,91711,0.0,0.0,-0.016833128056295665,0.2518449441618907,-0.03403853147679514,75171.3,449.1906383647167
2026-01-13,437.8999938964844,450.5,437.8999938964844,448.7999877929688,62610,0.0,0.0,0.02454057824350553,0.2639080798352933,-0.03403853147679514,76792.0,449.18675129435104
2026-01-14,448.7999877929688,450.0,440.7999877929688,443.25,45693,0.0,0.0,-0.012366283297514324,0.2665431799507509,-0.03403853147679514,77483.45,449.12767914216846
2026-01-15,443.25,443.25,443.25,443.25,0,0.0,0.0,0.0,0.26394537390598866,-0.03403853147679514,75630.1,449.06919477259464
2026-01-16,443.3999938964844,444.6000061035156,438.0,440.0499877929688,33389,0.0,0.0,-0.007219429683093526,0.26332393724925984,-0.03403853147679514,75047.9,448.97945141956353
2026-01-19,440.0,440.0499877929688,432.1000061035156,435.2999877929688,35909,0.0,0.0,-0.010794228228077407,0.2553418652936778,-0.03403853147679514,73836.2,448.84333735362725
2026-01-20,435.2999877929688,435.2999877929688,406.3999938964844,414.4500122070313,287894,0.0,0.0,-0.047897946635950484,0.30164834486000497,-0.042656838963442675,80567.2,448.50111521286516
2026-01-21,410.0499877929688,420.5,406.4500122070313,411.0,111341,0.0,0.0,-0.008324314405636746,0.262721333036527,-0.042656838963442675,83112.2,448.12796978786156
2026-01-22,413.4500122070313,422.2000122070313,402.3999938964844,406.1499938964844,61833,0.0,0.0,-0.011800501468407831,0.2589345490902558,-0.042656838963442675,85107.5,447.7102784854598
2026-01-23,406.8999938964844,410.0499877929688,385.7999877929688,396.1499938964844,94971,0.0,0.0,-0.0246214456488425,0.26765768985843885,-0.042656838963442675,88076.2,447.1972408278581
2026-01-27,393.0,393.0,372.9500122070313,384.9500122070313,143737,0.0,0.0,-0.028272073361131134,0.27584042008221543,-0.042656838963442675,91239.7,446.57786541869564
2026-01-28,388.6499938964844,395.0,385.2000122070313,393.5,52880,0.0,0.0,0.02221064429625308,0.29258854788235494,-0.042656838963442675,91516.4,446.04972745433054
2026-01-29,393.4500122070313,394.1000061035156,370.1000061035156,372.7999877929688,173723,0.0,0.0,-0.05260485948419613,0.33347593347904253,-0.04804535514955765,95384.6,445.32087432337175
2026-01-30,372.75,390.8999938964844,364.7000122070313,381.1499938964844,149808,0.0,0.0,0.02239808577502611,0.34477572139085505,-0.04804535514955765,101570.45,444.68235810021866
2026-02-02,378.0,378.0,352.8999938964844,370.8500061035156,160642,0.0,0.0,-0.02702344997483086,0.34983786092908364,-0.042656838963442675,106508.4,443.94770783159476
2026-02-03,379.3999938964844,394.0,373.1000061035156,379.5499877929688,116554,0.0,0.0,0.023459570031730603,0.35419908908843223,-0.042656838963442675,109034.6,443.3069344978771
2026-02-04,379.6000061035156,384.0,374.0,381.0,98137,0.0,0.0,0.003820345813901449,0.35571327742805603,-0.042656838963442675,110539.7,442.6869650003858
2026-02-05,380.2000122070313,388.0,370.7000122070313,379.4500122070313,70470,0.0,0.0,-0.0040682094303640115,0.3529884231557587,-0.03403853147679514,111309.75,442.0577415895067
2026-02-06,379.4500122070313,379.5,368.3999938964844,374.2000122070313,46197,0.0,0.0,-0.013835814550285375,0.3384739501169456,-0.03403853147679514,99300.0,441.3825403021189
2026-02-09,375.0,398.3999938964844,375.0,395.0499877929688,108105,0.0,0.0,0.055718799855094536,0.40252242113666226,-0.03403853147679514,97280.2,440.9215198791423
2026-02-10,399.7999877929688,415.5,387.9500122070313,393.2999877929688,177496,0.0,0.0,-0.0044298191471331405,0.4022658978378916,-0.03403853147679514,101569.45,440.44767378873263
2026-02-11,365.1000061035156,378.6000061035156,352.3999938964844,362.8500061035156,816171,0.0,0.0,-0.07742177125487704,0.47222431463659736,-0.042656838963442675,139247.5,439.6755576923623
2026-02-12,365.75,365.75,333.25,337.04998779296875,451045,0.0,0.0,-0.07110381115216657,0.5031208897741261,-0.048133292278362765,159515.1,438.65440774311463
2026-02-13,337.0,344.3999938964844,321.3500061035156,322.8999938964844,268160,0.0,0.0,-0.04198188520681967,0.5129725854206182,-0.048133292278362765,172923.1,437.50262253071037
2026-02-16,322.8500061035156,326.0,314.3999938964844,324.6000061035156,168513,0.0,0.0,0.005264825763905856,0.5151628763163253,-0.048133292278362765,179679.3,436.37921341203185
2026-02-17,326.25,334.5,324.20001220703125,331.45001220703125,91401,0.0,0.0,0.021102914278230633,0.529161571436416,-0.048133292278362765,182453.9,435.33514175825076
2026-02-18,333.70001220703125,334.3999938964844,327.70001220703125,331.95001220703125,39395,0.0,0.0,0.0015085231002727184,0.5314798685440082,-0.048133292278362765,170028.95,434.30643400152223
2026-02-19,328.6499938964844,336.70001220703125,323.6000061035156,325.1000061035156,96228,0.0,0.0,-0.020635655525276464,0.5166434851849508,-0.048133292278362765,169273.3,433.21980287815904
2026-02-20,325.1499938964844,334.0,319.0,322.3999938964844,82139,0.0,0.0,-0.008305174273578908,0.5166447304254435,-0.048133292278362765,170288.6,432.1171182116747
2026-02-23,323.54998779296875,329.0,314.1000061035156,318.8500061035156,73213,0.0,0.0,-0.011011128598558795,0.5166362083959148,-0.048133292278362765,169200.7,430.99008227030004
2026-02-24,315.54998779296875,317.0,311.1499938964844,315.20001220703125,67130,0.0,0.0,-0.011447369693006637,0.5142519165955327,-0.048133292278362765,165370.35,429.8379422696705
2026-02-25,317.0,319.3999938964844,313.0,317.6499938964844,46739,0.0,0.0,0.007772784246733888,0.5135530052393765,-0.048133292278362765,165063.3,428.72164427590747
2026-02-26,319.0,334.0,317.95001220703125,322.1499938964844,88401,0.0,0.0,0.014166535767246025,0.5082001457582495,-0.048133292278362765,160797.2,427.6612298442715
2026-02-27,324.75,334.70001220703125,317.75,327.75,70083,0.0,0.0,0.017383225856322904,0.49001290767239186,-0.048133292278362765,156810.95,426.66708825378123
2026-03-02,308.0,327.79998779296875,305.04998779296875,321.5,96224,0.0,0.0,-0.019069412662090057,0.481078637739156,-0.048133292278362765,153590.05,425.62064956468885
2026-03-04,313.1499938964844,318.29998779296875,306.8500061035156,312.6499938964844,146240,0.0,0.0,-0.027527235158680052,0.4813376834091622,-0.048133292278362765,155074.35,424.49656343863705
2026-03-05,316.3999938964844,317.3999938964844,309.6000061035156,311.54998779296875,83800,0.0,0.0,-0.0035183308011828007,0.4682631268322824,-0.048133292278362765,154357.5,423.3727169147996
2026-03-06,311.8500061035156,317.95001220703125,305.79998779296875,308.3999938964844,40383,0.0,0.0,-0.01011071744473191,0.46596310231905,-0.048133292278362765,152853.15,422.2287097205875
2026-03-09,307.79998779296875,312.54998779296875,298.0,309.29998779296875,116953,0.0,0.0,0.002918268204591623,0.4676332281970694,-0.048133292278362765,156390.95,421.1050408456859
2026-03-10,314.95001220703125,320.0,308.79998779296875,314.45001220703125,97226,0.0,0.0,0.016650580722006758,0.47573334758179475,-0.048133292278362765,155847.0,420.04379677962964
2026-03-11,319.0,321.6000061035156,305.3500061035156,308.1499938964844,130122,0.0,0.0,-0.020035039166730884,0.41701761250010655,-0.048133292278362765,153478.3,418.93042560666305
2026-03-12,308.79998779296875,312.6000061035156,296.1000061035156,305.70001220703125,112717,0.0,0.0,-0.007950614109945908,0.41645192173329826,-0.048133292278362765,118305.6,417.80375482656723
2026-03-13,305.70001220703125,305.70001220703125,289.04998779296875,293.6499938964844,168074,0.0,0.0,-0.03941778812356134,0.357372245611001,-0.048133292278362765,104157.05,416.56839402129276
2026-03-16,296.6000061035156,301.95001220703125,284.5,288.45001220703125,142484,0.0,0.0,-0.017708093981048,0.2817985084205234,-0.048133292278362765,97873.25,415.29358425199666
2026-03-17,291.0,291.54998779296875,273.29998779296875,279.75,254854,0.0,0.0,-0.03016124749125315,0.2659641862723064,-0.048133292278362765,102190.3,413.9448918713798
2026-03-18,279.75,293.0,279.0,286.3999938964844,150367,0.0,0.0,0.02377120248966702,0.28357371091777506,-0.048133292278362765,105138.6,412.67578840894305
2026-03-19,284.75,291.25,276.29998779296875,283.25,190251,0.0,0.0,-0.010998582275189905,0.2665025161022331,-0.048133292278362765,112681.4,411.38796961880433
2026-03-20,285.0,296.5,284.0,286.29998779296875,87078,0.0,0.0,0.010767829807480034,0.2722360483855702,-0.048133292278362765,112223.9,410.1433130832239
2026-03-23,286.25,286.29998779296875,274.0,277.3500061035156,110283,0.0,0.0,-0.03126085250106647,0.28133703595881226,-0.048133292278362765,113631.1,408.8219866456149
2026-03-24,285.04998779296875,286.0,272.20001220703125,278.20001220703125,110080,0.0,0.0,0.0030647416073910083,0.2836163987150884,-0.048133292278362765,115474.45,407.52226550692257
2026-03-25,281.25,291.3999938964844,281.0,282.79998779296875,152764,0.0,0.0,0.01653477851939944,0.29436517046718674,-0.048133292278362765,119756.15,406.2812478182265
2026-03-27,282.70001220703125,282.70001220703125,258.6499938964844,263.79998779296875,276770,0.0,0.0,-0.0671852928576131,0.36364807988806674,-0.053333881152866976,131257.7,404.86352383787573
2026-03-30,258.5,268.79998779296875,250.0,251.0,202580,0.0,0.0,-0.04852156324970802,0.38422476080403867,-0.053333881152866976,136966.65,403.33254350118045
2026-04-01,256.0,276.04998779296875,255.0,269.20001220703125,246481,0.0,0.0,0.0725100087929531,0.4746387400868633,-0.053333881152866976,145786.55,401.99789144850234
2026-04-02,265.0,270.5,256.3500061035156,267.0,328022,0.0,0.0,-0.008172407530722237,0.46552658805203834,-0.053333881152866976,157376.45,400.6546288470247
2026-04-06,267.0,276.25,265.0,272.0,117720,0.0,0.0,0.01872659176029967,0.47387543046247,-0.053333881152866976,155950.45,399.3744832863578
2026-04-07,274.0,281.70001220703125,270.79998779296875,279.0,75400,0.0,0.0,0.025735294117646967,0.48138106317550655,-0.053333881152866976,155530.45,398.1767272337573
2026-04-08,292.0,302.1499938964844,286.0,298.3500061035156,141645,0.0,0.0,0.06935486058607743,0.5460025983331254,-0.053333881152866976,160593.55,397.1834265259937
2026-04-09,302.8500061035156,305.0,290.1499938964844,294.0,136429,0.0,0.0,-0.014580211210072358,0.5471091790707526,-0.053333881152866976,161567.35,396.156725764541
2026-04-10,294.75,305.0,294.75,299.8500061035156,90450,0.0,0.0,0.01989797994393072,0.5520593569159713,-0.053333881152866976,161228.55,395.1984499470184
2026-04-13,295.70001220703125,306.0,287.25,301.1000061035156,91141,0.0,0.0,0.004168750957331824,0.5487417644859611,-0.053333881152866976,159279.5,394.2621470232025
2026-04-15,309.25,322.3500061035156,306.79998779296875,320.0,124674,0.0,0.0,0.06276982236256323,0.5871256374252706,-0.053333881152866976,159877.35,393.52322018715074
2026-04-16,320.0,330.0,316.3500061035156,326.95001220703125,148005,0.0,0.0,0.0217187881469727,0.5894975064781236,-0.053333881152866976,158873.9,392.8608002072491
2026-04-17,328.95001220703125,336.8999938964844,326.6499938964844,331.29998779296875,128386,0.0,0.0,0.013304711495722543,0.5686536323669789,-0.053333881152866976,158169.0,392.2482548100921
2026-04-20,332.0,333.3999938964844,322.04998779296875,323.8999938964844,139453,0.0,0.0,-0.022336233531975447,0.571342291344499,-0.053333881152866976,152398.95,391.56817261194675
2026-04-21,323.8999938964844,329.3999938964844,319.25,322.0,96257,0.0,0.0,-0.005865989293879381,0.5579293041004582,-0.053333881152866976,149693.45,390.8759519889423
2026-04-22,325.0,334.95001220703125,317.3999938964844,331.3999938964844,131211,0.0,0.0,0.029192527628833398,0.5602565236172765,-0.053333881152866976,146741.45,390.2841514109079
2026-04-23,333.3999938964844,333.3999938964844,322.29998779296875,327.54998779296875,60254,0.0,0.0,-0.011617399440019938,0.5605188866184905,-0.053333881152866976,145400.25,389.6599308773961
2026-04-24,329.45001220703125,332.0,316.5,321.8500061035156,73556,0.0,0.0,-0.01740186811747302,0.566928513890577,-0.053333881152866976,143563.9,388.9852052577555
2026-04-27,321.5,333.54998779296875,318.29998779296875,327.6499938964844,57993,0.0,0.0,0.01802077888140019,0.5513974999045593,-0.053333881152866976,140959.55,388.3749046471956
2026-04-28,327.6499938964844,339.0,327.0,331.29998779296875,100089,0.0,0.0,0.011139917486577167,0.5510968395714361,-0.053333881152866976,138325.8,387.8069950267555
2026-04-29,331.29998779296875,334.6499938964844,322.0,324.54998779296875,38079,0.0,0.0,-0.02037428387778306,0.5594423783149335,-0.053333881152866976,126391.25,387.1775720692054
2026-04-30,322.8500061035156,329.29998779296875,317.20001220703125,320.3500061035156,59933,0.0,0.0,-0.012940939292631515,0.4966388824748717,-0.049454749730103276,119258.9,386.5126211640742
2026-05-01,320.3500061035156,320.3500061035156,320.3500061035156,320.3500061035156,0,0.0,0.0,0.0,0.45127855096565556,-0.049454749730103276,106934.85,385.85428668585973
2026-05-04,320.3500061035156,326.75,317.0,322.8500061035156,137131,0.0,0.0,0.007803964265236107,0.3941126166519937,-0.049454749730103276,97390.3,385.2273784213588
2026-05-05,319.1499938964844,333.6000061035156,319.1499938964844,327.29998779296875,68957,0.0,0.0,0.013783433809279044,0.38938436780582136,-0.049454749730103276,94952.15,384.65098647480767
2026-05-06,327.3500061035156,344.8500061035156,326.3500061035156,340.5,168518,0.0,0.0,0.040330011302599944,0.4024406965179174,-0.049454749730103276,99608.05,384.2116731765509
2026-05-07,343.20001220703125,365.0,338.0,358.8500061035156,193870,0.0,0.0,0.05389135419534696,0.4264851155099958,-0.049454749730103276,102219.3,383.95931828030183
2026-05-08,356.3999938964844,362.5,350.1000061035156,352.6499938964844,85158,0.0,0.0,-0.017277447684486802,0.3841832595158581,-0.049454749730103276,99655.75,383.6477827142937
2026-05-11,350.0,365.6499938964844,342.3999938964844,343.8500061035156,85599,0.0,0.0,-0.024953886134340464,0.393523864857531,-0.049454749730103276,99413.2,383.2517849370721
2026-05-12,342.04998779296875,349.8999938964844,323.1000061035156,327.04998779296875,91107,0.0,0.0,-0.04885856627115848,0.4365590316691358,-0.0497749026004812,99411.5,382.69256307494175
2026-05-13,323.0,350.0,322.0,341.04998779296875,110647,0.0,0.0,0.04280691185612384,0.4562633725433984,-0.04853841340078054,98710.15,382.27820909203655
2026-05-14,343.79998779296875,350.8999938964844,325.0,328.20001220703125,154879,0.0,0.0,-0.0376776896228419,0.4317553001007105,-0.04230886910896409,99053.85,381.74011758074295
2026-05-15,327.0,327.04998779296875,313.5,317.3500061035156,149458,0.0,0.0,-0.03305912766594099,0.44112140290405805,-0.03987297687986867,100107.45,381.0994199541039
2026-05-18,317.3500061035156,319.04998779296875,292.95001220703125,304.5,219324,0.0,0.0,-0.04049158927485297,0.45809804596086456,-0.04089308797359572,104101.0,380.3372366709785
2026-05-19,304.5,319.79998779296875,300.0,308.75,172810,0.0,0.0,0.013957307060755264,0.4566583261313154,-0.04089308797359572,107928.65,379.62492585833195
2026-05-20,308.75,318.0,304.0,306.20001220703125,133609,0.0,0.0,-0.008259069774797623,0.45699628349387267,-0.04089308797359572,108048.55,378.8943297025976
2026-05-21,307.3500061035156,332.5,307.1499938964844,326.0,218536,0.0,0.0,0.06466357610587337,0.5018220939274047,-0.04089308797359572,115962.65,378.3680179642633
2026-05-22,326.0,328.6000061035156,319.0,324.70001220703125,148740,0.0,0.0,-0.0039876926164685855,0.5003498249232496,-0.04089308797359572,119721.85,377.8340079567286
2026-05-25,329.8999938964844,336.75,325.79998779296875,330.79998779296875,132009,0.0,0.0,0.01878649632463869,0.5001470965099382,-0.04089308797359572,123422.65,377.36600775609423
2026-05-26,330.79998779296875,336.20001220703125,327.3500061035156,332.3500061035156,66537,0.0,0.0,0.004685666166097224,0.49681200282905513,-0.04089308797359572,121745.05,376.9180873416407
2026-05-27,330.0,336.79998779296875,326.0,327.95001220703125,47686,0.0,0.0,-0.013239036605023902,0.49780674012379533,-0.04089308797359572,122225.4,376.4308428129381
2026-05-28,327.95001220703125,327.95001220703125,327.95001220703125,327.95001220703125,0,0.0,0.0,0.0,0.4922825595776293,-0.04089308797359572,119228.75,375.94844648850125
2026-05-29,327.95001220703125,331.54998779296875,316.6000061035156,319.75,59582,0.0,0.0,-0.025003847848173444,0.49830826089283614,-0.04089308797359572,122207.85,375.3892579662276
2026-06-01,320.1000061035156,334.79998779296875,316.3999938964844,319.1499938964844,116734,0.0,0.0,-0.0018764850774530828,0.4983685062641584,-0.04089308797359572,121188.0,374.829663298867
2026-06-02,314.3999938964844,372.75,314.3999938964844,361.6499938964844,4615170,0.0,0.0,0.13316622532596623,0.6787540014336767,-0.04089308797359572,348498.65,374.6985223097886
2026-06-03,364.8999938964844,409.7999877929688,364.8999938964844,391.6000061035156,10812385,0.0,0.0,0.08281491141294994,0.7286871295653365,-0.04089308797359572,880692.0,374.8666962778854
2026-06-04,389.8999938964844,393.8999938964844,375.0,387.0,309660,0.0,0.0,-0.011746695689018094,0.7232750936048221,-0.04089308797359572,886481.5,374.98742566815525
2026-06-05,385.0,393.7000122070313,375.5499877929688,384.5,249375,0.0,0.0,-0.006459948320413411,0.704000361691659,-0.04089308797359572,894692.35,375.08207814906916
2026-06-08,380.0,382.5,363.0,366.0499877929688,194890,0.0,0.0,-0.04798442706640105,0.7235629790249641,-0.0480112838755664,900156.9,374.9922066032373
2026-06-09,368.75,373.8999938964844,360.7999877929688,371.8500061035156,140255,0.0,0.0,0.015844880491642677,0.7176751022986406,-0.0480112838755664,902614.3,374.9609409266232
2026-06-10,375.5499877929688,380.7999877929688,363.0,367.5,105451,0.0,0.0,-0.011698281651512654,0.6939030343318152,-0.0480112838755664,902354.5,374.88670270844784
2026-06-11,366.9500122070313,370.75,356.29998779296875,360.3500061035156,98785,0.0,0.0,-0.019455765704719408,0.6862658930764577,-0.0480112838755664,899549.8,374.74205896113506
2026-06-12,369.7999877929688,393.0,366.3999938964844,381.3999938964844,326185,0.0,0.0,0.05841539457868583,0.6943441642416631,-0.0480112838755664,908386.15,374.80830706994453
2026-06-15,395.0,395.0,381.5499877929688,387.25,147917,0.0,0.0,0.015338243830972376,0.6782941259056855,-0.0480112838755664,904815.8,374.9321050095471
2026-06-16,387.6499938964844,392.0,380.3500061035156,382.0,74342,0.0,0.0,-0.01355713363460298,0.6589961946581733,-0.0480112838755664,899892.4,375.002432322885
2026-06-17,383.0,396.7000122070313,383.0,386.3999938964844,179133,0.0,0.0,0.011518308629540286,0.6589422103715067,-0.0480112838755664,902168.6,375.11584089575666
2026-06-18,386.3999938964844,390.6499938964844,376.6000061035156,378.3999938964844,89771,0.0,0.0,-0.02070393407444815,0.6650315291128307,-0.0480112838755664,895730.35,375.1485190350674
2026-06-19,378.3999938964844,385.8500061035156,371.1000061035156,375.0,70143,0.0,0.0,-0.008985184860797024,0.6384583041858872,-0.0480112838755664,891800.5,375.1470412337235
2026-06-22,379.1000061035156,404.0,375.0,396.0499877929688,495161,0.0,0.0,0.05613330078125012,0.6585715369111316,-0.0480112838755664,909958.1,375.35503075172596
2026-06-23,398.0,402.0,383.0,385.4500122070313,164970,0.0,0.0,-0.026764236618228465,0.6699676380785585,-0.0480112838755664,914879.75,375.4554783283957
2026-06-24,383.0,389.3999938964844,381.0,382.3500061035156,70684,0.0,0.0,-0.008042563251627555,0.6722358999779672,-0.04086623116443037,916029.65,375.52408059481485
2026-06-25,381.0,386.0,376.6000061035156,380.4500122070313,60849,0.0,0.0,-0.0049692529518881035,0.6696250226915564,-0.03781838460544246,919072.1,375.5730948397125
2026-06-26,380.4500122070313,380.4500122070313,380.4500122070313,380.4500122070313,0,0.0,0.0,0.0,0.6696250226915564,-0.03781838460544246,916093.0,375.62162138068084
2026-06-29,379.5,392.0,371.3500061035156,375.2999877929688,92051,0.0,0.0,-0.013536665130293057,0.6636762414540373,-0.03781838460544246,914858.85,375.6184210464748
2026-06-30,378.2999877929688,384.8999938964844,378.0499877929688,382.5499877929688,61486,0.0,0.0,0.019317879658443893,0.6635820929748427,-0.03781838460544246,687174.65,375.6873918598728
2026-07-01,383.7000122070313,392.4500122070313,381.5,385.7000122070313,74473,0.0,0.0,0.008234281831338786,0.4880290863518239,-0.03781838460544246,150279.05,375.7870199230286
2026-07-02,390.0,404.0,385.5499877929688,392.0499877929688,245202,0.0,0.0,0.016463508905799618,0.397995652534523,-0.03781838460544246,147056.15,375.94884049884894
2026-07-03,393.5,397.1499938964844,375.9500122070313,381.2000122070313,120811,0.0,0.0,-0.027674980037665664,0.40779996603786983,-0.03781838460544246,140627.95,376.001090963607
2026-07-06,382.2000122070313,389.0,377.3999938964844,387.3999938964844,69129,0.0,0.0,0.016264379566928833,0.4111348290094895,-0.03781838460544246,134339.9,376.11451288333717
2026-07-07,395.0,407.7000122070313,388.2999877929688,404.3500061035156,846645,0.0,0.0,0.04375325883861625,0.39690429684510603,-0.03781838460544246,169659.4,376.3954630646325
2026-07-08,404.4500122070313,444.3999938964844,396.5,402.7999877929688,2781515,0.0,0.0,-0.0038333579501665938,0.39600893580562163,-0.03781838460544246,303462.6,376.6581946539692
2026-07-09,403.0,432.4500122070313,403.0,418.6000061035156,671661,0.0,0.0,0.03922546869258525,0.40946435760326166,-0.03781838460544246,332106.4,377.0755261111786
2026-07-10,419.7000122070313,434.5,411.7999877929688,419.0499877929688,390808,0.0,0.0,0.0010749681865553917,0.39909215774259776,-0.03781838460544246,335337.55,377.49318244632076
2026-07-13,416.0,420.0,407.2999877929688,409.25,187021,0.0,0.0,-0.0233862023110486,0.3669228960655542,-0.03781838460544246,337292.75,377.8091706806857
2026-07-14,407.5499877929688,408.2000122070313,384.5,393.5499877929688,173914,0.0,0.0,-0.038362888716020005,0.39162553549268647,-0.038469323743961656,342271.35,377.96579572657913
2026-07-15,394.0,423.7999877929688,392.2999877929688,418.6499938964844,602549,0.0,0.0,0.06377844462472626,0.44346568327960584,-0.038469323743961656,363442.15,378.370613618817
2026-07-16,425.0,446.0,418.7999877929688,437.4500122070313,604018,0.0,0.0,0.04490629065958007,0.4644818998902456,-0.038469323743961656,389154.5,378.95846833113757
2026-07-17,437.4500122070313,437.4500122070313,418.3500061035156,422.0,195850,0.0,0.0,-0.03531834901337094,0.477767617905195,-0.038469323743961656,395439.85,379.3867422780914
2026-07-20,420.0,427.3999938964844,407.8999938964844,419.0,186005,0.0,0.0,-0.007109004739336511,0.47708807040135154,-0.038469323743961656,379982.05,379.7809040464686
2026-07-21,419.0,442.6000061035156,417.5499877929688,437.8999938964844,428619,0.0,0.0,0.04510738400115599,0.46375083669754286,-0.038469323743961656,393164.5,380.3592034479613
2026-07-22,440.0,441.75,412.0,418.0,292403,0.0,0.0,-0.045444152029809226,0.48404251093074446,-0.04073921741260078,404250.45,380.73373873703633
2026-07-23,418.0,425.6000061035156,408.2000122070313,412.3500061035156,164436,0.0,0.0,-0.013516731809771199,0.48616907619882205,-0.04073921741260078,409429.8,381.048328462076
2026-07-24,410.0,422.0499877929688,404.0499877929688,418.9500122070313,213185,0.0,0.0,0.01600583486315954,0.48669744373664925,-0.04073921741260078,420089.05,381.42545964361784
2026-07-27,424.3999938964844,426.5499877929688,415.1499938964844,418.9500122070313,112574,0.0,0.0,0.0,0.48669744373664925,-0.04073921741260078,421115.2,381.79883827608967
2026-07-28,420.5,431.2999877929688,408.5499877929688,419.9500122070313,138178,0.0,0.0,0.0023869196106045543,0.48214178366730576,-0.04073921741260078,424949.8,382.1784519470443
2026-07-29,419.0,432.8999938964844,418.1000061035156,428.0,143438,0.0,0.0,0.01916891905934781,0.48208944746481225,-0.04073921741260078,428398.05,382.63438774856627
2026-07-30,430.0,434.7000122070313,417.7999877929688,424.4500122070313,142414,0.0,0.0,-0.008294364002263355,0.48443074815169007,-0.04073921741260078,423258.65,383.05046361382466
2026-07-31,423.25,429.9500122070313,419.0499877929688,426.8999938964844,71606,0.0,0.0,0.005772132451389966,0.4826580497403023,-0.04073921741260078,420798.4,383.4867773479805
2026-08-03,433.0,434.0,420.1000061035156,422.8500061035156,105745,0.0,0.0,-0.00948697083830552,0.47136115653161786,-0.04073921741260078,422629.2,383.878451265946
2026-08-04,420.25,425.8999938964844,413.4500122070313,422.9500122070313,247856,0.0,0.0,0.00023650491207805047,0.46995987697302205,-0.038469323743961656,392689.75,384.26722301660357
2026-08-05,428.1499938964844,432.3500061035156,422.0,428.3999938964844,152589,0.0,0.0,0.012885640222621175,0.44926881586520306,-0.038469323743961656,261243.45,384.7063550651596
2026-08-06,430.0,466.0,425.0,454.3999938964844,1064006,0.0,0.0,0.060690943908562334,0.49038295332062465,-0.038469323743961656,280860.7,385.3998241082574
2026-08-07,454.4500122070313,485.0,454.3999938964844,467.0499877929688,1276168,0.0,0.0,0.027838895392604757,0.4822411819523771,-0.038469323743961656,325128.7,386.2122635479063
2026-08-10,474.0499877929688,476.8500061035156,461.0,474.5,489047,0.0,0.0,0.015951209510219666,0.48321012075743236,-0.035470575998503395,340230.0,387.09074848772815
2026-08-11,379.6000061035156,379.6000061035156,379.6000061035156,379.6000061035156,139036,0.0,0.0,-0.19999998713695333,0.8603747448927492,-0.03871695188170946,338486.1,387.0162137376365
2026-08-12,351.0,366.0,321.0,326.45001220703125,2273511,0.0,0.0,-0.14001578778160118,0.9784148181915143,-0.04557116578163882,422034.2,386.4135649661877
2026-08-13,328.3999938964844,343.95001220703125,327.5,332.25,810553,0.0,0.0,0.01776684814240559,0.9490910153945868,-0.04557116578163882,432360.95,385.87462402125055
2026-08-14,334.8999938964844,336.3999938964844,325.5,327.70001220703125,241233,0.0,0.0,-0.013694470407731418,0.92858688107313,-0.04557116578163882,434630.1,385.2957721624026
2026-08-17,329.0,330.0,310.25,314.6000061035156,264493,0.0,0.0,-0.0399756045637234,0.9302080232551365,-0.04557116578163882,438554.5,384.5923317041053
2026-08-18,306.1000061035156,314.6000061035156,303.5,306.20001220703125,459971,0.0,0.0,-0.02670055223622736,0.9313633117454018,-0.04557116578163882,440122.1,383.81230862453236
2026-08-19,307.0,328.79998779296875,305.0,315.95001220703125,761084,0.0,0.0,0.031841932107461,0.922019278999586,-0.04557116578163882,463556.15,383.13706189401
2026-08-20,321.0,321.8999938964844,311.0,311.79998779296875,202377,0.0,0.0,-0.01313506647799445,0.9147442394913657,-0.04557116578163882,465453.2,382.42724026116383
2026-08-21,311.79998779296875,322.0,311.3500061035156,319.0,106552,0.0,0.0,0.023091765519285268,0.9227891732384762,-0.04557116578163882,460121.55,381.7961234426448
2026-08-24,320.0,324.0,312.0,313.6000061035156,94729,0.0,0.0,-0.01692788055324257,0.9179702970207966,-0.04557116578163882,459229.3,381.1175551109122
2026-08-25,310.20001220703125,318.0,310.20001220703125,315.79998779296875,62974,0.0,0.0,0.007015247597689678,0.9194398551357655,-0.04557116578163882,455469.1,380.46762906794754
2026-08-26,316.04998779296875,317.75,312.0,313.45001220703125,71268,0.0,0.0,-0.007441341598398266,0.9181856048022815,-0.04557116578163882,451860.6,379.8007871091325
2026-08-27,313.8999938964844,316.0,312.0,314.8500061035156,52671,0.0,0.0,0.0044664024308911365,0.9132829079856175,-0.04557116578163882,447373.45,379.154510681216
2026-08-28,316.0,316.0,312.20001220703125,313.29998779296875,39351,0.0,0.0,-0.004923037257421159,0.9135655828565686,-0.04557116578163882,445760.7,378.4992417967558
2026-08-31,313.29998779296875,316.0,310.5,314.6000061035156,70780,0.0,0.0,0.004149436199167411,0.9131714630117211,-0.04024903193702769,444012.45,377.86342850627585
2026-09-01,311.6499938964844,319.95001220703125,311.6499938964844,316.75,70734,0.0,0.0,0.0068340554824304345,0.9156383423760089,-0.04024903193702769,435156.35,377.255334690293
2026-09-02,316.75,318.3500061035156,312.8500061035156,314.1000061035156,71474,0.0,0.0,-0.008366200146754155,0.9146852499600805,-0.04024903193702769,431100.6,376.62692346057383
2026-09-03,315.0,328.0,314.04998779296875,320.04998779296875,184860,0.0,0.0,0.018942953116314998,0.9170258280361502,-0.04024903193702769,387143.3,376.0639688768166
2026-09-04,320.04998779296875,343.0,320.04998779296875,333.6499938964844,605651,0.0,0.0,0.042493381103682726,0.9008677958891794,-0.04024903193702769,353617.45,375.64193927502225
2026-09-07,335.8999938964844,342.0,330.1499938964844,336.25,292854,0.0,0.0,0.007792615468538822,0.8920806070912578,-0.04024903193702769,343807.8,375.24997968024593
2026-09-08,345.0,345.0,328.1499938964844,334.5,315202,0.0,0.0,-0.005204460966542701,0.8861666069479539,-0.04024903193702769,352616.1,374.8445072456167
2026-09-09,333.04998779296875,367.9500122070313,333.04998779296875,367.9500122070313,846199,0.0,0.0,0.10000003649336708,0.6823545435532986,-0.04024903193702769,281250.5,374.77590530493427
2026-09-10,369.0,396.6000061035156,364.3500061035156,367.6000061035156,1484997,0.0,0.0,-0.0009512327541892907,0.4571661261597442,-0.04024903193702769,314972.7,374.70450332283065
2026-09-11,367.8500061035156,404.3500061035156,363.0,404.3500061035156,870661,0.0,0.0,0.09997279485803712,0.5606823821921539,-0.04024903193702769,346444.1,374.99948345000166
2026-09-14,404.3500061035156,404.3500061035156,404.3500061035156,404.3500061035156,0,0.0,0.0,0.0,0.5553827851220015,-0.04024903193702769,333219.45,375.2915284515292
2026-09-15,415.0,429.7999877929688,388.8999938964844,395.3999938964844,745010,0.0,0.0,-0.022134319455753837,0.5380733503842714,-0.04024903193702769,347471.4,375.49161268481237
2026-09-16,391.5,433.7999877929688,388.0499877929688,416.8500061035156,1168248,0.0,0.0,0.05424889362200358,0.5387919586018375,-0.04024903193702769,367829.6,375.90313898748605
2026-09-17,419.0,429.8999938964844,412.3500061035156,415.6499938964844,279777,0.0,0.0,-0.002878762599161977,0.5388032621171175,-0.04024903193702769,371699.6,376.29863008110794
2026-09-18,415.9500122070313,457.2000122070313,413.0,446.8999938964844,1020903,0.0,0.0,0.07518344871618754,0.5694343053798282,-0.04024903193702769,417417.15,377.00113121359925
2026-09-21,452.0,469.2000122070313,449.2000122070313,469.2000122070313,192390,0.0,0.0,0.04989934798636919,0.5800032223127285,-0.04024903193702769,422300.2,377.918533014529
2026-09-22,479.8999938964844,483.3999938964844,445.75,445.75,431598,0.0,0.0,-0.04997871184343483,0.6160855902542767,-0.04567088002049051,440731.4,378.59347298453366
2026-09-23,433.0,459.9500122070313,422.4500122070313,446.8500061035156,611308,0.0,1.1,0.002467764674179751,0.6172681505457671,-0.04567088002049051,467733.4,379.27264246830464
