date,open,high,low,close,volume,split_ratio,dividend,daily_return,rolling_volatility_ann,var_95_threshold,avg_volume_20d,ema_200
2021-11-08,2100.0,2142.0,2072.89990234375,2127.550048828125,1074704,0.0,0.0,0.013481028380671667,0.3786659211707996,-0.042705700109626044,1451633.35,2269.6528231786715
2021-11-09,2148.0,2227.0,2145.949951171875,2172.449951171875,1688961,0.0,0.0,0.02110404047532577,0.3825578826861025,-0.042291757487990855,1386058.15,2268.685630422385
2021-11-10,2175.0,2175.0,2125.050048828125,2146.60009765625,629894,0.0,0.0,-0.011898940871655439,0.36234516601773165,-0.04187781486635567,1278951.35,2267.4708490018265
2021-11-11,2157.0,2157.0,2100.10009765625,2125.60009765625,635400,0.0,0.0,-0.009782912067752503,0.35945466366000395,-0.04146387224472048,1142516.6,2266.0591997347065
2021-11-12,2159.0,2207.39990234375,2125.050048828125,2154.89990234375,1747671,0.0,0.0,0.013784250725151326,0.3370534970001263,-0.04104992962308529,1143323.65,2264.9531370741
2021-11-15,2174.89990234375,2204.64990234375,2165.199951171875,2192.89990234375,1026161,0.0,0.0,0.01763422976569351,0.3312261648502337,-0.0406359870014501,1156156.6,2264.236189464843
2021-11-16,2204.0,2213.85009765625,2176.85009765625,2190.0,986146,0.0,0.0,-0.0013224052500757644,0.33059352840498035,-0.040222044379814914,1154547.25,2263.497520912954
2021-11-17,2183.0,2200.949951171875,2144.25,2157.550048828125,869570,0.0,0.0,-0.014817329302226012,0.31738075755306216,-0.039808101758179726,1156741.1,2262.4433172106174
2021-11-18,2159.0,2244.699951171875,2154.050048828125,2187.89990234375,1984968,0.0,0.0,0.014066813204221873,0.3217965089987895,-0.03939415913654454,1171420.3,2261.7015916895543
2021-11-22,2215.0,2215.0,2043.9000244140625,2093.89990234375,2459397,0.0,0.0,-0.042963574293003126,0.32220510843107614,-0.04284753091048344,1228908.5,2260.03192313885
2021-11-23,2090.0,2217.14990234375,2042.800048828125,2191.699951171875,2245983,0.0,0.0,0.046707127078355226,0.3507386522649196,-0.042834637201314585,1296402.6,2259.3520030197756
2021-11-24,2209.0,2249.949951171875,2113.64990234375,2140.550048828125,1886355,0.0,0.0,-0.02333800405315556,0.35130120786698266,-0.04282174349214573,1290054.15,2258.169894022844
2021-11-25,2140.550048828125,2198.25,2132.050048828125,2184.800048828125,1755041,0.0,0.0,0.02067225665862149,0.30619102798311515,-0.042808849782976874,1281524.2,2257.4398458119513
2021-11-26,2160.0,2160.0,2080.60009765625,2091.050048828125,855393,0.0,0.0,-0.042910105229210904,0.3432116384160232,-0.042928819401538185,1239748.9,2255.7842259414656
2021-11-29,2055.0,2086.800048828125,1973.0999755859373,2056.199951171875,1362057,0.0,0.0,-0.016666314455639597,0.34227985176510345,-0.04292614594834857,1243255.7,2253.798312759679
2021-11-30,2079.0,2172.449951171875,1977.449951171875,2005.8499755859373,19073002,0.0,0.0,-0.024486906323114233,0.3498082442448719,-0.04292347249515896,2135982.75,2251.331165126109
2021-12-01,2032.550048828125,2098.050048828125,1994.0,2016.699951171875,1502267,0.0,0.0,0.005409166048307323,0.3508475938617555,-0.04292079904196935,2163410.05,2248.996526181291
2021-12-02,2035.8499755859373,2093.0,2012.25,2089.699951171875,1161648,0.0,0.0,0.0361977496739565,0.3750043973281154,-0.042918125588779735,2190775.2,2247.4114856339334
2021-12-03,2090.0,2120.0,2070.0,2084.199951171875,626496,0.0,0.0,-0.0026319568017004746,0.3746687171194639,-0.04291545213559013,2182549.45,2245.7874902661515
2021-12-06,2080.0,2107.699951171875,2052.25,2057.64990234375,360997,0.0,0.0,-0.01273872442670232,0.37389095108901965,-0.04291277868240052,2196605.55,2243.9154744659286
2021-12-07,2074.0,2099.949951171875,2036.800048828125,2088.85009765625,611232,0.0,0.0,0.015163024223392663,0.3763509588178633,-0.042910105229210904,2173431.95,2242.3725353931954
2021-12-08,2104.5,2139.0,2095.699951171875,2124.800048828125,549828,0.0,0.0,0.01721040260965201,0.37824717875079894,-0.04289988497323166,2116475.3,2241.202659904986
2021-12-09,2130.0,2141.0,2115.0,2133.449951171875,317527,0.0,0.0,0.004070925331783881,0.370922686153896,-0.04288966471725242,2100856.95,2240.130493648935
2021-12-10,2133.449951171875,2156.0,2122.449951171875,2148.85009765625,397700,0.0,0.0,0.0072184240722008575,0.369495491194875,-0.042879444461273175,2088971.95,2239.222231002242
2021-12-13,2155.0,2179.89990234375,2145.550048828125,2149.449951171875,383648,0.0,0.0,0.00027915093578623207,0.3676725026438351,-0.04286922420529393,2020770.8,2238.328974486517
2021-12-14,2154.449951171875,2174.64990234375,2142.699951171875,2155.85009765625,368847,0.0,0.0,0.0029775740909370185,0.36475348799287605,-0.04285900394931469,1987905.1,2237.5082891449224
2021-12-15,2159.0,2177.699951171875,2107.050048828125,2159.199951171875,786329,0.0,0.0,0.0015538434324662287,0.35932270635974867,-0.042848783693335446,1977914.25,2236.7291017024045
2021-12-16,2184.800048828125,2235.699951171875,2162.0,2216.39990234375,872308,0.0,0.0,0.026491271056592325,0.3712338108330558,-0.0428385634373562,1978051.15,2236.5268211117714
2021-12-17,2230.0,2242.0,2153.300048828125,2164.550048828125,1548050,0.0,0.0,-0.023393726673961668,0.37693412964087253,-0.04282834318137696,1956205.25,2235.8106343228797
2021-12-20,2116.0,2145.0,2029.550048828125,2074.64990234375,653629,0.0,0.0,-0.04153294886068648,0.4000739484194982,-0.04281812292539772,1865916.85,2234.207044949953
2021-12-21,2093.449951171875,2190.85009765625,2082.35009765625,2172.85009765625,752135,0.0,0.0,0.047333381502856264,0.40644830237885454,-0.042807902669418474,1791224.45,2233.5965280614582
2021-12-22,2174.0,2314.0,2170.0,2306.0,2460901,0.0,0.0,0.06127891771612437,0.42911234689661404,-0.04279768241343923,1819951.75,2234.316960618061
2021-12-23,2323.64990234375,2341.449951171875,2301.0,2322.449951171875,1336372,0.0,0.0,0.007133543439668211,0.4186074020554079,-0.04278746215745999,1799018.3,2235.1939057977006
2021-12-24,2323.050048828125,2350.39990234375,2291.0,2315.949951171875,877618,0.0,0.0,-0.002798768600684065,0.4148639100269347,-0.042777241901480745,1800129.55,2235.997448537742
2021-12-27,2321.0,2369.89990234375,2292.5,2344.0,940361,0.0,0.0,0.012111681780485606,0.3803179420927234,-0.0427670216455015,1779044.75,2237.072100791098
2021-12-28,2355.5,2393.949951171875,2350.0,2389.14990234375,744414,0.0,0.0,0.019261903730268815,0.3739797257491708,-0.04275680138952226,862615.35,2238.585312746846
2021-12-29,2393.0,2409.949951171875,2377.0,2391.699951171875,516093,0.0,0.0,0.001067345680412668,0.3565687085693653,-0.042746581133543016,813306.65,2240.1088414873934
2021-12-30,2384.0,2415.0,2371.699951171875,2403.550048828125,547990,0.0,0.0,0.004954675711074774,0.3566242379447418,-0.04273636087756377,782623.75,2241.7351221574504
2021-12-31,2408.0,2428.14990234375,2405.199951171875,2420.10009765625,348706,0.0,0.0,0.006885668486992458,0.3422384008810177,-0.04272614062158453,768734.25,2243.509898033061
2022-01-03,2420.10009765625,2444.0,2406.050048828125,2412.5,385132,0.0,0.0,-0.0031404063260070947,0.34242754833902966,-0.04271592036560529,769941.0,2245.191391584971
2022-01-04,2412.5,2437.949951171875,2368.0,2429.25,423163,0.0,0.0,0.006943005181347051,0.3346811183851616,-0.04271592036560529,760537.55,2247.022820524424
2022-01-05,2428.0,2440.0,2371.0,2416.60009765625,578855,0.0,0.0,-0.005207328329216887,0.3367326350165633,-0.04271592036560529,761988.9,2248.7101566152883
2022-01-06,2385.0,2450.0,2381.0,2410.5,594570,0.0,0.0,-0.0025242478729378126,0.3362620464812126,-0.04271592036560529,775841.05,2250.320005803196
2022-01-07,2430.050048828125,2533.949951171875,2350.0,2504.949951171875,2348058,0.0,0.0,0.03918272191324412,0.3548946256284717,-0.04271592036560529,873358.95,2252.8536371003975
2022-01-10,2520.0,2550.800048828125,2485.699951171875,2530.25,811329,0.0,0.0,0.010100021685578664,0.3549644173278822,-0.04271592036560529,894743.0,2255.6137999153193
2022-01-11,2530.25,2565.0,2522.449951171875,2532.85009765625,573897,0.0,0.0,0.0010276050414979032,0.35476749671557584,-0.04271592036560529,904995.5,2258.3723700420946
2022-01-12,2540.14990234375,2635.75,2507.60009765625,2626.10009765625,1090603,0.0,0.0,0.03681623325687067,0.3677615761438108,-0.04271592036560529,920209.2,2262.031352406415
2022-01-13,2630.0,2669.800048828125,2610.5,2656.800048828125,800652,0.0,0.0,0.01169032025826966,0.3666096012908504,-0.04271592036560529,916626.4,2265.9593991369793
2022-01-14,2654.0,2680.0,2641.39990234375,2652.699951171875,452448,0.0,0.0,-0.0015432466052756055,0.3637403660677316,-0.0416018066791127,861846.3,2269.807563833844
2022-01-17,2655.0,2679.300048828125,2612.699951171875,2640.449951171875,662580,0.0,0.0,-0.0046179365271177275,0.34826123730037867,-0.0416018066791127,862293.85,2273.4955477874564
2022-01-18,2655.699951171875,2669.60009765625,2593.050048828125,2615.14990234375,616685,0.0,0.0,-0.009581718758538305,0.3037391809959563,-0.0416018066791127,855521.35,2276.895093603937
2022-01-19,2617.0,2623.5,2525.10009765625,2556.89990234375,728794,0.0,0.0,-0.022274057769229638,0.2951542197444421,-0.025339208449992844,768916.0,2279.6812111038357
2022-01-20,2550.550048828125,2575.0,2536.0,2567.75,289339,0.0,0.0,0.004243458121416577,0.222464891794898,-0.025339208449992844,716564.35,2282.547567212255
2022-01-21,2540.0,2555.550048828125,2468.050048828125,2476.800048828125,589520,0.0,0.0,-0.0354200958706552,0.2630095518842416,-0.035725738520156765,702159.45,2284.4804277258463
2022-01-24,2478.5,2484.949951171875,2350.0,2369.699951171875,1072181,0.0,0.0,-0.043241317645695054,0.30808076186657785,-0.0416018066791127,708750.45,2285.328383183021
2022-01-25,2330.64990234375,2523.800048828125,2295.0,2470.5,2246592,0.0,0.0,0.04253705148547482,0.3381307041050671,-0.0416018066791127,783859.35,2287.170886832941
2022-01-27,2415.0,2425.0,2268.550048828125,2349.050048828125,1878619,0.0,0.0,-0.049160069286328656,0.376818679827421,-0.04291277868240052,851985.65,2287.7865998876196
2022-01-28,2390.0,2484.14990234375,2387.300048828125,2401.35009765625,1112061,0.0,0.0,0.02226433994210386,0.3850203616934904,-0.04291277868240052,880189.2,2288.916584940044
2022-01-31,2415.0,2455.0,2361.0,2406.800048828125,758878,0.0,0.0,0.002269536281775064,0.3847388063549535,-0.04291277868240052,900697.8,2290.089554729975
2022-02-01,2424.050048828125,2485.0,2366.10009765625,2447.199951171875,812910,0.0,0.0,0.016785732725666414,0.38837070827360853,-0.04291277868240052,922086.7,2291.6528422567603
2022-02-02,2460.60009765625,2494.0,2440.800048828125,2453.5,498572,0.0,0.0,0.002574390713397934,0.3881415297863564,-0.04291277868240052,925857.15,2293.2632617367926
2022-02-03,2475.0,2488.050048828125,2425.0,2439.800048828125,625410,0.0,4.75,-0.005583839890717313,0.38818664105446005,-0.04291277868240052,928184.9,2294.721339220289
2022-02-04,2426.0,2474.800048828125,2426.0,2435.89990234375,348955,0.0,0.0,-0.0015985516871549477,0.3877200276980214,-0.04291277868240052,915904.15,2296.126101042413
2022-02-07,2444.800048828125,2521.85009765625,2410.14990234375,2450.800048828125,1243759,0.0,0.0,0.006116896047345222,0.3879801095439791,-0.04291277868240052,860689.2,2297.6651452989877
2022-02-08,2462.25,2548.0,2429.0,2531.300048828125,1232058,0.0,0.0,0.03284641684191736,0.3806909496784655,-0.04291277868240052,881725.65,2299.989870707238
2022-02-09,2549.89990234375,2594.0,2543.39990234375,2583.800048828125,811882,0.0,0.0,0.020740330655113492,0.3857264180443651,-0.04291277868240052,893624.9,2302.813852579088
2022-02-10,2598.800048828125,2611.85009765625,2550.10009765625,2584.550048828125,698527,0.0,0.0,0.00029027013926263834,0.3857409667067007,-0.04291277868240052,874021.1,2305.6171978153966
2022-02-11,2560.0,2578.949951171875,2460.60009765625,2476.550048828125,792095,0.0,0.0,-0.04178677060208946,0.39048533461509044,-0.04291277868240052,873593.25,2307.318022203583
2022-02-14,2410.0,2460.0,2335.050048828125,2345.64990234375,556722,0.0,0.0,-0.05285584539117849,0.42355140456104606,-0.042977461460637724,878806.95,2307.6994339462713
2022-02-15,2380.0,2503.449951171875,2357.949951171875,2493.75,664010,0.0,0.0,0.06313819360181161,0.4859686160678992,-0.042926665850035114,878878.45,2309.5506833597415
2022-02-16,2518.0,2520.0,2447.300048828125,2462.64990234375,358576,0.0,0.0,-0.01247121710526311,0.4871616631400039,-0.042926665850035114,865973.0,2311.0740586730153
2022-02-17,2478.0,2495.89990234375,2424.699951171875,2432.800048828125,446606,0.0,0.0,-0.012121030068957928,0.4876819298803826,-0.042926665850035114,851863.6,2312.285262555156
2022-02-18,2406.5,2447.949951171875,2375.0,2382.949951171875,386111,0.0,0.0,-0.020490832232703537,0.4868316658903943,-0.042926665850035114,856702.2,2312.988393785173
2022-02-21,2350.0,2406.949951171875,2334.0,2375.39990234375,394657,0.0,0.0,-0.0031683623168048403,0.4861376840171074,-0.04185949795426974,846959.05,2313.6094038205815
2022-02-22,2300.10009765625,2383.14990234375,2300.10009765625,2375.550048828125,548655,0.0,0.0,6.320892925315569e-05,0.4718860067023917,-0.04185949795426974,820782.75,2314.225728646527
2022-02-23,2400.0,2434.0,2381.0,2396.39990234375,448332,0.0,0.0,0.008776852975970861,0.44778846497719765,-0.04185949795426974,730869.75,2315.043382116151
2022-02-24,2302.0,2370.39990234375,2259.25,2271.39990234375,736393,0.0,0.0,-0.05216157782252717,0.4569418942121042,-0.04353725522772674,673758.45,2314.6091186358285
2022-02-25,2355.0,2435.89990234375,2332.550048828125,2424.89990234375,949775,0.0,0.0,0.0675794693138847,0.4881531809700252,-0.04353725522772674,665644.15,2315.706539369241
2022-02-28,2408.0,2408.0,2335.35009765625,2383.64990234375,1157729,0.0,0.0,-0.01701101144840267,0.4865289473150992,-0.04353725522772674,685586.7,2316.3825927321714
2022-03-02,2379.0,2419.0,2330.10009765625,2349.550048828125,710813,0.0,0.0,-0.014305730670471362,0.48897622197450524,-0.04353725522772674,680481.85,2316.7126171709374
2022-03-03,2380.0,2392.60009765625,2326.300048828125,2343.75,376606,0.0,0.0,-0.0024685785395454074,0.484833554786896,-0.04353725522772674,674383.55,2316.981645855804
2022-03-04,2316.0,2339.0,2225.0,2234.35009765625,636562,0.0,0.0,-0.046677291666666676,0.5088946148621667,-0.04680143054764978,674941.15,2316.159441396107
2022-03-07,2190.0,2190.0,2106.0,2153.300048828125,721602,0.0,0.0,-0.03627455201095986,0.5210883411379005,-0.04680143054764978,693573.5,2314.538949927769
2022-03-08,2149.0,2195.0,2114.10009765625,2189.75,747807,0.0,0.0,0.016927483557951817,0.5267220630550432,-0.04680143054764978,668775.9,2313.2972688339605
2022-03-09,2220.0,2243.949951171875,2191.0,2223.800048828125,716268,0.0,0.0,0.015549742586197013,0.5301290441778906,-0.04680143054764978,642986.4,2312.4067492319123
2022-03-10,2300.0,2304.0,2247.0,2284.699951171875,631055,0.0,0.0,0.027385511739620005,0.525653615459454,-0.04680143054764978,633945.05,2312.131059698977
2022-03-11,2278.0,2279.0,2234.35009765625,2250.75,802073,0.0,0.0,-0.014859697946096317,0.5186630557342357,-0.04680143054764978,639122.35,2311.520302886052
2022-03-14,2242.0,2475.0,2240.199951171875,2355.39990234375,839106,0.0,0.0,0.046495569185271535,0.5495516016043017,-0.04680143054764978,641472.9,2311.9569158159793
2022-03-15,2368.0,2436.64990234375,2360.050048828125,2420.0,1467575,0.0,0.0,0.027426382072942124,0.541585475352099,-0.04680143054764978,687015.55,2313.0319713799995
2022-03-16,2477.300048828125,2477.300048828125,2421.0,2469.199951171875,781770,0.0,0.0,0.020330558335485582,0.5109989690540937,-0.04680143054764978,692903.55,2314.585881626685
2022-03-17,2488.0,2596.300048828125,2485.10009765625,2588.199951171875,1593596,0.0,0.0,0.04819374791560449,0.4910478215186586,-0.04680143054764978,754654.55,2317.3084096818616
2022-03-21,2615.39990234375,2658.949951171875,2582.14990234375,2605.449951171875,1055088,0.0,0.0,0.006664863737513738,0.48829851368833666,-0.04680143054764978,785078.65,2320.1754896966877
2022-03-22,2613.949951171875,2653.949951171875,2560.39990234375,2630.449951171875,729721,0.0,0.0,0.009595271630052027,0.4855360160068777,-0.04680143054764978,802259.15,2323.2627977710677
2022-03-23,2658.0,2673.5,2553.0,2595.199951171875,588552,0.0,0.0,-0.013400749170040638,0.48160387481869027,-0.04680143054764978,811953.9,2325.968640093464
2022-03-24,2533.0,2623.949951171875,2530.0,2608.10009765625,834422,0.0,0.0,0.0049707717043343536,0.48079396442935207,-0.04680143054764978,826242.25,2328.7759182781683
2022-03-25,2620.0,2627.60009765625,2600.0,2614.550048828125,251144,0.0,0.0,0.002473045868780499,0.480561218112644,-0.04680143054764978,816382.85,2331.619441965233
2022-03-28,2616.0,2637.60009765625,2565.050048828125,2605.75,443424,0.0,0.0,-0.003365798574813783,0.48120242713912076,-0.04680143054764978,801734.4,2334.34710920936
2022-03-29,2607.199951171875,2679.949951171875,2602.10009765625,2621.25,837632,0.0,0.0,0.005948383382903266,0.43497506854221857,-0.04680143054764978,796127.25,2337.2018643416054
2022-03-30,2650.0,2734.60009765625,2626.800048828125,2705.85009765625,2954341,0.0,0.0,0.032274715367191176,0.38786733050309985,-0.04680143054764978,885957.85,2340.870005966627
2022-03-31,2732.85009765625,2732.85009765625,2645.25,2679.35009765625,918574,0.0,0.0,-0.009793595004746858,0.3833649097495166,-0.04680143054764978,896345.9,2344.2379670779665
2022-04-01,2690.0,2715.0,2612.85009765625,2621.85009765625,1104351,0.0,0.0,-0.021460428053167724,0.38886891987229627,-0.04680143054764978,932733.15,2347.0002768349646
2022-04-04,2650.0,2667.5,2620.14990234375,2636.300048828125,502552,0.0,0.0,0.005511356726607852,0.38778419776675066,-0.04680143054764978,926032.65,2349.8788815314138
2022-04-05,2651.0,2755.64990234375,2633.050048828125,2709.5,1116588,0.0,0.0,0.027766168423967397,0.34386547962721364,-0.04680143054764978,945781.95,2353.457201118166
2022-04-06,2700.0,2712.0,2660.0,2684.699951171875,636435,0.0,0.0,-0.009152998275742785,0.30955182995270214,-0.04680143054764978,940213.35,2356.7531488798945
2022-04-07,2680.0,2735.89990234375,2662.0,2688.60009765625,655014,0.0,0.0,0.0014527308657612537,0.31029332600205123,-0.04680143054764978,937150.65,2360.055108569212
2022-04-08,2697.0,2773.35009765625,2686.199951171875,2747.60009765625,1579463,0.0,0.0,0.021944505637499834,0.312517122035561,-0.04680143054764978,984571.05,2363.911277614854
2022-04-11,2759.949951171875,2763.60009765625,2690.300048828125,2698.89990234375,463269,0.0,0.0,-0.017724630070453884,0.32042017443669896,-0.04680143054764978,967630.85,2367.2444977614105
2022-04-12,2700.0,2710.0,2595.050048828125,2635.75,893233,0.0,0.0,-0.023398386242079572,0.32938813781198534,-0.04680143054764978,970337.2,2369.916194301098
2022-04-13,2648.0,2677.5,2597.449951171875,2611.050048828125,491749,0.0,0.0,-0.009371128207104285,0.3023278143424643,-0.04680143054764978,921545.9,2372.3155361371882
2022-04-18,2595.0,2643.60009765625,2519.60009765625,2615.75,955240,0.0,0.0,0.0018000233944135413,0.29130394207244376,-0.04680143054764978,930219.4,2374.73776960846
2022-04-19,2634.0,2656.449951171875,2480.0,2528.949951171875,552389,0.0,0.0,-0.03318361801706016,0.3114874689299436,-0.04680143054764978,878159.05,2376.272219176255
2022-04-20,2520.0,2617.64990234375,2501.64990234375,2542.64990234375,929202,0.0,0.0,0.0054172488330686,0.2616395323780599,-0.04680143054764978,871864.75,2377.927718511255
2022-04-21,2560.449951171875,2584.300048828125,2531.300048828125,2547.39990234375,531946,0.0,0.0,0.0018681297789451268,0.2604595718913803,-0.04680143054764978,861976.0,2379.614008897648
2022-04-22,2510.0,2534.89990234375,2475.0,2489.35009765625,614298,0.0,0.0,-0.022787864847639727,0.2679969770018787,-0.04680143054764978,863263.3,2380.7059102783305
2022-04-25,2468.0,2488.0,2424.0,2434.75,641367,0.0,0.0,-0.02193347480840746,0.2739396766620297,-0.04680143054764978,853610.55,2381.2436624148645
2022-04-26,2474.0,2542.449951171875,2463.60009765625,2514.550048828125,631406,0.0,0.0,0.03277545901144885,0.29971629029269253,-0.04680143054764978,872623.65,2382.570094120469
2022-04-27,2500.0,2520.0,2451.0,2483.60009765625,309632,0.0,0.0,-0.012308345656631081,0.3015729762573719,-0.04203129665531832,865934.05,2383.575367787492
2022-04-28,2510.0,2531.949951171875,2466.550048828125,2511.949951171875,373688,0.0,0.0,0.011414822193950735,0.3052222491573923,-0.04203129665531832,842736.85,2384.8527268261428
2022-04-29,2545.0,2550.949951171875,2497.10009765625,2512.699951171875,388136,0.0,0.0,0.0002985728277149491,0.30409444466683344,-0.04203129665531832,714426.6,2386.1248385111753
2022-05-02,2484.949951171875,2512.64990234375,2467.050048828125,2504.800048828125,222731,0.0,0.0,-0.003143989532083058,0.27763322077576813,-0.04203129665531832,679634.45,2387.3056863750257
2022-05-04,2505.050048828125,2521.89990234375,2395.0,2403.0,347557,0.0,0.0,-0.04064198612410297,0.30557051073929353,-0.04203129665531832,641794.75,2387.4618486996524
2022-05-05,2411.300048828125,2482.949951171875,2386.050048828125,2394.300048828125,425837,0.0,0.0,-0.003620454087338798,0.29964879215783335,-0.04203129665531832,637959.0,2387.5298904919755
2022-05-06,2345.0,2384.35009765625,2286.800048828125,2301.050048828125,527997,0.0,0.0,-0.03894666420177395,0.32045375783140556,-0.04203129665531832,608529.45,2386.669394555022
2022-05-09,2275.0,2276.75,2212.10009765625,2224.300048828125,1144796,0.0,0.0,-0.0333543375291151,0.3083985832786754,-0.04203129665531832,633947.5,2385.053779174655
2022-05-10,2280.0,2295.050048828125,2100.0,2113.14990234375,2412934,0.0,0.0,-0.04997084208262936,0.3392404193630101,-0.04684196918746481,721843.5,2382.3482679624076
2022-05-11,2162.0,2275.0,2149.89990234375,2234.25,3174932,0.0,0.0,0.05730785947647865,0.4125666675699721,-0.04684196918746481,801616.95,2380.8746533558165
2022-05-12,2230.0,2234.199951171875,2166.10009765625,2194.35009765625,1100400,0.0,0.0,-0.01785829801667227,0.39841006705411225,-0.04684196918746481,833473.5,2379.018687627463
2022-05-13,2228.0,2294.75,2217.5,2231.60009765625,1293512,0.0,0.0,0.016975413376282278,0.408327703932588,-0.04684196918746481,853487.45,2377.5518359859584
2022-05-16,2249.949951171875,2265.35009765625,2200.0,2243.39990234375,704383,0.0,0.0,0.005287598212552869,0.40740589078593875,-0.04094375140123115,864119.15,2376.2169908750907
2022-05-17,2290.0,2347.60009765625,2260.050048828125,2334.300048828125,807853,0.0,0.0,0.04051892236841437,0.43964115591778496,-0.04094375140123115,856749.8,2375.7999068746235
2022-05-18,2349.5,2385.85009765625,2333.0,2348.14990234375,601249,0.0,0.0,0.005933193345293297,0.4406734294414116,-0.04094375140123115,859192.8,2375.524782451431
2022-05-19,2300.0,2343.449951171875,2275.0,2331.800048828125,578956,0.0,0.0,-0.006962866169364146,0.42855793150707994,-0.04094375140123115,841680.5,2375.0897104750798
2022-05-20,2379.949951171875,2383.800048828125,2313.0,2337.699951171875,462403,0.0,0.0,0.002530192220690175,0.42791629369526624,-0.04094375140123115,838203.35,2374.717673069078
2022-05-23,2355.0,2398.0,2296.800048828125,2306.050048828125,689093,0.0,0.0,-0.01353890704745242,0.42874117526575417,-0.04094375140123115,841943.1,2374.0344131263823
2022-05-24,2358.0,2360.949951171875,2300.0,2339.89990234375,720316,0.0,0.0,0.014678715899000716,0.4281192236373129,-0.04094375140123115,845890.55,2373.6947662529233
2022-05-25,2349.800048828125,2354.0,2222.0,2235.949951171875,898715,0.0,0.0,-0.044424956412773886,0.44756619170016015,-0.044537573175468526,859256.0,2372.3241710779876
2022-05-26,2240.0,2285.800048828125,2187.14990234375,2270.699951171875,791107,0.0,0.0,0.015541492769901799,0.4336495023503882,-0.04083113463853651,883329.75,2371.312984810265
2022-05-27,2285.050048828125,2374.85009765625,2285.0,2362.0,609138,0.0,0.0,0.04020788778411988,0.45912977999177385,-0.04083113463853651,895102.25,2371.2203182947396
2022-05-30,2385.64990234375,2475.0,2380.050048828125,2450.050048828125,679917,0.0,0.0,0.03727775140902834,0.47703534642838474,-0.04083113463853651,909691.3,2372.0046937229326
2022-05-31,2455.0,2495.949951171875,2437.64990234375,2464.050048828125,896763,0.0,0.0,0.005714168984709556,0.47755500173958876,-0.04083113463853651,943392.9,2372.920567903084
2022-06-01,2457.0,2493.0,2381.10009765625,2397.449951171875,465902,0.0,0.0,-0.02702871140459351,0.48630877702000935,-0.04083113463853651,949310.15,2373.164641368445
2022-06-02,2397.0,2408.0,2350.0,2387.199951171875,387619,0.0,0.0,-0.004275376007323861,0.4654254203033233,-0.0390314302978904,947399.25,2373.3042961923597
2022-06-03,2401.0,2440.0,2365.10009765625,2373.949951171875,527296,0.0,0.0,-0.005550435770365847,0.46566749454445366,-0.0390314302978904,947364.2,2373.3107206200166
2022-06-06,2375.0,2393.949951171875,2331.0,2381.64990234375,211388,0.0,0.0,0.0032435187473409677,0.4436162975611591,-0.0390314302978904,900693.8,2373.393697552591
2022-06-07,2372.0,2377.89990234375,2313.0,2332.10009765625,324522,0.0,0.0,-0.02080482300893116,0.43301360053105026,-0.0390314302978904,796273.2,2372.982815961583
2022-06-08,2336.699951171875,2350.0,2246.0,2260.699951171875,645154,0.0,0.0,-0.03061624436967003,0.40786102874263236,-0.0390314302978904,669784.3,2371.865573525865
2022-06-09,2233.0,2306.300048828125,2201.64990234375,2298.5,790621,0.0,0.0,0.01672050676540726,0.3620991911513102,-0.0390314302978904,654295.35,2371.13556781914
2022-06-10,2289.0,2316.449951171875,2233.35009765625,2304.550048828125,523250,0.0,0.0,0.0026321726465630135,0.3551160674807472,-0.0390314302978904,615782.25,2370.4730253416174
2022-06-13,2241.5,2287.75,2236.949951171875,2263.25,448704,0.0,0.0,-0.01792108999721065,0.35784961234318796,-0.0390314302978904,602998.3,2369.406129567074
2022-06-14,2255.0,2318.64990234375,2248.050048828125,2267.949951171875,364548,0.0,0.0,0.002076638096487393,0.3575276950750427,-0.0390314302978904,580833.05,2368.3966153541865
2022-06-15,2294.0,2308.949951171875,2265.550048828125,2292.14990234375,283024,0.0,0.0,0.010670407942366955,0.3295618225562305,-0.0390314302978904,564921.8,2367.6379415928886
2022-06-16,2327.949951171875,2343.0,2170.39990234375,2188.14990234375,591420,0.0,0.0,-0.045372250695148164,0.36286553072840316,-0.04083113463853651,565545.0,2365.851990953594
2022-06-17,2165.0,2206.449951171875,2128.550048828125,2181.85009765625,805720,0.0,0.0,-0.002879055352081772,0.36259411052450313,-0.04083113463853651,582710.85,2364.0211263436704
2022-06-20,2181.10009765625,2206.949951171875,2080.699951171875,2135.60009765625,855567,0.0,0.0,-0.0211976065861178,0.36739275947844624,-0.04083113463853651,591034.55,2361.748280287079
2022-06-21,2160.0,2239.0,2160.0,2226.25,389446,0.0,0.0,0.042447039800773245,0.3989855601440982,-0.04083113463853651,574491.05,2360.400038692183
2022-06-22,2219.949951171875,2219.949951171875,2158.0,2168.300048828125,396618,0.0,0.0,-0.026030298112015737,0.4032467034571518,-0.04083113463853651,549386.2,2358.4885960069682
2022-06-23,2168.300048828125,2212.0,2158.39990234375,2207.0,355541,0.0,0.0,0.017848060831244572,0.38029803617029045,-0.04083113463853651,527607.9,2356.9812467929687
2022-06-24,2220.0,2283.949951171875,2211.0,2277.949951171875,344118,0.0,0.0,0.03214768970180115,0.3931728949943925,-0.04083113463853651,514356.9,2356.1948657420126
2022-06-27,2310.0,2315.949951171875,2283.85009765625,2302.25,295880,0.0,0.0,0.010667507780679708,0.36804225165903565,-0.04083113463853651,495155.05,2355.658100908759
2022-06-28,2296.60009765625,2311.14990234375,2273.699951171875,2298.5,256337,0.0,0.0,-0.0016288413508523947,0.3407732834111526,-0.04083113463853651,463133.75,2355.089363586284
2022-06-29,2262.0,2297.800048828125,2262.0,2286.64990234375,369665,0.0,0.0,-0.005155578706221409,0.3394225545988012,-0.04083113463853651,458321.9,2354.408373922179
2022-06-30,2286.64990234375,2306.14990234375,2237.199951171875,2252.199951171875,524573,0.0,0.0,-0.015065686765851072,0.33133326391383877,-0.04083113463853651,465169.6,2353.391374690833
2022-07-01,2230.0,2239.75,2133.050048828125,2161.64990234375,809031,0.0,0.0,-0.040205155310925944,0.35586735889433274,-0.04083113463853651,479256.35,2351.4834993440954
2022-07-04,2136.050048828125,2189.0,2115.0,2180.25,750456,0.0,0.0,0.00860458376542983,0.3586952913902542,-0.04083113463853651,506209.75,2349.779683430224
2022-07-05,2184.0,2188.0,2042.0999755859373,2052.699951171875,1574839,0.0,0.0,-0.05850248770926503,0.40429205046933897,-0.0444723211268926,568725.6,2346.8236661938226
2022-07-06,2041.0,2067.0,2002.199951171875,2059.199951171875,1972692,0.0,0.0,0.0031665611899533985,0.4023083788663714,-0.0444723211268926,635102.5,2343.9617386811665
2022-07-07,2084.89990234375,2110.199951171875,2044.0999755859373,2072.85009765625,883128,0.0,0.0,0.00662885917251832,0.39372380615799824,-0.0444723211268926,639727.85,2341.2641104122617
2022-07-08,2098.0,2183.0,2055.0,2175.5,2001690,0.0,0.0,0.049521141186145146,0.4300143528956374,-0.0444723211268926,713649.85,2339.614716278806
2022-07-11,2168.949951171875,2208.60009765625,2145.550048828125,2186.199951171875,885089,0.0,0.0,0.004918387116467526,0.4304150968199811,-0.0444723211268926,735469.1,2338.0882012031157
2022-07-12,2178.0,2219.39990234375,2160.0,2199.75,654145,0.0,0.0,0.006197991551898818,0.427382091834023,-0.0444723211268926,749948.95,2336.7117016886573
2022-07-13,2210.0,2239.0,2201.89990234375,2224.300048828125,731366,0.0,0.0,0.011160381328844116,0.4293616753177566,-0.0444723211268926,772366.05,2335.5931777795977
2022-07-14,2231.5,2246.0,2186.0,2209.14990234375,394815,0.0,0.0,-0.006811197298834282,0.4278610331347152,-0.0444723211268926,762535.8,2334.3350357354598
2022-07-15,2215.0,2267.949951171875,2215.0,2261.449951171875,457591,0.0,0.0,0.023674287006345107,0.4046915296543015,-0.0444723211268926,745129.35,2333.6098110134344
2022-07-18,2278.39990234375,2319.5,2262.0,2308.5,401934,0.0,0.0,0.02080525761967178,0.40946968375795534,-0.0444723211268926,722447.7,2333.359962147629
2022-07-19,2303.0,2340.0,2291.050048828125,2331.949951171875,388188,0.0,0.0,0.0101580901762508,0.40042019030598114,-0.0444723211268926,722384.8,2333.345932187671
2022-07-20,2350.0,2353.199951171875,2275.0,2286.5,445676,0.0,0.0,-0.01949010575850263,0.38359609272044054,-0.0444723211268926,724837.7,2332.8798035091872
2022-07-21,2300.949951171875,2350.0,2279.550048828125,2343.5,537382,0.0,0.0,0.02492893068007862,0.37800341384791425,-0.0444723211268926,733929.75,2332.9854771061105
2022-07-22,2381.0,2410.0,2272.550048828125,2290.550048828125,2315918,0.0,0.0,-0.022594389234851686,0.385200599585424,-0.0444723211268926,832519.75,2332.563234038668
2022-07-25,2302.699951171875,2405.0,2299.85009765625,2383.449951171875,1918499,0.0,0.0,0.040557901099466775,0.3944696900997511,-0.0444723211268926,913650.7,2333.0695695325307
2022-07-26,2400.10009765625,2443.199951171875,2347.0,2366.35009765625,1680465,0.0,0.0,-0.0071744126648086715,0.3946308025706043,-0.0444723211268926,984857.1,2333.4007190661005
2022-07-27,2376.949951171875,2414.0,2342.699951171875,2405.25,717439,0.0,0.0,0.016438777331502452,0.39771671184963986,-0.0444723211268926,1002245.8,2334.1156372843484
2022-07-28,2425.0,2429.75,2396.449951171875,2420.800048828125,476366,0.0,3.6,0.006465044726379876,0.3969477061663728,-0.0444723211268926,999835.45,2334.9781687424957
2022-07-29,2435.0,2448.89990234375,2406.35009765625,2428.300048828125,419953,0.0,0.0,0.003098149309618048,0.39147037577843496,-0.0444723211268926,980381.55,2335.906744663746
2022-08-01,2439.0,2457.800048828125,2422.14990234375,2453.5,336004,0.0,0.0,0.010377610124431058,0.3574264821777341,-0.0444723211268926,959658.95,2337.0768268063953
2022-08-02,2469.89990234375,2476.949951171875,2440.0,2453.949951171875,514318,0.0,0.0,0.0001833915516098461,0.3579300189674521,-0.04041614536601834,906632.9,2338.2397434667487
2022-08-03,2450.0,2466.10009765625,2422.14990234375,2450.39990234375,262699,0.0,0.0,-0.0014466671687536348,0.2731173843037157,-0.04041614536601834,821133.25,2339.355764948112
2022-08-04,2453.14990234375,2473.89990234375,2403.0,2453.89990234375,572891,0.0,0.0,0.0014283382874167305,0.27361963890529223,-0.04041614536601834,805621.4,2340.4955076087654
2022-08-05,2458.699951171875,2514.699951171875,2435.0,2498.550048828125,624730,0.0,0.0,0.018195585908670875,0.27553670566828353,-0.04041614536601834,736773.4,2342.068189610948
2022-08-08,2511.85009765625,2516.14990234375,2463.800048828125,2480.89990234375,344476,0.0,0.0,-0.007064155666064553,0.23805516124786688,-0.04041614536601834,709742.75,2343.4495996878914
2022-08-10,2487.5,2508.0,2414.050048828125,2436.800048828125,538054,0.0,0.0,-0.01777574882161226,0.2523631731093968,-0.04041614536601834,703938.2,2344.3784598783413
2022-08-11,2460.0,2463.300048828125,2410.550048828125,2429.60009765625,388083,0.0,0.0,-0.0029546745845386857,0.25393985690945137,-0.04041614536601834,686774.05,2345.226436373644
2022-08-12,2418.0,2460.0,2412.199951171875,2438.449951171875,374776,0.0,0.0,0.0036425144714811175,0.25292482619374373,-0.04041614536601834,685772.1,2346.1540335358154
2022-08-16,2450.0,2525.0,2450.0,2493.85009765625,746824,0.0,0.0,0.022719410934700868,0.2569302048677073,-0.04041614536601834,700233.75,2347.6236461141284
2022-08-17,2501.25,2505.699951171875,2462.35009765625,2486.64990234375,471778,0.0,0.0,-0.0028871804761909647,0.25018148171591525,-0.04041614536601834,703725.95,2349.0069919472594
2022-08-18,2479.89990234375,2539.800048828125,2471.0,2519.300048828125,761670,0.0,0.0,0.0131301742370733,0.24530120523029744,-0.04041614536601834,722400.05,2350.7014502246807
2022-08-19,2525.0,2535.25,2440.0,2455.10009765625,414275,0.0,0.0,-0.025483249286538223,0.2648382271152504,-0.031095689916732824,720830.0,2351.7402427364373
2022-08-22,2454.0,2454.0,2359.449951171875,2393.449951171875,436531,0.0,0.0,-0.02511105210872222,0.2713768363835789,-0.031095689916732824,715787.45,2352.1552647109197
2022-08-23,2345.0,2443.449951171875,2338.64990234375,2415.64990234375,375652,0.0,0.0,0.009275293665950812,0.2601276279513145,-0.031095689916732824,618774.15,2352.787052150052
2022-08-24,2415.0,2423.60009765625,2362.0,2381.5,329163,0.0,0.0,-0.01413694190975956,0.25174214904873476,-0.031095689916732824,539307.35,2353.072753123684
2022-08-25,2400.0,2414.199951171875,2363.199951171875,2371.5,330710,0.0,0.0,-0.004199034222128861,0.20951323344799788,-0.031095689916732824,471819.6,2353.2561088139955
2022-08-26,2395.0,2427.25,2380.050048828125,2401.550048828125,363251,0.0,0.0,0.012671325670725375,0.21239610545417947,-0.031095689916732824,454110.2,2353.736645530554
2022-08-29,2350.0,2434.85009765625,2325.10009765625,2419.39990234375,448403,0.0,0.0,0.007432638567884675,0.206236803217259,-0.031095689916732824,452712.05,2354.390011269989
2022-08-30,2444.949951171875,2555.0,2435.14990234375,2543.39990234375,1348808,0.0,0.0,0.051252378691045264,0.2710993240682548,-0.031095689916732824,499154.8,2356.270706703559
2022-09-01,2514.64990234375,2683.0,2511.39990234375,2666.35009765625,2165693,0.0,0.0,0.048340882296646015,0.31424179980245315,-0.031095689916732824,590639.25,2359.356073777715
2022-09-02,2687.0,2690.5,2591.14990234375,2603.39990234375,613538,0.0,0.0,-0.02360912596130338,0.328178568500822,-0.031095689916732824,595600.25,2361.7843705793675
2022-09-05,2618.0,2627.14990234375,2575.0,2601.199951171875,345524,0.0,0.0,-0.0008450300585378656,0.32831022832203005,-0.026739040971961246,599741.5,2364.1666151623776
2022-09-06,2613.0,2657.89990234375,2606.800048828125,2621.0,641014,0.0,0.0,0.0076118903582189645,0.3282709889761423,-0.026739040971961246,603147.65,2366.722171230414
2022-09-07,2614.0,2636.75,2588.0,2620.5,695991,0.0,0.0,-0.00019076688286912002,0.3284420831598536,-0.026739040971961246,606710.7,2369.2473237554846
2022-09-08,2648.0,2666.0,2622.0,2648.449951171875,469966,0.0,0.0,0.010665884820406424,0.32516858070288246,-0.026739040971961246,612985.2,2372.0254593516675
2022-09-09,2659.800048828125,2666.0,2620.10009765625,2639.25,310925,0.0,0.0,-0.0034737115450508282,0.3240075951247878,-0.026739040971961246,601628.75,2374.6844100048847
2022-09-12,2658.800048828125,2739.60009765625,2647.0,2727.199951171875,1056499,0.0,0.0,0.03332384244458653,0.33071618621931265,-0.026739040971961246,635049.55,2378.1920273299293
2022-09-13,2744.050048828125,2848.89990234375,2728.10009765625,2826.050048828125,1716707,0.0,0.0,0.03624600301630765,0.34551799921304854,-0.0255106017278121,702146.1,2382.6483260513046
2022-09-14,2789.85009765625,2865.0,2772.25,2822.39990234375,1159487,0.0,0.0,-0.0012916071624027303,0.346623454791759,-0.0255106017278121,722779.25,2387.0239636263536
2022-09-15,2838.0,2844.89990234375,2787.050048828125,2820.75,550290,0.0,0.0,-0.0005845742633352469,0.34286668022991595,-0.0255106017278121,726704.85,2391.3396455803204
2022-09-16,2817.10009765625,2840.800048828125,2656.449951171875,2703.949951171875,1013229,0.0,0.0,-0.041407444413054995,0.37959056810946135,-0.026739040971961246,739282.8,2394.450195884714
2022-09-19,2710.10009765625,2736.0,2647.199951171875,2682.449951171875,638431,0.0,0.0,-0.007951330604577977,0.3804127154649897,-0.026219344587757605,750490.6,2397.3158650915516
2022-09-20,2705.0,2734.949951171875,2672.64990234375,2682.39990234375,559328,0.0,0.0,-1.865787956378817e-05,0.36612577610559865,-0.026219344587757605,756630.45,2400.1525221786383
2022-09-21,2679.949951171875,2733.14990234375,2615.14990234375,2627.300048828125,846724,0.0,0.0,-0.02054125243125804,0.36178922065660535,-0.026219344587757605,780184.05,2402.4126965731607
2022-09-22,2620.0,2642.39990234375,2556.0,2622.300048828125,649145,0.0,0.0,-0.0019030943961768632,0.3620778127274976,-0.026219344587757605,796183.15,2404.6006304264442
2022-09-23,2620.0,2630.35009765625,2564.050048828125,2572.35009765625,488174,0.0,0.0,-0.01904814485062345,0.36558780548470937,-0.026219344587757605,804056.35,2406.2697793541042
2022-09-26,2550.10009765625,2555.0,2470.199951171875,2514.14990234375,709395,0.0,0.0,-0.022625301029408074,0.3761679687553898,-0.026219344587757605,821363.55,2407.343213413703
2022-09-27,2533.0,2557.10009765625,2474.0,2487.800048828125,523698,0.0,0.0,-0.010480621497970799,0.37725490720709726,-0.026219344587757605,825128.3,2408.143778940215
2022-09-28,2465.0,2512.949951171875,2463.60009765625,2480.75,424207,0.0,0.0,-0.0028338486573492583,0.377050460660198,-0.025129661967613022,778898.25,2408.866228901009
2022-09-29,2520.0,2595.0,2493.300048828125,2543.85009765625,1169528,0.0,0.0,0.025435895457522895,0.34317708540554465,-0.025129661967613022,729090.0,2410.2093519732002
2022-09-30,2555.0,2555.0,2411.449951171875,2503.449951171875,1724728,0.0,0.0,-0.01588149652434212,0.29900009712481573,-0.02368422226867432,784649.5,2411.137119129406
2022-10-03,2505.0,2563.5,2462.199951171875,2478.89990234375,646784,0.0,0.0,-0.009806486771038903,0.2906186949104738,-0.02368422226867432,799712.5,2411.8113756788025
2022-10-04,2520.0,2555.0,2485.0,2545.64990234375,690454,0.0,0.0,0.026927267186903858,0.3076412238801712,-0.02368422226867432,802184.5,2413.1431023122846
2022-10-06,2547.0,2598.0,2533.25,2575.050048828125,656151,0.0,0.0,0.011549171179157991,0.309303454689739,-0.02368422226867432,800192.5,2414.754116705477
2022-10-07,2584.0,2599.89990234375,2550.39990234375,2560.39990234375,477073,0.0,0.0,-0.0056892666964054595,0.3097841367071229,-0.02368422226867432,800547.85,2416.203328502873
2022-10-10,2539.199951171875,2550.0,2511.199951171875,2540.89990234375,305852,0.0,0.0,-0.007615997790872409,0.3076325280730818,-0.02368422226867432,800294.2,2417.444090431638
2022-10-11,2561.25,2569.5,2485.0,2501.699951171875,477697,0.0,0.0,-0.015427585768222007,0.311221069197541,-0.02368422226867432,771354.1,2418.2824572051727
2022-10-12,2519.14990234375,2539.85009765625,2480.050048828125,2529.199951171875,442504,0.0,0.0,0.010992525297495392,0.2876804196065601,-0.02368422226867432,707643.95,2419.386113861558
2022-10-13,2526.0,2529.949951171875,2464.199951171875,2496.85009765625,418090,0.0,0.0,-0.012790548054785522,0.25018176131831027,-0.02368422226867432,670574.1,2420.156899769963
2022-10-14,2549.0,2551.35009765625,2491.050048828125,2496.60009765625,281480,0.0,0.0,-0.00010012615504417788,0.2504838527241988,-0.02368422226867432,657133.6,2420.9175286046525
2022-10-17,2496.60009765625,2571.5,2480.050048828125,2550.949951171875,477988,0.0,0.0,0.021769547139987466,0.26762471841377183,-0.02368422226867432,630371.55,2422.21138355557
2022-10-18,2565.0,2584.85009765625,2558.14990234375,2564.199951171875,448673,0.0,0.0,0.005194143457778688,0.233464449924207,-0.02368422226867432,620883.65,2423.624205123892
2022-10-19,2577.0,2594.699951171875,2535.0,2580.60009765625,479569,0.0,0.0,0.006395814209761541,0.23447031449495148,-0.02368422226867432,616895.7,2425.1861543033187
2022-10-20,2575.0,2585.0,2548.050048828125,2576.10009765625,369894,0.0,0.0,-0.001743780450170096,0.23438706386582547,-0.02368422226867432,593054.2,2426.6877855804623
2022-10-21,2595.0,2613.0,2524.199951171875,2540.5,489326,0.0,0.0,-0.01381937669605271,0.2287100961457549,-0.02368422226867432,585063.25,2427.8202454254333
2022-10-24,2588.0,2588.0,2535.199951171875,2547.5,62203,0.0,0.0,0.0027553631174965787,0.2291754995942387,-0.02368422226867432,563764.7,2429.011088754534
2022-10-25,2567.0,2567.0,2495.0,2500.35009765625,680152,0.0,0.0,-0.018508303177134477,0.22865512169150343,-0.02368422226867432,562302.55,2429.720929639128
2022-10-27,2525.949951171875,2533.449951171875,2483.949951171875,2499.449951171875,530868,0.0,0.0,-0.0003600081785422038,0.21503518634505114,-0.02368422226867432,562661.05,2430.414750748907
2022-10-28,2513.0,2519.0,2472.64990234375,2494.449951171875,385655,0.0,0.0,-0.0020004401359009494,0.2119067412737516,-0.02368422226867432,560733.45,2431.05191692227
2022-10-31,2506.0,2565.0,2505.0,2558.64990234375,493490,0.0,0.0,0.0257371173719938,0.22914497523827002,-0.02368422226867432,526931.55,2432.321548618006
2022-11-01,2565.0,2639.699951171875,2547.050048828125,2620.449951171875,595570,0.0,0.0,0.024153382129972423,0.2274992191367557,-0.02368422226867432,470473.65,2434.193473021527
2022-11-02,2624.0,2625.0,2533.0,2547.89990234375,826027,0.0,0.0,-0.02768610360052115,0.24207835608368078,-0.025129661967613022,479435.8,2435.324880278465
2022-11-03,2547.0,2587.949951171875,2513.0,2554.10009765625,1101948,0.0,0.0,0.0024334532556780086,0.23891896426092815,-0.025129661967613022,500010.5,2436.506723237448
2022-11-04,2540.0,2540.75,2442.0,2482.199951171875,1557123,0.0,0.0,-0.02815087261080862,0.24132397802161593,-0.02559339200223737,545059.1,2436.9613822218707
2022-11-07,2493.0,2506.550048828125,2407.39990234375,2425.89990234375,857058,0.0,0.0,-0.022681512342124233,0.2477791824008201,-0.02559339200223737,564058.35,2436.8513177454715
2022-11-09,2445.0,2445.0,2375.0,2391.14990234375,751239,0.0,0.0,-0.01432458114468238,0.25086899980152166,-0.02559339200223737,586327.7,2436.396577293713
2022-11-10,2376.0,2378.64990234375,2320.25,2338.449951171875,673674,0.0,0.0,-0.022039584854224192,0.2589622556635467,-0.02559339200223737,596126.55,2435.4219839989687
2022-11-11,2370.0,2412.050048828125,2361.0,2388.699951171875,504629,0.0,0.0,0.02148859332004016,0.26947334976262205,-0.02559339200223737,599232.8,2434.957088149943
2022-11-14,2400.0,2405.0,2372.0,2378.25,572225,0.0,0.0,-0.004374744164392985,0.2653198017408449,-0.02559339200223737,606939.55,2434.3928385166105
2022-11-15,2394.449951171875,2409.0,2345.800048828125,2403.39990234375,495265,0.0,0.0,0.010574961565752217,0.26656947472715653,-0.02559339200223737,617628.8,2434.084451092005
2022-11-16,2399.0,2399.0,2352.050048828125,2369.449951171875,674045,0.0,0.0,-0.01412580201021385,0.26992850783688366,-0.02559339200223737,627431.65,2433.4413217395663
2022-11-17,2363.0,2363.0,2333.0,2339.050048828125,530480,0.0,0.0,-0.012829940690967101,0.25729056934016753,-0.02523980468331217,631522.0,2432.502105093681
2022-11-18,2342.35009765625,2348.39990234375,2250.25,2275.25,1161638,0.0,0.0,-0.027276051173034555,0.26707774513577326,-0.027296553794408884,665625.45,2430.93740753056
2022-11-21,2266.0,2287.0,2237.699951171875,2246.35009765625,871972,0.0,0.0,-0.01270185796890455,0.26450322672682947,-0.027296553794408884,690729.35,2429.100717880069
2022-11-22,2243.0,2295.0,2240.050048828125,2288.800048828125,471061,0.0,0.0,0.01889729976470078,0.2784300939185941,-0.027296553794408884,689816.1,2427.7046913223385
2022-11-23,2305.39990234375,2305.39990234375,2270.5,2280.75,425775,0.0,0.0,-0.0035171481371850666,0.27681931273671817,-0.027296553794408884,707994.7,2426.242455587788
2022-11-24,2295.0,2295.0,2250.10009765625,2259.449951171875,442467,0.0,0.0,-0.009339054621560927,0.2757304475278794,-0.027296553794408884,696110.45,2424.582828678177
2022-11-25,2278.0,2291.300048828125,2242.35009765625,2278.699951171875,326915,0.0,0.0,0.008519772695126937,0.27562677339689645,-0.027296553794408884,685912.8,2423.1312577577164
2022-11-28,2288.0,2335.550048828125,2280.10009765625,2325.550048828125,492455,0.0,0.0,0.020560011699722214,0.28858533081568966,-0.027296553794408884,691252.8,2422.1603004549347
2022-11-29,2327.0,2338.25,2313.35009765625,2320.949951171875,357100,0.0,0.0,-0.00197806865458261,0.2885865818922975,-0.027296553794408884,684433.3,2421.1532323028646
2022-11-30,2320.39990234375,2378.0,2319.199951171875,2365.699951171875,821107,0.0,0.0,0.01928089831381552,0.2811816448125144,-0.027296553794408884,695710.15,2420.6014583612628
2022-12-01,2370.949951171875,2410.0,2349.0,2398.550048828125,742826,0.0,0.0,0.01388599498426557,0.2704685581193185,-0.027296553794408884,691550.1,2420.382041350983
2022-12-02,2398.5,2405.0,2360.0,2398.60009765625,486483,0.0,0.0,2.0866284674569968e-05,0.25665808774025345,-0.027296553794408884,660776.85,2420.1653055928264
2022-12-05,2413.39990234375,2416.0,2373.199951171875,2399.050048828125,542347,0.0,0.0,0.00018758907427485205,0.25620447899493737,-0.027296553794408884,610038.05,2419.9552035354664
2022-12-06,2400.0,2412.550048828125,2365.0,2385.60009765625,361751,0.0,0.0,-0.005606365393854507,0.2395157658566695,-0.027296553794408884,585272.7,2419.6133616859224
2022-12-07,2395.949951171875,2398.800048828125,2365.0,2373.199951171875,248230,0.0,0.0,-0.005197914980200391,0.22765535806518317,-0.027296553794408884,560122.25,2419.151536705683
2022-12-08,2385.0,2394.949951171875,2368.0,2384.60009765625,256931,0.0,0.0,0.004803702477216731,0.22309058967697185,-0.027296553794408884,539285.1,2418.807741292256
2022-12-09,2392.0,2408.949951171875,2339.0,2365.5,432919,0.0,0.0,-0.008009769719888427,0.21059968033161638,-0.027296553794408884,535699.6,2418.277316005766
2022-12-12,2363.800048828125,2370.0,2326.35009765625,2336.10009765625,395435,0.0,0.0,-0.012428620732931717,0.20082322783330678,-0.027296553794408884,526860.1,2417.4596322410944
2022-12-13,2354.0,2355.0,2315.0,2330.800048828125,381931,0.0,0.0,-0.0022687593024983688,0.20050739805370937,-0.027296553794408884,521193.4,2416.597347829025
2022-12-14,2342.5,2405.0,2336.39990234375,2399.949951171875,722113,0.0,0.0,0.029667882656222222,0.2238095503557017,-0.022911239283669747,523596.8,2416.4317020911426
2022-12-15,2410.0,2460.0,2376.550048828125,2400.699951171875,1131869,0.0,0.0,0.00031250651691050457,0.21781470863546315,-0.022911239283669747,553666.25,2416.275167256125
2022-12-16,2382.0,2382.0,2310.0,2324.300048828125,980557,0.0,0.0,-0.0318240112873982,0.24136094885221218,-0.027296553794408884,544612.2,2415.3599919483836
2022-12-19,2324.300048828125,2325.0,2261.35009765625,2322.85009765625,629091,0.0,0.0,-0.0006238227171255772,0.22042664640395135,-0.027296553794408884,532468.15,2414.4394954877653
2022-12-20,2320.0,2325.0,2280.0,2319.800048828125,386920,0.0,0.0,-0.0013130631336057963,0.2149175024339633,-0.027296553794408884,528261.1,2413.497809451351
2022-12-21,2332.0,2348.949951171875,2293.0,2298.699951171875,375875,0.0,0.0,-0.009095653596054132,0.20833947498516292,-0.027296553794408884,525766.1,2412.355542204789
2022-12-22,2314.800048828125,2324.75,2267.10009765625,2297.449951171875,631488,0.0,0.0,-0.0005437856295088528,0.20790947997132664,-0.027296553794408884,535217.15,2411.2122029905313
2022-12-23,2265.10009765625,2296.949951171875,2211.10009765625,2219.35009765625,651176,0.0,0.0,-0.03399414793597055,0.23788620974752206,-0.027709342051035524,551430.2,2409.3031273155634
2022-12-26,2220.0,2322.800048828125,2206.050048828125,2293.300048828125,500570,0.0,0.0,0.03332054336536183,0.26412321477101736,-0.027709342051035524,551835.95,2408.148867828126
2022-12-27,2305.0,2348.0,2302.60009765625,2325.0,583509,0.0,0.0,0.013822853746535912,0.25862939195274554,-0.027709342051035524,563156.4,2407.321515909439
2022-12-28,2332.85009765625,2337.300048828125,2300.0,2307.25,323750,0.0,0.0,-0.007634408602150589,0.25994511774692436,-0.027709342051035524,538288.55,2406.3257794327283
2022-12-29,2297.050048828125,2319.449951171875,2268.800048828125,2275.949951171875,987064,0.0,0.0,-0.013565954633492305,0.2538331333965732,-0.027709342051035524,550500.45,2405.028507509735
2022-12-30,2294.89990234375,2314.35009765625,2284.0,2290.35009765625,232119,0.0,0.0,0.006327092771508669,0.24928804529500492,-0.027709342051035524,537782.25,2403.887428804725
2023-01-02,2294.60009765625,2308.0,2276.14990234375,2292.449951171875,321609,0.0,0.0,0.0009168264353007771,0.24940239916779977,-0.027709342051035524,526745.35,2402.7785981815127
2023-01-03,2300.0,2312.0,2280.60009765625,2302.85009765625,741051,0.0,0.0,0.004536695110424871,0.2503441383898771,-0.027709342051035524,545710.35,2401.7842847434504
2023-01-04,2302.75,2309.0,2260.0,2265.300048828125,396492,0.0,0.0,-0.0163059023539317,0.25507758121914953,-0.027709342051035524,553123.45,2400.42623264479
2023-01-05,2275.0,2281.949951171875,2245.10009765625,2266.89990234375,266401,0.0,0.0,0.0007062435355760233,0.2550634579616812,-0.027709342051035524,553596.95,2399.09761244279
2023-01-06,2270.0,2274.0,2227.35009765625,2238.64990234375,328799,0.0,0.0,-0.012461952982922742,0.25622181654055987,-0.027709342051035524,548390.95,2397.5011178149384
2023-01-09,2246.300048828125,2256.60009765625,2214.14990234375,2236.75,468796,0.0,0.0,-0.0008486822087548918,0.25561513942406094,-0.027709342051035524,552059.0,2395.9016042048393
2023-01-10,2240.0,2275.0,2232.0,2270.10009765625,446088,0.0,0.0,0.014910069366826928,0.25979599012933857,-0.027709342051035524,555266.85,2394.649847920774
2023-01-11,2277.949951171875,2277.949951171875,2186.699951171875,2195.800048828125,683084,0.0,0.0,-0.032729855791308715,0.2818175618802475,-0.0283345295446381,553315.4,2392.671242954678
2023-01-12,2199.800048828125,2229.800048828125,2191.050048828125,2219.300048828125,563323,0.0,0.0,0.0107022495115352,0.2612931903834236,-0.0283345295446381,524888.1,2390.9461564459557
2023-01-13,2219.0,2224.199951171875,2180.10009765625,2198.75,339837,0.0,0.0,-0.009259698272424344,0.26159575644556526,-0.0283345295446381,492852.1,2389.0337568793293
2023-01-16,2207.0,2207.75,2162.39990234375,2178.64990234375,550050,0.0,0.0,-0.009141602117680447,0.2423390441490595,-0.0283345295446381,488900.05,2386.940385192408
2023-01-17,2178.64990234375,2191.14990234375,2161.14990234375,2188.449951171875,336838,0.0,0.0,0.00449822103936115,0.24360889204205094,-0.0283345295446381,486395.95,2384.965355998174
2023-01-18,2188.449951171875,2190.800048828125,2164.75,2169.5,378180,0.0,0.0,-0.008659074502356146,0.2444015313029872,-0.0283345295446381,486511.2,2382.821422107645
2023-01-19,2167.949951171875,2169.449951171875,2132.800048828125,2137.449951171875,404840,0.0,0.0,-0.01477301167463696,0.24694286821364947,-0.0283345295446381,475178.8,2380.379914934155
2023-01-20,2140.0,2144.89990234375,2101.0,2105.199951171875,393215,0.0,0.0,-0.015088072580281331,0.24998741463938598,-0.0283345295446381,462280.75,2377.641805841993
2023-01-23,2107.0,2118.699951171875,2095.10009765625,2113.75,401917,0.0,0.0,0.0040613951294106165,0.22614369983280969,-0.0283345295446381,457348.1,2375.016016729138
2023-01-24,2119.0,2138.949951171875,2118.0,2127.89990234375,540773,0.0,0.0,0.006694217548787629,0.18920867341716277,-0.0283345295446381,455211.3,2372.557149919333
2023-01-25,2129.89990234375,2140.0,2085.5,2128.35009765625,506083,0.0,0.0,0.00021156789941301213,0.17912203618462244,-0.0283345295446381,464327.95,2370.1272290012926
2023-01-27,2139.0,2152.5,2106.050048828125,2131.10009765625,471175,0.0,0.0,0.001292080660521222,0.1795952178735186,-0.0283345295446381,438533.5,2367.7488495849243
2023-01-30,2149.0,2194.0,2082.10009765625,2151.39990234375,642002,0.0,0.0,0.009525505024294834,0.1814377631696839,-0.0283345295446381,459027.65,2365.5961237417287
2023-01-31,2200.0,2236.0,2168.10009765625,2182.449951171875,1503351,0.0,0.0,0.014432485933600248,0.18850522767673397,-0.027503449178752734,518114.75,2363.7737737659095
2023-02-01,2200.0,2248.0,2182.800048828125,2224.64990234375,1054831,0.0,0.0,0.01933604532338329,0.20264495618774728,-0.027503449178752734,533803.75,2362.389456637331
2023-02-02,2220.0,2231.0,2187.050048828125,2202.800048828125,487744,0.0,0.0,-0.009821704301699485,0.20349142077973764,-0.027503449178752734,538366.35,2360.801502330772
2023-02-03,2213.85009765625,2229.5,2185.0,2210.449951171875,352217,0.0,0.0,0.0034728083231247986,0.19745836370413503,-0.027503449178752734,542657.15,2359.305466995858
2023-02-06,2210.64990234375,2222.0,2178.39990234375,2219.14990234375,541851,0.0,0.0,0.0039358281635206716,0.19814477781756726,-0.027503449178752734,553309.75,2357.910884263001
2023-02-07,2220.0,2221.89990234375,2196.300048828125,2204.39990234375,372736,0.0,3.6,-0.006646689340103484,0.19488067852898205,-0.027503449178752734,548506.75,2356.3834118060936
2023-02-08,2208.5,2217.0,2185.949951171875,2197.10009765625,442756,0.0,0.0,-0.003311470246273762,0.19509706984011865,-0.027503449178752734,548340.15,2354.798503207588
2023-02-09,2205.10009765625,2239.89990234375,2184.050048828125,2218.35009765625,683252,0.0,0.0,0.009671839723036868,0.19058102428386797,-0.027503449178752734,548348.55,2353.4408076299633
2023-02-10,2219.949951171875,2304.0,2203.75,2289.39990234375,1147275,0.0,0.0,0.03202821987501703,0.18684419136914646,-0.027503449178752734,577546.15,2352.803584691792
2023-02-13,2295.800048828125,2295.800048828125,2210.0,2216.39990234375,556723,0.0,0.0,-0.03188608505017709,0.21770578153415063,-0.03182711497553715,588390.45,2351.446334121165
2023-02-14,2216.0,2237.050048828125,2206.60009765625,2226.85009765625,506924,0.0,0.0,0.004714941243883608,0.215566194860846,-0.03182711497553715,586234.15,2350.2065705742507
2023-02-15,2226.85009765625,2259.800048828125,2220.60009765625,2255.300048828125,434256,0.0,0.0,0.012775871713061715,0.2163367457442409,-0.03182711497553715,591105.05,2349.2622270742895
2023-02-16,2258.0,2337.050048828125,2258.0,2326.199951171875,933259,0.0,0.0,0.03143701538985488,0.23955132580781402,-0.03182711497553715,618859.0,2349.032751692176
2023-02-17,2310.0,2329.0,2305.35009765625,2318.85009765625,390304,0.0,0.0,-0.0031595966253555874,0.2369162514400794,-0.03182711497553715,618132.2,2348.732426776396
2023-02-20,2320.0,2337.949951171875,2300.0,2312.35009765625,518037,0.0,0.0,-0.002803113494300402,0.22891653999803074,-0.03182711497553715,624373.3,2348.37041355132
2023-02-21,2317.0,2355.0,2312.0,2318.199951171875,511136,0.0,0.0,0.002529830375406439,0.21844684073870083,-0.03182711497553715,629834.25,2348.0702099455543
2023-02-22,2300.050048828125,2307.10009765625,2244.699951171875,2274.300048828125,444547,0.0,0.0,-0.018937064648611557,0.23330348143910465,-0.03182711497553715,625022.95,2347.3361784916497
2023-02-23,2285.0,2285.0,2232.85009765625,2242.699951171875,301133,0.0,0.0,-0.01389442772625038,0.2406432676754754,-0.03182711497553715,614775.45,2346.295022000906
2023-02-24,2253.949951171875,2260.0,2215.0,2224.5,324464,0.0,0.0,-0.00811519666835725,0.2434038090074479,-0.03182711497553715,607439.9,2345.083131234728
2023-02-27,2224.5,2231.449951171875,2161.449951171875,2191.89990234375,382292,0.0,0.0,-0.014655022547201635,0.2503382014507163,-0.03182711497553715,594454.4,2343.558920001982
2023-02-28,2190.75,2191.0,2154.050048828125,2168.550048828125,569085,0.0,0.0,-0.010652791895586766,0.2518991855288532,-0.03182711497553715,547741.1,2341.8175381992573
2023-03-01,2184.050048828125,2241.75,2184.050048828125,2235.449951171875,618814,0.0,0.0,0.030850061486891844,0.26917054213561226,-0.03182711497553715,525940.25,2340.759154248736
2023-03-02,2223.300048828125,2257.699951171875,2222.0,2247.0,340417,0.0,0.0,0.005166766906174791,0.26156189259041646,-0.03182711497553715,518573.9,2339.8262273407886
2023-03-03,2255.60009765625,2287.0,2245.60009765625,2271.949951171875,511341,0.0,0.0,0.011103672083611515,0.26109576953635194,-0.03182711497553715,526530.1,2339.150841508262
2023-03-06,2280.0,2307.14990234375,2275.10009765625,2300.35009765625,467292,0.0,0.0,0.012500339837911545,0.2637702293983564,-0.03182711497553715,522802.15,2338.7647644550084
2023-03-08,2280.300048828125,2315.0,2268.050048828125,2307.39990234375,363490,0.0,0.0,0.003064665980488268,0.2637082209112383,-0.03182711497553715,522339.85,2338.452676274797
2023-03-09,2318.39990234375,2334.5,2290.0,2300.550048828125,560192,0.0,0.0,-0.002968646010891862,0.2624955085052772,-0.03182711497553715,528211.65,2338.0755357031885
2023-03-10,2279.800048828125,2300.0,2273.050048828125,2292.550048828125,339874,0.0,0.0,-0.0034774292365754578,0.26253975883880226,-0.03182711497553715,511042.75,2337.6225457840337
2023-03-13,2300.0,2308.85009765625,2272.550048828125,2281.60009765625,510226,0.0,0.0,-0.004776319355589309,0.262099135565918,-0.03182711497553715,479190.3,2337.0651084892297
2023-03-14,2281.60009765625,2314.949951171875,2261.0,2305.39990234375,960492,0.0,0.0,0.01043119024755823,0.24012776658866006,-0.01958451566868983,499378.75,2336.750031811165
2023-03-15,2319.85009765625,2330.449951171875,2263.0,2272.39990234375,449004,0.0,0.0,-0.014314219397012606,0.21691486964601042,-0.01958451566868983,496482.75,2336.1097320154695
2023-03-16,2282.39990234375,2317.39990234375,2263.0,2309.64990234375,446515,0.0,0.0,0.016392361204372596,0.22293506506009697,-0.01958451566868983,497095.7,2335.8464501281887
2023-03-17,2321.199951171875,2325.0,2298.300048828125,2307.550048828125,309283,0.0,0.0,-0.0009091652866930477,0.21948507126412592,-0.01958451566868983,465896.9,2335.5648938963477
2023-03-20,2299.0,2318.0,2290.25,2303.35009765625,236668,0.0,0.0,-0.0018200910415823168,0.1899727869362648,-0.01958451566868983,458215.1,2335.244348660128
2023-03-21,2303.35009765625,2364.89990234375,2298.550048828125,2349.35009765625,619952,0.0,0.0,0.01997091108590343,0.2022438953249232,-0.016437460468665694,463310.85,2335.3847043715323
2023-03-22,2352.050048828125,2387.64990234375,2346.0,2381.25,1042488,0.0,0.0,0.013578181632262432,0.20658390238242857,-0.016437460468665694,489878.45,2335.841075472313
2023-03-23,2381.10009765625,2404.14990234375,2365.64990234375,2383.699951171875,448631,0.0,0.0,0.0010288508858267154,0.20655317033024045,-0.016437460468665694,490082.65,2336.317283190717
2023-03-24,2389.25,2397.60009765625,2371.14990234375,2381.449951171875,300095,0.0,0.0,-0.0009439107463562468,0.1931949106353209,-0.016437460468665694,490030.75,2336.766364464161
2023-03-27,2380.10009765625,2401.89990234375,2373.14990234375,2387.64990234375,388208,0.0,0.0,0.002603435427573908,0.1840443174509237,-0.016437460468665694,493217.95,2337.2726683236597
2023-03-28,2397.0,2399.0,2365.5,2380.300048828125,551977,0.0,0.0,-0.0030782794028597626,0.1809958813759867,-0.016437460468665694,501702.2,2337.7008014630073
2023-03-29,2375.0,2412.0,2370.050048828125,2399.10009765625,313006,0.0,0.0,0.007898184448376977,0.16930523500548428,-0.016437460468665694,488898.25,2338.311739733587
2023-03-31,2411.10009765625,2433.39990234375,2397.64990234375,2411.85009765625,585933,0.0,0.0,0.005314492718522246,0.1602537060066775,-0.016437460468665694,487254.2,2339.0434646880412
2023-04-03,2428.199951171875,2429.0,2358.60009765625,2362.35009765625,1010208,0.0,0.0,-0.020523663575983564,0.15507297725226218,-0.019016394594980158,520743.75,2339.275371483745
2023-04-05,2365.0,2383.35009765625,2354.39990234375,2376.14990234375,417181,0.0,0.0,0.0058415578204056295,0.1552269644871667,-0.019016394594980158,516035.75,2339.642282238571
2023-04-06,2371.10009765625,2384.64990234375,2358.0,2369.300048828125,157067,0.0,0.0,-0.002882753107818936,0.15324665779096378,-0.019016394594980158,500524.5,2339.937384393691
2023-04-10,2375.0,2403.5,2365.0,2389.699951171875,416941,0.0,0.0,0.008610096620662366,0.15046957979639977,-0.019016394594980158,503197.05,2340.4325343118817
2023-04-11,2398.0,2420.0,2375.5,2398.60009765625,1001619,0.0,0.0,0.0037243782341840337,0.15055351415455498,-0.019016394594980158,525268.4,2341.0113160367014
2023-04-12,2401.0,2428.25,2398.10009765625,2424.5,598441,0.0,0.0,0.010797924326384267,0.15249551165969694,-0.015280522183697841,538196.75,2341.8420492104656
2023-04-13,2430.0,2454.0,2426.60009765625,2439.25,864697,0.0,0.0,0.00608372860383577,0.15132937874604446,-0.015280522183697841,555920.3,2342.811282551655
2023-04-17,2440.0,2467.550048828125,2432.64990234375,2461.64990234375,565248,0.0,0.0,0.009183110523214078,0.15000994427322215,-0.015280522183697841,536158.1,2343.993756380432
2023-04-18,2469.39990234375,2486.89990234375,2452.050048828125,2483.5,573989,0.0,0.0,0.008876200322168737,0.14922098001545556,-0.015280522183697841,542407.35,2345.3818782074923
2023-04-19,2499.0,2499.0,2457.699951171875,2470.449951171875,431870,0.0,0.0,-0.005254700554912395,0.13843344639029204,-0.015280522183697841,541675.1,2346.626336644949
2023-04-20,2475.10009765625,2489.949951171875,2462.60009765625,2472.85009765625,257583,0.0,0.0,0.0009715422420262243,0.13118991235804375,-0.015280522183697841,539090.1,2347.882294465957
2023-04-21,2472.0,2484.199951171875,2464.14990234375,2477.0,153764,0.0,0.0,0.0016781859715973013,0.13045074514823002,-0.015280522183697841,534944.9,2349.167047754853
2023-04-24,2486.800048828125,2502.0,2473.0,2499.800048828125,204607,0.0,0.0,0.009204702796982156,0.13046943695629715,-0.01486912465227213,514177.65,2350.6658835864278
2023-04-25,2499.800048828125,2505.60009765625,2480.699951171875,2491.949951171875,238525,0.0,0.0,-0.0031402902243841124,0.11871715455555334,-0.01486912465227213,473979.5,2352.0716952041935
2023-04-26,2494.0,2500.949951171875,2471.949951171875,2496.60009765625,412277,0.0,0.0,0.0018660673671186956,0.11211401562045338,-0.01486912465227213,472161.8,2353.5097887609304
2023-04-27,2481.0,2503.5,2481.0,2495.5,133131,0.0,0.0,-0.0004406383133938041,0.11243557918478635,-0.01486912465227213,463813.6,2354.922626683707
2023-04-28,2500.0,2545.0,2491.449951171875,2540.25,484563,0.0,0.0,0.017932278100581067,0.12416803397782908,-0.01486912465227213,468631.35,2356.766680149541
2023-05-02,2544.0,2563.449951171875,2535.800048828125,2550.75,229619,0.0,0.0,0.004133451431945767,0.12420282739820052,-0.01486912465227213,452513.45,2358.6968624366104
2023-05-03,2550.75,2574.0,2539.60009765625,2568.75,258866,0.0,0.0,0.00705674801528966,0.12272080859705009,-0.01486912465227213,449806.45,2360.7869434073905
2023-05-04,2578.0,2578.0,2506.050048828125,2552.300048828125,609709,0.0,0.0,-0.006403873935523108,0.12644644359609505,-0.01486912465227213,450995.25,2362.692546446403
2023-05-05,2552.300048828125,2559.300048828125,2522.0,2529.699951171875,247013,0.0,0.0,-0.008854796545816224,0.1325337143355874,-0.01486912465227213,412835.5,2364.3543116675523
2023-05-08,2529.699951171875,2557.949951171875,2526.14990234375,2546.14990234375,435984,0.0,0.0,0.006502728184919482,0.1038302972538251,-0.01486912465227213,413775.65,2366.163223017564
2023-05-09,2559.0,2636.0,2558.949951171875,2587.39990234375,1416918,0.0,0.0,0.016200931438494326,0.11249499646308338,-0.01486912465227213,476768.2,2368.36458301086
2023-05-10,2573.0,2607.300048828125,2555.300048828125,2571.25,822520,0.0,0.0,-0.006241749614785408,0.11567436122352259,-0.01486912465227213,497047.15,2370.383343378911
2023-05-11,2595.0,2595.0,2555.0,2560.949951171875,467001,0.0,0.0,-0.00400585272848808,0.11748162799423603,-0.01486912465227213,470316.25,2372.27952853108
2023-05-12,2561.0,2581.39990234375,2531.0,2552.75,229255,0.0,0.0,-0.003201917775910723,0.11961723096096724,-0.01486912465227213,451856.95,2374.0752546153476
2023-05-15,2554.0,2564.75,2516.449951171875,2531.0,351737,0.0,0.0,-0.008520223288610351,0.12242999616381801,-0.01486912465227213,426208.95,2375.6366948679315
2023-05-16,2531.0,2556.949951171875,2528.10009765625,2542.64990234375,272719,0.0,0.0,0.0046028851614974275,0.12192585433560728,-0.014331259554522057,411582.5,2377.29851782789
2023-05-17,2549.0,2549.0,2453.0,2471.35009765625,448214,0.0,0.0,-0.02804153439361734,0.1573603369856414,-0.01486912465227213,405293.75,2378.234354443098
2023-05-18,2490.0,2490.0,2424.89990234375,2428.60009765625,321325,0.0,0.0,-0.01729823712170231,0.1651766432983322,-0.017380178498047773,399766.5,2378.7355061168605
2023-05-19,2420.0,2440.35009765625,2400.0,2436.300048828125,218613,0.0,0.0,0.0031705307017428908,0.16502838683995985,-0.017380178498047773,397818.0,2379.308287636376
2023-05-22,2440.60009765625,2468.39990234375,2410.5,2458.60009765625,203806,0.0,0.0,0.009153244009846517,0.16841591124612046,-0.017380178498047773,400320.1,2380.097260870405
2023-05-23,2466.0,2494.89990234375,2453.60009765625,2470.800048828125,333461,0.0,0.0,0.0049621535374968495,0.16926466419228423,-0.017380178498047773,406762.8,2380.999776173467
2023-05-24,2467.199951171875,2488.5,2444.050048828125,2449.89990234375,381373,0.0,0.0,-0.008458857888677729,0.1681321830484462,-0.017380178498047773,413905.2,2381.685349568196
2023-05-25,2449.85009765625,2479.5,2446.800048828125,2473.550048828125,177816,0.0,0.0,0.009653515419854264,0.17179138304483432,-0.014787183275926668,402182.15,2382.599426177748
2023-05-26,2471.0,2522.0,2465.0,2515.39990234375,404790,0.0,0.0,0.01691894349801082,0.18180154118051042,-0.014787183275926668,415765.1,2383.9208239505438
2023-05-29,2525.449951171875,2540.0,2510.050048828125,2534.35009765625,175879,0.0,0.0,0.007533671005887754,0.18341736773430292,-0.014787183275926668,400330.9,2385.4176326441334
2023-05-30,2539.5,2539.5,2507.75,2529.10009765625,285307,0.0,0.0,-0.0020715370006910705,0.17264791862714055,-0.01446342028324709,403115.3,2386.8473089129106
2023-05-31,2510.050048828125,2542.14990234375,2496.0,2519.75,563991,0.0,0.0,-0.003697005770912254,0.1723290224133184,-0.01446342028324709,418371.55,2388.1697237495982
2023-06-01,2503.0,2520.75,2473.699951171875,2478.550048828125,485845,0.0,0.0,-0.01635080907704134,0.17832436666555115,-0.01639818047927439,412178.35,2389.0690304667974
2023-06-02,2485.949951171875,2517.25,2470.050048828125,2512.60009765625,278737,0.0,0.0,0.013737890362239824,0.18506767653742406,-0.01639818047927439,413764.55,2390.2981953144536
2023-06-05,2512.60009765625,2546.949951171875,2512.050048828125,2532.199951171875,270365,0.0,0.0,0.0078006259467664485,0.18479259750265795,-0.01639818047927439,405483.6,2391.710153084179
2023-06-06,2536.0,2546.0,2512.14990234375,2533.10009765625,306301,0.0,0.0,0.0003554800180602946,0.1833350945985574,-0.01639818047927439,349952.75,2393.1170182042997
2023-06-07,2541.300048828125,2573.0,2531.0,2567.35009765625,391452,0.0,0.0,0.013520981674466803,0.18053144661275183,-0.01639818047927439,328399.35,2394.850680686409
2023-06-08,2576.949951171875,2576.949951171875,2502.0,2513.949951171875,411072,0.0,0.0,-0.02079971349958243,0.19316185747545267,-0.01745950844441637,325602.9,2396.0357480544235
2023-06-09,2526.0,2530.0,2417.25,2429.699951171875,664621,0.0,0.0,-0.03351299812501318,0.22359201335265,-0.02053746607216351,347371.2,2396.370715249622
2023-06-12,2420.0,2424.75,2320.25,2337.85009765625,1574373,0.0,0.0,-0.0378029614197114,0.2550558182380201,-0.021161804544284173,408503.0,2395.7884205472005
2023-06-13,2357.64990234375,2379.5,2331.050048828125,2344.85009765625,963612,0.0,0.0,0.00299420395132155,0.2556338340745933,-0.021161804544284173,443047.65,2395.281571563211
2023-06-14,2357.89990234375,2368.89990234375,2343.0,2350.699951171875,453023,0.0,0.0,0.0024947665189651858,0.25489448202903414,-0.021161804544284173,443288.1,2394.837973350362
2023-06-15,2359.0,2385.0,2351.050048828125,2367.050048828125,678093,0.0,0.0,0.006955416682634885,0.2410785375360213,-0.021161804544284173,461126.5,2394.561476588947
2023-06-16,2379.949951171875,2404.89990234375,2367.050048828125,2397.449951171875,418809,0.0,0.0,0.01284294869844449,0.23948968532554157,-0.021161804544284173,471136.3,2394.5902176295726
2023-06-19,2395.0,2418.0,2390.050048828125,2404.699951171875,281964,0.0,0.0,0.00302404644420462,0.23946189669289777,-0.021161804544284173,475044.2,2394.6908119931777
2023-06-20,2409.89990234375,2416.5,2383.550048828125,2405.949951171875,404500,0.0,0.0,0.0005198153721386323,0.2369255190162202,-0.021161804544284173,478596.15,2394.802843228787
2023-06-21,2405.949951171875,2418.699951171875,2380.0,2389.800048828125,484023,0.0,0.0,-0.006712484744698766,0.23672325706412592,-0.021161804544284173,483728.65,2394.753064180024
2023-06-22,2394.0,2415.0,2350.0,2366.60009765625,410192,0.0,0.0,-0.009707904719163163,0.2372263204632212,-0.021161804544284173,495347.45,2394.472935159887
2023-06-23,2379.25,2379.25,2305.10009765625,2321.39990234375,678470,0.0,0.0,-0.019099211293561513,0.2410140254148109,-0.021161804544284173,509031.45,2393.7458403059954
2023-06-26,2319.0,2349.39990234375,2301.0,2338.60009765625,385721,0.0,0.0,0.007409406408234176,0.23328467466632785,-0.021161804544284173,519523.55,2393.1971264487843
2023-06-27,2350.0,2353.199951171875,2303.64990234375,2308.35009765625,482877,0.0,0.0,-0.012935088829559405,0.23201326394215474,-0.021161804544284173,529402.05,2392.3528774060724
2023-06-28,2320.0,2332.0,2299.0,2308.10009765625,527587,0.0,0.0,-0.00010830246254844855,0.23235400908851256,-0.021161804544284173,527581.85,2391.514541289159
2023-06-30,2314.800048828125,2330.0,2285.10009765625,2289.449951171875,625027,0.0,0.0,-0.008080302281219587,0.2327204413862092,-0.021161804544284173,534540.95,2390.4989732282907
2023-07-03,2300.0,2307.85009765625,2265.0,2274.35009765625,1030599,0.0,0.0,-0.006595406686176308,0.22885632715900475,-0.021161804544284173,572134.05,2389.343263023594
2023-07-04,2299.0,2299.0,2271.60009765625,2274.39990234375,573277,0.0,0.0,2.189842608291137e-05,0.22024245675330367,-0.021161804544284173,587279.65,2388.1995479919538
2023-07-05,2274.5,2285.0,2220.0,2224.64990234375,813062,0.0,0.0,-0.02187390174820758,0.2230952540827462,-0.022182283380478066,612617.7,2386.572188333763
2023-07-06,2210.10009765625,2281.5,2210.10009765625,2275.5,747694,0.0,0.0,0.022857573051237257,0.2438871239338808,-0.022182283380478066,630429.8,2385.4669924299446
2023-07-07,2281.0,2289.60009765625,2220.25,2223.199951171875,756374,0.0,0.0,-0.022983981027521416,0.2417694024225266,-0.023236858695826212,647694.9,2383.852395004491
2023-07-10,2223.0,2223.0,2181.0,2187.800048828125,885168,0.0,0.0,-0.015922950306422212,0.2387621338915854,-0.023236858695826212,658722.25,2381.901625390796
2023-07-11,2190.0,2198.25,2158.300048828125,2175.35009765625,702317,0.0,0.0,-0.005690625694310447,0.2175946062829431,-0.023236858695826212,615119.45,2379.8463863088605
2023-07-12,2185.0,2214.85009765625,2154.550048828125,2210.199951171875,1015129,0.0,0.0,0.01602034245116335,0.19451923378023467,-0.023236858695826212,617695.3,2378.158362078642
2023-07-13,2230.800048828125,2230.800048828125,2160.0,2173.449951171875,1174350,0.0,0.0,-0.016627454896338545,0.1992295564731606,-0.023236858695826212,653761.65,2376.1214624676295
2023-07-14,2188.0,2206.800048828125,2178.050048828125,2187.5,833850,0.0,0.0,0.006464399523232522,0.20120758066029226,-0.023236858695826212,661549.5,2374.244631995315
2023-07-17,2200.89990234375,2245.0,2192.199951171875,2239.14990234375,908206,0.0,0.0,0.023611383928571428,0.21940027086945177,-0.023236858695826212,686019.35,2372.900405829628
2023-07-18,2248.699951171875,2254.199951171875,2217.550048828125,2226.0,502144,0.0,0.0,-0.005872720861602843,0.21231954229800862,-0.023236858695826212,697028.35,2371.438710249234
2023-07-19,2226.0,2250.0,2220.050048828125,2241.25,366692,0.0,0.0,0.006850853548966862,0.21419354731935797,-0.023236858695826212,695137.95,2370.143300197003
2023-07-20,2255.0,2259.949951171875,2236.050048828125,2242.60009765625,356230,0.0,0.0,0.0006023860150585758,0.21421209574705105,-0.023236858695826212,688748.3,2368.874213604558
2023-07-21,2226.85009765625,2249.0,2194.0,2212.75,503609,0.0,0.0,-0.013310486201907556,0.2167578484077209,-0.023236858695826212,693419.15,2367.320738842324
2023-07-24,2228.050048828125,2230.25,2131.300048828125,2144.35009765625,1884393,0.0,0.0,-0.03091171724946329,0.23592135633341302,-0.02818504353640964,753715.3,2365.102125497189
2023-07-25,2059.0,2183.0,2040.0,2164.10009765625,2524900,0.0,0.0,0.009210249772920287,0.23434548002778063,-0.02818504353640964,860674.25,2363.1021053196673
2023-07-26,2148.0,2162.0,2110.0,2144.300048828125,1695840,0.0,0.0,-0.009149322089846312,0.23187886143734213,-0.02818504353640964,921322.4,2360.9249704292047
2023-07-27,2156.800048828125,2168.5,2140.050048828125,2162.14990234375,1194705,0.0,0.0,0.008324326404497429,0.23327086161962335,-0.02818504353640964,954678.3,2358.94710905522
2023-07-28,2173.64990234375,2187.89990234375,2155.0,2170.10009765625,370186,0.0,0.0,0.003676986181153419,0.23423026400886843,-0.02818504353640964,941936.25,2357.068034314932
2023-07-31,2182.64990234375,2187.89990234375,2160.89990234375,2170.550048828125,577609,0.0,0.0,0.00020734120622400987,0.23364718305781815,-0.02818504353640964,919286.75,2355.2121339618297
2023-08-01,2183.0,2258.85009765625,2168.0,2251.10009765625,1623153,0.0,3.6,0.03711043146487869,0.27005346598023716,-0.02818504353640964,971780.55,2354.176193302073
2023-08-02,2253.0,2292.0,2233.0,2265.39990234375,1539747,0.0,0.0,0.006352362874662232,0.2710523302625325,-0.02818504353640964,1008114.8,2353.292847123383
2023-08-03,2275.0,2275.0,2246.64990234375,2261.10009765625,403126,0.0,0.0,-0.0018980334037498325,0.2593683153183449,-0.02818504353640964,990886.4,2352.3755063326657
2023-08-04,2265.0,2280.0,2260.0,2266.800048828125,305218,0.0,0.0,0.0025208752048542227,0.24694634461553802,-0.02818504353640964,968328.6,2351.524009243068
2023-08-07,2276.0,2295.0,2262.25,2284.14990234375,454625,0.0,0.0,0.0076538967451471596,0.23356656814651203,-0.02818504353640964,946801.45,2350.8536201196916
2023-08-08,2294.5,2294.5,2257.699951171875,2277.949951171875,551151,0.0,0.0,-0.0027143363776227503,0.22557415207238288,-0.02818504353640964,939243.15,2350.12821047842
2023-08-09,2280.0,2312.800048828125,2266.050048828125,2299.699951171875,404765,0.0,0.0,0.009548058766089662,0.22518683285427238,-0.02818504353640964,908724.95,2349.6264367539766
2023-08-10,2307.0,2312.0,2288.5,2294.25,597471,0.0,0.0,-0.0023698531493632213,0.22048995030204474,-0.023380367838618507,879881.0,2349.0754274330416
2023-08-11,2294.25,2314.0,2263.050048828125,2295.699951171875,414625,0.0,0.0,0.000631993536831299,0.21010719552967505,-0.023380367838618507,858919.75,2348.5443281667617
2023-08-14,2295.0,2296.5,2264.14990234375,2292.10009765625,253654,0.0,0.0,-0.0015680853736078637,0.2101326906441032,-0.023380367838618507,826192.15,2347.982694032329
2023-08-16,2280.0,2305.550048828125,2260.10009765625,2301.64990234375,389707,0.0,0.0,0.004166399494186512,0.1955888268216257,-0.023380367838618507,820570.3,2347.5216712294578
2023-08-17,2305.0,2313.699951171875,2287.0,2295.64990234375,258200,0.0,0.0,-0.002606825648805322,0.194385594194055,-0.023380367838618507,815145.7,2347.00553422562
2023-08-18,2295.0,2297.5,2269.0,2277.800048828125,306479,0.0,0.0,-0.007775512066278578,0.19594695424445166,-0.023380367838618507,812658.15,2346.31692243062
2023-08-21,2277.800048828125,2307.35009765625,2275.0,2301.449951171875,257609,0.0,0.0,0.010382782437781346,0.19870531306304287,-0.023380367838618507,800358.15,2345.870484905657
2023-08-22,2305.0,2323.0,2291.949951171875,2300.75,180191,0.0,0.0,-0.00030413486572611337,0.19163041644718465,-0.023380367838618507,715148.05,2345.4215248568444
2023-08-23,2297.0,2333.0,2296.199951171875,2310.800048828125,420237,0.0,0.0,0.004368162046343604,0.14987332068468764,-0.023380367838618507,609914.9,2345.077032558051
2023-08-24,2318.0,2334.0,2305.199951171875,2310.050048828125,345769,0.0,0.0,-0.0003245629150736562,0.14901969011941424,-0.023380367838618507,542411.35,2344.7285053567584
2023-08-25,2301.0,2319.699951171875,2294.550048828125,2310.25,270711,0.0,0.0,8.655707350424535e-05,0.1427128968938357,-0.023380367838618507,496211.65,2344.3854356517163
2023-08-28,2314.949951171875,2318.89990234375,2301.050048828125,2311.85009765625,227518,0.0,0.0,0.0006926080104967536,0.14197220860958132,-0.023380367838618507,489078.25,2344.0617009452935
2023-08-29,2317.0,2387.0,2311.25,2374.35009765625,1162898,0.0,0.0,0.02703462480692953,0.16421315943601536,-0.023380367838618507,518342.7,2344.3630780269946
2023-08-30,2387.0,2387.0,2361.39990234375,2369.35009765625,443739,0.0,0.0,-0.0021058394063013797,0.16514001615099166,-0.023380367838618507,459372.0,2344.6117050879825
2023-08-31,2385.0,2385.0,2350.25,2356.5,648345,0.0,0.0,-0.0054234693593662175,0.1172195283190353,-0.023380367838618507,414801.9,2344.729996579644
2023-09-01,2356.199951171875,2397.0,2352.0,2384.050048828125,510493,0.0,0.0,0.011691087981381187,0.12099643539456956,-0.023380367838618507,420170.25,2345.121240880624
2023-09-04,2390.0,2422.39990234375,2375.0,2411.449951171875,722079,0.0,0.0,0.011493006347420565,0.12377768748015232,-0.023380367838618507,441013.3,2345.7812280477015
2023-09-05,2419.0,2432.0,2406.10009765625,2419.550048828125,386564,0.0,0.0,0.003359015455540959,0.12376241994721221,-0.02192940571217327,437610.25,2346.5152461649195
2023-09-06,2425.0,2465.0,2411.199951171875,2454.0,682571,0.0,0.0,0.014238164318427948,0.12878867295430058,-0.019237945816293817,444181.25,2347.5847462030797
2023-09-07,2455.89990234375,2472.5,2448.550048828125,2463.050048828125,309914,0.0,0.0,0.003687876458078554,0.1268206268863735,-0.019237945816293817,439438.7,2348.7336546869114
2023-09-08,2469.89990234375,2475.5,2438.0,2440.300048828125,431834,0.0,0.0,-0.009236515518969646,0.13257672211211768,-0.019237945816293817,431156.85,2349.6447630863267
2023-09-11,2441.0,2458.949951171875,2425.550048828125,2436.800048828125,256721,0.0,0.0,-0.0014342498586109587,0.13215037512406178,-0.019237945816293817,423261.65,2350.511979859877
2023-09-12,2448.949951171875,2449.949951171875,2365.0,2374.14990234375,319884,0.0,0.0,-0.025710007070339658,0.16522989156653053,-0.02192940571217327,426573.15,2350.747183068672
2023-09-13,2365.0,2402.85009765625,2360.300048828125,2395.64990234375,149596,0.0,0.0,0.00905587300059496,0.16671233414057196,-0.02192940571217327,414567.6,2351.1939762952893
2023-09-14,2389.0,2415.0,2375.5,2399.39990234375,460211,0.0,0.0,0.0015653372374366814,0.16656109312888007,-0.02192940571217327,424668.15,2351.6736372509954
2023-09-15,2406.949951171875,2413.949951171875,2366.800048828125,2370.5,405072,0.0,0.0,-0.012044637626066557,0.17296078281561394,-0.02192940571217327,429597.8,2351.860964243523
2023-09-18,2341.0,2373.60009765625,2321.75,2368.699951171875,528852,0.0,0.0,-0.000759354072189411,0.16985596927333124,-0.02192940571217327,443159.95,2352.028516352263
2023-09-20,2365.0,2368.25,2311.89990234375,2319.85009765625,580839,0.0,0.0,-0.020623065192979517,0.18377906040606834,-0.02192940571217327,463192.35,2351.7083330816563
2023-09-21,2327.0,2336.949951171875,2304.0,2315.64990234375,335304,0.0,0.0,-0.0018105459989606887,0.1839302667542643,-0.02192940571217327,458945.7,2351.3495427260555
2023-09-22,2322.0,2325.10009765625,2260.050048828125,2264.550048828125,359377,0.0,0.0,-0.02206717581267581,0.1988812816032657,-0.02211301607341809,459626.1,2350.485866169857
2023-09-25,2270.0,2274.949951171875,2230.14990234375,2238.39990234375,597945,0.0,0.0,-0.01154761251486025,0.20225248067506646,-0.02211301607341809,475987.8,2349.370582947707
2023-09-26,2242.0,2274.85009765625,2233.550048828125,2239.949951171875,568665,0.0,0.0,0.0006924807432764357,0.20232029943059873,-0.02211301607341809,493045.15,2348.2818204424752
2023-09-27,2248.0,2272.0,2228.050048828125,2261.699951171875,392260,0.0,0.0,0.009710038382161557,0.20587179905174002,-0.02211301607341809,454513.25,2347.4203093054543
2023-09-28,2270.0,2270.0,2224.25,2232.300048828125,642092,0.0,0.0,-0.012999028597279971,0.18267346259782033,-0.02211301607341809,464430.9,2346.274834076824
2023-09-29,2246.0,2265.449951171875,2226.449951171875,2249.39990234375,172256,0.0,0.0,0.007660194929710151,0.186285119980953,-0.02211301607341809,440626.45,2345.3109044078383
2023-10-03,2258.0,2265.0,2233.050048828125,2255.5,432577,0.0,0.0,0.002711877799004947,0.18675521461429762,-0.02211301607341809,436730.65,2344.4172635679597
2023-10-04,2250.0,2254.89990234375,2220.0,2247.10009765625,454546,0.0,0.0,-0.003724186363888271,0.1800104934599315,-0.02069527072396433,423354.0,2343.448933558888
2023-10-05,2247.14990234375,2266.0,2238.449951171875,2261.300048828125,210258,0.0,0.0,0.006319233925843326,0.17569234785289273,-0.02069527072396433,414538.7,2342.631531720771
2023-10-06,2264.89990234375,2280.0,2238.0,2245.550048828125,191139,0.0,0.0,-0.006965019970773922,0.17462237394992233,-0.02069527072396433,389967.1,2341.6655468163667
2023-10-09,2228.0,2231.14990234375,2198.0,2206.39990234375,363638,0.0,0.0,-0.017434546384217153,0.16846807788721777,-0.02069527072396433,392653.3,2340.3196200056937
2023-10-10,2222.949951171875,2236.0,2199.75,2230.35009765625,374416,0.0,0.0,0.010854875078202708,0.17483301439628807,-0.02069527072396433,389782.4,2339.2253959027144
2023-10-11,2241.0,2280.0,2238.800048828125,2250.0,551311,0.0,0.0,0.008810232243090077,0.17997750856351416,-0.02069527072396433,404511.9,2338.3375810181105
2023-10-12,2266.949951171875,2268.050048828125,2251.0,2264.60009765625,252564,0.0,0.0,0.006488932291666583,0.18334940333420743,-0.02069527072396433,401145.9,2337.603874716003
2023-10-13,2260.0,2262.5,2234.89990234375,2255.449951171875,304818,0.0,0.0,-0.004040513154549896,0.16455933289404745,-0.02069527072396433,408907.0,2336.7864227404393
2023-10-16,2240.050048828125,2268.0,2240.0,2253.39990234375,386468,0.0,0.0,-0.0009089311988766946,0.15936640957816478,-0.02069527072396433,405219.85,2335.956706119577
2023-10-17,2258.0,2301.199951171875,2248.0,2276.550048828125,466647,0.0,0.0,0.010273430144510431,0.16516438416228063,-0.02069527072396433,408298.6,2335.365595101752
2023-10-18,2288.0,2288.0,2225.35009765625,2246.300048828125,346382,0.0,0.0,-0.01328764988741249,0.16612773980224027,-0.02069527072396433,399175.1,2334.4793707607214
2023-10-19,2240.0,2261.949951171875,2217.800048828125,2254.449951171875,416271,0.0,0.0,0.0036281450236363977,0.167399679316428,-0.01759397232465527,390946.7,2333.683058127997
2023-10-20,2251.0,2257.0,2228.0,2234.0,287602,0.0,0.0,-0.009070927106297089,0.1558505890608764,-0.01759397232465527,388561.6,2332.6911869028427
2023-10-23,2220.10009765625,2241.449951171875,2168.199951171875,2172.64990234375,337697,0.0,0.0,-0.027461995369852277,0.17951556829977378,-0.02069527072396433,387477.6,2331.098736310215
2023-10-25,2178.75,2195.75,2140.0,2143.75,295526,0.0,0.0,-0.013301683954038857,0.17008626645691882,-0.02069527072396433,372356.65,2329.234569779765
2023-10-26,2137.85009765625,2140.949951171875,2082.25,2106.35009765625,520179,0.0,0.0,-0.017446018586005807,0.17516830215721627,-0.02069527072396433,369932.35,2327.016813838238
2023-10-27,2120.050048828125,2191.0,2096.0,2175.10009765625,869519,0.0,0.0,0.03263939839654317,0.21393774328681636,-0.02069527072396433,393795.3,2325.5052047219992
2023-10-30,2172.949951171875,2198.0,2154.0,2181.39990234375,510094,0.0,0.0,0.0028963286307090996,0.2107937320770882,-0.02069527072396433,387195.4,2324.0713211162456
2023-10-31,2180.0,2214.0,2171.0,2195.300048828125,273868,0.0,0.0,0.006372122080614551,0.20830276477599338,-0.02069527072396433,392276.0,2322.790014924324
2023-11-01,2190.0,2199.85009765625,2160.050048828125,2183.39990234375,364774,0.0,0.0,-0.005420738040218032,0.20659869444856044,-0.02069527072396433,388885.85,2321.4030486299903
2023-11-02,2190.0,2248.5,2190.0,2238.449951171875,317319,0.0,0.0,0.025212994087355334,0.2259517605235364,-0.02069527072396433,382024.5,2320.577644675183
2023-11-03,2252.0,2268.949951171875,2235.800048828125,2253.35009765625,224509,0.0,0.0,0.006656457284905715,0.22680920154415163,-0.02069527072396433,382737.05,2319.908713859074
2023-11-06,2290.35009765625,2349.5,2260.050048828125,2337.199951171875,845207,0.0,0.0,0.037211196610255515,0.2600674797757066,-0.02069527072396433,415440.45,2320.0807659716393
2023-11-07,2337.949951171875,2350.0,2321.75,2341.199951171875,230686,0.0,0.0,0.0017114496335643992,0.25815464983012404,-0.02069527072396433,408792.85,2320.2909071179106
2023-11-08,2349.0,2361.199951171875,2335.35009765625,2352.60009765625,293823,0.0,0.0,0.004869360465631578,0.24824639951626712,-0.02069527072396433,404763.2,2320.6123916008796
2023-11-09,2356.14990234375,2356.5,2330.10009765625,2337.35009765625,110366,0.0,0.0,-0.0064821896484628105,0.24875310564497347,-0.02069527072396433,382715.95,2320.778935939739
2023-11-10,2328.0,2354.949951171875,2315.10009765625,2351.199951171875,122114,0.0,0.0,0.005925451018019334,0.24800873544079527,-0.02069527072396433,376193.45,2321.081632608715
2023-11-13,2345.5,2358.0,2325.5,2336.949951171875,106449,0.0,0.0,-0.006060735069723711,0.24909007596294375,-0.02069527072396433,366275.0,2321.2395263257617
2023-11-15,2349.0,2364.5,2338.10009765625,2360.800048828125,256187,0.0,0.0,0.01020565187726441,0.2499018950986037,-0.02069527072396433,359760.95,2321.6331633655864
2023-11-16,2360.800048828125,2365.949951171875,2347.5,2354.050048828125,179132,0.0,0.0,-0.0028592002119580684,0.2503077772761992,-0.02069527072396433,345385.2,2321.9557194398403
2023-11-17,2354.050048828125,2378.85009765625,2342.64990234375,2361.35009765625,249581,0.0,0.0,0.0031010593133986575,0.2486205332788634,-0.02069527072396433,340545.15,2322.34770330269
2023-11-20,2361.35009765625,2362.0,2324.050048828125,2329.25,119747,0.0,0.0,-0.013593959526844723,0.2488578154634016,-0.02069527072396433,325718.95,2322.416382871818
2023-11-21,2337.949951171875,2358.60009765625,2333.449951171875,2353.550048828125,105600,0.0,0.0,0.010432563626972202,0.25058267445287913,-0.02069527072396433,316618.85,2322.7261705927763
2023-11-22,2343.550048828125,2368.449951171875,2329.0,2333.10009765625,110135,0.0,0.0,-0.008688980793953083,0.25037022225958067,-0.02069527072396433,305240.75,2322.829393747637
2023-11-23,2342.0,2364.10009765625,2329.949951171875,2359.60009765625,138094,0.0,0.0,0.011358278209589345,0.22751935556196648,-0.02069527072396433,297369.15,2323.1952713984692
2023-11-24,2359.050048828125,2383.25,2350.60009765625,2359.39990234375,272673,0.0,0.0,-8.484289888732732e-05,0.2192874444769091,-0.02069527072396433,284993.85,2323.5555164825023
2023-11-28,2365.0,2365.0,2331.39990234375,2351.60009765625,262258,0.0,0.0,-0.0033058425914792577,0.20641609396918784,-0.02069527072396433,254630.8,2323.834567041445
2023-11-29,2365.0,2365.0,2345.0,2351.699951171875,169254,0.0,0.0,4.2461945687355396e-05,0.18147094742726086,-0.02069527072396433,237588.8,2324.1118345452305
2023-11-30,2351.699951171875,2375.0,2341.10009765625,2367.39990234375,554716,0.0,0.0,0.006676000977102303,0.1817097380795675,-0.02069527072396433,251631.2,2324.5425615880017
2023-12-01,2364.800048828125,2445.0,2360.800048828125,2412.5,1117033,0.0,0.0,0.01905047711271779,0.18898723038865192,-0.02069527072396433,289244.15,2325.417759980161
2023-12-04,2435.0,2444.39990234375,2412.85009765625,2427.449951171875,365372,0.0,0.0,0.006196870952072553,0.18550217210750888,-0.02069527072396433,291646.8,2326.433005663661
2023-12-05,2427.949951171875,2478.25,2423.35009765625,2455.449951171875,941927,0.0,0.0,0.011534738331673067,0.1724273520209752,-0.02069527072396433,327517.7,2327.7167563652356
2023-12-06,2468.949951171875,2510.0,2442.800048828125,2452.10009765625,693194,0.0,0.0,-0.0013642524108570253,0.17338251088015572,-0.02069527072396433,319917.05,2328.954401552211
2023-12-07,2460.0,2460.0,2435.85009765625,2442.199951171875,651430,0.0,0.0,-0.004037415313444037,0.12668792636106774,-0.02069527072396433,340954.25,2330.0812229414614
2023-12-08,2450.050048828125,2462.199951171875,2396.25,2423.10009765625,316577,0.0,0.0,-0.007820757471745932,0.13129946003118567,-0.02069527072396433,342091.95,2331.0067838838972
2023-12-11,2425.0,2455.0,2415.60009765625,2431.75,768537,0.0,0.0,0.003569766825611831,0.13097738667627526,-0.02069527072396433,375000.5,2332.009203944754
2023-12-12,2440.0,2454.25,2359.199951171875,2378.5,472046,0.0,0.0,-0.021897810218978075,0.15215156802982727,-0.020686802444279444,392497.1,2332.4717989303786
2023-12-13,2395.0,2416.0,2378.0,2411.550048828125,501631,0.0,0.0,0.013895332700494034,0.15788167178080645,-0.020686802444279444,412256.2,2333.2586471880677
2023-12-14,2427.0,2436.75,2399.25,2421.39990234375,507202,0.0,0.0,0.0040844491369405045,0.15585716747220626,-0.020686802444279444,424806.95,2334.135674602552
2023-12-15,2415.0,2477.0,2415.0,2439.75,621693,0.0,0.0,0.007578301146575761,0.15431670285614033,-0.020686802444279444,446935.0,2335.186563412477
2023-12-18,2439.75,2462.0,2431.0,2437.949951171875,229075,0.0,0.0,-0.0007378005238753982,0.1537159162803291,-0.020686802444279444,445909.7,2336.2090846837145
2023-12-19,2445.0,2448.60009765625,2415.0,2430.14990234375,249747,0.0,0.0,-0.0031994294322472694,0.15454665853095398,-0.01766860816765442,452409.7,2337.1438191877946
2023-12-20,2442.300048828125,2494.5,2358.699951171875,2371.10009765625,898142,0.0,0.0,-0.024298832195721598,0.1711967147797754,-0.021906278498662963,492036.8,2337.481692605391
2023-12-21,2360.0,2407.85009765625,2344.60009765625,2396.0,241109,0.0,0.0,0.01050141340231181,0.1712451584399683,-0.01766860816765442,498585.5,2338.0639643207605
2023-12-22,2409.85009765625,2464.949951171875,2395.449951171875,2454.25,448639,0.0,0.0,0.024311352253756358,0.18550705342910617,-0.01766860816765442,514112.75,2339.220044277768
2023-12-26,2463.89990234375,2529.0,2461.300048828125,2491.050048828125,923702,0.0,0.0,0.014994417369104562,0.18810945761148073,-0.01766860816765442,546664.2,2340.730790591702
2023-12-27,2506.60009765625,2511.89990234375,2460.14990234375,2471.050048828125,358521,0.0,0.0,-0.008028742742205663,0.19154707136335697,-0.01766860816765442,551477.35,2342.0274996288804
2023-12-28,2466.0,2485.449951171875,2460.85009765625,2466.800048828125,277494,0.0,0.0,-0.0017199166006433009,0.1910431362414559,-0.01766860816765442,556889.35,2343.2690175313605
2023-12-29,2470.0,2503.89990234375,2455.199951171875,2479.25,446931,0.0,0.0,0.005047004591146154,0.19106838481212124,-0.01766860816765442,551500.1,2344.622062133039
2024-01-01,2488.75,2497.449951171875,2460.0,2467.699951171875,158733,0.0,0.0,-0.00465868663028135,0.19204421954822717,-0.01766860816765442,503585.1,2345.8467177453654
2024-01-02,2482.949951171875,2496.89990234375,2424.800048828125,2488.300048828125,602156,0.0,0.0,0.00834789401623448,0.18349325441606404,-0.01766860816765442,515424.3,2347.264163825791
2024-01-03,2488.14990234375,2525.0,2464.85009765625,2506.35009765625,527559,0.0,0.0,0.007253967959621965,0.18386759076813528,-0.01766860816765442,494705.9,2348.8471084410194
2024-01-04,2509.0,2521.75,2487.14990234375,2506.050048828125,356989,0.0,0.0,-0.00011971544933231382,0.1803220021292449,-0.01766860816765442,477895.65,2350.4113168030804
2024-01-05,2511.0,2522.89990234375,2461.0,2480.60009765625,644040,0.0,0.0,-0.010155404192257023,0.18432199098677846,-0.01766860816765442,477526.15,2351.706727557839
2024-01-08,2468.0,2478.949951171875,2385.0,2395.699951171875,495983,0.0,0.0,-0.03422564828752184,0.2201127905860004,-0.022017861317815253,486496.45,2352.1444710763867
2024-01-09,2397.800048828125,2420.75,2304.64990234375,2311.35009765625,938885,0.0,0.0,-0.03520885554735875,0.24956118469190244,-0.02445699035442813,495013.85,2351.7385569130024
2024-01-10,2311.0,2319.449951171875,2281.0,2294.89990234375,685064,0.0,0.0,-0.007117137005415497,0.24923304047621608,-0.02445699035442813,505664.75,2351.1729981610697
2024-01-11,2305.0,2330.0,2295.0,2325.25,310878,0.0,0.0,0.013225020239555407,0.24468722504047152,-0.02445699035442813,496127.1,2350.9150578808603
2024-01-12,2340.0,2370.0,2331.0,2343.949951171875,570104,0.0,0.0,0.008042125006719747,0.24102133892363137,-0.02445699035442813,499272.2,2350.8457533364926
2024-01-15,2351.699951171875,2351.699951171875,2320.699951171875,2347.199951171875,452044,0.0,0.0,0.0013865483767583342,0.2404506036893355,-0.02445699035442813,490789.75,2350.8094766980385
2024-01-16,2350.0,2368.39990234375,2343.75,2358.14990234375,471010,0.0,0.0,0.0046651122186707195,0.23929349041104986,-0.02445699035442813,502886.5,2350.88251575919
2024-01-17,2348.85009765625,2359.89990234375,2305.0,2309.60009765625,323931,0.0,0.0,-0.020588090960310335,0.24820124393261564,-0.02445699035442813,506595.7,2350.4717454298075
2024-01-18,2316.60009765625,2317.0,2261.14990234375,2294.050048828125,328660,0.0,0.0,-0.006732788435497961,0.24863627514712885,-0.02445699035442813,478121.6,2349.910335513373
2024-01-19,2315.0,2342.800048828125,2297.60009765625,2309.0,514147,0.0,0.0,0.00651683740706166,0.2374502912163315,-0.022017861317815253,491773.5,2349.5032674983145
2024-01-23,2294.949951171875,2295.949951171875,2235.5,2254.050048828125,463257,0.0,0.0,-0.023798159883878345,0.2458141900892617,-0.023823193499470506,492504.4,2348.5534842279644
2024-01-24,2271.89990234375,2299.39990234375,2255.5,2284.949951171875,485502,0.0,0.0,0.013708614127629914,0.2335225786084476,-0.023823193499470506,470594.4,2347.9206132522822
2024-01-25,2296.0,2302.0,2263.39990234375,2268.89990234375,432584,0.0,0.0,-0.007024245244362293,0.22406065026610406,-0.023823193499470506,474297.55,2347.134337521849
2024-01-29,2270.0,2282.0,2230.0,2246.60009765625,901880,0.0,0.0,-0.009828465620922544,0.22452002813888977,-0.023823193499470506,505516.85,2346.1339968266693
2024-01-30,2250.0,2263.25,2210.0,2222.35009765625,365829,0.0,0.0,-0.010794088376163913,0.22534000699116874,-0.023823193499470506,501461.75,2344.902316237909
2024-01-31,2215.0,2333.199951171875,2215.0,2325.10009765625,2855586,0.0,0.0,0.04623483946492635,0.2853385570411554,-0.023823193499470506,636304.4,2344.705279237097
2024-02-01,2320.0,2324.949951171875,2279.0,2308.449951171875,1374086,0.0,0.0,-0.007161045023893253,0.28566453155291116,-0.023823193499470506,674900.9,2344.34452970411
2024-02-02,2324.89990234375,2325.0,2302.0,2318.64990234375,701436,0.0,0.0,0.004418528184549464,0.28401422076535826,-0.023823193499470506,683594.75,2344.088861770176
2024-02-05,2315.0,2315.35009765625,2245.0,2251.10009765625,429402,0.0,0.0,-0.02913324888730251,0.2948934180937851,-0.024540553030300644,687215.4,2343.163600435709
2024-02-06,2250.0,2293.199951171875,2249.199951171875,2283.75,529792,0.0,0.0,0.014503976245989092,0.302165224705904,-0.024540553030300644,681503.0,2342.5724203318714
2024-02-07,2295.050048828125,2309.0,2263.050048828125,2295.050048828125,1464373,0.0,3.6,0.0049480235700603,0.3029689890993818,-0.024540553030300644,729922.5,2342.099560913924
2024-02-08,2299.949951171875,2326.199951171875,2283.050048828125,2295.89990234375,240843,0.0,0.0,0.00037029846737279826,0.281753047917431,-0.024540553030300644,695020.4,2341.6398628186985
2024-02-09,2304.0,2307.0,2263.89990234375,2298.550048828125,209506,0.0,0.0,0.0011542953077656737,0.2543741648055209,-0.024540553030300644,671242.5,2341.211108450633
2024-02-12,2303.0,2322.35009765625,2266.699951171875,2286.5,163430,0.0,0.0,-0.005242456580081267,0.2538088200720812,-0.024540553030300644,663870.1,2340.666719311821
2024-02-13,2299.0,2326.949951171875,2258.25,2323.35009765625,297034,0.0,0.0,0.01611637771976815,0.2559038017147685,-0.024540553030300644,650216.6,2340.494414618731
2024-02-14,2314.050048828125,2364.0,2297.699951171875,2358.14990234375,389910,0.0,0.0,0.014978287053081463,0.25972119508212294,-0.024540553030300644,647109.9,2340.670091113507
2024-02-15,2370.0,2375.0,2346.699951171875,2350.550048828125,211040,0.0,0.0,-0.0032228033968797476,0.259994450206156,-0.024540553030300644,634111.4,2340.7683991504687
2024-02-16,2355.75,2403.0,2351.75,2380.10009765625,383890,0.0,0.0,0.012571546325021776,0.263131029384072,-0.024540553030300644,637109.35,2341.159759334606
2024-02-19,2380.0,2380.949951171875,2344.449951171875,2347.050048828125,166063,0.0,0.0,-0.013885991123091967,0.25730000716531237,-0.024540553030300644,628979.5,2341.2183691803125
2024-02-20,2347.050048828125,2389.0,2325.300048828125,2383.199951171875,451789,0.0,0.0,0.01540227161402008,0.2604430548533241,-0.024540553030300644,625861.6,2341.6360963643083
2024-02-21,2399.0,2423.550048828125,2384.35009765625,2398.949951171875,881154,0.0,0.0,0.006608761464708568,0.2604635830605886,-0.024540553030300644,646756.45,2342.206383476822
2024-02-22,2408.949951171875,2418.550048828125,2367.10009765625,2409.0,203280,0.0,0.0,0.0041893532723413784,0.243067723824111,-0.024540553030300644,632645.35,2342.870996576555
2024-02-23,2418.0,2419.0,2381.75,2385.800048828125,114496,0.0,0.0,-0.009630531827262367,0.2438972610146001,-0.024540553030300644,616740.95,2343.298151325327
2024-02-26,2393.949951171875,2410.0,2373.75,2400.550048828125,243435,0.0,0.0,0.006182412481400057,0.241906777433308,-0.024540553030300644,583818.7,2343.867821947246
2024-02-27,2400.550048828125,2429.550048828125,2364.0,2392.75,442182,0.0,0.0,-0.003249275653274819,0.23863094769218743,-0.024540553030300644,587636.35,2344.3542117786164
2024-02-28,2396.60009765625,2404.949951171875,2354.949951171875,2371.0,429664,0.0,0.0,-0.00908995925190681,0.2374497392312899,-0.024540553030300644,466340.25,2344.6193439997246
2024-02-29,2370.050048828125,2398.89990234375,2341.89990234375,2389.64990234375,565867,0.0,0.0,0.007865838188000795,0.18008866773152485,-0.024540553030300644,425929.3,2345.0674092568793
2024-03-01,2389.64990234375,2409.89990234375,2380.5,2397.35009765625,282374,0.0,0.0,0.003222311061108929,0.1774666105996149,-0.024540553030300644,404976.2,2345.587635012097
2024-03-04,2394.050048828125,2403.0,2367.199951171875,2376.0,139551,0.0,0.0,-0.008905707045926525,0.18101389441666735,-0.024540553030300644,390483.65,2345.890245608992
2024-03-05,2376.050048828125,2412.39990234375,2373.60009765625,2391.300048828125,241360,0.0,0.0,0.006439414489951556,0.1439989412128774,-0.024540553030300644,376062.05,2346.342084446993
2024-03-06,2398.0,2416.0,2364.050048828125,2411.699951171875,232307,0.0,0.0,0.008530883589345839,0.13935649521730764,-0.024540553030300644,314458.75,2346.9924114790815
2024-03-07,2411.75,2464.39990234375,2411.75,2450.050048828125,653987,0.0,0.0,0.015901686956379057,0.1466228280939079,-0.024540553030300644,335115.95,2348.017860606933
2024-03-11,2472.0,2491.0,2423.60009765625,2455.5,436096,0.0,0.0,0.0022244244253222245,0.14631910014088723,-0.024540553030300644,346445.45,2349.087334630745
2024-03-12,2441.35009765625,2459.199951171875,2403.64990234375,2423.14990234375,242866,0.0,0.0,-0.013174545980961128,0.1569339693986985,-0.024540553030300644,350417.25,2349.8242756030136
2024-03-13,2429.85009765625,2462.0,2375.10009765625,2386.0,442261,0.0,0.0,-0.015331243976205222,0.1668359260059768,-0.024540553030300644,357678.6,2350.1842330597
2024-03-14,2386.0,2436.0,2344.35009765625,2430.25,383267,0.0,0.0,0.01854568315171834,0.16959995668401806,-0.024540553030300644,357346.45,2350.980907357614
2024-03-15,2430.0,2449.89990234375,2404.39990234375,2428.550048828125,378516,0.0,0.0,-0.000699496418835488,0.16329329788612656,-0.024540553030300644,365720.25,2351.7527396110518
2024-03-18,2427.60009765625,2479.699951171875,2411.0,2470.0,563240,0.0,0.0,0.01706777720799968,0.1709233350448099,-0.024540553030300644,374687.75,2352.929329266663
2024-03-19,2477.85009765625,2480.0,2400.60009765625,2432.85009765625,380710,0.0,0.0,-0.015040446293016152,0.1769153505657201,-0.02406491433404955,385420.1,2353.7245607929276
2024-03-20,2444.0,2464.699951171875,2418.949951171875,2460.300048828125,205010,0.0,0.0,0.01128304255092405,0.17144553459402403,-0.02406491433404955,373081.15,2354.7850134101936
2024-03-21,2478.0,2549.85009765625,2469.10009765625,2538.35009765625,1316007,0.0,0.0,0.03172379274036152,0.1948805670538389,-0.02406491433404955,394823.8,2356.611531661398
2024-03-22,2556.0,2600.0,2532.0,2550.949951171875,1205728,0.0,0.0,0.004963796572923007,0.19458827543245877,-0.02406491433404955,444946.2,2358.5452472784177
2024-03-26,2553.0,2598.0,2546.0,2580.0,687251,0.0,0.0,0.01138793366556623,0.19672828830105002,-0.02406491433404955,473583.95,2360.7487771562446
2024-03-27,2595.199951171875,2597.0,2515.10009765625,2522.75,1097897,0.0,0.0,-0.022189922480620128,0.21142653841148457,-0.02406491433404955,516307.05,2362.3607296223518
2024-03-28,2516.449951171875,2574.89990234375,2503.300048828125,2560.25,520691,0.0,0.0,0.01486473094836982,0.2153084300935516,-0.02406491433404955,520232.5,2364.329777088796
2024-04-01,2559.89990234375,2629.39990234375,2552.050048828125,2616.60009765625,678813,0.0,0.0,0.02200960752123815,0.22346091784391756,-0.02406491433404955,532689.95,2366.8399295322533
2024-04-02,2632.85009765625,2662.949951171875,2600.050048828125,2621.800048828125,1308354,0.0,0.0,0.0019872930435693714,0.21829385949618624,-0.02406491433404955,569814.3,2369.3768461421623
2024-04-03,2621.800048828125,2642.89990234375,2602.050048828125,2623.0,367223,0.0,0.0,0.00045768218381536663,0.2185294387473786,-0.02406491433404955,574056.75,2371.900459613385
2024-04-04,2629.949951171875,2637.5,2583.60009765625,2591.5,319548,0.0,0.0,-0.012009149828440702,0.2259282041295514,-0.02406491433404955,583056.6,2374.0855296669833
2024-04-05,2590.0,2616.0,2578.300048828125,2586.85009765625,342605,0.0,0.0,-0.0017942899262010092,0.22219683902175635,-0.02406491433404955,588118.85,2376.202590044986
2024-04-08,2600.0,2617.949951171875,2555.64990234375,2607.199951171875,286273,0.0,0.0,0.007866653554476244,0.22243701078213562,-0.022270334350783037,590817.15,2378.501071250229
2024-04-09,2623.89990234375,2623.89990234375,2578.199951171875,2592.949951171875,254205,0.0,0.0,-0.0054656337323092385,0.22429402918808217,-0.020668182536325824,570828.05,2380.6348909509416
2024-04-10,2586.0,2687.5,2565.75,2645.550048828125,1068326,0.0,0.0,0.020285812933827474,0.2278221187087748,-0.020668182536325824,602439.55,2383.270862671113
2024-04-12,2645.0,2687.5,2625.550048828125,2632.300048828125,699830,0.0,0.0,-0.005008410257016038,0.229805570770687,-0.020668182536325824,625287.75,2385.7487650209337
2024-04-15,2580.0,2618.0,2526.75,2557.35009765625,672725,0.0,0.0,-0.028473179265882664,0.24902843237238537,-0.022270334350783037,636810.95,2387.4562409675536
2024-04-16,2532.199951171875,2571.85009765625,2511.0,2518.25,473443,0.0,0.0,-0.015289301880131445,0.2489902342835557,-0.022270334350783037,641319.75,2388.7576714056872
2024-04-18,2537.89990234375,2573.949951171875,2517.050048828125,2529.949951171875,566417,0.0,0.0,0.004646064200089395,0.2424056227441795,-0.022270334350783037,650714.8,2390.1625697118184
2024-04-19,2495.0,2553.14990234375,2480.0,2529.050048828125,280298,0.0,0.0,-0.00035569966249060503,0.24235981467555207,-0.022270334350783037,636567.7,2391.54453467815
2024-04-22,2552.949951171875,2574.949951171875,2531.699951171875,2565.10009765625,301008,0.0,0.0,0.014254383318681008,0.24034993991905707,-0.022270334350783037,632582.6,2393.2714557028075
2024-04-23,2568.0,2639.35009765625,2560.89990234375,2617.39990234375,697381,0.0,0.0,0.020388991733806705,0.24020309892079444,-0.022270334350783037,657201.15,2395.5015895002302
2024-04-24,2634.89990234375,2659.300048828125,2610.0,2619.199951171875,383408,0.0,0.0,0.0006877240373215354,0.2387308808266903,-0.015674177901425966,610571.2,2397.727443845222
2024-04-25,2619.199951171875,2650.0,2601.14990234375,2638.89990234375,661465,0.0,0.0,0.007521362072056004,0.21577571410691365,-0.015674177901425966,583358.05,2400.127169800431
2024-04-26,2625.0,2659.0,2621.0,2640.800048828125,345768,0.0,0.0,0.0007200525047150741,0.21552698477277707,-0.015674177901425966,566283.9,2402.5219248156322
2024-04-29,2649.949951171875,2669.0,2611.0,2636.25,364006,0.0,0.0,-0.001722981196605189,0.21289964902787045,-0.015674177901425966,529589.35,2404.847577305029
2024-04-30,2636.25,2655.0,2614.5,2621.050048828125,348452,0.0,0.0,-0.005765747243954511,0.19727721963971462,-0.015674177901425966,520977.4,2406.998845678393
2024-05-02,2621.050048828125,2686.0,2621.050048828125,2669.050048828125,383008,0.0,0.0,0.01831327105770475,0.20046963964978537,-0.015674177901425966,506187.15,2409.6063203365998
2024-05-03,2688.89990234375,2693.949951171875,2535.0,2567.64990234375,640886,0.0,0.0,-0.037991099690654284,0.23070443660898607,-0.022504085319883252,472813.75,2411.178893291895
2024-05-06,2578.550048828125,2614.0,2559.0,2587.60009765625,294624,0.0,0.0,0.007769826912263023,0.2324469403414908,-0.022504085319883252,469183.8,2412.934328161192
2024-05-07,2540.0,2540.0,2388.75,2416.85009765625,2274991,0.0,0.0,-0.06598778542119355,0.3246090632399917,-0.022504085319883252,566955.95,2412.9732910417397
2024-05-08,2409.0,2427.60009765625,2325.14990234375,2339.10009765625,1418023,0.0,0.0,-0.03216997201249605,0.3383446053783178,-0.028658018903213334,620726.85,2412.238234391138
2024-05-09,2341.0,2352.699951171875,2280.25,2291.35009765625,979132,0.0,0.0,-0.020413833528477476,0.34248967048948925,-0.028658018903213334,655369.8,2411.0353673589507
2024-05-10,2302.0,2347.39990234375,2256.0,2278.050048828125,1259049,0.0,0.0,-0.005804459493871872,0.33900690504654635,-0.028658018903213334,705612.0,2409.712130358644
2024-05-13,2278.89990234375,2297.5,2210.0,2226.5,896229,0.0,0.0,-0.02262902382440779,0.34372958699561745,-0.028658018903213334,697007.15,2407.889124086419
2024-05-14,2231.0,2299.0,2207.39990234375,2286.75,749824,0.0,0.0,0.027060408713227124,0.3512252764218335,-0.028658018903213334,699506.85,2406.6837596676487
2024-05-15,2300.0,2319.0,2282.10009765625,2288.199951171875,680715,0.0,0.0,0.0006340663263910695,0.3521061234925828,-0.028658018903213334,699906.35,2405.5048162995317
2024-05-16,2300.0,2309.89990234375,2253.14990234375,2270.75,512259,0.0,0.0,-0.007626060459855477,0.34293299648799325,-0.028658018903213334,701847.15,2404.163972356253
2024-05-17,2278.0,2287.449951171875,2258.550048828125,2280.35009765625,321572,0.0,0.0,0.0042277210860948156,0.34251801711509816,-0.028658018903213334,689604.9,2402.931993503517
2024-05-21,2275.60009765625,2299.800048828125,2265.14990234375,2285.39990234375,451188,0.0,0.0,0.0022144865793591872,0.3418038346714695,-0.028658018903213334,698149.4,2401.7625199596387
2024-05-22,2298.0,2308.0,2273.0,2293.949951171875,301833,0.0,0.0,0.003741160931772347,0.34273871030223874,-0.028658018903213334,698190.65,2400.6897580811537
2024-05-23,2298.60009765625,2309.5,2272.550048828125,2305.449951171875,278551,0.0,0.0,0.005013186967799843,0.3378586292525069,-0.028658018903213334,677249.15,2399.7420983109123
2024-05-24,2310.0,2326.800048828125,2280.199951171875,2289.10009765625,210718,0.0,0.0,-0.007091827565944064,0.3251667397651721,-0.028658018903213334,668614.65,2398.6411828815126
2024-05-27,2289.14990234375,2318.10009765625,2289.14990234375,2309.89990234375,314542,0.0,0.0,0.009086454851317427,0.3286770002563658,-0.028658018903213334,651268.5,2397.758185065217
2024-05-28,2319.89990234375,2324.89990234375,2270.5,2280.0,351822,0.0,0.0,-0.01294424157229146,0.32589335100785666,-0.028658018903213334,651571.2,2396.586461830737
2024-05-29,2261.050048828125,2281.85009765625,2235.0,2239.0,424841,0.0,0.0,-0.017982456140350878,0.3269431626908696,-0.028658018903213334,654612.95,2395.018437334909
2024-05-30,2231.0,2242.75,2214.050048828125,2223.10009765625,372713,0.0,0.0,-0.00710134093066106,0.32625049665715583,-0.028658018903213334,655826.0,2393.30780708935
2024-05-31,2228.699951171875,2234.14990234375,2182.449951171875,2211.35009765625,1407561,0.0,0.0,-0.00528541202997912,0.3262939291872796,-0.028658018903213334,707053.65,2391.4972826173785
2024-06-03,2251.60009765625,2272.0,2216.699951171875,2265.550048828125,412116,0.0,0.0,0.02450989159487693,0.3331889798872212,-0.028658018903213334,695615.15,2390.244076311018
2024-06-04,2274.199951171875,2274.199951171875,2089.10009765625,2193.550048828125,543994,0.0,0.0,-0.03178036169946574,0.3266727150424283,-0.03179984221511726,708083.65,2388.2869218087008
2024-06-05,2195.050048828125,2302.949951171875,2191.300048828125,2295.050048828125,434069,0.0,0.0,0.04627202376997275,0.37294967927446865,-0.03179984221511726,616037.55,2387.3591917292924
2024-06-06,2299.949951171875,2312.0,2279.0,2296.550048828125,304806,0.0,0.0,0.0006535805181093757,0.30114455502902315,-0.03179984221511726,560376.7,2386.455618168087
2024-06-07,2255.0,2316.949951171875,2238.050048828125,2312.300048828125,508944,0.0,0.0,0.006858113111027908,0.2820418244199176,-0.03179984221511726,536867.3,2385.7177518064955
2024-06-10,2322.0,2369.89990234375,2295.60009765625,2354.64990234375,747806,0.0,0.0,0.01831503378512145,0.27930857702449224,-0.03179984221511726,511305.15,2385.4086189760205
2024-06-11,2369.0,2372.5,2325.0,2327.699951171875,329672,0.0,0.0,-0.011445417488625265,0.28182552195286487,-0.03179984221511726,482977.3,2384.8344033759795
2024-06-12,2327.85009765625,2373.050048828125,2320.050048828125,2365.89990234375,965764,0.0,0.0,0.016411028901144764,0.272571719290303,-0.03179984221511726,493774.3,2384.646000380634
2024-06-13,2384.0,2408.0,2372.25,2399.89990234375,610948,0.0,0.0,0.01437085312287234,0.26181090200134993,-0.03179984221511726,490285.95,2384.7977804996704
2024-06-14,2410.199951171875,2414.199951171875,2390.050048828125,2402.0,405161,0.0,0.0,0.0008750771872605423,0.26179139015925906,-0.03179984221511726,484931.05,2384.9689468628576
2024-06-18,2402.0,2431.25,2385.0,2422.199951171875,223271,0.0,0.0,0.008409638289706534,0.25990724034274343,-0.03179984221511726,480016.0,2385.339404617176
2024-06-19,2432.949951171875,2440.0,2390.0,2416.75,434132,0.0,0.0,-0.00225000052916291,0.2605542728147425,-0.03179984221511726,479163.2,2385.651947854816
2024-06-20,2416.550048828125,2509.949951171875,2380.0,2499.35009765625,1137819,0.0,0.0,0.034178172196648315,0.28213192455627434,-0.03179984221511726,520962.5,2386.7832727284626
2024-06-21,2499.35009765625,2520.199951171875,2450.050048828125,2460.050048828125,572663,0.0,0.0,-0.015724107184895142,0.29065101125246834,-0.03179984221511726,535668.1,2387.5122953762207
2024-06-24,2459.0,2460.0,2412.10009765625,2420.25,384858,0.0,0.0,-0.016178552483956277,0.2984210615724212,-0.03179984221511726,544375.1,2387.838043680935
2024-06-25,2429.0,2430.550048828125,2381.0,2393.85009765625,759796,0.0,0.0,-0.01090792370364635,0.30025107916254123,-0.03179984221511726,566637.8,2387.897865113525
2024-06-26,2398.5,2415.699951171875,2376.300048828125,2398.800048828125,542766,0.0,0.0,0.0020677782525819755,0.29923546757956704,-0.03179984221511726,576185.0,2388.006344553471
2024-06-27,2398.0,2474.64990234375,2395.0,2458.85009765625,683147,0.0,0.0,0.02503336985400728,0.30426666817834513,-0.03179984221511726,589100.3,2388.711257519668
2024-06-28,2449.050048828125,2468.89990234375,2409.800048828125,2436.050048828125,576004,0.0,0.0,-0.009272646937630635,0.297846942250577,-0.03179984221511726,599264.85,2389.1822902690055
2024-07-01,2426.050048828125,2471.0,2415.699951171875,2462.39990234375,471598,0.0,0.0,0.010816630605886335,0.2957475774336836,-0.03179984221511726,552466.7,2389.9108237224855
2024-07-02,2465.0,2465.0,2370.0,2393.699951171875,845955,0.0,0.0,-0.027899591413435898,0.31542037927774413,-0.03179984221511726,574158.65,2389.948526483176
2024-07-03,2403.800048828125,2416.39990234375,2369.949951171875,2381.5,591324,0.0,0.0,-0.005096691908232809,0.30770448460235733,-0.03179984221511726,576525.15,2389.8644615430453
2024-07-04,2390.0,2415.0,2371.75,2390.25,276779,0.0,0.0,0.0036741549443628507,0.28122427476293166,-0.03179984221511726,568660.65,2389.868297746597
2024-07-05,2390.050048828125,2411.5,2372.800048828125,2400.75,366450,0.0,0.0,0.004392845936617595,0.23617963026841174,-0.03179984221511726,571742.85,2389.97657339091
2024-07-08,2401.0,2419.699951171875,2357.050048828125,2368.300048828125,389677,0.0,0.0,-0.013516589054201833,0.24240655497748712,-0.03179984221511726,565779.5,2389.76088657934
2024-07-09,2387.39990234375,2398.0,2370.050048828125,2392.0,311651,0.0,0.0,0.010007157320966131,0.2435139528191763,-0.03179984221511726,543971.75,2389.783166314869
2024-07-10,2399.0,2402.800048828125,2354.550048828125,2399.949951171875,367639,0.0,0.0,0.003323558182221964,0.2360702054791872,-0.03179984221511726,545870.1,2389.8843283532474
2024-07-11,2406.0,2412.949951171875,2375.300048828125,2392.0,241513,0.0,0.0,-0.0033125487337738457,0.23231352674225517,-0.03179984221511726,509657.55,2389.905379812419
2024-07-12,2393.5,2404.0,2375.300048828125,2390.25,268806,0.0,0.0,-0.0007316053511705611,0.22585696053942536,-0.03179984221511726,492550.45,2389.908808869012
2024-07-15,2390.25,2404.699951171875,2377.0,2395.699951171875,305636,0.0,0.0,0.0022800757962033735,0.22037434853534116,-0.03179984221511726,487574.2,2389.966432175508
2024-07-16,2399.0,2405.550048828125,2376.050048828125,2394.60009765625,250031,0.0,0.0,-0.000459094852461428,0.22035666968682308,-0.03179984221511726,488912.2,2390.012538299695
2024-07-18,2394.0,2415.949951171875,2376.699951171875,2404.5,519892,0.0,0.0,0.004134261229438607,0.21877928573169475,-0.03179984221511726,493200.2,2390.156692147459
2024-07-19,2410.0,2410.0,2331.050048828125,2342.60009765625,611272,0.0,0.0,-0.025743357181846505,0.23593706905039205,-0.03179984221511726,466872.85,2389.683492202273
2024-07-22,2315.0,2375.0,2309.300048828125,2367.550048828125,470369,0.0,0.0,0.010650537920167125,0.2030464542281677,-0.03179984221511726,461758.15,2389.463258934869
2024-07-23,2378.89990234375,2394.0,2283.10009765625,2361.050048828125,1467130,0.0,0.0,-0.00274545410485294,0.197290439573988,-0.03179984221511726,515871.75,2389.180540426344
2024-07-24,2330.0,2379.949951171875,2317.25,2367.64990234375,1175151,0.0,0.0,0.0027953043684527668,0.19080608337581845,-0.03179984221511726,536639.5,2388.9663052215424
2024-07-25,2345.0,2412.0,2342.300048828125,2399.800048828125,1150332,0.0,0.0,0.013578927548599795,0.19358191973027142,-0.03179984221511726,567017.8,2389.0741036653894
2024-07-26,2405.14990234375,2476.0,2400.0,2456.14990234375,1359673,0.0,0.0,0.023481061908946055,0.20973772803131033,-0.03179984221511726,600844.1,2389.741524547761
2024-07-29,2471.85009765625,2543.5,2466.14990234375,2509.050048828125,895078,0.0,0.0,0.021537833026353814,0.20503149885536912,-0.03179984221511726,616797.8,2390.928674043088
2024-07-30,2510.050048828125,2563.300048828125,2500.050048828125,2552.35009765625,406480,0.0,0.0,0.01725754687450287,0.20877680361359793,-0.03179984221511726,613541.9,2392.534857362622
2024-07-31,2560.0,2659.0,2557.300048828125,2644.89990234375,1734449,0.0,3.6,0.036260623012683846,0.23835575466054665,-0.02809362992773739,657966.6,2395.0459523375584
2024-08-01,2631.5,2653.550048828125,2601.449951171875,2624.89990234375,810488,0.0,0.0,-0.007561722839596774,0.21371773159297144,-0.02809362992773739,668924.8,2397.3330563177196
2024-08-02,2585.0,2618.64990234375,2514.14990234375,2522.800048828125,460619,0.0,0.0,-0.038896665516449214,0.25989749536688406,-0.02809362992773739,678116.8,2398.5814841038928
2024-08-05,2460.10009765625,2504.550048828125,2418.0,2473.0,1311990,0.0,0.0,-0.019739990432954713,0.27139406568065827,-0.025851168893425973,725393.8,2399.321966849128
2024-08-06,2497.14990234375,2555.0,2481.64990234375,2488.949951171875,731638,0.0,0.0,0.006449636543419013,0.2717386357868187,-0.025851168893425973,742491.85,2400.213787588658
2024-08-07,2507.0,2595.75,2488.949951171875,2590.10009765625,604727,0.0,0.0,0.040639686803163766,0.2967362089181895,-0.025851168893425973,757145.65,2402.103203609231
2024-08-08,2615.0,2615.0,2531.0,2537.10009765625,252629,0.0,0.0,-0.020462529632719217,0.30808648723149673,-0.025851168893425973,751395.15,2403.4464562863163
2024-08-09,2560.0,2600.0,2538.0,2553.64990234375,243182,0.0,0.0,0.006523118541041706,0.30832974442254324,-0.025851168893425973,751478.6,2404.941017938629
2024-08-12,2553.550048828125,2583.949951171875,2525.35009765625,2568.5,262274,0.0,0.0,0.005815244150194854,0.3075432660902085,-0.025851168893425973,751152.0,2406.5684704964538
2024-08-13,2592.199951171875,2592.199951171875,2512.199951171875,2521.050048828125,337336,0.0,0.0,-0.01847379839278762,0.316678917249479,-0.025851168893425973,752737.0,2407.7075906788587
2024-08-14,2525.0,2525.050048828125,2445.050048828125,2491.75,261492,0.0,0.0,-0.011622160711067475,0.32056556511302936,-0.025851168893425973,753310.05,2408.543833557676
2024-08-16,2519.949951171875,2519.949951171875,2470.449951171875,2481.199951171875,445311,0.0,0.0,-0.00423399170387273,0.3212065300148286,-0.025851168893425973,749581.0,2409.2667800015984
2024-08-19,2492.0,2492.0,2451.60009765625,2476.14990234375,227333,0.0,0.0,-0.0020353252166315228,0.32137382816046917,-0.025851168893425973,730384.05,2409.932283706495
2024-08-20,2476.14990234375,2487.89990234375,2452.35009765625,2473.5,253516,0.0,0.0,-0.0010701704049669303,0.30592306662766755,-0.025851168893425973,719541.4,2410.56479829648
2024-08-21,2473.5,2487.5,2458.449951171875,2480.14990234375,297048,0.0,0.0,0.0026884585986457488,0.30457882466328207,-0.025851168893425973,661037.3,2411.257187391478
2024-08-22,2491.0,2566.0,2488.300048828125,2533.10009765625,825960,0.0,0.0,0.021349594741213673,0.310832784666257,-0.025851168893425973,643577.75,2412.4695546577946
2024-08-23,2558.0,2559.0,2480.5,2490.64990234375,576226,0.0,0.0,-0.016758198916725364,0.31870150539154457,-0.025851168893425973,614872.45,2413.2474685651173
2024-08-26,2490.64990234375,2545.050048828125,2486.64990234375,2538.550048828125,466741,0.0,0.0,0.019231986976290916,0.3217410417230325,-0.025851168893425973,570225.85,2414.4942604085304
2024-08-27,2557.0,2592.0,2541.5,2555.60009765625,598139,0.0,0.0,0.006716451714629645,0.3133442575581595,-0.025851168893425973,555378.9,2415.8982985901
2024-08-28,2565.0,2568.85009765625,2518.0,2539.050048828125,362347,0.0,0.0,-0.00647599318974168,0.30637155019369094,-0.025851168893425973,553172.25,2417.123689139732
2024-08-29,2538.0,2549.25,2503.949951171875,2540.35009765625,326129,0.0,0.0,0.0005120217416449968,0.3004322320802538,-0.025851168893425973,482756.25,2418.349822557807
2024-08-30,2539.0,2599.949951171875,2539.0,2564.60009765625,2180896,0.0,0.0,0.009545928343645649,0.27271951675083905,-0.020726571010175582,551276.65,2419.805049175702
2024-09-02,2579.89990234375,2608.699951171875,2561.0,2590.300048828125,635476,0.0,0.0,0.010021036494290758,0.27445050439506535,-0.020726571010175582,560019.5,2421.501516833935
2024-09-03,2599.0,2621.949951171875,2575.449951171875,2586.0,666148,0.0,0.0,-0.0016600581967599615,0.2364779964939992,-0.020726571010175582,527727.4,2423.138317661458
2024-09-04,2570.050048828125,2608.0,2541.800048828125,2602.300048828125,486482,0.0,0.0,0.006303189802059128,0.2241943563853745,-0.020726571010175582,515469.6,2424.9210214541613
2024-09-05,2603.0,2649.0,2603.0,2618.5,699368,0.0,0.0,0.006225243387737001,0.22414619196075225,-0.020726571010175582,520201.65,2426.847180444667
2024-09-06,2618.550048828125,2618.550048828125,2501.199951171875,2509.050048828125,714721,0.0,0.0,-0.04179872108912541,0.22932306938539204,-0.025851168893425973,543306.25,2427.6651194335573
2024-09-09,2499.300048828125,2534.449951171875,2464.85009765625,2529.14990234375,523188,0.0,0.0,0.008010941641045655,0.22056474401849993,-0.025851168893425973,557306.55,2428.6749182684844
2024-09-10,2527.5,2564.949951171875,2525.0,2536.14990234375,351145,0.0,0.0,0.002767728395028257,0.21953446185909453,-0.025851168893425973,561750.1,2429.744321095104
2024-09-11,2549.0,2549.0,2476.85009765625,2482.39990234375,426132,0.0,0.0,-0.02119354220755154,0.22984988025580755,-0.025851168893425973,566189.9,2430.2682572269314
2024-09-12,2499.0,2499.0,2470.60009765625,2488.199951171875,231262,0.0,0.0,0.0023364683597710822,0.22167006616595888,-0.025851168893425973,564678.4,2430.8446919925527
2024-09-13,2504.0,2506.449951171875,2460.800048828125,2466.39990234375,279878,0.0,0.0,-0.008761373384746585,0.22008226752843968,-0.025851168893425973,556406.75,2431.198475180127
2024-09-16,2459.800048828125,2475.949951171875,2433.199951171875,2436.89990234375,401767,0.0,0.0,-0.011960752987367096,0.2233837507216534,-0.025851168893425973,565128.45,2431.2552057986704
2024-09-17,2436.89990234375,2460.64990234375,2401.10009765625,2431.14990234375,927267,0.0,0.0,-0.002359555267112068,0.22340985702306998,-0.025851168893425973,598816.0,2431.2541580030993
2024-09-18,2425.5,2447.89990234375,2372.60009765625,2388.35009765625,575364,0.0,0.0,-0.01760475758662139,0.23089951606290837,-0.025851168893425973,612731.8,2430.8272519299962
2024-09-19,2395.10009765625,2411.14990234375,2360.300048828125,2402.0,641706,0.0,0.0,0.005715201618533561,0.23183818622124755,-0.025851168893425973,603519.1,2430.5404136023344
2024-09-20,2410.0,2440.800048828125,2403.0,2419.699951171875,733741,0.0,0.0,0.007368838955817969,0.21925356161128878,-0.025851168893425973,611394.85,2430.432548304519
2024-09-23,2435.0,2452.699951171875,2411.199951171875,2439.949951171875,943175,0.0,0.0,0.00836880621921443,0.21531009284374406,-0.025851168893425973,635216.55,2430.5272488305623
2024-09-24,2441.0,2458.85009765625,2426.5,2432.5,490479,0.0,0.0,-0.003053321306159096,0.20252834198862077,-0.025851168893425973,629833.55,2430.5468781954323
2024-09-25,2432.5,2462.39990234375,2414.25,2451.75,1055909,0.0,0.0,0.007913669064748108,0.20321523740261666,-0.025851168893425973,664511.65,2430.7578545317965
2024-09-26,2454.449951171875,2477.14990234375,2434.39990234375,2458.25,994116,0.0,0.0,0.0026511675333944495,0.20308192784804147,-0.021421032956266288,697911.0,2431.031408218047
2024-09-27,2459.0,2498.85009765625,2450.14990234375,2461.550048828125,3003981,0.0,0.0,0.0013424382500253351,0.2032038481218915,-0.021421032956266288,739065.25,2431.335076283819
2024-09-30,2474.949951171875,2519.949951171875,2470.10009765625,2497.85009765625,520872,0.0,0.0,0.014746825418157306,0.20749368157155398,-0.021421032956266288,733335.05,2431.9969172925003
2024-10-01,2494.0,2494.0,2428.5,2481.35009765625,724115,0.0,0.0,-0.006605680627305044,0.20415930900088014,-0.021421032956266288,736233.4,2432.4879937140304
2024-10-03,2450.0,2499.5,2412.5,2421.0,358947,0.0,0.0,-0.024321476325833036,0.21833424453550368,-0.02439257036863371,729856.65,2432.373685318866
2024-10-04,2421.89990234375,2434.0,2345.0,2350.35009765625,450520,0.0,0.0,-0.029182115796674957,0.23328618407000415,-0.025915295112587926,717414.25,2431.5575302177454
2024-10-07,2350.35009765625,2366.949951171875,2292.300048828125,2307.800048828125,327402,0.0,0.0,-0.018103706707590317,0.2341085319973246,-0.025915295112587926,698048.3,2430.3261124924757
2024-10-08,2300.0,2345.0,2298.800048828125,2328.39990234375,314627,0.0,0.0,0.008926186445868733,0.19945938472980929,-0.025915295112587926,687620.25,2429.3119213467176
2024-10-09,2339.0,2357.050048828125,2321.60009765625,2334.60009765625,375497,0.0,0.0,0.0026628567138569093,0.19641573839649276,-0.025915295112587926,688837.85,2428.3695151408424
2024-10-10,2345.0,2364.949951171875,2329.0,2342.300048828125,303852,0.0,0.0,0.0032981884904421666,0.19664533604430143,-0.025915295112587926,682723.85,2427.513102540716
2024-10-11,2349.0,2365.64990234375,2327.75,2348.75,216675,0.0,0.0,0.002753682721008399,0.1870762332012219,-0.025915295112587926,681994.5,2426.7293900776244
2024-10-14,2359.0,2363.60009765625,2319.0,2342.85009765625,317281,0.0,0.0,-0.0025119328765300653,0.1862276057250687,-0.025915295112587926,683864.65,2425.894770252536
2024-10-15,2348.0,2355.0,2334.800048828125,2351.39990234375,288552,0.0,0.0,0.003649317852667089,0.18618101203197293,-0.02456450829937513,678203.9,2425.153527785782
2024-10-16,2342.050048828125,2358.199951171875,2287.14990234375,2306.10009765625,1139467,0.0,0.0,-0.019265036390597623,0.19261181549348394,-0.02456450829937513,688813.9,2423.968916540712
2024-10-17,2206.300048828125,2292.0,2206.300048828125,2262.949951171875,1243914,0.0,0.0,-0.018711306819781837,0.20056970888761927,-0.02456450829937513,722241.4,2422.3667377808233
2024-10-18,2262.949951171875,2333.35009765625,2259.949951171875,2325.699951171875,601744,0.0,0.0,0.027729292009973427,0.22041853211833018,-0.02456450829937513,720243.3,2421.4048792076
2024-10-21,2331.949951171875,2336.0,2256.75,2277.949951171875,1464849,0.0,0.0,-0.020531453326960603,0.22868135358904368,-0.02456450829937513,756798.7,2419.977466988339
2024-10-22,2258.800048828125,2288.0,2146.5,2178.10009765625,837878,0.0,0.0,-0.04383320777713218,0.26668546168739227,-0.02966784328266367,751533.85,2417.570726994985
2024-10-23,2167.300048828125,2329.89990234375,2167.300048828125,2248.199951171875,1698381,0.0,0.0,0.032183944893559246,0.2930302054266906,-0.02966784328266367,811928.95,2415.8854456435115
2024-10-24,2210.0,2268.75,2158.449951171875,2257.300048828125,1241116,0.0,0.0,0.004047726115956163,0.29426570770209665,-0.02966784328266367,821189.3,2414.307481496095
2024-10-25,2246.39990234375,2257.550048828125,2190.0,2206.89990234375,720087,0.0,0.0,-0.02232762388435694,0.29825072634066035,-0.02966784328266367,807487.85,2412.243724489604
2024-10-28,2214.949951171875,2269.949951171875,2206.89990234375,2257.25,405459,0.0,0.0,0.02281485336184841,0.31246291663983694,-0.02966784328266367,677561.75,2410.7014983752797
2024-10-29,2251.0,2275.0,2226.050048828125,2260.449951171875,227838,0.0,0.0,0.0014176325935872924,0.31247882535376353,-0.02456450829937513,662910.05,2409.206458104599
2024-10-30,2252.35009765625,2282.550048828125,2244.14990234375,2261.949951171875,480085,0.0,0.0,0.0006635846987996796,0.30564326942974196,-0.02456450829937513,650708.55,2407.7412192296465
2024-10-31,2262.60009765625,2267.199951171875,2225.050048828125,2243.14990234375,402886,0.0,0.0,-0.008311434485270164,0.3058458899924864,-0.02456450829937513,652905.5,2406.1034946835184
2024-11-01,2243.14990234375,2259.949951171875,2242.0,2252.300048828125,19850,0.0,0.0,0.004079150695552869,0.2985268420242938,-0.02456450829937513,631372.0,2404.5731121376934
2024-11-04,2249.0,2259.0,2220.25,2246.699951171875,321161,0.0,0.0,-0.002486390593990251,0.28325695125972083,-0.02456450829937513,631059.95,2403.0022349141527
2024-11-05,2242.0,2305.199951171875,2235.5,2299.14990234375,334191,0.0,0.0,0.0233453297332904,0.2898672431042318,-0.02456450829937513,632038.15,2401.9688783711636
2024-11-06,2334.5,2351.949951171875,2301.0,2343.050048828125,305081,0.0,0.0,0.019094077528230446,0.29589825400693776,-0.02456450829937513,628517.35,2401.382621360785
2024-11-07,2350.0,2383.5,2336.550048828125,2378.449951171875,564529,0.0,0.0,0.015108470415070796,0.3001730583206826,-0.02456450829937513,641551.2,2401.1544355877613
2024-11-08,2389.0,2389.0,2285.0,2305.949951171875,205396,0.0,0.0,-0.030482037246265747,0.31920161456547164,-0.029247111869154498,640987.25,2400.207127285116
2024-11-11,2295.25,2301.699951171875,2258.14990234375,2294.199951171875,253339,0.0,0.0,-0.005095513887466985,0.3193357194594348,-0.029247111869154498,637790.15,2399.1523295128445
2024-11-12,2298.050048828125,2308.949951171875,2238.5,2253.050048828125,222545,0.0,0.0,-0.017936493426708777,0.3247263322501289,-0.029247111869154498,634489.8,2397.698575476181
2024-11-13,2230.0,2247.0,2187.75,2197.89990234375,417811,0.0,0.0,-0.024477994402769765,0.33343377993630763,-0.029247111869154498,598407.0,2395.710528977351
2024-11-14,2195.0,2244.050048828125,2191.0,2235.199951171875,152578,0.0,0.0,0.016970767771703255,0.3347851305284215,-0.029247111869154498,543840.2,2394.1134088001822
2024-11-18,2238.0,2242.300048828125,2171.85009765625,2179.35009765625,294619,0.0,0.0,-0.024986513392837195,0.33957501395553136,-0.029247111869154498,528483.95,2391.976460430591
2024-11-19,2186.0,2226.0,2185.0,2199.5,315906,0.0,0.0,0.009245830839854419,0.32521186834309085,-0.029247111869154498,471036.8,2390.06127176959
2024-11-21,2180.0,2195.25,2133.949951171875,2143.64990234375,238869,0.0,0.0,-0.0253921789753353,0.32903009846229675,-0.029247111869154498,441086.35,2387.609417347442
2024-11-22,2135.5,2182.199951171875,2126.85009765625,2163.25,357851,0.0,0.0,0.009143329624310637,0.29496446489088507,-0.029247111869154498,374059.85,2385.376985334035
2024-11-25,2190.10009765625,2235.0,2185.5,2223.550048828125,791995,0.0,0.0,0.02787474810036983,0.28933452734333875,-0.029247111869154498,351603.8,2383.7667670603446
2024-11-26,2223.60009765625,2252.300048828125,2223.60009765625,2234.64990234375,124184,0.0,0.0,0.004991951281454243,0.28953444534362505,-0.029247111869154498,321808.65,2382.2830171626674
2024-11-27,2250.300048828125,2300.0,2225.0,2296.60009765625,298675,0.0,0.0,0.027722550743866092,0.2934869521260281,-0.029247111869154498,316469.45,2381.4304507994193
2024-11-28,2299.300048828125,2311.449951171875,2254.5,2262.39990234375,260810,0.0,0.0,-0.014891663266670685,0.28892316776655047,-0.029247111869154498,318118.05,2380.2460672326965
2024-11-29,2265.0,2284.0,2250.550048828125,2265.0,583686,0.0,0.0,0.0011492652795628278,0.28891119121097064,-0.029247111869154498,323298.1,2379.099340195555
2024-12-02,2264.949951171875,2310.89990234375,2245.10009765625,2296.949951171875,401509,0.0,0.0,0.014105938707229537,0.2928768819567899,-0.029247111869154498,323229.25,2378.2819333395983
2024-12-03,2297.0,2322.0,2287.75,2311.25,318080,0.0,0.0,0.006225668443855081,0.2914456596679598,-0.029247111869154498,338140.75,2377.6149489282593
2024-12-04,2311.300048828125,2348.0,2311.300048828125,2333.699951171875,466142,0.0,0.0,0.009713337445916626,0.2927037188770543,-0.02558167581640228,345389.8,2377.1779837764548
2024-12-05,2325.050048828125,2338.050048828125,2305.550048828125,2319.75,180013,0.0,0.0,-0.005977611288404905,0.2936045439469127,-0.02558167581640228,337680.9,2376.606561052311
2024-12-06,2319.949951171875,2336.0,2286.39990234375,2294.699951171875,203158,0.0,0.0,-0.01079859848178688,0.28558519700785223,-0.02558167581640228,332584.75,2375.7915699092223
2024-12-09,2290.0,2318.14990234375,2257.800048828125,2302.35009765625,393791,0.0,0.0,0.00333383302704493,0.277454292358889,-0.02558167581640228,324047.85,2375.0608089912826
2024-12-10,2320.0,2367.699951171875,2295.0,2343.60009765625,551490,0.0,0.0,0.017916475883485994,0.27963065879203286,-0.02558167581640228,341352.55,2374.7477670874514
2024-12-11,2355.0,2369.89990234375,2332.550048828125,2336.449951171875,97773,0.0,0.0,-0.0030509242986999086,0.257943946894566,-0.02558167581640228,333574.25,2374.366694292272
2024-12-12,2345.0,2345.0,2294.050048828125,2298.800048828125,321800,0.0,0.0,-0.016114148871396172,0.26384769049576245,-0.02558167581640228,338537.0,2373.6147873722307
2024-12-13,2300.0,2307.0,2257.550048828125,2296.699951171875,621830,0.0,0.0,-0.0009135625594407504,0.25554102943255447,-0.02558167581640228,348737.95,2372.8494656189932
2024-12-16,2300.0,2314.800048828125,2287.5,2306.449951171875,107599,0.0,0.0,0.004245221494878049,0.23818614164099877,-0.02558167581640228,346489.0,2372.1887739329522
2024-12-17,2306.60009765625,2314.39990234375,2268.300048828125,2280.0,514460,0.0,0.0,-0.01146781925982665,0.236641885603716,-0.02558167581640228,357481.05,2371.2714726997883
2024-12-18,2280.0,2308.5,2266.75,2272.050048828125,163735,0.0,0.0,-0.003486820689418857,0.21780540344161523,-0.02558167581640228,349872.5,2370.284194850319
2024-12-19,2249.949951171875,2292.050048828125,2202.050048828125,2283.949951171875,296346,0.0,0.0,0.005237517698999605,0.21658178555556698,-0.02558167581640228,352746.35,2369.4251476495388
2024-12-20,2292.0,2337.14990234375,2266.14990234375,2277.60009765625,712404,0.0,0.0,-0.0027802069447130373,0.19365086763018816,-0.02558167581640228,370474.0,2368.5114655600537
2024-12-23,2280.0,2298.550048828125,2250.550048828125,2286.550048828125,392750,0.0,0.0,0.003929553384321105,0.19239169834832368,-0.02558167581640228,350511.75,2367.695929075159
2024-12-24,2286.5,2300.85009765625,2259.89990234375,2277.85009765625,310188,0.0,0.0,-0.003804837412736184,0.17020616155262344,-0.02558167581640228,359811.95,2366.8019407028314
2024-12-26,2279.5,2286.75,2240.199951171875,2262.14990234375,151734,0.0,0.0,-0.006892549834009887,0.17184469280704315,-0.02558167581640228,352464.9,2365.7606268883133
2024-12-27,2274.0,2279.199951171875,2251.10009765625,2264.449951171875,149646,0.0,0.0,0.0010167534988472227,0.14093101766902177,-0.02558167581640228,346906.7,2364.752560463274
2024-12-30,2265.0,2270.0,2196.85009765625,2255.14990234375,824666,0.0,0.0,-0.004106979190823812,0.131841904452352,-0.02558167581640228,358955.7,2363.661986750642
2024-12-31,2255.050048828125,2259.800048828125,2205.0,2237.949951171875,226673,0.0,0.0,-0.007626965796818763,0.13426033421099204,-0.02558167581640228,350213.9,2362.411120724983
2025-01-01,2237.0,2243.5,2209.199951171875,2211.300048828125,136970,0.0,0.0,-0.011908176199291298,0.12863424819592387,-0.025006796671962102,341158.4,2360.9075279697904
2025-01-02,2228.300048828125,2232.449951171875,2200.449951171875,2224.75,128080,0.0,0.0,0.006082372755792598,0.12852283542402226,-0.025006796671962102,324255.3,2359.552726696459
2025-01-03,2234.0,2290.0,2216.050048828125,2284.89990234375,504499,0.0,0.0,0.027036701806382846,0.15855046595584144,-0.025006796671962102,340479.6,2358.8099125237954
2025-01-06,2296.25,2300.0,2260.0,2277.449951171875,579516,0.0,0.0,-0.00326051533558791,0.15774405323100454,-0.025006796671962102,359297.5,2358.0003606695477
2025-01-07,2271.0,2359.89990234375,2271.0,2308.449951171875,505414,0.0,0.0,0.013611715148360792,0.1609378338724853,-0.025006796671962102,364878.65,2357.5073217690733
2025-01-08,2298.10009765625,2371.949951171875,2298.10009765625,2350.949951171875,977298,0.0,0.0,0.018410622235247143,0.17253624889019345,-0.025006796671962102,386169.05,2357.442074300445
2025-01-09,2500.0,2697.699951171875,2480.0,2673.89990234375,10340857,0.0,0.0,0.1373699814455407,0.5017639111959714,-0.025006796671962102,898323.25,2360.5909084103287
2025-01-10,2527.050048828125,2620.39990234375,2512.39990234375,2601.10009765625,2152573,0.0,0.0,-0.02722607702094193,0.514533445256865,-0.02548387387761563,989861.9,2362.9840346714823
2025-01-13,2557.0,2597.5,2506.050048828125,2516.0,773391,0.0,0.0,-0.032716963769648943,0.5264338187494508,-0.02738887503220812,997439.95,2364.506581590174
2025-01-14,2505.5,2545.14990234375,2492.199951171875,2509.75,289433,0.0,0.0,-0.0024841017488076433,0.5266765586996586,-0.02738887503220812,1006531.65,2365.9517897335554
2025-01-15,2505.25,2529.25,2484.5,2491.699951171875,311184,0.0,0.0,-0.007191970844954709,0.5282949471078874,-0.02738887503220812,996367.85,2367.203015220504
2025-01-16,2505.0,2595.85009765625,2501.550048828125,2583.800048828125,445214,0.0,0.0,0.03696275613479627,0.5367929422539092,-0.02738887503220812,1010441.8,2369.3582095847587
2025-01-17,2583.0,2632.64990234375,2572.25,2606.449951171875,543374,0.0,0.0,0.0087661204101388,0.5356019337855672,-0.02548387387761563,1022793.2,2371.717331391596
2025-01-20,2620.0,2632.0,2575.949951171875,2612.10009765625,420656,0.0,0.0,0.002167755602533017,0.5358396245472566,-0.02548387387761563,1008205.8,2374.1091997126377
2025-01-21,2614.0,2632.0,2571.39990234375,2575.14990234375,337461,0.0,0.0,-0.014145780763016758,0.5398638307796858,-0.02548387387761563,1005441.35,2376.109604713942
2025-01-22,2570.0,2587.199951171875,2487.0,2523.14990234375,486965,0.0,0.0,-0.020192999231878783,0.5476546327148478,-0.02548387387761563,1014280.2,2377.5726922525473
2025-01-23,2520.0,2617.60009765625,2505.10009765625,2596.75,448201,0.0,0.0,0.02916992668088536,0.552688459975134,-0.02548387387761563,1029103.55,2379.7535609863526
2025-01-24,2601.0,2614.10009765625,2552.0,2583.949951171875,260384,0.0,0.0,-0.004929257274718379,0.5521170631365915,-0.02548387387761563,1034640.45,2381.7853658638205
2025-01-27,2575.0,2628.0,2547.0,2570.39990234375,651779,0.0,0.0,-0.005243928514164775,0.5533815011037772,-0.02548387387761563,1025996.1,2383.6621274208346
2025-01-28,2569.949951171875,2620.949951171875,2569.89990234375,2600.199951171875,773278,0.0,0.0,0.011593545736191757,0.5522263696147579,-0.02548387387761563,1053326.35,2385.8167326322878
2025-01-29,2612.0,2677.89990234375,2557.75,2664.85009765625,921481,0.0,0.0,0.02486352884332521,0.5525966936430037,-0.02548387387761563,1092551.9,2388.593184025561
2025-01-30,2700.0,2849.0,2636.050048828125,2831.14990234375,3252957,0.0,0.0,0.06240493783637646,0.5767840069322929,-0.02548387387761563,1248795.75,2392.996733461563
2025-01-31,2840.0,2895.0,2782.0,2809.85009765625,1649633,0.0,0.0,-0.00752337580919582,0.5805840728603285,-0.02548387387761563,1306052.45,2397.144528130167
2025-02-01,2820.0,2862.449951171875,2764.050048828125,2826.050048828125,409517,0.0,0.0,0.0057654147405898915,0.5782135660101055,-0.02548387387761563,1297552.5,2401.4122447540276
2025-02-03,2875.0,2970.0,2826.050048828125,2942.699951171875,2457417,0.0,0.0,0.041276658349387985,0.5851381130254086,-0.02548387387761563,1395152.65,2406.7981920815687
2025-02-04,2920.0,2980.0,2917.89990234375,2970.25,1166529,0.0,3.6,0.009362167154403078,0.5852573127461338,-0.025006796671962102,1404614.2,2412.4046777324984
2025-02-05,2965.25,2983.89990234375,2932.5,2958.75,554628,0.0,0.0,-0.0038717279690261286,0.5875977478174015,-0.025006796671962102,915302.75,2417.8409495958567
2025-02-06,2935.0,2958.75,2874.800048828125,2894.300048828125,479146,0.0,0.0,-0.02178283098331224,0.3806798690526343,-0.025006796671962102,831631.4,2422.581836155382
2025-02-07,2909.5,2915.300048828125,2852.60009765625,2879.949951171875,316963,0.0,0.0,-0.004958054594947803,0.36512674492232566,-0.025006796671962102,808810.0,2427.132762672959
2025-02-10,2899.0,2909.949951171875,2843.050048828125,2856.050048828125,334621,0.0,0.0,-0.008298721418413813,0.3423399574523227,-0.025006796671962102,811069.4,2431.4005963660456
2025-02-11,2860.0,2868.800048828125,2771.64990234375,2812.14990234375,385518,0.0,0.0,-0.015370930387717752,0.34933220289370964,-0.02196329838291339,814786.1,2435.1891466742813
2025-02-12,2795.0,2866.0,2752.449951171875,2828.35009765625,764079,0.0,0.0,0.0057607865423525695,0.3461962468544936,-0.02196329838291339,830729.35,2439.101195937784
2025-02-13,2856.0,2885.0,2810.0,2841.449951171875,584788,0.0,0.0,0.004631623760608772,0.3277084429902203,-0.020272490819450456,832800.05,2443.104666139118
2025-02-14,2849.0,2849.949951171875,2723.60009765625,2752.25,619621,0.0,0.0,-0.03139240623790929,0.3502375089414837,-0.022054993285193725,842748.3,2446.1807391128577
2025-02-17,2750.0,2763.949951171875,2707.449951171875,2747.800048828125,307026,0.0,0.0,-0.001616841192433438,0.35057195800618474,-0.022054993285193725,841226.55,2449.1819262742038
2025-02-18,2749.25,2765.449951171875,2726.75,2741.10009765625,292273,0.0,0.0,-0.002438296474567836,0.34582123592447916,-0.022054993285193725,831491.95,2452.086584695916
2025-02-19,2738.60009765625,2764.0,2711.800048828125,2728.0,231538,0.0,0.0,-0.004779138736104915,0.3366848316696191,-0.022054993285193725,820658.8,2454.8319918133698
2025-02-20,2714.0,2806.0,2707.050048828125,2795.89990234375,351713,0.0,0.0,0.02488999352776755,0.33294854384308215,-0.022054993285193725,825225.25,2458.225702365911
2025-02-21,2796.0,2824.60009765625,2754.0,2778.89990234375,424887,0.0,0.0,-0.006080332126965349,0.33334941204320556,-0.022054993285193725,813880.65,2461.4164904253917
2025-02-24,2772.0,2796.60009765625,2740.39990234375,2759.35009765625,366653,0.0,0.0,-0.00703508775937256,0.3340103917503851,-0.022054993285193725,793549.4,2464.381003930176
2025-02-25,2756.60009765625,2791.14990234375,2720.10009765625,2768.050048828125,510161,0.0,0.0,0.0031528986406126336,0.3327395347166404,-0.022054993285193725,772983.4,2467.4025864664745
2025-02-27,2798.0,2864.5,2795.75,2854.0,1514535,0.0,0.0,0.031050721502764222,0.3384589666259102,-0.022054993285193725,686062.3,2471.249326899644
2025-02-28,2826.10009765625,2831.0,2759.050048828125,2795.39990234375,1004086,0.0,0.0,-0.02053262006175538,0.27193780324608574,-0.022054993285193725,653784.95,2474.4747057597847
2025-03-03,2790.10009765625,2835.949951171875,2725.25,2826.699951171875,445987,0.0,0.0,0.01119698430334859,0.27354404541618327,-0.022054993285193725,655608.45,2477.979434569855
2025-03-04,2819.89990234375,2901.64990234375,2782.14990234375,2853.300048828125,499754,0.0,0.0,0.00941030109871499,0.2747294438064344,-0.022054993285193725,557725.3,2481.7139680450623
2025-03-05,2853.300048828125,2885.0,2834.14990234375,2844.85009765625,534732,0.0,0.0,-0.002961466031357385,0.23154420557387587,-0.022054993285193725,526135.45,2485.3272628670643
2025-03-06,2859.949951171875,2879.0,2822.949951171875,2851.60009765625,404634,0.0,0.0,0.002372708497210718,0.22865778301597575,-0.022054993285193725,518635.75,2488.971768685862
2025-03-07,2860.89990234375,2945.10009765625,2847.10009765625,2935.35009765625,1417602,0.0,0.0,0.02936947577917204,0.2526710803026613,-0.022054993285193725,565558.55,2493.413344098503
2025-03-10,2945.0,2964.85009765625,2887.300048828125,2938.14990234375,863371,0.0,0.0,0.0009538230856127594,0.24023532006291864,-0.022054993285193725,592878.95,2497.8385834840283
2025-03-11,2938.14990234375,2950.0,2862.699951171875,2921.25,787457,0.0,0.0,-0.0057518856782184935,0.24049170211665527,-0.022054993285193725,615520.75,2502.0516324045852
2025-03-12,2955.60009765625,2969.949951171875,2911.0,2958.60009765625,750676,0.0,0.0,0.01278565602267867,0.2415435187588947,-0.022054993285193725,633778.65,2506.5944032031093
2025-03-13,2965.0,2969.0,2913.10009765625,2951.800048828125,522503,0.0,0.0,-0.002298400798915634,0.23396638613239018,-0.022054993285193725,621699.85,2511.0243101247515
2025-03-17,2959.050048828125,3029.85009765625,2946.10009765625,3011.300048828125,882944,0.0,0.0,0.02015719188825882,0.24174701956793798,-0.022054993285193725,636607.65,2516.0021781715513
2025-03-18,3011.300048828125,3011.300048828125,3011.300048828125,3011.300048828125,0,0.0,0.0,0.0,0.2419094756712768,-0.022054993285193725,605626.6,2520.93051519301
2025-03-19,3005.0,3032.5,2981.39990234375,3005.35009765625,650397,0.0,0.0,-0.0019758745642735054,0.20856439660394374,-0.022054993285193725,622795.15,2525.750610540903
2025-03-20,3006.800048828125,3038.0,2987.85009765625,2993.10009765625,682335,0.0,0.0,-0.004076064219457609,0.20961176569452625,-0.022054993285193725,642298.25,2530.400854193792
2025-03-21,3002.0,3051.89990234375,2978.64990234375,3024.35009765625,701613,0.0,0.0,0.010440679890548976,0.20924924948551085,-0.022054993285193725,665802.0,2535.3157720391896
2025-03-24,3047.0,3054.89990234375,2987.050048828125,2991.35009765625,473659,0.0,0.0,-0.01091143516273918,0.2138061138779552,-0.022054993285193725,671899.3,2539.8534270204536
2025-03-25,3014.0,3014.0,2930.550048828125,2945.64990234375,556612,0.0,0.0,-0.015277447915008846,0.21075688600112955,-0.022054993285193725,678485.55,2543.8912028943173
2025-03-26,2937.10009765625,2968.5,2808.300048828125,2893.89990234375,779036,0.0,0.0,-0.017568279230611994,0.22024225824616897,-0.022054993285193725,699104.7,2547.37387652068
2025-03-27,2878.5,2959.0,2878.050048828125,2946.449951171875,847677,0.0,0.0,0.018158903418036276,0.22443718806664245,-0.022054993285193725,715980.5,2551.3447827361147
2025-03-28,2949.699951171875,2990.10009765625,2931.5,2939.14990234375,299741,0.0,0.0,-0.0024775743518812288,0.22530537409677415,-0.022054993285193725,655240.8,2555.203540145146
2025-04-01,2931.0,2937.949951171875,2854.0,2879.5,603406,0.0,0.0,-0.020294950691757352,0.21458408019329311,-0.022054993285193725,635206.8,2558.4303705914626
2025-04-02,2889.0,2987.0,2851.0,2981.60009765625,715592,0.0,0.0,0.035457578626931774,0.23232381321804166,-0.022054993285193725,648687.05,2562.6410146418584
2025-04-03,2960.0,2960.0,2803.75,2901.199951171875,1345843,0.0,0.0,-0.026965435957550188,0.2524632870238154,-0.026978468010719774,690991.5,2566.009760278973
2025-04-04,2888.10009765625,2933.0,2822.0,2854.85009765625,703507,0.0,0.0,-0.015976097578832116,0.2575284139774938,-0.026978468010719774,699430.25,2568.883793486707
2025-04-07,2570.199951171875,2768.699951171875,2570.199951171875,2715.199951171875,1368024,0.0,0.0,-0.048916805333850566,0.30865437718985617,-0.027434393481790297,747599.75,2570.3396756527286
2025-04-08,2740.0,2806.25,2722.0,2760.14990234375,626510,0.0,0.0,0.01655493222606852,0.3150514850120034,-0.02718678447156814,708045.15,2572.2283346247787
2025-04-09,2760.550048828125,2774.949951171875,2705.0,2744.39990234375,367531,0.0,0.0,-0.005706211820823981,0.29471492421792317,-0.022041961232024135,683253.15,2573.9414845523306
2025-04-11,2838.699951171875,2968.39990234375,2806.550048828125,2947.35009765625,1615027,0.0,0.0,0.0739506640920582,0.39765906260036527,-0.022041961232024135,724631.65,2577.6569931404297
2025-04-15,3005.0,3023.10009765625,2945.0,3007.199951171875,781388,0.0,0.0,0.020306326541668085,0.40275665903848307,-0.022041961232024135,726167.25,2581.9310524243247
2025-04-16,3011.89990234375,3025.0,2982.0,2991.60009765625,527369,0.0,0.0,-0.005187501253299032,0.40132431990372147,-0.022041961232024135,726410.55,2586.007361332105
2025-04-17,2972.0,3022.800048828125,2971.10009765625,2990.39990234375,608478,0.0,0.0,-0.00040118841867942123,0.4011918695174655,-0.022041961232024135,712687.25,2590.0311677103305
2025-04-21,2990.39990234375,3044.0,2976.89990234375,3029.300048828125,634268,0.0,0.0,0.013008342614607038,0.3976208546700534,-0.022041961232024135,744400.65,2594.4020023483185
2025-04-22,3050.0,3085.0,3007.0,3015.0,630973,0.0,0.0,-0.0047205785487168805,0.39804338244170756,-0.022041961232024135,743429.45,2598.5870570513202
2025-04-23,3022.5,3036.5,2969.699951171875,3000.60009765625,568241,0.0,0.0,-0.00477608701285237,0.39836791615679834,-0.022041961232024135,737724.75,2602.5871868085833
2025-04-24,2981.0,3057.5,2975.10009765625,3038.5,646223,0.0,0.0,0.012630774215248941,0.40029699792111706,-0.022041961232024135,734955.25,2606.924627735861
2025-04-25,3051.800048828125,3073.0,2943.0,2968.10009765625,333048,0.0,0.0,-0.023169294830919895,0.4071983782649098,-0.023359101887251408,727924.7,2610.5184135062136
2025-04-28,2950.0,3055.699951171875,2950.0,3040.300048828125,771565,0.0,0.0,0.02432530871478611,0.4141743356135183,-0.023359101887251408,738672.35,2614.7948476885213
2025-04-29,3055.0,3056.5,2996.0,3020.5,779242,0.0,0.0,-0.006512531168019753,0.4109092393847533,-0.023359101887251408,738682.65,2618.8317148757
2025-04-30,3020.39990234375,3049.0,2995.5,3008.89990234375,439545,0.0,0.0,-0.003840456102052636,0.4055954995365376,-0.023359101887251408,718276.05,2622.7129903728946
2025-05-02,3009.0,3047.800048828125,2967.5,2971.89990234375,370965,0.0,0.0,-0.012296853069515334,0.40418145367558184,-0.023359101887251408,721837.25,2626.1874870094207
2025-05-05,2983.0,3032.89990234375,2977.0,2980.60009765625,282980,0.0,0.0,0.002927485984853817,0.40407736613758144,-0.023359101887251408,705815.95,2629.7139806476976
2025-05-06,2980.60009765625,2986.800048828125,2918.0,2928.10009765625,300291,0.0,0.0,-0.017613902663857095,0.40240275160857075,-0.023359101887251408,685050.9,2632.682996737335
2025-05-07,2916.0,3087.0,2905.0,3055.699951171875,940206,0.0,0.0,0.04357769518117238,0.41200716728944164,-0.023359101887251408,664769.05,2636.892120662057
2025-05-08,3060.0,3084.800048828125,2928.699951171875,2952.800048828125,486574,0.0,0.0,-0.03367474031744755,0.4184500386384072,-0.02718678447156814,653922.4,2640.035483131371
2025-05-09,2880.0,3029.0,2876.10009765625,3004.300048828125,634185,0.0,0.0,0.017441072591569018,0.4172112324944681,-0.02718678447156814,617230.45,2643.66000617313
2025-05-12,3056.0,3098.5,2947.5,3014.5,1132381,0.0,0.0,0.003395117333854003,0.3725366187408411,-0.02718678447156814,642524.0,2647.3499563604623
2025-05-13,3014.5,3014.5,2871.199951171875,2928.199951171875,1695420,0.0,0.0,-0.028628312764347297,0.38782486811811046,-0.028766517438025396,708918.45,2650.1444836720184
2025-05-14,2925.0,2947.0,2860.0,2882.60009765625,975213,0.0,0.0,-0.015572657016600155,0.39212886724604346,-0.028766517438025396,676927.75,2652.4574748559417
2025-05-15,2875.0,2901.89990234375,2849.0,2876.60009765625,585591,0.0,0.0,-0.0020814541721824176,0.2940731011856877,-0.028766517438025396,667137.9,2654.687749709676
2025-05-16,2890.0,2925.0,2877.0,2914.89990234375,594192,0.0,0.0,0.013314261067676858,0.2886392673356293,-0.028766517438025396,670479.05,2657.2769253577767
2025-05-19,2919.0,3032.0,2914.89990234375,2977.0,1085462,0.0,0.0,0.021304367126403934,0.29859142398326627,-0.028766517438025396,694328.25,2660.45824948357
2025-05-20,3000.0,3015.0,2942.89990234375,2950.300048828125,911805,0.0,0.0,-0.008968744095356085,0.3001837313367598,-0.027048579797890042,708205.1,2663.342247486998
2025-05-21,2945.0,2993.0,2935.39990234375,2951.300048828125,684690,0.0,0.0,0.000338948575890452,0.29619637326492587,-0.027048579797890042,710890.95,2666.2074992416365
2025-05-22,2933.800048828125,2951.39990234375,2886.5,2905.199951171875,372982,0.0,0.0,-0.01562026798141214,0.30026477430239923,-0.027048579797890042,701128.0,2668.585533589201
2025-05-23,2924.0,2949.0,2887.699951171875,2900.199951171875,882446,0.0,0.0,-0.0017210519358514809,0.30004341503120513,-0.027048579797890042,712939.15,2670.8901546596758
2025-05-26,2924.0,2924.0,2880.0,2891.39990234375,616838,0.0,0.0,-0.003034290385588445,0.2956557969452718,-0.027048579797890042,727128.65,2673.084281502304
2025-05-27,2881.699951171875,2907.89990234375,2871.5,2880.300048828125,335215,0.0,0.0,-0.0038389202083832785,0.28579634910100427,-0.027048579797890042,705311.15,2675.146129933407
2025-05-28,2885.89990234375,2927.699951171875,2876.0,2897.39990234375,342652,0.0,0.0,0.0059368306168596785,0.2717980131497746,-0.027048579797890042,683481.65,2677.3576102558977
2025-05-29,2897.0,2905.0,2872.0,2892.300048828125,284002,0.0,0.0,-0.0017601483010679653,0.27133527171377675,-0.027048579797890042,675704.5,2679.4963409879597
2025-05-30,2895.0,2899.89990234375,2851.10009765625,2861.0,1434127,0.0,0.0,-0.010821853991534125,0.2730288857298561,-0.027048579797890042,728862.6,2681.3023475452933
2025-06-02,2825.10009765625,2903.699951171875,2819.199951171875,2898.89990234375,566766,0.0,0.0,0.013247082259262521,0.2755212722173381,-0.027048579797890042,743051.9,2683.467497344283
2025-06-03,2903.0,2984.5,2900.300048828125,2954.300048828125,832396,0.0,0.0,0.01911074833580284,0.284029966880525,-0.027048579797890042,769657.15,2686.162348602829
2025-06-04,2965.0,3058.699951171875,2961.300048828125,3046.89990234375,1225479,0.0,0.0,0.031344092334953055,0.296711587757509,-0.027048579797890042,783920.8,2689.751776998261
2025-06-05,3057.0,3127.0,3028.300048828125,3106.699951171875,1208524,0.0,0.0,0.01962652228323125,0.2643173317995633,-0.027048579797890042,820018.3,2693.90051504974
2025-06-06,3119.800048828125,3139.0,3084.800048828125,3123.5,749424,0.0,0.0,0.0054076831017388916,0.23263820980455388,-0.027048579797890042,825780.25,2698.175136790539
2025-06-09,3123.5,3149.60009765625,3100.800048828125,3126.300048828125,528063,0.0,0.0,0.0008964459190410334,0.22648056382740248,-0.027048579797890042,795564.35,2702.4350861640473
2025-06-10,3135.0,3169.89990234375,3084.5,3091.800048828125,435324,0.0,0.0,-0.011035409097387205,0.23083071397072247,-0.027048579797890042,732559.55,2706.3093643995107
2025-06-11,3087.89990234375,3099.60009765625,3065.0,3085.199951171875,740161,0.0,0.0,-0.00213471037971924,0.20425443417750191,-0.027048579797890042,720806.95,2710.0794199892857
2025-06-12,3090.0,3124.800048828125,3086.800048828125,3105.699951171875,463581,0.0,0.0,0.006644626061339531,0.1936140575419259,-0.027048579797890042,714706.45,2714.01594268762
2025-06-13,3055.60009765625,3121.39990234375,3055.60009765625,3099.60009765625,296569,0.0,0.0,-0.0019640833343618214,0.19357088148977003,-0.027048579797890042,699825.3,2717.8526009460143
2025-06-16,3099.5,3130.0,3076.0,3098.199951171875,279165,0.0,0.0,-0.00045171842826874364,0.190748295477934,-0.027048579797890042,659510.45,2721.63715169453
2025-06-17,3105.0,3132.199951171875,3088.699951171875,3096.39990234375,732105,0.0,0.0,-0.0005809982752869036,0.17895393116621305,-0.027048579797890042,650525.45,2725.3661342880546
2025-06-18,3096.39990234375,3141.800048828125,3065.699951171875,3074.39990234375,562869,0.0,0.0,-0.007105025414626653,0.17763479544275984,-0.027048579797890042,644434.4,2728.839107104529
2025-06-19,3074.39990234375,3092.39990234375,2998.5,3013.199951171875,337009,0.0,0.0,-0.01990630793515824,0.1932143165180636,-0.027048579797890042,642635.75,2731.6685682395278
2025-06-20,3010.10009765625,3050.699951171875,3003.60009765625,3030.10009765625,755167,0.0,0.0,0.005608703955342298,0.1838936848126163,-0.027048579797890042,636271.8,2734.638036193923
2025-06-23,3000.0,3050.0,3000.0,3032.5,407716,0.0,0.0,0.0007920208133078699,0.18344643342259687,-0.027048579797890042,625815.7,2737.6018368288096
2025-06-24,3049.0,3088.800048828125,3036.0,3053.699951171875,424802,0.0,0.0,0.006990915473000792,0.18313633219005385,-0.027048579797890042,630295.05,2740.747091697895
2025-06-25,3052.0,3104.89990234375,3025.0,3080.5,841549,0.0,0.0,0.008776254791450722,0.1827030042739399,-0.027048579797890042,655239.9,2744.12771765115
2025-06-26,3088.800048828125,3146.5,3054.699951171875,3134.5,942004,0.0,0.0,0.017529621814640572,0.18913713874586488,-0.027048579797890042,688140.0,2748.0120189680542
2025-06-27,3144.5,3188.300048828125,3100.0,3174.800048828125,2238985,0.0,0.0,0.01285693055610948,0.19047680314660176,-0.027048579797890042,728382.9,2752.2586660313386
2025-06-30,3184.800048828125,3251.800048828125,3151.800048828125,3242.10009765625,710534,0.0,0.0,0.02119820076636536,0.19028608423741045,-0.027048579797890042,735571.3,2757.132710127109
2025-07-01,3250.0,3250.0,3176.10009765625,3200.0,374816,0.0,0.0,-0.012985440420758332,0.19925509056532645,-0.027048579797890042,712692.3,2761.539349827337
2025-07-02,3199.0,3281.60009765625,3180.699951171875,3255.60009765625,815060,0.0,0.0,0.01737503051757816,0.19776858562512883,-0.023442245727591265,692171.35,2766.455377168918
2025-07-03,3275.0,3288.89990234375,3223.800048828125,3232.0,438978,0.0,0.0,-0.007249077573514007,0.1762992982649652,-0.023442245727591265,653694.05,2771.0876619732076
2025-07-04,3245.0,3266.89990234375,3219.10009765625,3230.5,321665,0.0,0.0,-0.0004641089108911034,0.16565618973022264,-0.020069457279946322,632306.1,2775.6589290182505
2025-07-07,3227.0,3246.89990234375,3201.0,3239.39990234375,218313,0.0,0.0,0.002754961257932287,0.1652055879293564,-0.020069457279946322,616818.6,2780.2732670612904
2025-07-08,3239.0,3297.199951171875,3224.89990234375,3286.5,426634,0.0,0.0,0.01453976016427383,0.1709387583999023,-0.020069457279946322,616384.1,2785.3103489810787
2025-07-09,3286.5,3294.89990234375,3262.10009765625,3280.5,345022,0.0,0.0,-0.0018256503879506836,0.16465416255279752,-0.020069457279946322,596627.15,2790.2376091902224
2025-07-10,3285.0,3325.0,3211.60009765625,3259.60009765625,337783,0.0,0.0,-0.006370950264822484,0.16691695968723627,-0.020069457279946322,590337.25,2794.907882707297
2025-07-11,3256.89990234375,3265.699951171875,3162.10009765625,3182.5,238050,0.0,0.0,-0.023653238233637075,0.18932921662247418,-0.023193492001055756,587411.3,2798.764520690309
2025-07-14,3179.0,3204.800048828125,3136.10009765625,3169.39990234375,317199,0.0,0.0,-0.004116291486645718,0.18993278257987808,-0.023193492001055756,589313.0,2802.4524349356166
2025-07-15,3169.39990234375,3235.0,3169.39990234375,3223.60009765625,350104,0.0,0.0,0.017101090737214664,0.1976673418692635,-0.023193492001055756,570212.95,2806.642958942787
2025-07-16,3216.39990234375,3250.0,3195.10009765625,3201.199951171875,296922,0.0,0.0,-0.006948798177745852,0.19991880334858714,-0.023193492001055756,556915.6,2810.568899163972
2025-07-17,3217.199951171875,3240.0,3196.0,3202.5,278510,0.0,0.0,0.0004061129726211643,0.19744654051482544,-0.023193492001055756,553990.65,2814.4687111125895
2025-07-18,3210.5,3221.699951171875,3178.89990234375,3187.10009765625,254046,0.0,0.0,-0.004808712675643978,0.18269784030874364,-0.023193492001055756,528934.6,2818.176486103074
2025-07-21,3185.0,3209.0,3092.699951171875,3130.39990234375,492854,0.0,0.0,-0.017790528560491903,0.1955922053450009,-0.020093654450082182,533191.5,2821.2831867621853
2025-07-22,3148.0,3150.0,3067.0,3136.5,539351,0.0,0.0,0.0019486640194701366,0.1955712375101356,-0.020093654450082182,538918.95,2824.4196724660446
2025-07-23,3152.10009765625,3222.10009765625,3093.0,3193.0,1230831,0.0,0.0,0.01801370954886017,0.2029324296237479,-0.020093654450082182,558383.05,2828.0871384116563
2025-07-24,3190.0,3260.39990234375,3140.5,3150.39990234375,848712,0.0,0.0,-0.01334171552027874,0.20830008135977846,-0.020093654450082182,553718.45,2831.294230590085
2025-07-25,3124.89990234375,3124.89990234375,3033.800048828125,3040.800048828125,509398,0.0,0.0,-0.034789187694580614,0.2337558474100164,-0.023901991960172585,467239.1,2833.378865597429
2025-07-28,3030.0,3114.0,3014.0,3056.60009765625,390517,0.0,0.0,0.0051960170265763495,0.2293582300407365,-0.023901991960172585,451238.25,2835.599972384084
2025-07-29,3045.0,3122.89990234375,3042.10009765625,3110.0,441091,0.0,4.0,0.017470359431283278,0.22498971728919345,-0.023901991960172585,454552.0,2838.330320917576
2025-07-30,3109.800048828125,3143.89990234375,3077.89990234375,3086.5,462805,0.0,0.0,-0.00755627009646298,0.2223849580090452,-0.023901991960172585,436939.25,2840.7996709581976
2025-07-31,3000.0,3078.0,2965.300048828125,3040.800048828125,690148,0.0,0.0,-0.014806399213307953,0.21558045821151692,-0.020093654450082182,449497.75,2842.7897244693413
2025-08-01,3036.0,3047.39990234375,2974.300048828125,2985.199951171875,435961,0.0,0.0,-0.018284693752776415,0.22152751037489474,-0.020093654450082182,455212.55,2844.206741650461
2025-08-04,2965.10009765625,3074.0,2965.10009765625,3050.39990234375,393203,0.0,0.0,0.021841066675041265,0.2384397984762485,-0.020093654450082182,463957.05,2846.2584148911906
2025-08-05,3060.0,3095.39990234375,3032.0,3042.800048828125,418104,0.0,0.0,-0.00249142858606366,0.23764092665441638,-0.018365774461895506,463530.55,2848.214053039817
2025-08-06,3040.0,3040.0,2950.0,2968.89990234375,321329,0.0,0.0,-0.024286888819012642,0.23985243637754755,-0.020093654450082182,462345.9,2849.4149072617465
2025-08-07,2965.0,2965.0,2875.0,2904.10009765625,479056,0.0,0.0,-0.02182620055204454,0.246721084243841,-0.021917552436124164,469409.55,2849.9590385094534
2025-08-08,2886.0,2919.60009765625,2844.89990234375,2861.199951171875,260157,0.0,0.0,-0.014772268531307642,0.24872964201796285,-0.021917552436124164,470514.9,2850.0708883866914
2025-08-11,2840.0,2892.89990234375,2820.0,2880.0,244526,0.0,0.0,0.0065706868268415874,0.24379713357997485,-0.021917552436124164,466881.25,2850.3686904922965
2025-08-12,2880.0,2885.0,2832.199951171875,2846.199951171875,415408,0.0,0.0,-0.011736128065321205,0.2450199214891453,-0.021917552436124164,470146.45,2850.3272104990583
2025-08-13,2859.89990234375,2887.300048828125,2845.300048828125,2855.199951171875,220747,0.0,0.0,0.003162110938936147,0.2336767825305737,-0.021917552436124164,466337.7,2850.3756954808773
2025-08-14,2852.10009765625,2865.800048828125,2830.5,2841.89990234375,190742,0.0,0.0,-0.004658184735071291,0.23365214875369134,-0.021917552436124164,461949.3,2850.291359230757
2025-08-18,2860.0,2945.0,2848.10009765625,2929.699951171875,306279,0.0,0.0,0.03089484212857574,0.26518650861135173,-0.021917552436124164,464560.95,2851.0814944739523
2025-08-19,2930.0,2981.300048828125,2911.60009765625,2929.60009765625,1004428,0.0,0.0,-3.408318847974989e-05,0.2655407628287884,-0.021917552436124164,490139.65,2851.862774107607
2025-08-20,2950.0,3014.5,2906.10009765625,2924.199951171875,733614,0.0,0.0,-0.0018433049919323041,0.26070969582697556,-0.021917552436124164,499852.8,2852.5825470137192
2025-08-21,2938.0,2938.0,2902.10009765625,2912.800048828125,306140,0.0,0.0,-0.003898468823645751,0.26006594336636696,-0.021917552436124164,453618.25,2853.1817261362507
2025-08-22,2913.0,2937.5,2901.0,2917.5,313233,0.0,0.0,0.0016135509108377022,0.2490307887632948,-0.021917552436124164,426844.3,2853.8217089607656
2025-08-25,2930.0,2954.0,2900.0,2911.699951171875,355700,0.0,0.0,-0.0019880201638817763,0.24685856705167097,-0.021917552436124164,419159.4,2854.397611868339
2025-08-26,2900.0,2914.60009765625,2826.300048828125,2849.199951171875,939512,0.0,0.0,-0.021465123827352328,0.22936259080287288,-0.021917552436124164,446609.15,2854.345893851459
2025-08-28,2830.0,2858.39990234375,2812.800048828125,2850.800048828125,363957,0.0,0.0,0.0005615954245654642,0.22783393808826108,-0.021917552436124164,442752.45,2854.310611811426
2025-08-29,2832.0,2869.89990234375,2828.60009765625,2836.39990234375,537875,0.0,0.0,-0.005051264991487003,0.2150688771308768,-0.021917552436124164,446505.95,2854.1323957968225
2025-09-01,2849.0,2902.800048828125,2817.10009765625,2897.800048828125,220055,0.0,0.0,0.02164721075954046,0.2325591792018252,-0.021917552436124164,423001.3,2854.566899807084
2025-09-02,2910.0,2934.0,2894.199951171875,2903.0,382174,0.0,0.0,0.001794447886070527,0.228929949921207,-0.021917552436124164,420311.95,2855.0488212020387
2025-09-03,2919.0,2952.800048828125,2903.5,2949.0,382214,0.0,0.0,0.015845676885980042,0.2290708546038585,-0.021917552436124164,419762.5,2855.9836588020185
2025-09-04,2949.0,2962.89990234375,2875.0,2889.89990234375,238063,0.0,0.0,-0.02004072487495756,0.2235225379750611,-0.021917552436124164,410760.45,2856.321133862135
2025-09-05,2899.0,2899.0,2835.5,2851.800048828125,132494,0.0,0.0,-0.013183796949065796,0.2265796250650926,-0.021917552436124164,401318.7,2856.2761479413984
2025-09-08,2861.0,2905.0,2847.0,2887.199951171875,155621,0.0,0.0,0.012413178251503565,0.2186334876051313,-0.021917552436124164,385146.95,2856.5838474760303
2025-09-09,2904.800048828125,2939.0,2875.0,2934.0,312421,0.0,0.0,0.016209493495290994,0.21313662325145602,-0.021917552436124164,387760.15,2857.3541574513933
2025-09-10,2948.0,3001.89990234375,2938.5,2978.199951171875,287653,0.0,0.0,0.015064741367373902,0.21112055760969145,-0.021917552436124164,389916.5,2858.556603160055
2025-09-11,2987.0,3008.699951171875,2961.0,2985.5,166098,0.0,0.0,0.0024511614222719746,0.210476702852792,-0.021917552436124164,377451.0,2859.819721536572
2025-09-12,2999.0,2999.0,2962.89990234375,2971.699951171875,380611,0.0,0.0,-0.004622357671453692,0.2061103605147593,-0.021917552436124164,385444.2,2860.9329576523464
2025-09-15,2971.699951171875,2985.0,2938.0,2948.699951171875,150806,0.0,0.0,-0.007739677752772511,0.20886835200052883,-0.021917552436124164,383447.4,2861.806261070451
2025-09-16,2951.300048828125,2965.0,2925.0,2951.800048828125,175894,0.0,0.0,0.001051343882926492,0.20763960017673005,-0.021917552436124164,376928.15,2862.7017216451545
2025-09-17,2959.0,2985.5,2939.10009765625,2948.0,337545,0.0,0.0,-0.0012873666119876948,0.17893988712069644,-0.021917552436124164,343584.0,2863.5504607332628
2025-09-18,2963.10009765625,2965.0,2902.300048828125,2937.5,451723,0.0,0.0,-0.0035617367706920477,0.179453577495143,-0.021917552436124164,329489.45,2864.2862770443744
2025-09-19,2937.5,2958.89990234375,2928.10009765625,2937.199951171875,254678,0.0,0.0,-0.00010214428191490654,0.1793064163836525,-0.021917552436124164,326916.35,2865.0117862396733
2025-09-22,2937.0,2958.5,2901.60009765625,2914.0,149602,0.0,0.0,-0.007898662521296451,0.1810061098699847,-0.021917552436124164,318734.8,2865.499231152711
2025-09-23,2919.0,2936.5,2866.10009765625,2903.199951171875,256230,0.0,0.0,-0.003706262466755317,0.1813764903918358,-0.021917552436124164,313761.3,2865.8743626951905
2025-09-24,2903.10009765625,2916.0,2882.60009765625,2907.10009765625,165782,0.0,0.0,0.001343395752952059,0.18132329820484658,-0.021917552436124164,275074.8,2866.2845690132112
2025-09-25,2892.0,2919.89990234375,2868.60009765625,2879.10009765625,237756,0.0,0.0,-0.009631591296967779,0.16781374310117134,-0.021917552436124164,268764.75,2866.412086711152
2025-09-26,2879.0,2879.89990234375,2795.0,2806.89990234375,138769,0.0,0.0,-0.02507734808222717,0.18984844091376013,-0.023684920762905855,248809.45,2865.8199256726707
2025-09-29,2798.0,2850.800048828125,2789.0,2798.0,221510,0.0,0.0,-0.0031707230943001097,0.18941295851479734,-0.023684920762905855,248882.2,2865.1451005415997
2025-09-30,2800.0,2836.5,2794.5,2823.60009765625,210831,0.0,0.0,0.009149427325321646,0.17535948228298587,-0.023684920762905855,240315.05,2864.731717428313
2025-10-01,2823.5,2916.10009765625,2779.5,2907.10009765625,391029,0.0,0.0,0.029572176339457412,0.205157504780085,-0.023684920762905855,240755.8,2865.1532933509793
2025-10-03,2890.10009765625,2925.300048828125,2885.300048828125,2919.39990234375,526268,0.0,0.0,0.004230953277947425,0.19777117792556678,-0.023684920762905855,255166.05,2865.6930606046385
2025-10-06,2919.39990234375,2951.5,2908.199951171875,2940.199951171875,252279,0.0,0.0,0.007124768625026867,0.18581710919388558,-0.023684920762905855,261155.3,2866.434422699835
2025-10-07,2955.199951171875,2974.0,2940.199951171875,2964.800048828125,199476,0.0,0.0,0.008366811123320161,0.18016544885497968,-0.023684920762905855,263348.05,2867.413185148873
2025-10-08,2965.0,3021.699951171875,2956.39990234375,2972.699951171875,774445,0.0,0.0,0.0026645649668255444,0.17612655849197723,-0.021949234965392944,286449.25,2868.4608146615396
2025-10-09,2987.39990234375,3005.0,2977.0,2996.89990234375,160223,0.0,0.0,0.008140731176833116,0.16970724831476885,-0.021949234965392944,280077.75,2869.7388155339995
2025-10-10,3008.0,3031.0,2990.5,3024.5,733454,0.0,0.0,0.00920954938623919,0.16476120962886265,-0.021949234965392944,308445.55,2871.2787278172436
2025-10-13,3006.0,3061.39990234375,2990.60009765625,3047.39990234375,207693,0.0,0.0,0.007571467132997167,0.16636020845817026,-0.021949234965392944,299799.65,2873.0311773150197
2025-10-14,3061.60009765625,3066.0,3026.10009765625,3044.0,328210,0.0,0.0,-0.0011156731813029008,0.16529912944173006,-0.021949234965392944,308669.85,2874.732359630293
2025-10-15,3046.0,3128.800048828125,3046.0,3088.60009765625,677209,0.0,0.0,0.01465180606315708,0.16821940232261262,-0.021949234965392944,333735.6,2876.8603968245816
2025-10-16,3100.0,3205.800048828125,3089.199951171875,3190.0,632692,0.0,0.0,0.032830375943035284,0.19861073111438396,-0.021949234965392944,348492.95,2879.9762137716007
2025-10-17,3200.5,3210.0,3159.39990234375,3169.39990234375,166406,0.0,0.0,-0.006457710864028243,0.2010641302304894,-0.021949234965392944,334227.1,2882.856051468836
2025-10-20,3169.39990234375,3207.39990234375,3165.89990234375,3179.89990234375,178733,0.0,0.0,0.003312929994171876,0.19941238352218166,-0.021949234965392944,330429.85,2885.811711676547
2025-10-21,3200.0,3200.89990234375,3130.89990234375,3148.0,30569,0.0,0.0,-0.010031731602695437,0.20479081889811498,-0.021949234965392944,324478.2,2888.4205503663325
2025-10-23,3149.89990234375,3198.89990234375,3060.10009765625,3077.39990234375,592097,0.0,0.0,-0.02242696875992689,0.22046119529589314,-0.021856238962438657,341271.55,2890.300941928297
2025-10-24,3077.39990234375,3096.800048828125,3033.39990234375,3082.0,371337,0.0,0.0,0.0014948000917094362,0.2192921187763357,-0.021856238962438657,351549.3,2892.208395242443
2025-10-27,3096.0,3103.60009765625,2985.10009765625,3019.39990234375,1370317,0.0,0.0,-0.020311517734020068,0.23364041138094202,-0.021856238962438657,408177.35,2893.47398237778
2025-10-28,3019.89990234375,3042.800048828125,2996.0,3027.699951171875,781580,0.0,0.0,0.002748906768421877,0.2298401835358272,-0.021856238962438657,440317.9,2894.8095641568257
2025-10-29,3030.10009765625,3080.0,3000.300048828125,3027.800048828125,399615,0.0,0.0,3.306062617314254e-05,0.2072272155464859,-0.021856238962438657,449223.15,2896.1328525615154
2025-10-30,3027.800048828125,3032.89990234375,2962.199951171875,2981.10009765625,396607,0.0,0.0,-0.015423723633913533,0.2164823690716308,-0.021856238962438657,458511.95,2896.9782977863388
2025-10-31,2992.0,2992.0,2921.39990234375,2930.5,464296,0.0,0.0,-0.016973632551296025,0.22600577269003252,-0.021856238962438657,462175.3,2897.3118470620966
2025-11-03,2910.0,2976.0,2910.0,2968.10009765625,543877,0.0,0.0,0.012830608311295011,0.20676944121029298,-0.021856238962438657,463055.75,2898.0162077645264
2025-11-04,2959.89990234375,2983.800048828125,2933.199951171875,2941.699951171875,154862,0.0,0.0,-0.008894628083878198,0.20922582716965674,-0.021483177663586938,458184.9,2898.4508718780326
2025-11-06,2940.0,2949.39990234375,2894.39990234375,2899.300048828125,232346,0.0,0.0,-0.014413401450701802,0.21381447764722433,-0.02036919803868668,459828.4,2898.459321399924
2025-11-07,2880.0,2909.60009765625,2871.0,2896.800048828125,278821,0.0,0.0,-0.000862277086847385,0.2113239424026559,-0.02036919803868668,435047.2,2898.4428112250807
2025-11-10,2898.0,2915.0,2860.10009765625,2903.89990234375,325413,0.0,0.0,0.0024509297831920573,0.21127829853613603,-0.02036919803868668,443306.7,2898.497110639197
2025-11-11,2918.89990234375,2938.10009765625,2868.800048828125,2929.89990234375,510863,0.0,0.0,0.00895347666047841,0.21174106710004753,-0.02036919803868668,432177.15,2898.8095762282974
2025-11-12,2934.800048828125,2951.5,2907.699951171875,2941.39990234375,522290,0.0,0.0,0.003925048767297712,0.20931056188060243,-0.02036919803868668,447907.0,2899.2333605677545
2025-11-13,2950.0,2965.0,2884.89990234375,2912.0,332136,0.0,0.0,-0.009995207492977665,0.20883456511312395,-0.02036919803868668,448103.3,2899.360391805886
2025-11-14,2881.0,2882.39990234375,2819.800048828125,2839.10009765625,820807,0.0,0.0,-0.02503430712354049,0.2233741202997231,-0.021513216073981056,455283.2,2898.7607868889745
2025-11-17,2830.0,2852.300048828125,2820.800048828125,2833.10009765625,474474,0.0,0.0,-0.002113345705899272,0.21381970923129157,-0.021513216073981056,447372.3,2898.1074466976042
2025-11-18,2854.199951171875,2854.199951171875,2810.10009765625,2816.60009765625,434039,0.0,0.0,-0.00582400883528611,0.16660151823933236,-0.021513216073981056,460753.95,2897.296428299183
2025-11-19,2827.89990234375,2834.89990234375,2772.300048828125,2786.39990234375,580738,0.0,0.0,-0.01072221624135783,0.16744782269356331,-0.021513216073981056,480854.2,2896.192980279726
2025-11-20,2799.0,2876.0,2791.10009765625,2851.60009765625,1054257,0.0,0.0,0.023399439275624934,0.19397214315874592,-0.021513216073981056,532038.6,2895.749270004865
2025-11-21,2851.60009765625,2858.0,2822.699951171875,2838.39990234375,278651,0.0,0.0,-0.004629048555352955,0.1931439997734391,-0.021513216073981056,516366.3,2895.1786295306256
2025-11-24,2838.39990234375,2838.60009765625,2793.39990234375,2807.5,1292039,0.0,0.0,-0.010886380850786748,0.18382106707461493,-0.020417290285315408,562401.4,2894.3062053561916
2025-11-25,2811.39990234375,2828.699951171875,2778.300048828125,2793.800048828125,437475,0.0,0.0,-0.004879768894701653,0.18261253170146868,-0.020417290285315408,515759.3,2893.306144097206
2025-11-26,2796.800048828125,2825.300048828125,2784.60009765625,2809.800048828125,413644,0.0,0.0,0.005726966755087215,0.17656339503335733,-0.020417290285315408,497362.5,2892.4752376766182
2025-11-27,2810.0,2864.199951171875,2810.0,2840.0,555994,0.0,0.0,0.010748078385317994,0.18213765995068767,-0.020417290285315408,505181.45,2891.9530960081943
2025-11-28,2859.300048828125,2954.800048828125,2836.800048828125,2927.300048828125,1212051,0.0,0.0,0.03073945381272014,0.2163801923874062,-0.020417290285315408,545953.65,2892.3048069815272
2025-12-01,2927.300048828125,2939.89990234375,2896.0,2923.0,467183,0.0,0.0,-0.0014689470694493334,0.2103975386972343,-0.020417290285315408,546098.0,2892.610231787681
2025-12-02,2922.0,2922.300048828125,2848.800048828125,2859.5,526048,0.0,0.0,-0.02172425590147109,0.21556386602645147,-0.02175939154439388,545206.55,2892.2807767450176
2025-12-03,2848.199951171875,2868.89990234375,2822.60009765625,2830.0,273168,0.0,0.0,-0.010316488896660259,0.21162054953344775,-0.02175939154439388,551121.85,2891.6610675236743
2025-12-04,2820.0,2849.0,2815.300048828125,2840.10009765625,117234,0.0,0.0,0.003568939101148416,0.21104267699296614,-0.02175939154439388,545366.25,2891.1480230473817
2025-12-05,2850.89990234375,2891.60009765625,2828.300048828125,2885.39990234375,376436,0.0,0.0,0.01595007328258702,0.21398401752491844,-0.02175939154439388,550247.0,2891.0908278164998
2025-12-08,2885.0,2885.0,2805.10009765625,2831.89990234375,267772,0.0,0.0,-0.01854162397265735,0.22329468783702056,-0.02175939154439388,547364.95,2890.501863383935
2025-12-09,2830.0,2901.89990234375,2808.699951171875,2894.800048828125,336135,0.0,0.0,0.02221128876494438,0.23718528262857902,-0.02175939154439388,538628.55,2890.5446313983052
2025-12-10,2908.5,2953.199951171875,2901.5,2931.699951171875,439194,0.0,0.0,0.012746960660957596,0.23935249042007656,-0.02175939154439388,534473.75,2890.9541370676943
2025-12-11,2938.699951171875,2953.699951171875,2919.300048828125,2943.699951171875,232626,0.0,0.0,0.004093188320722696,0.23938672392129573,-0.02175939154439388,529498.25,2891.4789710388804
2025-12-12,2931.0,3029.0,2931.0,3023.60009765625,814099,0.0,0.0,0.027142761765704737,0.25370572455154417,-0.02175939154439388,529162.85,2892.7936091146753
2025-12-15,3023.60009765625,3023.60009765625,2984.89990234375,3001.0,516076,0.0,0.0,-0.007474565725066773,0.236943258649188,-0.02175939154439388,531242.95,2893.870289620997
2025-12-16,3001.0,3040.0,2994.5,3015.699951171875,542238,0.0,0.0,0.004898350940311547,0.23637422928650892,-0.02175939154439388,536652.9,2895.0825250593143
2025-12-17,3002.0,3037.39990234375,2993.300048828125,3033.300048828125,238180,0.0,0.0,0.005836156760028688,0.23427948223242845,-0.02175939154439388,519525.0,2896.4578238032827
2025-12-18,3033.300048828125,3053.800048828125,3016.10009765625,3050.699951171875,571930,0.0,0.0,0.005736294485760629,0.22843182937187,-0.02175939154439388,495408.65,2897.9925713392886
2025-12-19,3059.89990234375,3094.0,3030.0,3090.300048828125,478720,0.0,0.0,0.012980659615849266,0.22023012949863388,-0.02175939154439388,505412.1,2899.906078577984
2025-12-22,3090.300048828125,3140.5,3075.699951171875,3091.60009765625,411318,0.0,0.0,0.00042068692605368163,0.21844581971145052,-0.02175939154439388,461376.05,2901.813481752892
2025-12-23,3056.10009765625,3141.699951171875,3055.800048828125,3111.699951171875,224198,0.0,0.0,0.006501440315926699,0.21154339581485845,-0.02175939154439388,450712.2,2903.9019043341755
2025-12-24,3105.199951171875,3120.39990234375,3083.300048828125,3098.199951171875,178249,0.0,0.0,-0.004338464573011236,0.2112331024898354,-0.020382154642392618,438942.45,2905.835218233058
2025-12-26,3105.0,3143.0,3093.89990234375,3101.60009765625,472293,0.0,0.0,0.0010974586979413115,0.2116464708467183,-0.020382154642392618,434757.4,2907.7831274810505
2025-12-29,3101.60009765625,3107.5,3051.0,3075.89990234375,214660,0.0,0.0,-0.008286108622423849,0.21514864097745356,-0.020382154642392618,384887.85,2909.4559312110277
2025-12-30,3084.89990234375,3085.0,3004.300048828125,3038.300048828125,2049556,0.0,0.0,-0.012224017266288412,0.19842932223686852,-0.020382154642392618,464006.5,2910.737962232093
2025-12-31,3040.199951171875,3115.800048828125,3040.199951171875,3075.0,219075,0.0,0.0,0.012079106928899241,0.20110773724783612,-0.020382154642392618,448657.85,2912.3724103690874
2026-01-01,3077.89990234375,3077.89990234375,3050.300048828125,3057.300048828125,74758,0.0,0.0,-0.005756081681910552,0.18373634685520787,-0.020382154642392618,438737.35,2913.8144764234066
2026-01-02,3060.0,3074.89990234375,3042.0,3059.5,108406,0.0,0.0,0.0007195731975073727,0.1773319344799679,-0.020382154642392618,438295.95,2915.264083623174
2026-01-05,3059.5,3095.0,3050.0,3089.300048828125,268940,0.0,0.0,0.00974016957938395,0.17852432214667807,-0.020382154642392618,432921.15,2916.995784769492
2026-01-06,3094.89990234375,3095.199951171875,2955.0,3051.39990234375,582002,0.0,0.0,-0.012268198583932244,0.18160507228143477,-0.020382154642392618,448632.65,2918.333139173216
2026-01-07,3051.5,3102.39990234375,3037.800048828125,3097.60009765625,375703,0.0,0.0,0.015140655696100014,0.16893709953110367,-0.020382154642392618,450611.05,2920.116890003893
2026-01-08,3097.39990234375,3097.39990234375,3035.699951171875,3042.300048828125,269895,0.0,0.0,-0.0178525461921204,0.17248538124161458,-0.020382154642392618,442146.1,2921.3326428280147
2026-01-09,3040.0,3069.60009765625,3000.800048828125,3023.199951171875,165278,0.0,0.0,-0.006278176823356851,0.17072251545911507,-0.020382154642392618,438778.7,2922.3462478861625
2026-01-12,3001.10009765625,3055.800048828125,3001.10009765625,3046.0,140741,0.0,0.0,0.007541693965457785,0.1717921648588957,-0.020382154642392618,405110.8,2923.576633479335
2026-01-13,3044.89990234375,3066.800048828125,3024.0,3039.60009765625,176473,0.0,0.0,-0.0021010841575016537,0.1449586912998418,-0.020382154642392618,388130.65,2924.731095809454
2026-01-14,3003.0,3068.10009765625,3003.0,3032.0,291875,0.0,0.0,-0.0025003610383188546,0.1426061339261354,-0.020382154642392618,375612.5,2925.798448089957
2026-01-15,3032.0,3032.0,3032.0,3032.0,0,0.0,0.0,0.0,0.14172142238809254,-0.020382154642392618,363703.5,2926.855179949759
2026-01-16,3039.800048828125,3072.0,3010.0,3027.39990234375,255342,0.0,0.0,-0.0015171826043041126,0.14038150591559492,-0.020382154642392618,347874.1,2927.855624948704
2026-01-19,3001.0,3029.300048828125,2939.89990234375,2962.5,507707,0.0,0.0,-0.021437505594654294,0.1568498698575311,-0.02036781712705178,349323.45,2928.2003450984685
2026-01-20,2970.0,2979.39990234375,2833.0,2883.199951171875,668685,0.0,0.0,-0.026767948971519018,0.17090156218126232,-0.021451843109995133,362191.8,2927.7525799847713
2026-01-21,2802.60009765625,2815.0,2661.60009765625,2676.89990234375,1969559,0.0,0.0,-0.0715524598785715,0.29107632549444334,-0.02188975846257456,449459.85,2925.2565334410797
2026-01-22,2684.0,2754.0,2684.0,2735.89990234375,753474,0.0,0.0,0.02204042069273604,0.3045988565248479,-0.02188975846257456,478221.1,2923.3723878580217
2026-01-23,2757.0,2757.0,2701.0,2713.699951171875,406215,0.0,0.0,-0.008114314106615228,0.30463117298688003,-0.02188975846257456,474917.2,2921.286094955672
2026-01-27,2722.89990234375,2734.800048828125,2645.0,2682.199951171875,326475,0.0,5.0,-0.011607768200901147,0.30402269690331557,-0.02188975846257456,480507.95,2918.9071283508583
2026-01-28,2687.10009765625,2837.0,2687.10009765625,2817.0,607301,0.0,0.0,0.05025727062936891,0.36226920597332,-0.02188975846257456,408395.2,2917.8931270737353
2026-01-29,2835.0,2835.0,2782.0,2819.89990234375,881502,0.0,0.0,0.0010294293020056688,0.3613524566381844,-0.02188975846257456,441516.55,2916.918070111248
2026-01-30,2818.0,2840.39990234375,2788.39990234375,2816.300048828125,426581,0.0,0.0,-0.0012765891131926166,0.35712961829180356,-0.02188975846257456,459107.7,2915.9168957701227
2026-02-02,2727.0,2806.60009765625,2719.300048828125,2801.60009765625,149919,0.0,0.0,-0.005219596959490036,0.35709991662723695,-0.02188975846257456,461183.35,2914.779415191875
2026-02-03,2999.0,3081.699951171875,2903.199951171875,2912.199951171875,811932,0.0,0.0,0.03947738779997545,0.3873810566194428,-0.02188975846257456,488332.95,2914.7537488832186
2026-02-04,2890.199951171875,2943.89990234375,2888.0,2920.60009765625,254596,0.0,0.0,0.002884467627641607,0.38547294954604233,-0.02188975846257456,471962.65,2914.811921507826
2026-02-05,2935.300048828125,2937.89990234375,2886.199951171875,2906.300048828125,97591,0.0,0.0,-0.00489627074915211,0.38393468489793314,-0.02188975846257456,458057.05,2914.727226257282
2026-02-06,2898.89990234375,2919.800048828125,2863.0,2901.60009765625,137382,0.0,0.0,-0.0016171596507285058,0.37884323478818094,-0.02188975846257456,451431.4,2914.596608062247
2026-02-09,2905.60009765625,3013.89990234375,2905.60009765625,2986.699951171875,403307,0.0,0.0,0.029328594793046836,0.390356340030751,-0.02188975846257456,463332.85,2915.314054262343
2026-02-10,3010.0,3014.89990234375,2951.0,2961.89990234375,220571,0.0,0.0,-0.008303495240087444,0.3907911990135001,-0.021451843109995133,467324.35,2915.7775950392725
2026-02-11,2951.0,2959.89990234375,2914.800048828125,2949.10009765625,149239,0.0,0.0,-0.004321484557047839,0.38980463943587057,-0.021451843109995133,465962.65,2916.109162229491
2026-02-12,2932.300048828125,2937.39990234375,2812.5,2841.5,395601,0.0,0.0,-0.03648573940971467,0.40850237110039445,-0.021976440554973484,471148.95,2915.3667825058146
2026-02-13,2815.0,2841.0,2765.60009765625,2833.39990234375,196550,0.0,0.0,-0.002850641441580204,0.40850000965001904,-0.021976440554973484,480976.45,2914.551191658431
2026-02-16,2830.0,2852.10009765625,2792.800048828125,2847.800048828125,110372,0.0,0.0,0.005082285233532824,0.40933352571712156,-0.021976440554973484,473727.95,2913.887001182508
2026-02-17,2847.699951171875,2883.10009765625,2731.10009765625,2742.89990234375,595424,0.0,0.0,-0.0368355027339583,0.42603410202246655,-0.0272538384934288,478113.8,2912.185637014958
2026-02-18,2710.0,2744.300048828125,2695.800048828125,2730.39990234375,449947,0.0,0.0,-0.004557220622348979,0.42148824108655286,-0.0272538384934288,467176.9,2910.3768237346476
2026-02-19,2740.89990234375,2741.0,2663.89990234375,2678.699951171875,550346,0.0,0.0,-0.018934937379501138,0.4168972115415808,-0.0272538384934288,396216.25,2908.0715812215853
2026-02-20,2661.0,2715.5,2660.300048828125,2689.10009765625,449654,0.0,0.0,0.003882535063258974,0.3347944835968523,-0.0272538384934288,381025.25,2905.892760489592
2026-02-23,2718.89990234375,2718.89990234375,2622.5,2646.10009765625,464410,0.0,0.0,-0.015990479505570532,0.3297414953911146,-0.0272538384934288,383935.0,2903.30775886936
2026-02-24,2625.0,2632.0,2553.0,2583.60009765625,602613,0.0,0.0,-0.023619665807562806,0.3380001716295341,-0.0272538384934288,397741.9,2900.1265881110207
2026-02-25,2594.10009765625,2619.300048828125,2571.5,2614.89990234375,377432,0.0,0.0,0.01211480240920193,0.33959817863229497,-0.0272538384934288,386248.45,2897.2885116357247
2026-02-26,2620.0,2628.800048828125,2595.300048828125,2617.199951171875,441973,0.0,0.0,0.0008795934506187209,0.2842766870325311,-0.0272538384934288,364272.0,2894.5015607853384
2026-02-27,2601.0,2615.199951171875,2555.0,2562.199951171875,655543,0.0,0.0,-0.021014825395886616,0.2901981526247606,-0.0272538384934288,375720.1,2891.1950771075926
2026-03-02,2474.89990234375,2553.0,2474.89990234375,2537.0,215252,0.0,0.0,-0.009835278921283774,0.29055399227196144,-0.0272538384934288,378986.75,2887.6707479821443
2026-03-04,2524.800048828125,2542.199951171875,2480.199951171875,2536.60009765625,378542,0.0,0.0,-0.00015762804247143603,0.29099102826211315,-0.0272538384934288,357317.25,2884.1775076803942
2026-03-05,2552.0,2577.699951171875,2541.10009765625,2563.10009765625,456733,0.0,0.0,0.010447054710943648,0.2501446482028252,-0.0272538384934288,367424.1,2880.9827075806515
2026-03-06,2563.10009765625,2649.0,2555.10009765625,2622.699951171875,371737,0.0,0.0,0.023253033921743604,0.2684806697367966,-0.0272538384934288,381131.4,2878.412729904943
2026-03-09,2600.0,2600.0,2535.89990234375,2552.39990234375,272202,0.0,0.0,-0.02680445729093539,0.27892498542286176,-0.027288521396874352,387872.4,2875.1688211729906
2026-03-10,2577.300048828125,2605.5,2555.10009765625,2596.60009765625,246261,0.0,0.0,0.017317112131180146,0.2901727259641291,-0.027288521396874352,380020.1,2872.396993078297
2026-03-11,2604.89990234375,2608.5,2475.5,2488.699951171875,617038,0.0,0.0,-0.04155439514223547,0.2880430674194308,-0.03650322757592685,399843.45,2868.5791120643025
2026-03-12,2475.10009765625,2636.800048828125,2446.60009765625,2626.300048828125,1288113,0.0,0.0,0.055289950719634495,0.3630387836605277,-0.03650322757592685,456787.15,2866.1683751166793
2026-03-13,2609.89990234375,2623.5,2491.300048828125,2499.699951171875,649413,0.0,0.0,-0.04820473491318711,0.3919759025575985,-0.037071447354372164,469477.75,2862.5219231371293
2026-03-16,2484.89990234375,2523.39990234375,2425.89990234375,2449.0,973496,0.0,0.0,-0.020282414754661526,0.38076383361793165,-0.037071447354372164,508325.05,2858.407277135765
2026-03-17,2449.0,2508.5,2439.89990234375,2498.0,786987,0.0,0.0,0.0200081665986116,0.39180959515000896,-0.037071447354372164,542155.8,2854.821135074713
2026-03-18,2498.0,2592.0,2482.5,2569.39990234375,756135,0.0,0.0,0.02858282719925942,0.4080714650111985,-0.037071447354372164,550191.35,2851.9811228087333
2026-03-19,2505.300048828125,2547.0,2467.60009765625,2478.800048828125,513483,0.0,0.0,-0.03526109479220496,0.4065366121997387,-0.037071447354372164,553368.15,2848.267878291513
2026-03-20,2486.0,2524.5,2445.300048828125,2454.5,676836,0.0,0.0,-0.009803150052225096,0.4069523111452404,-0.037071447354372164,559692.65,2844.3497899503045
2026-03-23,2440.0,2443.199951171875,2381.0,2391.5,687490,0.0,0.0,-0.025667141984110797,0.4105618737559713,-0.037071447354372164,571584.45,2839.8438218910974
2026-03-24,2470.0,2479.800048828125,2386.89990234375,2471.60009765625,1285249,0.0,0.0,0.033493664083734,0.4310005748566711,-0.037071447354372164,612626.4,2836.179705232044
2026-03-25,2502.0,2581.800048828125,2484.800048828125,2568.10009765625,847207,0.0,0.0,0.03904353300985397,0.45277193890826417,-0.037071447354372164,624856.1,2833.5122464501956
2026-03-27,2564.0,2564.0,2481.60009765625,2494.89990234375,599547,0.0,0.0,-0.028503637914778057,0.45614478476706444,-0.037071447354372164,635961.85,2830.1429693944106
2026-03-30,2460.0,2475.0,2425.10009765625,2438.0,796377,0.0,0.0,-0.022806487061984848,0.45926423260951116,-0.037071447354372164,653682.05,2826.2410493009343
2026-04-01,2500.39990234375,2587.89990234375,2464.10009765625,2555.199951171875,656244,0.0,0.0,0.04807217029199129,0.4921206421136857,-0.037071447354372164,653717.1,2823.5441229513917
2026-04-02,2485.0,2485.0,2395.300048828125,2416.10009765625,715256,0.0,0.0,-0.054437952478760265,0.5222173278970055,-0.04188691213078305,678717.3,2819.48995354547
2026-04-06,2425.0,2443.60009765625,2355.0,2433.800048828125,1106561,0.0,0.0,0.007325835212309784,0.5224712463940289,-0.04188691213078305,715118.25,2815.6522430507703
2026-04-07,2418.0,2433.0,2361.0,2396.0,1004701,0.0,0.0,-0.015531287726913146,0.5246980325742107,-0.04188691213078305,742516.65,2811.47659884131
2026-04-08,2500.0,2506.0,2420.199951171875,2435.10009765625,894536,0.0,0.0,0.01631890553265869,0.5268699245943402,-0.04188691213078305,768656.6,2807.7315590285234
2026-04-09,2435.10009765625,2451.0,2381.300048828125,2399.800048828125,764432,0.0,0.0,-0.014496344056698418,0.5203393332484393,-0.04188691213078305,793268.1,2803.6725390265296
2026-04-10,2406.39990234375,2479.39990234375,2404.89990234375,2473.39990234375,766761,0.0,0.0,0.030669160770942394,0.5262532497269082,-0.04188691213078305,819293.1,2800.3862441341635
2026-04-13,2420.0,2479.60009765625,2371.5,2443.199951171875,688170,0.0,0.0,-0.012209894220201911,0.5232547148766292,-0.04188691213078305,822849.7,2796.832151666877
2026-04-15,2475.0,2509.5,2457.0,2500.5,551458,0.0,0.0,0.023452869177015723,0.5102254363888097,-0.04188691213078305,786016.95,2793.8835730433266
2026-04-16,2512.0,2521.699951171875,2480.0,2504.0,238499,0.0,0.0,0.0013997200559887624,0.47017837545987184,-0.04188691213078305,765471.25,2790.999159381204
2026-04-17,2508.5,2525.0,2488.5,2494.5,277954,0.0,0.0,-0.0037939297124600646,0.4391547050124488,-0.04188691213078305,730694.15,2788.0489189893515
2026-04-20,2510.0,2510.0,2456.199951171875,2465.10009765625,349689,0.0,0.0,-0.01178588989526963,0.43511332142395126,-0.04188691213078305,708829.25,2784.8354978815596
2026-04-21,2471.800048828125,2499.89990234375,2463.60009765625,2471.0,460567,0.0,0.0,0.0023933723216187364,0.42949144563624314,-0.04188691213078305,694050.85,2781.7127566091067
2026-04-22,2470.0,2507.0,2452.0,2492.800048828125,326961,0.0,0.0,0.008822358894425397,0.4181283854578061,-0.04188691213078305,684724.75,2778.8380032978534
2026-04-23,2484.300048828125,2549.89990234375,2466.0,2542.39990234375,950680,0.0,0.0,0.019897245083472237,0.40480940451880953,-0.037071447354372164,698416.95,2776.4853853779123
2026-04-24,2559.0,2563.699951171875,2472.199951171875,2493.60009765625,411464,0.0,0.0,-0.019194385840918704,0.4093995248735133,-0.037071447354372164,684615.65,2773.670606395607
2026-04-27,2516.800048828125,2549.0,2496.699951171875,2508.199951171875,341589,0.0,0.0,0.005854929797824315,0.3978607235621614,-0.037071447354372164,637432.65,2771.0291073386547
2026-04-28,2508.199951171875,2544.800048828125,2484.39990234375,2532.800048828125,306944,0.0,0.0,0.009807869442289174,0.3828419715507568,-0.037071447354372164,610419.5,2768.6586689455153
2026-04-29,2551.0,2604.0,2538.300048828125,2543.60009765625,350550,0.0,0.0,0.0042640747867648265,0.35795027919224737,-0.037071447354372164,597969.65,2766.419280176468
2026-04-30,2543.5,2543.5,2488.89990234375,2518.60009765625,413405,0.0,0.0,-0.009828589023500922,0.3449634557028298,-0.037071447354372164,578821.05,2763.9534176638294
2026-05-01,2518.60009765625,2518.60009765625,2518.60009765625,2518.60009765625,0,0.0,0.0,0.0,0.33428362358147345,-0.037071447354372164,546008.85,2761.51209109659
2026-05-04,2520.39990234375,2565.0,2520.0,2551.39990234375,280967,0.0,0.0,0.013023030022917492,0.29254718596376555,-0.037071447354372164,524294.4,2759.4214225517862
2026-05-05,2553.0,2567.800048828125,2495.0,2522.800048828125,554217,0.0,0.0,-0.011209475037352146,0.22046464700354282,-0.037071447354372164,496677.2,2757.0669810221975
2026-05-06,2605.0,2762.0,2582.199951171875,2719.60009765625,4206668,0.0,0.0,0.07800857976023168,0.3431821395717948,-0.037071447354372164,656775.55,2756.694176212586
2026-05-07,2714.89990234375,2780.0,2655.0,2771.300048828125,796612,0.0,0.0,0.019010129914478924,0.3372976798476293,-0.037071447354372164,651879.35,2756.8395082784123
2026-05-08,2775.39990234375,2819.300048828125,2770.0,2780.800048828125,516387,0.0,0.0,0.0034279940218011618,0.33584107738958746,-0.037071447354372164,639477.1,2757.0779216172155
2026-05-11,2777.0,2832.10009765625,2739.60009765625,2798.5,596821,0.0,0.0,0.006365057127834195,0.32702953942118757,-0.037071447354372164,630980.1,2757.4900816011236
2026-05-12,2785.0,2800.0,2714.10009765625,2721.199951171875,475622,0.0,0.0,-0.027621957773137362,0.3372680041396966,-0.037071447354372164,620352.7,2757.128985775957
2026-05-13,2738.89990234375,2756.300048828125,2688.800048828125,2695.199951171875,642859,0.0,0.0,-0.00955460843250533,0.3357058398408205,-0.037071447354372164,624922.75,2756.5127764764143
2026-05-14,2714.0,2739.89990234375,2664.89990234375,2729.39990234375,270823,0.0,0.0,0.012689207402591718,0.3302336157055889,-0.037071447354372164,626538.95,2756.2429966342984
2026-05-15,2739.0,2740.10009765625,2685.0,2689.5,345387,0.0,0.0,-0.014618562237614152,0.3366544014855769,-0.037071447354372164,629910.6,2755.5788872150515
2026-05-18,2666.0,2685.0,2607.199951171875,2639.89990234375,227858,0.0,0.0,-0.018442125917921492,0.3444512191449902,-0.037071447354372164,623819.05,2754.4278525397153
2026-05-19,2649.89990234375,2668.800048828125,2631.0,2637.199951171875,226571,0.0,0.0,-0.0010227475554955845,0.3406585400344436,-0.03557575980970649,612119.25,2753.261405759936
2026-05-20,2617.199951171875,2622.10009765625,2590.5,2613.300048828125,342170,0.0,0.0,-0.00906260533378589,0.3433991085894195,-0.03557575980970649,612879.7,2751.8687554422067
2026-05-21,2634.5,2648.89990234375,2600.10009765625,2620.39990234375,459611,0.0,0.0,0.0027168152844938565,0.3427199765862708,-0.03557575980970649,588326.25,2750.5606076501826
2026-05-22,2661.89990234375,2688.0,2630.10009765625,2639.39990234375,521212,0.0,0.0,0.007250801674586471,0.3374349411567853,-0.03557575980970649,593813.65,2749.454530980467
2026-05-25,2661.0,2724.0,2655.39990234375,2711.0,170564,0.0,0.0,0.027127415437376623,0.33893662597813856,-0.03557575980970649,585262.4,2749.071898831408
2026-05-26,2729.89990234375,2772.89990234375,2712.0,2749.699951171875,704640,0.0,0.0,0.01427515720098671,0.34070536757986797,-0.03557575980970649,605147.2,2749.0781481084277
2026-05-27,2768.0,2776.39990234375,2725.0,2736.800048828125,222202,0.0,0.0,-0.0046913854503478625,0.34161400075506343,-0.03557575980970649,598729.8,2748.955977966335
2026-05-28,2736.800048828125,2736.800048828125,2736.800048828125,2736.800048828125,0,0.0,0.0,0.0,0.3418775323250233,-0.03557575980970649,578059.55,2748.835023447547
2026-05-29,2740.699951171875,2759.0,2678.800048828125,2715.800048828125,2087600,0.0,0.0,-0.007673194835330466,0.3408823994244774,-0.03557575980970649,682439.55,2748.5063172324285
2026-06-01,2719.0,2719.0,2674.199951171875,2696.199951171875,362133,0.0,0.0,-0.007217062119395545,0.3428099452993893,-0.03557575980970649,686497.85,2747.9858558785922
2026-06-02,2682.0,2752.800048828125,2651.199951171875,2745.300048828125,503919,0.0,0.0,0.018210851771178538,0.3450957479276654,-0.03557575980970649,683982.95,2747.9591314303293
2026-06-03,2740.10009765625,2758.0,2711.60009765625,2718.39990234375,530894,0.0,0.0,-0.009798618003834525,0.34436088884193233,-0.03557575980970649,500194.25,2747.665009747876
2026-06-04,2706.0,2739.0,2693.699951171875,2726.60009765625,316793,0.0,0.0,0.0030165522392160415,0.21399273843322397,-0.03557575980970649,476203.3,2747.4554086325365
2026-06-05,2745.0,2745.0,2692.0,2704.89990234375,162064,0.0,0.0,-0.00795870114255226,0.2043113407396401,-0.03557575980970649,458487.15,2747.0319707590165
2026-06-08,2647.0,2690.300048828125,2610.39990234375,2674.39990234375,605925,0.0,0.0,-0.011275833155072523,0.20656454790243411,-0.03557575980970649,458942.35,2746.3092636106057
2026-06-09,2674.89990234375,2733.60009765625,2673.0,2689.60009765625,463994,0.0,0.0,0.005683591036321545,0.20623939444918046,-0.0288415107586494,458360.95,2745.7449933026023
2026-06-10,2699.0,2754.800048828125,2699.0,2734.10009765625,482986,0.0,0.0,0.016545210583081893,0.1929047410465776,-0.0288415107586494,450367.3,2745.629123694181
2026-06-11,2734.0,2734.0,2650.0,2658.39990234375,552102,0.0,0.0,-0.027687426432336015,0.21367894043293578,-0.027728237006458118,464431.25,2744.761171242933
2026-06-12,2696.699951171875,2748.0,2681.300048828125,2743.0,245864,0.0,0.0,0.03182369122932305,0.2375811813045305,-0.027728237006458118,459455.1,2744.7436471509636
2026-06-15,2760.89990234375,2768.89990234375,2712.10009765625,2720.5,496251,0.0,0.0,-0.008202697776157453,0.2334947631236779,-0.027728237006458118,472874.75,2744.502416831054
2026-06-16,2730.0,2784.0,2730.0,2744.0,687248,0.0,0.0,0.008638117993015948,0.22425886866436498,-0.027728237006458118,495908.6,2744.4974176586056
2026-06-17,2750.89990234375,2760.0,2651.199951171875,2705.5,499787,0.0,0.0,-0.014030612244897989,0.23085281314906153,-0.027625231206097296,503789.45,2744.109383652052
2026-06-18,2719.39990234375,2727.199951171875,2675.0,2703.0,356118,0.0,0.0,-0.0009240436148586495,0.22794464493149594,-0.027625231206097296,498614.8,2743.7003350584996
2026-06-19,2701.0,2719.800048828125,2687.10009765625,2709.800048828125,321703,0.0,0.0,0.0025157413348593227,0.2279344754331624,-0.027625231206097296,488639.35,2743.3630187776002
2026-06-22,2720.0,2748.800048828125,2697.300048828125,2720.699951171875,473652,0.0,0.0,0.004022400969571072,0.22721647375566822,-0.027625231206097296,503793.75,2743.1375156173444
2026-06-23,2727.0,2777.0,2722.0,2736.699951171875,856546,0.0,0.0,0.005880839595379994,0.20819698584804874,-0.027625231206097296,511389.05,2743.0734602497278
2026-06-24,2736.0,2775.5,2701.0,2765.800048828125,247480,0.0,0.0,0.01063328029212296,0.205532909536043,-0.023047260597542474,512652.95,2743.299595459463
2026-06-25,2772.0,2775.0,2725.60009765625,2732.89990234375,398225,0.0,0.0,-0.01189534525401248,0.20924421764272472,-0.019615764437529635,532564.2,2743.196115925973
2026-06-26,2732.89990234375,2732.89990234375,2732.89990234375,2732.89990234375,0,0.0,0.0,0.0,0.20924421764272472,-0.019615764437529635,428184.2,2743.093666039583
2026-06-29,2732.89990234375,2738.39990234375,2648.800048828125,2664.699951171875,988256,0.0,0.0,-0.024955158845512915,0.22520039478715023,-0.019482424491148412,459490.35,2742.313629075725
2026-06-30,2664.699951171875,2781.5,2664.699951171875,2739.0,773262,0.0,0.0,0.027883082594514885,0.2446033460398566,-0.019482424491148412,472957.5,2742.280657642136
2026-07-01,2740.0,2752.60009765625,2711.39990234375,2739.89990234375,338475,0.0,0.0,0.00032855142159538,0.2363273722154748,-0.019482424491148412,463336.55,2742.256968534689
2026-07-02,2739.89990234375,2812.0,2730.0,2799.39990234375,563679,0.0,0.0,0.02171612180032656,0.244903684584716,-0.019482424491148412,475680.85,2742.8255549407495
2026-07-03,2828.0,2832.0,2785.199951171875,2794.5,509097,0.0,0.0,-0.0017503402567270454,0.24509138946609105,-0.019482424491148412,493032.5,2743.3397285234287
2026-07-06,2803.0,2859.5,2794.5,2830.699951171875,448352,0.0,0.0,0.012953999345813205,0.2458583198331932,-0.019482424491148412,485153.85,2744.2089844701795
2026-07-07,2839.0,2848.800048828125,2796.300048828125,2810.60009765625,243891,0.0,0.0,-0.007100665511123427,0.2433703251537079,-0.019482424491148412,474148.7,2744.8695925615834
2026-07-08,2790.800048828125,2804.0,2691.60009765625,2709.5,556227,0.0,0.0,-0.035971000549155696,0.2769250735189638,-0.025088498791894138,477810.75,2744.5176563171894
2026-07-09,2720.0,2792.5,2718.0,2756.89990234375,201957,0.0,0.0,0.01749396654133606,0.27763646039243706,-0.025088498791894138,460303.5,2744.6408627453143
2026-07-10,2779.0,2799.89990234375,2765.300048828125,2774.60009765625,104341,0.0,0.0,0.006420325706222529,0.2584160066269918,-0.025088498791894138,453227.35,2744.9389645852243
2026-07-13,2777.60009765625,2780.39990234375,2739.0,2741.60009765625,122987,0.0,0.0,-0.011893605866977186,0.23883004957624243,-0.025088498791894138,434564.15,2744.905742028717
2026-07-14,2729.39990234375,2759.89990234375,2716.0,2744.89990234375,397057,0.0,0.0,0.001203605401940644,0.23693306563376795,-0.025088498791894138,420054.6,2744.9056839223995
2026-07-15,2738.0,2819.0,2738.0,2775.60009765625,339745,0.0,0.0,0.011184449854177325,0.23819160662776245,-0.025088498791894138,412052.5,2745.2111009744776
2026-07-16,2777.10009765625,2916.0,2777.10009765625,2889.300048828125,1533270,0.0,0.0,0.040964096833648656,0.2695896101435214,-0.025088498791894138,470910.1,2746.6448218486435
2026-07-17,2899.199951171875,2914.89990234375,2853.0,2874.699951171875,232559,0.0,0.0,-0.005053160768876075,0.2707762154757001,-0.025088498791894138,466452.9,2747.91900223992
2026-07-20,2869.89990234375,2894.60009765625,2845.89990234375,2871.699951171875,302818,0.0,0.0,-0.0010435871746465875,0.27114935711935284,-0.025088498791894138,457911.2,2749.1506534730734
2026-07-21,2886.39990234375,2970.0,2866.800048828125,2939.0,528797,0.0,0.0,0.023435613041906223,0.28034033217159887,-0.025088498791894138,441523.75,2751.039701697222
2026-07-22,2952.89990234375,2969.89990234375,2815.0,2867.199951171875,1576048,0.0,0.0,-0.024430094871767616,0.2967312167270192,-0.025088498791894138,507952.15,2752.1955250750793
2026-07-23,2843.89990234375,2865.300048828125,2615.0,2622.699951171875,2407250,0.0,0.0,-0.08527483404150749,0.4224916271090622,-0.027625231206097296,608403.4,2750.9070119019134
2026-07-24,2672.89990234375,2698.0,2635.800048828125,2664.699951171875,1246513,0.0,0.0,0.016014031639888238,0.425456869095549,-0.027625231206097296,670729.05,2750.0492302031075
2026-07-27,2694.0,2694.300048828125,2631.699951171875,2636.5,1098350,0.0,0.0,-0.010582786688412393,0.4267674966628989,-0.027625231206097296,676233.75,2748.9193871165094
2026-07-28,2656.60009765625,2659.199951171875,2611.0,2633.39990234375,336758,0.0,5.0,-0.001175838291769371,0.41805969040805135,-0.027625231206097296,654408.55,2747.7699395068303
2026-07-29,2646.0,2659.0,2628.0,2643.800048828125,168487,0.0,0.0,0.003949322879186923,0.4058279217362447,-0.027625231206097296,645909.15,2746.7354132314204
2026-07-30,2640.0,2640.0,2595.699951171875,2604.800048828125,366977,0.0,0.0,-0.014751493789133874,0.408390228619883,-0.027625231206097296,636074.05,2745.323121048303
2026-07-31,2614.800048828125,2639.10009765625,2597.800048828125,2622.5,365175,0.0,0.0,0.006795128547328666,0.4006325523628776,-0.027625231206097296,628877.95,2744.1010004408577
2026-08-03,2630.0,2657.800048828125,2625.0,2645.0,150758,0.0,0.0,0.008579599618684375,0.40256410156341393,-0.027625231206097296,613998.25,2743.114920834481
2026-08-04,2663.0,2663.0,2611.0,2642.300048828125,255133,0.0,0.0,-0.001020775490311876,0.39878535547607996,-0.02509177222485407,614560.35,2742.1117877796914
2026-08-05,2646.300048828125,2649.0,2618.0,2639.699951171875,241199,0.0,0.0,-0.000984028160391226,0.3985488637362541,-0.02509177222485407,598808.95,2741.0927645298625
2026-08-06,2649.0,2659.0,2620.199951171875,2624.89990234375,550578,0.0,0.0,-0.005606716332117401,0.38003474175687685,-0.02509177222485407,616240.0,2739.9366166474138
2026-08-07,2624.89990234375,2640.60009765625,2610.0,2615.0,262181,0.0,0.0,-0.0037715351868886637,0.3739256922057714,-0.02509177222485407,624132.0,2738.693466233012
2026-08-10,2625.0,2628.10009765625,2593.300048828125,2610.0,563401,0.0,0.0,-0.0019120458891013214,0.37260580101660934,-0.02509177222485407,646152.7,2737.4129342306937
2026-08-11,2610.0,2613.10009765625,2550.0,2570.0,377687,0.0,0.0,-0.01532567049808431,0.37386765976165776,-0.02509177222485407,645184.2,2735.74713389009
2026-08-12,2570.10009765625,2594.0,2552.0,2585.0,276269,0.0,0.0,0.005836575875486361,0.3748360464453894,-0.02509177222485407,642010.4,2734.2471624085965
2026-08-13,2580.0,2616.39990234375,2556.0,2608.699951171875,336289,0.0,0.0,0.009168259640957466,0.373967261986461,-0.02509177222485407,582161.35,2732.9979364261417
2026-08-14,2609.0,2616.699951171875,2587.60009765625,2606.0,168380,0.0,0.0,-0.0010349795769583059,0.33886756224631276,-0.02509177222485407,578952.4,2731.734275367175
2026-08-17,2600.0,2636.60009765625,2595.10009765625,2616.0,164908,0.0,0.0,0.0038372985418264616,0.3401398748916045,-0.02509177222485407,572056.9,2730.5826905376507
2026-08-18,2603.39990234375,2644.699951171875,2603.39990234375,2630.0,238565,0.0,0.0,0.005351681957186605,0.34161827927270677,-0.02509177222485407,557545.3,2729.5818677462316
2026-08-19,2624.39990234375,2628.89990234375,2562.300048828125,2578.60009765625,267803,0.0,0.0,-0.019543689104087436,0.3304713854079768,-0.02509177222485407,492133.05,2728.079561576182
2026-08-20,2595.0,2595.199951171875,2570.0,2574.5,81501,0.0,0.0,-0.0015900478945830576,0.3238214583069946,-0.02509177222485407,375845.6,2726.551406734628
2026-08-21,2576.39990234375,2589.300048828125,2568.199951171875,2571.89990234375,174387,0.0,0.0,-0.00100994276801325,0.13931131189834622,-0.02509177222485407,322239.3,2725.0125857954154
2026-08-24,2569.699951171875,2590.0,2568.0,2580.800048828125,262284,0.0,0.0,0.003460533777486674,0.12629269916690772,-0.02509177222485407,280436.0,2723.577635178826
2026-08-25,2589.0,2589.0,2543.5,2575.0,449862,0.0,0.0,-0.002247384035333755,0.12195919537783362,-0.02509177222485407,286091.2,2722.099250749186
2026-08-26,2579.0,2596.0,2564.199951171875,2583.0,223327,0.0,0.0,0.003106796116504773,0.12282270311397735,-0.02509177222485407,288833.2,2720.715178602428
2026-08-27,2593.0,2627.0,2592.10009765625,2605.0,225304,0.0,0.0,0.00851722802942323,0.1260674124735681,-0.02509177222485407,281749.55,2719.5637837904633
2026-08-28,2605.0,2615.0,2582.0,2589.89990234375,150532,0.0,0.0,-0.0057965825935700765,0.11695470490540519,-0.02509177222485407,271017.4,2718.273595915372
2026-08-31,2587.10009765625,2595.699951171875,2552.0,2560.39990234375,311993,0.0,0.0,-0.011390401603283529,0.1200818852833868,-0.02509177222485407,279079.15,2716.7027133922716
2026-09-01,2563.0,2600.0,2558.199951171875,2592.0,105018,0.0,0.0,0.01234186020212058,0.12453301787379163,-0.02509177222485407,271573.4,2715.461890373443
2026-09-02,2575.0,2598.39990234375,2557.10009765625,2598.39990234375,129379,0.0,0.0,0.0024690981264468004,0.12508792858978227,-0.02509177222485407,265982.4,2714.2970944726503
2026-09-03,2602.0,2648.0,2597.199951171875,2617.0,228501,0.0,0.0,0.007158289083782909,0.12805541652798963,-0.02445634807045488,249878.55,2713.3289641793904
2026-09-04,2631.10009765625,2631.10009765625,2532.199951171875,2547.0,352418,0.0,0.0,-0.02674818494459308,0.15667261010078742,-0.025044810150466924,254390.4,2711.6739496104415
2026-09-07,2536.199951171875,2560.0,2526.5,2546.0,208077,0.0,0.0,-0.00039261876717711086,0.15646167184647583,-0.025044810150466924,236624.2,2710.025452599393
2026-09-08,2546.0,2546.0,2517.0,2522.0,167100,0.0,0.0,-0.00942655145325999,0.15902138357172743,-0.025044810150466924,226094.85,2708.1545525735282
2026-09-09,2519.800048828125,2532.0,2509.699951171875,2520.0,68501,0.0,0.0,-0.0007930214115781098,0.150962132828402,-0.025044810150466924,215706.45,2706.2823679708067
2026-09-10,2517.0,2551.699951171875,2504.0,2519.0,210831,0.0,0.0,-0.0003968253968253954,0.14899308484641682,-0.025044810150466924,209433.55,2704.418861821843
2026-09-11,2508.0,2508.0,2460.0,2482.39990234375,288552,0.0,0.0,-0.014529613996129398,0.15084122211782325,-0.025044810150466924,215442.15,2702.209717946439
2026-09-14,2482.39990234375,2482.39990234375,2482.39990234375,2482.39990234375,0,0.0,0.0,0.0,0.15099458782101632,-0.025044810150466924,207196.75,2700.0225556021337
2026-09-15,2482.39990234375,2490.699951171875,2450.0,2455.199951171875,149986,0.0,0.0,-0.010957119014625372,0.15215056657265252,-0.025044810150466924,202767.8,2697.5865097869073
2026-09-16,2457.5,2508.5,2444.5,2480.10009765625,159810,0.0,0.0,0.010141799845055477,0.15630074610271874,-0.025044810150466924,197368.15,2695.42246588511
2026-09-17,2505.0,2554.0,2501.0,2536.0,796952,0.0,0.0,0.022539373469876,0.1669308165361847,-0.025044810150466924,233140.7,2693.8361726922235
2026-09-18,2536.60009765625,2569.89990234375,2512.0,2512.0,401209,0.0,0.0,-0.009463722397476393,0.1696421728193366,-0.025044810150466924,244481.8,2692.026857541057
2026-09-21,2530.89990234375,2563.0,2530.89990234375,2540.0,103302,0.0,0.0,0.011146496815286566,0.17488289675192759,-0.02454599937540889,236532.7,2690.5141524908972
2026-09-22,2540.0,2554.300048828125,2526.39990234375,2538.300048828125,69512,0.0,0.0,-0.0006692721149114123,0.17427778081856712,-0.02454599937540889,217515.2,2688.999584295248
2026-09-23,2545.0,2562.0,2540.0,2550.0,73197,0.0,0.0,0.004609364908327862,0.17514346312839774,-0.02454599937540889,210008.7,2687.616503854499
