date,open,high,low,close,volume,dividend,daily_return,rolling_volatility_ann,var_95_threshold,avg_volume_20d,ema_200
2021-11-09,206.5,214.4499969482422,200.0500030517578,210.6499938964844,1592135,0.0,0.04127528778430256,0.5392627203291293,-0.03351955307262566,2036066.8,175.66943969811794
2021-11-10,209.3000030517578,222.0,207.1999969482422,219.1499938964844,1976861,0.0,0.04035129478416688,0.5442011593390168,-0.0331917905476615,2128850.8,176.10208202844996
2021-11-11,220.3000030517578,229.1000061035156,215.3500061035156,221.3999938964844,2365649,0.0,0.010266940737688524,0.5255524076751305,-0.032864028022697334,2237889.0,176.5528075196742
2021-11-12,216.0,219.8999938964844,205.6000061035156,210.9499969482422,1017554,0.0,-0.04719962618033369,0.5658865399001597,-0.04249240023100826,2280872.7,176.89506811100324
2021-11-15,210.8999938964844,214.0,191.6000061035156,195.75,1081087,0.0,-0.07205497590963039,0.6314980629455879,-0.046574869713705634,2329215.15,177.08267937358033
2021-11-16,198.5,198.5,189.0,191.4499969482422,653825,0.0,-0.02196680997066569,0.6387574477349297,-0.04641868059704862,2342347.7,177.22563775740784
2021-11-17,191.3999938964844,192.9499969482422,187.1999969482422,188.0500030517578,282476,0.0,-0.017759174461640548,0.6373646265944913,-0.04626249148039161,2330409.25,177.3333428847148
2021-11-18,189.1999969482422,189.1999969482422,179.10000610351562,180.5,509207,0.0,-0.04014891214694527,0.6573681211461087,-0.0461063023637346,2343433.0,177.3648519107375
2021-11-22,180.8999938964844,180.9499969482422,164.64999389648438,166.8000030517578,566509,0.0,-0.07590026010106476,0.7148105900477979,-0.062112836017911705,2327838.6,177.2597290365188
2021-11-23,169.89999389648438,188.0,166.0500030517578,183.1999969482422,2027354,0.0,0.09832130453496135,0.7869421304660215,-0.06087006853144687,2375881.85,177.31883617991903
2021-11-24,189.4499969482422,196.5500030517578,181.1000061035156,183.1999969482422,2353673,0.0,0.0,0.7549607873039746,-0.05962730104498204,2441615.05,177.37735519253917
2021-11-25,183.4499969482422,188.8000030517578,177.5500030517578,186.6999969482422,938688,0.0,0.019104803811698767,0.7455616884610287,-0.05838453355851721,2467491.2,177.47011779707353
2021-11-26,182.8999938964844,185.0,170.60000610351562,175.1999969482422,643250,0.0,-0.061596144552632626,0.7766407710891854,-0.06577967709543173,1825382.65,177.44752952992098
2021-11-29,176.0,184.5500030517578,157.1999969482422,181.3999938964844,1476121,0.0,0.03538811105158768,0.7847563488288047,-0.06525673552758185,1684390.85,177.4868575335684
2021-11-30,181.0,188.8999938964844,181.0,185.8999938964844,972125,0.0,0.024807057064003546,0.7683773742273172,-0.06473379395973196,1406397.4,177.5705703331994
2021-12-01,189.5,193.9499969482422,188.25,190.3999938964844,948325,0.0,0.02420656346285721,0.7303409075332273,-0.06421085239188207,1256289.0,177.698226289053
2021-12-02,190.0,190.0,180.9499969482422,182.4499969482422,823259,0.0,-0.04175418699101652,0.7215413049540672,-0.06368791082403218,1189778.9,177.74550758914444
2021-12-03,183.9499969482422,186.0,181.6499938964844,183.5,421549,0.0,0.005755018193043249,0.6979251565910813,-0.06316496925618229,1138257.1,177.80276622009822
2021-12-06,180.0,186.0,173.39999389648438,182.3999938964844,974388,0.0,-0.0059945836703847455,0.6838723226065688,-0.06264202768833241,1176212.25,177.84850977906726
2021-12-07,182.3999938964844,184.8999938964844,180.0,181.1999969482422,902027,0.0,-0.0065789308574387695,0.6834772728414502,-0.06211908612048251,1126303.1,177.88185791010383
2021-12-08,183.0,184.8999938964844,181.1999969482422,182.0500030517578,141009,0.0,0.00469098299023929,0.6811869845800751,-0.061596144552632626,1053746.8,177.92333199111533
2021-12-09,183.1999969482422,188.0,182.3500061035156,184.3500061035156,392379,0.0,0.012633908339479083,0.6641429608707662,-0.06087631863401768,974522.7,177.98727899720888
2021-12-10,183.5,187.3500061035156,182.8500061035156,184.6999969482422,192607,0.0,0.0018985127916408828,0.6437408186698708,-0.06015649271540273,865870.6,178.054072210652
2021-12-13,186.1999969482422,192.8000030517578,181.8999938964844,184.8999938964844,709486,0.0,0.0010828205281359082,0.6413597524386213,-0.05943666679678779,850467.2,178.12219083439163
2021-12-14,183.4499969482422,192.6999969482422,181.75,189.9499969482422,900816,0.0,0.02731207797975932,0.6355470240404656,-0.05871684087817283,841453.65,178.2398804474648
2021-12-15,190.5,192.4499969482422,184.1499938964844,187.0,299859,0.0,-0.015530386920964312,0.5879033429296168,-0.05799701495955789,823755.35,178.32704581614675
2021-12-16,185.1499938964844,188.3500061035156,181.0,181.8999938964844,208339,0.0,-0.027272759911848077,0.5905094668847479,-0.05727718904094294,820048.5,178.36259753833917
2021-12-17,181.8999938964844,183.5500030517578,172.35000610351562,174.9499969482422,232231,0.0,-0.038207790991996005,0.6016265091809629,-0.056557363122327994,806199.7,178.3286413135621
2021-12-20,168.5,189.8500061035156,166.5500030517578,181.6000061035156,463984,0.0,0.03801091323963135,0.6013344348836562,-0.055837537203713046,801073.45,178.36119220699447
2021-12-21,183.8500061035156,184.8500061035156,175.5500030517578,178.4499969482422,457100,0.0,-0.017345864809485967,0.5378833580674447,-0.0551177112850981,722560.75,178.36207583626063
2021-12-22,179.5,182.1999969482422,178.1999969482422,179.5500030517578,178372,0.0,0.0061642259586851544,0.4142767606435438,-0.054397885366483156,613795.7,178.37389600755913
2021-12-23,180.8999938964844,181.8999938964844,176.0,176.5500030517578,148979,0.0,-0.016708437477081062,0.4179833979992586,-0.05367805944786821,574310.25,178.3557478189442
2021-12-24,178.3000030517578,179.6999969482422,173.5,174.35000610351562,163033,0.0,-0.012461041689119878,0.4127178023475425,-0.05295823352925326,550299.4,178.3158896924225
2021-12-27,174.60000610351562,175.6999969482422,171.4499969482422,172.5500030517578,140196,0.0,-0.010324077939458776,0.35507757427977243,-0.05223840761063831,483503.15,178.25851768604772
2021-12-28,171.85000610351562,179.5500030517578,171.85000610351562,176.25,204490,0.0,0.02144304191714408,0.34030364362603044,-0.05151858169202336,445121.4,178.2385324354403
2021-12-29,177.14999389648438,180.8999938964844,175.89999389648438,177.85000610351562,191721,0.0,0.009078048814272988,0.3293726346186237,-0.05079875577340842,407291.2,178.23466650178932
2021-12-30,176.5,184.3500061035156,171.89999389648438,181.6000061035156,502473,0.0,0.021085183420332942,0.32641956275254747,-0.05007892985479347,391251.9,178.26815246797565
2021-12-31,184.3999938964844,191.0,181.0,189.4499969482422,1298899,0.0,0.04322682037935577,0.3289086571345712,-0.049359103936178525,435119.4,178.37941460210766
2022-01-03,190.0,195.0,189.5,191.3999938964844,458279,0.0,0.010292937343118425,0.32993583456594844,-0.04863927801756358,409313.95,178.50897260503677
2022-01-04,192.0,195.0,185.0,187.6000061035156,351823,0.0,-0.019853646364398347,0.33768239442390546,-0.04791945209894863,381803.75,178.59943064979777
2022-01-05,185.6999969482422,189.8999938964844,182.1000061035156,184.1999969482422,359089,0.0,-0.0181237155898456,0.3435038883163183,-0.04791945209894863,392707.75,178.655157677643
2022-01-06,184.1999969482422,184.75,181.0,181.6499938964844,172822,0.0,-0.01384366500545764,0.3469804045440717,-0.04791945209894863,381729.9,178.6849570430046
2022-01-07,183.0,184.3000030517578,177.5,178.60000610351562,207787,0.0,-0.016790464604732436,0.3485788942259298,-0.04791945209894863,382488.9,178.68411176002462
2022-01-10,178.60000610351562,182.3999938964844,178.60000610351562,180.6000061035156,176971,0.0,0.011198207903983848,0.3511264832118235,-0.04791945209894863,355863.15,178.703175385333
2022-01-11,181.5500030517578,182.8999938964844,177.39999389648438,178.5500030517578,126023,0.0,-0.011351068562992062,0.35290738441921843,-0.04791945209894863,317123.5,178.70165128251136
2022-01-12,178.5500030517578,180.8500061035156,177.64999389648438,179.14999389648438,112818,0.0,0.0033603519152707317,0.3377579317162422,-0.04791945209894863,307771.45,178.70611240304842
2022-01-13,179.14999389648438,181.8500061035156,177.64999389648438,178.75,300583,0.0,-0.0022327318454473666,0.33445335447964664,-0.04791945209894863,312383.65,178.7065490955554
2022-01-14,178.10000610351562,204.5500030517578,178.10000610351562,202.0,5227208,0.0,0.13006993006993017,0.5554083755358794,-0.04791945209894863,562132.5,178.9383247264454
2022-01-17,202.0,209.6999969482422,201.0500030517578,204.5500030517578,2288959,0.0,0.012623777483949494,0.5323762705743119,-0.04791945209894863,653381.25,179.19316729684653
2022-01-18,205.0500030517578,212.8000030517578,196.1000061035156,199.9499969482422,1121412,0.0,-0.022488418650141395,0.5306198734674273,-0.04791945209894863,686596.85,179.39970291526836
2022-01-19,200.4499969482422,201.8999938964844,193.3500061035156,196.8500061035156,566868,0.0,-0.015503830417807118,0.529675773280718,-0.04791945209894863,706021.65,179.57333777286286
2022-01-20,196.8500061035156,201.1499938964844,193.6000061035156,195.6999969482422,363701,0.0,-0.00584205801176696,0.5310269507600431,-0.04791945209894863,716757.75,179.73380204326463
2022-01-21,197.0,212.5,196.1000061035156,202.3500061035156,3444309,0.0,0.03398062983635186,0.5344043786419569,-0.04791945209894863,880821.55,179.95883889958554
2022-01-24,203.5500030517578,205.1000061035156,184.5,187.3000030517578,751300,0.0,-0.07437609388585187,0.6016597290284373,-0.06211908612048251,911376.75,180.0318853090599
2022-01-25,184.9499969482422,220.75,174.0500030517578,214.3000030517578,6990365,0.0,0.1441537616661912,0.7696050260969316,-0.06211908612048251,1250670.5,180.37286160500716
2022-01-27,212.4499969482422,231.6999969482422,202.6000061035156,207.8500061035156,5900855,0.0,-0.030097978797902325,0.7817730513025,-0.06211908612048251,1536127.2,180.64626602787789
2022-01-28,209.8000030517578,218.5,201.1499938964844,207.6000061035156,1478567,0.0,-0.0012027904385795152,0.7825674899992936,-0.06211908612048251,1584931.9,180.91446244654094
2022-01-31,210.5,216.6499938964844,200.0,203.0,792507,0.0,-0.022158024895345574,0.7881154675199092,-0.06211908612048251,1559612.3,181.13421903911265
2022-02-01,204.6999969482422,214.0,201.1499938964844,206.1000061035156,1064635,0.0,0.015270966027170374,0.777548613763844,-0.06211908612048251,1589930.1,181.38263483079825
2022-02-02,207.0,215.0,207.0,210.0,924360,0.0,0.01892282280926083,0.7788485181991727,-0.06211908612048251,1618556.95,181.66738473297937
2022-02-03,211.4499969482422,218.6999969482422,204.3999938964844,205.6499938964844,1621199,0.0,-0.020714314778645715,0.7792073008056972,-0.06211908612048251,1681662.45,181.90601765997943
2022-02-04,208.0,213.0,205.6499938964844,209.8999938964844,891289,0.0,0.020666181016952834,0.7759881383916193,-0.06211908612048251,1717585.8,182.18456468720834
2022-02-07,208.5,210.9499969482422,205.5,208.0,385331,0.0,-0.009051900675239755,0.7745179071696515,-0.06211908612048251,1726463.0,182.4414346903207
2022-02-08,206.6000061035156,215.8999938964844,205.6499938964844,209.3999938964844,883443,0.0,0.006730739886944281,0.7694756100805085,-0.06211908612048251,1761786.6,182.70967906053127
2022-02-09,211.0,213.9499969482422,202.6999969482422,204.8500061035156,554238,0.0,-0.02172869114417486,0.7765311733369519,-0.04274628486909732,1783197.35,182.929980822153
2022-02-10,205.8999938964844,208.8000030517578,205.0,207.3500061035156,181218,0.0,0.012204051381559111,0.7737624820131076,-0.04274628486909732,1786617.35,183.17296614833572
2022-02-11,203.0,207.1000061035156,201.0,203.25,165103,0.0,-0.01977335897192467,0.7797194975510903,-0.04274628486909732,1779843.35,183.37273762944682
2022-02-14,199.0,199.0,185.0,186.6000061035156,364934,0.0,-0.08191878915859485,0.8384125378933208,-0.06223514201929359,1536729.65,183.4048497535669
2022-02-15,187.5500030517578,194.8999938964844,178.25,185.75,596013,0.0,-0.0045552308451911605,0.700303028543901,-0.04274628486909732,1452082.35,183.42818458188964
2022-02-16,194.8999938964844,199.8500061035156,190.4499969482422,193.1499938964844,937245,0.0,0.03983845973881239,0.714204198748727,-0.04274628486909732,1442874.0,183.5249190029304
2022-02-17,193.1499938964844,194.8000030517578,186.1999969482422,188.6499938964844,225467,0.0,-0.023297955693499572,0.7145052162344023,-0.04274628486909732,1425803.95,183.5759147730155
2022-02-18,189.8999938964844,193.5,187.3500061035156,188.3500061035156,171676,0.0,-0.0015901818323589278,0.7127740159817639,-0.04274628486909732,1416202.7,183.62341816933892
2022-02-21,183.6999969482422,187.6999969482422,175.0,176.4499969482422,327337,0.0,-0.06318029609584008,0.7444808447574539,-0.04282549244625769,1260354.1,183.5520408437559
2022-02-22,165.0,180.8000030517578,165.0,178.6999969482422,560962,0.0,0.012751487894102853,0.7344353205406133,-0.04282549244625769,1250837.2,183.50376180001945
2022-02-23,180.0,187.5500030517578,177.10000610351562,179.64999389648438,339940,0.0,0.005316155369142761,0.690000223022478,-0.04282549244625769,918315.95,183.46541585073055
2022-02-24,173.0,176.4499969482422,158.25,160.60000610351562,402212,0.0,-0.10603945694507222,0.5579960333840633,-0.06374008598534067,643383.8,183.2378993358329
2022-02-25,163.1999969482422,186.5,163.1999969482422,180.6000061035156,1004914,0.0,0.12453299651252103,0.729229435892836,-0.06374008598534067,619701.15,183.21165164197902
2022-02-28,178.0,178.85000610351562,173.5500030517578,176.0,267982,0.0,-0.02547068631259619,0.7321977311723912,-0.06374008598534067,593474.9,183.13989391419815
2022-03-02,175.0,182.8999938964844,174.0500030517578,179.4499969482422,244933,0.0,0.019602255387739742,0.7354595259317004,-0.06374008598534067,552489.8,183.1031785215021
2022-03-03,181.1000061035156,183.75,177.9499969482422,179.0,158566,0.0,-0.002507645337948783,0.7319063051653806,-0.06374008598534067,514200.1,183.062350874522
2022-03-04,179.0,182.5,174.0,175.8000030517578,291069,0.0,-0.01787707792314075,0.7274082447774988,-0.06374008598534067,447693.6,182.99008870713132
2022-03-07,175.0,181.3000030517578,168.10000610351562,174.75,337321,0.0,-0.005972713501311344,0.7258072419055674,-0.06374008598534067,419995.2,182.90809777472208
2022-03-08,176.25,184.8000030517578,172.35000610351562,175.85000610351562,504088,0.0,0.006294741651019287,0.7206614650051069,-0.06374008598534067,425933.05,182.8378680068494
2022-03-09,180.0,181.6999969482422,175.0,177.3000030517578,338760,0.0,0.008245646277593055,0.7226544347266558,-0.06374008598534067,398698.9,182.7827648729679
2022-03-10,182.0,185.9499969482422,179.0500030517578,181.4499969482422,457045,0.0,0.023406620558674707,0.7288102405790898,-0.06374008598534067,393839.25,182.76950350058257
2022-03-11,181.0,184.1999969482422,180.1499938964844,182.6499938964844,150716,0.0,0.0066133754115438315,0.7276155004518536,-0.06374008598534067,392314.15,182.76831435029305
2022-03-14,184.1000061035156,186.3500061035156,181.0,182.8500061035156,219227,0.0,0.0010950572883376974,0.7254267383406651,-0.06374008598534067,395020.35,182.76912720355895
2022-03-15,184.3500061035156,187.9499969482422,177.35000610351562,178.64999389648438,343253,0.0,-0.02296971324492869,0.7263322163412724,-0.06374008598534067,393936.3,182.72814080249356
2022-03-16,181.0,189.3500061035156,178.1999969482422,183.4499969482422,598350,0.0,0.02686819600194945,0.6775370088266839,-0.06374008598534067,394053.15,182.73532345070998
2022-03-17,184.8999938964844,189.1999969482422,183.3500061035156,187.9499969482422,283402,0.0,0.024529845052380095,0.682517718585455,-0.06374008598534067,361361.0,182.7872107491929
2022-03-21,188.8999938964844,192.0,186.0,189.3999938964844,287993,0.0,0.007714801658877057,0.6686758951706423,-0.06374008598534067,364487.3,182.8530095864794
2022-03-22,190.9499969482422,197.0,188.1499938964844,192.5,404070,0.0,0.016367508993743174,0.6654410512702348,-0.06374008598534067,376107.0,182.94899954084278
2022-03-23,194.9499969482422,201.9499969482422,193.4499969482422,199.1999969482422,546370,0.0,0.03480517895190749,0.6749821684095094,-0.06374008598534067,387058.65,183.1107010075831
2022-03-24,205.1999969482422,205.1999969482422,199.3000030517578,203.1999969482422,720372,0.0,0.02008032159277251,0.6315218804647426,-0.06374008598534067,395029.15,183.31059449952997
2022-03-25,200.3999938964844,204.3000030517578,200.1999969482422,203.0500030517578,174571,0.0,-0.0007381589504776853,0.6318358294749944,-0.06374008598534067,386760.7,183.5070065249253
2022-03-28,204.0500030517578,204.4499969482422,192.1000061035156,194.5500030517578,225454,0.0,-0.04186160981161535,0.6540272512285246,-0.06374008598534067,377922.8,183.61688708738131
2022-03-29,197.5,200.8000030517578,194.6000061035156,198.0500030517578,260049,0.0,0.017990233590841287,0.5162608603397526,-0.06374008598534067,340679.55,183.76050018155422
2022-03-30,204.0,205.0,195.6499938964844,197.1999969482422,248961,0.0,-0.004291876245482773,0.30906108758230366,-0.06374008598534067,339728.5,183.89422651754117
2022-03-31,196.0500030517578,211.1499938964844,196.0500030517578,202.1499938964844,959005,0.0,0.025101404791306514,0.2969349420243991,-0.06374008598534067,375432.1,184.07587594419732
2022-04-01,203.6999969482422,209.0,201.1000061035156,203.8500061035156,224023,0.0,0.008409657473953391,0.29335755053624935,-0.06374008598534067,378704.95,184.27263345822038
2022-04-04,204.8500061035156,209.8000030517578,203.0,203.6499938964844,232181,0.0,-0.0009811734169369313,0.2928303846322675,-0.06374008598534067,375760.55,184.46544301482004
2022-04-05,204.6499938964844,224.5,204.6000061035156,211.75,3652338,0.0,0.03977415343126811,0.3007859667631424,-0.06374008598534067,541511.4,184.73693114402582
2022-04-06,211.5,214.6999969482422,206.1000061035156,208.4499969482422,640523,0.0,-0.015584429996495008,0.3085847148511342,-0.06374008598534067,548333.15,184.97288204755037
2022-04-07,209.0,215.4499969482422,200.1000061035156,202.1000061035156,821973,0.0,-0.030462897278445533,0.3370241205242221,-0.06374008598534067,572493.8,185.14330119238585
2022-04-08,203.1499938964844,206.8999938964844,201.75,203.5500030517578,315625,0.0,0.007174650690012996,0.3369891569116996,-0.06374008598534067,565422.8,185.32645245466819
2022-04-11,204.8000030517578,209.6999969482422,203.6499938964844,205.3999938964844,407820,0.0,0.009088630886712412,0.33171373633000384,-0.06374008598534067,578278.0,185.52618918543251
2022-04-12,206.3999938964844,206.75,201.3000030517578,203.8500061035156,185309,0.0,-0.007546192010842834,0.3350631705284703,-0.06374008598534067,576582.1,185.70851572193087
2022-04-13,204.8500061035156,213.0,204.8000030517578,206.1499938964844,441927,0.0,0.011282745764554347,0.3352511956635784,-0.06374008598534067,581515.8,185.9119135147125
2022-04-18,205.9499969482422,211.1499938964844,204.1999969482422,206.8999938964844,367118,0.0,0.0036381276847217148,0.31859733079513797,-0.06374008598534067,569954.2,186.12075013542665
2022-04-19,208.0,215.4499969482422,201.1499938964844,204.1999969482422,625585,0.0,-0.01304976813867409,0.31756625470568756,-0.06374008598534067,587063.35,186.30064313853924
2022-04-20,206.0,212.25,201.1999969482422,201.9499969482422,668168,0.0,-0.0110186093713327,0.3143121996590421,-0.06374008598534067,606072.1,186.4563581018199
2022-04-21,202.1000061035156,207.6999969482422,198.1000061035156,199.8500061035156,311521,0.0,-0.010398568340977965,0.31758057460406713,-0.06374008598534067,601444.65,186.58962823119
2022-04-22,199.0,210.0,198.3000030517578,199.8500061035156,973246,0.0,0.0,0.3137770660627588,-0.06374008598534067,622788.45,186.72157228962112
2022-04-25,200.25,204.75,195.75,197.3000030517578,403881,0.0,-0.012759584557815673,0.2936835328008533,-0.04292754412582658,606963.9,186.8268303071548
2022-04-26,199.8000030517578,204.0,197.8999938964844,202.6499938964844,502849,0.0,0.02711602008096836,0.3007593912032269,-0.04292754412582658,623377.8,186.98427472097902
2022-04-27,199.75,203.0,195.1000061035156,197.3000030517578,188856,0.0,-0.026400153002024807,0.31442519761609766,-0.04292754412582658,621547.9,187.08691878397184
2022-04-28,198.8999938964844,200.75,196.0500030517578,198.6000061035156,141105,0.0,0.006588966201976021,0.2781407290801999,-0.04292754412582658,615600.7,187.20147686675338
2022-04-29,198.8999938964844,200.6499938964844,191.0500030517578,192.8500061035156,223664,0.0,-0.028952667790971498,0.28958175326872804,-0.04292754412582658,614335.85,187.25768113776593
2022-05-02,191.8500061035156,194.6000061035156,189.0,193.3000030517578,136772,0.0,0.002333403857921912,0.2895734476412837,-0.04292754412582658,573224.2,187.3178037438753
2022-05-04,193.3999938964844,203.0,188.6999969482422,190.8000030517578,597630,0.0,-0.012933264151737234,0.27639395034136616,-0.04292754412582658,591904.55,187.35245249320747
2022-05-05,194.75,197.25,185.3500061035156,186.6000061035156,138960,0.0,-0.022012562269733804,0.2811696193223304,-0.04292754412582658,587243.5,187.3449654644543
2022-05-06,181.1000061035156,187.8999938964844,181.1000061035156,184.4499969482422,155986,0.0,-0.01152202081966014,0.2820883290795813,-0.04292754412582658,412425.9,187.31615980757658
2022-05-09,184.4499969482422,185.5,177.0500030517578,178.6999969482422,253865,0.0,-0.031173760342286583,0.24641936173728976,-0.04292754412582658,393093.0,187.23042684380212
2022-05-10,176.0,182.9499969482422,175.0,177.1999969482422,354027,0.0,-0.008393956494775145,0.24486014160071345,-0.04292754412582658,369695.7,187.13062157120947
2022-05-11,178.10000610351562,179.89999389648438,162.0,172.35000610351562,318428,0.0,-0.027370151965314005,0.24143045210005615,-0.04292754412582658,369835.85,186.9835507705359
2022-05-12,168.0,183.8999938964844,167.85000610351562,179.14999389648438,404464,0.0,0.03945452597712462,0.2875474542468074,-0.04292754412582658,369668.05,186.90560493099312
2022-05-13,184.6000061035156,184.6000061035156,172.5,173.64999389648438,515960,0.0,-0.030700531327832348,0.29435796622270455,-0.04292754412582658,386200.6,186.77370830378408
2022-05-16,175.0,180.10000610351562,168.64999389648438,173.85000610351562,622454,0.0,0.0011518123470277697,0.29599036407200896,-0.03170815281575302,395226.95,186.64511425204012
2022-05-17,174.75,182.8999938964844,173.89999389648438,179.4499969482422,397759,0.0,0.03221162294001956,0.3204885369216772,-0.03170815281575302,396759.0,186.57352104503718
2022-05-18,184.75,184.75,174.0500030517578,178.39999389648438,391437,0.0,-0.005851229142459391,0.31842647522183865,-0.03170815281575302,385051.6,186.4921924166934
2022-05-19,175.9499969482422,179.89999389648438,173.0,175.35000610351562,240248,0.0,-0.017096344715899936,0.3197263739129433,-0.03170815281575302,363655.6,186.38132489118917
2022-05-20,178.89999389648438,184.6999969482422,178.10000610351562,179.10000610351562,411173,0.0,0.02138579908452498,0.33402427077575203,-0.03170815281575302,368638.2,186.3088739579785
2022-05-23,182.1499938964844,183.8999938964844,175.8000030517578,178.85000610351562,340847,0.0,-0.0013958681824695063,0.3338136488466423,-0.030724192778555058,337018.25,186.23465636738683
2022-05-24,177.89999389648438,184.0,177.35000610351562,179.4499969482422,356033,0.0,0.003354715259999974,0.33465595661427144,-0.030724192778555058,334625.85,186.16714731844013
2022-05-25,181.3500061035156,182.25,176.3000030517578,179.0500030517578,250444,0.0,-0.0022289991824282485,0.33352728292743555,-0.030724192778555058,322005.6,186.09632996255274
2022-05-26,178.8000030517578,190.8999938964844,178.10000610351562,185.3999938964844,1130596,0.0,0.03546490218651943,0.3445402075784609,-0.030474778980914875,369092.6,186.08940124547746
2022-05-27,184.6999969482422,185.6999969482422,171.85000610351562,175.64999389648438,374370,0.0,-0.05258899849502585,0.37645545216080284,-0.030724192778555058,380755.85,185.9855265454875
2022-05-30,175.1999969482422,177.0500030517578,172.5500030517578,175.60000610351562,267694,0.0,-0.0002845875018828714,0.3744793505373765,-0.030724192778555058,382957.35,185.88218803362707
2022-05-31,174.0,179.8000030517578,168.75,170.3000030517578,1322463,0.0,-0.03018224867619579,0.37546928735038737,-0.030724192778555058,442241.9,185.72714141689207
2022-06-01,170.3000030517578,172.89999389648438,166.10000610351562,168.3000030517578,227267,0.0,-0.011743980999179171,0.3748703040192935,-0.030724192778555058,423723.75,185.55373705504994
2022-06-02,169.10000610351562,172.0,166.5500030517578,171.14999389648438,174260,0.0,0.016933991640214696,0.3824204255686563,-0.030724192778555058,425488.75,185.41041622760153
2022-06-03,172.0,174.25,167.0500030517578,168.4499969482422,164473,0.0,-0.01577561813922823,0.3794999882586082,-0.030724192778555058,425913.1,185.24165583676213
2022-06-06,169.8000030517578,170.89999389648438,162.0500030517578,163.85000610351562,297354,0.0,-0.02730775261539453,0.3869997598612381,-0.030724192778555058,428087.55,185.02880360061042
2022-06-07,163.85000610351562,167.4499969482422,159.75,165.14999389648438,163226,0.0,0.007934011257512363,0.37770635521460694,-0.030724192778555058,418547.5,184.83100449907684
2022-06-08,165.25,166.6999969482422,161.25,162.60000610351562,142547,0.0,-0.015440435284345688,0.37964580177452256,-0.030724192778555058,409753.45,184.6098005349419
2022-06-09,160.14999389648438,167.4499969482422,160.14999389648438,166.6999969482422,180067,0.0,0.02521519490052415,0.3822262826557671,-0.030724192778555058,398533.6,184.43159353407924
2022-06-10,165.0,165.0,162.64999389648438,163.5500030517578,57678,0.0,-0.018896184488008116,0.35639064392898784,-0.030724192778555058,375619.5,184.22381651435467
2022-06-13,161.60000610351562,161.64999389648438,152.85000610351562,155.25,166274,0.0,-0.05074902413258375,0.3811600812893911,-0.03170815281575302,352810.5,183.9355198326198
2022-06-14,155.25,159.4499969482422,153.25,155.85000610351562,181787,0.0,0.003864773613627248,0.3818308565651839,-0.03170815281575302,342011.9,183.65606198456902
2022-06-15,156.0,160.64999389648438,155.1999969482422,158.60000610351562,155835,0.0,0.017645170948363376,0.3670332662871844,-0.03170815281575302,330231.8,183.40674799570283
2022-06-16,158.60000610351562,161.9499969482422,150.0,152.5,150773,0.0,-0.03846157546509965,0.38428570801550327,-0.038631577182425436,325758.05,183.09921816489984
2022-06-17,150.10000610351562,161.4499969482422,147.25,158.8000030517578,397366,0.0,0.0413114954213627,0.4171182631314854,-0.038631577182425436,325067.7,182.85743492994322
2022-06-20,156.14999389648438,160.0,154.10000610351562,156.25,200413,0.0,-0.016057953417839,0.40804591006409513,-0.038631577182425436,318046.0,182.59268433362539
2022-06-21,156.25,158.5500030517578,155.0500030517578,157.5,93775,0.0,0.008000000000000007,0.4107179213706312,-0.038631577182425436,304933.1,182.34300588254456
2022-06-22,157.0,158.60000610351562,150.10000610351562,151.25,99739,0.0,-0.03968253968253965,0.42553536541534764,-0.039791493188993436,297397.85,182.0336227394347
2022-06-23,151.25,179.6999969482422,151.25,158.89999389648438,6538911,0.0,0.050578472042871914,0.471071888083741,-0.03852262367597165,567813.6,181.8034373778133
2022-06-24,157.89999389648438,162.25,153.75,157.0500030517578,1141747,0.0,-0.011642485310173978,0.4474445401475919,-0.03852262367597165,606182.45,181.55713454869834
2022-06-27,160.0,161.0,156.89999389648438,157.85000610351562,302276,0.0,0.005093938466808945,0.41782879647271176,-0.03852262367597165,607911.55,181.32124272337316
2022-06-28,156.9499969482422,157.8000030517578,155.10000610351562,155.75,138264,0.0,-0.013303807553472491,0.41851102281655794,-0.03852262367597165,548701.6,181.06680249726995
2022-06-29,154.0,161.6999969482422,154.0,157.4499969482422,356828,0.0,0.01091490817490981,0.411967627289309,-0.03852262367597165,555179.65,180.83180940722988
2022-06-30,157.0,159.4499969482422,155.0,156.35000610351562,182252,0.0,-0.006986286859618995,0.411083359630251,-0.03852262367597165,555579.25,180.58820937435712
2022-07-01,154.14999389648438,157.64999389648438,154.0500030517578,155.39999389648438,126459,0.0,-0.006076189126607789,0.4045726686262747,-0.03852262367597165,553678.55,180.33758036462706
2022-07-04,156.4499969482422,158.5500030517578,153.1999969482422,154.1999969482422,103597,0.0,-0.007721988387216605,0.4026459504406186,-0.03852262367597165,543990.7,180.07750490774762
2022-07-05,155.35000610351562,162.39999389648438,154.85000610351562,159.25,306902,0.0,0.03274969618483747,0.4122749363641262,-0.03852262367597165,551174.5,179.87026605294417
2022-07-06,159.0,161.89999389648438,156.64999389648438,160.1999969482422,110226,0.0,0.005965443945005866,0.41179151230654093,-0.03852262367597165,549558.45,179.67454198225062
2022-07-07,161.4499969482422,166.4499969482422,159.5,164.64999389648438,495687,0.0,0.02777775925726078,0.41999749831444855,-0.03852262367597165,565339.45,179.52504399134747
2022-07-08,166.89999389648438,166.9499969482422,160.85000610351562,162.85000610351562,603354,0.0,-0.010932206861182125,0.4122573955645329,-0.03852262367597165,592623.25,179.3591232163442
2022-07-11,162.6999969482422,163.89999389648438,160.4499969482422,161.0500030517578,114247,0.0,-0.011053134690173994,0.40879811894410134,-0.03852262367597165,590021.9,179.17694291619907
2022-07-12,160.8000030517578,162.0,158.8000030517578,160.39999389648438,129481,0.0,-0.004036070431271854,0.3661316861360483,-0.03852262367597165,587406.6,178.99010760257005
2022-07-13,161.5,162.14999389648438,155.75,157.4499969482422,134607,0.0,-0.01839150287091651,0.37261562741622767,-0.03852262367597165,586345.2,178.775778143323
2022-07-14,157.5,159.4499969482422,155.25,157.0,67966,0.0,-0.0028580308476608973,0.3676358587097466,-0.03852262367597165,582204.85,178.55910373393672
2022-07-15,156.89999389648438,158.39999389648438,154.0500030517578,155.5500030517578,69549,0.0,-0.009235649351861053,0.34241502860786777,-0.03852262367597165,565814.0,178.33015745849215
2022-07-18,156.85000610351562,160.25,156.60000610351562,157.5500030517578,71819,0.0,0.012857601804961094,0.3133292630941372,-0.03852262367597165,559384.3,178.1233897529525
2022-07-19,158.0,159.75,157.35000610351562,158.1999969482422,53512,0.0,0.0041256355689871516,0.3082111374056981,-0.03852262367597165,557371.15,177.9251470384778
2022-07-20,159.5500030517578,170.35000610351562,159.0500030517578,167.9499969482422,1462806,0.0,0.06163084821796727,0.3732055026199672,-0.03852262367597165,625524.5,177.82589181369934
2022-07-21,167.0,173.8000030517578,165.3000030517578,172.8000030517578,623286,0.0,0.028877679021395153,0.34840733751760034,-0.03852262367597165,329743.25,177.77588297029695
2022-07-22,171.60000610351562,175.0,169.0500030517578,172.1999969482422,338878,0.0,-0.0034722574821709484,0.3106865155509031,-0.03852262367597165,289599.8,177.72040151734117
2022-07-25,173.0,177.14999389648438,168.25,173.5,333544,0.0,0.0075493790638598846,0.3055720069535811,-0.03852262367597165,291163.2,177.6784074723925
2022-07-26,173.0,179.85000610351562,171.10000610351562,176.85000610351562,395886,0.0,0.01930839252746752,0.3096102524784702,-0.03852262367597165,304044.3,177.6701646727022
2022-07-27,175.5500030517578,181.0,169.60000610351562,171.1999969482422,340506,0.0,-0.03194802917884165,0.3300204080321351,-0.03852262367597165,303228.2,177.6057848943494
2022-07-28,172.5,174.60000610351562,168.5500030517578,170.1999969482422,153480,0.0,-0.005841121599449162,0.33115758194899647,-0.03852262367597165,301789.6,177.53209546204985
2022-07-29,174.5,174.5,165.0500030517578,170.85000610351562,220424,0.0,0.003819090287475735,0.32878119580834175,-0.03852262367597165,306487.85,177.46560701072116
2022-08-01,172.1999969482422,183.5,172.0,180.9499969482422,455617,0.0,0.059116128088442244,0.3766063813714863,-0.03852262367597165,324088.85,177.50027755736318
2022-08-02,195.3500061035156,205.9499969482422,190.6000061035156,192.9499969482422,4233144,0.0,0.06631666317978668,0.4232520031844664,-0.03852262367597165,520400.95,177.6540061085162
2022-08-03,193.6999969482422,195.0,186.4499969482422,189.6000061035156,458947,0.0,-0.017361963709308648,0.42648603623933523,-0.03852262367597165,537837.0,177.77287178010823
2022-08-04,192.4499969482422,194.1000061035156,182.1999969482422,186.4499969482422,319226,0.0,-0.01661397180311064,0.43537468298443915,-0.03852262367597165,529013.95,177.85921133402002
2022-08-05,189.1999969482422,193.0,187.5,189.3000030517578,335324,0.0,0.015285632341988098,0.43020029146732763,-0.03852262367597165,515612.45,177.9730500575796
2022-08-08,191.8999938964844,197.75,189.75,192.6000061035156,606831,0.0,0.017432662432950385,0.42650247685705106,-0.03852262367597165,540241.65,178.11859190878297
2022-08-10,193.8000030517578,197.6499938964844,193.1499938964844,194.9499969482422,412618,0.0,0.012201405868406567,0.42073592830141854,-0.03852262367597165,554398.5,178.28606857584228
2022-08-11,195.8999938964844,198.6000061035156,192.0,193.5500030517578,243564,1.55,-0.007181297350089544,0.422146316430732,-0.03852262367597165,559846.35,178.43794852087626
2022-08-12,193.5,194.3999938964844,188.1000061035156,189.6999969482422,147817,0.0,-0.01989153212509165,0.4234168677470873,-0.03852262367597165,563838.9,178.55000870423314
2022-08-16,190.8999938964844,196.0,189.8000030517578,194.0,188358,0.0,0.022667385982779065,0.42345731381039975,-0.03852262367597165,569779.35,178.70373996090743
2022-08-17,194.8999938964844,198.0,193.6499938964844,196.4499969482422,167855,0.0,0.012628850248671109,0.41737418712668123,-0.03852262367597165,574581.15,178.8803196324232
2022-08-18,197.0,200.0,195.5500030517578,198.3999938964844,252242,0.0,0.009926174489867545,0.417377608188801,-0.03852262367597165,584517.65,179.074545246991
2022-08-19,198.9499969482422,200.0,195.0,197.5,228194,0.0,-0.0045362596984452885,0.4203375882099293,-0.03852262367597165,522787.05,179.2578831052299
2022-08-22,197.3000030517578,202.0,194.5500030517578,198.0500030517578,404057,0.0,0.0027848255785205556,0.3782588488064155,-0.03852262367597165,511825.6,179.44486937335455
2022-08-23,195.3000030517578,203.3999938964844,193.3999938964844,200.8999938964844,372691,0.0,0.014390259029593455,0.3715233901680445,-0.03227370649315455,513516.25,179.65835319945535
2022-08-24,200.8000030517578,203.0,198.8500061035156,199.75,122741,0.0,-0.005724210708920929,0.372438809737163,-0.03227370649315455,502976.1,179.85827008304287
2022-08-25,201.3000030517578,204.8500061035156,200.25,202.6000061035156,213715,0.0,0.014267865349264497,0.3732107358751531,-0.03227370649315455,493867.55,180.08455601359483
2022-08-26,203.6999969482422,207.5,199.1000061035156,200.1999969482422,316745,0.0,-0.01184604680637158,0.3765572643398879,-0.03227370649315455,492679.5,180.28470965473562
2022-08-29,194.0,204.0,194.0,197.3999938964844,383645,0.0,-0.013986029442756065,0.35833809046325577,-0.03227370649315455,504187.75,180.45501099047442
2022-08-30,198.5,210.0,198.5,204.9499969482422,1463990,0.0,0.03824723042148093,0.37070142401217476,-0.03227370649315455,566366.05,180.6987421940343
2022-09-01,204.9499969482422,211.0,204.9499969482422,209.8500061035156,602471,0.0,0.023908315336598207,0.3735889424593088,-0.03227370649315455,573708.75,180.98880452149186
2022-09-02,210.6000061035156,215.4499969482422,208.6999969482422,213.9499969482422,626479,0.0,0.019537720874328368,0.3308706291965989,-0.03227370649315455,393375.5,181.31677658543964
2022-09-05,224.0,242.8000030517578,218.0,231.25,10756251,0.0,0.08086002943922899,0.3651142292626112,-0.03227370649315455,908240.7,181.81362457961438
2022-09-06,234.1999969482422,235.3000030517578,216.0500030517578,217.8999938964844,1951522,0.0,-0.05772975612331066,0.423772663576492,-0.03852262367597165,989855.5,182.17269293102603
2022-09-07,218.3000030517578,225.0,216.1000061035156,217.9499969482422,1492673,0.0,0.00022947706818898794,0.4158991691540948,-0.03852262367597165,1047722.95,182.52868600582423
2022-09-08,220.0,221.8500061035156,214.6000061035156,216.6499938964844,578903,0.0,-0.005964684881672677,0.4175812118743772,-0.03227370649315455,1046326.55,182.86820150722383
2022-09-09,218.3999938964844,223.5,216.1499938964844,221.0500030517578,690219,0.0,0.02030929738855991,0.4186241001517662,-0.03227370649315455,1060206.6,183.24811993055252
2022-09-12,224.0,226.0500030517578,218.0,219.3500061035156,1862213,0.0,-0.007690553832945035,0.42111957181443327,-0.03227370649315455,1141139.05,183.6073426785422
2022-09-13,221.5,222.3500061035156,218.5,219.5,346849,0.0,0.0006838107695954498,0.41890208170427334,-0.020494356977779148,1151090.65,183.96448354741244
2022-09-14,217.0,222.8999938964844,216.6499938964844,221.1000061035156,325939,0.0,0.007289321656107406,0.4078961475710187,-0.020494356977779148,1157969.7,184.33399123453785
2022-09-15,222.0,226.9499969482422,219.75,220.3999938964844,1069379,0.0,-0.00316604336366888,0.40570802197589345,-0.020494356977779148,1203045.9,184.69285693266667
2022-09-16,221.0,229.6999969482422,219.5500030517578,222.8999938964844,1106214,0.0,0.011343013018295212,0.40548370597305505,-0.020494356977779148,1245744.5,185.07302744971958
2022-09-19,225.6000061035156,242.0,222.8000030517578,238.3999938964844,2289517,0.0,0.06953791128051012,0.46092016697095073,-0.018466504333625268,1348810.65,185.60364403127943
2022-09-20,243.75,244.4499969482422,228.0,228.9499969482422,1516996,0.0,-0.03963924995881285,0.48925037092312235,-0.020494356977779148,1404457.6,186.03495102547808
2022-09-21,240.3000030517578,248.8000030517578,228.6999969482422,231.3999938964844,6217709,0.0,0.010701013238257673,0.4890561764305688,-0.020494356977779148,1696708.5,186.48634448688114
2022-09-22,239.75,245.5,228.1000061035156,229.1999969482422,5629356,0.0,-0.00950733364853229,0.4920474932998826,-0.020494356977779148,1972039.25,186.91135595415838
2022-09-23,231.5,234.8000030517578,227.0,232.1000061035156,1324462,0.0,0.012652745174025037,0.49029424651977066,-0.020494356977779148,2027576.6,187.36099426410226
2022-09-26,231.0,236.1000061035156,221.3999938964844,232.75,3134512,0.0,0.0028004906479601743,0.4899445060404378,-0.020494356977779148,2168464.95,187.8126261619719
2022-09-27,236.1999969482422,238.0,228.6499938964844,230.0,799757,0.0,-0.011815252416756183,0.4899295331512939,-0.020494356977779148,2189270.55,188.23240102603188
2022-09-28,227.1000061035156,234.8000030517578,227.1000061035156,231.0500030517578,952492,0.0,0.0045652306598165104,0.48406021478934524,-0.020494356977779148,2163695.65,188.65844681733265
2022-09-29,234.8999938964844,241.0,230.1000061035156,232.1499938964844,1474520,0.0,0.00476083458211507,0.47139364366319547,-0.020494356977779148,2207298.1,189.091198529563
2022-09-30,232.0,236.9499969482422,231.9499969482422,234.8999938964844,782438,0.0,0.011845789671768081,0.4675738447744655,-0.020494356977779148,2215096.05,189.5470074386866
2022-10-03,235.0,262.45001220703125,234.8999938964844,255.5,7747389,0.0,0.08769692055672684,0.5458805150709444,-0.020494356977779148,2064652.95,190.20325612088874
2022-10-04,262.0,272.0,254.3500061035156,269.1499938964844,5054241,0.0,0.053424633645731356,0.5073076560091825,-0.020494356977779148,2219788.9,190.9887958002479
2022-10-06,265.54998779296875,267.6000061035156,256.5,259.0,2100701,0.0,-0.03771129157219333,0.47869385442320106,-0.032236192298509235,2250190.3,191.66552420024544
2022-10-07,260.3999938964844,261.6000061035156,249.4499969482422,253.5500030517578,1256785,0.0,-0.021042459259622337,0.4889881008534162,-0.032236192298509235,2284084.4,192.28129015896698
2022-10-10,250.3000030517578,266.95001220703125,248.5,260.54998779296875,2541490,0.0,0.027607906357555834,0.4910186142571132,-0.032236192298509235,2376647.95,192.9605806826884
2022-10-11,261.79998779296875,265.3500061035156,252.6999969482422,254.1999969482422,987079,0.0,-0.02437148778441789,0.50261788877752,-0.032236192298509235,2332891.25,193.56992810821632
2022-10-12,255.5,269.3999938964844,253.0500030517578,266.29998779296875,2314719,0.0,0.04760027926825772,0.5183088793823254,-0.032236192298509235,2431284.75,194.29361029413425
2022-10-13,267.3999938964844,267.6000061035156,256.5,257.5,856454,0.0,-0.03304539315191479,0.5385374263323047,-0.03327868807292872,2457810.5,194.92252959469013
2022-10-14,262.0,266.20001220703125,261.0,263.79998779296875,653568,0.0,0.024465972011529225,0.5414634602060783,-0.03327868807292872,2437019.95,195.60787743745908
2022-10-17,264.0,271.3500061035156,261.6000061035156,268.54998779296875,1600395,0.0,0.018006066034119028,0.5404426478959391,-0.03327868807292872,2461729.0,196.33366958029998
2022-10-18,272.25,277.8999938964844,264.0,264.79998779296875,1680175,0.0,-0.013963880731549194,0.5467204788901693,-0.03327868807292872,2431261.9,197.01492647793847
2022-10-19,266.70001220703125,274.95001220703125,263.29998779296875,269.04998779296875,1461408,0.0,0.016049849682481243,0.5013497555210032,-0.03327868807292872,2428482.5,197.73169325719252
2022-10-20,268.45001220703125,274.0,266.0,272.3999938964844,615284,0.0,0.01245124049622115,0.472953729861377,-0.03327868807292872,2148361.25,198.47466142275763
2022-10-21,275.5,290.0,274.3999938964844,286.79998779296875,2347567,0.0,0.05286341490138424,0.49711108937299914,-0.03327868807292872,1984271.8,199.3535203916155
2022-10-24,292.79998779296875,294.5,276.79998779296875,283.6000061035156,459457,0.0,-0.011157537746351198,0.4979896526487815,-0.03327868807292872,1941021.55,200.19179388128615
2022-10-25,284.0,295.45001220703125,280.54998779296875,289.75,1263375,0.0,0.021685450508204918,0.49942794800217344,-0.03327868807292872,1847464.7,201.0829203103281
2022-10-27,295.0,302.79998779296875,286.8999938964844,300.29998779296875,1748503,0.0,0.03641065674881361,0.5059347427359169,-0.03327868807292872,1894902.0,202.07015481264293
2022-10-28,300.5,305.5,286.3500061035156,289.75,1192642,0.0,-0.03513149591015652,0.5262012001694016,-0.03526048569325836,1906909.5,202.9425910831639
2022-10-31,300.0,301.3500061035156,279.0,279.79998779296875,1390607,0.0,-0.03433999036076363,0.5494729790615784,-0.03526048569325836,1902713.85,203.70734129918188
2022-11-01,281.20001220703125,282.75,271.1000061035156,277.6000061035156,772045,0.0,-0.007862694015129623,0.5526392593920347,-0.03526048569325836,1902194.2,204.4425916952449
2022-11-02,279.0,286.75,276.5,283.25,996786,0.0,0.020353003502375788,0.5539524992075572,-0.03526048569325836,1564664.05,205.22674501171014
2022-11-03,281.95001220703125,289.45001220703125,276.70001220703125,281.45001220703125,1079582,0.0,-0.006354767141990236,0.47721326425721805,-0.03526048569325836,1365931.1,205.98518548131534
2022-11-04,283.3999938964844,287.70001220703125,281.20001220703125,285.3999938964844,528405,0.0,0.014034398714282359,0.44534028090929023,-0.03526048569325836,1287316.3,206.77538257997375
2022-11-07,288.70001220703125,293.8500061035156,286.3999938964844,288.1000061035156,940881,0.0,0.009460449421069494,0.4200411897974314,-0.03526048569325836,1271521.1,207.58458281403884
2022-11-09,288.1000061035156,294.79998779296875,285.6000061035156,287.6499938964844,631257,0.0,-0.0015619999913140115,0.40987827515443687,-0.03526048569325836,1176009.45,208.3812535710781
2022-11-10,287.0,291.75,278.54998779296875,279.95001220703125,492676,0.0,-0.026768579359762068,0.4175434833543546,-0.03526048569325836,1151289.3,209.09338052267964
2022-11-11,283.70001220703125,284.5,270.45001220703125,272.20001220703125,481011,0.0,-0.027683513706256435,0.4205015931801434,-0.03526048569325836,1059603.9,209.72130720610605
2022-11-14,271.29998779296875,278.0,270.20001220703125,273.79998779296875,407640,0.0,0.005877940904428058,0.38915825854852465,-0.03526048569325836,1037163.2,210.35890601791561
2022-11-15,275.20001220703125,284.70001220703125,275.0,281.6499938964844,501826,0.0,0.028670586024464484,0.3784898075439266,-0.03526048569325836,1029576.1,211.06827007640885
2022-11-16,283.20001220703125,287.3999938964844,281.3500061035156,285.6000061035156,514147,0.0,0.014024542136091833,0.3732584571172858,-0.03526048569325836,975263.7,211.8098793901114
2022-11-17,284.79998779296875,289.6499938964844,275.54998779296875,276.6499938964844,542614,0.0,-0.031337577086000934,0.3888269384842356,-0.03526048569325836,918385.65,212.45505465883156
2022-11-18,278.0,293.0,277.20001220703125,289.75,752372,0.0,0.04735227324247582,0.41484658552136655,-0.03526048569325836,882933.85,213.22415859257453
2022-11-21,291.0,291.70001220703125,279.3500061035156,282.54998779296875,476405,0.0,-0.02484904989484471,0.424724495377276,-0.03526048569325836,875989.9,213.9139678383496
2022-11-22,283.79998779296875,288.5,278.3999938964844,281.6499938964844,403957,0.0,-0.003185255478205251,0.42364130169579556,-0.03526048569325836,778809.4,214.5879581473858
2022-11-23,283.1000061035156,285.25,275.1000061035156,276.29998779296875,325810,0.0,-0.018995228899177374,0.38626572419066224,-0.03526048569325836,772127.05,215.2020081936105
2022-11-24,281.0,282.0,277.0,278.1499938964844,456375,0.0,0.006695643088127312,0.3855879677396302,-0.03526048569325836,731777.05,215.82835631005702
2022-11-25,278.95001220703125,278.95001220703125,274.5,275.6000061035156,267392,0.0,-0.009167671576213454,0.37781032294383154,-0.03526048569325836,657721.5,216.42309909407155
2022-11-28,276.0,277.3999938964844,272.6499938964844,275.5,304483,0.0,-0.0003628668407142932,0.3510971330288369,-0.03526048569325836,613313.55,217.01092895383204
2022-11-29,276.8999938964844,282.29998779296875,276.04998779296875,280.29998779296875,475785,0.0,0.01742282320496824,0.3391197589835249,-0.03526048569325836,567572.45,217.64067083282845
2022-11-30,281.70001220703125,289.5,280.5,286.95001220703125,940036,0.0,0.023724668939244742,0.32742051951895823,-0.03526048569325836,575972.0,218.33031602063147
2022-12-01,290.3999938964844,294.95001220703125,287.0,293.5,894118,0.0,0.022826232843102368,0.3336754485154991,-0.03526048569325836,570838.6,219.07827307515257
2022-12-02,291.8999938964844,302.0,288.20001220703125,290.20001220703125,766656,0.0,-0.011243569993079183,0.3307496161352721,-0.03437956563823327,555192.3,219.78595207148967
2022-12-05,291.8500061035156,293.5,286.45001220703125,288.45001220703125,261279,0.0,-0.006030323660880965,0.3306561482930624,-0.03437956563823327,541836.0,220.4691765504503
2022-12-06,288.70001220703125,291.0,281.3500061035156,286.5,268370,0.0,-0.006760312444125116,0.3284651991608759,-0.03437956563823327,508210.45,221.12619966935128
2022-12-07,287.6499938964844,291.95001220703125,285.1000061035156,288.20001220703125,279813,0.0,0.005933724980911936,0.3274632443365011,-0.03437956563823327,490638.25,221.79360078912921
2022-12-08,289.5,301.6000061035156,288.25,299.8999938964844,1467946,0.0,0.040596742518693274,0.3559061557714712,-0.03437956563823327,539401.75,222.57077882999843
2022-12-09,302.79998779296875,307.6000061035156,286.25,291.54998779296875,1584890,0.0,-0.027842635123219717,0.3570263322948874,-0.03437956563823327,594595.7,223.2571391181872
2022-12-12,292.8999938964844,298.79998779296875,291.6499938964844,294.1000061035156,458918,0.0,0.008746418855478222,0.34056230590018677,-0.03437956563823327,597159.6,223.96204326729497
2022-12-13,295.45001220703125,297.5,291.79998779296875,294.5,279312,0.0,0.0013600608234722866,0.3405928624765778,-0.03437956563823327,586033.9,224.6639134835408
2022-12-14,294.95001220703125,308.5,293.8500061035156,304.25,1385461,0.0,0.03310696095076393,0.3450100662586906,-0.03437956563823327,629599.6,225.45581484191354
2022-12-15,306.79998779296875,309.3500061035156,296.1000061035156,297.79998779296875,554226,0.0,-0.021199711444638503,0.3534667548147124,-0.03437956563823327,630180.2,226.17565735883946
2022-12-16,298.29998779296875,302.29998779296875,290.29998779296875,294.20001220703125,394381,0.0,-0.012088568614852413,0.336308100728534,-0.03311012301235723,612280.65,226.85251661106028
2022-12-19,296.20001220703125,300.8999938964844,293.0,294.8500061035156,464668,0.0,0.0022093605353998846,0.29541026029331435,-0.03311012301235723,611693.8,227.5291085463086
2022-12-20,295.20001220703125,300.75,292.0,299.3999938964844,430120,0.0,0.015431533657053187,0.283732040465207,-0.03311012301235723,613001.95,228.24424173387254
2022-12-21,301.79998779296875,304.29998779296875,283.04998779296875,285.6499938964844,432252,0.0,-0.045925184636957495,0.3301403490786313,-0.03437956563823327,618324.05,228.81544324792839
2022-12-22,279.95001220703125,279.95001220703125,260.1499938964844,265.79998779296875,1207494,0.0,-0.06949065824489042,0.40605233490759735,-0.03526048569325836,655880.0,229.183448666287
2022-12-23,258.45001220703125,263.75,250.0,251.6000061035156,451828,0.0,-0.05342356035213025,0.4424857998296434,-0.03812198622543154,665101.8,229.4064989890455
2022-12-26,250.0,271.5,248.3500061035156,269.3999938964844,859985,0.0,0.07074716757218735,0.5126474785668655,-0.03812198622543154,692876.9,229.8044442120051
2022-12-27,270.75,275.3999938964844,266.79998779296875,272.6000061035156,287519,0.0,0.01187829353946035,0.5144645469612138,-0.03812198622543154,683463.6,230.2302706984878
2022-12-28,273.79998779296875,273.79998779296875,262.04998779296875,263.95001220703125,415590,0.0,-0.03173145158771451,0.5216175172342666,-0.03812198622543154,657241.3,230.56579051449322
2022-12-29,264.3999938964844,269.3500061035156,255.0,258.70001220703125,307786,0.0,-0.019890129786704125,0.5160063246489326,-0.03812198622543154,627924.7,230.8457330188966
2022-12-30,260.70001220703125,266.70001220703125,259.0,260.25,316251,0.0,0.005991448472481453,0.508040561700053,-0.03812198622543154,605404.45,231.13831278985285
2023-01-02,261.6000061035156,261.8999938964844,243.8500061035156,249.5500030517578,1176914,0.0,-0.04111430143416783,0.522825380715619,-0.04135484559430731,651186.2,231.32151368798128
2023-01-03,250.0,251.8000030517578,241.6000061035156,244.6999969482422,1219085,0.0,-0.019435007189760323,0.5246863548985272,-0.04135484559430731,698721.95,231.45463292440178
2023-01-04,243.1000061035156,248.6999969482422,243.0,246.6000061035156,643374,0.0,0.0077646472373078534,0.5272741511195359,-0.04135484559430731,716900.0,231.60533315503974
2023-01-05,249.1999969482422,250.0,242.5,244.6000061035156,387786,0.0,-0.0081102998803676,0.525312132981364,-0.04135484559430731,662892.0,231.7346333833828
2023-01-06,245.8500061035156,255.0,243.9499969482422,253.75,992892,0.0,0.037407987196092174,0.5217560786447103,-0.04135484559430731,633292.1,231.95369175767752
2023-01-09,254.8999938964844,260.5,254.1999969482422,259.70001220703125,1047934,0.0,0.023448323968596085,0.5266769135968381,-0.04135484559430731,662742.9,232.22977454821836
2023-01-10,259.5,263.79998779296875,254.1999969482422,259.79998779296875,491447,0.0,0.0003849656574439475,0.5247265054390859,-0.04135484559430731,673349.65,232.50410502826563
2023-01-11,261.3999938964844,265.8500061035156,258.04998779296875,264.6499938964844,478700,0.0,0.0186682306828303,0.5309108146250887,-0.04135484559430731,628011.6,232.82396461899418
2023-01-12,269.0,275.8999938964844,268.29998779296875,274.25,1779656,0.0,0.036274348478808616,0.5338461449035785,-0.04135484559430731,689283.1,233.23616397601913
2023-01-13,274.6499938964844,278.3500061035156,272.3999938964844,274.54998779296875,545729,0.0,0.0010938479233135734,0.5305774391287204,-0.04135484559430731,696850.5,233.6472468000684
2023-01-16,274.8999938964844,297.8999938964844,274.79998779296875,292.95001220703125,1116867,0.0,0.0670188498712938,0.5823623979934425,-0.04135484559430731,729460.45,234.23732406779936
2023-01-17,294.0,294.0,286.5,290.45001220703125,579030,0.0,-0.008533879146020329,0.5831392753795784,-0.04135484559430731,736905.95,234.7966542980405
2023-01-18,290.5,302.3500061035156,283.5,289.04998779296875,826436,0.0,-0.004820190584342465,0.5805687537677354,-0.04135484559430731,756615.15,235.33648846216914
2023-01-19,289.04998779296875,290.0,277.0,279.6499938964844,488940,0.0,-0.03252030546085716,0.5692568140734552,-0.04135484559430731,720687.45,235.77741886450065
2023-01-20,280.0,290.54998779296875,272.54998779296875,274.6499938964844,785350,0.0,-0.01787949261265065,0.5159049802334027,-0.04135484559430731,737363.55,236.16421065586368
2023-01-23,276.04998779296875,281.25,269.04998779296875,275.70001220703125,362320,0.0,0.003823114268637573,0.4748109406575795,-0.04135484559430731,712480.3,236.55760171607432
2023-01-24,278.20001220703125,281.8999938964844,269.29998779296875,275.75,679253,0.0,0.00018131226244277876,0.4097565852746664,-0.04135484559430731,732067.0,236.94757582835217
2023-01-25,276.5,278.5,270.04998779296875,272.8500061035156,241513,0.0,-0.010516750304567113,0.40990106367223816,-0.04135484559430731,723363.15,237.30481394054286
2023-01-27,274.95001220703125,278.54998779296875,272.1000061035156,273.6000061035156,406783,0.0,0.002748762995136156,0.3929420587349869,-0.04135484559430731,728313.0,237.6659601312192
2023-01-30,275.0,278.8999938964844,259.04998779296875,264.5,538983,0.0,-0.03326025548432432,0.4048749574434182,-0.04135484559430731,739449.6,237.93296550304788
2023-01-31,265.6499938964844,275.0,262.0,271.25,744438,0.0,0.02551984877126645,0.413252880684948,-0.04135484559430731,717825.8,238.2644782841121
2023-02-01,273.1000061035156,284.8999938964844,261.0,267.6499938964844,975101,0.0,-0.013271911902361766,0.38681371302805234,-0.04135484559430731,705626.6,238.55687147428495
2023-02-02,267.6499938964844,271.75,259.04998779296875,261.1000061035156,857986,0.0,-0.02447221349648898,0.3909676106534416,-0.04135484559430731,716357.2,238.78118127159075
2023-02-03,264.0,269.6000061035156,261.20001220703125,264.1499938964844,488595,0.0,0.011681301117088205,0.39175587291110053,-0.04135484559430731,721397.65,239.03360726785837
2023-02-06,264.1499938964844,269.0,261.6499938964844,263.8999938964844,1457623,0.0,-0.0009464319734111548,0.3898471176983152,-0.04135484559430731,744634.2,239.28103400048153
2023-02-07,265.0,302.0,265.0,278.70001220703125,5397792,0.0,0.056081919866781904,0.4146453374050699,-0.04135484559430731,962127.1,239.67326263935269
2023-02-08,280.70001220703125,291.25,278.75,284.75,1262908,0.0,0.021707884922784082,0.41370159000504186,-0.04135484559430731,1000700.15,240.12178738920989
2023-02-09,286.0,286.29998779296875,280.1000061035156,283.8500061035156,284973,0.0,-0.0031606458173287777,0.4143507288247941,-0.04135484559430731,991013.8,240.5568940430836
2023-02-10,283.75,289.3500061035156,278.1000061035156,280.8500061035156,1294820,0.0,-0.01056896225292292,0.41417103033246994,-0.04135484559430731,966772.0,240.9578205312471
2023-02-13,282.3999938964844,284.5,275.1499938964844,282.3999938964844,342182,0.0,0.0055189167145592855,0.3965058920561203,-0.04135484559430731,956594.65,241.37018046522957
2023-02-14,282.0,301.5,278.0,282.6000061035156,2986304,0.0,0.0007082585387894191,0.39651540840352345,-0.04135484559430731,1050066.5,241.78042748650606
2023-02-15,283.1000061035156,292.6499938964844,281.6000061035156,289.75,897898,0.0,0.02530075634133344,0.33076688767619,-0.04135484559430731,1066009.9,242.25773666574483
2023-02-16,291.20001220703125,294.5,287.5,291.79998779296875,365220,0.0,0.007075022581428003,0.3303009784390674,-0.04135484559430731,1042949.1,242.7506943884038
2023-02-17,292.20001220703125,297.3500061035156,283.3999938964844,284.3999938964844,728305,0.0,-0.025359815647883588,0.34187172375299996,-0.04135484559430731,1054917.35,243.16511527903148
2023-02-20,285.8500061035156,305.8999938964844,284.95001220703125,299.8500061035156,3261690,0.0,0.05432493860268761,0.37070289233268405,-0.04135484559430731,1178734.35,243.7291440434542
2023-02-21,301.20001220703125,310.54998779296875,298.1000061035156,306.20001220703125,2276659,0.0,0.021177275218475122,0.3668816098781158,-0.04135484559430731,1274451.3,244.35074472169876
2023-02-22,308.0,312.6499938964844,301.79998779296875,304.29998779296875,1910813,0.0,-0.006205174194368834,0.3690774336278024,-0.04135484559430731,1336029.3,244.94725460300492
2023-02-23,304.29998779296875,305.20001220703125,293.29998779296875,297.25,1026058,0.0,-0.02316788720269425,0.38154300865022683,-0.04135484559430731,1375256.55,245.46767993033822
2023-02-24,298.6000061035156,301.45001220703125,290.0,292.0,864790,0.0,-0.01766190075693863,0.3857137627913548,-0.04135484559430731,1398156.9,245.93068809023535
2023-02-27,292.0,311.8999938964844,290.8999938964844,300.6499938964844,3439061,0.0,0.02962326676878213,0.396136985313097,-0.04135484559430731,1543160.8,246.47515879477515
2023-02-28,302.8999938964844,330.0,302.20001220703125,317.54998779296875,11175329,0.0,0.05621152249982475,0.4088882444844647,-0.04135484559430731,2064705.35,247.18237102361292
2023-03-01,320.29998779296875,368.5,317.6499938964844,344.8999938964844,10371990,0.0,0.0861281913238392,0.48623055309920965,-0.04135484559430731,2534549.8,248.1546856790644
2023-03-02,342.6499938964844,342.6499938964844,319.04998779296875,321.70001220703125,4939782,0.0,-0.06726582226735611,0.5529084402104094,-0.04630010342271613,2738639.6,248.886479972875
2023-03-03,324.0,333.3999938964844,315.0,322.95001220703125,4370055,0.0,0.0038856075616047203,0.5396062071741262,-0.04630010342271613,2932712.6,249.6234305423691
2023-03-06,326.8500061035156,338.0,325.6000061035156,334.54998779296875,2897349,0.0,0.03591879593582803,0.5466373616244348,-0.04630010342271613,3004698.9,250.46847091302186
2023-03-08,333.0,344.79998779296875,331.0,336.6000061035156,2353310,0.0,0.006127689090861699,0.5450942052802169,-0.04630010342271613,2852474.8,251.32550111392231
2023-03-09,337.0,339.0,331.1000061035156,335.5,1224524,0.0,-0.003267991929796099,0.5232401838243247,-0.04630010342271613,2850555.6,252.16305831676885
2023-03-10,335.0,349.3500061035156,332.5,339.6499938964844,2560021,0.0,0.012369579423202381,0.5214656822381492,-0.04630010342271613,2964308.0,253.03357508870633
2023-03-13,340.79998779296875,342.79998779296875,330.3500061035156,332.70001220703125,1358040,0.0,-0.020462186999394727,0.5298998546725527,-0.04630010342271613,2967469.0,253.82627595555536
2023-03-14,332.0,334.0,311.54998779296875,315.45001220703125,1409352,0.0,-0.05184851027076531,0.5662839537528838,-0.05192726277483356,3020827.5,254.43944746054518
2023-03-15,320.04998779296875,324.5,306.0,309.1000061035156,1880256,0.0,-0.02012999162399176,0.5735670992119747,-0.05192726277483356,2965525.1,254.98333361619666
2023-03-16,310.5,311.95001220703125,295.20001220703125,299.5,1709998,0.0,-0.03105792919428363,0.5869122582751733,-0.05192726277483356,3006130.1,255.42628552051315
2023-03-17,303.70001220703125,310.8500061035156,297.3500061035156,300.8500061035156,5539920,0.0,0.004507532899885147,0.5815379668071007,-0.05192726277483356,3264865.1,255.878262839747
2023-03-20,300.8500061035156,311.75,295.0,297.3999938964844,2080507,0.0,-0.011467549067770921,0.5832147454076655,-0.04165101187599771,3332475.2,256.2914143925504
2023-03-21,299.6000061035156,306.70001220703125,291.3500061035156,295.0,976018,0.0,-0.0080699191181548,0.5761991915469435,-0.03365295778181649,3218191.6,256.6765744483459
2023-03-22,296.25,304.95001220703125,296.1000061035156,301.0,1240756,0.0,0.02033898305084736,0.5489675306692042,-0.03365295778181649,3166396.45,257.1176035583126
2023-03-23,301.70001220703125,317.20001220703125,301.0,314.6499938964844,2699737,0.0,0.04534881693184167,0.5664107674936805,-0.03365295778181649,3205842.65,257.69006515371734
2023-03-24,315.79998779296875,318.1499938964844,304.0,308.75,950653,0.0,-0.018750974132945353,0.5703259871239998,-0.03365295778181649,3202072.4,258.1981242069142
2023-03-27,310.70001220703125,312.70001220703125,303.8999938964844,310.1000061035156,484571,0.0,0.004372489404099289,0.5633754963880697,-0.03365295778181649,3183061.45,258.7145608427013
2023-03-28,312.0,313.25,304.70001220703125,308.75,354815,0.0,-0.004353453972732235,0.5592119881403346,-0.03365295778181649,3028849.15,259.2124259089431
2023-03-29,308.75,324.8999938964844,308.04998779296875,321.3500061035156,783270,0.0,0.04080973636766205,0.5671468278583266,-0.032557302962030514,2509246.2,259.8307102889886
2023-03-31,325.04998779296875,335.75,321.6499938964844,333.1499938964844,1166456,0.0,0.036720048448256826,0.5481424289482332,-0.032557302962030514,2048969.5,260.56025539951094
2023-04-03,337.5,341.0,320.1499938964844,325.75,1319354,0.0,-0.022212198805513617,0.462545068833931,-0.032557302962030514,1867948.1,261.2089095746402
2023-04-05,328.3999938964844,337.70001220703125,325.3500061035156,333.3500061035156,1169249,0.0,0.023330793871114697,0.4051444576426915,-0.032557302962030514,1707907.8,261.92673143064894
2023-04-06,333.3500061035156,334.5,326.3999938964844,327.0,1172378,0.0,-0.01904906550847263,0.4115425109286822,-0.032557302962030514,1621659.25,262.5742266402942
2023-04-10,328.29998779296875,334.0,323.5,332.1000061035156,377251,0.0,0.015596348940414728,0.3954692596872668,-0.032557302962030514,1522856.3,263.26602544092333
2023-04-11,334.0,342.3500061035156,331.70001220703125,338.20001220703125,924452,0.0,0.018367979498363107,0.4001259910849563,-0.032557302962030514,1507852.7,264.0116372495413
2023-04-12,339.5,348.5,337.25,344.0,940580,0.0,0.017149578898945306,0.4039184318572835,-0.032557302962030514,1426880.65,264.8075413565111
2023-04-13,345.75,345.75,338.3500061035156,341.3999938964844,733942,0.0,-0.007558157277661737,0.40305985097924024,-0.032557302962030514,1395675.75,265.5696553121327
2023-04-17,341.25,342.20001220703125,326.5,334.54998779296875,784022,0.0,-0.020064458775569283,0.402800851973409,-0.032557302962030514,1364409.25,266.2560267796037
2023-04-18,336.0,337.3999938964844,330.8999938964844,334.0,652884,0.0,-0.001643962974253954,0.35521311588996446,-0.032557302962030514,1303040.65,266.9300961648813
2023-04-19,334.95001220703125,339.04998779296875,331.1000061035156,337.8999938964844,492391,0.0,0.011676628432587988,0.3461330700896827,-0.032557302962030514,1242160.3,267.63626430151425
2023-04-20,339.0,345.5,335.79998779296875,342.20001220703125,985475,0.0,0.012725712897953434,0.32187910260923225,-0.032557302962030514,1014438.05,268.37819214137016
2023-04-21,341.79998779296875,352.20001220703125,340.1499938964844,343.25,1476796,0.0,0.003068345282037921,0.3220333453020629,-0.031168045508785665,984252.5,269.12318525439133
2023-04-24,343.95001220703125,344.75,333.1499938964844,339.3999938964844,607248,0.0,-0.011216332421021491,0.3218579436522296,-0.031168045508785665,965814.0,269.8224569821734
2023-04-25,340.20001220703125,344.8999938964844,335.04998779296875,341.20001220703125,415295,0.0,0.005303530768759668,0.31753284637738605,-0.031168045508785665,924540.95,270.5326814122715
2023-04-26,342.54998779296875,374.5499877929688,338.3500061035156,367.5499877929688,2978210,0.0,0.07722735827438676,0.39822487960105213,-0.031168045508785665,938464.6,271.49802774441775
2023-04-27,371.0,395.0,358.0,365.0,4171789,0.0,-0.006937798606063694,0.38028359383654137,-0.031168045508785665,1099521.4,272.4283956275579
2023-04-28,366.8500061035156,371.0,359.6499938964844,365.2999877929688,1335531,0.0,0.0008218843642981977,0.3692341390287719,-0.031168045508785665,1142069.4,273.3524910719899
2023-05-02,367.1499938964844,369.0,348.5,349.95001220703125,1279015,0.0,-0.04202019189400319,0.4083425888138232,-0.031606042329269605,1188279.4,274.11465546139334
2023-05-03,350.04998779296875,353.20001220703125,337.0,342.6000061035156,1131596,0.0,-0.021003017137108504,0.41767088033843186,-0.031606042329269605,1205695.7,274.79610173643937
2023-05-04,344.3500061035156,358.79998779296875,343.04998779296875,356.20001220703125,1120880,0.0,0.039696456103992084,0.4164941133650374,-0.031606042329269605,1203416.9,275.60609089535075
2023-05-05,356.0,360.3500061035156,348.3999938964844,357.45001220703125,646180,0.0,0.003509264337906437,0.4004427376027965,-0.031606042329269605,1169758.2,276.42045827158637
2023-05-08,359.25,393.0,358.04998779296875,388.0,2881115,0.0,0.08546646174199735,0.4788509593615427,-0.031606042329269605,1255351.5,277.530702467889
2023-05-09,388.0,401.9500122070313,383.2999877929688,386.7999877929688,1864488,0.0,-0.003092814966575208,0.47748283040328876,-0.031606042329269605,1289957.0,278.61795903828784
2023-05-10,386.2999877929688,398.1499938964844,381.6000061035156,392.9500122070313,1402590,0.0,0.015899753381983572,0.4682338022286767,-0.031606042329269605,1341223.95,279.7555914081261
2023-05-11,394.9500122070313,409.5499877929688,389.4500122070313,405.5499877929688,1060941,0.0,0.03206508511138306,0.4745066721783967,-0.031606042329269605,1348048.4,281.0072769442937
2023-05-12,402.0499877929688,422.8999938964844,395.5,400.6499938964844,2164864,0.0,-0.012082342606272833,0.47941806296379247,-0.031606042329269605,1409262.6,282.19775173983794
2023-05-15,400.0,400.8999938964844,393.0,395.1000061035156,379943,0.0,-0.013852459447191934,0.4843923679298187,-0.031606042329269605,1391562.65,283.32115725589443
2023-05-16,397.4500122070313,401.75,382.0,384.2999877929688,902658,0.0,-0.02733489785803045,0.49659669201515316,-0.031606042329269605,1397494.45,284.3259217388504
2023-05-17,400.0,407.9500122070313,382.2999877929688,398.3500061035156,4510618,0.0,0.03656002799072655,0.4977364807741579,-0.031606042329269605,1590381.15,285.46048974247896
2023-05-18,400.3500061035156,400.3500061035156,387.1499938964844,390.2000122070313,1525525,0.0,-0.02045937936892228,0.506895118098527,-0.031606042329269605,1642037.85,286.50267404560884
2023-05-19,391.1499938964844,392.0,375.8500061035156,377.4500122070313,738500,0.0,-0.032675549977264295,0.525674291988714,-0.033142782073101236,1629689.1,287.40762268403097
2023-05-22,379.25,403.0,378.8500061035156,401.0499877929688,1427371,0.0,0.06252477102317044,0.5610632464271458,-0.033142782073101236,1627217.85,288.53839248610996
2023-05-23,400.6499938964844,409.0,398.0,399.7999877929688,945014,0.0,-0.003116818446695202,0.5621792069546726,-0.033142782073101236,1644106.15,289.645473036427
2023-05-24,400.0,405.5,397.0499877929688,403.0499877929688,550541,0.0,0.008129064780469708,0.5578811955073303,-0.033142782073101236,1650868.45,290.7738761683329
2023-05-25,404.0,404.75,391.5,394.0499877929688,833994,0.0,-0.022329736441086157,0.5681757673591025,-0.033142782073101236,1543657.65,291.80149916957305
2023-05-26,394.9500122070313,403.0,394.9500122070313,400.0499877929688,578588,0.0,0.015226494571425775,0.5098743786844533,-0.033142782073101236,1363997.6,292.87859855886063
2023-05-29,403.7000122070313,403.7000122070313,386.0,389.8500061035156,617795,0.0,-0.02549676790574429,0.519100580032148,-0.033142782073101236,1328110.8,293.84348818617065
2023-05-30,391.3999938964844,403.5,382.7000122070313,385.0499877929688,843380,0.0,-0.012312474632287906,0.5219848953154836,-0.033142782073101236,1306329.05,294.75101554544227
2023-05-31,385.0,404.7000122070313,381.0,399.5,2017704,0.0,0.037527626711159945,0.5080610862597015,-0.033142782073101236,1350634.45,295.79329399772644
2023-06-01,394.0,395.8500061035156,388.1499938964844,391.4500122070313,493908,0.0,-0.020150157178895345,0.5074812326644539,-0.033142782073101236,1319285.85,296.74510213911253
2023-06-02,393.1499938964844,397.5,387.0,388.3999938964844,521913,0.0,-0.0077915907917607274,0.4952603420428029,-0.03113881023343266,1313072.5,297.65709111182275
2023-06-05,390.6000061035156,394.5499877929688,382.1499938964844,385.2000122070313,470970,0.0,-0.008238881925178188,0.49724893325230984,-0.03113881023343266,1192565.25,298.52816495356615
2023-06-06,386.5499877929688,402.8500061035156,386.0,399.8500061035156,1106796,0.0,0.03803217401927417,0.420598006365407,-0.03113881023343266,1154680.65,299.5363424774462
2023-06-07,405.0,409.0,400.1000061035156,406.8999938964844,1049097,0.0,0.017631581056281487,0.4236986138517362,-0.03113881023343266,1137006.0,300.6046375164417
2023-06-08,409.0,414.7999877929688,401.0,412.25,1247962,0.0,0.0131482088566377,0.4227287497387123,-0.03113881023343266,1146357.05,301.71553664563135
2023-06-09,414.3999938964844,420.0,413.1000061035156,417.7000122070313,858261,0.0,0.013220163024939557,0.41106881437398135,-0.03113881023343266,1081026.9,302.86961102932685
2023-06-12,417.7000122070313,419.6499938964844,397.0,401.2999877929688,784982,0.0,-0.03926268598224003,0.4327793173895084,-0.03300490677751308,1101278.85,303.84901776329343
2023-06-13,402.7999877929688,416.0,399.5499877929688,414.7000122070313,823417,0.0,0.033391539550645666,0.44393786267496077,-0.03113881023343266,1097316.8,304.95201273288285
2023-06-14,416.6000061035156,417.7000122070313,404.3999938964844,410.3500061035156,621749,0.0,-0.010489524898648961,0.43329638460686376,-0.03113881023343266,902873.35,306.00074898532694
2023-06-15,412.3999938964844,415.0,404.0499877929688,413.7999877929688,402951,0.0,0.008407412302031014,0.4168785205047674,-0.02760193046399214,846744.65,307.07337822719404
2023-06-16,410.0,425.0,410.0,423.1000061035156,1045977,0.0,0.022474670335659308,0.41407466444486907,-0.02760193046399214,862118.5,308.2278720369087
2023-06-19,425.1000061035156,430.5,405.0,407.9500122070313,1117816,0.0,-0.03580712285023635,0.41771311822988927,-0.0328321286209129,846640.75,309.22013213810396
2023-06-20,410.5499877929688,412.8999938964844,401.1499938964844,409.9500122070313,591914,0.0,0.00490256144173129,0.3597152905098617,-0.0328321286209129,828985.75,310.2224195019739
2023-06-21,413.2000122070313,413.6000061035156,398.6000061035156,406.9500122070313,936480,0.0,-0.007317965387655501,0.36065698357805154,-0.0328321286209129,848282.7,311.1848831109794
2023-06-22,407.7999877929688,409.4500122070313,390.0,391.8999938964844,1241006,0.0,-0.03698247415923506,0.3827430401963953,-0.03586589041568629,868633.3,311.98801854168096
2023-06-23,394.0,404.0,393.3500061035156,402.6000061035156,1017267,0.0,0.02730291496217152,0.38658440449447506,-0.03586589041568629,890567.25,312.8896303582166
2023-06-26,405.25,406.6000061035156,399.0499877929688,404.25,311699,0.0,0.004098345433358297,0.38344449057021956,-0.03586589041568629,875262.45,313.79868876261247
2023-06-27,403.3999938964844,405.2000122070313,398.0,399.7999877929688,618539,0.0,-0.011008069776205831,0.3741073455446635,-0.03586589041568629,864020.4,314.65442308132253
2023-06-28,399.0,405.5499877929688,399.0,402.25,466745,0.0,0.006128094751968627,0.3709909532766444,-0.03586589041568629,786472.45,315.5260208616079
2023-06-30,404.8500061035156,408.9500122070313,399.0,406.75,750036,0.0,0.011187072715972635,0.3501509690720872,-0.03586589041568629,799278.85,316.433722146567
2023-07-03,406.5,408.7999877929688,398.0499877929688,400.2000122070313,349195,0.0,-0.016103227518054597,0.3473271836190199,-0.03586589041568629,790642.95,317.26721757005424
2023-07-04,402.8500061035156,405.9500122070313,397.0,398.0499877929688,350153,0.0,-0.005372374683862424,0.34663126758793517,-0.03586589041568629,784602.1,318.0710262289887
2023-07-05,399.6499938964844,403.5,396.5,398.5,170973,0.0,0.0011305419440565956,0.3448644443655352,-0.03586589041568629,737810.95,318.8713145252177
2023-07-06,401.4500122070313,401.4500122070313,394.5499877929688,395.6000061035156,576705,0.0,-0.0072772745206634015,0.3197602049004261,-0.03586589041568629,714191.35,319.634784093161
2023-07-07,395.6000061035156,405.5,395.6000061035156,404.25,529745,0.0,0.021865504962153448,0.32307340032443455,-0.03586589041568629,678280.5,320.47672653999524
2023-07-10,404.6000061035156,408.2000122070313,398.1000061035156,401.1000061035156,256984,0.0,-0.007792192693838906,0.32037594477568065,-0.03586589041568629,648216.65,321.27894822719446
2023-07-11,403.2999877929688,406.2000122070313,385.1499938964844,389.8500061035156,1420838,0.0,-0.028047867935201642,0.3288995703208078,-0.03586589041568629,680009.45,321.96124731054095
2023-07-12,391.8500061035156,403.8999938964844,391.0499877929688,394.4500122070313,877399,0.0,0.011799425500827798,0.30479134900635796,-0.03586589041568629,682708.55,322.6825285532921
2023-07-13,397.8999938964844,405.25,396.0,402.25,876043,0.0,0.019774337816155896,0.28886626534844945,-0.03586589041568629,695423.25,323.4742446870902
2023-07-14,398.0,400.0,392.2000122070313,395.25,555709,0.0,-0.017402113113735185,0.29260784127765826,-0.03586589041568629,703061.15,324.18843130711923
2023-07-17,394.5,396.8500061035156,387.7000122070313,389.1499938964844,537261,0.0,-0.01543328552439116,0.2939642903733429,-0.03586589041568629,677625.35,324.8348150144761
2023-07-18,392.8999938964844,402.5,392.0,399.75,701282,0.0,0.027238870023817308,0.299527194925033,-0.03586589041568629,656798.65,325.5802397407002
2023-07-19,401.5499877929688,405.2999877929688,398.3500061035156,399.8999938964844,218925,0.0,0.0003752192532442411,0.27401454931162367,-0.03586589041568629,638149.2,326.31973978205133
2023-07-20,401.2000122070313,406.0,398.0499877929688,404.7999877929688,487673,0.0,0.012253048190225213,0.2771097418940346,-0.03586589041568629,615708.85,327.1006377722097
2023-07-21,404.75,414.8999938964844,403.3999938964844,406.1499938964844,555232,0.0,0.0033349954155779127,0.27624193231980937,-0.03586589041568629,581420.15,327.8871985296652
2023-07-24,408.6000061035156,412.1499938964844,398.6499938964844,400.0,352419,0.0,-0.01514217404630036,0.24829681843064766,-0.03586589041568629,548177.75,328.60473884280293
2023-07-25,401.6000061035156,407.6499938964844,401.6000061035156,404.0,527398,0.0,0.010000000000000009,0.2319799634461259,-0.03586589041568629,558962.7,329.35494044635715
2023-07-26,402.0,405.8999938964844,399.3500061035156,404.7999877929688,206004,0.0,0.0019801678043782633,0.2316549878476803,-0.0328321286209129,538335.95,330.1056374348807
2023-07-27,407.0,408.6499938964844,399.4500122070313,400.3500061035156,234203,0.0,-0.010993038101891117,0.23164585759302986,-0.0328321286209129,526708.85,330.8045863768572
2023-07-28,400.2999877929688,401.9500122070313,396.7999877929688,398.7000122070313,134312,0.0,-0.004121378472160431,0.23104266250656155,-0.0328321286209129,495922.65,331.4801627532769
2023-07-31,400.5,402.7000122070313,398.25,400.0,151000,0.0,0.0032605662231424137,0.22767500248324066,-0.0328321286209129,486012.9,332.16195217861747
2023-08-01,402.7000122070313,404.9500122070313,391.0,393.25,804623,0.0,-0.016874999999999973,0.22834765662282266,-0.0328321286209129,508736.4,332.76979345047204
2023-08-02,400.0,417.8999938964844,390.5,398.3999938964844,3147289,0.0,0.013095979393475732,0.23254583974157067,-0.0328321286209129,657552.2,333.4228302708304
2023-08-03,398.3999938964844,403.3999938964844,394.7000122070313,399.6499938964844,451349,0.0,0.0031375502488706353,0.23275695417259856,-0.0328321286209129,651284.4,334.0818070233245
2023-08-04,403.2000122070313,403.2000122070313,395.1000061035156,396.7000122070313,298313,0.0,-0.0073814130727026805,0.2327996054363492,-0.0328321286209129,639712.8,334.70487374157034
2023-08-07,399.5,400.2999877929688,392.3999938964844,394.7000122070313,603859,0.0,-0.005041592988296206,0.2195826765165942,-0.0328321286209129,657056.55,335.3018402934655
2023-08-08,397.0,400.25,395.5499877929688,397.1000061035156,240747,0.0,0.0060805518678968,0.21947163100648606,-0.0328321286209129,598052.0,335.9167474159535
2023-08-09,397.5,402.6499938964844,396.6499938964844,397.6499938964844,324284,0.0,0.0013850107895121422,0.19505467413303162,-0.0328321286209129,570396.25,336.5310085749638
2023-08-10,398.1499938964844,403.4500122070313,398.1499938964844,399.0,231630,0.0,0.0033949607047323305,0.1913373822711772,-0.0328321286209129,538175.6,337.152590579193
2023-08-11,399.9500122070313,403.0499877929688,397.7999877929688,399.9500122070313,338403,0.0,0.0023809829750158773,0.17844520731582145,-0.0328321286209129,527310.3,337.77744054563914
2023-08-14,400.8999938964844,402.4500122070313,388.2999877929688,389.0,401623,0.0,-0.02737845198855282,0.19328331082942915,-0.028435830680953376,520528.4,338.28711775414024
2023-08-16,390.8999938964844,395.0,390.1000061035156,392.9500122070313,206181,0.0,0.01015427302578753,0.1889636836284244,-0.028435830680953376,495773.35,338.8310271516815
2023-08-17,397.7999877929688,397.7999877929688,378.1000061035156,380.1000061035156,640462,0.0,-0.03270137601305245,0.19615895114472662,-0.03285666335491165,516850.2,339.2416637581674
2023-08-18,380.8999938964844,384.7000122070313,375.0,378.3500061035156,299800,0.0,-0.00460405149144727,0.19605401643513365,-0.03285666335491165,507456.55,339.63080149294706
2023-08-21,375.0,377.8999938964844,360.1499938964844,371.2000122070313,999771,0.0,-0.018897829473083494,0.1960935163081632,-0.03285666335491165,529683.5,339.9449229925897
2023-08-22,370.75,379.7000122070313,370.5499877929688,374.7999877929688,354728,0.0,0.009698209772497801,0.20030439999644256,-0.03285666335491165,529798.95,340.2917395577676
2023-08-23,375.0,379.0,372.0,374.5,374988,0.0,-0.0008003943509584666,0.1961368985937289,-0.03285666335491165,522178.45,340.6321202586853
2023-08-24,375.1499938964844,391.2999877929688,375.1499938964844,386.8999938964844,1632116,0.0,0.033110798121453566,0.22909407786681826,-0.03285666335491165,593484.05,341.0924971108027
2023-08-25,387.8999938964844,392.7999877929688,385.2999877929688,388.2999877929688,2025260,0.0,0.0036184903555698256,0.22951882468523874,-0.03285666335491165,683036.9,341.5622233862471
2023-08-28,391.5,394.7000122070313,384.0499877929688,386.6499938964844,309268,0.0,-0.0042492761997308115,0.22732336555097413,-0.03285666335491165,691784.7,342.0108579186873
2023-08-29,386.0,393.5,385.0,389.8500061035156,316000,0.0,0.0082762505044498,0.22960771894818213,-0.03285666335491165,700034.7,342.48686934341197
2023-08-30,389.8500061035156,392.75,385.3999938964844,387.0499877929688,340120,0.0,-0.007182296438911218,0.2300336015198487,-0.03285666335491165,676809.55,342.9302834573379
2023-08-31,387.0499877929688,394.7000122070313,382.0,391.4500122070313,801172,0.0,0.011368103740688085,0.2269808219273856,-0.03285666335491165,559503.7,343.41306682798165
2023-09-01,395.0,398.1000061035156,386.0499877929688,389.3500061035156,403407,0.0,-0.005364685242122413,0.22239899758629836,-0.03285666335491165,557106.6,343.8701508008725
2023-09-04,391.9500122070313,392.8999938964844,386.7000122070313,388.6000061035156,308763,0.0,-0.001926287371883606,0.22190326560099108,-0.03285666335491165,557629.1,344.3152239879635
2023-09-05,388.5499877929688,397.0,387.2000122070313,389.2999877929688,644306,0.0,0.0018012909893436735,0.22097962834145723,-0.03285666335491165,559651.45,344.7628335780631
2023-09-06,391.8999938964844,393.0,388.0,390.75,245787,0.0,0.0037246654315394867,0.22094788492054537,-0.02828054333909418,559903.45,345.220417323555
2023-09-07,392.8999938964844,414.0,388.7999877929688,406.25,1078425,0.0,0.03966730646193217,0.26043850171555344,-0.02828054333909418,597610.5,345.82767685267385
2023-09-08,410.6000061035156,415.2000122070313,400.2999877929688,403.2000122070313,734028,0.0,-0.0075076622596153,0.2621805689117086,-0.02828054333909418,622730.4,346.39854586117497
2023-09-11,406.7999877929688,421.0,403.0,413.0499877929688,1516727,0.0,0.024429502201700926,0.2746435194615832,-0.02828054333909418,681646.6,347.06174428835703
2023-09-12,415.0,416.8999938964844,395.3999938964844,401.2000122070313,697777,0.0,-0.02868896244073249,0.29419631361821175,-0.02888958311934849,696454.3,347.6004335213787
2023-09-13,402.0,405.0,388.0,393.0,590034,0.0,-0.02043871375258044,0.2868569014976184,-0.028079922660478186,715646.95,348.0521705012655
2023-09-14,394.8500061035156,407.8999938964844,394.0,398.7000122070313,317659,0.0,0.01450384785504144,0.28906143473234824,-0.028079922660478186,699506.8,348.5561291252035
2023-09-15,413.0,444.3500061035156,403.0,433.3500061035156,2797217,0.0,0.08690743124053824,0.3925620721986187,-0.028079922660478186,824377.65,349.3998492941419
2023-09-18,442.0,449.3500061035156,430.3500061035156,432.7000122070313,2723990,0.0,-0.0014999282042909012,0.391597347274664,-0.02741192278588526,910588.6,350.22870663655874
2023-09-20,432.7000122070313,453.9500122070313,425.7000122070313,435.0,2060629,0.0,0.005315432697210687,0.3804853404634708,-0.02741192278588526,995883.65,351.0722020929114
2023-09-21,436.0,437.6499938964844,418.0,419.1000061035156,697429,0.0,-0.036551710106860646,0.4102180505006488,-0.028079922660478186,1012005.7,351.74909566515623
2023-09-22,422.0,422.2000122070313,406.1499938964844,411.0499877929688,828353,0.0,-0.01920786970487065,0.4187290090435684,-0.028079922660478186,971817.55,352.3391542932937
2023-09-25,414.5,414.8999938964844,407.2000122070313,408.6499938964844,285990,0.0,-0.005838691078354219,0.40708533417628995,-0.028079922660478186,884854.05,352.899461155017
2023-09-26,410.0499877929688,423.3999938964844,409.3500061035156,421.0499877929688,615080,0.0,0.03034380051801855,0.4180490944692359,-0.028079922660478186,900144.65,353.57757584793194
2023-09-27,422.0499877929688,447.6000061035156,420.2999877929688,445.2999877929688,1944920,0.0,0.05759411163294881,0.4555393843919334,-0.028079922660478186,981590.65,354.49023666330544
2023-09-28,452.0,456.6000061035156,437.0499877929688,439.3999938964844,903641,0.0,-0.013249481379342565,0.46092787259790546,-0.028079922660478186,1009766.7,355.33510986960573
2023-09-29,440.8999938964844,445.0,435.0,438.3999938964844,459103,0.0,-0.0022758307098100783,0.45945678619612706,-0.028079922660478186,992663.25,356.1616261285797
2023-10-03,440.2999877929688,443.2999877929688,427.8999938964844,429.3999938964844,482158,0.0,-0.0205291973661047,0.4682593598764972,-0.028079922660478186,996600.8,356.8903661063698
2023-10-04,429.8500061035156,435.8500061035156,422.0,424.8500061035156,810220,0.0,-0.010596152439782291,0.4700402657483705,-0.028079922660478186,1021673.65,357.5665814297245
2023-10-05,424.1000061035156,426.75,419.2999877929688,421.25,296966,0.0,-0.008473593154753267,0.4717246531006854,-0.028079922660478186,1004306.65,358.2002472861452
2023-10-06,422.8500061035156,422.8500061035156,412.75,414.7000122070313,316226,0.0,-0.015548932446216468,0.47666643365068295,-0.027443977511161805,1007828.6,358.7624340017759
2023-10-09,412.5499877929688,412.6000061035156,400.3500061035156,401.9500122070313,288850,0.0,-0.030745116047006027,0.4911364001034548,-0.028791770121046167,968349.85,359.19216114809683
2023-10-10,393.0,398.0,378.5499877929688,384.7999877929688,2401774,0.0,-0.04266705782615843,0.49393871095864317,-0.03084292904530835,1051737.15,359.44696539331943
2023-10-11,389.0,391.0,383.0,384.8999938964844,928533,0.0,0.0002598911296467499,0.4936058993412594,-0.03084292904530835,1022327.45,359.70022935852506
2023-10-12,385.0,388.0,380.1000061035156,381.3999938964844,487238,0.0,-0.009093271123670865,0.48477624127422503,-0.03084292904530835,1011800.5,359.9161474136291
2023-10-13,381.2999877929688,384.1499938964844,374.0,375.2000122070313,455509,0.0,-0.0162558515696668,0.47846198266025153,-0.03084292904530835,1005074.25,360.0682256702799
2023-10-16,374.0,376.8999938964844,366.0,367.5,848334,0.0,-0.020522419926741642,0.4785010298898144,-0.03084292904530835,1031608.0,360.1421736735607
2023-10-17,371.0499877929688,375.0,369.1499938964844,372.5499877929688,453759,0.0,0.013741463382228147,0.4781614578002852,-0.03084292904530835,914435.1,360.2656345105698
2023-10-18,375.0499877929688,379.8999938964844,369.0499877929688,370.5499877929688,521287,0.0,-0.005368407101146944,0.3495779921911733,-0.03084292904530835,804299.95,360.36796638402654
2023-10-19,370.0,373.5499877929688,365.2999877929688,366.9500122070313,318432,0.0,-0.009715222519313227,0.3490485827038409,-0.03084292904530835,717190.1,360.4334593772903
2023-10-20,367.0,373.9500122070313,363.8999938964844,365.75,328656,0.0,-0.003270233457178029,0.34630526131673234,-0.03084292904530835,698751.45,360.48636027900886
2023-10-23,366.0,369.8500061035156,318.20001220703125,346.1499938964844,428288,0.0,-0.05358853343408232,0.3683327833816361,-0.03289389271774286,678748.2,360.34370986724247
2023-10-25,346.8999938964844,360.0,326.1000061035156,329.1000061035156,1038303,0.0,-0.0492560684489497,0.39290878319741934,-0.03685747749282554,716363.85,360.03282724272776
2023-10-26,327.0,333.75,312.0,316.0,1454179,0.0,-0.039805548041816574,0.4055296683418879,-0.039948623531033664,758318.8,359.59468965822305
2023-10-27,318.20001220703125,340.5,318.20001220703125,337.45001220703125,808456,0.0,0.06787978546528883,0.47040498432101063,-0.039948623531033664,701495.6,359.3743446089575
2023-10-30,339.70001220703125,343.8500061035156,331.0,338.70001220703125,792498,0.0,0.003704252347850323,0.40526500117617936,-0.039948623531033664,695938.45,359.16862985868954
2023-10-31,338.95001220703125,364.3999938964844,338.70001220703125,359.20001220703125,2477941,0.0,0.06052553664352778,0.47792671738812476,-0.039948623531033664,796880.35,359.1689421208621
2023-11-01,361.8999938964844,365.0,352.1499938964844,358.8500061035156,579847,0.0,-0.0009744044866955015,0.47818287131089093,-0.039948623531033664,801764.8,359.1657686281522
2023-11-02,364.8999938964844,395.6499938964844,358.0,391.7000122070313,3198708,0.0,0.09154244264953304,0.5890614363707084,-0.039948623531033664,921189.2,359.4894924448575
2023-11-03,391.75,402.4500122070313,381.7999877929688,392.5,1656812,0.0,0.002042348144083883,0.5888308741727301,-0.039948623531033664,989181.5,359.81795520660023
2023-11-06,391.5499877929688,393.75,375.1499938964844,377.3500061035156,587148,0.0,-0.03859871056429143,0.6013931947280815,-0.039948623531033664,1002727.6,359.99240347423125
2023-11-07,378.9500122070313,393.8999938964844,372.3500061035156,391.7000122070313,953314,0.0,0.03802837119758551,0.617479120887995,-0.039948623531033664,1035950.8,360.30790206858745
2023-11-08,392.5499877929688,394.6499938964844,384.0,386.6499938964844,329326,0.0,-0.012892566130117356,0.6100622768817122,-0.039948623531033664,932328.4,360.5700124350342
2023-11-09,387.5499877929688,407.0,387.5499877929688,404.25,1682098,0.0,0.04551921991812469,0.6109409969843708,-0.039948623531033664,970006.65,361.00463917697414
2023-11-10,403.8999938964844,412.5,401.1499938964844,403.25,689133,0.0,-0.0024737167594310883,0.6111712443323776,-0.039948623531033664,980101.4,361.4249910259595
2023-11-13,405.8999938964844,406.5,401.5499877929688,403.4500122070313,205921,0.0,0.0004960005134069245,0.6096986800694741,-0.039948623531033664,967622.0,361.8431504406966
2023-11-15,405.9500122070313,408.75,402.4500122070313,403.1000061035156,213220,0.0,-0.000867532762239942,0.605775278372725,-0.039948623531033664,935866.3,362.2536664174411
2023-11-16,405.75,411.8999938964844,403.1499938964844,404.4500122070313,360381,0.0,0.00334905999274282,0.5991566109210424,-0.039948623531033664,931197.4,362.67353055465094
2023-11-17,405.0499877929688,410.3999938964844,402.7999877929688,408.7000122070313,449855,0.0,0.010508097099090952,0.5986829769135881,-0.039948623531033664,927625.8,363.1315054964657
2023-11-20,408.75,426.4500122070313,404.7999877929688,424.0,893599,0.0,0.03743574097379354,0.6075623186976178,-0.039948623531033664,956384.15,363.73716215819246
2023-11-21,424.0,425.0,415.7999877929688,420.3999938964844,756683,0.0,-0.008490580432819916,0.6071493360008432,-0.039948623531033664,977785.5,364.3009714292202
2023-11-22,420.9500122070313,420.9500122070313,406.5,414.0,595405,0.0,-0.015223582277359093,0.6111409369112444,-0.039948623531033664,986141.35,364.7954891264419
2023-11-23,415.25,419.5,409.7000122070313,418.1499938964844,363761,0.0,0.010024139846580571,0.5705678795450647,-0.039948623531033664,952414.25,365.3263797211687
2023-11-24,419.1499938964844,423.0,413.1000061035156,414.8500061035156,189002,0.0,-0.007891875741090404,0.5335598505431095,-0.039948623531033664,889155.4,365.8191521229831
2023-11-28,414.0,419.5,410.25,411.5499877929688,183107,0.0,-0.00795472643604922,0.5055596784303162,-0.039948623531033664,857887.95,366.2741853137292
2023-11-29,411.9500122070313,414.8999938964844,406.5499877929688,407.7000122070313,139048,0.0,-0.009354818855866975,0.4696899765853757,-0.039948623531033664,825215.45,366.68638259624964
2023-11-30,409.7000122070313,440.7999877929688,404.6000061035156,430.8500061035156,970224,0.0,0.05678193083969951,0.49671935139922885,-0.039948623531033664,749829.6,367.3248266112474
2023-12-01,437.5,438.5,421.6499938964844,430.1499938964844,665159,0.0,-0.0016247236790407626,0.4658829296483117,-0.039948623531033664,754095.2,367.94995265388656
2023-12-04,436.0499877929688,439.1000061035156,425.5499877929688,432.5499877929688,2427189,0.0,0.005579434919303905,0.464663327766359,-0.039948623531033664,715519.25,368.5927390731809
2023-12-05,433.0,440.0,428.0499877929688,434.7999877929688,740229,0.0,0.005201710931678205,0.3556576489625101,-0.039948623531033664,669690.1,369.25151766740765
2023-12-06,434.7999877929688,436.8999938964844,421.1000061035156,422.9500122070313,358484,0.0,-0.027253854458661797,0.37301015886007177,-0.039948623531033664,658256.9,369.7858310459114
2023-12-07,422.9500122070313,426.5,413.4500122070313,416.2999877929688,250213,0.0,-0.015722955957280682,0.3477944706838546,-0.039948623531033664,623101.85,370.24865847623033
2023-12-08,417.0,420.8999938964844,411.5499877929688,417.1000061035156,230742,0.0,0.0019217351285263362,0.32630354070408135,-0.039948623531033664,618172.65,370.71484103968595
2023-12-11,417.1499938964844,419.3999938964844,410.0,411.25,209245,0.0,-0.0140254279978691,0.3270300165179769,-0.039948623531033664,544530.0,371.11817595471393
2023-12-12,413.9500122070313,413.9500122070313,395.5499877929688,403.0,878558,0.0,-0.020060790273556228,0.2975237259617271,-0.039948623531033664,554001.25,371.43540803476657
2023-12-13,405.0,412.0,399.1000061035156,405.25,391861,0.0,0.005583126550868567,0.29798265047602757,-0.039948623531033664,563298.25,371.7718716364107
2023-12-14,410.2999877929688,422.5,408.0499877929688,415.2000122070313,668996,0.0,0.024552775341224686,0.3095097860006416,-0.039948623531033664,586087.05,372.2039924381084
2023-12-15,419.9500122070313,419.9500122070313,412.6000061035156,414.2000122070313,349807,0.0,-0.0024084777711936844,0.30970716048646235,-0.039948623531033664,585558.35,372.6218632815803
2023-12-18,415.4500122070313,416.2000122070313,405.5499877929688,406.25,339875,0.0,-0.019193655173186275,0.3177273624505666,-0.039948623531033664,580059.35,372.95647160713673
2023-12-19,407.9500122070313,408.2999877929688,402.3500061035156,404.3500061035156,235757,0.0,-0.004676908052884565,0.31598955322068195,-0.039948623531033664,547167.25,373.26884508471267
2023-12-20,407.8999938964844,411.7999877929688,398.1499938964844,404.2000122070313,724352,0.0,-0.0003709506472615587,0.2846521794700344,-0.039948623531033664,545550.7,373.5766178918999
2023-12-21,399.0,410.8500061035156,391.2000122070313,403.7999877929688,713570,0.0,-0.0009896694754616409,0.28372281839527547,-0.039948623531033664,551458.95,373.87734794066677
2023-12-22,406.2999877929688,408.0,400.5,401.8999938964844,216412,0.0,-0.004705284680341704,0.2797488933064826,-0.039948623531033664,544091.5,374.1561802387346
2023-12-26,404.8999938964844,409.75,401.4500122070313,408.3500061035156,307464,0.0,0.016048798967368327,0.28356500149799696,-0.039948623531033664,550014.6,374.496417312016
2023-12-27,407.2000122070313,417.0,405.2999877929688,414.5,435529,0.0,0.015060594599147326,0.2876328081617126,-0.039948623531033664,562635.7,374.8944629109014
2023-12-28,414.6000061035156,425.0,409.4500122070313,422.3999938964844,529649,0.0,0.019059092633255448,0.2932524799020896,-0.039948623531033664,582165.75,375.36715476150425
2023-12-29,422.3999938964844,428.0,416.0,424.1499938964844,478348,0.0,0.004142992484106989,0.2907319804235543,-0.039948623531033664,557571.95,375.85255614593194
2024-01-01,424.1499938964844,426.75,417.5499877929688,420.1499938964844,148288,0.0,-0.009430626093504646,0.21400710959026897,-0.039948623531033664,531728.4,376.2933266708131
2024-01-02,419.7000122070313,423.2999877929688,412.75,421.1000061035156,171802,0.0,0.0022611263140117632,0.21431250942429952,-0.039948623531033664,418959.05,376.7391642771086
2024-01-03,421.8999938964844,427.7999877929688,418.5499877929688,420.6000061035156,272045,0.0,-0.0011873664040676912,0.21300270095871188,-0.039948623531033664,395549.85,377.17559056393856
2024-01-04,420.6000061035156,425.1000061035156,418.1000061035156,421.3999938964844,221318,0.0,0.0019020156475506589,0.21204846952489514,-0.039948623531033664,388691.55,377.61563437819274
2024-01-05,424.7000122070313,436.8500061035156,411.1000061035156,412.8500061035156,615565,0.0,-0.02028948247936857,0.20250915693835866,-0.039948623531033664,406959.15,377.96622514162885
2024-01-08,412.9500122070313,414.6000061035156,404.3500061035156,407.3999938964844,420296,0.0,-0.013200949803703677,0.20038763012467933,-0.03865905243816768,416436.85,378.2590984625727
2024-01-09,410.0,411.1000061035156,400.0,401.5499877929688,473243,0.0,-0.014359367184973437,0.2053210836246371,-0.03865905243816768,429636.75,378.4908486051637
2024-01-10,402.7000122070313,404.7000122070313,391.2000122070313,392.6499938964844,460845,0.0,-0.022164099531919557,0.21324571265156725,-0.03865905243816768,408751.1,378.63173562298783
2024-01-11,395.2999877929688,402.8999938964844,395.0499877929688,398.0,265957,0.0,0.013625381858342944,0.20942132676685865,-0.03865905243816768,402455.9,378.82445467151535
2024-01-12,398.0,405.8999938964844,396.0,403.3999938964844,263706,0.0,0.013567823860513473,0.21412304364507131,-0.03865905243816768,382191.4,379.068987400122
2024-01-15,403.3999938964844,419.6499938964844,403.3999938964844,417.3999938964844,728571,0.0,0.034705007961880474,0.2310856125896303,-0.03865905243816768,401129.6,379.45039044983713
2024-01-16,418.1000061035156,418.7000122070313,408.0,410.1499938964844,271604,0.0,-0.017369430057533775,0.2390132580124312,-0.03865905243816768,397716.05,379.75585914084854
2024-01-17,407.5,408.5,402.8500061035156,405.2999877929688,150207,0.0,-0.011824957151504,0.2329843557082283,-0.03865905243816768,393438.55,380.010029575198
2024-01-18,404.3999938964844,404.3999938964844,393.0,397.6499938964844,350861,0.0,-0.01887489298517353,0.24160030392222956,-0.03865905243816768,374764.0,380.18555160824565
2024-01-19,400.1499938964844,402.0,392.0,392.7000122070313,296281,0.0,-0.012448086924255364,0.2450005726040253,-0.027821097263943276,353899.55,380.3100736042535
2024-01-23,406.0,410.75,393.0,396.2999877929688,315686,0.0,0.009167240830233458,0.24765412453755203,-0.022418587278256668,358863.25,380.4691772280218
2024-01-24,397.5,397.8999938964844,385.2999877929688,394.75,829898,0.0,-0.003911147718173913,0.24751064019368577,-0.02038321333199612,384984.95,380.6112749670465
2024-01-25,396.75,396.75,384.0,385.7999877929688,376730,0.0,-0.0226726085041955,0.25074376236292545,-0.022189524980533355,382045.0,380.662903950389
2024-01-29,385.0,389.0,371.0499877929688,373.9500122070313,516233,0.0,-0.030715334268741734,0.26012478341374934,-0.022901670801918815,381374.2,380.59610900766904
2024-01-30,377.2000122070313,378.8500061035156,368.1499938964844,369.1499938964844,582914,0.0,-0.012835989179990959,0.24642546664720572,-0.022901670801918815,386602.5,380.4822173150205
2024-01-31,370.25,380.8500061035156,366.0499877929688,376.5499877929688,569988,0.0,0.02004603553795392,0.26064938297421675,-0.022901670801918815,407687.5,380.4430906531095
2024-02-01,377.75,378.4500122070313,369.2999877929688,373.2000122070313,477812,0.0,-0.008896496333919313,0.26055507014268087,-0.022901670801918815,422988.0,380.37102022081024
2024-02-02,373.2000122070313,383.3999938964844,364.8500061035156,367.2000122070313,661033,0.0,-0.016077169892136922,0.26141612103010925,-0.022901670801918815,442437.4,380.23996541470297
2024-02-05,367.3500061035156,370.3500061035156,350.3500061035156,354.0,849558,0.0,-0.035947744466819365,0.27981454081724605,-0.022901670801918815,473849.4,379.9788712314721
2024-02-06,375.0,424.7999877929688,369.1000061035156,424.7999877929688,14214394,0.0,0.19999996551686094,0.7738073393485282,-0.022901670801918815,1153790.85,380.4248524907905
2024-02-07,429.0,498.0,414.1000061035156,469.6000061035156,11226518,0.0,0.10546143973144506,0.848402239658352,-0.022901670801918815,1694101.95,381.31216745211117
2024-02-08,477.2000122070313,482.2999877929688,458.1000061035156,469.0499877929688,3772709,0.0,-0.0011712485166057718,0.84574203411699,-0.022901670801918815,1859075.25,382.18518058983113
2024-02-09,465.0499877929688,473.0499877929688,446.2000122070313,466.3999938964844,2122628,0.0,-0.005649704648652665,0.8433798941122279,-0.022901670801918815,1942164.4,383.0231389311909
2024-02-12,467.7999877929688,472.1000061035156,423.3999938964844,428.3500061035156,958540,0.0,-0.08158230765632002,0.8940879247488297,-0.027426928449165795,1976793.55,383.47415253489567
2024-02-13,428.5499877929688,451.9500122070313,420.0499877929688,445.5499877929688,788868,0.0,0.040154036288951644,0.9017957446899131,-0.027426928449165795,2003051.65,384.09182253746354
2024-02-14,427.0,449.0,427.0,437.25,338150,0.0,-0.018628634317964576,0.905646931140571,-0.027426928449165795,1983530.6,384.62075962664306
2024-02-15,445.0,463.4500122070313,430.0,459.1000061035156,888403,0.0,0.04997142619443262,0.9134070572221678,-0.027426928449165795,2014370.55,385.3618466562637
2024-02-16,461.9500122070313,471.4500122070313,447.0499877929688,460.8500061035156,482496,2.3,0.003811805656141587,0.9095149335511884,-0.027426928449165795,2030985.0,386.11297262091296
2024-02-19,466.0,467.75,450.3500061035156,458.0499877929688,303813,0.0,-0.006075769281682297,0.9082313085328683,-0.027426928449165795,2028632.6,386.8287638166548
2024-02-20,463.5,467.8500061035156,445.1000061035156,451.25,292056,0.0,-0.01484551462545236,0.9068748426045691,-0.027426928449165795,2028421.35,387.4697711418622
2024-02-21,452.0,459.7999877929688,440.5,453.8999938964844,504060,0.0,0.005872562651488833,0.9040175313027833,-0.027426928449165795,2037840.05,388.13076838320177
2024-02-22,460.0,464.3500061035156,445.1000061035156,455.6499938964844,485008,0.0,0.0038554748260233307,0.9041447218028927,-0.027426928449165795,2020595.55,388.8026014728862
2024-02-23,468.0,472.0,452.25,457.2999877929688,435468,0.0,0.0036211871361493397,0.9032596783769414,-0.027426928449165795,2023532.45,389.48416750592185
2024-02-26,457.6000061035156,459.6000061035156,442.3500061035156,456.1000061035156,396270,0.0,-0.0026240579958126675,0.8972020968420974,-0.027426928449165795,2017534.3,390.14701167107205
2024-02-27,458.0,461.4500122070313,436.4500122070313,459.2000122070313,914387,0.0,0.006796768388580343,0.8853930132363406,-0.027426928449165795,2034107.95,390.8341062037682
2024-02-28,465.2999877929688,498.7000122070313,447.9500122070313,466.1000061035156,10260156,0.0,0.01502611871310977,0.8811119147386114,-0.027426928449165795,2518616.35,391.5830206306314
2024-02-29,469.25,503.0,458.0499877929688,498.2000122070313,10002556,0.0,0.06886935353608781,0.9023363187701052,-0.027426928449165795,2994853.55,392.64388621845626
2024-03-01,498.2000122070313,504.8999938964844,486.6000061035156,491.4500122070313,1965936,0.0,-0.013548775260155965,0.904021595708902,-0.027426928449165795,3060098.7,393.6270317506809
2024-03-04,518.0,518.0,490.2999877929688,492.3999938964844,1877080,0.0,0.0019330179384609014,0.8984483916044902,-0.023074744792422813,3111474.8,394.6098472944202
2024-03-05,496.3999938964844,515.9500122070312,478.0,480.5499877929688,2488644,0.0,-0.024065812856217783,0.890787186670014,-0.02439828892684398,2525187.3,395.46497307052516
2024-03-06,487.0,491.0,463.2999877929688,475.6000061035156,1367047,0.0,-0.010300659276232804,0.5910959421141601,-0.02439828892684398,2032213.75,396.26233658329124
2024-03-07,479.8999938964844,489.0,475.6000061035156,484.6499938964844,912598,0.0,0.019028569547576923,0.47169445778734037,-0.02439828892684398,1889208.2,397.141815760537
2024-03-11,497.9500122070313,501.3999938964844,473.75,480.6499938964844,1566284,0.0,-0.008253378830856528,0.47291682240710364,-0.02439828892684398,1861391.0,397.9727429061683
2024-03-12,480.6000061035156,484.1499938964844,462.6499938964844,468.1499938964844,653245,0.0,-0.026006449929742548,0.48201285081899936,-0.026241894146692507,1846126.25,398.67102401054956
2024-03-13,467.8999938964844,477.9500122070313,449.5,461.1000061035156,1190455,0.0,-0.015059249994410218,0.3842377973577124,-0.026241894146692507,1866205.6,399.2922079119721
2024-03-14,458.0,476.0,445.0,471.25,994002,0.0,0.02201256508811622,0.3673723057775786,-0.026241894146692507,1898998.2,400.0082058431963
2024-03-15,467.9500122070313,475.0,458.5499877929688,472.25,609636,0.0,0.002122015915119402,0.3589701856873534,-0.026241894146692507,1885059.85,400.7270296656521
2024-03-18,470.8999938964844,474.75,458.3999938964844,461.5,346530,0.0,-0.02276336686077285,0.32851142662837457,-0.026241894146692507,1878261.55,401.3317358381332
2024-03-19,463.0,504.7000122070313,460.1000061035156,488.3500061035156,12707665,0.0,0.05817986154607935,0.38470658117211143,-0.026241894146692507,2498454.15,402.1975892736097
2024-03-20,488.3500061035156,496.4500122070313,478.1499938964844,482.6000061035156,2273204,0.0,-0.011774342025463569,0.38690754894186286,-0.026241894146692507,2597511.55,402.9976133216685
2024-03-21,487.7000122070313,517.5,486.5,499.75,3577176,0.0,0.035536663239920774,0.3972383492495947,-0.026241894146692507,2751167.35,403.9603236368758
2024-03-22,498.0499877929688,508.0,493.1000061035156,502.3500061035156,907958,0.0,0.005202613513788146,0.3972300856441864,-0.026241894146692507,2772314.85,404.9393254524643
2024-03-26,500.0,545.6500244140625,497.1499938964844,537.5999755859375,4223986,0.0,0.0701701384575244,0.4565400693090556,-0.026241894146692507,2961740.75,406.2593319214541
2024-03-27,542.8499755859375,559.0,530.8499755859375,546.0,2873936,0.0,0.015625046122643926,0.45688670294169115,-0.026241894146692507,3085624.05,407.64978633019587
2024-03-28,547.0,547.0,524.5499877929688,536.7000122070312,1560344,0.0,-0.017032944675766992,0.4641202049936367,-0.026241894146692507,3117921.9,408.9338681797166
2024-04-01,542.0,578.0,540.0,571.5999755859375,2975365,0.0,0.06502694724263147,0.504056149477306,-0.026241894146692507,2753682.35,410.5524364126143
2024-04-02,570.0,574.7999877929688,551.0999755859375,555.1500244140625,981352,0.0,-0.028778782145699733,0.5221094843328224,-0.028875609751851834,2302622.15,411.991218382778
2024-04-03,558.4000244140625,558.7000122070312,547.0,550.0,1066403,0.0,-0.009276815613037503,0.47719040417444475,-0.028875609751851834,2257645.5,413.3644400904121
2024-04-04,554.0,567.9500122070312,553.0999755859375,562.6500244140625,1174174,0.0,0.023000044389204444,0.4759474049989163,-0.028875609751851834,2222500.2,414.8498687901499
2024-04-05,568.0,574.5,554.0,557.2000122070312,667055,0.0,-0.009686327149291074,0.4791609258451056,-0.028875609751851834,2131420.75,416.26628812763136
2024-04-08,561.0,562.25,545.2000122070312,549.5,556217,0.0,-0.013819117082449539,0.47223586650880195,-0.028875609751851834,2090879.25,417.59199670347584
2024-04-09,555.2999877929688,555.2999877929688,536.0999755859375,549.0999755859375,512786,0.0,-0.0007279789154913674,0.4690171364891752,-0.028875609751851834,2070888.65,418.9005338067839
2024-04-10,556.8499755859375,565.7999877929688,550.0,555.0,862532,0.0,0.010744900157328763,0.46727558771572414,-0.028875609751851834,2035701.05,420.254757350995
2024-04-12,558.4000244140625,565.4500122070312,541.0,545.4500122070312,1362609,0.0,-0.017207185212556264,0.4719351106771531,-0.028875609751851834,2071169.25,421.50048127991084
2024-04-15,532.5,543.1500244140625,519.5499877929688,540.6500244140625,773634,0.0,-0.00880005075725776,0.4606533661188573,-0.028875609751851834,2050328.2,422.68604887328553
2024-04-16,528.0999755859375,561.9500122070312,525.25,533.0999755859375,1571354,0.0,-0.013964761837026551,0.46000000097933647,-0.028875609751851834,2079195.8,423.78469491022736
2024-04-18,504.0,531.7999877929688,501.5,519.1500244140625,1269310,0.0,-0.02616760797361206,0.4707665132381521,-0.028875609751851834,2112179.5,424.73360366150933
2024-04-19,515.0,541.0999755859375,512.75,535.8499755859375,1931126,0.0,0.032167871302179574,0.4798469690828283,-0.028875609751851834,2191409.3,425.83923920304596
2024-04-22,545.0499877929688,546.5999755859375,527.2000122070312,530.8499755859375,505074,0.0,-0.009330969912861642,0.47172698072996466,-0.028875609751851834,1581279.75,426.8841221521295
2024-04-23,532.4500122070312,535.8499755859375,525.5499877929688,531.2999877929688,558722,0.0,0.0008477201238157317,0.4337862462924305,-0.028875609751851834,1495555.65,427.9230859893518
2024-04-24,535.0,542.9000244140625,530.2000122070312,537.9500122070312,436069,0.0,0.012516515277342322,0.4305450757043374,-0.028875609751851834,1338500.3,429.0178812750999
2024-04-25,542.2999877929688,545.8499755859375,528.5499877929688,531.0,787985,0.0,-0.012919438701223696,0.4205938056817642,-0.028875609751851834,1332501.65,430.0326287250989
2024-04-26,533.0,540.4500122070312,528.5,535.7000122070312,353173,0.0,0.008851247094220804,0.42100038524662975,-0.028875609751851834,1138961.0,431.08404547616294
2024-04-29,539.9500122070312,544.7000122070312,532.5,539.0499877929688,639859,0.0,0.00625345437670588,0.3445378821493859,-0.026298166682216444,1027257.15,432.1583334594148
2024-04-30,544.3499755859375,551.0,533.0499877929688,537.5499877929688,565139,0.0,-0.002782673284422943,0.3401266725043766,-0.026298166682216444,977496.9,433.20700663686307
2024-05-02,540.9500122070312,581.9000244140625,535.9500122070312,559.5999755859375,3743567,0.0,0.041019418274940156,0.3632926185899974,-0.026298166682216444,1015907.0,434.46464811894344
2024-05-03,563.0,596.7000122070312,560.1500244140625,576.1500244140625,2566687,0.0,0.02957478475726516,0.3016076141198465,-0.026298166682216444,1095173.75,435.8744528581984
2024-05-06,580.0,582.0999755859375,553.3499755859375,569.9000244140625,861439,0.0,-0.010847869018761558,0.2856110282371345,-0.026298166682216444,1084925.55,437.2080406348737
2024-05-07,566.0,566.25,539.0499877929688,555.5999755859375,1359605,0.0,-0.025092206028289765,0.2980457300415664,-0.026014507831936023,1094197.1,438.3860698383669
2024-05-08,555.0,581.0999755859375,551.4000244140625,579.4500122070312,924981,0.0,0.04292663367369909,0.32375862053353355,-0.026014507831936023,1107093.4,439.78969115546806
2024-05-09,579.9500122070312,581.0,547.0,550.7000122070312,839973,0.0,-0.04961601414157524,0.36784063368892483,-0.026298166682216444,1121281.2,440.89327643956324
2024-05-10,554.9000244140625,564.3499755859375,549.6500244140625,555.4000244140625,497833,0.0,0.008534614314234412,0.36563569590466094,-0.026298166682216444,1120533.55,442.0326470661752
2024-05-13,554.5,558.0,541.0499877929688,555.5,348470,0.0,0.00018000644858262582,0.36560263449245506,-0.026298166682216444,1094830.45,443.16167545357644
2024-05-14,557.0,565.9500122070312,549.0,556.5499877929688,752761,0.0,0.0018901670440480967,0.3638516226661271,-0.026014507831936023,1064338.05,444.28991736740124
2024-05-15,561.7000122070312,586.7999877929688,556.0999755859375,584.6500244140625,1056094,0.0,0.05048969048139962,0.3967051694736134,-0.026014507831936023,1078461.05,445.68653534796505
2024-05-16,587.0,612.7000122070312,586.9000244140625,605.0999755859375,3039096,0.0,0.034978107103253775,0.40827270870806653,-0.026014507831936023,1151848.15,447.27273873341755
2024-05-17,639.0,654.4000244140625,617.7999877929688,630.9000244140625,6528875,0.0,0.042637662979810864,0.42082795566092,-0.026014507831936023,1414826.4,449.09987590436924
2024-05-21,640.0,640.0,588.0,593.0499877929688,1717414,0.0,-0.05999371557521549,0.46934098145058206,-0.026298166682216444,1404140.8,450.5322153261464
2024-05-22,604.9500122070312,616.0,578.1500244140625,581.3499755859375,1518678,0.0,-0.019728543036604318,0.46839289046502536,-0.026298166682216444,1454821.0,451.83388458246276
2024-05-23,588.5,601.4000244140625,582.4000244140625,585.0,1003391,0.0,0.006278531981331437,0.46578133085893614,-0.026298166682216444,1477054.45,453.15892055676665
2024-05-24,586.0,599.0499877929688,583.0,588.4500122070312,632529,0.0,0.005897456764155873,0.4655360421530403,-0.026298166682216444,1486877.45,454.50510057318724
2024-05-27,593.7000122070312,593.7000122070312,571.1500244140625,575.0499877929688,432200,0.0,-0.022771729350135606,0.4745933682390951,-0.026298166682216444,1469088.2,455.7045521873144
2024-05-28,576.4000244140625,579.25,559.2000122070312,573.0,622869,0.0,-0.0035648862472574816,0.47158558107751314,-0.026298166682216444,1482573.0,456.8716710710227
2024-05-29,575.3499755859375,577.5999755859375,560.0,566.4500122070312,481901,0.0,-0.011431043268706365,0.47421197128802406,-0.026298166682216444,1474675.1,457.96200282361986
2024-05-30,565.0499877929688,603.2999877929688,562.0,594.0999755859375,1895344,0.0,0.048812715655482286,0.5000082360572035,-0.026298166682216444,1541185.35,459.3166095177723
2024-05-31,596.0,598.9000244140625,585.0499877929688,587.2000122070312,1197094,0.0,-0.011614145198543535,0.5026943139765404,-0.026298166682216444,1413861.7,460.5890811863221
2024-06-03,675.0999755859375,676.0999755859375,580.0,583.25,1015022,0.0,-0.006726859885756609,0.4861586844905471,-0.026298166682216444,1336278.45,461.80958784118457
2024-06-04,586.0,588.8499755859375,513.0499877929688,540.0499877929688,1323546,0.0,-0.07406774488989498,0.5425201243366169,-0.029820643745493505,1359383.8,462.5880992834909
2024-06-05,548.9500122070312,596.7000122070312,518.1500244140625,561.8499755859375,1548118,0.0,0.040366611028099575,0.5612927847457766,-0.029820643745493505,1368809.45,463.5757796447093
2024-06-06,565.5999755859375,582.0,561.0,562.7999877929688,601802,0.0,0.001690864551592286,0.5538717476858868,-0.029820643745493505,1352650.5,464.5630851984234
2024-06-07,564.7999877929688,564.7999877929688,553.25,554.6500244140625,958262,0.0,-0.014481100845198158,0.5347472640575829,-0.029820643745493505,1358564.95,465.4594726533054
2024-06-10,559.7000122070312,564.6500244140625,553.0499877929688,556.5,406073,0.0,0.003335392598047493,0.5054136977939022,-0.029820643745493505,1353976.95,466.3653485473024
2024-06-11,562.0,563.5999755859375,548.0,549.5,468941,0.0,-0.012578616352201255,0.506730811545246,-0.029820643745493505,1360000.5,467.19255900951833
2024-06-12,554.5,569.9000244140625,551.6500244140625,567.5499877929688,1048875,0.0,0.03284802146127164,0.5193711775597241,-0.029820643745493505,1374806.2,468.1911403904482
2024-06-13,571.2999877929688,573.4000244140625,561.1500244140625,566.5,375576,0.0,-0.0018500357951760638,0.5195006802500808,-0.029820643745493505,1340780.3,469.16933799850347
2024-06-14,568.2999877929688,578.9000244140625,562.0,574.5499877929688,1294986,0.0,0.014210040234719834,0.49067033654077524,-0.029820643745493505,1253574.8,470.21790167805045
2024-06-18,583.0,583.6500244140625,569.0499877929688,576.1500244140625,450551,0.0,0.0027848518929396437,0.4738333499220616,-0.029820643745493505,949658.6,471.27195265054814
2024-06-19,576.3499755859375,604.4000244140625,570.3499755859375,594.9500122070312,3437730,0.0,0.032630368821190414,0.4631280183825879,-0.029820643745493505,1035674.4,472.50258010882163
2024-06-20,598.0,600.0499877929688,585.2999877929688,591.0,682433,0.0,-0.006639233760796559,0.413742358478754,-0.029820643745493505,993862.15,473.68165891370904
2024-06-21,590.0,607.0,590.0,599.25,1009733,0.0,0.013959390862944066,0.40977494915561335,-0.029820643745493505,994179.25,474.93109514342336
2024-06-24,599.25,599.25,579.4000244140625,586.5499877929688,1193497,0.0,-0.021193178484824826,0.4169508049309386,-0.029820643745493505,1022227.65,476.04173089118007
2024-06-25,588.2999877929688,605.25,588.0,597.2000122070312,727250,0.0,0.018157061862938084,0.4211081076268364,-0.029820643745493505,1036980.15,477.24728592914875
2024-06-26,601.6500244140625,633.5,597.2000122070312,617.7000122070312,3467365,0.0,0.034326857972154956,0.4268374149374585,-0.029820643745493505,1179204.95,478.64482549410286
2024-06-27,621.0999755859375,625.75,603.0,606.4500122070312,549808,0.0,-0.01821272426368259,0.4329768592247126,-0.029820643745493505,1182600.3,479.9165188942315
2024-06-28,609.5,624.7999877929688,606.5499877929688,620.5,972986,0.0,0.023167594212484488,0.4349671413705355,-0.029820643745493505,1136482.4,481.3153595022491
2024-07-01,618.9000244140625,618.9000244140625,607.0499877929688,609.7000122070312,288242,0.0,-0.017405298618805354,0.4101483459349989,-0.029820643745493505,1091039.8,482.5928187331425
2024-07-02,613.4500122070312,614.3499755859375,605.5,607.5,406103,0.0,-0.003608351915669994,0.4078399757807021,-0.027340028282010216,1060593.85,483.83567625818586
2024-07-03,609.5999755859375,651.0,604.0,645.0999755859375,1699202,0.0,0.061892963927469236,0.45590882108222963,-0.027340028282010216,1079376.65,485.4402961519944
2024-07-04,646.1500244140625,651.9500122070312,636.0,645.5999755859375,490240,0.0,0.0007750736613278963,0.3543390348819768,-0.027340028282010216,1026482.75,487.03392480307843
2024-07-05,646.7999877929688,646.7999877929688,632.0,635.0,298996,0.0,-0.016418797996882062,0.34501751114668994,-0.027340028282010216,1011342.45,488.50622405876925
2024-07-08,635.0,639.4500122070312,621.8499755859375,629.4000244140625,278145,0.0,-0.008818859190452777,0.3485990996913409,-0.027340028282010216,977336.6,489.9081524205135
2024-07-09,639.4500122070312,645.7999877929688,628.5499877929688,630.3499755859375,428477,0.0,0.0015092963696010653,0.3413379468522878,-0.027340028282010216,978456.8,491.30558349678637
2024-07-10,631.2000122070312,636.6500244140625,612.0,626.75,429819,0.0,-0.005711074364032731,0.3437669394612208,-0.027340028282010216,976500.7,492.6532891336343
2024-07-11,626.75,632.7000122070312,620.0,629.8499755859375,151607,0.0,0.004946111824391641,0.33719740053911507,-0.027340028282010216,931637.3,494.0184302923637
2024-07-12,630.0,645.0,625.0,630.75,275062,0.0,0.0014289504627276184,0.32383563757674033,-0.027340028282010216,926611.6,495.37894342378297
2024-07-15,632.9500122070312,639.0,626.0999755859375,634.7999877929688,172361,0.0,0.006420908114100232,0.32282153524562457,-0.027340028282010216,870480.35,496.76621749710824
2024-07-16,642.0,645.0,631.0,641.9000244140625,248298,0.0,0.011184682983026883,0.32197723757702135,-0.026318396433954033,860367.7,498.210334978869
2024-07-18,641.9000244140625,660.0,616.2000122070312,621.6500244140625,681763,0.0,-0.0315469687331521,0.34662537028199225,-0.03245042100357326,722569.35,499.4385905951396
2024-07-19,610.0,615.7999877929688,592.6500244140625,596.3499755859375,316489,0.0,-0.04069821898900694,0.3626168626899067,-0.04114410874663535,704272.15,500.40288298310776
2024-07-22,596.0,608.4500122070312,587.9500122070312,603.7999877929688,256162,0.0,0.012492684685215805,0.36401903474047714,-0.04114410874663535,666593.6,501.4317098966387
2024-07-23,607.4500122070312,610.6500244140625,580.0499877929688,590.5499877929688,424957,0.0,-0.021944352878230156,0.36945476691396656,-0.04114410874663535,628166.6,502.31845893043305
2024-07-24,590.5499877929688,615.0,588.0,610.2000122070312,253672,0.0,0.03327410857715796,0.37896274777185607,-0.04114410874663535,604487.7,503.39190722174254
2024-07-25,610.0,612.0,603.9000244140625,606.5,115204,0.0,-0.006063605593268795,0.375345389419528,-0.04114410874663535,436879.65,504.41785839366554
2024-07-26,609.5,617.75,603.0499877929688,608.9000244140625,178492,0.0,0.003957171333985876,0.3555925561174203,-0.04114410874663535,418313.85,505.4574819361571
2024-07-29,609.0999755859375,614.9000244140625,606.0,607.2000122070312,214206,0.0,-0.0027919397912115063,0.3498509571455803,-0.04114410874663535,380374.85,506.46984542143946
2024-07-30,607.2000122070312,618.1500244140625,598.7999877929688,602.0999755859375,462871,0.0,-0.008399269628727946,0.34081182097599144,-0.04114410874663535,389106.3,507.42138900516585
2024-07-31,606.9000244140625,629.5,591.0,594.5999755859375,1186422,0.0,-0.012456403096016255,0.3382713807081737,-0.04114410874663535,428122.25,508.2888376278601
2024-08-01,597.4000244140625,608.7999877929688,582.3499755859375,604.5499877929688,588302,0.0,0.016733959999285508,0.3435779101151704,-0.04114410874663535,372577.25,509.2466600175627
2024-08-02,602.0,610.0,591.6500244140625,607.7000122070312,375122,0.0,0.005210527628265016,0.26110711817961124,-0.04114410874663535,366821.35,510.22629536273155
2024-08-05,587.9500122070312,599.9500122070312,580.4000244140625,595.6500244140625,343654,0.0,-0.01982884244021299,0.2673228748026779,-0.04114410874663535,369054.25,511.07628271647616
2024-08-06,625.0,642.25,610.5499877929688,619.4500122070312,3501793,0.0,0.03995632807432625,0.30251974311056345,-0.032004531245944844,530236.65,512.1546282835465
2024-08-07,630.0,668.0,628.6500244140625,638.5,3167215,0.0,0.030753067103987508,0.3201862816621668,-0.032004531245944844,667173.55,513.4117961613222
2024-08-08,640.0,712.0,638.0,688.1500244140625,10380297,0.0,0.07776041411756074,0.4165382330576653,-0.032004531245944844,1164697.45,515.1504849996579
2024-08-09,719.0,724.5999755859375,671.8499755859375,695.7000122070312,5133088,0.0,0.010971427050950666,0.4153883434209623,-0.032004531245944844,1413771.5,516.9469977081891
2024-08-12,693.75,707.4500122070312,680.0,700.6500244140625,1745759,0.0,0.007115153255967233,0.41543282389227193,-0.032004531245944844,1487306.35,518.7748885211829
2024-08-13,703.2999877929688,838.0,703.0,787.0499877929688,21252689,0.0,0.12331400894642175,0.5819278016034741,-0.032004531245944844,2541322.75,521.4442924940365
2024-08-14,791.0,843.9500122070312,754.2000122070312,798.0,14218509,0.0,0.013912727751558718,0.5817295763320041,-0.032004531245944844,3239833.3,524.196090578673
2024-08-16,790.0,816.0,765.0499877929688,810.0,2952650,0.0,0.015037593984962516,0.5818507714056077,-0.02321049131928643,3353377.65,527.0399105729151
2024-08-19,813.0499877929688,814.9000244140625,782.0,789.8499755859375,763738,0.0,-0.024876573350694486,0.5760262273355548,-0.025210093119817367,3375740.1,529.6549360954327
2024-08-20,789.8499755859375,793.7999877929688,772.0,788.6500244140625,558414,0.0,-0.0015192140393305298,0.5460122624941196,-0.025210093119817367,3390852.7,532.232001650842
2024-08-21,785.6500244140625,786.7999877929688,745.2000122070312,768.0999755859375,1202256,0.0,-0.026057247437978437,0.563349361493912,-0.02633173350273712,3429717.65,534.5789466651216
2024-08-22,761.0,766.0,745.0,755.8499755859375,773210,0.0,-0.015948444719914523,0.559151332908616,-0.02633173350273712,3455694.55,536.7806484454283
2024-08-23,759.0999755859375,760.5999755859375,724.5999755859375,729.5999755859375,623489,0.0,-0.03472911404098533,0.5764926255273163,-0.03170607599854376,3481108.8,538.6992487154831
2024-08-26,739.7000122070312,739.7000122070312,718.0,720.1500244140625,490486,0.0,-0.01295223614047658,0.5792696751678688,-0.03170607599854376,3496708.5,540.504729070693
2024-08-27,725.0499877929688,761.9000244140625,719.4500122070312,749.9500122070312,2588003,0.0,0.04138024964619702,0.5897251959109118,-0.03170607599854376,3615398.35,542.5887617387162
2024-08-28,751.0,761.7999877929688,730.0,732.2999877929688,1538475,0.0,-0.023534934497994264,0.5999491692286391,-0.03170607599854376,3669178.55,544.4764356298034
2024-08-29,732.0499877929688,738.7999877929688,715.5499877929688,719.8499755859375,585196,0.0,-0.017001245957348088,0.6039297491719231,-0.03170607599854376,3639117.25,546.2214459776256
2024-08-30,715.1500244140625,728.0,710.5499877929688,720.1500244140625,770306,0.0,0.00041682133541898203,0.5997446901458046,-0.02633173350273712,3648217.45,547.9520785988838
2024-09-02,729.9500122070312,746.9000244140625,722.0999755859375,732.7999877929688,1144204,0.0,0.01756573345838408,0.5998725050204818,-0.02633173350273712,3686671.55,549.7913612774319
2024-09-03,736.8499755859375,768.3499755859375,735.0,762.25,2453391,0.0,0.0401883361048192,0.6086336577663932,-0.02633173350273712,3792158.4,551.905377583129
2024-09-04,762.0,782.0,755.4000244140625,765.5999755859375,1382930,0.0,0.004394851539439193,0.5986148719783886,-0.02633173350273712,3686215.25,554.0316919911172
2024-09-05,768.0499877929688,783.5,754.0,757.25,819562,0.0,-0.010906447037889455,0.5953274219720283,-0.02633173350273712,3568832.6,556.0537647076235
2024-09-06,761.0,761.4000244140625,741.0,745.9000244140625,543135,1.3,-0.014988412790937655,0.5965655608291762,-0.02633173350273712,3076974.5,557.9427822171403
2024-09-09,736.0499877929688,756.9500122070312,731.5499877929688,746.7000122070312,366985,0.0,0.001072513429124955,0.5401763281488386,-0.02633173350273712,2838669.35,559.8209636100746
2024-09-10,746.0,753.75,730.7999877929688,747.2999877929688,568160,0.0,0.0008035028473671879,0.5397711146215356,-0.02633173350273712,2779789.4,561.6864265372676
2024-09-11,751.9500122070312,762.2000122070312,743.8499755859375,753.7999877929688,431907,0.0,0.008697979534559863,0.539916352574549,-0.02633173350273712,1738750.3,563.598004261205
2024-09-12,763.0,777.9500122070312,750.0,758.4500122070312,437096,0.0,0.006168777513086976,0.3224928768824838,-0.02633173350273712,1049679.65,565.5368302109148
2024-09-13,765.0,790.9500122070312,760.0,764.25,1438094,0.0,0.007647158942078791,0.31941956069727456,-0.02633173350273712,973951.85,567.5140756814529
2024-09-16,772.4500122070312,801.4500122070312,772.0499877929688,787.5,1608157,0.0,0.0304219823356231,0.33379853585636726,-0.02633173350273712,1016172.8,569.7029903512893
2024-09-17,790.0,790.0,730.2999877929688,736.3499755859375,1204333,0.0,-0.06495241195436507,0.3932874480679167,-0.03170607599854376,1048468.75,571.3611693088479
2024-09-18,741.2000122070312,751.8499755859375,733.5,742.6500244140625,625871,0.0,0.008555780589402318,0.395321509705846,-0.03170607599854376,1019649.5,573.0655360263128
2024-09-19,742.5,751.75,723.5,741.0,508619,0.0,-0.0022218061803260802,0.38598296446660607,-0.03170607599854376,1006419.95,574.7365257175933
2024-09-20,742.5,753.75,726.9000244140625,732.1500244140625,619241,0.0,-0.011943286890603866,0.38432990505284054,-0.03170607599854376,1006207.55,576.3028291872099
2024-09-23,735.9500122070312,748.0,732.1500244140625,737.2999877929688,452746,0.0,0.007034027463193482,0.3652234994104742,-0.03170607599854376,1004320.55,577.9047909643816
2024-09-24,741.0499877929688,747.9000244140625,729.0,730.0499877929688,458665,0.0,-0.009833175261133698,0.3639060096542699,-0.03170607599854376,897853.65,579.41867351989
2024-09-25,733.6500244140625,736.4500122070312,708.1500244140625,713.25,450520,0.0,-0.023012106121331755,0.3413244781951268,-0.03170607599854376,843455.9,580.750328509742
2024-09-26,716.7999877929688,733.75,708.0999755859375,711.5,781886,0.0,-0.002453557658604999,0.33238791007589186,-0.03170607599854376,853290.4,582.0513202658639
2024-09-27,714.2999877929688,721.1500244140625,694.0,698.5499877929688,516076,0.0,-0.01820100099371924,0.3331335450181135,-0.03170607599854376,840578.9,583.2105109875266
2024-09-30,694.0,702.7999877929688,683.0499877929688,684.9000244140625,575949,0.0,-0.01954042461876293,0.3390222216232605,-0.03170607599854376,812166.15,584.2223469420196
2024-10-01,688.2000122070312,716.3499755859375,685.0499877929688,712.6500244140625,1147140,0.0,0.04051686233146268,0.3642386180390478,-0.03170607599854376,746853.6,585.5002342800499
2024-10-03,684.25,705.0,682.7000122070312,686.25,586371,0.0,-0.03704486565585752,0.35205361654462036,-0.034844901621728944,707025.65,586.5027195110943
2024-10-04,689.9000244140625,692.9000244140625,668.2999877929688,671.3499755859375,538793,0.0,-0.021712239583333348,0.35511020612324923,-0.034844901621728944,692987.2,587.3469708153216
2024-10-07,672.0,680.9000244140625,641.75,658.6500244140625,975793,0.0,-0.018917035277748795,0.35758186196244846,-0.034844901621728944,714620.1,588.056453935707
2024-10-08,658.0,737.7999877929688,655.5499877929688,731.2000122070312,3984025,0.0,0.11014952570222625,0.5372342654644219,-0.034844901621728944,895472.1,589.4807679483571
2024-10-09,727.0999755859375,758.0499877929688,714.2999877929688,752.4500122070312,1628658,0.0,0.029061815707387195,0.5468750277698373,-0.034844901621728944,948497.0,591.102352468344
2024-10-10,743.0499877929688,757.0,740.2999877929688,744.5499877929688,596634,0.0,-0.01049906875659512,0.548303905787005,-0.034844901621728944,956733.35,592.6291946108776
2024-10-11,743.7999877929688,805.0,739.2000122070312,795.7999877929688,7117451,0.0,0.06883352473339999,0.5971950217471316,-0.034844901621728944,1290751.1,594.6507945430377
2024-10-14,798.0,804.0,763.4000244140625,798.2000122070312,1621671,0.0,0.0030158638488027023,0.5971001196425668,-0.034844901621728944,1299929.95,596.6761598929282
2024-10-15,800.0,821.9500122070312,793.0999755859375,814.4000244140625,1369597,0.0,0.02029568022961814,0.5999172435125801,-0.02649084076812878,1288001.95,598.8425665050788
2024-10-16,814.4000244140625,821.6500244140625,790.5,799.0,1004331,0.0,-0.01890965613015838,0.5965532337111042,-0.02649084076812878,1278001.85,600.8341827587597
2024-10-17,799.75,802.7999877929688,769.0,772.6500244140625,738682,0.0,-0.03297869284848243,0.5610045676694468,-0.03306621390810757,1283642.4,602.5437931234891
2024-10-18,772.9500122070312,801.0,755.0,784.4000244140625,1618018,0.0,0.01520740261272957,0.5623261497741672,-0.03306621390810757,1339112.35,604.3533078626988
2024-10-21,783.0999755859375,783.9000244140625,757.0499877929688,765.3499755859375,447414,0.0,-0.024286140024479375,0.5701386062007644,-0.03306621390810757,1330521.0,605.9552647554674
2024-10-22,763.5499877929688,774.0,727.2000122070312,733.5999755859375,599628,0.0,-0.04148428955745742,0.5882249553895524,-0.034844901621728944,1337865.1,607.2253613806462
2024-10-23,729.0,754.9000244140625,714.5,744.8499755859375,583522,0.0,0.015335333116681893,0.5900467508475081,-0.034844901621728944,1344107.95,608.5947605269674
2024-10-24,739.0,742.9500122070312,702.0,706.1500244140625,737724,0.0,-0.051956705968113415,0.617313541657779,-0.03726683685093751,1358468.15,609.5654596701227
2024-10-25,709.9500122070312,716.0999755859375,662.1500244140625,690.25,1331744,0.0,-0.02251649630297159,0.6170920511538774,-0.03726683685093751,1385961.05,610.3682909171862
2024-10-28,685.0,698.5499877929688,666.0,668.4000244140625,1001172,0.0,-0.03165516202236507,0.6262645008859156,-0.03726683685093751,1410215.85,610.9457211012348
2024-10-29,670.3499755859375,679.4500122070312,648.5499877929688,661.5999755859375,913862,0.0,-0.010173621453838377,0.624302897699494,-0.03726683685093751,1427111.5,611.4497435339184
2024-10-30,658.3499755859375,679.9500122070312,654.0,671.9500122070312,430282,0.0,0.015643949520897982,0.6236517335388256,-0.03726683685093751,1391268.6,612.051736257034
2024-10-31,675.75,704.0,673.0999755859375,691.9000244140625,1005417,0.0,0.029689726682949447,0.6158250561731516,-0.03726683685093751,1412220.9,612.8462465869546
2024-11-01,695.4000244140625,709.9000244140625,695.0,705.2999877929688,81210,0.0,0.019366906931755024,0.6047929898376554,-0.03726683685093751,1389341.75,613.7661843103975
2024-11-04,708.4000244140625,708.4000244140625,672.0499877929688,680.9000244140625,574043,0.0,-0.03459515638906907,0.6127452948471473,-0.03726683685093751,1369254.25,614.4341827193894
2024-11-05,679.0999755859375,687.5,658.3499755859375,662.5499877929688,865458,0.0,-0.02694967831273698,0.6167140824667763,-0.03726683685093751,1213325.9,614.9129469489773
2024-11-06,664.7000122070312,682.8499755859375,656.8499755859375,680.5,989376,0.0,0.027092313844612415,0.48437938854994955,-0.03726683685093751,1181361.8,615.5655544420223
2024-11-07,685.0,686.7000122070312,653.0,655.9500122070312,793159,0.0,-0.03607639646284899,0.4826513752266095,-0.03726683685093751,1191188.05,615.9673898426691
2024-11-08,658.5,660.9000244140625,630.25,633.4500122070312,638988,0.0,-0.034301394285054965,0.49234527795820454,-0.03726683685093751,867264.9,616.1413462841056
2024-11-11,632.9000244140625,634.0,613.0499877929688,625.3499755859375,646319,0.0,-0.012787175728155797,0.4073553298961528,-0.03726683685093751,818497.3,616.2329744363626
2024-11-12,671.0,698.6500244140625,626.0499877929688,647.9500122070312,19724212,0.0,0.03613982170530683,0.4369033362622016,-0.03726683685093751,1736228.05,616.5485668519913
2024-11-13,650.5499877929688,659.0,636.9500122070312,645.4500122070312,2076150,0.0,-0.0038583223287311785,0.42395504182423394,-0.03726683685093751,1789819.0,616.8361434226882
2024-11-14,643.0,658.8499755859375,636.0999755859375,655.6500244140625,944286,0.0,0.01580294680319816,0.43242232049485513,-0.03726683685093751,1800099.2,617.2223511937467
2024-11-18,650.0,667.7999877929688,645.0,645.9000244140625,1021718,0.0,-0.01487073840760289,0.42425143201264576,-0.03726683685093751,1770284.2,617.5077011760384
2024-11-19,649.8499755859375,697.0499877929688,642.4000244140625,691.6500244140625,5623441,0.0,0.07083139537191196,0.49986377997293985,-0.03726683685093751,2029085.55,618.2454357356207
2024-11-21,691.6500244140625,704.5999755859375,682.9000244140625,697.2000122070312,2538307,0.0,0.008024271809533357,0.49709101495700986,-0.03726683685093751,2126019.5,619.0310534119532
2024-11-22,699.0999755859375,708.0,682.2000122070312,683.7999877929688,753991,0.0,-0.01921977076799508,0.4816617942250087,-0.03726683685093751,2134542.95,619.6755204207195
2024-11-25,699.0,788.0,694.2000122070312,764.1500244140625,5326804,0.0,0.11750517410863281,0.6357898798827322,-0.03726683685093751,2363996.95,621.1130776743846
2024-11-26,764.1500244140625,885.0,763.0999755859375,823.9500122070312,41909069,0.0,0.0782568682619913,0.6563368995068009,-0.03726683685093751,4392863.2,623.1313556299333
2024-11-27,836.0,880.0,825.2999877929688,834.8499755859375,16801320,0.0,0.013228913426082345,0.6468991284821434,-0.03726683685093751,5182870.6,625.2380085648189
2024-11-28,836.0,838.75,790.0,797.5499877929688,3024118,0.0,-0.0446786714784172,0.6588925035661091,-0.04164400865350541,5288383.4,626.9525556218153
2024-11-29,797.5499877929688,799.7999877929688,760.5,767.6500244140625,1965077,0.0,-0.03748976720775499,0.6756168403986555,-0.04164400865350541,5365123.15,628.3525304356687
2024-12-02,771.9500122070312,771.9500122070312,735.2999877929688,740.2999877929688,2001017,0.0,-0.035628262556195,0.6914124420448076,-0.04164400865350541,5414903.15,629.4664354839999
2024-12-03,748.0,755.5,732.5499877929688,739.7000122070312,1690244,0.0,-0.0008104492716880518,0.6860184695812402,-0.04164400865350541,5495354.85,630.5632869936819
2024-12-04,743.5,745.5,736.0,740.2999877929688,1074830,0.0,0.0008111066324676397,0.6838050727086543,-0.04164400865350541,5520394.2,631.6551944643215
2024-12-05,744.0,744.5,732.0,739.8499755859375,541903,0.0,-0.0006078781770250119,0.6701580041830508,-0.04164400865350541,5504216.45,632.7317594506062
2024-12-06,743.5,764.8499755859375,733.0,755.75,1286790,0.0,0.02149087644622849,0.6622198451852455,-0.04164400865350541,5519087.15,633.9558215456251
2024-12-09,773.0499877929688,788.0,763.0,780.6500244140625,2156327,0.0,0.03294743554622892,0.6647541518400952,-0.04164400865350541,5587245.55,635.4154653552613
2024-12-10,780.5999755859375,809.75,767.25,807.0499877929688,2768346,0.0,0.03381792423400154,0.6511543353889568,-0.04164400865350541,5693713.45,637.1232715486713
2024-12-11,810.2999877929688,842.0,803.0,818.4500122070312,4867530,0.0,0.014125549329649267,0.630263199332319,-0.04164400865350541,5904774.0,638.9275177243763
2024-12-12,816.0,826.0,802.7000122070312,812.5999755859375,1195807,0.0,-0.007147701794662509,0.6276530849984016,-0.04164400865350541,4978353.75,640.6556018822029
2024-12-13,810.0499877929688,816.5999755859375,796.9500122070312,805.2999877929688,871822,0.0,-0.008983494969594386,0.626399513936295,-0.03768949332524011,4918137.35,642.2938544783299
2024-12-16,811.0,822.5,794.4000244140625,819.25,894596,0.0,0.01732275228919744,0.6243111676857973,-0.03768949332524011,4915652.85,644.0546121452122
2024-12-17,824.9000244140625,834.9500122070312,811.7999877929688,828.8499755859375,1386424,0.0,0.011718004987412378,0.6241687051877259,-0.03768949332524011,4933888.15,645.8933719804434
2024-12-18,834.0,837.4000244140625,814.5,824.7000122070312,825943,0.0,-0.005006893287259229,0.6197507111198057,-0.03768949332524011,4694013.25,647.6725425299617
2024-12-19,799.0,811.9000244140625,773.5,779.6500244140625,1601739,0.0,-0.05462590896828978,0.6230965173821786,-0.04164400865350541,4647184.85,648.9857513049278
2024-12-20,787.5499877929688,787.5499877929688,744.5499877929688,754.6500244140625,1969842,0.0,-0.03206566948906142,0.6371232511838711,-0.04164400865350541,4707977.4,650.0371371070088
2024-12-23,759.0,763.2000122070312,732.0,739.7999877929688,861610,0.0,-0.01967804431282416,0.6373403627825587,-0.04164400865350541,4484717.7,650.9302998004015
2024-12-24,746.4500122070312,746.9000244140625,735.0,739.25,516003,0.0,-0.0007434276859202837,0.48708895265331376,-0.04164400865350541,2415064.4,651.8091027874623
2024-12-26,745.5,745.5,719.25,736.0999755859375,796572,0.0,-0.0042611084397192744,0.39227965244950824,-0.04164400865350541,1614827.0,652.647817939686
2024-12-27,736.0,759.4000244140625,734.0,748.5499877929688,976406,0.0,0.016913479989074887,0.3946446556802828,-0.04164400865350541,1512441.4,653.6020683859873
2024-12-30,754.0499877929688,772.9000244140625,731.25,739.25,1533351,0.0,-0.012424003666594019,0.368623903074302,-0.04164400865350541,1490855.1,654.4542866110024
2024-12-31,740.0,749.4000244140625,736.2000122070312,741.3499755859375,546901,0.0,0.0028406839173993337,0.3474244650936192,-0.04164400865350541,1418149.3,655.318920332146
2025-01-01,742.0,759.5,737.0999755859375,753.7999877929688,282573,0.0,0.01679370421128179,0.3293952908630585,-0.04164400865350541,1347765.75,656.2988314511592
2025-01-02,759.0,766.5999755859375,747.5,763.4000244140625,409553,0.0,0.012735522388639842,0.3317558899147089,-0.04164400865350541,1314501.9,657.364514963228
2025-01-03,768.4000244140625,786.0,766.0,778.0499877929688,871073,0.0,0.01919041513019426,0.33719110400521735,-0.04164400865350541,1330960.4,658.5653654391458
2025-01-06,789.9000244140625,789.9000244140625,742.4500122070312,752.25,683323,0.0,-0.03315980746449654,0.3592146280253775,-0.04164400865350541,1300787.05,659.4975508576617
2025-01-07,750.0,770.75,743.4000244140625,762.6500244140625,429238,0.0,0.01382522354810578,0.3546679343126907,-0.04164400865350541,1214432.6,660.5239436293673
2025-01-08,764.7999877929688,772.9500122070312,731.6500244140625,739.25,500461,0.0,-0.030682519720681256,0.35017635066728786,-0.04164400865350541,1101038.35,661.3072874738513
2025-01-09,745.0,749.9500122070312,716.1500244140625,719.3499755859375,290260,0.0,-0.026919207864812278,0.3339507876757332,-0.04164400865350541,872174.85,661.8848266590461
2025-01-10,715.0,726.4500122070312,696.0,709.5999755859375,603934,0.0,-0.013553903288949565,0.3274181740722821,-0.04164400865350541,842581.2,662.3596042603087
2025-01-13,696.0,699.75,659.4000244140625,675.2000122070312,679317,0.0,-0.04847796584336295,0.3581975994594446,-0.04486863619666449,832955.95,662.48736951351
2025-01-14,670.5,696.0,670.5,687.2999877929688,384772,0.0,0.017920579631487632,0.3697129029859488,-0.04486863619666449,807464.75,662.7342612376837
2025-01-15,692.9500122070312,707.7000122070312,685.5,701.9500122070312,473057,0.0,0.021315327621503455,0.37329837452442605,-0.04486863619666449,761796.4,663.1244677149906
2025-01-16,708.0,715.6500244140625,693.2000122070312,700.9500122070312,539080,0.0,-0.001424602867169833,0.36770084050080903,-0.04486863619666449,747453.25,663.5008412920259
2025-01-17,701.0,701.5,680.0,682.5999755859375,298675,0.0,-0.026178809189711383,0.37303006840806535,-0.04486863619666449,682300.05,663.6908824292789
2025-01-20,682.5999755859375,725.2000122070312,676.9500122070312,718.5499877929688,1206750,0.0,0.052666295770333216,0.39129642808972775,-0.04486863619666449,644145.45,664.2367441741912
2025-01-21,719.0499877929688,725.6500244140625,677.8499755859375,683.8499755859375,530882,0.0,-0.04829171636842211,0.40977596262336907,-0.04485932372291744,627609.05,664.4319007056514
2025-01-22,685.5,689.0,661.75,676.0499877929688,335276,0.0,-0.011405992646684737,0.4068718032526591,-0.04485932372291744,618572.7,664.5475035622417
2025-01-23,676.6500244140625,681.5,656.4000244140625,659.4000244140625,463443,0.0,-0.024628302166326055,0.4128556908488687,-0.04485932372291744,601916.25,664.4962848642499
2025-01-24,662.5499877929688,681.5499877929688,645.0499877929688,649.75,608158,0.0,-0.014634552709696158,0.4141503326105816,-0.04485932372291744,583503.85,664.3495556616206
2025-01-27,646.8499755859375,646.9500122070312,616.0999755859375,629.3499755859375,447214,0.0,-0.03139672860956133,0.414873311590287,-0.04485932372291744,529197.0,664.0013011335043
2025-01-28,629.2999877929688,631.5999755859375,582.0,593.2000122070312,1374138,0.0,-0.05744016013546338,0.4489653657018867,-0.04830102884216915,570558.85,663.2968106964249
2025-01-29,599.0,650.0,592.6500244140625,622.2999877929688,828574,0.0,0.04905592546714477,0.4921431965046173,-0.04830102884216915,597858.9,662.888882110321
2025-01-30,645.9000244140625,672.8499755859375,630.7999877929688,634.9500122070312,1106272,0.0,0.020327855796569594,0.4945188763034415,-0.04830102884216915,632694.85,662.6108834048157
2025-01-31,636.9000244140625,678.0,632.4500122070312,670.3499755859375,1045600,0.0,0.05575236270310335,0.5374745413832962,-0.04830102884216915,641421.2,662.6878892971653
2025-02-01,670.3499755859375,710.0,644.7000122070312,659.9000244140625,1104983,0.0,-0.01558879921303935,0.5307016502890883,-0.04830102884216915,662504.2,662.6601493480797
2025-02-03,661.5,686.9500122070312,630.0999755859375,634.0,1834003,0.0,-0.039248406509849176,0.534845411429927,-0.04830102884216915,732742.45,662.3749737326759
2025-02-04,640.3499755859375,643.2000122070312,571.0,573.5499877929688,4671373,0.0,-0.09534702240856663,0.6084540299451343,-0.04878536299960929,941288.05,661.4911430268081
2025-02-05,577.0,594.6500244140625,575.0,577.7000122070312,2448809,0.0,0.007235680415637047,0.608567293884709,-0.04878536299960929,1049215.5,660.6574004315864
2025-02-06,585.4500122070312,588.9000244140625,567.0,568.7999877929688,1730196,2.0,-0.01540596196295907,0.606065932699445,-0.04878536299960929,1105528.6,659.7433963257296
2025-02-07,572.7999877929688,597.8499755859375,571.0499877929688,582.0,3484941,0.0,0.023206773013918935,0.6169487783284656,-0.04878536299960929,1245809.8,658.9698301931353
2025-02-10,582.0,583.6500244140625,559.25,567.8499755859375,1181017,0.0,-0.024312756725193285,0.6028178187045106,-0.04878536299960929,1285622.05,658.0631649731632
2025-02-11,569.9500122070312,572.1500244140625,546.0,556.8499755859375,1022278,0.0,-0.01937131367955003,0.5968031136793001,-0.04878536299960929,1313083.1,657.0560685613501
2025-02-12,555.0,582.5,546.5499877929688,575.7999877929688,1160804,0.0,0.03403073186290673,0.606565185449826,-0.04878536299960929,1344169.3,656.2475503447494
2025-02-13,577.5999755859375,583.9500122070312,564.2999877929688,566.2999877929688,1226767,0.0,-0.016498784649880527,0.6065392244686104,-0.04878536299960929,1390573.9,655.3525497223436
2025-02-14,566.2999877929688,604.9000244140625,555.1500244140625,588.7000122070312,3821668,0.0,0.039555050144644666,0.62606145209534,-0.04878536299960929,1521319.8,654.689340393833
2025-02-17,569.0,581.25,539.0499877929688,546.9000244140625,3051769,0.0,-0.0710038847056601,0.6259393352937143,-0.05476662152664846,1647364.15,653.6168098865717
2025-02-18,545.25,578.7999877929688,532.4000244140625,566.5499877929688,3333633,0.0,0.0359297175017661,0.6326443448993462,-0.05476662152664846,1797282.0,652.750473348327
2025-02-19,559.9000244140625,573.1500244140625,544.0499877929688,562.5999755859375,1044954,0.0,-0.0069720453484056755,0.6325434223344392,-0.05476662152664846,1826357.55,651.8534534700942
2025-02-20,563.4500122070312,594.2999877929688,558.75,577.7999877929688,1822829,0.0,0.02701744199544387,0.6406247821068333,-0.05476662152664846,1887091.1,651.1166030653467
2025-02-21,573.9500122070312,609.7999877929688,570.5499877929688,588.2000122070312,3272706,0.0,0.017999350352684518,0.6447111232725145,-0.05476662152664846,2028365.7,650.4905673354132
2025-02-24,575.0,578.9000244140625,558.0,563.5999755859375,851470,0.0,-0.04182257074220386,0.6512863166599215,-0.05476662152664846,2002232.3,649.6259843329308
2025-02-25,558.6500244140625,567.8499755859375,548.0,550.0499877929688,758313,0.0,-0.02404185305168216,0.6268482446107586,-0.05476662152664846,1998719.25,648.6351783972098
2025-02-27,552.7999877929688,555.2000122070312,520.3499755859375,524.0,1000340,0.0,-0.04735930982835257,0.6151550553562989,-0.05476662152664846,1993422.65,647.3950273683819
2025-02-28,523.5499877929688,524.0,481.0,486.0,2009819,0.0,-0.0725190839694656,0.6457001272498628,-0.058118346363973214,2041633.6,645.7891066980497
2025-03-03,486.75,493.7999877929688,460.2999877929688,478.2999877929688,1948272,0.0,-0.015843646516525034,0.5970580794001134,-0.058118346363973214,2083798.05,644.1225483009842
2025-03-04,471.7999877929688,498.6499938964844,467.25,486.8500061035156,1113042,0.0,0.017875848899765456,0.6079767059601746,-0.058118346363973214,2047750.0,642.5576473835965
2025-03-05,486.8500061035156,504.2999877929688,478.5499877929688,500.75,1077718,0.0,0.028550875469289583,0.61731730452864,-0.058118346363973214,1868067.25,641.1466260165956
2025-03-06,514.0,546.75,512.2000122070312,535.75,8559064,0.0,0.06989515726410378,0.5959449696238954,-0.058118346363973214,2173580.0,640.0979033696643
2025-03-07,539.0,639.0,535.75,613.5,20832897,0.0,0.14512365842277175,0.7857232314636097,-0.058118346363973214,3128715.05,639.8332476147423
2025-03-10,601.25,604.3499755859375,559.0,565.8499755859375,4846407,0.0,-0.07766915144916464,0.8332661827243107,-0.07107964466885038,3196788.35,639.0970956542567
2025-03-11,555.0,565.5999755859375,526.0,530.25,4508844,0.0,-0.06291415944495493,0.8574495405810554,-0.07107964466885038,3363179.7,638.0140399761049
2025-03-12,535.8499755859375,540.0,508.1000061035156,519.6500244140625,2958755,0.0,-0.019990524443069257,0.8562298230458922,-0.07107964466885038,3460003.55,636.8362885774777
2025-03-13,524.2000122070312,528.9500122070312,511.1000061035156,514.25,1785235,0.0,-0.01039165623084759,0.854611303261871,-0.07107964466885038,3491225.1,635.6165245120302
2025-03-17,514.25,524.0,507.0,509.0,1264100,0.0,-0.010209042294603843,0.844510156535824,-0.07107964466885038,3493091.75,634.3566585964877
2025-03-18,509.0,509.0,509.0,509.0,0,0.0,0.0,0.8434991460803659,-0.07107964466885038,3302008.35,633.1093286602043
2025-03-19,569.0,577.7999877929688,555.6500244140625,567.2000122070312,4113365,0.0,0.11434187074072932,0.9274832133202571,-0.07107964466885038,3355088.15,632.4535145661429
2025-03-20,572.4500122070312,583.4000244140625,554.25,568.2999877929688,2386679,0.0,0.0019393081140062218,0.8910145412764605,-0.07107964466885038,3307740.45,631.8151710161611
2025-03-21,572.0,572.9000244140625,559.7999877929688,565.5499877929688,1483168,0.0,-0.004838993593295315,0.8833524330376971,-0.07107964466885038,3329651.15,631.155815959214
2025-03-24,570.0,584.0,564.8499755859375,575.7999877929688,1619487,0.0,0.01812395052822846,0.884653369970474,-0.07107964466885038,3319484.05,630.6050116988534
2025-03-25,582.0,591.75,550.5,555.6500244140625,1563747,0.0,-0.03499472699911077,0.8891013639474173,-0.07107964466885038,3234036.1,629.8591909298506
2025-03-26,557.5499877929688,574.0,543.9000244140625,563.8499755859375,1957610,0.0,0.014757402702396893,0.8883258658067549,-0.07107964466885038,3289343.1,629.2023828169758
2025-03-27,564.0,616.5,515.5999755859375,560.4500122070312,2175103,0.0,-0.0060299078232167735,0.8759498522297235,-0.07107964466885038,3360182.6,628.5182796268272
2025-03-28,563.7999877929688,583.0,554.4500122070312,563.5999755859375,2153573,0.0,0.005620418075292344,0.871222102945157,-0.07107964466885038,3417844.25,627.8723263527885
2025-04-01,560.9500122070312,562.0,532.5499877929688,536.4500122070312,1384083,0.0,-0.048172399849166436,0.8718133065707796,-0.07107964466885038,3386557.45,626.962651585169
2025-04-02,540.0,545.6500244140625,526.0,541.9500122070312,1014446,0.0,0.010252586214645198,0.8281174772372943,-0.07107964466885038,3339866.15,626.116754675934
2025-04-03,530.1500244140625,540.7999877929688,530.0499877929688,535.4000244140625,878533,0.0,-0.012085962995543875,0.8269443974309022,-0.07107964466885038,3328140.7,625.2141006434775
2025-04-04,535.4000244140625,538.0,510.7999877929688,518.4000244140625,984436,0.0,-0.03175195970266287,0.8362565815425014,-0.07107964466885038,3323476.6,624.1512740143291
2025-04-07,480.0499877929688,499.0,471.7000122070313,493.3999938964844,1624667,0.0,-0.048225365239585316,0.8503364227759621,-0.07107964466885038,2976756.75,622.8502662519625
2025-04-08,503.25,505.0,478.7999877929688,488.3999938964844,1903705,0.0,-0.010133765832694763,0.812524070465772,-0.07107964466885038,2030297.15,621.512452596684
2025-04-09,489.0,491.8999938964844,473.2999877929688,477.3500061035156,1022975,0.0,-0.022624872913718286,0.6089805772324296,-0.07107964466885038,1839125.55,620.078000392772
2025-04-11,494.8999938964844,500.7999877929688,481.2000122070313,495.7999877929688,1532778,0.0,0.03865084624185,0.5816824535121803,-0.07107964466885038,1690322.25,618.8414032524755
2025-04-15,502.0,513.5999755859375,493.5,507.3500061035156,2291682,0.0,0.023295721248322687,0.5505789965824012,-0.07107964466885038,1656968.6,617.732036116665
2025-04-16,511.8500061035156,518.5,507.3500061035156,512.9500122070312,1284994,0.0,0.011037757043749874,0.5479674394580032,-0.07107964466885038,1631956.55,616.689428913584
2025-04-17,513.0,514.0999755859375,499.0,509.8999938964844,1372414,0.0,-0.005946034190395633,0.5471279366738595,-0.07107964466885038,1637372.25,615.6268474706278
2025-04-21,515.0,518.7999877929688,507.4500122070313,512.5999755859375,855891,0.0,0.0052951200662325615,0.5460667201783287,-0.07107964466885038,1680166.8,614.6017044668001
2025-04-22,514.3499755859375,516.75,506.5,509.7000122070313,1071846,0.0,-0.0056573615236545916,0.546533255901965,-0.07107964466885038,1528090.85,613.5579065338671
2025-04-23,515.0499877929688,533.9000244140625,512.7000122070312,521.25,2798867,0.0,0.022660363971655828,0.36987326253013936,-0.07107964466885038,1548700.25,612.6394199016894
2025-04-24,522.9500122070312,532.7999877929688,512.4000244140625,520.1500244140625,1666237,0.0,-0.0021102649130695372,0.3693535580235616,-0.07107964466885038,1557853.7,611.7191274092752
2025-04-25,523.2999877929688,524.6500244140625,495.0499877929688,506.75,1687064,0.0,-0.025761845208326806,0.3770222647268092,-0.07107964466885038,1561232.55,610.6746584798298
2025-04-28,505.0,526.7999877929688,500.7999877929688,525.1500244140625,1224145,0.0,0.03630986564195848,0.3958354432468794,-0.07107964466885038,1544252.45,609.8236670960907
2025-04-29,529.7999877929688,539.7999877929688,519.8499755859375,523.3499755859375,1177485,0.0,-0.0034276849365729722,0.3795373642885759,-0.07107964466885038,1505246.2,608.9632323546962
2025-04-30,524.0,532.75,511.25,520.1500244140625,1366485,0.0,-0.006114361939718038,0.37438025183848944,-0.07107964466885038,1464815.3,608.0795188428491
2025-05-02,516.0,516.9000244140625,502.8500061035156,509.3500061035156,771544,0.0,-0.02076327560055935,0.3790509925509469,-0.07107964466885038,1395713.85,607.0971356315125
2025-05-05,509.7999877929688,536.75,507.5499877929688,526.4500122070312,1828064,0.0,0.033572211443225974,0.4000267044161032,-0.07107964466885038,1417912.9,606.2946766919655
2025-05-06,530.0,532.0,501.1499938964844,504.5499877929688,893168,0.0,-0.04159943756530882,0.3912125592334264,-0.07107964466885038,1411849.0,605.2822917277963
2025-05-07,503.0499877929688,518.9000244140625,495.0499877929688,517.0,885193,0.0,0.024675478165187892,0.40027990032936717,-0.07107964466885038,1412182.0,604.4038609643356
2025-05-08,518.9500122070312,536.5,518.0,526.0999755859375,1279306,0.0,0.017601500166223305,0.40399065844838766,-0.06331864570799019,1426925.5,603.6247178262421
2025-05-09,515.9000244140625,521.75,506.3999938964844,515.6500244140625,700107,0.0,-0.01986305199926397,0.39439686203083874,-0.06331864570799019,1380697.5,602.7493477425388
2025-05-12,549.0,578.7999877929688,545.5,559.5,9735728,0.0,0.08503824980085017,0.45449675913568294,-0.06331864570799019,1772298.65,602.3190059739563
2025-05-13,559.5,564.0,547.25,550.5999755859375,955700,0.0,-0.01590710351038871,0.4575706641614399,-0.06331864570799019,1768934.9,601.8043887561652
2025-05-14,555.0,595.7000122070312,550.9500122070312,574.0499877929688,4959820,0.0,0.04258992598406164,0.46171336954353814,-0.06331864570799019,1940287.0,601.5282255625015
2025-05-15,578.0,619.2000122070312,572.9500122070312,615.2000122070312,8136491,0.0,0.07168369530373253,0.5007734409142045,-0.06331864570799019,2232527.45,601.6642632405565
2025-05-16,619.9000244140625,622.9000244140625,598.0999755859375,605.1500244140625,1979336,0.0,-0.016336130678727412,0.5070832494875647,-0.06331864570799019,2267244.55,601.6989474313376
2025-05-19,609.9000244140625,616.9000244140625,597.25,600.4000244140625,1211927,0.0,-0.007849293246908862,0.5102924217976632,-0.06331864570799019,2259220.2,601.6860228242006
2025-05-20,605.0,606.1500244140625,584.0,585.0999755859375,1142479,0.0,-0.025483091615554954,0.5213894350836018,-0.06331864570799019,2273549.6,601.5209875282975
2025-05-21,581.2999877929688,586.7999877929688,562.0499877929688,575.0,1634887,0.0,-0.01726196548858694,0.5281704071030129,-0.048959804949853795,2301701.65,601.2570971051304
2025-05-22,576.4500122070312,588.7000122070312,568.0,572.3499755859375,935197,0.0,-0.004608738111413047,0.5278912097982262,-0.048959804949853795,2208518.15,600.9694640551882
2025-05-23,572.6500244140625,587.7999877929688,568.1500244140625,581.6500244140625,1260618,0.0,0.016248884816679077,0.5258123729854975,-0.048959804949853795,2188237.2,600.7772308249282
2025-05-26,584.7000122070312,595.0,577.7000122070312,590.7999877929688,654851,0.0,0.015731046152922756,0.5260864089406007,-0.048959804949853795,2136626.55,600.677954774859
2025-05-27,591.7999877929688,617.5499877929688,588.1500244140625,606.0,2537329,0.0,0.025727847869146725,0.5163313910499675,-0.048959804949853795,2202285.75,600.730910448741
2025-05-28,606.75,609.25,590.0,592.0999755859375,1475802,0.0,-0.022937334016604805,0.5177016688723324,-0.048959804949853795,2217201.6,600.6450304998575
2025-05-29,596.0,597.4000244140625,582.0,595.4000244140625,1149964,0.0,0.005573465570335889,0.516524771991296,-0.048959804949853795,2206375.55,600.592841384576
2025-05-30,598.0,598.0,576.2999877929688,581.25,947852,0.0,-0.02376557580424632,0.525562364552549,-0.048959804949853795,2215190.95,600.4003753011474
2025-06-02,582.0,582.9000244140625,572.8499755859375,575.5499877929688,828820,0.0,-0.009806472614247275,0.5199216081858697,-0.04817504811868738,2165228.75,600.1531077637526
2025-06-03,577.0,594.9000244140625,576.0999755859375,590.1500244140625,918452,0.0,0.025367104388412498,0.5152615394927311,-0.04817504811868738,2166492.95,600.053574596094
2025-06-04,592.7999877929688,595.4000244140625,583.0,591.1500244140625,1002418,0.0,0.0016944843830055678,0.4859185760371541,-0.04817504811868738,2172354.2,599.9649820569693
2025-06-05,591.7999877929688,596.7000122070312,585.3499755859375,587.1500244140625,716723,0.0,-0.0067664718511425415,0.4845324315477676,-0.04817504811868738,2144225.05,599.8374700406221
2025-06-06,586.0999755859375,597.0,580.0,591.75,1346736,0.0,0.007834412662296897,0.4828933776384484,-0.04817504811868738,2176556.5,599.7569977019094
2025-06-09,594.5499877929688,616.9000244140625,592.6500244140625,607.4500122070312,1675168,0.0,0.02653149506891639,0.4782546853620594,-0.04817504811868738,1773528.5,599.8335451099206
2025-06-10,609.75,616.2999877929688,601.5499877929688,608.5999755859375,926163,0.0,0.001893099606218085,0.3883279419068845,-0.041928085679501695,1772051.65,599.9207732738611
2025-06-11,608.7999877929688,615.5,601.5,611.9500122070312,1368339,0.0,0.005504496804930703,0.38131436611694497,-0.03532496252742067,1592477.6,600.040467193594
2025-06-12,620.0,633.7000122070312,597.0,602.2999877929688,2988102,0.0,-0.01576930177557989,0.36255794740902364,-0.03532496252742067,1335058.15,600.0629499856277
2025-06-13,588.0,608.4500122070312,582.2999877929688,600.3499755859375,984375,0.0,-0.003237609574220257,0.26124728916918366,-0.03532496252742067,1285310.1,600.0658059617502
2025-06-16,596.0,606.5999755859375,591.6500244140625,600.9000244140625,672507,0.0,0.0009162136262073073,0.25528251136976216,-0.03532496252742067,1258339.1,600.0741066428678
2025-06-17,599.9000244140625,617.4500122070312,594.3499755859375,605.2000122070312,913065,0.0,0.007155912162196465,0.2549183001114416,-0.03532496252742067,1246868.4,600.1251106783321
2025-06-18,605.2000122070312,628.0,601.2999877929688,615.0,2407957,0.0,0.016192973554693735,0.24194126756669643,-0.03532496252742067,1285521.9,600.2731195273041
2025-06-19,614.0999755859375,619.0499877929688,603.4000244140625,609.1500244140625,996764,0.0,-0.009512155424288626,0.2353709778013027,-0.03532496252742067,1288600.25,600.3614469391126
2025-06-20,609.0,613.1500244140625,593.5499877929688,602.2000122070312,1718983,0.0,-0.01140936046701535,0.23923562915542332,-0.03532496252742067,1311518.5,600.3797411208831
2025-06-23,595.9500122070312,600.9500122070312,588.0,597.9500122070312,495068,0.0,-0.007057455851626426,0.23599910826768786,-0.03532496252742067,1303529.35,600.35556471378
2025-06-24,607.9000244140625,619.9000244140625,600.5,606.7999877929688,877790,0.0,0.014800527477660363,0.2353092312802852,-0.03224433359579516,1220552.4,600.4196883265083
2025-06-25,609.9500122070312,615.0,605.0,611.9500122070312,572553,0.0,0.00848718608712229,0.21990455013935156,-0.03224433359579516,1175389.95,600.5344179173593
2025-06-26,612.9500122070312,618.7999877929688,606.3499755859375,608.2999877929688,707242,0.0,-0.005964579363106015,0.20436783532383657,-0.03224433359579516,1153253.85,600.6116872693553
2025-06-27,610.0499877929688,639.0,604.5,606.7000122070312,5034127,0.0,-0.0026302410291713096,0.2042149984912475,-0.03224433359579516,1357567.6,600.672267616994
2025-06-30,611.9500122070312,614.2999877929688,605.5,612.4500122070312,632801,0.0,0.009477501045505043,0.18504007760011654,-0.026061350933043608,1347766.65,600.789459105452
2025-07-01,614.7999877929688,616.0499877929688,603.25,606.0,674863,0.0,-0.010531491678460236,0.1856664452038774,-0.026061350933043608,1335587.2,600.8413052835072
2025-07-02,609.0,626.4000244140625,602.4500122070312,619.25,2237137,0.0,0.02186468646864692,0.18056290816468692,-0.026061350933043608,1397323.15,601.0244763752136
2025-07-03,622.8499755859375,640.0,616.5,637.0499877929688,1706467,0.0,0.02874442921755138,0.20231778133817546,-0.025497029295193548,1446810.35,601.3829391753902
2025-07-04,642.0,649.9000244140625,628.5499877929688,645.6500244140625,2188053,0.0,0.013499783040398672,0.20135640801517096,-0.02385145159481175,1488876.2,601.8234076852278
2025-07-07,648.0,659.5,632.0999755859375,637.1500244140625,1709765,0.0,-0.013165026993863904,0.21006978875628146,-0.02385145159481175,1490606.05,602.1749163093954
2025-07-08,637.2000122070312,657.1500244140625,635.5,640.0499877929688,1096462,0.0,0.004551460829924858,0.19295112287345148,-0.02385145159481175,1499121.0,602.5517826923166
2025-07-09,641.0,653.0,639.0499877929688,643.25,844381,0.0,0.004999628572864401,0.19311536397523651,-0.02385145159481175,1472923.1,602.9567400784628
2025-07-10,647.2999877929688,651.4500122070312,642.4000244140625,647.3499755859375,575408,0.0,0.006373844673047024,0.19329724703591605,-0.02385145159481175,1352288.4,603.3984638148556
2025-07-11,648.0,654.0,637.25,643.7999877929688,1429829,0.0,-0.005483877233108059,0.1839368958765113,-0.02385145159481175,1374561.1,603.8004690285683
2025-07-14,642.0,652.4000244140625,639.0,649.0,541862,0.0,0.008077061673855468,0.1830891719669228,-0.02385145159481175,1368028.85,604.2502156053985
2025-07-15,650.0,666.2000122070312,650.0,660.7999877929688,1026049,0.0,0.018181799372833263,0.18934807137256557,-0.02385145159481175,1373678.05,604.8128999057723
2025-07-16,660.0,670.0,650.0,651.9000244140625,852401,0.0,-0.013468467831895037,0.1990727989569825,-0.02385145159481175,1295900.25,605.2814285078448
2025-07-17,651.0,659.9000244140625,648.0499877929688,651.1500244140625,343321,0.0,-0.0011504831598588838,0.1942797314388668,-0.02385145159481175,1263228.1,605.7378324472102
2025-07-18,651.9500122070312,675.2000122070312,650.4500122070312,667.75,2377757,0.0,0.025493319455643038,0.2039437029987757,-0.02385145159481175,1296166.8,606.3548689402727
2025-07-21,671.0999755859375,671.9500122070312,660.0499877929688,665.6500244140625,431304,0.0,-0.0031448529927929902,0.1977557012042434,-0.02297874610598688,1292978.6,606.9448704872756
2025-07-22,667.0,672.7999877929688,655.2000122070312,660.4000244140625,479788,0.0,-0.007887027427996074,0.19840516045739595,-0.02297874610598688,1273078.5,607.4767625661491
2025-07-23,661.0,661.9000244140625,625.5,629.0,1299141,0.0,-0.04754697645858219,0.2651849768139158,-0.02385145159481175,1309407.9,607.6909241326551
2025-07-24,629.0,635.2999877929688,622.0999755859375,624.3499755859375,418772,0.0,-0.007392725618541318,0.2658791550160395,-0.02385145159481175,1294984.4,607.856685838658
2025-07-25,623.0,623.5499877929688,607.0,616.0,580670,0.0,-0.013373870285013245,0.2695695733359109,-0.02385145159481175,1072311.55,607.9377138402634
2025-07-28,614.9000244140625,619.5,607.0499877929688,613.0,561772,0.0,-0.004870129870129913,0.2700334340811012,-0.02385145159481175,1068760.1,607.988084846828
2025-07-29,607.7000122070312,611.2999877929688,597.4000244140625,606.2000122070312,481960,0.0,-0.011092965404516764,0.2709426384470238,-0.02297874610598688,1059114.95,607.9702930792678
2025-07-30,608.5999755859375,615.5999755859375,605.0499877929688,609.7000122070312,253448,0.0,0.005773671939163005,0.26910256244950626,-0.02297874610598688,959930.5,607.9875042148674
2025-07-31,601.9000244140625,604.2999877929688,593.0999755859375,599.2999877929688,315045,0.0,-0.01705760899760489,0.2637599488978472,-0.02297874610598688,890359.4,607.9010612653958
2025-08-01,598.9500122070312,606.0,584.3499755859375,587.8499755859375,442063,0.0,-0.019105643985073306,0.24630286896297493,-0.02297874610598688,803059.9,607.7015479750529
2025-08-04,588.9000244140625,596.9000244140625,583.8499755859375,590.3499755859375,599803,0.0,0.004252785751174271,0.2401712519770804,-0.02297874610598688,747561.8,607.5288955134697
2025-08-05,540.0,560.0,529.0,532.8499755859375,5292004,0.0,-0.09739985157605835,0.40246263113279723,-0.02385145159481175,957338.9,606.785821683345
2025-08-06,535.0,542.0,515.4000244140625,529.3499755859375,1949083,0.0,-0.00656845296117603,0.3998739292494216,-0.02385145159481175,1012574.0,606.0153157520275
2025-08-07,529.3499755859375,530.0,512.0,519.5999755859375,1134372,0.0,-0.018418816377969494,0.3980002083826977,-0.02385145159481175,1040522.2,605.1554616210217
2025-08-08,520.7000122070312,534.3499755859375,517.5,528.0499877929688,857686,0.0,0.01626253388003418,0.40448504377710803,-0.02385145159481175,1011915.05,604.3882429759665
2025-08-11,529.0,531.0499877929688,515.7999877929688,520.9500122070312,551653,0.0,-0.013445650506711426,0.40447156307144255,-0.02385145159481175,1012404.6,603.5580118240368
2025-08-12,521.7999877929688,523.5999755859375,513.3499755859375,515.7000122070312,2025447,0.0,-0.010077742349516638,0.39926859505163564,-0.02297874610598688,1062374.5,602.6838028726239
2025-08-13,519.7000122070312,524.0,515.2000122070312,517.0,276014,0.0,0.002520821722313382,0.3886003797486143,-0.02297874610598688,1033555.15,601.8312277196625
2025-08-14,516.0499877929688,518.9500122070312,510.0,511.2999877929688,493098,0.0,-0.011025168678977182,0.3885222566932546,-0.02297874610598688,1041044.0,600.930419362183
2025-08-18,514.0499877929688,526.75,507.0,525.9500122070312,911801,0.0,0.028652502960736292,0.41128780942075027,-0.02297874610598688,967746.2,600.1843456591467
2025-08-19,525.9500122070312,530.0,518.0499877929688,525.5499877929688,580436,0.0,-0.0007605749686816488,0.39254278719772734,-0.02297874610598688,975202.8,599.4417152326176
2025-08-20,525.7000122070312,534.0,520.0,532.3499755859375,439097,0.0,0.012938803065194904,0.4004889808102313,-0.02297874610598688,973168.25,598.7741357336457
2025-08-21,535.0,539.2999877929688,525.4000244140625,535.5,547370,0.0,0.005917205895605404,0.4043590843569916,-0.019338640576031955,935579.7,598.1445423432613
2025-08-22,533.9500122070312,536.0999755859375,526.0999755859375,534.0499877929688,606329,0.0,-0.002707772562149824,0.38048197563293734,-0.019338640576031955,944957.55,597.5067855815669
2025-08-25,534.0499877929688,538.7999877929688,528.4500122070312,532.1500244140625,311495,0.0,-0.0035576508235831694,0.3807243037609738,-0.018453157758324686,931498.8,596.8564695500494
2025-08-26,532.0999755859375,533.7000122070312,523.4500122070312,529.7999877929688,497776,0.0,-0.004416116721372543,0.3801856424373687,-0.018453157758324686,928299.0,596.1892408758496
2025-08-28,526.0499877929688,527.9500122070312,520.0,524.0,823081,0.0,-0.010947504580228973,0.3803664951438954,-0.018453157758324686,945355.05,595.4709399716123
2025-08-29,526.3499755859375,529.0,515.5499877929688,519.0999755859375,965572,0.0,-0.009351191629890288,0.3801871185839603,-0.018453157758324686,980961.25,594.7110298782226
2025-09-01,519.7999877929688,522.9000244140625,511.2000122070313,520.5,676494,2.0,0.002697022692945028,0.3790248733296921,-0.018453157758324686,999033.7,593.9726116704792
2025-09-02,524.0,533.3499755859375,521.0999755859375,530.25,783570,0.0,0.018731988472622474,0.3875011455146981,-0.018453157758324686,1016109.05,593.338555832962
2025-09-03,532.9000244140625,533.0999755859375,523.7999877929688,527.4000244140625,537011,0.0,-0.005374777154054655,0.38433951832871677,-0.018453157758324686,1012969.45,592.6824510427243
2025-09-04,527.4000244140625,529.9000244140625,512.0999755859375,514.8499755859375,1420057,0.0,-0.023796071761786552,0.3882214989677175,-0.019340165373908966,819372.1,591.907998550617
2025-09-05,515.8499755859375,517.75,507.0,511.0499877929688,515752,0.0,-0.007380767161626167,0.20264276824661456,-0.019340165373908966,747705.55,591.1034412296453
2025-09-08,515.0,517.0499877929688,507.0,508.0499877929688,309075,0.0,-0.005870267237371163,0.20245487586114744,-0.019340165373908966,706440.7,590.2770387078874
2025-09-09,511.8999938964844,515.0,506.0,513.2999877929688,450985,0.0,0.010333628828152586,0.19728806205325292,-0.019340165373908966,686105.65,589.5110979027638
2025-09-10,517.9500122070312,520.9500122070312,513.5,515.9500122070312,259318,0.0,0.005162720586565417,0.18897149183124162,-0.019340165373908966,671488.9,588.7791468013138
2025-09-11,517.0,518.8499755859375,509.0,513.4000244140625,310945,0.0,-0.004942315597708635,0.18417035828721648,-0.019340165373908966,585763.8,588.0291057825352
2025-09-12,516.0,538.7000122070312,513.6500244140625,531.6500244140625,1194691,0.0,0.0355473298249811,0.21917390386017543,-0.019340165373908966,631697.65,587.4681198982718
2025-09-15,536.7999877929688,554.0,533.4000244140625,542.3499755859375,1090531,0.0,0.020125929992512503,0.22845337757284395,-0.019340165373908966,661569.3,587.0191831389451
2025-09-16,544.7999877929688,546.25,535.1500244140625,539.8499755859375,661463,0.0,-0.004609569673713176,0.22476128002342013,-0.019340165373908966,649052.4,586.5498377901589
2025-09-17,543.0499877929688,546.0,536.5499877929688,540.1500244140625,464158,0.0,0.0005558003921355414,0.20397311969788232,-0.019340165373908966,643238.5,586.0881481048247
2025-09-18,541.5,544.4000244140625,531.2999877929688,537.0,433248,0.0,-0.00583175834802474,0.20538506587273078,-0.019340165373908966,642946.05,585.5997088201995
2025-09-19,534.8499755859375,543.9000244140625,532.3499755859375,536.0999755859375,672003,0.0,-0.001676023117434866,0.20096809138711774,-0.019340165373908966,649177.7,585.1071741611521
2025-09-22,538.0,547.0,534.2999877929688,539.7999877929688,321951,0.0,0.006901720528875721,0.20133662776049,-0.019340165373908966,634958.8,584.6563563863443
2025-09-23,541.0,542.2999877929688,528.0499877929688,530.1500244140625,836676,0.0,-0.017876924040626907,0.21096777396494154,-0.019340165373908966,661217.85,584.1140048244312
2025-09-24,530.1500244140625,537.5,520.0,522.1500244140625,515428,0.0,-0.015090068153522873,0.21693345961922203,-0.019340165373908966,662100.45,583.4974478054226
2025-09-25,522.0,526.9000244140625,509.5499877929688,516.1500244140625,450576,0.0,-0.011490950338904904,0.21977911469267003,-0.019340165373908966,643475.2,582.8273241895881
2025-09-26,516.0,518.0,508.5499877929688,515.5,390016,0.0,-0.0012593710807248248,0.2168814855744214,-0.019340165373908966,614697.4,582.1574005658113
2025-09-29,515.6500244140625,523.0,511.9500122070313,519.0499877929688,288508,0.0,0.006886494263760978,0.21600355112183572,-0.019340165373908966,595298.1,581.5294661103601
2025-09-30,517.0,521.7999877929688,515.2999877929688,518.9500122070312,167961,0.0,-0.00019261263517722504,0.21579477903636327,-0.019340165373908966,564517.65,580.9067849769937
2025-10-01,518.9500122070312,524.8499755859375,517.25,523.5999755859375,146018,0.0,0.008960330030884034,0.20757432555555652,-0.019340165373908966,544968.0,580.3365679681275
2025-10-03,526.0,528.4500122070312,520.0999755859375,521.6500244140625,258289,0.0,-0.0037241238785256092,0.2071662376932046,-0.019340165373908966,486879.6,579.7526222611219
2025-10-06,521.1500244140625,527.75,519.0,521.7999877929688,328072,0.0,0.0002874789070981265,0.18895477668645852,-0.019340165373908966,477495.6,579.1759791320857
2025-10-07,524.0,526.25,518.0999755859375,523.7999877929688,874443,0.0,0.0038328862529477536,0.18688979037684264,-0.019340165373908966,505764.0,578.6249742431393
2025-10-08,523.0,538.5,521.9500122070312,526.4500122070312,700792,0.0,0.005059229621650729,0.18548054858996282,-0.019340165373908966,518254.35,578.1058203920338
2025-10-09,527.0,532.7000122070312,523.0,528.0,319810,0.0,0.0029442259607341814,0.18292553397475633,-0.019340165373908966,521278.95,577.6072550149987
2025-10-10,530.0,536.2999877929688,524.0,526.6500244140625,477945,0.0,-0.002556771943063474,0.18288370599603185,-0.019340165373908966,529628.95,577.1002178945914
2025-10-13,520.0499877929688,528.0999755859375,520.0499877929688,525.4500122070312,187016,0.0,-0.002278576191781956,0.18201645733166183,-0.019340165373908966,479245.2,576.5862854996903
2025-10-14,525.5999755859375,527.7999877929688,520.7999877929688,524.1500244140625,188466,0.0,-0.00247404655584349,0.1324262727726619,-0.019340165373908966,434141.95,576.0645316580424
2025-10-15,523.0,526.0,516.7999877929688,523.5,293694,0.0,-0.001240149544568192,0.10877600717660853,-0.019340165373908966,415753.5,575.5415014922908
2025-10-16,525.5,525.7999877929688,518.5999755859375,522.2999877929688,273811,0.0,-0.0022922869284264236,0.10827950496548003,-0.019340165373908966,406236.15,575.0117351868249
2025-10-17,522.0,525.4500122070312,518.0,521.2999877929688,338871,0.0,-0.0019146085073170616,0.10801191972921975,-0.019340165373908966,401517.3,574.477289939125
2025-10-20,522.0499877929688,523.0,515.5499877929688,518.0999755859375,257102,0.0,-0.006138523464347623,0.10816604220869497,-0.018453157758324686,380772.25,573.9163216371032
2025-10-21,522.0,534.5,520.0,528.2000122070312,143579,0.0,0.019494377720576495,0.13069652965893613,-0.018453157758324686,371853.65,573.4614329860578
2025-10-23,530.0,532.0,523.0,528.75,206985,0.0,0.0010412491106743804,0.1279642700488689,-0.018453157758324686,340369.1,573.0165431055997
2025-10-24,529.0,532.4000244140625,522.2999877929688,523.9500122070312,116713,0.0,-0.009077991097813265,0.11641055623678029,-0.018453157758324686,320433.35,572.5283189175542
2025-10-27,524.0,525.75,517.7000122070312,521.0,220159,0.0,-0.005630331402426969,0.10561919684624581,-0.018453157758324686,308912.5,572.0155993263347
2025-10-28,521.0,525.0,518.7000122070312,522.2999877929688,217261,0.0,0.002495178105506257,0.09737747574614941,-0.018453157758324686,300274.75,571.5209166245103
2025-10-29,522.2999877929688,538.0,520.5,536.0,373325,0.0,0.02623015992192923,0.1314339313763869,-0.018453157758324686,304515.6,571.1674746680476
2025-10-30,543.0,543.0,525.0499877929688,528.25,346132,0.0,-0.014458955223880632,0.14161683855369744,-0.017904018657494036,313424.15,570.7404351191119
2025-10-31,530.4500122070312,540.4500122070312,528.4500122070312,535.2999877929688,344093,0.0,0.013345930512008941,0.14795519579085434,-0.017904018657494036,323327.9,570.3877938521852
2025-11-03,535.2999877929688,541.0,530.0,540.0499877929688,305065,0.0,0.008873529064673091,0.14790048653518015,-0.015229410947878073,325666.7,570.0859251351781
2025-11-04,544.0,546.9500122070312,532.9500122070312,536.2000122070312,473209,0.0,-0.007128924493955191,0.14987728190920033,-0.015229410947878073,332923.55,569.7487518722114
2025-11-06,533.3499755859375,535.8499755859375,523.2000122070312,526.25,205320,0.0,-0.018556531108748775,0.16501619614743687,-0.015229410947878073,299467.4,569.3159284704979
2025-11-07,526.0,527.6500244140625,513.1500244140625,515.8499755859375,253913,0.0,-0.019762516701306465,0.17861454212342878,-0.017910904394033,277123.45,568.7839289393082
2025-11-10,517.2999877929688,531.0,517.0499877929688,529.0499877929688,378648,0.0,0.025588858838343054,0.19980907085960392,-0.017910904394033,280065.35,568.3885663408372
2025-11-11,526.5,559.8499755859375,522.4000244140625,536.2000122070312,3354297,0.0,0.013514837121327838,0.2048567968440439,-0.017910904394033,423882.95,568.0682822201028
2025-11-12,538.2000122070312,546.9500122070312,526.0999755859375,543.2000122070312,516810,0.0,0.013054829990002403,0.20872289197414426,-0.017910904394033,440372.65,567.820836747336
2025-11-13,542.6500244140625,550.9000244140625,533.0999755859375,535.25,269506,0.0,-0.014635515516154385,0.2158512946246326,-0.017910904394033,444424.65,567.4967488195018
2025-11-14,534.2000122070312,544.5,531.0499877929688,540.5499877929688,220832,0.0,0.009901892186770178,0.21761492504173038,-0.017910904394033,440781.55,567.2286218441135
2025-11-17,544.9000244140625,549.8499755859375,532.5,537.1500244140625,435272,0.0,-0.006289822321129068,0.2191306314220963,-0.017910904394033,448854.6,566.9293323174463
2025-11-18,537.1500244140625,554.2999877929688,530.3499755859375,540.1500244140625,3990380,0.0,0.0055850318600887405,0.21919490415276982,-0.017910904394033,631430.05,566.6628715422884
2025-11-19,540.2000122070312,548.5499877929688,534.0,546.7000122070312,637579,0.0,0.012126238076308526,0.2216664701514003,-0.017910904394033,650453.9,566.4642361260171
2025-11-20,549.9000244140625,549.9000244140625,538.2999877929688,541.1500244140625,223873,0.0,-0.01015179745572603,0.22402869677775944,-0.017910904394033,654468.6,566.2123534224155
2025-11-21,542.0,542.8499755859375,537.0,539.3499755859375,279100,0.0,-0.003326339733743966,0.21558074642766706,-0.017910904394033,658074.35,565.945066080759
2025-11-24,535.0,544.4000244140625,534.0499877929688,541.5499877929688,540319,0.0,0.004079006779672545,0.2158300543089677,-0.017910904394033,679254.65,565.702328983368
2025-11-25,542.5999755859375,543.7999877929688,535.5,538.9000244140625,248502,0.0,-0.004893294134685311,0.21378960985501233,-0.017910904394033,680671.8,565.4356393856635
2025-11-26,544.9500122070312,544.9500122070312,537.6500244140625,541.8499755859375,213640,0.0,0.005474023080779045,0.21262854969532802,-0.017910904394033,680490.75,565.2009561637758
2025-11-27,546.9500122070312,546.9500122070312,538.0,542.0999755859375,220484,0.0,0.0004613823221633062,0.2126802234148026,-0.017910904394033,672848.7,564.9710956605137
2025-11-28,530.0499877929688,543.8499755859375,530.0499877929688,536.9000244140625,293184,0.0,-0.009592236498912499,0.1965478722086195,-0.017910904394033,670201.3,564.691781518758
2025-12-01,538.25,539.4000244140625,518.4000244140625,526.5499877929688,697870,0.0,-0.01927740016847479,0.2017025270778293,-0.018592574561735076,687890.15,564.3122611831781
2025-12-02,526.0,530.9000244140625,520.5,524.4500122070312,286549,0.0,-0.003988178966140565,0.19602636875847176,-0.017910904394033,686964.35,563.9156218898831
2025-12-03,523.0,548.0,522.5499877929688,545.2999877929688,1423824,0.0,0.039755887311728744,0.239747106939154,-0.017910904394033,734495.1,563.7303916998641
2025-12-04,542.7000122070312,542.9500122070312,536.2000122070312,538.25,236770,0.0,-0.012928641024737009,0.2429142294752466,-0.017910904394033,736067.6,563.4768554640445
2025-12-05,538.25,547.0,534.1500244140625,545.4000244140625,218914,0.0,0.013283835418602008,0.2367469178854752,-0.017910904394033,734317.65,563.2969864983731
2025-12-08,545.4000244140625,546.8499755859375,530.2999877929688,537.1500244140625,331550,0.0,-0.01512651197414816,0.23192007408110035,-0.017910904394033,731962.75,563.0368177214149
2025-12-09,537.1500244140625,554.0,532.3499755859375,549.5499877929688,563199,0.0,0.0230847301783752,0.22885687153658743,-0.017910904394033,592407.85,562.902620408694
2025-12-10,550.0,550.4500122070312,531.0,533.4000244140625,272614,0.0,-0.029387614844221255,0.24883034103749013,-0.018592574561735076,580198.05,562.6090622395932
2025-12-11,534.4500122070312,534.4500122070312,517.75,524.4000244140625,510148,0.0,-0.016872890116355843,0.250436960693579,-0.018592574561735076,592230.15,562.2288728084934
2025-12-12,526.0,536.4000244140625,525.7999877929688,532.9000244140625,176028,0.0,0.0162090000081474,0.25292365296557284,-0.018592574561735076,589989.95,561.9370434712355
2025-12-15,528.0,539.0999755859375,527.0999755859375,535.5499877929688,432115,0.0,0.004972721443989414,0.25103961324887947,-0.018592574561735076,589832.1,561.6744857032926
2025-12-16,538.9000244140625,538.9000244140625,525.25,527.2999877929688,245414,0.0,-0.01540472446652219,0.25571116481155454,-0.018592574561735076,402583.8,561.3324508982148
2025-12-17,528.0,529.6500244140625,522.0999755859375,526.0,174275,0.0,-0.00246536662822594,0.2547137567029378,-0.018592574561735076,379418.6,560.9808842226107
2025-12-18,524.0999755859375,524.9000244140625,519.0999755859375,522.8499755859375,128347,0.0,-0.00598863957046103,0.2505200605310452,-0.018592574561735076,374642.3,560.6014721963751
2025-12-19,521.8499755859375,531.0,518.0,528.4000244140625,256311,0.0,0.010614992994702366,0.25233204568061035,-0.018592574561735076,373502.85,560.2810597806307
2025-12-22,535.0999755859375,538.25,525.7999877929688,536.4000244140625,590859,0.0,0.015140044720609369,0.25824017658804294,-0.018592574561735076,376029.85,560.0434375381773
2025-12-23,536.0,544.6500244140625,534.0999755859375,537.7999877929688,134178,0.0,0.002609924152101817,0.2579880903824481,-0.018592574561735076,370313.65,559.8221096800161
2025-12-24,537.7999877929688,548.0,536.4000244140625,545.0499877929688,224228,0.0,0.013480848204836526,0.2616078334477217,-0.018592574561735076,370843.05,559.6751233925828
2025-12-26,545.0,546.7000122070312,539.4000244140625,544.7999877929688,190895,0.0,-0.000458673526463671,0.26104155851923194,-0.018592574561735076,369363.6,559.5271120930842
2025-12-29,542.25,545.5,538.2000122070312,543.5999755859375,227525,0.0,-0.0022026656276050716,0.26119504797629534,-0.018592574561735076,366080.65,559.3686331228638
2025-12-30,538.1500244140625,544.7000122070312,529.0999755859375,532.5499877929688,515829,0.0,-0.02032742510898411,0.2688327692966822,-0.019301655995116372,356978.6,559.1017809305265
2025-12-31,532.0,541.5,531.1500244140625,538.25,1608226,0.0,0.010703243522084405,0.2620737581897084,-0.019301655995116372,423062.45,558.8943005232576
2026-01-01,538.2999877929688,544.9000244140625,531.0,537.2999877929688,103750,0.0,-0.0017650017780422855,0.261634526714807,-0.019301655995116372,357058.75,558.6794317398717
2026-01-02,537.2999877929688,542.0,532.0,540.7999877929688,164120,0.0,0.006514051888176553,0.22244934059847815,-0.019301655995116372,353426.25,558.5015268249772
2026-01-05,537.7000122070312,542.0,534.5499877929688,538.9500122070312,148824,0.0,-0.0034208129210345772,0.21804328747273927,-0.019301655995116372,349921.75,558.3069843909677
2026-01-06,540.0,547.9000244140625,536.4000244140625,538.6500244140625,300456,0.0,-0.0005566152447799011,0.2127474481658668,-0.019301655995116372,348367.05,558.1113927494065
2026-01-07,535.2999877929688,537.0499877929688,526.0,532.9500122070312,228328,0.0,-0.01058203276465397,0.209368256847268,-0.019301655995116372,331623.5,557.86103075396
2026-01-08,530.5499877929688,535.75,524.2999877929688,530.4000244140625,149928,0.0,-0.004784665980977931,0.1916736705222468,-0.019301655995116372,325489.2,557.5877869097819
2026-01-09,524.0,527.75,513.0,517.8499755859375,283769,0.0,-0.02366147860190837,0.1820030301443263,-0.01979076212169035,314170.25,557.192385802082
2026-01-12,513.5,519.9500122070312,499.0,514.2999877929688,531920,0.0,-0.006855243719866899,0.1743829764308679,-0.01979076212169035,331964.85,556.7655957721405
2026-01-13,514.25,516.8499755859375,510.1000061035156,513.2999877929688,192944,0.0,-0.0019443904797495914,0.1629472947602342,-0.01979076212169035,320006.3,556.3331021604074
2026-01-14,510.0,512.75,505.0499877929688,508.5499877929688,476805,0.0,-0.009253847872515042,0.1630235821715371,-0.01979076212169035,331575.85,555.8576482861046
2026-01-15,508.5499877929688,508.5499877929688,508.5499877929688,508.5499877929688,0,0.0,0.0,0.15614027948089204,-0.01979076212169035,322862.1,555.3869252961232
2026-01-16,506.0,508.7999877929688,501.1000061035156,502.8999938964844,709019,0.0,-0.011110006945442175,0.15952562061730488,-0.01979076212169035,351895.7,554.8646672722463
2026-01-19,497.7000122070313,497.7000122070313,477.0,481.1000061035156,1013812,0.0,-0.043348554499000436,0.21417259263752653,-0.02049412778363032,389770.75,554.1306905441992
2026-01-20,481.1000061035156,481.75,461.1000061035156,470.8999938964844,1040318,0.0,-0.021201438531756267,0.21542048808906822,-0.02132444053526387,412243.7,553.302524408401
2026-01-21,465.0,472.2000122070313,454.1000061035156,469.2000122070313,685292,0.0,-0.003610069465889154,0.20230670086401978,-0.02132444053526387,439799.4,552.4656834909745
2026-01-22,470.5,480.0,467.5,476.2000122070313,370558,0.0,0.014919010694550705,0.2133123718472865,-0.02132444053526387,447115.9,551.7068210901393
2026-01-23,478.2000122070313,479.4500122070313,460.1000061035156,462.2999877929688,140568,0.0,-0.029189466731931457,0.21619023928391512,-0.023937878008409522,444599.55,550.8172008583267
2026-01-27,462.0,473.5,454.1000061035156,469.25,368883,0.0,0.015033554814073646,0.22902724784615236,-0.023937878008409522,451667.45,550.005586919438
2026-01-28,468.0,482.0,464.0499877929688,479.8999938964844,341763,0.0,0.02269577814914081,0.25078291924470225,-0.023937878008409522,442964.15,549.3080188296574
2026-01-29,481.8999938964844,485.7999877929688,471.0499877929688,483.0,305406,0.0,0.0064596919002759545,0.24838355026853046,-0.023937878008409522,377823.15,548.6482375477703
2026-01-30,483.0,506.3999938964844,474.2999877929688,502.4500122070313,515923,0.0,0.04026917641207306,0.28901164706855076,-0.023937878008409522,398431.8,548.1885537135341
2026-02-02,495.0,506.7000122070313,485.0,505.2000122070313,326617,0.0,0.0054731812781145806,0.29052103830808856,-0.023937878008409522,406556.65,547.7608070318774
2026-02-03,550.0,554.9500122070312,526.5999755859375,549.4000244140625,2506506,0.0,0.08749012497829867,0.42665142457607647,-0.023937878008409522,524440.75,547.7771176525957
2026-02-04,540.0,541.75,502.0,509.0499877929688,1672895,0.0,-0.07344382021847773,0.49882267715977185,-0.029199374137545947,593062.7,547.3917730768782
2026-02-05,509.0499877929688,511.5499877929688,492.5,499.6499938964844,551222,0.0,-0.018465758023566425,0.5019060873057479,-0.029199374137545947,609207.4,546.9167304979688
2026-02-06,497.25,511.1000061035156,490.9500122070313,502.75,307622,0.0,0.0062043553315001,0.5021217920578307,-0.029199374137545947,617092.1,546.4772605427652
2026-02-09,508.4500122070313,514.0,499.2000122070313,502.5499877929688,1197247,2.25,-0.00039783631433354394,0.5020783563097504,-0.029199374137545947,662766.0,546.0401732517224
2026-02-10,501.0,514.5,497.2999877929688,499.3500061035156,1113644,0.0,-0.0063674893387350995,0.4962575968683601,-0.029199374137545947,691852.2,545.5755944741283
2026-02-11,499.0,500.3500061035156,483.2000122070313,487.3999938964844,1091008,0.0,-0.02393113459691043,0.5021698788391714,-0.029199374137545947,736755.4,544.9967327768384
2026-02-12,487.0,491.7999877929688,482.5499877929688,488.8999938964844,198840,0.0,0.0030775544086660833,0.5024884305476268,-0.029199374137545947,722857.15,544.4385562705662
2026-02-13,483.5,496.7999877929688,478.5,490.7000122070313,1826116,0.0,0.0036817720045381197,0.5020823858635062,-0.029199374137545947,814162.95,543.903844389337
2026-02-16,488.3999938964844,491.9500122070313,485.6000061035156,490.1000061035156,94950,0.0,-0.0012227554281424302,0.5020626095732901,-0.029199374137545947,783459.5,543.3684828143538
2026-02-17,488.0,493.9500122070313,487.9500122070313,490.9500122070313,135106,0.0,0.0017343523626403012,0.5008656947198254,-0.029199374137545947,739524.2,542.8469059923904
2026-02-18,493.0499877929688,494.0499877929688,483.1499938964844,487.0,295053,0.0,-0.008045650491532386,0.4773433586627467,-0.029199374137545947,702260.95,542.2912153855009
2026-02-19,487.6499938964844,491.5499877929688,484.3999938964844,487.2000122070313,222635,0.0,0.00041070268384246766,0.4704954700122006,-0.029199374137545947,679128.1,541.7430442095958
2026-02-20,485.9500122070313,491.6000061035156,483.25,490.2000122070313,132966,0.0,0.00615763531369784,0.4702349410041995,-0.029199374137545947,667248.5,541.2301782195206
2026-02-23,490.25,494.8999938964844,484.7999877929688,493.3500061035156,252964,0.0,0.006425935981319242,0.468325678165645,-0.029199374137545947,672868.3,540.7537585964758
2026-02-24,488.75,491.2000122070313,479.3999938964844,484.6499938964844,490825,0.0,-0.017634563898648814,0.4602399882208078,-0.029199374137545947,678965.4,540.1955121815506
2026-02-25,485.5,497.3500061035156,485.5,493.7000122070313,1048517,0.0,0.01867330738578299,0.4616447327039285,-0.029199374137545947,714303.1,539.7328703907593
2026-02-26,495.0,497.0,489.5499877929688,495.8999938964844,204365,0.0,0.004456110259382529,0.4560404886368226,-0.029199374137545947,709251.05,539.2967223659407
2026-02-27,493.3999938964844,495.1000061035156,484.2999877929688,489.2000122070313,280115,0.0,-0.013510751707836555,0.45879248070087847,-0.029199374137545947,697460.65,538.7982476379914
2026-03-02,461.0499877929688,482.0,460.25,467.0,252614,0.0,-0.04538023641266009,0.46234913216014195,-0.030085661826960212,693760.5,538.0838372137329
2026-03-04,463.3500061035156,465.7000122070313,455.0,460.2000122070313,290536,0.0,-0.014561001698005782,0.4628893325752809,-0.030085661826960212,582962.0,537.3088737808305
2026-03-05,460.2000122070313,489.5499877929688,455.5499877929688,472.8500061035156,361469,0.0,0.027488034682609852,0.34508682356317844,-0.030085661826960212,517390.7,536.667492012897
2026-03-06,472.7999877929688,477.0,463.0,471.8999938964844,288475,0.0,-0.0020091195828879638,0.2459866550399865,-0.030085661826960212,504253.35,536.0230392953207
2026-03-09,463.6499938964844,471.8999938964844,455.25,468.3999938964844,222535,0.0,-0.00741682569457236,0.24042391862924534,-0.029897421120284904,499999.0,535.3501731719492
2026-03-10,468.3999938964844,471.7999877929688,461.4500122070313,468.25,201123,0.0,-0.000320226085480102,0.2383435436104933,-0.029897421120284904,450192.8,534.682509757303
2026-03-11,472.8999938964844,476.0,467.0,474.6000061035156,275013,0.0,0.013561144908736056,0.24526839333172662,-0.029897421120284904,408261.25,534.0846739000515
2026-03-12,465.0,471.0,462.3999938964844,470.2999877929688,237577,0.0,-0.009060299737141064,0.24596509194479463,-0.029897421120284904,365589.7,533.4500004064487
2026-03-13,467.2000122070313,467.2000122070313,457.1499938964844,459.4500122070313,207764,0.0,-0.023070329295253544,0.24504676335114545,-0.029897421120284904,366035.9,532.7136821159072
2026-03-16,456.0,466.0,447.5,462.0499877929688,230283,0.0,0.005658886749067893,0.24597415612655668,-0.029897421120284904,286244.25,532.0105607793606
2026-03-17,465.0,467.8999938964844,456.7000122070313,465.6499938964844,172573,0.0,0.007791377986419601,0.2476963195345271,-0.029897421120284904,290125.4,531.3502566312723
2026-03-18,465.6499938964844,478.0,462.75,475.5,317526,0.0,0.02115324005717767,0.26078993701933695,-0.029897421120284904,299246.4,530.7945326846924
2026-03-19,470.0,474.7999877929688,462.2000122070313,465.2000122070313,175786,0.0,-0.021661383371122334,0.26978728517782896,-0.029897421120284904,293283.05,530.1418508888949
2026-03-20,465.2000122070313,472.0,452.8999938964844,456.1499938964844,259444,0.0,-0.019454037130418933,0.27561441772925044,-0.029897421120284904,295123.5,529.4056135058859
2026-03-23,448.4500122070313,452.0,428.3500061035156,435.25,711843,0.0,-0.04581824876934515,0.3125284516413936,-0.04345013859468342,324067.35,528.4687417297079
2026-03-24,444.8999938964844,451.7000122070313,433.7999877929688,444.0499877929688,211259,0.0,0.020218237318710752,0.3225825107937836,-0.04345013859468342,321982.1,527.6287541283473
2026-03-25,452.9500122070313,456.8500061035156,446.2999877929688,451.6499938964844,272104,0.0,0.017115203946495683,0.32920106460291815,-0.04345013859468342,311046.05,526.8727465638511
2026-03-27,447.0,467.8999938964844,438.7000122070313,451.9500122070313,1873450,0.0,0.0006642717028702005,0.32572902195780556,-0.04345013859468342,352292.7,526.1272467195047
2026-03-30,445.0,445.0,430.2000122070313,439.8500061035156,740378,0.0,-0.026772885887151765,0.32546436775926657,-0.04345013859468342,379093.35,525.2687667133755
2026-04-01,445.9500122070313,456.5499877929688,443.7000122070313,454.0499877929688,253376,0.0,0.032283691013775595,0.34935465199925925,-0.04345013859468342,377756.4,524.5601221470033
2026-04-02,453.1000061035156,463.5499877929688,440.7999877929688,460.6499938964844,247058,0.0,0.014535857903215987,0.35317957924328564,-0.04345013859468342,377478.6,523.9242004728688
2026-04-06,451.0,463.4500122070313,449.9500122070313,458.3999938964844,209558,0.0,-0.004884402539481192,0.31745840920977597,-0.04345013859468342,373429.7,523.27221831788
2026-04-07,462.8999938964844,462.8999938964844,454.1000061035156,456.8500061035156,123748,0.0,-0.003381299767902579,0.3136442845553943,-0.04345013859468342,361543.65,522.6113007834086
2026-04-08,478.2999877929688,481.7999877929688,459.3999938964844,464.75,631498,0.0,0.017292314306534884,0.3041648679317922,-0.04345013859468342,378694.8,522.0355664472554
2026-04-09,465.0,468.7999877929688,453.0,454.8999938964844,727129,0.0,-0.02119420355786039,0.3123970107465946,-0.04345013859468342,403924.5,521.3675507999841
2026-04-10,459.8999938964844,467.25,457.0,460.1499938964844,579986,0.0,0.01154099817639187,0.31481209658972475,-0.04345013859468342,422867.65,520.7584208805463
2026-04-13,457.8500061035156,464.2999877929688,447.2000122070313,459.5499877929688,1184001,0.0,-0.001303935915406229,0.3148172706758802,-0.04345013859468342,468317.05,520.1493817453465
2026-04-15,469.0,489.5499877929688,461.0,472.2999877929688,1870076,0.0,0.027744533432006113,0.326531215410366,-0.04345013859468342,549942.0,519.673268372686
2026-04-16,479.9500122070313,485.6499938964844,470.25,477.7999877929688,2702532,0.0,0.011645141101318313,0.3271921895124354,-0.04345013859468342,674680.4,519.256618814679
2026-04-17,480.0,532.7000122070312,475.7999877929688,515.4500122070312,6236306,0.0,0.07879871363742308,0.4121905636522649,-0.04345013859468342,974981.55,519.2187421320159
2026-04-20,518.0499877929688,605.9500122070312,512.8499755859375,576.2000122070312,62274832,0.0,0.11785817937976817,0.5661652425039346,-0.04345013859468342,4080094.5,519.7857199437077
2026-04-21,574.9000244140625,587.0,557.0499877929688,570.0999755859375,11181540,0.0,-0.010586665206286039,0.5710972334920391,-0.029999005215967885,4623295.2,520.2863593033319
2026-04-22,565.0,576.7999877929688,562.0,570.9000244140625,1612347,0.0,0.0014033482939597164,0.5704551801591824,-0.029999005215967885,4695123.25,520.7899778616476
2026-04-23,570.8499755859375,586.7999877929688,566.3499755859375,579.0,2143331,0.0,0.014188080643805945,0.559319787634805,-0.029999005215967885,4789317.6,521.3691820620293
2026-04-24,577.0,580.0,553.0,569.8499755859375,1308764,0.0,-0.015803150974201263,0.556949565267106,-0.029999005215967885,4819163.65,521.8515780174911
2026-04-27,572.9000244140625,588.0,564.7999877929688,580.0,798863,0.0,0.01781174844067679,0.5170343294266654,-0.02770325341342718,4848543.85,522.4301692809986
2026-04-28,582.9000244140625,590.0,572.25,581.6500244140625,1386666,0.0,0.002844869679418105,0.5180076913589465,-0.02770325341342718,4904271.95,523.0194215708799
2026-04-29,586.9000244140625,595.6500244140625,570.75,574.5999755859375,859577,0.0,-0.012120774576132809,0.5252292462076347,-0.02770325341342718,4853578.3,523.5326609143133
2026-04-30,574.0,578.0999755859375,562.0,573.25,513534,0.0,-0.002349418105284218,0.5261536675719349,-0.02770325341342718,4842236.1,524.0273608057132
2026-05-01,573.25,573.25,573.25,573.25,0,0.0,0.0,0.5092726733360741,-0.02770325341342718,4829567.3,524.517138310134
2026-05-04,573.9500122070312,580.5,568.0499877929688,570.0,510283,0.0,-0.0056694286960313756,0.5082834018665073,-0.02770325341342718,4842728.55,524.9697040980928
2026-05-05,571.4000244140625,574.3499755859375,554.0,556.4500122070312,343316,0.0,-0.023771908408717124,0.522386152802942,-0.02770325341342718,4849416.45,525.2829409946993
2026-05-06,560.0,564.8499755859375,543.5,557.2999877929688,584350,0.0,0.0015274967513545512,0.520626624768374,-0.0240732221614225,4872446.55,525.6015185747816
2026-05-07,561.1500244140625,579.2999877929688,559.2000122070312,574.0999755859375,732285,0.0,0.030145322377451267,0.5228545273716247,-0.0240732221614225,4877485.9,526.0840902863354
2026-05-08,575.25,604.6500244140625,564.2999877929688,597.9000244140625,2294453,0.0,0.04145627911555683,0.5328735372929343,-0.0240732221614225,4955852.1,526.7986766955664
2026-05-11,600.5,601.0,581.0,582.0499877929688,793132,0.0,-0.026509509907825635,0.5374170189929033,-0.026522678706791942,4966509.4,527.3484409850929
2026-05-12,584.5,590.0,557.3499755859375,560.7000122070312,437915,0.0,-0.03668065635890283,0.5636267716080876,-0.027268274410739316,4929205.1,527.680297415162
2026-05-13,560.7000122070312,578.0999755859375,557.2000122070312,565.2999877929688,424100,0.0,0.008203986955218845,0.5621782257342287,-0.027268274410739316,4856906.3,528.0546226925533
2026-05-14,565.5,582.0,562.25,578.5499877929688,499307,0.0,0.023438882515689263,0.5607083626901966,-0.027268274410739316,4746745.05,528.5570641363386
2026-05-15,580.4000244140625,612.9000244140625,574.0499877929688,606.9500122070312,2988155,0.0,0.0490882810704083,0.5766351164317653,-0.027268274410739316,4584337.5,529.3370934703753
2026-05-18,606.0,612.4000244140625,590.0,596.6500244140625,1269442,0.0,-0.016970075930166417,0.5305696176702036,-0.027268274410739316,1534068.0,530.0068738777752
2026-05-19,587.7999877929688,655.4000244140625,560.8499755859375,638.0499877929688,23988920,0.0,0.06938734883915054,0.4182090560958653,-0.027268274410739316,2174437.0,531.0819297376279
2026-05-20,642.9500122070312,664.0,617.0999755859375,656.5499877929688,8531572,0.0,0.028994593454961137,0.42185357146799807,-0.027268274410739316,2520398.25,532.3303681262383
2026-05-21,657.25,712.0,657.0,705.5999755859375,15939472,0.0,0.07470868738853098,0.4816261527338773,-0.027268274410739316,3210205.3,534.0544438223548
2026-05-22,711.9500122070312,738.0,693.0,706.9500122070312,13994095,0.0,0.0019133172729670633,0.48234002801727355,-0.027268274410739316,3844471.85,535.7747977366301
2026-05-25,706.9500122070312,714.9000244140625,687.5999755859375,692.75,1691050,0.0,-0.020086303079195345,0.48544340716685297,-0.027268274410739316,3889081.2,537.3367400477085
2026-05-26,692.75,703.9000244140625,685.0,690.4500122070312,954520,0.0,-0.003320083425433107,0.486555681923981,-0.027268274410739316,3867473.9,538.8602551935725
2026-05-27,690.5,724.5499877929688,690.5,719.1500244140625,2436940,0.0,0.04156711086917264,0.4989436842201047,-0.027268274410739316,3946342.05,540.6541832455177
2026-05-28,719.1500244140625,719.1500244140625,719.1500244140625,719.1500244140625,0,0.0,0.0,0.4937233114572509,-0.027268274410739316,3920665.35,542.4302612670954
2026-05-29,725.0,787.5999755859375,724.5,741.5,6887269,0.0,0.03107832138940325,0.4957448790578434,-0.027268274410739316,4265028.8,544.4110546873234
2026-06-01,742.0,747.4500122070312,685.6500244140625,694.5,1397443,0.0,-0.06338503034389753,0.5607117915463086,-0.027268274410739316,4309386.8,545.9044770287431
2026-06-02,690.0,695.4000244140625,673.7000122070312,689.25,959302,0.0,-0.0075593952483801186,0.5614051940634434,-0.027268274410739316,4340186.1,547.3308006403975
2026-06-03,690.0,699.9000244140625,664.4500122070312,668.8499755859375,831599,0.0,-0.029597423886924212,0.5661214523608845,-0.02995158551052314,4352548.55,548.5399466597561
2026-06-04,668.8499755859375,706.0,661.25,693.4000244140625,1409484,0.0,0.03670486614971957,0.573030612128943,-0.02995158551052314,4386408.5,549.9813404682567
2026-06-05,693.5499877929688,699.2000122070312,681.5499877929688,686.9000244140625,664837,0.0,-0.009374098314306578,0.5728121269089372,-0.02995158551052314,4304927.7,551.3437154328916
2026-06-08,680.0499877929688,682.2000122070312,654.4000244140625,663.5999755859375,458411,0.0,-0.033920582326373294,0.5788007777434698,-0.03405858602799977,4288191.65,552.4606931458572
2026-06-09,665.0,679.0,662.9500122070312,673.2000122070312,376681,0.0,0.01446660182984072,0.5674491881994295,-0.03405858602799977,4285129.95,553.6620794051724
2026-06-10,673.9000244140625,676.5,646.7999877929688,652.0499877929688,452314,0.0,-0.031417147995472905,0.5625509564921393,-0.03405858602799977,4286540.65,554.6410635682352
2026-06-11,650.0,660.7999877929688,637.6500244140625,640.7000122070312,427465,0.0,-0.017406603478905658,0.5692779847139868,-0.03405858602799977,4282948.55,555.4973715148899
2026-06-12,644.9500122070312,672.7999877929688,644.9500122070312,671.2000122070312,671285,0.0,0.047604182017940255,0.5842496353278095,-0.03405858602799977,4167105.05,556.6486415715282
2026-06-15,680.0,690.9500122070312,660.0999755859375,663.1500244140625,684571,0.0,-0.011993426171878152,0.5678635149608308,-0.03405858602799977,4137861.5,557.7083568236927
2026-06-16,664.25,675.7000122070312,660.0999755859375,662.25,407514,0.0,-0.0013571957791266298,0.5628655724161631,-0.03405858602799977,2958791.2,558.7485721786809
2026-06-17,662.2999877929688,679.9000244140625,656.5499877929688,677.4000244140625,478013,0.0,0.02287659405671949,0.5176681345111196,-0.03405858602799977,2556113.25,559.9291836437096
2026-06-18,677.4000244140625,687.0,667.0499877929688,674.1500244140625,529334,0.0,-0.004797755953450333,0.5097560569464079,-0.03405858602799977,1785606.35,561.0657094225191
2026-06-19,677.0,696.5999755859375,665.0,672.2999877929688,919523,0.0,-0.0027442506179565784,0.43523869572467866,-0.03154231971201792,1131877.75,562.1725181625236
2026-06-22,671.0,749.0,662.8499755859375,737.2999877929688,5384171,0.0,0.09668303016542135,0.5535446938899198,-0.03154231971201792,1316533.8,563.9150800493937
2026-06-23,732.0,735.4500122070312,703.3499755859375,717.6500244140625,1533296,0.0,-0.026651246038571608,0.5573845133763995,-0.03154231971201792,1345472.6,565.4447809883457
2026-06-24,720.0,721.5999755859375,661.2999877929688,675.5499877929688,3169780,0.0,-0.05866374303472932,0.5959988501727259,-0.03405858602799977,1382114.6,566.5403551854066
2026-06-25,678.25,682.9000244140625,664.0,669.3499755859375,1035734,0.0,-0.009177725289118532,0.5766108219534531,-0.03405858602799977,1433901.3,567.5633364829243
2026-06-26,669.3499755859375,669.3499755859375,669.3499755859375,669.3499755859375,0,0.0,0.0,0.5766108219534531,-0.03405858602799977,1089537.85,568.5761388620589
2026-06-29,669.3499755859375,696.5999755859375,660.5,687.4000244140625,2134509,0.0,0.02696653393066062,0.5737363321459628,-0.03405858602799977,1126391.15,569.7584660814817
2026-06-30,683.2000122070312,699.0,680.1500244140625,689.75,673122,0.0,0.0034186434426455303,0.5301417517018677,-0.03405858602799977,1112082.15,570.9524116926112
2026-07-01,687.0,696.4000244140625,673.2000122070312,677.3499755859375,482243,0.0,-0.017977563485411352,0.5332805251282962,-0.03405858602799977,1094614.35,572.0110939204055
2026-07-02,677.5499877929688,681.5499877929688,663.0,664.7999877929688,696873,0.0,-0.018528070045492284,0.5269599706508954,-0.03405858602799977,1058983.8,572.934366496252
2026-07-03,668.9000244140625,674.0999755859375,652.8499755859375,657.9000244140625,580912,0.0,-0.010379006476538999,0.5108863453602461,-0.03405858602799977,1054787.55,573.77979592827
2026-07-06,658.0,666.7000122070312,647.0999755859375,649.4000244140625,647394,0.0,-0.01291989616138145,0.511676704229006,-0.03405858602799977,1064236.7,574.5322360127058
2026-07-07,652.0,657.4500122070312,631.2000122070312,636.5499877929688,485017,0.0,-0.01978755179858216,0.5028994211027312,-0.03405858602799977,1069653.5,575.1493280702209
2026-07-08,632.0,641.25,609.7000122070312,613.0999755859375,861012,0.0,-0.0368392312571344,0.5136481045758079,-0.03668858510381441,1090088.4,575.526946453462
2026-07-09,613.9500122070312,624.5,609.2999877929688,612.0,807731,0.0,-0.001794121072809185,0.5038506265717602,-0.03668858510381441,1109101.7,575.8898624091489
2026-07-10,619.9000244140625,623.0,599.2000122070312,606.0999755859375,1084729,0.0,-0.009640562768076011,0.50167811398424,-0.03668858510381441,1129773.9,576.1904605502115
2026-07-13,602.0499877929688,624.75,595.0,616.7000122070312,1367340,0.0,0.01748892434923177,0.47411543030345404,-0.03668858510381441,1163912.35,576.5935406661997
2026-07-14,616.6500244140625,616.6500244140625,597.2000122070312,607.6500244140625,705061,0.0,-0.01467486235419535,0.47480331129209424,-0.03668858510381441,1178789.7,576.9025604049845
2026-07-15,608.5999755859375,643.0,608.5999755859375,639.25,2034539,0.0,0.05200357823799706,0.5126481890152816,-0.03668858510381441,1256616.0,577.5229329382682
2026-07-16,640.0,647.5,622.7000122070312,625.7000122070312,1544070,0.0,-0.021196695804409416,0.509293916830123,-0.03668858510381441,1307352.8,578.0023068613405
2026-07-17,629.0,629.0,611.6500244140625,615.25,310596,0.0,-0.016701313733670786,0.5114011873678304,-0.03668858510381441,1276906.45,578.3729306736655
2026-07-20,613.0499877929688,623.7000122070312,612.25,614.2000122070312,376472,0.0,-0.0017066034830861554,0.5114424102780902,-0.03668858510381441,1026521.5,578.7294190471318
2026-07-21,618.0,623.8499755859375,613.25,618.5499877929688,246230,0.0,0.007082343698279203,0.36193717455573793,-0.03668858510381441,962168.2,579.125643611767
2026-07-22,622.9000244140625,622.9500122070312,611.0999755859375,613.5999755859375,290222,0.0,-0.008002606587534267,0.35559001801481593,-0.03668858510381441,818190.3,579.4686717906145
2026-07-23,613.5,620.0,606.5999755859375,609.5499877929688,214463,0.0,-0.006600371502787916,0.3023912563526194,-0.03668858510381441,777126.75,579.7679883677524
2026-07-24,605.0,618.0,599.2999877929688,611.7999877929688,253366,0.0,0.0036912477156250123,0.3032817004694294,-0.03668858510381441,789795.05,580.0867147301924
2026-07-27,614.9000244140625,627.0,610.0499877929688,623.4000244140625,1575560,0.0,0.018960504825997315,0.3134529216203131,-0.03668858510381441,761847.6,580.517692936002
2026-07-28,615.5499877929688,620.25,604.0999755859375,609.3499755859375,411838,0.0,-0.022537773945919715,0.3000526692259117,-0.03668858510381441,748783.4,580.8045813205786
2026-07-29,612.2999877929688,621.2000122070312,606.0,615.9000244140625,764559,0.0,0.010749239502022778,0.30386517244889527,-0.03668858510381441,762899.2,581.1537897095685
2026-07-30,615.4000244140625,616.0499877929688,604.0999755859375,607.5,295448,0.0,-0.013638616790206948,0.30193280362762953,-0.03668858510381441,742827.95,581.415941055742
2026-07-31,610.5499877929688,610.5499877929688,600.0,601.7000122070312,668553,0.0,-0.009547305009002027,0.29844488757310494,-0.03668858510381441,747210.0,581.6177726094862
2026-08-03,602.6500244140625,616.0,602.6500244140625,611.5999755859375,403135,0.0,0.01645332088758522,0.3062381416244684,-0.03668858510381441,734997.05,581.9161029873613
2026-08-04,612.0,635.9000244140625,610.1500244140625,618.7999877929688,1552465,0.0,0.011772420690719265,0.30839614590161474,-0.03406651477291135,788369.45,582.2831068162728
2026-08-05,624.7999877929688,630.7000122070312,619.2000122070312,623.4500122070312,336215,0.0,0.007514583881372383,0.30314315822580545,-0.03406651477291135,762129.6,582.6927277654346
2026-08-06,624.5,652.5,621.5,646.3499755859375,1270213,0.0,0.03673103365230479,0.3001053643444302,-0.03406651477291135,785253.7,583.3261332163848
2026-08-07,643.0,654.1500244140625,630.2999877929688,636.4500122070312,499505,0.0,-0.01531672275524043,0.3062421486240967,-0.03406651477291135,755992.5,583.8547290272371
2026-08-10,637.9000244140625,648.0,631.5999755859375,636.75,455628,0.0,0.0004713454116034299,0.3033715359066518,-0.03406651477291135,710406.9,584.3810501314438
2026-08-11,590.0,612.0,586.0999755859375,600.3499755859375,3884248,0.0,-0.05716533084265807,0.3616065753886379,-0.03785553623641058,869366.25,584.5399449120855
2026-08-12,600.0,601.4500122070312,581.0,586.75,525830,0.0,-0.022653412407760976,0.36642374035717357,-0.03785553623641058,793930.8,584.5619355099752
2026-08-13,583.7999877929688,599.7999877929688,581.0499877929688,591.9500122070312,345714,0.0,0.008862398307680097,0.31389473544758834,-0.03785553623641058,734013.0,584.635448710941
2026-08-14,595.9000244140625,602.7000122070312,579.0,592.4000244140625,396736,0.0,0.0007602199472105386,0.3074155641790335,-0.03785553623641058,738320.0,584.7127081706735
2026-08-17,589.0999755859375,600.0499877929688,581.8499755859375,597.9000244140625,416501,0.0,0.009284267004276314,0.3053775534681182,-0.03785553623641058,740321.45,584.8439252477222
2026-08-18,597.6500244140625,601.9000244140625,579.0,581.9000244140625,1323165,0.0,-0.02676032672131079,0.31799137367313185,-0.03785553623641058,794168.2,584.8146327021136
2026-08-19,582.0999755859375,585.9000244140625,561.0499877929688,569.6500244140625,813709,0.0,-0.02105172621763507,0.32235272537737325,-0.03785553623641058,820342.55,584.6637410773569
2026-08-20,569.6500244140625,586.0499877929688,569.6500244140625,580.0499877929688,439834,0.0,0.01825675929638293,0.3306795106138361,-0.03785553623641058,831611.1,584.6178330844774
2026-08-21,581.2000122070312,585.9000244140625,573.2000122070312,574.8499755859375,323706,0.0,-0.008964765652037632,0.3311531698962835,-0.03785553623641058,835128.1,584.5206404725517
2026-08-24,572.5499877929688,588.7999877929688,572.0499877929688,576.7999877929688,372111,0.0,0.0033922106459927104,0.33108345622412866,-0.03406651477291135,774955.65,584.4438180578295
2026-08-25,579.7999877929688,580.7000122070312,566.5,572.6500244140625,370664,0.0,-0.007194804900716778,0.32190066782805427,-0.03406651477291135,772896.95,584.3264668772945
2026-08-26,572.6500244140625,582.0,570.5499877929688,574.4000244140625,219909,0.0,0.0030559677383941164,0.3153084286174017,-0.03406651477291135,745664.45,584.2276963055211
2026-08-27,575.0499877929688,604.0499877929688,575.0499877929688,583.4500122070312,1852490,0.0,0.01575554910917787,0.3184440734812023,-0.03406651477291135,823516.55,584.2199581552875
2026-08-28,588.0999755859375,592.9500122070312,578.0,580.2999877929688,270490,0.0,-0.0053989619473086,0.3160437130580682,-0.03406651477291135,803613.4,584.1809534750655
2026-08-31,580.0,589.2999877929688,571.5499877929688,578.1500244140625,359842,0.0,-0.0037049171534245806,0.31492896778287166,-0.03168825215855598,801448.75,584.1209442306774
2026-09-01,581.1500244140625,587.9000244140625,574.0499877929688,578.5,259156,0.0,0.0006053369733785008,0.30812409879030866,-0.03168825215855598,736783.3,584.0650144373374
2026-09-02,578.5,581.8499755859375,562.2000122070312,565.2000122070312,367778,2.0,-0.022990471552236436,0.3114005494323473,-0.027264271948101968,738361.45,583.8773029723593
2026-09-03,565.2000122070312,573.9000244140625,562.8499755859375,571.7000122070312,281796,0.0,0.011500353608660419,0.3135753386324965,-0.027264271948101968,688940.6,583.7561359000675
2026-09-04,573.9000244140625,582.6500244140625,571.3499755859375,577.2999877929688,254725,0.0,0.009795304296599472,0.28184412831723593,-0.027264271948101968,676701.6,583.6918956203949
2026-09-07,577.2999877929688,578.9000244140625,565.5,568.75,209558,0.0,-0.014810303089829557,0.28162074125510655,-0.027264271948101968,664398.1,583.5432200420826
2026-09-08,567.9000244140625,585.0,566.0,580.5999755859375,374569,0.0,0.02083512190934056,0.29528090264349355,-0.027264271948101968,488914.15,583.5139340275936
2026-09-09,580.5999755859375,583.5999755859375,563.7999877929688,565.0499877929688,454425,0.0,-0.026782618751018394,0.2402702451847407,-0.02728544937632419,485343.9,583.3302131695376
2026-09-10,565.0999755859375,574.4500122070312,555.0999755859375,560.8499755859375,1145463,0.0,-0.007432992297612628,0.229965345152878,-0.02728544937632419,525331.35,583.1065292134818
2026-09-11,560.8499755859375,572.7999877929688,552.5,569.6500244140625,613864,0.0,0.01569055756654225,0.235203597958909,-0.02728544937632419,536187.75,582.9726336433384
2026-09-14,569.6500244140625,569.6500244140625,569.6500244140625,569.6500244140625,0,0.0,0.0,0.23511723900236078,-0.02728544937632419,515362.7,582.8400703674253
2026-09-15,567.0999755859375,569.6500244140625,535.6500244140625,546.9000244140625,1820501,0.0,-0.03993680158866042,0.2658120142345437,-0.0369941097737107,540229.5,582.4824579698794
2026-09-16,541.7999877929688,548.0,532.0999755859375,540.7999877929688,440380,0.0,-0.011153842290698712,0.25429829416709115,-0.02728544937632419,521563.05,582.0677070228455
2026-09-17,542.2999877929688,559.0,540.5,556.7999877929688,490793,0.0,0.02958579948438378,0.2699263047911552,-0.02728544937632419,524111.0,581.816286931006
2026-09-18,554.4000244140625,572.0,550.3499755859375,567.7999877929688,501922,0.0,0.019755747559552894,0.2713164296821598,-0.02728544937632419,533021.8,581.6768212679409
2026-09-21,567.7999877929688,572.2000122070312,553.25,555.6500244140625,298822,0.0,-0.021398315674737822,0.2792885631021399,-0.02728544937632419,529357.35,581.4178481649174
2026-09-22,555.6500244140625,564.8499755859375,546.7999877929688,550.2999877929688,374231,0.0,-0.009628428661971888,0.2800745426603768,-0.02728544937632419,529535.7,581.1082177134551
2026-09-23,553.9000244140625,563.8499755859375,552.8499755859375,562.0999755859375,304802,0.0,0.021442827648050278,0.2908571130259085,-0.02728544937632419,533780.35,580.9190809758678
