date,open,high,low,close,volume,daily_return,rolling_volatility_ann,var_95_threshold,avg_volume_20d,ema_200,qlib_momentum_5d,qlib_mean_reversion_20d,qlib_vol_normalized_return,rsi_14d
2025-02-25,33.09000015258789,34.20000076293945,33.040000915527344,33.84000015258789,2193957,0.017132542440083,0.5349150855236695,-0.046771801953345696,3128158.65,47.073774390478974,0.1276241217759151,1.0898197268095096,0.03202852673901572,30.61869804645906
2025-02-27,33.709999084472656,33.86000061035156,32.0099983215332,32.54999923706055,1573999,-0.0381205942585876,0.5370057313393931,-0.046771801953345696,3153882.95,46.92925921482307,0.008364326764994878,1.118894023136872,-0.07098731228367816,27.551631505569276
2025-02-28,32.29999923706055,32.400001525878906,30.770000457763672,31.079999923706055,2173894,-0.045161270286015576,0.5477897623093881,-0.046771801953345696,3166870.4,46.77155514227464,-0.07223880824758044,1.153925342520355,-0.08244270442586646,27.119639780343718
2025-03-03,30.700000762939453,31.770000457763672,29.299999237060547,30.040000915527344,3858015,-0.03346200163229274,0.5444903105894843,-0.046771801953345696,3281035.95,46.60507201564034,-0.08803879271659154,1.1753161982657097,-0.06145564093052306,24.416020262430777
2025-03-04,29.469999313354492,31.040000915527344,29.459999084472656,30.850000381469727,2775253,0.02696402933608777,0.5627901781143947,-0.046771801953345696,3350828.7,46.448305133708296,-0.07273820387727792,1.129773071885403,0.04791133517524468,29.612761273523887
2025-03-05,31.09000015258789,31.920000076293945,31.09000015258789,31.75,2202922,0.029173407047050404,0.5770237930880214,-0.046771801953345696,3396912.8,46.30205334133309,-0.06176123354503171,1.0846771570641225,0.05055841178635083,34.05918696681775
2025-03-06,32.0,32.77000045776367,32.0,32.22999954223633,1371706,0.015118095818467125,0.5818808047369126,-0.046771801953345696,3357201.8,46.16203290552119,-0.009831020040697136,1.0565001619737289,0.02598143027847122,38.63770018358712
2025-03-07,32.20000076293945,33.459999084472656,32.0,33.040000915527344,2215806,0.025131907688348942,0.5938078108865,-0.046771801953345696,3353645.1,46.03146542303369,0.06306309512974972,1.0198244205966862,0.04232330192423086,46.2163880961063
2025-03-10,33.099998474121094,33.650001525878906,31.149999618530273,31.31999969482422,2592044,-0.05205814688385191,0.6104511034737936,-0.046771801953345696,3365629.95,45.88508267946942,0.04260981159408872,1.0636334656866029,-0.08527815861881745,46.30325745465161
2025-03-11,31.030000686645508,31.290000915527344,30.0,30.350000381469727,2374638,-0.030970604176435823,0.6108860360031888,-0.046771801953345696,3393738.45,45.730504746155994,-0.016207455229087397,1.0829818564327705,-0.050697841895498384,51.177285151685815
2025-03-12,30.450000762939453,30.84000015258789,29.850000381469727,30.139999389648438,1587375,-0.0069193077160389915,0.6075062296886975,-0.046771801953345696,3403960.55,45.575375339623584,-0.0507086806409941,1.0774718137658175,-0.01138968995542273,41.357032869917724
2025-03-13,30.139999389648438,30.799999237060547,29.8700008392334,30.209999084472656,2772766,0.002322484944981884,0.6050383899346189,-0.046771801953345696,3427405.25,45.422486023651935,-0.06267454193154831,1.062975861716273,0.003838574452849363,35.35173628206931
2025-03-17,30.389999389648438,30.43000030517578,29.0,29.239999771118164,2871615,-0.03210855156407644,0.6096805745783039,-0.046771801953345696,3395395.55,45.26146625994513,-0.11501213798766408,1.0865082121339598,-0.05266454661055816,34.10653548619595
2025-03-18,29.239999771118164,29.239999771118164,29.239999771118164,29.239999771118164,0,0.0,0.6036527118317402,-0.046771801953345696,3215353.9,45.10204868294188,-0.0664112370361799,1.0779411802117667,0.0,32.183903770747676
2025-03-19,30.0,30.989999771118164,29.940000534057617,30.690000534057617,3744954,0.049589629763666876,0.616285511068841,-0.046771801953345696,3091834.55,44.958645218773874,0.01120264080113409,1.0240631913478342,0.08046534936868581,37.079575125725775
2025-03-20,30.809999465942383,31.809999465942383,30.59000015258789,30.68000030517578,3015391,-0.0003258464877098355,0.5925500259251187,-0.046771801953345696,2594718.0,44.81656914998186,0.017916420917805542,1.0254889041797295,-0.0005499054391265163,41.42988508688195
2025-03-21,30.690000534057617,31.350000381469727,30.6299991607666,30.969999313354492,8506938,0.009452379572818526,0.5275755412601119,-0.046771801953345696,2747150.95,44.67879233568706,0.025157241043163747,1.013771411559346,0.017916636868864674,49.43473404961982
2025-03-24,31.219999313354492,31.969999313354492,30.690000534057617,30.8799991607666,5283324,-0.0029060430927773107,0.45459170378582286,-0.046771801953345696,2852874.05,44.54149091106099,0.05608753086476925,1.012483831853625,-0.006392644222605582,54.783587848249596
2025-03-25,31.280000686645508,31.309999465942383,29.799999237060547,30.100000381469727,5923354,-0.025259028513442194,0.4377001278603787,-0.046771801953345696,2996292.2,44.39779448788098,0.029411785809965396,1.0340033080141784,-0.05770852309281094,45.71428498285715
2025-03-26,30.1299991607666,30.329999923706055,29.020000457763672,29.200000762939453,3653429,-0.02990031917356173,0.44458186028772323,-0.046771801953345696,3034569.0,44.246572659772106,-0.048550007989236366,1.0589040812687265,-0.06725492237056568,35.42857522136825
2025-03-27,29.0,30.25,28.739999771118164,29.65999984741211,5212943,0.015753392892252416,0.4475135868565321,-0.046771801953345696,3185518.3,44.10143263178843,-0.03324642919223164,1.0354349333669102,0.035202043028209444,35.28064187646183
2025-03-28,29.75,30.579999923706055,28.5,28.600000381469727,6943441,-0.035738350350493,0.4519132515146861,-0.046771801953345696,3453990.4,43.94718952482008,-0.07652563721119632,1.0669055809753847,-0.07908232263578215,25.278386557767575
2025-04-01,28.600000381469727,31.079999923706055,28.600000381469727,30.670000076293945,8382011,0.07237761074176063,0.5154942491465887,-0.046771801953345696,3764396.25,43.8150781870238,-0.006800488671627414,0.9942288866861406,0.14040430025657946,46.516612969703345
2025-04-02,30.450000762939453,30.600000381469727,29.649999618530273,30.040000915527344,2463592,-0.020541218102361647,0.49642157257774105,-0.046771801953345696,3694675.1,43.67801274153627,-0.001993337713687149,1.015079863554734,-0.04137857583809792,48.27586351196638
2025-04-03,29.899999618530273,30.59000015258789,29.65999984741211,30.31999969482422,3437354,0.009320864539393181,0.4832912309539472,-0.046771801953345696,3727780.15,43.54509718883267,0.03835612680210154,1.0048318041832334,0.01928622691566919,50.993379065606874
2025-04-04,30.600000381469727,30.760000228881836,28.5,28.8700008392334,4732271,-0.04782318173434352,0.5015263376254332,-0.046771801953345696,3854247.6,43.39907632963268,-0.026635165618439482,1.050311713082449,-0.09535527288002113,43.58237893690809
2025-04-07,28.0,28.0,26.389999389648438,27.520000457763672,4401978,-0.04676135580969987,0.5096720888045652,-0.046771801953345696,4005761.2,43.24107557468871,-0.037762234590940746,1.0932776011431893,-0.09174792169196337,42.05175420879763
2025-04-08,28.1200008392334,28.700000762939453,27.40999984741211,27.809999465942383,2342818,0.010537754482373263,0.5074894248373102,-0.046771801953345696,4012111.8,43.087532528830536,-0.09325075328454824,1.0724739512480035,0.020764480517217923,43.56435044735384
2025-04-09,27.809999465942383,28.020000457763672,26.8799991607666,27.260000228881836,1512241,-0.0197770315578073,0.49591502201797394,-0.046771801953345696,3958121.65,42.930044645248955,-0.09254329566975994,1.086665436149266,-0.039879879174726254,33.20272640170799
2025-04-11,27.81999969482422,28.110000610351562,27.459999084472656,27.719999313354492,1531442,0.01687450772598642,0.4770270873682705,-0.046771801953345696,3915961.85,42.77870091060324,-0.08575199233638386,1.063888914691766,0.03537431692891673,36.116304955810065
2025-04-15,28.0,28.729999542236328,27.899999618530273,28.59000015258789,1511415,0.031385312438094504,0.483723452259651,-0.046771801953345696,3912163.85,42.63751980853344,-0.00969867261884505,1.0288037728543262,0.0648827582013122,39.41280722836211
2025-04-16,28.799999237060547,29.8700008392334,28.700000762939453,29.010000228881836,3713472,0.014690453796864622,0.4869623179027764,-0.046771801953345696,3959199.15,42.50192259878567,0.0541424326429405,1.0118407393490754,0.03016753649123679,41.91875396853252
2025-04-17,29.049999237060547,29.18000030517578,28.520000457763672,28.780000686645508,2119529,-0.007928284743939584,0.4872766970403473,-0.046771801953345696,3921594.85,42.36538606234647,0.03487958429812421,1.019127846633268,-0.01627060072724369,44.01088622010452
2025-04-21,29.610000610351562,32.369998931884766,28.700000762939453,30.489999771118164,16603551,0.059416228063751575,0.5178774015418318,-0.046771801953345696,4751772.4,42.24722301467256,0.11848861023904766,0.964021001854113,0.11473029473685047,55.45223877082634
2025-04-22,30.690000534057617,31.8700008392334,29.860000610351562,31.260000228881836,9585609,0.025254196902062986,0.5236995102116709,-0.046771801953345696,5043805.15,42.13789741481394,0.12770566389667626,0.941186816865184,0.04822268481715554,56.58979018781601
2025-04-23,31.75,31.790000915527344,30.3700008392334,30.75,4350854,-0.016314786473054288,0.5001680976450887,-0.046771801953345696,5110578.3,42.02458500272624,0.07555088617992167,0.9569105722070709,-0.03261860607200289,59.275239368941875
2025-04-24,30.950000762939453,31.8799991607666,30.610000610351562,30.850000381469727,9509103,0.0032520449258448547,0.5002416956936286,-0.046771801953345696,5160686.55,41.913395105997324,0.06342640944745725,0.9536142555915146,0.006500947219775711,50.93555225529501
2025-04-25,30.940000534057617,30.940000534057617,29.139999389648438,29.639999389648438,9509776,-0.03922207380418985,0.5176634022961992,-0.046771801953345696,5372009.15,41.79127176553614,0.02988181662559808,0.9904521175688692,-0.07576752166086555,48.03920696046081
2025-04-28,29.610000610351562,30.31999969482422,29.030000686645508,29.81999969482422,4001774,0.006072884915059973,0.5183089837861546,-0.046771801953345696,5275930.15,41.67215463050418,-0.021974420509133896,0.9840040384365932,0.011716726871163536,47.52475144253518
2025-04-29,29.81999969482422,30.459999084472656,29.700000762939453,30.260000228881836,7147878,0.014755215914170172,0.513377040895048,-0.046771801953345696,5450652.6,41.558600855363665,-0.031989763041526675,0.9714474513164393,0.028741479363842165,57.645760203010454
2025-04-30,30.200000762939453,30.389999389648438,29.3799991607666,29.75,3362839,-0.016853940020630342,0.5054924829701022,-0.046771801953345696,5358147.4,41.4411023393899,-0.03252032520325199,0.9882521044306395,-0.033341622783757505,63.51514766299343
2025-05-02,29.719999313354492,29.969999313354492,28.81999969482422,28.889999389648438,2436192,-0.02890758354122902,0.5130963544712698,-0.046771801953345696,5132784.95,41.316215742875066,-0.06353325664782095,1.0181724014767592,-0.056339482293969095,56.1224465440978
2025-05-05,28.739999771118164,29.290000915527344,28.600000381469727,29.030000686645508,2445656,0.0048460124594960075,0.4972507046602106,-0.046771801953345696,4835967.2,41.19396484679318,-0.020580253561542472,1.010437457593031,0.009745611854590221,60.52318381425538
2025-05-06,29.280000686645508,29.40999984741211,28.049999237060547,28.40999984741211,2787698,-0.021357245076422338,0.4295364285283963,-0.046771801953345696,4852172.5,41.06676121495854,-0.04728369758021289,1.029619858903196,-0.049721614188525776,54.02567063392673
2025-05-07,28.0,28.549999237060547,27.65999984741211,28.399999618530273,1759099,-0.00035199679463382427,0.4249890733688266,-0.046771801953345696,4768259.75,40.94072378613836,-0.061467303247944916,1.0266021275399724,-0.0008282490266422773,48.76783040104655
2025-05-08,28.540000915527344,29.0,28.200000762939453,28.459999084472656,1926752,0.0021126572798695342,0.42322948579047176,-0.046771801953345696,4627983.8,40.81653747069891,-0.043361375311843475,1.023717529164474,0.004991753412468793,46.25849687120046
2025-05-09,28.0,29.15999984741211,27.559999465942383,28.40999984741211,5667494,-0.0017568249707999861,0.39009371360782935,-0.046771801953345696,4691259.6,40.69308933514382,-0.016614730092667118,1.0270855356910518,-0.004503597121614201,47.41979936389068
2025-05-12,29.799999237060547,29.799999237060547,29.06999969482422,29.56999969482422,4586247,0.040830688266187076,0.3769335611502877,-0.046771801953345696,4803431.05,40.58241182628492,0.01860141217382494,0.9897700448346264,0.108323299889644,43.051362914892316
2025-05-13,29.5,30.459999084472656,29.149999618530273,29.979999542236328,5284227,0.013865399108674126,0.3778700114657317,-0.046771801953345696,4992030.35,40.47691518664264,0.05526222116355384,0.9807705249611374,0.036693567420064716,39.77635805737051
2025-05-14,30.18000030517578,31.200000762939453,30.040000915527344,31.020000457763672,7159490,0.034689824263078206,0.3820385228378192,-0.046771801953345696,5273432.75,40.38281653262395,0.09225355191638496,0.9532075922066547,0.09080189897442761,51.98821888145965
2025-05-15,31.200000762939453,31.540000915527344,30.959999084472656,31.1200008392334,3927042,0.003223738877950133,0.3802656132948495,-0.046771801953345696,5394214.1,40.290649212291704,0.0934645762589641,0.9542094852224308,0.008477597448903546,51.98821888145965
2025-05-16,31.309999465942383,32.150001525878906,31.149999618530273,31.950000762939453,4264821,0.026670947985954596,0.37660124628731445,-0.046771801953345696,5421781.55,40.20765768543248,0.1246040455663644,0.9340218871683019,0.0708201248420875,68.01871968103086
2025-05-19,32.189998626708984,32.72999954223633,31.950000762939453,32.119998931884766,4873438,0.005320756334456833,0.37513824435989146,-0.046771801953345696,5559477.0,40.127183468979275,0.08623602513959061,0.9342777371671122,0.014183454426784023,67.96873826863833
2025-05-20,32.25,32.5,30.799999237060547,30.950000762939453,5399290,-0.03642584706887653,0.3998097774679591,-0.046771801953345696,4999263.95,40.03586821817291,0.03235494448012144,0.970339231960334,-0.09110794235320141,54.838712915325466
2025-05-21,30.950000762939453,31.6299991607666,30.6200008392334,30.989999771118164,3480259,0.001292375030458981,0.3447880142874304,-0.046771801953345696,4693996.45,39.94585957690869,-0.0009671401096965626,0.9686511832301032,0.003748317631187795,59.30930922360225
2025-05-22,31.100000381469727,31.780000686645508,30.700000762939453,30.979999542236328,2433626,-0.00032269212506275124,0.3333107420296011,-0.046771801953345696,4598135.05,39.856647039250255,-0.004498756208919152,0.9693350667344233,-0.0009681419609112795,67.98623786971339
2025-05-23,31.110000610351562,31.940000534057617,30.649999618530273,31.760000228881836,4181287,0.02517755642901487,0.3390053589913477,-0.046771801953345696,4331744.25,39.77608338939585,-0.005946808435698392,0.9469615774349608,0.0742689017106908,71.16279561748091
2025-05-26,31.850000381469727,31.850000381469727,30.350000381469727,30.440000534057617,6472429,-0.04156170293801953,0.3705891724095555,-0.046771801953345696,4179876.9,39.68318704257657,-0.05230381238149584,0.9893396663906943,-0.11215034035204983,64.1958160717309
2025-05-27,30.6200008392334,30.6200008392334,29.75,30.350000381469727,4651027,-0.002956640966125912,0.342954476198483,-0.046771801953345696,4212339.55,39.59031951361034,-0.019386118471059532,0.9931466105032629,-0.008621088468324547,63.48548919436099
2025-05-28,30.6200008392334,31.1299991607666,30.170000076293945,30.8799991607666,4888101,0.017462892014342923,0.34717427220929575,-0.046771801953345696,4099350.7,39.50364965935319,-0.0035495518284605065,0.9771049473524204,0.05030007379352867,65.71429513552704
2025-05-29,30.850000381469727,30.979999542236328,30.579999923706055,30.790000915527344,2117777,-0.0029144510260739054,0.3443099800530554,-0.046771801953345696,4037097.6,39.416946686777806,-0.006132944787489492,0.9816498571377952,-0.008464613604806564,65.37469454095616
2025-05-30,30.790000915527344,31.34000015258789,30.059999465942383,30.43000030517578,9666843,-0.011692127302601496,0.3413795262940295,-0.046771801953345696,4398630.15,39.327524334722064,-0.04187657160331448,0.9957936162301766,-0.03424964316704412,56.195973313368704
2025-06-02,30.540000915527344,32.09000015258789,30.5,31.6200008392334,5540435,0.039106162409574985,0.34681503203901476,-0.046771801953345696,4553369.1,39.25083255864755,0.038764792525399105,0.9624130058733911,0.1127579766427079,60.6217751522093
2025-06-03,31.700000762939453,32.189998626708984,30.809999465942383,30.940000534057617,2267933,-0.02150538542465985,0.3583401529444482,-0.046771801953345696,4527380.85,39.16813771263173,0.0194398729875509,0.9876535087354285,-0.06001388526463814,49.45652093922357
2025-06-04,31.010000228881836,34.66999816894531,31.0,33.2599983215332,22009797,0.07498376688525976,0.42422795988417866,-0.046771801953345696,5539915.75,39.109350256003886,0.07707251377747504,0.9260673955881407,0.17675347268057687,61.16909724602302
2025-06-05,33.599998474121094,34.18000030517578,32.93000030517578,33.279998779296875,7619863,0.000601336703938582,0.42400797953959424,-0.046771801953345696,5824571.3,39.05134675872323,0.08087034068627874,0.932752438288558,0.0014182202193678915,57.5826621592192
2025-06-06,33.65999984741211,35.52000045776367,33.65999984741211,34.04999923706055,22762996,0.02313703383434862,0.4266300653740732,-0.046771801953345696,6679346.4,39.001582106766385,0.1189615148071177,0.9199412827891723,0.054232074037588306,60.298832134921966
2025-06-09,34.31999969482422,35.06999969482422,33.650001525878906,34.790000915527344,6941693,0.021732795742954503,0.4269859058784329,-0.046771801953345696,6797118.7,38.95967582625654,0.10025300417957861,0.9078758035918899,0.05089815596901806,71.47651310024443
2025-06-10,35.0,37.25,34.7599983215332,36.66999816894531,17162147,0.05403843644565409,0.4412034499648722,-0.046771801953345696,7391014.7,38.93689296399474,0.18519707614679337,0.8704527287518127,0.12247962980606845,76.34508270981708
2025-06-11,36.900001525878906,37.400001525878906,35.900001525878906,36.849998474121094,10717061,0.004908653235991212,0.44147521217138724,-0.046771801953345696,7568893.25,38.91612784469251,0.10793747245211538,0.8741112945478502,0.0111187513805375,76.80365457899441
2025-06-12,36.900001525878906,37.02000045776367,35.209999084472656,35.529998779296875,5685284,-0.03582088872408573,0.4594683796131947,-0.046771801953345696,7656805.35,38.882435018171165,0.06760817555677612,0.9127920315663256,-0.07796159547393824,66.40556871724866
2025-06-13,34.0,37.5,33.0,36.61000061035156,13215749,0.030396900314108688,0.46633554951784933,-0.046771801953345696,8104351.75,38.85982373053117,0.07518359561384869,0.8922288777683907,0.06518246291476562,77.42222624705167
2025-06-16,36.81999969482422,37.16999816894531,35.2599983215332,36.279998779296875,5788157,-0.009013980484921857,0.4648819335339043,-0.046771801953345696,8150087.7,38.834153830518886,0.042828336434579395,0.906077752428242,-0.01938982705243414,75.80504048607108
2025-06-17,36.209999084472656,36.33000183105469,35.04999923706055,35.369998931884766,4418170,-0.025082686825540934,0.47758862126659546,-0.046771801953345696,8101031.7,38.79968462754741,-0.035451303571688686,0.9356375645988317,-0.052519438662139116,68.91322350761989
2025-06-18,35.189998626708984,35.689998626708984,34.5,34.790000915527344,2537052,-0.016398021879344027,0.4604167327607373,-0.046771801953345696,8053871.35,38.75978727717905,-0.055902242710822336,0.9566972935277341,-0.03561560724533754,66.18122822478884
2025-06-19,34.5,35.2400016784668,33.900001525878906,34.029998779296875,4274823,-0.021845418690152107,0.47025608588922146,-0.046771801953345696,8145931.2,38.71272470506082,-0.04221784552590646,0.9825448392289445,-0.04645430198803472,64.10657402791858
2025-06-20,33.849998474121094,34.560001373291016,33.47999954223633,33.939998626708984,2465771,-0.0026447298212259884,0.4706482666888312,-0.046771801953345696,8060155.4,38.66523489333593,-0.072930946165776,0.9883618431574904,-0.005619333910733832,59.948530319356315
2025-06-23,33.599998474121094,34.58000183105469,33.20000076293945,33.31999969482422,3367731,-0.018267500205402465,0.47097112922609047,-0.046771801953345696,7904920.5,38.612048473450244,-0.0815876291087908,1.011074425751817,-0.03878687818412822,60.2586160076528
2025-06-24,33.720001220703125,34.900001525878906,33.720001220703125,34.65999984741211,4834114,0.04021609138237903,0.45918846863088747,-0.046771801953345696,7914074.85,38.57272460652449,-0.02007348334502257,0.9782025297188142,0.08758079362593545,56.591341833097594
2025-06-25,34.83000183105469,35.650001525878906,34.470001220703125,35.40999984741211,3642193,0.021638776783087676,0.46064592862229825,-0.046771801953345696,7851779.45,38.54125470842387,0.0178211818214713,0.9638802516859917,0.04697485632415434,59.38326199255707
2025-06-26,35.83000183105469,35.83000183105469,34.79999923706055,35.0099983215332,2452835,-0.0112962871392992,0.4637784454492013,-0.046771801953345696,7868532.35,38.50611782895232,0.02879810688775386,0.9809197681195677,-0.02435707611376205,54.37157850059317
2025-06-27,35.540000915527344,36.09000015258789,34.70000076293945,34.880001068115234,2664053,-0.003713146519576216,0.463988640052814,-0.046771801953345696,7518392.85,38.4700370651629,0.027696007054829996,0.9909546563967321,-0.00800266670133755,50.43394416896285
2025-06-30,34.97999954223633,35.599998474121094,34.81999969482422,35.439998626708984,2386553,0.01605497538546974,0.4603307669666079,-0.046771801953345696,7360698.75,38.43988742895937,0.06362541870653371,0.9806856859399661,0.03487704100791496,43.20442117734248
2025-07-01,35.540000915527344,35.75,35.029998779296875,35.400001525878906,1945980,-0.001128586410269583,0.4466143661871538,-0.046771801953345696,7344601.1,38.4096398080332,0.02135030818593764,0.9880931611532799,-0.0025269818224495505,41.86308804103347
2025-07-02,35.4900016784668,35.4900016784668,34.66999816894531,34.939998626708984,1614663,-0.012994431619830271,0.44100513389630785,-0.046771801953345696,6324844.4,38.375116015184204,-0.013273121229269824,1.0035060333686672,-0.02946548764720443,46.3354016258115
2025-07-03,34.70000076293945,34.959999084472656,34.04999923706055,34.130001068115234,2133286,-0.02318252977762192,0.3740137065360013,-0.046771801953345696,6050515.55,38.33287606546213,-0.02513559827498535,1.0285671972929398,-0.06198310049249343,34.06168867143549
2025-07-04,34.16999816894531,34.58000183105469,33.93000030517578,34.220001220703125,1434635,0.002636980655472909,0.37401908731881683,-0.046771801953345696,4984097.5,38.291951937653586,-0.018922013394530368,1.0261104146359517,0.007050390406201976,36.33952589763528
2025-07-07,34.209999084472656,34.70000076293945,33.81999969482422,33.900001525878906,1476030,-0.00935124732346937,0.36730749559004494,-0.046771801953345696,4710814.35,38.248250938531456,-0.04345364448376343,1.0344837195704764,-0.025458906178482444,39.42446785091584
2025-07-08,34.060001373291016,34.380001068115234,33.5,34.02000045776367,1375814,0.003539791341695464,0.35908526223467346,-0.046771801953345696,3921497.7,38.20617879444421,-0.038983079339880655,1.026940015175812,0.009857801517913828,44.067786693398084
2025-07-09,34.0099983215332,34.43000030517578,33.79999923706055,34.08000183105469,1582517,0.0017637087737698565,0.299102207047608,-0.046771801953345696,3464770.5,38.165122307246314,-0.024613532611787114,1.021068018914092,0.00589667569561722,50.43180456416519
2025-07-10,34.08000183105469,34.849998474121094,34.08000183105469,34.54999923706055,1803952,0.01379100295639013,0.3037256856877816,-0.046771801953345696,3270703.9,38.12915093341362,0.012305835212460092,1.0057597899984265,0.045406112002346864,54.94328518496218
2025-07-11,34.459999084472656,34.61000061035156,33.70000076293945,33.83000183105469,1270027,-0.020839288622430563,0.28724600514403215,-0.046771801953345696,2673417.8,38.086373330405074,-0.011396825708249514,1.0230564045189106,-0.07254857343097079,54.06700860026048
2025-07-14,33.81999969482422,34.0,33.279998779296875,33.66999816894531,1310200,-0.0047296379973145175,0.2616917851743395,-0.046771801953345696,2449519.95,38.04242929894776,-0.006784759486161418,1.0240422299586196,-0.01807331404549243,40.27501723503773
2025-07-15,34.5,36.849998474121094,34.34000015258789,35.560001373291016,18787379,0.056133154354873094,0.33306806182095106,-0.046771801953345696,3167980.4,38.017728523568096,0.04526751601427148,0.9698818559552774,0.1685335794811604,51.20386424861434
2025-07-16,35.560001373291016,38.29999923706055,35.290000915527344,38.029998779296875,20765416,0.0694599918621226,0.4002703313657992,-0.046771801953345696,4079398.6,38.0178506156649,0.11590366009437347,0.9111491226697546,0.17353269698951906,68.19279108688816
2025-07-17,38.150001525878906,38.34000015258789,37.060001373291016,37.36000061035156,4993647,-0.017617622678180345,0.40106552137804563,-0.046771801953345696,4115339.8,38.01130484446775,0.08133144530656966,0.9319459193154783,-0.04392704258989018,64.02715758216735
2025-07-18,37.4900016784668,37.4900016784668,36.349998474121094,36.68000030517578,3052296,-0.018201292667735403,0.39833070953908434,-0.046771801953345696,4144666.05,37.998058033131514,0.08424470351358071,0.9529580127465799,-0.04569392159559385,56.919654987289114
2025-07-21,36.790000915527344,37.15999984741211,35.849998474121094,36.08000183105469,2999613,-0.016357646377566426,0.40394940142137375,-0.046771801953345696,4126260.15,37.97897289679245,0.07157718423436621,0.9726302251728561,-0.040494294372181154,53.57143064578196
2025-07-22,36.27000045776367,36.650001525878906,35.16999816894531,35.380001068115234,2035167,-0.01940135053809644,0.4047275888410416,-0.046771801953345696,3986312.8,37.953112480586704,-0.005061875653103343,0.992891444479606,-0.047936811311245414,52.25411138698162
2025-07-23,35.59000015258789,36.2400016784668,35.2400016784668,35.959999084472656,1992449,0.016393386061260395,0.3851888733535271,-0.046771801953345696,3903825.6,37.93328050649602,-0.05443070631785307,0.9776418582625646,0.04255934366157321,59.60125297165253
2025-07-24,36.0099983215332,36.25,35.13999938964844,35.27000045776367,2393275,-0.019187948950947664,0.3849631500743947,-0.046771801953345696,3900847.6,37.90678020750366,-0.05594218732450451,0.9971363759121825,-0.04984359788411848,55.182624692212045
2025-07-25,35.25,35.599998474121094,34.11000061035156,34.349998474121094,2441595,-0.026084546971988143,0.393779259217133,-0.046771801953345696,3889724.7,37.87138934448493,-0.06352240489828753,1.0230713789303876,-0.06624154446689502,52.09691044524789
2025-07-28,34.439998626708984,34.9900016784668,33.70000076293945,33.83000183105469,2314411,-0.015138185332327359,0.396886740650043,-0.046771801953345696,3886117.6,37.83117653340602,-0.06236141590390343,1.036417338683306,-0.03814232978937494,49.14645608119559
2025-07-29,33.5099983215332,34.75,33.45000076293945,34.54999923706055,2294100,0.02128280718403408,0.4001443265586553,-0.046771801953345696,3903523.6,37.79852800309413,-0.02345963273027407,1.013589033987242,0.05318782559081486,51.99320475036717
2025-07-30,34.560001373291016,34.939998626708984,34.209999084472656,34.68000030517578,1095897,0.00376269380567118,0.4004700263132284,-0.046771801953345696,3877585.3,37.76749787674669,-0.03559507263306838,1.0094146518692788,0.009395693721085743,50.567689975921645
2025-07-31,33.45000076293945,35.43000030517578,33.38999938964844,34.970001220703125,2400963,0.008362194722474126,0.3990277218847947,-0.046771801953345696,3890969.15,37.739662089124366,-0.008505790563280602,1.002244758909396,0.020956424965692402,55.172411898523364
2025-08-01,34.97999954223633,35.15999984741211,34.15999984741211,34.349998474121094,1665700,-0.017729560335702055,0.3954090133239937,-0.046771801953345696,3902522.4,37.70593409295518,0.0,1.0205240716847725,-0.04483853248127485,52.96167425938957
2025-08-04,34.5,35.599998474121094,33.7400016784668,35.220001220703125,2583468,0.02532759200084045,0.4045917359590027,-0.046771801953345696,3957894.3,37.68119844248501,0.041087771635071935,0.9971890707735712,0.06260036754038698,48.37475888244585
2025-08-05,35.0,35.5,34.40999984741211,35.29999923706055,1823940,0.0022713802834963825,0.4025990272515146,-0.046771801953345696,3980300.6,37.657504918052936,0.02170767052276812,0.9967422376582382,0.005641792635677341,33.08549548582441
2025-08-06,35.2599983215332,35.2599983215332,34.45000076293945,34.77000045776367,1656930,-0.015014130049624597,0.40694458365459674,-0.046771801953345696,3984021.25,37.628773530388365,0.0025951600863873825,1.0129278026038464,-0.036894777037800315,33.669600295709046
2025-08-07,34.95000076293945,35.04999923706055,34.20000076293945,34.93000030517578,1598033,0.004601663655612098,0.4071000869525916,-0.046771801953345696,3973725.3,37.60192006546088,-0.0011438637154996822,1.0088319469153155,0.011303518938115065,38.19162588474831
2025-08-08,34.86000061035156,35.59000015258789,34.45000076293945,34.83000183105469,2870786,-0.0028628248854116745,0.40483593649048577,-0.046771801953345696,4053763.25,37.574338789496636,0.013973897474703678,1.0131638920030017,-0.007071567903565488,40.95513145914745
2025-08-11,35.0,35.7400016784668,34.720001220703125,35.630001068115234,2790842,0.022968682027092457,0.4039274855853998,-0.046771801953345696,4127795.35,37.554992145502794,0.011641108268079847,0.9931658517475713,0.05686337839865208,51.78316726755877
2025-08-12,35.119998931884766,36.2400016784668,35.11000061035156,35.70000076293945,2175441,0.001964627918208617,0.40302538890665374,-0.046771801953345696,3297198.45,37.53653451980565,0.011331488230145847,0.9914145538284226,0.0048747000152803074,48.000010703689945
2025-08-13,34.0,34.5,33.349998474121094,34.029998779296875,4684419,-0.04677876604910958,0.38982568691901254,-0.046771801953345696,2493148.6,37.50164361691501,-0.021282762977403502,1.0341904669557302,-0.11999918532519935,41.71121743887515
2025-08-14,34.27000045776367,34.349998474121094,33.29999923706055,33.45000076293945,1604204,-0.01704372721606684,0.2939404912083234,-0.046771801953345696,2323676.45,37.461328762646595,-0.04237044172075277,1.046278013077626,-0.05798359581617336,43.6974902569126
2025-08-18,33.5,34.04999923706055,33.43000030517578,33.4900016784668,1344052,0.0011958419914794849,0.291729678426592,-0.046771801953345696,2238264.25,37.4218130702667,-0.03847258346662319,1.0402657109079263,0.004099143964157748,47.447445246017146
2025-08-19,33.4900016784668,34.290000915527344,33.4900016784668,34.130001068115234,1189114,0.019110162961262,0.29904749196160507,-0.046771801953345696,2147739.3,37.389058721986586,-0.042099353214511304,1.0179021177548837,0.06390343619628552,46.80852444427162
2025-08-20,34.22999954223633,34.779998779296875,34.0099983215332,34.70000076293945,1223417,0.016700840228121905,0.3027018301078313,-0.046771801953345696,2107151.8,37.36230192637418,-0.028011203883169355,1.0002017172293602,0.05517257583294695,50.14245239359412
2025-08-21,34.77000045776367,34.95000076293945,34.349998474121094,34.470001220703125,1541428,-0.006628228737158293,0.29644953670947244,-0.046771801953345696,2084600.75,37.33352281487497,0.01292984005847031,1.0047142219699994,-0.022358707613927012,46.40804457102591
2025-08-22,34.47999954223633,34.720001220703125,33.599998474121094,33.709999084472656,1449238,-0.02204821901120213,0.29781797723682496,-0.046771801953345696,2037398.9,37.297467852383406,0.007772744861078262,1.0250519527606707,-0.07403252978695803,45.492960179065726
2025-08-25,33.630001068115234,34.11000061035156,33.0,33.189998626708984,1057578,-0.015425703704726401,0.29550206352065495,-0.046771801953345696,1968198.05,37.25659751182943,-0.008957988555453156,1.039364321303953,-0.052201676695335195,34.96293452498216
2025-08-26,33.0,33.20000076293945,31.940000534057617,32.150001525878906,1983473,-0.0313346533251484,0.3012356005914019,-0.046771801953345696,1951651.15,37.20578561147172,-0.05801346265078422,1.0703732114528717,-0.10402041532749241,29.57198620904623
2025-08-28,32.0,32.439998626708984,31.5,31.549999237060547,1881135,-0.01866258974623658,0.3032693518983267,-0.046771801953345696,1931002.9,37.1495091301343,-0.09077813996025019,1.0859746817750446,-0.06153799918797386,29.30590097694939
2025-08-29,31.639999389648438,32.2400016784668,31.0,31.219999313354492,2221746,-0.01045958579036721,0.290733085918642,-0.046771801953345696,1987295.35,37.090509032454904,-0.09428493740222554,1.0919122703919064,-0.03597659137263889,26.666656600341042
2025-09-01,31.25,32.08000183105469,31.219999313354492,31.610000610351562,1946249,0.012492034131155405,0.2954513842040278,-0.046771801953345696,1964559.65,37.03597661034442,-0.0622960110102283,1.073125581979665,0.042281181866851744,30.461161103831742
2025-09-02,31.68000030517578,33.04999923706055,31.510000228881836,32.099998474121094,3327662,0.015501355719970134,0.30028311673444696,-0.046771801953345696,2047657.75,36.98686240003374,-0.03284122319037197,1.0532399348435415,0.051622466731800876,27.742733065408473
2025-09-03,32.06999969482422,32.439998626708984,31.700000762939453,32.099998474121094,1839969,0.0,0.2962468162521012,-0.046771801953345696,2010482.8,36.93823688833312,-0.001555304802009494,1.0483801172502518,0.0,27.09922337693581
2025-09-04,32.25,32.900001525878906,31.15999984741211,31.5,2344971,-0.018691542138383865,0.2820136647032433,-0.046771801953345696,2036534.35,36.88412507849897,-0.001584761910289223,1.0623174667358397,-0.06627885033607878,31.369661654033436
2025-09-05,31.549999237060547,31.950000762939453,31.399999618530273,31.489999771118164,1554905,-0.0003174675835503349,0.2812969784076408,-0.046771801953345696,2031433.1,36.83045218986831,0.008648317222998081,1.05744682152674,-0.001128585077812058,34.24436250742558
2025-09-08,31.489999771118164,31.860000610351562,31.260000228881836,31.329999923706055,1299856,-0.005080973279614209,0.27905848094520325,-0.046771801953345696,2016524.25,36.77572132154829,-0.008857977894306424,1.057101826665294,-0.01820755663948575,32.96528040299155
2025-09-09,31.479999542236328,31.770000457763672,31.149999618530273,31.450000762939453,1807838,0.0038302214977854465,0.27874362156182875,-0.046771801953345696,1963376.85,36.72272907718402,-0.0202491508435948,1.0476947311936338,0.013741018857809695,26.97594053920858
2025-09-10,31.59000015258789,31.989999771118164,31.260000228881836,31.3799991607666,1690527,-0.0022258060564290805,0.2788091861924845,-0.046771801953345696,1908361.1,36.669567585478376,-0.022429886217438688,1.043260066142087,-0.007983259113492177,18.79698632563924
2025-09-11,31.389999389648438,31.940000534057617,31.059999465942383,31.18000030517578,2368841,-0.006373449998076208,0.25986270134500333,-0.046771801953345696,1918031.1,36.614945025475365,-0.010158720470610172,1.042703645250286,-0.02452621988390855,18.903587910538008
2025-09-12,31.299999237060547,31.610000610351562,31.139999389648438,31.40999984741211,1306397,0.007376508658922365,0.2626672098876878,-0.046771801953345696,1749130.0,36.563154526191155,-0.0025404866398071047,1.0308978092270011,0.028083095645038764,25.840334869355047
2025-09-15,31.440000534057617,32.29999923706055,31.350000381469727,32.08000183105469,2554488,0.021330849630608384,0.23361741192148025,-0.046771801953345696,1796644.2,36.51854604166244,0.02393877782237519,1.007231865325022,0.09130675895301066,38.696568854378576
2025-09-16,32.13999938964844,33.68000030517578,32.060001373291016,33.0099983215332,4762321,0.028989913883927576,0.2517336493223516,-0.046771801953345696,1967557.65,36.48363511907409,0.04960246488871456,0.9781278872411948,0.11516105538673804,58.95829965899857
2025-09-17,33.150001525878906,33.970001220703125,33.150001525878906,33.65999984741211,3151671,0.019691049952428985,0.261285271655081,-0.046771801953345696,2065685.5,36.45553924572422,0.07265776761065434,0.9585412953447208,0.07536226238117333,71.75258838433639
2025-09-18,33.9900016784668,34.41999816894531,33.349998474121094,33.869998931884766,2624283,0.006238832009050066,0.25333694324717704,-0.046771801953345696,2135728.8,36.42981247643228,0.0862732071962955,0.9513729193877969,0.02462661656376254,78.01269265494732
2025-09-19,33.86000061035156,34.099998474121094,32.599998474121094,32.84000015258789,3593022,-0.030410357596062587,0.2658905474754638,-0.046771801953345696,2238308.5,36.394092950821886,0.04552691219747329,0.9787301936888135,-0.11437170949129637,61.45251851563583
2025-09-22,32.849998474121094,33.4900016784668,32.45000076293945,32.7400016784668,2131629,-0.003045020513290475,0.2654766155511554,-0.046771801953345696,2272428.05,36.35773383368402,0.020573560154014903,0.9802381855371248,-0.011470013629142357,56.425738909919716
2025-09-23,32.75,33.63999938964844,32.75,32.95000076293945,2787332,0.006414143973938025,0.25699368244197335,-0.046771801953345696,2358915.75,36.32382604193532,-0.0018175571537248914,0.9736266829674061,0.024958371207442282,58.188853329124015
2025-09-24,33.040000915527344,35.58000183105469,33.0,33.65999984741211,21667473,0.021547771412230965,0.26262550084111164,-0.046771801953345696,3343115.75,36.29732030865648,0.0,0.9553327394071036,0.0820475183207444,70.37737279207231
2025-09-25,33.93000030517578,34.220001220703125,33.25,33.45000076293945,3388514,-0.006238832009050066,0.23708013681901044,-0.046771801953345696,3418484.7,36.26898877088815,-0.01240030062563513,0.9641703797716359,-0.026315286592988565,67.81820764602134
2025-09-26,33.5,33.58000183105469,31.969999313354492,32.20000076293945,2409949,-0.03736920692046508,0.2648483330626258,-0.046771801953345696,3427894.85,36.228501328022986,-0.01948841006926738,1.0031210946001066,-0.14109662340469614,56.60092121412663
2025-09-29,32.25,32.5,31.75,31.829999923706055,1872739,-0.011490709020704482,0.26543905174811055,-0.046771801953345696,3424219.35,36.184735144895456,-0.027794798659379838,1.0151272401683908,-0.0432894425749916,52.77777282458055
2025-09-30,32.25,32.75,31.549999237060547,31.780000686645508,2398378,-0.0015708211492425628,0.26225597647011567,-0.046771801953345696,3377755.15,36.14090694133078,-0.035508347472025026,1.0162208744479087,-0.005989648398060723,52.93256483167568
2025-10-01,31.850000381469727,32.29999923706055,31.65999984741211,32.040000915527344,1269348,0.008181253092014229,0.25813355070530475,-0.046771801953345696,3349224.1,36.10010190624816,-0.04812831073168633,1.007880751781085,0.031693876106850996,56.250009251545514
2025-10-03,32.0099983215332,32.36000061035156,31.829999923706055,32.11000061035156,1608058,0.002184759451436147,0.2582404818822413,-0.046771801953345696,3312378.45,36.060399405791486,-0.04005979438040941,1.006633435874358,0.008460173830649323,55.20834282685515
2025-10-06,31.799999237060547,32.18000030517578,31.56999969482422,31.65999984741211,1385043,-0.014014349249011904,0.25442268139280716,-0.046771801953345696,3303885.35,36.01661433555886,-0.01677021437058035,1.0212097409969951,-0.055082937658948554,46.76921071095622
2025-10-07,31.700000762939453,31.950000762939453,31.3799991607666,31.479999542236328,4186640,-0.005685417120761427,0.255281983040062,-0.046771801953345696,3448224.55,35.97147388985417,-0.010995927813655326,1.027287188542627,-0.022271124778743014,36.69565306881895
2025-10-08,31.549999237060547,32.13999938964844,30.899999618530273,31.09000015258789,4197902,-0.012388799088931979,0.25839008866621554,-0.046771801953345696,3567727.75,35.92290201187142,-0.021711784743527973,1.0395947261473142,-0.047946106111966945,26.59378365154049
2025-10-09,31.170000076293945,31.799999237060547,31.059999465942383,31.489999771118164,2379816,0.012865860938150453,0.2620530425847458,-0.046771801953345696,3602192.2,35.87879353186393,-0.017166077674568236,1.026564003176532,0.04909639789061316,29.04928246610116
2025-10-10,31.540000915527344,32.25,31.5,31.950000762939453,2819406,0.014607843606375237,0.2665465943234929,-0.046771801953345696,3624720.45,35.8397010665015,-0.004982866532881047,1.0129890289548051,0.05480408817606434,41.29158450723729
2025-10-13,31.979999542236328,33.439998626708984,31.950000762939453,32.43000030517578,7669506,0.015023459492154556,0.26938689887284895,-0.046771801953345696,3942875.9,35.80577369574203,0.02432092424114818,0.9995682999013095,0.05576907784797239,47.17667007275628
2025-10-14,32.5,32.5,31.110000610351562,31.649999618530273,3274851,-0.024051824832114543,0.28314841339693114,-0.046771801953345696,3978894.05,35.76442270989913,0.005400256631702183,1.0235229241914785,-0.08494423010930043,39.273916097829364
2025-10-15,31.5,36.54999923706055,31.5,34.36000061035156,15757544,0.08562404500740195,0.40435424970126915,-0.046771801953345696,4528655.2,35.750448360649905,0.10517852819925055,0.9447613416187904,0.21175502162549173,54.34243481086912
2025-10-16,35.849998474121094,36.279998779296875,34.900001525878906,35.5099983215332,12972147,0.03346908296722151,0.4081809292116223,-0.046771801953345696,5019679.0,35.74805582294726,0.12765952936278135,0.916769972884602,0.0819957027681525,61.44442992527414
2025-10-17,35.5099983215332,35.52000045776367,33.900001525878906,34.09000015258789,2615051,-0.03998868589312854,0.43062413729853416,-0.046771801953345696,5019217.4,35.731557756575526,0.06697963500929682,0.9552801441371438,-0.09286215402455361,60.30534132053628
2025-10-20,34.09000015258789,34.099998474121094,33.400001525878906,33.56999969482422,1372082,-0.015253753459552155,0.4337218117133653,-0.046771801953345696,4908170.4,35.71004971616009,0.03515261729635255,0.9711647462879711,-0.03516943970975234,59.3347640453256
2025-10-21,33.72999954223633,34.130001068115234,33.65999984741211,33.9900016784668,569408,0.012511229891590814,0.42120192405260976,-0.046771801953345696,4830059.35,35.6929348103124,0.07393371526508674,0.9610031957487283,0.02970363827918253,61.403512374039224
2025-10-23,33.9900016784668,34.08000183105469,33.20000076293945,33.439998626708984,1510421,-0.016181318758399676,0.4256070443045513,-0.046771801953345696,4766213.8,35.67051753485366,-0.02677537739523239,0.9775419100523095,-0.0380193857097604,57.01401343001431
2025-10-24,33.209999084472656,33.58000183105469,32.93000030517578,33.029998779296875,1809734,-0.01226076149072075,0.427714506930444,-0.046771801953345696,3773326.85,35.644243716390406,-0.06983947224611553,0.9887224124502113,-0.028665759532110122,54.45735321512202
2025-10-27,33.0,33.7400016784668,32.709999084472656,33.33000183105469,2262789,0.009082744863613268,0.4221114516761704,-0.046771801953345696,3717040.6,35.62121643394926,-0.02229387850194864,0.9796429143690356,0.021517408761056674,58.21042708218512
2025-10-28,33.20000076293945,33.31999969482422,32.650001525878906,32.779998779296875,1042638,-0.01650174082034872,0.4254635892208725,-0.046771801953345696,3648675.05,35.59294561151491,-0.023532943780429805,0.9969646506258524,-0.03878531759371995,56.166973557243246
2025-10-29,32.45000076293945,33.29999923706055,32.45000076293945,33.11000061035156,1120708,0.010067170327752173,0.4050957348132861,-0.046771801953345696,3611073.5,35.568239691105326,-0.025889997783457908,0.9889610226890954,0.024851335657431462,59.63739586444226
2025-10-30,33.22999954223633,33.470001220703125,33.0,33.33000183105469,819342,0.00664455501804917,0.402558003686951,-0.046771801953345696,3532121.7,35.54596866762224,-0.0032893779955612823,0.9847584254102545,0.016505832183523004,58.93203711702748
2025-10-31,33.689998626708984,35.33000183105469,33.33000183105469,34.400001525878906,7457848,0.032103199401185334,0.4149834421569837,-0.046771801953345696,3841546.7,35.53456600949544,0.0414775294342653,0.9575581014962262,0.07736019167588651,61.228222070715695
2025-11-03,34.349998474121094,35.5,34.33000183105469,35.369998931884766,3912265,0.028197597761038917,0.4231775211472132,-0.046771801953345696,3956757.05,35.53292852613613,0.06120603026578131,0.9359061653469093,0.06663302204301026,62.89471969083367
2025-11-04,35.47999954223633,35.47999954223633,34.81999969482422,35.15999984741211,2301023,-0.0059372092398721765,0.42480265745013807,-0.046771801953345696,4002556.05,35.5292177930145,0.07260528239001607,0.9464732711343832,-0.013976393499386551,66.20497504871548
2025-11-06,35.15999984741211,35.75,34.470001220703125,35.209999084472656,3449521,0.0014220488417955313,0.41958439594970826,-0.046771801953345696,3965700.1,35.52604148745687,0.06342489989156164,0.9504260413495427,0.003389184206159414,55.20194440821798
2025-11-07,34.650001525878906,35.560001373291016,34.119998931884766,35.22999954223633,3810064,0.0005680334644624363,0.41805938106970847,-0.046771801953345696,3946308.2,35.52309579645965,0.057005628766913174,0.9557621473963093,0.0013587386782748308,48.01137376508803
2025-11-10,34.75,36.13999938964844,34.20000076293945,35.59000015258789,5821285,0.010218581181642206,0.4130418473888656,-0.046771801953345696,4118381.65,35.523761511446004,0.03459298180012449,0.9518544503818717,0.02473981994522589,62.54178151438522
2025-11-11,35.59000015258789,35.779998779296875,31.700000762939453,33.869998931884766,6849254,-0.0483282161654629,0.4540310511819742,-0.046771801953345696,4319874.05,35.50730616239564,-0.04240882231545118,1.0030263068830003,-0.1064425328955481,52.089126743014
2025-11-12,10.600000381469727,11.949999809265137,10.600000381469727,11.880000114440918,4869820,-0.6492471069062467,2.3053771174021267,-0.046771801953345696,4179889.75,35.272208589779176,-0.6621160362344164,2.7731481158149145,-0.2816229497504677,11.547834790246625
2025-11-13,12.100000381469727,12.470000267028809,11.850000381469727,12.470000267028809,3292879,0.04966331202898777,2.3165715055430107,-0.046771801953345696,4180791.15,35.045320944776684,-0.6458392334202592,2.5650360289277634,0.021438281398080024,13.581114522955858
2025-11-14,13.09000015258789,13.09000015258789,13.0,13.09000015258789,1324291,0.0497193161413465,2.3314425437682393,-0.046771801953345696,3459128.5,34.82686004137182,-0.6284416598730116,2.3622994333324105,0.02132555917407731,15.620698730951489
2025-11-17,13.739999771118164,13.739999771118164,13.350000381469727,13.739999771118164,3280765,0.04965619640590835,2.3136688812317634,-0.046771801953345696,2974559.4,34.61704053619517,-0.6139365071028505,2.171324636989487,0.02146210142431924,16.626915538682596
2025-11-18,14.399999618530273,14.420000076293945,14.149999618530273,14.420000076293945,5735949,0.049490561608680705,2.3193682682195393,-0.046771801953345696,3130604.3,34.41607495947974,-0.574254486830847,2.000728145547895,0.021337948817111565,18.860245860066854
2025-11-19,15.109999656677246,15.140000343322754,15.0,15.140000343322754,1339006,0.04993067012617214,2.3322144832141696,-0.046771801953345696,3128950.5,34.224273222005536,0.27441079103350274,1.8447159452137423,0.02140912436289665,19.919649248197857
2025-11-20,15.890000343322754,15.890000343322754,14.420000076293945,15.489999771118164,8800274,0.023117531034255956,2.3368280576015197,-0.046771801953345696,3540493.8,34.03786254090218,0.24218119000962313,1.7433182922863446,0.009892696580790129,20.266659358071607
2025-11-21,15.890000343322754,15.890000343322754,14.710000038146973,14.710000038146973,1874596,-0.05035505129093276,2.336825852337924,-0.046771801953345696,3558702.55,33.84554550107377,0.12375858416157537,1.7720938104332746,-0.02154848253885467,16.863002292461957
2025-11-24,13.970000267028809,13.979999542236328,13.970000267028809,13.970000267028809,1143992,-0.05030589865391888,2.3390338601088336,-0.046771801953345696,3525415.45,33.647778881829545,0.01673948324177643,1.797745140544763,-0.02150712706506391,13.704206703166605
2025-11-25,13.270000457763672,13.6899995803833,13.270000457763672,13.270000457763672,2313778,-0.05010735833106861,2.34071169575557,-0.046771801953345696,3527964.9,33.44501491741098,-0.07975031986448033,1.816993156973781,-0.02140689013852486,13.48014693207088
2025-11-26,12.210000038146973,13.239999771118164,11.789999961853027,12.880000114440918,5492850,-0.029389625461134217,2.3376830293058335,-0.046771801953345696,3750475.5,33.2403879044461,-0.14927345955302906,1.7947593079315862,-0.012572117334547356,13.16397443459148
2025-11-27,12.9399995803833,13.079999923706055,12.100000381469727,12.199999809265137,4534800,-0.052795054280579734,2.339266973581608,-0.046771801953345696,3921180.1,33.031030808971664,-0.2123950942844678,1.8090983931603728,-0.022569058876617074,12.818857652090287
2025-11-28,12.199999809265137,14.220000267028809,12.199999809265137,12.960000038146973,13969918,0.0622951017019413,2.3567418102172204,-0.046771801953345696,4578708.9,32.831319060008234,-0.11896668901847596,1.6244212885714717,0.0264327221452707,13.930506477521746
2025-12-01,13.100000381469727,13.25,12.729999542236328,12.979999542236328,4403732,0.001543171607290672,2.3559468892605984,-0.046771801953345696,4426003.1,32.63379349266722,-0.07086619225978275,1.5394068233709874,0.0006550112007087207,14.79608911310548
2025-12-02,13.079999923706055,13.15999984741211,12.800000190734863,12.960000038146973,2394714,-0.0015407938978948543,2.3485127441292377,-0.046771801953345696,4350125.55,32.43803435381628,-0.0233609953973537,1.455324063462022,-0.0006560721866150296,57.01298652327413
2025-12-03,12.90999984741211,13.300000190734863,12.75,13.100000381469727,2364263,0.010802495594959272,2.344151761334973,-0.046771801953345696,4353287.55,32.24561610533522,0.017080765921899888,1.3555724753875595,0.004608274825485105,54.34482789756148
2025-12-04,13.100000381469727,13.460000038146973,12.9399995803833,13.34000015258789,2869196,0.01832059268163455,2.3484783497863106,-0.046771801953345696,4324271.3,32.057500523715845,0.09344265255291195,1.2492128791212813,0.0078010481149596595,51.81950432150068
2025-12-05,13.329999923706055,13.680000305175781,12.90999984741211,12.989999771118164,3244381,-0.026236909855044344,2.3462966696616014,-0.046771801953345696,4295987.15,31.867774148068108,0.0023147942039265512,1.1972671503902577,-0.011182264409472892,44.29223623397499
2025-12-08,13.09000015258789,13.199999809265137,12.15999984741211,12.319999694824219,3085841,-0.05157814381056547,2.3453170493279387,-0.046771801953345696,4159214.95,31.673268929627874,-0.05084744766473215,1.167938339535313,-0.021991970597504382,33.99389750292487
2025-12-09,12.319999694824219,13.0,12.319999694824219,12.539999961853027,4644380,0.01785716497389478,2.3471261144842734,-0.046771801953345696,4048971.25,31.48288814387887,-0.03240741319889662,1.0624003252531364,0.0076080977445634615,28.54784908797528
2025-12-10,12.75,13.239999771118164,12.449999809265137,12.489999771118164,5607040,-0.003987256051592114,2.3477608441920856,-0.046771801953345696,4085832.25,31.293904179970806,-0.04656493073194279,1.0690952974921801,-0.001698322912434884,23.95833378581557
2025-12-11,12.59000015258789,12.59000015258789,11.920000076293945,12.039999961853027,4775569,-0.03602880844767631,0.6485797716879315,-0.046771801953345696,4159966.75,31.102323043472122,-0.09745128754610022,1.1072674458439324,-0.05555031079431923,25.414364664867804
2025-12-12,12.079999923706055,12.34000015258789,11.720000267028809,11.800000190734863,4469614,-0.01993353587031299,0.6278457436309633,-0.046771801953345696,4317232.9,30.91026012951454,-0.09160889925719118,1.124322016371355,-0.03174909721859737,27.99188620340405
2025-12-15,12.0,12.149999618530273,11.0,11.59000015258789,4965522,-0.017796613114621884,0.60091283843058,-0.046771801953345696,4401470.75,30.7180187367093,-0.05925321106485171,1.135418451548902,-0.02961596371437517,31.081078940012105
2025-12-16,11.680000305175781,11.829999923706055,10.979999542236328,11.109999656677246,6053423,-0.0414150551847462,0.5787616724726597,-0.046771801953345696,4417344.45,30.522914069246298,-0.1140351124023824,1.169576994353235,-0.0715580461508915,30.46357312616246
2025-12-17,11.1899995803833,11.329999923706055,10.859999656677246,10.930000305175781,4244310,-0.016201562291973892,0.5377773355995742,-0.046771801953345696,4562609.65,30.327959703434654,-0.1248998794659485,1.1695791076749753,-0.03012689624162316,34.24318009775736
2025-12-18,10.930000305175781,11.1899995803833,10.779999732971191,10.84000015258789,3187329,-0.008234231479872123,0.4880606014427202,-0.046771801953345696,4281962.4,30.1340496581526,-0.09966775856039534,1.1578413142265331,-0.01687132968081877,18.45237866300495
2025-12-19,10.899999618530273,11.25,10.84000015258789,10.869999885559082,7632922,0.0027675030026663716,0.4727102404671441,-0.046771801953345696,4569878.7,29.942367570863112,-0.07881358391044768,1.1369825340732396,0.005854544088966668,18.694365271893474
2025-12-22,10.949999809265137,11.229999542236328,10.729999542236328,10.8100004196167,6197223,-0.00551973013560858,0.45727607614893573,-0.046771801953345696,4822540.25,29.7519957584129,-0.06729937210544623,1.1286771090912509,-0.012070891749652514,18.475076738021727
2025-12-23,10.8100004196167,11.0,10.729999542236328,10.75,5073182,-0.005550454883222589,0.4386091737204521,-0.046771801953345696,4960510.45,29.562921173752077,-0.032403210423222806,1.1232558139534883,-0.012654670921710968,14.714707559879997
2025-12-24,10.789999961853027,11.0,10.729999542236328,10.789999961853027,3297293,0.00372092668400259,0.4189311635228203,-0.046771801953345696,4850732.6,29.376125937812784,-0.012808814219013143,1.1094068614171566,0.008881952261306001,9.26517374692122
2025-12-26,10.789999961853027,10.84000015258789,10.649999618530273,10.6899995803833,3274909,-0.009267875979913631,0.4126282529940702,-0.046771801953345696,4787738.05,29.190194332266223,-0.013837690968000582,1.1127222121462428,-0.022460594222666753,10.069442230286313
2025-12-29,10.699999809265137,10.739999771118164,10.40999984741211,10.479999542236328,2657618,-0.019644531935467335,0.38269684710774693,-0.046771801953345696,4222123.05,29.004023239828115,-0.03587859681957073,1.123187067775307,-0.051331835029772635,11.983468427004581
2025-12-30,10.479999542236328,10.539999961853027,10.170000076293945,10.199999809265137,3245392,-0.026717532939075084,0.29367540096589784,-0.046771801953345696,4164206.05,28.816918529076247,-0.056429286463727246,1.140392175195585,-0.09097640436154042,2.822568701343414
2025-12-31,10.25,10.449999809265137,10.079999923706055,10.140000343322754,5517920,-0.005882300692582665,0.29073586927297873,-0.046771801953345696,4320366.35,28.63107854712845,-0.05674415410951128,1.1332346741297794,-0.020232455338130576,2.811233900920115
2026-01-01,10.140000343322754,10.729999542236328,10.140000343322754,10.640000343322754,7048933,0.04930966302474071,0.35826413633845,-0.046771801953345696,4554599.85,28.452062843607994,-0.013901725584854696,1.068421016543291,0.13763493648107944,22.44094039294987
2026-01-02,10.729999542236328,11.600000381469727,10.649999618530273,11.4399995803833,13359086,0.07518789579387519,0.45869376032643233,-0.046771801953345696,5079094.35,28.282788582282375,0.07015902988212352,0.9854021300450019,0.1639174121339543,44.193533688826676
2026-01-05,11.609999656677246,11.680000305175781,11.220000267028809,11.40999984741211,4959605,-0.0026223543768859603,0.4503408485208197,-0.046771801953345696,5164855.55,28.114900137159292,0.08874049101125525,0.9810692469533406,-0.005823043428702631,46.91779881131513
2026-01-06,11.489999771118164,11.680000305175781,11.25,11.359999656677246,3525535,-0.004382137721606005,0.4449316845558159,-0.046771801953345696,5186840.25,27.948184709492807,0.11372547736309047,0.9811619976220265,-0.009849012275874794,55.02008153463442
2026-01-07,11.359999656677246,11.390000343322754,11.079999923706055,11.229999542236328,3011210,-0.01144367239170696,0.41375402394900174,-0.046771801953345696,5105181.75,27.78183460832608,0.10749498639133126,0.986687478790724,-0.027658153039584573,56.147525587998125
2026-01-08,11.319999694824219,11.319999694824219,11.0,11.0600004196167,2066659,-0.015137945641071293,0.4074458727009724,-0.046771801953345696,4928162.7,27.615448198488178,0.03947369010730539,0.9953887477299578,-0.03715326693381056,54.36508580585769
2026-01-09,11.0600004196167,11.119999885559082,10.9399995803833,11.069999694824219,2436729,0.0009040935649318182,0.4080501889728361,-0.046771801953345696,4811220.7,27.45081687009351,-0.03234264852540192,0.9901084242439696,0.0022156429949247583,53.999997738937
2026-01-12,11.069999694824219,11.069999694824219,10.680000305175781,10.880000114440918,3717908,-0.017163467535788235,0.3952539510443632,-0.046771801953345696,4773635.4,27.28593312128105,-0.04645045925144342,1.0031709407725304,-0.04342389761367075,51.33079133461129
2026-01-13,10.75,11.300000190734863,10.75,11.09000015258789,3465816,0.019301473891369048,0.39932875878067403,-0.046771801953345696,4698650.1,27.124779559403507,-0.023767562698001843,0.9819206312515544,0.04833479428568324,56.1151147128323
2026-01-14,11.0,11.0,10.369999885559082,10.40999984741211,9773754,-0.06131652802701726,0.4458647440796657,-0.046771801953345696,4884666.65,26.958463343363793,-0.07301867571233445,1.042699339005665,-0.13752270720206203,44.44443642836082
2026-01-15,10.40999984741211,10.40999984741211,10.40999984741211,10.40999984741211,0,0.0,0.4255467626271705,-0.046771801953345696,4672451.15,26.79380201504587,-0.0587703930871204,1.0402017383073665,0.0,45.7831305995047
2026-01-16,10.40999984741211,10.550000190734863,10.010000228881836,10.079999923706055,7715572,-0.031700281320185764,0.43499846135939596,-0.046771801953345696,4898863.3,26.627495526574826,-0.08943087609849154,1.0704861118338305,-0.0728744660208127,44.186044713356935
2026-01-19,10.079999923706055,10.199999809265137,9.770000457763672,9.869999885559082,5885496,-0.020833337275439456,0.4389000547438528,-0.046771801953345696,4811492.0,26.460754276415468,-0.09283090241343583,1.0881965602986439,-0.04746715471003185,45.103852502032034
2026-01-20,9.869999885559082,9.90999984741211,9.5,9.529999732971191,4569440,-0.034447837541046855,0.45035252403832354,-0.046771801953345696,4730102.85,26.292289057077713,-0.14066730371078195,1.120304322186218,-0.07649082649130927,41.643820418221864
2026-01-21,9.460000038146973,9.699999809265137,9.029999732971191,9.09000015258789,7298089,-0.04616994676936059,0.47147745543798325,-0.046771801953345696,4841348.2,26.121122003301696,-0.12680112528074305,1.165401509470227,-0.09792609436056632,28.412236216291774
2026-01-22,9.300000190734863,9.479999542236328,9.180000305175781,9.3100004196167,5691914,0.02420244921185999,0.4843577892828348,-0.046771801953345696,4961079.25,25.95384716167299,-0.1056675738634969,1.1299140115647603,0.049968121185816325,14.61793373007832
2026-01-23,9.3100004196167,9.420000076293945,9.0,9.170000076293945,5081385,-0.015037630183964867,0.4837844863274575,-0.046771801953345696,5051403.05,25.78684370808713,-0.09027776332338855,1.1388767567835156,-0.031083323872756766,14.102554848437848
2026-01-27,9.229999542236328,9.369999885559082,8.970000267028809,9.289999961853027,5017196,0.013086137901928918,0.4887980685173102,-0.046771801953345696,5169381.95,25.62269600911963,-0.058763924055830974,1.1177610344687054,0.026772073126031096,17.554848979459507
2026-01-28,9.460000038146973,10.180000305175781,9.300000190734863,9.979999542236328,6530308,0.07427336740760015,0.5594510798291803,-0.046771801953345696,5333627.75,25.467047288056115,0.04721928875908166,1.0393788006025542,0.13276114526879976,33.333323611779264
2026-01-29,9.979999542236328,10.649999618530273,9.819999694824219,10.329999923706055,11516628,0.03507018011258323,0.5656063921860491,-0.046771801953345696,5633563.15,25.316429901346165,0.13641361389473028,1.0050822855686825,0.06200456709301414,40.71245890121291
2026-01-30,10.460000038146973,10.460000038146973,10.130000114440918,10.390000343322754,3972216,0.005808365930284776,0.5652116434630424,-0.046771801953345696,5479727.3,25.167908214201656,0.11600428303208599,0.9980750327796852,0.010276444044805187,41.45729418525737
2026-02-02,10.289999961853027,10.289999961853027,9.84000015258789,10.170000076293945,4375191,-0.021174230968162955,0.5427858443660409,-0.046771801953345696,5030532.55,25.018675297406556,0.10905125318212106,1.0134218171799785,-0.039010285175714234,41.14713286809607
2026-02-03,10.380000114440918,10.600000381469727,10.0600004196167,10.270000457763672,4884552,0.009832879126798089,0.46840860528278816,-0.046771801953345696,5026779.9,24.871922313927524,0.10548982776477533,0.9980038492410906,0.02099209708357258,39.48718609534974
2026-02-04,10.25,10.680000305175781,10.229999542236328,10.609999656677246,4575364,0.03310605489375118,0.4864218430702382,-0.046771801953345696,5079271.35,24.73001263574593,0.0631262668675181,0.9624882487276177,0.06806037739626541,52.808983677332215
2026-02-05,10.760000228881836,10.789999961853027,10.460000038146973,10.6899995803833,4047843,0.0075400496036499565,0.4877497309513542,-0.046771801953345696,5131103.0,24.59031101330451,0.034849918619175524,0.9527596249071194,0.015458849017414372,53.84614774440354
2026-02-06,10.600000381469727,10.65999984741211,10.0,10.140000343322754,5512588,-0.051449883877434766,0.515926353803222,-0.046771801953345696,5303399.45,24.44652682753355,-0.02406159689500542,0.9999013454989819,-0.09972330837711971,50.77720573545559
2026-02-09,10.199999809265137,10.34000015258789,9.960000038146973,10.010000228881836,5453089,-0.012820523672518735,0.5153778420033128,-0.046771801953345696,5454217.45,24.3028797967012,-0.015732531584249032,1.0075923858872973,-0.02487596939349331,51.85185460353879
2026-02-10,10.010000228881836,10.289999961853027,9.949999809265137,9.989999771118164,6440337,-0.0019980476829525307,0.515111017290154,-0.046771801953345696,5590338.9,24.16046308002873,-0.027263941009256665,1.005155177802509,-0.0038788680053379277,56.6473970298078
2026-02-11,10.329999923706055,10.329999923706055,9.680000305175781,9.819999694824219,6823535,-0.017017025043927214,0.5150654582828824,-0.046771801953345696,5758224.85,24.0177719020665,-0.07445805724940369,1.0160896418923697,-0.033038567117804105,61.44199448252442
2026-02-12,9.850000381469727,9.880000114440918,9.550000190734863,9.59000015258789,5479826,-0.023421542707129928,0.5115775936017816,-0.046771801953345696,5543528.45,23.87421198416124,-0.10289985696668924,1.0361835068244893,-0.04578297122905628,54.374993709538835
2026-02-13,9.5,9.579999923706055,9.210000038146973,9.289999961853027,5069335,-0.03128260541830208,0.4805982297585236,-0.046771801953345696,5796995.2,23.729095446625834,-0.08382646476234656,1.063616796001261,-0.06509096960908556,51.78571060744932
2026-02-16,9.399999618530273,9.399999618530273,8.90999984741211,8.949999809265137,8065731,-0.03659850957847288,0.492403839115688,-0.046771801953345696,5814503.15,23.582039768642147,-0.10589414539255271,1.0977095193214954,-0.07432620529713656,45.251392646123044
2026-02-17,8.949999809265137,9.020000457763672,8.859999656677246,8.899999618530273,6896223,-0.005586613608986046,0.48394548225799366,-0.046771801953345696,5865039.5,23.435949816899743,-0.1091091268829818,1.0984270105866425,-0.01154389016605985,31.632656188892952
2026-02-18,8.930000305175781,9.029999732971191,8.859999656677246,8.890000343322754,4656414,-0.0011235141164164242,0.4808693359890461,-0.046771801953345696,5869388.2,23.291214001242263,-0.09470462122230361,1.0960629504407982,-0.002336422826257711,22.307693081574158
2026-02-19,8.949999809265137,8.949999809265137,8.649999618530273,8.680000305175781,5773657,-0.023622050622832957,0.47379407858285677,-0.046771801953345696,5793166.6,23.14582879033613,-0.09489049352794254,1.1202188561621862,-0.04985720842040846,18.909078470824383
2026-02-20,8.6899995803833,8.90999984741211,8.619999885559082,8.779999732971191,5203336,0.011520670999951577,0.4507094275324613,-0.046771801953345696,5768737.7,23.00288521762603,-0.05489776436770932,1.1044419446397473,0.025561193178081226,23.574118689855226
2026-02-23,9.020000457763672,9.029999732971191,8.600000381469727,8.640000343322754,5557425,-0.015945261264952326,0.4435188225610001,-0.046771801953345696,5792539.7,22.85997094026978,-0.03463681257528828,1.1192707879744763,-0.03595171184249379,19.475620430427767
2026-02-24,8.649999618530273,8.850000381469727,8.630000114440918,8.6899995803833,4138855,0.005786948503906819,0.44237060903379394,-0.046771801953345696,5748622.65,22.718976200370413,-0.023595510915499496,1.1093786465835358,0.013081674629627104,9.663816825938014
2026-02-25,8.720000267028809,8.729999542236328,8.539999961853027,8.5600004196167,3217176,-0.014959627968229139,0.4408324263310609,-0.046771801953345696,5582966.05,22.578090869218638,-0.03712034993945934,1.11793219019429,-0.033934952910304,6.1727931213805505
2026-02-26,8.569999694824219,8.680000305175781,8.539999961853027,8.550000190734863,3324700,-0.001168250980329244,0.3387071214418427,-0.046771801953345696,5173369.65,22.438507877392933,-0.014976971183215282,1.1088303881900545,-0.003449147868118736,7.936447278353413
2026-02-27,8.520000457763672,8.5600004196167,8.34000015258789,8.4399995803833,4155116,-0.01286556817516371,0.30221287233420485,-0.046771801953345696,5182514.65,22.299219237621692,-0.03872439213307732,1.111729912188512,-0.04257121031967197,8.021327048152472
2026-03-02,7.800000190734863,8.319999694824219,7.710000038146973,8.050000190734863,8465508,-0.04620846078652596,0.32227898150206136,-0.046771801953345696,5387030.5,22.15743596352332,-0.06828705198418883,1.1524223327062777,-0.14338030714059252,6.696377785389544
2026-03-04,7.849999904632568,8.050000190734863,7.760000228881836,8.010000228881836,4639730,-0.004968939242891657,0.32127726261335704,-0.046771801953345696,5374789.4,22.016665458701016,-0.07825079221367137,1.1440698782511542,-0.015466202145184278,7.108951786673728
2026-03-05,8.09000015258789,8.09000015258789,7.789999961853027,7.889999866485596,4602982,-0.0149813182231322,0.31227207615684405,-0.046771801953345696,5376170.3,21.876101621962555,-0.07827108881860367,1.1442332255906964,-0.04797520779877704,7.499941658429108
2026-03-06,7.920000076293945,7.949999809265137,7.78000020980835,7.829999923706055,4007482,-0.00760455561405049,0.266141346901516,-0.046771801953345696,5374152.25,21.736339416009756,-0.08421055566864555,1.1347381993459476,-0.028573370567373003,8.52266348027031
2026-03-09,7.75,7.800000190734863,7.389999866485596,7.480000019073486,6847579,-0.04469986054187702,0.2737219340317971,-0.046771801953345696,5440901.8,21.594485292657158,-0.11374402950695606,1.1700534726972798,-0.16330389841409437,8.474513958520447
2026-03-10,7.510000228881836,8.100000381469727,7.510000228881836,8.029999732971191,6668943,0.07352937332824117,0.39110698952421113,-0.046771801953345696,5501694.5,21.45951528708814,-0.002484528855874024,1.0775840922843232,0.18800321502220876,30.83697668540637
2026-03-11,8.029999732971191,8.029999732971191,7.809999942779541,7.849999904632568,4047766,-0.022415919592069677,0.39314998754990255,-0.046771801953345696,5382065.95,21.32409722358112,-0.01997507112076613,1.0886624310567872,-0.057016201784980104,28.688489465506507
2026-03-12,7.849999904632568,8.010000228881836,7.610000133514404,7.900000095367432,5342337,0.006369451126407855,0.39667587546808364,-0.046771801953345696,5308006.05,21.19052411782775,0.0012674561534928852,1.0696202402522865,0.016057066637392904,32.89471033093393
2026-03-13,8.0,8.0,7.699999809265137,7.71999979019165,5799376,-0.0227848484813733,0.3983106791050192,-0.046771801953345696,5323983.55,21.056489049891074,-0.014048548478444944,1.0824482135993343,-0.057203708322690304,27.542355580065603
2026-03-16,7.71999979019165,7.78000020980835,7.440000057220459,7.46999979019165,7238125,-0.032383420569211396,0.4029871102293405,-0.046771801953345696,5432423.05,20.921300102033367,-0.0013369289914887394,1.1064926647186772,-0.08035845054001217,26.31576562876174
2026-03-17,7.480000019073486,8.050000190734863,7.420000076293945,7.840000152587891,7404808,0.04953150907474768,0.4478056230895185,-0.046771801953345696,5399376.9,20.791137913481673,-0.02366121876731353,1.047193855953336,0.11060939259074952,34.76703339130941
2026-03-18,8.09000015258789,8.4399995803833,7.940000057220459,8.279999732971191,11409873,0.056122394364757966,0.48591622307219406,-0.046771801953345696,5625059.4,20.66664897636217,0.05477704886147383,0.9878019637629086,0.11549808494753393,45.483858394437334
2026-03-19,8.199999809265137,8.220000267028809,7.889999866485596,8.010000228881836,7259832,-0.03260863681120785,0.4964486289130017,-0.046771801953345696,5755230.3,20.540712172904655,0.013924067365379988,1.0156054629225486,-0.06568380745812102,41.96428371235258
2026-03-20,8.149999618530273,8.34000015258789,7.940000057220459,8.079999923706055,9805377,0.008739037805744365,0.4984769369375529,-0.046771801953345696,5956816.3,20.416724986345464,0.046632142914276864,1.0030940653366056,0.017531478355084604,44.57831448797721
2026-03-23,8.0,8.0,7.599999904632568,7.690000057220459,7021579,-0.048267310664368734,0.517596921213702,-0.046771801953345696,6047728.45,20.2900909074487,0.02945117445889034,1.0468790543172084,-0.09325269868039546,44.578308085386574
2026-03-24,7.900000095367432,7.960000038146973,7.599999904632568,7.630000114440918,6927853,-0.0078023332032624015,0.5140238487894574,-0.046771801953345696,6116249.85,20.164119854781955,-0.02678571863007606,1.048492772761162,-0.01517893200840355,44.31137231056274
2026-03-25,7.800000190734863,8.239999771118164,7.599999904632568,7.690000057220459,8039645,0.007863688319739603,0.5149352778998711,-0.046771801953345696,6311289.35,20.039999259781343,-0.07125600178479918,1.0338101353504434,0.015271216606286832,46.95121928107205
2026-03-27,7.710000038146973,7.849999904632568,7.400000095367432,7.5,12572964,-0.024707419480713755,0.5176866624011787,-0.046771801953345696,6779078.75,19.91522314774372,-0.06367043874017841,1.0529333305358888,-0.04772658984268164,45.16128801737031
2026-03-30,7.5,7.550000190734863,7.110000133514404,7.179999828338623,11217994,-0.04266668955485031,0.5320957931066984,-0.046771801953345696,7173743.45,19.788504507749643,-0.11138615146850506,1.090320354883739,-0.08018610427997415,45.5621243669071
2026-04-01,7.550000190734863,7.800000190734863,7.369999885559082,7.71999979019165,7007314,0.07520891013419106,0.6049033477660842,-0.046771801953345696,7316353.35,19.66841988369434,0.003901135597915051,1.0093912154363311,0.12433210887097489,45.400591627718335
2026-04-02,7.699999809265137,7.809999942779541,7.320000171661377,7.71999979019165,4813523,0.0,0.6042148634982171,-0.046771801953345696,7133754.1,19.549530131520186,0.011795501232089611,1.0072539070845712,0.0,47.96237827843293
2026-04-06,7.849999904632568,8.1899995803833,7.659999847412109,7.989999771118164,6551712,0.0349740917440895,0.597419657273027,-0.046771801953345696,7229353.2,19.43450992892912,0.03901166601631201,0.9730913831285818,0.05854191560805441,51.31964147607103
2026-04-07,7.900000095367432,8.1899995803833,7.829999923706055,7.889999866485596,4848815,-0.012515632978369107,0.5988297257145109,-0.046771801953345696,7241644.85,19.319639182039136,0.05199998219807944,0.9854245956961729,-0.020900152801256136,52.55255227819454
2026-04-08,8.350000381469727,8.420000076293945,8.149999618530273,8.329999923706055,9835356,0.055766801605339644,0.6261345379987434,-0.046771801953345696,7533038.55,19.210289537677614,0.16016714803091148,0.93637454980962,0.08906520456918081,62.2159118887767
2026-04-09,8.390000343322754,8.609999656677246,8.25,8.34000015258789,7426074,0.0012005076798833336,0.6249412293001748,-0.046771801953345696,7561963.3,19.102127454243885,0.08031092995416378,0.9404076488795357,0.0019209928940322337,57.91139260901255
2026-04-10,8.399999618530273,8.880000114440918,8.390000343322754,8.65999984741211,9837459,0.03836926726253398,0.6098890946457789,-0.046771801953345696,7720389.1,18.99822568701173,0.12176166875221162,0.9092956212031978,0.06291187524135013,56.25000133089806
2026-04-13,8.5,8.739999771118164,8.109999656677246,8.550000190734863,7965101,-0.012702039101088136,0.5640277861731203,-0.046771801953345696,7916255.85,18.894263244262707,0.07008766403735822,0.9250876934188108,-0.022520236036717284,59.374999183320796
2026-04-15,8.8100004196167,9.029999732971191,8.710000038146973,8.899999618530273,9488888,0.040935604676908044,0.5698933734573607,-0.046771801953345696,8123583.4,18.79481783505144,0.12801011015663777,0.8943258733138983,0.0718302859186833,62.974680467770355
2026-04-16,9.069999694824219,9.880000114440918,9.050000190734863,9.619999885559082,20501293,0.08089890987520154,0.6252977662187787,-0.046771801953345696,8858679.25,18.70352611416097,0.15486194161681333,0.8372661155843371,0.12937661535341313,77.65042981641963
2026-04-17,9.75,9.800000190734863,9.460000038146973,9.5600004196167,6049604,-0.006236950795857066,0.6168863620917034,-0.046771801953345696,8799253.2,18.612545758991377,0.14628300296256525,0.8534518419929319,-0.010110372149589177,77.65044042576672
2026-04-20,9.59000015258789,9.720000267028809,9.229999542236328,9.569999694824219,5732556,0.0010459492435797024,0.5978823684473595,-0.046771801953345696,8715640.6,18.522570176263347,0.10508081564043525,0.861598767777008,0.0017494230993994628,77.32558767745505
2026-04-21,9.579999923706055,9.779999732971191,9.300000190734863,9.369999885559082,5797435,-0.020898622324230898,0.5927209259381288,-0.046771801953345696,8435018.7,18.431499825112063,0.09590639491596797,0.8858057688034908,-0.03525878884496228,77.10146096952971
2026-04-22,9.390000343322754,9.489999771118164,9.199999809265137,9.289999961853027,5290591,-0.008537878834913304,0.5700833731248892,-0.046771801953345696,8336556.65,18.340539627467695,0.04382026517290538,0.900322925006398,-0.014976543936631274,82.8660660995445
2026-04-23,9.270000457763672,9.40999984741211,9.210000038146973,9.289999961853027,4254358,0.0,0.5531258273443688,-0.046771801953345696,8059005.7,18.250484506416804,-0.03430352678085047,0.9068353041404966,0.0,79.40077352837679
2026-04-24,9.289999961853027,9.350000381469727,8.899999618530273,9.0,4191638,-0.031216357701166486,0.5692185136423955,-0.046771801953345696,7917508.65,18.15843988446241,-0.05857744717956315,0.9433333264456856,-0.054840727075104415,71.62163891506495
2026-04-27,9.25,9.449999809265137,9.029999732971191,9.279999732971191,4006832,0.031111081441243416,0.5399737911945409,-0.046771801953345696,7771457.6,18.070097196387874,-0.030303027283257844,0.9237607937078047,0.0576159090911797,71.71718666212128
2026-04-28,9.329999923706055,9.380000114440918,9.170000076293945,9.210000038146973,2355109,-0.007543070780003824,0.5398696830320834,-0.046771801953345696,7487230.8,17.981937025659107,-0.017075757669826497,0.9390336462717391,-0.013972021169848395,72.44900047033067
2026-04-29,9.25,9.699999809265137,9.1899995803833,9.609999656677246,7036323,0.04343101160407303,0.5523918743842771,-0.046771801953345696,7210398.75,17.898634166266252,0.034445607765146935,0.9109261408490678,0.07862355119949554,72.06898210945343
2026-04-30,9.600000381469727,9.779999732971191,9.430000305175781,9.680000305175781,5385003,0.007284146826154858,0.5370685721903128,-0.046771801953345696,6918749.2,17.816856714912117,0.04198066145577917,0.9172520294149404,0.013562787077300466,72.63515586375352
2026-05-01,9.680000305175781,9.680000305175781,9.680000305175781,9.680000305175781,0,0.0,0.500695325102115,-0.046771801953345696,6568383.5,17.735892969541606,0.07555558946397567,0.9273759986979586,0.0,69.31820523525907
2026-05-04,9.75,9.920000076293945,9.600000381469727,9.65999984741211,4991262,-0.002066162926976145,0.4524334876747327,-0.046771801953345696,6577270.45,17.65553582404778,0.04094828937233741,0.9393374841202363,-0.004566777079051667,71.76470986211905
2026-05-05,9.619999885559082,9.739999771118164,9.59000015258789,9.600000381469727,3446775,-0.0062111249368659305,0.4548602742336049,-0.046771801953345696,6422023.6,17.575381242529595,0.042345313974745835,0.9535937104187922,-0.01365501705063362,65.48674998797492
2026-05-06,9.680000305175781,9.800000190734863,9.550000190734863,9.729999542236328,3593702,0.013541578708426982,0.4464987527477887,-0.046771801953345696,6359267.95,17.49731774302419,0.01248698125350134,0.9503083661450894,0.030328367821426953,53.29340391857675
2026-05-07,9.760000228881836,9.899999618530273,9.739999771118164,9.84000015258789,3467585,0.011305304781780157,0.4390656782193226,-0.046771801953345696,6040879.4,17.42112552819398,0.01652890933552542,0.9473577067544563,0.025748549898376296,58.139530151429085
2026-05-08,9.84000015258789,9.9399995803833,9.760000228881836,9.8100004196167,2579932,-0.0030487533034541103,0.4096721569305465,-0.046771801953345696,5798572.3,17.34539294004893,0.013429763465132138,0.9577471549932626,-0.007441934184342523,56.89657266074039
2026-05-11,9.770000457763672,9.869999885559082,9.399999618530273,9.739999771118164,4038916,-0.00713564174355763,0.4124562785775846,-0.046771801953345696,5508645.15,17.269717386129223,0.008281565731855123,0.9701745596110106,-0.017300358707503107,61.49067677904977
2026-05-12,9.680000305175781,9.680000305175781,9.15999984741211,9.329999923706055,6121952,-0.04209444117523231,0.430912895886083,-0.046771801953345696,5416487.7,17.19071522232402,-0.02812504656612691,1.0169882157336025,-0.09768665686323279,51.03092339222411
2026-05-13,9.329999923706055,9.539999961853027,9.109999656677246,9.149999618530273,3818403,-0.019292637368455767,0.43470010025528555,-0.046771801953345696,5132963.45,17.11070810188826,-0.05960945025622766,1.0383606963177747,-0.044381487175436454,46.69810184823386
2026-05-14,9.289999961853027,9.390000343322754,8.930000305175781,9.050000190734863,3891495,-0.010928899668246395,0.41524184196338604,-0.046771801953345696,4302473.55,17.030502053021063,-0.0802845477238392,1.0466850597595498,-0.026319359709459273,51.29533844322325
2026-05-15,9.050000190734863,9.1899995803833,7.849999904632568,8.800000190734863,5047303,-0.02762430881006428,0.30912848789239683,-0.046771801953345696,4252358.5,16.948606512102792,-0.10295618610394508,1.0721022471058965,-0.08936189642302052,37.36842780949543
2026-05-18,8.770000457763672,8.800000190734863,8.220000267028809,8.569999694824219,5658430,-0.026136419423354318,0.31844528622043744,-0.046771801953345696,4248652.2,16.86523729004032,-0.12012321394126968,1.0950408766860116,-0.08207506825681576,34.46601190628226
2026-05-19,8.710000038146973,8.970000267028809,8.539999961853027,8.65999984741211,2816077,0.01050176847056905,0.3223681009060815,-0.046771801953345696,4099584.3,16.783593136382326,-0.07181136996492155,1.0795612173025155,0.032576945781180665,22.857161269810717
2026-05-20,8.600000381469727,8.699999809265137,8.460000038146973,8.630000114440918,1961301,-0.0034641724595591006,0.3168377715199784,-0.046771801953345696,3933119.8,16.702462857557038,-0.056830549264315744,1.0794901345542722,-0.010933583876709051,19.298239141919638
2026-05-21,8.75,8.819999694824219,8.600000381469727,8.65999984741211,3244164,0.003476214666670918,0.3172690796021665,-0.046771801953345696,3882610.1,16.622438349993406,-0.04309395967991525,1.0721131804400292,0.010956676148407181,20.689636498079025
2026-05-22,8.680000305175781,8.729999542236328,8.510000228881836,8.600000381469727,3210341,-0.006928344919118312,0.3173106453058149,-0.046771801953345696,3833545.25,16.542613096575263,-0.022727250560256596,1.07726739385439,-0.021834580097667925,20.224712092491103
2026-05-25,8.649999618530273,8.90999984741211,8.649999618530273,8.869999885559082,4547062,0.031395289780581814,0.3224326333357385,-0.046771801953345696,3860556.75,16.466268686515402,0.035005857808378504,1.0421646138656506,0.09737007225999425,31.65826587044222
2026-05-26,8.899999618530273,9.600000381469727,8.850000381469727,9.09000015258789,9297698,0.024802736174436957,0.3153025067582822,-0.046771801953345696,4207686.2,16.392872979710152,0.04965361579126126,1.0162816123621368,0.07866329907366797,34.61539639311084
2026-05-27,9.15999984741211,9.220000267028809,9.039999961853027,9.140000343322754,2373207,0.0055005709456041885,0.31502358818833376,-0.046771801953345696,3974530.4,16.320705092780923,0.059096201867764986,1.0081509518222325,0.017460821910604062,32.67326552969007
2026-05-28,9.140000343322754,9.140000343322754,9.140000343322754,9.140000343322754,0,0.0,0.27230294337244804,-0.046771801953345696,3705280.25,16.24925529427885,0.055427309973230976,1.0051969040018323,0.0,33.16582295932169
2026-05-29,9.25,9.25,9.020000457763672,9.100000381469727,2988234,-0.004376363276862416,0.2701494324377174,-0.046771801953345696,3854691.95,16.178118429474782,0.05813953230482882,1.006428534898505,-0.016199786449203505,33.673474926485454
2026-06-01,9.069999694824219,9.069999694824219,8.899999618530273,8.9399995803833,2242678,-0.017582504876838767,0.274681942803555,-0.046771801953345696,3717262.75,16.106097346399245,0.007891735707706404,1.0204139224082431,-0.06401041166841162,38.59647828383928
2026-06-02,8.899999618530273,8.989999771118164,8.699999809265137,8.890000343322754,2711778,-0.005592756085834538,0.2746995753998756,-0.046771801953345696,3680512.9,16.034295386169628,-0.022002178867752575,1.0221596946354268,-0.020359535955226347,41.7721657703245
2026-06-03,8.859999656677246,8.989999771118164,8.75,8.899999618530273,2428853,0.0011247778201752823,0.275064952683566,-0.046771801953345696,3622270.45,15.963307368581177,-0.02625828400190522,1.0163483626697138,0.004089135196288971,44.96641553152755
2026-06-04,8.850000381469727,8.979999542236328,8.779999732971191,8.800000190734863,2154488,-0.011235891245119367,0.269100748761298,-0.046771801953345696,3556615.6,15.892030680244398,-0.03719914002369573,1.0219886189810012,-0.041753472925306775,49.999994776113105
2026-06-05,8.8100004196167,8.979999542236328,8.770000457763672,8.800000190734863,2594914,0.0,0.26345331094466684,-0.046771801953345696,3557364.7,15.821463212687089,-0.03296705254493748,1.0162499814412813,0.0,60.360396092724166
2026-06-08,8.770000457763672,8.8100004196167,8.5,8.609999656677246,1897905,-0.021590969311303,0.26933376669885806,-0.046771801953345696,3450314.15,15.749707356408384,-0.03691274487642715,1.0321138651734851,-0.08016435805392448,47.933867678097016
2026-06-09,8.65999984741211,9.119999885559082,8.65999984741211,9.0,4816626,0.0452962089284521,0.3226510973339627,-0.046771801953345696,3385047.85,15.682546089180441,0.012373414221504175,0.98555555873447,0.14038758243457036,61.783439784622196
2026-06-10,9.09000015258789,9.09000015258789,8.8100004196167,8.869999885559082,1802507,-0.014444457160102009,0.2939857998437919,-0.046771801953345696,3284253.05,15.614759559791175,-0.00337075665809361,0.9984216636101422,-0.049133178121001854,56.28742487639061
2026-06-11,8.800000190734863,8.8100004196167,8.600000381469727,8.699999809265137,1976494,-0.01916573601886018,0.29389338211366667,-0.046771801953345696,3188503.0,15.545955980183951,-0.011363679466167786,1.0159195651332715,-0.0652132253842836,52.8089689587587
2026-06-12,8.770000457763672,8.970000267028809,8.699999809265137,8.899999618530273,2828074,0.02298848432756806,0.30454673067270865,-0.046771801953345696,3077541.55,15.479827061162522,0.011363571094088698,0.9936517273400007,0.07548425662605729,50.8771809896447
2026-06-15,9.0,9.739999771118164,9.0,9.180000305175781,6100522,0.03146075265694748,0.30730424185452093,-0.046771801953345696,3099646.15,15.417142217819372,0.0662021685513643,0.9666666372322751,0.10237656155776564,52.54237237833711
2026-06-16,9.3100004196167,9.3100004196167,9.0,9.0600004196167,2447021,-0.013071882523949863,0.2952247704145008,-0.046771801953345696,3081193.35,15.353887075548698,0.006666713290744308,0.9816776646222318,-0.04427772799287617,47.8260855710643
2026-06-17,9.079999923706055,9.1899995803833,9.0,9.029999732971191,2116311,-0.0033113339134676067,0.2945695934429196,-0.046771801953345696,3088943.85,15.29096282338375,0.01803831448437765,0.9871539643334244,-0.011241261402279283,47.058805006704944
2026-06-18,9.100000381469727,9.140000343322754,8.949999809265137,9.100000381469727,2631628,0.0077520100297392425,0.29443553924890964,-0.046771801953345696,3058317.05,15.229361207046297,0.045977078272876115,0.98197798752091,0.026328376615915545,49.99999631579271
2026-06-19,9.100000381469727,9.239999771118164,8.199999809265137,8.670000076293945,35408497,-0.04725277880772272,0.341421728497968,-0.046771801953345696,4668224.85,15.16409393211344,-0.02584264630275457,1.0310841945917977,-0.13840002987391486,43.77881339821341
2026-06-22,8.539999961853027,8.630000114440918,8.5,8.550000190734863,5561986,-0.013840817128386584,0.3440885147148752,-0.046771801953345696,4718971.05,15.098282054089774,-0.06862746116530272,1.043684194382245,-0.04022458214744479,42.41071391583492
2026-06-23,8.600000381469727,8.630000114440918,8.180000305175781,8.239999771118164,8190982,-0.03625735821066167,0.3459803334159191,-0.046771801953345696,4663635.25,15.030040439333838,-0.090507793655624,1.0777912971660826,-0.10479600619123905,37.007889418664114
2026-06-24,8.25,8.359999656677246,8.109999656677246,8.300000190734863,3812058,0.007281604524675522,0.3331494697493828,-0.046771801953345696,4735577.8,14.963074864720914,-0.08084159067811314,1.0649397387001374,0.021856868965106083,40.00001301876846
2026-06-25,8.350000381469727,8.380000114440918,8.109999656677246,8.149999618530273,3905031,-0.018072357681633844,0.3345855400353286,-0.046771801953345696,4930829.35,14.89528307122648,-0.10439568385886377,1.0784663079134846,-0.05401416074222452,37.73585656918647
2026-06-26,8.149999618530273,8.149999618530273,8.149999618530273,8.149999618530273,0,0.0,0.3345855400353286,-0.046771801953345696,4781417.65,14.828165822940946,-0.05997698422004516,1.072638082101182,0.0,40.650418058567375
2026-06-29,8.229999542236328,8.239999771118164,8.010000228881836,8.09000015258789,3730282,-0.007361898006223777,0.33464907139911837,-0.046771801953345696,4855797.85,14.76111939836032,-0.053801172852071755,1.0753399041374612,-0.021998859149544858,28.63852919262206
2026-06-30,8.100000381469727,8.180000305175781,8.0,8.09000015258789,3029781,0.0,0.33210071410996495,-0.046771801953345696,4871698.0,14.694740102382486,-0.018203837705922488,1.0703955272793286,0.0,30.500032435645295
2026-07-01,8.09000015258789,8.25,8.0600004196167,8.1899995803833,2619832,0.012360868468392017,0.33716701145432254,-0.046771801953345696,4881246.95,14.630016316093938,-0.01325308527996838,1.0529915041470863,0.03666096528383811,36.78757131526905
2026-07-02,8.260000228881836,8.479999542236328,8.210000038146973,8.369999885559082,5142904,0.021978060366073526,0.3484628400973333,-0.046771801953345696,5030667.75,14.5677275953921,0.026993899058425086,1.0277777872727432,0.06307145900900074,36.125678466777124
2026-07-03,8.4399995803833,8.579999923706055,8.270000457763672,8.380000114440918,4957949,0.0011947704920629576,0.3472802131036689,-0.046771801953345696,5148819.5,14.506158167720944,0.028220921064548765,1.0240453270698857,0.0034403643299500495,25.60978156844766
2026-07-06,8.449999809265137,8.449999809265137,8.100000381469727,8.140000343322754,4260314,-0.028639590434441864,0.35907121389964736,-0.046771801953345696,5266939.95,14.442813313746834,0.006180493175747204,1.0513513060709803,-0.07976019387854374,23.863664021378995
2026-07-07,8.199999809265137,8.220000267028809,7.949999809265137,8.029999732971191,4915388,-0.013513587925312098,0.35499980244878865,-0.046771801953345696,5271878.05,14.379004223390858,-0.007416615387517145,1.0597136067239386,-0.03806646497105272,22.826115641750377
2026-07-08,8.010000228881836,8.100000381469727,7.860000133514404,7.900000095367432,4108136,-0.016189245569957045,0.31054657394182833,-0.046771801953345696,5387159.5,14.314536520624458,-0.0354089743435978,1.071012643970868,-0.052131455978242605,18.421061180822036
2026-07-09,7.96999979019165,7.980000019073486,7.769999980926514,7.869999885559082,4435221,-0.003797494866606632,0.3090875706101591,-0.046771801953345696,5510095.85,14.250411777986992,-0.05973715732812124,1.0698221239842065,-0.012286145108483908,23.333341751930703
2026-07-10,7.949999809265137,8.050000190734863,7.900000095367432,7.980000019073486,3405063,0.0139771455036799,0.31193142395301976,-0.046771801953345696,5538945.3,14.188019621181882,-0.04773270762587789,1.049310776107447,0.04480839050605272,30.872489985882893
2026-07-13,7.940000057220459,8.239999771118164,7.860000133514404,8.149999618530273,3160274,0.021303207901060217,0.31014920674805696,-0.046771801953345696,5391932.9,14.127939820160472,0.001228412135845014,1.0211043396981052,0.06868696340563522,46.66665711766139
2026-07-14,8.149999618530273,8.15999984741211,7.900000095367432,7.960000038146973,3069083,-0.02331283304005405,0.28852730680265687,-0.046771801953345696,5423036.0,14.06656728501606,-0.008717272372600449,1.0385678291868667,-0.08079939639129301,38.51350116257664
2026-07-15,7.989999771118164,8.149999618530273,7.949999809265137,8.020000457763672,2383384,0.007537741121753427,0.29152722653955676,-0.046771801953345696,5436389.65,14.006402440963798,0.015189919107293282,1.0245011879309074,0.02585604422841173,45.32376457711891
2026-07-16,8.020000457763672,8.0600004196167,7.900000095367432,7.949999809265137,3274551,-0.008728259913099112,0.2915890216408339,-0.046771801953345696,5468535.8,13.946139728210579,0.01016517469750533,1.0262893287200288,-0.029933430156763186,43.15068750474482
2026-07-17,7.949999809265137,7.949999809265137,7.75,7.909999847412109,4158350,-0.005031441863232566,0.28738850763593343,-0.046771801953345696,3906028.45,13.8860786348693,-0.008771951315045823,1.0266751090757487,-0.017507456124626543,43.74998746811075
2026-07-20,7.909999847412109,8.130000114440918,7.809999942779541,8.0600004196167,3018157,0.018963410252613944,0.25921869498093125,-0.046771801953345696,3778837.0,13.828107707354349,-0.011042847009335666,1.00452847965982,0.0731560257351372,49.05660850764377
2026-07-21,8.050000190734863,8.210000038146973,8.020000457763672,8.170000076293945,3316549,0.013647599373509456,0.2626555799658478,-0.046771801953345696,3535115.35,13.771808128935838,0.026381914213641,0.9905752640463853,0.05196005680017701,49.375011698425
2026-07-22,8.140000343322754,8.329999923706055,8.010000228881836,8.050000190734863,4355975,-0.01468786835232394,0.23657412445677886,-0.046771801953345696,3562311.2,13.71487471661543,0.003740614870183734,1.0037887939597943,-0.062085689908789904,39.61040209434659
2026-07-23,8.039999961853027,8.180000305175781,7.929999828338623,7.989999771118164,3449592,-0.00745346809876557,0.23557596067075878,-0.046771801953345696,3539539.25,13.657910786809488,0.005031441863232455,1.010325434506683,-0.03163933943493135,37.73584347057678
2026-07-24,7.929999828338623,8.109999656677246,7.889999866485596,8.0600004196167,3196864,0.008761032603726626,0.2303680192743343,-0.046771801953345696,3699382.45,13.602210186140903,0.018963410252613944,1.0009925075042687,0.03803059231493242,47.18310056111609
2026-07-27,8.109999656677246,8.25,8.039999961853027,8.09000015258789,2633753,0.003722051043344443,0.2308155757969891,-0.046771801953345696,3644556.0,13.547362325110525,0.003722051043344443,0.9972805782873471,0.016125648666629147,52.23881432140693
2026-07-28,8.039999961853027,8.100000381469727,7.949999809265137,8.0,1623924,-0.011124864139724466,0.2326371804708949,-0.046771801953345696,3574263.15,13.492164690034798,-0.02080784268132596,1.007937502861023,-0.047820660648479986,53.84613958279166
2026-07-29,8.029999732971191,8.140000343322754,7.980000019073486,8.010000228881836,2407017,0.0012500286102294922,0.23270659220678694,-0.046771801953345696,3563622.4,13.437615789923823,-0.004968939242891657,1.0055555337278044,0.0053716937911314445,55.468750335947696
2026-07-30,8.0,8.039999961853027,7.920000076293945,7.940000057220459,1720160,-0.008739097335974555,0.229619885443171,-0.046771801953345696,3392485.2,13.382913145817323,-0.006257786649561781,1.0117128471039678,-0.038058972717098065,48.38709503255062
2026-07-31,7.980000019073486,8.079999923706055,7.900000095367432,8.029999732971191,1820808,0.011334971675332595,0.21868029262223354,-0.046771801953345696,3235628.15,13.329650325789004,-0.0037221693652138566,0.9981943102576999,0.051833528394706695,44.82759355389532
2026-08-03,8.079999923706055,8.25,8.050000190734863,8.199999809265137,2879970,0.021170620416825825,0.23271956541360586,-0.046771801953345696,3166610.95,13.278609027117124,0.013596990680161847,0.9778658786137716,0.09097051839837661,60.52627753599797
2026-08-04,8.1899995803833,8.350000381469727,8.119999885559082,8.210000038146973,2997978,0.0012195401359078595,0.20978045432981665,-0.046771801953345696,3070740.45,13.228175106828864,0.026250004768371582,0.9777710104847256,0.0058134113669922076,58.71555306926745
2026-08-05,8.279999732971191,8.489999771118164,8.100000381469727,8.140000343322754,3690233,-0.008526150365282814,0.20626730150446537,-0.046771801953345696,3049845.3,13.177546502216863,0.016229726682425616,0.9876535266206928,-0.04133544138959816,58.715604441240764
2026-08-06,8.350000381469727,9.760000228881836,8.300000190734863,9.760000228881836,169686303,0.19901717656412243,0.711733085171211,-0.046771801953345696,11312399.4,13.14354106666129,0.22921916354475447,0.8334016262491815,0.2796233277816705,84.64418409771179
2026-08-07,9.9399995803833,10.0,8.800000190734863,9.260000228881836,81098236,-0.05122950699533779,0.7424422515921606,-0.046771801953345696,15197058.05,13.10489886927045,0.15317565838268465,0.8853131609936091,-0.06900133471049531,69.86754026065
2026-08-10,9.300000190734863,10.420000076293945,9.100000381469727,9.75,67444021,0.05291574071346794,0.7580078778956558,-0.046771801953345696,18411245.4,13.071516790969252,0.18902441790102564,0.8490256505134778,0.06980895787294511,73.23528606971334
2026-08-11,9.729999542236328,10.470000267028809,9.449999809265137,10.25,81247120,0.05128205128205132,0.7703686602336739,-0.046771801953345696,22320147.25,13.04344199702926,0.2484774607033331,0.8187804966438108,0.06656819424717268,79.1005183617577
2026-08-12,10.399999618530273,10.789999961853027,10.100000381469727,10.619999885559082,63586945,0.03609754981064217,0.7635152286938849,-0.046771801953345696,25380325.3,13.019328145173835,0.30466823558191525,0.8024953063867355,0.04727810000543383,82.15158662955525
2026-08-13,10.520000457763672,10.59000015258789,9.90999984741211,10.069999694824219,32276945,-0.05178909573085266,0.7975534852137462,-0.046771801953345696,26830445.0,12.989981593429063,0.03176223961809255,0.8568520673045962,-0.06493494924371569,71.991238597986
2026-08-14,10.100000381469727,10.430000305175781,9.760000228881836,10.0,22152371,-0.00695131052091269,0.7969950473251277,-0.046771801953345696,27730146.05,12.960230532797928,0.07991358021894146,0.8733000063896179,-0.008721899159880184,70.71583288125936
2026-08-17,10.010000228881836,10.239999771118164,9.8100004196167,10.0600004196167,13004293,0.006000041961669922,0.7949228418768266,-0.046771801953345696,28229452.85,12.931372521721498,0.03179491483248187,0.878031778872702,0.007547955059417047,72.48908570920176
2026-08-18,10.050000190734863,10.119999885559082,9.850000381469727,9.970000267028809,11044531,-0.008946336862212578,0.7979872277684711,-0.046771801953345696,28615851.95,12.901906131127541,-0.027317047119140625,0.8949849382593942,-0.01121112774589044,71.030041882419
2026-08-19,9.9399995803833,10.229999542236328,9.899999618530273,10.100000381469727,11067728,0.013039128481353579,0.7979673058766823,-0.046771801953345696,28951439.6,12.874026471926966,-0.0489641722874633,0.8936138358498059,0.01634042926561248,72.88135822240959
2026-08-20,10.149999618530273,10.720000267028809,10.079999923706055,10.510000228881836,20811897,0.04059404276502088,0.7983002566896455,-0.046771801953345696,29819554.85,12.850503822742438,0.04369419537160146,0.8707421414425108,0.050850594016903394,74.60317763683018
2026-08-21,10.550000190734863,12.59000015258789,10.470000267028809,12.170000076293945,110075884,0.15794479650441628,0.9362751107012565,-0.046771801953345696,35163505.85,12.843732641185737,0.21700000762939453,0.7688578496329098,0.16869485583053614,80.39816389171256
2026-08-24,12.5,13.720000267028809,12.5,13.329999923706055,116032093,0.09531633854889487,0.9685820095146412,-0.046771801953345696,40833422.85,12.848571121608824,0.3250496389356956,0.7216054112754496,0.09840812303810689,83.33333388384187
2026-08-25,13.319999694824219,13.319999694824219,12.0,12.260000228881836,47066996,-0.08027004508239588,1.0342720016471856,-0.046771801953345696,43105576.45,12.842714694815522,0.2296890572236141,0.8019575779068668,-0.07761018782143926,73.73271881866438
2026-08-26,12.260000228881836,13.430000305175781,11.8100004196167,13.319999694824219,61257032,0.08645998745132655,1.0501495026683385,-0.046771801953345696,46048077.2,12.847463799293221,0.3188118011621228,0.7580705925926138,0.08233112181487305,71.92118062099763
2026-08-27,13.010000228881836,13.15999984741211,12.399999618530273,12.569999694824219,23868911,-0.05630630759634547,1.0859270253955817,-0.046771801953345696,47155514.75,12.844702962432834,0.1960037508164305,0.8217184005280489,-0.05185091241036669,69.77299697117549
2026-08-28,12.600000381469727,12.829999923706055,12.020000457763672,12.1899995803833,21895655,-0.030230717873237944,1.0965394273791946,-0.046771801953345696,48159257.1,12.838188500919905,0.0016433446149530795,0.8643970794877008,-0.02756920256830111,64.76997344510102
2026-08-31,12.010000228881836,12.59000015258789,11.84000015258789,11.949999809265137,18633846,-0.019688250974543298,1.1058420830985758,-0.046771801953345696,48946950.9,12.829350802495481,-0.1035258906481108,0.8974477161016059,-0.017803853820916427,60.6249990135682
2026-09-01,11.960000038146973,12.380000114440918,11.569999694824219,11.920000076293945,25577812,-0.002510437945608346,1.1089131150587817,-0.046771801953345696,50075942.6,12.820302536563128,-0.027732475223526176,0.9152684537179137,-0.002263872515238984,58.48564108826338
2026-09-02,11.920000076293945,12.369999885559082,11.739999771118164,12.270000457763672,16512418,0.029362447921942092,1.1071392574819752,-0.046771801953345696,50717051.85,12.814826893988009,-0.07882877335714555,0.9059901898239302,0.026521006692069235,64.74531401908403
2026-09-03,12.270000457763672,12.600000381469727,12.100000381469727,12.510000228881836,16724646,0.019559882816981178,1.1018025931844608,-0.046771801953345696,43068969.0,12.811793792842675,-0.004773227318938478,0.8996003067919144,0.017752619898018625,66.44823275822353
2026-09-04,12.770000457763672,12.770000457763672,12.220000267028809,12.4399995803833,12711642,-0.005595575317171031,0.8988660207998048,-0.046771801953345696,39649639.3,12.808094347942584,0.020508614323688112,0.9174437617700012,-0.00622514938315349,65.57591078069163
2026-09-07,12.4399995803833,12.779999732971191,12.25,12.670000076293945,15107126,0.018488786468557006,0.8679118888659153,-0.046771801953345696,37032794.55,12.806720275587871,0.060251069332283524,0.9123125450398474,0.02130260743367612,67.35218324774858
2026-09-08,12.670000076293945,13.239999771118164,12.600000381469727,13.020000457763672,25792094,0.027624339334029635,0.8588859966545341,-0.046771801953345696,34260043.25,12.808842466455292,0.0922819106064745,0.8984254705745339,0.032162986845751286,68.24999928246217
2026-09-09,13.199999809265137,13.300000190734863,12.5,12.75,22061311,-0.020737361618345718,0.8570099719967522,-0.046771801953345696,32183761.55,12.808256969276634,0.03911976563396258,0.9258039250093348,-0.024197339650618332,64.2493601607988
2026-09-10,12.800000190734863,12.84000015258789,12.079999923706055,12.260000228881836,11337840,-0.03843135459750302,0.8691700796946443,-0.046771801953345696,31136806.3,12.802801678327432,-0.019984012424142494,0.9717373448742962,-0.0442161494662163,50.67264576621712
2026-09-11,12.199999809265137,12.3100004196167,12.0,12.15999984741211,10086572,-0.00815663781425946,0.8439807215321435,-0.046771801953345696,30533516.35,12.796405640208873,-0.022508017879094178,0.9886102149500371,-0.009664483452663764,39.60923654325797
2026-09-14,12.15999984741211,12.15999984741211,12.15999984741211,12.15999984741211,0,0.0,0.8425313812322531,-0.046771801953345696,29883301.7,12.790073244260647,-0.040252582936922465,0.9972450811266282,0.0,48.903503417945636
2026-09-15,12.399999618530273,12.399999618530273,11.380000114440918,11.600000381469727,11548427,-0.04605258823761926,0.8651381358333646,-0.046771801953345696,29908496.5,12.778231723237852,-0.10906298205598108,1.0524137619474423,-0.05323148500550513,28.817748617533525
2026-09-16,11.5,11.569999694824219,10.770000457763672,11.180000305175781,13509692,-0.03620690193811282,0.8770042972898643,-0.046771801953345696,30030594.7,12.762328923058131,-0.12313723096660534,1.0967799375249507,-0.04128474813310791,31.36730647073125
2026-09-17,11.180000305175781,11.5,10.949999809265137,11.029999732971191,7560793,-0.013416866557252827,0.8794433249066652,-0.046771801953345696,29368039.5,12.745091816689106,-0.10032630285055266,1.1140526118701934,-0.015256089874939753,33.4285813019617
2026-09-18,11.0,11.319999694824219,10.84000015258789,11.109999656677246,7521321,0.007252939768159328,0.8702667225272382,-0.046771801953345696,24240311.35,12.728822242957646,-0.08634870097949254,1.101260159185502,0.008334157215336643,37.42515360313453
