date,open,high,low,close,volume,dividend,daily_return,rolling_volatility_ann,var_95_threshold,avg_volume_20d,ema_200,qlib_momentum_5d,qlib_mean_reversion_20d,qlib_vol_normalized_return,rsi_14d
2021-12-07,800.0,821.0,789.5499877929688,819.5,64962,0.0,0.028682576897858914,0.18689043783962955,-0.0210931613907369,71819.05,787.0969370808963,0.03845906943799715,0.986763269541975,0.1534726746573554,48.4706994556206
2021-12-08,825.7999877929688,845.0,812.9000244140625,839.2999877929688,81528,0.0,0.02416105892979714,0.20057908343126835,-0.02085761640955719,71398.0,787.616370421315,0.06713285161216631,0.9642797687834369,0.12045651676093709,55.6813969586706
2021-12-09,848.5,848.5,816.4000244140625,822.5499877929688,505335,0.0,-0.019957107403332563,0.2080300815181181,-0.02081259095924596,84377.45,787.9639686041174,0.03765608064370962,0.9835785189786282,-0.09593375293782642,52.58799123156867
2021-12-10,824.5,829.9500122070312,817.7999877929688,823.0499877929688,63394,0.0,0.0006078657922561348,0.2078163355885392,-0.020767565508934726,84377.6,788.313083222912,0.028105677775388083,0.9827926723105802,0.0029250143463674582,59.7352005760224
2021-12-13,824.0,834.7999877929688,823.0999755859375,831.5,201622,0.0,0.010266705950254806,0.21075356923140234,-0.020722540058623496,89994.5,788.7428037878583,0.04374565306963962,0.9734756442200184,0.04871426614768051,58.35682471047929
2021-12-14,831.5,848.0,824.4500122070312,841.5999755859375,67589,0.0,0.012146693428668032,0.2127104558610806,-0.020677514608312263,89957.35,789.2687457957994,0.02696763341786146,0.9626515199973543,0.057104352526786036,66.51893951637203
2021-12-15,857.0,875.0,830.0499877929688,839.4500122070312,213551,0.0,-0.0025546143551268274,0.21153708422123563,-0.020632489158001033,97587.9,789.7680618794933,0.00017874945340690118,0.9660908758895612,-0.012076436827930942,64.91370777942825
2021-12-16,860.0,870.0,845.4500122070312,849.9000244140625,81252,0.0,0.012448641437929897,0.21418163278193186,-0.020587463707689803,92953.45,790.366389864912,0.03325030335782775,0.9557506476591845,0.05812188792764294,73.92715207370325
2021-12-17,855.0,856.0,829.5,843.4000244140625,46876,0.0,-0.0076479583636689386,0.21657155833361258,-0.02054243825737857,91587.35,790.8940877211224,0.02472515269171316,0.9647972220248184,-0.03531376912729293,69.01522695991694
2021-12-20,838.7999877929688,838.7999877929688,804.1500244140625,830.25,118759,0.0,-0.015591681329625628,0.2206790524570455,-0.02049741280706734,92949.15,791.2856888383253,-0.0015033072760072264,0.9820174660893745,-0.07065319725409157,65.65117986620228
2021-12-21,835.0,872.0,835.0,849.0,40591,0.0,0.02258355916892496,0.2178245800606831,-0.020452387356756106,92566.3,791.8599605911778,0.008792804929575349,0.9625824513789201,0.1036777306117435,71.20082808972356
2021-12-22,854.0,900.0,845.0499877929688,869.0999755859375,377183,0.0,0.023674882904520134,0.22514012121756316,-0.020407361906444876,109221.55,792.6285179543097,0.03532070158764111,0.9442613327280616,0.10515620994127438,73.6825873444803
2021-12-23,872.7999877929688,890.0,870.0,884.4000244140625,75121,0.0,0.017604475040756906,0.22245211533518253,-0.020362336456133646,110779.55,793.5416672723172,0.040593009776396904,0.9325672549570359,0.07913826408370404,74.84446421903536
2021-12-24,889.9500122070312,915.0,870.9500122070312,904.9500122070312,217600,0.0,0.02323607782189252,0.23105418569238093,-0.020317311005822413,119457.35,794.6502080179363,0.07297840409209089,0.9176971026798207,0.10056548747043045,79.2071221583398
2021-12-27,914.0,926.0,890.0499877929688,911.9000244140624,322192,0.0,0.007679995705045739,0.21909898279208087,-0.020272285555511183,131772.35,795.8168728576987,0.09834390173328811,0.9170632546147839,0.03505262898371172,77.25664430611913
2021-12-28,916.0,923.0,900.0,909.8499755859376,130241,0.0,-0.002248106999933497,0.22138321069192443,-0.02022726010519995,136147.55,796.9515305962882,0.07167252719191719,0.9257625151757746,-0.010154821096680805,73.24545608305795
2021-12-29,915.0,919.0,897.9000244140625,906.9500122070312,111410,0.0,-0.0031872984082225164,0.21760156570559505,-0.02018223465488872,140625.45,798.0460428511216,0.043550843038024034,0.93536302003793,-0.014647405001031726,80.60188877666747
2021-12-30,910.0,984.9500122070312,896.5499877929688,955.7000122070312,439524,0.0,0.05375158425916826,0.26825578807640765,-0.02013720920457749,161828.25,799.6147390636182,0.08061961309895582,0.8961781851017382,0.20037436150348603,85.62987020599019
2021-12-31,966.0,1014.0,960.0999755859376,990.75,556097,0.0,0.03667467546853609,0.28419633825639795,-0.020092183754266257,187532.6,801.51658245602,0.09481185329089725,0.8740726752982668,0.12904696240308025,87.42655693424344
2022-01-03,1005.0,1087.800048828125,992.5,1061.75,518074,0.0,0.07166288165531154,0.3536964084222324,-0.020047158303955027,211645.05,804.1059696952636,0.16432719769058357,0.8281069007120836,0.20261127317880415,90.22474045686951
2022-01-04,1061.0,1071.5,1011.7999877929688,1035.050048828125,300050,0.0,-0.025147116714739792,0.37357457790296744,-0.02107209142481632,223399.45,806.4039207314115,0.13760518393327348,0.8598811287242913,-0.06731484830352413,82.79678544303071
2022-01-05,1040.300048828125,1054.9000244140625,1018.9000244140624,1034.050048828125,308875,0.0,-0.0009661368560217598,0.3718085412013477,-0.02107209142481632,234766.8,808.6690563343639,0.14014006826219694,0.8701295535394074,-0.002598479386501689,81.8874500752862
2022-01-06,1026.9000244140625,1035.0,1015.0,1022.2000122070312,77243,0.0,-0.01145982888789887,0.376834521205482,-0.02107209142481632,213362.2,810.79374246245,0.06958250408141065,0.8899823886527872,-0.030410771675406796,80.39781797072902
2022-01-07,1027.8499755859375,1051.75,1015.25,1025.75,137484,0.0,0.0034728896014235566,0.3620561236720053,-0.02107209142481632,217066.7,812.9326106966546,0.03532677264698458,0.8967828507484996,0.009592130276046433,84.35852368432272
2022-01-10,1032.0,1064.6500244140625,1030.5,1035.699951171875,239424,0.0,0.009700171749329689,0.3601931724540656,-0.02107209142481632,218956.8,815.1492011491445,-0.024535011846597565,0.8980255388266587,0.026930470152823405,83.8592644183455
2022-01-11,1037.5,1080.0,1035.699951171875,1050.4000244140625,283114,0.0,0.014193370604637545,0.36031590506568545,-0.02107209142481632,229733.05,817.4900053607357,0.014830177152608925,0.8953969795268427,0.039391461801097795,83.53681388150707
2022-01-12,1061.800048828125,1067.9000244140625,1047.5,1053.550048828125,90872,0.0,0.0029988807509973014,0.361478207211764,-0.02107209142481632,223599.1,819.8388615146401,0.018857887993041667,0.9028807051401037,0.0082961589611926,82.76196168608901
2022-01-13,1055.0,1058.6500244140625,1017.5999755859376,1022.9500122070312,137861,0.0,-0.02904469194902559,0.38487885316273124,-0.02107209142481632,226429.55,821.8598679891913,0.0007337115936643102,0.9383474255061736,-0.07546450254594823,71.9985025305808
2022-01-14,1032.6500244140625,1038.0,1018.0,1019.3499755859376,50587,0.0,-0.0035192693466287173,0.3874256051737267,-0.020002132853643793,226615.1,823.8249436866715,-0.006239360871618249,0.950291883195228,-0.009083729130947191,70.28505028428135
2022-01-17,1024.699951171875,1062.0,1020.0,1050.5999755859375,147399,0.0,0.03065679182661185,0.38943845166801627,-0.020002132853643793,228047.1,826.0814116657688,0.014386429580500959,0.9325124019420171,0.07872050360743715,73.93300058168963
2022-01-18,1062.4000244140625,1063.1500244140625,995.7999877929688,1014.6500244140624,82991,0.0,-0.03421849610440475,0.4101369250336463,-0.02107209142481632,230167.1,827.9577162702294,-0.03403465267429162,0.973715058554408,-0.08343188135835065,66.46285539027511
2022-01-19,1022.0,1030.0,1007.8499755859376,1026.25,46604,0.0,0.01143248933802199,0.40760636887704077,-0.02107209142481632,213638.15,829.9307738197793,-0.025912436583806486,0.9703654169600716,0.02804786659501895,62.165888023575924
2022-01-20,1035.0,1038.5,1001.1500244140624,1014.9500122070312,53021,0.0,-0.011010950346376336,0.4099804866899224,-0.02107209142481632,212533.15,831.7717612664187,-0.007820518993630898,0.9876003709436458,-0.026857254028608512,54.545456601159536
2022-01-21,1020.0,1020.0,1000.0,1003.9500122070312,70963,0.0,-0.010837972183556421,0.41317289206168806,-0.02107209142481632,205201.3,833.4849776936885,-0.01510763108622648,1.0033517568573889,-0.026231081780717258,35.98448485160799
2022-01-24,1018.0,1018.0,970.0,974.0,99811,0.0,-0.029832174752596252,0.42656130819245913,-0.02534199547645408,194082.25,834.883137119622,-0.07291069614123724,1.0373922046449884,-0.06993642761375833,35.42610943450809
2022-01-25,984.9500122070312,1025.0,960.0,1020.2999877929688,94436,0.0,0.04753592175869481,0.45262337539132014,-0.02534199547645408,192292.0,836.7280809074165,0.005568386382456492,0.9957292169846791,0.10502312362317989,47.30126440171839
2022-01-27,1017.8499755859376,1017.8499755859376,960.0499877929688,985.0,136834,0.0,-0.034597655802512395,0.47322345478913624,-0.029084066089204125,193563.2,838.2034233859497,-0.040194884287454324,1.0353756419535216,-0.07311060920854542,43.31416055067832
2022-01-28,1000.0,1000.0,972.3499755859376,977.0999755859376,68888,0.0,-0.00802032935437802,0.4744689556057327,-0.029084066089204125,175031.4,839.5854786317208,-0.037292513095091184,1.0448419107583662,-0.016903801799004563,41.39090141167331
2022-01-31,990.0,990.0,951.5,963.5,102581,0.0,-0.013918714487514028,0.44179675980428446,-0.029084066089204125,152355.6,840.818458943843,-0.04029086280711136,1.0581759268221733,-0.031504790072774874,37.386454786917504
2022-02-01,977.2999877929688,1022.8499755859376,964.0,1007.9500122070312,149542,0.0,0.04613389954025049,0.45257209264462844,-0.029084066089204125,133929.0,842.481459473825,0.03485627536656177,1.0088421983119673,0.10193712619638874,43.282163208082856
2022-02-02,1019.0,1107.550048828125,1012.4500122070312,1051.550048828125,861904,0.0,0.04325614970292624,0.4050487070976853,-0.029084066089204125,162021.7,844.561743945012,0.03062830678137507,0.9677974978344144,0.10679246193611369,49.71941638577292
2022-02-03,1061.25,1095.0,1027.0,1032.4000244140625,367773,0.0,-0.018211234391937725,0.40034108803274465,-0.029084066089204125,164966.6,846.4307815616195,0.0481218521970177,0.9856692956398884,-0.045489295207079124,51.36976543394413
2022-02-04,1038.0,1043.800048828125,1016.0,1022.7999877929688,95566,0.0,-0.009298756677715292,0.4016795696468774,-0.029084066089204125,165882.75,848.1856990365583,0.046771070871868714,0.9949501523342755,-0.02314968733508925,50.491524710878146
2022-02-07,1024.699951171875,1024.75,1002.75,1008.3499755859376,87620,0.0,-0.014127896342873258,0.40272535376591456,-0.029084066089204125,163389.55,849.7793734300845,0.0465490146195513,1.0083453434414762,-0.03508072153877337,43.67798937073485
2022-02-08,1014.75,1024.8499755859375,991.5,997.3499755859376,89353,0.0,-0.010908910860644494,0.40408643003760064,-0.029084066089204125,155886.0,851.2477376306404,-0.010516430867324011,1.0175440201579111,-0.026996478425827426,47.20245070143612
2022-02-09,1005.0,1005.0,980.2999877929688,988.4500122070312,83922,0.0,-0.008923611166358869,0.4030035978021407,-0.029084066089204125,145926.4,852.6129343925945,-0.060006688879349235,1.023572250044999,-0.022142757517793786,43.8336084195156
2022-02-10,995.9000244140624,995.9000244140624,980.2999877929688,985.0999755859376,61718,0.0,-0.0033891816275196662,0.39872714414701227,-0.029084066089204125,144468.7,853.9312134094438,-0.04581562157068908,1.0235788492329372,-0.008500002049697527,45.00083306605288
2022-02-11,985.0,1000.0,960.0,970.75,63830,0.0,-0.014567024608240664,0.40017401974924044,-0.029084066089204125,140767.15,855.0935893954195,-0.050889703181639545,1.0360211164350213,-0.03640172406332501,44.50149007373834
2022-02-14,970.75,970.75,911.25,922.5499877929688,128198,0.0,-0.04965234324700618,0.4224378802472643,-0.030051490820186676,144647.7,855.7647973396737,-0.08508949260707988,1.0849032709696997,-0.1175376177026718,41.96470426482312
2022-02-15,945.0,945.0,902.0,914.9000244140624,94120,0.0,-0.00829219389749003,0.4226114890992305,-0.030051490820186676,141983.75,856.3532075593193,-0.08266902610935178,1.0865586132951635,-0.019621316303896873,31.278873780897
2022-02-16,935.0,946.4500122070312,918.0,921.0,57809,0.0,0.006667368480883118,0.4050577579714162,-0.030051490820186676,140724.65,856.9964592253958,-0.06823816214684186,1.0742779594032046,0.016460290378516124,37.316688918263836
2022-02-17,934.4000244140624,940.4500122070312,911.25,919.0999755859376,50752,0.0,-0.0020630015353554354,0.3918756379526435,-0.030051490820186676,140932.05,857.6144046618192,-0.06699827594731511,1.0706697046339304,-0.005264429025211437,38.225743278779035
2022-02-18,920.0,928.7999877929688,875.75,916.3499755859376,39975,0.0,-0.0029920575269810623,0.387691017155457,-0.030051490820186676,140279.75,858.1988382033528,-0.056039170140677164,1.0685027813009083,-0.007717634191676306,39.98725634764882
2022-02-21,920.0,920.0,860.0999755859375,872.1500244140625,85522,0.0,-0.04823479276420839,0.41530544712361783,-0.03423745408931013,141007.7,858.3376559765937,-0.05463114632896904,1.1150977136328384,-0.11614293031033072,21.13095646172853
2022-02-22,862.9000244140625,864.9500122070312,741.2999877929688,855.0,87075,0.0,-0.01966407605799747,0.41748762335419837,-0.03423745408931013,140370.9,858.3044454693639,-0.0654716611822419,1.130505845811632,-0.04710097853680466,2.92214399130377
2022-02-23,875.0,880.8499755859375,855.25,864.2999877929688,33507,0.0,0.010877178705226642,0.41359156456898194,-0.03423745408931013,137324.45,858.3641026069123,-0.06156353116941504,1.109316801701273,0.026299323714614173,7.742567221457804
2022-02-24,830.0,845.0,801.6500244140625,824.6500244140625,103313,0.0,-0.04587523306595698,0.388934031134047,-0.03516153466568462,135648.4,858.0286391423069,-0.10276352266429134,1.1529315118436991,-0.1179511902125995,6.72634669546828
2022-02-25,859.0,870.0,843.7000122070312,860.9000244140625,54480,0.0,0.04395804150464522,0.4198003708447059,-0.03516153466568462,134928.0,858.0572101400359,-0.060511761498568295,1.0976361656792852,0.10471177138094674,20.59820079535669
2022-02-28,865.0,865.0,830.2000122070312,837.0499877929688,73830,0.0,-0.027703607788054474,0.4264436683722109,-0.03516153466568462,133490.45,857.8481830520054,-0.040245411498641026,1.1213577622712532,-0.0649642829594816,19.594074390917328
2022-03-02,843.8499755859375,851.9000244140625,825.0,828.9500122070312,49334,0.0,-0.009676812262185863,0.42582882513707343,-0.03516153466568462,128480.05,857.5606390634982,-0.030467821980080356,1.1215181706137833,-0.022724652404224617,19.65372060357916
2022-03-03,837.7000122070312,847.5,832.0,837.2000122070312,39111,0.0,0.009952349211063805,0.385720743669583,-0.03516153466568462,87340.4,857.3580457614438,-0.03135482583441729,1.0976648184309838,0.025801954176386397,22.37578929038345
2022-03-04,839.0,839.1500244140625,791.5,801.8499755859375,106180,0.0,-0.04222412339424575,0.35346432489295593,-0.04240667887783131,74260.75,856.8057266552199,-0.02764815152261113,1.1316798959620202,-0.11945794589723746,20.74817231756232
2022-03-07,798.4000244140625,800.0,776.7000122070312,781.75,40541,0.0,-0.025067002803423222,0.355629768220472,-0.04240667887783131,71509.5,856.0589035044218,-0.09193869458643911,1.1453597666243605,-0.07048623129608393,22.98541173736818
2022-03-08,784.4000244140625,805.0,773.5,787.7999877929688,160442,0.0,0.007739031394907281,0.36264089477307543,-0.04240667887783131,75150.6,855.379710313263,-0.05883758523174509,1.1225660216706572,0.02134075691144115,25.46330759760464
2022-03-09,797.0,919.0,778.0,882.25,227336,0.0,0.11989085259017851,0.5832691322565734,-0.04240667887783131,82049.75,855.6470763797978,0.06429819290437133,0.995865683638026,0.20554979494773254,44.42205227465251
2022-03-10,898.7999877929688,912.0,865.0,881.9500122070312,297938,0.0,-0.00034002583504533224,0.5832338065154038,-0.04240667887783131,92750.55,855.9087971342976,0.053451982020437105,0.990166661718525,-0.000583000891609569,44.62762544295905
2022-03-11,886.7000122070312,892.0,865.0999755859375,869.0,221581,0.0,-0.014683385710970831,0.5840356267000547,-0.04240667887783131,100743.7,856.0390578593295,0.08374387536146499,0.998242233153454,-0.025141249588699035,43.34878744168577
2022-03-14,880.0,891.4000244140625,825.0,856.7000122070312,260117,0.0,-0.01415418618293296,0.5847372783260711,-0.04240667887783131,110558.05,856.0456345195057,0.095874655845259,1.0059180447547917,-0.02420606050873236,47.61610663132825
2022-03-15,866.3499755859375,920.0,866.3499755859375,908.9000244140624,301420,0.0,0.060931494646012,0.627716669452005,-0.04240667887783131,119219.15,856.5715488468147,0.1537192669428149,0.9473951809021816,0.09706846518592596,57.50487718150091
2022-03-16,916.2000122070312,936.5499877929688,882.0,886.25,203166,0.0,-0.024920259440705972,0.6098561350808017,-0.04240667887783131,124671.45,856.8668568184883,0.004533862283933043,0.9699915394426569,-0.04086252084482023,52.946705777872175
2022-03-17,894.0,906.0,876.0499877929688,882.25,70481,0.0,-0.004513399153737607,0.6094452860183472,-0.04240667887783131,125305.05,857.1194254073591,0.0003401414919401713,0.9721932579552901,-0.007405749430219134,58.55106399515233
2022-03-21,888.7000122070312,889.9500122070312,875.0,880.6500244140625,30119,0.0,-0.0018135172410739253,0.6087995188411445,-0.04240667887783131,124273.4,857.3535607208587,0.013406242133558788,0.9717765066115353,-0.0029788414004294187,53.26824396078548
2022-03-22,887.6500244140625,887.6500244140625,860.0,864.4500122070312,47359,0.0,-0.018395516672823464,0.6116270805201945,-0.04240667887783131,124642.6,857.4241721784326,0.009046340480414417,0.9869859379436028,-0.030076360184075404,54.65195658082123
2022-03-23,872.4000244140625,904.0,869.7999877929688,880.4000244140625,164039,0.0,0.018451052093005682,0.6157886104922315,-0.04240667887783131,128568.45,857.6527876235633,-0.03135658404055264,0.9695734693687964,0.02996328850354007,58.50835220960883
2022-03-24,880.4000244140625,884.2999877929688,856.2000122070312,864.4500122070312,114793,0.0,-0.01811677846970361,0.5953084735980716,-0.04240667887783131,129954.35,857.7204216990208,-0.02459801161406916,0.9880097109759983,-0.030432589101040478,54.394451791039955
2022-03-25,905.0,911.8499755859376,865.0,867.5,200929,0.0,0.0035282407888246325,0.5909523774403358,-0.04240667887783131,138325.45,857.8177309358465,-0.016718617172003403,0.9847204695380043,0.005970431567434616,61.81818618199309
2022-03-28,876.0,876.0,848.0,850.75,53376,0.0,-0.019308357348703176,0.5940482350052619,-0.04240667887783131,135828.6,857.7474052548929,-0.033952221183388254,1.0056420876914671,-0.032503012189745877,62.57288514680975
2022-03-29,855.2000122070312,867.4500122070312,806.5,830.4000244140625,197517,0.0,-0.02392004182890095,0.5773715641562117,-0.04240667887783131,142980.45,857.4752920126956,-0.03938919233286331,1.0284501216219533,-0.041429198976167855,57.37790693785743
2022-03-30,839.8499755859375,844.9500122070312,810.0,811.2000122070312,189166,0.0,-0.023121401303641487,0.5609151653358495,-0.04240667887783131,148747.25,857.0148414673656,-0.07860064776018871,1.0511988344331875,-0.04122085177994602,33.35676181235016
2022-03-31,817.9000244140625,834.7999877929688,799.4500122070312,824.4500122070312,225851,0.0,0.016333826184186995,0.5564726234847913,-0.04240667887783131,157573.1,856.6908133155215,-0.04627219554069506,1.034031772335206,0.02935243388682007,37.301238095433696
2022-04-01,824.4000244140625,838.0,815.0,831.2000122070312,81428,0.0,0.00818727624483917,0.5560652067923991,-0.04240667887783131,159688.95,856.4371735034968,-0.04184436633195243,1.0252736944281409,0.014723589963181962,41.41689695425705
2022-04-04,839.4000244140625,852.2999877929688,829.6500244140625,841.4000244140625,134838,0.0,0.012271429327759265,0.5566098283269565,-0.04240667887783131,161121.85,856.2875501294725,-0.010990273977005582,1.015194895389343,0.022046734503731392,46.492438020602364
2022-04-05,841.4000244140625,851.7999877929688,829.0,835.0999755859375,94633,0.0,-0.00748757861340954,0.5353823512375221,-0.04240667887783131,163826.45,856.0767284922234,0.00565986396157836,1.0260478189377529,-0.013985478707408665,28.57142348472459
2022-04-06,833.0,836.0,825.0499877929688,828.9000244140625,88608,0.0,-0.007424202314848416,0.5273846592423268,-0.04240667887783131,160234.75,855.8063135262717,0.02181954134699149,1.0362015744698836,-0.014077395017027098,31.58909288141672
2022-04-07,831.0,845.0,830.0999755859375,835.7999877929688,83097,0.0,0.008324240771718783,0.5274507258996263,-0.04240667887783131,153022.8,855.6072456085274,0.013766723776926115,1.0248684162194615,0.01578202513552447,35.36084997539383
2022-04-08,843.4000244140625,845.0,836.8499755859375,840.0499877929688,39287,0.0,0.005084948626552066,0.3148282475385975,-0.04240667887783131,140090.25,855.452447023298,0.010647227449430252,1.017189477961771,0.016151500079146036,37.41474277792077
2022-04-11,847.7000122070312,859.0999755859375,837.9500122070312,850.9000244140625,78579,0.0,0.012915941644853435,0.3191066910676631,-0.04240667887783131,132940.15,855.4071492858926,0.011290705638635545,1.003155465124603,0.04047530685391264,45.655663077853326
2022-04-12,851.9500122070312,884.0,840.0,872.6500244140625,131437,0.0,0.0255611697919238,0.32849721026493217,-0.04240667887783131,126506.15,855.5787201826904,0.04496473467356821,0.9790666206073259,0.07781243862979656,47.60432762494833
2022-04-13,880.9000244140625,883.7999877929688,851.0,871.2000122070312,140224,0.0,-0.0016616193966244586,0.3243472365451299,-0.04240667887783131,118446.35,855.7341559242262,0.0510314712837292,0.9785324814286598,-0.005122964397951994,52.29202032379706
2022-04-18,870.0,870.0,851.0,856.2000122070312,58143,0.0,-0.017217630612745505,0.2458724610123064,-0.04240667887783131,111195.2,855.7387913101248,0.024407782617861917,0.993920810842273,-0.07002667090730841,46.4510090902705
2022-04-19,860.0,870.0,832.0999755859375,845.5499877929688,74972,0.0,-0.01243871088790327,0.23524839331785213,-0.04240667887783131,111419.75,855.6374101806009,0.006547229426727252,1.0042694364907734,-0.05287479410050195,48.30175992865839
2022-04-20,850.0,862.0,841.7000122070312,844.2999877929688,47035,0.0,-0.0014783277370302716,0.2350960794831615,-0.04240667887783131,112265.55,855.5246000075897,-0.007756535940445675,1.003603600835711,-0.006288185142850516,55.18655107953164
2022-04-21,847.0,850.0,840.0,847.0,30877,0.0,0.0031979299373072756,0.23578261601763145,-0.04240667887783131,111441.45,855.439778116967,-0.02939325467994469,0.9993742707487825,0.013563043178033566,65.23402936769625
2022-04-22,854.0,864.9500122070312,836.0499877929688,854.25,120256,0.0,0.008559622195985828,0.23022693904711647,-0.04240667887783131,109252.3,855.4279395287385,-0.019455936604146018,0.9893620206069834,0.037179062796137224,63.36321583095624
2022-04-25,850.9000244140625,852.4500122070312,835.8499755859375,843.4500122070312,40272,0.0,-0.012642654718137303,0.22312463598102014,-0.04240667887783131,105526.25,855.3087561723037,-0.014891380306260804,1.0007854572137012,-0.05666184774232756,55.30073330534858
2022-04-26,849.9000244140625,865.0,841.9500122070312,856.5,43809,0.0,0.015472153185250637,0.2227892524463849,-0.04240667887783131,97670.25,855.3206093447186,0.01295016541318006,0.984894928317006,0.06944748151394446,56.376677497665014
2022-04-27,855.0,860.0,832.0999755859375,839.2000122070312,79199,0.0,-0.020198467942753928,0.23253846241271747,-0.04240667887783131,98961.4,855.1602053930999,-0.006040478099815005,1.004510241243779,-0.08686075784872697,51.58424947333726
2022-04-28,842.0,850.0,833.0499877929688,846.4000244140625,42328,0.0,0.008579614039918582,0.22555409520397268,-0.04240667887783131,91201.95,855.073039413209,-0.0007083537024055175,0.9969104234111931,0.03803794230284517,56.71012138220292
2022-04-29,850.0,850.0,812.5499877929688,828.5999755859375,71663,0.0,-0.02103030282926499,0.22190926957355822,-0.04240667887783131,85326.8,854.8096258427885,-0.030026367473295235,1.0193760919260488,-0.09476982156707824,47.45222691374265
2022-05-02,818.9500122070312,850.0,803.8499755859375,843.0,142125,0.0,0.01737874105521131,0.21293054405835798,-0.04240667887783131,81140.5,854.6921171279349,-0.0005335374954275052,1.003063468887854,0.0816169437592705,50.97392190452008
2022-05-04,852.4000244140625,852.5499877929688,827.75,835.25,65639,0.0,-0.00919335705812574,0.20948953311847784,-0.04240667887783131,80351.05,854.4986632261645,-0.024810274372445984,1.0126129945071647,-0.043884563025307625,44.72530696422025
2022-05-05,851.0,851.4000244140625,817.8499755859375,824.0499877929688,90120,0.0,-0.013409173549274178,0.2130950500703109,-0.04240667887783131,78115.15,854.1956913313069,-0.018052936360450134,1.0253231167370984,-0.06292578319201679,32.36574819862753
2022-05-06,823.0,840.0,816.6500244140625,825.0499877929688,76135,0.0,0.0012135186151489563,0.20824640967920793,-0.04240667887783131,77190.25,853.9056843309254,-0.02522452269052533,1.0234713228712837,0.005827320426532732,33.19985741017706
2022-05-09,823.0,833.2000122070312,815.5,819.1500244140625,77386,0.0,-0.007151037471909816,0.20811451624303173,-0.04240667887783131,76629.15,853.5598568690662,-0.011404720553114367,1.03024779013474,-0.03436106840307238,35.55556715003509
2022-05-10,822.7000122070312,823.75,814.5999755859375,815.7000122070312,45222,0.0,-0.004211697618515031,0.207128345708682,-0.04240667887783131,74735.4,853.1831419968071,-0.0323843271565466,1.033373165437895,-0.02033375683452352,37.67039915291665
2022-05-11,824.4000244140625,824.9500122070312,805.8499755859375,808.6500244140625,76156,0.0,-0.008642868318579078,0.2061685379575855,-0.04240667887783131,76578.85,852.7400263989689,-0.031846723239673747,1.0404408336014055,-0.041921371635974036,35.94798849524635
2022-05-12,805.0,820.0,760.2000122070312,780.9000244140625,119888,0.0,-0.034316452312120216,0.23367861177592433,-0.04240667887783131,78644.3,852.0252005085719,-0.05236328380329647,1.0729318469695721,-0.14685319543277026,28.242276154994315
2022-05-13,822.0,878.5999755859375,785.7999877929688,801.25,292017,0.0,0.026059642655545945,0.24914280424976346,-0.04240667887783131,86673.3,851.5199746328647,-0.028846722192717555,1.0412262143806066,0.10459720756554265,33.93939391059688
2022-05-16,804.4000244140625,804.4000244140625,778.5999755859375,790.2000122070312,49648,0.0,-0.013790936403081155,0.2293213369282801,-0.03471183586622649,82144.5,850.9098257530056,-0.03534152639223709,1.0506612141824938,-0.06013804029938063,33.88804838278773
2022-05-17,793.4000244140625,795.0,779.0999755859375,783.75,73486,0.0,-0.008162505830664801,0.22937203278092988,-0.03471183586622649,82911.65,850.2415687803389,-0.03916882644219222,1.0546858100951955,-0.03558631527932417,27.072174950969114
2022-05-18,786.1500244140625,797.0,779.2999877929688,782.8499755859375,53010,0.0,-0.0011483565091706671,0.22523831779168832,-0.03471183586622649,81813.55,849.5710056639766,-0.03190508631570177,1.051893758360807,-0.005098406298916962,30.193317213513012
2022-05-19,775.7000122070312,780.0,760.0,774.5499877929688,109318,0.0,-0.010602271254791185,0.22447634929875263,-0.03471183586622649,84927.7,848.8245278742154,-0.008131689617833504,1.0586631153248873,-0.047231126199266095,24.93895419055994
2022-05-20,778.0,778.0,743.7999877929688,756.25,93732,0.0,-0.023626606521695792,0.23415470327318175,-0.03471183586622649,88070.45,847.9033882933775,-0.05616224648985957,1.0782809957709194,-0.10090169098638341,24.852280870808613
2022-05-23,759.7000122070312,761.0,744.75,754.9000244140625,67857,0.0,-0.001785091683884299,0.2325532648223391,-0.02803425001425776,85450.5,846.9779816876132,-0.044672218739121194,1.0736289284154419,-0.007676054810443043,16.322620426704972
2022-05-24,765.0,767.9500122070312,750.2999877929688,756.5,79533,0.0,0.002119453615303968,0.22873346847295387,-0.02803425001425776,87413.55,846.077703262861,-0.03476874003189789,1.0656113729836212,0.009266040237981946,18.4115275781037
2022-05-25,763.0,763.0,722.75,732.3499755859375,120524,0.0,-0.03192336340259416,0.2452903327112743,-0.03204301784807047,91249.3,844.9460840819961,-0.06450788985744349,1.0922749083201666,-0.1301452109762447,16.678753924701795
2022-05-26,745.0,745.0,683.9500122070312,696.4000244140625,171915,0.0,-0.04908848551966183,0.2725661789526266,-0.03204301784807047,95885.1,843.4680138365441,-0.100897249513346,1.1384082068618446,-0.18009748644280182,12.720932040217534
2022-05-27,705.0,706.5,694.0999755859375,697.0,140383,0.0,0.0008615387204247149,0.2720725720394101,-0.03204301784807047,100787.85,842.0106206640412,-0.07834710743801654,1.1267109065007959,0.003166576778765307,13.482776201736101
2022-05-30,700.7000122070312,707.4500122070312,690.0,695.8499755859375,52438,0.0,-0.0016499632913379303,0.26614840379355126,-0.03204301784807047,99826.6,840.5562858871447,-0.07822234324864197,1.1190343165211303,-0.006199410576302705,13.670774027180556
2022-05-31,700.0,700.2000122070312,677.6500244140625,687.6500244140625,79904,0.0,-0.011784079125633729,0.26285387034822827,-0.03204301784807047,96715.55,839.0348305491041,-0.09101120368266691,1.1210826375068366,-0.044831292237429425,13.576126806568595
2022-06-01,693.0,711.75,690.1500244140625,701.5,298094,0.0,0.020141023913638145,0.26645742026063834,-0.03204301784807047,108338.3,837.6663247724961,-0.04212463523502552,1.0894155424829048,0.07558814889844497,23.9158628003309
2022-06-02,702.7000122070312,738.0,702.4500122070312,718.1500244140625,223458,0.0,0.023734888687188205,0.28896075259039944,-0.025409820833381766,115005.2,836.4771078535067,0.03123204945074498,1.0567847651359787,0.08213879446612722,22.020187219635076
2022-06-03,724.9500122070312,729.4000244140625,678.5999755859375,681.9500122070312,279802,0.0,-0.05040731181004521,0.32541211889001875,-0.03204301784807047,125188.55,834.9395248122482,-0.021592521941131593,1.1023901937775555,-0.15490299019272769,18.830964316225305
2022-06-06,684.5,686.0999755859375,618.4500122070312,649.5499877929688,883081,0.0,-0.0475108495257659,0.34946250185768174,-0.034976172172802494,165473.3,833.0948528021062,-0.06653731323908152,1.144323020924098,-0.13595406635523366,16.382748070074854
2022-06-07,649.9000244140625,668.1500244140625,640.5499877929688,645.2999877929688,140518,0.0,-0.0065429914246332155,0.3495551876533542,-0.034976172172802494,170238.1,831.2262471801247,-0.0615866140006025,1.138656465134624,-0.018718049305396823,16.11232759342178
2022-06-08,650.0,659.0,640.0,641.2999877929688,56055,0.0,-0.0061986674037924905,0.3491321510142624,-0.034976172172802494,169233.05,829.3364336538843,-0.08581612574060049,1.1327109231993462,-0.017754501291959948,16.461096010127633
2022-06-09,641.9500122070312,643.5,635.3499755859375,639.1500244140625,42065,0.0,-0.0033525080614851266,0.35009153461429526,-0.034976172172802494,165341.9,827.4440315718961,-0.11000486989394165,1.1254321735810557,-0.009576089777257173,17.917793435121382
2022-06-10,638.0,638.0,620.0,622.5499877929688,43765,0.0,-0.025972050359087007,0.34420398679292685,-0.034976172172802494,152929.3,825.4052848676281,-0.08710319429692948,1.1410890925060826,-0.07545540028900882,16.536010741595234
2022-06-13,617.9000244140625,617.9000244140625,586.0499877929688,596.0999755859375,133883,0.0,-0.04248656770647519,0.3342108612606541,-0.04273778179743972,157141.05,823.1236399991536,-0.08228775800403432,1.1754404084492072,-0.12712503200812858,13.971239432760512
2022-06-14,597.9000244140625,612.0,590.1500244140625,600.75,151612,0.0,0.007800745855578661,0.3424617711417477,-0.04273778179743972,161047.35,820.9109669643362,-0.06903763929290774,1.151111109079146,0.02277844210694527,17.602168524254736
2022-06-15,609.75,609.7999877929688,597.0,600.5499877929688,24857,0.0,-0.0003329375065023177,0.34484672971634606,-0.04273778179743972,159639.7,818.7183204054171,-0.06354280488955089,1.1363167317637204,-0.0009654651419241362,21.36240940958747
2022-06-16,617.0,617.0,582.0,588.1500244140625,101651,0.0,-0.020647679012493758,0.34346497602799125,-0.04273778179743972,159256.35,816.4241085050057,-0.07979347266199976,1.1444273965494876,-0.06011581923174854,19.62044074599342
2022-06-17,596.0,596.0,556.0,560.5499877929688,144583,0.0,-0.046926864703593196,0.36240098174712115,-0.04695606394470183,161798.9,813.8780973536423,-0.09959039629861555,1.183319980474847,-0.12948878665414407,17.096312319684387
2022-06-20,564.4000244140625,575.0,546.75,563.6500244140625,65843,0.0,0.0055303482090856,0.3677197292085546,-0.04695606394470183,161698.2,811.3882657821042,-0.054437095287545145,1.1598464868159089,0.015039573945604883,19.077325546482342
2022-06-21,572.9000244140625,618.0,568.0999755859375,610.5999755859375,131749,0.0,0.08329628162560865,0.4974932218606768,-0.04695606394470183,164309.0,809.3903723473164,0.01639613081304625,1.058716877230967,0.16743198960530947,30.543667273344397
2022-06-22,610.5999755859375,617.5999755859375,585.25,587.6500244140625,66239,0.0,-0.03758590253766714,0.5046819629480658,-0.04695606394470183,161594.75,807.1840007260901,-0.021480249173451593,1.087752021227957,-0.07447443053713929,22.80116990763557
2022-06-23,595.0,600.75,580.8499755859375,595.2000122070312,58901,0.0,0.012847762238241689,0.5056585849721285,-0.04695606394470183,155944.05,805.07470730799,0.011986716824490928,1.065452769177903,0.025407977568244138,29.46745560177304
2022-06-24,599.7000122070312,627.5499877929688,593.0999755859375,617.1500244140625,95908,0.0,0.036878379967835606,0.5082109316518456,-0.04695606394470183,153720.3,803.2048099657619,0.10097232691760971,1.0210888398484639,0.07256510426156755,41.932279515444485
2022-06-27,629.0,629.0,596.5,619.7000122070312,524286,0.0,0.004131876678429736,0.5088325706303406,-0.04695606394470183,177312.7,801.3788915801028,0.09944111658867572,1.0107430884852162,0.008120306827269544,43.57107512630336
2022-06-28,624.7000122070312,636.0,615.2000122070312,632.75,74761,0.0,0.021058556617566948,0.5167894079743159,-0.04695606394470183,177055.55,799.7009921613954,0.03627583573485582,0.9855590723852355,0.04074881544616601,47.946195188212904
2022-06-29,629.7000122070312,630.7000122070312,612.3499755859375,616.7999877929688,121446,0.0,-0.025207447186141874,0.5214032540965506,-0.04695606394470183,168223.15,797.8810816701674,0.0496042919558648,1.0041788500315318,-0.048345395822980676,44.96507422442756
2022-06-30,622.9000244140625,622.9000244140625,604.2000122070312,610.0999755859375,47082,0.0,-0.010862536218596897,0.5138319167209645,-0.04695606394470183,159404.35,796.0126129529114,0.025033540109746344,1.006351458071017,-0.021140251614796556,47.064368532063575
2022-07-01,610.0,626.2000122070312,604.5999755859375,621.6500244140625,37228,0.0,0.01893140352453271,0.510573103082239,-0.04695606394470183,147275.65,794.2776618231716,0.007291581984902873,0.9828037909050404,0.0370787318005196,56.47984922799709
2022-07-04,632.0,632.0,611.0,613.4000244140625,43160,0.0,-0.01327113275315328,0.48581182107659726,-0.04695606394470183,105279.6,792.4778843365137,-0.01016618955764037,0.9930754453805025,-0.027317434249683477,53.15069097515332
2022-07-05,619.9500122070312,621.0499877929688,611.2999877929688,614.4000244140625,74854,0.0,0.001630257515811584,0.46026291635888456,-0.04695606394470183,101996.4,790.7059653323103,-0.02900035651669297,0.9889444663546695,0.003542013537150307,53.43588124790659
2022-07-06,619.7000122070312,629.0,614.1500244140625,622.9500122070312,27059,0.0,0.013915995203813036,0.4633057834357995,-0.04695606394470183,100546.6,789.0367518683771,0.009970856899768288,0.9738983764423408,0.03003630733950963,58.801210288212545
2022-07-07,626.1500244140625,653.0,624.0,640.0,73783,0.0,0.02736975272311626,0.4732982003654718,-0.04695606394470183,102132.5,787.5537991134679,0.049008401263000545,0.9480195379257201,0.057827712261962406,71.22629643446471
2022-07-08,642.7000122070312,642.7000122070312,617.5,621.9000244140625,99181,0.0,-0.028281211853027344,0.4835042102998674,-0.04695606394470183,104903.3,785.9055028478023,0.0004021555379742914,0.975558743023257,-0.05849217166188839,64.407625020913
2022-07-11,624.0,689.0,618.4500122070312,670.0999755859375,103376,0.0,0.07750434037575049,0.5447913754429912,-0.04695606394470183,103377.95,784.7532090442016,0.09243552154409596,0.9109088618750955,0.14226425462423323,64.62635899364642
2022-07-12,680.0,680.0,656.0,657.1500244140625,75737,0.0,-0.019325401647047546,0.5254203603502368,-0.04695606394470183,99584.2,783.4835256150461,0.0695800753601361,0.9331507031000824,-0.03678083823466065,67.96795111255022
2022-07-13,658.0999755859375,714.9500122070312,656.0999755859375,705.5499877929688,572366,0.0,0.0736513148912401,0.5766080075709984,-0.04695606394470183,126959.65,782.7080675272642,0.1325948695197814,0.8765785812835956,0.1277320339760474,73.55390243001733
2022-07-14,709.0,749.9500122070312,706.0999755859375,741.2000122070312,486348,0.0,0.05052799239013428,0.5936781058784812,-0.04695606394470183,146194.5,782.295052051441,0.15812501907348642,0.8447416303320018,0.08511008076382716,75.0151325968577
2022-07-15,741.0,748.9000244140625,725.0,733.1500244140625,170495,0.0,-0.010860749676728565,0.5881040128077759,-0.04695606394470183,147490.1,781.8060468013178,0.1788872738907139,0.8657880207427116,-0.018467395657108848,72.38115233412915
2022-07-18,737.7000122070312,746.5499877929688,729.1500244140625,740.9000244140625,104601,0.0,0.01057082417230193,0.5489378291018141,-0.04695606394470183,149428.0,781.3990217029373,0.10565594897420683,0.8686934638096712,0.01925686921054336,71.79126874352583
2022-07-19,737.0,742.7999877929688,728.0999755859375,730.2000122070312,89211,0.0,-0.01444191099263803,0.5570862464522572,-0.04695606394470183,147301.1,780.889578822381,0.11116181249190804,0.8896124342871129,-0.025924012350636245,73.34295384940489
2022-07-20,738.25,745.0,730.2000122070312,734.4000244140625,52469,0.0,0.005751865429769909,0.4950624925878187,-0.04695606394470183,146612.6,780.4269961914525,0.04089013836048605,0.8945159157641736,0.011618463122743962,75.85276603773315
2022-07-21,738.7000122070312,757.0,730.0,752.75,64973,0.0,0.02498634936808175,0.4670836410370686,-0.04695606394470183,146916.2,780.1516031945226,0.015582821914124079,0.8831750378819329,0.05349437796121618,76.51700364198618
2022-07-22,764.9000244140625,810.5999755859375,752.0,793.25,177245,0.0,0.05380272334772496,0.4887731254189523,-0.04695606394470183,150983.05,780.2819355010449,0.08197500318433426,0.8491837485596242,0.11007708781213581,82.17929599993981
2022-07-25,788.2000122070312,817.7000122070312,772.1500244140625,787.6500244140625,358366,0.0,-0.007059534303104353,0.4867947410888645,-0.04695606394470183,142687.05,780.3552498185875,0.06309893165001856,0.8658826737961781,-0.014502075643407325,80.49641241000194
2022-07-26,784.9000244140625,784.9000244140625,752.0,756.4500122070312,62991,0.0,-0.03961151684117714,0.518398190985455,-0.04695606394470183,142098.55,780.117386757776,0.0359490544524359,0.9097726203450356,-0.07641137018970584,71.76395079679892
2022-07-27,757.6500244140625,762.9500122070312,741.5,748.3499755859375,43432,0.0,-0.010707960196154831,0.5215584343741086,-0.04695606394470183,138197.85,779.8012931142752,0.01899503092065502,0.928409209355935,-0.020530700464460542,68.19479761811665
2022-07-28,753.7000122070312,756.0,734.0,743.8499755859375,84207,0.0,-0.0060132293002035375,0.5100277356568884,-0.04695606394470183,140054.1,779.4435685617544,-0.011823346946612467,0.9430161083257749,-0.011790004272137822,71.45873533052665
2022-07-29,751.7000122070312,810.0,744.0,796.75,173823,0.0,0.07111652369470423,0.546658780963447,-0.04695606394470183,146883.85,779.6157718596475,0.004412228175228572,0.8913931696699973,0.1300930761021266,71.92314954428605
2022-08-01,805.0,846.25,789.6500244140625,837.75,194132,0.0,0.051459052400376626,0.562240011694571,-0.04695606394470183,154432.45,780.1942218908947,0.06360689904530537,0.8611578713385464,0.09152506121012322,78.49478722825525
2022-08-02,843.4500122070312,843.4500122070312,791.5,795.5499877929688,157063,0.0,-0.05037303754942557,0.599135451016772,-0.047589731325460696,158542.9,780.3470155814626,0.05168877646238479,0.9182232620094181,-0.08407620784778659,64.48342108199188
2022-08-03,799.4000244140625,799.4000244140625,755.2000122070312,769.9000244140625,114252,0.4,-0.0322417997265827,0.618499965847494,-0.047589731325460696,162902.55,780.2430654205931,0.028796752229799827,0.9583582050860462,-0.05212902342058084,54.77220001472916
2022-08-04,781.8499755859375,800.0,758.5999755859375,761.6500244140625,61771,0.0,-0.010715677020894598,0.6231615298084372,-0.047589731325460696,162301.95,780.0580600374436,0.023929622117825122,0.9767248511364086,-0.017195664906066967,54.735792212419604
2022-08-05,770.0,773.0,762.25,767.2999877929688,24203,0.0,0.007418057109960463,0.6201162144449052,-0.047589731325460696,158553.05,779.9311140449613,-0.03696267613056947,0.9790075809117538,0.011962365791349372,54.41766470968343
2022-08-08,767.2999877929688,799.0,754.0499877929688,789.0999755859375,110670,0.0,0.02841129693703426,0.6076971509631957,-0.047589731325460696,158917.75,780.0223464981054,-0.058072246391002724,0.9595013665037877,0.04675239372848567,59.50306069256973
2022-08-10,789.0,789.0,765.4500122070312,772.4000244140625,46180,0.0,-0.021163289429168564,0.5687414572700233,-0.047589731325460696,157439.9,779.9465024972692,-0.029099319633112408,0.9877071216582977,-0.03721073747401083,55.893302008972434
2022-08-11,774.5,776.0,755.0499877929688,760.5499877929688,101960,0.0,-0.015341838744869385,0.5665469642335571,-0.047589731325460696,133919.6,779.7535023509578,-0.012144481523051809,1.0067122702935778,-0.027079552874894997,51.234566089543385
2022-08-12,757.9000244140625,763.2999877929688,747.0,750.7000122070312,44254,0.0,-0.012951121877631033,0.5165083994943052,-0.047589731325460696,111814.9,779.4644128967894,-0.01437669776936601,1.0205541393697566,-0.025074367889403797,42.54163067194741
2022-08-16,753.7000122070312,755.6500244140625,745.0,747.5499877929688,26192,0.0,-0.004196116108752368,0.48764976765108986,-0.047589731325460696,104599.75,779.1468564280948,-0.0257396068215876,1.0258176918921094,-0.008604773960862257,42.91017707352262
2022-08-17,755.0,766.4500122070312,750.0499877929688,754.1500244140625,32131,0.0,0.008828890012531954,0.48646080387597906,-0.047589731325460696,100976.25,778.8981317314377,-0.04429090388188561,1.0177185947160543,0.018149231676413795,49.554611188422896
2022-08-18,760.0,774.2000122070312,752.0999755859375,757.2000122070312,64086,0.0,0.0040442719541624594,0.48550036937215696,-0.047589731325460696,99720.0,778.6822300446277,-0.01967893801992282,1.0154021271219127,0.008330110801133588,51.747982965921466
2022-08-19,758.7000122070312,763.0,745.5,751.5999755859375,36877,0.0,-0.007395716496056526,0.48319757311665895,-0.047589731325460696,98940.4,778.4127548758845,-0.01176781585784148,1.0241119287028795,-0.015305781225877882,51.52409043377238
2022-08-22,752.0,765.0,742.0,756.5,31251,0.0,0.006519457920741045,0.4832837455075484,-0.04695606394470183,97254.3,778.1947175139354,0.007726105899368507,1.017726372254265,0.013489917354855554,40.24242421510817
2022-08-23,759.4000244140625,763.7999877929688,744.7999877929688,748.5999755859375,30508,0.0,-0.010442861089309363,0.4774599105440065,-0.04695606394470183,89917.45,777.9002424698757,0.001404572015402783,1.0254842698716078,-0.021871701979531633,24.256421625216902
2022-08-24,752.4000244140625,758.6500244140625,748.7000122070312,750.5,14881,0.0,0.0025381037617258073,0.43612727010758817,-0.04695606394470183,72743.2,777.6276032413198,-0.004839918180601255,1.0204130555215793,0.005819639993856113,33.04479658745491
2022-08-25,758.4500122070312,781.9000244140625,750.5499877929688,762.9000244140625,80189,0.0,0.01652235098476007,0.44049960424787793,-0.04695606394470183,73603.1,777.4810601684118,0.007527749755863455,1.004250195650111,0.03750820761323667,47.07358092970578
2022-08-26,769.0,779.5999755859375,760.9000244140625,764.8499755859375,53222,0.0,0.0025559720926378038,0.41774927633321296,-0.04695606394470183,74092.6,777.3553777347554,0.017629058582220525,1.0027685471150563,0.0061184355695082186,51.4121578326834
2022-08-29,753.7000122070312,767.25,745.5,764.4500122070312,27977,0.0,-0.0005229304983632721,0.41568319345238575,-0.04695606394470183,71281.1,777.2269661374647,0.01050893880638637,1.0046405760307053,-0.0012580024740479344,48.68117795727318
2022-08-30,775.0,783.0,766.0,777.0,43571,0.0,0.01641701562242881,0.4179423452702722,-0.04270858255633109,64768.5,777.2247077679377,0.037937517152379696,0.9871428579283804,0.03928057402033915,43.87653353803437
2022-09-01,781.7000122070312,794.5,758.0,763.7000122070312,60205,0.0,-0.017117101406652235,0.33958316133492306,-0.039755269384442044,58072.15,777.0901336827546,0.0175882907488758,0.9994860403560898,-0.05040621223767898,45.440249191970096
2022-09-02,766.4000244140625,769.25,753.0,764.3499755859375,21020,1.0,0.0008510715837595217,0.27952023064196,-0.039755269384442044,51270.0,776.9633659404979,0.0019005782218826095,0.9965951788333729,0.00304475833952099,52.25652440364679
2022-09-05,763.5,775.0,757.0999755859375,764.7000122070312,43017,0.0,0.00045795333587261844,0.22361027282832016,-0.039755269384442044,47708.25,776.8413425202643,-0.00019606901182334102,0.9957989902500988,0.0020479976595003833,59.37080730053094
2022-09-06,770.7999877929688,774.0,763.0,768.6500244140625,61374,0.0,0.005165440230124885,0.19515235875986148,-0.039755269384442044,47688.4,776.7598368674663,0.005494161998775393,0.991137026998398,0.02646875496797609,63.97352277115561
2022-09-07,764.75,784.6500244140625,761.7000122070312,774.75,36501,0.0,0.007935959659387759,0.1929379782717137,-0.039755269384442044,48303.3,776.7398384906757,-0.0028957528957529455,0.9838141343792857,0.041132177911026954,63.73331693832281
2022-09-08,779.0,785.0,775.0,777.9000244140625,25068,0.0,0.004065859198531863,0.19185365784071676,-0.037687183252842635,44023.2,776.7513826292168,0.018593704308049297,0.97911039869867,0.021192501786869527,63.78162578860086
2022-09-09,782.0,794.0,772.6500244140625,786.5499877929688,36681,0.0,0.011119633767104897,0.16831715765827437,-0.037687183252842635,43548.25,776.8488811880601,0.02904430289281179,0.9692422770990705,0.06606357463001346,72.36086268842342
2022-09-12,765.0,789.9000244140625,748.0,781.0499877929688,411113,0.0,-0.00699256256481906,0.15237710809011293,-0.037687183252842635,59005.9,776.8906832438304,0.02138090143185578,0.9773798260695337,-0.045889846536432015,65.58730580114107
2022-09-13,783.0,788.9000244140625,774.0,777.3499755859375,56651,0.0,-0.004737228429497198,0.14253031206370106,-0.037687183252842635,59625.75,776.8952533168862,0.011318481617829779,0.9837460904443134,-0.03323663597265983,69.2823796456624
2022-09-14,770.2999877929688,777.4000244140625,764.0,770.4500122070312,68608,0.0,-0.008876263710827725,0.13810649701334854,-0.03250900486713692,61746.55,776.8311215645493,-0.005550161720514701,0.9940424277708412,-0.06427114770175021,62.53931219788301
2022-09-15,774.5,799.9500122070312,770.0,773.7999877929688,98519,0.0,0.004348076491479613,0.13701015947600162,-0.03250900486713692,65065.95,776.8009610295088,-0.005270647245681714,0.9910086726241545,0.03173542889632884,57.73049044479603
2022-09-16,773.7999877929688,775.0,752.0999755859375,756.0499877929688,40823,0.0,-0.02293874422333153,0.15861644505497582,-0.03250900486713692,63902.8,776.5944836838717,-0.03877693785945113,1.0141988095217913,-0.14461768304796027,44.90150543978036
2022-09-19,756.8499755859375,762.0,739.0,740.75,48931,0.0,-0.020236741009191594,0.17280587405833783,-0.02847924124670511,64505.5,776.2378221546788,-0.05159719406288621,1.0344144431715112,-0.11710678209521985,38.29049503797561
2022-09-20,745.0,759.0,740.2999877929688,753.25,62949,0.0,0.01687478906513662,0.18169187380231677,-0.02847924124670511,66090.4,776.0090876058761,-0.03100273537382159,1.0170328559964112,0.09287585505743678,38.25999849885396
2022-09-21,756.6500244140625,761.2999877929688,735.0999755859375,753.4000244140625,175219,0.0,0.00019916948431797366,0.18022077412744694,-0.02847924124670511,73325.95,775.7841218029725,-0.0221299078756938,1.017148893533271,0.0011051415921990815,44.14773007928036
2022-09-22,756.25,823.9000244140625,750.4500122070312,783.5499877929688,1493335,0.0,0.040018532521756356,0.2234427639652909,-0.02847924124670511,147248.65,775.8613941013805,0.012600155277604719,0.9801193447446863,0.17909969434935832,58.170222135136314
2022-09-23,790.0,821.25,766.0999755859375,771.6500244140625,817697,0.0,-0.015187242121495026,0.23146642691047634,-0.02847924124670511,184124.05,775.8194899253873,0.020633604752289925,0.9958011744946536,-0.06561315033059828,52.69276222046907
2022-09-26,756.25,777.5,740.0,769.4000244140625,293327,0.0,-0.0029158296232912884,0.22520092332980388,-0.02847924124670511,196129.3,775.7556146466677,0.0386770494958657,0.9990089402935938,-0.01294768001259166,50.29446435880018
2022-09-27,772.0,786.7000122070312,752.0,766.0999755859375,181253,0.0,-0.00428911973409174,0.22566113319269449,-0.02847924124670511,203793.1,775.6595386361132,0.01705937681505154,1.0034199526409875,-0.01900690421668747,46.527487101152836
2022-09-28,769.0,772.0,754.5,758.4500122070312,266825,0.0,-0.00998559407739874,0.22839325414924824,-0.02847924124670511,214955.8,775.4882995671671,0.006702930222090453,1.0123178712817704,-0.043721053309494495,42.46414856109526
2022-09-29,775.25,787.0,744.0,746.2000122070312,229740,0.0,-0.016151361069074888,0.22625311652397623,-0.02847924124670511,223432.55,775.1968738222903,-0.04766763597449786,1.0277639899291175,-0.07138624476583008,34.79080083346443
2022-09-30,759.0,771.9500122070312,741.4500122070312,751.1500244140625,143356,0.0,0.006633626542554838,0.2209274182668851,-0.02847924124670511,229549.35,774.9576016888751,-0.026566447678876504,1.0201124667075436,0.03002626968771516,38.6828225480327
2022-10-03,752.9500122070312,752.9500122070312,722.1500244140625,726.9000244140625,165718,0.0,-0.03228383040913341,0.24635584775219443,-0.03224390126071024,235684.4,774.4794168403696,-0.0552378459207431,1.051544200316889,-0.13104551563619493,33.47527561727544
2022-10-04,745.0,745.0,733.0999755859375,742.4000244140625,60413,0.0,0.02132342754080141,0.25952388306152624,-0.03224390126071024,235636.35,774.1602189057795,-0.03093584640013669,1.0278219016561212,0.08216363930602023,41.30232603848278
2022-10-06,749.3499755859375,749.3499755859375,726.0999755859375,740.1500244140625,73316,0.0,-0.0030307111072306325,0.25850959925070055,-0.03224390126071024,237477.1,773.8218090103396,-0.024128139624808198,1.0286090400472745,-0.011723785108086537,39.49423316136636
2022-10-07,745.0,745.0,732.2000122070312,734.9000244140625,45525,0.0,-0.007093156558572233,0.25670791176950203,-0.03224390126071024,238499.95,773.4345275715707,-0.015143376585517343,1.0330316789808351,-0.027631233620212067,42.83780266014151
2022-10-10,734.9000244140625,734.9000244140625,725.0999755859375,727.4000244140625,30921,0.0,-0.010205469792955557,0.25694779668422413,-0.03224390126071024,238211.95,772.9764728137847,-0.03161818442131625,1.039617105517313,-0.03971806541044954,45.227036809752725
2022-10-11,729.0,730.0,710.4500122070312,716.3499755859375,122675,0.0,-0.015191158176034003,0.2548000875270501,-0.03224390126071024,223790.05,772.4130250801743,-0.014513754950867042,1.0511377580606711,-0.05961990722715983,36.66906863891183
2022-10-12,730.0,732.0,715.0,723.7000122070312,81407,0.0,0.010260399066924997,0.2594861160054588,-0.03224390126071024,225027.85,771.9283184844217,-0.025188593200532572,1.0367555568599778,0.039541224129682945,39.800822510860975
2022-10-13,727.9500122070312,754.0,725.0,729.3499755859375,213251,0.0,0.007807051656218533,0.2623541670664772,-0.03224390126071024,232260.0,771.5046533809541,-0.01459170231964102,1.0259066735734124,0.029757680032059586,27.621801860408567
2022-10-14,740.0,740.0,722.2000122070312,725.5,102087,0.0,-0.005278639493810244,0.2616167080252526,-0.03224390126071024,232438.4,771.04689563587,-0.012790888694767966,1.0280220646927227,-0.02017699607905303,29.58867555772811
2022-10-17,723.0,750.9500122070312,719.8499755859375,725.2999877929688,141399,0.0,-0.00027568877605965714,0.26052862467890936,-0.03224390126071024,237467.2,770.5917025230053,-0.0028870450242084456,1.0261857444660853,-0.001058189923727317,30.135129524160973
2022-10-18,729.0,750.0,725.9500122070312,746.0,166373,0.0,0.02853993182878689,0.2715601832695178,-0.03224390126071024,243339.3,770.3470089655625,0.0413904172884354,0.9980630133171183,0.10509615376676952,42.17290814556096
2022-10-19,750.0,794.7999877929688,746.5999755859375,773.0499877929688,570121,0.0,0.03626003725599025,0.28973401507655816,-0.03224390126071024,268697.9,770.373904277278,0.06819120457858974,0.9644201786390609,0.12514939260726815,54.9390969583123
2022-10-20,773.0,783.9000244140625,765.3499755859375,769.7999877929688,91732,0.0,-0.004204126578254863,0.2854439432118968,-0.03224390126071024,264523.55,770.3681936654939,0.055460359993204866,0.9695570503099211,-0.014728378481830956,58.501429077794185
2022-10-21,774.5999755859375,775.0,748.0499877929688,752.2999877929688,89399,0.0,-0.022733177809177163,0.2972548697309209,-0.03224390126071024,194326.75,770.1884105224838,0.036940024525111914,0.990033919418502,-0.07647705507729777,50.37990186970402
2022-10-24,764.7999877929688,778.7999877929688,762.75,769.2999877929688,101560,0.0,0.022597368437919485,0.2729027971230941,-0.023403896998494086,158519.9,770.1795704953245,0.060664553619928396,0.9680033998161408,0.08280372296693465,64.7119890431402
2022-10-25,780.0,782.0,761.0,776.7999877929688,87617,0.0,0.009749122733664128,0.26991687175478907,-0.023403896998494086,148234.4,770.2454452943061,0.04128684690746476,0.9591336425582249,0.036118981036987886,62.63774942959457
2022-10-27,789.7000122070312,789.7000122070312,773.25,782.0999755859375,107040,0.0,0.006822847420514311,0.27049255909246084,-0.023403896998494086,144523.75,770.363400819596,0.011706859757939059,0.9536568534889307,0.025223788747342994,65.0736412610465
2022-10-28,822.0,823.0,773.5499877929688,780.0999755859375,1031272,0.0,-0.002557217826917424,0.27013880155412945,-0.023403896998494086,182746.1,770.4602821605546,0.013380083081709238,0.9574894543984199,-0.009466310346912213,66.62985388714701
2022-10-31,782.0,785.0,746.0999755859375,759.9500122070312,656043,0.0,-0.02582997565635292,0.28350288503017634,-0.02615056685986441,204061.25,770.355702360022,0.010168848249626494,0.9837818119493975,-0.09111009484966125,60.95590383610684
2022-11-01,763.75,769.7000122070312,755.0499877929688,760.8499755859375,77437,0.0,0.0011842402321866619,0.27715879494338735,-0.0230833057949826,200765.3,770.2611180140111,-0.010984027480974379,0.9832555977707266,0.004272785894096186,66.07660087232536
2022-11-02,761.9500122070312,769.9000244140625,757.0,761.75,94674,0.0,0.0011829196858019753,0.2764226390418439,-0.022743456129884883,197213.1,770.1764302725782,-0.019374340923625,0.9843813539059937,0.004279387705393522,64.41834759133646
2022-11-03,760.0,766.1500244140625,745.0,747.1500244140625,89262,0.0,-0.019166361123646225,0.2598735251615667,-0.022743456129884883,198655.55,769.9473118063243,-0.044687319093305256,1.0039349151144494,-0.07375264707785752,56.31655819995258
2022-11-04,750.5,756.0,742.7999877929688,749.0,69424,0.0,0.002476042997372918,0.24970272114635922,-0.022743456129884883,198460.95,769.7388808430773,-0.039866653710094235,1.0020460548961114,0.009915962817089195,58.45932914270738
2022-11-07,751.0,751.0,743.0,746.2999877929688,53602,0.0,-0.0036048227063167904,0.2498140231069653,-0.022743456129884883,198864.8,769.5056580266582,-0.01796173984446736,1.0064350871924392,-0.014430024852820331,57.42574764590568
2022-11-09,745.0,751.5,736.8499755859375,745.25,80099,0.0,-0.0014069245747596604,0.24840563529419812,-0.022743456129884883,201323.7,769.2643081955473,-0.02050335294277139,1.0090506434960478,-0.005663818843945256,49.69199142048803
2022-11-10,745.9000244140625,755.4500122070312,742.6500244140625,746.4000244140625,51299,0.0,0.0015431390997149297,0.2451706563418976,-0.022743456129884883,197754.9,769.0368028842888,-0.020150936115441387,1.0095089360404899,0.006294142454884784,36.09807655808513
2022-11-11,756.8499755859375,756.8499755859375,742.2000122070312,745.2000122070312,53114,0.0,-0.0016077333437566343,0.23804104625713854,-0.022743456129884883,196340.25,768.7996208875003,-0.0026099339400550425,1.0125771365355276,-0.006754017013014412,36.8869963231756
2022-11-14,748.5,748.5,739.1500244140625,743.8499755859375,58746,0.0,-0.0018116433158601453,0.23642315784829696,-0.022743456129884883,188615.0,768.5513657103704,-0.006875867041471917,1.0153895534000403,-0.0076627148360629465,44.55890771605202
2022-11-15,747.5999755859375,747.5999755859375,733.5,744.0499877929688,68858,0.0,0.0002688878316809973,0.23529405550005736,-0.022743456129884883,186953.55,768.3075709052222,-0.003014873424631692,1.0163631561094835,0.0011427735379111452,29.25225126323501
2022-11-16,742.7999877929688,746.2000122070312,736.2000122070312,740.8499755859375,85939,0.0,-0.004300802714241381,0.2349866042668621,-0.022743456129884883,184180.55,768.0343610015477,-0.005904091800150946,1.0218026837180096,-0.018302330656831296,18.213952238465183
2022-11-17,743.0499877929688,744.0,734.0,740.0499877929688,40654,0.0,-0.0010798242820161397,0.23506247296094884,-0.022743456129884883,177894.6,767.7559095268356,-0.008507551464884577,1.0225052431018644,-0.0045937755290176695,9.606150161723619
2022-11-18,742.5,742.5,730.0499877929688,734.5999755859375,37198,0.0,-0.007364383888829873,0.21415634397578073,-0.022743456129884883,151248.45,767.4259997363789,-0.014224418206462475,1.0274741589303675,-0.0343878841421755,9.00900898628359
2022-11-21,734.25,738.0,728.4000244140625,730.8499755859375,63596,0.0,-0.005104819118744053,0.16710504618803912,-0.022743456129884883,149841.65,767.0620591975686,-0.01747664236966573,1.0300814347725944,-0.030548561696420055,12.787711762397151
2022-11-22,732.0,732.0,726.7999877929688,728.5,29169,0.0,-0.0032154007859868106,0.16702176852138867,-0.022743456129884883,146830.15,766.6783571160007,-0.020899117059451577,1.0317707509477416,-0.019251386342859767,10.111052206907686
2022-11-23,732.1500244140625,732.2999877929688,725.0,729.0499877929688,55346,0.0,0.0007549592216455903,0.15027192799893238,-0.022743456129884883,144519.45,766.3039454809457,-0.01592763471934533,1.0282319520157592,0.005023953451980861,9.328355343843413
2022-11-24,729.5499877929688,730.0,723.0,727.2999877929688,55598,0.0,-0.0024003841016412286,0.12219334009867189,-0.022743456129884883,142918.5,765.9158463994734,-0.017228565921639905,1.02730304496872,-0.01964414675350912,13.71113330763228
2022-11-25,730.0,730.0,725.0,726.7000122070312,47184,0.0,-0.000824935509428748,0.11389161764835434,-0.022743456129884883,139925.7,765.5256390940759,-0.010754102425071577,1.0243394542346782,-0.007243161999368158,7.279776773704739
2022-11-28,728.0,740.5,727.25,730.6500244140625,37020,0.0,0.005435547186843692,0.11245410113418665,-0.022743456129884883,90213.1,765.1786180524838,-0.0002735871636510012,1.0154177397487423,0.04833569117235463,21.38950185769258
2022-11-29,732.5,735.0,725.4000244140625,727.0499877929688,59474,0.0,-0.004927169644565188,0.11258012042683568,-0.022743456129884883,60384.65,764.7992286966677,-0.0019904079712165235,1.0181830789439243,-0.043765890356356356,19.565283863946973
2022-11-30,729.0,730.5499877929688,717.0499877929688,719.0499877929688,97117,0.0,-0.011003369966740228,0.08308563766640184,-0.022743456129884883,61368.65,764.3440123692677,-0.013716480580807211,1.0266045591535122,-0.13243406383398476,12.789127573503336
2022-12-01,721.0,726.8499755859375,713.5999755859375,715.5999755859375,96118,0.0,-0.00479801441568839,0.08221624084501573,-0.022743456129884883,61440.85,763.8589970778913,-0.01608691379541416,1.0283294013590472,-0.05835846765541565,12.051294447777025
2022-12-02,716.0,722.7000122070312,715.75,719.5999755859375,25641,0.0,0.005589715115242644,0.08629167437570547,-0.022743456129884883,58259.8,763.4186088043397,-0.009770244257366278,1.0206990230473032,0.06477698466176157,20.88837233634395
2022-12-05,720.9000244140625,726.9500122070312,716.0,719.0,36170,0.0,-0.00083376265465962,0.062199452177978926,-0.022743456129884883,56597.1,762.9766325973313,-0.01594473964933507,1.0194645230395405,-0.013404660192621489,20.214036716371297
2022-12-06,722.0,722.7000122070312,717.0,719.25,22261,0.0,0.0003477051460361036,0.06076780594551778,-0.022743456129884883,55030.05,762.5415417257162,-0.010728268927761575,1.0172297430320212,0.005721863467132724,22.378530517080534
2022-12-07,719.5,725.0,712.75,718.5999755859375,55121,0.0,-0.0009037530956725881,0.06054479933127882,-0.022743456129884883,53781.15,762.1043122118876,-0.0006258427295333657,1.0162955973656866,-0.014927012004077594,22.464691209955205
2022-12-08,722.0,722.0,713.0,717.5499877929688,33304,0.0,-0.001461157568385163,0.06054073864192292,-0.022743456129884883,52881.4,761.6609856007541,0.0027250031771375305,1.015772422860552,-0.024135109016034675,25.325623895950656
2022-12-09,720.0,720.0,712.2999877929688,715.7999877929688,36103,0.0,-0.0024388544767209863,0.05933360002658462,-0.022743456129884883,52030.85,761.2046572643583,-0.0052806947219177225,1.0162021525679403,-0.041104097249910286,26.88173039578129
2022-12-12,714.9000244140625,717.9500122070312,710.0,715.0,31949,0.0,-0.0011176135884485294,0.059397095158522685,-0.022743456129884883,50691.0,760.7449094308821,-0.0055632823365785455,1.015321663809823,-0.018815960566862185,28.225806324141516
2022-12-13,718.5,718.5,713.5499877929688,715.0499877929688,23926,0.0,6.991299715908283e-05,0.05981302512427162,-0.022743456129884883,48444.4,760.290233593689,-0.005839433030283336,1.0132228543353143,0.0011688588785676375,27.049180203708687
2022-12-14,713.2000122070312,716.9500122070312,711.0,713.0499877929688,30627,0.0,-0.002797007250042838,0.059371751115019425,-0.020361562849190874,45678.8,759.820181396667,-0.007723334235355872,1.0141154233415801,-0.047110060363954265,26.82926817053341
2022-12-15,716.0,725.0,698.7999877929688,702.2000122070312,122954,0.0,-0.015216290262510701,0.07471793978342842,-0.01934470195792277,49793.8,759.2468463798547,-0.021392203814469823,1.0270898304149252,-0.2036497295042951,20.1219511508031
2022-12-16,705.5999755859375,708.4000244140625,687.2999877929688,691.5499877929688,103970,0.0,-0.015166653701114585,0.08629342075227493,-0.01934470195792277,53132.4,758.5732457969006,-0.03387817883983235,1.0397946710407573,-0.17575675887373096,9.014647127730498
2022-12-19,692.2000122070312,692.9000244140625,682.5,686.6500244140625,37843,0.0,-0.007085479669436623,0.08612942488736328,-0.01934470195792277,51844.75,757.8575918527928,-0.03965031550480769,1.043996168380759,-0.08226548425288913,8.775496197593611
2022-12-20,687.0,690.7999877929688,680.0,685.25,48236,0.0,-0.0020389199217711873,0.08592745498058421,-0.01934470195792277,52798.1,757.1351282522675,-0.041675390954061364,1.0429733593678745,-0.023728384425537197,10.141489369563672
2022-12-21,687.7999877929688,691.3499755859375,677.0499877929688,683.6500244140625,49068,0.0,-0.0023348786369026264,0.08596011338525096,-0.01934470195792277,52484.2,756.4039331892009,-0.04123127954872419,1.0420938651300313,-0.027162346271169327,10.604181368328724
2022-12-22,687.0,687.0,663.6500244140625,670.2999877929688,53886,0.0,-0.019527588889557523,0.10199424455253416,-0.019687868335538504,52398.6,755.5471775136166,-0.04542868678369849,1.058596910726863,-0.19145773431286225,0.6011783813330567
2022-12-23,666.5999755859375,669.9500122070312,646.5999755859375,659.9000244140625,123896,0.0,-0.015515386496051109,0.10930288016596164,-0.019687868335538504,56234.2,754.5954645474518,-0.04576670369110236,1.070218928352554,-0.14194854749488414,0.5024925253315615
2022-12-26,661.5,664.9500122070312,653.9000244140625,659.1500244140625,63846,0.0,-0.0011365357967154655,0.10917262096461558,-0.019687868335538504,57575.5,753.6457586754777,-0.04004951434097237,1.066013002992542,-0.010410446159201139,0.08303626810224785
2022-12-27,662.4500122070312,678.0499877929688,658.0,667.5,43542,0.0,0.0126677922728744,0.11990655748423411,-0.019687868335538504,56778.9,752.7885869473636,-0.02590295512586649,1.048217224806882,0.10564719296580667,12.371097853809971
2022-12-28,667.0,675.9500122070312,665.5,672.0999755859375,17488,0.0,0.00689134919241563,0.12592610172570123,-0.019687868335538504,52797.45,751.9857151925236,-0.01689468063432631,1.0375502488901336,0.054725339311887305,18.194484154553905
2022-12-29,668.5,674.75,660.0,665.5499877929688,34905,0.0,-0.009745555766846214,0.1250801268964881,-0.01918442251194179,49736.8,751.1256582034733,-0.007086379362231332,1.0440012174934252,-0.07791449552786542,17.049127544784582
2022-12-30,666.0,691.7000122070312,666.0,679.4500122070312,28400,0.0,0.020885019411023276,0.15104435043615377,-0.01918442251194179,49874.75,750.4124676960462,0.029625681269412896,1.0196886995986116,0.13827076595720594,30.1063112057808
2023-01-02,673.2999877929688,695.0,673.2999877929688,692.5999755859375,35735,0.0,0.019353834929212388,0.16693356735803805,-0.01918442251194179,49853.0,749.8372190183337,0.05074709843424441,0.9984226430038956,0.11593734008169256,39.04341806204311
2023-01-03,696.0999755859375,700.7000122070312,688.9000244140625,693.5,18733,0.0,0.0012994866384468118,0.16724707971745548,-0.01918442251194179,49676.6,749.2766496748677,0.03895131086142323,0.9952703650597624,0.0077698609921532475,40.355202570907046
2023-01-04,688.2000122070312,699.9000244140625,681.0,694.9000244140625,24355,0.0,0.0020187806979992118,0.167600310292446,-0.01918442251194179,48138.3,748.735588726999,0.03392359716759086,0.9915599027231919,0.012045207875955363,46.02829661000521
2023-01-05,698.5999755859375,698.5999755859375,683.0,691.0499877929688,27518,0.0,-0.005540418025370086,0.16813140008456884,-0.01918442251194179,47849.0,748.1616026480534,0.03831417694794137,0.9951667936594801,-0.03295290286677128,49.7062278010453
2023-01-06,692.7000122070312,694.0,680.0,689.4500122070312,22100,0.0,-0.002315281982780193,0.16813533017459578,-0.01918442251194179,47148.85,747.5774077182921,0.014717786180498127,0.9955652907073146,-0.013770347033383633,51.711484147933625
2023-01-09,692.6500244140625,692.6500244140625,684.5999755859375,687.7999877929688,34027,0.0,-0.0023932473491160566,0.16813338209553766,-0.01918442251194179,47252.75,746.9826075200301,-0.006930389780779311,0.9959763207016824,-0.014234217958061257,51.553923234609115
2023-01-10,687.7999877929688,690.0499877929688,680.0,686.7000122070312,25226,0.0,-0.0015992666552192558,0.1681154052081248,-0.01918442251194179,47317.75,746.3827807009953,-0.00980531765388426,0.9955074854947069,-0.009512909052625446,51.87001110010937
2023-01-11,685.6500244140625,687.0,680.0,683.5,15573,0.0,-0.004659985656249699,0.16822685781335917,-0.01918442251194179,46565.05,745.7570813905377,-0.01640527272059744,0.9980065882249566,-0.027700602863388997,59.24371065227223
2023-01-12,686.9500122070312,686.9500122070312,667.7999877929688,678.9000244140625,34434,0.0,-0.006730030118416219,0.16898420088534177,-0.01918442251194179,42139.05,745.0918370425131,-0.017581887842455513,1.0030527016843689,-0.03982638427079227,64.48171256905482
2023-01-13,680.5999755859375,680.5999755859375,669.0,673.8499755859375,20111,0.0,-0.007438575116392898,0.1635425580586105,-0.01918442251194179,37946.1,744.3829627991641,-0.02262678416837749,1.0092565521878911,-0.045484030272332866,60.514982738314835
2023-01-16,674.9000244140625,677.0,667.9500122070312,673.7000122070312,15719,0.0,-0.00022254713117098035,0.15631304765672638,-0.01918442251194179,36839.9,743.6796498579489,-0.020500110259062176,1.0085200981599671,-0.0014237270673810778,55.024319956501245
2023-01-17,671.0,671.0,660.4000244140625,667.25,45474,0.0,-0.009574012305419322,0.15772528047556614,-0.015697935227430865,36701.8,742.9191558295116,-0.02832388504628036,1.016920198488432,-0.060700552692293,46.18412904105698
2023-01-18,670.5999755859375,670.5999755859375,655.2000122070312,658.1500244140625,36809,0.0,-0.013638030102566479,0.16340981063229051,-0.015697935227430865,36088.85,742.0756818850792,-0.03708847927715797,1.0290434966470774,-0.08345906047626823,44.402451283308636
2023-01-19,661.4500122070312,661.4500122070312,645.2999877929688,657.0999755859375,63105,0.0,-0.0015954551229560021,0.16340334033230575,-0.015697935227430865,36549.8,741.2301524691675,-0.03211083818554872,1.0296834986604961,-0.009763907041755263,29.01407409882833
2023-01-20,660.0,660.0,640.2000122070312,649.5,215117,0.0,-0.011565934969272496,0.15463309088251537,-0.015697935227430865,41110.85,740.3174146336534,-0.036135603573724695,1.0409314866980008,-0.07479598419267214,4.821897881993394
2023-01-23,649.5,652.9000244140625,622.0,627.0499877929688,77863,0.0,-0.03456506883299648,0.18712513732805536,-0.01918442251194179,41811.7,739.1903755606118,-0.06924450581682151,1.075639920117482,-0.18471632127775592,2.021694118827398
2023-01-24,627.0499877929688,628.9500122070312,612.0499877929688,621.0,58399,0.0,-0.009648334121276192,0.18873883963285634,-0.015697935227430865,42554.55,738.0143519231929,-0.06931434994379915,1.0823751993225392,-0.05112002187172691,0.0
2023-01-25,624.0,627.9000244140625,598.0,599.7999877929688,109890,0.0,-0.03413850596945456,0.20906028217133105,-0.01918442251194179,47174.65,736.6390846184146,-0.08865765320458907,1.1146048899560939,-0.16329502659202758,0.0
2023-01-27,602.0,615.0,590.0,596.5,272245,0.0,-0.0055018137047841975,0.20454019346145924,-0.01918442251194179,59041.65,735.2446658659926,-0.09222337214652976,1.1149832355406537,-0.02689844642606354,0.0
2023-01-30,595.0,607.5499877929688,590.0499877929688,593.4500122070312,39474,0.0,-0.005113139636158892,0.2039820536367289,-0.015715996615726428,59595.35,733.8337737897841,-0.08629713286061391,1.1134678345401692,-0.02506661392182437,0.0
2023-01-31,596.5999755859375,600.5999755859375,591.0499877929688,593.5999755859375,35271,0.0,0.0002526975748950999,0.181846819521874,-0.015715996615726428,59572.15,732.4384126136265,-0.0533450488130387,1.1048475858723348,0.0013896177104627684,0.1605604255679225
2023-02-01,596.7000122070312,598.9000244140625,570.0,579.7000122070312,53399,0.0,-0.02341638131838819,0.16528076286996063,-0.019722028510999055,61305.45,730.9186275349539,-0.06650561641379826,1.1215240416075083,-0.14167637839406583,0.1440571583095931
2023-02-02,579.2999877929688,587.0,575.0,578.0,30003,0.0,-0.0029325723153929006,0.1627876657068358,-0.019722028510999055,61587.85,729.3970491515216,-0.03634542887068781,1.1147102065564851,-0.018014707210846647,0.14818522831508574
2023-02-03,580.9000244140625,581.0,572.7000122070312,577.0499877929688,33601,0.0,-0.0016436197353482118,0.1602560193023707,-0.019722028510999055,61892.0,727.8811579937252,-0.032606893892759836,1.1066675554956655,-0.010256211529158968,0.1544423384755902
2023-02-06,579.9500122070312,606.9000244140625,573.9500122070312,601.9000244140625,239631,0.0,0.04306392365787448,0.24078030118625562,-0.019722028510999055,72768.55,726.627614376017,0.014238793551635043,1.0537048916344625,0.17885151591386714,20.52545359344245
2023-02-07,604.0,622.0,603.7999877929688,617.5499877929688,212232,0.0,0.02600093494620004,0.2656025490153483,-0.019722028510999055,81678.8,725.5422648577778,0.040347057264263464,1.0213140838267556,0.09789414319873903,31.030520820603343
2023-02-08,620.0,627.0499877929688,613.5,617.9500122070312,92915,0.6,0.0006477603788677122,0.2662009854880787,-0.019722028510999055,85063.25,724.471695179661,0.06598240330265792,1.0150901976029811,0.0024333507005863957,33.56499741886138
2023-02-09,617.0,623.5999755859375,612.2999877929688,619.5,139783,0.0,0.002508273747633627,0.2672313543762528,-0.019722028510999055,91273.75,723.4272007002614,0.07179930795847755,1.0073849878934626,0.009386150287741157,34.69055451587272
2023-02-10,617.0,622.75,610.0999755859375,617.5499877929688,61476,0.0,-0.0031477194625201266,0.26728965865961096,-0.019722028510999055,92625.85,722.3736960942188,0.07018456088163094,1.0055987538568871,-0.011776435199703495,36.363626847448835
2023-02-13,623.0,627.7000122070312,617.0,619.2999877929688,92214,0.0,0.0028337786974204082,0.26841877956997523,-0.019722028510999055,96231.0,721.3480870563953,0.028908394539184146,0.9983529968774796,0.01055730376386955,45.98237218651358
2023-02-14,620.9500122070312,623.7000122070312,609.0,617.8499755859375,80482,0.0,-0.002341372897808003,0.2682318131139752,-0.019722028510999055,99469.15,720.3182551014654,0.0004857708669721017,0.9961762907970421,-0.008728915423331865,48.28523386687572
2023-02-15,614.4500122070312,619.8499755859375,611.0,612.8499755859375,69717,0.0,-0.008092579424735402,0.26822541695787394,-0.019722028510999055,100681.3,719.248918986883,-0.00825315400978599,0.9998654159065282,-0.03017081384311257,58.62524385071735
2023-02-16,612.8499755859375,619.1500244140625,607.0,617.2000122070312,63173,0.0,0.007098044863157238,0.27035294425136064,-0.019722028510999055,101999.5,718.2335069791234,-0.003712651804630762,0.9895009446505486,0.026254733863783977,63.494138679778494
2023-02-17,618.7000122070312,630.75,610.5,624.5499877929688,158298,0.0,0.011908579780572026,0.2728363146147247,-0.019722028510999055,106759.15,717.3013326588632,0.011335114789682077,0.97525019235041,0.043647339837861655,69.19751567418794
2023-02-20,627.7999877929688,639.0,620.1500244140625,637.25,156535,0.0,0.020334660884248068,0.2839521413392903,-0.019722028510999055,103830.05,716.5048019856407,0.028984357437177755,0.9548528767791904,0.07161298404797249,73.32977093840711
2023-02-21,640.0,645.0,635.0499877929688,639.8499755859375,184250,0.0,0.00407999307326401,0.28199593451237476,-0.019722028510999055,109149.4,715.7420673945988,0.03560734946883559,0.9519731473919191,0.014468268614001181,86.56530000069753
2023-02-22,638.9500122070312,664.6500244140625,631.0,637.5999755859375,324783,0.0,-0.0035164493019470555,0.25393983489750455,-0.019722028510999055,122468.6,714.9645341427714,0.040385087682082155,0.956634280507863,-0.013847568125302938,85.99030205216503
2023-02-23,639.9500122070312,649.7999877929688,635.0,643.5,199726,0.0,0.009253489084030342,0.252469239194897,-0.019722028510999055,126960.4,714.2534442508036,0.04261177458328813,0.9512587327223557,0.036651945191499294,87.86322834259433
2023-02-24,645.0,651.8499755859375,636.0999755859375,649.0999755859375,454105,0.0,0.008702370762917688,0.21667619842289548,-0.019722028510999055,136053.4,713.6051510302576,0.039308283200394145,0.9471037073005422,0.040163019402356025,84.45251893095471
2023-02-27,645.3499755859375,647.7000122070312,638.0999755859375,644.7000122070312,109115,0.0,-0.00677856038268132,0.217414854091729,-0.019722028510999055,139535.45,712.9195277583848,0.011690878316251485,0.9575422391769579,-0.031177998850259812,73.71181153508248
2023-02-28,647.8499755859375,651.5999755859375,640.0,645.1500244140625,371730,0.0,0.000698017990554467,0.2153366791871462,-0.019722028510999055,156358.4,712.2452043420234,0.008283268000864652,0.9608695222332952,0.0032415190982518966,73.73474502198032
2023-03-01,645.0,683.5999755859375,645.0,676.4000244140625,95023,0.0,0.04843834583805817,0.26380749822879695,-0.019722028510999055,158439.6,711.8885358850288,0.06085327840934873,0.9236250351692065,0.18361246108298102,82.70116332327542
2023-03-02,679.9000244140625,715.0,673.5499877929688,706.5999755859375,439866,0.0,0.044648063397153104,0.2722188625692862,-0.019722028510999055,178932.75,711.8359133944906,0.09805746011800709,0.893249387100246,0.16401531229539976,88.63342069619632
2023-03-03,706.0999755859375,740.0,705.0499877929688,736.0499877929688,475385,0.0,0.04167847894788035,0.28963255272014177,-0.019722028510999055,201021.95,712.0768494581571,0.13395473036113148,0.8683105844938278,0.14390121938102757,90.8359704877708
2023-03-06,747.7000122070312,756.4000244140625,732.0,741.9000244140625,282634,0.0,0.007947879516491785,0.2859335333239786,-0.019722028510999055,203172.1,712.3735974676686,0.150767815056001,0.8708990077571165,0.027796247422032596,92.09367801961874
2023-03-08,739.0,748.7999877929688,731.0,745.2000122070312,397503,0.0,0.004448022219132541,0.26383151590364756,-0.019722028510999055,212435.65,712.7002284601001,0.15508018911389798,0.8756072002808993,0.016859327951417674,95.43428411635473
2023-03-09,741.0,747.0,738.4000244140625,742.6500244140625,43973,0.0,-0.003421883724097796,0.2615167908285069,-0.019722028510999055,209988.55,712.99823638004,0.09794499942159174,0.8870093251097302,-0.01308475674701199,93.60447913253815
2023-03-10,736.3499755859375,763.4000244140625,735.5499877929688,747.1500244140625,372349,0.0,0.006059381743844128,0.2600200138212177,-0.019722028510999055,221616.85,713.3380551664482,0.0573875604715377,0.8902094310852127,0.023303519685893056,93.47520901761939
2023-03-13,750.0,750.0,730.0,737.5499877929688,188945,0.0,-0.012848874131567323,0.2702457558508731,-0.019722028510999055,227990.3,713.5789699189509,0.0020379050674230736,0.9099315426432216,-0.04754514503164346,86.36693770380059
2023-03-14,736.4000244140625,743.9000244140625,727.8499755859375,740.2999877929688,503941,0.0,0.00372856083725126,0.26755579076245334,-0.019722028510999055,248576.65,713.8448506938167,-0.0021566741723151317,0.9147237732473417,0.01393563819818515,86.38175329497513
2023-03-15,745.1500244140625,746.25,736.0999755859375,740.25,810071,0.0,-6.752369822105031e-05,0.26855822618719566,-0.019722028510999055,285056.1,714.1075884978585,-0.006642528349363519,0.9230530218029698,-0.0002514303756969257,87.78065609711544
2023-03-16,735.0,741.4500122070312,729.0999755859375,735.2000122070312,212912,0.0,-0.006822003097559981,0.27130635592101016,-0.019722028510999055,292215.85,714.3174633606365,-0.01003165954637808,0.9377142135119647,-0.025145016684002843,83.9629827520941
2023-03-17,732.0,749.9500122070312,732.0,749.1500244140625,455466,0.0,0.018974445015519148,0.266672585399052,-0.019722028510999055,311830.5,714.6640560079343,0.002676838566081141,0.929059573048036,0.07115258689077357,84.89712787932552
2023-03-20,755.9000244140625,756.9000244140625,741.1500244140625,748.6500244140625,68881,0.0,-0.0006674230577394802,0.26898871664590396,-0.015910436237167962,307359.65,715.0022248477962,0.015049877031805492,0.9379683173211677,-0.00248123059305037,87.27142447587035
2023-03-21,748.6500244140625,816.3499755859375,746.0999755859375,807.4000244140625,937081,0.0,0.07847458503187954,0.36025698608239654,-0.014126947663357562,346386.95,715.9216059380079,0.09063898112593094,0.8802545001142236,0.21782945476492885,91.02402016311827
2023-03-22,807.0,859.4000244140625,799.5499877929688,828.1500244140625,2419255,0.0,0.025699776285068143,0.3621937765635121,-0.014126947663357562,458137.2,717.0383066193617,0.11874370066067197,0.8695676943724431,0.07095587290137455,90.52069419133299
2023-03-23,824.8499755859375,856.0,821.0999755859375,852.2999877929688,1553588,0.0,0.029161338727234698,0.36499929742970405,-0.014126947663357562,519577.45,718.3841939942234,0.1592763515256339,0.8575237808311509,0.07989423030028883,90.20419485071254
2023-03-24,844.0,859.0,837.0,855.0,543553,0.0,0.0031679129950745732,0.36167909129435305,-0.014126947663357562,536768.8,719.7435552480123,0.1412934287344203,0.867184219806515,0.008758905294050602,88.5076084680927
2023-03-27,867.0,869.9000244140625,815.0,825.4500122070312,623986,0.0,-0.034561389231542394,0.3992867220552232,-0.02395248755094151,545262.85,720.7953607898932,0.10258463272351714,0.908910289745628,-0.0865578203754649,73.4493417799948
2023-03-28,825.0499877929688,833.7999877929688,816.75,831.25,192630,0.0,0.00702645551783454,0.3995149940320423,-0.02395248755094151,549438.6,721.8944119263122,0.02953923069700881,0.9137894846980733,0.017587463416695603,73.81677415726769
2023-03-29,833.0,834.7999877929688,827.0499877929688,832.9000244140625,82970,0.0,0.0019849917763157254,0.3954179643219487,-0.02395248755094151,535000.6,722.9989453839017,0.00573567573503464,0.923250073976454,0.005019983676057043,75.10431148531514
2023-03-31,833.4500122070312,870.0,833.4500122070312,865.3499755859375,264416,0.0,0.03896019956861352,0.403096123489419,-0.02395248755094151,543470.25,724.4153735451162,0.015311495928518992,0.8995464594388983,0.09665237726631828,78.45449656711524
2023-04-03,868.9500122070312,869.2999877929688,843.25,844.7999877929688,172411,0.0,-0.023747603134852024,0.4038114707554277,-0.02426714827658215,530097.5,725.6132304033038,-0.011929838838633078,0.9296076215340531,-0.05880863785850355,74.52550827640337
2023-04-05,845.0,892.0,842.0,888.3499755859375,335596,0.0,0.05155064917406382,0.41170148893615666,-0.02426714827658215,523108.05,727.2325014996484,0.07620081464500639,0.8926071126313199,0.12521365432788448,78.53151864798721
2023-04-06,888.3499755859375,954.75,877.0999755859375,949.2000122070312,1489385,0.0,0.06849781988338366,0.44573437181910897,-0.02426714827658215,583445.6,729.4411334469855,0.14189475152725572,0.846304778521541,0.1536740773817666,82.62295890689069
2023-04-10,944.0,944.0,910.75,912.0,421553,0.0,-0.0391909099543053,0.4804274122636985,-0.03415965013255895,584648.1,731.2576395818414,0.09496935198385126,0.8899698525144343,-0.08157508946854843,75.08513137849451
2023-04-11,912.0,949.2000122070312,912.0,943.0,658032,0.0,0.033991228070175517,0.48674798624632803,-0.03415965013255895,615351.05,733.3645287402311,0.08973250893256779,0.8713361657184103,0.06983331895006634,76.23494396975804
2023-04-12,943.0999755859376,958.7999877929688,933.2999877929688,951.4500122070312,622217,0.0,0.008960776465568587,0.4837780235003031,-0.03415965013255895,627844.45,735.534533550846,0.12624292845065566,0.8743339040297315,0.01852249553526488,76.86804547648151
2023-04-13,947.0,993.75,947.0,989.0499877929688,1119161,0.0,0.03951860329342871,0.4921505790409851,-0.03415965013255895,674355.25,738.057075384101,0.11335623906626613,0.8538092250994239,0.08029778724929597,75.4947360405649
2023-04-17,995.2000122070312,1069.75,987.5499877929688,1058.25,1937289,0.0,0.06996614231950882,0.5183624541093139,-0.03415965013255895,746022.65,741.2430746340104,0.11488620563690399,0.8130002402763628,0.13497532549878868,78.42846591654455
2023-04-18,1054.0,1054.0,1008.0,1014.3499755859376,603889,0.0,-0.04148360445458288,0.5561522470801239,-0.0345615732116151,735713.55,743.9605562355222,0.11222585042317723,0.8616971697040334,-0.0745903732772344,69.08940781470358
2023-04-19,996.0,1039.0,996.0,1032.1500244140625,431144,0.0,0.017548232125546903,0.5532052839946258,-0.0345615732116151,746625.15,746.8281131328212,0.09453873214640773,0.8612217048260319,0.031721012644028275,70.15129160944639
2023-04-20,1036.5,1057.0,1015.0,1049.5999755859375,555847,0.0,0.01690640968766255,0.5466557209401551,-0.0345615732116151,751644.2,749.8407684806134,0.1031582974614007,0.8612161987866703,0.030926977859696798,76.21943581287431
2023-04-21,1049.5999755859375,1076.800048828125,1049.550048828125,1059.800048828125,704998,0.0,0.009718057811971104,0.5473140678924184,-0.0345615732116151,783450.05,752.9249404243698,0.07153335211401468,0.8676070580088511,0.017755906899733193,76.46173404318142
2023-04-24,1065.4000244140625,1076.75,1058.0999755859375,1076.0999755859375,298876,0.0,0.015380190608441868,0.5435181514893632,-0.0345615732116151,751539.8,756.1406124160271,0.01686744680929597,0.8669501172435409,0.028297473199969347,77.23403706109964
2023-04-25,1075.0,1132.699951171875,1073.0,1123.4000244140625,1945963,0.0,0.043955069139714587,0.5070358215854393,-0.03415965013255895,727875.2,759.7949349234704,0.10750732139085661,0.8435886410936213,0.08669026211081067,77.96683580655596
2023-04-26,1119.300048828125,1130.6500244140625,1108.5,1114.0,705544,0.0,-0.008367477487785657,0.5128076034763972,-0.03415965013255895,685473.0,763.3193634316946,0.07930046374062982,0.8624528730793102,-0.01631699153423506,79.89781560321327
2023-04-27,1113.0,1132.0,1107.050048828125,1122.699951171875,305960,0.0,0.007809650962185888,0.510556066493807,-0.02428829243968654,673593.35,766.8952896778655,0.06964555762792357,0.8676917614115143,0.015296362773346832,78.21113762694935
2023-04-28,1134.9000244140625,1180.0,1110.300048828125,1129.300048828125,1091460,0.0,0.005878772551259903,0.5099377903148576,-0.02428829243968654,696967.05,770.5013071818482,0.06557840799955583,0.8760736360780723,0.011528411009401723,74.93768447290833
2023-05-02,1139.0,1188.0,1139.0,1183.050048828125,683677,0.0,0.047595853781974506,0.49077405744049296,-0.02428829243968654,721519.4,774.6062697852938,0.09938674441838269,0.8511389720484224,0.09698119142724584,85.88639526700909
2023-05-03,1184.4000244140625,1224.199951171875,1175.5,1212.050048828125,1601415,0.0,0.02451291053047666,0.4897031361654826,-0.02428829243968654,797441.65,778.9589442036305,0.07891225074549935,0.8464151333140096,0.05005667356319813,85.81125298443676
2023-05-04,1205.0,1213.300048828125,1125.0,1150.9000244140625,1428499,0.0,-0.050451732148507955,0.5428798111698401,-0.03479286526768054,855645.8,782.6598504743812,0.033123899833090276,0.9037926701175297,-0.09293351895045683,73.28118806015578
2023-05-05,1150.75,1170.0,1060.699951171875,1132.550048828125,1033368,0.0,-0.015944022240576228,0.5470138836609546,-0.03479286526768054,898693.65,786.1413449853637,0.008773579838467382,0.9311398734620628,-0.029147380761883376,67.53849977778839
2023-05-08,1152.0,1155.0,1119.5999755859375,1133.0,232255,0.0,0.0003972903204945144,0.532524626181884,-0.03479286526768054,893526.6,789.592674886007,0.003276322511200247,0.9415666464042158,0.0007460505927820017,60.98133955947164
2023-05-09,1139.1500244140625,1147.0,1105.0,1136.550048828125,403523,0.0,0.003133317588812856,0.5163699615391364,-0.03479286526768054,839233.5,793.0449870645356,-0.03930518412645412,0.9468676837563308,0.0060679701793530366,70.36667055364066
2023-05-10,1148.6500244140625,1153.949951171875,1131.050048828125,1134.300048828125,225468,0.0,-0.0019796752481950897,0.4758533855770394,-0.03479286526768054,829429.25,796.4405598184022,-0.06414751608250246,0.9585448892219764,-0.004160262943578356,67.95570362479984
2023-05-11,1140.0,1169.9000244140625,1129.8499755859375,1141.6500244140625,531118,0.0,0.006479745454944563,0.442793353038801,-0.03479286526768054,823083.55,799.8754798641303,-0.008037188116934213,0.9610738776380001,0.014633790828469932,66.77601893119923
2023-05-12,1150.449951171875,1199.0999755859375,1150.449951171875,1166.949951171875,480628,0.0,0.02216084282991826,0.4369519768663609,-0.03479286526768054,816004.1,803.5279621656999,0.030373847389211894,0.9494708935072336,0.050716883081014616,68.50922788518605
2023-05-15,1169.800048828125,1188.0,1156.0,1172.4000244140625,189878,1.5,0.004670357316279405,0.437401983722319,-0.03479286526768054,769539.95,807.1983309442907,0.03477495535221764,0.9528765706114376,0.010677494349155488,67.28284545660006
2023-05-16,1174.300048828125,1194.550048828125,1162.8499755859375,1190.050048828125,136183,0.0,0.015054609388023055,0.4248784798140457,-0.03479286526768054,679484.65,811.0078007739805,0.0470722781237507,0.9442817284839606,0.03543274076927718,63.386223062433395
2023-05-17,1190.050048828125,1193.5,1150.050048828125,1169.0999755859375,158572,0.0,-0.017604363163396086,0.37204880231810433,-0.03479286526768054,657218.8,814.570906991015,0.030679648470230747,0.9678214359065066,-0.047317348102012574,60.57580606458469
2023-05-18,1161.0,1178.0,1155.550048828125,1168.5999755859375,42071,0.0,-0.0004276794204443046,0.33247068866413165,-0.03479286526768054,637765.15,818.093584290467,0.023606140757283844,0.9740737107902908,-0.0012863672563107724,59.09631255602076
2023-05-19,1169.949951171875,1200.0,1161.25,1197.699951171875,219904,0.0,0.02490157127664383,0.33637079381693114,-0.03479286526768054,620968.0,821.8707620703815,0.0263507444934723,0.9565897638275185,0.0740301209084616,62.445394835370635
2023-05-22,1206.550048828125,1218.0,1191.050048828125,1211.4000244140625,256444,0.0,0.011438652250743475,0.3349381611472104,-0.03479286526768054,598540.3,825.7466751285276,0.03326509654372556,0.9520286354335024,0.034151533734015686,56.03833028477377
2023-05-23,1212.1500244140625,1220.949951171875,1170.050048828125,1210.8499755859375,345286,0.0,-0.00045406044001938817,0.3357744929675931,-0.03479286526768054,600860.8,829.5785487649198,0.0174781949534768,0.9580253834878993,-0.0013522779008125322,49.70914387124674
2023-05-24,1210.0999755859375,1217.0,1200.0,1204.550048828125,74182,0.0,-0.005202896217398001,0.3365455023412077,-0.03479286526768054,507271.75,833.3096084670412,0.030322533557851195,0.9664044383711905,-0.015459710578826641,67.71211564179157
2023-05-25,1207.949951171875,1234.0,1196.0,1203.75,90602,0.0,-0.0006641889466555417,0.3066340715749215,-0.03479286526768054,476524.65,836.9955825121453,0.030078748201614713,0.9707746736678998,-0.0021660636783887867,76.5869578289595
2023-05-26,1198.0,1223.25,1198.0,1219.800048828125,303090,0.0,0.013333373896676992,0.3052873398597692,-0.03479286526768054,476381.15,840.8045821769811,0.018452115352118437,0.9619814488758783,0.04367483258903963,79.03006918343014
2023-05-29,1220.0,1223.0,1132.3499755859375,1154.800048828125,150879,0.0,-0.0532874220348214,0.3645669184932083,-0.039305544679319175,429352.1,843.928915178485,-0.04672277897081445,1.0172323940431214,-0.14616636307375344,54.32566554888767
2023-05-30,1141.5,1149.949951171875,1112.6500244140625,1129.3499755859375,185998,0.0,-0.02203851070842422,0.37316133724947953,-0.039305544679319175,404468.15,846.768925729803,-0.06730809071583099,1.0377784034930042,-0.05905893220417126,48.94297080892058
2023-05-31,1130.949951171875,1203.6500244140625,1123.9000244140625,1166.0,683542,0.0,0.03245231788759506,0.3520512918395539,-0.039305544679319175,358574.5,849.9453543295065,-0.03200369205549347,1.003183972733303,0.09218065014395284,54.62136004900222
2023-06-01,1145.0,1159.9000244140625,1092.0999755859375,1115.300048828125,244429,0.0,-0.04348194783179671,0.36964961297896254,-0.04158352162344357,299371.0,852.5856995483982,-0.07347867179387335,1.0471913048465404,-0.11763016956809218,41.05940084103527
2023-06-02,1114.6500244140625,1124.050048828125,1110.0,1118.3499755859375,62882,0.0,0.0027346244277646203,0.32850157691329523,-0.04158352162344357,250846.7,855.2301202054882,-0.0831694287433844,1.0437005724921502,0.00832453947471005,40.56554161487948
2023-06-05,1106.0,1133.3499755859375,1102.0,1131.0999755859375,205441,0.0,0.01140072453018992,0.32664594520015977,-0.04158352162344357,249506.0,857.9750938908659,-0.020523096848011013,1.0318517670733052,0.03490239003022054,39.53116008334096
2023-06-06,1132.0,1132.0,1089.0,1100.449951171875,141633,0.0,-0.027097537861925147,0.3399903261062563,-0.04158352162344357,236411.5,860.3877790379406,-0.02558996328757024,1.05895093404398,-0.0797009061265095,38.21459300461853
2023-06-07,1102.4000244140625,1109.75,1075.9000244140625,1085.050048828125,110572,0.0,-0.013994186948121157,0.3424297860512727,-0.04158352162344357,230666.7,862.6232245084898,-0.06942534405821188,1.0717109362079849,-0.04086731677410975,36.354741107809616
2023-06-08,1087.5,1100.0,1075.0,1085.3499755859375,93193,0.0,0.00027641744096174037,0.34251908812564286,-0.04158352162344357,208770.45,864.8394110863749,-0.026853825814548093,1.0688211427787988,0.000807013221961553,29.74581114855482
2023-06-09,1085.550048828125,1091.75,1062.0,1084.550048828125,293568,0.0,-0.0007370219521870558,0.34121124195194236,-0.04158352162344357,199417.45,867.0255865862928,-0.03022303169462104,1.0658106625438932,-0.002160016552709877,26.016249265552375
2023-06-12,1060.0,1087.0,1059.9000244140625,1079.6500244140625,86323,0.0,-0.004518025165696216,0.32950956157464545,-0.04158352162344357,194239.7,869.1412526343304,-0.04548665218140657,1.0663525031904033,-0.013711362447244494,25.59522943179377
2023-06-13,1079.0,1099.0,1072.0,1085.5,91093,0.0,0.005418399901498061,0.32975301968057835,-0.04158352162344357,191985.2,871.2940759912028,-0.01358530767887689,1.055789961918111,0.01643169103479261,27.818126720333026
2023-06-14,1123.9000244140625,1150.0,1055.6500244140625,1073.300048828125,946799,0.0,-0.01123901535870564,0.32368299414455803,-0.04158352162344357,231396.55,873.3040856711723,-0.010828993568260059,1.0633280121158164,-0.034722290681923645,26.684528133749936
2023-06-15,1100.0999755859375,1102.300048828125,1075.0999755859375,1083.4000244140625,129902,0.0,0.009410206956540268,0.32364517702181356,-0.04158352162344357,235788.1,875.3945925243354,-0.0017966105088105255,1.0494830940958826,0.029075689470722837,25.09127417889934
2023-06-16,1087.199951171875,1089.4000244140625,1076.5999755859375,1083.5999755859375,88574,0.0,0.00018455895086688656,0.3237233899534158,-0.04158352162344357,229221.6,877.4662878781822,-0.0008760068225658335,1.044024581464756,0.0005701130993108462,32.9664597866344
2023-06-19,1084.199951171875,1090.9000244140625,1072.050048828125,1081.300048828125,51192,0.0,-0.0021224869044214056,0.3070741551901862,-0.04158352162344357,218959.0,879.4944845045499,0.0015282956298343642,1.040229317871621,-0.006911968328911175,37.07289227469268
2023-06-20,1081.0,1086.6500244140625,1032.5,1054.300048828125,327138,0.0,-0.024969942458859307,0.3088960602585568,-0.04158352162344357,218051.6,881.2338433535407,-0.028742469987908748,1.0594446212069109,-0.08083606385137432,18.302981918718842
2023-06-21,1082.0,1082.0,1043.5,1047.199951171875,66754,0.0,-0.006734418407873477,0.30813564341961414,-0.04158352162344357,217680.2,882.8852474114346,-0.02431761526960441,1.0591148421513752,-0.02185536900107647,24.321154471972136
2023-06-22,1055.0,1056.25,1045.0,1047.8499755859375,128565,0.0,0.0006207261691857369,0.3091528656576586,-0.04158352162344357,219578.35,884.526687492773,-0.03281340966126667,1.0510187864916385,0.002007829194101044,22.92620633651954
2023-06-23,1036.949951171875,1046.8499755859375,1033.0,1037.550048828125,61923,0.0,-0.009829581521966446,0.308628536114737,-0.04158352162344357,207520.0,886.0493080035726,-0.04249716481666754,1.052669710727904,-0.031849229909900044,13.385442282457191
2023-06-26,1031.0,1042.0,1025.0,1028.6500244140625,35514,0.0,-0.008577922987054731,0.299764224999216,-0.04158352162344357,201751.75,887.4682206046721,-0.04869141037321023,1.0556457325351878,-0.028615565119291718,16.13199299071978
2023-06-27,1032.949951171875,1052.1500244140625,1032.5,1039.199951171875,30620,0.0,0.01025608954204027,0.25622401650352,-0.04158352162344357,193982.85,888.9779890680273,-0.014322391119144906,1.0405913761877834,0.04002782128591431,27.33551524182367
2023-06-28,1044.699951171875,1057.6500244140625,1025.0,1027.199951171875,33779,0.0,-0.01154734465342111,0.2498730485840736,-0.04158352162344357,161494.7,890.3533319745333,-0.019098549400827336,1.0459915848487347,-0.046212843909043635,24.235638961133887
2023-06-30,1027.199951171875,1044.25,1027.199951171875,1030.0,94804,0.0,0.0027259043625640356,0.21317843388567329,-0.04158352162344357,154013.45,891.7428510593638,-0.017034858044402856,1.0390072839236952,0.012786960599196075,26.251580985165106
2023-07-03,1022.2999877929688,1035.0,1002.0,1004.5999755859376,194501,0.0,-0.024660217877730428,0.1783922441419012,-0.04158352162344357,160594.4,892.8658075223149,-0.0317575747593124,1.059615795650938,-0.13823592283392858,22.27553375895137
2023-07-04,1027.949951171875,1031.699951171875,968.0,997.75,149683,0.0,-0.006818610145737147,0.17629477098870222,-0.04158352162344357,157806.5,893.9094313280631,-0.030039395013540915,1.0602079715982053,-0.038677322763026746,17.82174758997992
2023-07-05,997.75,1001.9500122070312,966.0,970.0499877929688,116355,0.0,-0.027762477782040884,0.18150445448220337,-0.04158352162344357,156542.6,894.6670488053259,-0.0665415383256397,1.0837611656333905,-0.15295754769031047,16.002594935463435
2023-07-06,974.0,1009.9000244140624,971.9500122070312,997.0,156133,0.0,0.027782086022543284,0.2039645292529546,-0.04158352162344357,158820.65,895.6852871256709,-0.02940026538885787,1.0500501535122946,0.1362103732555601,24.39239789870031
2023-07-07,997.0,1010.0999755859376,985.0,992.8499755859376,178557,0.0,-0.004162511949912129,0.20108898219511367,-0.04158352162344357,163088.85,896.6520999461712,-0.03606798486802176,1.0497809625635046,-0.020699849874792276,23.718509344438857
2023-07-10,1010.0,1020.2000122070312,983.8499755859376,986.9500122070312,211806,0.0,-0.005942452056187486,0.20051998210449917,-0.04158352162344357,159000.75,897.5505866353341,-0.017569145737448277,1.0511119999896104,-0.029635209905108272,23.234041414791548
2023-07-11,987.0,1019.0,978.0,986.1500244140624,622022,0.0,-0.0008105656650025939,0.200503034389254,-0.04158352162344357,185785.7,898.4321730808936,-0.011626134388311282,1.0472240284477112,-0.004042660137513784,27.2909022613716
2023-07-12,988.0999755859376,1051.0,986.2999877929688,1035.4000244140625,427048,0.0,0.04994169120389458,0.2751153922471875,-0.04158352162344357,202583.45,899.7950372732635,0.06736770006025816,0.9949922524141427,0.18152997177170996,46.93029919693756
2023-07-13,1037.0,1070.0,1017.3499755859376,1039.449951171875,464041,0.0,0.003911460944869383,0.2746629477358656,-0.028548451284528674,178445.55,901.184638406583,0.04257768422454866,0.9894872729553149,0.014240948168303449,47.852752853064075
2023-07-14,1044.9000244140625,1044.9000244140625,1015.0,1018.7000122070312,51067,0.0,-0.019962422376806344,0.28000222637602207,-0.028548451284528674,174503.8,902.3539456085775,0.026036196058561778,1.006466559990452,-0.0712937962038214,45.4258556097148
2023-07-17,1024.0,1028.4000244140625,1001.0499877929688,1007.75,51044,0.0,-0.010749005669792644,0.2780475880162898,-0.028548451284528674,172627.3,903.4026625676962,0.02107501650104404,1.0136392936432104,-0.038658869008330356,44.97836634987524
2023-07-18,1013.0999755859376,1030.0,988.0,999.7999877929688,85242,0.0,-0.007888873437887578,0.27818050366414826,-0.028548451284528674,174329.8,904.3618399331218,0.013841670172869192,1.017623532245799,-0.02835882835205323,40.4136313396169
2023-07-19,995.0,1004.0,987.0,991.5,46478,0.0,-0.008301648223952074,0.27856757582241753,-0.028548451284528674,160296.8,905.2288863019465,-0.04239909540170783,1.0229752825776917,-0.029801199588398074,41.15461738250462
2023-07-20,991.0,996.7000122070312,978.9500122070312,980.7999877929688,124948,0.0,-0.010791742014151562,0.26927855419397934,-0.028548451284528674,163206.5,905.9808375605637,-0.056424037841152797,1.030750415058359,-0.04007649864909986,38.2689465688067
2023-07-21,978.0,985.1500244140624,973.75,979.7000122070312,40999,0.0,-0.0011215085640576827,0.2690784769602754,-0.028548451284528674,158828.2,906.7143616863992,-0.03828408710382347,1.0284296047604555,-0.004167960719294713,43.28479373974805
2023-07-24,979.7000122070312,984.7999877929688,977.0,980.2000122070312,51846,0.0,0.0005103603080229835,0.269059866303027,-0.028548451284528674,158324.35,907.4455621890921,-0.02733811738324854,1.0249795776319917,0.0018968280036232286,45.09913401822072
2023-07-25,985.4000244140624,985.4000244140624,975.0,983.2000122070312,75533,0.0,0.0030605998394603873,0.26866519326561344,-0.028548451284528674,160325.3,908.1993378111613,-0.016603296447904037,1.0195407663251814,0.01139187286726727,54.259811059945
2023-07-26,980.0499877929688,985.9500122070312,975.0,977.6500244140624,27746,0.0,-0.005644820712024323,0.2680100352130708,-0.028548451284528674,160181.6,908.8903894191504,-0.013968709617687924,1.0221807115051502,-0.02106197440299908,42.72282791323495
2023-07-27,978.6500244140624,981.0,970.0,973.0999755859376,30584,0.0,-0.00465406711450933,0.26416880008568017,-0.028548451284528674,160021.85,909.529290774044,-0.007850746638321193,1.0241804786596476,-0.01761777672769104,42.59466748609856
2023-07-28,973.0999755859376,980.0,968.0,976.75,38120,0.0,0.0037509243712237073,0.2632420335589121,-0.027130784857930933,157187.65,910.1981535524117,-0.0030111382773034823,1.017627334301814,0.014248956285678852,46.10983257651636
2023-07-31,973.4500122070312,981.9000244140624,970.0,974.9000244140624,53584,0.0,-0.0018940113498209232,0.26262390276178643,-0.027130784857930933,150141.8,910.8419532624779,-0.005407047262767639,1.0180351588535534,-0.00721187697610343,45.743470131813616
2023-08-01,980.0,982.7999877929688,957.0,959.7999877929688,94880,0.0,-0.015488805254845639,0.2546680498941313,-0.027130784857930933,147401.65,911.3290978846719,-0.023799861801807154,1.032074404260175,-0.06081958319109405,11.42852870540338
2023-08-02,954.0,955.0,920.0,926.0,106746,0.0,-0.03521565766081203,0.2791870894083545,-0.02813513677597944,146921.2,911.4750770101977,-0.052830791310027214,1.0673677119014073,-0.1261364072173824,5.596887989218587
2023-08-03,927.6500244140624,933.4000244140624,920.0,927.1500244140624,38850,0.0,0.0012419270130263893,0.26501859931204963,-0.02813513677597944,141057.05,911.6310466361067,-0.04722017503310194,1.0622768446388535,0.004686187948273723,7.674565196046601
2023-08-04,929.0,940.0,924.0499877929688,930.1500244140624,34001,0.0,0.0032357222898160565,0.24296142007929966,-0.02813513677597944,133829.25,911.8153150717083,-0.04770921483075263,1.0554802764223525,0.013317843448484626,11.277485581296602
2023-08-07,930.5,935.0499877929688,924.0,926.1500244140624,242415,0.0,-0.004300381545998211,0.24296884773450847,-0.02813513677597944,135359.7,911.9579489955129,-0.05000512747889185,1.0567564430097136,-0.01769931169819808,11.74030300880635
2023-08-08,921.0,937.0,921.0,931.5,42880,0.0,0.005776575549217622,0.24468504064987737,-0.02813513677597944,106402.6,912.1523972642143,-0.029485297096162433,1.0477536277750519,0.02360820791411319,17.845675965026274
2023-08-09,934.2999877929688,943.7999877929688,930.0,941.0,46273,0.0,0.010198604401502998,0.24866066948608914,-0.02813513677597944,87363.85,912.439438087456,0.016198704103671746,1.0321599394811454,0.041014141932615204,28.393066206797783
2023-08-10,941.0,959.8499755859376,936.0,953.3499755859376,379844,0.0,0.013124309868159045,0.17263137276085205,-0.02813513677597944,83154.0,912.8465081123165,0.028258588666308926,1.0142733823202335,0.07602505209808973,37.25204286960972
2023-08-11,959.0,959.0,946.0,950.5999755859376,153311,0.0,-0.002884565029028119,0.17036349793869418,-0.02813513677597944,88266.2,913.2221645050889,0.02198564815902415,1.0136256334821436,-0.01693182456694974,35.984835957936326
2023-08-14,950.5999755859376,959.9500122070312,940.8499755859376,948.8499755859376,142762,0.0,-0.0018409426098725534,0.16050516361142728,-0.02813513677597944,92852.1,913.576670087983,0.02451001519568763,1.0123913431388403,-0.011469677696055813,33.540956080476974
2023-08-16,940.2000122070312,951.9500122070312,940.2000122070312,943.9000244140624,87456,0.0,-0.005216790113546144,0.1584125104567116,-0.02813513677597944,92962.8,913.8783950066505,0.013311888796631699,1.0147393561583302,-0.03293167799177656,33.73493971351431
2023-08-17,940.7000122070312,946.2000122070312,940.7000122070312,941.9500122070312,334553,0.0,-0.0020659096902149177,0.15745925276228512,-0.02813513677597944,107366.55,914.1577145807837,0.0010095772657079394,1.0142098744961172,-0.013120280471107016,34.602088604271216
2023-08-18,942.1500244140624,949.5,937.0,943.2999877929688,877525,0.0,0.001433171153928381,0.15677281942634447,-0.02813513677597944,144995.4,914.4476874485666,-0.010541761210820844,1.0107707155736447,0.009141706245735128,33.0804040389573
2023-08-21,943.5999755859376,1000.0,943.2999877929688,984.4500122070312,706390,0.0,0.043623476037925935,0.22022101000630812,-0.02813513677597944,178264.95,915.144227993427,0.035609128435153625,0.968761736844334,0.19808951950488815,53.45638442809358
2023-08-22,990.0,1012.0,978.0,1005.25,318299,0.0,0.021128536274114484,0.23164404272759556,-0.02813513677597944,191587.6,916.0408028392635,0.0594404024505919,0.949962698882624,0.09121121835560711,65.79771950672692
2023-08-23,1010.4500122070312,1021.0,1005.4500122070312,1015.0,323264,0.0,0.009699079830887802,0.23341579126749348,-0.027130784857930933,203974.15,917.0254714677286,0.07532574822219518,0.9424039432920259,0.04155279881747466,87.14526467779712
2023-08-24,1015.0,1017.75,990.0,1004.8499755859376,170548,0.0,-0.01000002405326339,0.23686178144437423,-0.027130784857930933,211114.25,917.8993471305963,0.06677632842907344,0.9532766316100464,-0.042218814576566455,80.1630415883391
2023-08-25,1001.0,1018.0,990.0,1014.8499755859376,214769,0.0,0.009951734331454798,0.23739130633338404,-0.027130784857930933,220323.5,918.8640300007987,0.07585072481594501,0.9459403094981974,0.041921223089217516,81.1855657682388
2023-08-28,1019.75,1030.0,994.0,1005.4500122070312,371237,0.0,-0.009262416716795174,0.23951817994596827,-0.0250763222290126,236979.35,919.7255820625523,0.02133170779582838,0.9562111382344745,-0.03867103671284689,78.08075399264095
2023-08-29,1015.0,1015.0,998.0,1004.5999755859376,300963,0.0,-0.0008454290226003192,0.2395433790705357,-0.0250763222290126,249348.3,920.5701033911433,-0.0006466296086171663,0.9584984287973181,-0.0035293356492980695,76.73738166854322
2023-08-30,1011.0,1014.75,1002.5,1010.7999877929688,226090,0.0,0.006171622892400475,0.23975508675216142,-0.0250763222290126,255908.8,921.4679131861864,-0.00413794306111448,0.9551419764823835,0.025741362648820675,76.16192156719603
2023-08-31,1010.7999877929688,1014.7999877929688,1001.25,1004.9500122070312,182660,0.0,-0.005787470970108122,0.23318985238416054,-0.02467570410678687,259704.5,922.2985808381351,9.955378765402756e-05,0.9646300681666028,-0.02481870742980136,70.33098948582678
2023-09-01,1005.0,1009.75,996.5499877929688,1005.1500244140624,72600,0.0,0.00019902702084850787,0.18961219661008774,-0.02467570410678687,261392.0,923.1229733115275,-0.009558014884194943,0.9683181367345346,0.0010496529965382474,71.93408095565336
2023-09-04,1005.4000244140624,1017.9000244140624,994.0,1000.5,46759,0.0,-0.0046261993743401675,0.19175739989265775,-0.02467570410678687,262029.9,923.8928939750945,-0.0049231808115111075,0.9763343303933971,-0.024125270449417462,70.29470499694985
2023-09-05,1000.0,1012.0,997.0499877929688,1000.7000122070312,116376,0.0,0.00019991225090576492,0.19213811496888325,-0.02467570410678687,255727.95,924.6571439077505,-0.0038821057870638276,0.9798640801309191,0.001040461131481015,73.1836568521194
2023-09-06,1001.0,1003.7999877929688,987.0,999.7000122070312,167502,0.0,-0.0009993004774673242,0.1907728241999741,-0.02467570410678687,261959.05,925.4038391147086,-0.01098137685000744,0.9842552621223957,-0.005238169688352095,73.755646480712
2023-09-07,1005.0,1009.7999877929688,991.2999877929688,996.5499877929688,69636,0.0,-0.0031509696664984155,0.1920585196019637,-0.02467570410678687,263127.2,926.1117609921042,-0.0083586489994808,0.9901535387437433,-0.016406299022640222,71.58490378660204
2023-09-08,997.5,1008.2000122070312,981.0499877929688,984.2999877929688,77030,0.0,-0.01229240896096917,0.19758520881981215,-0.02467570410678687,247986.5,926.6907483234561,-0.020743208590426998,1.0040485724017536,-0.06221320114122116,49.92057996955945
2023-09-11,987.0,997.8499755859376,973.5999755859376,981.75,60419,0.0,-0.002590661205519651,0.19412362725222065,-0.02467570410678687,243341.9,927.238601573969,-0.01874062968515744,1.0082429322936561,-0.01334541863211465,34.5800672512912
2023-09-12,981.7000122070312,987.4500122070312,954.0,969.75,151837,0.0,-0.012223071046600475,0.19938640634058782,-0.02467570410678687,243795.65,927.6616005632828,-0.03092836197610449,1.0217968548595,-0.06130342914494874,21.160001393781684
2023-09-13,970.4000244140624,988.4500122070312,940.0499877929688,960.3499755859376,199445,0.0,-0.009693245077661672,0.20263701823849609,-0.02467570410678687,249395.1,927.9868580261949,-0.039361844694010606,1.0326547849949415,-0.04783550746832455,21.36424831858541
2023-09-14,961.5499877929688,971.4500122070312,955.5499877929688,959.0,30542,0.0,-0.0014057121052291066,0.20167448807060848,-0.020197312151852546,234194.55,928.2954465035463,-0.03767998419841401,1.0349973899356018,-0.006970202572349784,9.558337350550275
2023-09-15,959.0,965.25,937.0,940.4000244140624,120506,0.0,-0.0193951778789756,0.2134047326514201,-0.020197312151852546,196343.6,928.4158900648449,-0.04460018685699707,1.055314199292631,-0.09088447444045844,8.434544998399332
2023-09-18,956.8499755859376,956.8499755859376,934.5,939.5,72463,0.0,-0.0009570654941477574,0.21336400544899584,-0.020197312151852546,164647.25,928.526179715941,-0.043035395976572466,1.0539329411058491,-0.004485599374073186,8.429160272658763
2023-09-20,944.0,944.0,922.9500122070312,924.7000122070312,59325,0.0,-0.015753047145256827,0.14965637020930564,-0.020197312151852546,151698.55,928.4881083974444,-0.046455259389501125,1.0664458589392873,-0.10526144707779925,0.460327158841622
2023-09-21,929.1500244140624,929.1500244140624,867.7999877929688,877.8499755859375,381769,0.0,-0.050665119501052236,0.2017757621157468,-0.02481533087294595,154623.8,927.9842463794195,-0.08590618222243873,1.1155493817778506,-0.251096149799336,0.31276321061046986
2023-09-22,877.8499755859375,885.7999877929688,872.0499877929688,878.9500122070312,150637,0.0,0.0012531032086200433,0.19532751696709935,-0.02481533087294595,153628.25,927.4963435518335,-0.08347235432009259,1.1069912803647208,0.006415394840027407,1.0093538181697852
2023-09-25,883.5,889.7000122070312,876.5,882.8499755859375,85050,0.0,0.004437070737519422,0.198679895131512,-0.02481533087294595,147142.3,927.0521010845112,-0.06119741315828098,1.0946253906257022,0.022332760500275033,4.060921685649376
2023-09-26,882.8499755859375,892.25,877.2999877929688,882.5999755859375,184073,0.0,-0.00028317381991671553,0.19130826488834382,-0.02481533087294595,137784.1,926.6097913780577,-0.06056415584253594,1.0879758940862285,-0.0014801964007149645,3.903199504403716
2023-09-27,885.9500122070312,902.0,880.2000122070312,896.7999877929688,174052,0.0,0.016088842737168818,0.20635381942234546,-0.02035242514706807,131438.55,926.3131764170121,-0.03017197366254165,1.0647385271702072,0.07796726032275224,13.58811433346527
2023-09-28,900.0,900.7999877929688,878.0,880.0999755859375,312426,0.0,-0.018621780145347766,0.21061023093473757,-0.02035242514706807,135755.35,925.8533435729217,0.0025630803241729616,1.0775167865755664,-0.08841820826328266,12.399100838867398
2023-09-29,880.3499755859375,896.4000244140625,880.3499755859375,884.8499755859375,432557,0.0,0.005397114114038759,0.21005356660336347,-0.019423540103867137,148250.2,925.4453498616085,0.006712512995012743,1.064946060605977,0.02569398817821576,16.253821670816848
2023-10-03,889.75,889.75,875.25,879.2000122070312,32123,0.0,-0.006385221828327348,0.2100478382304639,-0.019423540103867137,146226.35,924.9851972481301,-0.0041342962902432,1.0646269132407342,-0.030398891881632133,15.918916744112735
2023-10-04,879.2000122070312,889.7999877929688,870.2999877929688,887.5,72279,0.0,0.00944038634864608,0.21598425485499104,-0.019423540103867137,147502.35,924.6122102108353,0.005551806650356594,1.048304219850352,0.0437086764398519,21.976149893855805
2023-10-05,892.2000122070312,901.75,881.5,898.6500244140625,229542,0.0,0.01256340779049303,0.22519377399318494,-0.019423540103867137,153160.65,924.3538800039023,0.0020629311399151806,1.0296193964172333,0.0557893187268137,29.225605638482577
2023-10-06,903.25,904.7000122070312,887.0,891.0499877929688,111019,0.0,-0.008457170661124835,0.22467041784601713,-0.019423540103867137,150336.5,924.0224979918532,0.012441782196097817,1.0323045924563272,-0.03764256267371844,28.045238938509698
2023-10-09,885.4000244140625,887.0999755859375,877.4500122070312,882.5999755859375,75559,0.0,-0.009483207814144023,0.22449206373764757,-0.019423540103867137,150632.65,923.6103335898044,-0.002542803935220883,1.0357325166359876,-0.04224295163858019,30.0138278434747
2023-10-10,882.0,889.75,873.5499877929688,878.4500122070312,93947,0.0,-0.004701975406413483,0.22432412703133792,-0.019423540103867137,151478.5,923.1609771581351,-0.0008530482138157103,1.0346006972369337,-0.02096063075796708,29.354084290280724
2023-10-11,880.0,886.7000122070312,880.0,883.25,27301,0.0,0.005464155872579646,0.22636434461270738,-0.01866045003202916,149822.6,922.763853007308,-0.004788732394366169,1.0234022022272147,0.024138764612159944,34.96554178695368
2023-10-12,883.25,893.4500122070312,875.25,880.9000244140625,116068,0.0,-0.002660600719997186,0.22635491439240463,-0.01866045003202916,148034.15,922.3472974989176,-0.019751849460609927,1.0210891944703773,-0.01175411017515492,51.63366335363574
2023-10-13,882.2999877929688,888.9000244140625,878.0,884.1500244140625,294812,0.0,0.0036894084571761354,0.22671238796789553,-0.01866045003202916,152802.5,921.9672251299141,-0.007743632201821504,1.013026606398464,0.016273518741125873,52.72252114282631
2023-10-16,888.7999877929688,889.0499877929688,873.0499877929688,881.5499877929688,120869,0.0,-0.0029407188251980854,0.22589056267713736,-0.01866045003202916,157318.85,921.5650635643724,-0.0011896530954147444,1.0116215875649046,-0.013018333568976422,49.30998526402544
2023-10-17,889.75,891.3499755859375,847.25,850.0999755859375,528815,0.0,-0.035675812651043026,0.2508087348030168,-0.020186201868067417,177734.3,920.853968161602,-0.03227279438458508,1.0437360560044422,-0.14224309714185815,37.041469786160775
2023-10-18,857.9500122070312,864.0,847.7999877929688,851.2999877929688,280041,0.0,0.0014116130355186218,0.24671443795017134,-0.020186201868067417,188113.2,920.1618887549489,-0.03617323770963066,1.0370844681979443,0.005721647221097177,29.7597908361153
2023-10-19,852.3499755859375,861.0,846.5499877929688,849.5,223466,0.0,-0.002114398941359452,0.24653094826425934,-0.020186201868067417,196320.25,919.4587853842529,-0.03564538942424078,1.0348557910616079,-0.008576606184660199,34.30770477846201
2023-10-20,853.7000122070312,855.0,847.0,851.25,64038,0.0,0.0020600353148911843,0.24414863529808495,-0.020186201868067417,180433.7,918.7800910023201,-0.03721090709222763,1.0311659274332323,0.008437627464105134,32.22223509197896
2023-10-23,858.9500122070312,858.9500122070312,846.0,849.1500244140625,116818,0.0,-0.002466931672173267,0.17488694478836808,-0.020186201868067417,178742.75,918.0872545188548,-0.03675340460275223,1.0319613391550633,-0.014105864414864552,33.47994290626964
2023-10-25,847.0,857.0,845.5499877929688,851.3499755859375,114702,0.0,0.0025907685433950167,0.17521558249116428,-0.020186201868067417,180225.35,917.4232019921591,0.0014704152874942533,1.0274446718999108,0.01478617574246803,28.697681263442064
2023-10-26,845.0,854.4500122070312,840.0,842.0,101198,0.0,-0.010982528753233911,0.17681187643101512,-0.020186201868067417,176081.6,916.6727223703466,-0.010924454277368656,1.0364429899745768,-0.06211419930480099,15.893994931647185
2023-10-27,842.4500122070312,855.0,842.0999755859375,851.7999877929688,231875,0.0,0.011638940371696771,0.18314495867111383,-0.020186201868067417,178972.75,916.0272225238056,0.002707460615619439,1.0218772129991558,0.06355042377712067,26.97943913308879
2023-10-30,851.7999877929688,884.0,849.5499877929688,878.3499755859375,184163,0.0,0.031169274681208003,0.20737217662252774,-0.020186201868067417,172559.6,915.6523245443243,0.031835507296255505,0.9908891919510724,0.15030595562916224,47.94387704013518
2023-10-31,884.7000122070312,886.7000122070312,873.6500244140625,883.5499877929688,74770,0.0,0.00592020532995674,0.198180769523733,-0.01866045003202916,154670.25,915.3328983079924,0.0405110550431218,0.9849838834165291,0.029872752262778187,52.44251925749227
2023-11-01,880.0,895.0,875.6500244140625,888.1500244140625,142576,0.0,0.005206311679754716,0.19811955412716886,-0.01866045003202916,160192.9,915.0624219508389,0.043225524030581663,0.9803861677015006,0.026278634836955788,52.35126034723208
2023-11-02,896.0,916.0,886.0,906.9500122070312,414570,0.0,0.021167581237608646,0.20917221399189345,-0.01866045003202916,177307.45,914.9817014558757,0.07713778171856434,0.9611362122024684,0.10119690288529419,60.79568815985867
2023-11-03,914.75,917.9500122070312,898.6500244140625,905.9500122070312,292620,0.0,-0.0011025966001880771,0.20735037780889426,-0.01866045003202916,180461.35,914.8918339011609,0.06357129043211929,0.9626000187966316,-0.005317552630787901,59.20607870351569
2023-11-06,905.0,914.2999877929688,902.0999755859376,906.7000122070312,81985,0.0,0.0008278602460336515,0.20308961127318878,-0.01866045003202916,179009.65,914.8103232375378,0.03227646998245981,0.9626668007595636,0.00407632965605881,60.78937797022957
2023-11-07,909.2999877929688,927.0,889.3499755859375,922.6500244140624,638447,0.0,0.0175912782533294,0.2085811454074616,-0.01866045003202916,207154.05,914.8883302144186,0.044253338420344734,0.9481953929356796,0.0843378119128978,85.8981203229824
2023-11-08,925.0,931.7999877929688,914.0,916.5499877929688,332638,0.0,-0.00661143061798275,0.2068637545254856,-0.01866045003202916,219088.6,914.9048641206729,0.03197653842056969,0.9565844884597239,-0.031960312784350506,80.7928408895299
2023-11-09,923.5499877929688,923.5499877929688,901.0,905.0999755859376,261496,0.0,-0.012492512530170363,0.21169107251263783,-0.01866045003202916,230798.35,914.8073030407253,-0.0020398440886412184,0.9698928556833772,-0.05901293706797767,74.04843733607404
2023-11-10,904.0,910.0,896.0999755859375,906.2999877929688,114175,0.0,0.0013258338740471665,0.21120169722663887,-0.01866045003202916,230703.7,914.7226531377626,0.0003863078329067182,0.9700099415313771,0.006277571765196124,73.92437784741125
2023-11-13,923.9000244140624,928.4000244140624,910.0499877929688,918.7000122070312,259273,0.0,0.013682030873970463,0.21488390154171058,-0.01866045003202916,228926.75,914.7622288498947,0.013234807365658297,0.9587977423038203,0.06367173221953695,77.74230843885799
2023-11-15,924.7000122070312,928.0,915.1500244140624,924.0999755859376,150948,0.0,0.005877830964575503,0.21522257077788864,-0.01866045003202916,230430.7,914.8551417527409,0.0015715072167217237,0.9554972624995259,0.02731047524535295,78.29637189715861
2023-11-16,925.0,935.4500122070312,921.8499755859376,932.4000244140624,263085,0.0,0.008981765011801812,0.215600719208176,-0.01866045003202916,217144.2,915.0297176996198,0.017293150217873254,0.9514049508386837,0.041659251547008246,85.45095593122147
2023-11-17,932.5,944.75,924.0,931.5999755859376,321970,0.0,-0.0008580532037496535,0.16524294166967501,-0.01866045003202916,219240.65,915.1945958875434,0.02927853354856702,0.9565317970503692,-0.005192676571554618,83.67082879849505
2023-11-20,931.1500244140624,935.3499755859376,924.0,932.25,72069,0.5,0.000697750570091582,0.16542510785850603,-0.01866045003202916,211670.8,915.3643014011002,0.02863291686699121,0.9603030289936142,0.004217923971427319,79.10361571048821
2023-11-21,933.0999755859376,939.0,928.4500122070312,935.7999877929688,221812,0.0,0.003807978324450234,0.16375651003693925,-0.01866045003202916,219559.5,915.5676415642033,0.018613231042478695,0.9611776126331165,0.02325390356116051,78.72451213548453
2023-11-22,939.0,940.7000122070312,932.4000244140624,938.25,146759,0.0,0.0026180938651318986,0.16365589954532814,-0.01866045003202916,221056.55,915.7933366730173,0.01531222247364572,0.9634159306669248,0.01599755164604526,78.20939129962488
2023-11-23,939.0999755859376,946.0499877929688,934.9000244140624,943.2000122070312,195759,0.0,0.005275792386923772,0.16157131626558133,-0.01866045003202916,225109.4,916.0660399121617,0.01158299818766717,0.9632288878510726,0.032653023954583,74.18272536925807
2023-11-24,945.9000244140624,952.0,940.25,949.9500122070312,284599,0.0,0.0071564884569979,0.16146499354588292,-0.01866045003202916,234279.45,916.4031938653446,0.01969733480247493,0.962066411543422,0.04432222648769996,77.26139609283774
2023-11-28,954.0,957.9000244140624,946.5499877929688,955.5,766406,0.0,0.005842399833307477,0.15024114355762022,-0.01866045003202916,261006.0,916.7922168119582,0.02493966210780374,0.9619047619047619,0.038886814264686875,78.53794331227678
2023-11-29,962.0,968.0,948.0,964.1500244140624,1117944,0.0,0.009052877461080522,0.1493000916737305,-0.01866045003202916,307695.05,917.2634387781483,0.030294974343775705,0.9577243987548235,0.06063544069691269,76.53446044467256
2023-11-30,972.0,993.0,957.0999755859376,986.5999755859376,820427,0.0,0.023284707362340784,0.1342662872236255,-0.01866045003202916,344977.9,917.9533545672805,0.0515320816263658,0.9411539882510104,0.1734218329083675,87.04384249290577
2023-12-01,989.0,1019.6500244140624,988.9500122070312,1013.7999877929688,318304,0.0,0.027569443421967543,0.1543872960898608,-0.01866045003202916,353764.3,918.9070524103222,0.07485154227334867,0.9221000308306411,0.1785732526864664,99.27466167703642
2023-12-04,1020.5,1053.0,1005.4500122070312,1047.75,412965,0.0,0.03348787987356361,0.18008358349015932,-0.01866045003202916,353684.05,920.189071789324,0.10295277281564408,0.8989405863895475,0.18595741691146095,99.44072117937803
2023-12-05,1052.0,1059.449951171875,1025.199951171875,1051.050048828125,446645,0.0,0.003149652902052047,0.17415343022533922,-0.01866045003202916,361385.3,921.4911710633419,0.1000000511021717,0.9030207479452863,0.018085504931609007,99.40272626705092
2023-12-06,1050.75,1059.449951171875,1033.0,1046.1500244140625,355188,0.0,-0.004662027673682956,0.17668470091602032,-0.01866045003202916,375045.45,922.7315576638466,0.08504900474366894,0.9139152889343495,-0.026386140880626935,95.72868862210385
2023-12-07,1046.1500244140625,1050.0,1033.0,1046.550048828125,95298,0.0,0.0003823776750246921,0.17688529908347997,-0.01866045003202916,347888.0,923.9635824515509,0.06076431656769832,0.9194854122163386,0.0021617265843385065,95.45992384156753
2023-12-08,1046.550048828125,1059.0,1033.0,1036.0999755859375,90379,0.0,-0.00998525895048108,0.1816395509251762,-0.01866045003202916,335775.05,925.0793674578632,0.021996437227737253,0.9345285447901213,-0.05497293045425475,88.64639378303046
2023-12-11,1039.300048828125,1079.949951171875,1027.0,1062.699951171875,515782,0.0,0.025673174609327276,0.18859011428198003,-0.01866045003202916,348489.35,926.4487264997938,0.014268624358744875,0.9185518453673355,0.13613212625567145,90.47466098058877
2023-12-12,1062.5999755859375,1066.0,1052.300048828125,1057.550048828125,486522,0.0,-0.004846054935893296,0.18023736116576072,-0.01866045003202916,367106.7,927.7532172692299,0.006184291611276871,0.9301758393018947,-0.02688707066991382,87.40399850422341
2023-12-13,1058.0,1059.4000244140625,1031.050048828125,1042.199951171875,156383,0.0,-0.01451477182877492,0.19483712868117423,-0.01866045003202916,361962.2,928.891990740898,-0.0037758190986038054,0.9498009476086188,-0.0744969461521731,79.59005529729795
2023-12-14,1042.199951171875,1050.949951171875,1030.0,1033.050048828125,103295,0.0,-0.008779411602794274,0.2002247014772078,-0.01866045003202916,359579.55,929.9283893288307,-0.012899526415498852,0.9634867216858453,-0.04384779250284329,74.97915432745984
2023-12-15,1041.0,1043.3499755859375,1028.550048828125,1040.6500244140625,51881,0.0,0.007356831931384811,0.20030894461160614,-0.015896483795261374,349019.35,931.0300971406241,0.004391515235343757,0.9616513538701736,0.03672742412165006,75.09684722457115
2023-12-18,1049.0,1049.0,1027.050048828125,1031.5,74451,0.0,-0.008792604813721572,0.20607283642649898,-0.015896483795261374,336643.4,932.029797666588,-0.02935913485031194,0.9750242424658416,-0.042667459426090244,70.6185511847434
2023-12-19,1031.5,1040.0,1020.5999755859376,1031.6500244140625,57606,0.0,0.00014544296079743724,0.20574855268449493,-0.014720122244603562,335920.25,933.0210437038764,-0.024490589776590133,0.9796999790682521,0.0007068966067114972,69.19794683112937
2023-12-20,1050.0,1050.0,1012.0,1021.5499877929688,231412,0.0,-0.00979017727143483,0.21160319020738896,-0.012593625495100591,336400.25,933.9019287196884,-0.01981382109612162,0.9935832993518879,-0.04626667867895964,60.69133781737735
2023-12-21,1027.0,1029.9000244140625,1016.0,1022.5999755859376,53011,0.0,0.0010278378987966796,0.21192824905876032,-0.012593625495100591,331712.85,934.7844963501983,-0.010115747299989764,0.9966873953028592,0.0048499331960807366,53.2046542616603
2023-12-22,1024.5,1035.800048828125,1001.5,1008.5,497437,0.0,-0.013788359008964912,0.22101121805612442,-0.013824679649955412,346796.75,935.5179839487038,-0.03089417542863615,1.013859698059657,-0.06238759510201647,33.29077240663837
2023-12-26,1022.0499877929688,1036.3499755859375,990.0499877929688,995.9500122070312,507466,0.0,-0.01244421199104484,0.22767705111161338,-0.013824679649955412,357940.1,936.119297662717,-0.03446436043913592,1.0289447190449357,-0.05465729366975778,28.25570979023479
2023-12-27,997.0,1016.4500122070312,992.0,1011.5999755859376,311500,0.0,0.01571360328037552,0.231685796918329,-0.013824679649955412,335194.8,936.8703491843412,-0.019434932732650845,1.0157992576831232,0.06782289985469281,37.431771114370754
2023-12-28,1021.0,1027.449951171875,1010.0,1021.9000244140624,95268,0.0,0.010181938589074013,0.23281811196769275,-0.01255730485411009,284061.0,937.7164156045375,0.0003426524646630291,1.0083863192618205,0.04373344524481183,41.635551878233684
2023-12-29,1021.9000244140624,1055.0,1005.0,1052.050048828125,259259,0.0,0.02950388853483976,0.24936924046319062,-0.01255730485411009,256002.6,938.8540636963145,0.02879921175952771,0.9825982224762525,0.11831406029427365,54.77404372404917
2024-01-01,1050.0,1080.0,1044.75,1072.5,427842,0.0,0.019438192312860147,0.2460088827113187,-0.01255730485411009,261479.5,940.183874007794,0.06346058502726826,0.9665990755663607,0.07901418561998921,53.0453867705466
2024-01-02,1075.0,1099.800048828125,1061.050048828125,1095.6500244140625,415086,0.0,0.02158510434877625,0.23960442229212744,-0.01255730485411009,261585.55,941.7308008775082,0.10010543800897742,0.9483616908796271,0.09008641510629294,60.64839860724107
2024-01-03,1097.0999755859375,1104.4000244140625,1069.0999755859375,1091.050048828125,338019,0.0,-0.004198398652341062,0.21510446253553483,-0.01255730485411009,256154.25,943.2165645387084,0.07853902249865952,0.9541931746245923,-0.01951795145332227,64.52575850318165
2024-01-04,1100.0,1106.300048828125,1062.0,1068.3499755859375,257975,0.0,-0.02080571213627569,0.22906872952454244,-0.013824679649955412,251293.6,944.4616731063426,0.04545449658689327,0.9755066515096168,-0.09082737426093256,59.713789862803935
2024-01-05,1072.949951171875,1079.5999755859375,1052.0,1070.800048828125,108094,0.0,0.0022933245642129396,0.2282154327144104,-0.013824679649955412,251933.4,945.718771372231,0.017822346019455537,0.9744069478387697,0.010048945579387519,58.5386562065404
2024-01-08,1070.050048828125,1076.9000244140625,1048.050048828125,1053.8499755859375,74652,0.0,-0.01582935419244469,0.23573969569650652,-0.014580500946958407,251147.05,946.794703752467,-0.01738930015297202,0.9909214134047883,-0.06714759461362672,56.06182500409138
2024-01-09,1052.0,1057.0,1000.0,1018.3499755859376,158926,0.0,-0.033686009225612934,0.2617972277213465,-0.016078172089636238,233304.25,947.5066965070289,-0.07055177027852833,1.0232877041562645,-0.1286721338957284,46.97313674648041
2024-01-10,1018.3499755859376,1019.2999877929688,952.0,958.9000244140624,469567,0.0,-0.05837870338993134,0.3121982450038854,-0.02144972699074255,232456.5,947.620062953865,-0.12112187204977654,1.081585651181895,-0.18699240772247366,38.357194219667434
2024-01-11,958.0499877929688,965.9500122070312,945.0,953.5,199954,0.0,-0.005631478023334191,0.3122148695304601,-0.02144972699074255,234635.05,947.678569790145,-0.10750220265877564,1.0830597900006556,-0.01803718654217688,37.36284954871034
2024-01-12,953.5,969.0999755859376,947.7000122070312,959.6500244140624,157625,0.0,0.006449946947102658,0.31238524588446037,-0.02144972699074255,237351.55,947.7976887416269,-0.10380091459250895,1.0722945681924194,0.020647411571461147,40.798655159649535
2024-01-15,959.6500244140624,959.6500244140624,959.6500244140624,959.6500244140624,0,0.0,0.0,0.3120791191894789,-0.016078172089636238,234757.5,947.9156224299098,-0.08938649082332639,1.0680742796528837,0.0,42.82325857520884
2024-01-16,956.0499877929688,961.9500122070312,928.1500244140624,934.8499755859376,112668,0.0,-0.025842805394880375,0.3188890610681272,-0.021057566799205923,236668.35,947.7856159936515,-0.08199538665669026,1.0912392725739986,-0.08104010999285498,35.35586447366629
2024-01-17,930.0,948.1500244140624,925.2000122070312,941.1500244140624,53275,0.0,0.006739101452268859,0.3210304023400139,-0.021057566799205923,236451.8,947.71959020679,-0.018510793146393145,1.079126580224571,0.0209920966775299,34.353825146408624
2024-01-18,941.1500244140624,945.4000244140624,913.0499877929688,940.75,56131,0.0,-0.0004250378831063273,0.32094011685781687,-0.021057566799205923,227687.75,947.6502410505036,-0.013371788148925035,1.075290999664704,-0.0013243525740071385,25.62419928319848
2024-01-19,943.5499877929688,951.9000244140624,940.0,942.75,27291,0.0,0.002125963327132663,0.32097252854929725,-0.021057566799205923,226401.75,947.6014824330857,-0.01761061218581339,1.0687748704908762,0.00662350535264294,19.085111098119995
2024-01-23,941.9000244140624,954.0,927.7000122070312,948.7000122070312,91904,0.0,0.006311336204753326,0.3224544482487312,-0.021057566799205923,206125.1,947.6124130776026,-0.01141042247533619,1.0589200978595492,0.01957279871095769,11.860949692351468
2024-01-24,949.0,965.0,934.1500244140624,962.0,64107,0.0,0.014019171099226568,0.32550355780027573,-0.021057566799205923,183957.15,947.7555731464822,0.029042119188210425,1.0425156020325088,0.04306917799386005,17.95385403204736
2024-01-25,969.0,970.0,946.7999877929688,964.5,67276,0.0,0.0025987525987525295,0.3236119949652864,-0.021057566799205923,171745.95,947.9221843589551,0.024810046199036817,1.0373717059367304,0.008030457952359633,21.335958683846144
2024-01-29,967.5,967.5,925.0,930.0,562016,0.0,-0.03576982892690517,0.3382675139552138,-0.026234965586417,195083.35,947.7438541663287,-0.011427052883337785,1.0709139883390038,-0.10574420065120128,16.97938088910078
2024-01-30,953.7999877929688,953.7999877929688,919.9000244140624,921.25,60249,0.0,-0.009408602150537626,0.33487165617697107,-0.026234965586417,185132.85,947.4802337268627,-0.022805621850967905,1.0739864387667486,-0.028096142793894725,17.65856178614817
2024-01-31,918.0999755859376,953.5,918.0999755859376,949.2999877929688,628253,0.0,0.03044774794352101,0.3361004373602946,-0.026234965586417,195153.4,947.4983407324956,0.000632418655230893,1.0357632136807222,0.09059121516396401,32.523424580269236
2024-02-01,948.0,952.4500122070312,932.0,935.9000244140624,30999,0.0,-0.014115625778169494,0.32571937651886984,-0.026234965586417,175949.05,947.382934599974,-0.027130951752533883,1.042058425753431,-0.04333676889493876,42.40924700111083
2024-02-02,937.9000244140624,953.9000244140624,932.5499877929688,950.2999877929688,46312,0.0,0.015386219685079805,0.31969365846183617,-0.026234965586417,161363.7,947.4119600048795,-0.01472266688131807,1.0188624807840092,0.048128008787626506,49.003111798337876
2024-02-05,950.0,952.9000244140624,902.8499755859376,915.3499755859376,96963,0.0,-0.0367778729411552,0.3361603544804281,-0.033790200210677544,153313.1,947.092935284293,-0.015752714423722947,1.0494073618529027,-0.10940573853196331,38.2989863949839
2024-02-06,910.2000122070312,934.4500122070312,907.75,917.5499877929688,65820,0.0,0.0024034656314082525,0.33472693996056857,-0.033790200210677544,151199.4,946.7989756077625,-0.004016295475746223,1.0385401478693173,0.007180376816660222,39.007826811452865
2024-02-07,919.9500122070312,930.0,905.2999877929688,908.25,61726,0.0,-0.010135674259381222,0.3331422646504809,-0.033790200210677544,150553.1,946.4154037111679,-0.04324237682590304,1.0411588232542837,-0.030424461350680134,42.44318872023336
2024-02-08,912.8499755859376,918.5,905.0,909.0499877929688,50785,0.0,0.0008808013134806725,0.33296779743671545,-0.033790200210677544,145146.05,946.0436085279023,-0.028689000876887083,1.0342308062878196,0.002645304722583667,40.58649612145764
2024-02-09,909.0499877929688,929.7999877929688,900.2000122070312,922.5,176904,0.0,0.014795679431981235,0.32592345877612816,-0.033790200210677544,130512.9,945.8093437664307,-0.029253907345124786,1.0171788624502456,0.04539617686182691,45.02860054252152
2024-02-12,923.0,926.8499755859376,810.0499877929688,830.4500122070312,352648,0.0,-0.09978318459942415,0.4278122313706392,-0.03582023112761767,138147.6,944.6614897210636,-0.09275136903189385,1.1225178969451408,-0.23324060171755592,29.477334987496505
2024-02-13,823.0499877929688,838.9500122070312,781.9500122070312,834.4500122070312,206318,0.0,0.004816665592393132,0.42959552576769916,-0.03582023112761767,140582.25,943.5648581040085,-0.09056724613535472,1.1096350734795393,0.011212094147546522,28.97109494695394
2024-02-14,828.0,850.0,806.0499877929688,848.4500122070312,204192,0.0,0.01677751788027604,0.4348143311194062,-0.03582023112761767,150791.85,942.6184417269243,-0.06584088939495591,1.0847722161095548,0.0385854749801564,29.153658252125695
2024-02-15,852.7000122070312,896.0,852.7000122070312,890.3499755859375,193108,0.0,0.04938412726274111,0.4744906968155977,-0.03582023112761767,154813.85,942.0983574867155,-0.020570939396228338,1.0312237043593642,0.1040781759334506,38.10744930949303
2024-02-16,894.4000244140625,914.7999877929688,893.2000122070312,906.1500244140624,173491,0.0,0.0177458856195587,0.47221214340039497,-0.03582023112761767,160824.65,941.7406626302711,-0.01772355077066412,1.0113115657559746,0.037580323784067726,45.93073167115066
2024-02-19,906.0,932.0,895.25,923.4000244140624,162009,0.0,0.019036582834232485,0.4766674706050058,-0.03582023112761767,166118.55,941.5581687176721,0.11192728140253028,0.9914798321579518,0.03993681887019118,50.356495572089955
2024-02-20,921.5999755859376,928.5999755859376,901.0499877929688,913.3499755859376,85656,0.0,-0.010883743299121007,0.478032375455357,-0.03582023112761767,169036.8,941.277490179048,0.09455325331019448,1.0007801220048265,-0.022767794882251613,43.660727582973884
2024-02-21,912.75,912.75,880.0,890.7000122070312,76496,0.0,-0.024798778107346875,0.4848926815258056,-0.03582023112761767,168266.4,940.7742316917643,0.049796687361812975,1.0229734899657916,-0.05114281683502566,42.28141833848386
2024-02-22,890.7000122070312,924.7999877929688,886.0999755859375,921.4500122070312,127316,0.0,0.03452340808192611,0.500751916053414,-0.03582023112761767,171426.85,940.5819509008714,0.03493012576389054,0.9866351821221607,0.06894313588370218,45.33398456500972
2024-02-23,925.0,945.0,920.0,940.4500122070312,115787,0.0,0.02061967523826036,0.5037424828588443,-0.03582023112761767,173852.4,940.5806380780472,0.037852438193276106,0.9654234562557805,0.04093296779717625,54.28036074762939
2024-02-26,946.6500244140624,961.4500122070312,937.4000244140624,941.6500244140624,117667,0.0,0.00127599786427246,0.5036580234938732,-0.03582023112761767,151634.95,940.5912787381071,0.019763915440202062,0.9648117441580547,0.002533460759914558,54.123893816347824
2024-02-27,937.9000244140624,955.0,937.9000244140624,953.0,53802,0.0,0.012053284438664047,0.4886589464954458,-0.03582023112761767,151312.6,940.7147486014096,0.04341164446698098,0.9549868860875197,0.024666046285342937,57.604078137418625
2024-02-28,955.0,957.4000244140624,945.0,954.25,78045,0.0,0.0013116474291710034,0.48701580546183804,-0.03582023112761767,123802.2,940.8494277198035,0.07134836299766145,0.9539952874527197,0.0026932337462740622,57.66881747086676
2024-02-29,948.4000244140624,961.0,939.0499877929688,956.2999877929688,73351,0.0,0.002148271200386409,0.4760335579351143,-0.03582023112761767,125919.8,941.0031646359545,0.0378207988759649,0.9530168491626159,0.0045128565401489264,55.965405769972385
2024-03-01,963.0,963.0,954.0,958.25,52904,0.0,0.0020391218570772196,0.4729377786805194,-0.03582023112761767,126249.4,941.1747749380843,0.018927096136876154,0.9514923055894127,0.0043116069510247875,83.07452885236131
2024-03-04,945.0,966.0,945.0,956.7000122070312,95672,0.0,-0.001617519220421304,0.470336495274046,-0.03582023112761767,126184.85,941.3292549109096,0.01598257038471762,0.9551949325828525,-0.003439067991286029,82.04456088342735
2024-03-05,960.0,960.0,945.0499877929688,957.5499877929688,94269,0.0,0.0008884452546171762,0.4501303760546134,-0.03582023112761767,127607.3,941.4906552380944,0.004774383833125562,0.9564357112812385,0.0019737509000545073,80.71508737543262
2024-03-06,955.25,961.0,940.5,953.8499755859376,141854,0.0,-0.00386404078554603,0.45067878255055205,-0.03582023112761767,131613.7,941.6136335500133,-0.0004192029489781257,0.9625360653570496,-0.008573824305506024,72.77617958215407
2024-03-07,953.8499755859376,957.3499755859376,917.1500244140624,936.6500244140624,181166,0.0,-0.01803213462505937,0.4542289178541159,-0.03582023112761767,138132.75,941.5642444043821,-0.020547907173204316,0.9816847064597761,-0.039698340460717484,60.830971482725204
2024-03-11,936.6500244140624,954.4000244140624,920.0999755859376,948.5,109518,0.0,0.012651444271674972,0.45573281210129646,-0.03582023112761767,134763.45,941.6332568978709,-0.010174797808505054,0.9707907266973758,0.027760660760270884,59.26883069540983
2024-03-12,949.9000244140624,949.9000244140624,921.0,932.9000244140624,64098,0.0,-0.01644699587341869,0.45789971700077303,-0.03582023112761767,120335.95,941.5463590622111,-0.02487716890278302,0.9925152542089004,-0.035918335180380935,56.93510903607392
2024-03-13,932.8499755859376,934.5999755859376,900.0,914.0,111736,0.0,-0.020259431792740257,0.289311726784446,-0.03582023112761767,115606.85,941.272265937214,-0.04548064158336629,1.017390595484093,-0.07002630455962008,58.49125593540013
2024-03-14,895.9500122070312,929.5,892.0,923.75,106695,0.0,0.010667396061269097,0.2900423224551005,-0.03582023112761767,110732.0,941.0979150323661,-0.031556299582067515,1.0107280147898343,0.03677875560775407,50.989668599295385
2024-03-15,923.9000244140624,925.5,901.0499877929688,910.0499877929688,101447,0.0,-0.014830865718031161,0.29451794051710395,-0.03582023112761767,106148.95,940.7889804329692,-0.028399120191913485,1.0270260060539524,-0.050356406772462135,36.29393539885353
2024-03-18,906.7999877929688,920.0,902.0,911.3499755859376,38613,0.0,0.0014284795455263843,0.24268090746126725,-0.03582023112761767,99405.05,940.4960550116058,-0.03916713169642849,1.0258463015045047,0.005886245859254157,36.35131430094825
2024-03-19,908.9000244140624,914.9500122070312,895.0499877929688,899.5999755859375,83595,0.0,-0.012892961337323428,0.23958422261110796,-0.03582023112761767,95484.35,940.0891288481664,-0.03569519558008383,1.0379224374494795,-0.053813897504061646,26.032283977155288
2024-03-20,898.9000244140625,900.4500122070312,889.0,890.5499877929688,31125,0.0,-0.010060013382141575,0.23114431096566895,-0.03582023112761767,92757.8,939.5962020714978,-0.025656468497845974,1.0471899531560054,-0.043522650005473215,23.28017156762752
2024-03-21,892.6500244140625,905.5499877929688,887.0,892.6500244140625,79780,0.0,0.0023581344673286875,0.2290011683991998,-0.03582023112761767,92922.0,939.1290759256527,-0.03366709129736134,1.0448355739670314,0.010297477435762085,23.31237064073241
2024-03-22,892.6500244140625,895.0999755859375,885.0,887.7999877929688,75899,0.0,-0.005433301392981371,0.21289428267319396,-0.03582023112761767,90351.15,938.6183387303028,-0.024449206415529057,1.0486483579528405,-0.02552112282935564,21.162491450058113
2024-03-26,886.25,889.9500122070312,870.0,880.4000244140625,53528,0.0,-0.008335169498371209,0.17321672980824518,-0.03582023112761767,87238.2,938.0390520206885,-0.03396055522136421,1.0540521061634551,-0.04811988441531938,20.195303034296074
2024-03-27,879.5999755859375,882.0,850.0,863.0999755859375,90042,0.0,-0.019650213935010763,0.1624712556875203,-0.03582023112761767,85856.95,937.2933895686015,-0.04057358936256794,1.070629155019118,-0.12094577986980089,17.307025173483098
2024-03-28,865.0,878.7999877929688,860.5499877929688,870.4500122070312,61827,0.0,0.008515857755764689,0.16731314593537186,-0.03582023112761767,86258.2,936.6282813361481,-0.02257029460609039,1.056847016219175,0.05089771756534264,21.843368393810067
2024-04-01,865.25,885.0,865.25,880.0,43082,0.0,0.010971322487266955,0.16606822983077343,-0.03582023112761767,84510.05,936.0648158502164,-0.01417131470126376,1.0411590888283468,0.06606514586080356,29.832682465067748
2024-04-02,889.9500122070312,902.9000244140624,875.6500244140625,887.4000244140625,45918,0.0,0.008409118652343839,0.1705456971048797,-0.03582023112761767,83138.4,935.5805890697571,-0.00045051068304313713,1.0285947429432316,0.04930712590245688,27.536793815724835
2024-04-03,945.0499877929688,945.0999755859376,889.0,899.5,1004668,0.0,0.013635311306112508,0.17965127191515218,-0.03582023112761767,130726.6,935.2215782332422,0.021694655902184,1.0114924958310172,0.07589876988772255,37.396228774397756
2024-04-04,897.5,899.25,888.0,894.7999877929688,90799,0.0,-0.0052251386403905364,0.17892105480299236,-0.03582023112761767,130482.95,934.8193733532395,0.03672808840657282,1.0133465703500784,-0.029203596827147592,41.88504036619295
2024-04-05,891.9500122070312,898.7999877929688,888.0,893.2000122070312,45035,0.0,-0.001788081814667719,0.17890306614477466,-0.03582023112761767,128021.25,934.4052503567599,0.026135906348392357,1.0115595473039196,-0.009994695749226472,36.13256278034211
2024-04-08,893.2000122070312,899.6500244140625,874.9000244140625,877.8499755859375,92325,0.0,-0.017185441571104465,0.1845593316581877,-0.03582023112761767,125544.8,933.8425113043139,-0.0024432095614346228,1.024918864296216,-0.09311607538637999,35.599293083841275
2024-04-09,884.9000244140625,884.9000244140625,871.0,874.3499755859375,76976,0.0,-0.00398701383760236,0.1845581354456857,-0.03582023112761767,120335.3,933.2505457747778,-0.014705936972158384,1.0254589381760306,-0.021603022873762638,33.771947159959694
2024-04-10,879.9500122070312,884.0,859.0,877.7999877929688,171961,0.0,0.003945802371320806,0.1792365386915337,-0.026339156571481614,123457.45,932.6987989291877,-0.024124527189584466,1.0174014688627178,0.02201449648593455,39.68781447008656
2024-04-12,875.0,884.9500122070312,832.7999877929688,866.0499877929688,154804,0.0,-0.013385737256094932,0.17313426457481365,-0.026339156571481614,127992.75,932.035626679076,-0.03213008537350581,1.027345427698199,-0.0773141960999223,38.6992772136662
2024-04-15,866.0499877929688,876.0,854.1500244140625,864.7999877929688,148963,0.0,-0.0014433347007896113,0.167542783472137,-0.026339156571481614,129854.1,931.366615346876,-0.03179581731519254,1.0259857851885714,-0.00861472266803074,37.052529857829036
2024-04-16,861.5499877929688,864.4500122070312,848.25,854.5499877929688,171438,0.0,-0.011852451601160108,0.15930685096844802,-0.026339156571481614,133091.25,930.6022707941007,-0.02654210678472335,1.0342431765508433,-0.07440013273193287,35.281107331602854
2024-04-18,864.4000244140625,865.0,835.25,846.2999877929688,112371,0.0,-0.009654204104908026,0.15250776688028492,-0.025347330648324787,133637.45,929.7634421075223,-0.03208096137267147,1.0405589112591511,-0.06330302822843162,35.017573023387
2024-04-19,840.0,888.7999877929688,826.5999755859375,880.0999755859375,337967,0.0,0.039938542219661866,0.21087414678541644,-0.025347330648324787,148605.15,929.2692782615364,0.002620172960758005,0.9988211774591149,0.18939514840741226,56.52340501581802
2024-04-22,890.0,910.2000122070312,835.9000244140625,851.4500122070312,233062,0.0,-0.0325530782566289,0.23623998983440733,-0.03271391579014271,156078.5,928.4949572062677,-0.016858121115091662,1.029602423112514,-0.13779664019406965,43.73350818526904
2024-04-23,854.0,856.6500244140625,837.0,842.8499755859375,176770,0.0,-0.010100459801276829,0.23498018142198132,-0.03271391579014271,163360.75,927.6427683344236,-0.02538160559304503,1.0372783062720115,-0.04298430323064235,37.670090109832415
2024-04-24,841.7000122070312,844.9500122070312,833.9500122070312,839.9500122070312,122193,0.0,-0.003440663775175712,0.23358693117480853,-0.03271391579014271,165481.4,926.7702035968376,-0.017084987179795785,1.0377224618600218,-0.014729692327281413,33.76666979431266
2024-04-25,840.1500244140625,844.9500122070312,835.0,839.1500244140625,124005,0.0,-0.000952423098211197,0.23296810705825904,-0.03271391579014271,167886.7,925.8983610179046,-0.00844849755646615,1.035812990585101,-0.004088212199324346,27.623290104037594
2024-04-26,835.5,848.4500122070312,835.5,840.5499877929688,181399,0.0,0.0016683111936792727,0.23326946817134991,-0.03271391579014271,174280.25,925.0491234733779,-0.04493806259526123,1.031717336388129,0.007151862330029314,29.38045219054314
2024-04-29,845.0,845.2000122070312,825.0499877929688,831.4000244140625,245028,0.0,-0.010885686171897113,0.2342388627109264,-0.025186493114810974,182029.55,924.117291641942,-0.023548050391117514,1.0411654697247574,-0.04647258606529887,27.785756349905043
2024-04-30,830.4000244140625,839.5,828.0,832.5499877929688,106395,0.0,0.0013831649568649684,0.22616356575011765,-0.025186493114810974,184257.95,923.2061741907083,-0.012220428417060059,1.037451214211445,0.006115772410643136,31.865474204139275
2024-05-02,839.0,840.0,828.5999755859375,835.7999877929688,73266,0.0,0.003903669506518881,0.22411459266993025,-0.025186493114810974,185767.15,922.3364608932184,-0.0049407992782308785,1.0307729213925159,0.017418184536007665,34.53668793920329
2024-05-03,835.9500122070312,845.0499877929688,831.0,834.6500244140625,131431,0.0,-0.0013758834598009972,0.21925138574958508,-0.025186493114810974,190042.8,921.4639590377044,-0.005362569110502147,1.0290330917082722,-0.0062753692175918615,32.36614766779449
2024-05-06,839.9500122070312,840.0499877929688,828.4500122070312,830.4500122070312,58747,0.0,-0.005032063840146317,0.21579877768525926,-0.025186493114810974,142746.75,920.558347626454,-0.01201591307193639,1.030080056780444,-0.023318313759415277,34.494757730890484
2024-05-07,830.0999755859375,832.0,801.2000122070312,809.0,152228,0.0,-0.025829383938504646,0.2205651633869093,-0.024850308398904765,145818.2,919.448314316738,-0.02694253518918177,1.0520889942371947,-0.1171054502480111,29.33330979304371
2024-05-08,809.0,814.7999877929688,796.0,803.7999877929688,191213,0.0,-0.006427703593363754,0.2206237187814837,-0.024850308398904765,153127.1,918.2975846995861,-0.0345324610192046,1.0533341726490055,-0.02913423514716343,30.473233233088237
2024-05-09,803.7999877929688,804.0,785.0,794.7000122070312,80962,0.0,-0.011321193983746758,0.22134397568440958,-0.024850308398904765,152558.95,917.0677581076203,-0.04917441515459575,1.0601641927856862,-0.05114751118599817,30.27520920463604
2024-05-10,792.5,795.0,782.25,788.75,43548,0.0,-0.007487117296634871,0.217382903742794,-0.024850308398904765,150887.55,915.7909644946092,-0.054993138526875485,1.0627353384075375,-0.03444206891758557,5.633741017873376
2024-05-13,788.75,791.9000244140625,776.0,788.4000244140625,84804,0.0,-0.0004437091422345718,0.21793569099531845,-0.024850308398904765,146529.7,914.5233929515192,-0.05063518234073516,1.0575373848062104,-0.0020359635443304596,7.769509814440141
2024-05-14,788.4000244140625,791.0999755859375,784.0499877929688,787.9000244140625,84473,0.0,-0.0006341958200364317,0.21618343656667438,-0.020486399108470586,143013.15,913.2634589362211,-0.02608155202217244,1.0532491129800292,-0.002933600283039413,8.715167193722294
2024-05-15,790.2999877929688,800.7999877929688,786.5999755859375,792.25,51984,0.0,0.005520974046386629,0.21691119372535486,-0.020486399108470586,138164.2,912.0593449169553,-0.014369231112682734,1.0428873492475939,0.025452691938296957,14.926367138011173
2024-05-16,790.0,794.75,781.25,784.25,61124,0.0,-0.010097822656989552,0.21762427371392423,-0.020486399108470586,132648.5,910.7876101416622,-0.01314963136594094,1.0490436761896818,-0.04640025683100486,13.49724121200559
2024-05-17,784.4500122070312,795.0,780.5,790.2999877929688,108116,0.0,0.007714361227884936,0.219901850151325,-0.020486399108470586,132435.75,909.5887283272474,0.0019651192303882237,1.0374699680073214,0.03508092756730805,18.5346949058183
2024-05-21,780.0,789.0,759.0,785.0999755859375,156930,0.0,-0.0065797953781487895,0.21909602088722105,-0.020486399108470586,123383.9,908.35003427012,-0.004185754345425785,1.0382913366458635,-0.030031558999513402,19.49926979284477
2024-05-22,792.0,793.9500122070312,770.5,778.0999755859375,68054,0.0,-0.00891606192545824,0.15229250764257724,-0.020486399108470586,115133.5,907.0540137857004,-0.012438188252897997,1.0429186822806644,-0.05854563351814685,16.697215347647244
2024-05-23,781.9500122070312,782.0,770.7999877929688,772.1500244140625,66487,0.0,-0.007646769513640517,0.11767844658502555,-0.020486399108470586,109619.35,905.7116855332463,-0.02537074860957711,1.0463769709457962,-0.064980198887258,12.314951913884627
2024-05-24,776.9500122070312,777.4500122070312,761.0,762.9000244140625,87480,0.0,-0.011979537275828345,0.118954579599828,-0.01968067482789724,107883.7,904.2906739798216,-0.0272234307758209,1.0540142594569286,-0.10070681018805909,11.237138404646402
2024-05-27,770.9000244140625,770.9000244140625,760.0,762.9500122070312,54025,0.0,6.552338624854492e-05,0.120040214949721,-0.01968067482789724,104384.7,902.8842992358137,-0.034607080865984075,1.048951426512257,0.0005458452470910437,11.821224773178855
2024-05-28,765.7000122070312,765.7000122070312,759.5,761.5,55014,0.0,-0.0019005336966136932,0.11972764598507302,-0.01968067482789724,98065.45,901.4774902881937,-0.030059834823360276,1.0457583772455168,-0.01587380694106833,15.277728172723087
2024-05-29,764.9500122070312,770.0,756.7000122070312,761.3499755859375,104238,0.0,-0.00019701170592578698,0.11866963189975388,-0.01968067482789724,91025.95,900.0831866593155,-0.02152679671707569,1.0413640602285177,-0.001660169380912201,16.495604173869054
2024-05-30,762.0,769.7999877929688,756.0499877929688,763.4500122070312,49589,0.0,0.00275830654552478,0.11908332252376594,-0.01968067482789724,88185.65,898.7236525851634,-0.01126725627397751,1.0339740525640242,0.023162826292036243,22.271505233660776
2024-05-31,769.8499755859375,769.8499755859375,753.75,762.6500244140625,40943,0.0,-0.0010478587729091382,0.11798495148356417,-0.01968067482789724,86569.5,897.3696861356998,-0.00032769693537759714,1.0302628725233205,-0.00888129096906227,24.51171821731397
2024-06-03,770.3499755859375,776.9000244140625,758.2000122070312,773.9500122070312,185005,0.0,0.01481674087881979,0.1325211523764333,-0.01968067482789724,89248.2,896.1416296786982,0.014417720458748784,1.0112991691033018,0.11180660215409266,38.37488267983013
2024-06-04,775.5,775.5,725.0499877929688,740.5999755859375,88225,0.0,-0.043090685567652165,0.18995596832534398,-0.020537929400028476,90722.1,894.5939515285215,-0.02744586265799409,1.0507730598096752,-0.22684564048755182,25.105237421884397
2024-06-05,745.0,778.7999877929688,720.4000244140625,774.75,119742,0.0,0.046111295624934545,0.2611752237624896,-0.020537929400028476,89097.8,893.4014743988845,0.01760034786071918,1.0022458889208212,0.17655309410718378,42.98878474620245
2024-06-06,774.0,776.4500122070312,768.5999755859375,771.7000122070312,881953,0.0,-0.003936738035455023,0.24791934056430256,-0.020537929400028476,123634.8,892.1905145760801,0.010806208485281577,1.0041272403844717,-0.015879107566611487,44.76429533434955
2024-06-07,772.0,773.7000122070312,766.0999755859375,769.8499755859375,780563,0.0,-0.0023973520692357475,0.24743156214456324,-0.020537929400028476,158614.85,890.9731957801583,0.009440701424492381,1.0049263185885415,-0.00968894975066109,41.158669601132715
2024-06-10,773.5999755859375,779.5999755859375,761.2999877929688,772.5,374117,0.0,0.003442260827566601,0.24565590203233362,-0.020537929400028476,175143.3,889.7943580112016,-0.0018735217832690498,1.0004271868363168,0.014012529961475242,44.42972377060347
2024-06-11,772.75,780.7999877929688,769.5,776.9000244140625,111608,0.0,0.005695824484223344,0.24567282761456974,-0.020537929400028476,176483.5,888.6710313087425,0.0490143802656835,0.9940210806576932,0.023184591913084782,49.45703620599117
2024-06-12,782.0,784.7000122070312,775.5999755859375,781.4000244140625,145154,0.0,0.005792251072966437,0.24667268518876745,-0.020537929400028476,179517.55,887.6036581058105,0.008583445516698873,0.9878806983783895,0.02348152505705542,54.24116705728943
2024-06-13,782.0,791.2999877929688,777.0999755859375,783.9000244140625,158937,0.0,0.00319938561798061,0.24696646700658897,-0.019959172435185454,184865.2,886.5717811536539,0.015809267868403643,0.984197574975758,0.012954736435322968,60.263912389799245
2024-06-14,790.0,794.9000244140625,781.2999877929688,788.0999755859375,135234,0.0,0.005357763797767756,0.24692007757855367,-0.019959172435185454,188570.7,885.5919621927811,0.02370591748880657,0.9791968350935508,0.021698371527036128,61.81302559013425
2024-06-18,790.0,793.7000122070312,785.0,791.4500122070312,199403,0.0,0.004250776202096684,0.24461752400053835,-0.019959172435185454,193135.05,884.6552263720275,0.02453076013855182,0.9751247598058997,0.01737723429951399,63.82093593126786
2024-06-19,795.0,795.0,777.0,782.1500244140625,120855,0.0,-0.011750568765593772,0.2467168728427896,-0.019959172435185454,191331.3,883.6352741137393,0.006757626251794102,0.9865306928440095,-0.04762774492851123,58.851075342243114
2024-06-20,790.0,791.5499877929688,779.5,781.8499755859375,202611,0.0,-0.00038362055713003773,0.24568611187960301,-0.019959172435185454,198059.15,882.6224850736617,0.0005758269232361002,0.9871491073652031,-0.0015614254244203042,57.951573838512346
2024-06-21,788.0,789.8499755859375,776.3499755859375,778.75,137653,0.0,-0.003964923812415977,0.24403651811118973,-0.019959172435185454,201617.45,881.5889280082521,-0.0065697464646872206,0.991502413190961,-0.016247255454353328,56.82201642861115
2024-06-24,772.0,779.3499755859375,769.0,773.9500122070312,159854,0.0,-0.0061637082413723565,0.24349280643162363,-0.019959172435185454,205236.15,880.5178940201803,-0.01795452838123235,0.9983655164739715,-0.025313716978189443,49.9999999372198
2024-06-25,777.9000244140625,777.9000244140625,768.0,771.5499877929688,89668,0.0,-0.003101007011058088,0.23980108629427366,-0.019959172435185454,207018.3,879.4336362467752,-0.02514375400484159,1.0020284034387898,-0.0129315797924988,69.21165102429437
2024-06-26,771.5499877929688,774.2000122070312,765.5999755859375,769.6500244140625,117956,0.0,-0.0024625279100076725,0.24003792179061598,-0.019959172435185454,210165.4,878.3412619996835,-0.015981588710381023,1.0050314807057856,-0.010258911546345619,44.720527375341625
2024-06-27,769.6500244140625,771.1500244140625,761.5,766.7000122070312,103069,0.0,-0.0038329268023827856,0.2403770689210774,-0.017617638689474472,210106.95,877.2304037927915,-0.019377072139130647,1.009247415120972,-0.015945475415487697,44.81328575959413
2024-06-28,766.7000122070312,774.0,762.5,764.75,87253,0.0,-0.002543383560693946,0.2405918951658343,-0.017617638689474472,211990.15,876.1111957948534,-0.017977528089887618,1.0119058579703335,-0.01057135965958976,44.720527375341625
2024-07-01,766.6500244140625,771.2999877929688,762.0,769.0,55631,0.0,0.005557371690094737,0.241143874578357,-0.017617638689474472,212724.55,875.0454127521186,-0.006395777671629688,1.006726272642535,0.023045874457118695,46.492987557342744
2024-07-02,769.0,771.7999877929688,760.4500122070312,764.2000122070312,67080,0.0,-0.006241856687865699,0.24222048962056056,-0.017617638689474472,206828.3,873.9424734432123,-0.00952624677885383,1.0124116609573,-0.025769316377612934,37.37573022487037
2024-07-03,769.0,772.0,763.5,766.7999877929688,42385,0.0,0.003402218718145056,0.23671064495340996,-0.017617638689474472,204536.3,872.8763790586328,-0.003703029338904429,1.0106872934402091,0.014372900614949884,34.91730602711033
2024-07-04,766.7999877929688,767.5,763.0,764.9000244140625,52569,0.0,-0.002477782223725411,0.17907526506147228,-0.017617638689474472,201177.65,871.8019874701297,-0.002347708053097919,1.0125539034809907,-0.013836540096754548,30.125492471339413
2024-07-05,765.4500122070312,767.0999755859375,761.5499877929688,762.75,43829,0.0,-0.0028108567726997657,0.07687960311296763,-0.017617638689474472,159271.45,870.7168930674418,-0.0026152337365151768,1.0148213764441985,-0.03656179653986378,22.295108581023158
2024-07-08,763.9500122070312,765.7999877929688,751.6500244140625,754.2999877929688,49797,0.0,-0.011078350976114426,0.08425722311112836,-0.014007919590215415,122733.15,869.5585159005317,-0.019115750594318914,1.0251591117689427,-0.13148249197197104,13.470951535663119
2024-07-09,754.2999877929688,754.2999877929688,744.0999755859375,745.4500122070312,76277,0.0,-0.011732700157972897,0.09196121730333906,-0.014007919590215415,107841.15,868.3236054160193,-0.02453546152904329,1.0355154516908527,-0.12758311847309253,13.591231238427198
2024-07-10,747.75,752.0,731.7999877929688,746.25,80085,0.0,0.0010731608825120809,0.09070927701936474,-0.014007919590215415,106265.0,867.1089426755614,-0.02679967151814444,1.0323517653371022,0.011830771884283262,15.029426394969093
2024-07-11,740.0999755859375,747.7000122070312,740.0999755859375,745.2999877929688,91825,0.0,-0.0012730481836265017,0.08674415115083237,-0.012672029608962158,103598.55,865.8969132737445,-0.025624311668845823,1.031245828042678,-0.014675894800722114,15.692252173800483
2024-07-12,742.0,756.4500122070312,742.0,751.4500122070312,109979,0.0,0.008251743613030715,0.08987595469615763,-0.012672029608962158,101150.65,864.7581381387524,-0.01481479881084069,1.0206467362862994,0.09181257348310269,27.54489916014927
2024-07-15,748.0499877929688,760.0,746.0499877929688,753.9000244140625,60849,0.0,0.00326037948929625,0.08991931856167674,-0.012672029608962158,97431.4,863.6550723305467,-0.0005302444456833921,1.015061652873105,0.03625893944548215,32.40281519621415
2024-07-16,754.6500244140625,782.3499755859375,749.5,776.2000122070312,329888,0.0,0.02957950268047882,0.13971369282824472,-0.012672029608962158,103955.65,862.7848727273276,0.0412502508504351,0.9849168936613001,0.21171511513685962,54.64208984641646
2024-07-18,780.0,795.5999755859375,770.0999755859375,782.0,546613,0.0,0.00747228510919129,0.14158167421648038,-0.012672029608962158,125243.55,861.9810431479513,0.04790619765494131,0.9776023064732857,0.052777201730176214,60.42234009355318
2024-07-19,782.0499877929688,789.0,779.0,784.9000244140625,228889,0.0,0.0037084711177268748,0.13617511444807087,-0.0117620171911055,126557.45,861.2140678371663,0.05313301659692771,0.9741845869788665,0.02723310246829307,63.550794117497624
2024-07-22,772.7000122070312,801.0,765.0,797.5499877929688,196772,0.0,0.016116655606361663,0.14685821915922753,-0.0117620171911055,129513.4,860.5805944038908,0.06134802693068098,0.9599116258677641,0.10974295208808192,67.25076052128333
2024-07-23,797.0999755859375,803.0499877929688,755.0499877929688,797.0499877929688,439109,0.0,-0.0006269199519187696,0.1458919203099627,-0.0117620171911055,143476.15,859.9484490644787,0.05723565722450097,0.9619628831505826,-0.004297153040519873,70.93689983015005
2024-07-24,800.0,805.0,787.1500244140625,793.6500244140625,149597,0.0,-0.004265683998466274,0.14483795448684567,-0.0117620171911055,146472.6,859.2887632470618,0.022481334620717552,0.9674761954053944,-0.029451421894662766,66.94009912460152
2024-07-25,781.75,797.0,777.3499755859375,782.25,273483,0.0,-0.014364044683900734,0.15405039768263915,-0.012098762646231963,154248.95,858.5222083888821,0.00031969309462920315,0.9823809586229626,-0.09324249705000622,59.77463403863016
2024-07-26,782.25,787.7999877929688,779.0,782.9000244140625,129004,0.0,0.0008309676114572895,0.1536202026715274,-0.012098762646231963,155545.7,857.7697488468441,-0.0025480952195064965,0.982599925282805,0.005409233570285926,61.54729182907168
2024-07-29,780.0499877929688,788.5999755859375,778.0,781.4000244140625,377892,0.0,-0.0019159534464475714,0.15302511405392452,-0.012098762646231963,170077.65,857.0098510912941,-0.020249468529988324,0.9855515518972997,-0.012520515557774739,66.87424692000937
2024-07-30,781.4500122070312,788.0,779.5,782.5,333386,0.0,0.0014076984279112192,0.1525002406215889,-0.012098762646231963,183965.4,856.2684595381469,-0.018254799593257265,0.9850287625736323,0.00923079419327811,75.53411014154848
2024-07-31,780.5,787.4500122070312,779.2999877929688,783.9500122070312,495911,0.0,0.0018530507438099253,0.15168498244088596,-0.012098762646231963,205406.95,855.5488729975389,-0.01222202722691601,0.9844664770667187,0.012216440888389723,75.75137001910645
2024-08-01,786.4000244140625,819.9000244140625,786.4000244140625,795.7999877929688,1176382,0.0,0.015115728555927355,0.15686217729438828,-0.012098762646231963,262106.8,854.9543567268466,0.017321812455057595,0.9716292015262318,0.09636311221109765,80.02378979547385
2024-08-02,790.0,794.4000244140625,784.2999877929688,789.0999755859375,212391,0.0,-0.008419216272687713,0.16080503959914524,-0.0117620171911055,270097.9,854.2990892528078,0.007919211877040366,0.9814124042994864,-0.052356665998207964,72.23861752196578
2024-08-05,778.0499877929688,784.7000122070312,760.0499877929688,780.1500244140625,225735,0.0,-0.011341973702672203,0.1663448299561741,-0.0117620171911055,279193.2,853.5612876126213,-0.001599692808990305,0.9937864272650133,-0.0681835018486922,64.39935707264185
2024-08-06,780.1500244140625,785.0,775.75,779.7999877929688,111255,0.0,-0.0004486786004481713,0.16586489571135912,-0.0117620171911055,282266.1,852.8273443308337,-0.0034504948332667595,0.9958675527696209,-0.002705084589919035,52.60114015811434
2024-08-07,784.0,784.0,776.4000244140625,781.75,60724,0.0,0.0025006568832479648,0.15985879843950182,-0.0117620171911055,281488.45,852.1201070738106,-0.002806316949772847,0.9957051549508316,0.015642909562874244,49.80872208656324
2024-08-08,781.7999877929688,784.4000244140625,775.5999755859375,779.1500244140625,70930,0.0,-0.0033258402122641195,0.15344792793676504,-0.0117620171911055,281030.7,851.3940365995842,-0.020922296600031864,1.0011390382617527,-0.02167406259727438,45.58031775421307
2024-08-09,784.9000244140625,784.9000244140625,770.7999877929688,779.4500122070312,109111,0.0,0.00038501929483270025,0.15352737495032107,-0.0117620171911055,281895.0,850.6781756603549,-0.012229075753982577,1.002944377549869,0.002507821617343943,32.82733164322774
2024-08-12,772.25,777.9500122070312,770.25,772.4000244140625,58367,0.0,-0.009044823507034838,0.15798672698540986,-0.0117620171911055,279314.4,849.8992885832773,-0.009933986742896916,1.0134547943967136,-0.05725052418716725,29.198321642755005
2024-08-13,776.0,780.5,763.0,774.8499755859375,137767,0.0,0.0031718683252677238,0.15632348787009553,-0.0117620171911055,283160.3,849.1525292499705,-0.006347797235854102,1.011602284558928,0.020290412948049175,33.876438643673154
2024-08-14,758.0499877929688,796.0,733.3499755859375,787.2999877929688,372894,0.0,0.016067642252445946,0.1642291160955899,-0.0117620171911055,285310.6,848.537081076269,0.007099440732931006,0.9963101948868927,0.0978367396480801,54.25441862829935
2024-08-16,783.5,808.0,780.1500244140625,804.5499877929688,178541,0.0,0.021910326771827915,0.14956436815707624,-0.0117620171911055,266907.0,848.0993985560373,0.032599579776702914,0.9763501529804812,0.14649428588415045,64.2527942831951
2024-08-19,809.9500122070312,809.9500122070312,799.75,802.5,80991,0.0,-0.0025479930695073705,0.14876114972847876,-0.0117620171911055,259512.1,847.6456731972708,0.029572118072975773,0.9799408130110981,-0.017128080166610746,63.79085560549292
2024-08-20,802.5,808.25,800.25,805.2999877929688,76801,0.0,0.0034890813619548044,0.14871785834988271,-0.0117620171911055,253513.55,847.2243230937454,0.042594461857848875,0.977014794943321,0.023461077008891624,64.57801767514542
2024-08-21,805.0,808.8499755859375,801.0,807.4000244140625,61518,0.0,0.002607769344252997,0.13874703559240795,-0.01173359358835394,234634.0,846.8280614153407,0.04200819494575159,0.9751145410774754,0.01879513421794756,64.87003008119481
2024-08-22,807.6500244140625,809.4000244140625,791.9500122070312,800.7000122070312,156594,0.0,-0.008298256136285764,0.1421202178237313,-0.01173359358835394,234983.85,846.369075851079,0.017020226878990075,0.9837142396076919,-0.058388987010194744,53.32430631692492
2024-08-23,795.0,800.4500122070312,775.0499877929688,781.3499755859375,129511,0.0,-0.024166399807785344,0.16497886888964575,-0.011881242561509119,227785.25,845.7221196295353,-0.0288360108868726,1.0080182082949072,-0.1464817797916437,45.51244799153309
2024-08-26,782.2999877929688,788.9000244140625,772.0,776.0999755859375,120282,0.0,-0.006719140160032611,0.1590139406707392,-0.011881242561509119,227349.15,845.0293619773603,-0.03289722668419004,1.0143989495755692,-0.04225503568517417,47.5498803600017
2024-08-27,778.2999877929688,780.8499755859375,769.0,773.4000244140625,52517,0.0,-0.003478870321876548,0.1593187192398242,-0.011881242561509119,211080.4,844.3166322503623,-0.03961252187067865,1.0174230348598015,-0.021835915579264804,46.23531288004091
2024-08-28,770.2000122070312,788.0,770.2000122070312,784.1500244140625,49732,0.0,0.013899663383311056,0.16683218748417603,-0.011881242561509119,196897.7,843.7179595355733,-0.02879613487363064,1.0035802802005118,0.08331523286822039,51.279331633529495
2024-08-29,780.5999755859375,787.0,771.0,776.5999755859375,37217,0.0,-0.009628321868339618,0.17018860137977596,-0.011881242561509119,173963.0,843.0501188992586,-0.030098708946768915,1.0128637961856406,-0.056574419347332316,48.70883596733684
2024-08-30,785.0,797.0,772.0,778.7999877929688,42396,0.0,0.0028328769974159673,0.170378938375793,-0.01173359358835394,117263.7,842.4108141121313,-0.003263566740443702,1.0089111603819447,0.016626919137731077,49.677086738457106
2024-09-02,785.5,785.5,764.5499877929688,768.5999755859375,43630,0.0,-0.013097088298546278,0.1662819298750239,-0.011817894742241397,108825.65,841.6763779078906,-0.009663703435034532,1.020966724324218,-0.07876434631680349,48.169534115878925
2024-09-03,770.0999755859375,785.0,764.0,777.7999877929688,65589,0.0,0.011969831510881379,0.17069201411513193,-0.011817894742241397,100818.35,841.0407919365979,0.005689117196808535,1.0087394058527992,0.07012531237433635,51.334242031484045
2024-09-04,770.0,780.0,770.0,773.1500244140625,27428,0.0,-0.005978353628033117,0.16743156795818118,-0.011817894742241397,96627.0,840.3652619114981,-0.014027927893287329,1.014376220170218,-0.03570624908956129,43.11437708305348
2024-09-05,775.0,781.0,765.25,766.5999755859375,46219,0.0,-0.00847189888287081,0.16976589787022925,-0.011817894742241397,95901.75,839.6312789629851,-0.012876642176630426,1.0220552088722477,-0.049903416941326134,29.38622107802017
2024-09-06,770.4500122070312,776.0,760.25,762.7999877929688,55679,0.0,-0.00495693701276767,0.16992765133631282,-0.011817894742241397,95139.2,838.866788503582,-0.020544427646104868,1.0260749985097275,-0.029170865848363172,28.837971327729534
2024-09-09,762.8499755859375,768.9000244140625,756.3499755859375,763.1500244140625,49710,0.0,0.00045888388397408164,0.16981247795258433,-0.011817894742241397,92169.15,838.1133878658753,-0.0070907511644405785,1.0245364239469905,0.0027022976313862907,26.92945252744593
2024-09-10,765.0,774.6500244140625,765.0,770.2000122070312,111250,0.0,0.00923801030915472,0.17340948529864902,-0.011817894742241397,94813.3,837.4376328841953,-0.009771118160470382,1.0150155595268293,0.05327280546687971,30.685373907795267
2024-09-11,771.6500244140625,780.0,767.0,769.3499755859375,46236,0.0,-0.001103656982110346,0.17064564045847705,-0.011817894742241397,90236.75,836.7601437568495,-0.004915021287110299,1.0157795816432011,-0.0064675365539357665,32.66998884908102
2024-09-12,770.7000122070312,775.0,763.4000244140625,770.4000244140625,55127,0.0,0.0013648519678255422,0.17031913536523466,-0.011817894742241397,74348.4,836.0998440618965,0.004957016630766864,1.0132982521160676,0.00801349704344004,42.411691573627586
2024-09-13,771.0,774.75,761.7999877929688,769.2999877929688,37686,0.0,-0.0014278771887765718,0.15969022347262332,-0.011800919565001566,67305.65,835.4351688751411,0.008521237682248328,1.0124561426336007,-0.008941543623088018,45.0000223466884
2024-09-16,769.7999877929688,770.7000122070312,762.2999877929688,764.6500244140625,31637,0.0,-0.006044408491733488,0.13675585235170817,-0.011800919565001566,64837.95,834.7308390795085,0.001965537511646742,1.0161380691579025,-0.04419853297541646,43.74554989918382
2024-09-17,763.9500122070312,767.0,758.5999755859375,763.5,34939,0.75,-0.0015039879387223065,0.13678786790541153,-0.011800919565001566,62744.85,834.0220745115533,-0.00869905492189249,1.0149312377210216,-0.010995038169700318,32.891508432180714
2024-09-18,760.5,765.1500244140625,756.0,758.25,34164,0.0,-0.006876227897838927,0.13593811465666983,-0.011800919565001566,61377.15,833.2681235213887,-0.014427732421104955,1.01871743986719,-0.050583513015246995,34.19472725258019
2024-09-19,760.0,761.5,743.9500122070312,751.1500244140625,69797,0.0,-0.009363634139053723,0.1362321810263767,-0.011800919565001566,57037.3,832.451028007883,-0.024987018938168903,1.025048225206759,-0.06873290423142925,28.038201367773212
2024-09-20,751.1500244140625,758.5999755859375,740.7999877929688,747.9000244140625,71057,0.0,-0.004326698920811722,0.1351222379336215,-0.011800919565001566,54114.6,831.6097244895366,-0.027817449263583427,1.0272663146828596,-0.03202062567029823,31.51794094829397
2024-09-23,750.7999877929688,751.7000122070312,743.0,746.5,30316,0.0,-0.0018719405914705556,0.11157052787266092,-0.011800919565001566,49616.3,830.7628615592924,-0.02373638113458576,1.0272103188904995,-0.016778090588817116,17.531223396644577
2024-09-24,747.1500244140625,754.7999877929688,740.5999755859375,741.7000122070312,60198,0.0,-0.006429990345571013,0.11142562549638443,-0.011800919565001566,50000.35,829.8766640532998,-0.028552701758963628,1.0317210325564992,-0.05770656202162432,17.47682623267555
2024-09-25,740.0,745.2999877929688,735.8499755859375,741.9500122070312,54651,0.0,0.0003370634972164055,0.11162884027176735,-0.011800919565001566,50246.3,829.001771995128,-0.021496851688715846,1.0285295360546702,0.0030195016467141206,20.689775226530017
2024-09-26,742.0,745.5,733.0999755859375,736.5,34886,0.0,-0.0073455247892232345,0.09690696889216859,-0.011800919565001566,50129.75,828.0813563533856,-0.019503459945289014,1.0334181983051702,-0.07579975016450394,19.908573184467386
2024-09-27,735.0999755859375,743.9500122070312,721.5499877929688,728.25,164593,0.0,-0.011201629327902252,0.09841200476265914,-0.011800919565001566,56239.6,827.0880095239987,-0.02627359777058058,1.0416546565906066,-0.11382379839410148,16.182210843989097
2024-09-30,728.9500122070312,743.0,725.0,736.9500122070312,42316,0.0,0.011946463724038736,0.10968106277519818,-0.011800919565001566,56173.9,826.1911140283075,-0.012793017807057883,1.0272101132423885,0.10892001164616755,18.77941424370971
2024-10-01,739.9500122070312,779.4000244140625,736.2000122070312,766.4500122070312,368608,0.0,0.040029852108493635,0.1784699129470094,-0.011800919565001566,71324.85,825.5966752042152,0.03336928622443036,0.9869332567895389,0.2242946679613861,48.22957235145552
2024-10-03,754.0,784.0999755859375,750.0499877929688,753.4000244140625,143834,0.0,-0.0170265347839067,0.1820448273463443,-0.013160436117814001,77145.15,824.8783005694874,0.015432322957946498,1.002717656269519,-0.09352934712184857,40.94781911893306
2024-10-04,746.4500122070312,756.4000244140625,735.25,746.25,64417,0.0,-0.009490342689626563,0.1835447025929076,-0.013160436117814001,78055.05,824.0959294195422,0.01323828920570258,1.010961484669441,-0.05170588983772929,38.46924207826104
2024-10-07,746.0499877929688,752.0,715.75,733.0499877929688,75672,0.0,-0.017688458568886123,0.1905226771498192,-0.014497169188901031,79054.7,823.1899996521137,0.006591126389246416,1.027136648895518,-0.09284174411720662,35.437779288400364
2024-10-08,733.0499877929688,746.2000122070312,725.5499877929688,738.6500244140625,46199,0.0,0.007639365274330068,0.19308979899495438,-0.014497169188901031,78879.15,822.3488058686505,0.002306821601020248,1.0176910351162225,0.039563793211529315,38.99957521857777
2024-10-09,738.9500122070312,745.4000244140625,735.0499877929688,736.7999877929688,63042,0.0,-0.0025046186420440986,0.1929913519476592,-0.014497169188901031,76468.75,821.497573847997,-0.03868487695457634,1.0179798033935648,-0.012977879511122219,40.209953989827675
2024-10-10,736.2000122070312,740.4000244140625,730.3499755859375,734.5499877929688,23288,0.0,-0.003053745978932154,0.18894675079860068,-0.014497169188901031,75321.35,820.6324237379968,-0.025019957539494264,1.0187291808044077,-0.016161938770610403,42.07258096970317
2024-10-11,736.2000122070312,738.0,730.75,735.2999877929688,17996,0.0,0.0010210333026530183,0.1892434631279764,-0.014497169188901031,73464.8,819.7833447733697,-0.014673383192001621,1.0153033018999091,0.005395342231763744,43.835606561122354
2024-10-14,736.0,738.0,731.75,733.4000244140625,11448,0.0,-0.0025839295667732243,0.18882997357440215,-0.014497169188901031,72152.9,818.9238092474064,0.000477507164480917,1.015486068355711,-0.013683894463482348,43.6222169592872
2024-10-15,734.9500122070312,738.4000244140625,722.0,728.9000244140625,68507,0.0,-0.0061358056315790055,0.1892677565212841,-0.014497169188901031,73996.4,818.0280501943383,-0.013199755875909158,1.0193030353119643,-0.03241865080543973,43.750011116047155
2024-10-16,728.9000244140625,732.25,722.0999755859375,729.5,28394,0.0,0.0008231246616019483,0.18914180189122776,-0.014497169188901031,73669.15,817.1471740730017,-0.009907692608458585,1.0161343486281271,0.004351891595895853,43.941603438168315
2024-10-17,730.0,731.2000122070312,718.0,723.75,51340,0.0,-0.007882111034955397,0.19014589820536618,-0.014497169188901031,74527.95,816.2178489578475,-0.014702862939823147,1.0218238443167098,-0.041452961619570385,43.8136855500458
2024-10-18,721.0,730.5,712.6500244140625,726.4500122070312,26859,0.0,0.0037305868145509624,0.19060226454922782,-0.014497169188901031,72381.05,815.3246366518694,-0.012035870709723562,1.0163259609161601,0.019572624846024306,49.076929844313064
2024-10-21,728.5499877929688,751.0,716.8499755859375,725.6500244140625,42668,0.0,-0.0011012289621116222,0.188703623648615,-0.013293560622814298,70961.6,814.4323519529858,-0.010567220809941658,1.0159132941656397,-0.0058357591786611825,43.6942057495475
2024-10-22,722.0,724.5499877929688,696.0999755859375,701.7999877929688,121650,0.0,-0.032867134043510604,0.21762682858135748,-0.01705963097315567,75528.3,813.3116319115926,-0.03717936028727464,1.0472535179358393,-0.15102518723224284,11.494956496500265
2024-10-23,701.2000122070312,703.75,691.0,700.4000244140625,60670,0.0,-0.0019948181864591907,0.21761967489587453,-0.01705963097315567,75551.9,812.1881333295277,-0.03989030237962643,1.0463984596902196,-0.009166533750904291,13.347189319770607
2024-10-24,700.0,701.5,692.5499877929688,697.3499755859375,33740,0.0,-0.004354724045985803,0.21731908391830415,-0.01705963097315567,74506.35,811.045465093273,-0.036476717670552716,1.0477773434621267,-0.02003838672189042,14.149580690308909
2024-10-25,695.0999755859375,699.7999877929688,677.0,688.75,71225,0.0,-0.012332366655224303,0.21940478175171088,-0.01705963097315567,76323.3,809.8285947938375,-0.05189622351646006,1.0573938364904718,-0.05620828313166564,15.17298559167773
2024-10-28,693.7000122070312,735.5,672.7999877929688,717.8499755859375,189462,0.0,0.04225041827359344,0.2697818440230901,-0.01705963097315567,77566.75,808.9133846524654,-0.010749050596977838,1.0138051520696687,0.1566095630359828,38.059670054574454
2024-10-29,713.0,740.0,709.5499877929688,723.0499877929688,141454,0.0,0.007243870424021193,0.2686306324750735,-0.01705963097315567,82523.65,808.0590224946595,0.03027928237335442,1.0055528866831087,0.0269659125901594,42.39911136458799
2024-10-30,729.8499755859375,734.4000244140625,722.0,729.6500244140625,212469,0.0,0.00912805024897323,0.26719768725394555,-0.01705963097315567,74716.7,807.2788334590317,0.04176184891551049,0.9939354194281591,0.03416215911583213,47.41563072646649
2024-10-31,729.6500244140625,741.5999755859375,724.7999877929688,733.4000244140625,84037,0.0,0.005139450249469046,0.22473890214335024,-0.01705963097315567,71726.85,806.5437209312212,0.05169577699896588,0.987489744945625,0.02286853754186919,49.02864838786664
2024-11-01,733.4000244140625,738.0,731.9500122070312,735.0499877929688,12415,0.0,0.0022497454649315074,0.218330194359292,-0.01705963097315567,69126.75,805.8323405019848,0.06722321276656085,0.9845112774088378,0.010304325375105892,50.84570140594995
2024-11-04,735.5999755859375,739.9500122070312,721.1500244140625,729.75,31613,0.0,-0.0072103773634256685,0.21736481823069917,-0.01705963097315567,66923.8,805.0753022880349,0.016577313949685868,0.9914354272720217,-0.033171775866944614,50.43211777108417
2024-11-05,725.0,740.75,722.0499877929688,733.5,44662,0.0,0.005138746145940454,0.20949065443183695,-0.01705963097315567,66846.95,804.3631102254674,0.014452682917440951,0.9860156807512676,0.02452971429479844,51.97044327807033
2024-11-06,734.9500122070312,737.9000244140625,733.0499877929688,736.0499877929688,46553,0.0,0.0034764659754176197,0.20809754931253666,-0.01705963097315567,66022.5,803.6833776639501,0.008771278235816693,0.9825487586781578,0.016705943053356046,56.256352575219125
2024-11-07,738.9000244140625,744.4000244140625,734.0999755859375,736.7000122070312,126050,0.0,0.000883125364911086,0.2079324068971184,-0.01705963097315567,71160.6,803.016876515125,0.004499574152053265,0.9818277332245908,0.004247175010465262,55.32467524420307
2024-11-08,735.9000244140625,744.7999877929688,730.0,736.2000122070312,113024,0.0,-0.0006787023099159573,0.20764473462523336,-0.01705963097315567,75912.0,802.3520320941489,0.001564552660582308,0.9825556808997189,-0.003268574464241365,55.49764788711628
2024-11-11,735.0999755859375,739.1500244140625,726.0999755859375,737.6500244140625,115323,0.0,0.001969590033942481,0.20771868156198808,-0.01705963097315567,81105.75,801.7082310227053,0.010825658669493032,0.9809123301354381,0.009482006742540594,74.37120486937836
2024-11-12,736.0,741.8499755859375,727.4500122070312,729.3499755859375,93667,0.0,-0.011252014577940228,0.21133855893098866,-0.01705963097315567,82363.75,800.9882483815434,-0.005657838328646858,0.9921060205009846,-0.053241652173837264,67.99249510584339
2024-11-13,729.0,729.0,702.0,723.2999877929688,104354,0.0,-0.008295040783553032,0.21223575511386847,-0.01705963097315567,86161.75,800.2152308632492,-0.017322193073096348,0.999975823900787,-0.03908408547024384,65.54823740415804
2024-11-14,722.25,743.2999877929688,707.9000244140625,734.8499755859375,113909,0.0,0.01596846120267692,0.2195873801493233,-0.01705963097315567,89290.2,799.5648303132261,-0.002511248256330756,0.985013981150157,0.07272030143360274,76.67821894951643
2024-11-18,728.0,730.7999877929688,710.25,715.0999755859375,146158,0.0,-0.026876234137794164,0.2377617470955168,-0.018012355630831083,95255.15,798.7243839975318,-0.028660739298059235,1.0114250074981663,-0.11303850739543907,48.21544555984796
2024-11-19,717.5999755859375,738.9000244140625,716.4000244140625,731.5499877929688,71444,0.0,0.02300379355145754,0.2510503965276513,-0.01705963097315567,96693.95,798.0559820452477,-0.008269553879482583,0.9890848314013807,0.09163017845551207,54.81313428436963
2024-11-21,731.0499877929688,731.0499877929688,710.7999877929688,725.2999877929688,46278,0.0,-0.008543503662484908,0.25294708091060875,-0.01705963097315567,92925.35,797.3320418039315,-0.005552873008208614,0.9992279174624252,-0.03377585261695765,47.526983427853615
2024-11-22,723.5499877929688,738.7999877929688,719.25,733.2000122070312,42805,0.0,0.010892078515128079,0.2249656077187711,-0.01705963097315567,92032.1,796.6939121562011,0.0136873006790319,0.9906982864621579,0.048416636397941644,49.89141570727595
2024-11-25,733.2000122070312,744.0499877929688,721.9000244140625,728.6500244140625,58333,0.0,-0.00620565700656861,0.22641871196104546,-0.01705963097315567,93261.75,796.0168585468266,-0.008437029839909016,0.9990324212976125,-0.02740787931678314,46.631600317021736
2024-11-26,728.6500244140625,733.0,724.2000122070312,732.6500244140625,35847,0.0,0.0054896038783729395,0.22551426480098333,-0.01705963097315567,91492.85,795.3863427843115,0.024542091214231787,0.9965740463512283,0.02434260041062821,51.54750373686142
2024-11-27,730.0,732.5999755859375,722.0999755859375,724.5,38747,0.0,-0.011124034863140175,0.2245531054065548,-0.01705963097315567,83957.1,794.681006040189,-0.009637055444752352,1.0082436171295397,-0.04953854611636112,45.412848538289616
2024-11-28,722.0,743.5999755859375,722.0,735.6500244140625,63498,0.0,0.015389957783385144,0.17938859465527204,-0.01705963097315567,80059.3,794.0936330886854,0.014270007990194733,0.9938183622351154,0.08579116724253337,49.81257590672668
2024-11-29,733.0,742.0,730.0,732.8499755859375,28852,0.0,-0.0038062240674228143,0.17880246376771544,-0.01705963097315567,70878.45,793.4842434617924,-0.00047740945890073494,0.9978338327914001,-0.021287312122803895,48.23149694845327
2024-12-02,730.0,745.0,725.0999755859375,735.25,39232,0.0,0.0032749191430943014,0.17646122646068294,-0.01705963097315567,68638.2,792.9047982532175,0.009057812893432438,0.9947024804886732,0.018558858641025,49.571101230177824
2024-12-03,738.7000122070312,740.0,734.2000122070312,736.4500122070312,62384,0.0,0.0016321145284341476,0.1756966799017391,-0.01705963097315567,71136.65,792.3430590885788,0.005186634363395726,0.9931767097240285,0.009289386893668464,49.45700888822713
2024-12-04,738.2000122070312,744.0,734.0,737.5,210557,0.0,0.0014257421081738109,0.17560202736902275,-0.01705963097315567,80083.85,791.7973570080956,0.01794340924775706,0.9922881355932204,0.008119166095878797,53.94673831836322
2024-12-05,737.5,743.9500122070312,732.0,738.75,53112,0.0,0.0016949152542373724,0.17355392482782678,-0.01705963097315567,80506.35,791.2695226100051,0.004213927116235139,0.9909644670050762,0.009765928130173504,57.846618066328126
2024-12-06,740.2000122070312,741.0,732.0,734.2999877929688,45800,0.0,-0.00602370518718276,0.17421521706422327,-0.01705963097315567,80468.7,790.7026615670496,0.001978593512092175,0.9968507587751441,-0.03457622670928851,49.69896717203098
2024-12-09,732.0,738.0499877929688,730.5499877929688,734.4000244140625,67744,0.0,0.00013623399531081937,0.17378550500214898,-0.01705963097315567,77553.4,790.1424363217462,-0.0011560361590445822,0.9965583827346309,0.000783920312973925,63.45885361003717
2024-12-10,742.0,778.9000244140625,738.7000122070312,770.4000244140625,618158,0.0,0.0490196062135515,0.24318399609804223,-0.01705963097315567,102810.1,789.9459944122171,0.04609954734780719,0.9522098623746001,0.20157413721438872,71.2876484733103
2024-12-11,771.3499755859375,783.0,763.7000122070312,768.8499755859375,170524,0.0,-0.0020120051648543358,0.2434295329445808,-0.01705963097315567,105570.15,789.7360837771298,0.04250844147245769,0.9561585772556572,-0.008265246446740399,75.15879311330913
2024-12-12,768.0,768.6500244140625,748.0,756.5999755859375,189584,0.0,-0.01593288728488851,0.2513928934898424,-0.01705963097315567,110366.0,789.4063712578145,0.02416240350042309,0.9734404210215862,-0.06337842899981574,62.87123750396222
2024-12-13,752.0999755859375,759.5999755859375,737.0499877929688,755.0999755859375,57194,0.0,-0.0019825535929185456,0.24757068798726034,-0.01705963097315567,108008.0,789.0650140869501,0.028326281000610853,0.9774798331786505,-0.008008030065902894,65.05400388983111
2024-12-16,755.5999755859375,765.7999877929688,751.0999755859375,753.0499877929688,59634,0.0,-0.0027148561240225577,0.2454584525172143,-0.01705963097315567,105294.25,788.7066556163633,0.02539482946475391,0.9813491942881046,-0.011060348444218588,61.87422230675058
2024-12-17,751.5999755859375,752.5,738.75,744.9000244140625,67918,0.0,-0.010822606083285446,0.24383412720930864,-0.01705963097315567,101382.25,788.2707687387284,-0.033099687424587465,0.9940864236152706,-0.044385114435372346,61.87426627061996
2024-12-18,740.0,749.5999755859375,731.0,742.9000244140625,68610,0.0,-0.002684924062894445,0.22278106162344882,-0.01705963097315567,101240.55,787.8193185464432,-0.03375164465876279,0.9975265563307069,-0.012051850021767483,54.723119423923116
2024-12-19,730.0,741.7999877929688,723.0,736.0,47893,0.0,-0.009287958254550643,0.21208303510563908,-0.01705963097315567,101321.3,787.3037034365284,-0.027227037074623373,1.0076053038887356,-0.043793968772582875,51.94806460345964
2024-12-20,730.9000244140625,735.5499877929688,712.5499877929688,718.7000122070312,71724,0.0,-0.023505418196968386,0.2258917099422905,-0.017979306550290234,102767.25,786.6210796432001,-0.04820548875089137,1.0308508293842786,-0.10405613009176881,41.3577141727911
2024-12-23,718.9500122070312,738.5,711.2999877929688,718.75,73657,0.0,6.955307098888142e-05,0.22219179004776898,-0.017979306550290234,103533.45,785.9457455173972,-0.04554808890375894,1.0300904381793479,0.000313031673418768,40.64481740544589
2024-12-24,718.5999755859375,734.0999755859375,718.5999755859375,723.5499877929688,105726,0.0,0.0066782438858694615,0.22276477350172882,-0.017979306550290234,107027.4,785.3248922067064,-0.028661613533826458,1.0226280327463257,0.029978903222006064,42.907978071773464
2024-12-26,715.0,727.3499755859375,711.9500122070312,715.7999877929688,51424,0.0,-0.01071107750777478,0.224574347582435,-0.017979306550290234,107661.25,784.6331021130374,-0.036478712788397094,1.0330923618482686,-0.0476950156869225,39.05579194057698
2024-12-27,718.75,725.4000244140625,711.9000244140625,714.5,211637,0.0,-0.0018161327397853144,0.22158926529540557,-0.017979306550290234,115068.2,783.9352603009673,-0.029211956521739135,1.0334919507058038,-0.00819594151099681,40.2654938401555
2024-12-30,712.5999755859375,748.0,709.75,730.0,412366,0.0,0.021693491952414323,0.2282847122961502,-0.017979306550290234,134243.9,783.3985910442414,0.015722815640795584,1.0113527397260273,0.09502822499120943,48.12125300334802
2024-12-31,726.5999755859375,729.4500122070312,713.75,722.1500244140625,124828,0.0,-0.010753391213612962,0.23089413850992563,-0.017979306550290234,138523.7,782.7891525703093,0.00473046875000005,1.021439418795565,-0.046572818250310476,22.878006435986364
2025-01-01,725.0,727.9500122070312,719.7999877929688,724.4000244140625,35999,0.0,0.003115696079669217,0.23086111686034447,-0.017979306550290234,137204.45,782.2081662204959,0.0011748139526428503,1.0174350869565585,0.013495975359914121,25.209146869996857
2025-01-02,724.4000244140625,730.0,719.7999877929688,729.2999877929688,75158,0.0,0.006764167882061578,0.2321695622005761,-0.0163115138304925,130434.5,781.6817166839037,0.018860017086092196,1.0100370403815395,0.02913460113635336,33.41431808739061
2025-01-03,732.2999877929688,734.9500122070312,723.5,728.25,59495,0.0,-0.0014397200199416371,0.23210338058822108,-0.0163115138304925,130753.65,781.1500578114271,0.01924422673198034,1.010772401264268,-0.0062029254130796865,33.5980307069906
2025-01-06,729.9500122070312,731.9500122070312,706.4500122070312,710.75,71430,0.0,-0.02403020940611056,0.24574374048809317,-0.023531657757425495,132035.15,780.4495597237512,-0.02636986301369859,1.0340028165051771,-0.09778563791910093,28.26308003719278
2025-01-07,714.9500122070312,720.4000244140625,706.7999877929688,709.3499755859375,42236,0.0,-0.0019697846135244834,0.24525114039427778,-0.023531657757425495,130759.75,779.7421011751163,-0.017724916423717763,1.0342778947495221,-0.008031703869106266,30.36991846042902
2025-01-08,707.5999755859375,709.4500122070312,700.0,702.0499877929688,39172,0.0,-0.010291094726462502,0.24701079045058502,-0.023531657757425495,101810.45,778.9690453205676,-0.03085316933716531,1.0401645328052342,-0.04166252936183353,28.690624351164573
2025-01-09,695.0499877929688,730.3499755859375,695.0499877929688,717.6500244140625,84284,0.0,0.022220692105038742,0.18750350958029785,-0.023531657757425495,97498.45,778.3589058090602,-0.015974171909918344,1.0139865885103714,0.11850813336611953,41.22430006867779
2025-01-10,717.6500244140625,717.6500244140625,686.0499877929688,690.9000244140625,108521,0.0,-0.03727443613179071,0.22120021076930274,-0.02417251064269474,93445.3,777.4886681832394,-0.05128729912246821,1.0484910650506294,-0.16850994091305854,37.807016323315054
2025-01-13,690.0,700.5999755859375,666.7000122070312,685.5,120301,0.0,-0.007815927374792198,0.21790065747588114,-0.02417251064269474,96600.65,776.5733580520629,-0.035525852972212446,1.0516739659549372,-0.035869221812536774,36.0703783399371
2025-01-14,687.4500122070312,700.0499877929688,679.0499877929688,683.0499877929688,36769,0.0,-0.003574051359637176,0.2177296397341462,-0.02417251064269474,95457.4,775.6427772534649,-0.03707618058525264,1.0503221088989447,-0.0164150879956,32.69230765318869
2025-01-15,683.5499877929688,689.9000244140625,671.5999755859375,674.5,108786,0.0,-0.012517367609645946,0.21926094660971193,-0.02417251064269474,97500.8,774.6363814598981,-0.039242202509792046,1.0584173498019367,-0.057088903574962796,32.470291950934026
2025-01-16,675.0,694.0,674.5,687.8499755859375,90462,0.0,0.019792402647794693,0.2343907795639559,-0.02417251064269474,98593.4,773.7728351327941,-0.04152448660815655,1.0338737010119317,0.08444189588087093,39.73814804158675
2025-01-17,694.75,701.0,686.0,690.5499877929688,92721,0.0,0.00392529229172589,0.23585925542334407,-0.023531657757425495,100834.8,772.9447470995619,-0.0005066385999777934,1.0265404560432407,0.01664251893891206,33.148220241755524
2025-01-20,690.5499877929688,705.8499755859375,687.5499877929688,696.5499877929688,55012,0.0,0.008688726531117963,0.2383813896811587,-0.023531657757425495,99999.2,772.1846002407899,0.016119602907321395,1.016107975841802,0.036448844342466986,38.88887412443342
2025-01-21,697.0499877929688,706.4000244140625,694.0499877929688,697.4500122070312,44357,0.0,0.0012921174787674516,0.22602191943373087,-0.023531657757425495,98534.2,771.4409724991605,0.021081948131777217,1.013269748957318,0.005716779261218977,38.16424960688245
2025-01-22,696.0999755859375,704.4500122070312,683.0,690.75,52238,0.0,-0.009606440733766042,0.22774521162087655,-0.023531657757425495,95859.8,770.6380772504126,0.024091919940696815,1.0207238500031102,-0.042180646713008606,33.333350884885775
2025-01-23,687.0,705.5999755859375,683.6500244140625,704.4000244140625,81040,0.0,0.019761164551664878,0.2381477194964495,-0.023531657757425495,97340.6,769.9789921475634,0.024060550142532167,1.000134833622017,0.0829785973330453,40.70177270988217
2025-01-24,704.4000244140625,706.0,682.0999755859375,686.5499877929688,42942,0.0,-0.025340766613320076,0.25060044870397497,-0.024095737266471035,88905.85,769.1488528007516,-0.005792484354078642,1.024102415135972,-0.10112019245445271,40.590986602607046
2025-01-27,675.0,686.25,659.5999755859375,669.0,74809,0.0,-0.025562578260886926,0.2637001423628248,-0.025351857195698418,72028.0,768.1523468027342,-0.039552061267363436,1.0464088200453685,-0.09693804888559715,36.06219631811032
2025-01-28,672.3499755859375,672.3499755859375,651.0,654.5999755859375,48648,0.0,-0.021524700170497013,0.25507236504758135,-0.025351857195698418,68219.0,767.0224724622686,-0.061438147352665284,1.0642682923190618,-0.08438663797473868,34.37604125270843
2025-01-29,658.75,663.0,630.0999755859375,654.75,115016,0.0,0.00022918487573764246,0.25481763719383677,-0.025351857195698418,72169.85,765.9053334327934,-0.05211726384364823,1.0587056081683728,0.0008994073929397215,26.942831034016592
2025-01-30,655.0,687.25,655.0,678.5499877929688,70594,0.0,0.03634973316986456,0.29084428486394365,-0.025351857195698418,71941.65,765.0361260134918,-0.0366979496381995,1.0178321558808505,0.12498004537743775,45.37278968844235
2025-01-31,675.0,696.9500122070312,672.5499877929688,692.25,74057,0.0,0.02019012961976685,0.30006613534442295,-0.025351857195698418,72669.75,764.3118859536561,0.008302399400449856,0.9950884751870598,0.06728559663600886,52.380950278824145
2025-02-01,691.75,701.0499877929688,683.0499877929688,694.25,34293,0.0,0.002889129649693123,0.3005984445376584,-0.025351857195698418,70812.9,763.6147527600874,0.03774289985052315,0.9910334849812635,0.00961125916012046,53.963200052275674
2025-02-03,684.25,720.0,684.0,709.6500244140625,86417,0.0,0.022182246185181942,0.3007514279673291,-0.025351857195698418,73021.95,763.0777902889828,0.08409723629893096,0.9695483346988442,0.07375607689560447,61.86297316437461
2025-02-04,709.9000244140625,713.9500122070312,696.1500244140625,710.6500244140625,57404,0.0,0.0014091453048643565,0.30068657380869457,-0.025351857195698418,73933.55,762.5561209767945,0.08537613503484165,0.9687891051412444,0.004686425603082096,58.39470543879933
2025-02-05,710.0,725.0,710.0,715.75,64309,0.0,0.0071764939291214525,0.2990487994045239,-0.025351857195698418,72934.8,762.0903884297618,0.05482280285351848,0.9617534055186867,0.023997734494952613,59.11721691634936
2025-02-06,714.0499877929688,754.0,714.0499877929688,733.8499755859375,164966,0.0,0.025288125163726916,0.30195443606119177,-0.025351857195698418,75757.05,761.8093892969875,0.060093861445918995,0.9409586707518124,0.08374814642935319,62.40850311159268
2025-02-07,733.7000122070312,735.4000244140625,719.1500244140625,730.1500244140625,59814,0.0,-0.005041835926915206,0.2690040135011676,-0.025351857195698418,72732.7,761.4943707409386,0.05171051410019811,0.9487844629399627,-0.01874260414879379,60.67929595538186
2025-02-10,741.0999755859375,759.0,722.0,748.0,209065,0.0,0.0244469971774115,0.2761276895386386,-0.025351857195698418,81347.5,761.3600983952578,0.05404068803858908,0.9304846248524711,0.08853511334885339,67.4277016168044
2025-02-11,748.0,749.75,710.0,718.8499755859375,86624,0.0,-0.03897062087441505,0.3135468300947455,-0.025351857195698418,80239.4,760.9371120986476,0.011538663041116282,0.9713014145960336,-0.12428963041898036,54.019457863872184
2025-02-12,710.0,714.9000244140625,683.25,691.75,68733,0.0,-0.037699070051227634,0.3398940890244496,-0.02614817115443211,79152.95,760.2486831225417,-0.03353126091512404,1.0096349828545694,-0.11091416461606715,51.37566501123226
2025-02-13,688.0999755859375,696.5,660.0,668.4000244140625,100141,0.0,-0.03375493398762197,0.3537622586641176,-0.03393090909483041,79523.95,759.3347661204673,-0.08918710001947872,1.0432487668323795,-0.09541699886505099,49.846002065942194
2025-02-14,691.9500122070312,734.0,658.1500244140625,674.0999755859375,1120406,0.0,0.008527754284377353,0.3549477889336206,-0.03393090909483041,132793.65,758.4866587519645,-0.07676511258505336,1.0327622397630523,0.02402537587216351,55.23912283565908
2025-02-17,664.7000122070312,668.0,624.75,644.9500122070312,164241,0.0,-0.04324278954849192,0.38182641107790743,-0.03729566782776256,138787.85,757.3569408758955,-0.13776736335958384,1.0753701643278928,-0.1132524811311282,47.72199038093443
2025-02-18,644.9500122070312,663.0,601.2999877929688,636.7999877929688,204134,0.0,-0.012636676114126999,0.3827260700372046,-0.03729566782776256,146382.65,756.1573692034286,-0.11414062819726667,1.0848971627565538,-0.03301754642092484,39.533708727964175
2025-02-19,630.0,653.2000122070312,625.9000244140625,633.6500244140625,149287,0.0,-0.004946550627024093,0.38221284873124595,-0.03729566782776256,149795.0,754.9383906483106,-0.08398984544407295,1.0847076043839357,-0.012941873916655102,34.48913609171963
2025-02-20,633.6500244140625,654.7000122070312,632.5,642.4500122070312,99597,0.0,0.013887773145919269,0.37816667170820295,-0.03729566782776256,152627.75,753.8191033006362,-0.03882407429559831,1.0664176016855944,0.03672394691988018,36.7654447402475
2025-02-21,644.7000122070312,654.7999877929688,627.0,640.0499877929688,141063,0.0,-0.0037357372067245986,0.3701999848593375,-0.03729566782776256,155940.45,752.68707230056,-0.050511777223210874,1.0681548529792222,-0.010091132519178024,30.95234672589659
2025-02-24,635.0,646.2000122070312,630.5499877929688,637.2999877929688,70822,0.0,-0.004296539414808231,0.36114103924096314,-0.03729566782776256,157049.15,751.5389421064547,-0.011861422233149455,1.0714067382698864,-0.011897122810709516,30.116527802026752
2025-02-25,636.0,644.9500122070312,631.0499877929688,635.8499755859375,64404,0.0,-0.002275242797434851,0.35415756940071247,-0.03729566782776256,154518.55,750.3878081112257,-0.001491853368785101,1.0723638062133474,-0.006424379795245105,27.903730418764937
2025-02-27,636.0,645.4500122070312,614.2999877929688,628.25,60430,0.0,-0.011952466584486565,0.35607129763106304,-0.03729566782776256,154010.35,749.1725065379798,-0.008522092962997885,1.0813330690176706,-0.03356762066566425,18.995861201103025
2025-02-28,621.25,643.7999877929688,601.0,632.4000244140625,200015,0.0,0.006605689477218402,0.3299470719644474,-0.03729566782776256,160308.25,748.0105912929657,-0.015643221421140052,1.0695050216952755,0.02002045127324442,21.376260631909304
2025-03-03,639.0,739.9500122070312,601.5499877929688,709.2999877929688,615332,0.0,0.12160019040188419,0.54027316856505,-0.03729566782776256,189360.2,747.6254111586373,0.10819467435471575,0.9546137218013573,0.22507167711869536,41.579626863193866
2025-03-04,689.9500122070312,738.0,663.5,729.6500244140625,515506,0.0,0.028690310124513285,0.5483284278585421,-0.03729566782776256,210814.65,747.4465515890397,0.14490826673465174,0.9293599376841658,0.05232322116387262,52.44345127754311
2025-03-05,718.7000122070312,759.0,715.5499877929688,752.1500244140625,578978,0.0,0.030836701496814722,0.5529596790519671,-0.03729566782776256,236893.35,747.4933523136668,0.1829048569530165,0.9043175950842741,0.05576663562887075,63.955649605386974
2025-03-06,750.0,769.8499755859375,738.0,763.9500122070312,657980,0.0,0.015688343295822138,0.5545450278681262,-0.03729566782776256,266576.9,747.6571001733024,0.21599683598413244,0.8935041441508237,0.02829047638066308,73.32194958372338
2025-03-07,761.0,786.0,751.9500122070312,781.4500122070312,369624,0.0,0.022907257962393235,0.558341457843384,-0.03729566782776256,276809.8,747.9933480542351,0.23568940866355592,0.8765403966500139,0.04102732697048891,74.77499528213069
2025-03-10,784.9500122070312,793.0,763.4000244140625,787.9500122070312,495243,0.0,0.008317870495186508,0.5535535369032775,-0.03729566782776256,298581.25,748.3909268020241,0.11088400643962637,0.8729773366270654,0.015026315957541666,86.85567004041343
2025-03-11,808.0,809.6500244140625,780.2999877929688,790.25,750874,0.0,0.0029189514021663587,0.5526102403189191,-0.03729566782776256,325671.7,748.8074349930487,0.08305348257145839,0.873109779249298,0.0052821159225363455,90.77864518204167
2025-03-12,790.25,799.9500122070312,774.5499877929688,784.6500244140625,341699,0.0,-0.007086334180243625,0.548929900818185,-0.03729566782776256,338425.45,749.1640776738548,0.04320946479436483,0.8835340392818566,-0.012909360631635792,89.61175736903607
2025-03-13,784.6500244140625,789.8499755859375,779.0,788.0999755859375,158251,0.0,0.004396802478214834,0.5274590499844719,-0.03729566782776256,342901.35,749.5514995436268,0.031611968051597605,0.8857791218093234,0.008335817529315495,89.31174389117463
2025-03-17,785.7000122070312,786.9500122070312,756.0,766.5999755859375,827111,0.0,-0.027280802773804402,0.5180090904353338,-0.03729566782776256,379249.85,749.7211361211623,-0.019003181763543764,0.9170265121567928,-0.05266471718523413,80.96404220291993
2025-03-18,766.5999755859375,766.5999755859375,766.5999755859375,766.5999755859375,0,0.0,0.0,0.49870768850876496,-0.03729566782776256,323229.55,749.8890847725531,-0.027095673951819332,0.9230596456648716,0.0,82.0684628888093
2025-03-19,785.0,793.7999877929688,776.2000122070312,779.8499755859375,192320,0.0,0.01728411221233417,0.49996735102807266,-0.03729566782776256,324633.5,750.1872030891043,-0.01316042317502375,0.9160255464049559,0.034570481114593564,83.73947180481147
2025-03-20,780.5499877929688,787.2999877929688,771.5,774.7999877929688,60432,0.0,-0.006475588832550061,0.4682463517041461,-0.03729566782776256,317448.4,750.432106419491,-0.012553414024869536,0.9309015376400932,-0.013829448260916883,84.75220463519975
2025-03-21,781.7999877929688,781.7999877929688,763.5999755859375,770.6500244140625,249023,0.0,-0.005356173779412998,0.46464065485235606,-0.03729566782776256,322435.2,750.6332797328698,-0.022141798899183218,0.9448030583708805,-0.011527561370709928,82.78399236781064
2025-03-24,770.0,776.5,764.9000244140625,768.25,477559,0.0,-0.0031142857821711,0.46396517139751886,-0.03729566782776256,341333.3,750.8085704817966,0.0021523929906224204,0.9559420753526177,-0.006712326499998335,71.61717966627262
2025-03-25,771.5,771.5,751.9500122070312,758.1500244140625,83806,0.0,-0.013146730342905921,0.47022510897266445,-0.03729566782776256,338470.45,750.881619774655,-0.011022634282523147,0.9764657091356701,-0.02795837528124519,61.30056817426318
2025-03-26,758.5,785.0,734.0999755859375,759.8499755859375,254765,0.0,0.002242235859833741,0.4687491235100261,-0.03729566782776256,347667.6,750.9708571459116,-0.025645958358815224,0.9823452320765802,0.0047834453432345,53.65620384790309
2025-03-27,760.0,762.0,730.0,747.5,753939,0.0,-0.01625317626208278,0.4746848665007479,-0.03729566782776256,382144.35,750.9363212539125,-0.0352348841289134,1.006043480710441,-0.03423992856460253,42.229549090372885
2025-03-28,745.0,770.0,742.0499877929688,759.4000244140625,91204,0.0,0.015919765102424766,0.4738935743548384,-0.03729566782776256,383683.05,751.0205372057549,-0.014598066104719254,0.9989135879170649,0.033593544263947,39.00247971256965
2025-04-01,760.0,760.0,748.7999877929688,753.2000122070312,31487,0.0,-0.00816435608072974,0.4719718719152027,-0.03729566782776256,375256.65,751.0422235241755,-0.019589961331557104,1.0151553240166933,-0.017298395081503177,32.616278385021104
2025-04-02,749.5,756.1500244140625,745.0,749.75,37930,0.0,-0.004580472850660211,0.4742936792631554,-0.03729566782776256,346386.55,751.0293655786613,-0.011079633507305453,1.0225241787952755,-0.009657461092885842,29.970297346841576
2025-04-03,742.5999755859375,769.0,742.5999755859375,764.0999755859375,78965,0.0,0.019139680674808313,0.24292174760157678,-0.03729566782776256,324559.5,751.1594213996292,0.005593209365734042,1.0055752194222325,0.07878948705039371,40.64630116279053
2025-04-04,757.0,776.9000244140625,735.2999877929688,763.5499877929688,145041,0.0,-0.0007197851204575612,0.22547826260191794,-0.03729566782776256,302862.65,751.2827106174734,0.021471555575877987,1.0070460494693727,-0.0031922593345760737,38.52266801328692
2025-04-07,701.0999755859375,724.0,686.0999755859375,708.2000122070312,972306,0.0,-0.0724903103540423,0.323342949208035,-0.037762647592387004,318578.95,750.8540270512004,-0.06742166257702731,1.0818165568674503,-0.2241901618380467,29.26135683400696
2025-04-08,724.0,728.8499755859375,695.75,717.0499877929688,231573,0.0,0.012496435234952141,0.3212430234023145,-0.037762647592387004,311676.4,750.517668451616,-0.04799525202892052,1.0639739356342748,0.03890025287895351,33.44469080176417
2025-04-09,706.4500122070312,740.0,689.9000244140625,713.4500122070312,851188,0.0,-0.00502053643012812,0.30733718961815193,-0.037762647592387004,329473.65,750.1488360511725,-0.04841612243143545,1.064121500552007,-0.01633559632991332,26.285696322542847
2025-04-11,713.4500122070312,727.0499877929688,693.0,702.5,713221,0.0,-0.015347973957079097,0.30618045329291305,-0.037762647592387004,327591.0,749.674718279519,-0.08061769081814274,1.074462629976646,-0.050127215146304686,25.222732521459633
2025-04-15,716.0,763.7999877929688,696.2999877929688,752.0499877929688,1019751,0.0,0.07053379045262465,0.40318509385932816,-0.037762647592387004,361493.6,749.698352802041,-0.015061227403382671,1.0015025702452127,0.1749414593383241,45.138512858538114
2025-04-16,749.9500122070312,809.0,740.2000122070312,796.0,557641,0.0,0.05844028046062566,0.45361288337781336,-0.037762647592387004,381463.1,750.1590657094835,0.12397625851396032,0.9467022574726661,0.12883293511666313,55.95877545644523
2025-04-17,794.5,812.5,780.9500122070312,802.7000122070312,216689,0.0,0.008417100762602159,0.4541976289917696,-0.037762647592387004,350942.0,750.6818611970212,0.11944777333821244,0.9410489439290931,0.018531802105547016,59.707999336857604
2025-04-21,813.0,813.0,797.2999877929688,801.25,137438,0.0,-0.001806418568556456,0.44244659418043464,-0.037762647592387004,357813.9,751.18502675725,0.1230639656468191,0.9449141965678627,-0.004082794514611708,59.03142082646628
2025-04-22,804.9500122070312,823.75,795.2000122070312,802.5,694809,0.0,0.0015600624024960652,0.44236958626419515,-0.037762647592387004,382938.35,751.695623505934,0.14234875444839856,0.9448535840756425,0.0035266040335293603,62.6088963735403
2025-04-23,806.0,821.0,791.25,814.9000244140625,265563,0.0,0.015451743818146513,0.44164556022649626,-0.037762647592387004,393194.9,752.3245230174576,0.08357162109069227,0.9329365324272758,0.034986751503523844,62.694420407800344
2025-04-24,815.2999877929688,856.2000122070312,808.2000122070312,848.5,762245,0.0,0.04123202181776464,0.46001805149650243,-0.037762647592387004,418856.0,753.2814929376821,0.06595477386934667,0.9005804382216319,0.0896313107438242,69.36992098448295
2025-04-25,856.4500122070312,868.0999755859375,806.6500244140625,856.2999877929688,819586,0.0,0.009192678601023907,0.45875585635834587,-0.037762647592387004,435957.35,754.3065525879834,0.06677460417443348,0.8975184073067131,0.020038280216439285,71.28021249469438
2025-04-28,863.4500122070312,879.0999755859375,848.2999877929688,858.6500244140625,493305,0.0,0.0027444080983238806,0.4578293305934337,-0.037762647592387004,456432.3,755.3447960887404,0.07163809599258975,0.9009142016254906,0.00599439104266801,69.83428955680736
2025-04-29,865.5,874.0,849.2000122070312,860.0499877929688,191194,0.0,0.0016304237338857774,0.452998179642281,-0.037762647592387004,453253.75,756.3866387922651,0.0717133804273753,0.9052729642250451,0.003599183774163146,70.17140875881302
2025-04-30,859.9000244140625,876.9500122070312,842.9500122070312,868.5499877929688,221352,0.0,0.009883146468977255,0.4528856106609205,-0.037762647592387004,426624.4,757.5026920161528,0.0658362520205864,0.9033820876729222,0.021822610429879062,91.68182887488534
2025-05-02,870.0,875.0,853.1500244140625,871.6500244140625,373211,0.0,0.003569209216122582,0.4453288255700188,-0.037762647592387004,440724.75,758.6384863683708,0.027283470140321064,0.9066081329509729,0.008014772300908858,91.42551072458524
2025-05-05,870.0,885.0,862.0,875.5999755859375,477535,0.0,0.004531579259152929,0.4444325938443686,-0.037762647592387004,463027.15,759.8022822809834,0.022538815915100763,0.909507790765679,0.010196324976958255,93.3671977881207
2025-05-06,875.5999755859375,890.0,864.0499877929688,880.9000244140625,405296,0.0,0.006053048168004116,0.4409647157573375,-0.037762647592387004,481395.45,761.007234939024,0.025912769309222705,0.9114797120642852,0.013726830774521187,99.20021403453333
2025-05-07,865.0,910.0,865.0,904.2000122070312,344152,0.0,0.026450206773994456,0.44303745144608236,-0.037762647592387004,494654.8,762.4320386929346,0.051334253869776525,0.8957393181896576,0.05970196445163011,99.06481013280471
2025-05-08,904.2000122070312,928.0,880.0,885.5999755859375,605773,0.0,-0.02057071042909364,0.4531987576211191,-0.037762647592387004,517691.4,763.6575903038103,0.01963040473501554,0.92144311690066,-0.045390040526966,84.54122002765297
2025-05-09,863.5,900.5999755859375,860.0499877929688,893.6500244140625,178191,0.0,0.009089937951724636,0.45224645389220564,-0.037762647592387004,477985.65,764.9510473596337,0.025239487619803436,0.9235186928826309,0.020099522445113583,84.70047147032308
2025-05-12,915.0,922.0,890.25,897.75,97931,0.0,0.004587898476952068,0.3459171885791712,-0.037762647592387004,471303.55,766.2724299729707,0.025296967829675943,0.9293650827644198,0.013262996161499096,86.08823743280624
2025-05-13,897.75,918.2000122070312,885.0,907.2999877929688,391213,0.0,0.010637691777185987,0.3459148692938642,-0.037762647592387004,448304.8,767.6756892547618,0.029969307125932154,0.9302656378120098,0.030752339416278692,86.90138820563556
2025-05-14,907.2999877929688,912.9500122070312,889.5,898.75,156111,0.0,-0.009423551094458693,0.3488861091424961,-0.037762647592387004,420449.3,768.9799112522269,-0.006027440979267995,0.9500333817313543,-0.02701039272534032,80.34743414508925
2025-05-15,891.5,963.0499877929688,889.7999877929688,958.0999755859376,887937,0.0,0.0660361341707234,0.3828753257027638,-0.033952140790802256,413858.6,770.8617029371395,0.08186540424420419,0.9019361478349113,0.17247424425894334,83.43500885498219
2025-05-16,958.0999755859376,974.0,941.0,946.7999877929688,248505,0.0,-0.011794163532942603,0.33620588531497236,-0.027604509334495278,398401.8,772.6123326371975,0.05947514343073501,0.9206643555649875,-0.035080180619359205,77.03105931468144
2025-05-19,938.0,962.7999877929688,937.9000244140624,953.9500122070312,155024,0.0,0.007551779157422223,0.28909016145783517,-0.02090621504632918,395318.55,774.4166876577929,0.06260096040883467,0.921691377283124,0.026122573172722603,77.67130685824588
2025-05-20,950.0,970.0,931.5,962.3499755859376,643282,0.0,0.008805454448784333,0.28908662980350525,-0.02090621504632918,420610.75,776.286670622252,0.06067451618386932,0.9220164408996886,0.03045956898862389,78.54352137399934
2025-05-21,962.0999755859376,970.9500122070312,954.5999755859376,960.0499877929688,48026,0.0,-0.002389970230495919,0.28936407447514556,-0.016469052970433322,388271.6,778.1151613403686,0.06820582786422125,0.9324306131571339,-0.008259387943154367,76.44508664333917
2025-05-22,955.0499877929688,968.9500122070312,950.5,957.2000122070312,41572,0.0,-0.0029685699934117737,0.2912113670336037,-0.016469052970433322,377072.05,779.8971001549623,-0.0009393209496284527,0.9426399777080126,-0.010193866818153957,74.76122078429427
2025-05-23,960.0,971.0,932.7000122070312,938.7000122070312,119165,0.0,-0.019327204099532147,0.30545276020797646,-0.01938937941601022,344918.05,781.4772286330924,-0.008555107404277562,0.9660221444412851,-0.06327395258642655,66.84464510047805
2025-05-26,979.0999755859376,998.5,946.2999877929688,991.0,1180063,0.0,0.05571533728864364,0.3291477949892416,-0.01938937941601022,362941.9,783.5620323282856,0.038838500255638175,0.9218365281429348,0.16927148364384423,73.49552065672566
2025-05-27,995.0,995.7999877929688,976.0,990.75,147036,0.0,-0.00025227043390518844,0.33020336992121385,-0.01938937941601022,345628.45,785.6236041459146,0.029511118755700894,0.9287358043592686,-0.0007639850142217801,70.4852100833065
2025-05-28,995.0,998.0999755859376,978.1500244140624,991.0499877929688,108171,0.0,0.00030278858740229175,0.3307235630357643,-0.01938937941601022,341477.3,787.6676477642933,0.032289985307186964,0.9350638308695814,0.0009155337329690386,77.32575072102918
2025-05-29,992.9500122070312,995.0,980.0,989.75,148672,0.0,-0.0013117277725452903,0.3314875719964048,-0.01938937941601022,337843.3,789.6784174382805,0.034005419324972364,0.942414749966453,-0.003957094756447066,75.80560246413114
2025-05-30,988.6500244140624,1011.0,983.5999755859376,1004.75,254043,0.0,0.015155342258146076,0.3325840576327706,-0.01938937941601022,331884.9,791.8184331851634,0.07036325443064051,0.9349688953058908,0.045568455416451735,77.1436020563849
2025-06-02,1004.0,1008.0,991.2999877929688,1005.0,172176,0.0,0.0002488181139586043,0.3332345454118856,-0.01938937941601022,316616.95,793.9396428052115,0.01412714429868811,0.9411741281386039,0.0007466756070691991,76.01173638177197
2025-06-03,1004.5999755859376,1008.5,993.2000122070312,1001.5,123260,0.0,-0.0034825870646766344,0.33513538898001805,-0.01938937941601022,302515.15,796.0049199912294,0.010850365884431001,0.950484271151866,-0.010391582253846836,78.11219382067614
2025-06-04,1003.9000244140624,1031.0,995.5999755859376,1024.4000244140625,173445,0.0,0.022865725825324423,0.33980233458056236,-0.01938937941601022,293979.8,798.2775080949392,0.03365121540979277,0.9351034511316587,0.06729125384213847,72.65894798923378
2025-06-05,1030.5,1048.5,1028.9000244140625,1044.199951171875,252823,0.0,0.019328315390404027,0.33564834091249013,-0.01938937941601022,276332.3,800.7244975782918,0.055013843063273615,0.9249665218469864,0.057585015203734116,81.45996370737255
2025-06-06,1045.0,1056.0,1030.800048828125,1041.9000244140625,144307,0.0,-0.0022025731328864095,0.3223458504643753,-0.01938937941601022,274638.1,803.1242540642198,0.03697439603290609,0.9341227316849136,-0.0068329499554092505,79.3264915041308
2025-06-09,1050.0,1072.0,1048.0999755859375,1053.0999755859375,90040,0.0,0.010749544974983039,0.32247035542275243,-0.01938937941601022,274243.55,805.6115746763763,0.04786067222481338,0.931563971579907,0.03333498556027185,79.70544838722071
2025-06-10,1053.0999755859375,1102.0,1044.5,1095.5999755859375,611056,0.0,0.04035704205230206,0.3409237162910826,-0.01938937941601022,285235.7,808.4970314018447,0.09395903703039199,0.9040206436546222,0.11837557476960402,85.12571922552542
2025-06-11,1091.0,1115.0,1072.0999755859375,1101.9000244140625,486488,0.0,0.005750318518175979,0.3411823791540695,-0.01938937941601022,301754.55,811.4164641681355,0.07565403958705352,0.9080701281134493,0.016854089486955545,86.83811835074863
2025-06-12,1093.5999755859375,1152.4000244140625,1093.5999755859375,1104.300048828125,1138123,0.0,0.0021780781930182957,0.335387985746437,-0.01938937941601022,314263.85,814.3307286921155,0.0575561199641903,0.9127161599509022,0.0064942043860895535,95.92350518087459
2025-06-13,1098.699951171875,1148.0,1084.699951171875,1117.4000244140625,861910,0.0,0.011862695831480918,0.2669997716569689,-0.01938937941601022,344934.1,817.346343574921,0.07246376641795282,0.9096496148405334,0.04442960873549198,94.79098347704895
2025-06-16,1111.5,1131.199951171875,1109.5,1113.699951171875,95923,0.0,-0.003311323752769546,0.26082859708714046,-0.016406877653955248,341979.05,820.2951356903136,0.057544370896239094,0.9198438032625889,-0.012695400975182385,92.52854140797757
2025-06-17,1120.0,1141.800048828125,1114.800048828125,1125.5999755859375,141171,0.0,0.010685126098408215,0.26100365845939183,-0.016406877653955248,316873.5,823.3329947937527,0.027382256908097924,0.9173707544207923,0.040938605045203254,93.08357959900444
2025-06-18,1120.0999755859375,1137.5999755859375,1100.5,1126.800048828125,318275,0.0,0.0010661631736113009,0.2620908705037499,-0.016406877653955248,330385.95,826.3525674707116,0.02259735353695369,0.9237930038373929,0.004067914044022018,93.91220944638057
2025-06-19,1122.0,1136.800048828125,1110.300048828125,1133.300048828125,218552,0.0,0.005768547850845351,0.25965859105973815,-0.016406877653955248,339234.95,829.4067712653127,0.026260978645047173,0.9262639710883054,0.022215893589899668,93.56150661661097
2025-06-20,1131.0,1137.9000244140625,1120.4000244140625,1133.5,129242,0.0,0.00017643268619083052,0.25820055849264917,-0.016406877653955248,339738.8,832.4325745363047,0.014408426019482112,0.9346934301294731,0.0006833164125889733,93.55932194509623
2025-06-23,1133.699951171875,1147.0,1126.4000244140625,1143.199951171875,85732,0.0,0.008557521986656269,0.23801447506764326,-0.016406877653955248,285022.25,835.5247872391462,0.026488283463565798,0.9334193895971572,0.035953786527841945,96.09629014922373
2025-06-24,1143.199951171875,1155.0,1136.800048828125,1147.0999755859375,80682,0.0,0.0034114980586419374,0.1691423860870056,-0.016406877653955248,281704.55,838.6250378694626,0.019100924365965888,0.9370608685093811,0.02016938471704686,95.54565530160585
2025-06-25,1147.9000244140625,1152.4000244140625,1126.5999755859375,1133.800048828125,95812,0.0,-0.01159439198054113,0.17954949955882638,-0.016406877653955248,281086.6,841.562102655121,0.006212282300910532,0.9543481706141951,-0.06457490198124113,84.9454491204438
2025-06-26,1131.0,1139.5999755859375,1115.0,1129.4000244140625,121748,0.0,-0.0038807763490663616,0.18193873583962883,-0.01554693546420175,279740.4,844.4261615780956,-0.003441299078823179,0.9642486985309734,-0.021330125868225445,83.5763495689111
2025-06-27,1137.0,1148.0,1105.0,1135.0,832045,0.0,0.004958363259149667,0.17991716397699786,-0.01554693546420175,308640.5,847.3174435524429,0.0013233348037053894,0.9652290781163959,0.027559143741239436,82.83880355990284
2025-06-30,1140.5999755859375,1148.0,1136.199951171875,1141.699951171875,104187,0.0,0.005903040680065974,0.17720957096483014,-0.01554693546420175,305241.05,850.2466227327359,-0.0013121064241320424,0.9655514131267131,0.033311069570428696,75.92798802766521
2025-07-01,1136.0,1166.0,1129.699951171875,1142.5999755859375,256954,0.0,0.0007883195695495004,0.17699247625117737,-0.01554693546420175,311925.75,853.15561131834,-0.003922936183222703,0.9709653629487214,0.004453971952406858,74.37122812193746
2025-07-02,1148.0,1148.0,1130.0999755859375,1134.4000244140625,32622,0.0,-0.007176572157434169,0.17997290187391662,-0.01554693546420175,304884.6,855.9540631899392,0.0005291723056086717,0.982832313121536,-0.039875846218801254,66.8533035197114
2025-07-03,1134.0,1152.0,1125.300048828125,1147.5,164710,0.0,0.011547933095914509,0.17064695347482875,-0.01554693546420175,300478.95,858.8550177850642,0.016026186643061102,0.9761132918879358,0.06767148304761886,66.8533035197114
2025-07-04,1144.0,1161.800048828125,1128.0,1136.9000244140625,67759,0.0,-0.009237451491013071,0.17011242322076311,-0.011971854054149427,296651.55,861.6216347664473,0.0016740303207598561,0.9893921877793329,-0.05430203610705624,62.05827145697472
2025-07-07,1137.300048828125,1154.4000244140625,1115.0,1121.4000244140625,139872,0.0,-0.013633564664569664,0.17979239545587983,-0.013719285129195135,299143.15,864.206494364931,-0.01778043936760798,1.0061128770461119,-0.0758294802831106,47.895811860987884
2025-07-08,1130.0,1161.0,1128.0,1140.699951171875,199864,0.0,0.01721056388231923,0.18437878508628977,-0.013719285129195135,278583.55,866.957673039627,-0.0016628955493265263,0.9910669343859467,0.09334350988824197,55.894801731866316
2025-07-09,1150.0,1154.0,1138.0,1140.5999755859375,58945,0.0,-8.764406962125104e-05,0.12822908552010254,-0.011886133589523956,257206.4,869.6804820201874,0.005465401126976799,0.9928502765739188,-0.0006834959668534123,53.27352044153652
2025-07-10,1144.0,1164.9000244140625,1139.5,1144.5999755859375,155841,0.0,0.0035069262542681834,0.12762534096951483,-0.011886133589523956,208092.3,872.4159993691003,-0.002527254391339828,0.9911410289676506,0.02747828881666201,54.81353251826079
2025-07-11,1140.0,1155.9000244140625,1135.0,1139.5999755859375,43055,0.0,-0.004368338377292447,0.12941093131823647,-0.011886133589523956,167149.55,875.0745463961335,0.00237483605760902,0.9964636885266008,-0.033755556777461324,48.37252058647149
2025-07-14,1147.0,1154.800048828125,1132.699951171875,1147.199951171875,113078,0.0,0.006668985388517568,0.1253741189423985,-0.011886133589523956,168007.3,877.782261866539,0.023006889777172246,0.9913223880069744,0.05319267575196112,50.04373391225848
2025-07-15,1147.199951171875,1172.0,1140.0999755859375,1164.199951171875,178467,0.0,0.014818689612594804,0.13252790121366348,-0.011886133589523956,169872.1,880.6321891233085,0.020601385996254162,0.97850458827953,0.11181561285383795,62.88134112917616
2025-07-16,1173.9000244140625,1174.9000244140625,1136.0,1157.199951171875,331179,0.0,-0.00601271284451943,0.13159325982292477,-0.011886133589523956,170517.3,883.3841071536426,0.014553722550633807,0.9857371561919883,-0.04569164405299973,61.525700037792696
2025-07-17,1160.0,1162.199951171875,1144.5,1150.4000244140625,61679,0.0,-0.00587618997989614,0.13395948541850775,-0.011886133589523956,162673.65,886.0409819522538,0.005067315177213594,0.9923069919738559,-0.043865423362025376,56.321865511244006
2025-07-18,1150.0,1153.5999755859375,1144.5999755859375,1150.0,51687,0.0,-0.00034772636089452913,0.1328998473423735,-0.011886133589523956,158795.9,888.6674398432763,0.009126030744880609,0.9933695546025816,-0.002616453981577457,53.593102260826385
2025-07-21,1145.5999755859375,1160.800048828125,1145.0,1159.5,57172,0.75,0.008260869565217321,0.13540259085145964,-0.011886133589523956,157367.9,891.3622911881193,0.010721800341396692,0.985933583643273,0.061009681595996235,56.80904948712342
2025-07-22,1159.5,1161.4000244140625,1151.5999755859375,1155.199951171875,73640,0.0,-0.0037085371523285504,0.1335621657714003,-0.011886133589523956,157015.8,893.9875415362164,-0.007730630800096394,0.9899541528317841,-0.027766372709261158,58.65222802272515
2025-07-23,1151.9000244140625,1155.300048828125,1146.5999755859375,1150.0,21743,0.0,-0.00450134296370075,0.13422305984249644,-0.011886133589523956,153312.35,896.5349291826224,-0.006221873034633063,0.9951347709324049,-0.03353628380711925,51.11309180983892
2025-07-24,1163.9000244140625,1163.9000244140625,1116.4000244140625,1146.0999755859375,145773,0.0,-0.003391325577445703,0.1280416888487415,-0.011886133589523956,154513.6,899.0181634751928,-0.003737872685038557,0.9992496366168767,-0.02648610263639153,54.35604345716105
2025-07-25,1140.0999755859375,1154.800048828125,1135.5,1145.199951171875,74588,0.0,-0.0007852931098810689,0.12713942485095858,-0.011886133589523956,116640.75,901.4677335020255,-0.004173955502717375,1.0004802921245457,-0.006176628917704743,63.07690027869409
2025-07-28,1151.9000244140625,1153.199951171875,1119.0,1130.699951171875,146359,0.0,-0.012661544374990785,0.13414810809200664,-0.01271014538946973,118749.35,903.7486510907803,-0.02483833447876238,1.012823941933092,-0.09438480803962346,44.19953260540741
2025-07-29,1130.0999755859375,1140.0,1121.0999755859375,1130.5,138790,0.0,-0.0001768384014413371,0.13233434650895856,-0.01271014538946973,112841.15,906.0048834182352,-0.021381537583011978,1.0124679194251713,-0.0013363000063355867,44.148328921589446
2025-07-30,1121.4000244140625,1155.0,1121.4000244140625,1148.9000244140625,216033,0.0,0.01627600567365106,0.14446025713747715,-0.01271014538946973,122011.7,908.4217504928206,-0.0009565005095109047,0.9968839399183301,0.11266769746564173,52.1350798248191
2025-07-31,1148.9000244140625,1151.0,1126.0,1133.4000244140625,64836,0.0,-0.013491165175929853,0.15012386083457158,-0.012703025415037738,117018.0,910.6603402830817,-0.01108101513167048,1.009894970421052,-0.08986688859626056,47.212250887373855
2025-08-01,1142.0,1147.0,1125.0,1136.5999755859375,77174,0.0,0.0028233201896472604,0.1446090469465568,-0.012703025415037738,117488.75,912.9084958582346,-0.007509584310702477,1.0070385415056793,0.019523813025699183,45.03746115103632
2025-08-04,1133.0,1139.699951171875,1125.0,1128.9000244140625,45447,0.0,-0.0067745480707982475,0.14295802961835413,-0.012703025415037738,112767.5,915.057665296601,-0.0015918694928278576,1.0142394870473443,-0.0473883671662246,31.8974507472809
2025-08-05,1129.5,1150.0999755859375,1111.5999755859375,1143.800048828125,92112,0.0,0.01319871033025799,0.1416308041088227,-0.012703025415037738,107379.9,917.3337089138302,0.011764749073971625,1.001162736219065,0.09319095151226554,43.643304135971135
2025-08-06,1141.0,1153.9000244140625,1115.0,1135.5,38651,0.0,-0.007256555756077088,0.131284757821781,-0.012703025415037738,106365.2,919.5045177803592,-0.011663351143974876,1.0082562640184665,-0.05527340205931474,43.03086008809703
2025-08-07,1130.0,1138.0999755859375,1120.0,1127.300048828125,49619,0.0,-0.007221445329700593,0.13352478603644663,-0.012703025415037738,101054.1,921.572135004715,-0.005382014694318538,1.0148229769388581,-0.05408317813666193,40.10463777349273
2025-08-08,1124.0,1124.4000244140625,1108.0,1120.5,102593,0.0,-0.006032155179265697,0.1339837302548441,-0.012703025415037738,104031.0,923.5515167459616,-0.01416503249319323,1.0201293999783858,-0.045021546404005595,32.5892856735491
2025-08-11,1120.5,1145.0,1111.199951171875,1138.0,165756,0.0,0.015618027666220335,0.14504495566504433,-0.012703025415037738,106664.9,925.6853324997332,0.008060922481298194,1.0040377812980557,0.107677144081563,43.13100718824177
2025-08-12,1131.0999755859375,1146.0,1123.800048828125,1137.800048828125,137007,0.0,-0.00017570401746480613,0.1429867970774956,-0.012703025415037738,104591.9,927.7959266920556,-0.005245672096401144,1.0030540965220156,-0.001228812790886215,44.925142989359216
2025-08-13,1148.0,1160.0,1135.0999755859375,1146.800048828125,218300,0.0,0.00791000141832443,0.1355602143186787,-0.012703025415037738,98947.95,929.9750721859468,0.00995160618945401,0.9947287725079104,0.05835045979069334,50.27935894278632
2025-08-14,1181.0,1197.0,1140.0,1158.4000244140625,596446,0.0,0.010115081175477103,0.1390374424217508,-0.012703025415037738,125686.3,932.247957282744,0.027588019372719152,0.9851130704697864,0.07275076606549441,54.85297240318983
2025-08-18,1175.0,1175.0,1123.0,1129.699951171875,287519,0.0,-0.024775615191051537,0.1626565595971235,-0.012703025415037738,137477.9,934.2126537393523,0.008210576681726867,1.009241437302623,-0.15231856452166123,49.66711036479512
2025-08-19,1135.199951171875,1150.9000244140625,1130.0,1138.0999755859375,178037,0.0,0.007435624304797717,0.16515330265393344,-0.012703025415037738,143521.15,936.2413833099652,8.785200873240306e-05,1.0008523202315913,0.04502255622555097,52.39898177646544
2025-08-20,1148.9000244140625,1163.0,1139.5999755859375,1148.300048828125,415232,0.0,0.008962370144095733,0.1656363294340334,-0.012703025415037738,160600.75,938.3514197827826,0.009228334988045095,0.9916615498411055,0.054108718984731616,49.800274489743146
2025-08-21,1152.0,1152.4000244140625,1127.800048828125,1133.5,99432,0.0,-0.012888659931024948,0.17090856562767326,-0.012918785193270194,164485.2,940.2931967003669,-0.011597530748028717,1.0038817874755321,-0.07541259930164695,50.033436576659405
2025-08-22,1133.9000244140625,1156.4000244140625,1125.0999755859375,1130.699951171875,67134,0.0,-0.0024702680442214575,0.17050576290076674,-0.012918785193270194,160553.25,942.1877912722229,-0.023912355540737007,1.0056867904737001,-0.014487885085621925,48.02145678948605
2025-08-25,1141.0,1158.800048828125,1120.199951171875,1125.5,214616,0.0,-0.004598878036994436,0.17079248346944736,-0.012918785193270194,167554.65,944.0117933491161,-0.003717758124640258,1.0094580251658984,-0.026926698847084388,48.84037535647721
2025-08-26,1128.5999755859375,1129.5,1102.4000244140625,1124.300048828125,247042,0.0,-0.0010661494197024002,0.17079478255349964,-0.012918785193270194,172588.8,945.8057063389571,-0.012125408183677133,1.0102507897166053,-0.006242282939442901,42.663664926151576
2025-08-28,1110.0999755859375,1137.699951171875,1110.0999755859375,1128.300048828125,203021,0.0,0.0035577691241490683,0.16579592082821085,-0.012918785193270194,175800.35,947.621570443327,-0.01741705055260656,1.0065718031546784,0.021458724025232228,47.200643142868216
2025-08-29,1129.0,1136.5,1115.800048828125,1129.800048828125,205673,0.0,0.0013294336037279475,0.16586339221374752,-0.012918785193270194,175282.35,949.4342916212852,-0.0032641827718350447,1.0043901281878687,0.008015231726735664,51.025429390049695
2025-09-01,1120.0999755859375,1129.9000244140625,1067.5999755859375,1104.0999755859375,503813,0.0,-0.022747452762853615,0.1726302444827217,-0.013498285150361843,197231.2,950.9732536507843,-0.023525229269152126,1.0264423860948855,-0.13176979221293086,44.17613471876202
2025-09-02,1109.9000244140625,1121.4000244140625,1099.5999755859375,1114.800048828125,309934,0.0,0.00969121771469017,0.17158426220567322,-0.013498285150361843,208869.2,952.603371015733,-0.009506842445024422,1.0156126367952842,0.056480804389073505,41.34331753034368
2025-09-03,1114.800048828125,1130.199951171875,1096.300048828125,1105.800048828125,259505,0.0,-0.008073196632401247,0.1728866240654054,-0.013498285150361843,219572.1,954.1277160685927,-0.01645468219918944,1.02283411861772,-0.04669647642828795,38.79554115633702
2025-09-04,1131.699951171875,1133.0999755859375,1096.199951171875,1102.0,328460,0.0,-0.0034364701214764093,0.17192680133941868,-0.013498285150361843,231389.5,955.5990820778605,-0.023309445794530204,1.024464624200672,-0.019987982646244247,33.72095289244365
2025-09-05,1102.0999755859375,1118.0,1090.0,1110.5999755859375,171355,0.0,0.007803970586150122,0.1672283703951173,-0.013498285150361843,238024.7,957.1413795257022,-0.01699422235120507,1.0154106243820782,0.0466665440860658,32.24371191027794
2025-09-08,1105.5999755859375,1114.300048828125,1072.0999755859375,1085.4000244140625,262739,0.0,-0.022690394134557645,0.18199339063361883,-0.01408640613806906,248680.7,958.4175849474769,-0.01693682781031769,1.0370554524682125,-0.12467701606519764,33.104556596891214
2025-09-09,1085.0999755859375,1094.699951171875,1078.699951171875,1081.800048828125,100606,0.0,-0.0033167270176549524,0.18110490085956954,-0.01408640613806906,248581.35,959.6452711552446,-0.029601720985471314,1.0387178453970196,-0.01831384362750259,27.711856431026334
2025-09-10,1086.0,1104.9000244140625,1077.0,1097.0,406843,0.0,0.014050610543362874,0.1885373206562742,-0.01408640613806906,260635.7,961.0119848750929,-0.007958083233447932,1.0224567145571017,0.07452428913920922,30.464573558316488
2025-09-11,1105.4000244140625,1107.699951171875,1090.0,1095.4000244140625,538083,0.0,-0.0014585009899157342,0.17866086028814993,-0.01408640613806906,280689.5,962.3491792983663,-0.005989088553482347,1.0220147797123469,-0.008163516653441895,33.8696089936749
2025-09-12,1090.0,1117.300048828125,1083.300048828125,1102.4000244140625,508950,0.0,0.006390359543532398,0.18082664699150033,-0.01408640613806906,295222.0,963.7427200457862,-0.007383352559096501,1.0135114193430725,0.035339698525935666,38.43011291353491
2025-09-15,1111.0,1111.0,1092.199951171875,1099.0,349549,0.0,-0.0030842020489518784,0.1776452039260811,-0.01408640613806906,282877.15,965.0885636274202,0.012529920103216519,1.0139445061028491,-0.017361582565546783,39.004149332277336
2025-09-16,1101.0999755859375,1103.4000244140625,1082.199951171875,1099.0,254129,0.0,0.0,0.17235522042902549,-0.01408640613806906,281207.65,966.42101573063,0.015899381027489445,1.0125477840295156,0.0,39.3964632927834
2025-09-17,1099.0,1122.199951171875,1091.300048828125,1104.800048828125,382779,0.0,0.005277569452343034,0.15373426233439616,-0.01408640613806906,291444.75,967.7979215325952,0.007110345331016399,1.005724990227083,0.03432916663412237,40.29728275713758
2025-09-18,1096.0999755859375,1108.800048828125,1082.5,1086.800048828125,306876,0.0,-0.016292540916424514,0.1591760069540123,-0.01661243357733117,286026.95,968.982022301705,-0.00785099086567731,1.0195527866467575,-0.10235550071045947,34.37501105425382
2025-09-19,1090.0,1098.5999755859375,1069.0,1078.0,170419,0.0,-0.008097210556453294,0.1550934184285725,-0.01661243357733117,289576.3,970.066778298703,-0.022133548506615308,1.0253015012157205,-0.052208598639512466,39.18808622290812
2025-09-22,1075.5999755859375,1090.300048828125,1069.4000244140625,1081.300048828125,110902,0.0,0.0030612697849026205,0.15203714214883313,-0.01661243357733117,291764.7,971.1735770104385,-0.01610550607085992,1.0198880730547832,0.02013501135502633,35.21624639834681
2025-09-23,1076.0,1115.0,1076.0,1093.199951171875,874487,0.0,0.011005180621832755,0.1587516258550517,-0.01661243357733117,324758.25,972.3877697881643,-0.005277569452343034,1.0073088821230856,0.06932325807263519,44.578268900288975
2025-09-24,1098.9000244140625,1119.9000244140625,1088.0999755859375,1110.4000244140625,741043,0.0,0.015733693752684186,0.16912828157298884,-0.01661243357733117,349458.3,973.7610260530986,0.005068768409159263,0.991079786865063,0.09302815990365615,53.24075071272616
2025-09-25,1111.0,1115.9000244140625,1094.5999755859375,1104.800048828125,430009,0.0,-0.0050432055680946775,0.16982942801972467,-0.01661243357733117,360807.7,975.064896926482,0.016562384239316996,0.9950397999143032,-0.02969570898249654,47.709349127219376
2025-09-26,1096.800048828125,1109.5,1082.300048828125,1100.5,399647,0.0,-0.0038921511930471997,0.169393194670361,-0.01661243357733117,370506.4,976.3130074048255,0.020871985157699502,0.9975965625532429,-0.022977020835170583,57.142840568965084
2025-09-29,1093.5999755859375,1105.0,1054.800048828125,1075.0999755859375,454511,0.0,-0.023080440176340256,0.18528240169692525,-0.022693247065972443,368041.3,977.2959623121003,-0.005733906374004949,1.0198168002862198,-0.1245689753547356,47.372522760748545
2025-09-30,1062.0999755859375,1084.5999755859375,1045.199951171875,1071.4000244140625,345390,0.0,-0.0034414949826954144,0.16985866695492854,-0.022693247065972443,369814.1,978.2323211389855,-0.01994139016786789,1.0213132265584615,-0.020260931289418933,38.96553932955183
2025-10-01,1079.5,1080.800048828125,1056.5,1065.300048828125,230482,0.0,-0.005693462242800984,0.16553427349809252,-0.022693247065972443,368362.95,979.0986666881312,-0.040615971356571134,1.0252604579063125,-0.03439445970034716,37.510396183083074
2025-10-03,1072.0,1101.300048828125,1052.699951171875,1088.4000244140625,723328,0.0,0.021684008755419093,0.1831792387873155,-0.022693247065972443,388106.35,980.1862423868967,-0.01484433715535971,1.0028757741690297,0.11837590174089976,44.875552665825275
2025-10-06,1089.800048828125,1093.199951171875,1072.0999755859375,1079.4000244140625,242628,0.0,-0.008269018557625518,0.18484903783063286,-0.022693247065972443,391670.0,981.1734441981123,-0.01917308095042025,1.0097924725570813,-0.044733898576539984,43.10831026322358
2025-10-07,1077.800048828125,1096.199951171875,1072.800048828125,1088.699951171875,301464,0.0,0.008615829671544395,0.18535261101090772,-0.022693247065972443,393606.25,982.2433596903886,0.012649963626429672,1.0013181452756759,0.04648345205238488,46.60064390805056
2025-10-08,1097.0,1114.0999755859375,1084.0999755859375,1107.0,325522,0.0,0.016809083906384803,0.17711916689005133,-0.022693247065972443,404852.05,983.4847192954594,0.03322752919051575,0.9859033544965983,0.09490267627440041,50.6707167774381
2025-10-09,1110.5,1110.5,1083.199951171875,1099.199951171875,225799,0.0,-0.007046114569218553,0.17872773333589478,-0.022693247065972443,395799.85,984.6361146375134,0.0318219288368955,0.9929995082538504,-0.039423731524301335,54.03117628601012
2025-10-10,1106.9000244140625,1127.300048828125,1084.5999755859375,1118.0,381616,0.0,0.01710339307064368,0.18186048210624398,-0.022693247065972443,387976.5,985.9631184719661,0.027195860825042217,0.9773121733145125,0.09404677658439292,62.21000851708655
2025-10-13,1118.0,1118.0,1087.0,1096.199951171875,300308,0.0,-0.019499149220147616,0.19514345078192255,-0.022693247065972443,377544.4,987.0600023794279,0.015564134128060791,0.9964651110737444,-0.09992212468722371,54.08664240302953
2025-10-14,1106.199951171875,1107.699951171875,1087.0999755859375,1093.699951171875,166103,0.0,-0.002280605830466853,0.19393341486347038,-0.022693247065972443,368372.1,988.1210963972633,0.004592633621980147,0.9985005508064544,-0.011759735755053083,50.14459208675116
2025-10-15,1091.0,1144.800048828125,1087.0,1131.800048828125,709724,0.0,0.03483596905661979,0.22849679827355984,-0.022693247065972443,391151.85,989.5507377149834,0.022402934804087726,0.9663367723264736,0.1524571363592687,55.52115722070702
2025-10-16,1130.0,1161.4000244140625,1116.199951171875,1126.199951171875,791196,0.0,-0.00494795671907633,0.2295464029470116,-0.022693247065972443,411572.7,990.9104313812212,0.0245633198684323,0.9720920339958572,-0.02155536501552091,55.52112224921703
2025-10-17,1129.300048828125,1165.0,1048.300048828125,1064.699951171875,1477379,0.0,-0.05460842005543132,0.29945024464393327,-0.022764102133527947,470097.85,991.6446554587402,-0.047674462279181595,1.0272048901046111,-0.18236224283851235,42.868523082372064
2025-10-20,1075.0999755859375,1101.5999755859375,1047.9000244140625,1093.0,494567,0.0,0.02658030442940862,0.309581099186738,-0.022764102133527947,486305.25,992.653166349698,-0.002919130919914914,1.001294598662297,0.08585893531822543,53.525010896224586
2025-10-21,1099.0,1109.0,1095.0,1098.0,174350,0.0,0.0045745654162854255,0.3082803347749589,-0.022764102133527947,489477.65,993.7013935501985,0.003931653122520196,0.9974954407071805,0.014838978526590158,55.211587451014765
2025-10-23,1095.0,1099.4000244140625,1074.0999755859375,1084.9000244140625,177526,0.0,-0.011930761007229007,0.311410921726385,-0.022764102133527947,454629.6,994.6088426135206,-0.04143843646465928,1.0091575010793248,-0.03831195308747778,53.73759567324556
2025-10-24,1080.0,1098.9000244140625,1070.199951171875,1091.0,464781,0.0,0.0056226154011120855,0.3096421185648819,-0.022764102133527947,440816.5,995.5679586074159,-0.031255507634543434,1.002626027807416,0.018158431564760196,50.53017375185404
2025-10-27,1094.800048828125,1103.0,1081.5999755859375,1094.5999755859375,282598,0.0,0.003299702645222169,0.3046814812850919,-0.022764102133527947,433445.95,996.5533518111823,0.0280830523014044,0.9988626137968897,0.010830006874735365,53.16929367241885
2025-10-28,1095.9000244140625,1099.199951171875,1082.300048828125,1091.9000244140625,311576,0.0,-0.0024666099324821555,0.3043284601769925,-0.022764102133527947,429042.4,997.5020749216588,-0.0010063820548376068,1.000938702682942,-0.00810509095993423,50.68612108597889
2025-10-29,1097.0,1097.0,1082.0,1089.4000244140625,221362,0.0,-0.0022895869073192854,0.3041461669217757,-0.022764102133527947,417384.95,998.4164823792947,-0.007832400351491353,1.0038920248107288,-0.0075279161174797585,45.95217249923123
2025-10-30,1097.300048828125,1102.0999755859375,1086.199951171875,1097.9000244140625,167676,0.0,0.007802459894905578,0.2936423428210443,-0.022764102133527947,408499.25,999.4063683696905,0.011982670944284513,0.9973266891238678,0.02657130287898444,49.701988631967495
2025-10-31,1097.9000244140625,1097.9000244140625,1068.0,1074.199951171875,70828,0.0,-0.02158673168336611,0.303781111118527,-0.022764102133527947,400516.55,1000.1505831239411,-0.015398761528987115,1.0197449648550667,-0.0710601488462595,40.17937197570808
2025-11-03,1069.9000244140625,1086.0999755859375,1062.5999755859375,1081.9000244140625,101441,0.0,0.007168193625206598,0.3038508178688636,-0.022764102133527947,369422.2,1000.9640104004599,-0.011602367490531673,1.0121868626892363,0.023591160423957307,46.57733161686064
2025-11-04,1087.0,1087.0,1063.199951171875,1075.0,69235,0.0,-0.00637769133779198,0.2951041285148234,-0.022764102133527947,360752.55,1001.7006869138881,-0.015477629852725272,1.0184790606831395,-0.02161166349577175,45.61652001520201
2025-11-06,1072.800048828125,1078.300048828125,1060.0,1068.5,110564,0.0,-0.006046511627906925,0.29445934839760074,-0.022764102133527947,351207.55,1002.3653566958395,-0.019184894387443863,1.0237295205201509,-0.020534282424613855,32.581183027765945
2025-11-07,1068.5,1094.4000244140625,1053.5999755859375,1082.9000244140625,65836,0.0,0.013476859535856311,0.29678979233281966,-0.022764102133527947,338223.25,1003.1666966731353,-0.013662446184938726,1.0090035730562454,0.04540876886579607,38.63519708139365
2025-11-10,1084.800048828125,1095.0,1070.0,1081.199951171875,90188,0.0,-0.0015699263125489304,0.2903663878241512,-0.022764102133527947,331442.7,1003.9431469666551,0.006516477674722854,1.0097577166121534,-0.005406707953513594,56.31215577102812
2025-11-11,1092.9000244140625,1092.9000244140625,1065.0,1075.5,87704,0.0,-0.0052718751658257235,0.2899626775853373,-0.022764102133527947,316747.1,1004.6551554545492,-0.005915541426786297,1.0131334206382931,-0.018181219141425526,41.90565018128639
2025-11-12,1070.0999755859375,1075.0,1061.199951171875,1071.800048828125,127614,0.0,-0.0034402149436308926,0.282550051065913,-0.022764102133527947,308112.4,1005.3232638463262,-0.0029766987645348797,1.0154925818200207,-0.012175594408483821,37.73411081501728
2025-11-13,1067.0999755859375,1077.199951171875,1064.0,1074.0999755859375,187120,0.0,0.0021458543133368035,0.2753770901557757,-0.022764102133527947,309163.25,1006.0076092367701,0.005240969196010692,1.0124057580457475,0.007792421055065703,44.374974503971394
2025-11-14,1075.9000244140625,1079.800048828125,1059.0999755859375,1073.199951171875,161396,0.0,-0.0008379335578808655,0.27532630285350934,-0.022693247065972443,281746.85,1006.6761897535374,-0.00895749655877609,1.0105246407558806,-0.0030434198213619276,40.198216206704004
2025-11-17,1073.199951171875,1102.5,1070.0999755859375,1085.9000244140625,192816,0.0,0.011833836954912025,0.24803822623535146,-0.022693247065972443,251827.85,1007.4644866158312,0.004347089765490031,0.9968505151875183,0.04770972868748942,45.645676404967226
2025-11-18,1075.0,1112.0,1075.0,1106.800048828125,226697,0.0,0.019246729850052047,0.2581846016106319,-0.022693247065972443,189293.75,1008.4529001701824,0.02910278831066937,0.9799285831351952,0.07454638651771404,56.30821191141623
2025-11-19,1108.0,1125.199951171875,1097.5,1117.9000244140625,676524,0.0,0.010028889678573849,0.17024647380127111,-0.022693247065972443,198391.6,1009.5419262820618,0.04301173118656032,0.9713122651123841,0.05890805762708487,61.24702284720811
2025-11-20,1113.9000244140625,1196.0,1110.0,1179.199951171875,538429,0.0,0.05483489168894362,0.2362103322656044,-0.022693247065972443,216595.55,1011.2300658332043,0.09784934175108218,0.9242622520110236,0.23214433018891725,72.64620369521445
2025-11-21,1187.9000244140625,1255.0,1181.0999755859375,1246.800048828125,1760009,0.0,0.057327086546323125,0.30053147258728447,-0.022693247065972443,295719.7,1013.5740457635021,0.16175932310347974,0.8806424131071475,0.19075234997941826,88.6302560952343
2025-11-24,1253.0,1263.0,1172.0999755859375,1190.699951171875,1015986,0.0,-0.04499526424383671,0.34434842459140474,-0.022764102133527947,323279.95,1015.3364925834859,0.09650973791474149,0.9263206907291556,-0.1306678344486362,70.01469060930543
2025-11-25,1200.0,1255.0,1200.0,1225.0,720058,0.0,0.02880662655135513,0.3543825164225527,-0.022764102133527947,345152.95,1017.4226966373816,0.10679431329717115,0.9057061244419643,0.08128681411624446,75.06682852147627
2025-11-26,1238.5999755859375,1242.800048828125,1214.0,1231.800048828125,293470,0.0,0.005551060267857233,0.35427088550561714,-0.022764102133527947,344247.65,1019.5558046193792,0.10188748718720375,0.9063849321359252,0.01566897066137689,77.26208939835062
2025-11-27,1244.0,1244.0,1208.0,1215.800048828125,134499,0.0,-0.012989121095766776,0.3592325446021685,-0.022709896436646775,339904.5,1021.5084836662325,0.031038075959787248,0.9235112352274144,-0.03615797323867698,72.0690679556726
2025-11-28,1215.0,1230.9000244140625,1195.0,1221.699951171875,231367,0.0,0.004852691319955804,0.35816357243455405,-0.022709896436646775,343089.05,1023.5004385667862,-0.02013161427114296,0.9241180701838879,0.013548812771445068,73.01015023333144
2025-12-01,1225.699951171875,1249.800048828125,1210.0,1231.4000244140625,441601,0.0,0.00793981634597185,0.35817398788608973,-0.022709896436646775,361627.7,1025.5690911622817,0.03418163677770458,0.9232215221237814,0.02216748394029696,75.20205917614712
2025-12-02,1231.199951171875,1231.199951171875,1203.0999755859375,1210.199951171875,427119,0.0,-0.017216235846897243,0.3542745713591861,-0.022709896436646775,377911.6,1027.4062141474517,-0.012081672512755048,0.9446951308448149,-0.048595741136286404,71.1749966450756
2025-12-03,1212.0,1263.0,1205.0999755859375,1253.9000244140625,565900,0.0,0.03610979590593377,0.369414508746307,-0.022709896436646775,402744.85,1029.6598839013484,0.017941203693702112,0.9189050004044997,0.0977487187793286,74.4160556797285
2025-12-04,1255.199951171875,1272.0,1230.0,1251.4000244140625,435842,0.0,-0.0019937793694263517,0.3676766118741688,-0.021661417108014818,419008.75,1031.8662534586888,0.029281110508468267,0.9280485704048854,-0.005422643841926642,74.09408775486374
2025-12-05,1251.4000244140625,1270.0,1238.0,1261.4000244140625,388979,0.0,0.007991049868072642,0.36435388908892374,-0.021661417108014818,435165.9,1034.1501715776478,0.03249576395915099,0.9277667520307229,0.02193211020399251,73.90354622581341
2025-12-08,1255.0,1261.300048828125,1235.5999755859375,1241.300048828125,281583,0.0,-0.015934656093949395,0.37310872863318656,-0.021661417108014818,444735.65,1036.2113643861103,0.008039649356652578,0.9492386709058064,-0.042707807252982066,68.35925364930961
2025-12-09,1235.0,1309.300048828125,1224.199951171875,1294.5999755859375,560200,0.0,0.04293879373333742,0.3919373608619044,-0.021661417108014818,468360.45,1038.7823953433226,0.0697405617413347,0.9186196738386041,0.109555242560594,71.62788804974232
2025-12-10,1306.0999755859375,1335.0999755859375,1288.9000244140625,1297.9000244140625,775033,0.0,0.002549087664420302,0.3893013368906936,-0.021661417108014818,500731.4,1041.360680209698,0.035090516901904456,0.9249942087376911,0.006547852158179212,66.93294565394825
2025-12-11,1298.0,1303.0999755859375,1273.199951171875,1279.0,361698,0.0,-0.014562003281104019,0.39573121623956,-0.021661417108014818,509460.3,1043.7252505558704,0.022055278126481115,0.9466731879000928,-0.03679771096023835,55.334645420684225
2025-12-12,1285.0,1321.0,1277.0999755859375,1307.300048828125,476480,0.0,0.0221266996310594,0.3975822531357759,-0.021661417108014818,525214.5,1046.3478853645495,0.03638815881217683,0.9351334556308559,0.05565313567195789,71.2773710881861
2025-12-15,1312.699951171875,1327.0,1284.5,1323.199951171875,617362,0.0,0.012162397116104229,0.3957889217693188,-0.021661417108014818,546441.8,1049.1026322880057,0.0659791340708229,0.9328635535783707,0.030729502873498616,69.20968573144961
2025-12-16,1330.0,1330.0,1295.5999755859375,1320.5,402699,0.0,-0.0020404710334850362,0.39802975116011063,-0.021661417108014818,555241.9,1051.803103608523,0.02000619875057552,0.9428625566857369,-0.005126428304099201,67.63418508598394
2025-12-17,1316.199951171875,1330.5,1315.199951171875,1323.5999755859375,363667,0.0,0.002347577119225619,0.39720210714477516,-0.021661417108014818,539599.05,1054.5075500958606,0.019801179357768595,0.9484247709406248,0.0059102835002512255,72.59009588953907
2025-12-18,1328.0,1334.800048828125,1318.0,1320.300048828125,318655,0.0,-0.0024931450730434346,0.3990976057347208,-0.021661417108014818,528610.35,1057.1522515757836,0.03229089040510158,0.9561387274547152,-0.006246955568636176,70.88985115630474
2025-12-19,1303.0,1342.0999755859375,1298.699951171875,1333.4000244140625,360019,0.0,0.009921968568860295,0.361612074687385,-0.021661417108014818,458610.85,1059.900985633876,0.01996479355243186,0.9499924884738584,0.027438155385315386,71.30326679371215
2025-12-22,1333.4000244140625,1346.0,1307.199951171875,1341.800048828125,415666,0.0,0.006299703210035368,0.31008835138997326,-0.021661417108014818,428594.85,1062.7059514368038,0.01405690624442446,0.9496757831540792,0.020315832499475002,79.03799260970601
2025-12-23,1322.0,1342.0,1315.199951171875,1332.4000244140625,311692,0.0,-0.007005532919954871,0.25859304625038215,-0.021661417108014818,408176.55,1065.3894745510056,0.00901175646653729,0.9604060267039339,-0.02709095526978025,70.41083711198183
2025-12-24,1312.0,1340.0,1307.0999755859375,1321.0,356028,0.0,-0.008556007359033058,0.2483378836457132,-0.021661417108014818,411304.45,1067.932862863931,-0.0019643212706970115,0.9720704095278789,-0.03445308822357708,67.29623124142293
2025-12-26,1329.199951171875,1329.199951171875,1308.5999755859375,1320.800048828125,379653,0.0,-0.0001513634911998185,0.24859196986083543,-0.01960352834330854,423562.15,1070.4489542665597,0.0003787017961893735,0.976192431345156,-0.0006088832442806622,65.51726552291599
2025-12-29,1320.800048828125,1328.9000244140625,1308.0,1312.0999755859375,323959,0.0,-0.006586972229374655,0.24421056354621226,-0.01960352834330854,428191.75,1072.8534420408819,-0.015974237616715903,0.9861100802392991,-0.026972510377926754,69.66665960473654
2025-12-30,1310.0,1320.5,1303.300048828125,1314.199951171875,329324,0.0,0.0016004691906192914,0.24428498346099065,-0.01960352834330854,422577.9,1075.2548998431805,-0.020569456440514222,0.9876845661023491,0.006551647597931008,57.60869043873284
2025-12-31,1314.199951171875,1327.199951171875,1313.300048828125,1318.9000244140625,252576,0.0,0.0035763760590590277,0.2437737225607875,-0.01960352834330854,413850.75,1077.6792294409006,-0.010132092279071192,0.9882856835840191,0.014670883616089446,58.06451909098551
2026-01-01,1321.0,1330.0,1310.199951171875,1326.5,408433,0.0,0.005762359121430638,0.2320182930540297,-0.01960352834330854,405977.4,1080.1550580036778,0.00416351249053748,0.9853599781276502,0.024835795476397252,69.97478503672104
2026-01-02,1326.0,1330.0,1311.199951171875,1325.300048828125,274524,0.0,-0.0009045994510931132,0.20191432323052433,-0.01960352834330854,397911.5,1082.594311643722,0.0034070259188683227,0.9890401900807766,-0.004480115089503516,59.80394233616488
2026-01-05,1333.800048828125,1334.0,1318.0,1328.4000244140625,169648,0.0,0.0023390745278237812,0.20119732666607928,-0.01960352834330854,386944.95,1085.0401396314867,0.012422871070358887,0.9892539807703423,0.01162577281878173,53.29119058740851
2026-01-06,1319.0,1374.800048828125,1318.800048828125,1354.800048828125,391246,0.0,0.01987355008195446,0.20902701525300835,-0.01960352834330854,392428.1,1087.7243178324482,0.03089339458584428,0.9741659024507947,0.09507646227993401,66.69915528195531
2026-01-07,1363.5999755859375,1363.5999755859375,1323.9000244140625,1338.800048828125,404760,0.0,-0.011809860808493222,0.2046399268951661,-0.01960352834330854,384656.1,1090.2225838125048,0.015088349416706892,0.9874588942735094,-0.05771044004251835,56.574427462780605
2026-01-08,1335.0,1339.199951171875,1311.5,1319.9000244140625,378775,0.0,-0.014117137529690127,0.1565336615015119,-0.017434760638720688,364843.2,1092.507931480182,-0.004975481029730444,1.0024319959055257,-0.09018594781732807,49.84755170338312
2026-01-09,1315.0,1321.300048828125,1285.0,1309.699951171875,562879,0.0,-0.007727913518840612,0.15925064795848082,-0.017434760638720688,374902.25,1094.6690461039798,-0.011770993044212252,1.0114110581148659,-0.04852672898127305,40.763818477261744
2026-01-12,1309.9000244140625,1318.0,1300.0999755859375,1312.9000244140625,403636,0.0,0.0024433636416678617,0.14961763624734314,-0.017434760638720688,371260.05,1096.8404986244782,-0.011668172022833878,1.009159103944975,0.016330718354094213,38.261586947046325
2026-01-13,1318.9000244140625,1342.5,1315.0,1337.699951171875,349928,0.0,0.01888942516310821,0.14426100737188452,-0.017434760638720688,357888.35,1099.2371100926116,-0.012621860820747122,0.9909920464942176,0.1309392204992839,51.91332922066472
2026-01-14,1337.199951171875,1339.9000244140625,1315.9000244140625,1321.300048828125,310602,0.0,-0.012259776438941383,0.145538713669293,-0.01599873508159679,353283.5,1101.446691572567,-0.013071406753620951,1.0033224594400083,-0.0842372128176637,50.104546581126236
2026-01-15,1321.300048828125,1321.300048828125,1321.300048828125,1321.300048828125,0,0.0,0.0,0.14535482504400316,-0.01599873508159679,335100.15,1103.6342871671498,0.0010607048929209828,1.003235426719475,0.0,50.174459068088396
2026-01-16,1319.199951171875,1327.0,1310.0,1316.199951171875,387809,0.0,-0.0038599087775508245,0.1457186658282269,-0.01599873508159679,338557.85,1105.7493684010276,0.004962968803796652,1.006967073845957,-0.026488771982123165,51.467420648635205
2026-01-19,1316.199951171875,1328.5,1284.0,1306.4000244140625,281861,0.0,-0.007445621578307415,0.14768574943335935,-0.01599873508159679,334649.95,1107.7458923414558,-0.00495087202310085,1.013487437755962,-0.050415298041427775,47.35416363687521
2026-01-20,1295.5999755859375,1296.0,1227.0,1272.199951171875,469457,0.0,-0.02617886757735377,0.16734064564311033,-0.017434760638720688,337339.5,1109.3822511357882,-0.048964642588660956,1.0379972168121205,-0.15644057014564228,36.800433323875694
2026-01-21,1270.0,1270.0,1201.300048828125,1221.0,242795,0.0,-0.04024520762220796,0.2098850434905365,-0.021816338478065495,333894.65,1110.4928755025965,-0.07591012269853636,1.0769615129600483,-0.19174880227487268,26.077097489112035
2026-01-22,1227.0,1253.0999755859375,1210.0,1239.5,125550,0.0,0.015151515151515138,0.2201980393609782,-0.021816338478065495,322370.75,1111.77652848267,-0.061908760921241424,1.0575998445536254,0.0688085802552989,31.95962335995445
2026-01-23,1239.5,1277.0,1204.300048828125,1230.199951171875,193251,0.0,-0.0075030648068777905,0.2199139905694644,-0.021816338478065495,313050.65,1112.9548709969904,-0.06533961646437547,1.0619127412555798,-0.034118177048522165,29.87704422181696
2026-01-27,1230.199951171875,1230.5999755859375,1204.199951171875,1219.0999755859375,112105,0.0,-0.009022903614460231,0.22046371241095625,-0.021816338478065495,302457.95,1114.0110411919054,-0.06682489834404304,1.0677672287014537,-0.04092693126917749,20.332306549938195
2026-01-28,1213.0999755859375,1232.4000244140625,1208.0,1220.800048828125,151454,0.0,0.001394531438137614,0.22088719482662003,-0.017664367433420067,293564.45,1115.0736183823155,-0.04040237723355,1.06245491108006,0.006313319231108099,22.48136207044351
2026-01-29,1220.800048828125,1231.4000244140625,1211.199951171875,1217.0,85809,0.0,-0.0031127528474239607,0.22016237852274617,-0.017664367433420067,285226.1,1116.087811234233,-0.003276003276003303,1.0615858719009987,-0.014138440577021471,24.18466225645713
2026-01-30,1211.800048828125,1253.0,1210.0999755859375,1245.300048828125,440572,0.0,0.023253943161976265,0.23802655317996932,-0.017664367433420067,286833.05,1117.37350514064,0.004679345565248072,1.0342005605451277,0.09769473982781582,35.18862487360222
2026-02-02,1223.0,1235.0,1211.0999755859375,1229.300048828125,63953,0.0,-0.012848309140481184,0.2384960254278894,-0.017664367433420067,276304.5,1118.4872020927544,-0.0007315090062333107,1.0437565749452902,-0.05387221266563126,31.841887689770317
2026-02-03,1256.4000244140625,1289.0,1226.0,1255.699951171875,726321,0.0,0.021475556247570804,0.25369209887721295,-0.017664367433420067,304138.15,1119.8525030786163,0.030022128060782194,1.0189177786371404,0.0846520466979325,32.31234192895363
2026-02-04,1289.699951171875,1289.699951171875,1241.0,1257.0999755859375,129030,0.0,0.0011149354690631608,0.25343664597114623,-0.017664367433420067,291027.35,1121.2181495712266,0.029734539077597155,1.0138970853345397,0.004399266810046989,35.19372169434193
2026-02-05,1255.0,1315.0999755859375,1251.0,1306.0999755859375,268117,0.0,0.03897860230023542,0.2817492616442714,-0.017664367433420067,284195.2,1123.0577697305769,0.07321279834505967,0.9746076267917657,0.1383449975673715,47.140695334618606
2026-02-06,1310.5,1354.199951171875,1288.4000244140625,1315.300048828125,361124,0.0,0.007043927275214967,0.28070181518591275,-0.017664367433420067,283312.65,1124.97062822906,0.05621135248960485,0.9676157162110817,0.025093984588627723,49.83328973788917
2026-02-09,1315.300048828125,1345.0,1312.199951171875,1319.199951171875,115710,0.0,0.0029650286618818633,0.27661685065481395,-0.017664367433420067,260954.2,1126.903258308093,0.07313096784584872,0.9651152561431665,0.010718900702086552,52.4242274038827
2026-02-10,1333.9000244140625,1345.699951171875,1301.4000244140625,1311.300048828125,225269,0.0,-0.005988404060151997,0.27606014319317623,-0.017664367433420067,252035.85,1128.7380522436158,0.04427817139306378,0.9708685675240663,-0.021692388383054845,58.22467512097816
2026-02-11,1323.9000244140625,1379.9000244140625,1311.0999755859375,1362.800048828125,220000,0.0,0.03927400143546422,0.3075178976672405,-0.017664367433420067,245539.45,1131.0670273340088,0.08408247179618344,0.935100498403,0.1277128923430433,79.78992617746076
2026-02-12,1362.800048828125,1407.0,1344.0999755859375,1368.199951171875,491244,0.0,0.003962358490075868,0.30144877579096435,-0.017664367433420067,254571.55,1133.426558914485,0.047546111895514276,0.9331238456093318,0.013144383646061566,78.61271828278674
2026-02-13,1368.199951171875,1368.199951171875,1331.0999755859375,1336.4000244140625,183391,0.0,-0.023242163347963585,0.30992952203484514,-0.023388998559433095,263741.1,1135.4461953871175,0.01604194845483109,0.9558926784211862,-0.07499176730712608,71.46325128597795
2026-02-16,1315.0,1325.5,1234.0999755859375,1249.699951171875,339199,0.0,-0.06487583931330787,0.38437427652324757,-0.02688218457959648,261310.6,1136.5830486785082,-0.05268344646182077,1.0195487305448905,-0.16878298467913794,54.73684009244974
2026-02-17,1250.0,1270.0,1241.0,1262.0,386326,0.0,0.009842401623358477,0.38662792507315474,-0.02688218457959648,266533.85,1137.8309785424037,-0.037596314338723014,1.0078526129624354,0.025457036935254494,56.17505532157783
2026-02-18,1268.300048828125,1294.0999755859375,1262.0,1290.199951171875,136728,0.0,0.022345444668680603,0.39475151258770297,-0.023388998559433095,249897.4,1139.3470877227967,-0.053272743656473276,0.9865215049826299,0.05660635460555078,60.22346381599249
2026-02-19,1296.0,1355.0999755859375,1275.0,1337.800048828125,282130,0.0,0.036893581970000255,0.40302284328868604,-0.023388998559433095,251864.15,1141.321744052203,-0.022218903251467137,0.9557855832940515,0.09154215863677913,62.25815633568783
2026-02-20,1329.0999755859375,1329.0999755859375,1278.199951171875,1285.0,154528,0.0,-0.03946781798548771,0.4019865813451151,-0.026843315097760466,253313.05,1142.7513784397433,-0.03846155602743162,0.996828793774319,-0.09818192654989241,56.72542510461695
2026-02-23,1290.0,1291.0999755859375,1265.0,1283.199951171875,107056,0.0,-0.0014008162086576181,0.39963204382770884,-0.026843315097760466,249003.3,1144.148876675884,0.026806434591428285,1.000292276217578,-0.003505264893645254,53.53016686137555
2026-02-24,1272.199951171875,1280.300048828125,1256.0999755859375,1268.800048828125,144014,0.0,-0.011221869460483869,0.4009466274227444,-0.026843315097760466,250598.75,1145.389186846553,0.005388311274266977,1.0136033686709942,-0.027988436397963636,51.4534256703752
2026-02-25,1282.199951171875,1282.300048828125,1265.0999755859375,1269.5,199262,0.0,0.0005516638910294525,0.3990638314679648,-0.026843315097760466,252989.15,1146.6241203107666,-0.016043986944096145,1.01496258465593,0.0013823950799454672,44.833428377943044
2026-02-26,1269.5,1269.5,1247.0,1251.699951171875,188082,0.0,-0.014021306678318246,0.403026399169607,-0.026843315097760466,258102.8,1147.669650966101,-0.0643594666719225,1.030782175529646,-0.034790044422169895,41.23482193899058
2026-02-27,1252.0,1253.5999755859375,1236.0,1239.300048828125,151473,0.0,-0.009906449490663327,0.4046900289379749,-0.026843315097760466,243647.85,1148.5813962184595,-0.03556416433608944,1.0408536657438587,-0.02447910385108749,39.240513805162074
2026-03-02,1181.0,1237.0999755859375,1181.0,1217.699951171875,509672,0.0,-0.01742927201259692,0.40125105544124445,-0.026843315097760466,265933.8,1149.2691430339164,-0.05104426628148051,1.0588404743349589,-0.04343732269827232,37.84414314776447
2026-03-04,1200.0,1255.0,1162.300048828125,1246.5,407216,0.0,0.023651186649394917,0.40727148748570124,-0.026843315097760466,249978.55,1150.2366142475094,-0.01757569985020213,1.0340072172786927,0.05807228542975876,33.94976079918264
2026-03-05,1248.0,1260.0,1234.199951171875,1244.300048828125,822936,0.0,-0.001764902664961876,0.40043362754438006,-0.026843315097760466,284673.85,1151.1725688204508,-0.01985029631498625,1.0353210234245886,-0.004407478541975066,32.74855628777222
2026-03-06,1251.5,1258.0,1215.0999755859375,1252.9000244140625,277351,0.0,0.006911496623372315,0.40116318983802246,-0.026843315097760466,285135.55,1152.1847823089445,0.000958754724775579,1.0260914497488591,0.01722864067831488,37.57071097182714
2026-03-09,1205.0,1265.0,1203.0,1254.4000244140625,775365,0.0,0.0011972224206009408,0.3756201733833872,-0.026843315097760466,305847.6,1153.2018493945675,0.012184277407409017,1.022437002757384,0.0031873218574598326,50.937389654254766
2026-03-10,1264.0,1309.9000244140625,1241.0,1294.0999755859375,495100,0.0,0.03164855739732553,0.39210537317358146,-0.026843315097760466,324817.1,1154.6038207994568,0.06274125603810488,0.9901012492186074,0.08071441697936343,55.771301375008285
2026-03-11,1302.0,1349.5,1285.800048828125,1299.0,517379,0.0,0.0037864342064020118,0.39220661163059983,-0.026843315097760466,339422.6,1156.0405987019499,0.042117930204572884,0.9858929946112394,0.009654182253884199,51.72685380630084
2026-03-12,1290.0,1290.300048828125,1261.199951171875,1267.0999755859375,68134,0.0,-0.024557370603589312,0.4006990022076933,-0.026843315097760466,331829.3,1157.1456671286562,0.018323495831479963,1.0069371169768102,-0.06128632678250915,35.21537420329442
2026-03-13,1260.0,1268.800048828125,1223.0999755859375,1235.0,153141,0.0,-0.02533341978094006,0.3801969455155526,-0.026843315097760466,314924.15,1157.9203371074755,-0.014286873705213421,1.02771659820186,-0.06663235834328966,38.55310840999111
2026-03-16,1225.5999755859375,1243.9000244140625,1210.0,1236.5999755859375,146263,0.0,0.001295526790232815,0.37956946292618376,-0.026843315097760466,313067.75,1158.7032190823854,-0.014190089669712469,1.022351626473918,0.0034131480075184043,39.32172039549397
2026-03-17,1245.0,1251.9000244140625,1226.9000244140625,1236.0999755859375,188822,0.0,-0.00040433447345256113,0.37357969803899027,-0.026843315097760466,305548.9,1159.4733360625203,-0.044818793829077275,1.022215049360906,-0.0010823245073320765,41.99704231941709
2026-03-18,1235.0,1276.5999755859375,1230.0999755859375,1240.4000244140625,185767,0.0,0.003478722524920874,0.2996768163052767,-0.026843315097760466,295520.95,1160.278576742635,-0.045111605531899523,1.017800688431673,0.011608246682968896,43.00144966592577
2026-03-19,1237.199951171875,1260.0,1225.5999755859375,1243.5,122960,0.0,0.0024991740768482984,0.29765336729842806,-0.026843315097760466,294832.55,1161.1066506058926,-0.018625188257165193,1.0133856061284303,0.008396256409154128,47.877858856538175
2026-03-20,1245.0,1272.800048828125,1245.0,1252.5,180870,0.0,0.007237635705669376,0.28744610415049926,-0.026843315097760466,289769.55,1162.0160371670281,0.014170040485830038,1.0026986018197979,0.02517910435859968,53.477330776161125
2026-03-23,1230.0,1248.0,1207.0,1241.800048828125,153377,0.0,-0.00854287518712571,0.25242577310102676,-0.026843315097760466,289712.0,1162.8099079298252,0.00420513775258935,1.0095989305233373,-0.03384311650805753,56.7356374099866
2026-03-24,1250.0,1259.0,1232.9000244140625,1253.199951171875,191964,0.0,0.009180143256161122,0.21891692855687167,-0.026843315097760466,293957.4,1163.709311345169,0.013833812736572249,0.9992180418214544,0.04193436705573262,52.07429137908448
2026-03-25,1253.0,1285.800048828125,1253.0,1267.0,153979,0.0,0.011011849158803821,0.222890299883416,-0.026843315097760466,294455.65,1164.7370793914856,0.021444675155099846,0.9882636138747409,0.049404790924125995,56.556894922925714
2026-03-27,1255.5,1266.9000244140625,1220.199951171875,1233.800048828125,284931,0.0,-0.026203592085142113,0.23752318607302716,-0.02686680338015939,298739.1,1165.4242731172235,-0.007800523660534742,1.013409751773225,-0.11032013933108978,45.169450626434305
2026-03-30,1212.300048828125,1248.0,1201.300048828125,1230.9000244140625,156546,0.0,-0.002350481682033445,0.2374624965580825,-0.02686680338015939,297162.3,1166.0757731301276,-0.01724548948977045,1.0149524576356321,-0.0098983275974918,44.09843862049065
2026-04-01,1237.0,1283.0,1232.199951171875,1276.4000244140625,80385,0.0,0.036964821754438715,0.2670561833300905,-0.02686680338015939,293607.9,1167.1735268742464,0.027862759079925192,0.9802256187173456,0.13841589402403015,45.68082973751568
2026-04-02,1251.0999755859375,1270.0,1236.5,1265.4000244140625,231657,0.0,-0.00861798792666868,0.2664257575344734,-0.02686680338015939,279707.15,1168.1509049592198,0.00973513702324924,0.9906314075698448,-0.032346675797991574,42.037915843050776
2026-04-06,1265.0,1286.9000244140625,1235.0999755859375,1243.5999755859375,125737,0.0,-0.017227792324580826,0.26624980359364736,-0.02686680338015939,265633.2,1168.9016419803813,-0.0184688432628749,1.0078803720729896,-0.0647053685861881,44.15131619043447
2026-04-07,1242.699951171875,1250.4000244140625,1227.5999755859375,1244.0999755859375,61044,0.0,0.00040205854761654614,0.25334596943207155,-0.02686680338015939,227538.6,1169.6498841058096,0.008348132882305848,1.0074672671310787,0.0015869939934229278,52.68753082552426
2026-04-08,1268.5,1274.199951171875,1250.0,1260.800048828125,235760,0.0,0.013423417385987957,0.257421363101056,-0.02686680338015939,225459.05,1170.556850918967,0.024291188415806353,0.9944360367272067,0.05214569879836015,56.561841073695874
2026-04-09,1268.9000244140625,1279.0,1252.300048828125,1275.9000244140625,268062,0.0,0.0119765030148693,0.2595375747036232,-0.02686680338015939,200093.9,1171.6050417000129,-0.0003917267239395006,0.9835096634929407,0.046145543923997626,60.000012226162056
2026-04-10,1279.0,1299.9000244140625,1274.9000244140625,1286.199951171875,220907,0.0,0.008072675414002362,0.26069581179704326,-0.02686680338015939,186384.25,1172.7452895554543,0.01643743192390401,0.9753265822304266,0.030965879538672067,61.170720453366144
2026-04-13,1271.0,1289.5999755859375,1250.5999755859375,1275.0999755859375,108664,0.0,-0.008630054429580869,0.23800742096577276,-0.02686680338015939,165948.5,1173.7637441428224,0.025329688499839742,0.9828797939116868,-0.036259600780372,57.417838858010725
2026-04-15,1282.4000244140625,1297.0999755859375,1275.0,1287.800048828125,356293,0.0,0.009960060768059886,0.24038898751552898,-0.02686680338015939,180356.45,1174.8984337416812,0.0351258533074128,0.9739904933411111,0.041433097483658636,58.14491384848562
2026-04-16,1294.9000244140625,1294.9000244140625,1261.199951171875,1266.4000244140625,77922,0.0,-0.016617505515344688,0.23171201710263453,-0.02686680338015939,176595.5,1175.8088973304611,0.004441604829522827,0.991689025499335,-0.07171619757132473,55.408964993336895
2026-04-17,1255.5999755859375,1294.5999755859375,1255.5999755859375,1288.0,208854,0.0,0.017056202755469263,0.21934288099105598,-0.02686680338015939,179725.05,1176.9252267102574,0.009483482525595388,0.9770535771150767,0.07776045386474255,57.323239554801695
2026-04-20,1284.0,1325.0,1276.300048828125,1309.0,190053,0.0,0.016304347826086918,0.22475020060205067,-0.02686680338015939,179786.6,1178.2394035589116,0.017726675239997824,0.9641634901030725,0.07254430499714136,58.578429627983596
2026-04-21,1321.9000244140625,1345.0,1302.300048828125,1318.0999755859375,470341,0.0,0.006951853006827768,0.22486992038196163,-0.02686680338015939,194015.3,1179.6310510417675,0.0337228459127219,0.9604544644200826,0.030914996038018182,69.09830054107636
2026-04-22,1329.9000244140625,1348.9000244140625,1315.0999755859375,1343.300048828125,215193,0.0,0.019118483960964605,0.23157698675875846,-0.02686680338015939,198626.95,1181.259598283423,0.04309675252031875,0.9461512412313934,0.08255778522286034,73.12756537973718
2026-04-23,1351.0999755859375,1384.0,1336.300048828125,1341.0,492172,0.0,-0.0017122375824608627,0.23235693942667607,-0.02537692839615016,214192.05,1182.8490550169213,0.058907117930966146,0.9510738318754077,-0.0073689966522872885,66.16614618250496
2026-04-24,1340.0,1354.300048828125,1333.0,1341.0,97403,0.0,0.0,0.2323222408251854,-0.02537692839615016,211393.35,1184.422696260534,0.041149068322981375,0.9547725623441579,0.0,70.02116180036359
2026-04-27,1354.9000244140625,1364.4000244140625,1324.199951171875,1334.5,362864,0.0,-0.004847129008202833,0.23028060231949452,-0.02537692839615016,219938.35,1185.9160027654043,0.01948051948051943,0.9624690959497354,-0.02104879329345303,76.19595396131069
2026-04-28,1325.5999755859375,1345.5999755859375,1303.0,1310.0,204572,0.0,-0.018358935931060305,0.24127097400179692,-0.02537692839615016,222468.0,1187.1506694045545,-0.006145190604632811,0.982110693545742,-0.0760925977361769,66.68354012558214
2026-04-29,1317.800048828125,1320.0,1287.0,1294.699951171875,232549,0.0,-0.011679426586355013,0.24364850577130537,-0.02537692839615016,219848.9,1188.220811511692,-0.0361796291890617,0.9960686277116497,-0.047935554006483735,58.643519963710666
2026-04-30,1300.9000244140625,1358.0999755859375,1281.699951171875,1343.800048828125,537387,0.0,0.037923920219358864,0.2540109349708424,-0.02537692839615016,238890.95,1189.7688636242933,0.002088030446029121,0.9638748011747382,0.14930033910039628,64.75444576138138
2026-05-04,1350.0,1368.9000244140625,1334.5999755859375,1348.0,365997,0.0,0.0031254286495505657,0.25293879699463656,-0.02537692839615016,253171.55,1191.343302792211,0.005219985085756829,0.9635274507879149,0.012356461575375576,63.79463868144327
2026-05-05,1341.5,1364.9000244140625,1326.800048828125,1359.300048828125,276339,0.0,0.008382825540152128,0.22442510539381813,-0.02537692839615016,255405.65,1193.0145141955534,0.018583775817253567,0.9589714986081309,0.03735243947827346,68.77786660440837
2026-05-06,1379.0,1381.300048828125,1350.0,1360.4000244140625,275167,0.0,0.0008092220601962907,0.22056826350193798,-0.02537692839615016,262877.15,1194.6800416604142,0.03847330107943692,0.9624889619420414,0.003668805342438248,67.07429453542065
2026-05-07,1360.0,1415.0,1329.0,1367.0,1398344,0.0,0.004851496227207264,0.20722608594428796,-0.02537692839615016,329742.15,1196.3946681115544,0.05584309226449258,0.9623372410716327,0.023411608490233646,75.4296988010158
2026-05-08,1370.0,1382.0,1354.300048828125,1372.0999755859375,482841,0.0,0.003730779506903703,0.20669741856444124,-0.02537692839615016,342096.2,1198.1429796287125,0.02105962623121771,0.9628161419641906,0.018049472278464138,73.19357311254478
2026-05-11,1354.199951171875,1367.0,1341.300048828125,1361.0999755859375,501492,0.0,-0.008016908531247924,0.20870128010896902,-0.02537692839615016,353767.7,1199.7644422750532,0.009718082778885417,0.9737271517258408,-0.038413315639122605,65.20721641143223
2026-05-12,1365.0,1380.800048828125,1351.699951171875,1359.5,401537,0.0,-0.0011755018842379839,0.20712294499744402,-0.02537692839615016,362799.2,1201.3538508096299,0.0001470986277440911,0.9775689627677915,-0.0056753819693837896,62.63735685121706
2026-05-13,1372.199951171875,1396.0,1360.199951171875,1375.0,735774,0.0,0.01140125045972784,0.2084451443947645,-0.02537692839615016,394154.7,1203.0816731896336,0.010732119467746992,0.9701818226207387,0.054696644269962486,60.28550646145223
2026-05-14,1390.800048828125,1390.800048828125,1365.0,1375.300048828125,237972,0.0,0.00021821732954552253,0.20429494446924848,-0.02537692839615016,388238.65,1204.7952888676286,0.006071725550932605,0.9731512823284835,0.0010681484039213984,61.27548541555595
2026-05-15,1365.0999755859375,1389.5,1365.0999755859375,1376.0,196449,0.0,0.0005089443372530145,0.20325909097788322,-0.02537692839615016,394165.0,1206.4988183316325,0.002842376272470304,0.9766388116880904,0.0025039190609644243,61.45287586501403
2026-05-18,1380.0,1381.800048828125,1342.699951171875,1361.0999755859375,206917,0.0,-0.010828506114870962,0.19702788964949394,-0.02537692839615016,394068.15,1208.037138304312,0.0,0.990015449145844,-0.054959252644597605,58.25060897549095
2026-05-19,1378.199951171875,1378.199951171875,1351.199951171875,1361.4000244140625,170546,0.0,0.00022044584050173732,0.19098500686036043,-0.02459617306245685,393092.8,1209.5631371710758,0.0013975905951177925,0.9917217428168473,0.0011542572507817056,68.75911621274211
2026-05-20,1353.5999755859375,1382.0,1353.5999755859375,1371.5,272265,0.0,0.007418815487596708,0.18541553071020273,-0.02459617306245685,383189.0,1211.1744492390253,-0.0025454545454545174,0.9863652979245466,0.04001183212140793,79.1350607565778
2026-05-21,1372.0,1387.800048828125,1360.300048828125,1374.199951171875,198362,0.0,0.001968611864290981,0.1846380400464626,-0.02459617306245685,382347.45,1212.7965935368647,-0.0007998964714553969,0.9855516295614476,0.010662005278953049,67.79855791377193
2026-05-22,1387.0,1387.4000244140625,1350.0,1366.0999755859375,389512,0.0,-0.005894320967651079,0.17561472648189422,-0.02459617306245685,377214.45,1214.3220003234228,-0.0071947851846384525,0.9923139039795137,-0.03356393139740172,60.134373047499594
2026-05-25,1390.0,1390.0,1341.300048828125,1371.0999755859375,490980,0.0,0.0036600542342117848,0.17560956756661336,-0.018668857664686754,396893.3,1215.881980176781,0.007346998882793443,0.9897928837751895,0.020841996689066857,57.10839997132597
2026-05-26,1374.9000244140625,1384.4000244140625,1364.199951171875,1370.300048828125,297868,0.0,-0.0005834197155978327,0.1756678703953382,-0.018668857664686754,393643.5,1217.418478372317,0.006537405798779039,0.9916769705896343,-0.0033211519048607775,55.985516756718425
2026-05-27,1382.699951171875,1384.4000244140625,1351.5,1368.0,251608,0.0,-0.0016785001431561808,0.1746591325222102,-0.018668857664686754,395995.3,1218.9168019706024,-0.0025519504192490494,0.9954641821788766,-0.009610147621918719,50.63775580601473
2026-05-28,1368.0,1368.0,1368.0,1368.0,0,0.0,0.0,0.15963661182971778,-0.018668857664686754,384367.85,1220.4002168763677,-0.004511680535709384,0.9981432775307817,0.0,47.203287984411446
2026-05-29,1360.199951171875,1368.0,1265.0,1293.9000244140625,1019264,0.0,-0.05416664882012978,0.24882237872843038,-0.02459617306245685,408461.7,1221.1315582449022,-0.05285114739930186,1.0533773682078873,-0.21769202159395842,25.36656915136693
2026-06-01,1299.800048828125,1345.4000244140625,1280.0,1328.199951171875,316670,0.0,0.02650894668105841,0.2293312060266079,-0.02459617306245685,405995.35,1222.1969153884543,-0.0312887646254455,1.0254291899335828,0.11559240447224045,40.74509874151987
2026-06-02,1328.199951171875,1339.9000244140625,1311.199951171875,1324.9000244140625,218422,0.0,-0.0024845105248656463,0.229051089213907,-0.02459617306245685,403099.5,1223.2188368712962,-0.03313144770949139,1.026685012992486,-0.010846970537982023,34.03440221715991
2026-06-03,1324.9000244140625,1337.0,1298.300048828125,1327.199951171875,275959,0.0,0.0017359247606849593,0.22686914158495244,-0.02459617306245685,403139.1,1224.2534748245357,-0.029824597096582584,1.0236550972727143,0.007651656245714536,34.86463146057133
2026-06-04,1333.300048828125,1353.0,1321.699951171875,1348.199951171875,206354,0.0,0.015822785392252126,0.23425057230645102,-0.02459617306245685,343539.6,1225.4867730966484,-0.014473719903600135,1.0070130854816361,0.06754640793828405,42.24327723327186
2026-06-05,1355.0,1368.699951171875,1315.300048828125,1328.199951171875,217175,0.0,-0.014834594811115154,0.23865633480924267,-0.02459617306245685,330256.3,1226.5087947690388,0.02650894668105841,1.0205240485509366,-0.06215881175492067,41.07431329727033
2026-06-08,1318.0,1324.0,1271.9000244140625,1302.0,216171,0.0,-0.019725908850364515,0.24618919445521498,-0.02459617306245685,315990.25,1227.2599510399937,-0.019725908850364515,1.0387903169552852,-0.0801249953019484,35.87056569937121
2026-06-09,1291.0999755859375,1302.800048828125,1261.199951171875,1267.199951171875,179657,0.0,-0.0267281481014785,0.25974914350967226,-0.02537692839615016,304896.25,1227.6573639766293,-0.04355051111702213,1.0636758539864841,-0.10289984679577878,27.799020717226682
2026-06-10,1255.4000244140625,1288.0,1255.4000244140625,1272.300048828125,243340,0.0,0.0040246984317933165,0.26089918433820874,-0.02537692839615016,280274.55,1228.1015697960472,-0.04136520823051204,1.0553760442849547,0.015426258567038812,28.529290709315177
2026-06-11,1260.0999755859375,1288.300048828125,1248.0,1258.0,163342,0.0,-0.011239525488736968,0.256887526076915,-0.02537692839615016,276543.05,1228.399066613997,-0.06690398638085682,1.062710644065481,-0.04375270852133413,27.802868612730833
2026-06-12,1299.0,1299.0,1208.199951171875,1250.300048828125,527760,0.0,-0.006120787894972168,0.2564834690701123,-0.020049793012103394,293108.6,1228.6169868350335,-0.05865073423246148,1.0642285377201448,-0.023864257913075913,25.46709774942859
2026-06-15,1234.800048828125,1285.0,1211.0,1269.5,577823,0.0,0.015356274831686001,0.2650774645849052,-0.020049793012103394,311653.9,1229.0237829859288,-0.024961597542242697,1.0445253988944343,0.057931270304023265,30.952361164319527
2026-06-16,1264.5999755859375,1284.5,1246.0,1261.4000244140625,226211,0.0,-0.006380445518658906,0.26401465861936474,-0.020049793012103394,314437.15,1229.3459346419302,-0.004576962579937671,1.04726888245473,-0.024167011446843974,30.288450019643577
2026-06-17,1251.0,1308.300048828125,1251.0,1294.5,193662,0.0,0.026240665090610626,0.28329496315422414,-0.020049793012103394,310507.0,1229.994233799722,0.01744867587824328,1.0175164108895207,0.09262665270211258,37.89125877581408
2026-06-18,1293.199951171875,1313.9000244140625,1281.5,1287.300048828125,273866,0.0,-0.0055619553278293266,0.28127843572722233,-0.020049793012103394,314282.2,1230.5644409144325,0.02329097681091019,1.0198321673136055,-0.01977384123212622,48.60524446039837
2026-06-19,1287.300048828125,1295.0,1274.0,1277.0999755859375,163924,0.0,-0.007923617536931604,0.2812256910632339,-0.020049793012103394,303002.8,1231.0274810604176,0.02143479621786093,1.0244930105640382,-0.028175296592646667,37.97646940080133
2026-06-22,1279.4000244140625,1288.5999755859375,1277.0,1282.300048828125,209952,0.0,0.004071782430190574,0.2821989796629659,-0.020049793012103394,288951.4,1231.5376558640764,0.010082748190724633,1.0168758892531102,0.014428763317166934,40.06530530615783
2026-06-23,1274.699951171875,1297.5,1264.0999755859375,1270.699951171875,219439,0.0,-0.009046320841094246,0.28193398393350894,-0.020049793012103394,285029.95,1231.9273304442536,0.007372702218023441,1.0222397477552876,-0.03208666225339156,37.37149066282396
2026-06-24,1280.199951171875,1287.300048828125,1263.199951171875,1281.0999755859375,207757,0.0,0.008184484782950863,0.28468479023765403,-0.020049793012103394,282837.4,1232.4166104954147,-0.010351505920480841,1.0105495441491767,0.02874928614424964,34.25623967728572
2026-06-25,1281.9000244140625,1285.5,1265.0999755859375,1275.0999755859375,195082,0.0,-0.004683475227806322,0.28469335808540414,-0.018427284577025516,292591.5,1232.841320595818,-0.009477256878296259,1.011661845985384,-0.01645094601009934,36.66501328789961
2026-06-26,1275.0999755859375,1275.0999755859375,1275.0999755859375,1275.0999755859375,0,0.0,0.0,0.28469335808540414,-0.018427284577025516,241628.3,1233.2618047250728,-0.0015660481076138488,1.0109246469740087,0.0,42.22094194614487
2026-06-29,1273.9000244140625,1278.4000244140625,1258.199951171875,1274.5999755859375,179728,0.0,-0.00039212611526417973,0.21602955767162052,-0.018427284577025516,234781.2,1233.6731298082655,-0.006004891951165825,1.009218592919826,-0.0018151502106426368,52.669557191607225
2026-06-30,1282.800048828125,1282.800048828125,1258.0999755859375,1264.4000244140625,256213,0.0,-0.00800247243625285,0.19329009022525154,-0.018427284577025516,236670.75,1233.9788700530994,-0.004957839773270245,1.014967549127652,-0.04140135695996396,47.25121067508036
2026-07-01,1264.4000244140625,1283.699951171875,1255.0,1270.5,371531,0.0,0.004824403249093834,0.1948403027629653,-0.018427284577025516,241449.35,1234.3422643809292,-0.008274120512015037,1.0078630431624485,0.02476080632740004,54.612546069035005
2026-07-02,1266.0,1282.0,1261.199951171875,1273.699951171875,334935,0.0,0.002518654995572689,0.19504425853467705,-0.018427284577025516,247878.4,1234.7338831549687,-0.0010979722695227956,1.002406410680314,0.012913247923124158,58.93126037356583
2026-07-03,1279.9000244140625,1280.0,1259.0999755859375,1269.9000244140625,187232,0.0,-0.0029833767005458256,0.18410348599465964,-0.018427284577025516,246381.25,1235.083795008293,-0.00407807330518184,1.0031104618552629,-0.016204888910052884,50.173020916116315
2026-07-06,1272.699951171875,1287.0,1264.5999755859375,1269.199951171875,230138,0.0,-0.0005512821708232307,0.17889577614564264,-0.018427284577025516,247079.6,1235.4232592487267,-0.004236642489797715,1.0023716092834227,-0.0030815827622368975,53.604399874231774
2026-07-07,1270.0,1277.0,1261.5999755859375,1271.199951171875,243209,0.0,0.0015757958374906789,0.16729519577398114,-0.018427284577025516,250257.2,1235.7792462330367,0.005377986892212805,1.0009518930405898,0.009419252812418353,34.88974097691853
2026-07-08,1270.5,1272.0,1249.0,1259.699951171875,418349,0.0,-0.009046570517406427,0.1425273652729964,-0.018427284577025516,259007.65,1236.0172631976022,-0.008500628750983896,1.0095896181409456,-0.06347251186011572,33.04665351303849
2026-07-09,1258.0999755859375,1272.5999755859375,1253.5,1267.9000244140625,242302,0.0,0.006509544780532117,0.14372012620964233,-0.018427284577025516,262955.65,1236.3345046027412,-0.004553605228983626,1.0034505634499404,0.04529319935403307,44.20659047684258
2026-07-10,1267.9000244140625,1280.0,1265.5,1268.0,274048,0.0,7.885131635965159e-05,0.1379237740818039,-0.018427284577025516,250270.05,1236.6495841589328,-0.0014961999980582785,1.0040693938920175,0.0005717020953607547,40.37682399492107
2026-07-13,1269.699951171875,1294.5,1256.0,1269.699951171875,2304055,0.0,0.0013406554983241836,0.13587697421938594,-0.018427284577025516,336581.65,1236.978443532196,0.0003939489593727252,1.002732958947186,0.009866685708593382,49.223601200131995
2026-07-14,1260.0999755859375,1283.5999755859375,1256.0,1263.800048828125,1047172,0.0,-0.00464669021866515,0.12613655381212927,-0.018427284577025516,377629.7,1237.2453251769318,-0.0058211946412743965,1.0075090528877964,-0.03683856669495166,35.55927352453904
2026-07-15,1269.0999755859375,1286.4000244140625,1257.800048828125,1267.800048828125,593884,0.0,0.0031650576400190644,0.12455281665473139,-0.018427284577025516,397640.8,1237.5493522779386,0.006430180177997569,1.0032772863918855,0.025411367409531475,43.69606685406503
2026-07-16,1274.0,1279.0,1259.9000244140625,1269.0,317027,0.0,0.0009464829828522703,0.08146755937516476,-0.018427284577025516,399798.85,1237.8622940463174,0.0008675570350633599,1.0016075573162924,0.011617911153009114,44.8392525970004
2026-07-17,1274.0,1274.0,1260.300048828125,1267.5,123952,0.0,-0.0011820330969266601,0.07972706370873274,-0.018427284577025516,397800.25,1238.1571965931203,-0.00039432176656151174,1.002414194441876,-0.014825993755207758,44.09317185064381
2026-07-20,1263.5999755859375,1273.800048828125,1263.5999755859375,1267.9000244140625,473915,0.0,0.0003156011156311145,0.0753429170325912,-0.018427284577025516,410998.4,1238.453145128652,-0.0014176000842964775,1.0015300621365701,0.004188861888715771,53.47913860898966
2026-07-21,1269.0,1271.0,1264.4000244140625,1266.4000244140625,335951,0.0,-0.0011830585780556735,0.07365162632993513,-0.018427284577025516,416824.0,1238.731223529502,0.002057268148033753,1.0025465646085359,-0.016062896046952164,45.51423299169715
2026-07-22,1272.0,1272.4000244140625,1243.300048828125,1251.199951171875,139009,0.0,-0.012002584451323184,0.07848491815517661,-0.01507916051307762,413386.6,1238.855290471217,-0.0130936244020452,1.013531043929509,-0.15292852695988018,30.5025830798497
2026-07-23,1250.0,1250.0,1227.699951171875,1239.0999755859375,96728,0.0,-0.009670696977413296,0.07731091425949486,-0.01507916051307762,408468.9,1238.8577251489755,-0.023561878970892458,1.0219756416966819,-0.1250883632557995,26.666629619097307
2026-07-24,1227.699951171875,1259.9000244140625,1214.5999755859375,1249.5999755859375,281938,0.0,0.008473892508177094,0.08380704036769948,-0.01507916051307762,422565.8,1238.964613213025,-0.014122307230029607,1.0123679716643696,0.10111192878162746,37.071243648849006
2026-07-27,1247.300048828125,1247.300048828125,1216.0,1223.300048828125,145811,0.0,-0.021046676753879168,0.10879464490380472,-0.01979194724554025,420869.95,1238.8087469007373,-0.03517625579867667,1.0320362510794536,-0.19345322408061733,26.073939803877863
2026-07-28,1225.5,1231.9000244140625,1207.0,1218.4000244140625,243276,0.0,-0.0040055785322304915,0.1088625893870574,-0.01979194724554025,420223.1,1238.6056750351981,-0.03790271563063863,1.0342990570309,-0.036794808821244376,27.91444879370283
2026-07-29,1225.0,1225.0999755859375,1207.5,1214.4000244140625,145573,0.0,-0.00328299402482668,0.10685987345642342,-0.01979194724554025,408925.2,1238.3648227902117,-0.029411707316121305,1.035396057543124,-0.030722418167014546,20.044727285045198
2026-07-30,1217.0,1217.5,1203.0,1210.800048828125,148720,0.0,-0.0029644067140680574,0.10405580135367246,-0.01979194724554025,399614.45,1238.09054643238,-0.022839098793808188,1.0358770662879677,-0.028488622360479384,19.180995898536338
2026-07-31,1214.0,1217.9000244140625,1205.0,1207.800048828125,143529,0.0,-0.002477700593837562,0.10258856312777517,-0.01979194724554025,397429.3,1237.7891484462682,-0.03345064626638816,1.0358792458039974,-0.024151818455955706,17.109458687213476
2026-08-03,1211.0,1216.800048828125,1196.0,1209.800048828125,199378,0.0,0.00165590322830389,0.10357096009677606,-0.01979194724554025,395891.3,1237.5106499426051,-0.011035722603732867,1.0317118186215641,0.015988101943591185,20.06650261190839
2026-08-04,1212.0,1220.0,1204.800048828125,1214.4000244140625,234655,0.0,0.0038022610351133856,0.10556826819634603,-0.01979194724554025,395463.6,1237.2806934696844,-0.00328299402482668,1.0254652397655293,0.03601707918397206,20.59467646149119
2026-08-05,1215.0,1219.0,1208.300048828125,1216.300048828125,138524,0.0,0.0015645787021283386,0.10556338305161111,-0.01979194724554025,381472.35,1237.071930836435,0.0015645787021283386,1.022079229781823,0.01482122407114556,21.20221244194471
2026-08-06,1224.0,1224.0,1210.0,1213.0,88592,0.0,-0.002713186463574102,0.10253250290680217,-0.01979194724554025,373786.85,1236.83240913657,0.0018169401083227843,1.0225968803537844,-0.026461718206792384,20.793155661354817
2026-08-07,1213.0,1222.0,1208.5,1214.5999755859375,315118,0.0,0.0013190235663129712,0.09875366743748358,-0.01979194724554025,375840.35,1236.6111908922853,0.005630010335245572,1.0190515721452547,0.013356703269586944,21.798915931660332
2026-08-10,1215.0,1217.0,1209.5,1216.300048828125,73071,0.0,0.001399698070442712,0.09921306023980868,-0.01979194724554025,264291.15,1236.409089976224,0.005372788673877249,1.0154320233080723,0.014108000760983317,23.548079776165736
2026-08-11,1216.300048828125,1220.0,1200.0,1209.300048828125,505730,0.0,-0.0057551588580008195,0.09928220805199253,-0.01979194724554025,237219.05,1236.1393482732578,-0.004199584554848923,1.0190564539590128,-0.05796767005131708,25.780403227783168
2026-08-12,1205.5,1212.9000244140625,1194.699951171875,1204.4000244140625,146323,0.0,-0.004051950894081946,0.09912629410129761,-0.01979194724554025,214841.0,1235.8235341055047,-0.009783790131002501,1.0205704030175002,-0.040876646525035774,28.121103477614
2026-08-13,1207.0,1217.0,1203.5,1207.800048828125,138085,0.0,0.0028230026113762463,0.09889675175262187,-0.01979194724554025,205893.9,1235.5446934559786,-0.004286851749278675,1.0151639105674803,0.028544944863186133,21.052711624996093
2026-08-14,1214.0,1233.800048828125,1205.0,1209.4000244140625,597433,0.0,0.0013247023689806348,0.09906112629627631,-0.01979194724554025,229567.95,1235.2845474953626,-0.004281204739335243,1.0114188831485136,0.013372573932714217,35.36843285105827
2026-08-17,1210.5,1222.300048828125,1192.300048828125,1196.9000244140625,385144,0.0,-0.01033570344605883,0.10279959965226125,-0.01979194724554025,225129.4,1234.902611942315,-0.015950031764574768,1.0190157883652278,-0.1005422440904325,30.490052649722102
2026-08-18,1197.5,1219.0,1196.0,1210.5,500190,0.0,0.011362666311745873,0.11346004870140038,-0.01979194724554025,233341.35,1234.6597998831874,0.0009922691833492703,1.0052581749293292,0.10014683970550096,46.98607408756339
2026-08-19,1220.0,1243.0,1213.5,1225.4000244140625,435478,0.0,0.012308983406908336,0.12408184794878822,-0.01979194724554025,248164.8,1234.5676628138428,0.017436067398135746,0.9919822100503891,0.09920050852227383,59.605231558401634
2026-08-20,1225.9000244140625,1245.0,1224.199951171875,1239.4000244140625,341398,0.0,0.011424840640666956,0.12571282578307594,-0.01979194724554025,260398.3,1234.615746013845,0.026163250793537873,0.9807890938441363,0.09088046236090891,68.16087991781684
2026-08-21,1240.0,1251.0,1233.5,1243.699951171875,454805,0.0,0.0034693615242142872,0.12170807746178622,-0.01507916051307762,269041.65,1234.70613611492,0.028361109695222986,0.9771609498654841,0.028505595614618413,68.98089788049855
2026-08-24,1242.0,1273.9000244140625,1242.0,1255.5,601280,0.0,0.009487858238642177,0.12262337192401752,-0.01507916051307762,291815.1,1234.9130402331796,0.04895979145344653,0.9692592777326637,0.07737397297133139,71.29529709628977
2026-08-25,1265.699951171875,1266.300048828125,1251.300048828125,1264.5999755859375,223832,0.0,0.007248088877688241,0.09724436545939019,-0.01507916051307762,290842.9,1235.2084326247493,0.04469225575046476,0.964111216424027,0.07453478767741262,73.2882798644716
2026-08-26,1270.0,1271.0,1263.199951171875,1267.5999755859375,370003,0.0,0.0023722916795170246,0.09509794366771664,-0.01507916051307762,302064.4,1235.530736534811,0.03443769408447128,0.9639279282454588,0.024945769998438547,76.40230294016517
2026-08-27,1265.5,1270.0,1256.0,1259.800048828125,136325,0.0,-0.006153303019911349,0.09755850131938568,-0.01507916051307762,301444.65,1235.7722222292718,0.016459596588846992,0.9718407452432017,-0.06307294911221793,70.6204758727381
2026-08-28,1265.4000244140625,1269.0,1253.0,1260.4000244140625,132636,0.0,0.0004762466762051609,0.09617413484447054,-0.01238875067127525,300900.0,1236.0172749873293,0.013427734902177857,0.9734647677908712,0.0049519200506053926,70.32259216808193
2026-08-31,1261.5999755859375,1270.0,1243.5,1262.800048828125,166656,0.0,0.001904176743552588,0.09483165709251203,-0.011277678436866279,299263.9,1236.2837702494269,0.005814455458482692,0.973713152949997,0.020079545176559944,75.74593362509047
2026-09-01,1269.0,1270.800048828125,1255.0,1259.800048828125,219299,0.0,-0.002375673015521329,0.09611056886544055,-0.010380894548192738,298496.1,1236.5177630711055,-0.0037956087699499985,0.977833759775169,-0.024718122017009035,77.15690710738525
2026-09-02,1259.0999755859375,1260.0,1232.0999755859375,1240.300048828125,282041,0.0,-0.015478646804418683,0.11312478004302566,-0.011277678436866279,305671.95,1236.5553977552552,-0.021536705020204328,0.9941747720445513,-0.13682807100487493,63.75954281652577
2026-09-03,1240.300048828125,1248.9000244140625,1235.0,1240.199951171875,82580,0.0,-8.070438789753442e-05,0.11317031015141592,-0.010419047496322048,305371.35,1236.591661968356,-0.015558101997600438,0.9953516081844004,-0.0007131232622613086,63.20751845189325
2026-09-04,1240.0,1246.0999755859375,1234.0,1238.699951171875,82271,0.0,-0.0012094823891765083,0.11267561496596452,-0.010419047496322048,293729.0,1236.612639970381,-0.017216814361992294,0.9975297193476574,-0.010734197299032971,69.79163647077695
2026-09-07,1258.800048828125,1266.300048828125,1227.0999755859375,1233.5999755859375,286021,0.0,-0.004117200118650688,0.11406074670402586,-0.010419047496322048,304376.5,1236.582663210337,-0.02312327535090375,1.002354924982072,-0.036096552728773615,61.89494398594736
2026-09-08,1243.9000244140625,1245.5,1222.5,1233.4000244140625,137762,0.0,-0.00016208752904689483,0.1140793804297711,-0.010419047496322048,285978.1,1236.550995162613,-0.020955725822220717,1.0034943937621617,-0.0014208309532183047,54.85437459199522
2026-09-09,1235.0,1238.5,1223.5,1229.5999755859375,204066,0.0,-0.0030809540724067164,0.11254157975869543,-0.010419047496322048,288865.25,1236.4818307887158,-0.008627003806294553,1.0076203903093088,-0.027376137826137906,43.21325791080337
2026-09-10,1234.0,1235.5,1229.300048828125,1231.0999755859375,33522,0.0,0.0012199089376894179,0.11114079347647236,-0.010419047496322048,283637.1,1236.4282799906782,-0.0073375068087520035,1.007338988104416,0.01097624724251398,40.92221090201334
2026-09-11,1232.5,1232.5999755859375,1205.0,1219.4000244140625,418693,0.0,-0.009503656408007322,0.11674964725192649,-0.010419047496322048,274700.1,1236.2588446118064,-0.015580792377971608,1.0174142847489696,-0.08140200692409744,23.9538139923514
2026-09-14,1219.4000244140625,1219.4000244140625,1219.4000244140625,1219.4000244140625,0,0.0,0.0,0.11671921183384598,-0.010419047496322048,255442.9,1236.0910951571025,-0.01151098528931982,1.0183368696083068,0.0,12.458481836879088
2026-09-15,1224.800048828125,1227.300048828125,1115.800048828125,1170.4000244140625,493232,0.0,-0.04018369609558203,0.1800077160232059,-0.012176387568977959,255095.0,1235.4374526621468,-0.051078319079755685,1.0592575008732346,-0.22323317439386856,4.237290078208176
2026-09-16,1179.5,1195.699951171875,1160.5,1178.300048828125,435775,0.0,0.006749849837039745,0.17669365783501662,-0.012176387568977959,255109.85,1234.8689212807137,-0.041720826103112674,1.0501569675178817,0.03820085869371534,11.665116370530313
2026-09-17,1180.0,1193.0,1176.0,1181.300048828125,277685,0.0,0.002546040800883942,0.17039717758626974,-0.012176387568977959,251924.2,1234.3358976742204,-0.04045156993371757,1.04503086116763,0.014941800606861054,13.615491110192991
2026-09-18,1179.0999755859375,1219.0,1179.0999755859375,1207.699951171875,465185,1.5,0.02234817679889134,0.18459837278973468,-0.012176387568977959,252443.2,1234.0708633806648,-0.009594942601226841,1.0206964123233508,0.12106377348032812,29.238840236364425
2026-09-21,1200.0,1208.9000244140625,1150.0999755859375,1160.800048828125,6030650,0.0,-0.0388340682619398,0.22496246780765725,-0.015757048301891705,523911.7,1233.3418005492965,-0.04805640020722124,1.0578566145007495,-0.1726246467428355,21.970531659371318
2026-09-22,1169.699951171875,1210.0,1142.0,1197.9000244140625,1218193,0.0,0.031960694370569254,0.25267314729712886,-0.015757048301891705,573629.75,1232.9891460603887,0.02349624011138185,1.0223098649706104,0.12649026399343777,39.08340323478819
2026-09-23,1200.0999755859375,1214.800048828125,1188.0999755859375,1193.4000244140625,312940,0.0,-0.0037565739279462607,0.2504020921585861,-0.015757048301891705,570776.6,1232.5952244519676,0.012815051311382941,1.0230559658718663,-0.01500216609829867,38.21752513857033
