date,open,high,low,close,volume,dividend,daily_return,rolling_volatility_ann,var_95_threshold,avg_volume_20d,ema_200,qlib_momentum_5d,qlib_mean_reversion_20d,qlib_vol_normalized_return,rsi_14d
2021-12-02,2182.449951171875,2214.85009765625,2157.699951171875,2207.0,265922,0.0,0.014852646136640502,0.3099571916761215,-0.034098272907336365,351888.5,2484.4211929579456,-0.015171798304328465,1.0513559096854468,0.04791837729958678,30.039267670046797
2021-12-03,2200.0,2227.699951171875,2191.75,2201.25,248680,0.0,-0.0026053466243769474,0.30863757939603337,-0.033913431503793,342201.0,2481.603569147419,0.0167436489607391,1.0486587155291738,-0.008441443018898953,30.924658239418193
2021-12-06,2217.949951171875,2220.699951171875,2116.0,2123.5,316007,0.0,-0.03532084043157302,0.31207493673258885,-0.03525046998518402,356464.75,2478.0403495539126,-0.018352418670483206,1.0796656440391748,-0.11318063433601668,20.682605190005262
2021-12-07,2132.5,2183.949951171875,2130.0,2150.14990234375,168085,0.0,0.012549989330703948,0.31859125880801964,-0.035180099538795015,348245.05,2474.777758039384,-0.011311689921255308,1.059099406450359,0.03939213204950216,27.215243330683734
2021-12-08,2179.10009765625,2239.89990234375,2160.64990234375,2230.699951171875,396175,0.0,0.0374625270267539,0.3490339564380948,-0.03510972909240602,353082.8,2472.34912314518,0.025750678832646923,1.0148877190597692,0.1073320382226992,40.817355130676745
2021-12-09,2244.0,2250.60009765625,2205.0,2243.39990234375,309641,0.0,0.005693258371751497,0.3436810456476566,-0.03503935864601702,352115.25,2470.071021445663,0.0164929326432941,1.0029899174727603,0.016565528644058438,43.220252840717464
2021-12-10,2222.0,2270.0,2222.0,2247.14990234375,192820,0.0,0.0016715700112504006,0.3408775751297357,-0.034968988199628015,339320.65,2467.8529008575847,0.020851744392390792,0.9983624058947934,0.004903725220343286,50.20564489776896
2021-12-13,2259.0,2268.300048828125,2228.89990234375,2239.550048828125,194878,0.0,-0.003381996682864097,0.28790704271591605,-0.03489861775323901,301332.2,2465.5812306881376,0.054650364411643615,0.9990220966583406,-0.011746835136411834,42.6208651247661
2021-12-14,2230.0,2254.800048828125,2196.35009765625,2250.949951171875,164727,0.0,0.005090264604586503,0.2885532665107231,-0.03482824730685001,276405.45,2463.4455960660853,0.046880475039553726,0.9907450315844297,0.01764064046036691,49.00026679071054
2021-12-15,2254.800048828125,2260.0,2218.050048828125,2247.800048828125,126826,0.0,-0.0013993657842592544,0.282259591162869,-0.034757876860461015,268840.9,2461.2998692278966,0.007665799090221359,0.9897354878994642,-0.004957726073777716,50.968668577669476
2021-12-16,2258.64990234375,2277.0,2231.449951171875,2252.85009765625,172410,0.0,0.002246662834070934,0.27811986666119415,-0.03468750641407201,268123.2,2459.225742147582,0.004212443489289175,0.9859788230490154,0.008078037647082018,65.6847275023745
2021-12-17,2250.0,2252.25,2195.0,2206.14990234375,159488,0.0,-0.020729384241359172,0.2826193424099972,-0.03461713596768301,265725.1,2456.707574587345,-0.0182453337702293,1.004470496514648,-0.07334736303297079,56.60870248764144
2021-12-20,2188.0,2188.0,2066.10009765625,2114.75,425250,0.0,-0.04142959743880026,0.31352249739921484,-0.03635107904596227,270331.95,2453.3050116561276,-0.055725501152978585,1.0447960671049326,-0.1321423389423429,42.58892921581716
2021-12-21,2121.0,2133.050048828125,2065.0,2095.449951171875,586903,0.0,-0.009126397365232242,0.3014532870241292,-0.03623660808880791,291965.4,2449.744264785638,-0.06908194467808781,1.0495967593009548,-0.030274664285730928,40.65557875068021
2021-12-22,2110.0,2188.0,2107.10009765625,2137.300048828125,346356,0.0,0.01997189082604689,0.29803798785403346,-0.03612213713165355,296630.15,2446.635367114419,-0.049159176794932646,1.0262152858094706,0.06701122329988368,41.96264127809965
2021-12-23,2151.949951171875,2169.699951171875,2118.199951171875,2143.949951171875,267180,0.0,0.003111356473975757,0.2944174847215789,-0.03600766617449919,299657.0,2443.623571930911,-0.04833883381662596,1.0207689208561657,0.010567838290037983,43.406204701274056
2021-12-24,2168.0,2216.85009765625,2151.300048828125,2202.5,497114,0.0,0.02730942893332089,0.3108713237704271,-0.035893195217344825,304692.05,2441.2243324092105,-0.0016544217325724642,0.9944846665277384,0.08784801288075154,59.51120117824443
2021-12-27,2197.0,2207.449951171875,2177.75,2188.39990234375,121942,0.0,-0.006401860456867192,0.2874998267742444,-0.035778724260190464,287907.85,2438.70866643841,0.03482676550124131,1.0014680009986963,-0.022267353361644416,54.748603332924134
2021-12-28,2195.449951171875,2254.300048828125,2195.449951171875,2242.14990234375,184586,0.0,0.024561324437290644,0.29905436224126497,-0.0356642533030361,269424.05,2436.752857840453,0.07000880698192447,0.9789633014316659,0.08212996269947714,51.5228025687888
2021-12-29,2245.10009765625,2274.0,2221.10009765625,2258.64990234375,464278,0.0,0.00735900841542847,0.29943048789556637,-0.03554978234588174,280463.4,2434.980689129043,0.05677717248084124,0.9736701407241908,0.024576682960314556,52.00789991499379
2021-12-30,2244.0,2297.75,2238.800048828125,2263.10009765625,240569,0.0,0.00197028999841109,0.2993425533853123,-0.03543531138872738,279195.75,2433.2704344875233,0.05557505967863108,0.9729949529961083,0.006582057613620894,52.0962264395119
2021-12-31,2262.800048828125,2330.5,2250.0,2323.39990234375,208841,0.0,0.026644780206562135,0.30833964622746113,-0.03543531138872738,277203.8,2432.1771953617144,0.05489212365209983,0.950371249492731,0.08641373131358222,59.67907479993757
2022-01-03,2325.0,2335.0,2300.0,2327.449951171875,128470,0.0,0.0017431561497611714,0.3077766370940657,-0.03543531138872738,267826.95,2431.1351332304725,0.06353959743792892,0.9530988903556872,0.005663705047863527,58.98308445274623
2022-01-04,2327.449951171875,2360.14990234375,2290.050048828125,2313.050048828125,454070,0.0,-0.0061869868937459715,0.2773025577312937,-0.03543531138872738,282126.2,2429.9601572662705,0.03162150149294751,0.9625537390652329,-0.022311322049282878,57.46481593638516
2022-01-05,2313.050048828125,2346.39990234375,2301.14990234375,2341.300048828125,128569,0.0,0.012213311170812036,0.27717763098259013,-0.03543531138872738,268745.9,2429.0779671325577,0.03659272134145741,0.9533015553237161,0.04406311824978397,59.608897782349146
2022-01-06,2313.050048828125,2375.0,2303.050048828125,2368.10009765625,191619,0.0,0.011446652829285586,0.25129358670432017,-0.03543531138872738,262844.8,2428.471222162644,0.04639653372325059,0.9451458534240822,0.04555091327199265,68.38879972810116
2022-01-07,2363.449951171875,2403.0,2361.0,2383.85009765625,221924,0.0,0.006650901292385436,0.2514461821590575,-0.03543531138872738,264300.0,2428.0272308740236,0.02601798995150184,0.9417685280487492,0.026450594599492963,86.89333058656102
2022-01-10,2396.0,2410.0,2362.199951171875,2405.64990234375,134056,0.0,0.009144788386204805,0.25227403632762296,-0.03543531138872738,261258.9,2427.804570888648,0.03359898292657215,0.9366865843774755,0.03624942208414361,92.23856102426495
2022-01-11,2380.0,2437.800048828125,2380.0,2420.89990234375,174747,0.0,0.006339243289367413,0.25124032614676367,-0.03543531138872738,261759.9,2427.735867719047,0.04662668391903835,0.9342961621846537,0.02523178955493955,91.63240975176228
2022-01-12,2434.0,2455.0,2391.75,2450.699951171875,238933,0.0,0.01230949235004486,0.25293382501154565,-0.03543531138872738,267365.25,2427.9643660618613,0.046726135079742104,0.9270749288682771,0.04866684739699997,92.16494841813582
2022-01-13,2450.0,2475.35009765625,2427.60009765625,2469.300048828125,155323,0.0,0.007589708257575989,0.2523522042100525,-0.03543531138872738,266510.9,2428.375666387894,0.042734659431007405,0.9244745212523356,0.030075853629160078,91.19827182521348
2022-01-14,2460.0,2495.0,2448.550048828125,2489.75,121057,0.0,0.008281679329160463,0.25250701599878783,-0.033983801950182004,264589.35,2428.986356274582,0.04442389328417451,0.922576558028542,0.032797817393010756,95.6383744549315
2022-01-17,2486.0,2520.550048828125,2470.050048828125,2514.25,212752,0.0,0.009840345416206375,0.2350208073881775,-0.033983801950182004,253964.45,2429.8347507395115,0.04514376657652641,0.9215312659248533,0.04187010123428064,95.21438778647405
2022-01-18,2505.0,2537.449951171875,2475.0,2506.300048828125,209807,0.0,-0.0031619573120711397,0.1634994724001886,-0.033983801950182004,235109.65,2430.5955994767114,0.03527619890508338,0.932650698118657,-0.019339249676227063,92.35510010483804
2022-01-19,2500.0,2511.300048828125,2457.949951171875,2504.25,169006,0.0,-0.0008179582604579405,0.15472118866785978,-0.033983801950182004,226242.15,2431.3284790839084,0.021850920102445937,0.940740735866215,-0.005286659278111287,91.58478112573539
2022-01-20,2489.89990234375,2509.800048828125,2458.0,2478.35009765625,149634,0.0,-0.010342378893381299,0.16203119388032602,-0.033983801950182004,220364.85,2431.796355885623,0.0036650259786856765,0.9573183374539789,-0.06382955039339235,80.31702475317752
2022-01-21,2461.0,2484.0,2424.25,2443.699951171875,95473,0.0,-0.01398113467388784,0.1774494930000404,-0.033983801950182004,200282.8,2431.914799619815,-0.018495852526609124,0.9758276549182042,-0.07878937070837927,70.31277991901494
2022-01-24,2441.0,2459.300048828125,2332.10009765625,2358.5,141089,0.0,-0.03486514419702691,0.21207239464671154,-0.03488792900875422,201240.15,2431.18430410121,-0.06194690265486724,1.0146851802241228,-0.16440207888012712,56.36643188559568
2022-01-25,2325.0,2354.699951171875,2278.35009765625,2337.10009765625,318424,0.0,-0.009073522299660852,0.21381502665906083,-0.03488792900875422,207932.05,2430.248142843051,-0.06750985431731849,1.0260076193265852,-0.04243631524441873,49.40017808233558
2022-01-27,2320.39990234375,2323.949951171875,2222.050048828125,2251.75,213736,0.0,-0.03651965858965256,0.2400862533451742,-0.035380781339476995,195404.95,2428.4720419192395,-0.10082859139462919,1.0647440933527397,-0.15211057092903277,35.76408594629768
2022-01-28,2258.10009765625,2333.0,2244.85009765625,2255.25,244455,0.0,0.0015543466192962097,0.23877844711048649,-0.035380781339476995,195599.25,2426.7484395120828,-0.09001960532825182,1.0629176398732818,0.006509576442136861,33.7789947739049
2022-01-31,2279.10009765625,2363.0,2278.0,2337.050048828125,194481,0.0,0.03627094505182349,0.2698231548810335,-0.035380781339476995,194881.25,2425.855918211745,-0.043642797591662674,1.0260060608675403,0.13442487440919149,42.48468102354886
2022-02-01,2359.0,2426.89990234375,2320.0,2393.64990234375,143675,0.0,0.02421850295589789,0.26711082902053246,-0.035380781339476995,195641.5,2425.5354603424116,0.01490349897975407,1.0031281140387112,0.09066836465605294,47.262682056018534
2022-02-02,2385.199951171875,2385.949951171875,2315.800048828125,2320.75,160659,0.0,-0.030455540834258943,0.2891998806543093,-0.035380781339476995,180970.95,2424.4928189459697,-0.006995891050043834,1.0348044855178822,-0.1053096554267495,37.98650397762537
2022-02-03,2280.050048828125,2355.0,2280.050048828125,2333.550048828125,148853,0.0,0.005515479404556656,0.2888753872776355,-0.035380781339476995,181985.15,2423.5879157607174,0.03632732267264349,1.0289622932970477,0.01909293576585125,37.31426505390785
2022-02-04,2344.10009765625,2345.199951171875,2276.39990234375,2290.5,75715,0.0,-0.018448307483160287,0.29281574229636237,-0.035380781339476995,176189.95,2422.263657892451,0.015630196208846092,1.0466077297021665,-0.06300312513408955,32.1348484728009
2022-02-07,2298.89990234375,2304.85009765625,2236.0,2245.199951171875,67721,0.0,-0.01977736250955031,0.2962098579225791,-0.03488792900875422,168479.8,2420.501829964883,-0.03930172471158955,1.0646368027537914,-0.06676807443403458,26.7438783288042
2022-02-08,2262.800048828125,2279.89990234375,2224.75,2246.14990234375,95043,0.0,0.00042310315006877097,0.29460189758727495,-0.03488792900875422,166529.15,2418.7669849139265,-0.061621375730667616,1.0606360221429247,0.0014361860503005327,27.237713816656253
2022-02-09,2259.89990234375,2298.5,2246.39990234375,2293.5,80941,0.0,0.021080559942523225,0.3034004885923138,-0.03488792900875422,161838.85,2417.5205472530915,-0.011741893784336987,1.0359614137525206,0.06948096671010966,32.9144710099586
2022-02-10,2309.699951171875,2309.89990234375,2248.5,2271.35009765625,140576,0.0,-0.009657685783191594,0.3028566851118392,-0.03488792900875422,156921.0,2416.066114918795,-0.026654646298720275,1.0421158817427942,-0.03188863227747101,33.11582380972885
2022-02-11,2250.0,2257.85009765625,2166.0,2179.050048828125,230260,0.0,-0.04063664554546964,0.32422935464040126,-0.035380781339476995,160667.85,2413.7077461019726,-0.048657477045132014,1.0795977407819424,-0.1253330203158472,30.269146278585907
2022-02-14,2115.0,2147.5,2075.0,2084.949951171875,277290,0.0,-0.04318400015954482,0.34563949122290916,-0.03672550793744341,168479.5,2410.436524261872,-0.07137448934842439,1.1186155840399628,-0.12493942389904875,29.872707728922833
2022-02-15,2075.0,2135.0,2035.0999755859373,2126.800048828125,433392,0.0,0.020072471107868806,0.3548412980496213,-0.03672550793744341,179511.5,2407.614270774969,-0.05313530205223127,1.0874952777248776,0.056567458896476214,34.9785731729104
2022-02-16,2153.39990234375,2162.0,1995.0,2002.9000244140625,609354,0.0,-0.058256545782163105,0.39019959034306284,-0.04067629314013617,199488.85,2403.5872633484923,-0.1267058973559788,1.1422012984468262,-0.1492993476439854,33.15280494918562
2022-02-17,2002.9000244140625,2057.0,1980.75,2005.699951171875,747232,0.0,0.0013979363541281042,0.3915940980439341,-0.04067629314013617,228400.15,2399.6281856153914,-0.11695693533044194,1.1281784719501198,0.003569860540320657,33.089380233636845
2022-02-18,2000.0,2009.0,1963.0,1976.449951171875,397389,0.0,-0.014583437558997825,0.39031279217109377,-0.04067629314013617,240787.9,2395.417456914461,-0.09297633974272723,1.132177669084171,-0.037363462017843754,23.69034933390013
2022-02-21,1963.0,1980.0,1894.3499755859373,1943.449951171875,755992,16.0,-0.016696602906860147,0.39081536065804295,-0.04067629314013617,273813.85,2390.920267802595,-0.06786733653748755,1.1385320200528342,-0.04272248268727742,15.981576369037626
2022-02-22,1900.0,1910.0,1855.0,1898.9000244140625,367425,0.0,-0.022923115015619278,0.39283397652011504,-0.04067629314013617,285130.65,2386.0245439877835,-0.10715630016072097,1.1531412775012568,-0.05835318684791419,16.696942505616008
2022-02-23,1912.0,1937.75,1889.0,1905.699951171875,246039,0.0,0.003580981973977604,0.3867287071908454,-0.04067629314013617,281511.4,2381.245194805536,-0.048529668010075966,1.137707954152242,0.009259674326720448,15.900212712232118
2022-02-24,1830.0,1869.9000244140625,1750.0,1757.699951171875,455920,0.0,-0.07766175357720406,0.4524721453478095,-0.04151731757483749,293620.6,2375.0407645206237,-0.12364760733782765,1.2194501620173182,-0.1716387465158082,13.62146570119127
2022-02-25,1790.0,1830.449951171875,1753.1500244140625,1769.699951171875,353499,0.0,0.0068271037909510834,0.44908199006464256,-0.04151731757483749,299072.8,2369.0174728455117,-0.10460674699979833,1.1974628729518197,0.015202354558785176,15.987124460317318
2022-02-28,1758.0,1829.5,1743.0,1822.550048828125,379707,0.0,0.02986387473269314,0.4693182227396366,-0.04151731757483749,308334.1,2363.5799860393686,-0.062208909609866136,1.1486241429358897,0.06363246225991119,21.793862635405517
2022-03-02,1785.0,1815.0,1781.0,1806.699951171875,347685,0.0,-0.008696659752329694,0.43871089449291806,-0.04151731757483749,318534.6,2358.0388911650653,-0.0485544641933624,1.142457267957282,-0.01982321310746011,16.166253144906506
2022-03-03,1835.4000244140625,1835.4000244140625,1770.0999755859375,1798.0,397981,0.0,-0.004815382413793756,0.41978909269411213,-0.04151731757483749,330400.7,2352.466364884816,-0.056514642352615274,1.133448270430687,-0.011470956208462092,16.474256906123387
2022-03-04,1784.0999755859375,1796.050048828125,1752.25,1766.8499755859375,317802,0.0,-0.017324818917721085,0.4154268405115392,-0.04151731757483749,338848.15,2346.6393361355736,0.005205680530378398,1.1373942407904913,-0.04170365708520773,18.036603284522414
2022-03-07,1750.0,1841.0,1690.550048828125,1824.800048828125,809797,0.0,0.03279852508301939,0.4403906548152832,-0.04151731757483749,375552.25,2341.4469054160963,0.03113527670030347,1.0885137745854807,0.07447597713447526,28.628946043423866
2022-03-08,1811.300048828125,1893.949951171875,1808.0,1880.9000244140625,407231,0.0,0.030743080932053024,0.4626877592642262,-0.04151731757483749,392527.75,2336.8643493862255,0.03201556830960861,1.0463634255568075,0.06644455067602324,30.261678049370474
2022-03-09,1898.6500244140625,1962.699951171875,1880.0999755859373,1941.3499755859373,275690,0.0,0.032138843312900844,0.4818978495337725,-0.04151731757483749,401560.1,2332.9288829802526,0.07452816076445035,1.0059314502262675,0.06669223088891617,44.499056723144385
2022-03-10,1999.0,2020.0,1938.449951171875,1958.75,346265,0.0,0.008962847829027343,0.48433499087855203,-0.04151731757483749,414826.3,2329.205710015275,0.08940489432703003,0.9884505405681636,0.018505472065345936,45.910639551702054
2022-03-11,1945.0,1978.0,1926.75,1970.25,165045,0.0,0.005871091257179328,0.4764023590570908,-0.04151731757483749,416049.75,2325.634011408158,0.11512014445177177,0.9750399652100383,0.01232380785343188,49.44275114451497
2022-03-14,1971.0,1996.5999755859373,1944.449951171875,1977.25,184271,0.0,0.0035528486232712098,0.47759005094493084,-0.04151731757483749,413750.3,2322.1675038319577,0.08354337302313053,0.966485011512794,0.007439117590181333,53.18687964991651
2022-03-15,1977.25,2038.050048828125,1977.199951171875,2005.199951171875,332922,0.0,0.01413576996933874,0.4652739927022522,-0.04151731757483749,416531.9,2319.01359783534,0.06608534485852569,0.9510248531071376,0.030381602856037488,60.3464971221375
2022-03-16,2022.0999755859373,2070.0,2022.0999755859373,2059.10009765625,255679,0.0,0.026880185416359392,0.4531882633129653,-0.0407640132761734,407646.25,2316.4273938534584,0.060653732480550504,0.9244863781133531,0.059313506106095384,63.67689605634958
2022-03-17,2084.800048828125,2145.050048828125,2071.39990234375,2132.5,445339,0.0,0.03564659261941494,0.465021803576855,-0.0407640132761734,399445.5,2314.5972705315335,0.08870453095086162,0.8957045675190504,0.07665574297521327,88.5437986444353
2022-03-21,2133.0,2151.0,2050.25,2055.35009765625,209437,0.0,-0.036178148813012845,0.43517708568625924,-0.0407640132761734,372555.75,2312.0176966720783,0.04319253782832133,0.9305336836481202,-0.08313431283868733,75.90460648199034
2022-03-22,2042.5,2067.89990234375,1996.199951171875,2050.449951171875,458904,0.0,-0.002384093342522431,0.43539595180598356,-0.0407640132761734,375631.5,2309.4150325377477,0.03702109049026436,0.9345619464954041,-0.005475690065276271,72.63605838535874
2022-03-23,2069.35009765625,2080.39990234375,2046.4000244140625,2068.050048828125,182251,0.0,0.00858352950589758,0.4320526521812623,-0.0407640132761734,346944.45,2307.0133909087963,0.03134355634684671,0.9296208781459645,0.019866859429965664,75.86855603850665
2022-03-24,2050.0,2112.35009765625,2047.1500244140625,2064.89990234375,154912,0.0,-0.0015232448006565757,0.42671385772200543,-0.0407640132761734,336318.8,2304.604301470338,0.0028166696189766416,0.9350586409279922,-0.0035697100935302524,76.71134102601084
2022-03-25,2067.0,2098.0,2035.0,2049.550048828125,122599,0.0,-0.007433703444027606,0.4180319841304067,-0.0407640132761734,330146.8,2302.066448210217,-0.038897984136869845,0.9455709570638658,-0.017782618432092147,79.2166156633838
2022-03-28,2036.800048828125,2062.0,2030.0,2051.550048828125,119058,0.0,0.0009758239381094658,0.41816066086126535,-0.0407640132761734,313303.7,2299.573747718853,-0.0018488572007553383,0.951810806282264,0.002333610035825723,76.49876686109612
2022-03-29,2056.64990234375,2125.0,2054.949951171875,2101.550048828125,271766,0.0,0.02437181585141479,0.30031318991836203,-0.0407640132761734,309217.05,2297.603362655264,0.024921406946336377,0.9370607243374699,0.08115466072766729,76.158857182741
2022-03-30,2120.25,2125.0,2091.550048828125,2106.949951171875,182513,0.0,0.002569485483708167,0.30101162477191123,-0.0407640132761734,299357.35,2295.706313784782,0.018809942421747827,0.9414082213961955,0.008536166668956737,72.57975760933972
2022-03-31,2110.0,2165.800048828125,2105.14990234375,2136.199951171875,614432,0.0,0.013882626867207426,0.29167370849127083,-0.0407640132761734,312694.7,2294.119185798584,0.03452954244764905,0.9362302461463735,0.0475964270590355,73.4381096390793
2022-04-01,2125.10009765625,2150.0,2080.0,2107.550048828125,387626,0.0,-0.013411620166002391,0.295456434942353,-0.0407640132761734,312176.95,2292.2627764754952,0.02829889420517584,0.9563011372686439,-0.04539288411399912,67.34901005584285
2022-04-04,2121.199951171875,2140.0,2092.0,2129.949951171875,173629,0.0,0.010628408258302136,0.2921534586430715,-0.0407640132761734,304968.3,2290.6477234873996,0.038214959653815495,0.954767742878348,0.036379538150502086,68.57212422651341
2022-04-05,2142.25,2195.0,2110.0,2122.5,284782,0.0,-0.0034977118442506283,0.28059334928662305,-0.0407640132761734,278717.55,2288.974611810908,0.009968809062414374,0.9651319222062722,-0.012465412058015792,65.01537284132515
2022-04-06,2110.0,2118.949951171875,2071.60009765625,2093.699951171875,234199,0.0,-0.013568927598645475,0.27682201272815765,-0.0407640132761734,270065.95,2287.031580361763,-0.006288711315914464,0.9834897784986698,-0.04901679232352953,54.733225235817144
2022-04-07,2088.0,2133.800048828125,2056.300048828125,2067.14990234375,189762,0.0,-0.012680923459574278,0.2701128813180133,-0.0407640132761734,265769.55,2284.843702968549,-0.032323776053943654,0.9991643543686902,-0.046946753994960524,39.745784121245315
2022-04-08,2076.0,2133.0,2070.39990234375,2116.5,165700,0.0,0.02387349732126176,0.2608714711164381,-0.0407640132761734,256741.3,2283.168641247469,0.004246613823881251,0.9795936676393072,0.09151440095748142,60.512271212400876
2022-04-11,2125.0,2125.0,2077.050048828125,2084.14990234375,231104,0.0,-0.015284714224545248,0.2687558423401702,-0.0407640132761734,260044.25,2281.188355288228,-0.021502875597112614,0.9975314109305751,-0.05687211679840575,55.29373952990653
2022-04-12,2084.0,2119.75,2074.199951171875,2085.5,564251,0.0,0.0006477929705208663,0.2686852679419084,-0.0407640132761734,279043.25,2279.241207474415,-0.017432273262661946,0.9994809363106121,0.002410973074084556,52.88858602928359
2022-04-13,2095.89990234375,2104.10009765625,2082.0,2095.35009765625,125824,0.0,0.0047231348147926955,0.2687545846684482,-0.0407640132761734,268688.35,2277.4114451876676,0.0007881485040162062,0.9969336400330252,0.017574154669316215,54.931205693715405
2022-04-18,2055.0,2100.0,2055.0,2084.25,327161,0.0,-0.005297490700320706,0.26694527817469976,-0.0407640132761734,272262.45,2275.4894407579395,0.0082723065399668,1.0028463452643337,-0.019844855612711976,55.697852741276584
2022-04-19,2089.85009765625,2171.949951171875,2075.0,2097.949951171875,422178,0.0,0.006573084405361751,0.25192165731368465,-0.0407640132761734,271104.4,2273.722878672506,-0.008764492713501104,0.9954741730179073,0.02609177874794374,57.3371084001623
2022-04-20,2098.949951171875,2142.0,2082.699951171875,2096.300048828125,114057,0.0,-0.0007864355118807342,0.21815786441350515,-0.0407640132761734,266335.4,2271.957477380522,0.005829785309929614,0.9972343851267899,-0.0036048917051240284,49.01997419765857
2022-04-21,2108.0,2183.75,2100.050048828125,2161.300048828125,130115,0.0,0.03100701163287023,0.20428876993695413,-0.0407640132761734,249895.95,2270.856408439702,0.0363462233652001,0.9698074990807874,0.15178029670762805,58.298986879690844
2022-04-22,2138.300048828125,2154.14990234375,2110.0,2121.85009765625,184013,0.0,-0.018252880340823174,0.2160988109508125,-0.0407640132761734,249984.05,2269.3737585811605,0.012647051215757044,0.9891061578180341,-0.08446543234485217,47.87504110407084
2022-04-25,2100.0,2114.60009765625,2016.0,2030.199951171875,312483,0.0,-0.04319350673528244,0.2644093354076013,-0.0431844754883317,257862.6,2266.9939197014664,-0.02593261308774142,1.0329031870922698,-0.1633584723289463,40.34693343883204
2022-04-26,2043.949951171875,2146.050048828125,2040.0,2136.0,257446,0.0,0.05211311761043791,0.3215351612098705,-0.0431844754883317,264604.95,2265.690497614885,0.018136776240477603,0.9837652142128247,0.16207594775509937,50.624939776175495
2022-04-27,2104.0,2224.949951171875,2101.449951171875,2202.60009765625,634985,0.0,0.03117982100011707,0.33508900358685856,-0.0431844754883317,290401.3,2265.0627324411676,0.05070841308597451,0.9574479735309277,0.09304936818537304,57.37297465880134
2022-04-28,2222.60009765625,2231.85009765625,2130.199951171875,2142.0,374264,0.0,-0.027512982370578087,0.3520527482067791,-0.0431844754883317,295526.2,2263.8382276407583,-0.00892983315231477,0.985479690736972,-0.07815016848815104,54.19999888286468
2022-04-29,2154.800048828125,2186.699951171875,2132.0,2144.199951171875,258394,0.0,0.0010270547020891918,0.34276843192468764,-0.0431844754883317,299320.25,2262.647797029128,0.010533191548409704,0.9853372099947589,0.0029963514036535897,56.99627348121831
2022-05-02,2135.0,2147.89990234375,2083.10009765625,2103.949951171875,295744,0.0,-0.018771570243718227,0.3495813902517898,-0.0431844754883317,283385.85,2261.0687139857723,0.03632647117217691,1.003420968442101,-0.05369727974714272,48.84128552139669
2022-05-04,2120.0,2145.550048828125,2081.949951171875,2098.5,309381,0.0,-0.0025903425929116874,0.3460746443277266,-0.0431844754883317,279473.6,2259.4511148416354,-0.0175561797752809,1.0058112914544615,-0.007484924309015356,51.394159780479264
2022-05-05,2115.0,2125.75,2046.550048828125,2053.800048828125,142750,0.0,-0.021300905967059802,0.3507949822217578,-0.0431844754883317,277929.65,2257.4048355778195,-0.06755654328103433,1.0258484029164212,-0.06072180743559266,47.159503814129806
2022-05-06,2031.800048828125,2031.800048828125,1978.1500244140625,1994.8499755859373,162946,0.0,-0.028702927179217852,0.36068920679091615,-0.0431844754883317,271837.85,2254.792349408746,-0.068697490389385,1.0529638942709594,-0.07957800190033495,41.72293808159037
2022-05-09,1974.949951171875,2009.0,1947.0,1985.800048828125,152261,0.0,-0.004536645295922126,0.36072989517307974,-0.0431844754883317,267740.95,2252.115809104461,-0.07387366194891443,1.0550458012620612,-0.012576293872129687,41.864313416735094
2022-05-10,1985.0,2010.4000244140625,1939.9000244140625,1950.5999755859373,171896,0.0,-0.017725890007385336,0.3625587897638316,-0.0431844754883317,266847.65,2249.115651557013,-0.0728867031749133,1.0710973718210075,-0.04889107647899282,38.24116706554231
2022-05-11,1953.0,1976.9000244140625,1927.0,1947.949951171875,231369,0.0,-0.0013585688748233293,0.36091397743068687,-0.0431844754883317,270131.1,2246.1189779213396,-0.07174174354449603,1.0682281665558104,-0.0037642455602645243,38.1802224120273
2022-05-12,1930.0,1943.0,1880.5,1910.199951171875,289535,0.0,-0.019379348004957664,0.3519595718866803,-0.0431844754883317,273052.65,2242.776500043236,-0.06991922010041174,1.0847856561052605,-0.05506128829075946,29.085459337701764
2022-05-13,1910.199951171875,1949.449951171875,1881.9000244140625,1888.050048828125,259808,0.0,-0.011595593607968357,0.3507836746006244,-0.0431844754883317,257830.5,2239.246883613235,-0.05353782392906137,1.0922830202756777,-0.03305625123691319,29.948546226029862
2022-05-16,1928.0,2076.0,1888.050048828125,2050.449951171875,812845,0.0,0.08601461727381032,0.47063236106475026,-0.03652891670912632,292181.55,2237.368307171032,0.03255609867765985,1.0046770472325113,0.1827639205505826,51.54875715913296
2022-05-17,2051.0,2140.0,2020.1500244140625,2127.199951171875,333457,0.0,0.037430808762796586,0.4884195897750989,-0.03652891670912632,292496.35,2236.272104623777,0.09053623387485654,0.969437545757718,0.07663658211102142,49.29565794349393
2022-05-18,2135.0,2181.550048828125,2105.35009765625,2126.550048828125,237552,0.0,-0.0003055201009157793,0.4878939566663612,-0.0290766882609076,283265.05,2235.180342874567,0.09168618400529494,0.9704062718956498,-0.0006262018425915575,43.19462351870718
2022-05-19,2058.0,2112.0,2045.0999755859373,2102.449951171875,264762,0.0,-0.011332955774791542,0.48944081701449904,-0.0290766882609076,290800.3,2233.859642459615,0.10064391420492802,0.9816761625405629,-0.023154904840939676,46.21349282466947
2022-05-20,2120.050048828125,2143.0,2098.050048828125,2113.14990234375,159199,0.0,0.005089277471699516,0.48966273075080474,-0.0290766882609076,292254.5,2232.658550518164,0.1192234568439221,0.9755661396237428,0.010393434190839344,47.07488806003694
2022-05-23,2123.0,2157.25,2073.050048828125,2081.75,149785,0.0,-0.014859287696023626,0.4797162077103238,-0.0290766882609076,290543.1,2231.1569729010675,0.01526496601891525,0.9893178757261769,-0.03097516228854367,47.87315904915964
2022-05-24,2086.85009765625,2105.050048828125,2048.949951171875,2067.39990234375,222222,0.0,-0.006893285772186841,0.47627764611645373,-0.0290766882609076,286030.05,2229.5275493134327,-0.028112095807063753,0.9970845422864949,-0.014473250390107273,47.070449394159354
2022-05-25,2078.0,2175.0,2078.0,2161.5,846419,0.0,0.04551615657404806,0.47596884033377806,-0.0290766882609076,315478.7,2228.850658275488,0.016435047550907633,0.9542667061538572,0.0956284356468483,59.281278875356456
2022-05-26,2161.35009765625,2211.60009765625,2150.0,2199.85009765625,524240,0.0,0.01774235376185529,0.4455719064905029,-0.027572479611010076,309941.45,2228.562095483257,0.046326975075000165,0.9375684222979505,0.03981928192782199,68.31666644234372
2022-05-27,2205.0,2274.0,2200.199951171875,2235.199951171875,270278,0.0,0.01606921014904028,0.4359756341158085,-0.027572479611010076,304742.15,2228.6281437985667,0.057757402204527075,0.9248255315263301,0.03685804554892017,71.28349067361955
2022-05-30,2250.0,2303.0,2244.949951171875,2285.75,362076,0.0,0.022615448251787296,0.429125683769997,-0.027572479611010076,309926.25,2229.196520477188,0.09799447580160914,0.9074690956366892,0.05270122153046547,77.87110954184821
2022-05-31,2290.0,2370.39990234375,2276.0,2338.89990234375,1278865,0.0,0.023252718951656925,0.4344277849822508,-0.027572479611010076,359082.3,2230.288096416159,0.13132437497564386,0.8918701398122405,0.053524933763980154,79.99233581855378
2022-06-01,2340.0,2375.0,2320.89990234375,2334.199951171875,321645,0.0,-0.0020094708487375934,0.4269327226440306,-0.027572479611010076,359695.5,2231.322045219699,0.0798981962395906,0.8987147735203956,-0.004706762201840955,84.26541138984578
2022-06-02,2335.0,2356.949951171875,2266.14990234375,2328.60009765625,227887,0.0,-0.002399046196883692,0.4268887312029729,-0.027572479611010076,363952.35,2232.2899860399634,0.058526715132622975,0.9067765586007721,-0.005619839469467331,86.58144138953284
2022-06-03,2335.25,2351.199951171875,2260.0,2266.35009765625,325652,0.0,-0.026732799703416243,0.43154314790250675,-0.027572479611010076,372087.65,2232.62889262321,0.013936178939178756,0.9376728649343905,-0.0619469900376816,71.5040090920526
2022-06-06,2262.800048828125,2310.0,2244.85009765625,2268.550048828125,440009,0.0,0.0009707022644691587,0.4141998757639714,-0.027572479611010076,386475.05,2232.98631706306,-0.007524861061741217,0.9429955006365166,0.002343559952168374,66.53412028887186
2022-06-07,2230.0,2266.199951171875,2205.300048828125,2246.89990234375,328004,0.0,-0.009543605394802257,0.4162323335544816,-0.027572479611010076,394280.45,2233.124760697694,-0.03933473164362833,0.9586753210967107,-0.022928553108831327,63.418426406732685
2022-06-08,2246.89990234375,2265.0,2205.25,2219.050048828125,368661,0.0,-0.012394790478460926,0.4127635755029701,-0.027572479611010076,401145.05,2232.9847138134196,-0.049331636000566004,0.97681550327316,-0.030028788666900796,62.89254456240647
2022-06-09,2217.800048828125,2233.0,2188.0,2220.75,163572,0.0,0.0007660715776882654,0.41232113771061285,-0.027572479611010076,394846.9,2232.862975367515,-0.04631542262872945,0.9830597738042468,0.0018579487905042696,62.1390081914781
2022-06-10,2199.10009765625,2214.5,2171.0,2197.699951171875,612393,0.0,-0.010379398324045885,0.4063186835117842,-0.027572479611010076,412476.15,2232.5130945297474,-0.030291059865538705,1.0004152234797143,-0.02554496873953169,63.33218236790536
2022-06-13,2139.0,2180.0,2091.199951171875,2121.89990234375,239888,0.0,-0.03449062679721415,0.426748725270735,-0.028992312160117665,383828.3,2231.4124657517773,-0.06464488035436144,1.0378364139227931,-0.08082186060922442,55.49063281205023
2022-06-14,2112.0,2144.0,2091.699951171875,2112.35009765625,341946,0.0,-0.004500591510915197,0.3125940183112334,-0.028992312160117665,384252.75,2230.2277655717226,-0.05988242046169956,1.0421769076624103,-0.014397560744296099,44.03157732211097
2022-06-15,2124.949951171875,2175.0,2115.89990234375,2155.85009765625,125847,0.0,0.02059317726179266,0.2931109175131389,-0.028992312160117665,378667.5,2229.4876892740563,-0.02848063350587826,1.021827768782299,0.07025728258073749,44.72294771339881
2022-06-16,2170.0,2190.0,2096.449951171875,2107.85009765625,221686,0.0,-0.022264998875470843,0.30382842834764145,-0.027572479611010076,376513.7,2228.2773649793517,-0.05083863665146915,1.0452249450239144,-0.07328148410516847,35.17634921428099
2022-06-17,2107.85009765625,2132.64990234375,2059.75,2081.550048828125,366179,0.0,-0.01247719126581559,0.3043798408060432,-0.027572479611010076,386862.7,2226.8173916843143,-0.052850664296468564,1.0576721472563606,-0.040992172224193324,24.808762318196145
2022-06-20,2062.0,2113.0,2053.35009765625,2074.050048828125,271465,0.0,-0.003603084155589853,0.30392919041942407,-0.027572479611010076,392946.7,2225.2973186210684,-0.02255047632679197,1.0613111836191007,-0.011855011465228008,13.17946541701646
2022-06-21,2087.949951171875,2105.0,2064.300048828125,2072.199951171875,214519,0.0,-0.0008920217028008937,0.2995590975013026,-0.027572479611010076,392561.55,2223.7739617310267,-0.019007335256084446,1.0623745615877789,-0.002977781948415689,13.284733260060548
2022-06-22,2072.0,2095.0,2053.85009765625,2077.449951171875,123407,0.0,0.0025335392933636403,0.2986242239100823,-0.027572479611010076,356410.95,2222.318001426956,-0.036366232777319873,1.057666881922993,0.008484037816323056,14.770629691483407
2022-06-23,2087.0,2145.0,2060.0,2132.60009765625,227039,0.0,0.02654703977502093,0.2681924849894052,-0.027572479611010076,341550.9,2221.425285966551,0.011741821691931387,1.028738353064007,0.09898502109863164,30.85731176494383
2022-06-24,2150.0,2154.949951171875,2103.050048828125,2132.0,174940,4.0,-0.0002813924921551969,0.2598802037939051,-0.027572479611010076,336784.0,2220.535482126088,0.024236722629022323,1.0266076522741265,-0.0010827776691701195,30.366649454035624
2022-06-27,2150.699951171875,2178.60009765625,2130.75,2164.25,193622,0.0,0.015126641651031836,0.2591029161782661,-0.027572479611010076,328361.3,2219.97542757757,0.043489765940238234,1.008502952361528,0.058380821375303635,38.46799498702203
2022-06-28,2163.949951171875,2178.800048828125,2110.300048828125,2170.300048828125,201321,0.0,0.002795448228312347,0.24464170778659458,-0.027572479611010076,274484.1,2219.4811452019535,0.04734103849426896,1.0018073414073088,0.011426702909071574,42.75739746210125
2022-06-29,2150.0,2180.949951171875,2124.10009765625,2174.39990234375,194755,0.0,0.0018890722127749004,0.22702860401726013,-0.027572479611010076,268139.6,2219.032575621275,0.04666776743150236,0.9962438451162104,0.008320855152783874,43.162697880381444
2022-06-30,2181.0,2185.300048828125,2132.050048828125,2149.14990234375,224617,0.0,-0.011612399344197666,0.22873478866080793,-0.027572479611010076,267976.1,2218.337225638414,0.007760388225475756,1.003773635060556,-0.05076796102816763,42.88435759906307
2022-07-01,2125.0,2179.0,2109.5,2172.050048828125,142057,0.0,0.010655444024356475,0.2341668982921489,-0.027572479611010076,258796.35,2217.8766567149287,0.01878520113889537,0.991019985237251,0.04550362859581611,58.699063979899265
2022-07-04,2187.0,2213.0,2153.800048828125,2187.699951171875,122854,0.0,0.007205129712454683,0.2203028362031471,-0.027572479611010076,242938.6,2217.5763909881325,0.01083513973518535,0.9820828040383363,0.032705567978956754,62.79934870804128
2022-07-05,2201.800048828125,2209.0,2179.5,2195.449951171875,114463,0.0,0.003542533333169562,0.22085871418147537,-0.027572479611010076,232261.55,2217.3562274078713,0.011588214430225952,0.9774442836819716,0.01603981615984855,57.65657405536058
2022-07-06,2200.0,2241.0,2194.64990234375,2226.39990234375,169720,0.0,0.014097315748580197,0.2251067443285864,-0.027572479611010076,222314.5,2217.446214223154,0.023914644193991252,0.9640215557408031,0.0626250233611492,74.53936259438254
2022-07-07,2239.300048828125,2295.949951171875,2235.0,2280.449951171875,219399,0.0,0.024276882500410712,0.23594673541287117,-0.027572479611010076,225105.85,2218.073117078365,0.06109394634824494,0.9424817650625117,0.1028913641420645,86.92901702922198
2022-07-08,2288.949951171875,2294.5,2250.050048828125,2289.14990234375,127305,0.0,0.00381501517602012,0.23607889488943765,-0.027572479611010076,200851.45,2218.780348772548,0.053912134105198684,0.940897313221189,0.016159915591809435,89.7596412431469
2022-07-11,2296.0,2315.0,2252.60009765625,2279.800048828125,354685,0.0,-0.004084421691236573,0.23305830031630478,-0.027572479611010076,206591.3,2219.387509967131,0.04209905366908995,0.9482191217213081,-0.017525320962351567,87.33814701649338
2022-07-12,2270.0,2325.0,2265.050048828125,2298.300048828125,235389,0.0,0.008114746733824063,0.19256278524210257,-0.027572479611010076,201263.45,2220.1727093587824,0.046846933404859126,0.9446318807092157,0.04214078178301095,87.91417981289104
2022-07-13,2314.0,2342.64990234375,2290.89990234375,2294.89990234375,282284,0.0,-0.001479418009893263,0.191185581786239,-0.027572479611010076,209085.3,2220.916263517837,0.03076715909297767,0.9490609963286881,-0.007738125012827181,83.88304894626879
2022-07-14,2300.10009765625,2322.550048828125,2270.0,2284.35009765625,139498,0.0,-0.004597065291050639,0.18343467640573902,-0.027572479611010076,204975.9,2221.5474459470747,0.0017102530500048285,0.9573072840440079,-0.02506104696514374,80.53723719380034
2022-07-15,2290.0,2301.550048828125,2282.39990234375,2294.550048828125,148568,0.0,0.004465143579497788,0.15912968620269408,-0.027572479611010076,194095.35,2222.273840005593,0.002359018288337511,0.9576932039095272,0.028059775680148585,78.65000977519375
2022-07-18,2308.0,2323.0,2255.0,2291.300048828125,175312,0.0,-0.001416399699653459,0.1488979324901569,-0.027572479611010076,189287.7,2222.9606679540757,0.00504430202372852,0.963792362734166,-0.009512553873919997,76.93682329218808
2022-07-19,2280.0,2298.449951171875,2265.550048828125,2292.0,146413,0.0,0.000305482109264954,0.1467774249964095,-0.026771808836774335,185882.4,2223.647626481896,-0.002741177694068897,0.9682929713064464,0.0020812607147169915,76.5823357137642
2022-07-20,2302.10009765625,2314.699951171875,2267.75,2275.89990234375,257671,0.0,-0.007024475417212073,0.1512482969190788,-0.026771808836774335,192595.6,2224.1675496248,-0.00827922820537641,0.9795026510160922,-0.04644333255889154,79.88684662150706
2022-07-21,2265.5,2294.0,2237.0,2252.050048828125,446625,0.0,-0.01047930688474663,0.15987102438747344,-0.026771808836774335,203574.9,2224.444987427818,-0.014139710397834793,0.9925278909830096,-0.06554850242194797,68.77938572766584
2022-07-22,2241.10009765625,2295.0,2240.89990234375,2271.39990234375,334395,0.0,0.0085921063458132,0.13849000902016412,-0.02248838891686811,211547.65,2224.9122005115587,-0.010089187854585346,0.9871412242974642,0.06204133992184802,69.31245003132429
2022-07-25,2271.0,2360.39990234375,2260.0,2349.10009765625,389315,0.0,0.03420806491728956,0.17482643810136814,-0.02248838891686811,221332.3,2226.14790098066,0.025225875091167804,0.9584244569219803,0.19566870624434918,76.80103427167754
2022-07-26,2365.0,2365.0,2240.0,2252.64990234375,475472,0.0,-0.04105835907492006,0.23165086215957745,-0.026831306077206324,235039.85,2226.4116024867603,-0.01716845447480364,1.0012885161074403,-0.1772424109270617,53.72710593909809
2022-07-27,2255.0,2275.0,2209.050048828125,2266.949951171875,179322,0.0,0.006348100880321672,0.2321290469418872,-0.026831306077206324,234268.2,2226.8149691403437,-0.003932488930052824,0.997013621452196,0.02734729104556221,47.8393078818739
2022-07-28,2270.0,2297.5,2256.800048828125,2278.64990234375,164924,0.0,0.005161098137974607,0.23235413877915956,-0.026831306077206324,231283.55,2227.3307396199793,0.011811395368174216,0.9947359522572282,0.02221220565714951,48.335446514518026
2022-07-29,2297.0,2324.0,2282.60009765625,2311.25,253196,0.0,0.014306760166499677,0.23008726672326898,-0.02248838891686811,236840.5,2228.165757136199,0.01754428958772536,0.983716594062669,0.06217971010933704,54.64342793667217
2022-08-01,2325.0,2407.949951171875,2311.25,2380.949951171875,486720,0.0,0.03015682040968093,0.2469538277246726,-0.02248838891686811,255033.8,2229.685997872872,0.013558321140679563,0.958977519415535,0.12211521265485493,60.60021565608865
2022-08-02,2380.949951171875,2450.0,2375.0,2439.0,530559,0.0,0.024381045388859768,0.256316444179479,-0.02248838891686811,275838.6,2231.768724262197,0.08272483773992745,0.941145953451722,0.09512087496258655,66.20923481112082
2022-08-03,2440.0,2449.550048828125,2375.0,2389.0,394738,0.0,-0.020500205002050076,0.27149426602882376,-0.02248838891686811,287089.5,2233.333214568046,0.05383888107676693,0.9642465405406289,-0.07550879267846379,60.81205289171346
2022-08-04,2391.0,2420.0,2299.0,2319.949951171875,520016,0.0,-0.02890332726166811,0.2917899530955395,-0.026841326081328838,302120.35,2234.195072643706,0.018124789062876623,0.9937972947161882,-0.09905524835411977,52.33970969859637
2022-08-05,2269.89990234375,2269.949951171875,2130.60009765625,2162.800048828125,2552684,0.0,-0.06773848817918204,0.3679317322800068,-0.029182692238445412,423389.3,2233.484674396785,-0.06422929201595462,1.0630860184794175,-0.18410612729257558,40.77795578508913
2022-08-08,2168.0,2173.0,2108.550048828125,2150.0,802737,0.0,-0.005918276557770774,0.3674519211450588,-0.029182692238445412,445791.9,2232.653981119205,-0.09699907848050493,1.0663965070857557,-0.016106260591223887,39.98307410983158
2022-08-10,2146.0,2169.89990234375,2130.0,2163.89990234375,617955,0.0,0.006465070857558208,0.3687739135053365,-0.029182692238445412,464920.2,2231.969860932385,-0.1127921679607421,1.0564409566422748,0.017531258165179493,42.074725117551885
2022-08-11,2175.0,2194.0,2155.39990234375,2168.85009765625,317405,4.0,0.0022876267553495477,0.367265758514262,-0.029182692238445412,466676.25,2231.341803586354,-0.09215148695845543,1.0511238167816912,0.006228804727987363,43.95085806829643
2022-08-12,2178.0,2202.0,2159.050048828125,2182.800048828125,285537,0.0,0.006431957278628886,0.3685622025051089,-0.029182692238445412,473978.2,2230.8588010514463,-0.059117612547835985,1.042080098658401,0.017451483251391998,43.50727071000074
2022-08-16,2194.800048828125,2232.800048828125,2185.25,2206.449951171875,455781,0.0,0.010834662733513634,0.3711234276595206,-0.029182692238445412,489338.85,2230.6159269232917,0.02018212565114408,1.028914108904126,0.02919422928889139,38.647028160910956
2022-08-17,2215.0,2229.5,2202.25,2214.85009765625,341792,0.0,0.0038070868001849334,0.3709996955450449,-0.029182692238445412,497662.85,2230.4590530002365,0.03016283611918613,1.0232859506795946,0.010261697632864284,46.50131514707831
2022-08-18,2214.0,2234.0,2197.550048828125,2216.449951171875,279811,0.0,0.0007223303813281845,0.37107369357578884,-0.029182692238445412,504332.75,2230.319658952193,0.024284879707793916,1.0208430306108478,0.0019465954455073755,45.21327013018036
2022-08-19,2216.0,2225.0,2160.0,2168.85009765625,232484,0.0,-0.021475717730715327,0.37749078662543556,-0.029182692238445412,503073.4,2229.708021526363,0.0,1.0407796267508367,-0.056890705475992204,40.255606688655135
2022-08-22,2152.0,2167.949951171875,2108.199951171875,2117.39990234375,215818,0.0,-0.023722338103541185,0.3844621719635053,-0.029182692238445412,491533.05,2228.5905278031532,-0.02996158375545499,1.0628896720462775,-0.06170265689693507,33.353362151168795
2022-08-23,2105.89990234375,2145.60009765625,2100.0,2132.050048828125,335758,0.0,0.00691893225656548,0.3850051078707763,-0.029182692238445412,491601.2,2227.6299260223072,-0.03371927938099628,1.0523181650216762,0.017971013722700074,26.394175814927635
2022-08-24,2131.0,2142.0,2096.550048828125,2117.300048828125,235037,0.0,-0.006918224085831093,0.3832116024337898,-0.029182692238445412,483887.3,2226.532116298982,-0.04404363479557927,1.0541751009315579,-0.01805327359965221,16.759676189807706
2022-08-25,2122.0,2132.60009765625,2056.25,2072.300048828125,478266,0.0,-0.021253482719610917,0.3628767887536481,-0.029182692238445412,484027.0,2224.997468861461,-0.0650363895054501,1.0727150738895597,-0.05856941747890475,16.934657094574007
2022-08-26,2074.0,2093.25,2041.75,2047.449951171875,656308,0.0,-0.011991553863207494,0.3404666590025782,-0.029182692238445412,507876.3,2223.2308268944007,-0.05597442931420893,1.0803743938814896,-0.03522093336871306,18.656558820229904
2022-08-29,2000.0,2032.0,1975.0,2009.6500244140625,557397,0.0,-0.01846195397165995,0.34152268058148744,-0.029182692238445412,527499.95,2221.1056447801684,-0.05088782605988562,1.094002676781761,-0.05405776682136709,25.717469831023664
2022-08-30,2025.449951171875,2052.0,2016.050048828125,2046.050048828125,486602,0.0,0.018112618601179298,0.3494693107680838,-0.029182692238445412,539170.25,2219.3637980542776,-0.040336764161455596,1.0680591659019063,0.05182892324101682,34.66589594776582
2022-09-01,2044.0,2064.949951171875,2020.0,2028.5999755859373,333559,0.0,-0.008528663925978841,0.3425577184632585,-0.029182692238445412,531512.2,2217.4656505670305,-0.04189301053069028,1.0685620801802065,-0.024897012145191157,30.248206981597832
2022-09-02,2028.699951171875,2038.5999755859373,1988.4000244140625,1993.5999755859373,343896,0.0,-0.0172532783304854,0.31805779504389453,-0.029182692238445412,522179.05,2215.23813141299,-0.0379771613124712,1.0761512012530823,-0.05424573161505755,26.479661555137042
2022-09-05,1994.0,1998.8499755859373,1968.75,1974.5,335536,0.0,-0.009580645977046442,0.2951219828513653,-0.029182692238445412,519218.95,2212.842727120323,-0.03562966270805379,1.0760648308660026,-0.03246334129314321,22.425212976316672
2022-09-06,1959.0,2015.0,1946.300048828125,2006.4000244140625,540282,0.0,0.01615600122261962,0.30557328551162316,-0.029182692238445412,520232.25,2210.78857087449,-0.0016171970047110795,1.0511425869938051,0.05287111622620535,24.083461288254014
2022-09-07,2003.0,2012.8499755859373,1987.0,2006.75,354190,0.0,0.00017442961606817242,0.29710980613761623,-0.029182692238445412,410307.55,2208.758336338425,-0.0192077651524869,1.0470711397860346,0.000587088028042061,22.46625865918263
2022-09-08,2015.0,2015.0,1980.0,1984.699951171875,293010,0.0,-0.010987940116170436,0.1991118816764912,-0.02398138756144753,384821.2,2206.5288996701015,-0.02164055256945485,1.0545397585606984,-0.05518475076327028,20.911283894827875
2022-09-09,1994.6500244140625,2010.0,1985.0999755859373,1989.800048828125,276451,0.0,0.002569707150563705,0.20025390162268,-0.02398138756144753,367746.0,2204.3723936915744,-0.0019060628031435378,1.0474620381459594,0.012832244472735031,24.841962332875
2022-09-12,1999.0,2037.0,1992.0,2000.449951171875,527950,0.0,0.005352247503472629,0.19958483072587815,-0.02398138756144753,378273.25,2202.343314661528,0.013142543009306173,1.037676551771861,0.02681690394925198,31.439479049856672
2022-09-13,2010.5,2020.0,1996.0,1998.5,265632,0.0,-0.0009747562895701112,0.19867829875012158,-0.02398138756144753,377278.0,2200.3150229733537,-0.0039374124391617915,1.0340780609871465,-0.004906203881552392,27.91466747629056
2022-09-14,1970.0999755859373,1987.300048828125,1953.0,1960.8499755859373,435689,0.0,-0.018839141563203765,0.201525254393997,-0.02398138756144753,376273.4,2197.9322861834294,-0.022872816451507516,1.0476706691901028,-0.09348277805194605,25.949267548464704
2022-09-15,1969.5999755859373,2038.9000244140625,1922.0,2031.449951171875,1517469,0.0,0.03600478183693845,0.24138936887516618,-0.02398138756144753,435057.25,2196.2757455365486,0.023555197838542874,1.0067464362582577,0.14915644592448377,44.17841151351582
2022-09-16,2036.550048828125,2038.300048828125,1902.5,1909.0999755859373,1459860,0.0,-0.06022790545017276,0.30849760908812673,-0.029511078852330706,494059.7,2193.4182751887815,-0.0405568756969904,1.0632169744683075,-0.19522972536448588,34.57120740310839
2022-09-19,1919.5,1940.0,1886.050048828125,1914.300048828125,774043,0.0,0.002723834952955695,0.30919513447991565,-0.029511078852330706,521137.65,2190.6409794040983,-0.04306526253920173,1.0536801682648314,0.008809436375649899,38.53277838873331
2022-09-20,1923.9000244140625,1947.800048828125,1900.0,1901.949951171875,423128,0.0,-0.006451495241725724,0.30453770931374247,-0.029511078852330706,531503.15,2187.7684318594993,-0.0483112578574556,1.0548581989572532,-0.021184552298689905,31.60581747606963
2022-09-21,1914.550048828125,1945.0,1910.0,1923.8499755859373,458709,0.0,0.011514511410023465,0.3032421623460658,-0.029511078852330706,537650.7,2185.14237756822,-0.01886936811111406,1.037439260683524,0.03797133927956063,36.779002730078176
2022-09-22,1915.0,1932.9000244140625,1881.0,1918.3499755859373,320021,0.0,-0.0028588507782811856,0.3005319571182316,-0.029511078852330706,541899.9,2182.4877268022274,-0.05567450752143521,1.0352282002501667,-0.009512634564949596,39.73817400145596
2022-09-23,1922.0,1932.0,1885.0,1890.050048828125,233915,0.0,-0.014752223065641834,0.3024325415971167,-0.029511078852330706,529682.35,2179.577899160694,-0.009978485674625559,1.0459074847787517,-0.04877855570684038,38.765474346416745
2022-09-26,1885.0,1909.8499755859373,1840.0999755859373,1882.1500244140625,565792,0.0,-0.004179796412777881,0.2967552825520806,-0.029511078852330706,525156.55,2176.6184178199314,-0.016794663111325603,1.0459062618829902,-0.014084993655317287,32.343333010532405
2022-09-27,1885.0,1898.0,1850.050048828125,1866.699951171875,203840,0.0,-0.008208736307828257,0.2958244371812631,-0.029511078852330706,507478.7,2173.534651982637,-0.01853361071792714,1.0507339390267045,-0.02774867454682826,30.91702215944811
2022-09-28,1859.949951171875,1908.949951171875,1844.449951171875,1880.800048828125,430893,0.0,0.007553489058270024,0.2937673876300962,-0.029511078852330706,504693.25,2170.6218698616967,-0.022376966657548625,1.038463654811542,0.025712482457911037,35.52927133908398
2022-09-29,1890.25,1898.699951171875,1838.050048828125,1844.050048828125,411001,0.0,-0.019539557127775442,0.2886061378304005,-0.029511078852330706,508565.35,2167.372399005641,-0.03873116360590989,1.0541552261953133,-0.0677031909218298,31.345200891458518
2022-09-30,1845.0,1890.0,1825.0,1883.6500244140625,249460,0.0,0.021474458142338948,0.3020923854235007,-0.029511078852330706,503843.55,2164.5492908007495,-0.0033861666351272524,1.0290751857592393,0.07108572896128051,36.08199884464359
2022-10-03,1883.6500244140625,1887.0,1862.0,1870.300048828125,315528,0.0,-0.007087290851754857,0.2982246830489072,-0.029511078852330706,502843.15,2161.621437646793,-0.006295978233523902,1.0336349520131778,-0.02376493636156608,35.12762428640252
2022-10-04,1892.0,1930.0,1885.5,1916.449951171875,344261,0.0,0.024675132940656264,0.31180475495698823,-0.029511078852330706,493042.1,2159.181920368436,0.026651310495169778,1.0063972692734406,0.0791364844730967,44.94880407191153
2022-10-06,1926.050048828125,1935.0,1910.199951171875,1918.449951171875,111328,0.0,0.0010435962592068027,0.3055163367539515,-0.029511078852330706,480899.0,2156.786577391356,0.02001802497145233,1.0030467534176444,0.003415844259381859,34.766789502723014
2022-10-07,1916.0,1927.949951171875,1905.0,1915.5,158312,0.0,-0.001537674292765856,0.3054236437451697,-0.029511078852330706,474164.1,2154.3857159247755,0.03874621039558046,1.0027851723093677,-0.005034561907404902,51.27237001274911
2022-10-10,1905.0,1905.300048828125,1871.0,1901.5999755859373,217568,0.0,-0.007256603713945542,0.3043169865660926,-0.029511078852330706,471219.95,2151.8704349263794,0.009529345122089916,1.0077960761994538,-0.023845541970474622,47.559556149022754
2022-10-11,1902.0,1919.1500244140625,1882.4000244140625,1908.3499755859373,286411,0.0,0.0035496424519674274,0.3045154717460984,-0.029511078852330706,459143.0,2149.4473457787135,0.02034429009487182,1.0018183349886778,0.011656689609387675,51.25687841403244
2022-10-12,1917.9000244140625,1956.0,1900.050048828125,1941.199951171875,319953,0.0,0.01721381088699503,0.3107395786975963,-0.029511078852330706,461859.05,2147.3752323995413,0.0129145037076841,0.9833891617004071,0.05539625948255684,53.26680102092708
2022-10-13,1947.5,1947.5,1911.300048828125,1922.9000244140625,124382,0.0,-0.009427120965444624,0.312023514512112,-0.029511078852330706,446293.7,2145.141648240482,0.002319619148505314,0.9917611268938943,-0.03021285327824276,50.81732550392402
2022-10-14,1950.0,1952.9000244140625,1897.050048828125,1901.699951171875,223746,0.0,-0.0110250522507781,0.30774380119639655,-0.029511078852330706,381607.55,2142.7193427970133,-0.007204410769055092,0.999405817908345,-0.035825423126842705,52.147447409721124
2022-10-17,1896.550048828125,1924.0,1896.550048828125,1908.1500244140625,93937,0.0,0.0033917407623704765,0.27718278009144637,-0.029511078852330706,313311.4,2140.3853197285266,0.003444493538188542,0.996002658722911,0.012236476735267348,54.81838308766795
2022-10-18,1915.0,1929.9000244140625,1905.25,1914.550048828125,108922,0.0,0.003354046763711649,0.18268616969773852,-0.029511078852330706,280055.35,2138.1382026051397,0.0032489183438608737,0.9926797153837217,0.018359608642870805,59.17547411132476
2022-10-19,1920.0,1931.9000244140625,1907.5,1916.0,213886,0.0,0.0007573326029071126,0.18247054625019007,-0.029511078852330706,269593.25,2135.927872230959,-0.012981636001310526,0.992295146137787,0.004150437300518306,57.09390806024703
2022-10-20,1902.0,1944.949951171875,1896.699951171875,1938.5999755859373,446283,0.0,0.011795394355917255,0.18513807188996173,-0.029511078852330706,268971.95,2133.9644105728,0.008164725660481986,0.9811075126136491,0.06371133499658888,70.20730831997864
2022-10-21,1940.0,1946.550048828125,1921.0,1931.800048828125,113548,0.0,-0.0035076482221438887,0.18164201619405876,-0.029511078852330706,258648.3,2131.9528248837983,0.015827995177525978,0.9849091290872986,-0.019310774580308106,61.9686991890064
2022-10-24,1945.0,2003.800048828125,1912.0,1950.4000244140625,120823,0.0,0.009628313032304048,0.18407613150009575,-0.02398138756144753,252993.7,2130.1463293567363,0.022141864874054562,0.9770636682666698,0.05230614328309918,69.40408446304787
2022-10-25,1949.949951171875,1955.0,1918.050048828125,1947.199951171875,230136,0.0,-0.0016407266212729033,0.17547309069386247,-0.02398138756144753,236210.9,2128.3259673847474,0.01705356428981042,0.9803397425264218,-0.009350302780227164,59.40654910362336
2022-10-27,1954.0,1956.25,1925.3499755859373,1944.25,154436,0.0,-0.0015149708534553108,0.1746313707614418,-0.02398138756144753,233740.7,2126.4943657192275,0.014744258872651406,0.9838215256374968,-0.008675249813920115,57.846734790695876
2022-10-28,1948.0,1958.0,1932.8499755859373,1944.0,135454,0.0,-0.00012858428700013302,0.1711182070017926,-0.02398138756144753,218968.75,2124.678501383713,0.002785527949070943,0.9855735590428482,-0.0007514354067795483,58.81261856567641
2022-10-31,1946.5,1974.0,1946.0,1962.75,296991,0.0,0.009645061728394966,0.17212559679709816,-0.02398138756144753,213268.25,2123.067272514223,0.01602130157862347,0.9791822679087456,0.05603501947135951,68.35786584030797
2022-11-01,1967.0,1973.949951171875,1933.8499755859373,1946.4000244140625,303701,0.0,-0.008330136586899739,0.15819460328858606,-0.02398138756144753,215980.3,2121.3093894485496,-0.002050861336100329,0.9890194575585223,-0.05265752362694874,60.80047395758151
2022-11-02,1945.0,1963.8499755859373,1933.0999755859373,1952.949951171875,229485,0.0,0.003365149340143647,0.14268049841308791,-0.02398138756144753,211678.15,2119.6341711572395,0.0029529581677214534,0.9878184488534785,0.023585207100614496,53.92059103607906
2022-11-03,1950.0,1950.0,1882.9000244140625,1895.5999755859373,282168,0.0,-0.02936581941156491,0.1768639204225504,-0.02400451216894237,208573.5,2117.404975181406,-0.025022514807284457,1.0171542084346106,-0.1660362253705786,42.7739377815524
2022-11-04,1895.0,1920.5999755859373,1893.050048828125,1915.699951171875,182035,0.0,0.010603490105935753,0.158603319919274,-0.02158804874935662,212108.85,2115.3979600171324,-0.014557638286072483,1.0064102113153963,0.06685540657521329,53.72737337849191
2022-11-07,1923.050048828125,1968.199951171875,1915.800048828125,1965.1500244140625,483950,0.0,0.025813057630417413,0.1820727956104709,-0.02158804874935662,228390.75,2113.9029556827736,0.0012227866075977811,0.9823486603635156,0.1417732733005841,62.34836396473599
2022-11-09,1970.0,1970.0,1924.9000244140625,1934.550048828125,217440,0.0,-0.015571317815829988,0.19101065421033134,-0.02158804874935662,228384.35,2112.118349644419,-0.006088150142468662,0.9987386982978241,-0.08152067257712708,53.92157235241609
2022-11-10,1929.0,1929.0,1872.5,1881.050048828125,227990,0.0,-0.02765500951107891,0.2132749307658261,-0.02391897167391807,225463.3,2109.8191625716204,-0.03681604963844887,1.026418729487574,-0.12966834927617613,44.30874881495043
2022-11-11,1895.5999755859373,1915.0,1879.3499755859373,1889.449951171875,233261,0.0,0.004465538994554263,0.21351378471137353,-0.02391897167391807,221128.7,2107.626434099981,-0.003244368270347353,1.0204861473175413,0.02091452217684927,41.60832002679437
2022-11-14,1890.0,1905.550048828125,1863.0999755859373,1875.550048828125,228319,0.0,-0.0073565866802287605,0.20477898941925587,-0.02391897167391807,226325.55,2105.317216336082,-0.020958345966021197,1.0267867837729374,-0.03592451716773552,40.62342806224425
2022-11-15,1800.0,1981.1500244140625,1796.300048828125,1963.199951171875,2670070,0.0,0.046732905047516704,0.26200043142865176,-0.02391897167391807,348641.75,2103.9031141951446,-0.0009923279230393822,0.9825107225018147,0.17836956606900625,51.73440912142926
2022-11-16,1948.0,1974.0,1940.0,1956.300048828125,589534,0.0,-0.003514620270661295,0.2588881470608309,-0.02391897167391807,373421.6,2102.434426977562,0.011242924427401269,0.9872066939930775,-0.013575824829389417,51.2208358770163
2022-11-17,1960.0,1997.0999755859373,1927.1500244140625,1978.3499755859373,496438,0.0,0.01127123969097732,0.26105322171874745,-0.02391897167391807,392797.4,2101.199755819436,0.0517263891082691,0.9778161214509385,0.04317602052565542,54.35171315792893
2022-11-18,1978.0,1985.5,1957.949951171875,1972.75,199730,0.0,-0.0028306293906762425,0.26148297623327127,-0.021573559059184316,392089.6,2099.921648796357,0.04408693057810842,0.9820301609428462,-0.010825290897324437,53.61954453813456
2022-11-21,1958.0,1971.8499755859373,1934.0,1945.800048828125,190135,4.0,-0.013661108184957582,0.26675453811828215,-0.021573559059184316,379282.2,2098.3881005379667,0.037455678692175365,0.9958166075846704,-0.051212278408464415,47.9092169915919
2022-11-22,1945.050048828125,1957.75,1931.5,1950.300048828125,101070,0.0,0.002312673392474318,0.26386731152881093,-0.021573559059184316,378658.3,2096.91458758563,-0.00657085506550148,0.9939932088023815,0.00876453127683643,50.49555658474583
2022-11-23,1954.9000244140625,1961.3499755859373,1932.0999755859373,1946.5999755859373,135991,0.0,-0.0018971815359442035,0.2636243502101009,-0.019945329746940615,379416.7,2095.4189198045387,-0.004958377038327133,0.9957849715051166,-0.007196533485874391,49.18725415796946
2022-11-24,1956.3499755859373,1983.0,1948.75,1975.4000244140625,193083,0.0,0.014795052496318073,0.26647225920055934,-0.019945329746940615,377564.05,2094.224701939957,-0.0014911169450698702,0.981980854970472,0.05552192181462092,61.019074115408486
2022-11-25,1978.0,2032.0,1968.050048828125,2026.3499755859373,519779,0.0,0.025792219571824315,0.27998665273671103,-0.019945329746940615,395831.2,2093.5493315284743,0.027170181516125824,0.9593160249132238,0.09211945783316955,64.0794173692332
2022-11-28,2036.0,2067.550048828125,2030.550048828125,2044.5,459052,0.0,0.00895700379141795,0.280657619115871,-0.019945329746940615,412011.1,2093.06127847844,0.050724611314157286,0.9532575219672826,0.03191434282272798,60.97056231064532
2022-11-29,2040.0,2073.800048828125,2030.1500244140625,2035.0,370078,0.0,-0.004646612863780875,0.28163457736806413,-0.019945329746940615,415665.45,2092.483554314475,0.043429189894533815,0.9594828027823633,-0.016498729460768552,64.74821327463636
2022-11-30,2030.0,2052.949951171875,2016.550048828125,2042.050048828125,302927,0.0,0.0034643974585379933,0.2804230016146198,-0.019945329746940615,415626.75,2091.9817283892376,0.04903425174114506,0.9585122587989795,0.012354183911622242,77.37167861689876
2022-12-01,2049.89990234375,2070.5,2030.0,2063.800048828125,339095,0.0,0.01065106117868253,0.2792890541127136,-0.019945329746940615,421107.25,2091.7013136672367,0.044750442098573595,0.951096260938743,0.03813633452681143,78.35424680029647
2022-12-02,2060.10009765625,2080.0,2040.0,2060.89990234375,235809,0.0,-0.0014052458647928479,0.27968600337611144,-0.019945329746940615,418789.3,2091.3948319625256,0.017050325547945944,0.9564450480403476,-0.005024369462848773,81.2615759515897
2022-12-05,2064.0,2086.699951171875,2058.5,2064.300048828125,256146,0.0,0.0016498358219669829,0.2543540248858111,-0.019945329746940615,422494.85,2091.1252321303423,0.009684543325079398,0.9584689551838813,0.006486375664170828,73.82186719966542
2022-12-06,2060.10009765625,2067.39990234375,2032.25,2063.75,296224,0.0,-0.0002664577896208664,0.25368638116423636,-0.019945329746940615,413108.55,2090.8528417608863,0.014127764127764175,0.9611132694200485,-0.0010503432541178839,76.09904604016278
2022-12-07,2072.949951171875,2098.0,2063.14990234375,2070.0,289788,0.0,0.0030284675953966556,0.2405687849231273,-0.019945329746940615,416725.95,2090.6453507980914,0.013687201833233464,0.9614830953257095,0.012588779838899675,74.1120294811541
2022-12-08,2068.0,2087.949951171875,2060.0,2083.550048828125,129422,0.0,0.006545917308272919,0.23156660009351737,-0.019945329746940615,411797.55,2090.5747507784895,0.009569725522205808,0.9600897316814271,0.028267967068436047,77.979741255081
2022-12-09,2088.75,2090.550048828125,2035.0999755859373,2058.10009765625,215945,0.0,-0.012214705946799409,0.21049300747221697,-0.019945329746940615,410931.75,2090.2516199016513,-0.0013585350187633738,0.9760591901900575,-0.05802903152553092,78.57500497591138
2022-12-12,2057.0,2080.14990234375,2038.050048828125,2059.25,170585,0.0,0.0005587203193175849,0.21090647842712748,-0.019945329746940615,408045.05,2089.9431460717847,-0.0024463734479839294,0.9799745112089505,0.002649137650929285,78.20339907166709
2022-12-13,2060.0,2115.0,2052.5,2098.85009765625,466641,0.0,0.019230349717737072,0.21267010312658363,-0.019945329746940615,297873.6,2090.03177245571,0.017007921335554288,0.9647163567290032,0.09042337653853108,83.23506788042482
2022-12-14,2110.949951171875,2154.0,2085.39990234375,2148.10009765625,709221,0.0,0.023465229868010473,0.1658976519901239,-0.01576972978142726,303857.95,2090.609566736312,0.03772951577596628,0.9470624875406569,0.1414440058197287,84.60918226854912
2022-12-15,2142.85009765625,2162.949951171875,2120.0,2147.800048828125,440013,0.0,-0.000139681027179539,0.16428664094001702,-0.01576972978142726,301036.7,2091.178626259614,0.03083679225086855,0.9511395284441782,-0.0008502274918887852,80.5380411628805
2022-12-16,2125.0,2144.39990234375,2108.0,2123.800048828125,249764,0.0,-0.011174224534120314,0.17090940233878663,-0.01576972978142726,303538.4,2091.5032175289525,0.03192262186212114,0.9654440064673468,-0.06538097803513661,69.36977977324977
2022-12-19,2123.800048828125,2147.800048828125,2096.5,2134.25,249934,0.0,0.004920402548084013,0.16942957400753644,-0.01576972978142726,306528.35,2091.9285586480673,0.03642102707296346,0.9651317913247116,0.029040988189318506,74.13075887937761
2022-12-20,2130.0,2156.699951171875,2110.050048828125,2142.800048828125,135732,0.0,0.004006114011069428,0.15708118254199174,-0.01576972978142726,308261.45,2092.4347426299582,0.020940014354027925,0.96577257722508,0.02550346063866617,74.31808105404323
2022-12-21,2145.449951171875,2182.5,2128.14990234375,2133.949951171875,500211,0.0,-0.004130155616288156,0.15984985551325323,-0.01576972978142726,326472.45,2092.847829282117,-0.006587284503088986,0.9741676571526244,-0.025837717179347408,68.0565574825283
2022-12-22,2137.0,2169.0,2115.0,2152.64990234375,342093,0.0,0.008763069237685661,0.1588693664796119,-0.01576972978142726,333922.95,2093.4428747852176,0.0022580563392160524,0.9698221322647617,0.05515895782980081,71.84000757678018
2022-12-23,2130.0,2138.949951171875,2055.39990234375,2073.699951171875,341079,0.0,-0.03667570424987188,0.21007386238452097,-0.019945329746940615,324987.95,2093.24642778409,-0.023589837321971174,1.0078869008550277,-0.1745847964507474,51.645640578606525
2022-12-26,2073.10009765625,2117.550048828125,2059.0,2088.39990234375,133092,0.0,0.0070887551323748355,0.19313990263034084,-0.019945329746940615,308689.95,2093.1982036503555,-0.021483002298816944,1.0018435692603511,0.03670269410312058,54.11174348494364
2022-12-27,2098.85009765625,2109.5,2076.14990234375,2095.949951171875,123887,0.0,0.003615231364286098,0.19142298933069304,-0.016175502400592432,296380.4,2093.2255842227087,-0.02186396144701963,0.9996887132701402,0.018886086713334797,54.30990646253351
2022-12-28,2101.0,2104.0,2072.25,2092.35009765625,76920,0.0,-0.0017175283759101045,0.1905522791057486,-0.016175502400592432,285080.05,2093.2168729135897,-0.01949429671149505,1.0026106599258413,-0.009013422950573675,51.51151719549395
2022-12-29,2089.0,2112.0,2050.949951171875,2100.10009765625,259714,0.0,0.003703969048335365,0.19058688868181645,-0.016175502400592432,281111.0,2093.2853627120244,-0.02441168191366605,0.999774971198592,0.01943454179670092,57.681056115683205
2022-12-30,2110.0,2160.0,2105.699951171875,2131.25,271528,0.0,0.014832579827272818,0.1936685007736506,-0.016175502400592432,282896.95,2093.6631202969793,0.02775235095877915,0.9868129123900293,0.07658746260825201,61.86552785129129
2023-01-02,2137.300048828125,2138.449951171875,2102.5,2128.0,128747,0.0,-0.0015249266862169542,0.19369237456311678,-0.016175502400592432,276527.0,2094.0047807915366,0.01896193234437904,0.9898167373542499,-0.007872930521540667,55.45776512036384
2023-01-03,2126.35009765625,2141.449951171875,2100.050048828125,2129.60009765625,241824,0.0,0.0007519255903429833,0.19371434069431054,-0.016175502400592432,273807.0,2094.3589630488973,0.016054842562228444,0.9906190952444168,0.00388162047699581,45.78395433850062
2023-01-04,2119.949951171875,2133.800048828125,2107.0,2122.800048828125,99638,0.0,-0.0031931106857145952,0.19432552133779124,-0.016175502400592432,264299.5,2094.6419589272973,0.014552990537283206,0.995036025922517,-0.016431760992661793,44.46657571226743
2023-01-05,2132.800048828125,2233.0,2125.25,2177.14990234375,1559767,0.0,0.02560290760574846,0.2116479130792679,-0.016175502400592432,335816.75,2095.4629334886554,0.03668863440056458,0.9723457786764744,0.12096933073214934,60.40973740005339
2023-01-06,2177.14990234375,2221.60009765625,2171.300048828125,2211.39990234375,311477,0.0,0.01573157638944811,0.21620808529777627,-0.016175502400592432,340593.35,2096.616535168806,0.03760699230205278,0.9607522841402206,0.07276127365990404,63.77431815231426
2023-01-09,2222.5,2238.85009765625,2198.199951171875,2211.050048828125,281731,0.0,-0.00015820454511827897,0.20949784430498328,-0.016175502400592432,346150.65,2097.7551770957643,0.039027278584645275,0.9643370627886544,-0.0007551606943332584,62.55289643081759
2023-01-10,2204.550048828125,2224.85009765625,2175.0,2189.550048828125,192283,0.0,-0.009723886626354372,0.21429182714618988,-0.016175502400592432,332432.75,2098.6685589040467,0.028150802227072225,0.975877444988218,-0.045376841021343886,59.77156290233894
2023-01-11,2197.0,2211.699951171875,2180.0,2191.800048828125,115237,0.0,0.0010276083897713395,0.20605352693512535,-0.016175502400592432,302733.55,2099.595240395829,0.03250423893578236,0.9758725509776374,0.004987094155510058,57.302781292394776
2023-01-12,2192.0,2219.0,2175.0,2214.25,290124,0.0,0.010242700370354463,0.1935263322653254,-0.016175502400592432,295239.1,2100.736083774975,0.01704067212657745,0.967478831406303,0.05292664683504264,83.2191776318931
2023-01-13,2215.0,2252.449951171875,2197.199951171875,2233.39990234375,352864,0.0,0.00864848248560457,0.1949677194603345,-0.016175502400592432,300394.1,2102.0561217706845,0.009948449385696057,0.9616370059223834,0.044358533125165585,83.56489063614663
2023-01-16,2237.949951171875,2254.89990234375,2215.0,2223.800048828125,338265,0.0,-0.004298313752745697,0.19054724898986447,-0.016175502400592432,304810.65,2103.267504129465,0.005766490906326416,0.9678017134196648,-0.022557730693855492,79.31678473964215
2023-01-17,2225.050048828125,2249.0,2215.5,2240.75,344793,0.0,0.00762206619286987,0.19125060480834838,-0.016175502400592432,315263.7,2104.6354891630026,0.023383777502267167,0.9626665157278533,0.03985381276032978,82.0657471660416
2023-01-18,2245.0,2246.64990234375,2208.0,2236.10009765625,290433,0.0,-0.0020751544544237444,0.19176311725502326,-0.016175502400592432,304774.8,2105.943594720149,0.020211719975008924,0.9669524654588142,-0.01082144666771117,79.78545926405532
2023-01-19,2230.0,2244.800048828125,2208.0,2216.85009765625,164111,0.0,-0.008608738052548137,0.1942089203796404,-0.016175502400592432,295875.7,2107.0471420130457,0.0011742565908321456,0.9767969943012382,-0.044327199762234114,69.77826461123135
2023-01-20,2219.0,2235.0,2207.0,2225.35009765625,67099,0.0,0.0038342691772377258,0.19275565254078614,-0.016175502400592432,282176.7,2108.224285850292,-0.0036042827256562715,0.9764733296661318,0.01989186271726992,71.96037780350515
2023-01-23,2227.10009765625,2259.89990234375,2224.050048828125,2247.39990234375,295614,0.0,0.009908465508740916,0.13490786244024786,-0.016175502400592432,290302.8,2109.609117855202,0.010612399045526244,0.9704303258431239,0.07344616240337999,74.3288376982093
2023-01-24,2259.0,2260.0,2228.050048828125,2249.300048828125,161586,0.0,0.0008454865920362042,0.13476560752567054,-0.016175502400592432,292187.75,2110.9990773673703,0.0038157085030123827,0.973019373539924,0.00627375592943915,76.6653491634523
2023-01-25,2230.0,2254.89990234375,2211.85009765625,2239.85009765625,232378,0.0,-0.004201285273967015,0.13742979408292366,-0.016175502400592432,299960.65,2112.2811770717376,0.0016770268933534727,0.9804171835927392,-0.030570408667918967,66.30276079463339
2023-01-27,2237.60009765625,2239.199951171875,2104.0,2128.75,452570,0.0,-0.049601577253988394,0.22877572318015196,-0.02774055000610321,309603.45,2112.4450459565965,-0.03974111634764721,1.0322583767615972,-0.21681310585038793,34.64609281639257
2023-01-30,2129.050048828125,2182.89990234375,2126.300048828125,2174.25,364619,0.0,0.021374045801526798,0.23942384995684907,-0.016175502400592432,314258.0,2113.0600206236954,-0.022962722903721478,1.0116454039467633,0.08927283105943996,44.14570467618509
2023-01-31,2179.949951171875,2234.949951171875,2179.0,2221.300048828125,239814,0.0,0.02163966831234898,0.24519714825013003,-0.016175502400592432,319811.35,2114.1370358297095,-0.011613355277094284,0.9923175498670378,0.08825415623403746,54.671183807642215
2023-02-01,2235.0,2280.0,2223.050048828125,2249.89990234375,182168,0.0,0.01287527703909852,0.2475863961667783,-0.016175502400592432,316828.55,2115.487910123382,0.00026668452523148645,0.9823770425984664,0.05200316624179084,57.93281520606246
2023-02-02,2245.10009765625,2284.800048828125,2229.0,2277.85009765625,129598,0.0,0.012422861694150855,0.24967775683286209,-0.014360803251263645,318326.55,2117.103454277938,0.016965421051954532,0.9737262855578638,0.04975557836700333,58.555306378940465
2023-02-03,2278.0,2299.89990234375,2235.800048828125,2291.300048828125,125318,0.0,0.0059046691376725136,0.24867019287224018,-0.012287026058707318,246604.1,2118.836753726199,0.07635938876247805,0.9705014509601056,0.02374498057857848,57.90986133122912
2023-02-06,2290.60009765625,2307.5,2257.199951171875,2300.35009765625,259975,0.0,0.003949744090807172,0.23568147791126107,-0.012287026058707318,244029.0,2120.642856650876,0.05799705537829136,0.9686167049130812,0.01675882194147693,60.47339702924152
2023-02-07,2295.0,2308.39990234375,2264.60009765625,2273.949951171875,203117,0.0,-0.01147657763540999,0.23561761897274813,-0.012287026058707318,240098.3,2122.1683003774533,0.02370229198505891,0.9812452229678899,-0.0487084845282837,54.42783916341584
2023-02-08,2265.0,2350.0,2258.0,2329.699951171875,252144,0.0,0.024516810482688722,0.2486579496193256,-0.012287026058707318,243091.35,2124.233291927647,0.03546826627486688,0.9607718027580125,0.0985965239971481,60.98589198389833
2023-02-09,2316.10009765625,2324.800048828125,2292.550048828125,2302.449951171875,109459,0.0,-0.011696785238928697,0.2499814545236384,-0.012287026058707318,242802.45,2126.0065920196294,0.010799592800657232,0.9745456208278481,-0.046790610100704656,59.86172870910598
2023-02-10,2295.0,2319.5,2263.199951171875,2308.25,141462,0.0,0.002519077048851015,0.24992288493846487,-0.012287026058707318,235369.35,2127.819959263215,0.007397525776051905,0.9741330085951885,0.010079416891642734,59.610462075763905
2023-02-13,2081.0,2159.949951171875,2035.5999755859373,2052.25,2111387,0.0,-0.11090653092169389,0.46391505288015067,-0.014811837988203291,323295.5,2127.0680193700487,-0.10785319065520982,1.0912340221574643,-0.23906645805623658,35.33259983417126
2023-02-14,2053.0,2081.64990234375,1981.300048828125,1995.5999755859373,1146004,0.0,-0.027603861329790536,0.4692343788761478,-0.0280574534757946,363682.45,2125.759879630903,-0.12240813631033998,1.11649380916451,-0.05882744739980353,32.381948312889406
2023-02-15,1993.0,2025.0,1974.050048828125,2019.6500244140625,412836,0.0,0.012051537944654411,0.4729055792100215,-0.0280574534757946,367084.6,2124.704060176009,-0.13308577639015384,1.097724849717192,0.02548402518309467,35.01225603772332
2023-02-16,2029.0,2032.550048828125,1996.0999755859373,2000.5999755859373,230533,0.0,-0.009432351445964993,0.4712533331701598,-0.0280574534757946,364089.6,2123.4691936626755,-0.13109947316435933,1.1022918326197921,-0.020015457890468834,40.02801791682366
2023-02-17,1997.949951171875,2046.050048828125,1987.199951171875,2028.8499755859373,265356,4.0,0.01412076394318973,0.4758119947168131,-0.0280574534757946,369151.85,2122.527708905693,-0.12104409159062612,1.0823101923492657,0.029677191418476127,38.37358643745459
2023-02-20,2032.0999755859373,2070.85009765625,2027.300048828125,2057.60009765625,307256,0.0,0.01417064958783354,0.47966207768643504,-0.0280574534757946,381159.7,2121.8816630226142,0.002606942456450323,1.0631111020143735,0.02954298442927427,36.51566560204567
2023-02-21,2070.0,2098.199951171875,2048.10009765625,2053.050048828125,172343,0.0,-0.0022113377780783594,0.47901998986065963,-0.0280574534757946,374996.15,2121.1967713390873,0.028788371389571576,1.0607340117653172,-0.004616378812412023,33.11608004344227
2023-02-22,2048.0,2073.64990234375,2011.0,2052.699951171875,176624,0.0,-0.00017052563158403977,0.4767660196785214,-0.0280574534757946,375748.05,2120.515210939414,0.01636418506092463,1.0561261077284956,-0.00035767152223287283,29.729007921407444
2023-02-23,2052.75,2071.0,2032.699951171875,2060.14990234375,140384,0.0,0.0036293424996780566,0.47720901109541947,-0.0280574534757946,371148.35,2119.914561102641,0.029766033932081548,1.0479455876215016,0.007605351825384621,28.961509054277684
2023-02-24,2071.0,2071.0,2021.449951171875,2048.5,215043,0.0,-0.005654880904780946,0.4772540352784465,-0.0280574534757946,359272.0,2119.2039684548536,0.009685301846129812,1.0519465462533562,-0.011848785695429135,27.18544277436368
2023-02-27,2048.5,2049.449951171875,2007.0999755859373,2043.8499755859373,118904,0.0,-0.0022699655426227094,0.4472271915852335,-0.0280574534757946,346986.25,2118.454177481033,-0.006682601777660779,1.0511498027947914,-0.005075642837861003,28.30065655175349
2023-02-28,2050.0,2053.050048828125,2003.8499755859373,2014.3499755859373,312408,0.0,-0.014433544708457813,0.4412774434313146,-0.0280574534757946,350615.95,2117.41831477561,-0.018850038879606235,1.061406915893684,-0.03270854786761593,18.712195948595465
2023-03-01,2020.0,2059.5,2012.0,2051.0,79526,0.0,0.018194467127492064,0.4389853293387277,-0.0280574534757946,345483.85,2116.757436021624,-0.0008281537547192297,1.0375914188200877,0.0414466395504223,25.50893310374046
2023-03-02,2049.0,2076.0,2037.25,2054.85009765625,139979,0.0,0.0018771807197708323,0.4354854253967371,-0.0280574534757946,346002.9,2116.1414426050533,-0.0025725335236385094,1.0302211350670205,0.0043105476491095,25.224901363030796
2023-03-03,2065.14990234375,2079.449951171875,2044.5999755859373,2049.199951171875,124272,0.0,-0.0027496635841317563,0.43146043124130995,-0.0280574534757946,345950.6,2115.4753581131813,0.00034168961282654564,1.0271545214089484,-0.006372921643108196,49.415812547205874
2023-03-06,2059.0,2065.949951171875,2047.0,2058.10009765625,105182,0.0,0.0043432298928589574,0.4310127748260199,-0.0280574534757946,338210.95,2114.904459999182,0.006972195728909725,1.0168273630132842,0.010076800609550643,64.6507099719367
2023-03-08,2047.0,2060.699951171875,2030.050048828125,2046.8499755859373,107358,0.0,-0.0054662657482618116,0.42985751229406305,-0.0280574534757946,333423.0,2114.227300950294,0.016134237046145028,1.0168686133149887,-0.01271645944239722,56.783005399613856
2023-03-09,2057.0,2057.0,1976.0,1982.6500244140625,358124,0.0,-0.03136524510229266,0.43895685500515635,-0.03163076805967162,338722.0,2112.918074318093,-0.0333251953125,1.0410435400014617,-0.07145404845627422,46.34644719750656
2023-03-10,1970.0,2034.5,1956.550048828125,2025.6500244140625,1084600,0.0,0.02168814438781652,0.43657211441540206,-0.03163076805967162,387479.05,2112.049735513078,-0.014210317957252916,1.0121121511378275,0.049678262021099796,49.38557152269723
2023-03-13,2025.6500244140625,2025.6500244140625,1967.4000244140625,1974.199951171875,185050,0.0,-0.025399290411516118,0.44127903890742437,-0.03163076805967162,389658.45,2110.678095867892,-0.03659964951546568,1.030028645281669,-0.05755834199335536,35.270227133767975
2023-03-14,1976.949951171875,2001.550048828125,1958.0,1963.6500244140625,201685,0.0,-0.005343899817011999,0.44000130653132763,-0.03163076805967162,294173.35,2109.215129982779,-0.04589187539991213,1.0333065858040866,-0.012145190517018643,34.53824263806098
2023-03-15,1979.800048828125,1988.0,1955.0,1961.5,119470,0.0,-0.0010949122233245845,0.22704691242753053,-0.03163076805967162,242846.65,2107.745327694394,-0.041698207784625074,1.0335699738272288,-0.004822405041293003,34.324539566268655
2023-03-16,1968.0,1988.050048828125,1943.699951171875,1980.1500244140625,162807,0.0,0.009508042015835994,0.2101962798609253,-0.03163076805967162,230345.2,2106.475722686629,-0.0012609386271986711,1.0228379055579027,0.04523410961309981,36.759391725432096
2023-03-17,1996.0,2002.75,1951.699951171875,1962.550048828125,144111,0.0,-0.008888203100240077,0.2072047187531829,-0.03163076805967162,226024.1,2105.0436264293303,-0.03115048247497232,1.0310412254365031,-0.04289575413516496,36.04937487216649
2023-03-20,1980.699951171875,1984.699951171875,1949.050048828125,1972.5999755859373,225452,0.0,0.005120851192464304,0.20612311130199126,-0.03163076805967162,224028.9,2103.725779157257,-0.0008104425212795974,1.0243625328668102,0.024843652473910183,38.634566882010716
2023-03-21,1970.199951171875,1995.3499755859373,1960.1500244140625,1965.550048828125,111253,0.0,-0.00357392621163255,0.19920901959813386,-0.02779193051841564,214228.75,2102.35089626841,0.0009675982942172201,1.02569507506807,-0.01794058341051238,41.61514339144145
2023-03-22,1974.800048828125,2014.699951171875,1972.25,1992.699951171875,197126,0.0,0.013812877652205735,0.19885947471704904,-0.02779193051841564,215467.9,2101.259842088345,0.0159061693458451,1.010206026660544,0.06946049202460546,39.64476050152086
2023-03-23,1992.699951171875,2005.0,1970.699951171875,1978.9000244140625,119288,0.0,-0.0069252406764485075,0.19975533743390947,-0.02779193051841564,212601.1,2100.0423314647205,-0.0006312653004005853,1.0153860623944668,-0.03466861220693866,36.97031150124434
2023-03-24,1984.449951171875,1988.449951171875,1956.0,1967.6500244140625,168922,0.0,-0.005684976431960531,0.20014526383901207,-0.02779193051841564,214028.0,2098.7249950761566,0.0025986474021300054,1.0188409955487903,-0.0284042501874577,36.27336358075146
2023-03-27,1915.3499755859373,1976.949951171875,1908.9000244140625,1936.550048828125,258069,0.0,-0.01580564388994865,0.20460839671706813,-0.02779193051841564,216179.3,2097.1113140189623,-0.01827533570109874,1.0323125980744843,-0.07724826239326836,30.963172769290523
2023-03-28,1943.0,1975.0,1940.050048828125,1966.800048828125,92824,0.0,0.015620561946387834,0.2140074240748147,-0.02779193051841564,214875.3,2095.814684514576,0.0006359542972438348,1.014476543794058,0.07299074452211343,38.167034215534365
2023-03-29,1968.949951171875,1968.949951171875,1950.0,1964.75,165672,0.0,-0.001042327017098943,0.21401927245018013,-0.02779193051841564,207538.5,2094.5105583005006,-0.014026171454181058,1.014272816943552,-0.004870248162529832,46.75841326406151
2023-03-31,1974.800048828125,1990.949951171875,1949.199951171875,1951.449951171875,267682,0.0,-0.006769333924481535,0.2099222325357104,-0.02779193051841564,216946.3,2093.0870696723555,-0.013871379505548953,1.0186348942511823,-0.032246863613463864,34.943153508966944
2023-04-03,1968.0,1968.0,1938.3499755859373,1943.800048828125,149416,0.0,-0.00392011198604203,0.19748879572879266,-0.02779193051841564,217418.15,2091.6016266788806,-0.01212104555688942,1.0197872530161187,-0.01984979336715135,42.497541689116794
2023-04-05,1943.800048828125,1966.0,1932.449951171875,1960.199951171875,268522,0.0,0.008437031552518626,0.2005948903964763,-0.02779193051841564,224630.65,2090.294147320602,0.012212388911952754,1.0089850839066834,0.042060050060309676,49.17244417144873
2023-04-06,1960.0,1985.5,1953.4000244140625,1969.75,230663,0.0,0.004871976872775408,0.20204799889325056,-0.02779193051841564,230904.7,2089.094703068656,0.001499873448565614,1.00185049235904,0.02411296651455473,51.91105276459319
2023-04-10,1969.75,2001.4000244140625,1960.0,1990.699951171875,285379,0.0,0.010635842706879117,0.20560469843585674,-0.02779193051841564,239805.75,2088.115650810977,0.013207762398205869,0.9898967973267293,0.0517295678089844,52.41804928813119
2023-04-11,2001.1500244140625,2006.25,1951.550048828125,1989.4000244140625,398582,0.0,-0.0006529998441238138,0.20511143894938305,-0.02779193051841564,241828.65,2087.133405772202,0.019447115832716078,0.9907132712959585,-0.003183634299638533,56.650989255867
2023-04-12,1996.0,2054.75,1991.199951171875,2049.550048828125,551810,0.0,0.030235258709106816,0.202227060867455,-0.02779193051841564,215189.15,2086.7594420215146,0.054403743874661625,0.9622209559858377,0.14951143078625614,65.27092673547361
2023-04-13,2058.0,2075.25,2040.8499755859373,2069.75,225413,0.0,0.009855797951079381,0.1913204451543234,-0.02779193051841564,217207.3,2086.590193842196,0.0558871806739063,0.9551383064455249,0.051514606439387114,69.65298085925303
2023-04-17,2064.75,2088.5,2041.449951171875,2083.550048828125,101100,0.0,0.00666749550821355,0.16593125274063728,-0.02779193051841564,212178.05,2086.559943643051,0.05777385395513379,0.951689407269861,0.04018227426277913,68.04373099699758
2023-04-18,2089.89990234375,2132.0,2055.0,2125.39990234375,351555,0.0,0.02008584028934801,0.17374806954536948,-0.02779193051841564,223782.3,2086.9464108938046,0.06766461771025845,0.9368060589011397,0.11560323625967418,76.17942171092834
2023-04-19,2126.050048828125,2129.89990234375,2017.199951171875,2023.9000244140625,308906,0.0,-0.04775566133119713,0.24921805336951885,-0.03218476591373788,231087.25,2086.3190836651506,0.017341911921490594,0.9848683146691433,-0.19162199033859434,57.60033328449173
2023-04-20,2035.0,2049.449951171875,2016.0999755859373,2041.800048828125,117880,0.0,0.008844322445840547,0.24896353609663205,-0.03218476591373788,229775.7,2085.8761081941357,-0.0037813177601743186,0.9781748742977131,0.03552456809242159,64.74710873343074
2023-04-21,2039.5999755859373,2049.449951171875,2014.550048828125,2035.550048828125,136050,0.0,-0.003061024512947319,0.24668438556713224,-0.03218476591373788,225305.6,2085.375351384524,-0.016523711159258325,0.9827245519790856,-0.012408666976725317,60.3274869332394
2023-04-24,2035.550048828125,2069.25,2028.800048828125,2051.449951171875,132571,0.0,0.007811108527104871,0.2473081241345019,-0.03218476591373788,226371.5,2085.037785213254,-0.015406444243710071,0.9772015172671673,0.03158451926557617,62.50361772614233
2023-04-25,2069.39990234375,2069.39990234375,2017.0,2040.25,155835,0.0,-0.005459529327282442,0.24792765694874658,-0.03218476591373788,224306.95,2084.592135609142,-0.04006300284941777,0.9837311639868735,-0.022020653824048914,62.88453456547316
2023-04-26,2039.0,2075.949951171875,2029.449951171875,2061.949951171875,166336,0.0,0.010635927544112134,0.24624201112156285,-0.03218476591373788,226659.35,2084.3668402416074,0.018800299569554202,0.9753922506795432,0.04319298345452367,66.47150358051894
2023-04-27,2059.699951171875,2089.0,2051.10009765625,2084.10009765625,216628,0.0,0.010742329837727826,0.2460103545115141,-0.03218476591373788,229044.65,2084.364186086529,0.02071703781788181,0.9678194006096663,0.04366616772044598,67.000584867139
2023-04-28,2084.10009765625,2092.300048828125,2067.14990234375,2084.25,146522,0.0,7.192665262034659e-05,0.24437469579560753,-0.02779193051841564,223467.3,2084.363049906564,0.023924713224276584,0.9712930334090499,0.00029432936762491816,66.12678271872642
2023-05-02,2093.0,2117.14990234375,2067.14990234375,2113.0,186729,0.0,0.01379393067050505,0.2372975578462554,-0.02779193051841564,228162.55,2084.6479946836134,0.030003193006470807,0.961536915495223,0.058129254318536085,66.85504365779533
2023-05-03,2104.0,2119.39990234375,2087.050048828125,2094.89990234375,239071,0.0,-0.008566066093823932,0.2375104562493193,-0.02779193051841564,231832.5,2084.7500037150576,0.0267858852315892,0.9729510203701092,-0.03606605733674056,63.89620026193
2023-05-04,2104.75,2145.0,2100.050048828125,2130.25,239919,0.0,0.016874361212533717,0.24163043934331888,-0.02779193051841564,230444.35,2085.2027399965,0.03312400904265789,0.9610022297852364,0.0698354088170316,61.372603639270665
2023-05-05,2130.25,2155.0,2120.0,2139.199951171875,321964,0.0,0.004201361892676836,0.2384542295432551,-0.02779193051841564,239071.75,2085.740025679837,0.026438199190907063,0.9615487294632614,0.017619153682166835,60.10769764033872
2023-05-08,2135.0,2180.0,2131.14990234375,2175.199951171875,316743,0.0,0.016828721401325186,0.24005773541254138,-0.02779193051841564,241482.8,2086.6301741921957,0.04363677638089247,0.9505769775340561,0.07010280535795618,62.529044886622785
2023-05-09,2179.89990234375,2186.39990234375,2144.800048828125,2157.75,285261,0.0,-0.008022228559941835,0.24423853082694497,-0.02779193051841564,244212.7,2087.3378341504826,0.021178419309039187,0.9626207832775749,-0.03284587490893167,54.73855447275024
2023-05-10,2163.0,2209.0,2146.050048828125,2200.10009765625,271872,0.0,0.019626971454640207,0.24965978707095882,-0.02779193051841564,243537.35,2088.4598467226792,0.05021728971145745,0.9488500112632482,0.07861486584907297,81.2189984556732
2023-05-11,2210.0,2240.0,2202.050048828125,2219.64990234375,334372,0.0,0.008885870560310538,0.2492706317747308,-0.02779193051841564,240326.85,2089.765220410451,0.04196685945018186,0.9456795389765992,0.03564748137624975,81.32815660905672
2023-05-12,2217.0,2232.75,2187.0,2194.199951171875,200289,0.0,-0.011465750136993247,0.25527509803678233,-0.02779193051841564,222750.8,2090.804371960316,0.025710546585357985,0.9599444163373275,-0.04491526896285226,76.1755493117799
2023-05-15,2192.5,2226.949951171875,2187.050048828125,2204.89990234375,146279,0.0,0.0048764704265717995,0.23796838169632056,-0.02779193051841564,218794.1,2091.939650869604,0.013653894740055739,0.9583507552094003,0.020492093054084372,75.7596149785748
2023-05-16,2209.0,2240.0,2202.0,2222.85009765625,157620,0.0,0.008141047715326755,0.23747346879914275,-0.02550951895742984,221620.1,2093.242242379919,0.030170361560074133,0.9537451451400217,0.03428192384469395,79.97374243103378
2023-05-17,2226.64990234375,2226.800048828125,2195.10009765625,2204.39990234375,160463,0.0,-0.008300242707303451,0.24060742340635663,-0.016285326216027022,212065.5,2094.3482887477185,0.001954367754485542,0.9635195895061612,-0.034497033569554574,73.63527283830236
2023-05-18,2205.5,2220.0,2183.0,2190.050048828125,84498,0.0,-0.00650964169448931,0.23408195709352717,-0.016285326216027022,200845.1,2095.3005450669266,-0.013335370359249143,0.973626146751917,-0.027809240392654384,68.04631806472284
2023-05-19,2190.050048828125,2230.0,2142.199951171875,2148.949951171875,229849,0.0,-0.018766738996783272,0.16991826766005091,-0.01909836656751991,206443.55,2095.834370003294,-0.02062255081895925,0.9947404704264289,-0.1104456757402472,59.67113658930481
2023-05-22,2148.949951171875,2299.39990234375,2130.10009765625,2291.050048828125,620100,0.0,0.06612536396148228,0.2771402041291066,-0.01909836656751991,230646.05,2097.7768145687155,0.03907213492675998,0.9386187291942863,0.23859894952191085,69.87829772754995
2023-05-23,2300.0,2422.0,2281.85009765625,2408.949951171875,1246510,0.0,0.05146107672508338,0.31705234988216435,-0.01909836656751991,286343.0,2100.87306468417,0.08372127914151606,0.9001006784291044,0.16231097205587555,78.67250658325187
2023-05-24,2399.050048828125,2407.949951171875,2368.050048828125,2376.60009765625,226394,0.0,-0.013429026825521162,0.3258283414277358,-0.01909836656751991,289870.95,2103.616617251056,0.07811658634597762,0.9194289743526001,-0.04121503474659888,72.61545411032182
2023-05-25,2377.0,2453.0,2340.0,2445.75,599950,0.0,0.029096145545034702,0.3308272077077775,-0.01909836656751991,311551.65,2107.020929517215,0.11675530032233628,0.9012797680367091,0.08794967278277441,75.34100379088966
2023-05-26,2462.949951171875,2491.949951171875,2401.5,2469.199951171875,607382,0.0,0.00958804095752841,0.3307767007558899,-0.01909836656751991,331089.35,2110.624700876963,0.14902627202897856,0.9005183983971276,0.028986445072320385,74.81851230270317
2023-05-29,2325.550048828125,2367.449951171875,2248.300048828125,2280.5,1599906,0.0,-0.0764214947770101,0.44313057884812534,-0.025697588146054943,403758.55,2112.315002360774,-0.004604896708180317,0.9793345693275871,-0.17245817982383096,58.03811349855112
2023-05-30,2283.0,2299.89990234375,2214.050048828125,2225.550048828125,1030231,0.0,-0.024095571660545878,0.4540643473580634,-0.025697588146054943,445933.65,2113.4417192410465,-0.0761327159389642,1.006043422376381,-0.053066423889212545,51.63950024059818
2023-05-31,2224.949951171875,2280.0,2215.0,2273.800048828125,781049,0.0,0.021680033673206367,0.4571240865636148,-0.025697588146054943,473032.55,2115.0373245105698,-0.0432550890364366,0.9886291436556777,0.04742702000656687,53.363990569074794
2023-06-01,2280.949951171875,2309.800048828125,2280.0,2287.39990234375,210324,0.0,0.0059811123333533,0.45489949178399913,-0.025697588146054943,471552.8,2116.752375036273,-0.0647450056858837,0.9861863192015532,0.013148205944163298,55.87641738391333
2023-06-02,2291.89990234375,2312.10009765625,2272.25,2286.10009765625,187306,0.0,-0.0005682454940074688,0.4529725505636975,-0.025697588146054943,464819.9,2118.437427002641,-0.07415351414887494,0.9899599321476835,-0.001254481051347395,55.181229941063776
2023-06-05,2285.0,2290.0,2260.39990234375,2279.25,195366,0.0,-0.002996411952071898,0.4535695838897318,-0.025697588146054943,458751.05,2120.0375521070923,-0.0005481254110940581,0.9952177251288801,-0.006606289293722722,53.650481413770954
2023-06-06,2288.800048828125,2308.949951171875,2280.0,2297.35009765625,156238,0.0,0.007941251576724762,0.4512970466424391,-0.025697588146054943,452299.9,2121.801856042905,0.03226170935402317,0.990415003444228,0.017596506469167123,56.018925447771124
2023-06-07,2305.0,2318.199951171875,2288.0,2300.300048828125,193743,0.0,0.001284066879873702,0.4495834875514162,-0.025697588146054943,448393.45,2123.5779574636535,0.011654498826164428,0.991322850948559,0.00285612547361539,57.24614331927894
2023-06-08,2300.300048828125,2309.199951171875,2273.0,2276.14990234375,134983,0.0,-0.010498694071096604,0.4480218186214433,-0.02416075759809439,438424.0,2125.096086268431,-0.00491824800222862,1.0030820026793634,-0.0234334431949464,58.550687426758486
2023-06-09,2276.0,2284.89990234375,2248.25,2265.10009765625,125145,0.0,-0.00485460323861886,0.4478894942984153,-0.02416075759809439,434666.8,2126.4891610086083,-0.009185949478559441,1.0095403784281918,-0.01083884125890207,47.882498382371594
2023-06-12,2275.0,2304.949951171875,2251.050048828125,2299.64990234375,140398,0.0,0.015253102820157682,0.4478228996242538,-0.0190331806299714,434372.75,2128.2121534597045,0.00895026975704738,0.9964331994318938,0.034060568345991526,39.67697201382557
2023-06-13,2305.0,2328.0,2288.10009765625,2322.60009765625,263139,0.0,0.009979864886872525,0.44849557577396054,-0.0190331806299714,439648.7,2130.1463618596704,0.010990923858649193,0.9887345703993433,0.022251868699332808,44.8076874200347
2023-06-14,2330.0,2342.60009765625,2309.14990234375,2322.949951171875,184903,0.0,0.0001506301131986021,0.4481644236569278,-0.0190331806299714,440870.7,2132.0648055344186,0.009846499092711403,0.9911373729965822,0.0003361045676237446,36.39182235021964
2023-06-15,2325.75,2344.89990234375,2318.0,2329.75,111923,0.0,0.002927333335225102,0.44644560186474364,-0.0190331806299714,442241.95,2134.031822394773,0.023548579819395066,0.9912426267906964,0.00655697638733198,33.954655127086994
2023-06-16,2333.75,2372.949951171875,2310.0,2369.0,298093,0.0,0.016847301212576493,0.4474971817869173,-0.0190331806299714,445654.15,2136.3698142117405,0.04586989442597145,0.9794639139751082,0.037647836727875146,65.5208911037361
2023-06-19,2376.0,2400.0,2337.0,2346.85009765625,189575,0.0,-0.009349895459582092,0.4425888233307857,-0.0190331806299714,424127.9,2138.4641453902927,0.020524948282081734,0.9898970611580641,-0.021125466246442983,74.03889415381674
2023-06-20,2340.0,2467.800048828125,2340.0,2453.449951171875,924144,0.0,0.04542252341642272,0.41099546890541344,-0.0190331806299714,408009.6,2141.5983325124976,0.05633765952548897,0.947793947676716,0.11051830433121691,78.91521663817518
2023-06-21,2453.449951171875,2525.0,2453.449951171875,2476.39990234375,674493,0.0,0.009354155017881283,0.37336026638051073,-0.0190331806299714,430414.55,2144.9296914162915,0.06605822527276706,0.9410253177111194,0.02505396425287617,79.53129502638521
2023-06-22,2483.949951171875,2489.39990234375,2433.5,2462.89990234375,288293,0.0,-0.005451462014363306,0.3703284815697784,-0.0190331806299714,414831.7,2148.093574112087,0.05715201302446604,0.946531565404492,-0.014720611939025291,76.61046965588672
2023-06-23,2434.5,2455.39990234375,2385.75,2397.050048828125,361412,0.0,-0.026736715305790915,0.36929387483863757,-0.02422762884280813,402533.2,2150.570752964983,0.01184045961508029,0.9710289553698459,-0.07239956144270702,65.05626410827959
2023-06-26,2394.85009765625,2411.10009765625,2349.85009765625,2389.14990234375,203888,0.0,-0.0032957786960841062,0.3674666595233846,-0.02422762884280813,332732.3,2152.944674849349,0.018024076071046835,0.9765136535431687,-0.008968918733116206,62.04723387959791
2023-06-27,2400.0,2412.89990234375,2349.949951171875,2359.64990234375,153590,0.0,-0.012347488104894833,0.2510234665574107,-0.02422762884280813,288900.25,2155.0014432821295,-0.03823189822287676,0.991563405381368,-0.04918857898962642,57.281305036324675
2023-06-28,2378.699951171875,2378.699951171875,2341.85009765625,2361.0,144001,0.0,0.0005721601560082501,0.23292080000808832,-0.02422762884280813,257047.85,2157.0511801648945,-0.04659986548801409,0.9928430708320098,0.0024564578664670687,61.02666733822918
2023-06-30,2361.449951171875,2393.5,2361.0,2370.39990234375,273165,0.0,0.003981322466645398,0.2228079181684127,-0.02422762884280813,260189.9,2159.1740530223956,-0.03755735257936177,0.9906566769229628,0.017868854575210882,63.74313650186285
2023-07-03,2379.949951171875,2381.949951171875,2340.10009765625,2348.75,100760,0.0,-0.009133438759571066,0.22560441136531126,-0.02422762884280813,255862.6,2161.0603808530186,-0.020149787382094053,1.0011218671001862,-0.04048430746302482,56.63156892956926
2023-07-04,2359.0,2374.800048828125,2325.0,2361.050048828125,178503,0.0,0.005236848889036638,0.2258765380494269,-0.02422762884280813,255019.45,2163.0503277980442,-0.011761444306219171,0.997638736613007,0.023184562249865346,55.346961203126085
2023-07-05,2367.949951171875,2425.0,2350.050048828125,2418.14990234375,279656,0.0,0.024184092812418623,0.23814887077357386,-0.02422762884280813,261190.35,2165.58863202238,0.024791813371082716,0.9765792334621134,0.10155031060344251,61.43406815933213
2023-07-06,2422.800048828125,2472.0,2406.0,2444.0,300078,0.0,0.01069003109823563,0.23906670392357196,-0.02422762884280813,266507.1,2168.3588943903164,0.03515459551037692,0.9691898427111036,0.044715681755901675,63.121638031016026
2023-07-07,2440.0,2454.0,2350.050048828125,2389.14990234375,214715,0.0,-0.022442756815159615,0.25489021667586453,-0.02422762884280813,270493.7,2170.5558198425897,0.007910057700163176,0.993805358657783,-0.08804871456958342,52.23416291033293
2023-07-10,2400.0,2400.0,2276.0,2284.60009765625,505755,0.0,-0.043760253211795885,0.29775991402017715,-0.02758789220109116,289524.2,2171.690588776059,-0.027312358634912215,1.0397114917498083,-0.14696488574073707,44.16424058165085
2023-07-11,2297.85009765625,2343.5,2280.0,2340.300048828125,445508,4.0,0.024380613144951324,0.3083622591083986,-0.02758789220109116,304779.7,2173.3682948462288,-0.00878846257846122,1.0158344798995271,0.07906483894883004,38.27339919561954
2023-07-12,2348.050048828125,2425.300048828125,2326.550048828125,2399.300048828125,537467,0.0,0.02521044257959293,0.31570361220456916,-0.02758789220109116,318496.1,2175.616372000278,-0.0077951550883405,0.9924529787892852,0.07985477772965527,42.5651022239133
2023-07-13,2412.800048828125,2440.0,2373.0,2387.949951171875,372433,0.0,-0.004730587015072896,0.3152544884784165,-0.02758789220109116,327872.6,2177.729143932334,-0.02293373519972386,0.9985311791390755,-0.01500561304566688,42.7423285993742
2023-07-14,2389.0,2439.949951171875,2387.60009765625,2434.35009765625,156736,0.0,0.01943095434709785,0.3212253345016519,-0.02422762884280813,330113.25,2180.2825862579452,0.018918944880000454,0.9816470061772535,0.060490103535394996,53.75327406738738
2023-07-17,2434.949951171875,2449.0,2415.0,2419.449951171875,145317,0.0,-0.006120790308148605,0.3225744858290346,-0.02422762884280813,322474.45,2182.662361033208,0.059025583363130574,0.9887350559789354,-0.018974811670767183,53.006552874721805
2023-07-18,2415.10009765625,2443.10009765625,2393.60009765625,2402.89990234375,144521,0.0,-0.0068404179305749935,0.31925400381216246,-0.02422762884280813,320221.75,2184.853779354706,0.026748644280450762,0.9967112948851882,-0.02142625506534633,54.404723764305395
2023-07-19,2409.949951171875,2438.0,2390.050048828125,2430.199951171875,175193,0.0,0.011361292578811577,0.31896234825147546,-0.02422762884280813,282774.2,2187.295034795673,0.012878715339851743,0.9850362197522851,0.03561954031533131,56.693744573665384
2023-07-20,2435.0,2435.0,2396.10009765625,2409.449951171875,177734,0.0,-0.008538392073456413,0.27827181086932684,-0.02422762884280813,257936.25,2189.5055314760334,0.009003538784156273,0.9921299566414671,-0.030683638921045985,53.69616948699225
2023-07-21,2405.050048828125,2425.0,2384.85009765625,2415.89990234375,186630,0.0,0.0026769392610699327,0.276181243662947,-0.02422762884280813,252853.1,2191.758211783175,-0.007579105129645658,0.9885084532141091,0.009692689947511365,56.544183202475665
2023-07-24,2415.0,2445.75,2364.550048828125,2373.85009765625,378015,0.0,-0.01740544161068347,0.2816418844072868,-0.02422762884280813,253683.25,2193.570071344101,-0.018847198510363206,1.0055299955056365,-0.06179990248721017,51.17907585974414
2023-07-25,2383.5,2393.64990234375,2360.0,2385.300048828125,286513,0.0,0.004823367399306111,0.26699076661844706,-0.02422762884280813,257814.5,2195.4778323140918,-0.007324422252653284,1.0006225365752905,0.018065670508907207,46.69618385122946
2023-07-26,2397.449951171875,2516.64990234375,2395.300048828125,2502.35009765625,994808,0.0,0.04907141509749713,0.31618439126684944,-0.02422762884280813,299875.4,2198.5312876906305,0.02968897536582671,0.9566686921064242,0.1551987223306517,54.958790500316795
2023-07-27,2508.449951171875,2509.89990234375,2449.35009765625,2473.050048828125,387145,0.0,-0.01170901260202084,0.31581680899894654,-0.02422762884280813,312032.6,2201.2628176521976,0.02639610655756397,0.9702684742250272,-0.03707532942398453,57.45381476940195
2023-07-28,2474.39990234375,2477.050048828125,2440.25,2464.39990234375,229314,0.0,-0.0034977644259459595,0.31643186441477406,-0.02422762884280813,309840.05,2203.8810971018647,0.020075335055458332,0.9755813150585159,-0.01105376767879314,69.2546213393508
2023-07-31,2464.699951171875,2549.10009765625,2458.35009765625,2542.35009765625,357183,0.0,0.031630497647060496,0.33244822350725084,-0.02422762884280813,322661.2,2207.2489478536495,0.07098173560595233,0.9494768264476017,0.09514412909753248,70.65315204253059
2023-08-01,2553.0,2570.0,2515.0,2523.60009765625,262291,0.0,-0.007375066092307758,0.3316579206710278,-0.02422762884280813,326850.6,2210.396720488501,0.05798014756930492,0.9597519064657792,-0.022236965892496935,63.844940174149826
2023-08-02,2524.949951171875,2528.449951171875,2435.050048828125,2469.550048828125,261565,0.0,-0.021417834338460784,0.342702198028225,-0.02422762884280813,325946.05,2212.9753605714827,-0.01310769778331422,0.9817982888654458,-0.06249692542598619,58.29943045505095
2023-08-03,2467.0,2496.0,2450.14990234375,2478.550048828125,154693,0.0,0.003644388581746094,0.33348568063971407,-0.02422762884280813,318676.8,2215.6178947829917,0.002223974400601403,0.9789302079236291,0.010928170785244757,54.86568783062711
2023-08-04,2487.199951171875,2510.949951171875,2471.0,2482.550048828125,149437,0.0,0.0016138467737987217,0.3317724259624245,-0.02422762884280813,315412.9,2218.273936116774,0.007364935563872299,0.9792340432855305,0.00486431842692773,57.11708276501978
2023-08-07,2436.0,2489.0,2364.0,2370.35009765625,741339,0.0,-0.04519544378363627,0.36013792491403657,-0.02758789220109116,327192.1,2219.787131753983,-0.06765393962010346,1.0273946554901794,-0.12549481574170807,46.98025855615737
2023-08-08,2370.35009765625,2379.35009765625,2335.0,2372.39990234375,461480,0.0,0.0008647687485181521,0.3233149147647431,-0.02758789220109116,327990.7,2221.3056667847272,-0.05991448306446201,1.027183491383968,0.0026746948015078254,44.374143036171546
2023-08-09,2379.89990234375,2385.0,2320.0,2355.0,306590,0.0,-0.0073343041055431435,0.31418302313728635,-0.02758789220109116,316446.85,2222.635958657516,-0.04638498777640987,1.0338322769456607,-0.023344048952313488,44.665428928621104
2023-08-10,2351.699951171875,2373.0,2340.60009765625,2363.85009765625,179744,0.0,0.00375800325106157,0.301440337799494,-0.02758789220109116,306812.4,2224.0410744684486,-0.046277036538401095,1.0294519191145106,0.012466822303301093,44.92444614204891
2023-08-11,2359.85009765625,2375.300048828125,2330.0,2351.300048828125,263796,4.0,-0.0053091559572954194,0.3015483836109174,-0.02758789220109116,312165.4,2225.3073329197887,-0.052869024760228256,1.0331805667679896,-0.01760631483961984,47.666835223053695
2023-08-14,2345.0,2372.0,2302.60009765625,2367.75,167052,0.0,0.006996108888813968,0.2941445067776801,-0.02758789220109116,313252.15,2226.724672890736,-0.001096925580242769,1.0249107885254989,0.023784597331459885,48.20276086149401
2023-08-16,2365.0,2389.85009765625,2327.550048828125,2368.699951171875,207978,0.0,0.00040120416930622405,0.2936250238710306,-0.02758789220109116,316425.0,2228.137362226867,-0.0015595815731654916,1.0237778409937133,0.0013663827093245925,32.04351820942945
2023-08-17,2368.699951171875,2374.10009765625,2342.39990234375,2353.25,200039,0.0,-0.006522544640671479,0.2935453204524597,-0.02758789220109116,317667.3,2229.3822640952567,-0.0007430997876858303,1.028864346930442,-0.022219888937146014,33.28216123425891
2023-08-18,2350.0,2385.0,2328.10009765625,2379.949951171875,199171,0.0,0.011345990086848001,0.2935373164026478,-0.02758789220109116,318739.15,2230.8804500363176,0.006810860608964964,1.0167020626726269,0.03865263142474973,38.78039269956114
2023-08-21,2380.0,2409.64990234375,2368.699951171875,2382.10009765625,196530,0.0,0.0009034418910012221,0.2922334569463986,-0.02758789220109116,319234.15,2232.3851231469635,0.013099157142226758,1.0150749066165479,0.003091507281631543,23.340525003505633
2023-08-22,2385.14990234375,2395.0,2375.39990234375,2385.75,64480,0.0,0.0015322203913015198,0.29210932357978914,-0.02758789220109116,303557.4,2233.911141822118,0.007602153943617296,1.013771363008226,0.0052453660844185125,25.853872970773537
2023-08-23,2395.0,2405.0,2373.550048828125,2380.39990234375,114954,0.0,-0.00224252233312372,0.2856626837706029,-0.02422762884280813,294979.45,2235.3687414292986,0.004939397734224027,1.015946950590752,-0.007850245698952008,31.172072121457575
2023-08-24,2389.0,2397.89990234375,2371.0,2382.14990234375,66216,0.0,0.0007351705897302718,0.2851949478057727,-0.022657454739691177,248549.85,2236.829250493124,0.012280846634972864,1.012677669794654,0.0025777825645534294,28.99776707722566
2023-08-25,2378.0,2387.699951171875,2343.5,2375.550048828125,85596,0.0,-0.00277054500606011,0.22270443078057425,-0.022657454739691177,233472.4,2238.2095569442185,-0.0018487373407090057,1.013438977383219,-0.012440456940819904,26.949551883437167
2023-08-28,2371.0,2394.5,2348.64990234375,2364.10009765625,130905,0.0,-0.004819915782251494,0.22033373301201392,-0.022657454739691177,228551.95,2239.4621991403583,-0.007556357525743906,1.0162260152835474,-0.021875522633810488,47.62085317075638
2023-08-29,2380.0,2383.60009765625,2355.60009765625,2363.300048828125,52529,0.0,-0.00033841580097149215,0.22034405583827332,-0.022657454739691177,213319.25,2240.6944165501873,-0.009410018305302303,1.0127819024580074,-0.0015358516676363789,46.50274254738504
2023-08-30,2366.949951171875,2382.25,2358.5,2369.699951171875,80154,0.0,0.002708036310041795,0.18479998518332136,-0.022657454739691177,204212.4,2241.978053710602,-0.004495022521778691,1.0067994097848498,0.014653876518532515,56.17127166015654
2023-08-31,2369.699951171875,2384.800048828125,2313.5,2323.14990234375,371331,0.0,-0.019643857782545404,0.19293585769643176,-0.022657454739691177,209700.7,2242.7857337965042,-0.024767542941756537,1.0238222262296675,-0.10181547898316838,37.021605193553825
2023-09-01,2336.0,2366.14990234375,2323.199951171875,2361.800048828125,100941,0.0,0.016636957626101623,0.19433491266259928,-0.022657454739691177,207013.1,2243.96995583662,-0.005788133155427699,1.0045960520917399,0.08560971645321003,52.87042248722163
2023-09-04,2376.89990234375,2386.949951171875,2353.0,2383.89990234375,292921,0.0,0.009357207663108769,0.19742690626044065,-0.022657454739691177,214187.3,2245.3622936128104,0.008375197271523804,0.9932138909149452,0.04739580519388235,54.28266213760475
2023-09-05,2375.0,2424.0,2375.0,2407.85009765625,211498,0.0,0.010046644697184304,0.20137371622149533,-0.022657454739691177,187695.25,2246.9790876828947,0.01885077980268135,0.9841133797594416,0.049890543745184424,59.2531640941085
2023-09-06,2410.550048828125,2432.949951171875,2404.050048828125,2416.25,185472,0.0,0.0034885487065521303,0.12342347512546882,-0.022657454739691177,173894.85,2248.663375367642,0.019643857782545293,0.9815995871459519,0.028264869550602714,65.40342293811013
2023-09-07,2415.300048828125,2427.60009765625,2360.050048828125,2400.14990234375,177246,0.0,-0.0066632582126228135,0.12620681237717782,-0.022657454739691177,167427.65,2250.17070399427,0.03314465412770695,0.9891246772713375,-0.05279633927165368,55.20885398581119
2023-09-08,2401.10009765625,2414.949951171875,2386.25,2402.39990234375,75008,0.0,0.0009374414480540771,0.1228765891215905,-0.022657454739691177,162190.85,2251.6854223858068,0.01719021622332928,0.9890006178717368,0.0076291291812727305,55.23190838475533
2023-09-11,2422.89990234375,2440.0,2391.39990234375,2432.39990234375,180304,0.0,0.012487512995123184,0.12893671500315426,-0.022657454739691177,158016.25,2253.4835764152394,0.020344813954779273,0.9784698552961877,0.09684993158324515,60.58540537769253
2023-09-12,2451.0,2451.0,2357.0,2392.199951171875,291455,0.0,-0.016526867614630403,0.1415256431172576,-0.022657454739691177,164236.4,2254.8638388506292,-0.006499634881593552,0.9954236797224378,-0.11677648009818739,52.31192220599298
2023-09-13,2399.64990234375,2423.800048828125,2350.0,2401.800048828125,156948,0.0,0.004013083292450981,0.14026754051543777,-0.022657454739691177,161684.9,2256.3258906912015,-0.0059803212299534,0.9921339971963168,0.02861020441081491,53.73505848439437
2023-09-14,2407.89990234375,2519.949951171875,2407.0,2502.60009765625,510275,0.0,0.04196854308388698,0.20019462058543952,-0.022657454739691177,177196.7,2258.776380312744,0.04268491530985519,0.9551565949476374,0.20963870490010744,67.78166015588857
2023-09-15,2505.0,2544.0,2493.0,2538.85009765625,466711,0.0,0.014484935101676477,0.2012288245607517,-0.022657454739691177,190573.7,2261.563183470391,0.056797452905064105,0.9446481292185018,0.0719824031843877,72.87002562385912
2023-09-18,2525.050048828125,2537.60009765625,2494.60009765625,2526.89990234375,220169,0.0,-0.004706932214521786,0.20122421909011062,-0.022657454739691177,191755.65,2264.20334982734,0.03885051956668151,0.9519807187931574,-0.023391478430830344,70.8036203551698
2023-09-20,2503.89990234375,2577.25,2501.14990234375,2550.300048828125,487129,0.0,0.00926041686996415,0.20224216729929853,-0.021469080462295724,212888.1,2267.0500831507306,0.06608983399518964,0.9464719607805033,0.04578875185001417,72.01362707058193
2023-09-21,2535.0,2544.0,2516.35009765625,2529.300048828125,120153,0.0,-0.008234325215830784,0.20612896942690725,-0.021469080462295724,213148.05,2269.6595355455306,0.05308518503120574,0.9572737312202215,-0.03994744086311577,76.79706305371815
2023-09-22,2521.0,2558.89990234375,2502.85009765625,2547.199951171875,152790,0.0,0.00707701814659889,0.2057467867840244,-0.021469080462295724,217476.75,2272.4211317209174,0.01782140644739605,0.9537865280033769,0.03439673548856144,75.47399053543168
2023-09-25,2552.699951171875,2578.89990234375,2535.449951171875,2562.35009765625,316861,0.0,0.005947764908445841,0.20571740308128314,-0.021469080462295724,229040.0,2275.3059970536074,0.009256158928679703,0.9517922637623808,0.02891230654400538,74.99647756741744
2023-09-26,2555.0,2572.75,2542.800048828125,2555.199951171875,97834,0.0,-0.0027904643049813105,0.20572513511233906,-0.021469080462295724,227386.45,2278.091011522446,0.011199513206627598,0.9581950686688516,-0.01356404100946211,71.65949997660702
2023-09-27,2553.949951171875,2565.050048828125,2512.89990234375,2555.800048828125,152126,0.0,0.00023485350176799535,0.20386865489513847,-0.021469080462295724,232366.3,2280.8542855254877,0.002156608985098618,0.9617360300946921,0.0011519843026822892,70.99438845940854
2023-09-28,2555.800048828125,2570.89990234375,2515.949951171875,2544.699951171875,229380,0.0,-0.004343100964153912,0.20535884286903944,-0.021469080462295724,239827.6,2283.4796155319195,0.006088602398471865,0.9693696860173243,-0.0211488372839888,72.07876616531053
2023-09-29,2532.5,2568.75,2517.800048828125,2557.800048828125,340383,0.0,0.005147993047359911,0.20539824864070552,-0.021469080462295724,238280.2,2286.2091720821304,0.004161470579242543,0.9689918886097205,0.02506346977539414,72.97452986322061
2023-10-03,2557.449951171875,2557.449951171875,2478.14990234375,2518.199951171875,160421,0.0,-0.015482092775153777,0.19986411548602595,-0.021469080462295724,241254.2,2288.5175380432224,-0.017230333405555576,0.9873352169513601,-0.07746309017441078,62.33464572987149
2023-10-04,2522.0,2538.14990234375,2497.10009765625,2529.10009765625,94099,0.0,0.004328546857171656,0.19447238356872942,-0.019732556610341172,231313.1,2290.91139435778,-0.010214407488406185,0.9859504996238124,0.022257898808870694,71.49130637270054
2023-10-05,2529.0,2610.0,2526.89990234375,2585.25,309033,0.0,0.022201534212024532,0.2043245030503827,-0.017517362419276566,236189.85,2293.840136702479,0.01152279153659852,0.9679673145730587,0.10865820199728086,75.12661767833946
2023-10-06,2598.0,2598.0,2553.85009765625,2562.050048828125,77637,0.0,-0.008973968154675549,0.20776433455506169,-0.017517362419276566,230798.1,2296.5088920470125,0.0068181310131514294,0.9795778593745071,-0.04319301357455619,60.340886959644195
2023-10-09,2511.0,2553.25,2511.0,2543.25,167254,0.0,-0.007337892886489117,0.2108326542556949,-0.017517362419276566,230298.5,2298.96402744953,-0.005688501270766366,0.9896323630489409,-0.03480434548600033,50.81479375694964
2023-10-10,2543.0,2579.949951171875,2540.0,2566.64990234375,170493,0.0,0.009200787316917314,0.2092775378283263,-0.017517362419276566,235072.75,2301.627568493254,0.01923991426865368,0.9838096754132362,0.04396452181513932,57.0616278725411
2023-10-11,2574.800048828125,2604.0,2567.0,2586.300048828125,274965,0.0,0.007655951232940383,0.20962351692211686,-0.017517362419276566,239805.8,2304.460130486636,0.02261672095338696,0.9793101986739964,0.03652238537034472,56.48179892392983
2023-10-12,2590.050048828125,2604.75,2581.0,2595.35009765625,161807,0.0,0.00349922617533327,0.20711969790393597,-0.017517362419276566,233323.4,2307.354558020662,0.003906816615897979,0.97980905322526,0.01689470408560176,62.42706803691435
2023-10-13,2588.0,2618.0,2572.699951171875,2585.25,124851,0.0,-0.0038916127983545934,0.19632086653066938,-0.017517362419276566,231718.55,2310.119686796576,0.009055229495804173,0.9871849993351707,-0.019822715073028126,57.37544326777065
2023-10-16,2575.5,2599.800048828125,2531.10009765625,2594.699951171875,228937,0.0,0.0036553335932212327,0.1963192953762944,-0.017517362419276566,217651.65,2312.9513312182207,0.020230001443772627,0.9853644199023118,0.018619328273472055,56.412241710277264
2023-10-17,2612.0,2637.0,2596.85009765625,2616.5,260441,0.0,0.00840176098908052,0.14049819564871005,-0.017517362419276566,207338.15,2315.9717159822185,0.019422242827402902,0.9786384511080523,0.05979977431233236,61.483683564447205
2023-10-18,2614.050048828125,2627.39990234375,2566.10009765625,2587.300048828125,165439,0.0,-0.011159927831788652,0.14023518845615623,-0.017517362419276566,204601.65,2318.6715003886457,0.000386652739867932,0.990850487483889,-0.0795800765759799,55.32994040522451
2023-10-19,2567.050048828125,2589.0,2548.050048828125,2576.10009765625,105214,0.0,-0.0043288180576303015,0.14004941754615727,-0.01668271712302615,185505.9,2321.2329789684227,-0.007417111093175444,0.9956591047931017,-0.03090921636365573,55.311250003743304
2023-10-20,2571.550048828125,2581.64990234375,2528.39990234375,2540.75,204557,0.0,-0.013722330777601321,0.14540459598140584,-0.01668271712302615,189726.1,2323.417227933911,-0.017213035489797912,1.0097372880639328,-0.09437342569021587,47.3179124388812
2023-10-23,2498.949951171875,2590.699951171875,2488.89990234375,2566.89990234375,1026913,0.0,0.01029219810833415,0.14656641323199543,-0.01668271712302615,233432.25,2325.839941112118,-0.01071416709110018,0.9998344734298635,0.07022207325099931,57.99933107324846
2023-10-25,2564.10009765625,2640.0,2555.0,2592.85009765625,821381,0.0,0.010109547041084799,0.14858020290451807,-0.01668271712302615,258658.25,2328.4967585901695,-0.00903875495652584,0.9904159189643547,0.068041005215018,59.978081210703024
2023-10-26,2586.0,2587.0,2516.300048828125,2556.0,563889,0.0,-0.014212197492465828,0.15614923122851548,-0.01668271712302615,281961.0,2330.7604724350435,-0.012097572078005325,1.004710490864021,-0.09101675666593276,45.12744260211525
2023-10-27,2560.0,2617.449951171875,2557.050048828125,2599.60009765625,207553,0.0,0.017057941180066427,0.16658461970942515,-0.01668271712302615,284732.35,2333.435493581523,0.009122316334439162,0.988702077449187,0.10239804962691171,55.85711835181119
2023-10-30,2608.0,2608.0,2563.35009765625,2576.64990234375,325343,0.0,-0.008828356074148225,0.16994673521676948,-0.01668271712302615,289530.5,2335.855537449804,0.014129647680310997,0.9981284272687081,-0.05194777965819546,55.143183226423
2023-10-31,2579.60009765625,2595.85009765625,2545.050048828125,2553.800048828125,190106,4.0,-0.008868047418797764,0.17225902233823667,-0.015534331517127608,282016.65,2338.024139553071,-0.005103375283026845,1.006980760231598,-0.05148088491165469,48.01791940661073
2023-11-01,2567.199951171875,2575.800048828125,2547.699951171875,2559.0,162750,0.0,0.0020361622180486982,0.17147418919600935,-0.015534331517127608,282133.1,2340.222904333638,-0.013055169555250434,1.0057317378233075,0.011874452410891242,45.59250722989108
2023-11-02,2574.0,2587.64990234375,2530.39990234375,2538.949951171875,137560,0.0,-0.007835110913686938,0.16464100752345515,-0.015534331517127608,284306.15,2342.2002878842673,-0.00667059813306925,1.0138679608778813,-0.047589057888145825,41.206724459759045
2023-11-03,2545.64990234375,2553.949951171875,2533.14990234375,2543.64990234375,147094,0.0,0.001851139747636843,0.16412698876816717,-0.014275692256600225,276209.2,2344.2047616599834,-0.02152261625276275,1.0111768929021507,0.01127870345238943,43.403098775125194
2023-11-06,2551.10009765625,2579.5,2545.0,2565.449951171875,365431,0.0,0.008570381013534245,0.14714725156911487,-0.014275692256600225,290598.9,2346.4062063317433,-0.004346710494773642,1.002650626189382,0.05824356445470614,45.53640084608064
2023-11-07,2564.89990234375,2567.85009765625,2546.550048828125,2558.85009765625,159650,0.0,-0.0025725910235007143,0.14404465011726716,-0.014275692256600225,290218.7,2348.5200758971614,0.0019774644575021316,1.0055415154016059,-0.017859676446224115,40.774545299890164
2023-11-08,2563.199951171875,2628.5,2558.89990234375,2600.5,507671,0.0,0.016276804327810757,0.15194105338629976,-0.014275692256600225,307077.6,2351.027338823558,0.01621727237202042,0.9900874869315998,0.10712577604138583,52.03138582253946
2023-11-09,2606.89990234375,2616.949951171875,2566.449951171875,2584.14990234375,88418,0.0,-0.0062872900043260405,0.1510117762065604,-0.014275692256600225,297750.25,2353.3469663212713,0.017802616058269605,0.9963102373071718,-0.04163443239937587,51.21948150260354
2023-11-10,2580.0,2583.75,2547.0,2566.550048828125,103882,0.0,-0.006810693721622907,0.1505276970810475,-0.014275692256600225,294854.0,2355.4683900278073,0.00900286885521262,1.0025812670884404,-0.04524544918468649,54.13065075932125
2023-11-13,2572.449951171875,2582.0,2540.0,2573.449951171875,177737,0.0,0.0026883957890868615,0.15029435700703497,-0.014275692256600225,297498.3,2357.63736078546,0.0031183613604879312,0.9996638933611717,0.01788753525912933,51.11756485132637
2023-11-15,2591.050048828125,2656.0,2585.35009765625,2634.800048828125,399100,0.0,0.023839631164504604,0.17131621332149274,-0.014275692256600225,306006.45,2360.3951984774267,0.029681281932630865,0.9771481534572242,0.1391557127649671,56.38604920845947
2023-11-16,2634.949951171875,2682.75,2623.64990234375,2653.949951171875,466453,0.0,0.0072680666421982565,0.17248559029036922,-0.014275692256600225,316307.05,2363.316141290307,0.02055372088901164,0.9708029719484124,0.04213723713726189,65.76026193759458
2023-11-17,2641.0,2673.949951171875,2635.050048828125,2643.64990234375,150179,0.0,-0.0038810260244647177,0.171205784867182,-0.014275692256600225,315544.05,2366.1055319475554,0.02302498007024867,0.9756511217272373,-0.022668777230791397,57.93834042872339
2023-11-20,2644.0,2648.64990234375,2484.10009765625,2496.699951171875,615859,0.0,-0.05558601047801193,0.2571025443927489,-0.015534331517127608,341076.3,2367.4049789050114,-0.02721556031535144,1.0314855752461525,-0.21620170444941963,40.0423392388775
2023-11-21,2500.0,2513.89990234375,2462.0,2466.14990234375,354926,0.0,-0.012236171516639693,0.2596190163871044,-0.015534331517127608,348594.75,2368.387515456641,-0.04169502063922548,1.0427508798328935,-0.0471312587791427,39.28874253747158
2023-11-22,2470.0,2513.14990234375,2469.14990234375,2500.10009765625,231313,0.0,0.0137664767580572,0.2613645539756036,-0.015534331517127608,308814.75,2369.698088413851,-0.05112340544846472,1.027254865771976,0.05267155022339676,43.274729892645304
2023-11-23,2501.949951171875,2562.25,2501.89990234375,2553.10009765625,340499,0.0,0.021199151205860023,0.2697085538833846,-0.015534331517127608,284770.65,2371.5229840282036,-0.03799990782459706,1.00515153815951,0.07860021536070326,51.50261768528915
2023-11-24,2572.949951171875,2585.85009765625,2547.199951171875,2570.85009765625,294957,0.0,0.006952332192652566,0.2684188696841936,-0.015534331517127608,271324.05,2373.506338392662,-0.02753761177792824,0.9985004561166063,0.025901055100268227,52.8105187697794
2023-11-28,2570.85009765625,2629.85009765625,2570.800048828125,2619.949951171875,423349,0.0,0.019098683956869866,0.2714003537049565,-0.015534331517127608,282113.85,2375.958513644197,0.04936516297929594,0.9801761620081043,0.07037088563975669,55.33059771899896
2023-11-29,2625.25,2649.0,2575.0,2582.550048828125,139545,0.0,-0.014275044577481855,0.27020719184356573,-0.015534331517127608,272823.95,2378.014150810206,0.0471991367490483,0.9944850812407681,-0.0528299929834819,52.186343330374335
2023-11-30,2589.89990234375,2608.5,2568.75,2576.39990234375,494056,0.0,-0.0023814239290990136,0.2685228299510081,-0.01433539698736545,288021.45,2379.9881383876545,0.03051869993486589,0.9972976188423048,-0.008868608456299299,47.6209182833575
2023-12-01,2588.0,2598.5,2548.0,2559.699951171875,265697,0.0,-0.006481894040084035,0.26764067846470874,-0.01433539698736545,293168.8,2381.7763156292885,0.0025850351585055,1.0038178436403118,-0.024218642080420228,47.58804790654163
2023-12-04,2590.5,2592.0,2529.0,2560.800048828125,261846,0.0,0.00042977601954730105,0.2675632570692097,-0.01433539698736545,299383.1,2383.557646307884,-0.003909231750729991,1.0038132385270448,0.0016062594251255436,49.413684205851915
2023-12-05,2571.0,2609.89990234375,2548.199951171875,2590.949951171875,468561,0.0,0.01177362612030075,0.2687897422647198,-0.01433539698736545,315456.45,2385.6212513314067,-0.011068913735175934,0.9930450379838702,0.043802362333759656,51.70366009810831
2023-12-06,2617.449951171875,2633.0,2576.0,2582.64990234375,246881,0.0,-0.0032034770970280624,0.269182946251478,-0.01433539698736545,309528.95,2387.5817354210817,3.866469719349119e-05,0.9965694490370783,-0.011900742683111361,44.338275857182204
2023-12-07,2583.0,2678.0,2578.0,2620.64990234375,450303,0.0,0.014713569952131467,0.27222290263000365,-0.01433539698736545,324061.6,2389.9008216591183,0.017175128736709677,0.9832980659355319,0.05404971172330987,46.52690459080974
2023-12-08,2644.0,2644.0,2560.199951171875,2605.64990234375,244484,0.0,-0.005723771033507741,0.27298463451871186,-0.01433539698736545,310902.25,2392.0475786808556,0.017951303687308462,0.9890574605851055,-0.0209673736176593,46.0751918546406
2023-12-11,2604.89990234375,2604.89990234375,2565.0,2572.449951171875,740486,0.0,-0.01274152415564811,0.2710330086169586,-0.01433539698736545,343505.65,2393.8426271633534,0.004549321353332969,1.001594793653264,-0.04701096648912454,60.2268097552487
2023-12-12,2572.449951171875,2615.0,2572.449951171875,2596.199951171875,158815,0.0,0.009232443954519276,0.27209745348135317,-0.01421533984671663,346252.3,2395.856132874881,0.002026283833705733,0.9930032438298351,0.03393065057055181,67.88612724124917
2023-12-13,2604.949951171875,2608.14990234375,2535.0,2580.89990234375,263801,0.0,-0.005893247483198971,0.2718110584260994,-0.01421533984671663,350555.5,2397.6973644118852,-0.0006775986162165237,0.999034278067754,-0.02168141097904275,61.71351513375782
2023-12-14,2597.0,2620.60009765625,2577.050048828125,2612.75,320109,0.0,0.01234069466519272,0.27487095521827515,-0.01421533984671663,346605.95,2399.837191631668,-0.003014482146846409,0.986433821935401,0.04489631946172623,59.21234010470354
2023-12-15,2620.0,2632.0,2564.0,2571.199951171875,168934,0.0,-0.015902803110946273,0.26739568890163484,-0.01433539698736545,331730.0,2401.542293716645,-0.013221250921272132,1.0007652135684535,-0.059472920380803644,50.05033136618218
2023-12-18,2574.800048828125,2577.14990234375,2509.0,2524.85009765625,270428,0.0,-0.01802654573577611,0.2718305764808494,-0.015503128291943401,337742.45,2402.7692370394275,-0.018503704413740274,1.016784117366188,-0.06631536932304007,36.20941993189559
2023-12-19,2520.050048828125,2545.300048828125,2505.0,2509.60009765625,177234,0.0,-0.006039962536451671,0.2720985642718038,-0.015503128291943401,315811.2,2403.832230677406,-0.03335638823833098,1.023219790176823,-0.0221977000526958,38.695193218554095
2023-12-20,2525.0,2541.699951171875,2420.050048828125,2435.64990234375,260386,0.0,-0.029466923985842608,0.21719272135762402,-0.016008990242187764,311084.2,2404.1488244253305,-0.05627881959625658,1.053660250137775,-0.13567177778764208,31.975934219102868
2023-12-21,2417.0,2486.300048828125,2407.5,2479.60009765625,160725,0.0,0.018044545429213077,0.2228665851337972,-0.016008990242187764,307554.8,2404.8995833629515,-0.050961593089178026,1.0345710535244528,0.08096568002207821,40.41180639722944
2023-12-22,2496.0,2513.35009765625,2461.39990234375,2501.60009765625,269113,0.0,0.008872398424566441,0.21977864821885637,-0.016008990242187764,303985.5,2405.8617775350244,-0.027069016349313246,1.024443310404649,0.04036969966270008,43.25126480175028
2023-12-26,2510.0,2552.699951171875,2486.64990234375,2514.89990234375,129665,0.0,0.0053165190951025565,0.20710623647374055,-0.016008990242187764,295720.9,2406.946734000783,-0.0039409053716640274,1.0179132669257345,0.025670491284658814,40.9839946746394
2023-12-27,2528.0,2544.5,2508.050048828125,2537.85009765625,86308,0.0,0.00912568937281022,0.2082433504869656,-0.016008990242187764,278868.85,2408.2492550321813,0.011256773549850774,1.0070906021086607,0.043822234483108125,44.867121366577265
2023-12-28,2531.199951171875,2551.699951171875,2497.64990234375,2522.449951171875,274384,0.0,-0.0060681860203631866,0.19625331934667845,-0.016008990242187764,285610.8,2409.385580366905,0.035637325686503685,1.0120478215400668,-0.030920168542179636,38.134385715804996
2023-12-29,2520.10009765625,2575.0,2520.0,2568.550048828125,160522,0.0,0.01827592164309655,0.20233794529001406,-0.016008990242187764,268934.1,2410.9693064212456,0.035872700301936344,0.9937308741622889,0.09032374384183825,45.83054611020113
2024-01-01,2572.0,2596.0,2566.550048828125,2576.25,119304,0.0,0.0029977812483692468,0.20245892609704932,-0.016008990242187764,261614.45,2412.613890436955,0.029840861620404224,0.9910819942913027,0.014806860621515126,50.45303325410798
2024-01-02,2593.0,2593.0,2516.25,2521.75,307356,0.0,-0.021154779233381826,0.2144704840314982,-0.018182957410656397,263889.95,2413.6998218753934,0.0027238052893738818,1.0117269695059234,-0.0986372476499025,41.73055133783343
2024-01-03,2529.800048828125,2534.75,2490.0,2505.89990234375,142806,0.0,-0.006285356461286806,0.215314721933773,-0.018182957410656397,247602.2,2414.617235611397,-0.01258947301182467,1.0164292598151667,-0.029191483577724126,41.67962210322427
2024-01-04,2509.550048828125,2517.39990234375,2490.0,2500.10009765625,120156,0.0,-0.0023144598401857452,0.2103028536253866,-0.018182957410656397,241265.95,2415.467811353137,-0.00886037540813911,1.0171362718875514,-0.01100536531118522,36.73615932852278
2024-01-05,2509.949951171875,2604.449951171875,2509.699951171875,2578.550048828125,339025,0.0,0.031378724094054844,0.2391517511683316,-0.018182957410656397,235702.05,2417.090520183734,0.0038932470887855786,0.9853745135390084,0.13120841736962296,50.79624015258919
2024-01-08,2579.050048828125,2585.0,2535.0,2544.800048828125,137028,0.0,-0.013088751182215086,0.23703016812956684,-0.018182957410656397,230329.25,2418.3612617622853,-0.012207647228287266,0.9972473116278302,-0.05521976689002206,52.22184335646884
2024-01-09,2550.14990234375,2643.949951171875,2550.0,2623.5,375050,0.0,0.03092578971307236,0.26116676760763574,-0.018182957410656397,212057.45,2420.4024432372876,0.040348964013086075,0.9683047492912618,0.11841394987663309,61.11434575934851
2024-01-10,2623.199951171875,2661.0,2586.85009765625,2649.800048828125,333853,0.0,0.0100247946743377,0.25856814985729526,-0.018182957410656397,220809.35,2422.6850064769974,0.057424538925032964,0.9597054373114273,0.038770414268603,73.03927205846364
2024-01-11,2656.0,2723.0,2641.050048828125,2665.5,646356,0.0,0.005924956933568648,0.25757993969812587,-0.018182957410656397,239937.1,2425.1010760642907,0.06615731206074749,0.955639662176421,0.023002399606461905,71.29437596152643
2024-01-12,2666.0,2678.5,2603.300048828125,2631.89990234375,187537,0.0,-0.012605551549896843,0.26099503957303877,-0.018182957410656397,233308.5,2427.158775828266,0.020689865430330023,0.9682036206541176,-0.0482980484515635,64.53914038273062
2024-01-15,2654.85009765625,2706.39990234375,2605.050048828125,2679.10009765625,330871,0.0,0.017933886950057376,0.2647332910058744,-0.018182957410656397,241405.35,2429.665654652425,0.05277430299090491,0.9531596166215007,0.06774322263922296,67.03319800674095
2024-01-16,2675.60009765625,2675.60009765625,2599.85009765625,2606.85009765625,145483,0.0,-0.02696801066268717,0.2763284355185194,-0.02144544080484709,235158.1,2431.428683936045,-0.006346446481322654,0.9811496350604224,-0.09759404469591527,56.49350289798134
2024-01-17,2586.5,2606.60009765625,2549.39990234375,2555.85009765625,156785,0.0,-0.019563840684914235,0.27769606657887674,-0.02144544080484709,234135.65,2432.6667079531617,-0.03545548699549028,1.0016324996212542,-0.07045054768484396,52.945857973688774
2024-01-18,2555.0,2590.89990234375,2510.800048828125,2562.449951171875,237036,0.0,0.0025822537564612613,0.2766530515375204,-0.02144544080484709,232968.15,2433.9580835075767,-0.038660682359078935,1.0015268876726346,0.009333906308898915,49.4216819374139
2024-01-19,2583.89990234375,2652.0,2572.0,2641.949951171875,216875,0.0,0.031024996200859523,0.27165219224537346,-0.02144544080484709,235775.65,2436.0276543301075,0.003818552832945965,0.9744620695588484,0.11420852083811117,55.48230610566915
2024-01-23,2779.800048828125,2782.64990234375,2606.85009765625,2621.949951171875,333172,0.0,-0.007570166115799748,0.2694704260075045,-0.02144544080484709,238978.6,2437.8776274330107,-0.02133184442580982,0.9841902240019026,-0.028092751946966556,58.871963845498556
2024-01-24,2621.949951171875,2732.050048828125,2610.800048828125,2714.550048828125,262223,0.0,0.03531726363230647,0.29164038641687046,-0.02144544080484709,245606.5,2440.6305868498775,0.041314209539207836,0.9542944394074288,0.12109866831282184,66.26394591796677
2024-01-25,2710.0,2755.89990234375,2495.0,2527.0,911365,0.0,-0.06909065791919755,0.3861744293080074,-0.027092956328844942,286859.35,2441.48998399565,-0.011287867658085982,1.0249060198682356,-0.17891048937107876,51.63386150491398
2024-01-29,2550.0,2550.0,2484.449951171875,2508.699951171875,599618,0.0,-0.007241808004798234,0.3857377438710296,-0.027092956328844942,303121.05,2442.158739887951,-0.020976019443977312,1.0321082881982477,-0.01877391552194166,45.42296894273685
2024-01-30,2530.0,2541.75,2450.0,2452.14990234375,301527,0.0,-0.02254157528950762,0.39301290939451294,-0.027092956328844942,310171.3,2442.25815443975,-0.07184089492079004,1.0535367362385089,-0.05735581243546859,44.10510235345693
2024-01-31,2457.5,2467.050048828125,2424.0,2454.25,404937,0.0,0.0008564311889101006,0.3868037319356506,-0.027092956328844942,324452.95,2442.3774762861203,-0.06396001231713899,1.0501497422360446,0.0022141233293771446,38.06839030053116
2024-02-01,2464.949951171875,2494.0,2421.35009765625,2436.5,234190,0.0,-0.0072323520423754895,0.386801983962715,-0.027092956328844942,320794.65,2442.318993935015,-0.1024295164305995,1.05605068946555,-0.018697814787047448,34.77951226261669
2024-02-02,2449.89990234375,2478.75,2430.14990234375,2452.39990234375,264382,4.0,0.00652571407500524,0.3817123017447642,-0.027092956328844942,326873.45,2442.419301481371,-0.02952120999455876,1.0481131166357889,0.017095896239701917,34.798118205950686
2024-02-05,2458.89990234375,2482.0,2400.0,2410.60009765625,414992,0.0,-0.01704444884684264,0.3853743396436482,-0.027092956328844942,341615.25,2442.102692488086,-0.03910386073464078,1.0644310134134536,-0.04422829091402548,34.39572878954198
2024-02-06,2411.949951171875,2420.64990234375,2378.10009765625,2382.14990234375,373510,0.0,-0.011802121529888465,0.38700629957300675,-0.027092956328844942,343339.5,2441.5061473125206,-0.028546378805428874,1.0730212632898124,-0.030495940861817023,28.492782401246075
2024-02-07,2402.85009765625,2404.0,2344.0,2349.39990234375,467803,0.0,-0.013748085276992006,0.3691058177652005,-0.027092956328844942,359878.25,2440.58966726308,-0.042721848897321,1.0838203780012807,-0.037247001382317874,30.22200531856606
2024-02-08,2349.39990234375,2365.64990234375,2304.0,2311.5,194937,0.0,-0.016131737430456705,0.3701821576856736,-0.027092956328844942,350872.6,2439.305192961955,-0.051303098707161876,1.0948420896536342,-0.0435778350192016,30.84279907937203
2024-02-09,2330.0,2330.0,2279.35009765625,2297.5,268270,0.0,-0.006056673155959369,0.34729351692556115,-0.027092956328844942,347593.45,2437.89419601706,-0.06316257890718091,1.0938465670480821,-0.01743963732804486,29.4660240954625
2024-02-12,2309.949951171875,2356.89990234375,2280.10009765625,2344.5,612117,0.0,0.020457018498367896,0.3551748355307339,-0.027092956328844942,345881.5,2436.9649005343035,-0.02742059859721946,1.0650725049234244,0.057597036377390956,25.72432219670665
2024-02-13,2350.0,2351.949951171875,2293.14990234375,2315.60009765625,221202,0.0,-0.012326680462252049,0.3533546763306041,-0.027092956328844942,347564.75,2435.7572905554175,-0.027936866870562183,1.0715354089292037,-0.03488472330806734,25.355978640479876
2024-02-14,2309.949951171875,2361.89990234375,2285.60009765625,2351.050048828125,119297,0.0,0.015309185384711155,0.3603785342269219,-0.027092956328844942,336986.05,2434.914432428778,0.0007023693508836359,1.048401754078261,0.0424808458493337,17.797655656888978
2024-02-15,2365.0,2373.64990234375,2330.0,2334.85009765625,127649,0.0,-0.006890517358381976,0.35050246685565545,-0.027092956328844942,336094.35,2433.918767406166,0.010101707833116924,1.0498511221674471,-0.019658969089738104,25.556545236286283
2024-02-16,2340.0,2359.300048828125,2332.699951171875,2339.75,135488,0.0,0.002098593973406837,0.3432867465056966,-0.022762897058166597,335029.5,2432.9817647454083,0.018389553862894426,1.043034508060423,0.006113238957332198,27.74922911175399
2024-02-19,2340.0,2344.949951171875,2313.0,2323.85009765625,135084,0.0,-0.006795556082380583,0.33924398788148974,-0.022762897058166597,329931.9,2431.8958775106908,-0.008807806501919369,1.0450372853257186,-0.020031470342341966,31.07669770318749
2024-02-20,2324.0,2327.5,2277.550048828125,2294.550048828125,237725,0.0,-0.012608407425967805,0.339442162844255,-0.022762897058166597,330974.4,2430.5292523496705,-0.009090537200024729,1.0508116847016808,-0.037144493037855005,28.194950097657653
2024-02-21,2294.550048828125,2312.0,2251.0,2257.800048828125,209004,0.0,-0.016016211988389206,0.31470989809476124,-0.022762897058166597,324766.0,2428.8105538071677,-0.03966312841637731,1.0598513843447883,-0.050891985210604236,26.804231513470782
2024-02-22,2267.550048828125,2287.0,2252.800048828125,2280.35009765625,114899,0.0,0.009987619957679161,0.3203216023624095,-0.022762897058166597,317399.8,2427.3333353380044,-0.023341969599978918,1.0398502020381757,0.0311799752880216,28.04644937116953
2024-02-23,2286.5,2353.199951171875,2286.5,2333.5,303936,0.0,0.023307781729821953,0.3028252062931564,-0.022762897058166597,287028.35,2426.3996703097655,-0.002671225558286139,1.0120195027922112,0.07696777043579607,40.43896902391555
2024-02-26,2332.949951171875,2333.0,2267.050048828125,2290.14990234375,721204,0.0,-0.018577286332226217,0.20804778349171005,-0.022762897058166597,293107.65,2425.0439512255266,-0.01450188002508801,1.0264044309582459,-0.08929335909042677,38.997837112701326
2024-02-27,2294.800048828125,2315.199951171875,2277.25,2289.25,177543,0.0,-0.00039294473380502293,0.20830206644233765,-0.022762897058166597,286908.45,2423.692767631243,-0.002309842328709233,1.0232499780308097,-0.001886417747322832,42.2135950160441
2024-02-28,2289.25,2299.75,2218.0,2229.199951171875,282334,0.0,-0.026231319789505325,0.21272576822268102,-0.026268154333164418,280778.3,2421.757515726175,-0.012667241136386065,1.0457664457331957,-0.1233104892536645,39.92407960109273
2024-02-29,2229.0,2240.0,2194.5,2228.949951171875,478956,0.0,-0.00011214785818947082,0.2124479941505116,-0.026268154333164418,293016.6,2419.839032496779,-0.022540462772450698,1.0412279585299928,-0.00052788379273273,41.31507559693303
2024-03-01,2241.85009765625,2263.39990234375,2210.050048828125,2250.85009765625,1018688,0.0,0.009825319977624813,0.2178226761772054,-0.026268154333164418,330731.9,2418.1575505580677,-0.03541885680040713,1.0266199066281598,0.04510696360447789,37.32919064488962
2024-03-04,2269.800048828125,2269.800048828125,2233.10009765625,2238.35009765625,351156,0.0,-0.005553457341746504,0.2146901322416629,-0.026268154333164418,327540.1,2416.3684216734728,-0.022618521448961815,1.028505335023508,-0.025867314091651838,39.06271818331387
2024-03-05,2234.0,2324.0,2234.0,2271.85009765625,586091,0.0,0.014966380833399295,0.21924697632036527,-0.026268154333164418,338169.15,2414.9304283996694,-0.0076006999426667665,1.0109117803259966,0.06826265247509634,38.72437894481037
2024-03-06,2281.800048828125,2287.0,2235.300048828125,2281.60009765625,272361,0.0,0.0042916563949613185,0.21793872023644179,-0.026268154333164418,328397.05,2413.6037584420233,0.02350625678814877,1.005106038949074,0.01969203174812159,42.277012310605414
2024-03-07,2280.0,2290.0,2259.0,2267.14990234375,137523,0.0,-0.006333360227037121,0.2143705683372299,-0.026268154333164418,325526.35,2412.1465061425383,0.017138092827876816,1.0105342083334858,-0.029543980690643134,39.75444005997958
2024-03-11,2250.0,2263.85009765625,2193.800048828125,2246.64990234375,863296,0.0,-0.00904218992260164,0.2096741393134819,-0.026268154333164418,355277.65,2410.499773766431,-0.0018660484395978116,1.0186233397860835,-0.04312496295898998,39.244899498723456
2024-03-12,2237.85009765625,2358.0,2234.0,2344.39990234375,1134190,0.0,0.04350922673711888,0.2597443364957866,-0.026268154333164418,381381.3,2409.8420636030214,0.04737856012718633,0.976149597892751,0.1675078873673374,55.83243401066337
2024-03-13,2363.949951171875,2378.800048828125,2270.5,2285.39990234375,634895,0.0,-0.025166354912835587,0.2649106343105079,-0.026268154333164418,402065.95,2408.6038331427303,0.005964215993598643,1.0006892053603686,-0.0949994100023309,53.0693763773316
2024-03-14,2260.0,2293.050048828125,2212.800048828125,2267.75,402650,0.0,-0.0077228945033425145,0.2629212515701944,-0.026268154333164418,416233.6,2407.2023024646933,-0.006070344084608603,1.006640947972936,-0.029373411861865213,48.58330422101244
2024-03-15,2252.5,2286.14990234375,2233.0,2267.0,282792,0.0,-0.00033072428618674543,0.25629776298288,-0.026268154333164418,423990.75,2405.807254678975,-6.61192908307795e-05,1.0054775054622023,-0.001290390791686032,41.524349929358145
2024-03-18,2262.5,2279.89990234375,2233.0,2260.35009765625,285308,0.0,-0.0029333490709086973,0.25563600432113126,-0.026268154333164418,431481.75,2404.359919783227,0.006098055285876036,1.0066792361612609,-0.011474709769273,45.809927357700765
2024-03-19,2260.35009765625,2300.0,2246.199951171875,2284.5,365379,0.0,0.010684142411740094,0.2588352253027205,-0.025219603156669074,442996.5,2403.1672837654833,-0.025550206807237408,0.9951761894868953,0.041277774253742794,49.373102954489056
2024-03-20,2290.949951171875,2323.0,2248.10009765625,2280.39990234375,206430,0.0,-0.00179474618351938,0.2580055762935259,-0.025219603156669074,441431.75,2401.9457177811873,-0.0021878009160989365,0.9966552336819008,-0.006956229937895788,57.92813994777078
2024-03-21,2284.60009765625,2322.89990234375,2274.35009765625,2309.550048828125,256352,0.0,0.012782909898573003,0.2583230539531312,-0.025219603156669074,443799.15,2401.0263578911076,0.018432388415003942,0.9851962284658524,0.04948419898306977,61.45537668601864
2024-03-22,2305.0,2312.949951171875,2259.35009765625,2276.050048828125,312564,0.0,-0.014504989842934135,0.2571607937864726,-0.025219603156669074,453682.4,2399.782812527297,0.003992081529830216,0.9996023577287312,-0.05640435723236427,53.467245578456335
2024-03-26,2272.0,2288.949951171875,2253.0,2266.39990234375,146934,0.0,-0.00423986567841228,0.2552681489791377,-0.025219603156669074,445832.3,2398.4556193911426,0.0026764901126481444,1.0023782598494868,-0.016609457659616654,53.889860178124934
2024-03-27,2274.800048828125,2312.949951171875,2255.39990234375,2290.85009765625,264660,0.0,0.010788120528603784,0.24420406248480458,-0.025219603156669074,423005.1,2397.384917682338,0.002779644410702664,0.9916951800225975,0.04417666101483654,52.70269892729562
2024-03-28,2307.39990234375,2333.0,2275.0,2317.35009765625,271784,0.0,0.011567758199068523,0.2387675470895627,-0.025219603156669074,427717.15,2396.5885513139187,0.01620338400932364,0.9809609722682557,0.048447780511191516,54.85403291836299
2024-04-01,2320.949951171875,2337.550048828125,2281.64990234375,2284.75,308787,0.0,-0.014067834501667043,0.244172194913501,-0.025219603156669074,429039.8,2395.47572990781,-0.01073804347332008,0.9961735451687137,-0.05761439762011663,52.27744302760734
2024-04-02,2298.0,2346.0,2284.0,2332.449951171875,263542,0.0,0.02087753634834222,0.23471056614585475,-0.025219603156669074,418269.1,2394.8486077313332,0.02477972853575383,0.9780199168595672,0.08895013037405021,60.372337736270545
2024-04-03,2329.0,2354.35009765625,2310.550048828125,2318.10009765625,224993,0.0,-0.00615226642201494,0.23640672346999256,-0.025219603156669074,378584.35,2394.084940964417,0.0228115943964855,0.9855247448693187,-0.026024074406475636,46.017597023003084
2024-04-04,2334.949951171875,2357.89990234375,2319.699951171875,2342.75,460684,0.0,0.010633666065012815,0.23676130762039546,-0.025219603156669074,384060.75,2393.5741455319353,0.02265530267425553,0.9773834179666657,0.044913021146731416,59.69242497187657
2024-04-05,2349.0,2417.0,2312.0,2404.5,553111,0.0,0.02635791270942267,0.24938278547535617,-0.025219603156669074,382411.75,2393.6828605017668,0.0376075684170003,0.9550415876725281,0.10569258660839473,70.11324036422087
2024-04-08,2427.5,2450.85009765625,2399.0,2441.75,452062,0.0,0.015491786234144378,0.2496927727678407,-0.025219603156669074,391396.8,2394.161140496774,0.06871648976912126,0.9437514048022038,0.06204338812847598,73.21024161641719
2024-04-09,2445.60009765625,2461.5,2414.550048828125,2433.5,374663,0.0,-0.003378724275622025,0.2508196271384802,-0.025219603156669074,403253.8,2394.552571934617,0.043323565754264104,0.9503688093522061,-0.013470732651433488,72.90037930931345
2024-04-10,2437.449951171875,2472.300048828125,2403.60009765625,2419.050048828125,253135,0.0,-0.005937929390538277,0.2506340875708327,-0.025219603156669074,372745.75,2394.7963279236074,0.043548572934336116,0.9596091267344198,-0.023691626351279416,68.26386911718723
2024-04-12,2414.85009765625,2433.550048828125,2385.39990234375,2393.050048828125,621524,0.0,-0.010748020700355188,0.25175200329195274,-0.025219603156669074,347112.45,2394.7789520122096,0.02147051491969898,0.9710515721745904,-0.0426928887670538,64.43306544907239
2024-04-15,2347.0,2402.0,2335.10009765625,2387.449951171875,117328,0.0,-0.0023401506621194557,0.20481679109455836,-0.025219603156669074,321234.1,2394.706026630714,-0.007090891589987547,0.9754665280021108,-0.0114255795892402,60.62174266196166
2024-04-16,2380.0,2394.949951171875,2345.0,2352.10009765625,110919,0.0,-0.014806531755052532,0.19084218877053988,-0.025219603156669074,306647.55,2394.2820870389282,-0.03671543046739023,0.9919199535156102,-0.07758520835769266,60.31746555197208
2024-04-18,2355.0,2389.199951171875,2326.25,2334.35009765625,179830,0.0,-0.007546447541789125,0.19073640226063923,-0.022672814270674017,301499.45,2393.6857488361156,-0.04074374454232588,1.0009049314239253,-0.03956479757770104,59.02033887761747
2024-04-19,2320.0,2355.699951171875,2265.300048828125,2348.39990234375,162894,0.0,0.006018722170940238,0.19125793562105378,-0.022672814270674017,295378.75,2393.235143398381,-0.02920573988066122,0.9967914801530213,0.0314691353156399,57.856639078565514
2024-04-22,2367.0,2392.14990234375,2341.25,2367.35009765625,107992,0.0,0.008069407298811226,0.19166051657590424,-0.022672814270674017,282509.4,2392.9775807541805,-0.010739412317958053,0.9905621994198831,0.04210260423977005,56.969618159756266
2024-04-23,2379.89990234375,2379.89990234375,2332.5,2345.14990234375,431125,0.0,-0.009377656196470019,0.19316227537114009,-0.022672814270674017,293744.15,2392.5016834565645,-0.017717669351502874,1.0013197950307597,-0.048548070232508816,58.670677009661816
2024-04-24,2341.10009765625,2349.949951171875,2311.0,2332.699951171875,346795,0.0,-0.005308808259733233,0.1942564214568535,-0.022672814270674017,298266.3,2391.906641344279,-0.008248010577316056,1.0071601851186096,-0.027328867414680054,50.039929726220045
2024-04-25,2342.75,2405.0,2312.550048828125,2390.75,426499,0.0,0.024885347469983277,0.2074622650174085,-0.022672814270674017,303963.05,2391.8951324751815,0.02416085847636018,0.9851040519531659,0.11995119338152012,60.18218670991449
2024-04-26,2396.85009765625,2401.550048828125,2360.699951171875,2375.800048828125,263222,0.0,-0.006253247379221949,0.20120189877299285,-0.018775500780090288,309777.45,2391.7349823891414,0.011667581171771024,0.9936052996949938,-0.031079463496925416,54.76156807734098
2024-04-29,2380.949951171875,2410.0,2362.10009765625,2396.0,272166,0.0,0.00850237846482016,0.2009681675046268,-0.018775500780090288,310152.75,2391.7774203753193,0.012102097772574538,0.9874227940936717,0.04230708846739884,48.608837948264366
2024-04-30,2398.64990234375,2478.0,2398.0,2429.89990234375,378091,0.0,0.014148540210246141,0.2029933927811196,-0.01712109072111182,315468.1,2392.1567485541095,0.036138414825977794,0.9759630438255499,0.06969950755247942,48.03903663399539
2024-05-02,2439.949951171875,2467.0,2427.14990234375,2460.550048828125,183928,0.0,0.012613748597138263,0.2035884373273816,-0.01712109072111182,309225.15,2392.837278905095,0.05480777653895097,0.9673782122244842,0.06195709414127341,54.16731545321407
2024-05-03,2461.300048828125,2474.5,2423.0,2444.550048828125,325984,0.0,-0.006502611075771547,0.1972134363922497,-0.01712109072111182,312347.25,2393.3518338297026,0.022503418938879083,0.9760027262893572,-0.032972452917019224,53.90984241224187
2024-05-06,2454.550048828125,2474.39990234375,2427.199951171875,2465.699951171875,269106,0.0,0.008651859001164164,0.1878045564318097,-0.01712109072111182,314552.9,2394.0717155943016,0.03783984362997783,0.9706239819428809,0.04606841657551273,61.307377769975
2024-05-07,2478.0,2490.0,2402.0,2444.0,574612,0.0,-0.00880072660972464,0.1895957659699752,-0.016254014875545182,320249.3,2394.5685144441095,0.02003338898163598,0.9813134226198087,-0.046418368577569695,58.38151374238518
2024-05-08,2450.0,2479.0,2417.550048828125,2468.449951171875,281864,0.0,0.010004071674253323,0.18927144239684876,-0.016254014875545182,306686.95,2395.303653118018,0.015864871137671877,0.9728888776137844,0.0528556818662627,67.82047338467356
2024-05-09,2476.0,2489.949951171875,2431.0,2441.050048828125,389824,0.0,-0.011100043705865703,0.17377076708183814,-0.016254014875545182,303575.05,2395.758841135034,-0.007925057248596601,0.9837948656709015,-0.06387750513792136,65.87325163509325
2024-05-10,2441.0,2488.60009765625,2417.050048828125,2477.75,265916,0.0,0.01503449353260633,0.17328935746302704,-0.016144265705581057,298137.7,2396.574673561551,0.013581211473985055,0.9701160346616133,0.08675946916255023,68.02788814853963
2024-05-13,2475.199951171875,2489.449951171875,2427.0,2472.800048828125,160684,0.0,-0.001997760537534088,0.17294009552699396,-0.016144265705581057,293515.15,2397.33313500699,0.0028795464966755446,0.9731447983524654,-0.011551748112136202,65.29369480279867
2024-05-14,2472.800048828125,2518.0,2462.39990234375,2487.64990234375,354234,0.0,0.006005278721448848,0.17200638351156144,-0.016144265705581057,280150.65,2398.2318093088484,0.017860025508899424,0.9692370680001814,0.0349131133956669,71.11740475258716
2024-05-15,2495.0,2528.0,2475.5,2516.60009765625,285072,0.0,0.0116375681663341,0.16956808122095884,-0.016144265705581057,288537.85,2399.409603222753,0.019506227566621792,0.9606532270003261,0.06863064909523309,75.98196155449149
2024-05-16,2525.0,2599.0,2515.800048828125,2591.699951171875,422441,0.0,0.029841790749975283,0.19311485177257232,-0.016144265705581057,304113.95,2401.3229400182668,0.06171520424829979,0.9374387634880468,0.15452871144179153,77.08589323598575
2024-05-17,2599.949951171875,2674.0,2590.300048828125,2664.550048828125,795308,0.0,0.028109001438731296,0.1976612932351572,-0.016144265705581057,334887.85,2403.9421152303053,0.07539099942614258,0.9180048977473605,0.14220791312546435,83.66564798631353
2024-05-21,2898.0,3174.300048828125,2866.39990234375,3052.699951171875,3398051,0.0,0.1456718377327757,0.518033944618617,-0.016144265705581057,496645.7,2410.39741708047,0.23451144083346653,0.8128165352792286,0.2812013313683677,91.20860398478206
2024-05-22,3051.89990234375,3164.75,3030.5,3113.5,1357297,0.0,0.01991681128202094,0.517800819824454,-0.016144265705581057,559110.95,2417.3934626816595,0.2515828682591561,0.8089264469811406,0.038464232065393136,91.49571084976283
2024-05-23,3112.800048828125,3128.949951171875,3043.60009765625,3052.85009765625,438393,0.0,-0.019479653876264602,0.5304093785623744,-0.018622404709428136,559474.35,2423.7164142734464,0.21308510656874646,0.8365879164529432,-0.03672569584234246,84.69019686304273
2024-05-24,3046.0,3105.85009765625,3001.699951171875,3043.85009765625,488048,0.0,-0.0029480648286365208,0.5275005947728519,-0.018622404709428136,566537.0,2429.886898685216,0.17446083844695393,0.8507432779819067,-0.005588742082875891,85.3903642824472
2024-05-27,3054.85009765625,3114.0,2996.5,3101.949951171875,383275,0.0,0.019087619840530756,0.5235969947624253,-0.018622404709428136,564375.8,2436.574093237322,0.16415525860965507,0.8462725216867194,0.03645479188558669,86.00126869513178
2024-05-28,3109.0,3121.699951171875,3058.35009765625,3099.550048828125,211945,0.0,-0.0007736753917784167,0.5245084693211844,-0.018622404709428136,561811.95,2443.1708689148422,0.015347102042657434,0.8586028505429019,-0.001475048397272247,87.92159021278317
2024-05-29,3096.949951171875,3120.0,3066.60009765625,3099.25,275707,0.0,-9.680399522449257e-05,0.5221005738694674,-0.015040187861113136,561989.0,2449.6990194729033,-0.004576842781435664,0.8700314615872288,-0.0001854125396816161,87.53870815465712
2024-05-30,3100.0,3145.0,3069.14990234375,3091.300048828125,277774,0.0,-0.0025651209718077217,0.5247603073017533,-0.015040187861113136,556973.15,2456.0831093172337,0.012594772079177474,0.8829667038251962,-0.004888176348770477,89.61318224773476
2024-05-31,3100.0,3115.5,3022.0,3050.050048828125,832453,0.0,-0.013343900413561371,0.5323831802987287,-0.014520066938540055,589399.4,2461.993228118337,0.0020368779581652063,0.904572046517231,-0.025064466077664653,84.67226180344836
2024-06-03,3138.949951171875,3138.949951171875,3040.0,3049.89990234375,462034,0.0,-4.922754773573068e-05,0.5338184592425026,-0.014520066938540055,596201.9,2467.843045772321,-0.016779783570802342,0.9145406723613336,-9.221776797192011e-05,85.16758226653663
2024-06-04,3024.949951171875,3040.85009765625,2779.949951171875,2897.550048828125,1011350,0.0,-0.049952411027833765,0.57143335194304,-0.015040187861113136,633314.1,2472.1187373450157,-0.06517074956617397,0.9700781573536035,-0.08741598645550025,71.39354127062234
2024-06-05,2920.0,3142.89990234375,2907.85009765625,3123.0,417163,0.0,0.0778070947430416,0.6195392216761207,-0.015040187861113136,625441.65,2478.595167819195,0.007663144309107084,0.9109189920611691,0.12558864840978648,76.26245814636349
2024-06-06,3119.0,3155.0,3075.5,3108.5,282371,0.0,-0.004642971501761073,0.6179456646581942,-0.015040187861113136,625467.0,2484.8628775921384,0.005563986316499792,0.9254632506509369,-0.007513559350228077,73.62191288508565
2024-06-07,3120.0,3226.85009765625,3105.050048828125,3201.89990234375,513847,0.0,0.03004661487654814,0.6209420296139171,-0.015040187861113136,631668.15,2491.997574355836,0.04978602025693579,0.9103485731051709,0.048388759271686954,74.10830958248928
2024-06-10,3235.0,3267.75,3184.550048828125,3250.550048828125,453385,0.0,0.015194149713663396,0.6146506029750503,-0.015040187861113136,641041.6,2499.545360171481,0.06578909239945285,0.9086108398270635,0.024719978135416182,62.76535081472898
2024-06-11,3253.64990234375,3283.5,3201.0,3213.35009765625,341546,0.0,-0.011444201939079912,0.6211189158847714,-0.015040187861113136,650084.7,2506.6478948728222,0.10898864333882563,0.9306525654917739,-0.018425138024538337,56.64471613825046
2024-06-12,3245.39990234375,3248.199951171875,3198.0,3209.199951171875,149694,0.0,-0.0012915326242858294,0.6209067689514869,-0.015040187861113136,639857.7,2513.6384625971914,0.0276016494306357,0.9430979872548123,-0.0020800749292298197,61.250621451027435
2024-06-13,3223.050048828125,3244.949951171875,3182.14990234375,3190.050048828125,207395,0.0,-0.005967188905370957,0.624026632326576,-0.014520066938540055,635973.85,2520.368926141778,0.02623453396433173,0.9593148901633153,-0.009562394456626594,60.36879444196607
2024-06-14,3220.0,3256.64990234375,3175.0,3240.60009765625,142332,0.0,0.015846161675957093,0.6241145056358528,-0.014520066938540055,621968.4,2527.5354054603304,0.012086634964500798,0.9543625953008017,0.025389830357995916,59.93979181470869
2024-06-18,3240.60009765625,3362.0,3240.60009765625,3345.60009765625,470456,0.0,0.03240140617040055,0.6250570051429167,-0.014520066938540055,605725.8,2535.6753526463594,0.029241219916731342,0.934588692821685,0.05183752103476848,65.37716602889228
2024-06-19,3363.949951171875,3363.949951171875,3276.75,3289.60009765625,410371,0.0,-0.016738402189559576,0.6306162849957188,-0.014903125276777883,456341.8,2543.177091402677,0.023729129314485675,0.9540992631697224,-0.026542926851697055,61.12182865820093
2024-06-20,3289.0,3332.39990234375,3249.050048828125,3322.300048828125,189573,0.0,0.009940403149663268,0.39675359330847987,-0.014903125276777883,397955.6,2550.929558640741,0.0352424589857514,0.9478508820565571,0.025054348761476795,63.11754683834587
2024-06-21,3320.89990234375,3320.89990234375,3202.64990234375,3218.10009765625,332444,0.0,-0.031363799067043785,0.4108874399405253,-0.016875464773894826,392658.15,2557.568071466766,0.008792980799291694,0.9811091749562905,-0.07633184968677821,58.90614538982433
2024-06-24,3201.050048828125,3239.0,3162.10009765625,3223.0,210892,0.0,0.001522607189042624,0.40349991556004117,-0.016875464773894826,378800.35,2564.1892846860023,-0.0054311229790369175,0.9823968435791092,0.0037735005450851285,59.12782909586932
2024-06-25,3210.0,3239.0,3168.75,3184.64990234375,128516,0.0,-0.011898882301039415,0.4063129295189553,-0.016875464773894826,366062.4,2570.3630221751346,-0.04810801967194256,0.9955254491493083,-0.029285019362481585,67.20809578831356
2024-06-26,3180.0,3215.050048828125,3147.949951171875,3175.5,367983,0.0,-0.0028731265992585353,0.4020909245540308,-0.016875464773894826,373864.3,2576.3842856360784,-0.03468509675007103,0.9995898352929166,-0.007145464750268973,54.248260895411015
2024-06-27,3199.89990234375,3212.5,3147.0,3199.75,462919,0.0,0.007636592662572772,0.4025687667347528,-0.016875464773894826,383224.9,2582.5869295600974,-0.03688711044366755,0.9935846619181674,0.018969659605778174,57.26917980062639
2024-06-28,3199.75,3254.199951171875,3179.89990234375,3229.0,254300,0.0,0.009141339167122453,0.40328659730852195,-0.016875464773894826,382051.2,2589.018900410246,0.0033870613135025263,0.9867164817377672,0.022667103249796625,52.404622671651914
2024-07-01,3239.89990234375,3248.85009765625,3184.0,3190.89990234375,172686,0.0,-0.011799348918008712,0.4059378601720492,-0.016875464773894826,349062.85,2595.007766101127,-0.00995969520826867,1.0007051646658136,-0.029066883838671613,44.60618935919472
2024-07-02,3180.0,3199.449951171875,3119.75,3129.64990234375,279208,0.0,-0.01919521196983054,0.40918458237541544,-0.019209434065152242,339921.55,2600.3275883522974,-0.017270344209428634,1.0215639486744958,-0.04691088649843264,42.746950135858626
2024-07-03,3148.0,3167.10009765625,3087.699951171875,3112.300048828125,350920,0.0,-0.005543704266292471,0.40989536231212687,-0.019209434065152242,306900.05,2605.4218416903655,-0.019902362201818624,1.0307087883171462,-0.013524681274203443,41.79092252110912
2024-07-04,3116.0,3165.0,3091.60009765625,3147.800048828125,115820,0.0,0.011406355249509614,0.36603188789509505,-0.019209434065152242,291832.9,2610.818639771338,-0.016235628149660175,1.0194786723645737,0.031162189183792616,46.517186238975405
2024-07-05,3148.0,3195.0,3132.050048828125,3177.5,122584,4.0,0.00943514540668855,0.25149889628562205,-0.019209434065152242,283843.55,2616.457260271126,-0.015949210281820947,1.0110354098028127,0.03751565184133744,44.61327220897855
2024-07-08,3188.0,3210.0,3110.0,3165.85009765625,362156,0.0,-0.0036663736723052676,0.25124819698904,-0.019209434065152242,276259.0,2621.923855667993,-0.007850388747419057,1.0141865298016044,-0.014592636167410352,31.74569486131341
2024-07-09,3164.949951171875,3200.0,3122.85009765625,3187.85009765625,362892,0.0,0.0069491603586306905,0.22937952160478647,-0.019209434065152242,271734.35,2627.554962553448,0.018596391650361532,1.0062040022564924,0.0302954684317861,38.90039415025725
2024-07-10,3209.0,3209.0,3123.050048828125,3178.0,156173,0.0,-0.0030898873392735116,0.22265481287208022,-0.019209434065152242,262465.7,2633.0320276026678,0.021109774167376028,1.0087665267377772,-0.013877477700308857,33.43282091662847
2024-07-11,3198.0,3198.0,3140.0,3149.89990234375,126876,0.0,-0.008842069747089343,0.2212922977189941,-0.019209434065152242,261324.8,2638.17499153044,0.000667086054721544,1.0168243813551243,-0.03995651651081049,40.51193461918321
2024-07-12,3155.0,3180.0,3111.10009765625,3122.89990234375,196245,0.0,-0.008571700954658978,0.22290372078433132,-0.019209434065152242,260767.3,2642.9981249713687,-0.017183350953973275,1.0245405271573913,-0.03845472179625588,36.88072113243565
2024-07-15,3128.0,3179.25,3094.199951171875,3156.10009765625,737446,0.0,0.010631207003331422,0.22583076996353413,-0.019209434065152242,290523.0,2648.10361723689,-0.0030797415225749525,1.0124243253817904,0.04707598762687747,46.207015091177624
2024-07-16,3159.300048828125,3165.699951171875,3100.449951171875,3114.199951171875,354447,0.0,-0.013275924459902444,0.22191101842836067,-0.019209434065152242,284722.55,2652.741391703905,-0.023103390758092313,1.022330792756184,-0.059825437942072804,42.50794454510823
2024-07-18,3120.0,3178.0,3091.10009765625,3169.89990234375,1028345,0.0,0.017885797972257755,0.1981473928775114,-0.019209434065152242,315621.25,2657.887247531167,-0.002548803541928879,1.0024788141630678,0.09026511431650812,46.61218046348212
2024-07-19,3169.89990234375,3169.89990234375,3094.39990234375,3139.64990234375,311203,0.0,-0.009542888082249457,0.19313271644225863,-0.019209434065152242,321702.75,2662.6809057880087,-0.0032540716587131646,1.0092287631903125,-0.049411035913183354,39.88222868484838
2024-07-22,3106.300048828125,3195.0,3103.85009765625,3163.64990234375,186323,0.0,0.007644164396190867,0.19147846682565509,-0.019209434065152242,314396.7,2667.6656719228918,0.013048769180663333,1.0007120180023477,0.03992179446440358,46.81249413032165
2024-07-23,3145.0,3185.39990234375,3046.050048828125,3174.75,391870,0.0,0.0035086365428824706,0.1602466286106417,-0.019209434065152242,323445.6,2672.711287127639,0.005909160599056884,0.9964532571154716,0.02189522709058228,55.97668466470694
2024-07-24,3174.75,3184.949951171875,3123.25,3136.449951171875,93541,0.0,-0.01206395742282862,0.16482835485453026,-0.019209434065152242,321696.85,2677.325602192756,0.007144692167767586,1.007852836704017,-0.07319102773042552,53.03199906916441
2024-07-25,3134.449951171875,3171.949951171875,3090.699951171875,3160.949951171875,209481,0.0,0.007811379228559456,0.16290509651163593,-0.019209434065152242,313771.75,2682.137784769663,-0.002823417599166933,0.9998109830418828,0.04795048722430017,51.69785482483957
2024-07-26,3165.10009765625,3300.0,3163.60009765625,3280.10009765625,431978,0.0,0.037694410960287916,0.20895413191793422,-0.019209434065152242,312224.7,2688.0876585297287,0.04473434926857722,0.9647175051673614,0.18039561510626684,60.76148000382929
2024-07-29,3296.0,3315.0,3241.5,3305.14990234375,416452,0.0,0.00763690251568816,0.20895424421768302,-0.019209434065152242,320332.3,2694.227581353749,0.04472682008687867,0.9585578783524231,0.03654820307095656,64.21134849708918
2024-07-30,3306.0,3327.85009765625,3254.050048828125,3260.75,159736,0.0,-0.013433551776960262,0.2133124592615933,-0.019209434065152242,319684.8,2699.864620345254,0.027088747145444625,0.9726811264004159,-0.0629759330219284,57.11217880282583
2024-07-31,3275.199951171875,3352.75,3275.199951171875,3323.300048828125,300188,0.0,0.0191827183402975,0.2176650532868521,-0.019209434065152242,320733.8,2706.0679579420985,0.059573753946380315,0.95728716742149,0.08812952363888256,62.85385135163051
2024-08-01,3322.0,3375.0,3321.0,3345.85009765625,266017,0.0,0.006785438719587367,0.2039209649402045,-0.019209434065152242,316488.65,2712.4339493820403,0.05849511992931933,0.9543254776753093,0.03327484444195627,67.50648247601961
2024-08-02,3329.75,3370.0,3275.85009765625,3292.35009765625,167969,0.0,-0.015989957242100172,0.21263067786827525,-0.019209434065152242,319096.1,2718.2042593151173,0.003734642125328147,0.9720283081059268,-0.07520060910495645,64.45449818359296
2024-08-05,3200.050048828125,3240.0,3128.050048828125,3155.550048828125,292270,0.0,-0.04155088151940767,0.2594903799155234,-0.02007386113580356,327580.4,2722.555958713257,-0.045262653112810636,1.0138200782924245,-0.1601249338479721,49.96012694647911
2024-08-06,3156.5,3228.85009765625,3135.199951171875,3150.949951171875,424685,0.0,-0.0014577799702332195,0.2573641814903846,-0.02007386113580356,330706.85,2726.81858550389,-0.033673249659779136,1.0150637235748055,-0.005664268839387797,52.81630690864552
2024-08-07,3172.89990234375,3225.10009765625,3172.89990234375,3209.64990234375,214676,0.0,0.018629287066284084,0.2651329918080521,-0.02007386113580356,323296.05,2731.6228772137397,-0.03419797936224589,0.9968392434740027,0.07026393145795973,53.03226699265518
2024-08-08,3204.0,3210.0,3104.0,3128.25,328216,0.0,-0.02536099101783973,0.2789373569719342,-0.02566113142029993,331898.2,2735.5694157489265,-0.06503581789533175,1.0219827317090227,-0.09092002012190598,49.193327136572435
2024-08-09,3150.0,3167.949951171875,3013.550048828125,3058.949951171875,334503,0.0,-0.022152976529409396,0.28860089091388547,-0.02566113142029993,342279.55,2738.787132519304,-0.0708916547637286,1.0436489755862564,-0.07675990081548477,43.037642579142904
2024-08-12,2974.050048828125,2989.89990234375,2753.050048828125,2844.64990234375,1703248,0.0,-0.07005673588939476,0.37328063282433716,-0.031873153189661975,417629.7,2739.84049341308,-0.09852486624315593,1.117380905218352,-0.18767845918643816,32.719083656367204
2024-08-13,2866.75,2866.800048828125,2761.0,2780.800048828125,389574,0.0,-0.02244559285239922,0.37821428279566927,-0.031873153189661975,400236.1,2740.248051178404,-0.11747247911890413,1.1362889905731766,-0.059346231170923726,31.866622248012547
2024-08-14,2799.050048828125,2812.550048828125,2761.60009765625,2781.449951171875,209425,0.0,0.00023371056254983813,0.3744146035742288,-0.031873153189661975,392985.0,2740.6580203325675,-0.13341017375732944,1.1300418974443465,0.0006242025660237867,30.16826517808397
2024-08-16,2794.949951171875,2837.699951171875,2786.300048828125,2832.550048828125,155757,0.0,0.01837174802829744,0.382343740516596,-0.031873153189661975,349355.6,2741.5723688748117,-0.09452567767022302,1.1037007056896906,0.04805034214231259,24.82136867284609
2024-08-19,2842.550048828125,2847.39990234375,2796.050048828125,2802.300048828125,182764,0.0,-0.010679422950537032,0.37425115813308835,-0.031873153189661975,342933.65,2742.176624396735,-0.08390130810915297,1.109595668178893,-0.02853544319930966,21.874831867394207
2024-08-20,2806.5,2857.89990234375,2806.35009765625,2841.550048828125,230637,4.0,0.014006351681153273,0.37995865844911175,-0.031873153189661975,345149.35,2743.1654146895844,-0.0010897135401691793,1.0886012737016935,0.03686282968177408,26.417645802418903
2024-08-21,2841.550048828125,2857.800048828125,2819.60009765625,2844.85009765625,215462,0.0,0.0011613551658138377,0.3780149131818743,-0.031873153189661975,336328.95,2744.1772025798005,0.02303295731568933,1.0815402927061355,0.0030722468733200645,21.162080461147724
2024-08-22,2860.0,2874.35009765625,2836.0,2869.800048828125,120508,0.0,0.008770216466741143,0.37990151898376845,-0.031873153189661975,337677.3,2745.4271811494355,0.0317640436488984,1.0674916231386915,0.023085499261351634,21.389501963582248
2024-08-23,2872.85009765625,2912.14990234375,2846.0,2853.14990234375,209028,0.0,-0.005801848979399837,0.37895272692380416,-0.031873153189661975,337654.65,2746.4990490220157,0.007272547054957501,1.068327152128156,-0.015310217908695068,22.38082370573119
2024-08-26,2860.199951171875,2875.300048828125,2836.75,2860.64990234375,89686,0.0,0.0026286736612888273,0.377300918361437,-0.031873153189661975,320540.05,2747.6348784083016,0.020822129143531987,1.058194851987954,0.0069670479548109635,27.853700440438587
2024-08-27,2851.5,2863.85009765625,2803.050048828125,2821.10009765625,229411,0.0,-0.013825461359356361,0.34564143495938093,-0.031873153189661975,311188.0,2748.365875614749,-0.007196759099952765,1.0644508900128824,-0.03999943166821647,26.464504565883914
2024-08-28,2835.14990234375,2836.949951171875,2806.050048828125,2820.449951171875,371026,0.0,-0.0002304584955759026,0.3425265815266111,-0.031873153189661975,321752.5,2749.0831300979044,-0.008576953318024438,1.0568907652786659,-0.0006728192825811544,19.72148896872929
2024-08-29,2820.449951171875,2865.85009765625,2800.050048828125,2851.699951171875,309827,0.0,0.011079792423551282,0.34748226413396777,-0.031873153189661975,322234.45,2750.1041929941625,-0.006307093647043849,1.0370402051681926,0.03188592123487599,26.66441430139841
2024-08-30,2867.0,2880.0,2821.10009765625,2829.75,294445,0.0,-0.007697146105029362,0.335065642364296,-0.02566113142029993,323655.85,2750.8966885862606,-0.00820142759569975,1.0359651904085498,-0.02297205353851291,28.980193343711065
2024-09-02,2834.85009765625,2915.0,2834.85009765625,2895.449951171875,341410,0.0,0.023217581472524174,0.34840611207631456,-0.02566113142029993,332327.9,2752.3350295075106,0.012165084863972053,1.0056044964810849,0.06663941877415867,56.40444622203966
2024-09-03,2917.10009765625,2940.0,2870.0,2926.10009765625,523409,0.0,0.010585624687440953,0.3515551399352388,-0.02566113142029993,343884.85,2754.064035160732,0.037219523010627364,0.991150301043628,0.030110850856233988,69.99174326672919
2024-09-04,2916.199951171875,2960.0,2890.10009765625,2954.89990234375,390368,0.0,0.009842385334175141,0.32926580281463363,-0.02566113142029993,342169.0,2756.0624019983743,0.047669681610911896,0.978172725222192,0.02989191392219057,72.14914178774563
2024-09-05,2976.75,2979.0,2945.10009765625,2957.550048828125,278379,0.0,0.000896865062086416,0.3294979122240876,-0.02566113142029993,345354.15,2758.0672542056354,0.03711824507089245,0.9730342513388297,0.0027219141657484226,68.21625826732222
2024-09-06,2960.0,2988.0,2934.10009765625,2973.699951171875,282058,0.0,0.005460567725692034,0.32177334090969445,-0.02566113142029993,343046.25,2760.212853180424,0.05087020096187822,0.9651511726951977,0.01697022985357336,76.04861734510848
2024-09-09,2979.89990234375,2985.449951171875,2927.75,2972.699951171875,118553,0.0,-0.00033628140579744503,0.31180395680093437,-0.02566113142029993,332248.75,2762.3271526629264,0.02667979115602903,0.9640251428629621,-0.0010785026542402454,72.5537234979535
2024-09-10,2984.949951171875,3100.0,2970.60009765625,3077.35009765625,352228,0.0,0.03520373673875854,0.32850033777537563,-0.02566113142029993,264697.75,2765.4617093295265,0.05168996102394052,0.9350227999973978,0.10716499077447068,79.64804155453383
2024-09-11,3081.0,3098.800048828125,3053.0,3063.449951171875,230572,0.0,-0.004516920741309716,0.20720842668225317,-0.02566113142029993,256747.65,2768.426766462286,0.036735609467523966,0.9438786486111491,-0.021798922928202263,75.4100187961912
2024-09-12,3066.0,3114.0,3065.39990234375,3110.199951171875,146885,0.0,0.01526057247389212,0.1877052539087028,-0.02566113142029993,253620.65,2771.827494668352,0.05161363284595466,0.93497606123501,0.08130071664540345,81.25987559515147
2024-09-13,3114.0,3119.39990234375,3091.64990234375,3109.64990234375,230976,0.0,-0.0001768532045400839,0.18785326912273423,-0.02566113142029993,257381.6,2775.188911660147,0.04571744069817796,0.9395969271246903,-0.0009414432655420223,80.8015684630293
2024-09-16,3109.60009765625,3124.449951171875,3053.550048828125,3069.75,112050,0.0,-0.012830994998400791,0.19174379133560057,-0.02566113142029993,253845.9,2778.1198677630314,0.03264710546715843,0.9561658083669272,-0.06691739137863068,80.73164281911775
2024-09-17,3075.0,3091.89990234375,3025.550048828125,3076.0,79109,0.0,0.002035996416646313,0.18447871140915317,-0.022591362760671245,246269.5,2781.0838491783247,-0.00043872085183882525,0.9580339687233319,0.011036483780320119,81.15323141919582
2024-09-18,3076.0,3087.85009765625,3014.60009765625,3035.550048828125,189021,0.0,-0.013150179184614808,0.19074621437198422,-0.022591362760671245,244947.45,2783.61585116489,-0.009107347202808813,0.9739412751546956,-0.06894070500168828,71.9208363706615
2024-09-19,3040.0,3101.0,3026.85009765625,3090.050048828125,144376,0.0,0.017953912511190495,0.19722499414295713,-0.022591362760671245,246140.85,2786.6649476590514,-0.006478651745897457,0.9603274828758668,0.0910326385298323,78.80061564844873
2024-09-20,3099.050048828125,3125.0,3058.0,3077.89990234375,195270,0.0,-0.003932022553803871,0.19827397218800494,-0.022591362760671245,245452.95,2789.5628079046705,-0.010210152588582377,0.9677694466552836,-0.019831258294270283,72.90068964730386
2024-09-23,3095.0,3155.800048828125,3068.550048828125,3129.449951171875,134339,0.0,0.016748448768223678,0.20044552296458623,-0.022591362760671245,247685.6,2792.94476952922,0.01944782186558358,0.9561224926036963,0.08355610883672182,74.25160821606019
2024-09-24,3128.0,3135.10009765625,3100.10009765625,3120.199951171875,219838,0.0,-0.0029557909998004783,0.20202500025808334,-0.022591362760671245,247206.95,2796.201039993326,0.014369294919335251,0.9637499286990745,-0.014630817224186788,70.67799185514934
2024-09-25,3120.050048828125,3130.85009765625,3015.14990234375,3031.5,258276,0.0,-0.028427649689104495,0.2236365426573237,-0.02551432395140297,241569.45,2798.542323177472,-0.0013342059142422702,0.9954296496487403,-0.12711539929997012,57.61193143004917
2024-09-26,3037.5,3048.5,2974.0,3013.35009765625,481194,0.0,-0.005987102867804683,0.22573393219088717,-0.02551432395140297,250137.8,2800.679713968306,-0.024821588634450387,1.0041075189330813,-0.026522829529738227,54.06459523181319
2024-09-27,2982.35009765625,3084.75,2982.35009765625,3042.699951171875,197281,0.0,0.009739941448706269,0.22519552167531098,-0.02551432395140297,245279.6,2803.0878755325207,-0.01143635345160865,0.9979212661516393,0.043251042222051755,56.78163016814959
2024-09-30,3035.0,3060.0,2985.0,3050.14990234375,238611,0.0,0.0024484672466655866,0.22173269328793627,-0.02551432395140297,240139.65,2805.546204157508,-0.025339931957828465,0.9980197966704697,0.011042427257498735,46.75337768149097
2024-10-01,3050.14990234375,3105.449951171875,3030.0,3062.10009765625,387160,0.0,0.003917904265399397,0.21006749791680418,-0.02551432395140297,233327.2,2808.0989792171968,-0.018620554587792992,0.9963456085863254,0.018650691409882656,49.838127615631336
2024-10-03,3028.199951171875,3053.14990234375,2950.0,2964.75,390760,0.0,-0.031791938392465524,0.23940014091167955,-0.028595864124272546,233346.8,2809.6576958419014,-0.02201880257298372,1.0292275875653512,-0.13279832227087582,34.44552068458975
2024-10-04,2964.75,2986.949951171875,2847.14990234375,2859.550048828125,189359,0.0,-0.03548358248482164,0.26750967115119156,-0.03197652059708333,228895.8,2810.154137165148,-0.05103955526035586,1.065378272180571,-0.13264410593337359,28.145764161441775
2024-10-07,2859.550048828125,2896.0,2799.0,2814.199951171875,217603,0.0,-0.01585917255577851,0.2719379182037099,-0.03197652059708333,225673.05,2810.194394020936,-0.07509777620760627,1.079712722249564,-0.058319090170821396,27.880205652029375
2024-10-08,2837.0,3033.949951171875,2779.0,3004.35009765625,671184,0.0,0.06756810098201926,0.3636807728828998,-0.03197652059708333,253304.6,2812.126291569546,-0.015015591414804685,1.0119027073210412,0.18578958295900738,45.295786559856374
2024-10-09,2985.10009765625,3059.800048828125,2965.0,3038.64990234375,375908,0.0,0.011416713622775854,0.3655189494000427,-0.03197652059708333,254488.6,2814.3802578459067,-0.0076582066440117336,0.999843708697598,0.031234258385707474,50.20517955877274
2024-10-10,3037.0,3069.0,3018.0,3059.85009765625,237013,0.0,0.006976846953032689,0.34502877230223084,-0.03197652059708333,254810.65,2816.822743814169,0.03207693655662358,0.99285745973118,0.020221057809957612,47.908881248354604
2024-10-11,3065.85009765625,3080.199951171875,2982.39990234375,3023.39990234375,194685,0.0,-0.011912412095095637,0.34717963472328883,-0.03197652059708333,257200.65,2818.878237928891,0.057299173197815634,1.003391906682302,-0.03431195427540154,46.34914445287589
2024-10-14,3040.199951171875,3048.800048828125,2967.35009765625,2978.60009765625,87636,0.0,-0.014817690723867183,0.34571428992964315,-0.03197652059708333,250033.65,2820.467510164984,0.05841807594940662,1.0162836242513122,-0.04286108710829362,39.80262125654436
2024-10-15,2991.10009765625,3034.25,2973.199951171875,3028.199951171875,171020,0.0,0.01665206872001823,0.3515960767762925,-0.03197652059708333,252982.15,2822.5344996277395,0.007938440175208283,0.9989515384640812,0.047361359657604275,44.10256409464826
2024-10-16,3012.050048828125,3035.85009765625,2980.949951171875,3027.39990234375,316759,0.0,-0.000264199471971871,0.34896793955801286,-0.03197652059708333,264864.65,2824.572961346307,-0.003702302128100632,0.9984128600840468,-0.000757088071573605,49.70379300557063
2024-10-17,3027.300048828125,3027.300048828125,2945.199951171875,2970.75,98754,0.0,-0.01871239485074072,0.35447549729008226,-0.03197652059708333,260351.3,2826.027459243359,-0.02911910545045915,1.0163611857866806,-0.052788964162275895,47.08458170723307
2024-10-18,2959.0,3013.10009765625,2926.449951171875,2998.64990234375,64462,0.0,0.009391534913321564,0.35367850048060845,-0.03197652059708333,256355.6,2827.745095493114,-0.008186148309660801,1.0053807825298984,0.026553874875121893,46.97935677774625
2024-10-21,3000.0,3024.800048828125,2961.75,2969.550048828125,66257,0.0,-0.009704318431064785,0.34858468274000676,-0.03197652059708333,249904.95,2829.1560900536615,-0.0030383564531694107,1.013408578132357,-0.02783919843061723,44.63240221105481
2024-10-22,2962.0,2989.75,2929.0,2956.5,152063,0.0,-0.0043946216138956995,0.34862625247848006,-0.03197652059708333,250791.15,2830.423193635217,-0.02367741639521792,1.0149568730313503,-0.01260553804137739,42.977782185672496
2024-10-23,2950.0,2969.0,2915.10009765625,2945.10009765625,104177,0.0,-0.003855877674192487,0.34214311828929744,-0.03197652059708333,245008.1,2831.5642573568193,-0.02718497963344224,1.0159128393708765,-0.011269779678088898,48.52467068667867
2024-10-24,2945.14990234375,2967.199951171875,2910.050048828125,2939.89990234375,143709,0.0,-0.0017657108892965567,0.34215539865669375,-0.03197652059708333,239279.75,2832.642223973605,-0.01038461589034756,1.0161519428525398,-0.00516055232395349,57.098671286159984
2024-10-25,2939.89990234375,2961.949951171875,2880.0,2907.550048828125,199209,0.0,-0.01100372617783174,0.33072420278189646,-0.03197652059708333,225180.5,2833.3875754646947,-0.03038028995796449,1.025638405199287,-0.03327160743773059,58.441101994049816
2024-10-28,2885.10009765625,2979.949951171875,2850.0,2927.800048828125,210522,0.0,0.006964626458678458,0.3316915543617034,-0.03197652059708333,225842.55,2834.3270030603508,-0.014059369033526115,1.0165823998777879,0.02099729751065862,40.00781402400549
2024-10-29,2930.0,2957.550048828125,2849.050048828125,2900.550048828125,239175,0.0,-0.009307329580415469,0.33036046183665324,-0.03197652059708333,225870.75,2834.9859388391346,-0.018924387340394033,1.0235541388171172,-0.02817325428999108,31.635645841236325
2024-10-30,2901.050048828125,2914.800048828125,2858.5,2880.449951171875,165386,0.0,-0.006929753777002001,0.3303404935582144,-0.028595864124272546,214782.05,2835.4383170713013,-0.02195176542074906,1.0275434568116164,-0.020977608565583613,26.073578271951916
2024-10-31,2880.449951171875,2883.14990234375,2821.64990234375,2837.449951171875,189753,4.0,-0.014928223273765306,0.3321589521970747,-0.028595864124272546,204731.7,2835.458333331009,-0.03484810863465104,1.0408721029031092,-0.04494300913942577,25.62587323698162
2024-11-01,2861.550048828125,2866.300048828125,2835.0,2853.550048828125,5866,0.0,0.005674143309417845,0.3168346190955735,-0.028595864124272546,195557.05,2835.638350400632,-0.018572337223142332,1.034894235961048,0.017908848302393848,32.274963080577365
2024-11-04,2853.60009765625,2858.0,2786.0,2791.10009765625,104527,0.0,-0.02188500292732609,0.3016673740973205,-0.028595864124272546,189903.25,2835.1951837066586,-0.04669033024526048,1.0576358430719295,-0.07254679849733375,17.573858238061547
2024-11-05,2791.10009765625,2819.89990234375,2745.5,2792.699951171875,198349,0.0,0.0005731981869687708,0.2967901136130678,-0.028595864124272546,166261.5,2834.7723455719843,-0.037182636341622,1.0532406090830944,0.0019313250049926279,17.972138351165725
2024-11-06,2799.89990234375,2882.35009765625,2799.85009765625,2869.64990234375,105834,0.0,0.027553963016895278,0.19738409751108008,-0.022744695694234485,152757.8,2835.1193859378727,-0.0037494311691584903,1.022053245994627,0.13959565116126965,36.927828503438995
2024-11-07,2850.5,2893.300048828125,2849.0,2866.60009765625,113236,0.0,-0.0010627793603007474,0.19124823427850599,-0.02221213526541501,146568.95,2835.4326268504933,0.010273360582919056,1.0197699009180525,-0.005557067278239014,31.753496293046837
2024-11-08,2860.0,2870.0,2815.0,2829.050048828125,87623,0.0,-0.013099158427722801,0.19108999100857335,-0.02221213526541501,141215.85,2835.3691186114647,-0.008585796492359243,1.029870435162394,-0.06854968003864892,31.028885472212124
2024-11-11,2826.199951171875,2877.949951171875,2770.35009765625,2782.550048828125,137581,0.0,-0.016436612713607412,0.19417004054508819,-0.02221213526541501,143713.1,2834.8435557280486,-0.003063325760084612,1.0435580498055466,-0.08465060737979604,28.4581973453695
2024-11-12,2794.0,2823.14990234375,2730.0,2742.25,96922,0.0,-0.014483135297098215,0.19393577620653144,-0.02221213526541501,140008.2,2833.922226815332,-0.018064937893061184,1.0536803737379203,-0.0746800556018807,26.55724679102765
2024-11-13,2715.0,2746.25,2644.35009765625,2652.699951171875,683520,0.0,-0.032655683773589184,0.20322629924164967,-0.028595864124272546,158346.25,2832.1190200925116,-0.07560153975392048,1.0821879821183809,-0.16068630038820117,22.224362973178827
2024-11-14,2675.0,2760.0,2661.14990234375,2738.699951171875,259506,0.0,0.03241979929241823,0.24292784513913415,-0.028595864124272546,166383.85,2831.189477118177,-0.0446173662621957,1.043968874231517,0.1334544335142224,35.2054563523685
2024-11-18,2724.75,2769.949951171875,2719.949951171875,2746.75,95252,0.0,0.0029393686682179787,0.23867689809980952,-0.028595864124272546,167923.35,2830.3492833160058,-0.029091054384921877,1.036323840817557,0.012315262048680463,33.78994854034693
2024-11-19,2730.5,2811.949951171875,2729.14990234375,2769.64990234375,112631,0.0,0.008337090140620784,0.23797960537028165,-0.028595864124272546,170242.05,2829.7453093759837,-0.004636087853948201,1.0241465898058317,0.035032791055018664,38.18803634753079
2024-11-21,2764.5,2764.5,2711.64990234375,2721.949951171875,137138,0.0,-0.017222375698643377,0.24177667709508757,-0.028595864124272546,169495.8,2828.6727187470874,-0.007402698086653281,1.0377854298106566,-0.07123257376700692,36.376132032903165
2024-11-22,2730.60009765625,2775.89990234375,2712.10009765625,2767.300048828125,51770,0.0,0.01666088593463133,0.25215260269864215,-0.028595864124272546,166875.45,2828.0620454145605,0.04320130424310653,1.017565839581094,0.0660746115470294,43.99452735846142
2024-11-25,2786.39990234375,2804.85009765625,2735.0,2745.75,542821,0.0,-0.007787391481906991,0.2526831911645266,-0.028595864124272546,186831.05,2827.2430200870526,0.0025742319179975492,1.0220167540531389,-0.030818793833613342,40.85665024700711
2024-11-26,2751.0,2795.0,2746.5,2762.449951171875,109810,0.0,0.006082109140262304,0.25470336229344037,-0.028595864124272546,182361.1,2826.5983129336682,0.005715828223127328,1.013212020862581,0.023879185758307067,47.36550257648227
2024-11-27,2752.550048828125,2759.949951171875,2709.64990234375,2736.35009765625,175045,0.0,-0.009448081947893039,0.2541313137782456,-0.028595864124272546,180587.25,2825.7003207418534,-0.012023109729255244,1.019377967164789,-0.03717795117668144,45.041805732364715
2024-11-28,2747.050048828125,2760.64990234375,2688.0,2717.949951171875,350475,0.0,-0.0067243392942062385,0.25194331162068173,-0.028595864124272546,186152.25,2824.6281777610575,-0.0014695347349343857,1.0229198642596244,-0.026689889023255003,35.118700627552855
2024-11-29,2723.199951171875,2794.949951171875,2709.0,2780.14990234375,358331,0.0,0.022884877311687424,0.26670569649505516,-0.028595864124272546,195799.5,2824.185607856408,0.0046434623238873485,0.9982303437437596,0.08580572801546607,42.40132015557246
2024-12-02,2775.0,2823.14990234375,2767.300048828125,2814.949951171875,112519,0.0,0.012517328219887602,0.27054909742107985,-0.028595864124272546,191937.8,2824.09371077497,0.02520256803127552,0.9854899876713298,0.04626638150539437,48.754628567355866
2024-12-03,2835.0,2852.5,2807.0,2842.199951171875,156803,0.0,0.00968045630390546,0.2679543930519838,-0.028595864124272546,199484.65,2824.2738723709595,0.02886930131210841,0.9758417899660452,0.03612725222517589,55.45395369262373
2024-12-04,2852.949951171875,2899.0,2843.64990234375,2875.75,265662,0.0,0.011804253537578191,0.2703586333846286,-0.028595864124272546,207541.4,2824.7860726458757,0.05094373796070517,0.9659288821734003,0.04366146164147134,62.358820189508855
2024-12-05,2894.0,2901.25,2823.0,2839.10009765625,200966,0.0,-0.012744467475875876,0.2625615289984993,-0.028595864124272546,207672.25,2824.9285007554317,0.044574090274230205,0.9792152071458877,-0.04853897308984283,69.12973778450291
2024-12-06,2839.10009765625,2845.85009765625,2801.0,2806.699951171875,124949,0.0,-0.011412118407210126,0.2660335026512344,-0.028595864124272546,208628.0,2824.7471221526102,0.009549862331431402,0.9893977058418127,-0.04289729625970555,57.84132662856933
2024-12-09,2800.14990234375,2894.5,2682.050048828125,2857.800048828125,259452,0.0,0.01820646971362727,0.25577205702792194,-0.028595864124272546,215938.8,2825.076006995153,0.015222330201079215,0.9715523979268293,0.07118240050677513,61.6490102305201
2024-12-10,2861.25,2869.449951171875,2801.050048828125,2819.10009765625,164762,0.0,-0.013541868049076533,0.2599984203972967,-0.028595864124272546,219795.75,2825.016545210686,-0.008127455461429012,0.9847131696329984,-0.05208442231125612,55.02083211958739
2024-12-11,2819.10009765625,2848.5,2812.050048828125,2820.39990234375,78310,0.0,0.00046107078233248444,0.25604238053236794,-0.028595864124272546,216832.2,2824.9706084657414,-0.019247186875163025,0.9849303579407771,0.00180075955928164,61.035751622449695
2024-12-12,2820.0,2831.949951171875,2790.10009765625,2813.449951171875,323402,0.0,-0.0024641722495095664,0.24924040693400817,-0.028595864124272546,228156.2,2824.8559750598324,-0.009034604488073472,0.988628740934811,-0.009886728163201595,55.66048242898692
2024-12-13,2800.199951171875,2860.89990234375,2797.0,2854.85009765625,151666,0.0,0.014715081911135686,0.2474292370871648,-0.028595864124272546,201563.5,2825.154424040891,0.017155430691574658,0.9778324236800278,0.05947187765540034,62.760245319359214
2024-12-16,2837.5,2884.0,2837.5,2864.14990234375,197693,0.0,0.0032575457097152594,0.21284728301882422,-0.028595864124272546,198472.85,2825.5424387503726,0.002221937646837313,0.9768474357796296,0.015304614230762906,62.10425927870509
2024-12-17,2874.0,2880.0,2802.0,2808.449951171875,130327,0.0,-0.01944728909834481,0.20026339780468674,-0.028595864124272546,200226.6,2825.3723642471045,-0.0037778532565159173,0.99731970804138,-0.09710854974220452,58.01643998017941
2024-12-18,2804.85009765625,2840.0,2788.5,2831.14990234375,82709,0.0,0.008082733025882582,0.20159049891417397,-0.028595864124272546,198730.5,2825.4298521883647,0.0038115162289811266,0.9904094032711903,0.040094809370830854,62.46696165978015
2024-12-19,2814.14990234375,2824.0,2761.64990234375,2819.5,288316,0.0,-0.004114901275310667,0.20089770187144362,-0.028595864124272546,206289.4,2825.3708486840032,0.002150402151495534,0.9962315970182545,-0.020482569149139103,54.87670418602476
2024-12-20,2820.89990234375,2852.550048828125,2768.5,2790.050048828125,311015,0.0,-0.010445097063974118,0.19445192713525403,-0.028595864124272546,219251.65,2825.019397939169,-0.022698231644920353,1.0071548676960933,-0.05371557217611502,46.87265424423735
2024-12-23,2808.0,2841.0,2768.64990234375,2816.75,208021,0.0,0.009569703304458388,0.1888408058209982,-0.02238034970058306,202511.65,2824.93711537261,-0.016549379033884537,0.9988683723415172,0.05067603241838083,46.79914734808117
2024-12-24,2816.75,2843.949951171875,2775.050048828125,2809.14990234375,108820,0.0,-0.002698179695127312,0.18669786513893413,-0.02238034970058306,202462.15,2824.7800286758056,0.00024923042391522543,1.0024020017593873,-0.014452117856828416,41.03872877003633
2024-12-26,2800.0,2832.300048828125,2790.0,2824.699951171875,176683,0.0,0.0055354998375669595,0.18652556733206807,-0.02238034970058306,202544.05,2824.779231884722,-0.0022782089943508277,0.9984476322369348,0.029676894272318538,47.94576937959399
2024-12-27,2829.89990234375,2892.0,2825.0,2863.5,189148,0.0,0.013735989485194056,0.18725175944496178,-0.02238034970058306,194477.7,2825.164513159501,0.015605603830466386,0.9874602690653921,0.07335572596141167,57.95742547804811
2024-12-30,2869.949951171875,2891.5,2835.10009765625,2851.25,248102,0.0,-0.004277981491182081,0.18596487430286987,-0.02238034970058306,188966.25,2825.4240702424913,0.021935072884294637,0.9929495783784524,-0.023004243555007887,48.97027857011039
2024-12-31,2858.0,2916.949951171875,2832.25,2910.10009765625,243400,0.0,0.02064010439500219,0.18297994017659872,-0.019569174789793874,195510.3,2826.2666177789465,0.03314106600026623,0.9745042773476333,0.11279981426971583,63.45358939266045
2025-01-01,2919.75,2928.0,2861.050048828125,2873.39990234375,139805,0.0,-0.012611317164676783,0.18588065475646637,-0.018749139563120926,194660.4,2826.735605685064,0.022871687960259512,0.9874939398167084,-0.06784630978805484,57.09314587611599
2025-01-02,2873.39990234375,2900.0,2835.75,2891.800048828125,166636,0.0,0.006403614919512801,0.18430228469978185,-0.018749139563120926,189709.1,2827.3830130795222,0.023754769998991287,0.9814881543507694,0.034745171946686464,60.17400829430372
2025-01-03,2898.449951171875,2915.85009765625,2800.0,2818.699951171875,182657,0.0,-0.025278406674719145,0.20066903014900003,-0.019569174789793874,188793.65,2827.2966144535753,-0.01564520650536927,1.006580173307193,-0.12597063630717284,45.66285237735424
2025-01-06,2826.800048828125,2834.949951171875,2710.699951171875,2723.199951171875,125879,0.0,-0.03388086765329379,0.227925000002439,-0.022054673114695743,188840.15,2826.2608267592304,-0.04491014426238493,1.040346847881077,-0.14864918796287968,35.98768981831489
2025-01-07,2723.199951171875,2758.699951171875,2710.85009765625,2738.550048828125,72013,0.0,0.0056367868432298796,0.22659260152218322,-0.022054673114695743,179468.2,2825.3880827002145,-0.058949879066458544,1.0323382574517248,0.024876304683385687,42.444896895132814
2025-01-08,2738.14990234375,2795.550048828125,2641.949951171875,2773.89990234375,313590,0.0,0.01290823716395173,0.2216011425898149,-0.022054673114695743,186909.6,2824.875762497663,-0.03462796804539481,1.0183676682778418,0.05824986473714312,43.97686046255516
2025-01-09,2759.0,2787.199951171875,2754.550048828125,2779.050048828125,110398,0.0,0.0018566446756147492,0.2172822217564338,-0.022054673114695743,188514.0,2824.41978524722,-0.0389895560191621,1.0157364686902535,0.008544852750297533,45.685345269669995
2025-01-10,2771.0,2783.050048828125,2721.60009765625,2732.64990234375,150365,0.0,-0.01669640548717033,0.22425240946669978,-0.022054673114695743,179862.15,2823.5066520840014,-0.030528275559216445,1.0315051620960152,-0.07445362474517093,44.090998870891454
2025-01-13,2700.0,2719.75,2585.050048828125,2595.75,85981,0.0,-0.050097856379748174,0.2806853869728968,-0.025647270529662647,176577.9,2821.240416739882,-0.046801539900523825,1.0809159108488635,-0.1784840142025118,31.45664758091023
2025-01-14,2612.0,2723.050048828125,2610.0,2705.35009765625,240699,0.0,0.04222290191900213,0.3171962080292037,-0.025647270529662647,178728.2,2820.0872792365626,-0.012123185839193251,1.0341905425754125,0.13311287940739175,42.563427848854936
2025-01-15,2721.449951171875,2743.85009765625,2675.0,2680.300048828125,108563,0.0,-0.009259448102420076,0.3173633918432929,-0.025647270529662647,177640.0,2818.6963615210557,-0.03374305375494613,1.0414654849761473,-0.029176168545710854,39.79362997976222
2025-01-16,2703.300048828125,2731.64990234375,2658.60009765625,2725.300048828125,238405,0.0,0.016789165086078528,0.31847039751476036,-0.025647270529662647,185424.8,2817.767044976848,-0.019341141417249852,1.022326880578391,0.05271813232851278,40.31671871306318
2025-01-17,2725.300048828125,2729.89990234375,2684.0,2705.85009765625,125847,0.0,-0.007136810928484172,0.31722003363479917,-0.025647270529662647,177301.35,2816.6534435109716,-0.009807258758070092,1.027575402218248,-0.02249798230499096,39.91400215997551
2025-01-20,2720.0,2731.949951171875,2647.699951171875,2721.5,129653,0.0,0.005783728506359553,0.31822519169361224,-0.025647270529662647,168233.25,2815.706643078027,0.04844457285948178,1.0204069446996142,0.018174954326615957,36.0832397675436
2025-01-21,2721.5,2824.0,2666.800048828125,2681.60009765625,497006,0.0,-0.014660996635586954,0.3200498449940043,-0.025647270529662647,182682.5,2814.3722495912434,-0.008778900749509488,1.0330697732686056,-0.04580847766939813,35.913651421059086
2025-01-22,2669.0,2719.0,2645.199951171875,2708.449951171875,309114,0.0,0.010012624007245563,0.3202498204717069,-0.025647270529662647,192697.2,2813.31829637314,0.010502519057915771,1.0209695793447355,0.031265040773004085,36.699303753427046
2025-01-23,2690.0,2765.949951171875,2664.050048828125,2728.89990234375,67208,0.0,0.007550426088924755,0.3217993916012698,-0.025647270529662647,187223.45,2812.4783123529473,0.0013209017176560867,1.0115633052395805,0.023463145212060464,42.94689996765981
2025-01-24,2728.89990234375,2739.75,2630.10009765625,2652.199951171875,310533,0.0,-0.028106546196876026,0.3338281607861016,-0.028334003075711683,193292.7,2810.883502788957,-0.019827464400502315,1.0368335921378653,-0.0841946505913221,44.25380199336382
2025-01-27,2671.25,2742.199951171875,2545.64990234375,2564.64990234375,585706,0.0,-0.03301035006408204,0.343806737749568,-0.032673417088113825,210172.9,2808.4334172123877,-0.05763369379248573,1.0666407118798766,-0.09601425882463216,37.398535643501546
2025-01-28,2602.050048828125,2758.699951171875,2593.5,2706.14990234375,1213880,0.0,0.055173222618294826,0.40213592950519883,-0.032673417088113825,258696.9,2807.415670795784,0.009154908932527572,1.0070996013312414,0.13720042701525698,45.74514799734069
2025-01-29,2690.0,2750.0,2682.5,2737.10009765625,234076,0.0,0.011436984804756856,0.3967839103511329,-0.032673417088113825,263410.45,2806.7160133516095,0.01057806014542706,0.9932218043053879,0.02882421443549357,47.44814442503946
2025-01-30,2737.10009765625,2775.0,2708.050048828125,2764.699951171875,131284,4.0,0.010083611315223173,0.3973695079034128,-0.032673417088113825,261642.85,2806.2979430811647,0.013118857455115096,0.9810078997998182,0.025375905450488432,51.995272509624385
2025-01-31,2768.949951171875,2786.89990234375,2748.60009765625,2771.25,175591,0.0,0.0023691716800402496,0.396598758885021,-0.032673417088113825,261289.55,2805.9492073291135,0.04488728264078379,0.9778331060413847,0.005973724242011206,63.04251269105203
2025-02-01,2775.699951171875,2816.75,2710.0,2753.800048828125,163099,0.0,-0.006296779854533141,0.38774932530538353,-0.032673417088113825,263150.55,2805.430310229601,0.07375281371212372,0.9845849197198651,-0.016239305348064427,54.17204680444713
2025-02-03,2754.949951171875,2770.14990234375,2681.0,2730.85009765625,72927,0.0,-0.008333920678678663,0.37000056028671197,-0.032673417088113825,263196.25,2804.688218562205,0.009127430557748228,0.9927183497798323,-0.0225240752256699,54.36868784656151
2025-02-04,2749.949951171875,2822.300048828125,2734.699951171875,2775.300048828125,191141,0.0,0.01627696489456687,0.37371830324563,-0.032673417088113825,257073.8,2804.3957989628607,0.013956358850224504,0.9768439311311092,0.04355410028801205,54.32526315629647
2025-02-05,2775.300048828125,2838.550048828125,2741.0,2824.89990234375,179435,0.0,0.017871888676169956,0.37611603770061935,-0.032673417088113825,260525.65,2804.599819892024,0.021774497137151627,0.9605039457115719,0.047516953305846744,59.78787463797993
2025-02-06,2837.449951171875,2839.949951171875,2750.050048828125,2762.60009765625,80327,0.0,-0.022053809636161437,0.3845630961386798,-0.032673417088113825,257023.75,2804.1819122080856,-0.0031212998985115092,0.9827064780422796,-0.057347699985053874,53.13837358085781
2025-02-07,2753.35009765625,2764.949951171875,2685.050048828125,2719.14990234375,102316,0.0,-0.015728007593050708,0.38404774593484825,-0.028351736390236325,257840.5,2803.335822557694,-0.012582666086857097,1.0006785594934942,-0.04095325997873787,52.85181338340602
2025-02-10,2741.949951171875,2741.949951171875,2657.199951171875,2669.949951171875,84051,0.0,-0.018093872327328286,0.3454645525506618,-0.028351736390236325,250008.1,2802.00859995684,-0.022300801694184025,1.0184554204120932,-0.052375480117949444,47.17202756704622
2025-02-11,2667.800048828125,2667.800048828125,2620.89990234375,2653.14990234375,137041,0.0,-0.00629227106701058,0.3128645898534943,-0.028351736390236325,251432.0,2800.527418886063,-0.044013311834860236,1.0243927379583266,-0.020111802581554684,44.40587682029539
2025-02-12,2652.39990234375,2652.39990234375,2590.050048828125,2638.0,104575,0.0,-0.005710156946038714,0.31188745676464125,-0.028351736390236325,244740.5,2798.9102306384407,-0.06616160175752905,1.0286211107787622,-0.018308388616166335,48.84646978544948
2025-02-13,2640.0,2684.39990234375,2620.14990234375,2631.35009765625,116780,0.0,-0.0025208121090788405,0.3054483101646299,-0.028351736390236325,244287.15,2797.242965633643,-0.0475095907335088,1.029805001108739,-0.00825282688646046,56.238331826786386
2025-02-14,2636.800048828125,2640.0,2591.050048828125,2625.0,118172,0.0,-0.0024132469723074923,0.3047864759959387,-0.028351736390236325,243713.1,2795.5291052790794,-0.03462475616463745,1.0304580915178572,-0.007917827998252025,39.842287899217325
2025-02-17,2625.0,2678.699951171875,2566.0,2670.550048828125,103825,0.0,0.017352399553571374,0.31073634130477534,-0.028351736390236325,224054.05,2794.285532578075,0.00022475988959524962,1.0126752685199432,0.05584283744308967,41.96351653438253
2025-02-18,2681.0,2700.449951171875,2611.300048828125,2648.050048828125,111918,0.0,-0.008425230603662848,0.30794932420684973,-0.028351736390236325,214194.25,2792.830453137777,-0.0019221882303446236,1.02013932624546,-0.027359145378127742,35.73786697505787
2025-02-19,2640.35009765625,2680.300048828125,2614.550048828125,2675.550048828125,91434,0.0,0.010385000091735375,0.3081109630663698,-0.028351736390236325,215405.55,2791.663483940666,0.01423428689466455,1.008657080132745,0.033705388640924365,38.869501352860816
2025-02-20,2680.0,2750.0,2666.5,2722.050048828125,163987,0.0,0.01737960387635673,0.3131485397236707,-0.028351736390236325,208078.25,2790.9708129445216,0.03446897896736045,0.9927095227533174,0.05549955090545009,46.54101531781205
2025-02-21,2720.0,2738.0,2677.5,2708.5,138341,0.0,-0.004977883795324933,0.29675283796891383,-0.028351736390236325,185710.0,2790.1502078405965,0.03180952380952373,1.0003313678292873,-0.01677451060502169,47.51416889116144
2025-02-24,2700.0,2700.0,2657.25,2682.699951171875,97190,0.0,-0.009525585685111637,0.272864296135189,-0.028351736390236325,129875.5,2789.0810510578235,0.004549587958136758,1.0095146909828683,-0.03490960697656161,39.255033795262676
2025-02-25,2677.89990234375,2720.35009765625,2665.949951171875,2678.699951171875,214443,0.0,-0.0014910351782921882,0.1935508318357818,-0.028351736390236325,128893.85,2787.9827316559736,0.01157451776914642,1.0099320768267825,-0.007703584051353581,31.02777929779478
2025-02-27,2694.0,2717.85009765625,2650.75,2685.85009765625,176216,0.0,0.002669259945014435,0.1891185561028072,-0.028351736390236325,131140.45,2786.966486541549,0.003849693947095556,1.0057756069723764,0.01411421416744135,38.376509268675925
2025-02-28,2671.14990234375,2683.199951171875,2601.25,2615.64990234375,479267,0.0,-0.026137048889570802,0.20382738956498178,-0.028351736390236325,146324.25,2785.261843912715,-0.03908824032467062,1.0297947385506896,-0.12823128267030706,35.50015595133527
2025-03-03,2628.0,2640.0,2570.0,2582.5,164139,0.0,-0.012673677128596683,0.2058972306538059,-0.028351736390236325,146376.25,2783.244313127514,-0.046520214140668315,1.0396970009226767,-0.06155340930433405,37.17179645252188
2025-03-04,2551.0,2552.25,2474.85009765625,2526.89990234375,516915,0.0,-0.021529563468054236,0.21526437984110397,-0.028351736390236325,168575.65,2780.6936224729493,-0.058075838395593715,1.0585381687008015,-0.10001451463452057,33.372860503896135
2025-03-05,2536.39990234375,2604.449951171875,2485.050048828125,2497.199951171875,396362,0.0,-0.01175351312662909,0.2164547658719559,-0.028351736390236325,178836.7,2777.8727899226897,-0.06775674891120131,1.065559443482158,-0.054300086839303076,32.14105885911084
2025-03-06,2528.0,2567.949951171875,2514.050048828125,2557.699951171875,459239,0.0,0.024227134864234223,0.2273892017859245,-0.028351736390236325,192826.9,2775.6820154077564,-0.04771306730640046,1.0351311894355462,0.1065447858055942,41.781044714674344
2025-03-07,2562.699951171875,2611.300048828125,2530.050048828125,2559.60009765625,285474,0.0,0.0007429121948039352,0.21419474037053576,-0.028351736390236325,203084.25,2773.531946574408,-0.021428634098652366,1.0303972855333046,0.003468395903815432,42.62851486941857
2025-03-10,2579.64990234375,2600.0,2535.0,2555.85009765625,322788,0.0,-0.0014650726117074742,0.20471862688524833,-0.028351736390236325,214107.85,2771.3659580279586,-0.010319420075024177,1.0287144793242984,-0.007156518009294369,35.726754859876266
2025-03-11,2554.75,2558.949951171875,2501.0,2531.800048828125,124177,0.0,-0.009409804139209554,0.2011482855000667,-0.028351736390236325,216114.15,2768.9822176379103,0.0019391929533219,1.0357581391697965,-0.04678043189884468,35.58945937447285
2025-03-12,2531.5,2554.10009765625,2495.0,2544.35009765625,219588,0.0,0.004956966816527908,0.19558443591169647,-0.028351736390236325,220241.5,2766.747072165456,0.018881205913146237,1.0285111783556897,0.025344381519816286,33.110229551535824
2025-03-13,2545.60009765625,2559.89990234375,2493.5,2499.050048828125,285875,0.0,-0.01780417281012292,0.20254638822196042,-0.028351736390236325,229306.5,2764.08342019195,-0.02293072035946908,1.0443748498574996,-0.08790170038280426,21.20356322855295
2025-03-17,2502.699951171875,2559.0,2502.699951171875,2528.949951171875,65292,0.0,0.011964507216560616,0.2084783641200427,-0.028351736390236325,226732.1,2761.743783684288,-0.011974584042421466,1.0300025949505236,0.05738968018654733,27.75370958592336
2025-03-18,2528.949951171875,2528.949951171875,2528.949951171875,2528.949951171875,0,0.0,0.0,0.20857062536872223,-0.028351736390236325,220823.5,2759.427427141876,-0.010524931219183298,1.0281035844781412,0.0,29.64926520908358
2025-03-19,2568.89990234375,2631.89990234375,2540.050048828125,2619.699951171875,200741,0.0,0.03588445866947576,0.24600064163159527,-0.028351736390236325,225669.3,2758.037103997896,0.03471834293724552,0.9915181331056165,0.14587139680920633,43.64909170057819
2025-03-20,2649.0,2649.0,2583.39990234375,2600.25,119281,0.0,-0.007424495756918392,0.23887148948706852,-0.028351736390236325,226037.45,2756.4670830625932,0.021970208579095596,0.998015576364352,-0.031081547078077948,41.023485195642905
2025-03-21,2619.89990234375,2633.300048828125,2585.5,2609.85009765625,475457,0.0,0.003691990253340993,0.23791539022003727,-0.028351736390236325,245238.6,2755.008207585913,0.04433686667463199,0.9930857742405809,0.015518080166002021,49.30324338012451
2025-03-24,2630.0,2653.0,2601.0,2610.39990234375,299553,0.0,0.000210665236288321,0.23459165129733675,-0.028351736390236325,252016.9,2753.5693189765384,0.03220702376262219,0.9907380456291587,0.0008980082033747575,53.63658695136322
2025-03-25,2617.39990234375,2629.85009765625,2552.35009765625,2565.39990234375,239756,0.0,-0.01723873800316833,0.23091021254218239,-0.028351736390236325,257087.65,2751.69698647273,0.01441307731494823,1.0053276646340963,-0.07465558611212711,55.16085788814338
2025-03-26,2556.0,2599.0,2555.0,2581.050048828125,481573,0.0,0.006100470523163759,0.23272611777818408,-0.028351736390236325,276306.8,2749.999006993679,-0.01475356073754197,0.9972627220953197,0.02621308823983115,61.67990693117562
2025-03-27,2539.050048828125,2582.85009765625,2478.5,2550.25,817417,0.0,-0.011933146682726714,0.23382902853777493,-0.028351736390236325,306455.5,2748.011454685284,-0.01922892029612533,1.006788550142143,-0.051033638753122286,48.8686490835941
2025-03-28,2560.0,2599.89990234375,2540.14990234375,2554.800048828125,237119,0.0,0.0017841579563278032,0.2342476144442055,-0.028351736390236325,309500.65,2746.088953134467,-0.021093184193821002,1.0024306985328724,0.007616546637606413,49.27688357222128
2025-04-01,2564.0,2584.89990234375,2515.89990234375,2523.550048828125,136364,0.0,-0.012231877016885995,0.23606574365050834,-0.028351736390236325,292355.5,2743.8746356786824,-0.03327070823043121,1.013019339984933,-0.051815550657953964,45.50639457558663
2025-04-02,2522.0,2577.64990234375,2511.60009765625,2567.10009765625,179614,0.0,0.01725745397772016,0.22993142004248052,-0.026235523754936062,293129.25,2742.1156850515936,0.0006627408502459797,0.9955338368374912,0.07505478470051613,54.65822578885406
2025-04-03,2538.0,2538.0,2452.050048828125,2481.85009765625,413289,0.0,-0.03320867779087888,0.25313428783201014,-0.028351736390236325,287947.95,2739.5259777143265,-0.03843395102582947,1.0288222169189638,-0.13118995756520305,43.08016091615215
2025-04-04,2460.5,2474.0,2372.39990234375,2388.050048828125,506413,0.0,-0.037794405438388745,0.2745000500966356,-0.03302026645042188,293450.5,2736.028704790086,-0.0636015885391138,1.0669479166336535,-0.13768450697272533,38.902221712299735
2025-04-07,2152.050048828125,2295.0,2152.050048828125,2273.199951171875,718412,0.0,-0.04809367279073973,0.3156430607117291,-0.03343796417325438,306409.15,2731.4234435600542,-0.11022392839917894,1.114596198679265,-0.15236726940431644,28.142904708154646
2025-04-08,2291.0,2332.25,2273.5,2320.10009765625,618936,0.0,0.020631773487500338,0.3117743467399703,-0.03343796417325438,323082.25,2727.3306739490713,-0.08062053346885356,1.0869035465157268,0.06617533816197685,33.47577273701313
2025-04-09,2325.800048828125,2326.949951171875,2231.550048828125,2280.60009765625,319655,0.0,-0.01702512751062013,0.314114711323161,-0.03302026645042188,322925.6,2722.8855935879487,-0.111604530053804,1.0996941230474693,-0.054200348964557735,20.802514469145265
2025-04-11,2370.0,2370.0,2312.449951171875,2337.5,345899,0.0,0.02494953078456219,0.3310418117836268,-0.03302026645042188,334011.7,2719.050911064686,-0.058162295052617385,1.0687689933572861,0.07536670336737551,28.74708128754635
2025-04-15,2390.0,2504.800048828125,2360.0,2493.199951171875,677918,0.0,0.0666096047794118,0.41065724538122794,-0.03302026645042188,356928.2,2716.803637831922,0.04403169958491859,1.00099874198834,0.16220243014475832,42.368327815572
2025-04-16,2495.0,2515.5,2471.800048828125,2490.199951171875,162181,0.0,-0.0012032729258597552,0.4101960981906648,-0.03302026645042188,350743.5,2714.5488747805784,0.09546014634046274,1.002026969196339,-0.002933408927664563,42.16121805175545
2025-04-17,2495.0,2518.800048828125,2468.0,2503.89990234375,108472,0.0,0.005501546639027133,0.4058795435612733,-0.03302026645042188,352902.5,2712.4528651045903,0.07922063572738658,0.9960442128655943,0.013554628684188191,45.818604333618545
2025-04-21,2503.699951171875,2538.0,2466.10009765625,2526.699951171875,187025,0.0,0.009105814815833169,0.404973191191368,-0.03302026645042188,362253.75,2710.604577403767,0.10791013021903284,0.9870117368576211,0.022484981201336983,46.34030864302075
2025-04-22,2526.699951171875,2545.89990234375,2504.199951171875,2535.199951171875,85371,0.0,0.0033640717791036945,0.4051130552238909,-0.03302026645042188,356485.25,2708.8592577397685,0.08457751921791434,0.9820359558516856,0.008304031807131417,48.95522083556135
2025-04-23,2547.0,2585.0,2538.60009765625,2577.0,157427,0.0,0.016487870634741553,0.3889720468638066,-0.03302026645042188,358392.55,2707.5472253244475,0.03361144331353638,0.965655804161513,0.0423883164453496,51.465342829886325
2025-04-24,2577.0,2615.199951171875,2555.5,2578.0,126270,0.0,0.00038804811796655514,0.38815979463835565,-0.03302026645042188,340933.2,2706.2581982067913,0.03525823249125315,0.9646634997833229,0.000999712266261303,53.743549861969136
2025-04-25,2578.10009765625,2606.5,2481.800048828125,2518.199951171875,478982,0.0,-0.023196295123399935,0.3959252143244801,-0.03302026645042188,349904.65,2704.386971868136,0.005711110422081722,0.9857408279781943,-0.05858756577830322,46.711490883793296
2025-04-28,2520.89990234375,2586.0,2502.5,2577.60009765625,109531,0.0,0.02358833596860821,0.40529939159988315,-0.026490630334636205,343393.4,2703.125410930704,0.020144911334156523,0.9632613363516246,0.058199779904671366,56.671075574691216
2025-04-29,2582.0,2609.0,2565.39990234375,2597.699951171875,105285,0.0,0.007797894457678423,0.4013704528038692,-0.026490630334636205,324579.0,2702.0764013808653,0.024652887820982183,0.9561285200183192,0.01942817217591043,66.27842523259352
2025-04-30,2621.5,2690.0,2575.0,2675.10009765625,571639,0.0,0.029795645355214395,0.4134508902581517,-0.026490630334636205,312290.1,2701.8079804482823,0.03806755826785024,0.9307978855931391,0.07206574066378983,83.1327274914021
2025-05-02,2673.0,2725.0,2638.60009765625,2662.199951171875,192610,0.0,-0.004822304217953266,0.4111529803460008,-0.026490630334636205,310064.65,2701.4138707042384,0.03266095856162732,0.937325353291813,-0.011728734391290976,79.87770370347094
2025-05-05,2678.39990234375,2732.300048828125,2678.39990234375,2699.39990234375,192910,0.0,0.013973387369156764,0.41309923229250206,-0.026490630334636205,312891.95,2701.393831218065,0.07195614116645155,0.9276654415921073,0.03382573952837867,86.72392677936111
2025-05-06,2715.0,2749.39990234375,2697.300048828125,2731.89990234375,164430,0.0,0.012039712964271088,0.4104102411689482,-0.026490630334636205,312132.75,2701.6973742143405,0.05986180898573101,0.9196456980434611,0.029335799800270724,86.13042235259174
2025-05-07,2703.89990234375,2775.0,2655.10009765625,2772.699951171875,253173,0.0,0.014934679265928397,0.4095500981252366,-0.026490630334636205,304126.95,2702.4038675174006,0.06736728771198308,0.9113580733045293,0.03646606109883265,82.43208939353583
2025-05-08,2800.0,2816.300048828125,2735.0,2746.10009765625,330257,0.0,-0.009593484323603962,0.3902376238386391,-0.026490630334636205,295319.15,2702.838655876991,0.026541062916563662,0.9267051080785198,-0.02458369847427583,78.15181615022114
2025-05-09,2670.0,2817.5,2670.0,2741.800048828125,90038,0.0,-0.0015658747588243038,0.35897060433938593,-0.026490630334636205,263900.45,2703.2263314287443,0.029900119869362474,0.936703970726633,-0.0043621251887316324,76.72432752007575
2025-05-12,2785.0,2815.0,2735.0,2751.300048828125,165127,0.0,0.0034648770263390194,0.2989709108280792,-0.026490630334636205,241210.0,2703.7046768755044,0.019226549737707543,0.9413059078516237,0.011589344598271044,76.00740447618037
2025-05-13,2754.800048828125,2769.89990234375,2684.300048828125,2696.10009765625,105065,0.0,-0.02006322472730182,0.312461382794757,-0.026490630334636205,230480.5,2703.629009420587,-0.01310436178748231,0.9682837786711962,-0.06421025185815685,66.8129638665359
2025-05-14,2730.0,2747.0,2697.10009765625,2737.199951171875,143468,0.0,0.015244186798314185,0.3004983588852354,-0.026490630334636205,220358.95,2703.963048641993,-0.012803404849124012,0.9610459720586884,0.05072968234358755,66.76432970003339
2025-05-15,2740.10009765625,2755.800048828125,2688.800048828125,2698.800048828125,339036,0.0,-0.014028899250604576,0.3045680261738079,-0.026490630334636205,203414.85,2703.9116755095165,-0.017224444538090466,0.9785293259582145,-0.04606162690886808,61.7236083175597
2025-05-16,2710.0,2728.0,2690.10009765625,2709.699951171875,196160,0.0,0.004038795815378471,0.21404019724438572,-0.026490630334636205,205113.8,2703.9692702922266,-0.01170767272761919,0.9786434071893951,0.018869332390278784,70.53399957253276
2025-05-19,2719.89990234375,2764.0,2681.0,2690.60009765625,477345,0.0,-0.007048696851976066,0.21679132596830028,-0.026490630334636205,223557.45,2703.836243698834,-0.022062279684009423,0.9890600259620579,-0.03251373870866658,63.26292597929874
2025-05-20,2692.0,2709.89990234375,2630.0,2644.699951171875,155011,0.0,-0.017059445781020366,0.22831645333743167,-0.026490630334636205,221956.75,2703.247822877671,-0.01906462839753531,1.0084565552548301,-0.0747184216663693,55.20141878745885
2025-05-21,2653.89990234375,2690.199951171875,2638.39990234375,2665.60009765625,502954,0.0,0.00790265318192862,0.22792929016632812,-0.026490630334636205,242835.9,2702.873218646612,-0.026158064735084863,1.0029955401473745,0.0346715107542636,48.7983803654867
2025-05-22,2678.39990234375,2687.699951171875,2626.800048828125,2649.60009765625,376080,0.0,-0.00600240074048175,0.22986059760814984,-0.026490630334636205,253768.55,2702.3431378407377,-0.018230306166341803,1.0104222961859846,-0.026113220542400287,48.41869170922164
2025-05-23,2666.0,2685.800048828125,2630.10009765625,2660.199951171875,343247,0.0,0.004000548431818629,0.22408058625854735,-0.026490630334636205,264617.4,2701.923802650003,-0.01826770524116239,1.0079411553352786,0.017853167559420183,44.728348893224116
2025-05-26,2460.0,2508.89990234375,2383.0,2492.0,5053005,0.0,-0.0632283115025919,0.31738601937903305,-0.03343796417325438,493318.55,2699.835008593784,-0.073812566136918,1.0754474376598866,-0.19921579921554305,26.364518893318632
2025-05-27,2510.89990234375,2524.800048828125,2467.5,2478.60009765625,1506038,0.0,-0.005377167874698996,0.30784061682917296,-0.03343796417325438,563143.9,2697.633666196396,-0.06280480076464845,1.079264467542773,-0.017467375668004003,19.370939136079684
2025-05-28,2492.0,2495.0,2451.699951171875,2478.0,508542,0.0,-0.0002421115277198016,0.29507909186305425,-0.03343796417325438,583306.75,2695.4482565825015,-0.07037818531789475,1.0771105799394043,-0.0008204970334773663,20.48003431641422
2025-05-29,2488.0,2513.39990234375,2471.0,2488.0,426994,0.0,0.004035512510088823,0.29383735646592635,-0.03343796417325438,576074.5,2693.3840948254615,-0.060990372773308765,1.069021307157167,0.01373383024298506,22.401012237921236
2025-05-30,2488.0,2496.199951171875,2460.199951171875,2472.199951171875,518888,0.0,-0.006350501940564746,0.27048258188240726,-0.03343796417325438,592388.4,2691.1832575751773,-0.0706713793890501,1.0720107857581538,-0.023478412774621874,20.06003737198283
2025-06-02,2472.5,2479.300048828125,2437.10009765625,2450.10009765625,494551,0.0,-0.008939347120830221,0.271090961679013,-0.03343796417325438,607470.45,2688.7844201630487,-0.016813764985453505,1.0765927581880923,-0.03297545124968202,21.593501447150786
2025-06-03,2464.89990234375,2469.800048828125,2440.5,2449.0,408472,0.0,-0.0004490011070578115,0.26367709742201756,-0.03343796417325438,619672.55,2686.398505534561,-0.011942264379090295,1.0713005417948014,-0.0017028444806897142,13.333316762627533
2025-06-04,2450.0,2481.89990234375,2425.5,2471.39990234375,700256,0.0,0.009146550569109735,0.26157393183439526,-0.03343796417325438,642026.7,2684.259215950573,-0.002663477665960423,1.0554949127983078,0.03496736144650256,19.84080984063661
2025-06-05,2478.0,2484.199951171875,2455.0,2460.199951171875,224091,0.0,-0.004531824720577782,0.25173764671130594,-0.03343796417325438,636718.4,2682.02977052989,-0.011173653065966627,1.0544895002758268,-0.018002172498868145,16.93610797730595
2025-06-06,2460.10009765625,2500.0,2453.10009765625,2492.699951171875,168337,0.0,0.013210308367219925,0.2594051781448512,-0.03343796417325438,640633.35,2680.145891730308,0.008292209531952421,1.0357443987565644,0.05092538226276077,24.673640736340673
2025-06-09,2512.0,2512.0,2493.0,2502.699951171875,195356,0.0,0.004011714284063217,0.2609068268015761,-0.03343796417325438,642144.8,2678.3802604809703,0.02146845084653548,1.02663925258844,0.015376041246148681,29.98871501507182
2025-06-10,2510.0,2527.199951171875,2500.10009765625,2507.60009765625,184160,0.0,0.001957944052414451,0.2604005222414728,-0.03343796417325438,646099.55,2676.680955378237,0.023928173808187125,1.020874504557921,0.007518971008088508,26.682395047357574
2025-06-11,2517.0,2555.699951171875,2489.0,2496.199951171875,263851,0.0,-0.004546237853089163,0.2540158913556707,-0.03343796417325438,652118.7,2674.8851244906114,0.010034818243945809,1.0207095013074072,-0.01789745377681519,27.049645575617973
2025-06-12,2496.0,2502.39990234375,2458.60009765625,2469.0,248130,0.0,-0.01089654342758306,0.24566797574023447,-0.03343796417325438,647573.4,2672.836516286725,0.003576964882034517,1.027300528506607,-0.044354755442595185,22.748015304688835
2025-06-13,2450.0,2472.300048828125,2421.10009765625,2463.800048828125,473465,0.0,-0.002106096059892648,0.2434747501727735,-0.03343796417325438,661438.65,2670.756551436391,-0.011593815104045557,1.024478431586275,-0.008650161759675333,42.49202769998709
2025-06-16,2463.39990234375,2467.89990234375,2417.0,2458.199951171875,204331,0.0,-0.002272951353708086,0.24175505979053402,-0.03343796417325438,647787.95,2668.641560388983,-0.01778079708642788,1.0220852869367483,-0.009401876683196175,44.33330029470109
2025-06-17,2466.89990234375,2481.60009765625,2441.0,2447.699951171875,127269,0.0,-0.0042714181956575725,0.24157947494892743,-0.03343796417325438,646400.85,2666.4431364166735,-0.023887439843522595,1.0224455825327887,-0.017681212444676738,42.02211017033628
2025-06-18,2454.0,2454.800048828125,2431.0,2443.89990234375,198705,0.0,-0.0015524978158804048,0.23725922490108922,-0.03343796417325438,631188.4,2664.228775878634,-0.020951866777968675,1.0194996081002863,-0.006543466333471168,37.99671995785842
2025-06-19,2444.5,2467.5,2400.0,2403.699951171875,195547,0.0,-0.016449098890393365,0.23732453195069933,-0.03343796417325438,622161.75,2661.636449264637,-0.02644797441398339,1.031434886098346,-0.06931056836848513,33.5415742555133
2025-06-20,2400.0,2435.5,2391.0,2420.39990234375,370213,0.0,0.0069476022428396345,0.2407151748580764,-0.03343796417325438,623510.05,2659.236085613683,-0.01761512526352038,1.0193646019077345,0.028862334741931138,42.673861170632215
2025-06-23,2401.0,2412.0,2391.89990234375,2398.199951171875,290119,0.0,-0.00917201787621047,0.23939199676998754,-0.03343796417325438,385365.75,2656.6387111416257,-0.02440810397518589,1.026845146613157,-0.038313801701086544,38.6505724189184
2025-06-24,2425.0,2425.10009765625,2388.199951171875,2393.800048828125,176516,0.0,-0.0018346686820671643,0.11028771236266263,-0.03343796417325438,318889.65,2654.0234010688546,-0.022020633010163104,1.026961286608217,-0.016635293963494547,31.146784452990104
2025-06-25,2406.0,2411.39990234375,2388.199951171875,2399.5,351031,0.0,0.0023811308612284865,0.11047092325581183,-0.03343796417325438,311014.1,2651.4908299139406,-0.018167643568858804,1.022886008763219,0.021554365397770517,34.84774426552073
2025-06-26,2399.5,2439.0,2386.10009765625,2433.300048828125,203299,0.0,0.014086288321785823,0.12299974365232057,-0.03343796417325438,299829.35,2649.319777365823,0.012314389590023067,1.0075534998856703,0.11452289865232641,35.26788847498891
2025-06-27,2445.699951171875,2468.89990234375,2430.199951171875,2463.800048828125,178550,0.0,0.012534418028179006,0.13053526962104575,-0.03343796417325438,282812.45,2647.473809917687,0.01793098175320096,0.9949102754979947,0.09602322119022087,41.24270928519897
2025-06-30,2475.0,2494.699951171875,2435.800048828125,2445.300048828125,803443,0.0,-0.007508726208849348,0.13125648753308317,-0.03343796417325438,298257.05,2645.4621307028656,0.01963977091786462,1.0023391542828344,-0.05720651053451107,36.78403440022556
2025-07-01,2445.300048828125,2484.39990234375,2436.0,2476.800048828125,1086266,0.0,0.012881854729891229,0.13525925370709538,-0.03343796417325438,332146.75,2643.7839010324706,0.03467290429734615,0.9901525908447465,0.09523824377594536,46.20799114822773
2025-07-02,2484.0,2586.89990234375,2483.0,2566.199951171875,1363309,0.0,0.03609492110033208,0.18275624241357624,-0.023926200639149374,365299.4,2643.011921431868,0.06947278648546562,0.957505274158739,0.1975030710229793,65.28302289516003
2025-07-03,2566.0,2592.0,2542.199951171875,2550.300048828125,188962,0.0,-0.006195893790929774,0.18323200089499478,-0.020219878247106728,363542.95,2642.089415236806,0.04808284948514552,0.9652413228031437,-0.03381447248581729,63.15790643752143
2025-07-04,2555.5,2622.199951171875,2550.10009765625,2607.89990234375,359789,0.0,0.022585520296755757,0.19553775148149463,-0.01720963472833444,373115.55,2641.7492210786663,0.058486829555898456,0.9461310183020754,0.11550464792905596,69.66117181255815
2025-07-07,2607.800048828125,2618.300048828125,2587.300048828125,2602.800048828125,127405,0.0,-0.0019555403606716926,0.19244791131441663,-0.01720963472833444,369718.0,2641.361667125925,0.06440927364945659,0.9499077719129293,-0.010161400275541452,70.66351984644984
2025-07-08,2602.800048828125,2626.0,2598.0,2622.5,167327,0.0,0.007568753189759914,0.19327892996446225,-0.01720963472833444,368876.35,2641.173988846065,0.05882588351886198,0.9449628180112012,0.03915974079302982,72.82725640698045
2025-07-09,2616.0,2632.800048828125,2609.300048828125,2620.89990234375,108777,0.0,-0.0006101420996187379,0.19354056501698857,-0.01720963472833444,361122.65,2640.9722566420623,0.021315545246930467,0.9479186845599423,-0.0031525280916685347,80.79982160507596
2025-07-10,2620.0,2640.0,2615.0,2636.300048828125,141487,0.0,0.005875900285472024,0.19234273907965968,-0.01720963472833444,355790.5,2640.925767012073,0.03372152231245007,0.9455543542331027,0.03054911252744179,80.72878114652896
2025-07-11,2636.300048828125,2663.0,2622.10009765625,2655.5,249530,4.0,0.007282915759308173,0.1864005869504871,-0.01720963472833444,344593.75,2641.070784255734,0.018252271727711378,0.9423272407429746,0.03907131135016004,86.93660252983214
2025-07-14,2661.89990234375,2678.60009765625,2629.300048828125,2649.800048828125,400590,0.0,-0.0021464700327150643,0.1864160438623344,-0.01720963472833444,354406.7,2641.157642609688,0.018057476224945246,0.9479696378550084,-0.01151440548301812,86.61331318635469
2025-07-15,2649.800048828125,2677.800048828125,2649.60009765625,2672.0,927036,0.0,0.008377972210277917,0.18588418040870586,-0.01720963472833444,394395.05,2641.46453173795,0.018875119161105847,0.9442907915857738,0.04507092395462555,87.21664716072786
2025-07-16,2679.0,2684.699951171875,2633.199951171875,2652.89990234375,200466,0.0,-0.007148240140812168,0.1877633206408998,-0.01720963472833444,394483.1,2641.5783165200974,0.012209546793978676,0.9550284927368874,-0.038070480090083646,81.24645231743456
2025-07-17,2643.0,2779.0,2643.0,2742.10009765625,1207633,0.0,0.03362365660072375,0.21275342958578727,-0.01720963472833444,445087.4,2642.5785332478204,0.04013202096444024,0.9301319833734016,0.15804048416883942,83.93076664224114
2025-07-18,2728.60009765625,2761.300048828125,2710.5,2745.300048828125,341791,0.0,0.0011669709558050911,0.19800963996552426,-0.01720963472833444,443666.3,2643.6006378804605,0.03381662542953312,0.9349652002014451,0.005893505473133628,87.99393973751825
2025-07-21,2747.0,2778.5,2711.10009765625,2774.0,297175,0.0,0.010454212895281145,0.19849918780073209,-0.016479616234924714,444019.1,2644.8981439712024,0.046871442706328814,0.9320656136290667,0.05266627276638087,87.9081806153406
2025-07-22,2774.0,2801.300048828125,2730.10009765625,2756.89990234375,221399,0.0,-0.006164418765771451,0.1957447795962984,-0.016479616234924714,446263.25,2646.0125893281433,0.03177391554781073,0.9444321872801038,-0.031492121851543896,79.82483266721593
2025-07-23,2750.0,2755.89990234375,2719.0,2740.39990234375,206170,0.0,-0.005984983345232342,0.1985411360913071,-0.016479616234924714,439020.2,2646.9517665720796,0.03298277478268097,0.9563385248111349,-0.03014480103021017,79.6752769767049
2025-07-24,2740.60009765625,2770.699951171875,2720.0,2727.0,819543,0.0,-0.004889761648396496,0.2020241758348285,-0.016479616234924714,469832.4,2647.7482664071836,-0.005506763837380135,0.9664228080522896,-0.024203842862627747,71.56828238506108
2025-07-25,2719.10009765625,2735.10009765625,2660.0,2685.800048828125,294012,0.0,-0.015108159578978708,0.21267375796528296,-0.016479616234924714,475605.5,2648.1268911078896,-0.021673405071113594,0.9853805009473198,-0.07103913060610736,63.292752706272424
2025-07-28,2629.0,2741.60009765625,2590.800048828125,2692.89990234375,576744,0.0,0.0026434780648405543,0.21089216335449715,-0.016479616234924714,464270.55,2648.572393707251,-0.029235795838590484,0.9873798086294272,0.012534737647172072,61.748978508616354
2025-07-29,2679.39990234375,2750.0,2668.699951171875,2735.60009765625,593468,0.0,0.015856584671170237,0.20990107879026035,-0.016479616234924714,439630.65,2649.4383410102264,-0.007725998564326653,0.9766979446173135,0.07554312730132919,66.83300988720615
2025-07-30,2735.60009765625,2762.0,2712.10009765625,2759.10009765625,375440,0.0,0.00859043689175687,0.2085054176534941,-0.016479616234924714,390237.2,2650.5295027678985,0.006823892854654678,0.9718748523396565,0.04120006365509552,67.6032155172299
2025-07-31,2725.0,2728.0,2652.89990234375,2676.199951171875,388204,4.0,-0.03004608153027699,0.21102807776295246,-0.01720963472833444,400199.3,2650.784930115202,-0.018628547425055042,1.0043326523267573,-0.14237953747667803,52.50908348769277
2025-08-01,2698.10009765625,2698.10009765625,2556.0,2575.800048828125,370249,0.0,-0.03751584492025195,0.25067830236569894,-0.020562367567450578,400722.3,2650.0388118934397,-0.040956138953082366,1.042856569423354,-0.14965732203239995,42.70505011596252
2025-08-04,2578.300048828125,2608.800048828125,2551.0,2579.0,310342,0.0,0.0012423134991905727,0.23764983984817384,-0.020562367567450578,409869.15,2649.331958043754,-0.0422963743452246,1.0411012020162853,0.005227495409672016,40.47521887472816
2025-08-05,2580.0,2585.800048828125,2510.60009765625,2545.10009765625,532752,0.0,-0.01314459183549821,0.24168545658800708,-0.017708777568483193,428140.4,2648.294825104575,-0.06963737139913562,1.0534477631554966,-0.05438718356162203,39.284313638419874
2025-08-06,2540.0,2540.0,2390.0,2400.199951171875,346497,0.0,-0.05693298531472757,0.30737775236478543,-0.030419569699775738,440026.4,2645.8262193938017,-0.13007869732208954,1.1124469051091224,-0.18522154913458394,19.402167852210795
2025-08-07,2397.10009765625,2438.0,2362.10009765625,2425.0,335816,0.0,0.010332492847529906,0.3112239158468195,-0.030419569699775738,449742.85,2643.628943578938,-0.09386441811340651,1.0967134040753865,0.033199545373691575,22.402203865252588
2025-08-08,2430.0,2441.89990234375,2397.89990234375,2428.39990234375,71460,0.0,0.0014020215850516493,0.309907623181284,-0.030419569699775738,440839.35,2641.4873610790855,-0.057224995609203244,1.090502020463819,0.004523998233472103,18.864856062245792
2025-08-11,2448.300048828125,2448.300048828125,2391.10009765625,2416.199951171875,210938,0.0,-0.005023864133786304,0.3073240038474725,-0.030419569699775738,431356.75,2639.245695308865,-0.06312526127496121,1.0911741777986825,-0.01634712520798876,19.03289929566489
2025-08-12,2429.0,2429.0,2381.300048828125,2411.60009765625,117087,0.0,-0.0019037553218200776,0.307346637708034,-0.030419569699775738,390859.3,2636.980564983963,-0.05245373261465769,1.0878565656676096,-0.006194163287665212,19.45373618320467
2025-08-13,2424.89990234375,2425.0,2391.10009765625,2412.300048828125,121774,0.0,0.00029024346638362175,0.30440798568980404,-0.030419569699775738,386924.7,2634.7449379575373,0.005041287352056667,1.0825539752373825,0.0009534686029712041,20.057079216583944
2025-08-14,2432.39990234375,2435.0,2387.0,2399.699951171875,60859,0.0,-0.005223271318330003,0.3042842583135969,-0.030419569699775738,329586.0,2632.406181870118,-0.010433009826030903,1.0811039099838633,-0.017165761960940003,21.21149588013793
2025-08-18,2430.39990234375,2456.10009765625,2395.60009765625,2436.5,377614,0.0,0.01533527089924469,0.2810556266940792,-0.030419569699775738,331377.15,2630.4568666276296,0.0033355699151660367,1.0584383326733402,0.0545631145478028,25.6551600012278
2025-08-19,2428.10009765625,2446.10009765625,2402.199951171875,2425.60009765625,161493,0.0,-0.004473590126718663,0.2800577268655976,-0.017128948022387545,324593.05,2628.4184908169696,0.0038904671278616743,1.0560129037414026,-0.015973813745647675,18.67419943222552
2025-08-20,2443.0,2447.0,2411.300048828125,2421.10009765625,40830,0.0,-0.0018552110071021755,0.2742831793129193,-0.017128948022387545,315564.6,2626.355621233281,0.003939293255640797,1.0510408118484684,-0.00676385239558242,14.480859732325754
2025-08-21,2440.5,2444.39990234375,2393.0,2414.0,195842,0.0,-0.00293259153684855,0.27453360873638966,-0.017128948022387545,315048.2,2624.2426299772287,0.0007047013793748391,1.0473715895152627,-0.010682085313800705,17.224986093205928
2025-08-22,2415.10009765625,2433.39990234375,2388.199951171875,2396.10009765625,175280,0.0,-0.007415038253417605,0.27456687166352367,-0.017128948022387545,282835.05,2621.9725550287617,-0.0015001265111778128,1.0482909392765303,-0.027006309750440292,21.70077332087324
2025-08-25,2404.60009765625,2404.60009765625,2361.0,2367.10009765625,84278,0.0,-0.012103000216212356,0.2752602761822091,-0.017128948022387545,272348.35,2619.436510676797,-0.028483440321670384,1.054401977713286,-0.043969293151867,19.13777702404687
2025-08-26,2376.800048828125,2377.0,2303.0,2324.300048828125,574342,0.0,-0.018081216282531898,0.2766115003265028,-0.01867945954491915,272228.25,2616.4998294643724,-0.04176288124576133,1.0658886459118604,-0.06536682533994861,18.65416247990828
2025-08-28,2324.0,2357.39990234375,2307.39990234375,2318.89990234375,179320,0.0,-0.0023233431015490247,0.27502536037850855,-0.01867945954491915,251520.85,2613.5386361596898,-0.04221229655536962,1.059385969825485,-0.008447741015134286,30.888559572607193
2025-08-29,2332.39990234375,2332.39990234375,2255.10009765625,2289.39990234375,263321,0.0,-0.012721549546051536,0.26270844612635813,-0.01867945954491915,245914.9,2610.3133751266955,-0.05161561626190969,1.0627785079033787,-0.04842459102242486,18.813210988816863
2025-09-01,2302.89990234375,2332.0,2267.0,2323.0,396559,0.0,0.014676377692622422,0.2684252023483325,-0.01867945954491915,246332.65,2607.454535573196,-0.03050794819788749,1.0398041388929993,0.05467585389697688,28.715698535288226
2025-09-02,2342.5,2378.0,2322.0,2360.60009765625,267893,0.0,0.016186008461579915,0.26840147450128027,-0.01867945954491915,241214.85,2604.998272509346,-0.002745975975598114,1.0186837742984862,0.06030521214014637,39.81688573170794
2025-09-03,2379.5,2391.39990234375,2337.5,2363.5,190293,0.0,0.001228459808431337,0.24311466487407524,-0.01867945954491915,235212.4,2602.595304623681,0.01686527141435068,1.0128749807869024,0.005053005578818455,41.13526615745874
2025-09-04,2400.0,2431.800048828125,2330.60009765625,2337.89990234375,123615,0.0,-0.010831435437380965,0.24344841058977698,-0.01867945954491915,214755.55,2599.9615195263686,0.00819354038559239,1.0195346708106212,-0.044491705516678984,37.44091218659659
2025-09-05,2357.10009765625,2357.10009765625,2304.0,2309.10009765625,133849,0.0,-0.01231866456670283,0.24309750508161962,-0.01867945954491915,204123.15,2597.0673760251734,0.008604960318348898,1.0302779931728172,-0.05067375765880148,35.49939002356474
2025-09-08,2305.0,2358.300048828125,2297.300048828125,2320.89990234375,117741,0.0,0.005110131301573562,0.15272313107731345,-0.01867945954491915,193219.4,2594.319440963667,-0.0009040454826733102,1.0227972379887837,0.03346009822431983,29.88863308629928
2025-09-09,2339.5,2350.0,2295.10009765625,2299.800048828125,140929,0.0,-0.00909123805568579,0.14843613117508603,-0.01867945954491915,196692.85,2591.388899748388,-0.02575618330630891,1.0293851495029556,-0.06124679598725443,28.86422869117105
2025-09-10,2320.0,2390.0,2295.89990234375,2383.5,306475,0.0,0.03639444708009498,0.20037383568343686,-0.01867945954491915,201469.7,2589.3203534822355,0.00846202665538387,0.9925508787628488,0.1816327223543596,45.01060014966522
2025-09-11,2383.0,2419.0,2358.300048828125,2411.5,204861,0.0,0.011747430249632984,0.20431691441607852,-0.01867945954491915,205858.4,2587.5509967311687,0.03148128693724894,0.9810242648345169,0.057496119243211026,49.68569248418839
2025-09-12,2414.5,2450.60009765625,2370.0,2388.699951171875,270845,0.0,-0.009454716495179372,0.20685524355167462,-0.01867945954491915,213311.95,2585.5723793624197,0.03447224033138241,0.989894108971532,-0.04570691985261802,49.080955127382516
2025-09-15,2390.0,2419.10009765625,2383.10009765625,2403.60009765625,84132,0.0,0.006237763967410492,0.208118093322897,-0.01867945954491915,214475.6,2583.7617098927067,0.035632814335933016,0.9838387922332488,0.02997223147729993,54.69755467784387
2025-09-16,2409.89990234375,2479.5,2408.10009765625,2466.199951171875,276970,0.0,0.026044204931039205,0.22583401376455012,-0.01867945954491915,209443.4,2582.591941149216,0.07235407375025482,0.9594680323969923,0.1153245401064649,67.3769250592344
2025-09-17,2478.0,2517.0,2460.0,2510.699951171875,198387,0.0,0.018043954618867986,0.22812361903088257,-0.01867945954491915,211288.1,2581.8765979653617,0.05336687693386821,0.9441570292849151,0.07909726272338609,71.43497934245487
2025-09-18,2518.0,2534.800048828125,2491.199951171875,2508.60009765625,178054,0.0,-0.0008363617941063994,0.2272644602756826,-0.01867945954491915,218149.3,2581.147478559301,0.04026543547843664,0.9466913477134227,-0.003680125595927304,76.09529165907927
2025-09-19,2500.60009765625,2550.0,2490.0,2522.699951171875,160221,0.0,0.005620606301019571,0.2272663220497756,-0.01867945954491915,216368.25,2580.56591112261,0.0560974600155455,0.9435545451123051,0.024731363639857364,74.9313753018427
2025-09-22,2525.0,2545.0,2479.89990234375,2536.0,83835,0.0,0.005272148525609088,0.22677370697012672,-0.01867945954491915,211796.0,2580.1224692208925,0.05508399773858108,0.941364353312303,0.02324849897090851,73.31210345429194
2025-09-23,2540.0,2551.800048828125,2475.300048828125,2496.5,68337,0.0,-0.01557570977917977,0.2329239587131829,-0.01867945954491915,210998.95,2579.2904048505357,0.012286128224813009,0.9588503885909023,-0.0668703605954754,66.10952277886085
2025-09-24,2489.0,2489.199951171875,2400.5,2416.300048828125,216496,0.0,-0.03212495540631888,0.257311572038322,-0.030150025224079086,193106.65,2577.6686102632484,-0.03759903779011453,0.9925795417172494,-0.1248484625209542,58.38685125756602
2025-09-25,2416.10009765625,2451.0,2378.199951171875,2386.0,97649,0.0,-0.012539853584334515,0.2527815955438951,-0.030150025224079086,189023.1,2575.7614599123704,-0.048871917756358796,1.0065905280804694,-0.049607460785579156,58.20004246908056
2025-09-26,2385.10009765625,2386.89990234375,2344.0,2352.199951171875,39308,0.0,-0.014165988611955171,0.25823121812758637,-0.030150025224079086,177822.45,2573.536967288087,-0.06758631755663103,1.022389700009684,-0.05485776726026361,53.1880291782814
2025-09-29,2370.0,2370.0,2273.0,2286.300048828125,220889,0.0,-0.02801628420701152,0.2733202119273037,-0.030150025224079086,169038.95,2570.6788884974408,-0.09846212585641756,1.0510562715136709,-0.1025035177033595,48.73996569726662
2025-09-30,2307.39990234375,2322.300048828125,2284.300048828125,2294.800048828125,147091,0.0,0.003717797235037734,0.2685389629614637,-0.030150025224079086,162998.85,2567.933825416154,-0.08079309079586416,1.045729454148683,0.013844535093128742,40.36916413567053
2025-10-01,2270.0,2313.0,2270.0,2305.60009765625,88479,0.0,0.00470631366494878,0.2624563184201133,-0.030150025224079086,157908.15,2565.3235395677966,-0.04581382648465493,1.039575340823729,0.017931797237578487,38.055498634275445
2025-10-03,2315.0,2317.0,2295.0,2302.800048828125,71524,0.0,-0.0012144555471572671,0.26233230545731484,-0.030150025224079086,155303.6,2562.711365530586,-0.03487005497563911,1.0400772815109491,-0.004629454610043558,39.85353861446318
2025-10-06,2309.89990234375,2311.5,2284.0,2296.5,34460,0.0,-0.002735821041575437,0.2600405734094636,-0.030150025224079086,150334.15,2560.062496221824,-0.023679938920211696,1.0426562202332352,-0.01052074643774958,37.08702997081897
2025-10-07,2298.60009765625,2312.0,2274.300048828125,2279.60009765625,171438,0.0,-0.007358982078706777,0.25781192056857255,-0.030150025224079086,153019.0,2557.271825589331,-0.00293047764019827,1.04948013556894,-0.028543993532329736,24.71545026496696
2025-10-08,2281.5,2345.0,2272.89990234375,2284.300048828125,159035,0.0,0.002061743714043107,0.25719361867898544,-0.030150025224079086,153924.3,2554.55568850713,-0.004575562043134029,1.0469815560167681,0.008016309442161413,15.613592972308354
2025-10-09,2294.0,2305.0,2270.199951171875,2275.39990234375,97984,0.0,-0.003896224792772296,0.2556657089175104,-0.030150025224079086,143499.75,2551.778018993067,-0.01309862683611085,1.0487013786853658,-0.015239527650671847,15.297589976884936
2025-10-10,2292.0,2306.699951171875,2277.39990234375,2287.300048828125,68858,0.0,0.005229914298632732,0.21939813785680803,-0.030150025224079086,136699.6,2549.146397399386,-0.00673093610879838,1.040530304849692,0.02383754990514358,14.739410458357767
2025-10-13,2287.199951171875,2287.300048828125,2214.10009765625,2218.199951171875,142559,0.0,-0.03021033366027026,0.23423158075067596,-0.030306064747572692,130285.3,2545.8533979344356,-0.03409538377013932,1.0691011041799865,-0.128976341591887,9.214608566794254
2025-10-14,2238.199951171875,2245.0,2200.0,2232.0,318022,0.0,0.006221282630916258,0.23580863215637657,-0.030306064747572692,141979.8,2542.7304785520037,-0.020880898235260514,1.0586469588741179,0.026382759232338113,13.65763724738494
2025-10-15,2225.0,2232.5,2207.0,2211.89990234375,78536,0.0,-0.009005420096886207,0.23409271544975963,-0.030306064747572692,132058.1,2539.438632022568,-0.03169467448968322,1.0625187004508418,-0.038469457261365976,16.359482363819367
2025-10-16,2215.0,2294.5,2214.800048828125,2274.699951171875,202210,0.0,0.02839190361262789,0.23797876823358702,-0.030306064747572692,132249.25,2536.8044162927104,-0.000307616771519581,1.0279971248783564,0.11930435067937,33.45229390971902
2025-10-17,2280.0,2298.39990234375,2253.60009765625,2268.5,137144,0.0,-0.002725612742322747,0.22452604314597643,-0.030306064747572692,130203.75,2534.134720608206,-0.008219319034141193,1.0255146594149493,-0.01213940522328017,36.443175879147816
2025-10-20,2273.0,2325.0,2262.60009765625,2283.0,223692,0.0,0.00639188891337894,0.22747941702900487,-0.030306064747572692,133377.3,2531.635867666831,0.029212897959848494,1.0137516457837137,0.028098755992399874,49.35871704672606
2025-10-21,2299.0,2329.0,2286.199951171875,2311.5,36071,0.0,0.012483574244415152,0.23246820126008977,-0.030306064747572692,130989.1,2529.44546102338,0.0356182795698925,0.996396282640804,0.05370013464098236,53.011164564902515
2025-10-23,2325.0,2363.60009765625,2300.0,2348.39990234375,217822,0.0,0.015963617713065092,0.24067681126741355,-0.030306064747572692,138463.35,2527.6440126783095,0.06171165334171014,0.9775869093463114,0.06632802290224733,57.053353563517774
2025-10-24,2348.0,2349.300048828125,2319.199951171875,2326.5,104864,0.0,-0.009325457015175953,0.23769492317632634,-0.030306064747572692,132881.75,2525.6425797163365,0.022772255655713503,0.9848592306039115,-0.03923288094769005,53.674408229479106
2025-10-27,2331.89990234375,2347.0,2305.0,2327.5,190402,0.0,0.00042983021706421987,0.2133643325505637,-0.030306064747572692,137519.4,2523.67101175896,0.02600837557857605,0.9831793770139634,0.0020145363181402133,54.88650390265004
2025-10-28,2339.0,2373.0,2315.0,2336.39990234375,145725,0.0,0.003823803370032186,0.2103938485734028,-0.030306064747572692,142840.25,2521.8076176354257,0.02339023317728861,0.9790960850768045,0.018174500890662297,59.184956119509586
2025-10-29,2347.800048828125,2354.39990234375,2321.39990234375,2329.39990234375,68601,0.0,-0.002996062443324843,0.20501975994285868,-0.030306064747572692,135225.85,2519.8931130056576,0.007743847001405957,0.9829634610744828,-0.014613529437477563,57.23913611685572
2025-10-30,2346.300048828125,2349.0,2306.0,2326.60009765625,95329,0.0,-0.0012019424765506992,0.17885594833353421,-0.028125986679674458,132637.75,2517.9697994200915,-0.0092828332456254,0.984829750064902,-0.006720170173527529,58.382483877057595
2025-10-31,2326.60009765625,2344.39990234375,2270.199951171875,2279.800048828125,186483,0.0,-0.020115209689568037,0.19263696408148676,-0.028125986679674458,137537.95,2515.5999511554946,-0.020073050149097327,1.0044806304006795,-0.10442029514572403,48.898030496402754
2025-11-03,2259.89990234375,2321.0,2175.199951171875,2296.89990234375,369951,0.0,0.00750059353863719,0.1937811509955044,-0.028125986679674458,152459.3,2513.423831266821,-0.013147195555853974,0.9968740825726593,0.038706515639109006,63.64898906615952
2025-11-04,2298.0,2372.5,2284.39990234375,2364.300048828125,252932,0.0,0.029343963320125566,0.21887347420923614,-0.02051026341544021,163382.9,2511.9400125360876,0.011941511577871156,0.9698895816916943,0.13406815095095606,69.34778895791565
2025-11-06,2364.300048828125,2364.300048828125,2288.39990234375,2340.800048828125,153013,0.0,-0.00993951677649707,0.22196699283849325,-0.02051026341544021,162461.65,2510.2371273250633,0.004894027201127971,0.9809338410000837,-0.044779253895360395,68.6649739849024
2025-11-07,2338.199951171875,2339.39990234375,2291.0,2321.60009765625,81220,4.0,-0.008202302961112462,0.22238613000033633,-0.02051026341544021,158570.9,2508.3601419552247,-0.0021490586220798136,0.9898496246926948,-0.03688315720170356,57.772659896914405
2025-11-10,2321.10009765625,2346.39990234375,2291.0,2318.60009765625,114804,0.0,-0.0012922122130458735,0.22248082555737755,-0.02051026341544021,159411.9,2506.4719823104588,0.0170190578108238,0.9920619762943738,-0.005808195612932303,58.39198985691429
2025-11-11,2305.0,2349.0,2298.199951171875,2341.5,89352,0.0,0.00987660716778982,0.22392611821073083,-0.02051026341544021,160436.6,2504.8304700486633,0.019417519070265232,0.9835169731692425,0.04410654195072409,59.530809958047065
2025-11-12,2342.0,2386.199951171875,2340.800048828125,2368.800048828125,102408,0.0,0.011659213678464564,0.22638432860151314,-0.02051026341544021,158429.05,2503.476933519106,0.0019033117231590513,0.9753609211134535,0.051501856314307044,59.37195769336118
2025-11-13,2379.800048828125,2395.0,2330.0,2338.300048828125,69203,0.0,-0.012875717397544229,0.20220712609614305,-0.02051026341544021,145988.1,2501.8333824276533,-0.0010680109141537608,0.9903562210335555,-0.0636758803182012,48.31275167386707
2025-11-14,2339.0,2352.39990234375,2320.0,2329.60009765625,37646,0.0,-0.003720630795964408,0.2028897593753074,-0.02051026341544021,143943.6,2500.1196184000773,0.003445899234789218,0.9965809205199474,-0.018338188305009853,50.541786394169726
2025-11-17,2348.39990234375,2375.0,2336.89990234375,2361.800048828125,87309,0.0,0.013822093845321515,0.20253141244315206,-0.02051026341544021,138198.55,2498.7433042749835,0.018631911218990993,0.9848378213907415,0.06824666354773268,55.40499467031625
2025-11-18,2360.0,2360.0,2301.199951171875,2308.60009765625,80740,0.0,-0.022525171509870878,0.1995274715077459,-0.02279972714472791,135378.35,2496.851332069822,-0.014050780415865938,1.0084011613335242,-0.1128925766999992,46.15599628760843
2025-11-19,2290.89990234375,2333.800048828125,2290.89990234375,2317.60009765625,89635,0.0,0.0038984664382268885,0.19938056386670633,-0.02279972714472791,128675.5,2495.067737697548,-0.021614298428102585,1.0052316733892417,0.01955289004651559,48.3773628300592
2025-11-20,2336.0,2336.0,2262.199951171875,2299.699951171875,275808,0.0,-0.007723569956040732,0.200647662277151,-0.02279972714472791,140662.35,2493.1237796226656,-0.016507760702308083,1.0127995266451095,-0.03849319490421152,46.44835620770629
2025-11-21,2305.800048828125,2372.0,2295.199951171875,2319.5,239909,0.0,0.00860984008719723,0.19814698668339997,-0.02279972714472791,141766.7,2491.3961798254254,-0.004335549979763265,1.0035309449689453,0.04345178191599878,55.644008605032546
2025-11-24,2326.0,2348.0,2256.800048828125,2265.0,380797,0.0,-0.023496443198965267,0.2056951920610942,-0.02372243524936758,155563.35,2489.1434815187044,-0.04098570870813345,1.02632010015694,-0.1142294179131437,45.90081027164709
2025-11-25,2272.0,2318.0,2257.5,2304.800048828125,125025,0.0,0.017571765487030877,0.21396980257555645,-0.02372243524936758,152294.5,2487.309218506858,-0.001646040313340924,1.0081048160677746,0.08212263812132836,41.77040109032404
2025-11-26,2323.0,2328.699951171875,2273.0,2313.0,103409,0.0,0.0035577711724035233,0.21438916597536584,-0.02372243524936758,150178.7,2485.5747984222126,-0.0019848539275183485,1.0040250904365273,0.01659491975850649,45.98497214358628
2025-11-27,2320.0,2350.800048828125,2291.0,2300.39990234375,81802,0.0,-0.0054475130377216185,0.2145963481736499,-0.02372243524936758,150838.75,2483.7322621428248,0.0003043663028814425,1.0088941630605581,-0.025384927703728917,46.87865292294181
2025-11-28,2300.0,2324.89990234375,2258.39990234375,2308.89990234375,135265,0.0,0.003695009720414255,0.2149270243962468,-0.02372243524936758,152835.55,2481.992636672187,-0.004569992522634236,1.004796709488822,0.017191926231122742,48.59458233792981
2025-12-01,2322.89990234375,2322.89990234375,2290.10009765625,2300.10009765625,236377,0.0,-0.0038112543027817303,0.21524968676240822,-0.02372243524936758,155330.25,2480.182760662078,0.015496731857064017,1.0090821826495748,-0.017706200566631126,43.746238298151134
2025-12-02,2307.39990234375,2466.0,2297.39990234375,2445.60009765625,1912517,0.0,0.06325811652643343,0.29739777438670045,-0.02372243524936758,232458.55,2479.838654562518,0.061089919231698486,0.9520873992655415,0.2127054061848025,58.548537067271795
2025-12-03,2422.0,2429.89990234375,2390.300048828125,2408.60009765625,447022,0.0,-0.015129211041273294,0.30383605183253587,-0.02372243524936758,242163.05,2479.1298132002667,0.04133164619811924,0.9676326266574468,-0.04979399400460898,57.713414110067845
2025-12-04,2381.0,2420.0,2378.199951171875,2403.800048828125,77893,0.0,-0.001992879113803858,0.2878374672528576,-0.02372243524936758,238407.05,2478.380263306017,0.044948770159060736,0.9708752773344208,-0.0069236262519531706,58.21159174300021
2025-12-05,2395.39990234375,2409.60009765625,2358.800048828125,2383.0,150389,0.0,-0.008652986274072627,0.28725853924681855,-0.02372243524936758,241865.5,2477.431205959688,0.032093248209258185,0.9806378657908885,-0.03012264142097926,52.40689645477761
2025-12-08,2383.0,2387.800048828125,2343.699951171875,2356.699951171875,221495,0.0,-0.011036529092792735,0.28856781274343146,-0.02372243524936758,247200.05,2476.229899941899,0.024607561024539315,0.9923898142792901,-0.03824587574549302,55.81618197823622
2025-12-09,2343.0,2357.0,2307.0,2324.60009765625,55431,0.0,-0.013620678992106394,0.29285944195841646,-0.02372243524936758,245504.0,2474.7211456903005,-0.049476609080920775,1.005729989470215,-0.04650926886949312,50.80164891113546
2025-12-10,2326.0,2332.199951171875,2301.0,2314.800048828125,42649,0.0,-0.004215799886615246,0.2911054578943282,-0.02372243524936758,242516.05,2473.1298909951547,-0.038943803464676185,1.0088214888886382,-0.014482036071358126,51.76197170493774
2025-12-11,2324.89990234375,2327.39990234375,2300.199951171875,2317.199951171875,37081,0.0,0.0010367644259230424,0.2878735822985083,-0.02372243524936758,240909.95,2471.578349305371,-0.03602633159878188,1.0073213689112215,0.003601457214762435,49.72025665447551
2025-12-12,2330.0,2356.0,2310.199951171875,2349.0,39400,0.0,0.013723480708707436,0.28867083090248397,-0.02372243524936758,240997.65,2470.358664237656,-0.014267729752412972,0.9940974976469376,0.04754023879170869,60.813596929715295
2025-12-15,2340.0,2391.800048828125,2337.800048828125,2380.60009765625,47746,0.0,0.013452574566304776,0.2917172672931986,-0.02372243524936758,239019.5,2469.4655441721693,0.010141361641090807,0.9812967019172926,0.046115110805671926,59.968445343901
2025-12-16,2380.199951171875,2396.800048828125,2355.39990234375,2377.10009765625,105414,0.0,-0.0014702175318928035,0.2881613132656675,-0.02372243524936758,240253.2,2468.5464850028566,0.022584529723169267,0.9841823769729932,-0.00510206406339046,58.53529926662465
2025-12-17,2373.0,2418.800048828125,2370.0,2396.60009765625,98368,0.0,0.008203272558537256,0.27670972521709786,-0.02372243524936758,240689.85,2467.8306005516465,0.035337846510560045,0.9778227192370703,0.029645767801054136,62.57848060991438
2025-12-18,2390.60009765625,2390.60009765625,2340.300048828125,2366.699951171875,95449,0.0,-0.012476068290915854,0.28101806658041534,-0.02372243524936758,231671.9,2466.82432543344,0.021361989057079978,0.9915916984964829,-0.04439596357192253,57.157013580833855
2025-12-19,2375.0,2385.5,2348.0,2365.39990234375,108298,0.0,-0.0005493086808411318,0.279258867843393,-0.02372243524936758,225091.35,2465.815127193742,0.0069816527644741555,0.9931069233594098,-0.001967023161745932,58.2386772963578
2025-12-22,2352.5,2361.39990234375,2320.5,2340.0,111185,0.0,-0.010738100698567954,0.2810771385742805,-0.022573735094325597,211610.75,2464.5632353808687,-0.017054564391651317,1.0054893245860042,-0.038203392744786534,30.883413637118366
2025-12-23,2340.199951171875,2348.800048828125,2299.5,2309.89990234375,106481,0.0,-0.012863289596688032,0.27187087235138363,-0.022573735094325597,210683.55,2463.024296743684,-0.02826982144284007,1.0187021566689742,-0.04731396567898242,31.674695873308522
2025-12-24,2310.0,2310.60009765625,2292.0,2299.199951171875,68924,0.0,-0.004632214218901143,0.2657013984510075,-0.022573735094325597,208959.3,2461.39420375292,-0.04064096741864742,1.0231428582653848,-0.01743390916106218,30.995635263946568
2025-12-26,2300.89990234375,2308.0,2290.0,2293.39990234375,36589,0.0,-0.0025226378528621085,0.26551434673008434,-0.02023570778058318,206698.65,2459.7226186642715,-0.03097141603938025,1.0255777927617102,-0.009500947082219598,32.78246915986527
2025-12-29,2293.39990234375,2316.0,2290.0,2307.300048828125,55904,0.0,0.006060934453764322,0.26568271515349745,-0.02023570778058318,202730.6,2458.20597617834,-0.024562380956411167,1.0193646111542414,0.02281267797995761,40.03231556669905
2025-12-30,2309.0,2328.39990234375,2291.800048828125,2309.699951171875,63911,0.0,0.0010401344831456605,0.2654108109783905,-0.02023570778058318,194107.3,2456.7283042877284,-0.01294873881543801,1.0185132525859277,0.003918960347251054,46.58410745896777
2025-12-31,2300.0,2326.89990234375,2292.0,2319.699951171875,92837,0.0,0.004329566701911425,0.2653796661207088,-0.02023570778058318,103123.3,2455.3648380875707,0.004242629223102368,1.0114088252043811,0.016314612954543315,51.12228484304165
2026-01-01,2315.10009765625,2337.89990234375,2305.0,2316.300048828125,23501,0.0,-0.0014656647046237259,0.13561039115306783,-0.02023570778058318,81947.25,2453.981108841208,0.007437412151794165,1.010900984604585,-0.01080790774277987,49.7948241493449
2026-01-02,2310.0,2380.0,2310.0,2368.60009765625,81569,0.0,0.022579133845196386,0.15329188286052386,-0.02023570778058318,82131.05,2453.13154654086,0.03278983104326838,0.9878366570856129,0.14729502926642396,54.08675428669333
2026-01-05,2361.0,2407.0,2328.0,2398.89990234375,145909,0.0,0.01279228381248565,0.1601861667309509,-0.02023570778058318,81907.05,2452.5919281906404,0.039700018019827255,0.9756909803830573,0.07985884970568716,53.83643700980251
2026-01-06,2399.5,2400.800048828125,2375.0,2387.300048828125,59732,0.0,-0.004835488760615569,0.15813525601615452,-0.02023570778058318,73818.9,2451.942257749223,0.03359747988775674,0.9810727409782868,-0.03057818083489102,52.06811781934777
2026-01-07,2387.0,2413.699951171875,2375.89990234375,2397.60009765625,68466,0.0,0.004314517914570937,0.15334190127830394,-0.02023570778058318,74470.65,2451.4015397383478,0.033581992552537354,0.9783804249651497,0.028136586264015023,50.21061505281546
2026-01-08,2397.60009765625,2413.5,2370.699951171875,2375.699951171875,176616,0.0,-0.009134194858343214,0.1487200604682175,-0.015378510973688031,81169.0,2450.648290100871,0.025644303886191988,0.9886812500879932,-0.06141870985930749,51.96163986177752
2026-01-09,2364.0,2384.39990234375,2341.39990234375,2360.10009765625,186141,0.0,-0.006566424142884664,0.14999173388104572,-0.015378510973688031,88622.0,2449.747313061621,-0.0035886176009242154,0.9961251250391797,-0.04377857055980569,48.91263619291594
2026-01-12,2340.0,2418.0,2340.0,2413.39990234375,88855,0.0,0.022583705132011467,0.16765253218000584,-0.015378510973688031,91094.75,2449.3856472833336,0.006044437279701942,0.9754599715172632,0.13470541417596701,63.512519832930074
2026-01-13,2413.5,2427.5,2382.0,2395.89990234375,164064,0.0,-0.007251181200017887,0.16488071111558458,-0.015378510973688031,96910.65,2448.8534508162734,0.0036023345786997396,0.9829041638720771,-0.04397834477527951,66.60234786598781
2026-01-14,2391.39990234375,2433.0,2388.300048828125,2426.5,334361,0.0,0.01277185980362372,0.16424821556233438,-0.015378510973688031,108358.0,2448.6310284200918,0.012053679165262343,0.9715268845462859,0.0777594994399293,72.82183661399652
2026-01-15,2426.5,2426.5,2426.5,2426.5,0,0.0,0.0,0.1640529114555939,-0.015378510973688031,103439.6,2448.410819182081,0.02138319226847929,0.9721429962780755,0.0,74.36841593304062
2026-01-16,2438.5,2454.199951171875,2399.800048828125,2447.39990234375,166001,0.0,0.008613188684834183,0.16428471594239072,-0.015378510973688031,106967.2,2448.400760308068,0.036989873766030135,0.9654899372041638,0.05242842044764738,75.00895587327919
2026-01-19,2445.39990234375,2468.0,2400.39990234375,2431.60009765625,267844,0.0,-0.006455751130973408,0.15928693077306078,-0.015378510973688031,114944.5,2448.233589535413,0.007541309376380312,0.9731246474589836,-0.04052906722699285,70.76668662448712
2026-01-20,2403.0,2428.39990234375,2385.0,2412.10009765625,71552,0.0,-0.008019410765279789,0.16247151564040052,-0.015378510973688031,112962.85,2447.8740523027845,0.006761632778002236,0.9824861725176677,-0.049358869092109174,65.2475857516483
2026-01-21,2401.0,2431.5,2382.0,2417.199951171875,63910,0.0,0.0021142793869044496,0.1567916321525472,-0.015378510973688031,110834.3,2447.5688373661587,-0.0038327009388522404,0.9826328161084334,0.01348464342791566,66.55729584265461
2026-01-22,2436.0,2439.699951171875,2415.0,2426.5,42174,0.0,0.0038474470527836147,0.14780695967455615,-0.015378510973688031,109496.8,2447.359197193361,0.0,0.9814897991174918,0.026030214009900805,61.06229939266404
2026-01-23,2437.0,2437.0,2396.60009765625,2408.39990234375,45883,0.0,-0.007459343769317894,0.14980991161645493,-0.015378510973688031,109961.5,2446.9715425182408,-0.0159352788903242,0.9912535684938965,-0.049792054416898976,51.90381131193921
2026-01-27,2410.0,2475.0,2402.699951171875,2418.199951171875,205686,0.0,0.00406911195212567,0.14889910314070637,-0.015378510973688031,117450.6,2446.6852580272325,-0.0055108348191345025,0.9895294189862903,0.027327979772991996,56.23737156507557
2026-01-28,2420.0,2455.0,2400.699951171875,2410.300048828125,149142,0.0,-0.0032668524122340115,0.14964622319373627,-0.01369610559456474,121712.15,2446.3232161446545,-0.0007462579309515105,0.9948595398836111,-0.021830502128340586,52.58866159326035
2026-01-29,2419.5,2424.199951171875,2348.10009765625,2364.199951171875,106826,0.0,-0.019126289973177224,0.16680811566996245,-0.01532906498786849,122411.6,2445.5060692295024,-0.02192619604112822,1.015199664634502,-0.11466042134553726,47.86641540448738
2026-01-30,2364.0,2380.39990234375,2289.89990234375,2305.800048828125,606036,0.0,-0.024701761081926565,0.18873933590412703,-0.019296234050011907,151538.35,2444.115959573767,-0.049742407241654685,1.0406843380795945,-0.13087764484716502,41.30641604991424
2026-02-02,2290.199951171875,2327.300048828125,2226.10009765625,2293.800048828125,173624,4.0,-0.005204267389142814,0.18949333546839156,-0.019296234050011907,156141.1,2442.6202788698306,-0.04758339900450148,1.0444981882100879,-0.027464116886420753,27.9335864686349
2026-02-03,2522.5,2752.5,2406.800048828125,2571.89990234375,2320342,0.0,0.12123979753932912,0.4580819156574973,-0.019296234050011907,264862.75,2443.906643282506,0.06355965357512772,0.9349197427652489,0.2646683720718961,66.55381199589029
2026-02-04,2487.800048828125,2687.60009765625,2478.0,2663.5,325950,0.0,0.03561573200137991,0.47007830479781115,-0.019296234050011907,278173.65,2446.091651807058,0.10504914161827261,0.9079519401823846,0.07576552859431274,69.99663820686344
2026-02-05,2648.0,2744.89990234375,2570.39990234375,2687.800048828125,511866,0.0,0.009123352291392939,0.4687382524373789,-0.019296234050011907,300343.65,2448.4967104838847,0.1368750970051622,0.9051417315417819,0.019463638927090517,71.17848868565815
2026-02-06,2660.89990234375,2745.0,2591.0,2704.800048828125,178896,0.0,0.00632487524784886,0.468696050463572,-0.019296234050011907,300457.65,2451.0469924574595,0.17304189068899678,0.9055364355595761,0.013494620034982014,70.99512632959657
2026-02-09,2708.0,2724.5,2644.89990234375,2678.60009765625,233651,0.0,-0.009686465061706229,0.46892679577207835,-0.019296234050011907,302833.15,2453.3112024594375,0.1677565788808466,0.9203389476742839,-0.020656667399846472,69.81071851919631
2026-02-10,2678.199951171875,2775.0,2668.0,2716.300048828125,236311,0.0,0.014074497796390695,0.4673381249283968,-0.019296234050011907,310205.95,2455.928006900917,0.05614532134504313,0.9131410219248398,0.030116304971660655,73.70636069340132
2026-02-11,2719.0,2754.300048828125,2651.0,2679.60009765625,100643,0.0,-0.013511007809210218,0.4689986175983039,-0.019296234050011907,307034.9,2458.153599843756,0.006044714719823485,0.9309411558795376,-0.02880820329560188,69.48902000312327
2026-02-12,2679.60009765625,2694.60009765625,2609.0,2641.300048828125,111780,0.0,-0.014293195787544843,0.4720142059843698,-0.01532906498786849,295905.85,2459.975952569969,-0.01730039406029249,0.9485064053059661,-0.030281282434972568,65.2947923370564
2026-02-13,2641.300048828125,2641.300048828125,2571.10009765625,2611.800048828125,200893,0.0,-0.011168742458127157,0.4743597643871367,-0.01532906498786849,305950.5,2461.4866400949263,-0.03438331792410787,0.9627670457461268,-0.02354487682383471,64.25169479102314
2026-02-16,2613.0,2613.0,2548.5,2575.699951171875,130560,0.0,-0.013821922421836108,0.47819656268683064,-0.01532906498786849,304178.45,2462.6230909514134,-0.038415643520065434,0.9787514335217017,-0.02890426910459695,60.64333157304741
2026-02-17,2576.10009765625,2587.0,2520.0,2547.39990234375,114832,0.0,-0.01098732358761323,0.48024411003330986,-0.01532906498786849,296527.85,2463.4666413135265,-0.06218022436705495,0.9918976629624837,-0.02287862178687611,59.01616760131058
2026-02-18,2553.199951171875,2561.300048828125,2519.800048828125,2539.300048828125,71073,0.0,-0.0031796552666005784,0.47962354595356377,-0.014334996550231266,296503.9,2464.2212025823283,-0.05235857729324622,0.9975662421198479,-0.006629481031804089,62.121012379206405
2026-02-19,2535.0,2630.0,2513.699951171875,2534.10009765625,172303,0.0,-0.0020477891828004635,0.47842174149748645,-0.014334996550231266,301923.55,2464.9165149711234,-0.04058605580211794,1.0019197809102673,-0.004280301170234778,67.06023752963091
2026-02-20,2530.0,2539.0,2483.199951171875,2494.800048828125,65423,0.0,-0.015508483214405344,0.48259791492059423,-0.015148174649929897,303086.0,2465.2138635667156,-0.04479669109911233,1.0190716559766257,-0.03213541213828692,64.4313632973757
2026-02-23,2519.60009765625,2535.0,2488.10009765625,2509.0,187765,0.0,0.005691819341812732,0.48273297619148964,-0.015148174649929897,310180.1,2465.6495465163007,-0.02589585450026055,1.0153088967607238,0.011790823301134245,42.72833497533071
2026-02-24,2509.0,2568.699951171875,2475.199951171875,2518.5,544353,0.0,0.0037863690713431097,0.48152428881617804,-0.015148174649929897,327113.45,2466.175421675343,-0.011344862782306175,1.0134703293285934,0.007863298032211157,29.309354952414054
2026-02-25,2518.5,2525.39990234375,2476.199951171875,2517.0,241035,0.0,-0.0005955926146515855,0.48160924437831193,-0.015148174649929897,331708.1,2466.6811388726037,-0.008781966840986866,1.016193890334786,-0.0012366718646642488,23.931604812670173
2026-02-26,2508.10009765625,2508.10009765625,2432.39990234375,2462.39990234375,137623,0.0,-0.02169252985945569,0.4884838568110299,-0.015689373552343937,333247.95,2466.6385395041575,-0.02829414488354831,1.040720484553326,-0.044407873695135665,16.812680867888574
2026-02-27,2464.800048828125,2464.800048828125,2375.0,2383.89990234375,169884,0.0,-0.03187946845079159,0.49717119427580003,-0.019254601967491146,311440.35,2465.815269482661,-0.04445251896498392,1.0766286829760272,-0.06412171134735878,14.706563430697187
2026-03-02,2299.89990234375,2337.39990234375,2275.39990234375,2302.60009765625,146832,0.0,-0.0341036989881871,0.5042725815973648,-0.021842991420579234,310100.75,2464.191237922199,-0.08226381121711834,1.1148331910787843,-0.06762949158144434,5.139873930555481
2026-03-04,2270.0,2281.300048828125,2245.10009765625,2256.800048828125,114580,0.0,-0.019890578861150754,0.5088705716868291,-0.021842991420579234,199812.65,2462.127644000865,-0.10391103878176489,1.1304767665604376,-0.03908769651257199,5.040398474255738
2026-03-05,2260.0,2366.699951171875,2205.5,2308.60009765625,155723,0.0,0.022952874737406592,0.2716888800569565,-0.021842991420579234,191301.3,2460.6000067238047,-0.08279694173371077,1.0974248114377012,0.08448219849032024,15.60885003093992
2026-03-06,2280.0,2283.39990234375,2230.0,2249.699951171875,77512,0.0,-0.02551336047510866,0.23686346987530257,-0.02474234105158567,169583.6,2458.5014987083628,-0.08637912589641672,1.116420001104748,-0.10771335660752869,14.714477803506625
2026-03-09,2220.0,2253.699951171875,2146.800048828125,2242.800048828125,118689,0.0,-0.0030670322680834694,0.22947255574641462,-0.02474234105158567,166573.25,2456.3552156249775,-0.059188665336535995,1.1095550061508677,-0.013365572734619541,15.60240033372095
2026-03-10,2255.89990234375,2280.5,2236.5,2242.39990234375,108794,0.0,-0.0001784138022398185,0.22525234131088948,-0.02474234105158567,160330.4,2454.2263070351146,-0.026144442264975143,1.1000268103957922,-0.0007920618861535204,16.55701753877635
2026-03-11,2245.10009765625,2247.0,2170.10009765625,2175.60009765625,83539,0.0,-0.029789425435525985,0.23673105703910172,-0.025727163723129526,152691.8,2451.4539069417924,-0.03598012646890858,1.1213756688449599,-0.12583656977563304,14.668740458895414
2026-03-12,2162.199951171875,2308.800048828125,2152.10009765625,2280.199951171875,204206,0.0,0.048078621447162684,0.30055140708733197,-0.025727163723129526,157869.95,2449.7498874813955,-0.01230189087889566,1.0611766771070459,0.15996804111954116,29.32745423134743
2026-03-13,2274.800048828125,2296.10009765625,2211.0,2225.699951171875,105894,0.0,-0.023901412668652422,0.30501765655813473,-0.025727163723129526,157575.65,2447.520534881301,-0.010668089310087003,1.0778249786896612,-0.07836074853748493,28.619086186590025
2026-03-16,2193.0,2225.699951171875,2113.39990234375,2165.800048828125,228941,0.0,-0.02691283805447875,0.31104605713156913,-0.027056667423531112,158978.05,2444.717345965349,-0.03433208414643696,1.0973381424233273,-0.08652364038120086,24.577772194617438
2026-03-17,2165.800048828125,2180.89990234375,2139.199951171875,2150.89990234375,118968,0.0,-0.006879742427024715,0.31106322383796253,-0.027056667423531112,158398.45,2441.793789312398,-0.040804496960762604,1.0950649062903586,-0.022116861392267515,22.98646748372886
2026-03-18,2165.0,2185.0,2130.0,2172.199951171875,123075,0.0,0.009902854523781146,0.31724496666337004,-0.027056667423531112,158810.6,2439.111263559756,-0.0015628545374850589,1.0756905694527945,0.031215165730706294,25.37845808742793
2026-03-19,2145.0,2178.199951171875,2098.5,2120.800048828125,102348,0.0,-0.023662601739780187,0.321809386932064,-0.027056667423531112,160374.35,2435.943987791282,-0.0699061072524928,1.091894544099511,-0.07352986570735692,25.494980398821596
2026-03-20,2131.39990234375,2159.89990234375,2090.300048828125,2105.10009765625,128499,0.0,-0.007402843648815605,0.32126258446611844,-0.027056667423531112,158184.15,2432.652008784963,-0.05418513553550952,1.0898484138572502,-0.023042967890855207,28.01955743002125
2026-03-23,2090.0,2094.0,2032.4000244140625,2040.199951171875,106792,0.0,-0.0308299574716816,0.32913322966219605,-0.029841452037333766,160252.6,2428.7470131868226,-0.05799247152303366,1.1133761650439487,-0.09367014253353367,28.763343652801055
2026-03-24,2094.0,2094.199951171875,2015.4000244140625,2057.60009765625,211705,0.0,0.008528647632983555,0.3346126906328084,-0.029841452037333766,161449.6,2425.0540090521904,-0.04337710210774337,1.0929917844595292,0.02548811690905474,33.10146744510185
2026-03-25,2079.0,2229.0,2064.10009765625,2207.800048828125,187325,0.0,0.07299763998989084,0.43716453793897286,-0.029841452037333766,143598.2,2422.8922781046876,0.016388959790301083,1.0115974977300497,0.16697977988846693,42.67228541788048
2026-03-27,2174.800048828125,2180.0,2117.0,2150.5,132801,0.0,-0.02595345935359461,0.44113970926325785,-0.029841452037333766,138186.5,2420.181907178273,0.014004126031723851,1.0300302277994942,-0.05883274214559317,42.77178968591991
2026-03-30,2108.0,2131.800048828125,2045.0,2083.0,336244,0.0,-0.031388049290862585,0.44822934034508294,-0.03085786206264065,148117.55,2416.826863325753,-0.010498359522597256,1.054301492926368,-0.07002676033306954,39.30101509842391
2026-04-01,2172.5,2172.60009765625,2095.10009765625,2127.60009765625,128406,0.0,0.021411472710633594,0.4571464047252027,-0.03085786206264065,146043.65,2413.948985060385,0.04283901018337599,1.0261773450454121,0.046837232057270625,42.74337517021609
2026-04-02,2085.199951171875,2100.0,2018.0,2067.199951171875,194886,0.0,-0.02838886243279992,0.4548633799569145,-0.03085786206264065,148446.35,2410.498745917216,0.004665558446736107,1.0504668457330484,-0.06241184289526789,43.09201507886314
2026-04-06,2067.199951171875,2149.199951171875,2043.9000244140625,2128.10009765625,142315,0.0,0.029460210875997372,0.4593232027249494,-0.03085786206264065,149833.1,2407.6888091185997,-0.03609926144089848,1.0173816621844647,0.06413830187510826,39.7354755489581
2026-04-07,2100.0,2139.89990234375,2076.300048828125,2127.39990234375,84345,0.0,-0.0003290236738728858,0.45543138872532135,-0.03085786206264065,146264.2,2404.8998647725816,-0.01074173339049056,1.0134577906615116,-0.0007224439834270753,42.846752278197734
2026-04-08,2210.0,2245.0,2190.10009765625,2222.699951171875,323695,0.0,0.04479649017710918,0.4765620358336559,-0.03085786206264065,158573.35,2403.0869303088934,0.06706670723565766,0.9693976030128583,0.09399928208455234,53.937704171933554
2026-04-09,2200.0,2248.699951171875,2175.0,2220.89990234375,232676,0.0,-0.000809847873158076,0.4684143990526704,-0.03085786206264065,164272.7,2401.274124060484,0.043852134050133884,0.9696902572177531,-0.0017289132390182589,54.93374070484034
2026-04-10,2247.0,2291.0,2232.10009765625,2268.89990234375,238026,0.0,0.021612860601841977,0.4742800794515137,-0.03085786206264065,170734.3,2399.956967625492,0.09757157311150921,0.9497598352984167,0.04556982484092133,56.56839029805335
2026-04-13,2236.0,2273.39990234375,2214.199951171875,2234.300048828125,134847,0.0,-0.015249616556412993,0.47760162240754916,-0.03085786206264065,173299.7,2398.3086400752695,0.049903644705827865,0.9657812057288198,-0.031929573773734767,57.8896063230092
2026-04-15,2270.0,2364.10009765625,2238.10009765625,2322.10009765625,102416,0.0,0.03929644493100892,0.4827801099128634,-0.03085786206264065,168210.2,2397.5503461208514,0.09152026146941128,0.9301666214223427,0.08139615388078016,63.709865986092645
2026-04-16,2333.0,2360.0,2280.0,2342.39990234375,80523,0.0,0.008742002426161077,0.45551777824619605,-0.03085786206264065,166941.65,2397.0015854862536,0.053853400729489076,0.9245966061700126,0.0191913524602825,70.23297627402235
2026-04-17,2347.89990234375,2365.0,2308.0,2329.800048828125,729753,0.0,-0.005379036048890673,0.44685370544077435,-0.03085786206264065,191982.25,2396.332913479705,0.049034243447645176,0.9331165569738467,-0.012037577092952707,68.34230872092064
2026-04-20,2341.0,2344.0,2272.0,2282.0,168809,0.0,-0.020516803084525748,0.4420635981074234,-0.03085786206264065,194474.3,2395.195272549559,0.005773766239188349,0.9555346208951851,-0.046411427469370145,55.80049338366349
2026-04-21,2275.0,2314.699951171875,2260.0,2304.10009765625,139527,0.0,0.009684530085999121,0.44119063699497163,-0.03085786206264065,195296.9,2394.288852898879,0.0312402306327364,0.9492317692411859,0.021950896175977862,62.70681652950586
2026-04-22,2304.10009765625,2319.89990234375,2288.5,2309.699951171875,63978,0.0,0.0024303863887342736,0.4406139375300496,-0.03085786206264065,193378.4,2393.44717228468,-0.0053400568291137596,0.9510196362128088,0.005515908886584945,70.89399529510695
2026-04-23,2300.0,2311.10009765625,2256.199951171875,2265.39990234375,84308,0.0,-0.01918000162992961,0.4374212746032199,-0.03085786206264065,191168.85,2392.1730700962135,-0.03287226913003016,0.9731548921132035,-0.04384789287820683,62.70746540698841
2026-04-24,2275.0,2284.0,2187.0,2225.39990234375,134893,0.0,-0.017656926690345798,0.44205979321330957,-0.03085786206264065,192573.9,2390.513635591214,-0.044810775301033945,0.9948077164852963,-0.03994239368067063,65.15905866094877
2026-04-27,2249.89990234375,2255.89990234375,2215.5,2223.39990234375,113788,0.0,-0.0008987148772199305,0.42501830126183276,-0.03085786206264065,187678.05,2388.8508123748215,-0.025679271540863247,0.9994310888514234,-0.0021145321352196438,60.293781013579434
2026-04-28,2237.0,2247.60009765625,2185.0,2189.300048828125,83857,0.0,-0.015336806248700152,0.43013425172265773,-0.03085786206264065,182504.65,2386.865232638039,-0.04982424545917108,1.0145754057514949,-0.03565585821338043,56.23616775508582
2026-04-29,2216.0,2247.89990234375,2193.199951171875,2199.89990234375,158595,0.0,0.004841663216194947,0.34792838566440326,-0.03085786206264065,183794.35,2385.004881092822,-0.047538663527448954,1.0108096182465687,0.01391568862020968,47.230310480752685
2026-04-30,2199.89990234375,2199.89990234375,2136.300048828125,2160.800048828125,138178,0.0,-0.017773469362841632,0.3413143745477024,-0.03085786206264065,173891.05,2382.7739872394422,-0.04617279863365731,1.0309005611686481,-0.05207360183894504,43.305862689906405
2026-05-04,2182.5,2215.39990234375,2172.5,2205.0,84821,0.0,0.020455363834264162,0.3273506897351703,-0.03085786206264065,171711.8,2381.0050918440247,-0.009166847865080374,1.011990919740292,0.062487612981468314,42.82183457174339
2026-05-05,2201.10009765625,2227.89990234375,2164.89990234375,2172.0,58790,0.0,-0.014965986394557818,0.3257027070567444,-0.03085786206264065,164907.0,2378.9254391888603,-0.023117704687118046,1.0297789965325737,-0.045949835880400164,42.976307572200874
2026-05-06,2193.5,2238.60009765625,2188.0,2230.300048828125,68805,0.0,0.02684164310687165,0.31863666040851085,-0.03085786206264065,161231.5,2377.4465795832807,0.018727446711539697,1.0051517414462938,0.08423902707889551,38.91301795361775
2026-05-07,2255.0,2283.0,2228.699951171875,2258.39990234375,90321,0.0,0.012599135946030904,0.30666470369985027,-0.03085786206264065,161530.3,2376.262035531146,0.026592119003994164,0.995545552270895,0.04108440059511501,40.042658102459306
2026-05-08,2264.0,2300.0,2237.300048828125,2262.5,154989,0.0,0.0018154878823697373,0.3064604311577272,-0.03085786206264065,153095.0,2375.1300749785973,0.047065877857153104,0.9946209858425414,0.005924052956105199,41.858199793839965
2026-05-11,2250.0,2250.0,2148.5,2181.89990234375,344913,0.0,-0.03562435255524865,0.29504207207405575,-0.03141262024885903,158706.85,2373.2073866936735,-0.010476234764739245,1.0304688945875053,-0.1207432929730577,38.7805216972641
2026-05-12,2181.89990234375,2205.0,2084.10009765625,2110.60009765625,130998,0.0,-0.03267785319157457,0.31513592285375897,-0.031919387687830744,153355.45,2370.5943788425548,-0.028268831649976955,1.0615298429685167,-0.10369446890951327,30.466357041507095
2026-05-13,2114.39990234375,2151.800048828125,2063.699951171875,2105.10009765625,502422,0.0,-0.0026058939379883794,0.3029759559183328,-0.031919387687830744,171734.2,2367.9526447013977,-0.05613592271482004,1.0612345679728246,-0.008600992260524052,29.341672504704263
2026-05-14,2120.0,2197.10009765625,2120.0,2191.10009765625,124061,0.0,0.04085316422518326,0.3358505404350019,-0.031919387687830744,172816.45,2366.1929178651276,-0.029799773112661243,1.0165920740263847,0.12164090299173021,43.08065879175306
2026-05-15,2192.800048828125,2209.10009765625,2132.0,2148.300048828125,39566,0.0,-0.019533589028592035,0.30823160567181157,-0.031919387687830744,170768.6,2364.024829616003,-0.05047511654005521,1.0323278637030984,-0.06337308710534856,42.857149308368875
2026-05-18,2131.199951171875,2148.300048828125,2094.0,2117.10009765625,196600,0.0,-0.014523088238486137,0.30710563889096737,-0.031919387687830744,144110.95,2361.567867108941,-0.02969879810613374,1.042518020231924,-0.04729020221846298,40.657416568400386
2026-05-19,2119.0,2147.89990234375,2105.10009765625,2128.0,129225,0.0,0.005148505900036016,0.30894030514195076,-0.031919387687830744,142131.75,2359.2438087297473,0.00824405455257593,1.0335596815984052,0.01666505032750549,44.38335080744941
2026-05-20,2119.0,2169.89990234375,2107.89990234375,2155.0,316780,0.0,0.012687969924812137,0.30815374444235577,-0.031919387687830744,150994.4,2357.211532025969,0.023704289596160777,1.0171508109320622,0.041174153298156844,46.00605464550213
2026-05-21,2177.0,2220.0,2170.0,2205.39990234375,79073,0.0,0.023387425681554497,0.31848790782565356,-0.031919387687830744,151749.15,2355.700968546544,0.006526312833811776,0.9915412587047195,0.07343269358920304,53.88907219656348
2026-05-22,2211.0,2218.0,2202.300048828125,2208.300048828125,42717,0.0,0.0013150206823229205,0.3183206043797355,-0.031919387687830744,149669.6,2354.234292728451,0.027929059552332713,0.9889462274840448,0.004131120081196462,50.31009674833145
2026-05-25,2229.39990234375,2248.89990234375,2210.10009765625,2219.10009765625,94164,0.0,0.004890661861759238,0.3127714083722004,-0.031919387687830744,147633.15,2352.8896738720114,0.048179110715133255,0.9839912199153434,0.015636537018671293,54.61856310295637
2026-05-26,2216.89990234375,2242.699951171875,2188.0,2202.699951171875,97457,0.0,-0.007390449174282998,0.30778098052243624,-0.031919387687830744,146816.6,2351.395248770518,0.03510336051309926,0.9908476247467514,-0.02401203908577407,47.05127160384684
2026-05-27,2217.0,2234.0,2187.0,2194.699951171875,56430,0.0,-0.003631906377327465,0.3079924942710091,-0.031919387687830744,145445.25,2349.836091580482,0.018422251123839883,0.994582429639231,-0.011792190806473894,42.88904549463164
2026-05-28,2194.699951171875,2194.699951171875,2194.699951171875,2194.699951171875,0,0.0,0.0,0.3031902465476196,-0.031919387687830744,137515.5,2348.2924483923366,-0.00485170565234172,0.9944639635325292,0.0,42.361419390808294
2026-05-29,2201.0,2351.5,2166.0,2205.5,638688,0.0,0.004920968272842163,0.3032053687906294,-0.031919387687830744,162541.0,2346.8716280103235,-0.001267965750220812,0.9906075764069939,0.0162298185225804,53.155093249654506
2026-06-01,2230.0,2240.10009765625,2155.10009765625,2167.699951171875,79759,0.0,-0.017138992894184968,0.3027365816517709,-0.031452539485898184,162287.9,2345.0888252557124,-0.023162608364833304,1.0070212928427273,-0.05661354909451928,58.3847007946
2026-06-02,2160.0,2167.699951171875,2131.0,2150.300048828125,1203331,0.0,-0.008026896127549144,0.29484846804015485,-0.03085786206264065,219514.95,2343.1506284753386,-0.023788942436700156,1.0146653770271203,-0.02722380044456589,56.41315723969516
2026-06-03,2145.0,2216.0,2145.0,2200.39990234375,111771,0.0,0.023299005895911273,0.3017769127819436,-0.03085786206264065,221663.25,2341.7302232401985,0.002597143709248906,0.9908835208177491,0.0772060556557088,51.46916343497415
2026-06-04,2200.39990234375,2205.0,2176.5,2191.89990234375,141678,0.0,-0.003862934183439193,0.2867499748210281,-0.03085786206264065,224231.1,2340.2393742760546,-0.0012758230694039918,0.993209133370357,-0.013471436400773314,57.72499307192302
2026-06-05,2204.0,2236.0,2135.0,2142.0,196497,0.0,-0.022765593579521237,0.29224470243258455,-0.03085786206264065,226306.5,2338.266843188731,-0.028791657220584854,1.0135340814385652,-0.07789907776269123,54.1375723285744
2026-06-08,2134.0,2180.0,2053.5,2094.60009765625,98814,0.0,-0.022128805949463093,0.29961678928445695,-0.03085786206264065,214001.55,2335.8422984570648,-0.03372231174157969,1.0343859978959105,-0.07385702671649579,45.050398319934516
2026-06-09,2096.10009765625,2155.5,2096.10009765625,2127.800048828125,64424,0.0,0.015850257626276232,0.2826476782659756,-0.03085786206264065,210672.85,2333.7722263214537,-0.010463655996409527,1.0186507002663883,0.05607778971594103,46.0419145959334
2026-06-10,2130.0,2149.89990234375,2075.5,2083.199951171875,134815,0.0,-0.020960662013713827,0.26869446980235645,-0.03085786206264065,192292.5,2331.278969852304,-0.05326302325638166,1.0399337813073266,-0.07800927666668797,31.91238401457339
2026-06-11,2079.199951171875,2080.39990234375,1970.0,1974.0,233996,0.0,-0.05241933262836629,0.3234714431234252,-0.031452539485898184,197789.25,2327.723955226908,-0.09941142937720582,1.091963018013472,-0.16205242262402964,23.62079191881341
2026-06-12,2010.0,2027.0,1990.0,2013.0999755859373,158591,0.0,0.019807485099258892,0.29456115251337933,-0.031452539485898184,203740.5,2324.593368364809,-0.06017741569283974,1.0673960657473345,0.06724404850337054,28.19642062174283
2026-06-15,2060.699951171875,2209.5,2050.300048828125,2192.5,1031761,0.0,0.08911630151992145,0.43071089629560677,-0.031452539485898184,245498.55,2323.2790064905325,0.04673918541935285,0.9817765058215151,0.20690514267767088,49.19735939593731
2026-06-16,2195.5,2239.0,2177.300048828125,2230.60009765625,205361,0.0,0.01737746757411629,0.4301081387121561,-0.031452539485898184,249305.35,2322.3568282931765,0.048312833193486115,0.96730695751498,0.04040255369759553,52.69723211922626
2026-06-17,2246.0,2267.10009765625,2220.0,2256.0,131013,0.0,0.011387026464509953,0.4310733047041928,-0.031452539485898184,240017.0,2321.6965613449856,0.08294933413900996,0.9586546958761012,0.02641552162031615,54.43624829943694
2026-06-18,2264.0,2268.699951171875,2218.10009765625,2234.199951171875,57655,0.0,-0.009663142211048359,0.43178133845131006,-0.031452539485898184,238946.1,2320.825948308437,0.13181355175880194,0.9686532287330639,-0.022379711966965674,52.044448283364524
2026-06-19,2229.5,2258.800048828125,2203.0,2243.699951171875,130532,0.0,0.00425208137481925,0.4249083567648788,-0.031452539485898184,243336.85,2320.058525451357,0.1145496887300983,0.965340749026544,0.010007054949737247,55.64133342615214
2026-06-22,2254.0,2265.0,2236.300048828125,2249.0,77685,0.0,0.002362191444251094,0.424928850121837,-0.031452539485898184,242512.9,2319.351475446866,0.025769669327252,0.9637305409392021,0.005559028030183213,57.46031651083241
2026-06-23,2249.0,2260.0,2200.0,2224.300048828125,111094,0.0,-0.01098263724849935,0.4267472314690116,-0.031452539485898184,243194.75,2318.4056901073764,-0.0028243739587139327,0.9749179264719975,-0.025735695937232808,51.878647370143405
2026-06-24,2232.0,2245.0,2206.0,2223.699951171875,61692,0.0,-0.0002697916841597481,0.425811184752376,-0.031452539485898184,243457.85,2317.4633444463266,-0.014317397530197229,0.9758330885925162,-0.0006335946247647184,52.531045141098524
2026-06-25,2247.199951171875,2287.0,2220.0,2233.60009765625,102982,0.0,0.004452105365725156,0.4256750178993049,-0.031452539485898184,248606.95,2316.6288842792615,-0.0002684869433061676,0.9723786281431082,0.010458930108482473,57.78647289004915
2026-06-26,2233.60009765625,2233.60009765625,2233.60009765625,2233.60009765625,0,0.0,0.0,0.4256750178993049,-0.028603311970738655,216672.55,2315.8027271984356,-0.0045014278804748065,0.9730076596713065,0.0,62.8513243827004
2026-06-29,2221.0,2230.699951171875,2160.0,2167.60009765625,73755,0.0,-0.029548709309806576,0.43840665214083463,-0.029705166503894976,216372.35,2314.328074168165,-0.036193820517452235,1.0026319030600923,-0.06740022874085405,53.469318772870004
2026-06-30,2200.0,2208.0,2142.60009765625,2180.39990234375,102008,0.0,0.0059050581799382496,0.4346178806129859,-0.029705166503894976,161306.2,2312.995455543047,-0.01973661175231456,0.9974362965822775,0.013586781187515646,58.970094338030734
2026-07-01,2180.89990234375,2194.0,2153.0,2169.300048828125,60581,0.0,-0.0050907420715317064,0.433999764443058,-0.029705166503894976,158746.7,2311.5656505011075,-0.02446368823954037,1.0018231512788376,-0.011729826537501176,72.00812149186481
2026-07-02,2177.89990234375,2238.0,2174.199951171875,2230.199951171875,102898,0.0,0.02807352647073813,0.43742461861848136,-0.029705166503894976,156807.7,2310.7560415525577,-0.0015222718193569351,0.9753251103268903,0.06417911711876575,73.31901528591128
2026-07-03,2230.5,2270.0,2210.5,2220.39990234375,65691,0.0,-0.004394246723472217,0.4375028288882522,-0.029705166503894976,150267.4,2309.8569754907785,-0.005909829304874714,0.9813952911116492,-0.01004392733687976,54.714415579316075
2026-07-06,2220.0,2240.89990234375,2198.60009765625,2210.699951171875,52810,0.0,-0.0043685604388813415,0.42949553447089767,-0.029705166503894976,147967.2,2308.870338432879,0.01988367391301904,0.9883272490518251,-0.010171375454576694,46.28034303245841
2026-07-07,2204.0,2276.0,2204.0,2255.0,126415,0.0,0.020038924235123767,0.42465046139416673,-0.029705166503894976,151066.75,2308.3343151648905,0.03421395202598432,0.9717317067757414,0.04718921933451323,49.825418910529
2026-07-08,2235.0,2275.0,2157.10009765625,2167.300048828125,376475,0.0,-0.03889133089661867,0.44692102356351493,-0.03282517815975827,163149.75,2306.930989131689,-0.0009219563707106859,1.0129931039540236,-0.08702058747720935,40.505259786262606
2026-07-09,2184.89990234375,2218.300048828125,2152.300048828125,2201.800048828125,246999,0.0,0.015918423486703803,0.44206405059686826,-0.03282517815975827,163799.9,2305.8849101236933,-0.012734240411415576,1.0022935585263877,0.036009313820288824,44.4473993959649
2026-07-10,2220.0,2275.0,2220.0,2252.89990234375,205849,0.0,0.023208217087115735,0.39803310233258493,-0.03282517815975827,166162.8,2305.357696115933,0.01463700298567594,0.9848817517960251,0.058307252256248526,50.460872820022274
2026-07-13,2221.10009765625,2256.89990234375,2191.0,2216.10009765625,159719,0.0,-0.01633441621139764,0.40259163387157626,-0.03282517815975827,122560.7,2304.4695608078764,0.002442731534649134,1.001768832406133,-0.04057316255825766,49.05790884313454
2026-07-14,2224.0,2234.699951171875,2142.800048828125,2165.0,136470,0.0,-0.023058569290391517,0.2738025153847684,-0.03282517815975827,119116.15,2303.0818039839173,-0.039911308203991136,1.0238983844994949,-0.084216057751797,43.95717354250258
2026-07-15,2169.0,2189.800048828125,2122.199951171875,2130.89990234375,99364,0.0,-0.015750622474018483,0.27064285232334057,-0.03282517815975827,117533.7,2301.368551231279,-0.016795157875835853,1.0373481152856168,-0.05819707321599713,39.92936718576872
2026-07-16,2144.89990234375,2166.0,2125.199951171875,2145.0,175213,0.0,0.0066169685590307115,0.2681549521807267,-0.03282517815975827,123411.6,2299.812645248878,-0.025797096724725743,1.0284498834498834,0.02467591315565928,41.54578431934368
2026-07-17,2154.89990234375,2154.89990234375,2058.0,2065.300048828125,314551,4.0,-0.03715615439248254,0.2934354911643302,-0.035700942647110344,132612.55,2297.4791865780253,-0.0832703900073235,1.063818792881681,-0.12662460487926544,40.48724650090468
2026-07-20,2079.0,2081.10009765625,2047.0999755859373,2055.199951171875,187139,0.0,-0.004890377871235141,0.2920697577011099,-0.035700942647110344,138085.25,2295.0684479172673,-0.07260508974957547,1.0643319649721392,-0.016743868801373917,38.29906463433777
2026-07-21,2059.0,2080.0,2020.0,2037.5999755859373,189402,0.0,-0.008563631765319046,0.2915191456800851,-0.035700942647110344,142000.65,2292.506572570687,-0.05884527686561791,1.068943867725049,-0.029375880104142552,37.839325665994075
2026-07-22,2040.0,2054.10009765625,1992.0,2014.699951171875,260388,0.0,-0.011238724326877336,0.2915919306586338,-0.035700942647110344,151935.45,2289.7423275816436,-0.05453092894887657,1.0759071084100975,-0.03854264387929189,28.599801382315846
2026-07-23,2022.0,2030.199951171875,1996.0,2011.4000244140625,130689,0.0,-0.0016379246725514163,0.29137791158251986,-0.035700942647110344,153320.8,2286.9727524257473,-0.062284370902534913,1.0721487366718114,-0.005621306733384557,28.973850166580704
2026-07-24,2002.0,2030.0,1982.0999755859373,2013.5,64236,0.0,0.0010440367706314735,0.29028018966729874,-0.035700942647110344,156532.6,2284.2516305110635,-0.025081125068251886,1.065564931827353,0.003596651689740065,29.85288203868994
2026-07-27,2047.800048828125,2052.0,2005.0,2025.199951171875,177608,0.0,0.005810753003166136,0.2921744099818732,-0.035700942647110344,161725.25,2281.6740018609225,-0.01459711984855483,1.0558932621308732,0.019887959402902694,24.8467439631565
2026-07-28,2036.0,2055.0,2007.0,2013.199951171875,152769,0.0,-0.005925340849952221,0.2777507680785107,-0.035700942647110344,164263.3,2279.0026182719766,-0.01197488452415485,1.0580344908669794,-0.021333300633553324,29.782188799329717
2026-07-29,2023.0,2090.10009765625,2023.0,2081.699951171875,143039,0.0,0.0340254329730767,0.30529378325011425,-0.035700942647110344,168386.2,2277.0394076540656,0.03325557235509358,1.0211149686928374,0.1114514403022963,35.53358947990772
2026-07-30,2220.89990234375,2336.0,2208.0,2306.89990234375,4223176,0.0,0.10818079283957349,0.4882867461747553,-0.035700942647110344,374400.1,2277.336527004212,0.14691253571788598,0.9230959591544642,0.2215517653746401,54.58248509184081
2026-07-31,2329.5,2511.199951171875,2321.0,2473.5,3395027,0.0,0.07221817361342331,0.5378601957354697,-0.035700942647110344,540866.9,2279.288402357404,0.22845790911348396,0.8660379959208232,0.13426941209504842,67.899848035607
2026-08-03,2478.5,2521.89990234375,2442.10009765625,2492.199951171875,541456,0.0,0.007560117716545411,0.5366909061074078,-0.032901768251619966,565299.2,2281.4069252311797,0.23059451474397474,0.8651873947338234,0.014086539364926398,73.82754911352869
2026-08-04,2479.699951171875,2530.0,2412.39990234375,2491.89990234375,275218,4.0,-0.00012039516652095905,0.5358540737795568,-0.029929081563940373,572739.35,2283.501382714887,0.2377806292381568,0.8700449709027943,-0.00022467901274871686,77.65012046419339
2026-08-05,2469.800048828125,2558.0,2420.0,2501.60009765625,169031,0.0,0.0038926905945846357,0.5335294746321921,-0.029929081563940373,562367.15,2285.6715191819653,0.20171021584930915,0.8733530121443757,0.0072961114740794555,77.49845904359674
2026-08-06,2488.0,2521.699951171875,2397.300048828125,2465.699951171875,126576,0.0,-0.014350873474145542,0.5142426208453944,-0.029929081563940373,556346.0,2287.4628468634573,0.06883699143893862,0.8914202940797011,-0.0279068140472004,83.11277503755984
2026-08-07,2430.0,2498.800048828125,2430.0,2466.300048828125,116753,0.0,0.00024337821638220625,0.5135455562032124,-0.029929081563940373,551891.2,2289.242321509872,-0.002910835323175709,0.8955297162482745,0.0004739174717865256,84.54040172269447
2026-08-10,2482.0,2547.0,2475.10009765625,2524.60009765625,441369,0.0,0.023638668318490597,0.5137305477917267,-0.029929081563940373,565973.7,2291.584189929239,0.013000620784516137,0.8809593190521163,0.046013747790478975,88.29819156324061
2026-08-11,2535.800048828125,2554.5,2475.0,2498.89990234375,82830,0.0,-0.010179907438155888,0.5108061768593238,-0.029929081563940373,563291.7,2293.647032838836,0.0028091015989109014,0.8967005744910798,-0.019929099725175092,87.91101680676448
2026-08-12,2498.0,2525.0,2475.0,2496.89990234375,156973,0.0,-0.0008003521862256502,0.5004523128022009,-0.029929081563940373,566172.15,2295.669449450825,-0.001878875571240779,0.9047479139659708,-0.0015992576110831277,88.0903323015509
2026-08-13,2489.0,2529.199951171875,2400.0,2410.0,285779,0.0,-0.03480311816351955,0.5156161342525399,-0.0349207699749677,571700.45,2296.807066869225,-0.022589914537412548,0.9428692854885244,-0.06749811570382788,77.45462387822002
2026-08-14,2410.0,2423.199951171875,2350.10009765625,2363.60009765625,359889,0.0,-0.019253071511929454,0.5231861161357669,-0.0349207699749677,573967.35,2297.471674140738,-0.04164130443928482,0.9676890700490203,-0.03679965991096116,72.35728766619968
2026-08-17,2389.89990234375,2421.199951171875,2365.5,2407.199951171875,192741,0.0,0.01844637490024592,0.501572652698684,-0.0349207699749677,574247.45,2298.5634977927893,-0.04650247244835537,0.9574734244019533,0.03677707393580068,74.98730368954372
2026-08-18,2400.0,2413.0,2372.0,2376.699951171875,54929,0.0,-0.01267032262324197,0.5047620872389614,-0.0349207699749677,567523.8,2299.3409749408397,-0.048901499038541796,0.9768944447965545,-0.025101572983685542,69.65617312374135
2026-08-19,2380.0,2389.5,2347.199951171875,2366.39990234375,96953,0.0,-0.004333760693286615,0.5032864655044053,-0.0349207699749677,559352.05,2300.0082279498242,-0.05226481040649822,0.9885776172022581,-0.008610922216702167,55.55555047535217
2026-08-20,2366.5,2393.39990234375,2345.89990234375,2378.0,105038,0.0,0.004902002254463023,0.4987565752917161,-0.0349207699749677,558069.5,2300.7842654826622,-0.01327800829875514,0.9914634043675095,0.009828446178000652,37.45073882345816
2026-08-21,2379.0,2379.10009765625,2342.0,2350.800048828125,82873,0.0,-0.011438162814076946,0.5023779997832027,-0.0349207699749677,559001.35,2301.281934968687,-0.005415488364896248,1.0101092941575638,-0.02276804038260551,31.825228156188388
2026-08-24,2352.5,2394.60009765625,2331.10009765625,2358.39990234375,124133,0.0,0.0032328795974858604,0.5020582522037522,-0.0349207699749677,556327.6,2301.8502729525185,-0.02027253648138705,1.013918366096253,0.006439251857534112,33.15671190995488
2026-08-25,2379.39990234375,2379.39990234375,2311.0,2366.300048828125,237695,0.0,0.0033497908800470544,0.5022666109247709,-0.0349207699749677,560573.9,2302.4915642547635,-0.004375774206845984,1.0179943078907987,0.006669347992664604,32.851715438751384
2026-08-26,2378.699951171875,2394.199951171875,2315.199951171875,2328.60009765625,200421,0.0,-0.015932024846361026,0.506910886661767,-0.0349207699749677,563443.0,2302.7513506567684,-0.015973548955128813,1.0397770704510174,-0.031429635762972294,32.702518708665096
2026-08-27,2340.199951171875,2393.0,2330.10009765625,2352.10009765625,490664,0.0,0.01009190028964313,0.4977807517497425,-0.0349207699749677,376817.4,2303.242382965221,-0.010891464400231254,1.0303494311205017,0.020273785298911967,36.37882101912353
2026-08-28,2358.0,2360.89990234375,2326.5,2340.10009765625,755064,0.0,-0.005101823690223606,0.33298941886261535,-0.0349207699749677,244819.25,2303.6091263949825,-0.004551621128819017,1.0327827450039384,-0.015321278238921255,25.261457711424313
2026-08-31,2320.0,2371.0,2241.10009765625,2279.199951171875,9682350,0.0,-0.026024590377723644,0.2238340649041726,-0.0349207699749677,701863.95,2303.3662490295787,-0.033582070238879824,1.055705973143888,-0.11626733056110979,23.082574112208732
2026-09-01,2300.89990234375,2352.0,2295.0,2331.800048828125,511138,0.0,0.023078316419410827,0.23964797561804466,-0.0349207699749677,713659.95,2303.649172410659,-0.014579723318302595,1.0284586840843624,0.09630089883665231,32.00350216046003
2026-09-02,2310.199951171875,2338.5,2273.0,2329.10009765625,343301,0.0,-0.001157882800985388,0.23951486924780088,-0.0349207699749677,722373.45,2303.9024154479284,0.00021472128275834557,1.0259477521683977,-0.0048342833840708845,39.198944932776094
2026-09-03,2333.60009765625,2385.0,2305.199951171875,2327.300048828125,435290,0.0,-0.000772851639110006,0.23834019058230071,-0.02981142975249222,737809.15,2304.135227720368,-0.01054378971916925,1.023767870347515,-0.00324264071785546,44.49832785169139
2026-09-04,2330.0,2346.300048828125,2264.0,2284.60009765625,324489,0.0,-0.018347419875394233,0.24105624545711862,-0.02981142975249222,748195.95,2303.9408483167454,-0.02371693418396359,1.0389258144236384,-0.07611260633167036,31.36781723009119
2026-09-07,2273.0,2295.0,2242.60009765625,2287.10009765625,364047,0.0,0.0010942834164127113,0.24124139255005808,-0.02981142975249222,744329.85,2303.773278658432,0.0034661928104697814,1.0325980133138883,0.004536051460675973,35.11631545851998
2026-09-08,2279.39990234375,2305.5,2237.199951171875,2258.0,360643,0.0,-0.012723578511526834,0.22185281193142395,-0.02981142975249222,758220.5,2303.317823149393,-0.0316493898630863,1.040571311768227,-0.05735143867342724,33.05193822213165
2026-09-09,2220.0,2248.5,2191.300048828125,2208.60009765625,491646,0.0,-0.021877724687223155,0.22875036057033946,-0.02981142975249222,774954.15,2302.375358219113,-0.051736720169844985,1.0573190838017135,-0.09564017156639262,26.314337785742296
2026-09-10,2210.0,2234.800048828125,2188.0,2193.0,353459,0.0,-0.0070633419208867565,0.22806588988284276,-0.02981142975249222,778338.15,2301.2870461970324,-0.05770637477352769,1.0598928553298137,-0.030970618249002543,27.196540815135876
2026-09-11,2180.199951171875,2190.10009765625,2156.39990234375,2164.60009765625,177906,0.0,-0.01295025186673504,0.2047368276604429,-0.02981142975249222,769239.0,2299.926977057323,-0.052525603987808145,1.0692021284874855,-0.06325315959120703,23.5823814118325
2026-09-14,2164.60009765625,2164.60009765625,2164.60009765625,2164.60009765625,0,0.0,0.0,0.19864665946263774,-0.02981142975249222,759601.95,2298.5804409438792,-0.0535612761879265,1.063598325416001,0.0,21.900269029010147
2026-09-15,2164.60009765625,2176.300048828125,2117.10009765625,2129.0,166038,0.0,-0.016446500993322788,0.18504458752175754,-0.02981142975249222,765157.4,2296.8930733722987,-0.05713020372010624,1.0755660129186972,-0.08887857961586265,22.02915725528659
2026-09-16,2124.5,2140.0,2100.10009765625,2124.89990234375,151993,0.0,-0.0019258326238844603,0.18373206343497303,-0.02981142975249222,767909.4,2295.181698536194,-0.03789739727048003,1.0719587492057874,-0.010481744356768805,16.33077470103683
2026-09-17,2124.89990234375,2180.0,2120.0,2170.800048828125,216828,0.0,0.021601086448235662,0.20598710621508806,-0.02981142975249222,773498.9,2293.94407018089,-0.01012309674960099,1.0445204500383902,0.10486620156223846,27.201750067167453
2026-09-18,2170.699951171875,2296.0,2166.0,2265.300048828125,616772,0.0,0.043532337329278414,0.26272298775541886,-0.02981142975249222,800193.85,2293.6590550430515,0.046521272580976714,0.9990597250532377,0.16569671365353675,48.28354049529464
2026-09-21,2259.0,2259.0,2200.5,2216.800048828125,180232,0.0,-0.021409967313199774,0.2693382132424926,-0.02646351676701344,802998.8,2292.8942888120573,0.024115286342449638,1.0177237466510234,-0.07949100968830479,35.65370308888511
2026-09-22,2224.0,2231.0,2202.300048828125,2216.89990234375,103064,0.0,4.5043988373238975e-05,0.26868575294696717,-0.02646351676701344,796267.25,2292.1381257626217,0.041286943327266235,1.014308332806559,0.00016764560905346406,35.91158458310149
2026-09-23,2205.0,2225.89990234375,2190.0,2199.60009765625,93041,0.0,-0.007803602079286653,0.26824322969817754,-0.02646351676701344,790898.25,2291.2173493635532,0.035154689042107945,1.0193534935438593,-0.029091514433195506,34.56611477630969
