date,open,high,low,close,volume,dividend,daily_return,rolling_volatility_ann,var_95_threshold,avg_volume_20d,ema_200,qlib_momentum_5d,qlib_mean_reversion_20d,qlib_vol_normalized_return,rsi_14d
2021-12-03,580.0,584.0499877929688,578.0499877929688,581.3499755859375,1202147,0.0,0.004839664423207379,0.16930387175192693,-0.01623769355635721,1932609.95,611.0869634248608,-0.03430236613631643,1.033684567653539,0.028585667222318704,33.66871149073283
2021-12-06,583.0,583.0,566.0,567.2999877929688,1525444,0.0,-0.024167865112246556,0.16682724030589305,-0.020817803529016965,1995034.3,610.6512721250409,-0.051337813055236214,1.0552970404565296,-0.14486761046491242,26.1997439373785
2021-12-07,569.9500122070312,574.6500244140625,567.2000122070312,572.4000244140625,889360,0.0,0.008990017152891161,0.17085121120230556,-0.020576745109403292,1918074.55,610.270662695081,-0.037902323439438446,1.0428895432194787,0.05261898094509988,25.328123676894748
2021-12-08,575.4000244140625,576.8499755859375,572.4500122070312,574.0499877929688,1406874,0.0,0.002882535479615367,0.17050963504809305,-0.020335686689789623,1944605.45,609.9102579696869,-0.003558388959978287,1.0373530379623688,0.016905410123880877,27.620305937382582
2021-12-09,575.5,580.9500122070312,571.5,579.75,1444157,0.0,0.009929470130198847,0.17536779228630306,-0.02009462827017595,1926731.35,609.6101559003368,0.00207417203759519,1.024954719757304,0.05662082777309447,32.05446623464283
2021-12-10,582.0,583.6500244140625,575.5,577.7999877929688,1258379,0.0,-0.0033635398137666916,0.1743903955793498,-0.01985356985056228,1888061.75,609.2936368146914,-0.006106455563863689,1.0265792847013337,-0.019287413218591544,32.05446623464283
2021-12-13,582.9500122070312,583.1500244140625,574.0499877929688,578.9000244140625,1626598,0.0,0.0019038363522567714,0.1722988124849957,-0.01961251143094861,1854184.9,608.9912128107051,0.02044779987784362,1.0225945306851099,0.01104961905600117,28.839969347053525
2021-12-14,578.0,580.4000244140625,573.1500244140625,579.4000244140625,1167762,0.0,0.0008637069941499487,0.17050088767162866,-0.019371453011334937,1829292.8,608.6967731251664,0.012229209820816322,1.0195891872759508,0.005065703500361509,32.94717565848218
2021-12-15,577.5499877929688,578.0499877929688,571.7999877929688,573.2999877929688,929113,0.0,-0.010528195312491717,0.17229740817095815,-0.019130394591721268,1786063.05,608.3445663059406,-0.0013065064296639006,1.0272370694735102,-0.061104776985371645,26.91773032918674
2021-12-16,574.25,575.9000244140625,569.0,570.25,884563,0.0,-0.005320055569354332,0.16651776903963078,-0.018889336172107595,1779170.35,607.9655158949363,-0.01638637343682625,1.0294213053742192,-0.031948874168494484,27.434288554967424
2021-12-17,570.5,572.0,561.5499877929688,564.75,1884521,0.0,-0.009644892590968901,0.1680329001213596,-0.018648277752493923,1831311.95,607.5355107616534,-0.02258564913235117,1.0355511277373146,-0.05739883088380129,26.86154844612099
2021-12-20,562.0,563.6500244140625,550.4000244140625,558.2000122070312,1332911,0.0,-0.011598030620573296,0.16939650203835238,-0.018407219332880254,1698022.35,607.0446102785229,-0.035757490644404255,1.0433491362847656,-0.06846676168838373,25.61383381387664
2021-12-21,559.0,564.7999877929688,557.0,559.0999755859375,641150,0.0,0.0016122596904788455,0.1705227126214818,-0.01816616091326658,1654644.85,606.5675492368057,-0.03503632718803229,1.0369791187924755,0.009454808518731329,35.19164384329795
2021-12-22,560.0999755859375,565.25,558.0,564.0499877929688,912026,0.0,0.008853536796963102,0.1714411169060247,-0.017925102493652912,1607979.7,606.1444889239317,-0.016134659335350188,1.0244304782990012,0.051641849051868166,37.89649900150451
2021-12-23,566.0,571.0,562.7000122070312,569.4500122070312,926683,0.0,0.009573662850684395,0.1731341477547664,-0.01768404407403924,1578378.35,605.7793697526192,-0.001402872061321836,1.0114715705011506,0.055296210608220264,40.480038503037115
2021-12-24,573.9000244140625,573.9000244140625,562.1500244140625,563.7000122070312,418659,0.0,-0.010097462247326328,0.17215281115109293,-0.017442985654425567,1501665.25,605.3606696775388,-0.0018592081327467591,1.0183918508918852,-0.0586540620119383,46.678993679074416
2021-12-27,564.0,564.4000244140625,558.25,561.4500122070312,571197,0.0,-0.003991484745921259,0.17160549755265372,-0.017201927234811898,1473954.1,604.9237477126582,0.005822285791700521,1.0192180727545135,-0.02325965409179278,39.33787292307479
2021-12-28,561.9500122070312,565.25,560.7000122070312,562.4500122070312,394545,0.0,0.0017811024637244266,0.17199273379080077,-0.016960868815198225,1232696.9,604.5011234787713,0.005991838253226467,1.0145168228383143,0.010355683760070877,38.56019828758973
2021-12-29,563.4500122070312,570.2999877929688,561.0,566.5999755859375,1354842,0.0,0.0073783683684562895,0.17534225607655798,-0.016719810395584556,1135119.9,604.1239976290915,0.004520854264967511,1.0062478361388034,0.04207980502108228,36.62256563107293
2021-12-30,566.5999755859375,572.5499877929688,561.75,571.5499877929688,917276,0.0,0.00873634384101818,0.14277098281998482,-0.016478751975970884,1084410.35,603.7998781282346,0.0036877259477061664,0.9969206745850586,0.0611913083215268,44.007672869337966
2021-12-31,573.0,581.25,571.7999877929688,580.0499877929688,1024258,0.0,0.014871840051685847,0.15154349462346703,-0.01623769355635721,1075515.9,603.5635608114658,0.02900474584331314,0.9821998310313663,0.09813578014206023,50.96554447685252
2022-01-03,580.0,584.9000244140625,578.5499877929688,581.1500244140625,1161811,0.0,0.0018964514166774915,0.15074085841232307,-0.01623769355635721,1057334.25,603.340540548805,0.03508774027734285,0.981532268550055,0.01258087097846689,51.454695881650984
2022-01-04,583.0,583.0,570.5,574.0499877929688,3062561,0.0,-0.01221721814130916,0.13095901330743479,-0.01623769355635721,1165994.3,603.0490922626773,0.020624011617351945,0.9938158908310106,-0.09329038834253102,50.61324575539371
2022-01-05,575.0,583.5,573.6500244140625,582.5,1001768,0.0,0.014719993705633039,0.13695378070869632,-0.01623769355635721,1145739.0,602.8446236829492,0.028062169253748825,0.9801244645671271,0.10748146239298177,59.203599433763976
2022-01-06,582.5,583.4500122070312,574.4000244140625,582.5499877929688,1246823,0.0,8.581595359435923e-05,0.13677816492232633,-0.01623769355635721,1135872.3,602.6426870074271,0.019245910655122822,0.9802806831453384,0.00062740969926739,64.56626591123684
2022-01-07,583.0499877929688,590.8499755859375,582.5499877929688,587.5,1492507,0.0,0.008497145842856657,0.13565040594534286,-0.01623769355635721,1147578.7,602.4920135048657,0.012843741684019028,0.9728468095495346,0.06264002792501855,74.62181304882651
2022-01-10,589.0,591.25,586.0499877929688,589.0999755859375,813368,0.0,0.002723362699468046,0.1350086951528817,-0.01623769355635721,1106917.2,602.3587593962196,0.013679688269634838,0.9710703138290896,0.02017175630552233,74.91691303226605
2022-01-11,590.4000244140625,590.7999877929688,584.0,587.5499877929688,815198,0.0,-0.002631111623162208,0.13552102603465743,-0.01623769355635721,1089289.0,602.2114084349932,0.02351711573395021,0.9743256033214428,-0.01941478386048747,70.6866017608433
2022-01-12,590.0999755859375,590.4000244140625,580.5999755859375,582.5,1287352,0.0,-0.008594992592780293,0.13932103615832733,-0.01623769355635721,1107200.95,602.0152750177297,0.0,0.9835622265205874,-0.06169199004587408,61.558888218431946
2022-01-13,582.5,584.8499755859375,577.5499877929688,580.7000122070312,1421440,0.0,-0.0030901077990880266,0.13433668784932173,-0.01623769355635721,1134044.8,601.803182850459,-0.003175651231143717,0.987510737909453,-0.023002707737792057,66.19047601396827
2022-01-14,576.5999755859375,584.2000122070312,571.0499877929688,575.7999877929688,2009075,0.0,-0.008438133823072014,0.13649806054521732,-0.014159290459674156,1140272.5,601.5444445911806,-0.01991491439494686,0.9968739303874842,-0.06181870402539308,63.00994474795791
2022-01-17,575.7999877929688,578.4500122070312,568.9000244140625,569.5999755859375,1486008,0.0,-0.01076764907688832,0.1376000820153773,-0.014159290459674156,1147927.35,601.2265891781932,-0.03310134240050622,1.0087254560117167,-0.07825321131097061,55.923743896967814
2022-01-18,569.5999755859375,571.2999877929688,562.5999755859375,563.9000244140625,1185072,0.0,-0.010006937177291064,0.1359461966546474,-0.014159290459674156,1175123.45,600.855180573575,-0.04025183196368243,1.0193473535594675,-0.07360953588585453,47.819103197998814
2022-01-19,563.9000244140625,569.5999755859375,560.0,568.5499877929688,1103105,0.0,0.008246077633598192,0.1385361146203281,-0.012309486639656175,1184677.4,600.5337358692904,-0.02394851881035409,1.0114062261979795,0.05952294144359372,47.56493399173792
2022-01-20,568.9500122070312,569.0,556.25,559.8499755859375,1007594,0.0,-0.015302106048411868,0.14598955196882735,-0.014124564005257573,1188722.95,600.1289223341325,-0.03590500461994184,1.026266001219722,-0.10481643921693028,33.65694474815986
2022-01-21,555.2000122070312,558.75,547.9000244140625,551.5499877929688,2389963,0.0,-0.014825378503021236,0.1495869423294684,-0.014849214880290767,1287288.15,599.6455498511359,-0.042115318711537064,1.0406082988116652,-0.09910876765754295,28.55067906935598
2022-01-24,552.0,554.3499755859375,541.0,546.0999755859375,2431761,0.0,-0.009881266118488163,0.1494317605263845,-0.014849214880290767,1380316.35,599.1127580674026,-0.04125702424025912,1.0495880210593094,-0.06612560423851414,29.250150148403222
2022-01-25,544.0999755859375,546.1500244140625,536.6500244140625,542.7999877929688,1847960,0.0,-0.006042827212046742,0.15003613002259503,-0.014849214880290767,1452987.1,598.5524319950202,-0.037418045234203334,1.0541589983847273,-0.040275810955525175,18.086750498745758
2022-01-27,541.0,542.0,527.0499877929688,529.0499877929688,2183776,0.0,-0.02533161442377263,0.17042876369564988,-0.015745394001603602,1494433.8,597.8608653860447,-0.06947498170448207,1.078007759615734,-0.14863461066151654,14.756212861107272
2022-01-28,533.25,542.5,531.0999755859375,533.9500122070312,1426419,0.0,0.009261930870660962,0.17197184294154358,-0.015745394001603602,1519890.95,597.2249364986914,-0.04626232831715216,1.0645940262020792,0.05385724880111203,14.700034171905813
2022-01-31,538.0999755859375,541.5,535.2999877929688,536.75,1749168,0.0,0.00524391371655808,0.16943538206248188,-0.015745394001603602,1556136.45,596.6231958370129,-0.026833447775406527,1.0550069751215359,0.030949340941851786,16.028536409017832
2022-02-01,541.1500244140625,550.3499755859375,538.0,546.4500122070312,1500268,0.0,0.018071750735037195,0.17397392027604935,-0.015745394001603602,1573059.3,596.1239601790031,0.0006409753465346224,1.0331045487693171,0.10387619976373609,25.880282152104314
2022-02-02,550.5,562.75,545.0,557.4500122070312,1157446,0.0,0.020129929095568322,0.19080161895204947,-0.015745394001603602,1477803.55,595.7391447762969,0.0269897287095191,1.0112296747021683,0.1055018723169664,36.258914997934745
2022-02-03,549.9500122070312,559.2000122070312,548.6500244140625,556.4500122070312,1798123,0.0,-0.0017938828201669033,0.1870885486295724,-0.015745394001603602,1517621.3,595.3482081338167,0.05179099337733062,1.0107062319695659,-0.009588415418383319,36.57996311279675
2022-02-04,560.0,570.25,556.0,569.0,2712529,0.0,0.022553666129311534,0.19729118572874205,-0.015745394001603602,1590906.6,595.0860369086046,0.0656428260917028,0.9872231910853059,0.11431663762797013,46.53061624574384
2022-02-07,570.0,570.75,559.5999755859375,566.7000122070312,2481096,0.0,-0.0040421578083809084,0.19751182597533315,-0.015745394001603602,1640336.05,594.8035889016237,0.05579881175040757,0.9893947137115201,-0.020465395344133833,48.45910406590923
2022-02-08,566.7000122070312,569.9000244140625,561.25,562.25,820398,0.0,-0.007852500637331117,0.19546668608417977,-0.015745394001603602,1640687.55,594.4796725941449,0.02891387581666427,0.9948377013047466,-0.04017308725548497,49.11145665835561
2022-02-09,564.4000244140625,574.4500122070312,562.0,570.5,1381438,0.0,0.014673188083592636,0.20334326684091555,-0.015745394001603602,1668999.55,594.2410688867404,0.023410148905193884,0.9789570520051628,0.07215969129420552,51.01089259585319
2022-02-10,570.5,571.1500244140625,560.3499755859375,564.5999755859375,2044201,0.0,-0.010341848227979789,0.20564952659846514,-0.015745394001603602,1706842.0,593.9461326349912,0.014646353131670065,0.987601879312108,-0.05028870183244057,52.53603770133445
2022-02-11,562.0,563.75,555.5499877929688,560.8499755859375,1053326,0.0,-0.006641870637894121,0.20494838166684734,-0.015745394001603602,1688436.3,593.6168176394782,-0.014323417247912973,0.9924356233334631,-0.03240752749448639,55.21884613690174
2022-02-14,551.0999755859375,559.9000244140625,546.25,553.0999755859375,1256655,0.0,-0.01381831209300377,0.20917609042878552,-0.015745394001603602,1650815.3,593.213664982229,-0.023998652423048217,1.004289493808755,-0.06606066402747691,53.829320557709224
2022-02-15,552.5,563.9000244140625,550.9000244140625,562.4500122070312,1349136,0.0,0.016904785814153334,0.21794343185899953,-0.015745394001603602,1643971.7,592.9075589844659,0.0003557353615495362,0.9869588128545711,0.0775650126012511,60.08209824378349
2022-02-16,562.4500122070312,566.7000122070312,556.0,561.8499755859375,1053001,0.0,-0.0010668265767107554,0.21505199260482477,-0.015745394001603602,1637368.15,592.5985283038835,-0.015162181269171793,0.9878304138354326,-0.004960784200048276,69.45429706538465
2022-02-17,562.0999755859375,565.0999755859375,553.1500244140625,554.4000244140625,1222505,0.0,-0.013259680511876204,0.2171365505426554,-0.015745394001603602,1643338.15,592.2184436880644,-0.018065801652381475,0.9998285918428236,-0.061066088910768236,61.773174099675366
2022-02-18,551.0,554.7000122070312,545.5,547.7999877929688,1383430,0.0,-0.011904827435873955,0.2178717743932066,-0.015745394001603602,1662129.95,591.7764690025411,-0.02326823279137169,1.010774933691953,-0.054641437251868194,56.09485781571229
2022-02-21,545.4500122070312,554.9000244140625,541.7000122070312,553.5999755859375,1157096,0.0,0.010587783720726884,0.21592522834871017,-0.015745394001603602,1600486.6,591.3966033964058,0.0009039957007235255,1.0003703398674912,0.049034488981913545,54.12101336993286
2022-02-22,542.9000244140625,551.8499755859375,542.2000122070312,550.0499877929688,1465489,0.0,-0.00641255048685907,0.21077153161901285,-0.015745394001603602,1552173.0,590.9851942859239,-0.02204644705296621,1.0071857260842438,-0.03042417604199285,45.33416142212158
2022-02-23,550.0499877929688,551.0,540.5999755859375,543.25,940986,0.0,-0.012362490580634544,0.21239937099370593,-0.015745394001603602,1506824.3,590.5102172283525,-0.033104879227840334,1.0198343248011823,-0.05820398591934166,42.24441442717093
2022-02-24,532.0,539.5499877929688,526.4000244140625,533.7000122070312,3036292,0.0,-0.01757936087062817,0.22004472830177776,-0.015415968789522682,1549450.1,589.9449415564986,-0.03733768271188087,1.038518803619475,-0.07988993968362544,28.50184401519232
2022-02-25,536.0,546.9000244140625,533.4500122070312,544.8499755859375,1284779,0.0,0.020891817732582307,0.21303258028209165,-0.015415968789522682,1542368.1,589.4962354274384,-0.005385199475663627,1.018266534271659,0.09806864623350803,37.987886863763045
2022-02-28,542.7999877929688,570.0999755859375,526.9500122070312,563.3499755859375,7992990,0.0,0.03395430086989526,0.2398685325839293,-0.015415968789522682,1854559.2,589.2360736379708,0.0176119949963518,0.9871882829829839,0.14155378818802283,50.52379783070041
2022-03-02,562.9500122070312,570.0,558.7000122070312,565.25,1871881,0.0,0.0033727247650738867,0.2397024308428725,-0.014849214880290767,1873139.85,588.997406238588,0.027633874273900183,0.9855329403039998,0.014070464836379134,47.339078138230526
2022-03-03,566.2999877929688,570.75,560.0,562.9000244140625,2166986,0.0,-0.004157409263047307,0.23389247356310802,-0.014849214880290767,1923616.85,588.737730797548,0.036171236841348264,0.9901314104531131,-0.017774873308083753,49.106229366044225
2022-03-04,557.0,561.2000122070312,537.0,539.0499877929688,2103625,0.0,-0.042369933534680326,0.2688187030612018,-0.015415968789522682,1938891.95,588.2433253945175,0.01002431227950229,1.0323253993101063,-0.15761526811950025,40.53820069597825
2022-03-07,520.0,527.0,502.0,505.9500122070313,3178030,0.0,-0.0614042785186929,0.33971378249243156,-0.01796697354828539,1962167.0,587.4244864573285,-0.07139573299433988,1.0936307563135705,-0.18075297463838158,33.22662128530632
2022-03-08,506.0,522.7999877929688,505.0,521.5499877929688,2161459,0.0,0.030833037275536324,0.34904232154570053,-0.01796697354828539,1946185.15,586.769018808927,-0.07419896974255269,1.0565909427360205,0.08833609705446091,36.069466988722326
2022-03-09,520.0,533.0499877929688,516.5,528.0999755859375,2952144,0.0,0.012558696091023114,0.3536665837811205,-0.01796697354828539,2052772.45,586.1852472345689,-0.065723174549425,1.0402528260977604,0.03550998684030509,38.952527960577946
2022-03-10,538.9500122070312,547.0,531.5499877929688,545.7000122070312,1658773,0.0,0.033327092283172544,0.3748492653252728,-0.01796697354828539,2066639.2,585.7824090750909,-0.030556069392491447,1.0044300539026427,0.08890798109254232,47.3296457043032
2022-03-11,545.5,549.5499877929688,540.8499755859375,547.5499877929688,1238386,0.0,0.003390096288353517,0.37086346213253407,-0.01796697354828539,2026348.45,585.4019869727812,0.015768481945063195,0.9994795096097351,0.009141089762385687,49.92096101986984
2022-03-14,546.4000244140625,548.4000244140625,532.25,540.5999755859375,3049209,0.0,-0.012692927334442938,0.37164312263613936,-0.01796697354828539,2126142.6,584.9561958147032,0.0684849541316499,1.0104560080567313,-0.03415353660488613,45.91964654561981
2022-03-15,539.8499755859375,558.75,539.7999877929688,556.6500244140625,2726150,0.0,0.029689325847136683,0.38668761332806034,-0.01796697354828539,2199617.35,584.6745423679307,0.06729946782210816,0.981640118138356,0.07677857799433285,51.92084893616782
2022-03-16,563.5,566.0,559.4000244140625,564.7000122070312,1685983,0.0,0.014461488259956967,0.38643005623479204,-0.01796697354828539,2216459.7,584.4757908240412,0.06930512840960712,0.9678457303223233,0.03742329990226556,56.197634661303745
2022-03-17,566.2000122070312,570.7000122070312,555.6500244140625,560.25,1988370,0.0,-0.007880311866187428,0.38332396138204233,-0.01796697354828539,2263228.15,584.2347381790258,0.026662978683329452,0.9753904452445198,-0.020557837376503293,57.90413387946324
2022-03-21,554.5,560.9500122070312,547.0999755859375,549.5499877929688,1119604,0.0,-0.019098638477521246,0.38905852258290674,-0.019410287274833814,2258083.1,583.8896162846372,0.0036526345440377472,0.9939405099631524,-0.049089370565215416,51.40298816431966
2022-03-22,549.0,549.0,531.2999877929688,534.0,2369464,0.0,-0.028295856861754398,0.39851488640273397,-0.02547982654567172,2307384.8,583.3932021922528,-0.01220861243803062,1.0215917522987623,-0.07100326014704096,41.08174810339227
2022-03-23,538.5,538.5,522.0999755859375,522.8499755859375,3708515,0.0,-0.020880195531952195,0.40266431398724034,-0.02547982654567172,2434955.75,582.7907820270159,-0.06072046590441349,1.0404370682391406,-0.05185509191674465,37.80206771925631
2022-03-24,520.9000244140625,530.7999877929688,519.6500244140625,523.75,2528645,0.0,0.0017213817654937458,0.4003622566676704,-0.02547982654567172,2488113.55,582.2033115590854,-0.0725164004282296,1.0361384178289081,0.004299560445147088,38.64229697149776
2022-03-25,526.0,527.1500244140625,517.7000122070312,519.7999877929688,1185395,0.0,-0.007541789416766087,0.4005264157700686,-0.02547982654567172,2500334.0,581.5823829643977,-0.07219993254267065,1.041756461031729,-0.018829692453540194,43.68645756839327
2022-03-28,522.1500244140625,524.1500244140625,512.2000122070312,515.1500244140625,2529886,0.0,-0.00894567812255953,0.39962772321997914,-0.02547982654567172,2475013.7,580.9213644713594,-0.06259660475484485,1.049359353040407,-0.022385028312425184,53.70968045492967
2022-03-29,516.0,523.0,513.6500244140625,515.7999877929688,2072288,0.0,0.0012616972689567518,0.3958158631643408,-0.02547982654567172,2514389.15,580.2733905740621,-0.03408241986335436,1.0452210347175028,0.003187586336217753,47.36359580100661
2022-03-30,518.2999877929688,529.5999755859375,518.25,527.7000122070312,3274773,0.0,0.023071005613980233,0.39742569231958647,-0.02547982654567172,2278478.3,579.7502723813553,0.00927615348104105,1.018272666949423,0.05805111616920006,49.825190900493546
2022-03-31,530.9000244140625,539.0,527.7000122070312,536.2000122070312,2884367,0.0,0.016107636542303627,0.3820339547109852,-0.02547982654567172,2329102.6,579.3169364592228,0.0237709063618734,0.9994218336249066,0.042162838988646756,45.48908085366811
2022-04-01,539.0,545.0,536.25,542.4500122070312,1488872,0.0,0.011656098205359289,0.38458999197367866,-0.02547982654567172,2295196.9,578.9501013920369,0.04357449970368954,0.9860217287176676,0.03030785549687023,47.675491196724394
2022-04-04,542.9000244140625,546.0,534.5999755859375,544.6500244140625,2818537,0.0,0.004055695746194576,0.384974389725814,-0.02547982654567172,2330942.5,578.6088070937486,0.05726487159454896,0.9825529727756208,0.010534975180383732,51.929512080175634
2022-04-05,548.0,553.0,546.2999877929688,548.9500122070312,2471895,0.0,0.007894955660003422,0.3556433632404089,-0.02547982654567172,2295635.75,578.3136947068161,0.06426914540247775,0.978773091652132,0.022199079904313485,45.869092635760516
2022-04-06,548.9500122070312,548.9500122070312,538.5999755859375,541.4500122070312,1813477,0.0,-0.013662446184938726,0.2804001749697937,-0.02547982654567172,2278236.65,577.946891895873,0.02605647087725571,0.9941684175735704,-0.048724811598860114,37.45278252655328
2022-04-07,540.5,556.0,540.5,550.5499877929688,2078365,0.0,0.016806677220016386,0.2669874589922344,-0.02547982654567172,2234547.7,577.674285884899,0.026762355947871352,0.9797747968423356,0.06294931100494916,45.01540927542884
2022-04-08,550.5499877929688,558.0,550.2000122070312,556.9500122070312,974621,0.0,0.011624783500075564,0.26657286025438853,-0.02547982654567172,2200340.1,577.4680742065123,0.02673057364494258,0.9695259728994926,0.043608276749926275,53.97850766823801
2022-04-11,558.5499877929688,558.5499877929688,549.25,552.4000244140625,1472046,0.0,-0.008169472471934225,0.2442665343070314,-0.02547982654567172,2212023.1,577.2186408752441,0.0142293209448352,0.9779507248311203,-0.0334449095151794,61.219526977224284
2022-04-12,552.0,556.9000244140625,548.0999755859375,553.75,1373926,0.0,0.0024438369411179384,0.24415690390741485,-0.02547982654567172,2128258.95,576.9851220605651,0.008743943321306347,0.9767539602585357,0.010009288297462057,71.39892320743176
2022-04-13,553.7999877929688,557.7000122070312,551.0,555.9000244140625,1405005,0.0,0.0038826625987584684,0.2394507097840554,-0.02547982654567172,2062201.7,576.7753200939333,0.026687620059570927,0.972908763699422,0.016214871278148517,71.88566751906387
2022-04-18,550.0,563.8499755859375,549.1500244140625,562.7000122070312,1332556,0.0,0.012232393405875674,0.22037582572639905,-0.02547982654567172,2044530.35,576.6352672791382,0.02206888508483895,0.9609738648703147,0.05550696320926235,78.11275581660644
2022-04-19,567.4500122070312,569.7000122070312,546.0,549.0,3225494,0.0,-0.024346920045899445,0.23041107839996153,-0.02547982654567172,2106386.55,576.3602894952662,-0.01427419343349623,0.9839298825012096,-0.10566731060979404,69.83010256185149
2022-04-20,550.0,556.2999877929688,542.3499755859375,550.2999877929688,1341149,0.0,0.002367919477174407,0.2294231023978377,-0.02547982654567172,2117463.8,576.1009830106663,-0.0038016591750177353,0.981673664322161,0.010321189754710716,70.05813942083559
2022-04-21,552.4500122070312,563.0,550.7999877929688,561.8499755859375,1293680,0.0,0.020988529982148618,0.23105430239365882,-0.02547982654567172,2063674.6,575.9591819417635,0.014627495414785585,0.9639717501235694,0.09083807943125255,69.9357722034336
2022-04-22,557.9500122070312,564.7000122070312,554.0499877929688,559.8499755859375,1804787,0.0,-0.0035596691054657903,0.20583939898884612,-0.02547982654567172,1968488.2,575.7988913312578,0.007105506383163762,0.9707198856330748,-0.017293428517659023,64.93997102933412
2022-04-25,555.5499877929688,559.9000244140625,545.5499877929688,551.2999877929688,1262104,0.0,-0.015271926705043404,0.19866176976106184,-0.02547982654567172,1905161.15,575.5551211467972,-0.02025950624978512,0.9882732010266483,-0.07687400527374484,55.4327690215864
2022-04-26,554.2000122070312,561.5,554.0,559.9000244140625,1950606,0.0,0.015599558881766784,0.20364227421314268,-0.02547982654567172,1943421.7,575.3993490400038,0.01985432498007733,0.9766743733676994,0.07660274948320393,58.67956976310095
2022-04-27,555.2000122070312,561.25,549.7000122070312,559.8499755859375,1704589,0.0,-8.938886576648208e-05,0.20026915847597088,-0.024544366886692193,1902156.85,575.2446289061324,0.01735414865493623,0.9807538215520994,-0.0004463436206717328,56.51911390305688
2022-04-28,564.0,576.8499755859375,560.0499877929688,572.25,2316486,0.0,0.02214883442851745,0.2046133260205592,-0.024544366886692193,1914366.75,575.2148316035839,0.018510322801414292,0.9644342571640181,0.10824726706128271,67.40111093935317
2022-04-29,575.0,575.0999755859375,554.0999755859375,556.7000122070312,3244210,0.0,-0.027173416850972076,0.2330616042355732,-0.027229538851511192,1912838.6,575.0306045449117,-0.0056264419331437665,0.9939778902974497,-0.1165932748732523,53.23855688310413
2022-05-02,552.0,559.4500122070312,549.25,557.2000122070312,1089778,0.0,0.000898149791694447,0.2223011808771846,-0.027229538851511192,1823109.15,574.853185715679,0.010702021666429085,0.9949703724272702,0.004040238327785884,50.1403704225303
2022-05-04,557.7999877929688,565.0,532.2999877929688,538.0499877929688,3409715,0.0,-0.034368312983717564,0.2508409025691403,-0.028599479667852555,1919151.3,574.4869847413237,-0.039024889566597,1.0299740080184576,-0.13701239017077999,43.07765320234989
2022-05-05,540.5,543.4500122070312,523.5999755859375,529.0499877929688,3769187,0.0,-0.01672707035440546,0.25387844310303226,-0.028599479667852555,1966683.8,574.034875318952,-0.05501471668500757,1.046021195310774,-0.06588613625913761,38.903868852284575
2022-05-06,518.2000122070312,526.9000244140625,508.3500061035156,510.7999877929688,3569229,0.0,-0.03449579514429868,0.27804922476454713,-0.03437468709174662,2021550.5,573.405672457997,-0.10738315807257526,1.0796593824766723,-0.12406362194634277,32.29984047792888
2022-05-09,510.7999877929688,513.4000244140625,502.0499877929688,504.5499877929688,1443702,0.0,-0.01223570898465487,0.2769408850806742,-0.03437468709174662,2003061.75,572.7205412673002,-0.09367706712869328,1.0893766950094155,-0.0441816618708138,27.079235426580198
2022-05-10,505.7999877929688,508.7000122070313,499.3500061035156,502.5499877929688,2305275,0.0,-0.003963928348801549,0.27464484237300724,-0.03437468709174662,2014407.25,572.0223268048691,-0.09807972580186675,1.088936447043332,-0.014432924245810963,29.83066529679583
2022-05-11,502.5499877929688,509.9500122070313,494.2000122070313,507.1000061035156,1809222,0.0,0.009053862145194769,0.2687065104178892,-0.03437468709174662,2056137.3,571.3763335640596,-0.057522502354116045,1.074250623756782,0.03369424058305065,31.7567823200077
2022-05-12,507.0,507.1000061035156,495.5,498.3500061035156,2176908,0.0,-0.01725497908634188,0.2664734964437699,-0.03437468709174662,2091380.4,570.6497034400742,-0.05802850845441632,1.0876893554921505,-0.06475307551815833,22.53464570124268
2022-05-13,502.0,512.4500122070312,498.3500061035156,500.7999877929688,2733902,0.0,0.004916186735120176,0.2684502316666165,-0.03437468709174662,2159379.2,569.9546813938343,-0.019577134375447725,1.077081688270488,0.01831321404145167,24.55840932365375
2022-05-16,504.6000061035156,505.9500122070313,495.3999938964844,496.7999877929688,895516,0.0,-0.007987220641973325,0.26747006824257996,-0.03437468709174662,2133904.75,569.2267739948207,-0.015360222351605834,1.0798057723189587,-0.029862109042079,25.560564840816227
2022-05-17,499.4500122070313,503.6499938964844,494.2999877929688,501.8500061035156,2052078,0.0,0.010165093467456643,0.2709668896219186,-0.03437468709174662,2169880.85,568.5563583939123,-0.0013928598277900273,1.0628773293102955,0.037514152029786835,23.11256944020738
2022-05-18,504.25,515.25,502.0,509.7999877929688,3035188,0.0,0.01584135018982824,0.27408215456482343,-0.03437468709174662,2160365.55,567.9717178904203,0.005324357438288185,1.0424578389890624,0.05779781480849181,28.398803603238406
2022-05-19,499.0499877929688,502.8500061035156,489.3500061035156,492.1000061035156,2053355,0.0,-0.03471946275652171,0.2856352016745618,-0.03450697852490983,2195975.85,567.2167754845805,-0.012541386422099787,1.074039804818974,-0.12155176020832928,16.921172933633343
2022-05-20,497.7000122070313,507.3500061035156,496.8500061035156,503.3500061035156,2149292,0.0,0.022861206788185928,0.3007549136806921,-0.03450697852490983,2238756.45,566.5812852419829,0.005091889721852372,1.044223680658149,0.07601274322763008,27.171586053519704
2022-05-23,505.0,513.1500244140625,504.0,506.2999877929688,1572782,0.0,0.005860696639877538,0.2892207238281456,-0.03450697852490983,2227156.2,565.9814713370176,0.01912238372268016,1.0328510947088918,0.02026374998190812,28.667213033306567
2022-05-24,508.6000061035156,508.6000061035156,498.2000122070313,502.1499938964844,2089081,0.0,-0.00819670945396389,0.28941902916411294,-0.03450697852490983,2268505.05,565.3463322580074,0.0005977638523868567,1.0364930862779924,-0.028321251696630804,32.7900245953567
2022-05-25,504.8500061035156,505.0,493.4500122070313,494.4500122070313,1054477,0.0,-0.015334027248918747,0.28944686083526294,-0.03450697852490983,2223698.6,564.6408962375997,-0.030109799830303596,1.0460157418730784,-0.052977001287555885,33.203885348554394
2022-05-26,497.2999877929688,501.5,488.2999877929688,497.8500061035156,2070365,0.0,0.006876314718464727,0.2831293108635162,-0.03450697852490983,2241987.4,563.9763102661163,0.0116846168028506,1.0326453581621018,0.024286833654291445,42.65457080423529
2022-05-27,501.2000122070313,501.3500061035156,495.7000122070313,497.7000122070313,1089096,0.0,-0.00030128330751322263,0.2830799442855229,-0.03450697852490983,2180617.9,563.3168446137872,-0.011224781619099455,1.0254671206674941,-0.0010643046353234157,45.82572709999567
2022-05-30,501.3999938964844,510.5,500.0,510.1000061035156,1594338,0.0,0.024914594318567573,0.2866157125217235,-0.03450697852490983,2098124.3,562.7873238325906,0.007505467908683228,0.9959713626544179,0.08692682348114807,54.08330158948745
2022-05-31,509.7999877929688,526.25,504.1000061035156,519.0,5516299,0.0,0.01744754712800045,0.2853930243866083,-0.03450697852490983,2319450.35,562.3516290680873,0.03355572300771392,0.9752119413460381,0.06113515407094727,56.146697569665086
2022-06-01,519.3499755859375,527.0,515.4000244140625,517.5499877929688,1596876,0.0,-0.00279385781701591,0.28501484038674973,-0.03450697852490983,2228808.4,561.9058415927129,0.0467185256661804,0.9759636933092707,-0.009802499109168509,60.726257631164195
2022-06-02,517.5499877929688,524.9500122070312,512.0499877929688,521.7000122070312,1883760,0.0,0.008018596293972946,0.2639426072475944,-0.03437468709174662,2134537.05,561.5057835888754,0.04790600745429452,0.9674956621986718,0.030380074190334373,61.4583527586495
2022-06-03,521.5,522.9500122070312,512.6500244140625,513.9500122070312,2117973,0.0,-0.014855280465135401,0.26264378331883304,-0.028599479667852555,2061974.25,561.0325918338322,0.032650190077231356,0.9823912598655884,-0.056560561654324056,59.03108639715414
2022-06-06,509.0,513.1500244140625,505.3500061035156,508.6000061035156,3537326,0.0,-0.01040958454411034,0.2361403769084258,-0.028599479667852555,2166655.45,560.5108745628837,-0.00294059984719075,0.9931232694730318,-0.04408218636546543,53.543309278429106
2022-06-07,507.8999938964844,507.8999938964844,496.7000122070313,501.25,1213684,0.0,-0.014451447139817164,0.2376947987556555,-0.028599479667852555,2112075.9,559.921214119472,-0.034200385356454754,1.0075561127698331,-0.06079832881277984,45.48336438013473
2022-06-08,498.0,501.0499877929688,491.5499877929688,494.7999877929688,1415492,0.0,-0.012867854777119603,0.24144051495581131,-0.028599479667852555,2092389.4,559.2732417182133,-0.043957106630442944,1.0194472777986585,-0.053296167987849974,51.618694090237014
2022-06-09,495.0,498.5,488.7000122070313,497.6499938964844,1191289,0.0,0.005759915468526833,0.240041548133955,-0.028599479667852555,2043108.45,558.6600750732209,-0.04609932479933099,1.0135386439990937,0.02399549275260293,46.19999177573917
2022-06-10,496.5,504.75,491.0,502.25,1775867,0.0,0.009243456565725339,0.23462469746479409,-0.028599479667852555,1995206.7,558.0987807938855,-0.02276488360568074,1.0044002003192665,0.0393967739612945,47.35813004853489
2022-06-13,500.75,506.7999877929688,494.3999938964844,497.7999877929688,2658015,0.0,-0.00886015372231197,0.2361876349018669,-0.028599479667852555,2083331.65,557.4987928038266,-0.021234797839048136,1.013479335038018,-0.037513197296976546,47.17348679638213
2022-06-14,499.3999938964844,503.6000061035156,492.0499877929688,495.6499938964844,1325521,0.0,-0.004318991460840693,0.2349987464763857,-0.028599479667852555,2047003.8,556.8833818694252,-0.011172082002026129,1.0172500881848114,-0.018378784320395736,50.84032256575226
2022-06-15,498.5,501.0,493.25,496.2999877929688,1213910,0.0,0.0013113969625513366,0.23215474674181186,-0.028599479667852555,1955939.9,556.2805620278685,0.0030315279648462923,1.0145577521352773,0.005648805051234816,48.87107268236764
2022-06-16,498.2999877929688,501.8500061035156,492.7000122070313,497.0,1778349,0.0,0.0014104618663082213,0.22467442447786742,-0.028599479667852555,1942189.6,555.6907056892828,-0.001306126603951241,1.013621729768258,0.006277803122487286,49.4942112682705
2022-06-17,493.0,494.9500122070313,482.25,484.6000061035156,4334329,0.0,-0.024949685908419283,0.20820780920922055,-0.02753316165760935,2051441.45,554.9833355441509,-0.03514184947035215,1.0376237997558215,-0.11983068648996435,31.575163945878202
2022-06-20,486.5,503.1000061035156,484.6000061035156,500.7999877929688,3139895,0.0,0.03342959448084004,0.22572587641663647,-0.02753316165760935,2129797.1,554.444197755582,0.006026516821144856,1.0035094088352534,0.14809818674999878,38.10457660591928
2022-06-21,501.6499938964844,510.4500122070313,497.8999938964844,505.8999938964844,1819682,0.0,0.010183718506047379,0.22766379928177075,-0.02753316165760935,2116327.15,553.9611708515114,0.020679915517442193,0.9937636010284164,0.04473138940341362,42.73238550736412
2022-06-22,505.5,512.4000244140625,495.1499938964844,498.9500122070313,1766236,0.0,-0.013737856835940532,0.2309809015836661,-0.02753316165760935,2151915.1,553.413796138631,0.0053395617151776875,1.0080568942568235,-0.05947615645704296,36.28692178801453
2022-06-23,500.0,509.0,499.0499877929688,505.1499938964844,1065402,0.0,0.012426057796909085,0.22806881797154097,-0.02753316165760935,2101666.95,552.9335593004008,0.016398378061336816,0.9964070180462407,0.054483806083572464,44.59458286532389
2022-06-24,507.0,514.7000122070312,506.3500061035156,509.75,1581131,0.0,0.009106218270010125,0.22890749636924151,-0.02753316165760935,2126268.7,552.5038721431829,0.05189845971878104,0.9885973486495754,0.039781213008022766,50.71295340453723
2022-06-27,517.5,519.0,512.25,515.7000122070312,664059,0.0,0.011672412372792929,0.2316437296899974,-0.02753316165760935,2079754.75,552.1376645816291,0.02975244564147661,0.9777341222494975,0.05038950065481504,59.1167268400659
2022-06-28,515.7000122070312,515.7000122070312,507.4500122070313,512.0999755859375,1358007,0.0,-0.006980873639476415,0.21744729574417193,-0.02753316165760935,1871840.15,551.7392796164979,0.012255350393860054,0.983933844132818,-0.032103748609741134,61.321977809527304
2022-06-29,507.0,512.9000244140625,498.1000061035156,501.2000122070313,1698999,0.0,-0.021284834795070262,0.22028330799537152,-0.02753316165760935,1876946.3,551.2364013338167,0.00450946977643607,1.0037010904371233,-0.09662481475568427,52.10184661597454
2022-06-30,497.7000122070313,502.8999938964844,495.0,495.9500122070313,1706703,0.0,-0.010474860080073922,0.2224180705453576,-0.02753316165760935,1868093.45,550.6862880091721,-0.018212376127115903,1.0117299857426703,-0.04709536227625969,46.29847841951349
2022-07-01,492.0499877929688,512.7000122070312,492.0499877929688,511.25,1704654,0.0,0.03084985868814094,0.2478943895661435,-0.02753316165760935,1847427.5,550.2938871334591,0.002942618930848351,0.9811882604771546,0.12444758228557536,57.00886862532812
2022-07-04,511.9500122070313,526.9000244140625,511.25,525.0,2119912,0.0,0.02689486552567244,0.26005947204971047,-0.02753316165760935,1776556.8,550.0422066644695,0.018033716449157744,0.9570523768833705,0.10341813078183197,63.64482453961234
2022-07-05,528.0,532.7999877929688,526.0,530.7000122070312,1891633,0.0,0.010857166108630967,0.25858895166929696,-0.02753316165760935,1810454.25,549.8497470181269,0.03632110429181701,0.9495477423835729,0.0419861932177752,65.27532490672573
2022-07-06,530.5999755859375,544.75,521.0999755859375,542.9500122070312,2355807,0.0,0.023082720403671653,0.26089894741275615,-0.02753316165760935,1857470.0,549.7810929404045,0.08330007777963555,0.9325582250871293,0.08847379319785303,68.5058500077746
2022-07-07,542.0999755859375,552.2999877929688,538.0999755859375,543.5499877929688,1624706,0.0,0.0011050291416305758,0.2539539705683402,-0.02753316165760935,1879140.85,549.7190918941614,0.0959773654891396,0.9357511007495012,0.004351296794630109,76.23498455656883
2022-07-08,545.0,548.4500122070312,540.5999755859375,543.9000244140625,759628,0.0,0.0006439823916013498,0.2542792274931807,-0.02753316165760935,1828328.9,549.6611907252051,0.06386312843826403,0.938977712237711,0.002532579529300422,72.33162508733952
2022-07-11,539.0999755859375,547.0,539.0999755859375,545.4000244140625,767902,0.0,0.002757859776924887,0.2537024440310273,-0.02753316165760935,1733823.25,549.6187910604176,0.03885718936011906,0.9407590382721971,0.010870449745778202,71.25943644413232
2022-07-12,539.0499877929688,545.0,539.0499877929688,543.4500122070312,383407,0.0,-0.0035753797575022173,0.2509587212064453,-0.02753316165760935,1686717.55,549.5574101763043,0.024024872256882768,0.9485325085622737,-0.014246883303538124,75.31284836708465
2022-07-13,542.0,548.1500244140625,540.0499877929688,545.2999877929688,1655868,0.0,0.0034041320165298927,0.249033288958658,-0.02753316165760935,1708815.45,549.5150477645299,0.0043281619543300565,0.9498074728612931,0.013669384900591195,74.02751938364271
2022-07-14,545.9000244140625,552.0,544.0499877929688,549.25,1608306,0.0,0.007243741601789422,0.24887216732859868,-0.02753316165760935,1700313.3,549.5124104733405,0.010486638460200481,0.9477332787563653,0.029106273266638154,73.82387705702095
2022-07-15,550.25,555.0,543.4000244140625,548.3499755859375,848018,0.0,-0.001638642538120183,0.24964235910059523,-0.02753316165760935,1525997.75,549.500843957048,0.00818156089746247,0.9551017145052751,-0.006563960052229275,70.96978023215489
2022-07-18,550.0,553.5999755859375,542.1500244140625,550.0999755859375,1156564,0.0,0.0031913925009845467,0.22521087739142728,-0.02753316165760935,1426831.2,549.5068054657933,0.008617438506579145,0.9565443093507284,0.014170684809912206,74.99999986184216
2022-07-19,551.6500244140625,553.4000244140625,545.0999755859375,549.4500122070312,986838,0.0,-0.0011815368255814196,0.20322915580775325,-0.02753316165760935,1385189.0,549.5062403587409,0.011040573861859082,0.9616388941622975,-0.005813815260645742,86.6920150245341
2022-07-20,552.0,560.0,550.2000122070312,558.25,2544134,0.0,0.016015993443372567,0.20626515418574531,-0.02753316165760935,1424083.9,549.5932429422361,0.02374841829622021,0.9517913148694651,0.07764759263444937,94.94949386804306
2022-07-21,558.2000122070312,574.5999755859375,558.0,571.9500122070312,3414847,2.7,0.024540998131717506,0.20558660619121297,-0.02753316165760935,1541556.15,549.8156983578062,0.04132910734097628,0.9348325745779802,0.11937060196998574,94.830133675517
2022-07-22,574.75,577.9000244140625,567.5999755859375,576.2999877929688,2036934,0.0,0.0076055170785851445,0.20454166814404365,-0.02753316165760935,1564346.3,550.0792236258178,0.05097111963425438,0.9335502572044626,0.03718321443138419,93.99656798552999
2022-07-25,570.0,575.7999877929688,564.1500244140625,567.9000244140625,1440874,0.0,-0.014575678564691996,0.21664768381543958,-0.025420617262184197,1603187.05,550.2565450266959,0.03235784333414182,0.9519545328408676,-0.06727825396151643,80.4918436091335
2022-07-26,565.5999755859375,568.0999755859375,556.25,558.25,1549359,0.0,-0.016992470503974788,0.22837196876589314,-0.025420617262184197,1612754.65,550.3360818921019,0.016015993443372567,0.9725436697932994,-0.07440698546205607,63.09931268023445
2022-07-27,555.9000244140625,569.25,555.9000244140625,567.75,1151735,0.0,0.01701746529332726,0.22912079568274346,-0.021468077350737712,1585391.45,550.5093547090959,0.01701746529332726,0.9621312251021715,0.07427289391121827,67.97920981140044
2022-07-28,568.5,577.9000244140625,568.0499877929688,572.7000122070312,1914336,0.0,0.008718647656593914,0.20834504841564555,-0.021468077350737712,1595773.1,550.7301572712644,0.0013113034076279728,0.9605159618067216,0.0418471535773137,70.02781798727598
2022-07-29,573.2000122070312,585.25,571.0499877929688,584.0999755859375,2161611,0.0,0.01990564542678097,0.20377534397245264,-0.0174564718717783,1618620.95,551.0621952644452,0.013534596491733497,0.9480055212732763,0.09768426376759927,73.6552479320797
2022-08-01,584.0999755859375,585.5499877929688,576.5,580.7999877929688,993023,0.0,-0.005649696851396713,0.19078973178386166,-0.0174564718717783,1562276.5,551.358093697565,0.022715201310681277,0.9581956145272501,-0.0296121625752659,72.4594222784788
2022-08-02,580.7999877929688,590.5,575.0,578.25,1291098,0.0,-0.004390474942430167,0.17832347186172956,-0.0174564718717783,1532249.75,551.6256748548032,0.035826242722794444,0.9665326426465224,-0.024620845760708634,69.64820846183514
2022-08-03,578.0,579.3499755859375,565.5999755859375,569.7999877929688,1793491,0.0,-0.014613077746703396,0.18871494007300313,-0.0174564718717783,1504133.95,551.8065137895113,0.0036107226648502966,0.9832222032149397,-0.07743465867993195,61.629885396546406
2022-08-04,572.0,576.0,566.2000122070312,573.9000244140625,2687696,0.0,0.007195571619744268,0.175457214524602,-0.01720708871852956,1557283.45,552.0263497161238,0.002095359143448716,0.9788420932622253,0.04101040375647416,63.95416116314534
2022-08-05,573.9000244140625,582.5499877929688,573.0,579.1500244140625,1455945,0.0,0.009147934791186252,0.1767425907662147,-0.01720708871852956,1592099.3,552.2962370265511,-0.008474493029912322,0.9730121341026056,0.051758516348226834,65.28146819058394
2022-08-08,580.0,587.5,577.5499877929688,586.5,1395495,0.0,0.012690970001034918,0.1795512106452078,-0.01720708871852956,1623478.95,552.6365729765357,0.009814070810661102,0.9643222506393863,0.07068161361103863,68.20639303518021
2022-08-10,588.9500122070312,591.4500122070312,580.9500122070312,584.9500122070312,1222405,0.0,-0.00264277543558189,0.18086224307709647,-0.01720708871852956,1665428.85,552.9580997350482,0.011586705070525394,0.9704248023830996,-0.014612089535649816,64.12699961499905
2022-08-11,588.0,590.0,581.0,582.7000122070312,1222897,0.0,-0.0038464825250805745,0.18099639003312798,-0.01720708871852956,1643780.3,553.2540391626301,0.022639565971260822,0.9773811383040689,-0.021251707350955867,56.472010428875606
2022-08-12,582.0,586.5499877929688,573.25,581.5999755859375,1418557,0.0,-0.0018878266656066067,0.18191644937849313,-0.015416949411671549,1634292.85,553.53608828127,0.013416885945834345,0.9820108734093447,-0.010377437380082349,53.320794770934484
2022-08-16,582.25,587.9000244140625,577.5999755859375,579.5999755859375,1076292,0.0,-0.003438789690431321,0.18263947825668658,-0.015416949411671549,1645706.55,553.7954304435056,0.0007769164342696921,0.9880952797160455,-0.018828292409571096,57.969991224769586
2022-08-17,580.0,586.0,576.2000122070312,584.9500122070312,1524111,0.0,0.009230567367925158,0.18332049704646639,-0.015416949411671549,1664083.9,554.1054262819487,-0.00264277543558189,0.982036908869646,0.05035207198933548,69.31982479209367
2022-08-18,585.75,596.0499877929688,583.6500244140625,594.5999755859375,1777307,0.0,0.016497073557613318,0.18906745772395098,-0.015416949411671549,1703607.35,554.5083571207944,0.016497073557613318,0.9698957680442246,0.08725495589595543,69.38626382069023
2022-08-19,597.7999877929688,602.0,586.0499877929688,587.2000122070312,2461951,0.0,-0.012445280327524566,0.19666428845875875,-0.014962139967077369,1699498.2,554.833647221155,0.007722670166001588,0.9845835977375832,-0.06328184843439894,60.11158277983273
2022-08-22,584.5,591.9000244140625,581.3499755859375,584.2000122070312,1333644,0.0,-0.005108991719404599,0.19295553404302992,-0.014962139967077369,1595438.05,555.1258498578304,0.004470489563680458,0.9906881008507206,-0.02647755857310465,50.07901777264136
2022-08-23,579.2000122070312,591.9500122070312,579.0,588.0999755859375,1186601,0.0,0.006675733134911654,0.1761252308763174,-0.014962139967077369,1552921.4,555.453950611344,0.014665287022151974,0.9851216188587328,0.03790333004909635,55.71204367809137
2022-08-24,585.0,588.5,579.2000122070312,587.0999755859375,1383496,0.0,-0.0017003911605397715,0.17493034434549504,-0.014962139967077369,1550052.5,555.7688364319868,0.0036754651406782912,0.9884347158751502,-0.009720389390976853,57.09701595140791
2022-08-25,588.5,589.5499877929688,578.0,579.7000122070312,1563845,0.0,-0.012604264497747542,0.17284772788442146,-0.014962139967077369,1550776.8,556.0069575839773,-0.025058802540688596,1.0029023390141196,-0.07292120019630033,58.07507021220916
2022-08-26,581.0499877929688,582.5499877929688,567.7999877929688,572.0,2359504,0.0,-0.013282753225613675,0.16839263048583944,-0.014962139967077369,1611165.25,556.1660923343856,-0.025885578833523826,1.016774472323331,-0.07887965404717705,48.5361884368484
2022-08-29,564.9500122070312,580.7999877929688,563.8499755859375,573.0499877929688,2612374,0.0,0.0018356429947006259,0.15835198638571543,-0.014962139967077369,1646067.15,556.3340912941725,-0.019085970867989466,1.0149419934345534,0.011592168312354887,44.975248939260936
2022-08-30,575.0499877929688,586.0,575.0499877929688,583.5999755859375,1784269,0.0,0.0184102399750512,0.1679648101071294,-0.014732047384566965,1627200.05,556.6053936254337,-0.007651760222429083,0.9965516128823091,0.10960771406362947,47.73080674512767
2022-09-01,565.0499877929688,574.5499877929688,565.0499877929688,569.5999755859375,3042496,0.0,-0.02398903458819357,0.17426097548690875,-0.01720708871852956,1729673.7,556.7346929484238,-0.02980752976958423,1.0200623617306126,-0.13766153405574383,39.94757438612621
2022-09-02,571.25,572.5,566.5,570.7000122070312,1659835,0.0,0.0019312441507080003,0.17376647264252093,-0.01720708871852956,1748110.55,556.873651349007,-0.015525271365331217,1.0174347021699404,0.011114019926852233,42.0212713368439
2022-09-05,572.1500244140625,574.0499877929688,568.0499877929688,570.0999755859375,686752,0.0,-0.001051404605325379,0.1732760750471568,-0.01720708871852956,1692773.6,557.0052565652949,-0.0033217210036057265,1.0185318737140703,-0.006067799864241167,42.30253839658671
2022-09-06,571.5499877929688,573.0,568.4000244140625,571.0,562408,0.0,0.0015787133004829812,0.16571235166157522,-0.01720708871852956,1586509.2,557.1445077437496,-0.0035773280457853662,1.0166724958269482,0.009526828805367557,44.15762325930581
2022-09-07,569.9500122070312,574.7000122070312,569.0499877929688,572.3499755859375,485140,0.0,0.002364230448226756,0.16396083006451934,-0.01720708871852956,1537968.95,557.2958059312341,-0.019276902794084116,1.013680470732663,0.014419482403825333,40.94823835842814
2022-09-08,573.8499755859375,573.9000244140625,567.25,570.4000244140625,853719,0.0,-0.0034069210361697966,0.16079726071116382,-0.01720708871852956,1510880.15,557.426196164894,0.0014045801657593948,1.0157345180544852,-0.021187679499172378,30.452351020885715
2022-09-09,577.8499755859375,577.8499755859375,569.5,574.9000244140625,965576,0.0,0.007889200223339055,0.15657269819463604,-0.01720708871852956,1498038.7,557.6000651026967,0.007359404445759221,1.0069098450584033,0.05038681590365011,39.57627065418535
2022-09-12,574.9000244140625,578.5999755859375,568.5499877929688,570.4000244140625,835551,0.0,-0.007827447919464547,0.15831836859811027,-0.01720708871852956,1478671.4,557.7274278819142,0.0005263091404565934,1.013775368805772,-0.04944118294272361,38.59503981561537
2022-09-13,572.9500122070312,573.9000244140625,569.7999877929688,571.0,827907,0.0,0.0010518505614613982,0.15817692567673972,-0.01720708871852956,1449138.9,557.859493276124,0.0,1.011781955057602,0.006649835242800669,35.052456047818836
2022-09-14,567.4000244140625,571.0,565.0,567.0,867842,0.0,-0.007005253940455369,0.15955958402585993,-0.014732047384566965,1438716.4,557.9504435917845,-0.009347385016415077,1.0178086376694775,-0.04390368365640253,33.305654499779806
2022-09-15,569.8499755859375,569.8499755859375,560.2000122070312,563.4500122070312,1225198,0.0,-0.006261001398533916,0.16036453559242642,-0.014732047384566965,1423770.75,558.0051656675582,-0.012184452856871086,1.0223133997323313,-0.03904230436599452,35.581182661876255
2022-09-16,560.25,562.8499755859375,544.0,546.4000244140625,1946975,0.0,-0.030259983003965152,0.18426904807059954,-0.01720708871852956,1432254.15,557.889691625235,-0.04957383682327576,1.0498032107797195,-0.16421630045111293,30.517507840747513
2022-09-19,549.1500244140625,550.7999877929688,540.2999877929688,548.1500244140625,685828,0.0,0.003202781701696633,0.1717117898890402,-0.01720708871852956,1343448.0,557.792779513681,-0.03900771221539845,1.042889674631356,0.01865207693219839,31.250017169198898
2022-09-20,550.7999877929688,560.5499877929688,548.4500122070312,556.7999877929688,812820,0.0,0.015780284582040283,0.18139116896271942,-0.01720708871852956,1317406.8,557.7829009890968,-0.024868672866954933,1.0242277512435858,0.08699587638318146,29.22479594174054
2022-09-21,556.7999877929688,568.7000122070312,554.7000122070312,561.5,1660482,0.0,0.008441114062629707,0.18494161184605945,-0.01720708871852956,1341100.85,557.8198870489068,-0.00970017636684306,1.0132858425829947,0.045642046275856,42.663058994225075
2022-09-22,561.9000244140625,580.0,558.9000244140625,575.6500244140625,2626545,0.0,0.025200399668855678,0.20563928537690654,-0.01720708871852956,1403253.3,557.9973013510477,0.021652341721040802,0.9873837904033844,0.12254661553214845,53.626385702284054
2022-09-23,575.7000122070312,576.8499755859375,567.5499877929688,568.5499877929688,1156625,0.0,-0.012333946529960893,0.2094006199381617,-0.01720708871852956,1382892.3,558.1023032061911,0.04053799851612183,0.9987336452776845,-0.058901191145428945,48.963217929318475
2022-09-26,564.5499877929688,566.7999877929688,555.0999755859375,556.2000122070312,1442609,0.0,-0.021721881718577363,0.21773902447396848,-0.017228941064704916,1337047.55,558.0833749375427,0.014685738273155557,1.019489374319431,-0.09976108221043065,41.41530929711288
2022-09-27,559.0,565.4500122070312,557.0499877929688,560.5,1734629,0.0,0.007731009886005058,0.2160330353063322,-0.017228941064704916,1293160.3,558.1074209580646,0.006645137011761282,1.0105486227506828,0.03578623758713664,43.35390426921809
2022-09-28,558.0499877929688,568.5,555.9500122070312,564.0499877929688,1551538,0.0,0.006333608908061894,0.2173031348252931,-0.017228941064704916,1281523.75,558.1665509763224,0.004541385205643289,1.0024554842640099,0.029146420835989166,46.50135480875776
2022-09-29,566.9000244140625,578.1500244140625,563.9000244140625,575.75,2309452,0.0,0.020742864037301745,0.2200162843145612,-0.017228941064704916,1244871.55,558.3415106681003,0.00017367424945269327,0.9826183324061006,0.09427876286128747,50.433882526001035
2022-09-30,575.75,575.75,568.0999755859375,572.9500122070312,1598546,0.0,-0.004863200682533653,0.2037183536695936,-0.017228941064704916,1241807.1,558.4868688923683,0.007739028244715618,0.9876167079622035,-0.02387217624828939,51.32466974872113
2022-10-03,571.5999755859375,577.8499755859375,555.0,557.1500244140625,1606325,0.0,-0.027576555469658537,0.22534367080522888,-0.021835239362058174,1287785.75,558.4735669572608,0.0017080406080207666,1.0144619627695972,-0.12237554375218429,43.786459499125066
2022-10-04,568.2000122070312,568.2000122070312,552.2000122070312,553.7999877929688,2948474,0.0,-0.006012808892213339,0.22599929211155126,-0.021835239362058174,1407089.05,558.4270636819942,-0.011953634624498166,1.019045718947978,-0.02660543123821449,44.04331507914201
2022-10-06,557.5,557.5,544.5,546.4000244140625,2675443,0.0,-0.013362158797433299,0.22951425677419535,-0.021835239362058174,1516604.2,558.3073916494775,-0.03129148791930225,1.0304721522643885,-0.058219294971233695,42.564329106761065
2022-10-07,537.9000244140625,544.5,534.25,540.1500244140625,3803118,0.0,-0.011438506077488308,0.23118549590534102,-0.021835239362058174,1664074.15,558.1267213287272,-0.06183235012755106,1.0395954526974454,-0.049477609042548755,46.99085141989157
2022-10-10,534.0,537.7999877929688,526.5499877929688,529.0999755859375,3601832,0.0,-0.020457369857775576,0.23928982835675938,-0.021835239362058174,1795886.95,557.837897988003,-0.07653379123281856,1.0569788934398336,-0.08549201252447461,41.58195102334115
2022-10-11,531.75,531.75,517.0,518.9500122070312,6628877,0.0,-0.01918345085475759,0.24147290273771438,-0.021835239362058174,2085553.25,557.4509538508789,-0.06856324245378076,1.0726948511592564,-0.07944348969523747,33.493254417887385
2022-10-12,518.9500122070312,538.8499755859375,518.9500122070312,533.5999755859375,3197008,0.0,0.02823000873745385,0.2666787244371187,-0.021835239362058174,2204008.3,557.2136306840637,-0.036475284673683994,1.0397395619697885,0.10585774226444862,38.80416132045254
2022-10-13,535.0,538.5499877929688,529.25,530.0,2075101,0.0,-0.006746581241845906,0.26654066143052424,-0.021835239362058174,2264371.25,556.9428482891974,-0.030014684628993593,1.043311329967571,-0.025311638954149073,29.98682428136739
2022-10-14,535.0,535.0,527.0,531.3499755859375,1518166,0.0,0.002547123747051794,0.2669698185939314,-0.021835239362058174,2279019.65,556.6881928394138,-0.016291860465379115,1.0376400270721111,0.009540867447332563,32.82545779225268
2022-10-17,531.3499755859375,534.5,527.0,529.9500122070312,757924,0.0,-0.00263472935584963,0.26669902434510967,-0.021835239362058174,2219567.1,556.4221412908329,0.0016065708945693924,1.0388291155021923,-0.00987903597896151,36.517699228979154
2022-10-18,531.5499877929688,533.5,528.7000122070312,531.3499755859375,1247608,0.0,0.002641689492705046,0.2476578805126016,-0.021835239362058174,2247656.1,556.1726670052121,0.0238943310284756,1.034511198375122,0.01066668817713534,34.56851389349305
2022-10-19,532.5499877929688,536.0,525.0499877929688,526.0999755859375,2677154,0.0,-0.009880493537636204,0.24886241063448267,-0.021835239362058174,2340872.8,555.8734362448213,-0.014055472906954969,1.0419169831345274,-0.03970263373813359,30.265171644967765
2022-10-20,525.0,537.5,522.0,535.9500122070312,2273116,0.0,0.018722746774742616,0.251679700274709,-0.021835239362058174,2371504.5,555.6751932195697,0.011226438126473948,1.0203843409723603,0.07439116468429932,28.89711317779829
2022-10-21,536.0,540.0,532.4500122070312,537.9500122070312,1238126,0.0,0.003731691304127427,0.249811408222983,-0.021835239362058174,2302083.55,555.4988232592459,0.012421260796738887,1.0130866939731713,0.014938033380029489,31.28339797731408
2022-10-24,540.3499755859375,541.0,534.5,536.8499755859375,164839,0.0,-0.0020448677314471864,0.22954891892804152,-0.021835239362058174,2252494.25,555.3132625858797,0.013020026832664122,1.0122101583150953,-0.00890819983781413,37.119246319574614
2022-10-25,536.0,538.0,530.75,532.1500244140625,1231137,0.0,-0.008754682659238844,0.22808813032826583,-0.021835239362058174,2241920.65,555.0827826040705,0.001505690909729962,1.0188903025733287,-0.03838289288798204,36.49406965278152
2022-10-27,541.5,551.2999877929688,536.0,549.0499877929688,5098267,0.0,0.03175789270612994,0.2473416376674703,-0.021835239362058174,2410102.55,555.0227547950049,0.04362291061023327,0.9864857678196147,0.12839686727091634,51.47795199416262
2022-10-28,552.5,554.25,546.25,551.0499877929688,2012341,0.0,0.003642655576843623,0.24602919901559706,-0.021835239362058174,2433142.7,554.9832247750842,0.028174223793290265,0.9817258157395057,0.014805785018041076,56.381723346329316
2022-10-31,553.3499755859375,558.5,550.2000122070312,554.7000122070312,1517302,0.0,0.006623762807220768,0.24613567985426402,-0.021835239362058174,2393535.2,554.9804067395812,0.031136722037202524,0.9733684649498994,0.026911021360383258,66.4103182894393
2022-11-01,556.9000244140625,565.0,554.8499755859375,563.7999877929688,1354247,0.0,0.016405219732609444,0.24179881867482514,-0.021835239362058174,2381320.25,555.0681637649881,0.05020026717448767,0.9568464169017371,0.06784656411496286,79.14234890966654
2022-11-02,565.9500122070312,566.4000244140625,558.5,562.25,936356,0.0,-0.0027491802527990217,0.24147160762544065,-0.021835239362058174,2347821.8,555.1396248220528,0.05656295068121042,0.9599377446834009,-0.011385107201556997,72.43546588891712
2022-11-03,562.25,562.5999755859375,554.5,555.9000244140625,807402,2.5,-0.011293864981658519,0.22471734185377867,-0.021835239362058174,2240768.2,555.1471909871475,0.012476162049705142,0.971091878163337,-0.05025809038995495,69.44450539485156
2022-11-04,557.4000244140625,560.4000244140625,554.1500244140625,557.5,620438,0.0,0.0028781714618990595,0.22383481027609248,-0.021835239362058174,2138017.95,555.1706020221013,0.011704949369229611,0.9693004440512893,0.012858461692193087,69.55877451039277
2022-11-07,557.5,563.25,547.6500244140625,553.5999755859375,1295002,0.0,-0.0069955594871076165,0.2199514763887675,-0.021835239362058174,2012612.15,555.1549738983584,-0.0019831198790080107,0.9773437842812857,-0.03180501119570914,67.05118408894745
2022-11-09,555.0,560.3499755859375,549.0,554.1500244140625,883098,0.0,0.0009935853547371476,0.21546688222243823,-0.021835239362058174,1876675.45,555.1449744010023,-0.017115933997589594,0.9786338963568793,0.004611313341408458,66.64237127118713
2022-11-10,551.0,555.8499755859375,548.0,553.9000244140625,927378,0.0,-0.00045114136783508396,0.2006405408921403,-0.021835239362058174,1591600.5,555.1325868389432,-0.014851001486771875,0.9822305004309596,-0.002248505428384749,71.88980206837287
2022-11-11,556.7000122070312,559.5,550.2000122070312,553.0999755859375,1331351,0.0,-0.0014443921156553907,0.18560010706555788,-0.021835239362058174,1498317.65,555.1123618513511,-0.005036964751128359,0.9854140701987091,-0.00778228019729751,65.74835569329426
2022-11-14,555.4500122070312,568.0,550.2999877929688,553.2000122070312,2173335,0.0,0.00018086535076733412,0.16164237836964013,-0.021835239362058174,1503229.35,555.0933334966813,-0.007712982588284789,0.9873327670406633,0.0011189227812802133,64.50997683108736
2022-11-15,555.2000122070312,556.0,542.0,550.75,1939642,0.0,-0.004428799987289844,0.16029784178335485,-0.021835239362058174,1524303.15,555.0501162479582,-0.005148077513769889,0.9934861552428507,-0.027628567307785505,62.894265252254726
2022-11-16,549.0499877929688,551.0,544.2000122070312,550.0499877929688,2344384,0.0,-0.001271016263334035,0.16064245902931262,-0.021835239362058174,1603626.15,555.000363726018,-0.00739878451765652,0.9965776037533877,-0.007912081226180053,67.9358041449669
2022-11-17,548.25,553.7999877929688,545.6500244140625,551.9000244140625,2201076,0.0,0.0033633972587052696,0.15994696164635017,-0.021835239362058174,1651299.55,554.9695145786354,-0.0036107599058434747,0.9950987079657566,0.021028202185296073,54.088986358543295
2022-11-18,551.9000244140625,551.9500122070312,543.0,548.5,1143913,0.0,-0.006160580292911222,0.16237770627628303,-0.021835239362058174,1574637.5,554.905141299246,-0.008316716306241756,1.0033090290636395,-0.03793981362830042,46.482793044518615
2022-11-21,547.4500122070312,551.9500122070312,544.2000122070312,550.7999877929688,1022010,0.0,0.004193232074692244,0.15711394149331337,-0.021835239362058174,1512082.2,554.8642940006761,-0.004338438830627345,1.0004675262045053,0.02668911344178562,44.41259574631896
2022-11-22,548.4500122070312,548.9000244140625,540.5499877929688,546.4500122070312,1710541,0.0,-0.007897559336135118,0.14875089873905975,-0.021835239362058174,1535702.95,554.7805698037245,-0.007807513014922884,1.0092094224563128,-0.05309251152199071,21.227377528056792
2022-11-23,546.0999755859375,552.5,544.0,551.4000244140625,1450395,0.0,0.009058490431794297,0.1511245403212038,-0.021835239362058174,1599980.75,554.7469325361657,0.0024543889665566976,1.0014689503304022,0.059940561692598336,33.83022293164022
2022-11-24,553.0,557.0,550.5,553.5999755859375,1285517,0.0,0.003989755303715814,0.15092791081582949,-0.021835239362058174,1602699.75,554.7355200291983,0.0030801795554906697,0.9994265274941562,0.026434839108294163,46.08837160319112
2022-11-25,555.0,557.5,547.7000122070312,556.5499877929688,815285,0.0,0.00532877951070887,0.14668868635707816,-0.021835239362058174,1388550.65,554.753574434808,0.014676367899669529,0.9948028269954045,0.036327131149473474,48.455273681708476
2022-11-28,556.5499877929688,562.9000244140625,555.5999755859375,558.5999755859375,1384789,0.0,0.00368338484939712,0.1002402806119554,-0.021835239362058174,1357173.05,554.791847083078,0.01416119819505246,0.9918278281863554,0.036745552381287815,58.65047490067558
2022-11-29,559.8499755859375,598.2999877929688,558.0999755859375,593.0999755859375,11072058,0.0,0.06176154942329104,0.2338501661162842,-0.020520595450815665,1834910.85,555.1730224910667,0.0853691322843857,0.9373714747333377,0.26410734620349197,80.98638856390052
2022-11-30,595.4500122070312,598.9000244140625,585.7000122070312,588.3499755859375,6800183,0.0,-0.008008767822503038,0.23694556691634377,-0.020520595450815665,2107207.65,555.5031414273341,0.06701115258589141,0.9470256161973111,-0.03380003090469429,75.57527914517235
2022-12-01,589.5,591.5999755859375,586.0999755859375,586.7999877929688,2181957,0.0,-0.0026344656365883123,0.23241965043032983,-0.020520595450815665,2169487.7,555.8145528339572,0.05997112296092855,0.9516189658742948,-0.011334951749393939,74.7430204665355
2022-12-02,584.9000244140625,592.9500122070312,576.5,591.1500244140625,3556471,0.0,0.007413150496909271,0.23246672699714002,-0.020520595450815665,2306941.15,556.1661495660976,0.0621687851585484,0.9475978591286143,0.031889080531123354,76.22667089468493
2022-12-05,591.0,592.5,582.8499755859375,587.0999755859375,3137533,0.0,-0.006851135347815229,0.22964016535880852,-0.020520595450815665,2432795.9,556.4739488299766,0.051020410393153304,0.9566556288430267,-0.02983421928288662,74.57737618330287
2022-12-06,585.9000244140625,594.0499877929688,582.1500244140625,592.5999755859375,1040850,0.0,0.009368080784726507,0.23080113615553519,-0.020520595450815665,2420088.3,556.8334117827723,-0.0008430281918424543,0.9510673634109158,0.04058940321905259,77.0158441898406
2022-12-07,601.0,610.75,598.3499755859375,602.25,6182504,0.0,0.016284213316952956,0.232170861589925,-0.020520595450815665,2685058.6,557.2853181331925,0.023625435524526894,0.9398214945905978,0.07013891624490763,79.0872021715901
2022-12-08,605.5,607.0,598.7999877929688,604.4000244140625,1825451,0.0,0.0035699865737857106,0.23190543826470691,-0.020520595450815665,2729962.25,557.7541211807634,0.029993246399492524,0.9406559764261312,0.01539414705647956,82.76670116271052
2022-12-09,606.7999877929688,609.5499877929688,594.0,598.75,1253564,0.0,-0.009348153848173557,0.23618184796060424,-0.020520595450815665,2726072.9,558.1620403729946,0.012856255217904122,0.9533444615246608,-0.03958032140526583,77.04453794281658
2022-12-12,600.0,603.7999877929688,590.2999877929688,602.4500122070312,1989220,0.0,0.006179561097338304,0.23551770094647892,-0.020520595450815665,2716867.15,558.6027167096518,0.02614552420271199,0.9515768689882348,0.02623820124823904,81.81813755108485
2022-12-13,603.2000122070312,604.8499755859375,593.0,594.2000122070312,1713097,0.0,-0.013694082218998926,0.24326312752389745,-0.020520595450815665,2705539.9,558.9569186548993,0.0027000281589815156,0.9684449429929393,-0.05629328947405219,73.4391763884132
2022-12-14,596.0,598.1500244140625,585.3499755859375,587.0999755859375,1470878,0.0,-0.01194890016027117,0.2477130037518148,-0.019247146804908487,2661864.6,559.2369490721236,-0.025155706789642962,0.9833120768941119,-0.04823686886407529,67.41160696317974
2022-12-15,585.6500244140625,590.0,582.2999877929688,586.9000244140625,993549,0.0,-0.00034057431475009725,0.2475241505865093,-0.019247146804908487,2601488.25,559.5122035531379,-0.028954333707986613,0.9866288503156793,-0.0013759235217406871,66.23862644517556
2022-12-16,585.0,587.9500122070312,579.0,579.75,1749583,0.0,-0.012182695717555592,0.2531924260876832,-0.019247146804908487,2631771.75,559.7135746620619,-0.03173277661795404,1.001492016106754,-0.04811634938942882,60.730587299444345
2022-12-19,578.0,589.7999877929688,574.0499877929688,589.0499877929688,2060993,0.0,0.01604137609826428,0.25533439498715366,-0.019247146804908487,2683720.9,560.0054792703297,-0.02224254982578966,0.988927100262719,0.06282496907955414,47.239278007374494
2022-12-20,576.0999755859375,582.4000244140625,569.5499877929688,579.5,8300358,0.0,-0.01621252523703509,0.26428641102946865,-0.019247146804908487,3013211.75,560.1994546009731,-0.024739165104408434,1.0080759201510596,-0.061344526040660076,44.33783805392299
2022-12-21,582.3499755859375,586.5999755859375,574.6500244140625,577.25,2308329,0.0,-0.0038826574633304967,0.26264740120318286,-0.019247146804908487,3056108.45,560.3691117691226,-0.016777339457571983,1.0142442520690098,-0.014782774539996857,43.94421769435615
2022-12-22,577.4000244140625,583.0999755859375,574.4500122070312,577.75,818353,0.0,0.0008661758336943048,0.26169626347760333,-0.016361071517921218,3032750.25,560.5420559306239,-0.015590431135520055,1.0154565049373243,0.003309851616088964,41.06666485390073
2022-12-23,572.2999877929688,575.5,562.9500122070312,565.8499755859375,1890316,0.0,-0.02059718635060581,0.27335711986464833,-0.019247146804908487,3086501.8,560.5948710515722,-0.023975893771561063,1.0376336846338094,-0.07534899989915911,37.175633641218326
2022-12-26,560.25,567.5499877929688,557.25,566.0999755859375,2149944,0.0,0.0004418132204409009,0.2729466326200554,-0.019247146804908487,3124759.55,560.6496482111182,-0.038961060491690236,1.037837873971076,0.001618679813020853,32.92527916035654
2022-12-27,568.0,577.2999877929688,566.1500244140625,573.5,756651,0.0,0.013071939115353537,0.2760521164557193,-0.019247146804908487,2608989.2,560.7775124080226,-0.01035375323554788,1.0227375699004198,0.04735315493920083,30.922386977027372
2022-12-28,575.0,575.0,568.0,569.1500244140625,1041815,0.0,-0.007584961788905886,0.16858141711855604,-0.019247146804908487,2321070.8,560.8608209851972,-0.014032006212104764,1.0288675633145214,-0.04499286735526156,27.272741533349247
2022-12-29,568.5,569.9500122070312,559.75,560.9500122070312,1761390,0.0,-0.014407470535511502,0.17290137946441345,-0.016361071517921218,2300042.45,560.8617084600413,-0.029078299944558683,1.041603507059655,-0.08332767353773549,26.40451274341426
2022-12-30,563.5,568.25,560.0999755859375,561.4500122070312,699061,0.0,0.0008913450202678863,0.1732238785502957,-0.016361071517921218,2157171.95,560.8675622286681,-0.007775847961025484,1.0380309675276018,0.005145624126831004,23.34201102161154
2023-01-02,561.4500122070312,563.4500122070312,558.0999755859375,561.5499877929688,564453,0.0,0.00017806676242559938,0.1700306268458375,-0.016361071517921218,2028517.95,560.8743525327906,-0.008037427997164892,1.0355712094047727,0.0010472628093903338,26.254527645399875
2023-01-03,564.2999877929688,568.3499755859375,557.25,560.8499755859375,904153,0.0,-0.0012465714936304995,0.16928397013840998,-0.016361071517921218,2021683.1,560.8741099761055,-0.022057583982672213,1.034033208959528,-0.007363788898460903,28.94947044134932
2023-01-04,562.5,564.5,557.7999877929688,559.8499755859375,1223101,0.0,-0.0017830080120004865,0.1640748098655923,-0.014497723270587681,1773712.95,560.8639195841635,-0.016340241463925764,1.032093460707138,-0.010867042325331215,28.58270906532462
2023-01-05,561.0999755859375,574.1500244140625,561.0,572.75,2641778,0.0,0.023041930832561563,0.17519525289480822,-0.013729751634824556,1814529.3,560.9821890410375,0.02103572071697135,1.006084674916794,0.13152142616091472,44.920175874170084
2023-01-06,573.1500244140625,573.9500122070312,548.5,552.8499755859375,2789534,0.0,-0.034744695615997356,0.20642717413252532,-0.014497723270587681,1891327.8,560.9012714942206,-0.015317546413949557,1.0381478189080156,-0.16831453552014458,27.232714156486864
2023-01-09,556.0,556.0,545.7000122070312,549.5499877929688,3024289,0.0,-0.005969047551229845,0.20568667643041053,-0.014497723270587681,1943081.25,560.7883233976908,-0.02136942438047762,1.039568752265009,-0.02902009680266466,29.556322638820404
2023-01-10,550.2000122070312,555.2000122070312,547.5,554.5999755859375,1156889,0.0,0.009189314721395725,0.20781569612925083,-0.014497723270587681,1915270.85,560.7267477975738,-0.01114380007500304,1.026532669217392,0.0442185766059493,35.10847470752067
2023-01-11,554.5999755859375,555.2000122070312,545.0999755859375,548.3499755859375,1862522,0.0,-0.011269383835433522,0.20653445640295864,-0.014497723270587681,1934853.05,560.6035958352691,-0.020541217293015168,1.0346995870290019,-0.054564180166647894,32.02933560252586
2023-01-12,547.7999877929688,549.2999877929688,541.9000244140625,544.9500122070312,1973109,0.0,-0.006200352932036246,0.20460504764641665,-0.014497723270587681,1983831.05,560.4478387842419,-0.048537735125218195,1.0373061382023174,-0.030304006183225627,35.74354231953025
2023-01-13,545.5,549.9000244140625,538.5499877929688,543.7000122070312,3143762,0.0,-0.002293788369574501,0.20434131501856365,-0.014497723270587681,2053540.0,560.2811937436727,-0.016550535919276577,1.0363757230735,-0.011225278926649413,34.92599787558859
2023-01-16,545.2000122070312,553.7999877929688,543.0499877929688,553.0499877929688,1120373,0.0,0.017196938341022427,0.21383539523865697,-0.014497723270587681,2006509.0,560.2092414456557,0.006368847380119558,1.015599865624432,0.08042137980765769,36.590145128566945
2023-01-17,553.0499877929688,559.25,550.0499877929688,556.5499877929688,1228285,0.0,0.006328541862856252,0.20592142160018762,-0.014497723270587681,1652905.35,560.1728309615495,0.00351606976717056,1.0071512082833665,0.030732798493473983,41.64453391417468
2023-01-18,556.4500122070312,559.9500122070312,554.0,557.5999755859375,676706,0.0,0.0018866010529126065,0.2003354724324678,-0.014497723270587681,1571324.2,560.1472304105483,0.016868788933775303,1.0034926756714688,0.00941720872411392,47.54575842481888
2023-01-19,556.5,560.7999877929688,551.7999877929688,554.9500122070312,1182667,0.0,-0.004752445292203644,0.20047439347235432,-0.014497723270587681,1589539.9,560.095516796583,0.01835030695659645,1.0062302545857202,-0.023705995428284252,45.3835162332076
2023-01-20,554.0499877929688,568.5,551.0999755859375,566.0,2511076,0.0,0.019911681322472674,0.21405929127734785,-0.014497723270587681,1620577.9,560.154267873234,0.04101524239892296,0.9865989280673725,0.09301946331532647,52.7351055523206
2023-01-23,568.0,568.0,560.5999755859375,564.4000244140625,704349,0.0,-0.002826811989288913,0.2019557231378685,-0.014497723270587681,1548298.15,560.1965142069736,0.020522623400441198,0.989245165797388,-0.013997186142564927,52.15808750811592
2023-01-24,565.6500244140625,569.5,561.25,566.9500122070312,611251,0.0,0.0045180504653876685,0.20257217475651507,-0.014497723270587681,1541028.15,560.2637131920488,0.018686595350229762,0.9842181573745636,0.02230340987247688,54.2363053973919
2023-01-25,565.6500244140625,567.4500122070312,560.6500244140625,563.2999877929688,854326,0.0,-0.006438000415334044,0.19811544763221436,-0.014497723270587681,1531653.7,560.2939248796202,0.01022240397525409,0.9900763475816242,-0.032496204447033515,43.66195214593607
2023-01-27,564.3499755859375,567.5,556.25,562.0499877929688,1373950,0.0,-0.0022190662650243276,0.19665969494224156,-0.014497723270587681,1512281.7,560.3113981424397,0.012793901125798701,0.9923761327285816,-0.011283787218515667,58.22901445569546
2023-01-30,563.0,563.7000122070312,551.6500244140625,558.0499877929688,2094290,0.0,-0.007116804709323077,0.19173466107878578,-0.014497723270587681,1582043.15,560.2888965469225,-0.014045957962952715,0.9991846685109007,-0.03711798533505037,57.50885321339983
2023-01-31,559.4000244140625,559.7000122070312,553.4500122070312,557.75,2302382,0.0,-0.0005375643751112102,0.1916982296640813,-0.014497723270587681,1668939.6,560.2636338947143,-0.011782466559894789,0.9993814301672457,-0.0028042217604773044,53.03764046759346
2023-02-01,560.0,568.75,553.5999755859375,561.9500122070312,2239694,0.0,0.007530277377016947,0.19358529838173066,-0.014497723270587681,1735716.65,560.280413778419,-0.008819119661953811,0.9920099339751575,0.03889901273999575,63.654691880698515
2023-02-02,557.5,560.9500122070312,546.5,554.4500122070312,1698846,0.0,-0.013346382840253246,0.19910866195211901,-0.014497723270587681,1759503.9,560.222399832435,-0.015710945815234356,1.004941805519947,-0.0670306456740505,58.81263176947686
2023-02-03,562.0,562.0499877929688,528.25,533.7000122070312,4206140,0.0,-0.037424473880707465,0.2367832319433351,-0.01643175829271363,1837722.0,559.9584954779534,-0.050440309939798866,1.0403550388768892,-0.15805372700177645,43.18800175367134
2023-02-06,533.7000122070312,546.4500122070312,530.25,544.7000122070312,2259398,0.0,0.020610829582917267,0.23365090456416387,-0.01643175829271363,1811215.2,559.8066697737652,-0.02392254435617014,1.0185973679920084,0.08821206465792472,44.437052725376546
2023-02-07,544.4500122070312,545.9000244140625,533.0,535.6500244140625,2293797,0.0,-0.016614627483299893,0.20906129567577433,-0.01681375542666519,1774690.6,559.5663051433204,-0.03962344345304791,1.0345094284584593,-0.07947251371837753,37.03474836227295
2023-02-08,535.6500244140625,537.0,529.2000122070312,533.9500122070312,1629050,0.0,-0.003173736823574025,0.20851859067427753,-0.01681375542666519,1798298.65,559.3114166563921,-0.049826495936945325,1.0358694443234677,-0.015220401505243418,35.44616538826652
2023-02-09,533.9500122070312,536.6500244140625,530.6500244140625,533.25,1095213,0.0,-0.001311007006325915,0.20501411399952552,-0.01681375542666519,1759933.2,559.0520990777216,-0.0382361109933842,1.035813415212582,-0.0063947155481295,36.317770713046016
2023-02-10,533.25,533.9500122070312,530.2999877929688,532.4000244140625,913857,0.0,-0.001593953278832605,0.20209482968716275,-0.01681375542666519,1706970.6,558.7869043049488,-0.00243580244188657,1.0362884653877715,-0.007887154770007987,25.687418575079647
2023-02-13,532.0,535.5,529.0,534.4500122070312,1379183,0.0,0.0038504652497430847,0.2020401217314252,-0.01681375542666519,1618741.65,558.5447461746213,-0.018817697393596067,1.0314482022294704,0.019057922882675424,28.468714922066823
2023-02-14,535.0,538.3499755859375,529.5499877929688,530.0,1728878,0.0,-0.008326339424438944,0.20365816295007724,-0.01681375542666519,1649166.9,558.2607188495008,-0.010547977516183193,1.0379339714770048,-0.040883895322384047,24.142753000821187
2023-02-15,529.7999877929688,536.5,524.0,534.8499755859375,1530576,0.0,0.00915089733195762,0.19630690432933132,-0.01681375542666519,1664281.45,558.0277761304603,0.0016854824577798855,1.0264934642111556,0.04661525735464292,30.419802730095327
2023-02-16,535.8499755859375,538.9500122070312,533.0,535.5999755859375,1400865,0.0,0.00140226238054586,0.19455960095094776,-0.01681375542666519,1700489.4,557.8046139359874,0.004406892800632889,1.023002295086077,0.007207366285798123,31.67011384551826
2023-02-17,533.9000244140625,536.6500244140625,530.5,534.5,1510520,0.0,-0.0020537259822205334,0.19410904136646873,-0.01681375542666519,1716882.05,557.5727272301567,0.003944356667242133,1.0231945812200363,-0.010580269017662632,32.996383652183226
2023-02-20,534.9500122070312,536.25,529.6500244140625,535.0,1462577,0.0,0.00093545369504211,0.19407102833392684,-0.01681375542666519,1664457.1,557.3481229791104,0.0010290724677832763,1.0193411283403913,0.004820161231025769,33.62129871204816
2023-02-21,536.2999877929688,537.9000244140625,532.6500244140625,535.1500244140625,2460231,0.0,0.00028041946553747366,0.17779627266360942,-0.01681375542666519,1752251.2,557.1272463764732,0.009717027196344263,1.016322486871996,0.0015771953234141982,29.510701160237474
2023-02-22,535.5,535.5,529.5999755859375,533.2000122070312,922754,0.0,-0.0036438608204611977,0.17783164387666836,-0.01681375542666519,1767826.35,556.889164444439,-0.003084908767358008,1.0168745147207248,-0.020490507404201087,32.24727756172608
2023-02-23,531.0,543.0999755859375,530.0499877929688,539.75,2803998,0.0,0.012284297905127417,0.18371042595440976,-0.01681375542666519,1865309.95,556.718625494743,0.007748365577355365,1.0023529490921,0.06686771952452354,56.626497796064065
2023-02-24,540.9000244140625,541.25,534.0,534.9000244140625,1375098,0.0,-0.00898559626852713,0.18464757776697346,-0.01681375542666519,1865367.35,556.5015249864775,0.0007484086324835992,1.0089034987326277,-0.048663491233186404,37.59493285931799
2023-02-27,534.0,534.0499877929688,523.2999877929688,526.2000122070312,1746670,0.0,-0.016264744456800817,0.1907870723712001,-0.01681375542666519,1847986.35,556.2000173966323,-0.016448575313960268,1.0225579529491104,-0.08525076359811261,37.931007467647234
2023-02-28,526.5,535.0,522.25,532.5999755859375,2330523,0.0,0.012162605911130608,0.19720833232708246,-0.01681375542666519,1849393.4,555.9651911099588,-0.004765110178060916,1.007909370466913,0.061673891518027976,48.46061643379026
2023-03-01,535.7999877929688,536.4500122070312,526.0,527.25,1767693,0.0,-0.01004501658125645,0.19897345551074824,-0.01681375542666519,1825793.35,555.6794678153324,-0.011159062398372499,1.014845908948628,-0.05048420177771811,43.8144172946385
2023-03-02,528.9000244140625,530.7999877929688,525.4500122070312,530.0999755859375,1215381,0.0,0.0054053591008771384,0.19774282578439745,-0.01681375542666519,1801620.1,555.4249455045922,-0.017878692754168646,1.0070930546110963,0.027335296772878784,47.72271829552634
2023-03-03,531.5499877929688,536.75,529.9000244140625,534.7999877929688,970153,0.0,0.008866275086762965,0.19764530381769418,-0.01681375542666519,1639820.75,555.219722044775,-0.0001870192868346221,0.9983452031193668,0.04485952596346968,50.32923432554227
2023-03-06,536.0999755859375,539.0999755859375,533.0999755859375,537.0,1070128,0.0,0.004113710279071592,0.14937631122579087,-0.01681375542666519,1580357.25,555.0384312781604,0.020524491718786786,0.9935381784563403,0.027539239454514905,56.876240934090966
2023-03-08,537.4500122070312,537.4500122070312,530.25,531.8499755859375,1455390,0.0,-0.0095903620373603,0.1335209433398195,-0.01681375542666519,1538436.9,554.8077003757503,-0.001408186320652538,1.0028015866731392,-0.07182664441402097,47.07030957732161
2023-03-09,531.0,533.1500244140625,526.0,526.6500244140625,1585845,0.0,-0.00977710145825661,0.12536357399626238,-0.01681375542666519,1536276.65,554.5275244955345,-0.0011379337808202772,1.0120098268161566,-0.07798996444252987,41.958699914623914
2023-03-10,525.0,531.0,524.0499877929688,529.9500122070312,909401,0.0,0.006265997607500795,0.12733873103621823,-0.01681375542666519,1526986.05,554.2829721344549,-0.0002828964078719354,1.0053967135341872,0.049207315515382655,46.06742036069603
2023-03-13,527.5,529.8499755859375,520.0,523.5499877929688,1409053,0.0,-0.012076656791475404,0.1336892239991209,-0.01681375542666519,1551745.85,553.9771712952362,-0.021035901751656483,1.0168417747911682,-0.09033380198404621,41.01958958094026
2023-03-14,522.6500244140625,528.5499877929688,522.0999755859375,526.5,838398,0.0,0.005634633322153304,0.13550828170526527,-0.01681375542666519,1524706.6,553.7037666057313,-0.019553072625698276,1.0103893602449103,0.041581465246486954,43.50110138562239
2023-03-15,526.25,529.0999755859375,518.5999755859375,521.8499755859375,3297110,0.0,-0.008831955202397879,0.13749028449332248,-0.01681375542666519,1603118.2,553.3868134612558,-0.018802294742954584,1.0186117118265634,-0.06423693566840692,41.80502040304331
2023-03-16,520.5,537.75,520.5,534.5,2094724,0.0,0.02424073010611716,0.1603125224211314,-0.01681375542666519,1631325.6,553.198884969104,0.014905487937024509,0.9944714652365675,0.15120920205064328,46.51625624997195
2023-03-17,536.0999755859375,539.25,532.3499755859375,536.1500244140625,1400977,0.0,0.003087042870088874,0.15751807558583256,-0.01681375542666519,1631331.2,553.0292445655713,0.011699239672078976,0.991462233339048,0.019598021767517775,50.86625047442871
2023-03-20,532.0,537.9000244140625,529.0,537.0999755859375,870716,0.0,0.001771801041906551,0.1575599225211069,-0.01681375542666519,1599341.0,552.8707443767192,0.025880981967144834,0.9899507048191525,0.011245251337418534,58.46270917195962
2023-03-21,537.9500122070312,539.8499755859375,531.1500244140625,532.2999877929688,1645563,0.0,-0.00893686094052104,0.1605649555903939,-0.01628223860812577,1608490.3,552.6660602316074,0.011016121164233228,0.9986239169068764,-0.05565884754286464,49.76115605843034
2023-03-22,532.1500244140625,542.0,531.2000122070312,540.1500244140625,784791,0.0,0.014747392074235588,0.16866350918572123,-0.01628223860812577,1524718.3,552.5415225617811,0.035067643353968725,0.9845736827582218,0.08743676252833742,59.877499694034995
2023-03-23,540.9500122070312,544.4500122070312,536.5999755859375,539.4000244140625,1927951,0.0,-0.0013885031307988571,0.16879115679357454,-0.01628223860812577,1574978.15,552.4107613861819,0.009167491887862589,0.986517380987674,-0.008226159918053923,57.357624912779094
2023-03-24,536.2000122070312,540.0,535.0,536.4000244140625,639799,0.0,-0.005561735009668944,0.1695037052599924,-0.01628223860812577,1466768.2,552.251450570539,0.0004662873983325433,0.9917225510782536,-0.032811876725758526,51.300841373585584
2023-03-27,534.2000122070312,546.0,534.2000122070312,541.4500122070312,1319154,0.0,0.009414592772409192,0.16723185578645489,-0.01628223860812577,1463971.0,552.1439735718972,0.008099119007309863,0.9830778243596607,0.05629664375347618,53.45766085849522
2023-03-28,539.0,542.75,532.0,533.7999877929688,1173081,0.0,-0.014128773186059873,0.17168216747538237,-0.01628223860812577,1435291.55,551.9614463502163,0.002817959861730168,0.9978784394163174,-0.08229609732254128,51.45849737824389
2023-03-29,533.0,537.5,529.2000122070312,535.6500244140625,1804819,0.0,0.0034657861809679336,0.16149433014248268,-0.01628223860812577,1409006.35,551.7991436443839,-0.008331018784793143,0.9947166562785934,0.021460728455933203,57.08660042432044
2023-03-31,536.9500122070312,548.0,536.9500122070312,544.9000244140625,1361128,0.0,0.017268738128255245,0.16686184179639776,-0.01628223860812577,1388678.1,551.7304956918434,0.010196514184393157,0.9794503184603506,0.10349122907569246,60.76312680490493
2023-04-03,547.5,549.9500122070312,543.0499877929688,547.5999755859375,2436530,0.0,0.004954947790245079,0.1622185054181351,-0.01628223860812577,1449735.55,551.689395989297,0.020879848363372533,0.9762190034238094,0.03054489666283276,68.28894697823952
2023-04-05,555.0,555.0499877929688,541.8499755859375,548.0499877929688,1737173,0.0,0.0008217900421740865,0.16173067277767209,-0.01628223860812577,1488086.55,551.6531829724181,0.012189445816124467,0.9766262464430495,0.005081225331273626,67.03554688531534
2023-04-06,547.7999877929688,548.0499877929688,525.0,525.9000244140625,3766812,0.0,-0.040415954515582664,0.21522691810799893,-0.01628223860812577,1622920.75,551.3969326385042,-0.014799482127321073,1.0167046564750302,-0.18778298269119142,52.50777008117848
2023-04-10,527.9000244140625,528.0,521.2000122070312,523.2000122070312,1618940,0.0,-0.005134078877519488,0.2149991353984691,-0.01628223860812577,1631098.25,551.1163662660517,-0.023242810864519403,1.0211247955433138,-0.02387953155815681,42.01978117307928
2023-04-11,523.7000122070312,526.6500244140625,519.7000122070312,521.8499755859375,3509174,0.0,-0.0025803451635997288,0.21289306636297461,-0.01628223860812577,1727264.7,550.825158398588,-0.04230142740938758,1.0233065594228765,-0.012120380839442323,39.85812131934203
2023-04-12,522.0,522.0,515.4500122070312,517.6500244140625,2122535,0.0,-0.008048196547598252,0.21205884294548896,-0.01628223860812577,1787921.4,550.4950575629211,-0.05469311999115456,1.0304210924472992,-0.03795265529266581,36.813592355964026
2023-04-13,519.0,527.7999877929688,514.2000122070312,527.1500244140625,8617033,0.0,0.018352167588040258,0.2210296019670032,-0.01628223860812577,2148320.4,550.2627686758678,-0.0381351406704189,1.012192887757609,0.08303035699479035,46.717678324813456
2023-04-17,529.9500122070312,529.9500122070312,521.5499877929688,524.0999755859375,1555572,0.0,-0.0057859218189645345,0.21780664344347636,-0.01628223860812577,2184179.1,550.0024423764656,-0.0034227966239981367,1.017854472662514,-0.026564486104948378,39.103840042617
2023-04-18,524.6500244140625,524.8499755859375,519.25,520.9000244140625,2893384,0.0,-0.0061056121368781024,0.21787204233797658,-0.01628223860812577,2163992.8,549.7128660783324,-0.004396001030784857,1.0240160908302445,-0.028023842761653064,37.844936898124026
2023-04-19,520.0,520.7000122070312,517.4500122070312,520.0499877929688,1138035,0.0,-0.0016318613577527286,0.21578647842453996,-0.01628223860812577,2116158.35,549.4177130605676,-0.0034492438002851067,1.024300583803836,-0.007562388959878675,38.94521025610746
2023-04-20,520.0499877929688,526.25,518.7999877929688,525.2999877929688,2688238,0.0,0.010095183392428098,0.20074084000076253,-0.01628223860812577,2180521.4,549.1777356947209,0.014778253681269282,1.0130306808272571,0.050289631594116244,39.10989938898295
2023-04-21,525.4000244140625,528.3499755859375,523.7000122070312,525.1500244140625,1242615,0.0,-0.00028548140565609614,0.20026811457811858,-0.01628223860812577,2199116.35,548.9386539904357,-0.00379398635563577,1.0121821993761548,-0.001425495975744949,43.51090153526299
2023-04-24,526.4000244140625,527.5,520.75,524.8499755859375,2399145,0.0,-0.0005713583055809712,0.20003711132525728,-0.01628223860812577,2236795.45,548.6989656481024,0.0014310246802844429,1.0120511209141565,-0.002856261386865048,41.70502842152214
2023-04-25,522.5,528.7000122070312,520.2000122070312,526.4000244140625,965836,0.0,0.002953317900785901,0.1983423796777057,-0.01628223860812577,2245847.7,548.4770856358235,0.010558647998119675,1.0077649724541768,0.014889998580660759,33.88502419317288
2023-04-26,526.2000122070312,534.9500122070312,526.0,533.6500244140625,2552760,0.0,0.013772795713810959,0.1974277566072018,-0.01628223860812577,2277088.15,548.3295526883434,0.026151402634986498,0.9935350545250421,0.06976118886667562,38.740972729916066
2023-04-27,534.6500244140625,534.8499755859375,528.0499877929688,530.4000244140625,1298338,0.0,-0.006090133704328871,0.1983633953960383,-0.01628223860812577,2310015.1,548.1511494219326,0.009708807804320374,0.9990572807550314,-0.030701901352065124,36.37069741821471
2023-04-28,531.0,534.75,528.75,532.9000244140625,2032847,0.0,0.004713423614114198,0.19840054109502048,-0.01628223860812577,2345699.75,547.999396934292,0.014757687593458746,0.9935681787517952,0.02375710948432188,57.7605151674217
2023-05-02,535.0,537.1500244140625,532.0499877929688,536.4500122070312,1099379,0.0,0.006661639388874319,0.19693700963014774,-0.01628223860812577,2342014.65,547.8844776832746,0.02210162362710144,0.9872401824649054,0.03382624252862682,64.41782230660849
2023-05-03,538.9000244140625,541.5,535.9500122070312,537.9500122070312,2882258,0.0,0.002796159876721438,0.19066288924805228,-0.01628223860812577,2395886.6,547.7856272805259,0.021941465154423412,0.9847011716775551,0.014665463956276235,67.4620646882883
2023-05-04,539.4000244140625,540.8499755859375,528.2000122070312,530.4000244140625,4124229,0.0,-0.014034738584712825,0.19670397332763587,-0.01628223860812577,2534041.65,547.6126362072278,-0.006090133704328871,0.9973510237081985,-0.07134953927870467,62.89179063644494
2023-05-05,517.5,527.0,503.6499938964844,505.0,6512813,0.0,-0.047888429948927946,0.24624151733702018,-0.017655119803170267,2737855.8,547.1886298768077,-0.047888429948927946,1.0432970466236078,-0.1944774728569041,33.05279922983257
2023-05-08,508.0,515.0,506.0499877929688,513.9000244140625,2707182,0.0,0.0176238107209159,0.2554592404087196,-0.01628223860812577,2786356.25,546.8573999717057,-0.035653967216254134,1.021905984485503,0.06898873574833893,42.83712022519715
2023-05-09,515.8499755859375,518.6500244140625,514.5499877929688,517.9000244140625,1447224,0.0,0.007783615119615339,0.257862334820117,-0.01628223860812577,2670376.85,546.5692668815799,-0.034579154386913835,1.0132409454308724,0.030185156056985116,47.91667010561663
2023-05-10,518.9500122070312,518.9500122070312,509.1000061035156,514.2999877929688,2751302,0.0,-0.006951219253497287,0.21911115881568266,-0.01423557174959692,2726994.95,546.2481795274643,-0.04396323799126667,1.0194682512151552,-0.03172462312655858,46.15385234834658
2023-05-11,514.5999755859375,521.0,512.4500122070312,520.2000122070312,1959951,0.0,0.011471951300993544,0.2226566389612897,-0.01423557174959692,2649533.8,545.9889937829824,-0.019230791360349775,1.007747017848383,0.05152305738234665,46.618059808726684
2023-05-12,520.9000244140625,522.4000244140625,517.1500244140625,518.3499755859375,1542764,0.0,-0.0035563948052301786,0.22281491636765685,-0.01423557174959692,2620545.25,545.7139786765442,0.0264355952196782,1.0114112727646956,-0.01596120539681409,45.59012349128585
2023-05-15,518.0,533.9500122070312,513.6500244140625,533.0499877929688,3666778,0.0,0.028359241630935728,0.241609167586952,-0.01423557174959692,2373032.5,545.5879688170062,0.03726398612403381,0.9840728237997841,0.11737650826914307,54.48087193718125
2023-05-16,535.0,535.8499755859375,530.0,530.75,1530503,0.0,-0.004314769431834287,0.2343487828068554,-0.01423557174959692,2371779.05,545.44032733624,0.02481169140796169,0.9889637455196802,-0.01841174166145765,52.357707145373965
2023-05-17,530.0,530.4000244140625,519.5999755859375,523.9500122070312,2511945,0.0,-0.012812035408325428,0.2379331874916002,-0.01423557174959692,2352707.1,545.2264933548548,0.018763415600054678,1.002089884705938,-0.0538471955296517,44.716775205016354
2023-05-18,527.4500122070312,527.4500122070312,522.0,523.4500122070312,1579098,0.0,-0.0009542895092107262,0.23690873673525192,-0.01423557174959692,2374760.25,545.0098119503989,0.006247596931440613,1.0033718527017486,-0.004028088968269099,46.09769581038409
2023-05-19,525.8499755859375,525.9000244140625,517.0,519.0999755859375,1402249,0.0,-0.008310319074695593,0.23873171793644593,-0.01423557174959692,2310460.8,544.7520026333397,0.0014468988816913608,1.0111828792557356,-0.034810283268707075,42.40922623307161
2023-05-22,518.9000244140625,525.2000122070312,515.4000244140625,522.25,1305271,0.0,0.006068242269722468,0.23699200898674896,-0.01423557174959692,2313593.6,544.5281021096249,-0.020260741094254242,1.00480614018931,0.02560526002380597,42.15470519627803
2023-05-23,523.0,526.5,520.0,525.75,1500934,0.0,0.00670177118238402,0.23818206633969574,-0.01423557174959692,2268683.05,544.3412553224645,-0.009420631182289196,0.9982025828522497,0.02813717675727178,43.405411795425344
2023-05-24,526.7999877929688,528.5,522.25,526.7000122070312,2304274,0.0,0.0018069656814669877,0.23823216202029726,-0.01423557174959692,2335604.95,544.165720565097,0.005248592300658883,0.9964305964700196,0.007584893619292675,47.84633096482351
2023-05-25,526.7000122070312,533.5499877929688,525.5499877929688,530.1500244140625,2297300,0.0,0.006550241365240739,0.23906584063297973,-0.01423557174959692,2322831.95,544.0262609019027,0.012799717357502516,0.9896161146159939,0.027399318421671377,69.66375872357034
2023-05-26,529.5499877929688,543.7000122070312,528.5,542.0999755859375,2184804,0.0,0.02254069720185803,0.2470207035826225,-0.01423557174959692,2367155.25,544.0070938838334,0.04430745729478902,0.9688803330328676,0.09125023110387344,71.0447011897648
2023-05-29,545.9500122070312,550.0,542.4000244140625,548.3499755859375,2215580,0.0,0.011529238667175035,0.24830704787408892,-0.01423557174959692,2376291.9,544.0503066370882,0.04997601835507415,0.9592459667374802,0.04643137720644759,71.98548541141815
2023-05-30,550.0,552.9000244140625,546.7000122070312,549.9000244140625,2023557,0.0,0.0028267509749930753,0.24810486846131846,-0.014039440314780178,2422500.8,544.1085127841227,0.04593442589455532,0.9577650112180814,0.011393371192553106,76.48806939879104
2023-05-31,548.5,558.0,546.0499877929688,555.4000244140625,4905059,0.0,0.01000181806840339,0.24922833540024014,-0.014039440314780178,2523640.85,544.2208661336743,0.054490244051390135,0.949851423248789,0.040131141794250154,76.34727103391162
2023-06-01,555.4500122070312,563.9000244140625,553.25,556.9000244140625,1385234,0.0,0.002700756093020562,0.2492236207523134,-0.014039440314780178,2386691.1,544.3470269125837,0.05045741538834192,0.9496722579938077,0.010836677424480112,79.0067766113699
2023-06-02,557.5,560.0,555.8499755859375,557.2000122070312,1166828,0.0,0.0005386744115953856,0.2426050474046848,-0.014039440314780178,2119391.85,544.4749173135235,0.027854708174027465,0.9538451052204665,0.002220375854312193,73.198848755024
2023-06-05,558.5499877929688,563.0,551.5499877929688,552.25,1570130,0.0,-0.008883725948649168,0.16620039402236159,-0.014039440314780178,2062539.25,544.5522813203542,0.007112290667826038,0.9658669136292581,-0.053451891413295836,69.65262432993487
2023-06-06,553.5499877929688,554.3499755859375,541.5499877929688,547.5,2685928,0.0,-0.00860117700316887,0.16457070702318444,-0.014039440314780178,2124474.45,544.58161185448,-0.004364474099850857,0.9769497750338898,-0.05226432234573755,72.36462428257774
2023-06-07,548.9500122070312,558.2000122070312,546.2000122070312,556.5,2718117,0.0,0.016438356164383494,0.17032362937750692,-0.014039440314780178,2122815.2,544.7002027813012,0.001980510510596334,0.9649416036682951,0.09651247603950833,77.023664263518
2023-06-08,559.0,560.0,551.2999877929688,552.0999755859375,1650679,0.0,-0.007906602720687328,0.17109152953525078,-0.014039440314780178,2107351.6,544.7738323614468,-0.008619228977724158,0.9755207832399511,-0.04621270427611235,76.9607518719126
2023-06-09,555.6500244140625,556.5,546.5999755859375,549.9500122070312,2146305,0.0,-0.0038941559028770056,0.17027834960532282,-0.014039440314780178,2137528.65,544.8253366385173,-0.013011485716382554,0.9822074560443116,-0.022869352934236725,73.00664982205545
2023-06-12,549.0,555.7000122070312,546.6500244140625,553.5999755859375,1007065,0.0,0.0066369002598225535,0.16921255127181298,-0.014039440314780178,2004543.0,544.9126464787902,0.00244450083465364,0.9775876548011936,0.039222267011025456,73.07372547456387
2023-06-13,553.5999755859375,562.9000244140625,551.2999877929688,560.4500122070312,2644392,0.0,0.012373621609797825,0.14683622006036265,-0.014039440314780178,2060237.45,545.0672471328025,0.023652990332477142,0.9682888582772305,0.08426817826030521,75.4716979537202
2023-06-14,561.0,563.5,557.75,562.3499755859375,1577846,0.0,0.0033900675127551683,0.14478814917445862,-0.014039440314780178,2013532.5,545.2392145800975,0.0105120855093217,0.9684316248843278,0.02341398310527864,74.88406125428185
2023-06-15,562.3499755859375,570.5,561.5499877929688,569.0499877929688,2246105,0.0,0.011914310479075318,0.13628690662410267,-0.014039440314780178,2046882.85,545.4761376966435,0.030700983438809892,0.9610359566313054,0.08742079411728539,72.66611141282382
2023-06-16,573.0,573.0,565.25,570.9000244140625,2022971,0.0,0.003251096846990542,0.1351443440740567,-0.014039440314780178,2077918.95,545.7291116938318,0.038094393566709295,0.9624583610676759,0.02405647553140843,70.48140656621568
2023-06-19,571.0999755859375,573.0,566.6500244140625,569.1500244140625,1114637,0.0,-0.0030653353041911746,0.13016870514457865,-0.014039440314780178,2068387.25,545.9621556014957,0.028088962272201368,0.9695378711787748,-0.02354894031785211,67.42081430879793
2023-06-20,567.3499755859375,572.9000244140625,563.0999755859375,572.0999755859375,1068183,0.0,0.005183081868285866,0.13006395651130487,-0.014039440314780178,2046749.7,546.2222334122863,0.02078680190054616,0.9685894519808741,0.03985025220521292,65.84437045590965
2023-06-21,572.0,575.5,564.7999877929688,567.0999755859375,1632121,0.0,-0.008739731189254196,0.13738791837235764,-0.014039440314780178,2013142.05,546.4299721403825,0.00844669726365832,0.9806912783330244,-0.06361353062670261,59.07469739188169
2023-06-22,567.0999755859375,569.0499877929688,560.0499877929688,562.6500244140625,1815315,0.0,-0.007846854811230153,0.14297373181346687,-0.014039440314780178,1989042.8,546.5913656953444,-0.01124675075335324,0.9913356008130644,-0.05488318842118356,54.515343637978475
2023-06-23,560.0,565.75,556.0,563.3499755859375,1536193,0.0,0.0012440258446695385,0.1425822849652448,-0.014039440314780178,1956612.25,546.7581180325643,-0.01322481784069618,0.9919899249463104,0.008724967184549641,59.893052051504355
2023-06-26,560.1500244140625,570.0,560.1500244140625,569.5499877929688,825926,0.0,0.0110056136961445,0.1273864088491402,-0.014039440314780178,1887129.55,546.9849028062997,0.0007027380510402637,0.9830524319383782,0.08639550271978451,69.15728848577287
2023-06-27,569.0,571.7000122070312,564.0499877929688,570.5999755859375,1900084,0.0,0.0018435393125675326,0.12296855053854369,-0.012873170567144798,1880955.9,547.2198786548533,-0.0026219193567762478,0.9830573469494722,0.01499195651712689,64.21372686281954
2023-06-28,571.0,575.9000244140625,568.7000122070312,574.0999755859375,2195767,0.0,0.006133894408961282,0.12380516214253429,-0.012873170567144798,1745491.3,547.4873423059089,0.012343502559257757,0.9786927706347424,0.04954473470542458,72.58734804887598
2023-06-30,573.0,578.0,569.2999877929688,572.9500122070312,1993618,0.0,-0.0020030716387552383,0.1210832057128803,-0.012873170567144798,1775910.5,547.7407022054226,0.018306206959992632,0.9820577417386821,-0.016542933939787664,74.10910083506054
2023-07-03,574.9500122070312,583.8499755859375,573.0999755859375,582.25,1375594,0.0,0.01623176122668135,0.13139319684661932,-0.012873170567144798,1786348.8,548.084078302881,0.03354934806627918,0.968522961797915,0.12353577187311786,76.851080472497
2023-07-04,584.0,586.0999755859375,577.4000244140625,579.6500244140625,730709,0.0,-0.0044653938788106196,0.1332982332396234,-0.012873170567144798,1744377.75,548.3981673189127,0.01773336289626104,0.9752306942434158,-0.03349927028508103,69.55202969536285
2023-07-05,579.2000122070312,595.8499755859375,576.5999755859375,592.4500122070312,1607408,0.0,0.022082269048306458,0.14438658161889828,-0.00908014142163298,1690451.75,548.8364941337198,0.03829309070449294,0.9579542318239741,0.15293850211930748,75.08344022430143
2023-07-06,592.4500122070312,597.0999755859375,586.7999877929688,591.9500122070312,1116191,0.0,-0.0008439530588199018,0.13865557507852944,-0.00908014142163298,1610355.45,549.2654843633051,0.031092209336667676,0.9617577248214132,-0.006086686362773759,71.28262764845297
2023-07-07,596.0,596.25,570.6500244140625,572.2000122070312,3008774,0.0,-0.03336430372957333,0.18187235520725242,-0.012873170567144798,1678260.2,549.4936886204565,-0.0013090147203435043,0.9967100430136775,-0.1834490011253391,50.906549411168534
2023-07-10,572.25,576.1500244140625,566.0,572.7000122070312,1999303,0.0,0.0008738203238958242,0.1787343928086456,-0.012873170567144798,1670910.1,549.7245973128602,-0.01640186825756762,0.9978260635564918,0.004888931902110322,52.519516914922896
2023-07-11,575.75,582.4000244140625,573.0,581.6500244140625,1212325,0.0,0.015627749286297954,0.18361558009354886,-0.012873170567144798,1681173.1,550.0422632541657,0.0034503578293154646,0.9848834817771792,0.08511123308394399,56.245958155085745
2023-07-12,583.9500122070312,585.8499755859375,578.8499755859375,583.4000244140625,1388783,0.0,0.0030086820709118722,0.18307379990648737,-0.012873170567144798,1618392.65,550.3741812756573,-0.015275529760317097,0.9838960881216217,0.016434257158075657,61.13393901120599
2023-07-13,584.0,585.7000122070312,576.5,577.7000122070312,793507,0.0,-0.009770332479427046,0.18419009348727014,-0.012873170567144798,1579175.7,550.6460800908948,-0.024072978640324982,0.9949324762280379,-0.0530448286549896,60.107461271621936
2023-07-14,577.6500244140625,588.0,576.7999877929688,586.5,1133717,0.0,0.015232798350392152,0.19018503125572325,-0.012873170567144798,1523556.3,551.0028355128759,0.024991239929919473,0.9814919083929428,0.08009461863990709,64.02183208636853
2023-07-17,588.6500244140625,594.75,580.9000244140625,582.25,1721733,0.0,-0.007246376811594235,0.18927248775726951,-0.012873170567144798,1508494.4,551.3137525724493,0.016675375570825768,0.9896307480493909,-0.03828541862900374,57.878427735162255
2023-07-18,582.2000122070312,582.2000122070312,573.0499877929688,577.0,1492660,0.0,-0.009016745384285096,0.19231173476496688,-0.012873170567144798,1527395.55,551.5693371239672,-0.007994540047938314,0.9993154277834569,-0.046886087978167325,53.77360247124671
2023-07-19,577.0,581.0499877929688,573.6500244140625,574.5499877929688,607767,0.0,-0.004246121675964054,0.1926367001845313,-0.012873170567144798,1504374.75,551.7980003147036,-0.015169757029033892,1.0037899481240997,-0.022042121005371163,50.26866411596305
2023-07-20,574.5499877929688,580.0,570.0499877929688,578.5,1538931,0.0,0.006874967001921917,0.19324091694165663,-0.012873170567144798,1499715.25,552.0636918538609,0.0013847806405828944,0.9979213546449601,0.03557717876191729,53.20623248224316
2023-07-21,572.0,577.25,564.0499877929688,565.2000122070312,3010552,2.7,-0.022990471552236436,0.2076858313956627,-0.014482525233089004,1559477.1,552.1944015091163,-0.03631711473651966,1.0216294950118447,-0.11069830951276666,40.58531739088121
2023-07-24,565.2000122070312,571.9500122070312,559.25,565.2999877929688,2410138,0.0,0.0001768853216175259,0.2057549195437951,-0.014482525233089004,1603174.35,552.3248053527368,-0.029111227491680935,1.021621291585127,0.0008596893498965998,41.85119890532056
2023-07-25,566.9500122070312,569.5999755859375,563.0999755859375,568.3499755859375,594176,0.0,0.005395343815372211,0.2064950392842468,-0.014482525233089004,1591586.85,552.484259782918,-0.014991376800801537,1.0160333031710362,0.026128199363972905,34.61044669526298
2023-07-26,570.4500122070312,576.0499877929688,568.2000122070312,575.0,1273253,0.0,0.011700580099799796,0.2069539794071275,-0.014482525233089004,1560245.3,552.7082969990083,0.0007832429146155118,1.0046652248216712,0.056537108239947884,39.964470178300026
2023-07-27,576.7999877929688,578.9500122070312,572.0,573.7999877929688,2005022,0.0,-0.0020869777513586873,0.20708870096747253,-0.014482525233089004,1550708.05,552.9181645690975,-0.008124480911030685,1.0067401832905567,-0.01007769927007991,51.21394146418331
2023-07-28,572.25,582.8499755859375,570.0,581.7000122070312,1812535,0.0,0.013767906207960534,0.21141941426715047,-0.013320957215520977,1541653.9,553.2045511127586,0.029193205314291593,0.993819825943309,0.06512129268956551,56.13914996422016
2023-07-31,575.0,579.9500122070312,572.5999755859375,575.5999755859375,1156926,0.0,-0.010486567806573643,0.21480715113771967,-0.010602841186661232,1530720.5,553.427391157268,0.018220392739051183,1.00377437138346,-0.048818520532704086,45.706144310663916
2023-08-01,575.7999877929688,578.2999877929688,567.5,568.75,1334010,0.0,-0.011900583524112385,0.21059421553198895,-0.011946156118323037,1560885.55,553.5798549268474,0.0007038346639323123,1.014905498798077,-0.056509543383964744,40.30442418360084
2023-08-02,568.0999755859375,568.9000244140625,561.75,565.6500244140625,1868482,0.0,-0.005450506524725229,0.2108240895217103,-0.011946156118323037,1573939.25,553.699956115775,-0.016260827105978315,1.0180986090264912,-0.025853337152112184,41.740928105916126
2023-08-03,556.75,562.0,545.6500244140625,555.0499877929688,5441318,0.0,-0.018739567159170467,0.20153780069033,-0.01310841199586768,1790195.6,553.7133892667919,-0.03267689159792231,1.0342176640947338,-0.09298288541977107,28.963219659889788
2023-08-04,564.0,593.75,563.7999877929688,569.7000122070312,7508691,0.0,0.02639406312270176,0.22586747933936083,-0.01310841199586768,2015191.45,553.8724601418191,-0.020629189871374964,1.0074030007611985,0.11685640638190861,42.63066628405259
2023-08-07,566.0499877929688,567.7999877929688,558.0999755859375,565.2999877929688,1988682,0.0,-0.007723405862353205,0.19611850691438665,-0.01310841199586768,2014660.4,553.9861668846168,-0.017894350642533974,1.0145896214319454,-0.03938131892831299,43.06049995274274
2023-08-08,564.9000244140625,567.0999755859375,558.5499877929688,562.4000244140625,1956590,0.0,-0.0051299547877724505,0.1966885983968643,-0.01310841199586768,2051873.65,554.0698868600341,-0.011164792239011012,1.0181098430906015,-0.0260816059942912,42.83188510401459
2023-08-09,562.2999877929688,572.9500122070312,561.0,572.1500244140625,1130663,0.0,0.017336414610148898,0.19856585521486692,-0.01310841199586768,2038967.65,554.2497887262434,0.01149120431265449,0.9997771147456622,0.08730813119057129,46.49366521702667
2023-08-10,572.4500122070312,579.4500122070312,569.0,571.5499877929688,1310628,0.0,-0.0010487400078471598,0.19810546573716428,-0.012242532705865287,2064823.7,554.4219300104895,0.029727052270748677,1.0002887089497052,-0.005293846643787735,54.078334919088164
2023-08-11,571.5,571.75,562.0,563.1500244140625,1198557,0.0,-0.014696813154248423,0.20158845886207963,-0.014898950854494525,2068065.7,554.5087767209728,-0.011497257596316257,1.0131358889737878,-0.0729050289295243,48.75219884913538
2023-08-14,563.0,567.75,556.0,564.8499755859375,1300882,0.0,0.0030186470712556535,0.19336355247165538,-0.014898950854494525,2047023.15,554.6116742221167,-0.0007960591133004957,1.008546559285416,0.015611250809976924,47.93632186384963
2023-08-16,562.0999755859375,566.3499755859375,559.5,565.3499755859375,641032,0.0,0.0008851907968683292,0.19248448614285762,-0.014898950854494525,2004441.75,554.718522991906,0.005245289907212181,1.0066242553192408,0.004598764132210216,43.86521198894906
2023-08-17,563.75,565.3499755859375,556.4000244140625,561.2000122070312,2172788,0.0,-0.0073405210190469194,0.19172733969371583,-0.014898950854494525,2082692.8,554.7830154219073,-0.019138358367187247,1.0128786297672976,-0.03828624883603404,42.27942434183075
2023-08-18,560.9000244140625,567.9500122070312,558.2999877929688,565.5,1108955,0.0,0.007662130611968854,0.19381053981793397,-0.014898950854494525,2061194.0,554.8896520843759,-0.010585229502550919,1.004027408292924,0.039534125563168133,39.615368593265195
2023-08-21,563.5,568.5499877929688,562.0499877929688,567.75,1138890,0.0,0.003978779840848823,0.1926432834005927,-0.014898950854494525,1967610.9,555.0176157452279,0.008168295101689038,1.0002730053356175,0.020653612023623043,44.706685064314264
2023-08-22,566.0,577.9500122070312,565.25,574.75,1750504,0.0,0.01232937032144421,0.17986312717918324,-0.014898950854494525,1934629.2,555.2139578771162,0.017526821000200865,0.9889125696209629,0.06854862266280526,54.03768893894877
2023-08-23,575.6500244140625,575.7999877929688,565.75,567.2999877929688,1933561,0.0,-0.012962178698618931,0.1861404252255447,-0.014898950854494525,2001598.45,555.3342168812541,0.0034492125077218994,1.0018068257167059,-0.06963655523268104,51.048928165433686
2023-08-24,570.9500122070312,570.9500122070312,564.0499877929688,564.9000244140625,740364,0.0,-0.0042305013759000865,0.18576333118847332,-0.014898950854494525,1974954.0,555.4293990457596,0.006593036576175715,1.005169015189315,-0.022773607261983242,56.99081037770533
2023-08-25,561.25,568.6500244140625,557.0499877929688,558.0499877929688,2083408,0.0,-0.012126104310579366,0.18482448732912657,-0.014898950854494525,1978873.3,555.455474555682,-0.013174203725961564,1.0160962523505452,-0.0656087503865128,40.70228037698522
2023-08-28,558.1500244140625,559.8499755859375,551.7000122070312,554.1500244140625,1481763,0.0,-0.006988555620850767,0.18584469891787722,-0.014898950854494525,1962334.7,555.4424850020341,-0.023954162194517847,1.020761484995254,-0.03760427542728125,41.02977315869038
2023-08-29,553.5499877929688,553.9000244140625,546.0999755859375,550.1500244140625,2642866,0.0,-0.007218261885361232,0.1780440497996474,-0.014898950854494525,2036631.7,555.3898237026514,-0.04280117544312745,1.0258701794543346,-0.04054199782617812,40.31618675493478
2023-08-30,553.9500122070312,555.8499755859375,552.0,554.9000244140625,845829,0.0,0.008634008523509484,0.17967488425943942,-0.014898950854494525,2012222.65,555.3849500778892,-0.021857859414288416,1.015840657221782,0.048053505522271306,35.19310193288054
2023-08-31,554.9000244140625,557.4500122070312,546.5,553.0999755859375,4736298,0.0,-0.003243915568440836,0.17593494231984613,-0.014898950854494525,2155613.45,555.3622140132927,-0.0208887383928944,1.0180121639948843,-0.01843815299727063,34.48271959699774
2023-09-01,551.5,555.9500122070312,550.4000244140625,553.3499755859375,924117,0.0,0.0004519978503618738,0.17535475252578026,-0.014898950854494525,1929753.4,555.3421917403838,-0.008422206450750647,1.0173986216323119,0.002577619471814586,40.448281741564344
2023-09-04,554.1500244140625,560.0,551.0499877929688,557.9000244140625,944485,0.0,0.008222732500000607,0.16556538248383587,-0.014898950854494525,1601543.1,555.3676428117637,0.006767120517526148,1.0080435175503144,0.049664560791612244,43.582688679174765
2023-09-05,560.0,562.9000244140625,558.0,559.8499755859375,992447,0.0,0.0034951623705752333,0.13654283284269864,-0.014898950854494525,1551731.35,555.412243137875,0.01763146549380945,1.004045774679365,0.025597550906434275,45.05395454926949
2023-09-06,559.75,563.0,558.7000122070312,561.5499877929688,635877,0.0,0.0030365495778614804,0.1347390639011575,-0.014898950854494525,1485695.7,555.4733152239953,0.01198407476360841,1.000930483178241,0.02253651810082238,50.329233569385764
2023-09-07,561.5499877929688,568.75,561.5499877929688,566.0,1352944,0.0,0.007924516612529686,0.13640013981563073,-0.014898950854494525,1496809.75,555.5780583560949,0.023323133219083303,0.9925176667661633,0.05809756531236287,50.469042589716025
2023-09-08,566.0,568.9000244140625,563.5499877929688,567.0999755859375,695069,0.0,0.001943419763140497,0.12188104982653283,-0.014898950854494525,1466031.8,555.6927042986804,0.02484865023340843,0.9902001815448881,0.01594521549046643,49.37677445061542
2023-09-11,567.25,571.25,566.9500122070312,569.7000122070312,690033,0.0,0.004584794098090539,0.12305638707816467,-0.014898950854494525,1440605.6,555.8320804967734,0.021150721055016586,0.9862558998239227,0.03725766564722601,44.712061295121245
2023-09-12,571.0,572.9500122070312,561.6500244140625,565.7000122070312,1086960,0.0,-0.00702123909828245,0.11415531742257358,-0.014898950854494525,1429909.5,555.9302688719999,0.010449293339650723,0.9933047337364294,-0.061506013401298694,48.19416031900019
2023-09-13,563.5999755859375,566.7000122070312,560.2000122070312,565.5,1206619,0.0,-0.0003535658524221885,0.11371786782530358,-0.014898950854494525,1458188.85,556.0254900772537,0.007034123930009795,0.9936693213451868,-0.0031091492312699132,50.71255825680166
2023-09-14,564.0999755859375,569.4000244140625,563.1500244140625,567.4500122070312,998731,0.0,0.0034482974483311946,0.11429192864824789,-0.014898950854494525,1399486.0,556.139166914366,0.002561859023023416,0.9908053381371248,0.030170959466738013,62.63441630543061
2023-09-15,568.0499877929688,569.2000122070312,560.5,565.5,2463912,0.0,-0.0034364475549959472,0.11181933589781656,-0.014898950854494525,1467233.85,556.2323095321335,-0.0028213289628241656,0.9942219296564159,-0.030732137872960398,66.09920013641405
2023-09-18,571.0,576.5999755859375,563.25,565.6500244140625,1469701,0.0,0.000265295161914203,0.10864654251125845,-0.014898950854494525,1483774.4,556.3260181379239,-0.007108983159889726,0.993772612356368,0.002441818500285243,74.68141318800055
2023-09-20,565.0,565.4000244140625,554.25,561.1500244140625,2487342,0.0,-0.007955449139530058,0.11102750314996747,-0.014898950854494525,1520616.3,556.3740182003731,-0.008043110650143626,1.0005301242717712,-0.07165295262251299,60.032055282701904
2023-09-21,559.75,561.4000244140625,553.5499877929688,560.1500244140625,2150267,0.0,-0.0017820546315473473,0.10071054468041732,-0.014898950854494525,1531451.6,556.4115904015044,-0.009460611115716167,1.0016780880802154,-0.017694814979445837,61.614540314588524
2023-09-22,559.4500122070312,564.9000244140625,557.5499877929688,561.2999877929688,956641,0.0,0.0020529560453186324,0.09164870156024998,-0.014898950854494525,1542265.45,556.4602311715688,-0.010838002082584675,0.9993052126503819,0.0224002717590745,62.719994406525345
2023-09-25,561.2999877929688,563.0,552.7999877929688,554.2999877929688,1426546,0.0,-0.012471049620941588,0.09995529244464177,-0.014898950854494525,1509422.35,556.4387362125779,-0.019805503460709528,1.0115867147944795,-0.12476626367919229,44.65870112446578
2023-09-26,554.25,557.9500122070312,553.0499877929688,555.4500122070312,1290222,0.0,0.0020747328872250392,0.09158303578487073,-0.014898950854494525,1499845.3,556.4288981627715,-0.01803237296347171,1.0096093090780904,0.022654115392696184,43.31314274703878
2023-09-27,555.0499877929688,562.0499877929688,553.7000122070312,561.0,1375349,0.0,0.009991876264285882,0.09457999961006595,-0.014898950854494525,1436469.45,556.474381763142,-0.0002673517019252669,1.0005882385580298,0.10564469495700356,49.251718343613874
2023-09-28,561.0,561.8499755859375,545.5499877929688,547.25,2182058,0.0,-0.02450980392156865,0.12625786658723448,-0.018952112378823764,1503280.9,556.3825968699764,-0.02302958823853729,1.0250296950394728,-0.19412494954035017,29.641715307427347
2023-09-29,548.9000244140625,552.9000244140625,546.75,551.5999755859375,838408,0.0,0.007948790472247502,0.12567328379294465,-0.018952112378823764,1308386.4,556.3350085984933,-0.017281333365375073,1.0168102346534087,0.06324963906288379,34.27993433635173
2023-10-03,555.2000122070312,555.5,546.0999755859375,553.5999755859375,1924677,0.0,0.003625815969037216,0.12586688892078476,-0.018952112378823764,1358414.4,556.307794339662,-0.0012628761003918854,1.013159366592644,0.02880674744611885,33.47019232113685
2023-10-04,552.0,557.2000122070312,550.5999755859375,555.3499755859375,1096308,0.0,0.003161127307037548,0.1263186702545317,-0.014898950854494525,1366005.55,556.298263804799,-0.00018010013303670913,1.0097371438205294,0.02502501847444802,38.85895155014394
2023-10-05,555.3499755859375,558.0,547.4500122070312,550.75,1509964,0.0,-0.008283021136507918,0.12605391724229675,-0.014898950854494525,1391881.4,556.2430571997761,-0.018270944741533013,1.017344529077891,-0.0657101394436253,35.49655144429465
2023-10-06,551.0,551.9000244140625,545.7999877929688,547.1500244140625,1061490,0.0,-0.0065364967515887384,0.1267519371471728,-0.014898950854494525,1413162.05,556.1525792616098,-0.00018268722875747212,1.0227222448175057,-0.051569201883732436,30.66665573418176
2023-10-09,543.1500244140625,545.2000122070312,540.0999755859375,541.75,1076708,0.0,-0.009869367034837206,0.12935226796220498,-0.014898950854494525,1399350.25,556.0092700152256,-0.01785709938705915,1.0306783594290783,-0.0762983628144601,28.775673987977868
2023-10-10,544.9500122070312,545.4000244140625,541.75,543.8499755859375,814992,0.0,0.003876281653784064,0.1262903866455696,-0.014898950854494525,1405346.4,555.8882820109541,-0.0176119949963518,1.0245610485141134,0.030693399947604394,31.17436469410002
2023-10-11,544.4500122070312,546.7000122070312,543.0999755859375,543.75,1039964,0.0,-0.00018382934710958754,0.12569487978162983,-0.014898950854494525,1422842.95,555.767503085472,-0.020887685416207336,1.0223632195132901,-0.001462504541186638,33.73825774761795
2023-10-12,545.4500122070312,546.2000122070312,538.7999877929688,541.0,903301,0.0,-0.005057471264367841,0.12378262274821891,-0.014898950854494525,1413660.0,555.6205627562633,-0.017703132092600993,1.0252772643253234,-0.04085768053306018,32.66962279092428
2023-10-13,541.9000244140625,542.4500122070312,536.5,538.8499755859375,1607850,0.0,-0.003974167123960259,0.12280453318228055,-0.014898950854494525,1433721.55,555.4536912421307,-0.015169603322257807,1.0268952841235641,-0.032361727188393564,30.044411865773867
2023-10-16,538.0,538.9500122070312,534.5499877929688,536.9500122070312,1807237,0.0,-0.0035259598496599764,0.12266776918599967,-0.014898950854494525,1474146.85,555.2695750328263,-0.008860152825046153,1.0276887722027526,-0.028743977212741467,33.04006959597872
2023-10-17,537.0999755859375,543.0,536.0,540.25,2040439,0.0,0.006145800759748132,0.12463805715885287,-0.014898950854494525,1452973.2,555.120126525037,-0.006619427686944235,1.0190745002856028,0.049309178967892914,35.741040712748855
2023-10-18,538.1500244140625,540.7999877929688,533.3499755859375,534.0,1251181,0.0,-0.011568718186025007,0.12868471943209106,-0.013048910421400406,1442047.2,554.9099760123501,-0.017931034482758568,1.028038384941187,-0.08989969701206856,24.999943421023858
2023-10-19,525.0,528.3499755859375,520.5,525.6500244140625,4093512,0.0,-0.015636658400631998,0.13567731163619634,-0.014743805416567602,1522355.7,554.6188322153522,-0.028373337497111795,1.0409920520189266,-0.11524887292925755,27.77773583538611
2023-10-20,523.0,526.25,516.0,524.7999877929688,7600488,0.0,-0.0016171151557374808,0.13479982194492238,-0.014743805416567602,1794866.75,554.3221272957265,-0.0260740251081778,1.0393102294482308,-0.011996418188401118,20.288205513560698
2023-10-23,524.7999877929688,526.0,518.6500244140625,521.3499755859375,1535943,0.0,-0.006573956340090947,0.13520879947030462,-0.014743805416567602,1823831.85,553.9940461841865,-0.0290530519907668,1.0423564219149177,-0.048620769355526054,15.359773592345306
2023-10-25,517.2999877929688,525.0,516.2999877929688,517.9000244140625,2014418,0.0,-0.006617342156768347,0.1341527908974801,-0.014743805416567602,1853225.45,553.6349016889613,-0.04136969104291999,1.0457858108058737,-0.04932690269974561,11.191662227844503
2023-10-26,517.9000244140625,517.9000244140625,504.1000061035156,508.4500122070313,2400780,0.0,-0.0182467884949854,0.14021670021899957,-0.015767164905349667,1908753.35,553.1853007985939,-0.04784641908795639,1.0606008142422163,-0.1301327671037666,10.169438897128302
2023-10-27,510.8999938964844,525.8499755859375,509.0499877929688,524.5499877929688,2125985,0.0,0.031664815024887494,0.1864033630952624,-0.015767164905349667,1946285.15,552.9003723109757,-0.002092716769717562,1.0245734607661632,0.16987254307198094,32.77433982374539
2023-10-30,524.5,524.7000122070312,521.7000122070312,523.4500122070312,1711768,0.0,-0.0020969890602144936,0.1806840127050757,-0.015767164905349667,1922770.65,552.6073339019813,-0.0025723620757210908,1.0244531176668468,-0.01160583558424165,35.07338664168505
2023-10-31,524.5999755859375,531.0499877929688,522.25,528.9000244140625,1687120,0.0,0.010411714738628675,0.16898535043294557,-0.015767164905349667,1965206.25,552.3714402752358,0.014481728554105455,1.011750755698057,0.061613116733624435,38.437761901007704
2023-11-01,530.5,532.0,516.2000122070312,517.0999755859375,2712123,0.0,-0.02231054695298529,0.17968239420285295,-0.015767164905349667,2004578.55,552.0204804275811,-0.0015447939571544556,1.0313092720326773,-0.12416656517906859,32.54745708778985
2023-11-02,519.75,533.5,517.3499755859375,530.4000244140625,1919439,0.0,0.025720459207243973,0.2045449605933471,-0.015767164905349667,2045735.1,551.8053515120238,0.043170442875500425,1.00309667673716,0.1257447647460296,43.901051363142585
2023-11-03,534.0999755859375,537.8499755859375,531.4000244140625,535.5,1337219,0.0,0.00961533814326554,0.2077766370009206,-0.015767164905349667,2037097.85,551.6431092084216,0.02087505950215185,0.9921195178917922,0.04627728034913826,48.135794863119564
2023-11-06,536.9000244140625,539.5499877929688,533.3499755859375,537.9500122070312,478913,0.0,0.004575186194269332,0.207379054744453,-0.015767164905349667,2007969.0,551.5068594870147,0.027700830378938113,0.9867459599878509,0.02206194824876463,50.553097117469235
2023-11-07,539.0,539.9000244140625,532.8499755859375,536.0999755859375,823342,0.0,-0.003439049315202447,0.20662052818463453,-0.015767164905349667,1995300.7,551.3535571596408,0.013613066438882049,0.9896241823554311,-0.016644276243871454,47.667216902547516
2023-11-08,538.7000122070312,539.7999877929688,533.4000244140625,539.25,776461,0.0,0.005875815253711947,0.20519380638934473,-0.015767164905349667,1993374.15,551.2331237550674,0.04283509081384862,0.9834167848320874,0.028635440176047456,53.05765514237384
2023-11-09,540.0,540.0,533.0,534.8499755859375,1366713,0.0,-0.008159526034422826,0.20645663879956946,-0.015767164905349667,2009711.6,551.0701073553745,0.008389801974068245,0.9906750008159322,-0.039521740190330175,55.616565666279854
2023-11-10,532.6500244140625,535.0,526.7000122070312,533.3499755859375,1361649,2.75,-0.002804524761091609,0.20657137089189348,-0.015767164905349667,2032629.0,550.8937876362756,-0.004014984900210128,0.9927440199047745,-0.01357654070463576,55.17866520870106
2023-11-13,535.5,535.7999877929688,525.9500122070312,530.0999755859375,979880,0.0,-0.006093559855195552,0.20686892968136836,-0.015767164905349667,2001230.5,550.6868840337848,-0.014592501985245088,0.9980051370395335,-0.029456137130016758,55.312683344741856
2023-11-15,523.0499877929688,527.5,516.7000122070312,526.0,3398705,0.0,-0.007734344038415886,0.20798274069812978,-0.015767164905349667,2080803.9,550.4412433966328,-0.018839724017705062,1.004743342526512,-0.03718743026743436,54.8794960960498
2023-11-16,532.25,535.4000244140625,526.2000122070312,534.9000244140625,1612231,0.0,0.01692019850582227,0.2168101067338628,-0.015767164905349667,2059393.5,550.2866044017813,-0.00806671411393134,0.9875256595253977,0.07804155433665501,66.04000542506535
2023-11-17,535.7999877929688,542.5999755859375,531.6500244140625,540.7000122070312,1512369,0.0,0.010843124935958182,0.21911183938060894,-0.015767164905349667,2072452.9,550.1912154247192,0.010937715038100038,0.9775522250175502,0.04948671177122465,61.19195526943422
2023-11-20,540.7000122070312,545.4500122070312,537.2000122070312,543.2000122070312,1910044,0.0,0.0046236359229872015,0.21536648630198307,-0.015767164905349667,1963279.5,550.1216512135979,0.018468242377385424,0.9746686073119261,0.021468687109549394,63.42620933517517
2023-11-21,545.6500244140625,545.6500244140625,539.25,540.8499755859375,1379849,0.0,-0.004326282342199339,0.20785631090790793,-0.015767164905349667,1652247.55,550.0293957347158,0.020279193539138873,0.9803873952381178,-0.0208138117874035,58.48113405159542
2023-11-22,540.7000122070312,541.9500122070312,537.5499877929688,541.0,680568,0.0,0.00027738637484442386,0.20760873458644843,-0.015767164905349667,1609478.8,549.9395510010371,0.028517110266159662,0.9819316081330869,0.0013361015953204224,70.32309077675907
2023-11-23,541.0,542.0,535.25,540.3499755859375,800753,0.0,-0.0012015238707254738,0.20579266325176399,-0.015767164905349667,1548795.55,549.8441323401903,0.010188728590627694,0.985190194524084,-0.0058385162685337475,60.77997770284413
2023-11-24,542.0,542.0999755859375,536.0,537.3499755859375,440877,0.0,-0.005551957315713563,0.20527698762394578,-0.015767164905349667,1450800.4,549.7198123724863,-0.006195739865844541,0.9933795849631903,-0.02704617360920482,52.09985046859777
2023-11-28,536.5,537.3499755859375,531.0499877929688,533.7999877929688,2251292,0.0,-0.0066064724188323876,0.1946111740348568,-0.015767164905349667,1457065.75,549.5614061577647,-0.017304904644368513,1.0008523940520335,-0.03394703367946779,45.40419592810132
2023-11-29,533.7999877929688,536.0499877929688,532.0,534.5999755859375,1815670,0.0,0.001498665813531197,0.16290979721268495,-0.015767164905349667,1462260.85,549.4125362018262,-0.011555884777897929,1.0003975277221326,0.009199359075875843,48.29932334058503
2023-11-30,534.5999755859375,540.4000244140625,533.0,538.0499877929688,3167951,0.0,0.00645344624875821,0.1635832924735309,-0.015767164905349667,1536302.4,549.2994760186535,-0.005452887628523584,0.994833201764501,0.0394505194061749,48.648637349335836
2023-12-01,540.0,544.4000244140625,537.7000122070312,541.1500244140625,1584387,0.0,0.005761614518029923,0.1611161806272714,-0.015767164905349667,1479915.6,549.2183869479611,0.0014806123147454997,0.9913563158159491,0.035760617822444225,57.30862458585088
2023-12-04,544.9000244140625,548.9000244140625,541.7000122070312,547.0,2125643,0.0,0.010810265771070915,0.13981962949227233,-0.015767164905349667,1490225.8,549.1963134459914,0.017958546296647615,0.9822714685304074,0.0773157891861707,64.3835649779908
2023-12-05,548.9500122070312,552.5,546.7999877929688,552.0,1748869,0.0,0.009140767824497242,0.11505279754091577,-0.015767164905349667,1510808.3,549.2242108246384,0.03409519037698061,0.9748686472574869,0.07944845519086137,72.25608903460622
2023-12-06,554.75,554.9000244140625,549.2999877929688,550.0499877929688,1028497,0.0,-0.0035326308098392323,0.11297957374225444,-0.015767164905349667,1538287.5,549.2324275108905,0.02890013638720723,0.9794246050746231,-0.03126786887353371,75.55784423383018
2023-12-07,550.0499877929688,550.9500122070312,537.4500122070312,545.7999877929688,1150700,0.0,-0.007726570483262418,0.11647105798260488,-0.015767164905349667,1554655.4,549.1982738818565,0.014403866138515742,0.9879397301861349,-0.066338968269926,62.853704287896335
2023-12-08,548.9000244140625,556.25,545.7999877929688,547.5,2453675,0.0,0.0031147164621705414,0.1157357416514367,-0.015767164905349667,1638516.1,549.1813756342758,0.011734223966473945,0.9856255573986873,0.026912310307978,58.87724297970187
2023-12-11,548.0,551.3499755859375,545.0499877929688,550.5,1278433,0.0,0.005479452054794498,0.11553450876654851,-0.015767164905349667,1634102.1,549.1944962747308,0.006398537477148025,0.9816757382315793,0.047426969128303506,59.40717391310412
2023-12-12,550.5,553.5999755859375,546.7000122070312,549.0,1418773,0.0,-0.0027247956403270157,0.11156612931165114,-0.015767164905349667,1636958.3,549.192560988415,-0.005434782608695676,0.9857832333646404,-0.024423141798565924,60.73782413012125
2023-12-13,547.5499877929688,549.3499755859375,543.0999755859375,547.5499877929688,1628806,0.0,-0.0026411879909494784,0.11149242099651589,-0.015767164905349667,1669404.6,549.17621697652,-0.004545041460742638,0.9899872300471995,-0.02368939278965058,58.34392031102697
2023-12-14,548.7000122070312,549.7000122070312,544.5999755859375,547.4500122070312,2078199,0.0,-0.00018258713937790993,0.10840745667074757,-0.015767164905349667,1603379.3,549.1590408096595,0.0030231301776584285,0.9921271060863348,-0.001684267191045604,59.173170821531286
2023-12-15,547.9500122070312,548.0,537.25,539.7000122070312,2655593,0.0,-0.014156543660956533,0.11726381476789831,-0.015767164905349667,1655547.4,549.0649211220712,-0.014246553046518229,1.0068185722387868,-0.1207238778794462,52.70429897962309
2023-12-18,539.7000122070312,543.0499877929688,537.2999877929688,540.5,2700975,0.0,0.001482282332544882,0.10254223987070868,-0.015767164905349667,1714977.7,548.9796980263292,-0.01816530426884655,1.0053098892084875,0.01445533264984756,58.230970558317246
2023-12-19,541.4500122070312,551.5,539.7000122070312,548.2000122070312,2155547,0.0,0.014246091039835873,0.10742196211499455,-0.015767164905349667,1727252.85,548.9719399584754,-0.0014571726647882866,0.9916453539075916,0.13261803669537478,64.28574157342862
2023-12-20,550.0,551.4000244140625,532.2999877929688,534.9500122070312,3685894,0.0,-0.02417001040670541,0.1364749278666609,-0.018449976417885393,1842555.1,548.8324182893069,-0.02301155303961322,1.015655639873076,-0.1771021902227943,47.29967386771954
2023-12-21,533.25,534.0,527.0499877929688,530.25,6150231,0.0,-0.008785890456643797,0.1388249394047278,-0.018449976417885393,2116038.25,548.6475186048363,-0.03141841597133188,1.0236445015525548,-0.06328754661404247,40.76269107779827
2023-12-22,531.9500122070312,532.6500244140625,526.5,529.2999877929688,3869597,0.0,-0.0017916307534771025,0.13878782022159877,-0.018449976417885393,2269480.45,548.4550058604395,-0.019270009595762305,1.0244379559114676,-0.012909134400447463,33.641404510319774
2023-12-26,530.0,534.7999877929688,529.0,530.5999755859375,1655240,0.0,0.002456051054127828,0.1392996393853299,-0.018449976417885393,2330198.6,548.2773438676584,-0.018316418897432962,1.0212919760506594,0.017631423086600265,28.76982725364809
2023-12-27,531.0,536.0499877929688,530.0499877929688,534.3499755859375,3308899,0.0,0.0070674711129772305,0.14076119812502763,-0.018449976417885393,2383078.95,548.1387630887358,-0.025264568246421648,1.014176142431743,0.05020894042554484,34.96167755415851
2023-12-28,534.5499877929688,545.75,534.3499755859375,543.0999755859375,3512802,0.0,0.01637503583752431,0.14986013113961813,-0.015767164905349667,2467935.55,548.0886258996533,0.015234999893321222,0.9986190781229806,0.10926878697030191,47.619037249493104
2023-12-29,544.75,560.0,543.6500244140625,557.2000122070312,4120332,0.0,0.025962138197265672,0.17329158688561822,-0.015767164905349667,2515554.6,548.1792864599257,0.05082510552952613,0.9750672761419036,0.14981764069265333,57.01881831160817
2024-01-01,560.0,563.0,555.0,557.4500122070312,1417550,0.0,0.00044867192125463973,0.17260752743313829,-0.015767164905349667,2507212.75,548.2715324872602,0.0531834971911489,0.9760920004366458,0.0025993761797826385,55.23738373503554
2024-01-02,559.4500122070312,562.3499755859375,551.3499755859375,556.8499755859375,1201767,0.0,-0.0010763953860510878,0.17222724483390792,-0.015767164905349667,2461018.95,548.3568901300331,0.04947229779084017,0.9780282306106365,-0.0062498550945908025,55.9969187506472
2024-01-03,557.0,562.7000122070312,546.5999755859375,551.0999755859375,2733401,0.0,-0.01032594101122053,0.17326538355693522,-0.015767164905349667,2510245.55,548.384184512679,0.031346497174689514,0.9881510057012665,-0.05959609590375249,52.5447917845219
2024-01-04,554.6500244140625,567.2999877929688,550.9000244140625,566.25,3064476,0.0,0.027490519116707857,0.1951860976639157,-0.015767164905349667,2612044.5,548.5619538210105,0.042625714333878406,0.9631434803135347,0.14084260117550396,61.084884000882376
2024-01-05,571.0,571.6500244140625,564.5,569.0499877929688,2834989,0.0,0.004944790804359833,0.1947577494436897,-0.015767164905349667,2696258.95,548.7658148555574,0.021267005251849325,0.9604472497175093,0.025389441830118816,68.37817125836749
2024-01-08,572.5,572.5,551.0,553.25,2152367,0.0,-0.027765553346636884,0.21795506153041047,-0.018449976417885393,2681193.55,548.8104336132136,-0.00753432974268442,0.9883958350249238,-0.12739117815280043,56.721131636252295
2024-01-09,555.0,556.0,546.2000122070312,547.8499755859375,2107464,0.0,-0.009760550228761877,0.22073002577695827,-0.018449976417885393,2722645.1,548.8008768169224,-0.01616234245234527,0.9978963564288399,-0.044219402196014,49.81089338463166
2024-01-10,548.8499755859375,551.4000244140625,542.2999877929688,547.3499755859375,1758621,0.0,-0.0009126586150984828,0.21988438033610083,-0.018449976417885393,2739637.5,548.7864399887534,-0.00680457297428283,0.9986571986250335,-0.004150629399856228,57.769389815625814
2024-01-11,549.5999755859375,556.0,548.4500122070312,552.0,2089001,0.0,0.008495523196259569,0.22167744390725197,-0.018449976417885393,2762647.25,548.8184157102584,-0.025165562913907258,0.9906476338704427,0.03832380355565626,63.63634265201633
2024-01-12,552.0,552.9500122070312,548.0,549.7000122070312,1029614,0.0,-0.004166644552479615,0.2219997521645745,-0.018449976417885393,2710218.0,548.827187814704,-0.034003999650338956,0.9949972380398798,-0.018768689262787443,62.57706515059578
2024-01-15,551.0,557.5,548.25,554.1500244140625,1524201,0.0,0.00809534674951995,0.2236285774660209,-0.018449976417885393,2653648.4,548.8801513629563,0.0016267951451649498,0.9883108731898449,0.03619996370432734,63.976269749103345
2024-01-16,556.1500244140625,561.9000244140625,552.9500122070312,558.7999877929688,2027207,0.0,0.008391163356570974,0.2183662824348995,-0.018449976417885393,2619960.0,548.978856203056,0.019987245952361343,0.9817242410172206,0.03842700841327235,64.35700968345648
2024-01-17,557.8499755859375,557.8499755859375,546.0999755859375,549.4500122070312,2075918,0.0,-0.01673224013992214,0.22756723453255093,-0.018449976417885393,2615978.55,548.9835443224986,0.0038367346574659233,0.9985439652511183,-0.07352657529554427,53.70264253696736
2024-01-18,546.2000122070312,549.9500122070312,535.3499755859375,539.4500122070312,1520695,0.0,-0.018200017795671708,0.2312820252467022,-0.018449976417885393,2507718.6,548.8886833064242,-0.022735485132189814,1.017471464410378,-0.07869187840836081,39.13043796560815
2024-01-19,543.25,543.9500122070312,539.5499877929688,542.2999877929688,1965102,0.0,0.00528311339595211,0.21553469975889036,-0.018449976417885393,2298462.15,548.8231241470864,-0.013461932417195288,1.0132353045449527,0.024511659406793958,41.00888751994814
2024-01-23,544.4000244140625,544.4000244140625,522.5999755859375,524.7999877929688,2256565,0.0,-0.032269962002434927,0.2423000014479483,-0.022403520125671296,2217810.55,548.5840879644584,-0.052964062668999,1.0465939520997292,-0.13318184266519223,34.15719253967987
2024-01-24,525.75,537.4000244140625,522.2000122070312,536.5999755859375,914551,0.0,0.022484733360214504,0.25479040484858595,-0.022403520125671296,2180776.1,548.4648430651696,-0.03972801125982883,1.0241381257724655,0.08824795616262286,43.23693716155925
2024-01-25,536.5999755859375,537.5499877929688,529.0499877929688,531.5999755859375,924085,0.0,-0.009317928116825303,0.25706619762354976,-0.022403520125671296,2061535.4,548.2970334385105,-0.03248709841572972,1.0335120739623047,-0.03624719173696516,32.14835102835946
2024-01-29,515.0,535.9500122070312,515.0,534.25,1316110,0.0,0.004984997245610412,0.25646725532665776,-0.022403520125671296,1951700.8,548.1572619615104,-0.009639469996036598,1.027557313068481,0.019437167699593593,32.04334311943323
2024-01-30,534.25,537.7000122070312,533.25,535.9500122070312,1603876,0.0,0.0031820537333293597,0.2499168976219487,-0.022403520125671296,1825878.0,548.0357967898241,-0.011709341192833844,1.0223154809728499,0.012732446810453006,39.55314586097883
2024-01-31,535.9500122070312,545.5999755859375,534.0,539.5999755859375,3475918,0.0,0.006810268300724065,0.2325565586242643,-0.018498517426223392,1928796.4,547.9518582703824,0.02820119690781553,1.0137463258440462,0.029284351506438166,44.910544367053184
2024-02-01,547.0,575.5,547.0,554.4000244140625,11117689,0.0,0.02742781597062538,0.2531612860693783,-0.018498517426223392,2424592.5,548.0160191275335,0.033171915091289916,0.9864627904646884,0.10834126857649222,53.69693260771708
2024-02-02,554.5,559.0,539.75,544.6500244140625,3318354,0.0,-0.017586579312121486,0.2602908230816037,-0.018498517426223392,2453840.15,547.9825266428223,0.024548625710038907,1.0035297403072725,-0.06756511208601775,46.341473724005375
2024-02-05,543.0,544.7999877929688,532.2999877929688,533.6500244140625,1417520,0.0,-0.020196455534604696,0.2669429327492882,-0.020395133278209732,2371492.35,547.8399146803472,-0.0011230240260879931,1.0211608242267642,-0.07565832356007678,42.647735548629534
2024-02-06,534.25,537.4000244140625,531.25,532.7000122070312,1247440,0.0,-0.0017802158035584714,0.24542292854608502,-0.020395133278209732,2292114.9,547.6892688845928,-0.006063998369207124,1.0195700911471297,-0.0072536650979109114,39.848547205985206
2024-02-07,533.1500244140625,538.4500122070312,530.6500244140625,537.4000244140625,1784199,0.0,0.0088229999987397,0.24732331698723795,-0.020395133278209732,2273706.5,547.5868883425976,-0.004077003838790283,1.0091784082295465,0.035673949991765125,39.87702884619989
2024-02-08,539.7000122070312,541.0,532.0,533.9500122070312,1488521,0.0,-0.0064198214557077415,0.23043975339449912,-0.020395133278209732,2242759.35,547.451198032791,-0.036886744780800784,1.0143973980128795,-0.027859000378842563,42.2344726779891
2024-02-09,534.9000244140625,540.0,528.6500244140625,539.2000122070312,1786915,0.0,0.009832381084325936,0.23167724591324684,-0.020395133278209732,2244174.05,547.369096681291,-0.0100064481093054,1.0037648231265281,0.04243999284939623,49.86849026238596
2024-02-12,539.2000122070312,543.75,535.4000244140625,536.5499877929688,1454041,0.0,-0.004914733594340137,0.23214747195030094,-0.020395133278209732,2212426.05,547.2614438565315,0.005434204527752673,1.0072826699625235,-0.021170738330008262,46.96890131186173
2024-02-13,536.3499755859375,539.9000244140625,531.1500244140625,538.75,725665,0.0,0.004100293089336793,0.23041171154553627,-0.020395133278209732,2197228.6,547.1767528728845,0.011357213542952715,1.0021531390479987,0.017795505635881687,58.7680658558837
2024-02-14,533.5499877929688,545.25,533.25,544.2999877929688,828939,0.0,0.01030160147186776,0.23338222751515866,-0.020395133278209732,2162465.5,547.1481283447262,0.012839529336511335,0.9910297885882533,0.04414046922143614,55.252387797703555
2024-02-15,545.9500122070312,547.3499755859375,540.9000244140625,544.2000122070312,1006711,0.0,-0.00018367736207913765,0.23135323090434348,-0.020395133278209732,2111440.7,547.1187938557939,0.01919655354558869,0.9898704354435475,-0.0007939260386461665,59.21054145806491
2024-02-16,545.0999755859375,547.8499755859375,541.0,544.5,839405,0.0,0.0005512454726932514,0.22902781699823835,-0.020395133278209732,2049615.05,547.0927362054875,0.009829353992918177,0.988870527899736,0.0024068929960091336,57.75926741927666
2024-02-19,545.0,550.2000122070312,540.25,547.6500244140625,1353397,0.0,0.005785168804522511,0.2229064059603742,-0.020395133278209732,2041250.15,547.0982813617918,0.02068779586922065,0.9839313047201632,0.025953352574431657,58.66666775061939
2024-02-20,551.2000122070312,551.2000122070312,543.0,547.5499877929688,1057848,0.0,-0.00018266523625332098,0.21294939525038414,-0.020395133278209732,1995887.45,547.1027759531468,0.01633408407047554,0.9845904758847311,-0.0008577870224081853,56.215789958429816
2024-02-21,547.5999755859375,549.8499755859375,544.3499755859375,546.2999877929688,1636393,0.0,-0.0022828965900235643,0.21255314179786858,-0.020395133278209732,1964878.85,547.0947880112544,0.0036744443227154644,0.9888111204872893,-0.010740356333057473,41.96426289122567
2024-02-22,546.5,546.5,538.6500244140625,541.5999755859375,1264327,0.0,-0.008603354040001232,0.17998488884936037,-0.020395133278209732,1982367.65,547.0401132607537,-0.0047777224600733526,0.9978536325949388,-0.04780042156315498,46.63721897378443
2024-02-23,542.0999755859375,544.5499877929688,534.25,535.2999877929688,1160683,0.0,-0.011632178871782695,0.1684471016784877,-0.020395133278209732,1994197.55,546.9232960919201,-0.016896257496843425,1.009943052476211,-0.06905537741712572,52.02947080552256
2024-02-26,534.1500244140625,537.0999755859375,526.8499755859375,529.25,1180365,0.0,-0.011302051057226259,0.16995429742365176,-0.020395133278209732,1987410.3,546.7474423994631,-0.03359814405878814,1.0210155950157946,-0.06650052728027184,46.22949974446732
2024-02-27,527.9000244140625,538.2000122070312,526.0,535.5999755859375,2954271,0.0,0.011998064404227682,0.1743080831589407,-0.020395133278209732,2054930.05,546.6365223316668,-0.021824513694537084,1.0088779433567285,0.068832514812077,48.101215152249615
2024-02-28,535.3499755859375,541.4500122070312,531.9000244140625,536.25,2697005,0.0,0.0012136378709715068,0.1740136922916816,-0.020395133278209732,2015984.4,546.5331738507547,-0.018396463513701167,1.007342663033581,0.006974381068780481,52.57845936909082
2024-02-29,536.2999877929688,539.3499755859375,532.2999877929688,538.1500244140625,2453976,0.0,0.003543169070512775,0.1727861465124386,-0.020395133278209732,1582798.75,546.4497594284991,-0.006369924902863255,1.0022762772129001,0.020506093439596293,48.72728924145072
2024-03-01,538.1500244140625,544.9500122070312,538.1500244140625,541.0999755859375,762406,0.0,0.005481652026471329,0.142920154796234,-0.020395133278209732,1455001.35,546.3965277484735,0.010835023211717143,0.9964840601341262,0.038354643897078496,55.475317658706786
2024-03-04,538.0,539.7000122070312,531.7999877929688,537.2999877929688,2030164,0.0,-0.007022709230126822,0.13183672930987403,-0.020395133278209732,1485633.55,546.3060149130954,0.015210180052845912,1.0038712284265483,-0.053268226041455584,48.319798872604004
2024-03-05,535.1500244140625,536.7999877929688,533.0499877929688,534.75,1464768,0.0,-0.004745929370747137,0.11234318565446523,-0.020395133278209732,1496499.95,546.1910296900795,-0.0015869597174787975,1.0088499264496407,-0.042244920514316026,38.1071026023825
2024-03-06,534.7999877929688,536.0,528.25,531.5,1082367,0.0,-0.006077606358111276,0.11423042832404176,-0.020395133278209732,1461408.35,546.0448502901783,-0.008857808857808847,1.0144637760079815,-0.05320478890985871,35.334854634726796
2024-03-07,531.5,537.75,530.5,535.25,894981,0.0,0.007055503292568099,0.11264728021706431,-0.020395133278209732,1431731.35,545.9374388445049,-0.005388877232180844,1.0074778072636912,0.0626335820326666,40.10695175155137
2024-03-11,535.25,538.4000244140625,531.5999755859375,533.4000244140625,984138,0.0,-0.0034562832058617765,0.1110307390731699,-0.020395133278209732,1391592.5,545.8126884521621,-0.01423018207224458,1.010428331982718,-0.031129063207382904,34.323415395742344
2024-03-12,530.5499877929688,532.2999877929688,525.8499755859375,529.0,1011782,0.0,-0.008249014271973332,0.10843977593960351,-0.020395133278209732,1369479.55,545.6453980198023,-0.01544758604417995,1.0181190880124644,-0.0760699977457323,31.356773227524727
2024-03-13,529.5499877929688,531.4000244140625,515.7999877929688,519.9500122070312,2666699,0.0,-0.01710772739691635,0.12157652511609092,-0.020395133278209732,1466531.25,545.3897225390783,-0.027676461510927952,1.0340320906750329,-0.14071570127064845,27.10685560667578
2024-03-14,517.0,530.7999877929688,516.1500244140625,529.6500244140625,2047715,0.0,0.018655663004713885,0.13915950202048985,-0.020395133278209732,1527470.05,545.2331086273867,-0.0034806690234007176,1.0137118384804604,0.13405956038396444,40.44766964204645
2024-03-15,528.9500122070312,530.3499755859375,524.25,526.5499877929688,1710825,0.0,-0.005852990613043452,0.13411958604094013,-0.020395133278209732,1562675.75,545.0472069275418,-0.01625410968151564,1.0180040095073661,-0.04364008531055239,42.62847201454202
2024-03-18,526.5499877929688,526.5499877929688,521.0999755859375,523.5999755859375,1247334,0.0,-0.005602530197363009,0.13473949170925179,-0.020395133278209732,1583072.2,544.8338016405606,-0.018372794112430535,1.0217437404574279,-0.04158045804156567,44.97775596444425
2024-03-19,523.25,530.0,516.5499877929688,518.3499755859375,2071489,0.0,-0.010026738435434335,0.13736908635718645,-0.018299839682618356,1618976.8,544.5702809833007,-0.02013237129312384,1.0292659790600007,-0.07299122365457554,34.36084092483934
2024-03-20,518.3499755859375,521.2000122070312,512.0,520.2000122070312,925067,0.0,0.0035690878908647417,0.13593153616629636,-0.018299839682618356,1612337.75,544.3277907467209,0.00048081545173706,1.0229767086704766,0.026256509188076035,35.75867128444334
2024-03-21,522.25,525.6500244140625,518.5,523.9500122070312,973386,0.0,0.007208765690123853,0.13981420777923112,-0.018299839682618356,1579187.4,544.1250267811519,-0.010761846397226216,1.0135222543878155,0.05155960391314858,37.800679265873406
2024-03-22,524.0,527.3499755859375,519.0,520.7999877929688,1072318,0.0,-0.006012070504194944,0.14048468106805798,-0.018299839682618356,1569586.95,543.892936840971,-0.010920140790622868,1.0176555502908957,-0.042795200377259535,32.619898816795285
2024-03-26,512.5999755859375,522.25,512.5999755859375,521.0999755859375,1961179,0.0,0.0005760134408605566,0.1388318570478722,-0.018299839682618356,1609611.75,543.6661412065926,-0.0047746373502067785,1.0157072008369465,0.004149000176320721,35.24591339597785
2024-03-27,524.0,524.4000244140625,519.0999755859375,521.6500244140625,2638465,0.0,0.001055553356160699,0.1343955623939614,-0.018299839682618356,1682516.75,543.447075367861,0.006366449278587538,1.013907742788632,0.007854078355100087,37.61820471032364
2024-03-28,522.0,526.0,517.75,523.1500244140625,2312982,0.0,0.002875491095174043,0.12985866415759742,-0.018299839682618356,1650452.3,543.2451146618531,0.0056709191422648075,1.009810716939924,0.022143234665127774,41.83777928609259
2024-04-01,523.5,530.5999755859375,523.5,529.1500244140625,847682,0.0,0.01146898541526431,0.12922743666640005,-0.018299839682618356,1557986.15,543.1048650076463,0.009924634193875237,0.9976896495960479,0.08875038322835113,44.288427924322306
2024-04-02,529.1500244140625,532.5499877929688,527.6500244140625,531.5999755859375,1175093,0.0,0.0046299745985798335,0.1303503416988896,-0.018299839682618356,1494042.0,542.9903884959874,0.02073730423600173,0.9924755911030119,0.03551946380072003,48.333291764494156
2024-04-03,530.9000244140625,532.4000244140625,528.5999755859375,531.0,1176084,0.0,-0.0011286222977647808,0.1295798849636162,-0.018299839682618356,1514725.9,542.8710811477687,0.01899832062538609,0.9926459533346574,-0.00870985655669561,51.992028821126844
2024-04-04,531.0,531.9500122070312,502.2999877929688,506.0499877929688,10445923,0.0,-0.046986840314559686,0.204397694403462,-0.020574910425206303,1935513.85,542.5047021094125,-0.029905177592230103,1.0384991876251264,-0.22987949131665417,39.48562481941514
2024-04-05,510.0,510.0,504.0,507.8999938964844,7615006,0.0,0.0036557773898662216,0.20516367682290657,-0.020574910425206303,2243025.75,542.1603766545576,-0.029150396264739586,1.0320732569694873,0.017818832594004904,31.33047517563729
2024-04-08,508.0499877929688,509.8500061035156,502.2000122070313,503.0499877929688,3602540,0.0,-0.009549135975189693,0.20646871660756955,-0.018299839682618356,2369034.4,541.7712185564324,-0.049324455101357634,1.0391959308034449,-0.04624979352606519,30.41668651687104
2024-04-09,506.5,508.5,502.5,503.1499938964844,2217268,0.0,0.00019879953472279333,0.20636715475432146,-0.018299839682618356,2435148.75,541.386927763796,-0.05351765048163348,1.0357994759455795,0.0009633292920385986,32.108519577261944
2024-04-10,505.0,506.9500122070313,502.25,506.25,1978008,0.0,0.006161196742761721,0.20586668398649008,-0.018299839682618356,2484842.25,541.037306592017,-0.04661016949152541,1.02677530623071,0.029928089014564188,39.0000343023226
2024-04-12,507.0,507.6499938964844,499.1000061035156,500.6000061035156,4166549,0.0,-0.011160481770833286,0.2080045891702642,-0.018299839682618356,2642580.6,540.6349453931265,-0.010769650866354397,1.0355273527049844,-0.05365497597338107,33.33333325396822
2024-04-15,495.8999938964844,497.0,489.2000122070313,495.2000122070313,3600795,0.0,-0.010787043209439573,0.20900508796681516,-0.018299839682618356,2689285.4,540.1828565057027,-0.02500488647779242,1.044320448983078,-0.05161138802055579,26.220021283906306
2024-04-16,495.2000122070313,505.6000061035156,492.3500061035156,503.8999938964844,2928056,0.0,0.017568621718482058,0.2140859329983622,-0.018299839682618356,2733302.45,539.8218329971533,0.0016897050474939945,1.0237348755843927,0.08206340627705978,37.19696832198003
2024-04-18,505.75,507.9500122070313,501.0,503.8500061035156,2604037,0.0,-9.920181300704378e-05,0.20142767793631458,-0.018299839682618356,2777963.05,539.463904371346,0.0013912594962195435,1.021583789300126,-0.0004924934303888175,36.88214631772284
2024-04-19,501.6000061035156,505.7999877929688,496.0499877929688,504.2000122070313,2183936,0.0,0.0006946632912092632,0.20124818551862786,-0.018299839682618356,2824793.15,539.1130198721985,-0.004049358603394948,1.0189507891051401,0.0034517740117822027,36.68952569982683
2024-04-22,507.3999938964844,508.0,503.2999877929688,506.1499938964844,1208372,0.0,0.003867476482036114,0.2017764996438949,-0.017717073123245646,2781637.3,538.7850295639826,0.011086671444868301,1.013820028466995,0.01916712945853621,37.12117105806242
2024-04-23,507.1000061035156,510.4500122070313,505.2000122070313,507.1499938964844,1904186,0.0,0.00197569892731142,0.199684287302747,-0.017717073123245646,2830593.25,538.4702530896791,0.02413162640322608,1.0105343714344635,0.009894112626773087,31.967160962130535
2024-04-24,509.8999938964844,510.2999877929688,507.6499938964844,509.4500122070313,1855798,0.0,0.004535183551666266,0.1999883609448863,-0.017131669992676606,2874713.85,538.1814944739314,0.0110141265683108,1.0045489999855033,0.022677236332487017,31.799529700169785
2024-04-25,509.5,510.25,504.1499938964844,506.4500122070313,1022931,0.0,-0.005888703362678216,0.19842379039218153,-0.017131669992676606,2872244.5,537.8657583319722,0.005160278003413454,1.0090828101648206,-0.029677404379108183,30.59289495760561
2024-04-26,507.3500061035156,511.5499877929688,505.2999877929688,509.0,1372205,0.0,0.005035023657826043,0.19897640473540149,-0.017131669992676606,2842795.8,537.5785368560322,0.009520007292260324,1.0028389051995716,0.02530462549806021,53.61078802937711
2024-04-29,512.4000244140625,512.7999877929688,506.0,506.7000122070313,1373441,0.0,-0.00451864006477154,0.19924581549993428,-0.017131669992676606,2779544.6,537.2712878545497,0.0010866705861491965,1.0059157092105504,-0.02267871888122961,48.54723599665759
2024-04-30,509.0,512.4000244140625,505.1499938964844,507.75,2092290,0.0,0.0020722079488320055,0.19942553497094798,-0.017131669992676606,2768510.0,536.9775436967931,0.001183093977593641,1.002319056455987,0.01039088522553057,56.26669293234151
2024-05-02,508.0,536.0499877929688,508.0,525.2999877929688,7092006,0.0,0.034564230020617925,0.23469553728070194,-0.017131669992676606,3080726.2,536.8613491106854,0.03111193484375918,0.9684656594451994,0.14727262796885623,70.15470944844688
2024-05-03,536.25,538.0,524.0,531.75,7008370,0.0,0.012278721410466265,0.23519728187457378,-0.017131669992676606,3372390.05,536.8104899155543,0.04995554779970335,0.9567324876449004,0.052206049281444414,71.86966709640669
2024-05-06,535.0,535.5,524.25,530.7999877929688,3172072,0.0,-0.0017865767880230754,0.2347722047736719,-0.011905956298039377,3472189.45,536.7506839242848,0.042829052638445386,0.9584259822802565,-0.007609830617074487,78.17165337768228
2024-05-07,533.5499877929688,566.9000244140625,531.2999877929688,558.4500122070312,14721222,0.0,0.05209123031262575,0.29588464773491013,-0.01131855744795408,3685954.4,536.966597638541,0.10213143626066379,0.9156638727513472,0.1760524885318504,91.69414640852104
2024-05-08,558.4500122070312,561.9500122070312,554.0999755859375,556.5999755859375,4085815,0.0,-0.0033128061252649665,0.23642702208139302,-0.01131855744795408,3509494.85,537.1619546330425,0.09620871607274739,0.9230821461304083,-0.014011960037312868,88.18837545955878
2024-05-09,556.5999755859375,564.9500122070312,550.4500122070312,552.7999877929688,5305923,0.0,-0.006827143297964522,0.23974653996264372,-0.01131855744795408,3594664.0,537.3175569530417,0.05235103871892388,0.9339272999285089,-0.02847650278608096,83.64258482573865
2024-05-10,550.9500122070312,551.9500122070312,540.3499755859375,550.7999877929688,2521438,0.0,-0.003617945087127983,0.2363329380074483,-0.01131855744795408,3609872.5,537.4517104937376,0.035825082826457466,0.9416439927187761,-0.015308678360894305,81.31717746415248
2024-05-13,550.7999877929688,553.2000122070312,543.7000122070312,550.25,3067643,0.0,-0.000998525426938568,0.2366392777109643,-0.01131855744795408,3664354.25,537.579056657979,0.036642827155861646,0.9465833706402985,-0.004219609670893642,80.20547085135894
2024-05-14,550.25,562.7000122070312,550.25,554.5499877929688,2872594,0.0,0.007814607529248008,0.2368658517665234,-0.01131855744795408,3599656.5,537.7479216443968,-0.006983658928843672,0.944107853762602,0.03299170032763438,81.06158734889841
2024-05-15,554.5499877929688,555.0,543.0,545.8499755859375,2436198,0.0,-0.015688418354594336,0.2411077593448392,-0.011834990845923276,3541426.65,537.8285390965515,-0.01931369110946035,0.9637950361425199,-0.06506807473365288,72.00722962782783
2024-05-16,547.6500244140625,549.4000244140625,534.7000122070312,542.0499877929688,3864351,0.0,-0.006961597440559908,0.23845386065533825,-0.011834990845923276,3588241.4,537.8705435611924,-0.019446454843313088,0.9740706734315608,-0.02919473448439936,71.31735053068799
2024-05-17,543.2000122070312,544.0,535.0,535.7999877929688,1642503,0.0,-0.011530301892354489,0.23953842453945626,-0.011834990845923276,3540164.7,537.849941016235,-0.027233116071959884,0.9884145348882907,-0.04813549823235253,65.36696322146864
2024-05-21,538.0999755859375,541.0,533.5999755859375,539.3499755859375,1388390,0.0,0.006625583937751811,0.23956310759849175,-0.011834990845923276,3500387.4,537.8648667333465,-0.019809222015561123,0.9851673643245055,0.027656944876031805,68.45673187178593
2024-05-22,543.0,555.9000244140625,538.7999877929688,554.0,4319988,0.0,0.027162371516096018,0.2530287237539989,-0.011834990845923276,3655968.2,538.0254153230644,-0.000991773158552589,0.9634341050571483,0.10734896038528172,72.66044961646517
2024-05-23,556.0,562.0,551.6500244140625,559.9500122070312,2924910,0.0,0.01074009423651856,0.25389182403689653,-0.011834990845923276,3707004.4,538.2435705159397,0.02583134057294445,0.9579113910597968,0.0423018498301043,69.15422673437332
2024-05-24,559.0,564.9000244140625,554.0499877929688,558.0999755859375,2805803,0.0,-0.003303931745267552,0.2553235137850597,-0.011834990845923276,3754504.65,538.4411466857905,0.029609792739445417,0.9654452909094686,-0.012940177607954831,65.34650287089627
2024-05-27,559.8499755859375,571.0,559.7999877929688,567.4000244140625,3169943,0.0,0.016663768562901415,0.25866597589505236,-0.011834990845923276,3861855.25,538.7292947228877,0.05897730000192514,0.9549920172387197,0.06442195523017993,69.42674323528094
2024-05-28,570.0,578.9000244140625,564.5499877929688,570.7999877929688,4429603,0.0,0.005992180529807545,0.25546401796987367,-0.01173820771546648,4014725.15,539.0484060967194,0.05831095509527873,0.9547170724253573,0.023456063765322725,58.827707283779894
2024-05-29,570.7999877929688,570.7999877929688,553.0499877929688,555.4500122070312,2620387,0.0,-0.026892039092868747,0.2795281333958048,-0.015759383806710436,4077072.45,539.2116061575185,0.0026173505542079756,0.9854892092109736,-0.09620512183916415,49.31098660949021
2024-05-30,555.4500122070312,557.4000244140625,549.3499755859375,551.1500244140625,1591522,0.0,-0.007741448732502709,0.2810299842871095,-0.015759383806710436,4052034.05,539.330396388927,-0.0157156667579732,0.9971150687892703,-0.027546699248742076,49.01729405822738
2024-05-31,552.0499877929688,554.5,540.5499877929688,545.0999755859375,11192196,0.0,-0.010977136097484408,0.28584538997017556,-0.015759383806710436,4257043.55,539.3878051371561,-0.023293317628891752,1.0099981995131968,-0.03840235350518055,46.76135887241834
2024-06-03,560.0,561.2000122070312,543.0,544.7999877929688,2836670,0.0,-0.0005503353630612606,0.26277203131274124,-0.015759383806710436,4048458.55,539.4416577008955,-0.039830870018788156,1.0117520294357956,-0.0020943451986441455,46.894582024192225
2024-06-04,548.4500122070312,584.4500122070312,536.75,578.2000122070312,17458506,0.0,0.061306947801832434,0.33280581652854296,-0.015759383806710436,4762780.25,539.8273129696132,0.012964303735665927,0.9574065769971358,0.18421236323088974,60.11981364162003
2024-06-05,585.0,633.4000244140625,584.5,600.25,21568184,0.0,0.03813557130308998,0.3519402092625333,-0.015759383806710436,5105128.35,540.4285337360848,0.08065530076227745,0.9257184404772751,0.10835809383480088,70.89093456743969
2024-06-06,600.25,605.2999877929688,582.0499877929688,597.2000122070312,7598586,0.0,-0.005081195823354867,0.3111697498413091,-0.015759383806710436,5280766.9,540.9934240691291,0.0835525460457438,0.933845419169556,-0.016329336841556148,71.30165817335535
2024-06-07,599.4500122070312,614.7999877929688,598.1500244140625,613.0999755859375,5429725,0.0,0.02662418461805749,0.3202076503592022,-0.015759383806710436,5286957.0,541.7109021936745,0.12474775829315643,0.9145449640269865,0.08314661987845963,77.78575385487947
2024-06-10,604.2000122070312,627.4500122070312,604.2000122070312,619.8499755859375,5180578,0.0,0.011009623664638202,0.31799757627509023,-0.015759383806710436,5419914.0,542.488405411508,0.13775695571690938,0.910155709812752,0.034621720855183176,78.28530293690619
2024-06-11,619.8499755859375,622.9500122070312,608.0,613.4500122070312,3728825,0.0,-0.010325019974158134,0.3212933074490249,-0.015759383806710436,5452973.1,543.1944910512644,0.06096506270459634,0.9248023210173555,-0.032135806795285306,72.17456822777152
2024-06-12,614.1500244140625,623.0,611.75,619.5,4528718,0.0,0.009862234367234768,0.3207983219322679,-0.015759383806710436,5535779.3,543.9537498467743,0.03206997084548102,0.9210129067434044,0.03074278568666947,72.19530519834102
2024-06-13,612.0,614.5499877929688,588.1500244140625,609.6500244140625,7963596,0.0,-0.015899879880447942,0.3293737148510256,-0.015698991430887016,5812149.2,544.6074441210756,0.020847307355236877,0.9411260152419191,-0.04827306697776027,68.13228422510454
2024-06-14,610.9500122070312,618.7999877929688,606.0,608.6500244140625,1975440,0.0,-0.0016402853439743126,0.3219154175236191,-0.015698991430887016,5717703.65,545.244683725981,-0.0072581167004976965,0.9481433941542231,-0.005095392154990659,65.40905676525051
2024-06-18,608.0999755859375,613.75,598.0,600.2000122070312,4304663,0.0,-0.013883203594982074,0.3261274361729801,-0.015698991430887016,5850811.65,545.7915029148471,-0.03170116020466296,0.9668568634092821,-0.042569871864198555,60.58316951572448
2024-06-19,602.0,603.0999755859375,594.0,598.5499877929688,1703051,0.0,-0.002749124259419977,0.3218894519583715,-0.015698991430887016,5866544.7,546.3164629633857,-0.02428889741228657,0.97446748596844,-0.008540584841436993,67.2124569515905
2024-06-20,598.5,604.9000244140625,595.0,600.75,2886298,0.0,0.0036755697133055154,0.32191937420601746,-0.015698991430887016,5794860.2,546.8580901975809,-0.030266343825665842,0.9747898490737489,0.011417671297958485,70.14621658267583
2024-06-21,601.0,603.9000244140625,588.5499877929688,589.9500122070312,3868601,0.0,-0.0179775077702351,0.32133984645680175,-0.0160037612749373,5842044.75,547.2868655409585,-0.03231364129930947,0.9951775399320134,-0.055945465241881216,67.54011200929168
2024-06-24,590.75,602.4500122070312,588.8499755859375,599.75,1774168,0.0,0.016611556216952206,0.3237130065086835,-0.0160037612749373,5790463.0,547.808886779357,-0.014622564786110681,0.9823885002947192,0.051315688186133246,70.00365715215091
2024-06-25,603.7999877929688,603.9500122070312,592.5,593.3499755859375,1791877,0.0,-0.010671153670800293,0.32664804581416934,-0.0160037612749373,5721559.7,548.2620319416116,-0.011412923161905786,0.9951715259232011,-0.032668658150137996,56.864510625748544
2024-06-26,591.4000244140625,603.0,590.2999877929688,601.7999877929688,2230523,0.0,0.014241194159798853,0.32548803788033814,-0.0160037612749373,5611605.7,548.7947479202321,0.005429788766655452,0.9837736999323825,0.043753355161706156,50.801027715009255
2024-06-27,602.0,606.0,595.0499877929688,599.2999877929688,2405121,0.0,-0.004154204138767881,0.3262110454204947,-0.0160037612749373,5600842.4,549.2972876204584,-0.0024136699243133553,0.9915359777963609,-0.012734712909754088,51.09146388189402
2024-06-28,601.7999877929688,609.6500244140625,597.6500244140625,600.7000122070312,1710529,0.0,0.002336099520406032,0.30822312043844735,-0.0160037612749373,5606792.75,549.8087575168422,0.01822188283340087,0.9933494034517224,0.0075792479204365056,42.41128418302079
2024-07-01,600.7000122070312,613.25,600.7000122070312,610.9500122070312,2469588,0.0,0.017063425656244746,0.30838367051459814,-0.0160037612749373,5170662.35,550.417128210277,0.01867446804006878,0.982072982440717,0.05533180493783297,44.77701747116216
2024-07-02,616.7999877929688,616.7999877929688,602.0,602.7999877929688,3919339,0.0,-0.013339920208235823,0.3100392623499289,-0.0160037612749373,5224795.8,550.9383506936869,0.01592654014639394,1.0001617664554703,-0.04302654985327017,43.875781733242185
2024-07-03,607.0,613.2999877929688,605.0,609.7000122070312,1786017,0.0,0.011446623347365348,0.3101278913552129,-0.0160037612749373,4441171.35,551.5230438430733,0.013127325646906218,0.9914260923535874,0.03690936319288043,44.41914826040508
2024-07-04,609.7999877929688,613.5999755859375,605.0499877929688,605.9500122070312,2277423,0.0,-0.006150565728915591,0.23665585418562377,-0.015698991430887016,3476633.3,552.0646057173416,0.011096319955807843,0.9980319977517871,-0.0259894921686425,47.73561428422461
2024-07-05,604.0,607.9500122070312,603.25,606.4500122070312,879215,0.0,0.0008251505733598563,0.1976226971120192,-0.015698991430887016,3140664.75,552.6057540406221,0.009572165612039774,0.997971785041521,0.004175383413264009,48.64531483671944
2024-07-08,610.4000244140625,633.0,610.4000244140625,623.4500122070312,7279634,0.0,0.028031988882533776,0.21795111975214362,-0.015698991430887016,3233160.2,553.3106720323276,0.02045993902978127,0.9715895279357352,0.12861593750127406,62.95262852429215
2024-07-09,622.0499877929688,633.4000244140625,618.0499877929688,630.2000122070312,2665679,0.0,0.010826850377474218,0.2018670868074036,-0.015698991430887016,3107415.25,554.0757400937674,0.045454586876124914,0.9620041147883184,0.05363355667518144,66.68423386449783
2024-07-10,630.0,637.25,619.5499877929688,631.7000122070312,2882570,0.0,0.002380196716827765,0.1988755969149836,-0.015698991430887016,3065102.5,554.8481209108148,0.036083318942971676,0.961164307661627,0.011968268777403476,66.43652890665847
2024-07-11,635.7999877929688,635.7999877929688,623.7999877929688,629.3499755859375,1588742,0.0,-0.0037201782106718317,0.1954326344258686,-0.015698991430887016,2918103.7,555.5894328976319,0.03861698639740485,0.9655359136168483,-0.019035602888149875,72.9871070254311
2024-07-12,633.9000244140625,633.9000244140625,626.0,630.0,1630043,0.0,0.0010328504636190061,0.19293094126227792,-0.015698991430887016,2601426.05,556.3298365503919,0.03883252917625346,0.9661547657800098,0.005353472093831687,69.75828365217552
2024-07-15,632.9000244140625,638.9500122070312,630.1500244140625,632.4000244140625,1091279,0.0,0.003809562562004043,0.18317832243610527,-0.015698991430887016,2557218.0,557.0867538425678,0.01435562119142153,0.9643658742841832,0.02079701518918927,76.9124442638709
2024-07-16,634.0,648.7000122070312,630.0,640.9500122070312,2960104,0.0,0.013519904274024386,0.18706793511261582,-0.015698991430887016,2489990.05,557.9212141248013,0.017058076470598982,0.954680537932118,0.0722726935706988,76.94421559565525
2024-07-18,640.9500122070312,651.0,639.25,644.8499755859375,3161993,0.0,0.00608466074519165,0.17753713679245448,-0.015698991430887016,2562937.15,558.7861769254096,0.020816785063788368,0.9524967435610914,0.034272606353783396,80.75619175376673
2024-07-19,645.0,647.2000122070312,631.6500244140625,632.9000244140625,2176993,2.75,-0.018531366401955407,0.1923190045461708,-0.0160037612749373,2527471.9,559.5236281442022,0.005640818250322255,0.9730209816659231,-0.096357432184671,69.03073172294384
2024-07-22,628.25,639.8499755859375,627.2000122070312,636.6500244140625,1365836,0.0,0.005925106423359194,0.1926159346308333,-0.0160037612749373,2402333.65,560.291054972758,0.010555594308035765,0.9709573234227544,0.030761245828922534,66.45326502575601
2024-07-23,639.9000244140625,662.3499755859375,632.0999755859375,652.2999877929688,7195533,0.0,0.024581736870755044,0.1910818643073275,-0.0160037612749373,2673401.9,561.2065667421134,0.03146736655702087,0.9516901957214008,0.12864504788779121,78.91355951927045
2024-07-24,650.0,650.0,618.0499877929688,634.1500244140625,8340915,0.0,-0.02782456495257024,0.21691611408467545,-0.018005200701821118,3000853.8,561.9323722910881,-0.010609232644452016,0.9821453623196496,-0.12827338248819453,62.62262963529412
2024-07-25,625.5,636.4500122070312,625.0,631.2000122070312,1831371,0.0,-0.004651915309404897,0.21319440564752515,-0.018005200701821118,2980896.2,562.6216025390079,-0.02116765743303828,0.9890644718636348,-0.021820061727582586,63.1442056623653
2024-07-26,631.2000122070312,635.25,625.0999755859375,632.4500122070312,1469979,0.0,0.0019803548412955507,0.20926859502444042,-0.018005200701821118,2934139.1,563.316412585456,-0.0007110320582589535,0.9897304069142229,0.009463219965862846,63.42976213579535
2024-07-29,635.8499755859375,643.1500244140625,631.0499877929688,641.0999755859375,2240896,0.0,0.013676912343982606,0.2112834651891346,-0.018005200701821118,2960657.45,564.0903783864559,0.0069896348091254,0.9795274216467935,0.06473252265346092,59.97737995134177
2024-07-30,641.0499877929688,648.8499755859375,632.5,633.9000244140625,3020230,0.0,-0.011230621503759308,0.21720718388483154,-0.018005200701821118,2988189.55,564.7850017300142,-0.028207824196290088,0.992463294658158,-0.051704648004034584,52.08100037454554
2024-07-31,636.9500122070312,640.75,630.0,635.7000122070312,2769613,0.0,0.002839545233702445,0.21081243596173646,-0.018005200701821118,2930703.25,565.4906237248103,0.0024441973244437865,0.9922408303008581,0.013469533170815907,52.24215668012524
2024-08-01,638.9000244140625,655.8499755859375,636.75,643.5,6852547,0.0,0.01226991921219045,0.2059789899521258,-0.018005200701821118,3184029.75,566.2668364240659,0.019486672298945296,0.9828399492217852,0.05956878718239363,57.47493771895408
2024-08-02,643.5,650.0,625.0,627.5499877929688,4123973,0.0,-0.02478634375607036,0.22505142428879996,-0.018844115269661153,3276357.25,566.8766190247514,-0.0077476864882382035,1.0095411017879299,-0.11013635098305123,48.88584924416035
2024-08-05,615.0,640.0,614.0499877929688,634.0,4771981,0.0,0.010278085144603821,0.22523685920945874,-0.018844115269661153,3470995.55,567.5445133628136,-0.011074677673241884,1.0014432263299118,0.04563233888251985,50.70174511862389
2024-08-06,638.0,643.0,627.0,629.1500244140625,1854542,0.0,-0.0076498037633083715,0.22781249808681148,-0.018844115269661153,3199740.95,568.1575035225276,-0.00749329518387476,1.009616119295374,-0.03357938432596201,44.650944994403595
2024-08-07,631.2000122070312,641.2999877929688,631.2000122070312,639.25,1788865,0.0,0.01605336596043805,0.21381522791538532,-0.018844115269661153,3155900.25,568.8648915471791,0.005584375845210099,0.9943723198954464,0.07508055140013438,47.59657190785552
2024-08-08,639.0,641.7999877929688,634.6500244140625,637.4500122070312,1528269,0.0,-0.0028157806694857346,0.21134804891209036,-0.018844115269661153,3088185.2,569.54733055872,-0.009401690431963816,0.9976311762727259,-0.013322954958658744,52.139161506974595
2024-08-09,641.5999755859375,642.2000122070312,622.0999755859375,623.9500122070312,2679620,0.0,-0.021178131212609475,0.22425133173251416,-0.02135854183978252,3142729.1,570.0886507741261,-0.005736555901464158,1.018783548181579,-0.09443926198609166,44.530562001713605
2024-08-12,626.9000244140625,627.25,615.75,620.3499755859375,1139283,0.0,-0.00576975166385485,0.22473493324990687,-0.02135854183978252,3118191.1,570.5887634588207,-0.02153000696224372,1.0239179996800414,-0.02567358498157024,34.646778694936216
2024-08-13,620.5999755859375,624.25,602.7000122070312,605.8499755859375,2691122,0.0,-0.023373902749499353,0.23802529292900676,-0.023444524799827903,3198183.25,570.9396212909314,-0.037034169790940874,1.046232614021454,-0.09819923538326862,35.90633642661882
2024-08-14,609.9000244140625,609.9000244140625,598.5999755859375,604.4000244140625,2012408,0.0,-0.002393251184788281,0.23716744783958477,-0.023444524799827903,3150798.45,571.27256062549,-0.05451697393185373,1.0457188595999594,-0.010090976251923345,36.450944945701
2024-08-16,606.3499755859375,618.5,604.4000244140625,617.5999755859375,1259712,0.0,0.021839759494834077,0.24564789660510813,-0.023444524799827903,3055684.4,571.7335299285791,-0.03113975408419456,1.0211626120517951,0.08890676007242608,43.301730021301076
2024-08-19,618.0,624.9000244140625,614.8499755859375,621.2999877929688,2332398,0.0,0.0059909526445833805,0.24561092522429973,-0.023444524799827903,3063454.65,572.2267285142945,-0.004247174232257622,1.0141477785629163,0.024392043616104683,40.65154977470853
2024-08-20,625.4000244140625,625.4500122070312,617.0499877929688,623.0999755859375,1340039,0.0,0.0028971315440755596,0.23816394383744977,-0.023444524799827903,3062164.8,572.732929977694,0.00443298155593963,1.010130837203334,0.012164441752814083,44.62683479046803
2024-08-21,624.9000244140625,635.9500122070312,617.9500122070312,634.3499755859375,2105395,0.0,0.018054887563462074,0.2459531751030193,-0.023444524799827903,2807657.9,573.3460349091192,0.04704134876367161,0.9908016451156959,0.07340782171981083,49.38606725404818
2024-08-22,637.0,647.7000122070312,632.0999755859375,646.1500244140625,3452342,0.0,0.018601795983716363,0.2391841441721928,-0.023444524799827903,2563229.25,574.0704527151387,0.0690767675604822,0.9736361148637863,0.077771857621992,51.162801845702205
2024-08-23,647.9000244140625,651.2000122070312,640.8499755859375,643.25,3461642,0.0,-0.004488159567419769,0.21813412128679396,-0.023444524799827903,2644742.8,574.7588064194657,0.04153177692361054,0.9789622989184561,-0.020575228374137004,57.77998897100168
2024-08-26,646.0,655.4000244140625,640.9000244140625,654.5499877929688,2940223,0.0,0.01756702338588223,0.22465865450871567,-0.02128791978945397,2718255.0,575.5527485226846,0.05351682062334051,0.9637499187581073,0.0781942838674745,59.71631181394576
2024-08-27,655.0,655.0,641.6500244140625,643.4000244140625,1428673,0.0,-0.01703454829554274,0.23395887866385026,-0.02128791978945397,2677643.85,576.2278457952357,0.03257911992218521,0.9806302083600137,-0.07281000688979082,56.3587724929958
2024-08-28,645.9500122070312,649.5,638.0,644.4000244140625,1149783,0.0,0.0015542430246420214,0.22935466863071177,-0.02128791978945397,2584121.5,576.9061759307464,0.01584306646948619,0.9799231472316806,0.006776591757016376,52.5012271537949
2024-08-29,644.0,647.9000244140625,638.5999755859375,644.1500244140625,1071747,0.0,-0.0003879577754940522,0.22550321443206067,-0.02128791978945397,2499228.2,577.5752689504809,-0.003095256402433244,0.9809593676335453,-0.001720408994022769,53.30375467333478
2024-08-30,644.0,645.5499877929688,636.0999755859375,637.1500244140625,3304453,0.0,-0.010867033664040293,0.22895970458026707,-0.02128791978945397,2321823.5,578.1680525869344,-0.009483055710746258,0.9912382918165283,-0.04746264505073274,56.95469817772982
2024-09-02,637.7999877929688,644.6500244140625,634.4500122070312,636.6500244140625,745420,0.0,-0.000784744535574311,0.22472082848622424,-0.02128791978945397,2152895.85,578.7499627543685,-0.027346976873778406,0.9927314528005994,-0.0034920861850665317,58.87802923104148
2024-09-03,636.6500244140625,648.5,635.25,638.2000122070312,1775357,0.0,0.0024345994400851723,0.20657324489556403,-0.02128791978945397,2003064.65,579.341505534992,-0.008082082700831217,0.9906494706668315,0.01178564689468643,70.51367880863158
2024-09-04,638.0499877929688,651.5499877929688,634.2000122070312,650.0499877929688,3104663,0.0,0.01856780846016881,0.21321332993942801,-0.02128791978945397,2065570.7,580.0450725226336,0.008767788896413498,0.9741981606545245,0.08708558510196293,75.57422654668721
2024-09-05,655.0,655.0,642.6500244140625,644.7999877929688,2131132,0.0,-0.00807630197459841,0.2134433197375661,-0.02128791978945397,2082684.05,580.6894000377613,0.0010090248455667528,0.9825605053120371,-0.037838155844590805,66.72817718586714
2024-09-06,644.0,653.7000122070312,643.3499755859375,644.4000244140625,1910995,0.0,-0.0006202906117837026,0.20658412486512473,-0.02128791978945397,2101820.35,581.3233365987195,0.01137879576582801,0.9837096189091529,-0.0030026052687379882,64.80772725350708
2024-09-09,645.0,664.9000244140625,644.0499877929688,662.3499755859375,6213572,0.0,0.027855292507470653,0.22678523506894896,-0.02128791978945397,2278517.95,582.1295718125227,0.04036747064531698,0.9599494588157584,0.12282674077408288,70.84441875379235
2024-09-10,669.3499755859375,669.9000244140625,662.3499755859375,665.25,4126339,0.0,0.00437838683619951,0.21069239306469315,-0.02128791978945397,2427870.75,582.9566407497116,0.04238481240297087,0.9591394240226301,0.020780943083434887,68.00702249482354
2024-09-11,668.0,671.5,662.0,663.9000244140625,3134456,0.0,-0.0020292755895340298,0.20909165121476048,-0.02128791978945397,2450037.45,583.762047552342,0.02130611011641892,0.9654616368453385,-0.00970519616968243,61.77839040081197
2024-09-12,663.9500122070312,669.5,663.0,664.75,2222824,0.0,0.001280276479410647,0.18555248595358959,-0.02128791978945397,2460558.25,584.5678978254531,0.030939845819967227,0.968766458144803,0.006899807371660847,64.66579611678162
2024-09-13,665.6500244140625,667.7000122070312,651.25,660.9000244140625,2559794,0.0,-0.005791614269932355,0.18750464221966176,-0.02128791978945397,2525562.35,585.3274214731009,0.02560521318260811,0.9776857037734668,-0.03088784305547511,54.82160704566889
2024-09-16,660.0,667.8499755859375,658.25,661.3499755859375,806885,0.0,0.0006808157894591105,0.17661940495174933,-0.02128791978945397,2449286.7,586.0838647976068,-0.001509775853943962,0.9800484294394437,0.003854705269208952,66.27381913156395
2024-09-17,661.3499755859375,672.0,656.4000244140625,660.1500244140625,1793296,0.0,-0.0018143966374413178,0.1772025005727519,-0.02128791978945397,2471949.55,586.8208415102084,-0.007666254169015452,0.9846360422407829,-0.010239113608361678,64.22771114591944
2024-09-18,660.0,662.2999877929688,650.5499877929688,654.4000244140625,1465661,0.0,-0.00871014131235337,0.18175072199537043,-0.02128791978945397,2439962.85,587.4932711908439,-0.01430938341715593,0.9948196599603234,-0.04792355561228351,58.42238707793583
2024-09-19,655.0,666.7999877929688,654.4000244140625,664.7000122070312,1768324,0.0,0.015739589560973988,0.1793994936109282,-0.02128791978945397,2355761.95,588.261497469612,-7.519788336785016e-05,0.9807996046075252,0.08773485569452381,71.47319420877793
2024-09-20,668.9500122070312,669.9500122070312,662.0999755859375,667.5499877929688,1798471,0.0,0.0042876117550751935,0.16958297240835682,-0.02128791978945397,2272603.4,589.0504376718345,0.010061980834093598,0.9784323578588513,0.02528326660012736,73.2331616374575
2024-09-23,668.0,671.5,656.2999877929688,661.0499877929688,1684518,0.0,-0.009737098522748955,0.17290225808093082,-0.02128791978945397,2209818.15,589.7668511058757,-0.00045359915936027395,0.9885447706105722,-0.0563156205573387,65.99025129044328
2024-09-24,660.0,666.0,652.4000244140625,655.8499755859375,1881683,0.0,-0.007866291964382932,0.16513015234034684,-0.02128791978945397,2232468.65,590.4243946330405,-0.006513744859650172,0.9973317533771981,-0.04763691776775377,54.475316809550435
2024-09-25,651.0,653.9500122070312,622.1500244140625,627.0,7092888,0.0,-0.043988681344636626,0.21830215052641563,-0.023444524799827903,2529623.9,590.788331004851,-0.04187045139339041,1.041834138569079,-0.2015036463155562,39.932101561997726
2024-09-26,627.0499877929688,628.4000244140625,620.5999755859375,625.75,2581456,0.0,-0.001993620414672992,0.2180967348208823,-0.023444524799827903,2605109.35,591.1362083082853,-0.05859788098649776,1.042445071773247,-0.009140991151932622,39.55177840811514
2024-09-27,628.0,634.7999877929688,622.0,633.0,4628215,0.0,0.011586096683979141,0.22262969809526936,-0.023444524799827903,2671297.45,591.5527634494964,-0.05175640539998627,1.0301777289753653,0.05204200635712612,31.31760111282786
2024-09-30,633.0,635.7999877929688,623.3499755859375,625.2000122070312,2475507,0.0,-0.01232225559710698,0.223519334600027,-0.023444524799827903,2757801.8,591.8875619445962,-0.05423186785863032,1.0421145059339898,-0.055128363136339883,26.003535543736717
2024-10-01,626.0,629.75,614.0,619.0,1095384,0.0,-0.009916845946858599,0.22573604961406266,-0.023444524799827903,2723803.15,592.1573374476351,-0.05618659290642747,1.051001617480942,-0.04393115554428155,24.575241337295182
2024-10-03,580.3499755859375,595.7999877929688,571.0,580.2000122070312,18729275,0.0,-0.06268172502902869,0.30952762491428093,-0.024938254815895355,3505033.75,592.0383590870321,-0.0746411288564095,1.1152662682304655,-0.20250768577218464,16.514807736377534
2024-10-04,584.75,585.0,571.0499877929688,572.4500122070312,4745480,0.0,-0.01335746266278015,0.29934437870803676,-0.024938254815895355,3635751.15,591.843450162853,-0.08517776714817216,1.1240457506172552,-0.04462239202288255,16.0199308110694
2024-10-07,575.0,581.1500244140625,562.0,569.4000244140625,4723935,0.0,-0.005327954804664525,0.29923957909407134,-0.024938254815895355,3776398.15,591.6201324937108,-0.10047389508047,1.1234808153027371,-0.01780497968465525,15.367218166631545
2024-10-08,571.5,572.6500244140625,564.7000122070312,567.3499755859375,3261216,0.0,-0.003600366596813176,0.2987759986552192,-0.024938254815895355,3628780.35,591.378638395126,-0.0925304470434608,1.1191681166573537,-0.012050387221578819,15.269436441181725
2024-10-09,567.75,571.9500122070312,563.2000122070312,565.0499877929688,3580212,0.0,-0.004053913619355365,0.2726981296142851,-0.024938254815895355,3601474.0,591.116661772219,-0.08715672408244146,1.1148571217783445,-0.01486593793815161,15.674198307357074
2024-10-10,567.0,576.4000244140625,564.2000122070312,571.7000122070312,2379978,0.0,0.01176891347265907,0.2778702956646849,-0.024938254815895355,3563750.1,590.9234612790332,-0.01465012033982338,1.0938254138342578,0.04235398037407063,13.241106704713388
2024-10-11,574.5,574.9500122070312,569.2000122070312,570.8499755859375,1276108,0.0,-0.0014868577976974162,0.2779998713657413,-0.024938254815895355,3516414.3,590.7237251029825,-0.002795067843434862,1.0872296185764998,-0.005348411626626852,11.164672758278314
2024-10-14,570.8499755859375,575.1500244140625,566.0,567.2999877929688,1902352,0.0,-0.006218775413496247,0.27638963521477505,-0.024938254815895355,3483542.2,590.4906530899475,-0.003688156886285321,1.0857835583356994,-0.02250003037799698,11.435638678934325
2024-10-15,568.0,572.9000244140625,567.2999877929688,571.0,1687923,0.0,0.006522143991974705,0.28053711812931426,-0.024938254815895355,3527594.1,590.2967162432814,0.006433461833311727,1.0708362532580586,0.023248772935924214,14.660582625640416
2024-10-16,572.9000244140625,579.3499755859375,570.5,578.2999877929688,2647660,0.0,0.012784567062992469,0.28763928241283304,-0.024938254815895355,3570312.3,590.17734581094,0.023449252785144203,1.0502421089393656,0.04444652521479393,25.27919690301958
2024-10-17,578.0,579.0999755859375,572.0,572.5499877929688,1838328,0.0,-0.009942936402167923,0.2874527137055499,-0.024938254815895355,3588945.65,590.0019492137463,0.001486751036887668,1.0536416204874306,-0.03458981454060911,24.174766626321585
2024-10-18,571.5,572.0999755859375,564.9500122070312,571.4000244140625,2159572,0.0,-0.002008494285955842,0.287768949269628,-0.023444524799827903,3608508.05,589.816855434645,0.0009635610959961571,1.047597955867119,-0.006979537650806748,18.21467486235278
2024-10-21,571.0,575.0,566.0999755859375,568.2000122070312,1511359,0.0,-0.005600301138090957,0.27647055964537454,-0.023444524799827903,3594152.45,589.6017624672061,0.0015865052589969508,1.0447553432346635,-0.020256409733862075,19.122443174605223
2024-10-22,565.5999755859375,571.75,556.0,559.0999755859375,1510177,0.0,-0.016015551611389345,0.2746952135071018,-0.023444524799827903,3585435.4,589.2982621002283,-0.020840673229531537,1.052642682647522,-0.0583029854211327,18.53992732043936
2024-10-23,558.0,562.9000244140625,556.0499877929688,558.7000122070312,1233395,0.0,-0.000715370052533193,0.2758592332676393,-0.023444524799827903,3553021.0,588.993801902286,-0.0338924018669603,1.044701963929283,-0.0025932430034223625,31.073959855153163
2024-10-24,555.7999877929688,558.0,535.25,541.0,3076408,0.0,-0.03168070846662585,0.28796779509898185,-0.025131061991598133,3352197.0,588.5162516346016,-0.0551043375524044,1.0709334565619224,-0.11001475826694025,26.441959907344142
2024-10-25,545.2999877929688,545.2999877929688,536.3499755859375,538.7000122070312,1506493,0.0,-0.00425136375779811,0.2584596008500046,-0.025131061991598133,3298448.85,588.020567660198,-0.057227880311281454,1.067426188194258,-0.016448851500691003,26.742436445962454
2024-10-28,540.0,558.5,537.0999755859375,553.7000122070312,1750115,0.0,0.027844810952473598,0.2851384844546971,-0.025131061991598133,3154543.85,587.6790695959875,-0.025519182837885457,1.0313481824652404,0.09765363672037482,41.35531261293114
2024-10-29,553.7000122070312,554.0,532.8499755859375,535.8499755859375,5088807,0.0,-0.03223773925874418,0.2920858618333608,-0.03170856000623177,3285208.85,587.1633572177781,-0.04158469149570965,1.0573668474466154,-0.11037075862791568,34.55026801892281
2024-10-30,539.0,551.9000244140625,536.0,546.6500244140625,5828617,0.0,0.020154986134534036,0.30695201010931117,-0.03170856000623177,3521870.5,586.7602394784376,-0.021567903221207607,1.0298590971687682,0.0656616826543656,37.303615712368725
2024-10-31,538.0499877929688,548.9500122070312,533.0,540.0,3001455,0.0,-0.012165049148567197,0.30739428988276984,-0.03170856000623177,2735479.5,586.2949634637268,-0.001848428835489857,1.0388194444444443,-0.039574738871887186,35.23219049686253
2024-11-01,541.7000122070312,545.1500244140625,540.3499755859375,542.5499877929688,159703,0.0,0.004722199616608691,0.23073667715323246,-0.03170856000623177,2506190.65,585.8596900739681,0.007146789490804606,1.031181478881138,0.020465751133336995,38.03770778945549
2024-11-04,545.0499877929688,545.4000244140625,531.6500244140625,534.9500122070312,2308784,0.0,-0.014007880853252441,0.23111209247572834,-0.03170856000623177,2385433.1,585.3531261150931,-0.03386310201667342,1.042611431800645,-0.06061076292931724,33.20914038753541
2024-11-05,535.0499877929688,536.8499755859375,528.7000122070312,534.8499755859375,2117262,0.0,-0.00018700181103092905,0.2311793247253795,-0.03170856000623177,2328235.4,584.8506072043552,-0.0018661939825723728,1.0397682033353488,-0.0008089036645644413,28.307551066282514
2024-11-06,536.0,543.4000244140625,535.3499755859375,539.5999755859375,2368331,0.0,0.008880995076790077,0.2347022334987734,-0.03170856000623177,2267641.35,584.400352163376,-0.012896823403020452,1.028257084252273,0.03783941279980347,33.38377009398461
2024-11-07,541.3499755859375,544.1500244140625,532.2999877929688,534.5,1695158,0.0,-0.009451400698081147,0.23595747142413243,-0.03170856000623177,2233400.35,583.9038312463275,-0.010185185185185186,1.0345883946646253,-0.040055524584500464,32.1047577340879
2024-11-08,532.3499755859375,535.0,528.5999755859375,531.5,1458407,2.75,-0.005612722170252549,0.23029298480249843,-0.03170856000623177,2242515.3,583.3824000896477,-0.02036676443016583,1.0367262430271784,-0.024372092494893624,32.16716140862158
2024-11-11,530.0,531.4000244140625,520.3499755859375,522.75,1589666,0.0,-0.01646284101599249,0.23455763638360388,-0.03170856000623177,2226881.0,582.7790926260692,-0.022805892006054762,1.0498182664357665,-0.07018675907528753,32.276958377057454
2024-11-12,522.7999877929688,524.1500244140625,509.5,510.5,4775306,0.0,-0.023433763749402203,0.2439304110108183,-0.03170856000623177,2381250.15,582.059897674566,-0.045526739641825076,1.069084228754744,-0.09606740992900971,28.93357679813934
2024-11-13,511.3500061035156,514.2000122070312,507.2999877929688,510.8500061035156,2253481,0.0,0.0006856143065927522,0.24131122508462727,-0.03170856000623177,2361541.2,581.3513415395306,-0.05328015341587633,1.0617500111860947,0.0028412034207703136,34.46678550071363
2024-11-14,510.8500061035156,513.9500122070312,502.6499938964844,508.1000061035156,2083472,0.0,-0.005383184823614884,0.23231226599894628,-0.03170856000623177,2373798.4,580.622472530217,-0.04939194367911015,1.0611542887887813,-0.023172192689633418,34.307703863525745
2024-11-18,509.1000061035156,509.6000061035156,499.0,508.5,3329177,0.0,0.0007872345831125838,0.23301422546506964,-0.03170856000623177,2432278.65,579.9048359876278,-0.043273753527751646,1.0541347087308721,0.0033784827847163673,22.738259541127917
2024-11-19,511.0,514.5,506.1499938964844,508.2000122070313,2126926,0.0,-0.0005899464955136935,0.23333596832326864,-0.03170856000623177,2463057.0,579.1913551539901,-0.027833549101805244,1.048853771322821,-0.0025283134635001253,28.84472229144356
2024-11-21,508.5,509.3999938964844,502.3999938964844,505.75,1771693,0.0,-0.004820960543450825,0.23334579985384254,-0.03170856000623177,2476132.8,578.4605954012142,-0.00930460333006855,1.0486604065454306,-0.020660154756884045,14.122785567012016
2024-11-22,506.6499938964844,515.0999755859375,504.3999938964844,513.0,1050913,0.0,0.01433514582303519,0.23959282512087168,-0.03170856000623177,2467008.7,577.809246193242,0.00420865982342522,1.0293859649122807,0.05983127924423651,26.56249000132668
2024-11-25,516.3499755859375,528.1500244140625,515.2000122070312,521.5,4146364,0.0,0.016569200779727122,0.2498238635739225,-0.03170856000623177,2520506.5,577.248955186344,0.02637274893823638,1.010738255033557,0.06632352842301246,33.438243957519035
2024-11-26,524.0,529.9000244140625,519.4000244140625,525.3499755859375,894410,0.0,0.007382503520493744,0.22944495117004043,-0.03170856000623177,2489902.35,576.732547429126,0.03313662848758603,1.002060574156876,0.03217548767620401,41.973211790732584
2024-11-27,519.9500122070312,529.2000122070312,519.4500122070312,527.5,1722809,0.0,0.004092556417585325,0.22991144985229062,-0.03170856000623177,2488537.05,576.2426713353038,0.037977149408462196,0.9954928863670024,0.01780057601397789,44.05822262687227
2024-11-28,529.8499755859375,534.3499755859375,524.0,526.0,1554564,0.0,-0.0028436018957346265,0.20477055041755005,-0.03170856000623177,2311824.9,575.7427442573407,0.040039545229856754,0.9973954349416291,-0.013886771076546378,38.39592034172304
2024-11-29,518.25,529.6500244140625,518.25,527.1500244140625,2225080,0.0,0.0021863582016397043,0.17387841135344312,-0.03170856000623177,2131648.05,575.2592346071589,0.027582893594663815,0.993369960214551,0.012574062868879448,43.27541406805175
2024-12-02,522.5,528.0,520.7000122070312,523.9000244140625,1510906,0.0,-0.006165227827908071,0.15716136271575512,-0.03170856000623177,2057120.6,574.7481976898147,0.004602156115172562,0.9979957542181128,-0.039228645826723675,43.0783494291032
2024-12-03,523.9000244140625,529.0499877929688,521.0,522.5499877929688,3691025,0.0,-0.0025768974197006855,0.15277705821679072,-0.03170856000623177,2233686.7,574.2288125167117,-0.00532975715825601,0.9986604386004769,-0.016867043266231993,49.78946095848834
2024-12-04,524.0,527.25,520.0,522.7999877929688,2515588,0.0,0.00047842312858126235,0.1512928250803393,-0.03170856000623177,2244026.9,573.7170829174706,-0.008909975747926513,0.9970208702179835,0.0031622325560044582,67.32389641848923
2024-12-05,525.0,527.2999877929688,516.6500244140625,523.1500244140625,2760858,0.0,0.0006695421370828125,0.1446720939917788,-0.03170856000623177,2276206.7,573.2139281064915,-0.005418204536002835,0.9952355479746923,0.004627997510293071,67.32392450843199
2024-12-06,525.0,525.8499755859375,520.25,523.7999877929688,1663402,0.0,0.0012424034188551758,0.14486064744077126,-0.03170856000623177,2240960.25,572.722247108347,-0.006354996615654862,0.9924923901230247,0.008576541352251929,73.50292763855903
2024-12-09,519.0,520.75,503.2000122070313,506.8500061035156,6086175,0.0,-0.032359645063895215,0.1765590669834628,-0.03224383454900173,2460511.1,572.0668019242194,-0.03254441213209691,1.0229555014158145,-0.18327941908603285,48.34835573519255
2024-12-10,507.9500122070313,511.7000122070313,504.3500061035156,506.9500122070313,3425754,0.0,0.00019730907035886425,0.17521876827493765,-0.03224383454900173,2558878.45,571.4188736683269,-0.029853556502460465,1.0203323607680304,0.0011260726293232366,48.743719997047755
2024-12-11,507.0,511.25,505.1000061035156,508.3500061035156,3602452,0.0,0.002761601465180785,0.17571984289141876,-0.03224383454900173,2659517.75,570.7913227472841,-0.027639598368115137,1.0161060231138759,0.01571593317282846,52.66940829060858
2024-12-12,510.0,512.0,505.75,506.6499938964844,3491848,0.0,-0.0033441766236255166,0.16787206189695011,-0.03224383454900173,2595344.85,570.1531005696642,-0.03153976822625304,1.0191355155766142,-0.01992098260202788,42.64194885386251
2024-12-13,506.6499938964844,514.2999877929688,499.5,512.7999877929688,2205228,0.0,0.012138545288803204,0.15377023443585755,-0.03224383454900173,2592932.2,569.5824228305926,-0.02100038231453283,1.0071031866708164,0.07893949400507441,39.33823295919556
2024-12-16,514.0499877929688,516.0,509.0499877929688,509.9500122070313,1041908,0.0,-0.005557674831864534,0.15506752642952468,-0.03224383454900173,2540854.0,568.9890655109552,0.006116219919473753,1.012913010631571,-0.035840350339159444,30.653335965441016
2024-12-17,509.0,510.2999877929688,504.1000061035156,505.3999938964844,2821249,0.0,-0.008922479069771394,0.15707636550149454,-0.03224383454900173,2515457.6,568.3563384302142,-0.003057536785133652,1.0217253820086496,-0.05680344381059709,23.815185076447435
2024-12-18,507.9500122070313,508.9500122070313,502.4500122070313,505.3999938964844,2300294,0.0,0.0,0.15703727053874442,-0.03224383454900173,2524126.0,567.7299071413214,-0.005803112366699836,1.0214483718835645,0.0,24.69289367576033
2024-12-19,503.0,505.3999938964844,499.5,503.9500122070313,1583630,0.0,-0.0028689784467034185,0.1572987354678332,-0.03224383454900173,2514722.85,567.0952813210797,-0.0053290865922811514,1.0242087290868755,-0.01823904213711679,21.707302112424784
2024-12-20,504.0,508.2999877929688,500.0,502.5499877929688,3228278,0.0,-0.002778101756424456,0.15672569546434292,-0.03224383454900173,2623591.1,566.4530395944319,-0.019988300007795945,1.0260223130837005,-0.017725884520306143,22.733048057720453
2024-12-23,502.7000122070313,511.0,500.8999938964844,509.5,1777848,0.0,0.013829494330610315,0.1561412601368714,-0.03170856000623177,2505165.3,565.8863426830445,-0.0008824633714267227,1.010848873239504,0.08857039729782883,35.41900794174077
2024-12-24,512.0,515.9500122070312,507.75,509.9500122070313,3207041,0.0,0.0008832428008465065,0.14377982773089265,-0.03170856000623177,2620796.85,565.3297622802982,0.009002806421637644,1.0084468878055484,0.006143022657318887,35.706371305606396
2024-12-26,510.4500122070313,511.5,504.0499877929688,505.6000061035156,2088931,0.0,-0.008530259828192,0.14261570579953559,-0.03170856000623177,2639102.95,564.7354363481909,0.00039575031548610973,1.0149574700493453,-0.059812901967847346,32.07351893235325
2024-12-27,506.5,509.7000122070313,504.0499877929688,507.1499938964844,1299653,0.0,0.003065640376300527,0.14212605189422678,-0.03170856000623177,2626357.4,564.1624468710595,0.006349799805418943,1.0099970598661439,0.021569867872523206,33.29990777217789
2024-12-30,507.0,509.7999877929688,503.1000061035156,505.25,4298784,0.0,-0.003746414116830632,0.14224129474266112,-0.03170856000623177,2730042.6,563.576253369855,0.005372624162003792,1.0116279099967915,-0.026338440325814904,47.701141673546324
2024-12-31,505.2999877929688,509.0,502.2999877929688,507.0,812765,0.0,0.003463631865413097,0.14276876891660584,-0.023846110985263385,2695135.55,563.0133055751301,-0.004906771344455385,1.0064694286098141,0.024260429287808614,50.06857014545397
2025-01-01,506.8999938964844,512.5,506.5,510.9500122070313,1065540,0.0,0.007790951098681109,0.14556904949609586,-0.023846110985263385,2563861.3,562.4952628550495,0.0019609765193888684,0.9975535558248585,0.05352065284786745,53.33333835855648
2025-01-02,510.9500122070313,515.5,507.75,513.3499755859375,1720007,0.0,0.004697061007082892,0.14684631081226682,-0.023846110985263385,2524082.25,562.006255021526,0.015328262240636104,0.99196946553722,0.03198623554952916,58.438267778352554
2025-01-03,515.0,529.0,514.0499877929688,524.9000244140625,3814344,0.0,0.022499365690904716,0.16761476545522705,-0.023846110985263385,2576756.55,561.6370387965762,0.034999567645072505,0.9703085868286394,0.13423259154688727,63.414663656695765
2025-01-06,522.2999877929688,522.5,501.1000061035156,504.8500061035156,5026479,0.0,-0.038197785059980505,0.21402398985746754,-0.03170856000623177,2744910.4,561.0719936951527,-0.0007916752033337859,1.006967407517111,-0.17847430701892725,45.906902298025116
2025-01-07,508.0,512.75,503.1000061035156,508.8500061035156,2248836,0.0,0.00792314539297001,0.21638271745118978,-0.03170856000623177,2553043.45,560.5523719280718,0.0036489272258690697,0.9992482966141831,0.03661634866284446,52.79352927055827
2025-01-08,509.7999877929688,514.8499755859375,505.2999877929688,513.75,1666424,0.0,0.009629544733635198,0.18735314162062364,-0.03170856000623177,2465076.95,560.0866766850064,0.005479964235393986,0.9903795644198601,0.051397826245988744,56.264065314380005
2025-01-09,514.0,530.9000244140625,511.5499877929688,521.1500244140625,4084746,0.0,0.014403940465328446,0.19323351099425243,-0.03170856000623177,2489191.65,559.6992473091761,0.015194407712247449,0.9775448110340408,0.0745416239957501,61.84572238132688
2025-01-10,519.0,522.9500122070312,514.0499877929688,517.9000244140625,2316135,0.0,-0.0062362080931570585,0.1949337746686009,-0.03170856000623177,2430406.0,559.2833346435531,-0.01333587287943827,0.9847653593743703,-0.03199141751522952,60.30894650855122
2025-01-13,515.9500122070312,519.5499877929688,509.5,510.75,2857732,0.0,-0.013805800496248022,0.20111446037991298,-0.03170856000623177,2463031.2,558.8004158908809,0.011686627364870583,0.9983504733675201,-0.06864648013724886,50.83723940175931
2025-01-14,512.2000122070312,520.8499755859375,510.1499938964844,512.5,2539143,0.0,0.0034263338228095463,0.1969621225518566,-0.03170856000623177,2537892.95,558.3397152352503,0.00717302516007412,0.9951902510480183,0.017395901325892957,51.67872626016892
2025-01-15,513.0,516.4500122070312,510.2000122070313,515.5,1959656,0.0,0.005853658536585371,0.1968381052144718,-0.03170856000623177,2494813.3,557.9134494120141,0.003406326034063323,0.990378281216848,0.029738440292457154,56.6353785711094
2025-01-16,518.0,523.7000122070312,514.8499755859375,522.4000244140625,2718298,0.0,0.013385110405552902,0.19841773695173645,-0.03170856000623177,2515713.5,557.5600819990991,0.002398541574291091,0.9789241607841661,0.0674592399681301,59.537217360403474
2025-01-17,521.5,531.8499755859375,516.0,526.0499877929688,2943339,0.0,0.0069869127265071995,0.19915966177516617,-0.03170856000623177,2583698.95,557.2465487234163,0.015736557240225935,0.974232518135059,0.035081965461335025,62.72947917419106
2025-01-20,528.6500244140625,529.0,520.9500122070312,521.5999755859375,1536752,0.0,-0.008459295333702377,0.20180022065183964,-0.03170856000623177,2499122.65,556.8918564533916,0.021243221901003473,0.9843702601506642,-0.04191915592156565,58.649265782144234
2025-01-21,522.0499877929688,528.9000244140625,519.5,521.25,2258554,0.0,-0.0006709654952424815,0.20134013877083617,-0.0238739625248693,2523157.95,556.5372111155469,0.017073170731707332,0.9861582804069244,-0.003332497265640592,56.373750872992645
2025-01-22,521.25,524.5999755859375,517.7000122070312,520.5,1532395,0.0,-0.0014388489208633226,0.19675871857555885,-0.0238739625248693,2439425.65,556.1786319004669,0.009699321047526688,0.9885927051906971,-0.007312757768257174,54.516750816398634
2025-01-23,518.0999755859375,526.7000122070312,515.1500244140625,524.5999755859375,698448,0.0,0.007876994401416981,0.19815203261329536,-0.0238739625248693,2369901.5,555.8644164147503,0.004211238646748772,0.9826773265669548,0.03975227455408759,49.790760867185945
2025-01-24,524.6500244140625,527.0,518.5999755859375,521.6500244140625,1031251,0.0,-0.0056232392473525294,0.19656137591443315,-0.016811387152662977,2356481.4,555.5239747033006,-0.008364154511943278,0.9896242286801687,-0.028608056568142182,65.3846474629564
2025-01-27,517.0999755859375,532.9500122070312,517.0999755859375,523.8499755859375,3023866,0.0,0.004217293336362893,0.19671273027385774,-0.016811387152662977,2292735.5,555.2088105329786,0.004313650508653621,0.9872435352365754,0.021438841889405334,64.20454429910313
2025-01-28,525.0,528.2999877929688,522.7000122070312,525.3499755859375,2683319,0.0,0.0028634152331918905,0.19577195659486774,-0.016811387152662977,2386263.2,554.9117076976847,0.007865660596522828,0.9861711710037045,0.01462627812856101,61.740889012638526
2025-01-29,525.0,527.5,515.5,518.0999755859375,2201858,0.0,-0.01380032423512323,0.20306925889615626,-0.016811387152662977,2443079.1,554.5454218060256,-0.004610997913664705,1.0006611140889787,-0.06795870350121916,46.9034959195135
2025-01-30,521.25,540.0,519.0,533.7000122070312,3384404,0.0,0.03011008947346716,0.22577023497872042,-0.016811387152662977,2526298.95,554.3380047950905,0.017346620367127752,0.9733183225201881,0.13336606635788137,62.82468306350861
2025-01-31,538.0,542.7999877929688,523.0,529.8499755859375,4302619,0.0,-0.0072138589713958146,0.22785331889137386,-0.016811387152662977,2550712.7,554.0943428129099,0.01571925771705951,0.980857831680041,-0.03166009909310971,66.38078850374524
2025-02-01,533.4500122070312,551.7000122070312,522.7000122070312,539.0999755859375,4921220,0.0,0.017457771871690397,0.22263805657740862,-0.016811387152662977,2545449.75,553.9451451290595,0.02911138820411807,0.9672046378342809,0.07841323876041,70.21276975523647
2025-02-03,540.4000244140625,546.4000244140625,530.2999877929688,534.5499877929688,3792769,0.0,-0.008439970319092382,0.1747146427309042,-0.016811387152662977,2622646.4,553.7521584888995,0.017512158817120316,0.9778411891573792,-0.048307169359696686,64.14254772291218
2025-02-04,536.5499877929688,542.75,534.6500244140625,541.0499877929688,3275638,0.0,0.012159760823935217,0.1768879742418481,-0.016811387152662977,2703107.1,553.625768730731,0.04429649351184839,0.9686165917033925,0.06874271803171166,63.92830007773113
2025-02-05,542.0,543.0,530.6500244140625,531.5,2811816,0.0,-0.0176508418971133,0.18881738420653754,-0.017939987989727745,2639460.6,553.4056118279377,-0.004122188789041692,0.9869943441137994,-0.09348101625534543,53.740575462692284
2025-02-06,531.5,536.7000122070312,524.6500244140625,526.2000122070312,1225984,0.0,-0.009971755019696604,0.18700203744350483,-0.013998052566291285,2584953.05,553.1349093441476,-0.006888673298266923,0.9977242134300307,-0.05332430931115431,53.120789233079
2025-02-07,529.6500244140625,529.8499755859375,520.1500244140625,527.0999755859375,2097013,0.0,0.0017103066477166529,0.18540110250496533,-0.013998052566291285,2546917.1,552.8758552769017,-0.022259322098758028,0.9975716494407253,0.009224899595307704,53.93938387376676
2025-02-10,527.0999755859375,535.4500122070312,523.6500244140625,528.0999755859375,1678247,0.0,0.0018971732997870028,0.1775158969415008,-0.013998052566291285,2503872.3,552.6293291108225,-0.012066247038301947,0.9971596576206112,0.010687342517491708,55.10066300969543
2025-02-11,529.9000244140625,532.2000122070312,515.7000122070312,517.7000122070312,1177152,0.0,-0.019693171482099148,0.19207246807559994,-0.017752958376362593,2464747.1,552.2817737187451,-0.043156780542932593,1.0174038613783996,-0.10252989746062366,45.73021350639689
2025-02-12,518.2999877929688,527.3499755859375,515.6500244140625,525.75,2113562,0.0,0.015549522123150972,0.19828199961522192,-0.017752958376362593,2434510.3,552.0177759702998,-0.010818438381937967,1.0021445368223967,0.0784212453430634,52.38648434246658
2025-02-13,525.5499877929688,528.7999877929688,517.2999877929688,519.8499755859375,1484585,0.0,-0.011222110155135523,0.19725452433504354,-0.017752958376362593,2361572.6,551.6976983545351,-0.012067724199510965,1.0129220243408004,-0.056891519340561206,47.76785646000902
2025-02-14,520.5499877929688,524.8499755859375,517.2999877929688,519.9000244140625,1191521,0.0,9.627552269986239e-05,0.19554574706606478,-0.017752958376362593,2344311.05,551.3813035889583,-0.01365955512305106,1.0126610258554725,0.0004923426830853501,46.90870686681854
2025-02-17,518.0999755859375,522.2999877929688,514.75,520.5499877929688,974964,0.0,0.0012501699334188654,0.1934398953606531,-0.017752958376362593,2280131.55,551.0745243273067,-0.014296512293135222,1.01132937047432,0.006462833669650657,51.50215354356954
2025-02-18,520.0,520.4000244140625,514.0,515.1500244140625,1603493,0.0,-0.010373573154426663,0.19673965232302196,-0.017752958376362593,2283686.45,550.7170666167272,-0.004925608910260171,1.0214111768203145,-0.05272741160546749,37.00069368452553
2025-02-19,515.0,515.0,503.7000122070313,504.4500122070313,2715980,0.0,-0.020770672037144,0.2089367163664573,-0.01974704650985139,2384563.05,550.2566979161332,-0.04051352885015447,1.0410793573165777,-0.0994113021600329,33.75959133125015
2025-02-20,505.0,510.9500122070313,500.1499938964844,510.3500061035156,2052520,0.0,0.011695894050375966,0.21147842725302402,-0.01974704650985139,2435626.5,549.8596164055599,-0.018274444413918012,1.0279366852498892,0.05530537392983653,30.79491375304316
2025-02-21,510.9500122070313,511.6000061035156,503.5,508.6499938964844,2057493,0.0,-0.00333107119956888,0.2110265233472004,-0.01974704650985139,2387307.85,549.4495704104447,-0.02163883437062175,1.0298781102776233,-0.015785082315162204,32.01387019464546
2025-02-24,503.6000061035156,507.0,502.6000061035156,505.7000122070313,736767,0.0,-0.005799629853241339,0.2106886555635672,-0.01974704650985139,2289980.25,549.0142514233461,-0.028527472738782422,1.0339430170387895,-0.027527014031476338,24.17820862602551
2025-02-25,505.1499938964844,512.4000244140625,504.1499938964844,510.9500122070313,1483864,0.0,0.010381648948528444,0.21427206702618667,-0.01974704650985139,2254080.55,548.6355027744276,-0.00815298846546375,1.0226196020859102,0.048450778527057814,33.98283774618805
2025-02-27,510.1499938964844,515.0,501.5,503.25,1181893,0.0,-0.0150699912380301,0.21525302077773076,-0.01974704650985139,2143955.0,548.183905731896,-0.002378852568128864,1.0352409290781792,-0.07001058792798742,32.75729710246635
2025-02-28,500.2999877929688,504.4500122070313,490.8500061035156,493.2999877929688,5530947,0.0,-0.019771509601651638,0.19160705503076275,-0.019821467723426255,2205371.4,547.6377970956877,-0.03340848066353996,1.0524174153980084,-0.10318779006649519,27.64550344863909
2025-03-03,493.0,496.5499877929688,485.0,491.75,2166131,0.0,-0.0031420795283281233,0.19117734848119317,-0.019821467723426255,2067616.95,547.0816996121486,-0.033225192370539336,1.0509201817786444,-0.016435416585365268,26.132637465471205
2025-03-04,486.0,489.25,480.0,483.7000122070313,2477085,0.0,-0.016370081937912895,0.18009364421612806,-0.019697088388076774,2001832.75,546.4510360558787,-0.043504052736691,1.0631537887789952,-0.09089760552177686,26.96476578635648
2025-03-05,483.0,491.0,482.6000061035156,487.7000122070313,1767699,0.0,0.008269588379270054,0.1853999388715595,-0.019697088388076774,1926435.8,545.8664487539002,-0.04550347283401057,1.0489645048724874,0.0446040488662649,22.72402304186663
2025-03-06,489.8999938964844,497.75,488.7000122070313,495.0,1219415,0.0,0.01496819276245942,0.18876492837974848,-0.019697088388076774,1846815.75,545.3603149354534,-0.016393442622950838,1.0298080845071813,0.0792954077750769,32.53690199058616
2025-03-07,495.0,499.1000061035156,491.7999877929688,495.7999877929688,1913893,0.0,0.0016161369554925642,0.1831292771795305,-0.019697088388076774,1881211.2,544.8671773519461,0.005067910119327168,1.0250807041620487,0.008825114651968185,33.24056366659151
2025-03-10,495.0,501.3999938964844,492.0,493.3500061035156,2526521,0.0,-0.004941471863198599,0.18162291890003202,-0.019697088388076774,1902686.6,544.3545686828076,0.0032536982277897586,1.026750777073966,-0.027207312937445577,31.54680389320174
2025-03-11,490.0,500.5,489.5499877929688,497.5499877929688,1830398,0.0,0.008513188684489359,0.18533792713968833,-0.019697088388076774,1910294.15,543.8888514600231,0.028633399289660355,1.0150135968985723,0.045933330303946404,37.86203341795784
2025-03-12,496.2000122070313,500.8999938964844,491.75,499.9500122070313,1450825,0.0,0.0048236850024026,0.18652175426220988,-0.019697088388076774,1923977.8,543.4516490793965,0.0251178997198791,1.0083658174566035,0.02586124478010795,46.4953243358865
2025-03-13,500.5,504.0,498.8999938964844,500.9500122070313,1288721,0.0,0.002000199971164074,0.17623826230398035,-0.019697088388076774,1882735.75,543.0287472199699,0.012020226680871327,1.0038776147371358,0.011349407509590636,42.074198324765874
2025-03-17,498.3999938964844,502.5,490.1000061035156,494.75,1646821,0.0,-0.01237650874528573,0.16856939931727669,-0.019697088388076774,1890847.55,542.5483616754926,-0.002117764862485716,1.0139211815616709,-0.07342084661393698,39.1065804746672
2025-03-18,494.75,494.75,494.75,494.75,0,0.0,0.0,0.16599780865328723,-0.019697088388076774,1831271.5,542.0727560866818,0.002837729561496305,1.0113794913732868,0.0,41.00245134332585
2025-03-19,501.6000061035156,502.25,492.8500061035156,495.4500122070313,2652053,0.0,0.0014148806610030373,0.16630036862904934,-0.019697088388076774,1915125.95,541.6088481873818,-0.004220632373548194,1.0074174836614391,0.008507982198639961,36.234455184560275
2025-03-20,497.0,499.75,493.0,499.0,3651974,0.0,0.007165178535680994,0.16910265348191866,-0.019697088388076774,2017550.0,541.1848795487015,-0.001900214389109589,0.9986322712563799,0.04237176628768554,45.92521273916212
2025-03-21,500.0,507.8999938964844,497.8999938964844,506.7999877929688,2013377,0.0,0.015631238062061792,0.17662157786992325,-0.019697088388076774,1982419.85,540.8427413222763,0.011677763136813457,0.9834945030421834,0.08850128826592678,63.50001630171199
2025-03-24,507.4500122070313,509.0499877929688,502.2000122070313,507.2000122070313,2299229,0.0,0.0007893141746204702,0.16086864297426554,-0.019697088388076774,1994755.3,540.5079877987416,0.025164249028865715,0.9824083013586699,0.0049065753956846914,65.81373566458896
2025-03-25,507.2000122070313,512.0,505.0499877929688,509.25,2782397,0.0,0.004041773942489391,0.15615759784157063,-0.019697088388076774,2031000.5,540.1969630445253,0.029307731177362406,0.9785125238028121,0.02588265790156035,79.8133046986803
2025-03-26,509.0,510.9500122070313,505.0499877929688,508.8500061035156,2517374,0.0,-0.000785456841402743,0.15573341852651057,-0.019697088388076774,2120030.85,539.8850530252118,0.027046106703666695,0.9795912281860192,-0.005043598210316382,76.9426880580337
2025-03-27,507.6000061035156,514.9500122070312,503.8500061035156,512.8499755859375,1649107,0.0,0.007860802661773247,0.15643989052410123,-0.019697088388076774,2128293.0,539.6160472795474,0.027755462096067163,0.9721361496424769,0.05024806737563865,74.82614689945515
2025-03-28,513.0,519.4500122070312,503.7999877929688,506.5,1759182,0.0,-0.01238174103193157,0.15857633068587154,-0.019697088388076774,2157157.45,539.2865343712932,-0.0005919254147483954,0.9846446211458076,-0.07808063282566798,62.89159972018161
2025-04-01,505.8500061035156,512.5499877929688,496.5499877929688,497.5,1974802,0.0,-0.017769002961500524,0.16196842902374098,-0.019697088388076774,1979350.2,538.8707479596386,-0.01912462928544234,1.0028793994385992,-0.10970657659357934,54.31841564458401
2025-04-02,496.1499938964844,497.6000061035156,484.4500122070313,495.75,2835760,0.0,-0.0035175879396984744,0.14666071484985152,-0.017865211387530455,2012831.65,538.441685790886,-0.026509572901325495,1.0068229979237582,-0.02398452580470821,48.02632797023074
2025-04-03,473.9500122070313,483.75,458.2000122070313,465.3999938964844,12356973,0.0,-0.06122038548364217,0.2588243492925653,-0.019697088388076774,2506826.05,537.7149027869617,-0.08538864436643478,1.0705146257822917,-0.23653254914248992,26.512550336761194
2025-04-04,466.8999938964844,467.25,458.5,461.75,3850303,0.0,-0.007842702931569523,0.254714984704401,-0.019697088388076774,2610956.25,536.9590331074895,-0.0996392278805418,1.0761667562421748,-0.030790110887154675,24.278190686374927
2025-04-07,435.0,454.1499938964844,433.2999877929688,451.3999938964844,4571485,0.0,-0.022414739801874695,0.2610997069224728,-0.019821467723426255,2778559.75,536.1076993839969,-0.10878579684800715,1.096012419315856,-0.08584743049924563,23.024246543602118
2025-04-08,454.8999938964844,464.0499877929688,453.0,459.0,1640063,0.0,0.016836522388740782,0.2628431783559381,-0.019821467723426255,2764868.25,535.3404585941064,-0.07738693467336688,1.0738562091503268,0.06405538790657579,29.67594091483423
2025-04-09,459.7999877929688,468.4500122070313,458.0499877929688,465.25,2429984,0.0,0.013616557734204893,0.2689762951000083,-0.019821467723426255,2760041.4,534.6430410956576,-0.061522945032778664,1.0564105313161187,0.050623632922394815,33.85025025889732
2025-04-11,463.0,465.2000122070313,455.8999938964844,461.2999877929688,2170343,0.0,-0.008490085345580156,0.26959855663429216,-0.019821467723426255,2777038.65,533.9132594707553,-0.008809639358155041,1.061527233151789,-0.03149158191592641,29.92543823542566
2025-04-15,467.6499938964844,474.4500122070313,462.6000061035156,473.75,2374405,0.0,0.02698897146431034,0.2866436022070484,-0.019821467723426255,2823217.65,533.3146200730364,0.0259880887926367,1.030865433423689,0.09415514707097562,33.23186606808687
2025-04-16,474.7999877929688,481.7000122070313,473.7999877929688,481.3500061035156,1382224,0.0,0.016042229242249295,0.2926649703153188,-0.019821467723426255,2827892.8,532.7975592375188,0.06634916396099788,1.012553220316116,0.05481431097415657,37.777771314822765
2025-04-17,480.4500122070313,480.5499877929688,476.2000122070313,479.2999877929688,844403,0.0,-0.0042588932887765996,0.2924875303969136,-0.019821467723426255,2787771.9,532.265245093792,0.044226552925857865,1.0152722941005756,-0.01456093918734851,35.839237679725244
2025-04-21,481.2999877929688,481.8500061035156,474.7999877929688,475.5499877929688,2586539,0.0,-0.007823910067821238,0.2908607077963067,-0.019821467723426255,2917098.85,531.7009141753759,0.022138608904822776,1.021259615235289,-0.02689916372034954,34.73876418658497
2025-04-22,476.0,485.75,475.5,484.3999938964844,1525955,0.0,0.018610043803362286,0.29926998457746384,-0.019821467723426255,2860793.95,531.2302582522029,0.050075887090382576,1.0014605754655175,0.06218479680743675,37.51646725431413
2025-04-23,486.0,487.3500061035156,482.0499877929688,486.2000122070313,1107728,0.0,0.003715975089239043,0.299593811507633,-0.019821467723426255,2733581.65,530.7821961024998,0.02627970914412936,0.9964366209170813,0.012403376913913989,40.72213343178167
2025-04-24,486.2000122070313,494.5,484.4500122070313,491.7000122070313,3251494,0.0,0.011312216910554174,0.30130930614219037,-0.019821467723426255,2795487.5,530.3933186508037,0.021502037960481335,0.9837553110949547,0.037543535179695026,47.26157542711223
2025-04-25,489.0,493.0499877929688,480.0,484.6000061035156,1369564,0.0,-0.014439711058063187,0.29898865846046757,-0.019821467723426255,2749004.25,529.937663799587,0.011057831098539861,0.9958367562749487,-0.0482951783170084,44.98877085545244
2025-04-28,483.0,487.8500061035156,480.2000122070313,482.2000122070313,1312796,0.0,-0.0049525255184822425,0.29898535136185495,-0.019821467723426255,2675524.2,529.4626622912033,0.013983859919596053,0.9979883587657025,-0.01656444146938792,60.08403489784807
2025-04-29,482.25,486.9500122070313,481.2999877929688,483.6499938964844,1470658,0.0,0.0030070129671222467,0.2987331497268047,-0.019821467723426255,2623188.4,529.0068148444897,-0.0015483072036542866,0.9923912007154359,0.01006588277602727,63.50183451835669
2025-04-30,483.6000061035156,490.4500122070313,482.3500061035156,487.75,2195362,0.0,0.008477217316771313,0.3010319073450267,-0.019821467723426255,2650501.15,528.5962992738977,0.0031879632950495562,0.9814761648173213,0.028160526603081687,74.28187928554706
2025-05-02,485.2999877929688,487.75,476.6000061035156,479.3999938964844,1697677,0.0,-0.01711943844903252,0.30331760778088007,-0.019821467723426255,2647425.9,528.1067837975055,-0.02501528982140433,0.9957446916187233,-0.05644063333439401,63.492047355783
2025-05-05,481.0,485.3999938964844,479.25,481.8500061035156,3248925,0.0,0.005110580388451691,0.3025738128695693,-0.019821467723426255,2711132.05,527.6465173527893,-0.005674783254981164,0.9890577842750209,0.01689035865688458,61.55987993496657
2025-05-06,482.0,486.25,479.3999938964844,480.6000061035156,702529,0.0,-0.002594168276780051,0.2972529182783508,-0.019821467723426255,2604470.5,527.1783928627467,-0.003318137832872381,0.990054085834402,-0.008727141198591807,63.96526727876568
2025-05-07,473.2999877929688,485.75,473.2999877929688,482.1000061035156,1520898,0.0,0.0031210985870793184,0.2975673099682816,-0.019821467723426255,2062666.75,526.7298517009633,-0.0032047716582841446,0.9887056508413097,0.01048871424258552,57.179705980698095
2025-05-08,469.9500122070313,478.6000061035156,461.1000061035156,468.7000122070313,7843512,0.0,-0.027795050252721,0.22663117715897768,-0.020852875425380536,2262327.2,526.1524403627152,-0.03905686887333404,1.0177138649290853,-0.122644418895548,40.10947180812213
2025-05-09,466.3500061035156,467.2999877929688,458.6000061035156,462.75,2037837,0.0,-0.01269471314714432,0.22946928513356574,-0.020852875425380536,2135644.8,525.5215703093548,-0.03473090135265955,1.0320259345666194,-0.05532205578857594,37.80399486647085
2025-05-12,468.0499877929688,476.5499877929688,467.0,475.0499877929688,2902701,0.0,0.026580200525054165,0.23138098632166149,-0.020852875425380536,2198776.7,525.0193655081968,-0.014112313426195011,1.0069940277923568,0.114876333612562,49.67277488265322
2025-05-13,474.9500122070313,479.2000122070313,471.7000122070313,473.75,2449180,0.0,-0.002736528420952955,0.22601033725280006,-0.020852875425380536,2199736.5,524.5092225678167,-0.014253029580778231,1.0106543548503464,-0.01210797848070229,42.265800239134045
2025-05-14,473.75,474.5499877929688,467.0,468.9500122070313,3541267,0.0,-0.01013190035455136,0.22507620363072514,-0.020852875425380536,2268282.7,523.9563946040278,-0.027276485646135384,1.021814669704086,-0.045015420293032044,37.995820481695155
2025-05-15,469.3999938964844,472.5,467.1000061035156,469.0,2739793,0.0,0.00010659514163013917,0.22272055924270573,-0.020852875425380536,2286552.1,523.4095648069728,0.0006400422128347572,1.0211993642453192,0.00047860483651143617,32.90660781721071
2025-05-16,471.2000122070313,477.3999938964844,467.2999877929688,476.6499938964844,2431240,0.0,0.01631128762576628,0.20963740823816615,-0.020852875425380536,2339002.9,522.9442954446794,0.030037804206341168,1.004316599917267,0.07780713845290374,44.06271984426286
2025-05-19,477.6000061035156,484.5,475.1000061035156,483.4500122070313,1640651,0.0,0.014266271682830789,0.20804917606256568,-0.020852875425380536,2378815.3,522.5513175020162,0.017682401073386256,0.9906194856735614,0.06857162939604368,50.875963759820586
2025-05-20,484.8500061035156,486.3999938964844,475.0,475.6499938964844,1843098,0.0,-0.01613407407921763,0.21526196690360433,-0.020852875425380536,2341643.25,522.0846376651452,0.004010541206299401,1.0068748215958336,-0.07495087758319051,44.85199557995588
2025-05-21,477.7999877929688,484.8999938964844,477.2999877929688,481.75,1927887,0.0,0.012824568867424668,0.2180062494092695,-0.020852875425380536,2361739.85,521.683297986885,0.027294994050064636,0.9938505512231611,0.05882660847525819,46.23588506242968
2025-05-22,482.0,483.1000061035156,475.0,477.0499877929688,1958254,0.0,-0.009756122899909014,0.21067686633713195,-0.020852875425380536,2404266.15,521.2391854476422,0.017164153076692612,1.0026831863973162,-0.04630846569177792,48.454960109547045
2025-05-23,477.9500122070313,484.4500122070313,477.9500122070313,481.9500122070313,1495455,0.0,0.010271511454663429,0.21358999625836236,-0.01990367111166279,2316464.2,520.8482484004719,0.011119308462003152,0.9914773103601208,0.04808985043166684,50.06369804105677
2025-05-26,482.0,485.5499877929688,479.75,480.2999877929688,2584471,0.0,-0.003423642229007151,0.20952932715985187,-0.01990367111166279,2377209.55,520.4447831207954,-0.006515718966852657,0.9944357964910185,-0.016339679566662414,49.80987437190354
2025-05-27,481.2999877929688,485.6000061035156,480.3999938964844,484.1000061035156,1713846,0.0,0.00791176016474271,0.20578241438378025,-0.01990367111166279,2397262.05,520.0831435484841,0.017765189352383803,0.9868260578129382,0.038447210389490935,51.23152589443271
2025-05-28,484.0,486.7999877929688,482.5499877929688,484.7000122070313,1568432,0.0,0.0012394259366883542,0.20500945792758724,-0.01990367111166279,2402150.75,519.7310725898627,0.006123533382524693,0.9857127903718839,0.006045700958192526,61.69589169528898
2025-05-29,484.7000122070313,484.8500061035156,479.9500122070313,482.1000061035156,1599536,0.0,-0.005364155225985656,0.20567981222712853,-0.01990367111166279,2372359.45,519.3566341173618,0.010585931117848446,0.9904428454384389,-0.026080123795819487,64.87316089119336
2025-05-30,482.0,486.1499938964844,478.7000122070313,482.9500122070313,6304976,0.0,0.0017631323226598994,0.2034662352591324,-0.01990367111166279,2602724.4,518.9943791729804,0.0020749039831342575,0.9890671719080819,0.008665478248809247,57.36941218287776
2025-06-02,484.4500122070313,490.2000122070313,481.5499877929688,484.4500122070313,1851827,0.0,0.003105911506545267,0.194375772451955,-0.01800128980351923,2532869.5,518.6506541285432,0.008640484113131786,0.9862730746460763,0.01597890162738238,59.9442288002559
2025-06-03,484.4500122070313,486.7999877929688,482.5499877929688,485.6499938964844,1460542,0.0,0.0024769979548275867,0.19381399966475568,-0.01800128980351923,2570770.15,518.3222893501148,0.0032017925499412403,0.9843560351064321,0.012780283319622271,66.63341333197023
2025-06-04,487.0,493.3999938964844,484.3999938964844,491.8500061035156,2318406,0.0,0.012766420848247195,0.19803725403217648,-0.01800128980351923,2610645.55,518.0588835466662,0.014751379650121299,0.9729388970276681,0.06446474056606309,70.27502567186548
2025-06-05,494.2999877929688,494.3500061035156,487.0,488.7000122070313,1792668,0.0,-0.006404379094022805,0.1996016377912932,-0.01800128980351923,2308103.35,517.7667554736349,0.013690118274129581,0.9812563750013895,-0.032085802722026276,61.620046625162594
2025-06-06,487.3999938964844,487.6499938964844,480.5499877929688,481.25,3468649,0.0,-0.015244550892041353,0.18086323278146893,-0.01800128980351923,2379643.95,517.4034046729023,-0.003520058316723973,0.9983688362418833,-0.08428772290929694,47.90475502302816
2025-06-09,483.6499938964844,486.0,481.3500061035156,485.6000061035156,1389266,0.0,0.009038973721591015,0.17522465057464848,-0.01800128980351923,2303972.2,517.0869529458438,0.0023738133295636565,0.9905117325192129,0.05158505482018194,60.142701072806595
2025-06-10,486.1499938964844,491.3999938964844,484.5,489.5499877929688,1496169,0.0,0.008134229077030097,0.1533825294379422,-0.01800128980351923,2256321.65,516.8129532925814,0.008030462154840823,0.9841334179551208,0.05303230150470396,58.31553669356398
2025-06-11,490.0,493.7000122070313,485.3500061035156,486.5,2168242,0.0,-0.00623018663879249,0.15506014247131342,-0.01800128980351923,2187670.4,516.5113318667846,-0.010877312264157335,0.992106890310854,-0.040179159761532496,60.44198816710056
2025-06-12,487.1000061035156,487.7999877929688,471.4500122070313,472.9500122070313,3727720,0.0,-0.027851979019462902,0.1814425005833607,-0.022683755324417007,2237066.75,516.077885900021,-0.03222836015262409,1.0209482826595504,-0.15350305135172157,41.65120961032879
2025-06-13,468.0,470.0499877929688,464.25,466.5,3850751,0.0,-0.013637830723234767,0.18791790232777253,-0.022683755324417007,2308042.3,515.5845736025084,-0.030649350649350704,1.033976426691871,-0.07257334095670039,38.24532791289379
2025-06-16,467.6000061035156,473.9500122070313,465.2999877929688,471.7000122070313,1942798,0.0,0.011146864323754224,0.18299177697029786,-0.022683755324417007,2323149.65,515.1479113000659,-0.02862436927877887,1.0213323947091824,0.06091456074781934,39.68386626596887
2025-06-17,471.7000122070313,474.3500061035156,469.1499938964844,472.0499877929688,1521179,0.0,0.000741945255205767,0.1751315179910458,-0.022683755324417007,2307053.7,514.7190762402938,-0.03574711558853261,1.0201938675990263,0.004236503065534274,39.43188831689012
2025-06-18,472.0,474.1499938964844,468.0499877929688,470.2000122070313,2812394,0.0,-0.003919024751143252,0.1668136700114365,-0.022683755324417007,2351279.05,514.2761004787689,-0.03350459977999731,1.0229795637375372,-0.023493425424548933,39.93231381642542
2025-06-19,469.0,470.7000122070313,464.0,465.1000061035156,1349010,0.0,-0.010846461018954923,0.16311016890432206,-0.022683755324417007,2320816.85,513.7867861068758,-0.016597961520042004,1.0329122725608788,-0.06649775686480787,35.91158509703003
2025-06-20,465.1000061035156,468.6000061035156,463.8999938964844,466.8999938964844,2804520,0.0,0.003870109157917634,0.1613698461593069,-0.022683755324417007,2386270.1,513.3202508610012,0.000857436005325507,1.0273185042347144,0.023982850639074748,36.21363949418401
2025-06-23,465.6499938964844,468.3500061035156,463.1000061035156,467.5,1567027,0.0,0.001285084839064421,0.1564054095121894,-0.022683755324417007,2335397.9,512.864327966862,-0.008903990032520737,1.0246310245289523,0.00821637027075183,35.60665638764266
2025-06-24,468.0,475.5,468.0,475.1000061035156,2587207,0.0,0.01625669754762704,0.167653820994526,-0.022683755324417007,2379065.95,512.4885635702118,0.00646121891625695,1.0072931968412027,0.09696585787030321,37.00542064109076
2025-06-25,476.0,481.5,475.3500061035156,480.25,2954897,0.0,0.010839810209057887,0.16979035972260215,-0.022683755324417007,2448389.2,512.167781843145,0.021373856937595415,0.996028117349159,0.06384231465405021,43.64182201776782
2025-06-26,482.0,483.2999877929688,478.7999877929688,481.5499877929688,1414934,0.0,0.0027068980592790393,0.17003668695296947,-0.022683755324417007,2439159.1,511.8631271759791,0.0353686980726291,0.9932821401026525,0.01591949330812831,50.24874628245999
2025-06-27,482.7000122070313,488.2999877929688,481.6000061035156,486.3500061035156,2780971,0.0,0.00996785054973448,0.17250943775320043,-0.022683755324417007,2262958.85,511.6092652747606,0.041657769246712606,0.9838285106022778,0.057781476200624814,50.617284454150344
2025-06-30,487.3999938964844,487.75,479.3999938964844,485.25,3254231,0.0,-0.0022617581776723794,0.17269397887423618,-0.022683755324417007,2333079.05,511.34698402824563,0.03796791443850278,0.9861411674927952,-0.013096913172348445,46.286709289924936
2025-07-01,487.0,489.2000122070313,480.7000122070313,482.3999938964844,1617894,0.0,-0.00587327378364888,0.17364316599015517,-0.022683755324417007,2340946.65,511.05895427569084,0.015365160385576226,0.9916304054276753,-0.033823809949098546,46.44713385210916
2025-07-02,484.7999877929688,488.3999938964844,479.3999938964844,487.5499877929688,2358163,0.0,0.010675775210705174,0.17748308135934324,-0.017384203516674628,2342934.5,510.82503421118616,0.015200391031689353,0.9807148242887254,0.06015094243028672,64.80728095287614
2025-07-03,489.5,492.9500122070313,487.5,491.6000061035156,2976302,0.0,0.008306878088296887,0.1741603225363921,-0.017384203516674628,2402116.2,510.6337403991696,0.02087014549955213,0.9729302163687571,0.04769672845314017,76.75907159390022
2025-07-04,493.0,497.3999938964844,491.6000061035156,495.1000061035156,2857925,0.0,0.007119609350173528,0.17416247745172692,-0.016183342297708375,2371580.0,510.47917587881483,0.01799115840483334,0.9674510093021595,0.04087912072424258,75.88495925150619
2025-07-07,501.8999938964844,517.7000122070312,496.0499877929688,512.75,10017201,0.0,0.03564935099757216,0.20247099159694823,-0.016183342297708375,2802976.75,510.5017711437023,0.05667181865018023,0.9367966851392995,0.17607139153950574,82.5600095806905
2025-07-08,512.5,514.4000244140625,510.5,513.0999755859375,1995221,0.0,0.0006825462426864881,0.20144978621213022,-0.016183342297708375,2827929.35,510.52762392422204,0.06364009551799632,0.9384525874220704,0.0033881704301539964,85.16390421348133
2025-07-09,511.0,523.4500122070312,511.0,522.1500244140625,3433335,0.0,0.017637983353614883,0.20728391411141608,-0.016183342297708375,2891184.0,510.64326970024035,0.07096715718878466,0.9256008394481482,0.08509093712513077,93.91838377187035
2025-07-10,523.7000122070312,524.4000244140625,517.8499755859375,522.4000244140625,2272923,0.0,0.00047878959745428773,0.20474357578853283,-0.016183342297708375,2818444.15,510.76025233420876,0.06265259952836799,0.9298908476712588,0.0023384839901592833,93.76970202538811
2025-07-11,521.5,535.9000244140625,518.5999755859375,530.8499755859375,4512466,0.0,0.01617525033876621,0.1744241925073637,-0.016183342297708375,2851529.9,510.9601500780071,0.07220757229186403,0.9211500853238985,0.09273512566630962,94.45612303260376
2025-07-14,533.5,536.5,524.5499877929688,526.2000122070312,1428794,0.0,-0.008759468009344351,0.16836827665657642,-0.016183342297708375,2825829.7,511.11179049720135,0.026231130584166262,0.934468812045013,-0.05202564083348537,87.40851963693964
2025-07-15,526.5,528.9000244140625,523.1500244140625,527.0,1243559,0.0,0.001520311239852301,0.16782065622088793,-0.016183342297708375,2811948.7,511.26988213404513,0.027090284691963396,0.9382637588529931,0.009059141964382659,86.5520214644158
2025-07-16,527.0,530.3499755859375,525.0999755859375,527.9500122070312,2301562,0.0,0.0018026797097367986,0.16749394002638335,-0.016183342297708375,2786407.1,511.43585357755745,0.01110789528254319,0.9420446811553338,0.010762655662803605,86.47802042724642
2025-07-17,530.0,531.7000122070312,526.5499877929688,528.7000122070312,1537940,0.0,0.0014205890380885045,0.1647511650130873,-0.016183342297708375,2795853.6,511.60763625048753,0.012059700418343144,0.9467230748326555,0.008622633726136749,85.55838475928978
2025-07-18,522.4500122070312,523.4000244140625,518.3499755859375,522.5999755859375,1616139,5.25,-0.011537803064595065,0.16563841506036114,-0.016183342297708375,2736434.55,511.71701276128806,-0.015541114023588043,0.9631028010302866,-0.06965656103280694,78.93104758185484
2025-07-21,520.0999755859375,522.1500244140625,513.4000244140625,514.5499877929688,1172175,0.0,-0.01540372783971744,0.18094883248194302,-0.016183342297708375,2716691.95,511.7452015675735,-0.022139916654883796,0.9827422246452031,-0.08512752902110765,73.04660054371509
2025-07-22,515.4500122070312,516.5,511.0,515.0499877929688,1471884,0.0,0.0009717228876917616,0.18102657601933414,-0.016183342297708375,2660925.8,511.77808501260233,-0.022675544984879004,0.9856664611423321,0.005367846287439674,71.12135953458065
2025-07-23,517.75,518.5,510.8500061035156,513.8499755859375,1898497,0.0,-0.0023298946422140032,0.17747111597358362,-0.016183342297708375,2608105.8,511.7987008392027,-0.026707143280762957,0.9912377576310876,-0.013128302586871542,67.87147004037062
2025-07-24,516.9000244140625,516.9000244140625,511.0,512.5499877929688,3715595,0.0,-0.0025298975474045138,0.17683042255024975,-0.016183342297708375,2723138.85,511.80617633127997,-0.030546669266461768,0.9967759432763025,-0.014306912621986575,64.52955364209863
2025-07-25,512.0,514.0,508.3500061035156,511.3500061035156,2132786,0.0,-0.0023411993328108505,0.17785613222967778,-0.01544024515169245,2690729.6,511.80163732403855,-0.021526923092195838,1.0015595804156823,-0.01316344380048174,48.3945002341242
2025-07-28,507.0,523.9500122070312,507.0,522.0,2759206,0.0,0.020827209874577424,0.18701849063803613,-0.01544024515169245,2665978.35,511.90311356957056,0.01447869475031216,0.9846455891927083,0.11136443615750789,58.25605779022529
2025-07-29,524.6500244140625,525.5999755859375,514.6500244140625,518.2999877929688,2646055,0.0,-0.007088145990481354,0.1896018777121969,-0.01544024515169245,2717386.4,511.9667640593557,0.006310067133340924,0.9951379691319665,-0.03738436402722261,46.03497161880668
2025-07-30,519.0499877929688,523.25,517.5999755859375,522.0,1616247,0.0,0.007138746467632906,0.18708892480852074,-0.01544024515169245,2680290.6,512.066597252795,0.01586070799121697,0.9913840955244628,0.03815696783425045,49.615360555273
2025-07-31,518.2999877929688,531.75,517.1500244140625,529.0,3024718,0.0,0.013409961685823646,0.18858340573499321,-0.015252509739425157,2682711.4,512.2350888224189,0.03209445439237002,0.9818005624926158,0.0711089129102847,48.170152158700176
2025-08-01,533.0,547.7000122070312,531.9000244140625,534.3499755859375,8042006,0.0,0.010113375398747682,0.1892109052505951,-0.015252509739425157,2941915.45,512.4551374469315,0.04497891699988732,0.9756433421018664,0.05345027471249903,57.95118362599311
2025-08-04,534.3499755859375,538.8499755859375,528.2000122070312,529.6500244140625,2602888,0.0,-0.00879564215703632,0.19392638126593462,-0.015252509739425157,2571199.8,512.6262308495895,0.014655219184027679,0.9858962960137527,-0.045355570738047225,52.40256212785529
2025-08-05,529.6500244140625,529.6500244140625,521.0,524.7000122070312,2027038,0.0,-0.009345817009084989,0.15877061271765294,-0.015252509739425157,2572790.65,512.7463679775243,0.012348108363488874,0.9963026242092154,-0.058863641454029975,47.252745440019424
2025-08-06,524.1500244140625,524.1500244140625,512.0,514.0,931299,0.0,-0.02039262808861786,0.17545294166651834,-0.01544024515169245,2447688.85,512.7588419279967,-0.01532567049808431,1.0162499958439095,-0.11622846976879547,39.36322900797097
2025-08-07,513.75,519.7000122070312,512.0999755859375,517.2000122070312,957305,0.0,0.0062257046829401474,0.165271971969583,-0.01544024515169245,2381907.95,512.8030326770419,-0.02230621510958175,1.0094595609646433,0.037669450131516784,45.92147470511991
2025-08-08,518.0,519.7999877929688,506.0,507.25,510393,0.0,-0.019238228871209517,0.1776017108393897,-0.016289281818817225,2181804.3,512.747778620554,-0.05071577959037277,1.0269344474600712,-0.10832231118192373,44.64024189792158
2025-08-11,507.7000122070313,511.5499877929688,499.2999877929688,510.0499877929688,1123741,0.0,0.005519936506592105,0.16793299798994568,-0.016289281818817225,2166551.65,512.7209349307273,-0.03700563715214911,1.019713772573465,0.03286987217499605,46.44886169674139
2025-08-12,510.0,510.9500122070313,501.25,502.8999938964844,839972,0.0,-0.014018221875512826,0.17160778243170807,-0.015595452891292043,2146372.3,512.6232141244164,-0.041547584912091096,1.0318154767268723,-0.08168756020267219,42.82908337421163
2025-08-13,503.3999938964844,504.9500122070313,498.6499938964844,503.5,864573,0.0,0.0011930922863345739,0.17152455937619504,-0.015595452891292043,2074522.85,512.5324358744223,-0.020428015564202373,1.0281578874635364,0.006955809833387967,44.01851136999757
2025-08-14,504.0,505.5,499.3999938964844,500.8999938964844,1202134,0.0,-0.005163865150974445,0.17121749957037372,-0.015595452891292043,2057732.55,512.4166901830995,-0.03151588926108162,1.0307197079524397,-0.030159679135223005,43.218680088488505
2025-08-18,513.9000244140625,529.7999877929688,512.0,519.0999755859375,4810046,0.0,0.03633456161154269,0.21758941615539595,-0.015595452891292043,2217427.9,512.4831905353666,0.023361213575036954,0.9942448847927567,0.16698679827205215,48.286037005815956
2025-08-19,519.8499755859375,522.75,514.0,522.0499877929688,645927,0.0,0.005682936516614889,0.2150273892865676,-0.015595452891292043,2191115.5,512.5783825478801,0.023527105748840427,0.9893449047013264,0.026428894808150586,52.23613652093163
2025-08-20,522.0,536.4000244140625,521.0999755859375,535.0,12345218,0.0,0.024806077022966777,0.22359151978382788,-0.015595452891292043,2734782.2,512.8014832190455,0.06382980014536055,0.9672616748275045,0.1109437242410288,56.981741809615855
2025-08-21,535.9500122070312,536.4500122070312,514.75,515.7000122070312,6041694,0.0,-0.036074743538259346,0.25957093634419665,-0.019295948832079933,2941942.05,512.8303243035031,0.024230411533329166,1.0036406546680177,-0.1389783565777946,43.69070562790895
2025-08-22,516.0,519.8499755859375,514.5499877929688,515.9500122070312,1596318,0.0,0.0004847779602139557,0.2594100914208989,-0.019295948832079933,2835978.2,512.861365974185,0.03004595427017942,1.0034838391993683,0.0018687705588896566,40.827534530112274
2025-08-25,515.9000244140625,520.4500122070312,513.4500122070312,518.5999755859375,1204983,0.0,0.005136085504816146,0.2597075171899075,-0.019295948832079933,2789588.05,512.9184665673367,-0.0009632055933649353,0.9990551908013683,0.019776421424475908,44.37656541863645
2025-08-26,518.5999755859375,526.7999877929688,517.0999755859375,522.4000244140625,3045617,0.0,0.007327514475548469,0.2604460181470532,-0.019295948832079933,2803908.6,513.0128104265082,0.0006705040307990462,0.9918261381408721,0.02813448347698051,48.81566062707696
2025-08-28,526.5499877929688,526.5499877929688,512.25,513.8499755859375,2068611,0.0,-0.016366861463521065,0.2568786630236946,-0.019295948832079933,2775036.4,513.0211404280946,-0.03953275591413552,1.0078963175552962,-0.06371436472661698,49.92099818951238
2025-08-29,515.4500122070312,528.5499877929688,509.7000122070313,521.0999755859375,3745766,0.0,0.014109176499877973,0.26062575451165904,-0.019295948832079933,2881512.35,513.1015268475757,0.010471132928223437,0.9937872216669076,0.054135770215637306,51.969677186363676
2025-09-01,521.5499877929688,524.5499877929688,520.0499877929688,523.6500244140625,4327053,0.0,0.0048935884620944226,0.2600080035546867,-0.019295948832079933,2946629.1,513.2064870223666,0.01492395004332625,0.9884368834855064,0.018820913998734003,58.95196875801473
2025-09-02,525.0,547.75,523.6500244140625,544.5999755859375,8973936,0.0,0.040007543578971294,0.2913675786068434,-0.019295948832079933,2993225.6,513.5188600428996,0.050134981149245306,0.9513542442074316,0.1373095194639354,65.74030450781638
2025-09-03,545.9000244140625,549.25,541.25,543.5,2220814,0.0,-0.0020197863298727636,0.2898994708072615,-0.019295948832079933,2974121.9,513.8171798434678,0.04039045673782993,0.9545538122322764,-0.006967195402518195,69.57569391582747
2025-09-04,565.0,577.0,551.3499755859375,552.7000122070312,8712233,0.0,0.016927345367122815,0.2926661764502978,-0.019295948832079933,3308381.65,514.2040736978316,0.07560579637430842,0.9411977301592402,0.05783840481345634,71.90560579407943
2025-09-05,553.7999877929688,555.8499755859375,542.3499755859375,546.7000122070312,1489345,0.0,-0.010855798566098973,0.2934618818742105,-0.019295948832079933,3336283.95,514.527416369565,0.04912691963247262,0.9545179914153334,-0.03699219171786776,69.79256750325557
2025-09-08,547.9500122070312,551.6500244140625,542.7000122070312,546.2000122070312,782235,0.0,-0.0009145783589459278,0.2821744113711349,-0.016510429833905486,3327530.45,514.842566576903,0.0430630893566768,0.9580464772312166,-0.0032411809493639834,63.826540594019455
2025-09-09,546.25,547.4000244140625,539.25,544.25,1937685,0.0,-0.003570143104083434,0.28282385073569255,-0.016510429833905486,3398895.05,515.1351778547448,-0.0006426287213122661,0.9648782683667319,-0.012623203342167233,61.44329797222702
2025-09-10,546.9000244140625,548.9500122070312,543.7000122070312,547.5,874891,0.0,0.005971520440973821,0.271577396433675,-0.016510429833905486,3386452.55,515.4572158860409,0.007359705611775569,0.9625707729113157,0.021988281423669143,57.15921698083125
2025-09-11,547.25,548.4000244140625,543.0,544.0999755859375,891836,0.0,-0.006210090253995437,0.2736631316878454,-0.016510429833905486,3389045.75,515.7422184701195,-0.015560044203278056,0.9723718452361054,-0.022692461307335987,69.88790559880965
2025-09-12,544.0999755859375,544.0999755859375,533.7000122070312,538.8499755859375,2746427,0.0,-0.0096489620208976,0.2705961180930279,-0.016510429833905486,3483138.45,515.9721464016202,-0.014358947221170038,0.9851257679941299,-0.03565816735404431,64.98687014700008
2025-09-15,536.5,542.5999755859375,536.5,540.9000244140625,837561,0.0,0.0038044890433479583,0.2704751863830021,-0.016510429833905486,3464909.8,516.2201849888087,-0.00970338278015237,0.9850896163959221,0.014065944287034261,64.70976145740943
2025-09-16,540.5999755859375,542.2999877929688,534.5,535.7000122070312,1405923,0.0,-0.00961362908545671,0.27271256629142737,-0.016510429833905486,3294703.65,516.4140141153582,-0.0157096698079352,0.9962012081929982,-0.03525187292860066,58.61396664225288
2025-09-17,537.5499877929688,539.5,532.2000122070312,535.1500244140625,822210,0.0,-0.001026671234713672,0.2450738413573474,-0.016510429833905486,3303517.8,516.6004420785295,-0.022557033033675844,0.9984489897122435,-0.0041892320581221896,65.39019226936814
2025-09-18,536.0,539.0,532.4000244140625,536.2999877929688,2012300,0.0,0.0021488616769949065,0.24463086768074555,-0.016510429833905486,2786871.9,516.7964574587726,-0.01433557828148957,0.9964292611855206,0.008784098300948211,62.04437655447079
2025-09-19,536.9500122070312,542.7999877929688,532.7000122070312,535.4500122070312,2411369,0.0,-0.001584888318635569,0.22941909872625926,-0.016510429833905486,2605355.65,516.9820649687055,-0.006309666016425353,0.9998552402746987,-0.006908266392607439,59.60911617588771
2025-09-22,536.0,536.75,518.0,522.0499877929688,2892697,0.0,-0.02502572436001993,0.2097971224036988,-0.019295948832079933,2670174.6,517.0324920614843,-0.03484939132978093,1.0261038442971557,-0.11928534996305182,29.062235339771433
2025-09-23,522.0,522.0,512.6500244140625,515.0,3466804,0.0,-0.01350443052929362,0.2154689967600243,-0.019295948832079933,2783265.65,517.0122682598775,-0.038641052334027814,1.0398009720589352,-0.06267458476909396,26.170587957886752
2025-09-24,515.0,520.9500122070312,511.3999938964844,517.7999877929688,1781081,0.0,0.0054368695009101575,0.21556184743097703,-0.019295948832079933,2720038.85,517.0201062651819,-0.03242088354586237,1.03373408922001,0.02522185309453944,17.322089413339583
2025-09-25,517.7999877929688,521.8499755859375,505.1499938964844,506.2999877929688,2356326,0.0,-0.02220934776189676,0.22691861468509986,-0.020483464072281805,2734424.6,516.9134384196873,-0.05593884147463568,1.0564685212048046,-0.09787362228515696,15.704577493867987
2025-09-26,508.0,508.0,493.0,499.75,3168298,0.0,-0.012936970078788912,0.22436350358406473,-0.020483464072281805,2705551.2,516.7426579378994,-0.06667291323774938,1.0681790907660862,-0.0576607571887649,14.241721696027966
2025-09-29,497.75,501.7000122070313,490.5499877929688,492.8500061035156,17685374,0.0,-0.013806891238588026,0.22113359126247423,-0.020483464072281805,3373467.25,516.5049201087015,-0.05593330595198298,1.0800091165729364,-0.062436875987019066,13.233191400806064
2025-09-30,495.0,500.1499938964844,489.5,491.2999877929688,2645097,0.0,-0.00314501022897673,0.21946711769132662,-0.020483464072281805,3057025.3,516.2541247622764,-0.04601944117870138,1.077992089282025,-0.014330210916142689,8.797652366203991
2025-10-01,491.2999877929688,496.0,483.6499938964844,495.0499877929688,2443402,0.0,0.007632811099478776,0.16032286661814507,-0.020483464072281805,3068154.7,516.0431383247709,-0.04393588361592626,1.0649328607100148,0.047608995425266136,14.22319725210454
2025-10-03,495.0499877929688,497.7999877929688,490.75,496.1499938964844,3035129,0.0,0.002222010161882171,0.1618106220968442,-0.020483464072281805,2784299.5,515.8451965891661,-0.020047391153868332,1.0568729320365562,0.013732164154406682,16.847837124594705
2025-10-06,495.5,497.75,491.7999877929688,493.3500061035156,2681852,0.0,-0.005643430066337829,0.1422419616063027,-0.020483464072281805,2843924.85,515.6213638480154,-0.012806390988463034,1.0574642586801895,-0.03967485828977198,13.507239178912428
2025-10-07,493.3500061035156,502.7999877929688,489.8999938964844,492.25,4534081,0.0,-0.0022296667475560916,0.14117436311239634,-0.020483464072281805,3031517.15,515.3888129639556,-0.0012174213170033088,1.0543473801193897,-0.015793707444204032,14.414361691407535
2025-10-08,485.0,493.2000122070313,479.1499938964844,480.1499938964844,3627391,0.0,-0.02458101798581136,0.15571587209176763,-0.02232793127309249,3116002.45,515.0381779483589,-0.02269487924592206,1.0742424328131817,-0.15785813017663217,12.121162419799347
2025-10-09,480.4500122070313,486.5,479.1499938964844,485.3999938964844,3052079,0.0,0.010934083238022252,0.1663925882511757,-0.02232793127309249,3224861.85,514.7432706443601,-0.019492968658591514,1.0562268308613822,0.0657125578477767,16.818770472681763
2025-10-10,485.3999938964844,490.8500061035156,485.3999938964844,489.7000122070313,1613675,0.0,0.008858711093152394,0.16915245720030714,-0.02232793127309249,3260953.8,514.4940839932425,-0.01300006403063425,1.0413977667390188,0.052371160999159866,21.459771600481005
2025-10-13,488.6000061035156,489.6000061035156,482.5499877929688,487.75,1990140,0.0,-0.003982054642479582,0.16916824167159544,-0.02232793127309249,3223139.45,514.2279737047526,-0.011350980103850716,1.0403229119532051,-0.023539018717353085,25.036403370856917
2025-10-14,487.75,489.75,484.5499877929688,487.3500061035156,1611549,0.0,-0.0008200797467644572,0.16896650572021826,-0.02232793127309249,3261838.85,513.9605312410587,-0.009954279119318232,1.0356827599637684,-0.0048535045140090305,27.719592413561415
2025-10-15,486.0499877929688,494.3999938964844,486.0499877929688,493.1499938964844,2084672,0.0,0.011901072576855132,0.17628146308663786,-0.02232793127309249,3295776.3,513.7534612177295,0.027074872779864423,1.0191878833919705,0.06751176041628638,31.05304608389612
2025-10-16,493.8999938964844,502.0,493.8999938964844,500.75,1236003,0.0,0.015411145082789846,0.1877748766012308,-0.02232793127309249,3316465.95,513.6240735439213,0.031623416350493594,1.000284567655353,0.0820724504843814,45.46199042973231
2025-10-17,500.6000061035156,511.6499938964844,499.6000061035156,508.3500061035156,3436032,0.0,0.015177246337525041,0.19817509445318196,-0.02232793127309249,3387652.55,513.5715952609322,0.03808452814291452,0.9825808835875824,0.07658503008944094,56.9131833094032
2025-10-20,511.1000061035156,511.1000061035156,503.5,504.5499877929688,824259,0.0,-0.007475200678512484,0.1982149462804509,-0.02232793127309249,3308297.05,513.481828022445,0.03444384990870075,0.9869190545943789,-0.03771259656075575,59.89845027949359
2025-10-21,506.1499938964844,507.8500061035156,503.4500122070313,506.3999938964844,128942,0.0,0.0036666458195906415,0.19946055091202816,-0.02232793127309249,3170109.3,513.4113620112414,0.039088924908974754,0.9817683713381844,0.01838281113231107,62.71043094598475
2025-10-23,507.0,515.0,505.2999877929688,511.3999938964844,3693389,0.0,0.009873617812527158,0.18616482420773933,-0.02232793127309249,3181438.55,513.3913483981593,0.03700699630107018,0.971817565271306,0.053036965088204005,63.47897041824838
2025-10-24,512.4000244140625,512.4000244140625,498.3999938964844,508.4500122070313,3786598,0.0,-0.005768442950060293,0.18144217507025578,-0.02232793127309249,3281714.4,513.3421808738694,0.015376958975599209,0.9765365055528246,-0.03179218188882981,59.84000970970369
2025-10-27,508.5,510.2000122070313,504.7000122070313,507.0499877929688,3258720,0.0,-0.0027535143680800234,0.18025322543541553,-0.02232793127309249,3326834.1,513.2795719874923,-0.002557329192363733,0.9793067944450723,-0.015275811063411417,61.21110185277605
2025-10-28,508.1000061035156,508.2000122070313,501.0,503.3999938964844,2826407,0.0,-0.007198489270006103,0.16476746803850192,-0.02232793127309249,3309739.55,513.1812677278804,-0.0022792467036116815,0.9867699719637176,-0.04368877496761832,58.758824909055164
2025-10-29,503.3999938964844,508.8999938964844,501.7999877929688,508.0499877929688,1880484,0.0,0.009237175114945817,0.1610704519195623,-0.02232793127309249,2519495.05,513.1302102160902,0.0032582818253779067,0.9792343448514642,0.05734865974096984,74.82203957005677
2025-10-30,511.5,511.5,499.6000061035156,501.5499877929688,1744704,0.0,-0.012794016644379402,0.1599446932549154,-0.02232793127309249,2474475.4,513.0149841223279,-0.01926086472638744,0.9929468828016663,-0.0799902490299329,64.0556846881251
2025-10-31,502.8999938964844,502.9500122070313,486.7000122070313,487.5499877929688,4980727,0.0,-0.027913468927804996,0.18830185964023063,-0.02460325330452179,2601341.65,512.7616010742746,-0.04110536712024382,1.0206902049181403,-0.14823787454227855,48.39908878042814
2025-11-03,488.1000061035156,504.4500122070313,485.6000061035156,503.2999877929688,4523334,0.0,0.03230437984686807,0.21838545962877515,-0.02460325330452179,2675751.9,512.6674556684904,-0.007395720521210514,0.9894595841872252,0.1479236686478318,59.60468516441128
2025-11-04,502.2999877929688,519.9500122070312,501.9500122070313,517.0499877929688,5322219,0.0,0.027319690708309752,0.23685714412943693,-0.02460325330452179,2807770.25,512.7110629533112,0.02711560203016461,0.9654385601250899,0.11534247639140414,65.74760113383675
2025-11-06,517.0499877929688,524.5,511.0499877929688,523.7000122070312,3911239,0.0,0.01286147291570039,0.237933440538251,-0.02460325330452179,2776628.15,512.8204057319551,0.03080410351360907,0.9561819451322279,0.0540549169803795,66.05359983635591
2025-11-07,522.0,522.0,512.5,518.6500244140625,1754801,2.75,-0.009642901804959969,0.24132992336603304,-0.02460325330452179,2682998.65,512.878411887996,0.03409438149194477,0.969203652176942,-0.03995733836438045,59.66523605181941
2025-11-10,520.0,521.0,512.7999877929688,515.4500122070312,1005698,0.0,-0.006169887315914835,0.22292710809670274,-0.02460325330452179,2580679.6,512.9039999508719,0.05722495151801699,0.978135584128752,-0.027676701554265024,54.024944735239195
2025-11-11,515.7000122070312,521.6500244140625,512.6500244140625,519.9500122070312,1478112,0.0,0.008730235509612383,0.22212758055073992,-0.02460325330452179,2573901.45,512.9741095255602,0.0330817103474903,0.9725790689623883,0.03930279659526655,58.66142858301309
2025-11-12,519.9500122070312,524.9000244140625,516.0499877929688,522.2999877929688,2517903,0.0,0.004519618291694227,0.2212842258283884,-0.02460325330452179,2600289.6,513.0669043341911,0.010153757129769403,0.9715106452770556,0.02042449284638291,58.89261455095598
2025-11-13,522.0,528.5999755859375,517.0,522.2000122070312,1859578,0.0,-0.0001914141073598996,0.22012799066590022,-0.02460325330452179,2612691.05,513.1577810294433,-0.002864235182425401,0.9750334863497834,-0.0008695581969620431,56.39054559356973
2025-11-14,522.0,527.0,517.5499877929688,525.0,1789377,0.0,0.005361906793404314,0.21969490823958016,-0.02460325330452179,2597926.3,513.2756140540259,0.012243276365621059,0.9728666643415179,0.024406148473389292,59.8103096714227
2025-11-17,529.0,529.9000244140625,523.3499755859375,524.25,1856462,0.0,-0.0014285714285714457,0.21822768644286641,-0.02460325330452179,2628949.25,513.3848119241352,0.017072436869851604,0.976499759235664,-0.006546242534093082,60.274804105286805
2025-11-18,524.2000122070312,524.25,512.5,520.8499755859375,1958068,0.0,-0.006485501981998043,0.21571233132975734,-0.02460325330452179,2555051.05,513.459092159576,0.0017308651943024334,0.9840741504822228,-0.030065511977748736,60.45535371422589
2025-11-19,520.8499755859375,523.5499877929688,516.5999755859375,517.5499877929688,2419687,0.0,-0.0063357741147177515,0.21194789851776033,-0.02232793127309249,2634822.45,513.4997975887641,-0.009094390409755904,0.9916046939580089,-0.02989307211864674,55.78562890914391
2025-11-20,519.0499877929688,527.0,516.7000122070312,525.0499877929688,2956054,0.0,0.014491353834211962,0.2146032682045273,-0.02232793127309249,2776178.05,513.6147248544776,0.005457632170271953,0.9792162820713569,0.06752624636237384,64.13959490042609
2025-11-21,525.0499877929688,525.0499877929688,514.2999877929688,515.6500244140625,2659623,0.0,-0.01790298752013819,0.22521869856452859,-0.02232793127309249,2724489.75,513.6349765913889,-0.017809477306547583,0.9974788599274893,-0.07949156459623652,67.89812629253353
2025-11-24,516.9500122070312,517.8499755859375,511.3999938964844,512.4000244140625,5926288,0.0,-0.00630272441796742,0.2241184639807305,-0.02232793127309249,2831474.25,513.6226885100224,-0.02260367302992372,1.0041910120376474,-0.028122288653943464,56.89397339188291
2025-11-25,511.3999938964844,515.4500122070312,509.0,514.4000244140625,2050235,0.0,0.0039032004385382013,0.22338297173905283,-0.02232793127309249,2771050.0,513.6304231956348,-0.012383510558139244,1.0010011206785059,0.017473132501641356,47.55763456822973
2025-11-26,514.1500244140625,520.0499877929688,513.8499755859375,517.2000122070312,914828,0.0,0.005443210847740687,0.2236147624154785,-0.02232793127309249,2675471.05,513.6659414942557,-0.0006762160065540979,0.9969160666312241,0.0243419108180704,43.551574685987006
2025-11-27,517.25,520.5,514.75,519.1500244140625,1262843,0.0,0.0037703251372906976,0.22174432735580163,-0.02232793127309249,2644589.0,513.7205094835075,-0.01123695555866322,0.9942405458704778,0.017003027821364352,50.528541895086015
2025-11-28,520.4500122070312,520.4500122070312,513.4500122070312,517.4000244140625,999605,0.0,-0.003370894573250016,0.22054278888899145,-0.02232793127309249,2607334.05,513.7571215723688,0.003393774686597739,0.9991350620413958,-0.015284537016086073,52.12651657062224
2025-12-01,517.4500122070312,519.3499755859375,514.1500244140625,515.25,1619957,0.0,-0.004155439336318789,0.2157322538370326,-0.02232793127309249,2439295.55,513.7719760840865,0.005562012978427289,1.0059922486239992,-0.019262020721471085,44.59767939478805
2025-12-02,513.0999755859375,517.8499755859375,507.0,507.9500122070313,2434279,0.0,-0.014167855978590382,0.19663070023543136,-0.02232793127309249,2334842.8,513.7140460952602,-0.01253890338434216,1.02090755952745,-0.07205311907599184,35.19092864142847
2025-12-03,505.1499938964844,509.0499877929688,500.7999877929688,506.0,1388012,0.0,-0.003838984467307238,0.1635910949838329,-0.02232793127309249,2138132.45,513.6372894176955,-0.021655088829634406,1.023750015680969,-0.023466951138245755,33.89660414171483
2025-12-04,505.1499938964844,510.25,502.5499877929688,508.1000061035156,1371715,0.0,0.0041502096907424235,0.13202627680377838,-0.02232793127309249,2011156.25,513.5821920712857,-0.021284826718477867,1.0179836674200262,0.03143472251787704,32.96371783350958
2025-12-05,503.25,510.7999877929688,502.3500061035156,510.1000061035156,1205977,0.0,0.003936232977711285,0.12375211337205437,-0.02232793127309249,1983715.05,513.547543454691,-0.01410904129510604,1.0131542845129664,0.03180739748502903,36.086536579050296
2025-12-08,508.1000061035156,510.8999938964844,500.75,504.4500122070313,1140189,0.0,-0.011076247459086974,0.12507342851997527,-0.02232793127309249,1990439.6,513.4570207557093,-0.02096067499848364,1.0234116249797787,-0.08855795115377758,34.557466086660185
2025-12-09,500.3500061035156,505.9500122070313,498.0,503.6000061035156,1423785,0.0,-0.0016850155276968426,0.12382800152132549,-0.02232793127309249,1987723.25,513.3589410079263,-0.008563846833303579,1.0235156873742006,-0.013607708845479212,36.22903902080954
2025-12-10,505.0,505.9500122070313,498.1000061035156,502.5499877929688,1311806,0.0,-0.0020850244198189483,0.11859118181723649,-0.02232793127309249,1927418.4,513.2513892346432,-0.0068182059427494,1.0236892227736496,-0.01758161283202403,24.547518263859473
2025-12-11,500.1000061035156,503.3500061035156,496.6499938964844,501.75,1116224,0.0,-0.0015918571533193315,0.11649330403989597,-0.02232793127309249,1890250.7,513.1369475507164,-0.012497551716663335,1.0232835192792025,-0.01366479412521616,30.47751376305679
2025-12-12,502.5,503.7000122070313,494.0,495.0,1506050,0.0,-0.013452914798206317,0.12294506046705052,-0.02232793127309249,1876084.35,512.9564804109083,-0.029602050427051663,1.0342070824208887,-0.10942215696083334,27.749350134401553
2025-12-15,493.5,499.8999938964844,493.1000061035156,497.2000122070313,993514,0.0,0.0044444691051137575,0.122243484106271,-0.02232793127309249,1832936.95,512.7996996327603,-0.014372088065337407,1.0269106875968634,0.03635751037392639,28.117059903689253
2025-12-16,497.0,504.5,494.6000061035156,497.2000122070313,1484940,0.0,0.0,0.12250982695875996,-0.02232793127309249,1809280.55,512.6444788623551,-0.01270848653478529,1.0245323727539168,0.0,22.602785452846163
2025-12-17,497.0,498.6000061035156,492.2999877929688,494.1499938964844,551891,0.0,-0.006134389050008515,0.12237154098089383,-0.02232793127309249,1715890.75,512.4604541363266,-0.016714743011684075,1.0284883432607845,-0.05012920896104596,16.755337866431205
2025-12-18,494.0499877929688,494.0499877929688,489.5499877929688,492.5499877929688,683973,0.0,-0.003237895625373133,0.12160800688850226,-0.01811830553222612,1602286.7,512.2623400433579,-0.018335848942762745,1.028530141305901,-0.026625675742593807,16.822445836764146
2025-12-19,493.0,495.0,491.3999938964844,493.9500122070313,1241449,0.0,0.002842400667464773,0.10714405599243583,-0.01811830553222612,1531378.0,512.080127826081,-0.002121187460542795,1.0234183529540855,0.02652877358290137,20.981000894528634
2025-12-22,495.3999938964844,497.5,493.0499877929688,493.7000122070313,998215,0.0,-0.0005061240891218732,0.09233763437181691,-0.01811830553222612,1284974.35,511.89724110350346,-0.007039420583406231,1.0220427280699034,-0.005481232411386394,25.969714999437514
2025-12-23,494.1499938964844,495.5,491.4500122070313,493.1499938964844,993407,0.0,-0.0011140739253542309,0.09106947813200383,-0.014354612555667771,1232132.95,511.71070133029934,-0.008145652073838883,1.0210281091558369,-0.012233229242920503,27.256699936976744
2025-12-24,493.1499938964844,495.0499877929688,489.0499877929688,490.5499877929688,850597,0.0,-0.00527224198660603,0.08935222177274131,-0.014354612555667771,1228921.4,511.50014696674384,-0.0072852497176589814,1.023723406531975,-0.05900515165659727,19.478326124813776
2025-12-26,490.7000122070313,492.9500122070313,487.7999877929688,488.2000122070313,518698,0.0,-0.004790491579686473,0.08519614372764163,-0.014354612555667771,1191714.15,511.2683048298313,-0.008831541353658268,1.0254813425833724,-0.05622896539438744,12.371231264239555
2025-12-29,488.3500061035156,491.25,485.9500122070313,489.2999877929688,982019,0.0,0.0022531248636492585,0.08388960154804044,-0.014354612555667771,1190834.85,511.0497146105591,-0.009413957483846547,1.0203045464768443,0.02685821071371845,19.14461438807568
2025-12-30,489.3999938964844,497.3500061035156,487.0,495.6499938964844,2216264,0.0,0.012977736075894475,0.10005317424573094,-0.014354612555667771,1220650.2,510.89648355867774,0.003949729878951924,1.0052557408789446,0.1297083763373399,36.772047600547886
2025-12-31,495.0,509.8999938964844,494.8999938964844,503.6000061035156,2391679,0.0,0.016039568858930764,0.1175584426909003,-0.014354612555667771,1218520.2,510.82388179295475,0.021190332224205077,0.9889545184467428,0.13643909469533466,51.42086191130311
2026-01-01,505.0,505.8999938964844,497.8500061035156,499.9500122070313,698247,0.0,-0.007247803519156548,0.11004192509428504,-0.014354612555667771,1184031.95,510.7156840856321,0.019162215162524143,0.9955695369202561,-0.06586401368666006,47.73871140911125
2026-01-02,501.4500122070313,526.3499755859375,499.0,522.5999755859375,5340608,0.0,0.04530445609735634,0.1929856070241491,-0.014354612555667771,1382476.6,510.8339357423516,0.0704628482563785,0.9538079293851475,0.23475560923116462,74.77555594959271
2026-01-05,524.0,534.0,519.9000244140625,521.2000122070312,3290459,0.0,-0.0026788431770143895,0.19330149517720618,-0.01348866185722552,1486700.7,510.93708078180117,0.06519522830554392,0.9574347452572747,-0.013858366879029738,71.85793789438037
2026-01-06,517.4000244140625,522.6500244140625,501.25,520.3499755859375,2899294,0.0,-0.001630922105113286,0.1933003844812869,-0.01348866185722552,1574655.95,511.0307414266185,0.0498335155727081,0.960526611962774,-0.008437241473250968,70.76229881683572
2026-01-07,523.7999877929688,527.0,518.75,520.9000244140625,2870097,0.0,0.0010570747649323309,0.18823922947557398,-0.01348866185722552,1646971.55,511.1289432473891,0.03435269678489794,0.9611729248106435,0.005615591987501084,75.11738495475531
2026-01-08,520.0,526.5999755859375,515.0,519.4500122070312,3203359,0.0,-0.0027836669976398776,0.18851869279801137,-0.01348866185722552,1741549.2,511.2117399534552,0.039003899437699996,0.9654827017711535,-0.014765999109501838,75.32957217627776
2026-01-09,518.7000122070312,525.5499877929688,516.0999755859375,522.4000244140625,1522552,0.0,0.0056791070126214205,0.18855484689738936,-0.01348866185722552,1761865.6,511.3230661669936,-0.00038260846003834725,0.9620070424098511,0.0301191234533511,76.02927656408198
2026-01-12,522.2999877929688,525.9500122070312,519.5,524.0,1894623,0.0,0.0030627402587357633,0.1881539246640462,-0.01348866185722552,1781294.25,511.4492048120982,0.005372194411723319,0.9618368367202411,0.016277843268089856,77.05356033680252
2026-01-13,525.0,529.1500244140625,516.75,522.0499877929688,1288670,0.0,-0.003721397341662658,0.18087541223439638,-0.01348866185722552,1796052.05,511.5546852397685,0.003267055418071152,0.9678096217503791,-0.020574367128996116,75.17421320472192
2026-01-14,518.0999755859375,523.7000122070312,511.1000061035156,513.75,798936,0.0,-0.015898837251309916,0.19166416179826634,-0.014254405042226359,1761751.85,511.57652916773105,-0.01372628926655406,0.9850559622585918,-0.08295153497986067,68.38353485886906
2026-01-15,513.75,513.75,513.75,513.75,0,0.0,0.0,0.19166416179826634,-0.014254405042226359,1734157.3,511.59815574317656,-0.0109731679142967,0.9869635054316833,0.0,71.02879637373509
2026-01-16,513.75,520.2999877929688,512.0,514.5499877929688,660633,0.0,0.0015571538549270514,0.18957954240575092,-0.014254405042226359,1732990.3,511.6275272063586,-0.015026868786804815,0.9875668311549636,0.008213722604399476,70.88502456793961
2026-01-19,510.7999877929688,517.7999877929688,510.2000122070313,512.75,581267,0.0,-0.0034981786719874286,0.18967218534631708,-0.014254405042226359,1699981.2,511.63869608987744,-0.02146946564885499,0.9928668947931268,-0.018443286669404566,65.29517691214329
2026-01-20,512.75,516.5,503.8500061035156,505.1000061035156,807821,0.0,-0.014919539534830606,0.19843499490323113,-0.01496850442065457,1690461.5,511.5736344979734,-0.03246812007622346,1.009032852586324,-0.07518602648815048,51.34892132632736
2026-01-21,501.1000061035156,518.4000244140625,501.1000061035156,516.2000122070312,4341920,0.0,0.02197585818528136,0.21097638806937372,-0.01496850442065457,1857887.15,511.61966810701875,0.004768880208333437,0.9895679752728402,0.10416263803145986,62.8866002934656
2026-01-22,521.0,529.5499877929688,519.1500244140625,525.3499755859375,4249013,0.0,0.017725616355151352,0.21724051953455248,-0.01496850442065457,2027807.95,511.7562880819334,0.02257902790450128,0.9756448541441519,0.08159442620182006,52.77497530748161
2026-01-23,525.3499755859375,533.0,517.9000244140625,519.0,2352107,0.0,-0.01208713406497297,0.22178662248691686,-0.01496850442065457,2119478.4,511.8283648174366,0.008648357424160924,0.9905491323599696,-0.054498929576767836,47.98164005377996
2026-01-27,520.5,521.0,512.0999755859375,513.4000244140625,1475952,0.0,-0.010789933691594422,0.22531255171186937,-0.01496850442065457,2144175.05,511.8440032213831,0.0012677219191856715,1.0037007733180083,-0.047888735584093324,44.1350561562798
2026-01-28,513.9500122070312,518.0,502.2000122070313,515.75,2775407,0.0,0.0045772798484369215,0.2254250484989864,-0.014205440156402394,2172132.2,511.88286886097137,0.0210849213379376,1.0010761063132423,0.02030510662352785,45.78211640493323
2026-01-29,515.7999877929688,517.2000122070312,499.3500061035156,510.4500122070313,1887628,0.0,-0.01027627298685152,0.22633354933793992,-0.014205440156402394,2146929.65,511.8686115808327,-0.011139093111245058,1.0121412278988948,-0.04540322264586472,43.06623873100775
2026-01-30,512.1500244140625,519.9000244140625,501.3500061035156,506.6000061035156,2737132,0.0,-0.007542376357029368,0.22194210321503383,-0.014205440156402394,2248873.9,511.81618764573506,-0.03569043562152929,1.0204895294166618,-0.03398352952385273,37.99387690889661
2026-02-02,501.0,503.0,493.8500061035156,499.0,2469560,0.0,-0.01500198581119383,0.22686838344280943,-0.014923661848648767,2105321.5,511.68866339055364,-0.038535645472061675,1.0336673407850858,-0.06612638095387947,32.59049662584208
2026-02-03,509.0,510.0,495.6000061035156,500.5,1860653,0.0,0.0030060120240480437,0.1570152720579018,-0.014923661848648767,2033831.2,511.5773334065681,-0.02512665329298558,1.0285015033794331,0.019144709894795657,34.89836570865215
2026-02-04,500.0,506.2000122070313,496.7999877929688,501.2000122070313,1059709,0.0,0.0013986257882743214,0.15743085191424902,-0.014923661848648767,1941851.95,511.47407647920954,-0.028211319036294147,1.0251546124468605,0.00888406358999761,40.15685338311565
2026-02-05,501.5499877929688,507.8999938964844,499.3500061035156,504.2999877929688,1537272,0.0,0.00618510676463635,0.15985547821700694,-0.014923661848648767,1875210.7,511.4026925121823,-0.012048240311468783,1.017207049094754,0.038691863717809596,42.93191246482555
2026-02-06,502.0,509.0,498.5499877929688,508.2999877929688,950728,0.0,0.007931786826935516,0.16295387581224385,-0.014923661848648767,1762579.15,511.37181982840906,0.0033556685135645026,1.0081054761492783,0.04867503948985024,45.53889214273869
2026-02-09,510.5,516.0,507.5499877929688,514.4000244140625,1265939,0.0,0.012000859271273923,0.1689832720170297,-0.014923661848648767,1749748.5,511.4019512173211,0.0308617723728708,0.9953732055202166,0.07101802691975474,51.10963427525431
2026-02-10,516.0,520.6500244140625,510.0,519.7000122070312,1143420,0.0,0.010303241721276724,0.1718186016758434,-0.014923661848648767,1712188.35,511.484518988363,0.038361662751311254,0.9848085237819247,0.05996580708447951,60.13890590279019
2026-02-11,519.7000122070312,523.0,517.0,522.3499755859375,1282937,0.0,0.005099025046492844,0.17244811950182895,-0.014923661848648767,1711901.7,511.5926329843588,0.042198648970043884,0.9798411508425505,0.02956845667867198,54.83869096765486
2026-02-12,520.6500244140625,522.8499755859375,516.0999755859375,519.5499877929688,911264,0.0,-0.00536036742382906,0.17297515828343724,-0.014923661848648767,1717518.1,511.6718106441459,0.030239937277691364,0.985679939645034,-0.03098923086489246,44.93007075283723
2026-02-13,517.25,518.9500122070312,510.1000061035156,512.4500122070312,1746636,0.0,-0.013665625546634974,0.17057315005913634,-0.014923661848648767,1804849.9,511.67955394327913,0.008164518028185963,0.9992096575730699,-0.08011591942071784,44.34857607003944
2026-02-16,512.9000244140625,515.9500122070312,508.0499877929688,514.25,667469,0.0,0.0035125139039737796,0.1710236032460383,-0.014923661848648767,1805191.7,511.705130520958,-0.00029164931365111,0.9956830371046276,0.020538180882195493,50.78483562014961
2026-02-17,511.1000061035156,519.0499877929688,511.1000061035156,516.7999877929688,963143,0.0,0.004958653948407887,0.17179257863999683,-0.014205440156402394,1824285.5,511.7558256181919,-0.005580189235991795,0.991161983978035,0.02886419017061957,50.965951518914565
2026-02-18,525.0,525.2999877929688,503.5,510.6000061035156,4359136,0.0,-0.011996868877514055,0.17659288461989942,-0.014205440156402394,2001851.25,511.7443249265036,-0.022494438655312532,1.0037357914108618,-0.06793517317520761,50.135741180682146
2026-02-19,510.6000061035156,514.2999877929688,500.0499877929688,501.6499938964844,923005,0.0,-0.017528421660881865,0.17955028741081483,-0.014923661848648767,1830905.5,511.64388382172734,-0.03445288098749255,1.020193374926626,-0.09762401908350211,45.89890692274053
2026-02-20,501.1499938964844,511.1499938964844,500.3999938964844,509.7000122070313,1277646,0.0,0.016047081448202105,0.17128089276359112,-0.014923661848648767,1682337.15,511.624541815611,-0.005366377079700335,1.0025455952484306,0.09368867859338026,58.79936260862204
2026-02-23,509.0,515.9500122070312,507.2999877929688,514.3499755859375,1044529,0.0,0.00912294147055559,0.1620610262281608,-0.014923661848648767,1616958.25,511.65166055959435,0.0001944104733835328,0.9930300868269194,0.05629324409422928,60.828771860285464
2026-02-24,514.4500122070312,519.75,512.75,518.0499877929688,1517098,0.0,0.007193569325664395,0.1591134430291314,-0.014923661848648767,1619015.55,511.71532550719013,0.002418730707286265,0.9863864706598265,0.045210314959020816,62.58402020996059
2026-02-25,521.25,523.75,516.5,518.6500244140625,3015805,0.0,0.001158260081522311,0.1542505792281824,-0.014923661848648767,1631035.45,511.784327486363,0.015765801438151206,0.9855248746640507,0.007508950774955554,61.13269768944705
2026-02-26,518.6500244140625,525.0,517.4000244140625,524.4500122070312,714000,0.0,0.011182854564638633,0.15808419255961342,-0.014923661848648767,1572354.05,511.9103542000015,0.045450052004289754,0.9759605079446951,0.07073986131170563,62.18870876885204
2026-02-27,523.0499877929688,525.5,512.0,518.5,2414657,0.0,-0.011345241812450224,0.15907195938124316,-0.014923661848648767,1556230.3,511.9759228149269,0.017265033514251238,0.9883076181292189,-0.0713214393244822,53.101347002577384
2026-03-02,500.7999877929688,513.75,500.7999877929688,507.6000061035156,2107282,0.0,-0.021022167592062435,0.17411462649874915,-0.015046828383199633,1538116.4,511.9323813551119,-0.013123300870642507,1.0103772540156075,-0.12073750957871632,41.562050481038966
2026-03-04,499.0,504.9500122070313,486.0,487.3999938964844,1732747,0.0,-0.03979513783321709,0.21716345523492972,-0.015980316471788512,1531721.1,511.68827799731463,-0.05916416295474025,1.0509078916992876,-0.18324969068883795,30.42017158251626
2026-03-05,494.0,494.0,482.0,487.8999938964844,972511,0.0,0.001025851469555361,0.2168078901233101,-0.015980316471788512,1527361.2,511.4515786530278,-0.05928859359896399,1.0484679349944928,0.004731614802652049,31.79988461724821
2026-03-06,486.0,486.1499938964844,477.5,478.6000061035156,1190560,0.0,-0.01906125826872196,0.22523002459853372,-0.01760506349127387,1510025.6,511.12469733412723,-0.08742493094921677,1.0661564845229778,-0.08463017955264325,31.01513824573975
2026-03-09,472.5499877929688,473.0499877929688,464.2000122070313,466.7000122070313,858312,0.0,-0.024864174142761097,0.2362549089620508,-0.019159303734888982,1505404.8,510.68266066619594,-0.09990354444159821,1.0888846966544965,-0.10524299029200312,26.045346163276733
2026-03-10,472.5499877929688,483.4500122070313,471.2000122070313,480.8999938964844,1029742,0.0,0.030426358084503002,0.2615568207186505,-0.019159303734888982,1493594.95,510.3863157232138,-0.052600496229281535,1.0532491289734804,0.11632790472687675,33.814248887752925
2026-03-11,485.0,485.0,470.0,471.8500061035156,861166,0.0,-0.0188188561194218,0.26180916942361354,-0.019159303734888982,1479482.25,510.00286985635114,-0.031903955657970995,1.0683797665969605,-0.07188004699014941,32.967032926458145
2026-03-12,471.2999877929688,471.2999877929688,456.5,459.3500061035156,1756738,0.0,-0.02649146940406677,0.26749424032697977,-0.02121426791959737,1503172.3,509.4988612617956,-0.05851606507506146,1.090595394054776,-0.09903565916532454,31.969312751702418
2026-03-13,454.7999877929688,462.4500122070313,452.0499877929688,453.5,1711951,0.0,-0.012735400077903414,0.2655285456010986,-0.02121426791959737,1543206.65,508.94165866217577,-0.0524446422553676,1.0973814807626878,-0.04796245002377711,25.586436055882302
2026-03-16,455.0,461.4500122070313,449.2000122070313,458.8500061035156,2534686,0.0,0.011797146865525132,0.2730618417657069,-0.02121426791959737,1582609.15,508.44323425860705,-0.016820239764710698,1.078745765798325,0.04320320392336365,26.036286364615933
2026-03-17,460.2999877929688,460.7000122070313,451.8999938964844,452.6000061035156,1315801,0.0,-0.013621008863166528,0.273045603254906,-0.02121426791959737,1615025.75,507.8875802471136,-0.05884796870897946,1.0868316281316506,-0.04988547041937064,22.348974069851735
2026-03-18,452.2000122070313,455.7999877929688,450.0,451.8500061035156,2602680,0.0,-0.0016570923329339848,0.2714171770250255,-0.02121426791959737,1697002.6,507.32999244468976,-0.04238635104650679,1.0814484803380957,-0.0061053330892460985,21.814330981099502
2026-03-19,448.7000122070313,448.7000122070313,428.7999877929688,430.2000122070313,3248941,0.0,-0.047914116640565996,0.30432031284350913,-0.024945538905826382,1641492.85,506.56252995476285,-0.06345922174629359,1.1265283333217466,-0.1574463256113359,14.923700346525536
2026-03-20,433.7000122070313,434.7999877929688,429.0,430.7000122070313,1933160,0.0,0.001162250083245775,0.30583570286594114,-0.024945538905826382,1692000.6,505.80767903189985,-0.05027560704072476,1.1169839564129354,0.0038002431840104666,15.942586197826628
2026-03-23,428.9500122070313,428.9500122070313,416.0499877929688,417.3500061035156,3382496,0.0,-0.03099606622973239,0.3146146255389372,-0.02671669924535005,1797243.1,504.9275031818662,-0.09044349885142577,1.141649685848465,-0.09852073847942865,15.645216285267068
2026-03-24,422.1000061035156,426.2000122070313,417.0,421.3999938964844,2473037,0.0,0.00970405590928447,0.3090891283564744,-0.02671669924535005,1868668.5,504.0963836864893,-0.06893506802095661,1.1196488161040699,0.03139565486151999,21.354154499023352
2026-03-25,425.0,439.1499938964844,421.1000061035156,431.0,2329148,0.0,0.022781220319319395,0.32242179831063456,-0.02671669924535005,1909271.0,503.36905648562873,-0.04614364462073073,1.084611380238544,0.07065657387967697,27.11182078432509
2026-03-27,430.0,430.0,418.5,419.6000061035156,1692776,0.0,-0.02645010184799157,0.323264736522011,-0.02671669924535005,1843119.55,502.5355335962545,-0.02463971595243586,1.1022759705422462,-0.08182179508457657,26.66138561378021
2026-03-30,417.5,417.5,408.0,410.4500122070313,2504445,0.0,-0.021806467500925186,0.3232557734366164,-0.02671669924535005,1932641.8,501.6192597515856,-0.047016483459643155,1.1129613604125497,-0.06745886266626061,27.254340179647798
2026-04-01,420.0,420.9500122070313,412.2000122070313,414.9500122070313,979365,0.0,0.01096357623624633,0.32306802979481014,-0.02671669924535005,1860877.2,500.75687917900296,-0.005750554358178284,1.0884142457918544,0.03393581192125849,21.061872599436114
2026-04-02,412.4500122070313,420.0,403.3500061035156,417.25,1150474,0.0,0.00554280690518727,0.3280278255444251,-0.02671669924535005,1813036.8,499.9259649583164,-0.009848110955368972,1.071587787351614,0.01689736755415259,24.533574860870743
2026-04-06,423.5,423.8500061035156,408.3500061035156,413.7000122070313,2859076,0.0,-0.00850805941993693,0.32562719398213513,-0.02671669924535005,1869353.25,499.0679952791992,-0.0401391828143125,1.071875736290954,-0.02612822060285758,26.768443689133463
2026-04-07,413.5,416.2000122070313,408.5,414.25,2064376,0.0,0.0013294362502784818,0.3080952977929094,-0.02671669924535005,1923946.5,498.2240351271673,-0.012750252682779406,1.0615630790420376,0.004315016219500757,28.88648698249203
2026-04-08,425.0,430.6499938964844,422.8999938964844,427.25,1650777,0.0,0.03138201569100785,0.3354518204943128,-0.02671669924535005,1946957.35,497.5178258224194,0.040930654874715255,1.023253376683413,0.09355148142958156,34.294222935178155
2026-04-09,427.1000061035156,433.3999938964844,422.9500122070313,429.3999938964844,1797506,0.0,0.0050321682773186716,0.33409085917282777,-0.02671669924535005,1993917.05,496.84003645002207,0.03482342755600043,1.0137867034469583,0.015062274194376418,37.979260628431426
2026-04-10,425.0,437.7999877929688,424.75,435.7000122070313,2166631,0.0,0.014671677690022644,0.33245039590427844,-0.02671669924535005,2050761.5,496.2316779998431,0.04421812392338231,0.9939407690037232,0.044131928941747244,42.08721177082594
2026-04-13,430.0499877929688,432.3999938964844,422.6499938964844,424.75,1187970,0.0,-0.025131998852981896,0.3173080173411072,-0.02671669924535005,2067101.7,495.5204175222327,0.02671014616126932,1.014020023267363,-0.07920379154469015,47.016960155861405
2026-04-15,430.2000122070313,437.3999938964844,428.25,433.25,4079260,0.0,0.02001177163037071,0.3254903484324012,-0.02671669924535005,2183227.8,494.9008113777329,0.04586602293301145,0.9911136862726756,0.06148191831779501,51.28333582083753
2026-04-16,435.5,441.3999938964844,426.3999938964844,427.5499877929688,3639152,0.0,-0.013156404401687638,0.3169710891159108,-0.02671669924535005,2279587.85,494.2306539291283,0.0007021364376098571,1.0012922843880043,-0.04150663716150528,55.56160500032786
2026-04-17,427.0,444.1000061035156,424.2000122070313,442.8500061035156,4983325,0.0,0.03578533211876844,0.34217812449753604,-0.02671669924535005,2402019.8,493.7194037020078,0.03132280483980088,0.9648921713402974,0.10458100185541261,60.41768309591167
2026-04-20,443.9500122070313,447.2999877929688,436.5499877929688,441.7000122070313,1662485,0.0,-0.002596802259534181,0.33906256277753416,-0.02671669924535005,2419354.0,493.2017978164857,0.013770942923795326,0.9661704606710163,-0.0076587699971178945,55.66138203766109
2026-04-21,441.6499938964844,455.4500122070313,439.0499877929688,452.0,3053842,0.0,0.023318966511916006,0.3466154567844005,-0.02671669924535005,2441912.1,492.79182967900823,0.06415538552089473,0.9441703627594804,0.06727618570587539,67.34475151241887
2026-04-22,452.0,465.0,450.75,460.0,2380888,0.0,0.017699115044247815,0.3517803018598969,-0.02671669924535005,2398509.45,492.46554281653056,0.06174264281592623,0.9309891377324643,0.050312977865847194,76.85636183077021
2026-04-23,458.8999938964844,461.2999877929688,452.7000122070313,460.0,1370343,0.0,0.0,0.3035341546818302,-0.02671669924535005,2370368.6,492.1425025895004,0.07589758655950285,0.9341739190143088,0.0,75.66950859321608
2026-04-24,460.0,462.5,448.1000061035156,451.1000061035156,1509926,0.0,-0.019347812818444332,0.31356218395597957,-0.02671669924535005,2276740.1,491.73411953988864,0.018629332474417115,0.9563455927943068,-0.06170327032843933,67.9385287353079
2026-04-27,452.4500122070313,457.3999938964844,451.0,452.0,677273,0.0,0.001995109475298573,0.2891786737745918,-0.02671669924535005,2186951.9,491.33875516635743,0.023318966511916006,0.9578263341853048,0.006899227319444181,70.88330561397613
2026-04-28,452.1499938964844,453.1000061035156,449.0,450.1499938964844,533943,0.0,-0.004092933857335446,0.2896764715629542,-0.02671669924535005,2097191.65,490.9289167457617,-0.004092933857335446,0.9638898336769935,-0.014129327431940468,69.30106554946555
2026-04-29,449.0499877929688,458.25,449.0499877929688,456.0,1078626,0.0,0.01299568184568467,0.2833001880385968,-0.02671669924535005,2066484.15,490.58136533535617,-0.008695652173912993,0.955515356231154,0.04587247709553009,66.7443142394956
2026-04-30,456.0,456.0,440.3500061035156,441.5,1448773,0.0,-0.0317982456140351,0.29077436425499836,-0.031036175198947524,2013700.55,490.09299354097453,-0.04021739130434787,0.990413367680758,-0.10935711131872033,56.16089647750877
2026-05-01,441.5,441.5,441.5,441.5,0,0.0,0.0,0.27722233019212145,-0.031036175198947524,1964732.3,489.60948116743253,-0.02128132558994622,0.9934201613152959,0.0,53.15559635653673
2026-05-04,445.0,450.8999938964844,443.0,445.6499938964844,1046716,0.0,0.009399759674936226,0.27675315926707245,-0.031036175198947524,1959544.4,489.1720733338908,-0.01404868606972487,0.9873555636527936,0.03396441565540038,62.27966640606265
2026-05-05,446.7999877929688,462.2000122070313,445.8500061035156,460.5499877929688,2742900,0.0,0.03343429619780358,0.29551450882997515,-0.031036175198947524,1953735.6,488.8872764628369,0.02310339672886008,0.9604983420250949,0.11313926750597343,64.9180260170483
2026-05-06,465.0,468.0,458.6000061035156,466.25,2906897,0.0,0.012376533184479177,0.29243498610462715,-0.031036175198947524,1995861.65,488.6620299308684,0.02247807017543857,0.9543324390237516,0.04232233949199128,71.1475475452558
2026-05-07,469.3500061035156,474.5,461.1000061035156,470.0,2831472,0.0,0.008042895442359255,0.2920455362690244,-0.031036175198947524,2054896.4,488.4763380907603,0.06455266138165339,0.9512659567974983,0.027539866795127765,66.97936205564122
2026-05-08,485.0,490.5,469.1000061035156,487.7000122070313,11860370,0.0,0.0376596004404921,0.29958056006846046,-0.031036175198947524,2558039.6,488.4686134551013,0.10464328925714916,0.9227188627162056,0.12570775344971835,73.83419678407475
2026-05-11,485.0,485.0,471.2000122070313,473.4500122070313,2033029,0.0,-0.029218781306798114,0.32416768803317025,-0.031036175198947524,2551359.5,488.31917463671255,0.06238083404305916,0.9544777462435565,-0.09013477124364291,60.67695840241737
2026-05-12,472.75,476.25,469.5499877929688,473.25,2195129,0.0,-0.0004224568631837622,0.3226241988783328,-0.031036175198947524,2601717.45,488.16923260052636,0.02757575191325423,0.9600052839098817,-0.0013094394393170848,57.150564678085125
2026-05-13,480.7999877929688,480.7999877929688,461.6000061035156,463.1000061035156,2495630,0.0,-0.021447425032190992,0.3186397409031807,-0.031036175198947524,2522535.95,487.91978756075514,-0.006756019080931597,0.984269045363908,-0.06730932023201285,51.50778473109269
2026-05-14,467.0,469.8999938964844,457.8500061035156,464.75,1901251,0.0,0.0035629321415200366,0.3134837054646979,-0.031036175198947524,2435640.9,487.6892424108969,-0.011170212765957421,0.9847767649830638,0.011365605183792286,57.14285249643834
2026-05-15,465.2999877929688,471.5,460.5,467.7000122070313,932763,0.0,0.006347524920992553,0.30762661134095765,-0.031036175198947524,2233112.8,487.4903445979231,-0.04100881586919025,0.9812219154441908,0.020633860923100284,58.04303593935211
2026-05-18,466.7999877929688,466.7999877929688,453.8999938964844,456.3500061035156,1177536,0.0,-0.024267705382251537,0.30084409388649186,-0.031036175198947524,2208865.35,487.18049048355095,-0.03611787023471058,1.007231281643973,-0.08066538472499934,52.89449576981076
2026-05-19,456.3500061035156,462.25,451.5,452.7999877929688,1222771,0.0,-0.007779156925751263,0.3022875841834838,-0.031036175198947524,2117311.8,486.83839592941587,-0.04321185886324608,1.0152164604865421,-0.0257342910375258,48.47327726535487
2026-05-20,449.7999877929688,453.0,445.5499877929688,450.8999938964844,854233,0.0,-0.004196099707832079,0.29194769704901613,-0.031036175198947524,2040979.05,486.4807998892872,-0.02634422812834991,1.0184852668589317,-0.014372778434350168,55.097608127084996
2026-05-21,453.0,454.1000061035156,443.6000061035156,446.8500061035156,2589322,0.0,-0.008982008977135858,0.2861922077196807,-0.031036175198947524,2101928.0,486.0864636327124,-0.0385153176901224,1.0262448129166972,-0.03138453256591886,52.77922299191205
2026-05-22,448.0,454.6499938964844,445.7000122070313,451.0499877929688,970954,0.0,0.009399086118575983,0.2885418398059468,-0.031036175198947524,2074979.4,485.7378419825657,-0.0355997946963752,1.0166833220500722,0.03257442941083644,52.80373453887628
2026-05-25,453.3999938964844,455.75,446.25,447.2000122070313,879387,0.0,-0.008535585168233384,0.28213397151284875,-0.031036175198947524,2085085.1,485.35438098977437,-0.02005038626954414,1.0248993472705124,-0.03025365864283407,42.170102226384905
2026-05-26,447.2000122070313,449.1000061035156,445.2000122070313,447.6000061035156,1154362,0.0,0.0008944407101203478,0.28204871465064313,-0.031036175198947524,2116106.05,484.97871556802056,-0.011484058811041198,1.0236986036026423,0.0031712276353252013,38.33646136639035
2026-05-27,440.75,447.0,440.2999877929688,445.4500122070313,1295057,0.0,-0.0048033821875933524,0.28217930641771694,-0.031036175198947524,2126927.6,484.58539513656797,-0.0120868967913631,1.0274553581521495,-0.017022446040952162,34.333123459512805
2026-05-28,445.4500122070313,445.4500122070313,445.4500122070313,445.4500122070313,0,0.0,0.0,0.2779953352738814,-0.031036175198947524,2054488.95,484.19598834124923,-0.0031330287061918094,1.027898731381332,0.0,15.168981406864773
2026-05-29,445.4500122070313,455.0,440.1000061035156,443.3999938964844,13072946,0.0,-0.004602128756018842,0.25500563449318364,-0.031036175198947524,2708136.25,483.79005804826653,-0.016960412600644514,1.0328653776281922,-0.0180471642702868,18.988617419584685
2026-06-01,441.0,442.0,423.5,424.6000061035156,3233902,0.0,-0.042399612205131776,0.2948724327496862,-0.0321980902249942,2817495.55,483.2011023075228,-0.050536684898508044,1.076118690952602,-0.14378967328976316,13.721085059692228
2026-06-02,421.5499877929688,426.8500061035156,419.7000122070313,425.5,2753289,0.0,0.0021196276108035317,0.29249072228359796,-0.031036175198947524,2818015.0,482.6269619860549,-0.04937445442841348,1.0697238621784573,0.007246819734268874,17.47401907816662
2026-06-03,424.7999877929688,424.7999877929688,416.0,417.8500061035156,3353591,0.0,-0.01797883406929346,0.26704129258764314,-0.031036175198947524,2840349.7,481.98241516135306,-0.06195982792046273,1.0835168051904933,-0.06732604243267871,13.24449424697383
2026-06-04,417.5,428.9500122070313,414.6000061035156,424.6499938964844,2919945,0.0,0.016273753006202263,0.27046163300108556,-0.031036175198947524,2844773.35,481.41194330797134,-0.046694393850144844,1.060826586204416,0.06017028080442795,18.181773033166408
2026-06-05,425.2000122070313,426.9500122070313,420.6000061035156,424.1499938964844,1864100,0.0,-0.0011774402618309754,0.2670232185998501,-0.031036175198947524,2344959.85,480.84217266706105,-0.043414524729321724,1.0545856628034571,-0.004409505000763205,21.6548822281395
2026-06-08,421.0,424.1499938964844,418.1499938964844,419.75,647231,0.0,-0.010373674312861625,0.21832280781749155,-0.031036175198947524,2275669.95,480.2342903519659,-0.011422529519072189,1.0592436017416431,-0.04751530058362277,21.335608119818843
2026-06-09,422.0,427.0,420.3500061035156,426.1499938964844,915087,0.0,0.01524715639424512,0.2156982435482876,-0.031036175198947524,2211667.85,479.6961381484288,0.0015276002267552435,1.0378094752086477,0.07068743554213244,30.08846422046176
2026-06-10,427.0,438.75,426.7000122070313,427.8999938964844,2288936,0.0,0.004106535316354076,0.21744907274634045,-0.031036175198947524,2201333.15,479.180753628509,0.024051663626107667,1.0294519915840235,0.018885043176495933,34.16872234076038
2026-06-11,427.75,430.3999938964844,420.0,421.7000122070313,1689034,0.0,-0.014489324089480893,0.21196135629808585,-0.031036175198947524,2190722.3,478.60880595267344,-0.00694685442565246,1.0394830183468748,-0.06835832558799533,26.27322861100714
2026-06-12,421.0,429.0499877929688,420.5499877929688,426.3999938964844,2569834,0.0,0.011145320259430491,0.21709924886854431,-0.031036175198947524,2272575.85,478.0893152854477,0.005304727177596336,1.0231824738634188,0.05133744038333678,33.41304248311033
2026-06-15,432.5,437.5,428.0,429.1499938964844,684074,0.0,0.006449343431903509,0.2171606882244442,-0.031036175198947524,2247902.75,477.60235686366696,0.022394267770063925,1.0134568476888028,0.029698483586739332,35.81857564881312
2026-06-16,430.0,437.4500122070313,429.6499938964844,435.4500122070313,1685284,0.0,0.014680224630427396,0.21323039612723926,-0.031036175198947524,2271028.4,477.1829305486756,0.02182334493428617,0.9968021335462355,0.06884676954405548,42.77456128911758
2026-06-17,435.0,435.8999938964844,427.75,429.0,1137052,0.0,-0.014812290793930871,0.21693251506430267,-0.02930764555294483,2285169.35,476.7034984039127,0.002570708387955145,1.009236600293424,-0.06828063606202087,39.12754773310621
2026-06-18,429.5,431.8500061035156,426.7000122070313,428.7000122070313,1585207,0.0,-0.0006992722446822475,0.21692173161473255,-0.02930764555294483,2234963.6,476.225851775088,0.016599477821602315,1.0078259611114806,-0.0032236152977427293,40.054130475876825
2026-06-19,427.7000122070313,427.7000122070313,421.3999938964844,423.5,1915071,0.0,-0.012129722554148348,0.21841032139232852,-0.026588535820931895,2282169.45,475.7012164340424,-0.006801111486855249,1.0169480577128838,-0.05553639553964064,49.087888042824
2026-06-22,425.5,426.2000122070313,421.5,422.25,1244814,0.0,-0.002951593860684776,0.21410784661220145,-0.026588535820931895,2300440.8,475.1693635342012,-0.016078280309025805,1.0170041488006032,-0.013785546721112579,47.320690770912925
2026-06-23,422.25,425.2999877929688,419.25,419.7999877929688,1553970,0.0,-0.0058022787614711024,0.21343367529553012,-0.026588535820931895,2320421.2,474.6184244720994,-0.03593988741610554,1.0196284263033906,-0.02718539369002133,51.75832478669761
2026-06-24,420.7000122070313,425.0499877929688,417.4500122070313,424.1000061035156,2440919,0.0,0.010243016759370338,0.21794750947614824,-0.025336337975672706,2377714.3,474.11575364256123,-0.011421897194602293,1.0067731536559676,0.04699762944763092,49.48065363104718
2026-06-25,425.5,431.4500122070313,422.7999877929688,423.8999938964844,1810833,0.0,-0.00047161566647657693,0.21788073282541554,-0.025336337975672706,2468255.95,473.6160943416053,-0.011196683400673368,1.0047063124016629,-0.002164558741450938,49.76258307368566
2026-06-26,423.8999938964844,423.8999938964844,423.8999938964844,423.8999938964844,0,0.0,0.0,0.21788073282541554,-0.025336337975672706,1814608.65,473.1214067749872,0.0009444956233397583,1.002406241597137,0.0,54.30050893224935
2026-06-29,425.3500061035156,430.7999877929688,424.25,426.2999877929688,1842565,0.0,0.00566169835112218,0.21939094058180578,-0.025336337975672706,1745041.8,472.65552200899697,0.009591445335627835,0.9969622588534982,0.02580643520668399,50.16948435318061
2026-06-30,426.7999877929688,426.8500061035156,421.6000061035156,422.2000122070313,1799370,0.0,-0.009617583165234866,0.1657448154172323,-0.025336337975672706,1697345.85,472.1534771353456,0.005717066421750516,1.0062529301427934,-0.05802644602040733,43.88414048737791
2026-07-01,422.8999938964844,447.0,422.6499938964844,444.75,8597999,0.0,0.05341067536945254,0.24912246492468726,-0.025336337975672706,1959566.25,471.8808057210636,0.0486913312881303,0.9582574459459756,0.21439525031051188,68.30816769812418
2026-07-02,444.75,451.0,442.6000061035156,447.0,3035247,0.0,0.005059021922428242,0.23812140106377871,-0.025336337975672706,1965331.35,471.6332355148839,0.054493999613400845,0.9559340031088333,0.021245556625200862,67.02478968986713
2026-07-03,448.8999938964844,450.1000061035156,442.1499938964844,444.3500061035156,2061060,0.0,-0.005928397978712252,0.23530900796718612,-0.025336337975672706,1975179.35,471.36176059536785,0.04824253951752855,0.9639079422004564,-0.02519409595912286,62.5827863310106
2026-07-06,447.7999877929688,450.7000122070313,438.2999877929688,449.75,3812533,0.0,0.012152568521010432,0.2373741150059126,-0.025336337975672706,2133444.45,471.14671820138415,0.05500824039061336,0.9556698165647582,0.05119584335785432,62.01679631875771
2026-07-07,451.8999938964844,456.0,446.75,453.5,1548269,0.0,0.008337965536409087,0.23300096500449907,-0.024515259178478865,2165103.55,470.97112896554955,0.07413544975839637,0.9507828011139488,0.03578511006766425,71.56690586705157
2026-07-08,452.0,452.7999877929688,435.1499938964844,436.5499877929688,1952606,0.0,-0.03737599163623195,0.2689358963477802,-0.029347754522159965,2148287.05,470.6286300484095,-0.018437351786466993,0.9886897539089834,-0.13897732044711944,55.34375365986905
2026-07-09,437.5,449.4500122070313,437.0,443.1499938964844,1477623,0.0,0.015118557526212939,0.27306573756679703,-0.029347754522159965,2137716.5,470.35521078321625,-0.008612989045896247,0.976384982610524,0.055365997606545855,63.12624723941606
2026-07-10,444.5499877929688,447.0,441.0499877929688,443.5,1705250,0.0,0.0007898140772566453,0.2666290820576644,-0.029347754522159965,2094487.3,470.0879947555226,-0.0019129202021831437,0.9775422759631306,0.0029622201807064275,64.36781359837944
2026-07-13,442.0,442.75,438.3999938964844,438.8999938964844,774683,0.0,-0.010372054348400495,0.2682886997801512,-0.029347754522159965,2099017.75,469.77766638876597,-0.024124527189584466,0.9888983946808048,-0.03866004781528026,62.54928015537653
2026-07-14,437.8999938964844,440.4500122070313,432.1000061035156,434.4500122070313,1427118,0.0,-0.010138942245013105,0.27058594148437815,-0.029347754522159965,2086109.45,469.42614744168407,-0.04200658829761561,0.9989123885277791,-0.03747032020470013,56.78689186026391
2026-07-15,434.0,437.6000061035156,430.0499877929688,431.2999877929688,1001738,0.0,-0.007250602659809369,0.2669718369389364,-0.029347754522159965,2079343.75,469.04678266906006,-0.01202611418349131,1.006474637295071,-0.027158678875483736,54.671714301917
2026-07-16,433.6000061035156,433.7999877929688,428.75,429.4500122070313,1622560,0.0,-0.004289301271266255,0.26222209192824497,-0.029347754522159965,2081211.4,468.65278495302,-0.030914999160878365,1.01089762822037,-0.016357512352028925,53.42382546982872
2026-07-17,426.5,428.6499938964844,422.3500061035156,427.2000122070313,2117096,5.5,-0.0052392593690632205,0.26288433453837784,-0.029347754522159965,2091312.65,468.2403195525624,-0.03675307281390916,1.016654932067673,-0.019929902551874306,50.55625752776277
2026-07-20,427.2000122070313,430.9500122070313,424.1000061035156,426.5,1048161,0.0,-0.001638605306715335,0.25929157851764567,-0.029347754522159965,2081480.0,467.8249929898504,-0.02825243579157799,1.018821803961661,-0.006319546716047144,52.77418557754903
2026-07-21,426.5,427.8999938964844,422.3999938964844,426.1000061035156,1008135,0.0,-0.0009378520433397375,0.259051286789177,-0.029347754522159965,2054188.25,467.4098189909814,-0.019219716581655,1.0205174702568212,-0.003620333327661305,33.15267214746764
2026-07-22,426.8999938964844,427.6000061035156,421.5499877929688,426.5,897737,0.0,0.0009387324354723781,0.2580164321130029,-0.029347754522159965,1977029.15,467.0027561154493,-0.01112911645912884,1.0198417350527549,0.0036382659484206184,30.841121414621327
2026-07-23,425.8999938964844,426.7000122070313,420.5,423.1499938964844,2558937,0.0,-0.007854645025828,0.2573559104169451,-0.024515259178478865,2014434.35,466.5664102227233,-0.014669968870579031,1.0278270265233567,-0.03052055306558561,30.442797493022624
2026-07-24,420.75,424.7999877929688,419.3999938964844,423.2000122070313,641619,0.0,0.00011820468218926017,0.25734991500136467,-0.024515259178478865,2046515.3,466.13490377480593,-0.009363295612598188,1.0276228458679184,0.00045931500539055277,22.82500721256953
2026-07-27,425.6000061035156,429.0499877929688,424.5,427.3500061035156,853775,0.0,0.009806223480102627,0.25956081069543757,-0.024515259178478865,1997075.8,465.74898439499214,0.0019929803130496193,1.0177664575151544,0.03778006038749975,23.45179923003691
2026-07-28,427.3500061035156,438.0,422.5,424.6000061035156,4458851,0.0,-0.006435006343100125,0.2599190902988793,-0.024515259178478865,2130049.85,465.3395418249277,-0.003520300348542116,1.0246408273009129,-0.024757727830315483,32.952959288289975
2026-07-29,427.3999938964844,435.2999877929688,427.0,433.7000122070313,2039461,0.0,0.02143195000637177,0.2676783959390616,-0.024515259178478865,1802122.95,465.0247206346999,0.016881622994211698,1.0018676271763916,0.0800660401842458,37.41680800783278
2026-07-30,433.0,433.0,415.5499877929688,426.1000061035156,5673826,0.0,-0.01752364742818535,0.1977023990610258,-0.024515259178478865,1934051.9,464.63741004234987,0.00697155204911315,1.0172846661168584,-0.08863648911215968,30.580371796396065
2026-07-31,429.0,429.75,420.25,421.4500122070313,2509913,0.0,-0.01091291675634165,0.19829523541939204,-0.024515259178478865,1956494.55,464.20768469075466,-0.0041351605612522935,1.0257918856915609,-0.05503367835805122,30.546288294022304
2026-08-03,423.7999877929688,426.2000122070313,421.3999938964844,425.7999877929688,1969475,0.0,0.0103214508481273,0.20292236739171782,-0.02158843904969402,1864341.65,463.8255185524683,-0.0036270464219236853,1.0125000340438,0.050864034715121395,40.33516812625592
2026-08-04,420.7999877929688,420.7999877929688,405.3500061035156,409.6499938964844,6370534,0.0,-0.037928591731986705,0.23125024825566,-0.024923119694950556,2105454.9,463.28645860564257,-0.03520963728716131,1.047064587383937,-0.16401534864473336,31.255406558622155
2026-08-05,412.0,414.0499877929688,406.8999938964844,414.0,3045910,0.0,0.010618836002264986,0.23295390174366307,-0.024923119694950556,2160120.1,462.7960460822033,-0.04542313039554935,1.0333393778777928,0.04558342001120677,37.17841301980845
2026-08-06,415.0,415.2000122070313,411.0499877929688,411.2999877929688,1596570,0.0,-0.006521768616017387,0.19979140643896062,-0.024923119694950556,2166067.45,462.2836474922607,-0.03473367307803166,1.0362509476921422,-0.03264288692807726,36.9027830973414
2026-08-07,410.9500122070313,413.4500122070313,408.5,410.0,1749544,0.0,-0.0031606803587438392,0.18892321150084376,-0.024923119694950556,2168282.15,461.7634121938303,-0.027168138273553244,1.0354512247225134,-0.016729972809243692,36.54159593143587
2026-08-10,411.4500122070313,414.2000122070313,409.25,414.2000122070313,1346084,0.0,0.010243932212271378,0.194465819137448,-0.01894869194764038,2196852.2,461.2901445322701,-0.02724278045676598,1.0219700400206122,0.05267728658401467,40.86022051060126
2026-08-11,414.0,414.0,411.0499877929688,412.6499938964844,1132096,0.0,-0.003742197645740686,0.19272358420997457,-0.01894869194764038,2182101.1,460.8061629339041,0.0073233248985671295,1.023167353401547,-0.019417433869895133,39.54716993634227
2026-08-12,412.6499938964844,413.1000061035156,405.0499877929688,411.25,1677000,0.0,-0.0033926909419403906,0.19092234847016654,-0.01894869194764038,2215864.2,460.313066785308,-0.0066425120772947155,1.0242127726360657,-0.01777000330985609,40.74650807010529
2026-08-13,408.8999938964844,411.25,406.6000061035156,410.0,730919,0.0,-0.003039513677811523,0.19016913128003857,-0.01894869194764038,2171282.15,459.81243925510597,-0.0031606803587438392,1.0249634198444646,-0.015983211878396228,39.92365471845992
2026-08-14,408.0,410.4500122070313,405.25,405.25,1463543,0.0,-0.011585365853658547,0.1927732153757264,-0.01894869194764038,2138604.5,459.2695294117716,-0.011585365853658547,1.0342689735370239,-0.06009841787456731,33.282901546107226
2026-08-17,405.6499938964844,408.0,402.4500122070313,406.7999877929688,1337661,0.0,0.00382476938425369,0.19381561121625288,-0.01894869194764038,2153079.5,458.74744442053975,-0.01786582374691892,1.0279068669203997,0.01973406147684114,36.286579286478656
2026-08-18,406.7999877929688,406.7999877929688,402.1000061035156,403.5,1853755,0.0,-0.008112064631251359,0.19485044095731696,-0.01894869194764038,2195360.5,458.19771860541,-0.02217374053513177,1.0335130126650598,-0.04163225997885091,24.45006366239747
2026-08-19,403.5,403.5,398.0,399.75,927611,0.0,-0.009293680297397744,0.19611764697135176,-0.01894869194764038,2196854.2,457.61614926605273,-0.027963525835866254,1.0398624155355887,-0.0473882894631733,26.15382739249327
2026-08-20,402.1000061035156,402.1000061035156,398.7000122070313,400.0,913960,0.0,0.0006253908692932519,0.19604211258873605,-0.01894869194764038,2114605.35,457.0428542484801,-0.024390243902439046,1.0363187522888184,0.0031900841565831164,28.90853236328097
2026-08-21,400.0499877929688,400.75,397.6499938964844,400.5,672540,0.0,0.0012499999999999734,0.1957244942099904,-0.01894869194764038,2116151.4,456.48023878332117,-0.01172115977791488,1.032191011997942,0.006386527864997751,23.0851193004181
2026-08-24,400.5,400.5499877929688,395.6499938964844,398.4500122070313,827894,0.0,-0.005118571268336258,0.19566794708635343,-0.017546406760240756,2114857.35,455.9028235935074,-0.02052599763151175,1.0338749855434992,-0.0261594762093688,32.97874793376434
2026-08-25,397.8999938964844,398.1000061035156,392.1499938964844,395.0499877929688,3323557,0.0,-0.008533126640477784,0.19104808299031284,-0.017546406760240756,2058092.65,455.29732273977066,-0.020941789856335102,1.039033065126777,-0.044664809299669164,20.34428008790441
2026-08-26,395.6000061035156,397.5,392.2000122070313,392.2000122070313,1276848,0.0,-0.007214215096827403,0.1912093897545014,-0.014947858625643594,2019962.0,454.66948880412156,-0.01888677371599423,1.0412926746143087,-0.037729395657796726,20.249236496300284
2026-08-27,393.5,394.7999877929688,386.0499877929688,386.2000122070313,1282102,0.0,-0.015298316708957094,0.17171317850896908,-0.015409583244918507,1800375.8,453.9882004797724,-0.03449996948242173,1.0523044721762982,-0.08909226391866819,17.663049270124347
2026-08-28,387.7000122070313,387.7000122070313,383.1000061035156,386.0,1925866,0.0,-0.0005178979821577334,0.1666809492222958,-0.015409583244918507,1771173.45,453.311700972511,-0.03620474406991259,1.0482577704395037,-0.003107121440710174,7.012160485147547
2026-08-31,385.8999938964844,387.3999938964844,381.0,381.0,3273736,0.0,-0.012953367875647714,0.16779432029095667,-0.015409583244918507,1836386.5,452.5921815598492,-0.04379473377444498,1.0561351706036746,-0.07719788775452946,6.3447992285935015
2026-09-01,384.0,386.7999877929688,381.0,384.0,1394674,0.0,0.007874015748031482,0.16522084894364222,-0.015409583244918507,1587593.5,451.90967229059703,-0.027971112857645974,1.044544271628062,0.04765751611736478,14.002618737049445
2026-09-02,383.7000122070313,383.7000122070313,377.6000061035156,379.0,1597939,0.0,-0.01302083333333337,0.11825313265427792,-0.015409583244918507,1515194.95,451.18420291457124,-0.0336563278842108,1.0537071248157672,-0.11010982914340611,12.740362705702879
2026-09-03,379.8999938964844,381.5499877929688,377.4500122070313,380.7000122070313,2062074,0.0,0.0044855203351750195,0.11057466939713488,-0.015409583244918507,1538470.15,450.48286768365045,-0.014241325287818962,1.0449828966896244,0.040565528741575936,18.158241741013725
2026-09-04,380.4500122070313,383.25,377.3500061035156,380.8999938964844,1702061,0.0,0.0005252999291849303,0.11121196386309527,-0.015409583244918507,1536096.0,449.7905007802956,-0.013212451045377271,1.0406143543505095,0.004723411616015265,15.18816305445337
2026-09-07,380.8999938964844,381.7999877929688,373.7999877929688,375.5,2530210,0.0,-0.014176933533771363,0.11702613954832385,-0.015409583244918507,1595302.3,449.0512918173076,-0.014435695538057791,1.0504261001607231,-0.12114329650671155,14.376579214530992
2026-09-08,375.25,377.9500122070313,373.75,375.0,2107745,0.0,-0.0013315579227696217,0.10537552581646212,-0.015409583244918507,1644084.75,448.314463043006,-0.0234375,1.0468066691080729,-0.012636309865022783,15.67266515314779
2026-09-09,374.7000122070313,374.7000122070313,368.0499877929688,371.5499877929688,2451979,0.0,-0.009200032552083237,0.10643977813210308,-0.015409583244918507,1682833.7,447.55063741862756,-0.019657024292958347,1.0511842635904047,-0.08643414942413283,13.757946184008304
2026-09-10,370.4500122070313,377.75,369.0,376.4500122070313,2119982,0.0,0.013188062373972853,0.12362935929520037,-0.015409583244918507,1752286.85,446.8431685110495,-0.011163645557459967,1.0330455261126532,0.10667418631314533,22.45134661587447
2026-09-11,372.3500061035156,377.0,372.1000061035156,376.0,863561,0.0,-0.0011954102601644534,0.12400676746210025,-0.015409583244918507,1722287.75,446.13826136168586,-0.012864253019169158,1.0303922896689557,-0.009639878437529774,23.305604989843232
2026-09-14,376.0,376.0,376.0,376.0,0,0.0,0.0,0.12164905634157087,-0.015409583244918507,1655404.7,445.4403682138084,0.0013315579227697327,1.02629654661138,0.0,25.3557880586567
2026-09-15,379.0,390.9500122070313,376.75,384.8999938964844,9936721,0.0,0.023670196533203125,0.15232937659094614,-0.015409583244918507,2059553.0,444.8379764295565,0.026399983723958353,1.0001494084830622,0.15538824820955452,41.83443909365173
2026-09-16,386.8500061035156,389.4500122070313,382.0,382.0,1792878,0.0,-0.007534408787920888,0.1520783662121891,-0.015409583244918507,2102816.35,444.212722932745,0.028125454313980613,1.0054188513630973,-0.0495429328980237,44.951912697635706
2026-09-17,382.3999938964844,386.3999938964844,381.2999877929688,384.5499877929688,1528427,0.0,0.006675360714577971,0.1532265488922769,-0.015409583244918507,2133539.7,443.6190638766278,0.02151673614897609,0.9967429795283428,0.04356529809738115,48.35038459650269
2026-09-18,384.6000061035156,395.25,382.9500122070313,395.25,2455500,0.0,0.027824762831072603,0.1844410306331717,-0.015409583244918507,2222687.7,443.13777965894997,0.051196808510638236,0.969095510715627,0.15085993190860542,64.35044593430521
2026-09-21,390.0,392.7999877929688,386.7999877929688,386.7999877929688,2097526,0.0,-0.021378905014626692,0.1978954578507321,-0.017716410307507417,2286169.3,442.5772046155074,0.028723371789810548,0.9887603708879968,-0.10803130181208748,52.54082194637109
2026-09-22,388.2999877929688,390.1000061035156,385.2000122070313,388.1000061035156,1352500,0.0,0.0033609574756312544,0.198166134966117,-0.017716410307507417,2187616.45,442.03514293877123,0.008313879599311846,0.9845529355731555,0.016960301045397638,58.852136394437906
2026-09-23,388.2999877929688,395.4500122070313,387.3999938964844,387.3999938964844,1480179,0.0,-0.0018036902757598838,0.19638240458097037,-0.017716410307507417,2197783.0,441.4915096149674,0.014136109676660569,0.9857124558749608,-0.009184581417885586,56.64679982981118
