date,open,high,low,close,volume,split_ratio,dividend,daily_return,rolling_volatility_ann,var_95_threshold,avg_volume_20d,ema_200,qlib_momentum_5d,qlib_mean_reversion_20d,qlib_vol_normalized_return,rsi_14d
2021-12-03,710.0,724.433349609375,708.3333129882812,710.183349609375,124275,0.0,0.0,0.0004931250966795364,0.4769859245813723,-0.0444533448894464,220796.7,747.8867292290411,-0.07594384114324715,1.0875102400864103,0.0010338357191021338,30.690180852658614
2021-12-06,721.6666870117188,725.0,670.3499755859375,695.2333374023438,102582,0.0,0.0,-0.02105091905527534,0.3476229591314242,-0.043429405704656254,222237.6,747.3628148825068,-0.03363760134301663,1.1037517306877371,-0.0605567552336184,15.953856652693148
2021-12-07,699.9666748046875,711.6666870117188,672.0,706.9833374023438,219498,0.0,0.0,0.016900800591499898,0.3471150209812493,-0.04282885573380184,222672.9,746.961029036933,-0.030777331772743333,1.0797460981256066,0.04868933662631526,18.01519308411612
2021-12-08,708.0,716.6666870117188,700.0,702.9666748046875,120993,0.0,0.0,-0.005681410558294964,0.3467898544163314,-0.04222830576294743,219709.95,746.523274268453,-0.01579744514569481,1.0794975926002783,-0.01638286219194187,20.365083517867504
2021-12-09,707.3333129882812,735.0,695.0333251953125,732.183349609375,184365,0.0,0.0,0.04156196282392055,0.3807046700769124,-0.04162775579209301,214144.35,746.3805884509497,0.03148631687487846,1.0317930164256826,0.10917113710166089,32.46024902134417
2021-12-10,740.5,740.5,714.7000122070312,718.7333374023438,89136,0.0,0.0,-0.018369732409521333,0.38137244331530373,-0.041027205821238595,214070.85,746.1054914255906,0.012039127357282409,1.0460636697844643,-0.04816743382966352,34.41840495888876
2021-12-13,716.6666870117188,725.0999755859375,707.9500122070312,713.0333251953125,369135,0.0,0.0,-0.00793063562020413,0.38088810237408927,-0.040426655850384186,226003.8,745.7764151446924,0.025602897380433864,1.0490930882157323,-0.020821431182958674,35.30990033342036
2021-12-14,713.2666625976562,755.316650390625,710.0166625976562,739.0499877929688,209730,0.0,0.0,0.03648730245606657,0.40674407929682616,-0.03982610587952977,218274.15,745.7094855193021,0.04535701012197402,1.0065455818779967,0.08970579638697478,43.663232276696576
2021-12-15,743.7000122070312,749.9833374023438,731.7000122070312,743.9500122070312,342255,0.0,0.0,0.006630166423106987,0.37517465909489517,-0.03922555590867536,228986.4,745.691978322165,0.058300540937777035,0.9941909004414434,0.017672212356719584,41.556486740683845
2021-12-16,750.6666870117188,758.3333129882812,740.0,747.9166870117188,186723,0.0,0.0,0.005331910396667361,0.3739099300258689,-0.03862500593782094,225571.2,745.7141147270363,0.02148824800610072,0.9852300583970758,0.01425987871918696,44.655511467426464
2021-12-17,755.2999877929688,760.0166625976562,744.8666381835938,753.9500122070312,95541,0.0,0.0,0.008066841267332148,0.3631291617760546,-0.038024455966966526,223305.6,745.7960639556931,0.048998248685622636,0.974230151148124,0.022214798188417234,61.5093802989162
2021-12-20,753.9500122070312,753.9500122070312,738.3333129882812,745.0999755859375,112212,0.0,0.0,-0.011738227306591686,0.36446037689394845,-0.03742390599611212,221540.4,745.7891377032578,0.044972162250398906,0.9837057998882346,-0.03220714165023181,55.2643171466905
2021-12-21,748.2333374023438,762.0,748.2333374023438,750.9166870117188,85020,0.0,0.0,0.007806618730871628,0.3520099640277412,-0.0368233560252577,219196.65,745.8401580943868,0.01605669361309059,0.9750837619611903,0.022177265722182076,63.1484464751712
2021-12-22,750.9166870117188,783.6666870117188,750.566650390625,766.4166870117188,260937,0.0,0.0,0.020641437682897168,0.35706235993801017,-0.03622280605440329,225106.2,746.0448996756537,0.030199172573486477,0.955451756637807,0.05780905360170197,68.7963591604926
2021-12-23,770.75,774.7166748046875,760.0,763.816650390625,53883,0.0,0.0,-0.003392458260833786,0.35725812248367855,-0.035622256083548874,221135.55,746.2217330161012,0.021259003382360753,0.9578171281787052,-0.009495818156046516,67.55397263890805
2021-12-24,779.0,803.3333129882812,778.7999877929688,786.3499755859375,192450,0.0,0.0,0.029500960975109347,0.3676659436767389,-0.03502170611269446,225695.55,746.6210190118211,0.042973622726077076,0.9315021207650868,0.08023849007527994,78.41177043653406
2021-12-27,792.4166870117188,799.933349609375,779.6666870117188,789.7666625976562,152817,0.0,0.0,0.004344995380934469,0.36514298593712474,-0.03442115614184005,226210.65,747.0503288982474,0.05994723993460527,0.9319250487865215,0.011899435096059324,77.22833926601182
2021-12-28,799.933349609375,849.1500244140625,796.4166870117188,830.4500122070312,453816,0.0,0.0,0.05151312601061386,0.3206169910066565,-0.03382060617098563,190632.6,747.8801764933596,0.10591497907952507,0.8923525291205933,0.16066872888485526,83.78231670074199
2021-12-29,833.2666625976562,859.8333129882812,796.7000122070312,809.5833129882812,575289,0.0,0.0,-0.025126978038441994,0.3381333448805487,-0.03322005620013122,201819.15,748.494138050523,0.05632265934197034,0.9212403743818047,-0.07431085302814483,71.4602219384744
2021-12-30,810.8333129882812,827.0,800.433349609375,812.3499755859375,104775,0.0,0.0,0.003417390839546952,0.3248082009389711,-0.0326195062292768,201771.6,749.1295195185372,0.06354054362456218,0.9244127408741788,0.010521257543544837,77.59107676174253
2021-12-31,817.75,880.6666870117188,817.2333374023438,870.683349609375,498600,0.0,0.0,0.0718081809276383,0.3922644868379869,-0.03201895625842239,220487.85,750.3390103652123,0.10724661619096221,0.8716965448127327,0.1830606172785923,85.46146587571519
2022-01-03,905.0,984.3333129882812,888.3333129882812,929.1166381835938,2544486,0.0,0.0,0.06711198577580979,0.43711682078405734,-0.03201895625842239,342583.05,752.117892234052,0.1764444894743915,0.829460802710593,0.15353329144391648,87.31183831896023
2022-01-04,935.0,950.0,910.683349609375,926.7999877929688,642165,0.0,0.0,-0.0024933902756859583,0.42328732702054755,-0.03201895625842239,363716.4,753.8560225381208,0.1160214030581741,0.8433930463254077,-0.005890538311957398,86.2629463614322
2022-01-05,930.9000244140624,975.6666870117188,923.3333129882812,938.2166748046876,685104,0.0,0.0,0.012318393571525643,0.42320481438196106,-0.03201895625842239,391921.95,755.6904568890319,0.15888835621080588,0.8456673030291556,0.029107403464776548,86.65722330299036
2022-01-06,928.6666870117188,936.6333618164062,911.7000122070312,921.9500122070312,348375,0.0,0.0,-0.017337852795083486,0.43183723253255524,-0.03201895625842239,400122.45,757.3447808225444,0.13491726462112674,0.8708796437313198,-0.04014904479614545,81.13415369852851
2022-01-07,929.75,930.0,896.7000122070312,902.7833251953124,233427,0.0,0.0,-0.02078929091376247,0.4345027447382234,-0.03201895625842239,407337.0,758.7919305177959,0.03686756568887972,0.8995624696356659,-0.0478461659611053,78.1459979206045
2022-01-10,933.3333129882812,956.316650390625,918.3333129882812,927.75,469005,0.0,0.0,0.027655223693111797,0.4252967482983053,-0.03201895625842239,412330.5,760.4731053385144,-0.0014709005601982739,0.8869262530841585,0.06502571005658661,79.54442688348291
2022-01-11,935.6666870117188,959.3833618164062,921.6666870117188,944.4000244140624,449835,0.0,0.0,0.017946671424481142,0.4189854340251449,-0.03201895625842239,424335.75,762.3032239362811,0.01899011313434018,0.8821614904624493,0.04283363940300536,79.62273278303812
2022-01-12,954.6333618164062,960.3333129882812,943.3333129882812,948.9833374023438,242481,0.0,0.0,0.004853147892626364,0.41166475352132076,-0.03201895625842239,419347.05,764.1607375031077,0.011475667494289077,0.8887036959976506,0.01178907772215732,80.61617633323846
2022-01-13,956.4166870117188,990.0,938.3333129882812,970.75,522183,0.0,0.0,0.022936822744684005,0.41271465318817024,-0.03201895625842239,436120.05,766.2163520553156,0.052931273004864776,0.8802540973876513,0.055575497530181886,80.56690840908907
2022-01-14,973.5833129882812,973.5833129882812,940.3499755859376,950.25,366087,0.0,0.0,-0.02111769250579454,0.4288158493042171,-0.03201895625842239,449647.35,768.0475326318797,0.0525781474690159,0.9095729170520505,-0.049246528661648456,75.17648418570853
2022-01-17,950.0,978.3333129882812,946.7000122070312,968.2833251953124,187704,0.0,0.0,0.018977453507300623,0.42928249355147663,-0.030749421623428502,453421.95,770.0399285777845,0.04368992206447042,0.9041577079028873,0.04420737707756351,73.2774080070222
2022-01-18,975.6666870117188,975.6666870117188,923.6666870117188,939.0999755859376,431625,0.0,0.0,-0.03013926693768909,0.44666000537540235,-0.030749421623428502,470752.2,771.7221181002537,-0.005612080359075677,0.9422745387526781,-0.06747697555232939,71.27525328999515
2022-01-19,940.0,944.6500244140624,911.6666870117188,925.7666625976562,220884,0.0,0.0,-0.014197969688969692,0.4553410938740543,-0.0301680141860178,468749.55,773.2548996375413,-0.024464786566472885,0.9644519847062463,-0.03118095328573016,68.00550602086486
2022-01-20,925.6666870117188,941.8833618164062,895.0999755859375,899.6500244140625,202815,0.0,0.0,-0.0282108216235738,0.4726180739768301,-0.0301680141860178,476196.15,774.5125625706411,-0.07324231324845476,0.9999990434105711,-0.05969052514071134,55.12261503536728
2022-01-21,899.6500244140625,901.0833129882812,835.0,854.4500122070312,293379,0.0,0.0,-0.050241772889929925,0.5130739322056859,-0.030749421623428502,481242.6,775.3079600794609,-0.100815562002598,1.0568835540382742,-0.09792306480025549,36.14719367759284
2022-01-24,859.4166870117188,931.3666381835938,790.0,804.316650390625,826092,0.0,0.0,-0.05867325308699167,0.5513403590288862,-0.03235957461768607,514906.35,775.5966037641491,-0.16933749713351065,1.1236640004905174,-0.10641929447382369,30.7001438818087
2022-01-25,805.0166625976562,861.0166625976562,783.3333129882812,826.3833618164062,591072,0.0,0.0,0.02743535324683921,0.5585203240111062,-0.03235957461768607,521769.15,776.101944640291,-0.12002621307619932,1.093413026290182,0.049121494019398866,32.95050978353572
2022-01-27,816.6666870117188,824.3333129882812,784.0,791.3666381835938,152670,0.0,0.0,-0.04237346158064592,0.5498533825179144,-0.04276687714611012,500638.2,776.2538321382344,-0.14517699744873358,1.140643862434193,-0.07706319931319762,31.168582646172155
2022-01-28,781.1666870117188,816.316650390625,767.1666870117188,772.2333374023438,225825,0.0,0.0,-0.024177542820311704,0.5493538636263525,-0.04276687714611012,506690.7,776.2138272154893,-0.1416291708486359,1.1663076731442126,-0.04401087164583507,31.17158423624322
2022-01-31,772.0,795.1333618164062,751.8666381835938,783.9500122070312,337395,0.0,0.0,0.015172454020309978,0.5522300230353219,-0.04276687714611012,498630.45,776.2908041805794,-0.08250921527626831,1.1433445832555098,0.027474880235895307,28.436475877653706
2022-02-01,804.6333618164062,823.0,792.933349609375,816.6500244140625,193251,0.0,0.0,0.04171185878927641,0.5104078138273755,-0.04276687714611012,381068.7,776.6923884615095,0.015333978250291924,1.090677331394917,0.0817226085534765,31.723023087794743
2022-02-02,826.5999755859375,841.183349609375,824.1666870117188,830.6333618164062,117015,0.0,0.0,0.017122802895128464,0.4502699951226572,-0.04276687714611012,354811.2,777.2291145645434,0.005142891539658301,1.0665275183210172,0.03802785595381614,33.51136216610372
2022-02-03,850.0,858.2999877929688,803.7166748046875,814.1333618164062,286824,0.0,0.0,-0.019864359846946456,0.45309550084986006,-0.04276687714611012,334897.2,777.5963210048604,0.028768869616576875,1.080522201424855,-0.04384144042762059,27.855031793581688
2022-02-04,818.9666748046875,821.9000244140625,809.6666870117188,817.75,103029,0.0,0.0,0.004442316643952227,0.44994606704835394,-0.04276687714611012,322629.9,777.9958600993394,0.05894159238290109,1.0693722675058754,0.009872997833637804,30.3256818747807
2022-02-07,817.75,829.6166381835938,806.6666870117188,815.25,132669,0.0,0.0,-0.00305716906144915,0.44818266064091017,-0.04276687714611012,317592.0,778.3665480585499,0.039925999496895015,1.0672830487496645,-0.00682125673685093,26.17788132426388
2022-02-08,806.6666870117188,822.1333618164062,783.2333374023438,788.2000122070312,115011,0.0,0.0,-0.033179991159728583,0.45551906464758873,-0.04276687714611012,299892.3,778.4643934729628,-0.03483745956836748,1.0950583516063235,-0.07283995996303383,26.352913348687636
2022-02-09,793.7166748046875,803.3333129882812,772.683349609375,777.9166870117188,106848,0.0,0.0,-0.013046593549926877,0.4391010845371362,-0.04276687714611012,282742.95,778.458943657428,-0.06346563625786483,1.0988334014494812,-0.029712049713015425,26.607254521088535
2022-02-10,785.75,792.9166870117188,781.566650390625,788.25,150390,0.0,0.0,0.013283315759654801,0.43591667379234283,-0.04276687714611012,278138.4,778.5563671036227,-0.03179253305460683,1.0742330128300428,0.030472143539205673,31.447762793567662
2022-02-11,785.0,796.6333618164062,783.1500244140625,791.2000122070312,184875,0.0,0.0,0.003742482977521444,0.43551419681131875,-0.04276687714611012,261273.0,778.682174517587,-0.03246712050500611,1.0588810162384215,0.0085932511936237,37.74145923947907
2022-02-14,760.5,781.6666870117188,755.0166625976562,765.316650390625,125898,0.0,0.0,-0.032714056391638935,0.4278863166882763,-0.04276687714611012,249263.55,778.5491842277665,-0.06124912555581108,1.0826107142321668,-0.07645501702481784,41.65716145459876
2022-02-15,780.0,793.1666870117188,733.7000122070312,784.9166870117188,176484,0.0,0.0,0.025610362209014692,0.4441492615679138,-0.04276687714611012,248702.55,778.6125424644229,-0.004165599016065613,1.0438963614131334,0.05766161029287802,41.034880793005314
2022-02-16,793.0,793.0,767.4166870117188,777.0166625976562,100587,0.0,0.0,-0.010064793556802787,0.4326026694532491,-0.04276687714611012,232150.65,778.5966630627635,-0.0011569676150280372,1.0440799367447404,-0.023265675491245953,46.48543374969387
2022-02-17,781.9833374023438,781.9833374023438,746.6666870117188,751.8333129882812,173034,0.0,0.0,-0.03241030832618719,0.4339996153961052,-0.04276687714611012,229758.15,778.3303610719727,-0.04619941263776561,1.0674850749352351,-0.07467819424177329,45.14747444522271
2022-02-18,756.4166870117188,756.4166870117188,733.7000122070312,737.183349609375,78222,0.0,0.0,-0.019485653436501327,0.43500245760767114,-0.04276687714611012,223528.5,777.9209380723448,-0.06827181719446418,1.077679666984931,-0.04479435149796769,39.02877937354035
2022-02-21,717.6666870117188,728.7666625976562,703.3333129882812,712.6666870117188,186768,0.0,0.0,-0.033257211534481024,0.43794315882891477,-0.04276687714611012,218197.95,777.2716420418909,-0.06879500576922404,1.104805871810246,-0.0759395599739864,24.632024572344463
2022-02-22,700.4166870117188,732.9666748046875,691.0166625976562,702.1333618164062,285966,0.0,0.0,-0.014780156540611933,0.414149717035838,-0.03371302403678927,191191.65,776.5239974625329,-0.10546765862563012,1.1141034147725528,-0.03568795432124708,18.11414390801002
2022-02-23,707.9833374023438,743.1666870117188,707.9666748046875,739.0166625976562,213984,0.0,0.0,0.052530335100205994,0.4250361650656358,-0.03371302403678927,172337.25,776.1507901504445,-0.04890500014885346,1.052589042214811,0.12359026873911155,33.072926388135414
2022-02-24,726.6666870117188,736.4000244140625,684.3333129882812,711.1166381835938,210507,0.0,0.0,-0.037752903048211994,0.42488707406038495,-0.03798393097483369,175229.1,775.5036841607247,-0.05415651860763204,1.088243896305318,-0.08885396724096832,28.341228216089732
2022-02-25,711.1166381835938,744.0,711.1166381835938,730.1666870117188,118839,0.0,0.0,0.02678892294910229,0.41941465640711384,-0.03798393097483369,169879.8,775.0525697612321,-0.009518205479510988,1.0569709934363734,0.06387216541230593,33.807024548521895
2022-02-28,732.4166870117188,732.4166870117188,700.6500244140625,716.933349609375,161517,0.0,0.0,-0.018123721114287616,0.41616477571844557,-0.03798393097483369,161085.9,774.4742690632038,0.005986897767800592,1.0718069899157483,-0.04354938653206747,35.68368054817108
2022-03-02,717.0,732.6166381835938,707.0333251953125,710.0333251953125,86679,0.0,0.0,-0.009624359667215976,0.41120214097769414,-0.03798393097483369,155757.3,773.8330656416329,0.011251371617593042,1.0747148244685505,-0.023405421504563224,36.17541321879453
2022-03-03,716.4166870117188,731.2000122070312,711.8666381835938,724.4833374023438,98625,0.0,0.0,0.020351174648114423,0.3869728398763462,-0.03798393097483369,154837.8,773.3420235696002,-0.019665761180847507,1.045953440351611,0.052590704114300175,37.22794280056773
2022-03-04,721.3333129882812,755.8666381835938,713.9000244140625,747.25,246069,0.0,0.0,0.03142468766678164,0.4004015856858978,-0.03798393097483369,152800.05,773.0824014445295,0.05081214511968346,1.009610801127572,0.07848292315856127,41.84449982887032
2022-03-07,725.0833129882812,795.0,720.683349609375,775.2166748046875,304092,0.0,0.0,0.03742612887880559,0.42172059929963923,-0.03798393097483369,162853.2,773.1036379953769,0.06169822397313185,0.9704448179889222,0.08874626483386712,51.82298430794669
2022-03-08,768.7333374023438,816.6333618164062,768.7333374023438,801.4166870117188,290943,0.0,0.0,0.03379701838022542,0.4392614871113368,-0.03798393097483369,170766.9,773.3853598761366,0.11783987653576866,0.9378558637654221,0.07694054362260462,52.96620227848354
2022-03-09,805.0,839.6666870117188,805.0,825.8833618164062,190380,0.0,0.0,0.030529280461974784,0.45211197297724326,-0.03798393097483369,174535.35,773.9077280546468,0.163161407373698,0.91235341641544,0.06752592634447262,58.29092075171903
2022-03-10,838.0,847.3333129882812,812.4666748046875,819.0499877929688,176925,0.0,0.0,-0.008274018268643268,0.4363429918751131,-0.03798393097483369,178039.2,774.3569047684609,0.13052977964917245,0.922476262760059,-0.018962188537657347,62.16150730553489
2022-03-11,810.1166381835938,849.9666748046875,806.683349609375,836.4833374023438,338058,0.0,0.0,0.021284842035528717,0.437445602057401,-0.03798393097483369,187422.6,774.9750782275046,0.11941564055181497,0.9061338160983231,0.04865711633366607,67.78718665716646
2022-03-14,838.75,849.9666748046875,806.566650390625,818.0833129882812,230562,0.0,0.0,-0.021996880979366362,0.44484165239938983,-0.03798393097483369,189706.95,775.4040158868158,0.055296331434555146,0.9281573057498438,-0.049448787824232655,69.30588303278815
2022-03-15,820.6666870117188,831.7833251953125,802.3333129882812,813.8833618164062,189288,0.0,0.0,-0.005133891750625619,0.4455017135810475,-0.03798393097483369,192876.45,775.7868949507919,0.015555796387485499,0.9359305951818062,-0.011523842622556409,70.9518046051908
2022-03-16,820.0,826.183349609375,800.1666870117188,805.9833374023438,58770,0.0,0.0,-0.009706580555267075,0.42995267823617167,-0.03798393097483369,186990.75,776.0873570647377,-0.024095441722297717,0.9464112176454922,-0.0225759271213936,64.08637349607682
2022-03-17,818.0833129882812,818.0833129882812,771.3333129882812,776.683349609375,138288,0.0,0.0,-0.03635309370960649,0.44197256354980274,-0.03798393097483369,188875.8,776.0932873388138,-0.05172655981322449,0.9820926462336877,-0.08225192214446338,63.71113921593283
2022-03-21,778.0,785.75,763.3333129882812,768.8333129882812,86592,0.0,0.0,-0.010107126186034265,0.44198457162769084,-0.03798393097483369,184553.7,776.0210487880622,-0.08087432395742178,0.9932257008160558,-0.022867599020791367,58.48323847292052
2022-03-22,767.0,798.3333129882812,767.0,788.8499755859375,131214,0.0,0.0,0.026035113540874066,0.434519967039775,-0.03798393097483369,187203.3,776.1486998009764,-0.03573393679863812,0.9712979161002369,0.05991695414844153,65.32204745373326
2022-03-23,792.0333251953125,809.6666870117188,783.3333129882812,786.7000122070312,85677,0.0,0.0,-0.002725440128598988,0.4275872693374632,-0.03798393097483369,182148.75,776.2536879841213,-0.033399564218523636,0.978657673465876,-0.006373997217181007,66.67149776322904
2022-03-24,785.0,797.8833618164062,754.5166625976562,783.2666625976562,342339,0.0,0.0,-0.004364242476294078,0.4075855488933647,-0.03798393097483369,184967.4,776.323468826047,-0.02818504273041489,0.9881266568072213,-0.010707549325700916,63.425954282203435
2022-03-25,794.9833374023438,794.9833374023438,763.6666870117188,766.7333374023438,126330,0.0,0.0,-0.021108169139333333,0.4119855582171042,-0.03798393097483369,180584.7,776.2280446327765,-0.012810899335019221,1.0112414116076702,-0.051235214938912504,54.58036129627483
2022-03-28,755.6666870117188,766.316650390625,740.6666870117188,749.2999877929688,126957,0.0,0.0,-0.022737174398126947,0.3829480683477233,-0.03798393097483369,176407.2,775.9601037686988,-0.025406450091751243,1.037317072713782,-0.05937403967720451,43.58974123701756
2022-03-29,758.2833251953125,776.316650390625,741.0,769.9000244140625,239739,0.0,0.0,0.027492375492718546,0.36622819253887595,-0.03798393097483369,182452.2,775.8998044716378,-0.02402224980459622,1.0121422419554336,0.07506897421369445,41.982537497147646
2022-03-30,776.3333129882812,786.3333129882812,766.6666870117188,776.3666381835938,142596,0.0,0.0,0.008399290251293046,0.3572670202502042,-0.03798393097483369,181506.15,775.9044495831996,-0.013135088169692444,1.0075394314351322,0.023509838692394276,36.13365718492401
2022-03-31,781.933349609375,800.0,768.2666625976562,790.4000244140625,226179,0.0,0.0,0.01807572033659466,0.3520561278476367,-0.03798393097483369,188481.15,776.0486841586311,0.009107194467780522,0.9947347063463124,0.05134328987162125,42.28803389413415
2022-04-01,802.6666870117188,802.6666870117188,777.2000122070312,785.683349609375,161307,0.0,0.0,-0.005967452756829084,0.3503804491465905,-0.03798393097483369,191615.25,776.1445514765489,0.02471525794252405,1.004601073936993,-0.01703135149535394,35.32075543380839
2022-04-04,794.6666870117188,799.316650390625,784.6666870117188,795.0333251953125,94023,0.0,0.0,0.011900437486152882,0.3469407427292455,-0.03798393097483369,184012.95,776.3324994737507,0.06103474996316138,0.9957915950973091,0.03430106550624812,42.97185059213203
2022-04-05,789.3333129882812,813.2333374023438,788.3333129882812,805.4833374023438,184974,0.0,0.0,0.013144118461278387,0.3347372220079867,-0.03798393097483369,178057.05,776.6225575625924,0.046218095674645854,0.9847513900656049,0.039266974822103964,47.53279185393272
2022-04-06,803.2833251953125,841.0,803.2833251953125,831.0499877929688,219708,0.0,0.0,0.03174075639239993,0.3280517225737199,-0.03798393097483369,174495.3,777.1641240325465,0.07043495549643075,0.9562391106353936,0.09675533838330555,56.670209413254454
2022-04-07,843.5166625976562,851.2833251953125,819.7833251953125,830.0833129882812,150180,0.0,0.0,-0.001163196942285838,0.3092098997704461,-0.03798393097483369,172485.3,777.6906831266335,0.050206588244524175,0.9576056840821215,-0.0037618359099466834,66.73280182154164
2022-04-08,827.3333129882812,845.0,817.0166625976562,839.3499755859375,71724,0.0,0.0,0.011163533169094242,0.2934584149147257,-0.03798393097483369,167225.25,778.3042084247361,0.06830566793001847,0.9482427131940218,0.03804127679189373,71.90185131399332
2022-04-11,847.0833129882812,848.2333374023438,804.0333251953125,812.9166870117188,91947,0.0,0.0,-0.03149257085015822,0.3130084920660098,-0.03798393097483369,154919.7,778.648611196746,0.022493851829434863,0.9776268323028747,-0.10061250938007048,57.188386060509245
2022-04-12,813.0,813.0,782.6666870117188,786.8666381835938,86031,0.0,0.0,-0.03204516433767024,0.3213513744062497,-0.03798393097483369,147693.15,778.7303826095504,-0.02311245727166522,1.0080085918245725,-0.09972001333331433,50.04355091320187
2022-04-13,792.3333129882812,806.6666870117188,790.9500122070312,801.3666381835938,45495,0.0,0.0,0.01842751909455953,0.3212954515882096,-0.03798393097483369,140503.5,778.9556189834215,-0.03571788706501944,0.988988632623819,0.0573538107369138,54.47207359296066
2022-04-18,797.6666870117188,797.7999877929688,783.3333129882812,789.4166870117188,123522,0.0,0.0,-0.01491196488908142,0.32472946113264106,-0.03798393097483369,143741.1,779.0597092125588,-0.048991017335553444,1.002910346632,-0.04592119353093881,55.734393794552375
2022-04-19,785.0,832.9666748046875,783.5999755859375,808.6500244140625,191355,0.0,0.0,0.0243639863696703,0.3348438568969881,-0.03798393097483369,146394.45,779.3541402095888,-0.03657586473442598,0.9810331700948952,0.07276222973845203,64.86848663619156
2022-04-20,813.6666870117188,816.0333251953125,777.5499877929688,809.1666870117188,282855,0.0,0.0,0.0006389199060874429,0.30709643016453125,-0.03798393097483369,156207.6,779.6507824663264,-0.004613018849182415,0.9828990471500908,0.0020805187638942755,60.93779269605241
2022-04-21,813.3333129882812,820.3833618164062,801.3833618164062,811.066650390625,80487,0.0,0.0,0.00234804943085698,0.30385602636854886,-0.03798393097483369,153671.25,779.9633781670657,0.03075490945059589,0.9819661540837216,0.007727506285275887,59.91807000316538
2022-04-22,810.6666870117188,818.7666625976562,785.0,787.0499877929688,127488,0.0,0.0,-0.029611207150595287,0.311124509174905,-0.036423084176536766,155761.8,780.0338916956816,-0.01786529374753565,1.011952875321626,-0.09517477834637889,49.09417613299842
2022-04-25,783.6666870117188,799.2666625976562,771.0,778.4166870117188,66309,0.0,0.0,-0.01096918990553486,0.31336189226528166,-0.0334120056432373,141960.3,780.0178001067865,-0.013934339343192437,1.0228647621189315,-0.03500486123628619,48.07590426848596
2022-04-26,783.3333129882812,797.6500244140625,778.6666870117188,793.5,92571,0.0,0.0,0.01937691372751127,0.32021640107328136,-0.0334120056432373,140272.35,780.151951349505,-0.018734958210185004,1.0051081695268196,0.060511932110427886,49.605963742210356
2022-04-27,787.3333129882812,793.3333129882812,763.316650390625,790.183349609375,53664,0.0,0.0,-0.0041797736491808735,0.31084733968611095,-0.03318385217846621,136607.7,780.2517662575634,-0.02346035459325435,1.01191388176634,-0.013446386637690644,45.91854840663383
2022-04-28,790.0,830.0,789.2166748046875,810.8499755859375,118530,0.0,0.0,0.026154215963648086,0.3087109339512948,-0.03318385217846621,130547.25,780.5562260518757,-0.00026714796445292954,0.9886477428696469,0.08472072816367154,44.466754886190586
2022-04-29,817.75,817.75,796.6666870117188,802.6333618164062,56721,0.0,0.0,-0.010133334176391617,0.2999428681854464,-0.03318385217846621,126253.5,780.7758990445576,0.01979972589433121,1.0004048829137182,-0.033784213306529844,42.76807206968158
2022-05-02,796.0,799.3333129882812,773.7999877929688,786.0,62481,0.0,0.0,-0.02072348672221147,0.3091292153468917,-0.03318385217846621,118068.6,780.8278801485918,0.009741971253716342,1.0212955892237694,-0.06703826433413551,36.469684213175704
2022-05-04,783.683349609375,788.5833129882812,753.3333129882812,761.2333374023438,117000,0.0,0.0,-0.03150974885197999,0.32161948644144805,-0.03318385217846621,115853.25,780.6329095740024,-0.040663720980033125,1.0529174080245207,-0.09797213539794361,36.78061291310283
2022-05-05,761.6666870117188,785.933349609375,757.5166625976562,771.683349609375,57543,0.0,0.0,0.013727738517983479,0.32545763856503007,-0.03318385217846621,114029.25,780.5438592260957,-0.02341228780528648,1.0371460446119118,0.042179799978615415,45.7796793555224
2022-05-06,763.6666870117188,763.6666870117188,737.5333251953125,747.9166870117188,48633,0.0,0.0,-0.0307984649528682,0.3380699683795914,-0.03318385217846621,107212.2,780.2192107463508,-0.07761397356982325,1.0662551258308908,-0.09110085758128779,35.87099831809324
2022-05-09,739.75,744.7833251953125,720.0,729.0333251953125,58563,0.0,0.0,-0.025247948259924824,0.34155710099130676,-0.03318385217846621,99154.95,779.7098984523107,-0.09169820259468475,1.0868764714953734,-0.07392013647921805,34.6026164632962
2022-05-10,724.0,740.9166870117188,700.0,708.8833618164062,66462,0.0,0.0,-0.027639289841116632,0.32360276534441373,-0.03274121414878104,94969.05,779.005156794242,-0.0981127712259462,1.109222211842338,-0.08541116438726415,24.678488477943972
2022-05-11,703.6666870117188,707.6333618164062,685.0166625976562,699.9500122070312,114495,0.0,0.0,-0.01260200209310125,0.32327578516999494,-0.03274121414878104,97107.6,778.2185384401405,-0.08050530919262888,1.1134211854728395,-0.038982201208335045,23.41579844039768
2022-05-12,688.4000244140625,716.6666870117188,675.8666381835938,701.8833618164062,114723,0.0,0.0,0.0027621252598866164,0.31830893596736154,-0.03274121414878104,98246.4,777.4589844438846,-0.09045159238993739,1.10244457726,0.008677498056149,23.428243605494103
2022-05-13,715.6666870117188,729.6666870117188,700.4166870117188,707.5333251953125,56868,0.0,0.0,0.008049718352469037,0.3113870951758566,-0.03274121414878104,96788.25,776.7632067399187,-0.05399446558380305,1.0880347441466376,0.025851161524247896,28.748314509715215
2022-05-16,714.0333251953125,733.3333129882812,708.3666381835938,729.4000244140625,56610,0.0,0.0,0.03090553962629783,0.32224564693327695,-0.03245265348660188,97344.0,776.2919312938902,0.0005029937673313167,1.050483252151167,0.0959067685206911,37.76520135923016
2022-05-17,733.3333129882812,747.4666748046875,726.6666870117188,744.7000122070312,34776,0.0,0.0,0.02097612733871168,0.32453443225511835,-0.03245265348660188,92906.7,775.9775838402896,0.05052544934733727,1.025898567882657,0.06463451827471128,37.83244562859023
2022-05-18,748.9666748046875,757.5833129882812,717.0499877929688,723.816650390625,42273,0.0,0.0,-0.028042650025632776,0.3335240034054361,-0.03245265348660188,85452.6,775.4585695771088,0.03409763235568675,1.049637372826674,-0.08407985301958984,34.78525750911916
2022-05-19,708.3833618164062,716.6166381835938,698.3333129882812,712.066650390625,90531,0.0,0.0,-0.016233392798658097,0.3195122559565652,-0.03210576669751078,75836.4,774.8278042120692,0.014508519688891663,1.0601395319933142,-0.05080679062526157,26.388339355482643
2022-05-20,713.7000122070312,735.0,713.7000122070312,731.0333251953125,129489,0.0,0.0,0.026636094801354204,0.33829914751390167,-0.03210576669751078,78286.5,774.3920382517035,0.03321398323324609,1.0271602037195517,0.07873532703154797,33.72233747803777
2022-05-23,734.3333129882812,745.0,722.0166625976562,724.5833129882812,41502,0.0,0.0,-0.008823143876933393,0.3376178642660935,-0.031536519626264505,73987.2,773.8964290451023,-0.006603662276609579,1.031993136040186,-0.026133521206816886,35.35955441261315
2022-05-24,733.0,786.0,727.066650390625,736.9166870117188,296367,0.0,0.0,0.017021333230229807,0.33365104950284347,-0.031536519626264505,85490.1,773.5284714129294,-0.01045162490631013,1.011905441464519,0.05101537293360445,43.8381694039249
2022-05-25,740.0,755.5833129882812,690.0499877929688,697.066650390625,180891,0.0,0.0,-0.05407671901513078,0.3773161292528021,-0.032260560806267054,89906.1,772.7676572734041,-0.03695687296715777,1.062837158537888,-0.14331939026572976,33.544073412034564
2022-05-26,695.0,707.5333251953125,658.3833618164062,679.25,154911,0.0,0.0,-0.025559464623132966,0.3728629873379147,-0.031536519626264505,94968.45,771.8371333204349,-0.04608648694981354,1.082549386135041,-0.06854921192399573,34.44813896903747
2022-05-27,663.3333129882812,690.433349609375,638.4666748046875,684.9000244140625,297435,0.0,0.0,0.0083180337343578,0.376595813585893,-0.031536519626264505,103913.7,770.9720874606701,-0.06310697363752116,1.0644242181146348,0.022087429582077253,39.36718358583634
2022-05-30,688.3333129882812,711.6500244140625,683.3333129882812,705.7999877929688,203793,0.0,0.0,0.030515349151558846,0.3816321916964591,-0.031536519626264505,111267.3,770.3236088570114,-0.02592293371737675,1.0260449373723768,0.07996010036865286,49.25981296117288
2022-05-31,705.316650390625,705.316650390625,672.0166625976562,677.566650390625,170733,0.0,0.0,-0.040001895566234236,0.3990333818863287,-0.032260560806267054,116679.9,769.4006540464007,-0.08053832633613567,1.0607972461124204,-0.10024698779502003,45.082383316502344
2022-06-01,678.0,726.7833251953125,663.6666870117188,711.2000122070312,261033,0.0,0.0,0.049638455194062736,0.44226645168764017,-0.032260560806267054,123881.55,768.8215431823274,0.020275481273542617,1.0071135520786838,0.11223653497180829,51.79661492930745
2022-06-02,703.6666870117188,719.0,698.3333129882812,703.2666625976562,94026,0.0,0.0,-0.011154878336905316,0.43203652438906703,-0.032260560806267054,125705.7,768.1692558133259,0.03535761884086308,1.0136103047294032,-0.02581929408511522,49.18440295385609
2022-06-03,711.4166870117188,718.3333129882812,702.0499877929688,709.9166870117188,76230,0.0,0.0,0.009455907364497085,0.4301506268211159,-0.032260560806267054,127085.55,767.5896282630612,0.03652600628691505,1.001439111361394,0.02198278127489895,46.04560077518004
2022-06-06,700.0333251953125,710.6500244140625,693.7000122070312,703.2166748046875,53223,0.0,0.0,-0.0094377443573469,0.41937093374840423,-0.032260560806267054,126818.55,766.9491013629779,-0.003660120477416373,1.0091448753816994,-0.022504526119503748,41.27585582142041
2022-06-07,700.3499755859375,708.7833251953125,695.3333129882812,700.4166870117188,55638,0.0,0.0,-0.003981685721184625,0.4112909548432301,-0.032260560806267054,126277.35,766.2870872898311,0.033723673690138734,1.0125746331769063,-0.009680946243743297,44.673759863454286
2022-06-08,706.4166870117188,709.683349609375,695.6666870117188,705.6500244140625,36993,0.0,0.0,0.0074717486024946655,0.4011239534778691,-0.032260560806267054,122402.25,765.6837334303707,-0.007803694738060751,1.005468923665621,0.01862703124917367,48.49481076645229
2022-06-09,704.6666870117188,710.3333129882812,698.2666625976562,708.066650390625,24825,0.0,0.0,0.0034246806390592077,0.39856963434331133,-0.032260560806267054,117907.35,765.1104291215175,0.006825274178700713,1.002473897858833,0.008592427164647115,44.15903776190147
2022-06-10,706.3333129882812,708.4166870117188,700.0,706.2999877929688,30378,0.0,0.0,-0.002495051273325166,0.3986679993638539,-0.032260560806267054,116582.85,764.5252506008355,-0.005094540366382905,1.0048940681829162,-0.006258468737700993,45.236651957673466
2022-06-13,706.2999877929688,706.2999877929688,681.933349609375,685.25,87267,0.0,0.0,-0.029803183005489342,0.411125690484386,-0.032260560806267054,118115.7,763.7364421371457,-0.02554927300277343,1.0325416517623016,-0.07249165637267482,37.124103726342156
2022-06-14,688.2999877929688,701.8666381835938,677.3333129882812,681.566650390625,48345,0.0,0.0,-0.0053751909658883434,0.39428990709323053,-0.032260560806267054,118794.15,762.9188322690211,-0.02691260355534386,1.033490265956513,-0.013632585396844856,45.28779914070346
2022-06-15,674.5,701.816650390625,674.5,691.8333129882812,106176,0.0,0.0,0.0150633288641282,0.3902845259356537,-0.031536519626264505,121989.3,762.2115136692128,-0.019580118965139892,1.0158419936061738,0.03859576149492045,54.00955216321728
2022-06-16,693.0,697.1666870117188,624.3333129882812,639.0166625976562,378267,0.0,0.0,-0.0763430285865978,0.45884739561484084,-0.03244300089909844,136376.1,760.9856942555655,-0.09751905100300284,1.0940885792828394,-0.16637999398580142,38.75866888549452
2022-06-17,646.6500244140625,649.9500122070312,611.316650390625,627.0999755859375,119556,0.0,0.0,-0.018648476181006624,0.4596340528394556,-0.03244300089909844,135879.45,759.6534980498975,-0.11213367347564851,1.106592556299605,-0.040572441619759377,29.830856607320385
2022-06-20,633.2833251953125,634.3333129882812,623.2666625976562,627.1333618164062,165135,0.0,0.0,5.323908749566009e-05,0.4451190269408166,-0.03244300089909844,142061.1,758.3348897291662,-0.08481085470061112,1.0987641695295345,0.00011960640430379705,34.89117350174787
2022-06-21,627.3333129882812,634.0,622.6666870117188,626.0833129882812,99585,0.0,0.0,-0.001674362890029757,0.445417073739545,-0.03244300089909844,132222.0,757.0189536421922,-0.081405593085496,1.0917556571134661,-0.0037590899656844566,18.314940230273265
2022-06-22,630.0,646.6666870117188,620.3333129882812,628.183349609375,191706,0.0,0.0,0.0033542446788277225,0.43876984170857614,-0.03244300089909844,132762.75,755.737007333408,-0.09200187701858231,1.082623145237985,0.007644656226416299,20.78094201594601
2022-06-23,629.6666870117188,642.7999877929688,629.6666870117188,638.1166381835938,85272,0.0,0.0,0.015812721843703192,0.4105827644404735,-0.03244300089909844,129280.8,754.566655401569,-0.001408452184022635,1.0625473856620191,0.03851287201527674,22.754862945549107
2022-06-24,643.6666870117188,659.4833374023438,636.3333129882812,641.1500244140625,95277,0.0,0.0,0.004753654816309627,0.403782104909302,-0.03244300089909844,119172.9,753.4381317101512,0.022404798875964138,1.0541084612248992,0.011772821630243327,25.774159583646338
2022-06-27,648.0833129882812,666.6666870117188,648.0,664.3833618164062,51099,0.0,0.0,0.03623697499438827,0.42421251978576585,-0.03244300089909844,111538.2,752.5520145967806,0.05939725466384127,1.014129602084728,0.085421746058959,37.87029926097713
2022-06-28,657.0,662.6166381835938,635.0,644.4833374023438,87906,0.0,0.0,-0.02995262307541291,0.4191121231757263,-0.03244300089909844,107396.85,751.4767043759405,0.029389098914391454,1.0428767195288664,-0.07146684790166717,31.26022157699326
2022-06-29,634.0,661.566650390625,634.0,641.183349609375,85791,0.0,0.0,-0.005120361693553899,0.39823714567264823,-0.03244300089909844,98634.75,750.3792580598553,0.020694594990592785,1.0427841521128498,-0.012857568965169203,29.619126098468357
2022-06-30,635.066650390625,650.6500244140625,635.066650390625,640.0833129882812,104184,0.0,0.0,-0.0017156350391255293,0.35071213124059847,-0.03244300089909844,99142.65,749.2817859695909,0.003081998943462283,1.0396407070574634,-0.00489186098050867,29.739951315774533
2022-07-01,640.0833129882812,640.0833129882812,629.5999755859375,634.9666748046875,37425,0.0,0.0,-0.007993706568768855,0.3501570051752331,-0.03244300089909844,97202.4,748.1443221769053,-0.009644154057431242,1.0421163719875648,-0.022828920233879856,32.95290039373687
2022-07-04,643.0,645.9500122070312,633.3333129882812,635.683349609375,91113,0.0,0.0,0.0011286809735455705,0.34711571568097865,-0.03244300089909844,99096.9,747.0253075244921,-0.04319796951050403,1.0356296128021065,0.0032515985017138056,34.12527596573172
2022-07-05,641.0833129882812,661.6166381835938,637.0333251953125,651.1333618164062,74451,0.0,0.0,0.02430457273503417,0.3610930557226234,-0.03244300089909844,100037.55,746.0711588109789,0.01031838067507862,1.0072718945491022,0.06730833417250921,36.406179634952736
2022-07-06,659.3333129882812,662.5,650.0,659.9000244140625,31653,0.0,0.0,0.013463697472359204,0.36576857563118165,-0.03244300089909844,99770.55,745.213734588124,0.02919083100971065,0.9904240199737288,0.03680933246119491,59.88325633192556
2022-07-07,663.0,679.566650390625,662.2333374023438,676.7333374023438,36525,0.0,0.0,0.025508883717996422,0.3771695426176428,-0.03244300089909844,100355.55,744.5323376012009,0.057258209471137134,0.9634728086757106,0.06763240442119187,72.4449593264846
2022-07-08,685.6666870117188,690.0,680.0,687.183349609375,48435,0.0,0.0,0.015441846336614384,0.3815053103548239,-0.031934356187692706,101258.4,743.9617009047648,0.08223529970411292,0.9474303150279089,0.04047609695784189,74.81743696420418
2022-07-11,680.7333374023438,690.25,672.2999877929688,676.933349609375,89253,0.0,0.0,-0.014915960937974648,0.3844748357027596,-0.031934356187692706,101357.7,743.2947521356565,0.06489079826512367,0.9611618414992649,-0.03879567442366903,69.53015218093206
2022-07-12,681.9666748046875,694.1333618164062,675.933349609375,684.7833251953125,46356,0.0,0.0,0.011596378861327139,0.3729673023945305,-0.031934356187692706,101258.25,742.7125488825188,0.05167906507667808,0.9503784842270014,0.031092212309105288,70.81901738987997
2022-07-13,692.6666870117188,692.6666870117188,681.066650390625,688.7000122070312,24777,0.0,0.0,0.005719600445296624,0.3728439499080531,-0.031934356187692706,97188.3,742.1751107066433,0.04364295609557045,0.9447461333693027,0.01534046695219934,69.4676108313138
2022-07-14,689.3333129882812,697.933349609375,676.9666748046875,691.6500244140625,70314,0.0,0.0,0.004283450202908545,0.36949020208530803,-0.031934356187692706,81790.65,741.6723735296027,0.022042193264745658,0.9445215334565126,0.011592865149888141,69.44800409963517
2022-07-15,691.0,711.6666870117188,683.3333129882812,708.8333129882812,126867,0.0,0.0,0.024843906553427386,0.25313603868285073,-0.031934356187692706,82156.2,741.345616708296,0.03150536664081427,0.9273901162653028,0.0981444827107728,67.95474104103522
2022-07-18,710.0,716.2999877929688,697.6166381835938,703.7166748046875,82521,0.0,0.0,-0.0072183940707063465,0.2425152452901058,-0.031934356187692706,78025.5,740.9711993759219,0.03956567542545786,0.9395744024082512,-0.029764701037348906,77.17127080473367
2022-07-19,703.2833251953125,717.5999755859375,698.9166870117188,712.9666748046875,31728,0.0,0.0,0.01314449455466904,0.24297213579229535,-0.031934356187692706,74632.65,740.6925473901384,0.04115659446195852,0.9334774903293707,0.05409877132955646,81.22373008256197
2022-07-20,718.3333129882812,740.0,710.3333129882812,728.9833374023438,63492,0.0,0.0,0.02246481240100584,0.2474158260999626,-0.031934356187692706,68221.95,740.5760378380211,0.05849183168476979,0.919881576531421,0.09079779514165559,84.2274456331489
2022-07-21,731.6666870117188,764.9666748046875,731.6666870117188,742.5166625976562,121710,0.0,0.0,0.01856465642073113,0.2498896674775996,-0.031934356187692706,70043.85,740.595347537122,0.07354389704053843,0.9101456936080898,0.07429140974578786,88.88756466564234
2022-07-22,746.2166748046875,752.316650390625,727.3333129882812,741.9666748046875,64452,0.0,0.0,-0.0007407076779187838,0.25004140206494774,-0.031934356187692706,68502.6,740.6089925845606,0.0467435167186534,0.9176142251864083,-0.002962340005208363,88.47594805124456
2022-07-25,740.2000122070312,741.933349609375,725.183349609375,729.1666870117188,17334,0.0,0.0,-0.01725143221066927,0.26411468207571703,-0.031934356187692706,66814.35,740.4951387977662,0.0361651402023333,0.9381645566918372,-0.06531795741875498,78.80169436645988
2022-07-26,730.0,732.816650390625,707.0,710.9000244140625,43287,0.0,0.0,-0.025051422292092007,0.2618354650270689,-0.031934356187692706,64583.4,740.2006600476797,-0.0028986633788895544,0.9669421190299694,-0.09567619624308799,67.5902643916061
2022-07-27,709.9666748046875,716.6666870117188,704.5166625976562,708.3333129882812,36900,0.0,0.0,-0.0036105096886116517,0.23403592363630174,-0.031258636483536495,62138.85,739.8835720172378,-0.02832715558032739,0.9751859209899448,-0.015427159549876997,62.08874797915339
2022-07-28,713.0,720.0,700.3666381835938,702.6666870117188,81549,0.0,0.0,-0.007999942784924774,0.23575099734244856,-0.031258636483536495,61007.1,739.5132547535014,-0.0536687963964666,0.9875035428909348,-0.03393386469523827,56.14825271493613
2022-07-29,706.3666381835938,731.6500244140625,706.2833251953125,724.7000122070312,100737,0.0,0.0,0.0313567237533563,0.2520809199129843,-0.030455086699953976,64172.7,739.3658593052779,-0.02327147995184753,0.963671171522093,0.12439149508128326,67.34448094390831
2022-08-01,731.0,731.0,722.0166625976562,724.1166381835938,48228,0.0,0.0,-0.0008049869099089335,0.2482356016950668,-0.030455086699953976,62028.45,739.2141257617786,-0.00692578105675834,0.9705538267388193,-0.003242834113977898,65.07794261573099
2022-08-02,724.0166625976562,737.683349609375,724.0166625976562,732.066650390625,80208,0.0,0.0,0.010978911114338352,0.24794916807799558,-0.030455086699953976,62316.3,739.1430066038566,0.02977440603410919,0.9655416460316587,0.044278876822430105,66.12542949611667
2022-08-03,792.0,838.6666870117188,754.0,763.5,1798716,0.0,0.0,0.04293782484504982,0.271727785524703,-0.030455086699953976,150669.45,739.3853647471019,0.077882383900574,0.9325747706644975,0.15801778674182895,72.04663912676524
2022-08-04,768.3333129882812,780.0,754.0166625976562,761.2166748046875,198921,0.0,0.0,-0.0029906027443517003,0.2733404258160454,-0.030455086699953976,158789.25,739.6025917128491,0.08332540715992742,0.9409213276314982,-0.010940945255404282,67.69110636473789
2022-08-05,769.4000244140625,769.4000244140625,754.0166625976562,758.433349609375,103044,0.0,0.0,-0.0036564164809272937,0.26700746768146894,-0.030455086699953976,161519.7,739.7899624381877,0.046548001702954034,0.9490715362703817,-0.01369406022886474,68.77502169379632
2022-08-08,766.3333129882812,779.6666870117188,761.3333129882812,768.183349609375,150939,0.0,0.0,0.012855447357400074,0.26595153851156095,-0.030455086699953976,164604.0,740.0724837035726,0.06085581949383201,0.9429649895963075,0.048337554074595834,68.88179808683773
2022-08-10,756.6666870117188,758.566650390625,710.0333251953125,714.6666870117188,414765,0.0,0.0,-0.0696665224843388,0.36715743398701334,-0.04070563673867906,183024.45,739.8196897066389,-0.023768277614643063,1.0156681227137971,-0.1897456353541969,46.10360612749622
2022-08-11,723.0,729.2999877929688,715.3333129882812,720.933349609375,479295,0.0,0.0,0.008768650773214981,0.36643820274684663,-0.04070563673867906,205750.35,739.6317659245766,-0.05575199789210872,1.0090750270154216,0.023929411475633388,43.884014843299504
2022-08-12,721.0,743.9000244140625,716.0999755859375,737.4166870117188,147678,0.0,0.0,0.022863885283258112,0.3729664452200218,-0.04070563673867906,209618.55,739.609725338379,-0.03126572049814247,0.9896225366428195,0.06130279268619523,48.81746844251538
2022-08-16,744.816650390625,748.3333129882812,735.0166625976562,739.8499755859375,68307,0.0,0.0,0.0032997470996747325,0.3729568810647429,-0.04070563673867906,206690.55,739.6121158881059,-0.024502316562172166,0.9884639178557599,0.00884752951005782,52.93470066793192
2022-08-17,733.6666870117188,746.6666870117188,733.5333251953125,745.0499877929688,102318,0.0,0.0,0.007028468444447711,0.3651224198296358,-0.04070563673867906,207680.4,739.6662240662638,-0.03011437546540119,0.9843388808246878,0.019249621141399494,60.10652877869006
2022-08-18,744.933349609375,758.3499755859375,734.9666748046875,751.1500244140625,137799,0.0,0.0,0.008187419261845186,0.3637832511858128,-0.04070563673867906,212983.95,739.7804907363912,0.051049444538815436,0.9788867932163263,0.022506311134703985,62.41183986113151
2022-08-19,752.6666870117188,765.0,746.7333374023438,751.5333251953125,81648,0.0,0.333333,0.0005102852543326097,0.3621330165296569,-0.030455086699953976,213891.75,739.8974343628482,0.04244494390850084,0.979887801810134,0.001409109959460767,64.61322800089536
2022-08-22,746.6666870117188,746.6666870117188,735.4500122070312,743.4166870117188,58575,0.0,0.0,-0.010800104149053302,0.3576370689333749,-0.030455086699953976,210735.0,739.9324518021406,0.008136512375810367,0.990646769302058,-0.030198502295298305,56.10525463997605
2022-08-23,738.3333129882812,750.0,730.5833129882812,743.4500122070312,69396,0.0,0.0,4.482707463360214e-05,0.35200377006941375,-0.030455086699953976,210982.2,739.9674524031843,0.004865900844617466,0.990702123895331,0.00012734827627351733,56.32912955367905
2022-08-24,746.3333129882812,756.0,743.4666748046875,750.4166870117188,45201,0.0,0.0,0.00937073736000893,0.35336788169658695,-0.030455086699953976,212375.55,740.0714248868513,0.007203139798240388,0.9829205811517315,0.026518361119393798,56.046142947186205
2022-08-25,736.6666870117188,745.5833129882812,731.7166748046875,734.6166381835938,233667,0.0,0.0,-0.021055033958590874,0.35604880826910035,-0.02981065500898552,221894.55,740.0171484022419,-0.022010764418686768,1.0056753392064564,-0.05913524460198478,39.390216246840794
2022-08-26,740.75,742.6500244140625,732.0,733.25,54786,0.0,0.0,-0.0018603419968445944,0.34385243094046775,-0.02981065500898552,222788.85,739.9498135922694,-0.024328029885515634,1.0092487843744673,-0.005410291669753426,39.657291044367746
2022-08-29,722.6666870117188,729.9666748046875,714.6666870117188,716.3333129882812,108963,0.0,0.0,-0.023070831246803647,0.35409685606573005,-0.02981065500898552,224159.55,739.7148235365083,-0.03643094713451134,1.034036794060873,-0.06515401139563057,35.90400364152883
2022-08-30,716.3333129882812,727.0,700.0,702.0333251953125,141969,0.0,0.0,-0.019962756908951218,0.3602048620287103,-0.02981065500898552,226221.15,739.3398832545064,-0.055708771715219596,1.053485128907608,-0.05542056329365827,28.506431770684827
2022-09-01,703.3333129882812,714.0,695.0,707.2666625976562,84687,0.0,0.0,0.007454542704062872,0.343278911883837,-0.02981065500898552,228044.1,739.0207467305577,-0.05750141909276152,1.0444987843740219,0.02171570180643201,46.49619968982393
2022-09-02,711.9833374023438,725.0333251953125,704.2333374023438,717.0999755859375,82539,0.0,0.0,0.013903260973966214,0.3471071711312091,-0.02981065500898552,228160.65,738.8026296047406,-0.023844630909759634,1.0291324232277121,0.04005466244937951,48.24425545617558
2022-09-05,717.0999755859375,724.3333129882812,710.4166870117188,719.7333374023438,56478,0.0,0.0,0.0036722380505653796,0.34505059183684095,-0.02981065500898552,141048.75,738.6128854037216,-0.01843390739537165,1.0223265537442787,0.010642607290109343,40.72389259854794
2022-09-06,722.6666870117188,723.3333129882812,709.3666381835938,715.683349609375,65898,0.0,0.0,-0.005627067112919826,0.30676490114149324,-0.02981065500898552,134397.6,738.3847308187032,-0.0009073476929264412,1.0249306995642755,-0.018343255400303522,37.53441092304854
2022-09-07,710.6666870117188,729.25,710.6666870117188,725.066650390625,53808,0.0,0.0,0.013110967002895269,0.3117303109065894,-0.02981065500898552,131935.8,738.2522126054886,0.03280944702860711,1.0093658297846406,0.042058683816079585,40.11866994707982
2022-09-08,725.3333129882812,742.0,723.4500122070312,738.4666748046875,65967,0.0,0.0,0.01848109329927583,0.31969108581483424,-0.02529648233125805,127687.2,738.2543465577194,0.04411350606069786,0.989038087160318,0.0578092212802202,44.150643584989126
2022-09-09,743.3333129882812,749.9833374023438,733.75,742.4166870117188,67590,0.0,0.0,0.005348937659341191,0.3166136110554298,-0.02529648233125805,110328.45,738.2957628806448,0.03530429826760928,0.9856448276046336,0.016894212073095705,45.92946659580202
2022-09-12,743.6666870117188,758.3499755859375,740.0,743.683349609375,113154,0.0,0.0,0.0017061343310516008,0.19657183242788775,-0.02529648233125805,92021.4,738.3493707087914,0.033276230184739575,0.9854955981809032,0.008679444166462932,50.12682104552445
2022-09-13,761.5999755859375,790.0,758.566650390625,770.0833129882812,391134,0.0,0.0,0.035498930280976504,0.22758297165521454,-0.023169860799068066,104194.2,738.6651313284879,0.07601121838114322,0.9538318599957438,0.15598235871062166,60.1267302710628
2022-09-14,760.0,776.3333129882812,757.4166870117188,769.7999877929688,108894,0.0,0.0,-0.00036791499118848936,0.21629561903524375,-0.023169860799068066,106223.55,738.9749308952987,0.06169548327487395,0.956128229489654,-0.0017009820902508408,57.76470949943258
2022-09-15,771.6666870117188,776.3333129882812,763.316650390625,767.7999877929688,82896,0.0,0.0,-0.0025980774639059456,0.21686025185392857,-0.023169860799068066,105252.45,739.2617473818427,0.03972191838723038,0.9601003010023741,-0.011980422054714399,64.94521943587279
2022-09-16,771.3333129882812,774.6166381835938,737.0,746.8833618164062,138549,0.0,0.0,-0.02724228485166702,0.23802333670683393,-0.025160965420070756,105289.95,739.3375843413907,0.006016398718981186,0.9867024811846298,-0.11445215449903118,55.22084620923617
2022-09-19,746.3333129882812,747.3666381835938,710.816650390625,716.2000122070312,168354,0.0,0.0,-0.041081849158821404,0.27549488006211326,-0.027377801762854315,109625.25,739.1073597430388,-0.036955698170168194,1.0265079420269996,-0.14912018567589064,49.953821825768884
2022-09-20,723.0,739.5166625976562,710.9666748046875,724.4833374023438,120903,0.0,0.0,0.01156565910936913,0.2794592236253536,-0.027377801762854315,112741.65,738.9618470829324,-0.059214340600354576,1.0134647620227069,0.04138585424188987,58.11544448461358
2022-09-21,764.5,772.5,756.0,761.5499877929688,363228,1.5,0.0,0.05116287494413396,0.3313577463149178,-0.027377801762854315,127433.25,739.1866047019378,-0.010717069538612067,0.9653251181050929,0.15440373423916318,65.95161803295679
2022-09-22,759.5,760.9749755859375,728.2999877929688,746.4000244140625,97868,0.0,0.0,-0.01989359020648407,0.33945060453223863,-0.027377801762854315,130066.6,739.2583800224564,-0.027871794372412273,0.9846496178188633,-0.05860525612509892,58.349183422182556
2022-09-23,746.4000244140625,749.5499877929688,731.2999877929688,736.4749755859375,30618,0.0,0.0,-0.013297224683126663,0.3409860967778781,-0.025160965420070756,119914.15,739.230684455924,-0.013935758597106496,0.9980453376092268,-0.03899638260566614,54.58026900839825
2022-09-26,737.0,747.5,712.5,734.5250244140625,90888,0.0,0.0,-0.0026476815051640346,0.3329915837251683,-0.025160965420070756,121719.25,739.1838619679453,0.025586444980028933,1.0007816513215635,-0.00795119623154594,55.21472989439883
2022-09-27,744.5,750.0,729.6500244140625,745.7249755859375,57262,0.0,0.0,0.01524788237243424,0.33690694831058227,-0.025160965420070756,119134.2,739.2489476755871,0.029319705626020598,0.9877217125807766,0.04525843707382788,55.660595046783776
2022-09-28,745.0,745.0,725.0,727.9500122070312,31258,0.0,0.0,-0.02383581609954788,0.3376057996963772,-0.025160965420070756,113598.65,739.1365204569945,-0.04412051227695879,1.0136198529806948,-0.07060250568846671,47.18579758902441
2022-09-29,734.5,740.0,720.0,726.9749755859375,28280,0.0,0.0,-0.0013394279892070537,0.3291057694649658,-0.025160965420070756,110778.3,739.0155100602676,-0.026024984181068356,1.0163348461953472,-0.00406990114663009,45.80102598745718
2022-09-30,725.0,727.1500244140625,710.0,712.375,72154,0.0,0.0,-0.02008318866020109,0.336947368888044,-0.025160965420070756,110259.05,738.7504303581754,-0.032723414080381485,1.036832779393863,-0.05960333843960259,42.06210470487365
2022-10-03,712.0,717.7249755859375,685.9749755859375,696.2750244140625,40952,0.0,0.0,-0.022600421949026117,0.3424121062436595,-0.025160965420070756,109482.75,738.3277895030102,-0.05207446816466521,1.0591229179760813,-0.06600356960775221,30.25546457375421
2022-10-04,701.0,709.5,688.9500122070312,696.4000244140625,63926,0.0,0.0,0.00017952676114618704,0.3420017482434815,-0.025160965420070756,109384.15,737.9105978105829,-0.06614362236308224,1.0575483105865493,0.0005249293514402825,30.34804941593754
2022-10-06,699.5,719.9249877929688,696.4000244140625,711.875,120616,0.0,0.0,0.02222138863214118,0.3510965920823831,-0.025160965420070756,112724.55,737.6515371358508,-0.02208257701417482,1.0336324309632903,0.06329138049284522,36.034449779909124
2022-10-07,710.5,750.0,696.875,730.3250122070312,275762,0.0,0.0,0.02591748861391574,0.3598267098250274,-0.025160965420070756,123214.3,737.5786363902904,0.004608186985244789,1.0069626417965767,0.07202769329225638,45.813485478682516
2022-10-10,722.5,723.0499877929688,710.0,714.2249755859375,31630,0.0,0.0,-0.02204502974975442,0.36181475974692145,-0.025160965420070756,121416.3,737.3462616559187,0.002596912561414255,1.0276879739309863,-0.060929048764853506,49.46088761910856
2022-10-11,717.5,717.7999877929688,675.0499877929688,680.75,76788,0.0,0.0,-0.04686895128313773,0.3934790548427747,-0.027934263067024737,119598.0,736.7831147737703,-0.022297258798170017,1.0736008088290143,-0.1191142184447996,39.505670505815964
2022-10-12,684.1749877929688,688.8499755859375,667.5,674.6500244140625,70210,0.0,0.0,-0.008960669241186214,0.3933234887934678,-0.027934263067024737,103551.8,736.1648750686986,-0.03123204945074498,1.0762351736550329,-0.022781932095777013,25.507316463953046
2022-10-13,674.9500122070312,677.4500122070312,650.5,658.6500244140625,61518,0.0,0.0,-0.02371600003112151,0.3705901414883156,-0.027934263067024737,101183.0,735.3935830223838,-0.07476730547629495,1.0939414883551801,-0.06399522474052918,25.38567737317223
2022-10-14,662.4749755859375,669.7249755859375,649.5,655.2249755859375,102244,0.0,0.0,-0.005200104306034015,0.3698521571920241,-0.027934263067024737,102150.4,734.5958854359516,-0.10283097985942258,1.0910692724480555,-0.014059953590414316,26.34641693689214
2022-10-17,655.0,661.5250244140625,650.5250244140625,655.2750244140625,41598,0.0,0.0,7.638418862199181e-05,0.3704040638317513,-0.027934263067024737,97302.85,733.8066231372264,-0.08253695010247086,1.0839958705390615,0.00020621854352683987,26.670588323228742
2022-10-18,656.5,665.0,650.5,656.2000122070312,40658,0.0,0.0,0.0014116023936603384,0.3641734394472126,-0.027934263067024737,90918.05,733.034418053344,-0.03606314769440877,1.0778960795097765,0.0038761815168103075,21.948940438051054
2022-10-19,656.2000122070312,656.2000122070312,642.0250244140625,647.2249755859375,56544,0.0,0.0,-0.013677288104441687,0.3425409398053545,-0.027934263067024737,87700.1,732.1805927551609,-0.04065077867883249,1.0868747792134652,-0.039928913936315265,23.229981450308657
2022-10-20,646.9000244140625,661.5,636.0,639.4749755859375,50318,0.0,0.0,-0.011974197987313251,0.33823127481878873,-0.027934263067024737,72054.6,731.2581488032283,-0.029112651814115043,1.090502018772648,-0.035402396303253154,22.23104635222846
2022-10-21,642.6749877929688,647.75,637.6749877929688,643.4500122070312,25320,0.0,0.0,0.006216094097273306,0.27244213093202135,-0.027934263067024737,68427.2,730.3844360012761,-0.017970870796517602,1.075765386725933,0.022816198977177765,26.544176849202472
2022-10-24,639.0,650.0,638.5,648.4749755859375,8310,0.0,0.0,0.007809407543051705,0.27391058631927484,-0.027934263067024737,67311.8,729.5694164946558,-0.010377396627020086,1.0606442455227079,0.028510790192099497,32.407061259603864
2022-10-25,651.7249755859375,656.5,643.4000244140625,649.9500122070312,29264,0.0,0.0,0.0022746238122157703,0.2743755551300187,-0.027934263067024737,64230.6,728.777183616172,-0.00952453502550088,1.0517308835631045,0.008290183607049306,33.072169519259816
2022-10-27,650.5,655.2750244140625,638.0,642.5750122070312,72504,0.0,0.0,-0.011347026481246969,0.2747747672972255,-0.027934263067024737,64992.7,727.9194505673248,-0.007184462210681253,1.0557755741407941,-0.04129573533953891,23.160378515308963
2022-10-28,635.5,640.6500244140625,627.0,636.1500244140625,22626,0.0,0.0,-0.009998813634070625,0.2636315220444111,-0.027934263067024737,64561.1,727.0063219488844,-0.005199501620573033,1.059223417734514,-0.03792722955608449,9.780106851187412
2022-10-31,637.5,663.0,636.125,659.8499755859375,62840,0.0,0.0,0.037255286115416286,0.2983194215144377,-0.027934263067024737,66289.1,726.3380995970144,0.025487548477393762,1.0160927147968613,0.12488387339130891,28.19331109550967
2022-11-01,663.1500244140625,674.5,656.0250244140625,665.4749755859375,66474,0.0,0.0,0.0085246650119295,0.30157440364848564,-0.027934263067024737,66005.1,725.7324963730237,0.026215352388331503,1.00398027926262,0.028267202475160333,42.11205113484965
2022-11-02,665.0,665.0,648.375,655.75,112268,0.0,0.0,-0.014613585698507792,0.29848475774877814,-0.027934263067024737,69570.9,725.036153125531,0.00892374441731869,1.015779642562488,-0.048959234364707754,40.59232914536925
2022-11-03,646.5,666.7249755859375,646.5,660.5250244140625,43100,0.0,0.0,0.007281775698150916,0.29262031859944476,-0.027934263067024737,68529.6,724.3942513473074,0.02793450082252491,1.0057207918801276,0.024884722578924524,51.05071325574876
2022-11-04,682.5,699.9500122070312,668.75,674.625,255440,0.0,0.0,0.021346618318428323,0.3038906309794375,-0.027934263067024737,75270.8,723.8990349159909,0.06048097792871365,0.981939967552865,0.07024440848072291,59.70971947237303
2022-11-07,680.0,681.0,666.4749755859375,670.125,34248,0.0,0.0,-0.006670372429127269,0.2919151926339882,-0.027934263067024737,63195.1,723.3639698919512,0.015571758421205395,0.9840421563141205,-0.02285037698941215,57.115466650868775
2022-11-09,679.9500122070312,687.5,662.8499755859375,681.9749755859375,48612,0.0,0.0,0.017683231614904038,0.2829970718134883,-0.024006139537153835,64044.2,722.9521391028367,0.02479432075634702,0.9645790146989147,0.06248556169408957,61.17977505786801
2022-11-10,682.4500122070312,689.375,675.0,687.1749877929688,81128,0.0,0.0,0.0076249311091856065,0.27656722994065935,-0.024006139537153835,64261.2,722.5961475475146,0.04792220784288026,0.9577473148483281,0.0275698998580657,67.91481340158677
2022-11-11,714.9500122070312,747.4500122070312,696.0250244140625,701.3250122070312,915188,0.0,0.0,0.020591588264160743,0.233020766024745,-0.024006139537153835,106510.1,722.3844944595497,0.06176902658481653,0.9403254372804547,0.08836803574104515,76.22987939736537
2022-11-14,704.5,717.1749877929688,699.2000122070312,710.25,116288,0.0,0.0,0.012725894040028995,0.2328394060820597,-0.024006139537153835,109248.6,722.2637532211462,0.05280711506392444,0.9321418480233632,0.05465523945285966,77.18764104196056
2022-11-15,704.5,716.75,704.5,710.9000244140625,42462,0.0,0.0,0.000915205088437121,0.2125767211226248,-0.024006139537153835,106259.5,722.1506812927175,0.06084689336177962,0.9352053413529868,0.004305292886967884,76.34524645631913
2022-11-16,722.5,734.25,715.25,719.1749877929688,134292,0.0,0.0,0.011640122513326245,0.21166902641601687,-0.024006139537153835,110894.2,722.1210724021729,0.05454747393783754,0.9288872798802813,0.05499208911429355,77.62922743241289
2022-11-17,717.5,724.4749755859375,707.5,712.2249755859375,58450,0.0,0.0,-0.00966386807800379,0.21687556482555584,-0.024006139537153835,111783.8,722.0226037771358,0.03645357912898284,0.941884614178273,-0.04455950415705842,77.89347650393273
2022-11-18,712.0,719.0,695.5,699.5499877929688,69932,0.0,0.0,-0.017796325918704614,0.2296660289665583,-0.024006139537153835,112453.2,721.7989956578905,-0.0025309583761694565,0.962690313344054,-0.07748784277720722,74.18001696966948
2022-11-21,703.0250244140625,706.5750122070312,695.4749755859375,699.7000122070312,118252,0.0,0.0,0.00021445846141143754,0.22174653014348533,-0.024006139537153835,115849.9,721.5791052752949,-0.014853907487460405,0.9667875331966431,0.0009671332922383732,68.52628589132458
2022-11-22,702.2999877929688,710.5,697.625,700.4249877929688,56658,0.0,0.0,0.0010361234433178268,0.21453967604447352,-0.024006139537153835,117416.8,721.3686165441275,-0.014734894164235679,0.9698540306208834,0.004829518782380623,67.02387943888266
2022-11-23,702.5499877929688,710.5,702.1500244140625,705.7249755859375,31760,0.0,0.0,0.007566817125798098,0.21473222632709946,-0.024006139537153835,118589.3,721.2129584251405,-0.018702002204369128,0.9666265488084944,0.035238384581771136,75.43903680127914
2022-11-24,707.4500122070312,719.4249877929688,707.0499877929688,715.9500122070312,115530,0.0,0.0,0.014488698820109391,0.2172627740452765,-0.024006139537153835,122902.6,721.1605908010798,0.005230140403359451,0.9574306667661258,0.06668743974619241,76.73016354185827
2022-11-25,717.5,734.4500122070312,713.5,714.5,153940,0.0,0.0,-0.0020252981106338996,0.21840346778514794,-0.024006139537153835,126974.4,721.0943162657458,0.021370899103575924,0.9644069236504439,-0.009273195331744052,71.90331727750156
2022-11-28,718.25,731.4749755859375,715.0250244140625,728.7750244140625,274410,0.0,0.0,0.019979040467547282,0.21651863948209868,-0.024006139537153835,139563.6,721.1707412224455,0.04155353965954833,0.9518712547894725,0.09227399355822746,79.09225981259632
2022-11-29,732.4249877929688,741.5,710.5250244140625,713.1500244140625,115674,0.0,0.0,-0.021440087100353833,0.2304188589058003,-0.024006139537153835,142205.3,721.090933094999,0.0181675937364687,0.9764635428033465,-0.09304831328340109,64.90558298447971
2022-11-30,716.9000244140625,728.75,716.9000244140625,724.1749877929688,85672,0.0,0.0,0.015459528852943105,0.2034263761119427,-0.024006139537153835,143165.2,721.1216202064215,0.026143345985045974,0.9656505841650523,0.07599569135754072,66.75724258642771
2022-12-01,728.9500122070312,734.5,720.5499877929688,723.7249755859375,101510,0.0,0.0,-0.0006214136287732153,0.20362352923974816,-0.024006139537153835,142627.3,721.1475242400486,0.010859645570699294,0.9709472140440953,-0.0030517769757530703,61.58219254332595
2022-12-02,727.0,735.5250244140625,723.0499877929688,725.0250244140625,88142,0.0,0.0,0.0017963299208687555,0.1922570183719962,-0.024006139537153835,144879.4,721.1861063313323,0.014730614995188906,0.9736543222763896,0.00934337712425813,58.29357962505877
2022-12-05,732.0,736.7750244140625,717.5,719.7249755859375,61624,0.0,0.0,-0.007310159856079856,0.1965416159160555,-0.024006139537153835,135188.6,721.1715677169502,-0.012418165448797147,0.9839574442752332,-0.037193952283686126,54.70789107687018
2022-12-06,720.0,723.4500122070312,707.0,708.9749755859375,74094,0.0,0.0,-0.014936260883885888,0.19677307269634084,-0.024006139537153835,137180.9,721.0502085912685,-0.005854376618096957,1.0016168000161159,-0.07590601661171029,44.698545688730185
2022-12-07,712.7000122070312,712.7000122070312,704.0,704.3499755859375,53196,0.0,0.0,-0.006523502463789521,0.1966880249861219,-0.024006139537153835,137410.1,720.8840371185787,-0.02737599688087944,1.0097820983754864,-0.033166747861657235,45.80559792915247
2022-12-08,705.0,712.5,700.5999755859375,704.9249877929688,116800,0.0,0.0,0.000816372864289372,0.18874414967401482,-0.024006139537153835,139193.7,720.7252406078761,-0.025976701685261117,1.0102174113127582,0.004325288081492703,53.286450762778486
2022-12-09,705.0499877929688,707.5,693.8250122070312,696.4749755859375,66714,0.0,0.0,-0.011987108349623354,0.19309157706282146,-0.024006139537153835,96770.0,720.4839444385036,-0.0393780185052206,1.0221257323824653,-0.06207991001556896,48.20980741135992
2022-12-12,695.5,701.4500122070312,695.0,697.7000122070312,36148,0.0,0.0,0.001758909744119963,0.17917947951213944,-0.024006139537153835,92763.0,720.2572386451557,-0.03060191618468633,1.0194316793363238,0.009816468106416815,48.49573842356954
2022-12-13,710.9249877929688,710.9249877929688,688.8499755859375,690.7000122070312,76670,0.0,0.0,-0.01003296528239539,0.17582829188810659,-0.024006139537153835,94473.4,719.9631368895525,-0.025776598622261337,1.0283009728599013,-0.057061150990243635,41.858613001260316
2022-12-14,694.3250122070312,700.0,692.875,698.8250122070312,41654,0.0,0.0,0.011763428198064974,0.18145279380375548,-0.02372199083454283,89841.5,719.7528072907214,-0.007844059871387254,1.0148892545898534,0.06482913436150227,40.50459237127457
2022-12-15,707.4500122070312,709.0,686.2750244140625,689.3499755859375,323968,0.0,0.0,-0.013558525318333459,0.18076212714720302,-0.022656200853130887,103117.4,719.4502915523655,-0.0220945667648903,1.0271796196491862,-0.0750075515388055,37.194514003677455
2022-12-16,690.5,691.5750122070312,688.3499755859375,689.4500122070312,74732,0.0,0.0,0.00014511732013722245,0.17867163182459436,-0.022656200853130887,103357.4,719.1517813101234,-0.010086454826314761,1.0262981135980696,0.0008122011901568975,26.599276906059217
2022-12-19,693.2999877929688,693.2999877929688,678.5,680.0750122070312,58736,0.0,0.0,-0.013597795103359567,0.1743829322502506,-0.022656200853130887,100381.6,718.7629577369584,-0.025261573300316975,1.0390030279970588,-0.07797663537438122,28.736789433066875
2022-12-20,682.4500122070312,682.4500122070312,669.0,669.9500122070312,83306,0.0,0.0,-0.01488806354925698,0.18048642547476396,-0.022656200853130887,101714.0,718.2772567864118,-0.030041985859673548,1.0524311296692075,-0.08248854552473371,14.731835174406129
2022-12-21,672.5,685.5,670.5,676.7000122070312,138328,0.0,0.0,0.010075378576027472,0.18506389599116718,-0.022656200853130887,107042.4,717.8635528602489,-0.031660286357130696,1.0397886616037644,0.05444269925064888,21.731390254914828
2022-12-22,680.5,697.9749755859375,675.6500244140625,692.6500244140625,100738,0.0,0.0,0.02357028508838188,0.20250602689499236,-0.022656200853130887,106302.8,717.6126719801874,0.004787189301515449,1.0141629623193729,0.11639299968427132,33.452626907492345
2022-12-23,691.5,693.5,677.0,684.0499877929688,93202,0.0,0.0,-0.01241613559224053,0.19829450591642347,-0.022656200853130887,103265.9,717.2787149235983,-0.007832365390459839,1.0246875411276848,-0.0626146191429401,32.36097736091506
2022-12-26,652.9500122070312,683.9500122070312,610.5,665.2249755859375,237396,0.0,0.0,-0.027519936470971396,0.21697079171844558,-0.022656200853130887,101415.2,716.7607672684973,-0.021835880387519713,1.0489082989465317,-0.12683705020679661,29.967984508310508
2022-12-27,664.5,667.9749755859375,652.5499877929688,657.75,65730,0.0,0.0,-0.011236763291025631,0.20112429198224632,-0.022656200853130887,98918.0,716.1735954548803,-0.01821033209155487,1.056617250228644,-0.05586974413473676,29.20575430895508
2022-12-28,652.0499877929688,655.0,646.7999877929688,648.7750244140625,44756,0.0,0.0,-0.013644964782877245,0.19470574423806186,-0.022656200853130887,96872.2,715.5029629072105,-0.0412664212933771,1.0654232548381724,-0.07007992566153894,26.691614421801276
2022-12-29,648.5,648.75,636.0250244140625,638.75,57822,0.0,0.0,-0.015452235423391247,0.1840884472979033,-0.022128578263822772,94687.8,714.739251833507,-0.07781711183748019,1.075493149729391,-0.0839391869007055,26.347098396189637
2022-12-30,641.5,645.8499755859375,636.8250122070312,639.6749877929688,37442,0.0,0.0,0.001448121789383583,0.18497295534119812,-0.022128578263822772,92152.8,713.9923437336012,-0.06487099012043307,1.0672665972357063,0.007828829400622956,26.165546134459518
2023-01-02,640.5,648.3499755859375,635.0,638.3250122070312,32434,0.0,0.0,-0.002110408585139889,0.18344103735486955,-0.022128578263822772,90693.3,713.2394349621926,-0.04043739241030819,1.0631476699358031,-0.011504560269203386,27.43916992085343
2023-01-03,639.0,648.0,638.4749755859375,639.2750244140625,31568,0.0,0.0,0.0014882891769296691,0.1851627566084765,-0.022128578263822772,88567.0,712.5034706781316,-0.02808814228192702,1.0561162661561396,0.0080377346060973,22.658429233197836
2023-01-04,639.0,641.4249877929688,634.9000244140625,637.125,39662,0.0,0.0,-0.0033632229196395302,0.18209630640687802,-0.021553882746892218,87890.3,711.7534361440208,-0.017956955763801408,1.0544045564869653,-0.018469472562666824,24.29242530328517
2023-01-05,642.5,642.5,632.5,637.5,37178,0.0,0.0,0.0005885815185402432,0.18301711532677256,-0.017978513977787075,83909.2,711.0145959833837,-0.00195694716242667,1.048496084175858,0.0032159914952731633,24.49681217647047
2023-01-06,635.0,639.5,630.0,634.2750244140625,27240,0.0,0.0,-0.005058785232843088,0.18192472413986258,-0.017978513977787075,81935.5,710.2510181568234,-0.008441729756446192,1.048923937558663,-0.02780702281501715,26.07106477327976
2023-01-09,637.5999755859375,652.2000122070312,630.5,646.7999877929688,152876,0.0,0.0,0.01974689668803631,0.19888845353695686,-0.015569439948156915,87771.9,709.6196646208647,0.013276897229257845,1.024677284154422,0.09928628507086334,38.20080005996288
2023-01-10,645.0,672.5,635.6749877929688,669.0999755859375,74840,0.0,0.0,0.034477409112299906,0.23809935721690664,-0.015569439948156915,87680.4,709.2164836354425,0.04665433504024574,0.9889123855853036,0.1448026070598132,46.6563839856273
2023-01-11,668.0,710.0,660.4000244140625,699.5,523242,0.0,0.0,0.04543420344237936,0.2867420497103758,-0.015569439948156915,111759.8,709.1198022062342,0.09790072591720622,0.9459828483794228,0.15844973523685446,52.67368335049205
2023-01-12,699.5,707.4749755859375,682.625,704.4500122070312,89714,0.0,0.0,0.0070765006533684005,0.28492911494848766,-0.015569439948156915,100047.1,709.0733366341029,0.10501962699142164,0.9404073998053495,0.024836003180256708,58.1960756348307
2023-01-13,698.75,707.5,690.7750244140625,701.9249877929688,50516,0.0,0.0,-0.0035843911850489407,0.28077818735799204,-0.015569439948156915,98836.3,709.0022087849374,0.10665714520511149,0.9446789394643063,-0.012765917078949132,66.96718652180382
2023-01-16,701.9000244140625,706.5,692.0,702.9249877929688,66338,0.0,0.0,0.0014246536558617517,0.2807635989835328,-0.015569439948156915,99216.4,708.9417389243207,0.08677334733958708,0.9449603632908423,0.005074210511182415,72.21538874573127
2023-01-17,709.9500122070312,709.9500122070312,691.5,701.0250244140625,38434,0.0,0.0,-0.0027029390218032967,0.2760899970082089,-0.015569439948156915,96972.8,708.8629656456117,0.0477134210028447,0.9497378542198166,-0.009790064664393779,77.61628608202383
2023-01-18,701.0250244140625,715.4749755859375,700.0499877929688,711.5750122070312,40478,0.0,0.0,0.015049374024538986,0.2730395565305359,-0.015569439948156915,92080.3,708.8899511835363,0.017262347686963997,0.9381073547973164,0.05511792380777864,88.27861166185126
2023-01-19,708.5999755859375,717.4749755859375,701.5750122070312,714.5499877929688,35244,0.0,0.0,0.004180832006326796,0.27187975892515626,-0.015569439948156915,88805.6,708.9462699557695,0.014337391455632842,0.9357340452492985,0.015377503161986671,88.52588432545839
2023-01-20,718.2999877929688,718.2999877929688,695.5,699.3499755859375,49564,0.0,0.0,-0.021272146759080512,0.2729507511737929,-0.01797011696072341,86623.7,708.8507844396518,-0.0036685005546358562,0.9571656157407609,-0.07793400783204314,77.48254145047046
2023-01-23,697.5,698.875,683.0,693.2249755859375,38466,0.0,0.0,-0.00875813285739846,0.27104066462248605,-0.01797011696072341,76677.2,708.6953037545402,-0.01379949834688221,0.9676422137460097,-0.03231298353871448,73.21427437050983
2023-01-24,696.8499755859375,714.4000244140625,695.0250244140625,707.1500244140625,63800,0.0,0.0,0.02008734439545412,0.2582994510435497,-0.01797011696072341,76580.7,708.6799278407046,0.008737205929445269,0.9520805033960974,0.0777676589579386,77.35887382546699
2023-01-25,709.4500122070312,720.0,704.0,715.9500122070312,53476,0.0,0.0,0.012444301052326745,0.2548114942429145,-0.01797011696072341,77016.7,708.7522669886283,0.006148332817970115,0.9450694728317047,0.04883728106900331,78.75734349304184
2023-01-27,719.0,722.4000244140625,695.5,703.4249877929688,73086,0.0,0.0,-0.017494272226425522,0.25852364285808876,-0.01797011696072341,77779.9,708.6992592354377,-0.015569239647406308,0.9664943125393984,-0.06766990963116494,73.73025304699476
2023-01-30,704.5,722.4749755859375,704.5,711.2999877929688,76870,0.0,0.0,0.011195223565640289,0.24960814265265754,-0.01797011696072341,79751.3,708.7251371315326,0.017087313397014414,0.9608287807238394,0.04485119354742797,72.86422455428425
2023-01-31,708.0,739.7000122070312,708.0,726.2999877929688,75018,0.0,0.0,0.02108814882247101,0.255049439062323,-0.01797011696072341,81880.5,708.9000112674673,0.047711801178362157,0.9470415260083469,0.08268258919986132,71.38317230080492
2023-02-01,730.0,744.0,725.8250122070312,732.75,240258,0.0,0.0,0.00888064479614159,0.2533802409405048,-0.01797011696072341,92315.0,709.1373245881891,0.03620161875430794,0.945083585886856,0.035048685772384125,65.14115893957957
2023-02-02,732.0,741.0250244140625,718.25,726.375,47498,0.0,0.0,-0.008700102354145312,0.2584338865661171,-0.01797011696072341,92706.8,709.3088437465157,0.014561055402222856,0.959521593610179,-0.033664710665845254,59.856138640827155
2023-02-03,740.0,766.0,737.7750244140625,747.9500122070312,450990,0.0,0.0,0.029702305568103604,0.2681753613665496,-0.01797011696072341,113397.4,709.6933329849288,0.06329747334362112,0.9392272032940298,0.11075702223044807,67.66456173453366
2023-02-06,752.5,777.1749877929688,741.0999755859375,752.2249755859375,226918,0.0,0.0,0.0057155736468159635,0.26702379209103266,-0.01797011696072341,123381.3,710.1165334088195,0.05753548220906257,0.9417295605955445,0.02140473471674796,68.45750359697274
2023-02-07,752.5,763.9749755859375,746.25,756.2249755859375,154974,0.0,0.0,0.005317558084114715,0.26299705929305095,-0.01797011696072341,123486.2,710.5753238782436,0.041201966537136814,0.9439832961931365,0.020219077339563414,70.34645817917836
2023-02-08,759.9500122070312,763.9749755859375,740.125,744.2000122070312,156488,0.0,0.0,-0.015901304197985633,0.2726685046199681,-0.01797011696072341,127568.6,710.9098978914653,0.015626082848217315,0.9642820951051069,-0.05831734632122115,61.89608015558468
2023-02-09,737.4500122070312,752.5,725.9749755859375,735.0750122070312,185176,0.0,0.0,-0.012261488645960217,0.260790480109611,-0.01797011696072341,110665.3,711.1503467901277,0.011977301265918117,0.9786722247551765,-0.04701662488078717,57.16280605707303
2023-02-10,730.5,748.4500122070312,729.7249755859375,737.5999755859375,94944,0.0,0.0,0.003434973760467086,0.2144224628470704,-0.01797011696072341,110926.8,711.4135271761558,-0.013837872120027295,0.9775691697315264,0.016019653699810493,64.64395366361597
2023-02-13,745.25,747.7999877929688,731.1500244140625,739.7000122070312,142980,0.0,0.0,0.002847121326740254,0.2138134113799784,-0.017683165953058272,115550.0,711.6949847386521,-0.016650555067185935,0.9773472151111723,0.013315914914810208,68.35869324415823
2023-02-14,743.9000244140625,743.9000244140625,730.625,737.125,38834,0.0,0.0,-0.0034811574483394336,0.21377721605968997,-0.017683165953058272,114174.8,711.948019716377,-0.02525700182163182,0.9830812244308547,-0.01628404256385776,63.00715198987456
2023-02-15,736.9500122070312,737.4500122070312,696.8499755859375,702.9749755859375,223668,0.0,0.0,-0.046328674802865843,0.27251000053795,-0.02128054377614418,123436.5,711.8587356951786,-0.05539510339274922,1.0309773040115677,-0.17000724014288668,45.38501311703148
2023-02-16,708.9000244140625,737.5,702.9749755859375,735.7999877929688,117768,0.0,0.0,0.046694424904202725,0.31622436611594046,-0.02128054377614418,127301.0,712.0969571090869,0.0009862606861861245,0.986630206496752,0.1476623196406677,60.062160009891514
2023-02-17,737.9749755859375,738.0999755859375,722.8499755859375,728.5,55624,0.0,0.0,-0.009921157806573322,0.31556554192365144,-0.02128054377614418,128320.0,712.2601714662104,-0.012337277504257838,0.9974742546421906,-0.031439292869881015,55.364944903871
2023-02-20,728.5,732.25,710.5250244140625,717.7750244140625,119446,0.0,0.0,-0.01472199805893959,0.32015774776644995,-0.02128054377614418,131814.1,712.3150456248956,-0.029640377762806147,1.0136619723459794,-0.04598357435298837,47.268077067079965
2023-02-21,724.0999755859375,735.0,708.2249755859375,728.4000244140625,33394,0.0,0.0,0.014802688361403193,0.31370149658060537,-0.02128054377614418,131560.5,712.4750951650864,-0.011836493926996816,1.001290465326854,0.04718717650659307,48.6423292609281
2023-02-22,724.5,733.0,712.125,729.6749877929688,59472,0.0,0.0,0.0017503615268710249,0.311209815402047,-0.017683165953058272,131344.1,712.6462383753142,0.03798145472358594,1.0010844002862402,0.005624377458551512,51.06382639202215
2023-02-23,729.5,749.0,717.5,742.2000122070312,112430,0.0,0.0,0.017165210023090793,0.30930279132033484,-0.017683165953058272,134291.8,712.9403057766248,0.008698049089752358,0.9859589538169793,0.055496458324389195,48.0314950297705
2023-02-24,737.5250244140625,754.9500122070312,726.0,731.5,124812,0.0,0.0,-0.014416615509360242,0.3123880903525572,-0.017683165953058272,136878.1,713.1249793509868,0.0041180507892930596,1.0023000658495493,-0.04614969486062316,43.20381078033778
2023-02-27,723.2999877929688,723.2999877929688,706.8250122070312,712.2750244140625,86684,0.0,0.0,-0.026281579748376638,0.3203971731706472,-0.021522618408545316,137368.8,713.1165220879328,-0.00766256809296173,1.0294215364397716,-0.08202812361923534,36.89625400363403
2023-02-28,715.0,722.0,692.5750122070312,697.4000244140625,84944,0.0,0.0,-0.020883787147017552,0.32648313119343353,-0.021522618408545316,137865.1,712.9601390265012,-0.0425590320716106,1.0493063180573912,-0.06396589750600445,36.27968594422811
2023-03-01,700.2999877929688,712.0,695.3250122070312,705.4000244140625,66924,0.0,0.0,0.011471178262033144,0.32001803466082057,-0.021522618408545316,129198.4,712.884914005482,-0.03326818622676131,1.0354674337564378,0.03584541076173117,41.242440594208766
2023-03-02,709.0999755859375,726.4749755859375,707.2000122070312,723.2000122070312,63180,0.0,0.0,0.025233891659919072,0.3313205199630599,-0.021522618408545316,129982.5,712.9875517985322,-0.025599568428328334,1.0097621561613817,0.07616156977272881,46.101796817465754
2023-03-03,734.5,734.5,712.5,715.3250122070312,70450,0.0,0.0,-0.01088910379850161,0.33209590850029413,-0.021522618408545316,110955.5,713.0108101110546,-0.02211208174021706,1.0185981773711943,-0.03278903230029298,43.60152165734578
2023-03-06,722.9249877929688,734.4000244140625,712.6500244140625,717.3250122070312,98520,0.0,0.0,0.002795931871345081,0.3138186696552211,-0.021522618408545316,104535.6,713.0537374950943,0.007089940851320753,1.0133255401993064,0.008909386383298946,44.7867320335221
2023-03-08,717.5,724.0,712.9000244140625,721.0499877929688,48736,0.0,0.0,0.005192870069421707,0.31366607018794623,-0.021522618408545316,99223.7,713.1333021746752,0.03391161822624866,1.0056515059698148,0.016555408434058855,55.667039265102716
2023-03-09,715.0,722.0,697.875,698.8250122070312,78730,0.0,0.0,-0.030823071856592055,0.3279522684254425,-0.026343497584506374,95335.8,712.990931130221,-0.0093209696334966,1.034388070656757,-0.09398645438470235,37.58186196175095
2023-03-10,702.4000244140625,760.5,674.0250244140625,742.4249877929688,515946,0.0,0.0,0.06239040507185045,0.3958997029658783,-0.026343497584506374,111874.3,713.2838073159201,0.026583206943356474,0.9741371408211402,0.15759143800447195,53.759956187384766
2023-03-13,747.5,749.5,710.0,713.875,167934,0.0,0.0,-0.038455046991131336,0.41615123762462264,-0.027685093240252426,115523.8,713.2896898301896,-0.0020270676717391023,1.0114340831427289,-0.09240642004711377,49.03940224222113
2023-03-14,713.875,717.0,691.5,704.6500244140625,72266,0.0,0.0,-0.012922396198126407,0.4177757282488746,-0.027685093240252426,111988.1,713.2037230101287,-0.017669797619311978,1.022188294554883,-0.030931418498094696,44.10961870523726
2023-03-15,707.5250244140625,714.5,697.5,706.0750122070312,51732,0.0,0.0,0.002022263171215677,0.4176687158860842,-0.027685093240252426,112633.0,713.1327905643267,-0.020768290464540096,1.017926558649375,0.004841787392449472,44.151179680568205
2023-03-16,701.0,703.9749755859375,686.0,694.0999755859375,60882,0.0,0.0,-0.01696000625154892,0.42091464837816683,-0.027685093240252426,104493.7,712.9434093207607,-0.006761401693638813,1.0348491320978104,-0.040293218385165766,38.04670402778556
2023-03-17,699.5,700.0,682.7999877929688,689.375,44932,0.0,0.0,-0.006807341524466715,0.3902428117962345,-0.027685093240252426,100851.9,712.7088977852308,-0.0714550138602853,1.0385748075206822,-0.017443860961063807,39.21115847926101
2023-03-20,690.0,699.5,671.4500122070312,679.1749877929688,101640,0.0,0.0,-0.01479602858680873,0.3525702640509272,-0.027685093240252426,103152.7,712.3752270390391,-0.04860796667067935,1.0505411273209513,-0.04196618284578214,41.11169273196066
2023-03-21,684.5,715.2999877929688,669.9500122070312,698.2750244140625,283532,0.0,0.0,0.02812240875236105,0.36822345040235605,-0.027685093240252426,111357.0,712.2349265154076,-0.009047044318633235,1.0204091975394862,0.07637321294420465,50.22974929654813
2023-03-22,698.0,702.5,687.5,693.0250244140625,121484,0.0,0.0,-0.0075185275377783745,0.3658669989532944,-0.02650865435378741,115761.5,712.0437832109166,-0.018482438221652187,1.0255870744712987,-0.020549892047626982,46.70307580651461
2023-03-23,692.8250122070312,693.0750122070312,675.0499877929688,677.5999755859375,75586,0.0,0.0,-0.022257563990804696,0.3676821337922334,-0.02650865435378741,116567.2,711.7010587569367,-0.0237717916443827,1.0450911780235959,-0.06053479715180785,37.69561798957339
2023-03-24,682.5,682.5,653.5999755859375,660.6749877929688,170052,0.0,0.0,-0.024977845930902354,0.3747523066739709,-0.02650865435378741,119448.3,711.1933366577929,-0.04163193067203086,1.065694204415373,-0.06665161179679302,35.9403057937277
2023-03-27,664.9500122070312,680.5499877929688,663.5750122070312,670.3499755859375,180184,0.0,0.0,0.01464409576831227,0.3730172467737427,-0.02650865435378741,122216.9,710.786935055088,-0.01299372380556707,1.0457522634497234,0.039258494084081455,38.373952420811186
2023-03-28,669.5,679.0,646.0499877929688,654.6500244140625,79576,0.0,0.0,-0.023420529191713668,0.37728943711949087,-0.02650865435378741,121861.5,710.2283588298042,-0.06247538358772986,1.0664305021562055,-0.062075760057757945,34.485985417412834
2023-03-29,648.1749877929688,656.5,643.0750122070312,649.4000244140625,127682,0.0,0.0,-0.008019552133522012,0.36953770485396287,-0.02650865435378741,123998.4,709.623101770941,-0.0629486648579306,1.0713562182265217,-0.021701579598421363,37.45717622522844
2023-03-31,659.5,662.0,639.0,645.2000122070312,100538,0.0,0.0,-0.00646752702361042,0.36464748576621225,-0.02650865435378741,125679.1,708.982076004136,-0.04781576822060718,1.0736651279538836,-0.01773638129619014,19.159405031059848
2023-04-03,645.2000122070312,658.6500244140625,645.2000122070312,651.7999877929688,28346,0.0,0.0,0.010229348203762534,0.3640320894441749,-0.02650865435378741,123937.4,708.4131000020349,-0.013433231413296776,1.0573163015466391,0.028100126937655467,27.123634469125633
2023-04-05,652.4000244140625,681.6749877929688,647.6749877929688,677.2000122070312,110818,0.0,0.0,0.03896904708462556,0.38043630517013166,-0.02650865435378741,125955.8,708.102522014025,0.010218597554368936,1.0148441967707789,0.10243251112133854,40.96147326252595
2023-04-06,677.2000122070312,679.4500122070312,663.0,670.5,79804,0.0,0.0,-0.009893697705638749,0.3801869734721113,-0.02650865435378741,125020.0,707.7283675661242,0.024211372481233617,1.0214932913214834,-0.026023241551520672,38.679395864363805
2023-04-10,671.0250244140625,687.0,665.4000244140625,674.0750122070312,33712,0.0,0.0,0.005331860114886178,0.3807589540404975,-0.02650865435378741,124268.8,707.3935083088198,0.03799659203159478,1.0125913150480643,0.014003242519377908,43.267790025470426
2023-04-11,675.375,680.0,671.0,672.3499755859375,24998,0.0,0.0,-0.002559116700448061,0.3796831074313931,-0.02650865435378741,121582.2,707.0448164409305,0.04207991764605601,1.0132204595188974,-0.006740138244125328,44.158513251483086
2023-04-12,668.5499877929688,679.9749755859375,665.5750122070312,671.25,85388,0.0,0.0,-0.001636016399017337,0.3660034927729295,-0.02650865435378741,100054.3,706.6886491131602,0.02984046114037242,1.0095791461170276,-0.004469947381985386,47.09973124081213
2023-04-13,671.25,675.0,663.0,669.0999755859375,140120,0.0,0.0,-0.003203015886871552,0.2823234811088945,-0.02650865435378741,98663.6,706.314632461148,-0.011961069809634628,1.00947732066327,-0.011345197929831926,37.8107219425932
2023-04-17,660.9000244140625,666.5250244140625,651.4000244140625,657.2999877929688,87470,0.0,0.0,-0.017635612350210272,0.2593168056154922,-0.02650865435378741,99423.8,705.826924554002,-0.01968681910071779,1.0239978111657846,-0.0680079782267567,35.848672467130854
2023-04-18,657.125,657.5250244140625,639.0,644.2999877929688,134738,0.0,0.0,-0.019777879570103796,0.26341129449162576,-0.02650865435378741,103574.1,705.2147162280216,-0.04417167804006594,1.0398649856468385,-0.07508364004450904,36.55089209257478
2023-04-19,649.3499755859375,665.0,640.5250244140625,644.125,160698,0.0,0.0,-0.00027159366177886834,0.26285613093337007,-0.02650865435378741,108564.9,704.606858355106,-0.041979588920695754,1.0362681913903309,-0.0010332406951364058,42.26997206980919
2023-04-20,644.5,648.7249755859375,636.0,638.2999877929688,73954,0.0,0.0,-0.009043294713031225,0.2594349633113557,-0.02650865435378741,110016.0,703.9470884987664,-0.04908754146298888,1.0417241279732168,-0.03485765468550802,34.47190692904469
2023-04-21,643.1500244140625,661.9500122070312,641.2750244140625,659.3250122070312,174592,0.0,0.0,0.03293909574831755,0.2886318559736259,-0.02650865435378741,113663.6,703.5030877396448,-0.014609122306941114,1.0069995633370088,0.11412148009786072,52.15387420686503
2023-04-24,655.0,674.25,654.5,664.5,73208,0.0,0.0,0.007848917752484308,0.2865993449173953,-0.02650865435378741,103147.4,703.1149973143747,0.010953921102610842,0.996615873843409,0.027386376200136776,56.96171748668341
2023-04-25,664.5,666.5,650.0,653.4500122070312,383994,0.0,0.0,-0.016629026024031268,0.27103159860478365,-0.02650865435378741,116272.9,702.6208183580828,0.014201497109142647,1.0104407150112669,-0.06135456343868584,53.577622010499205
2023-04-26,658.75,680.0,654.0250244140625,673.2000122070312,146858,0.0,0.0,0.030224194094502055,0.29371826367944365,-0.02650865435378741,119836.5,702.3280740182713,0.04513877307515046,0.9804701239171405,0.10290198739043367,58.33009421893803
2023-04-27,679.9249877929688,679.9249877929688,660.0,670.3250122070312,58780,0.0,0.0,-0.004270647575561615,0.28393090210641386,-0.02650865435378741,114272.9,702.0096355922889,0.050172371966971996,0.9853951271123744,-0.015041150482273053,46.75478075914375
2023-04-28,673.4500122070312,680.375,663.2249755859375,677.75,56074,0.0,0.0,0.011076698105777272,0.27175598514478083,-0.02650865435378741,108067.4,701.7682461834104,0.02794522800112298,0.9751457053944002,0.0407597193941427,53.39896774066136
2023-05-02,682.3250122070312,691.9249877929688,679.9249877929688,687.125,73184,0.0,0.0,0.013832534120250761,0.2712700136486956,-0.02650865435378741,107747.8,701.622542241287,0.03404815650865323,0.9642041122217233,0.050991753287729244,55.80257279683317
2023-05-03,688.5250244140625,697.5,685.0,687.1749877929688,67646,0.0,0.0,7.274919842648053e-05,0.25605893913220923,-0.02650865435378741,104746.0,701.4787854806073,0.05161064344008692,0.9668825416845234,0.0002841111340690476,56.69149941290706
2023-05-04,685.0499877929688,692.5,682.625,689.9249877929688,39660,0.0,0.0,0.004001891874487962,0.2532459448276482,-0.02650865435378741,101702.1,701.3638223195363,0.024843991804316845,0.9662698979655479,0.015802392094324005,58.30553242491934
2023-05-05,700.0,700.0,685.0250244140625,695.375,50122,0.0,0.0,0.00789942718912906,0.25135698544362667,-0.02650865435378741,102790.9,701.3042320477002,0.03736991360428599,0.9618299452366642,0.03142712290615644,61.3523567878241
2023-05-08,695.375,704.2750244140625,692.6500244140625,696.2750244140625,25284,0.0,0.0,0.001294300793187153,0.25033198866276596,-0.02650865435378741,98514.2,701.2541901806989,0.02733312344383987,0.9619564472285118,0.005170336992877873,68.59052320073377
2023-05-09,696.375,703.4000244140625,675.5,677.125,89532,0.0,0.0,-0.027503534871407775,0.23639298914375045,-0.02766951172066699,99000.6,701.0140987361149,-0.014553392759687145,0.9896510965911712,-0.11634665565828746,64.78936751230671
2023-05-10,680.7000122070312,680.7000122070312,664.5250244140625,673.7249755859375,54426,0.0,0.0,-0.005021265518275753,0.2343916886486846,-0.02766951172066699,100036.3,700.7425651724316,-0.019572907113847737,0.994619497912271,-0.02142253990744707,62.959700711783604
2023-05-11,674.5499877929688,682.5,669.9749755859375,671.0750122070312,49648,0.0,0.0,-0.003933301383998056,0.23409867533973266,-0.02766951172066699,101268.8,700.4473656404375,-0.02732177543856984,0.9984520904387155,-0.01680189437326358,64.76019681405387
2023-05-12,671.2249755859375,673.8250122070312,655.75,660.0999755859375,91404,0.0,0.0,-0.01635441108885738,0.24070226968055047,-0.02766951172066699,101569.6,700.0458990727311,-0.05072805955644433,1.014208108346514,-0.06794456251333489,50.38374001325684
2023-05-15,659.9500122070312,664.9500122070312,657.5,663.25,139158,0.0,0.0,0.004772041403677374,0.2414329665242481,-0.02766951172066699,101521.5,699.6797707237488,-0.04743100535862832,1.0089502431651667,0.019765491327561457,49.36836826023768
2023-05-16,663.25,673.4500122070312,658.5499877929688,667.3250122070312,179244,0.0,0.0,0.0061440063430551195,0.2422651840671304,-0.02766951172066699,106110.2,699.35783282806,-0.014472937482693404,1.0035402356419332,0.025360664649799625,57.54280245003758
2023-05-17,667.375,680.4500122070312,667.375,676.75,52152,0.0,0.0,0.014123534440583452,0.23810623252004812,-0.02766951172066699,101980.9,699.1328792675819,0.004489998921936467,0.9919615819879595,0.05931610314414279,52.173903203744764
2023-05-18,677.375,690.0,675.5,688.6500244140625,55186,0.0,0.0,0.017584077449667612,0.23111767261000948,-0.026342677504528195,96705.3,699.0285722541141,0.026189340814867457,0.978053042841511,0.07608278713723163,60.10476417749487
2023-05-19,689.5,700.0,680.5,697.3499755859375,62590,0.0,0.0,0.012633341847736679,0.2329383667465299,-0.026342677504528195,96137.1,699.0118697997044,0.0564308458986611,0.9700850002214367,0.05423469513348396,60.65794442842413
2023-05-22,700.8499755859375,721.375,696.7750244140625,714.25,130632,0.0,0.0,0.02423463828167849,0.23812468998775876,-0.026342677504528195,93939.1,699.163492985777,0.07689408217112703,0.9509765496819763,0.10177288741119386,63.634065439955044
2023-05-23,712.4749755859375,732.5,711.9749755859375,728.0750122070312,100862,0.0,0.0,0.019355984889088296,0.22252298592017009,-0.026342677504528195,95321.8,699.4511697939487,0.09103510117069136,0.9372849497362723,0.0869842004825076,68.05738637443085
2023-05-24,732.5,765.0,721.4500122070312,740.4249877929688,202512,0.0,0.0,0.016962504383306154,0.22628959363179244,-0.026342677504528195,86247.7,699.858869475531,0.09408937981968046,0.9275247477088477,0.07495927391744751,70.55350413467131
2023-05-25,744.5,747.5,702.625,705.5750122070312,97642,0.0,0.0,-0.04706753035147693,0.2812764589998981,-0.02766951172066699,83786.9,699.9157465176355,0.024577052483762518,0.9756315602032882,-0.16733547075171076,53.3497563115251
2023-05-26,709.9749755859375,774.4749755859375,709.9749755859375,769.1500244140625,1522828,0.0,0.0,0.09010383177852233,0.40248945433793415,-0.02766951172066699,156989.3,700.6046448051621,0.10296128392031001,0.9014138706405473,0.22386631144926133,66.9535845658474
2023-05-29,776.5,838.5,760.5250244140625,806.3250122070312,1889664,0.0,0.0,0.048332557515406105,0.4250978091583105,-0.02766951172066699,248668.8,701.6565887594096,0.12891146266297682,0.8678277873402191,0.11369749581661955,77.7312739255319
2023-05-30,808.0,824.9000244140625,791.0499877929688,808.4749755859375,375232,0.0,0.0,0.0026663731700713456,0.42562023277880445,-0.02766951172066699,263771.2,702.7194582800715,0.11042813175964916,0.8730248570630922,0.006264676587426938,79.07855592913408
2023-05-31,806.75,832.5,786.2999877929688,814.8499755859375,452582,0.0,0.0,0.007885216231188652,0.4252270414029509,-0.02766951172066699,283018.0,703.8351848204284,0.1005165803693524,0.8740289878238287,0.018543543279226877,80.5351960514579
2023-06-01,817.0,822.0,802.0,803.9500122070312,117600,0.0,0.0,-0.01337665055591164,0.43109142552778473,-0.02766951172066699,286915.0,704.831352257111,0.1394252890168035,0.8929706321410924,-0.031029729318409267,80.56088562217958
2023-06-02,807.5,820.0,792.9500122070312,806.4000244140625,125312,0.0,0.0,0.003047468337372683,0.43121128410924287,-0.02766951172066699,290674.5,705.8419858109115,0.048430083621692654,0.897141592172847,0.007067227549472855,80.50289447360328
2023-06-05,812.0,860.0,802.5750122070312,857.4000244140625,672158,0.0,0.0,0.06324404570431041,0.47205859550183865,-0.02766951172066699,323018.2,707.3500259960175,0.06334295902248077,0.8531738173566781,0.13397498735792898,83.7521239696186
2023-06-06,857.5,878.9749755859375,847.5,855.2000122070312,335582,0.0,0.0,-0.0025659110617995973,0.47318841840105025,-0.02766951172066699,335320.7,708.8211701374207,0.0577940419086318,0.8657799250149716,-0.00542259892210395,82.52233780866337
2023-06-07,862.5,869.9749755859375,840.5,842.4500122070312,179280,0.0,0.0,-0.014908793051926938,0.46241545450083316,-0.02766951172066699,341563.4,710.1508103570189,0.033871310606897076,0.8888969593704884,-0.032241121235036196,77.94332285131362
2023-06-08,842.4500122070312,858.5,834.7999877929688,852.125,129890,0.0,0.0,0.011484346433353831,0.45879791371983,-0.025104130377927626,345575.5,711.5634888609293,0.05992286468249075,0.8894279051337648,0.025031382749602142,78.02119403318079
2023-06-09,858.75,859.625,847.125,856.4500122070312,66922,0.0,0.0,0.0050755607534471725,0.4559986000982822,-0.025104130377927626,344351.4,713.0051458096467,0.06206595520546454,0.8963993748038869,0.011130649613939015,76.97269690580904
2023-06-12,857.0,861.0,850.0,857.0999755859375,83400,0.0,0.0,0.0007589040453526152,0.4463102628863553,-0.023498395028673104,341563.5,714.4389252104058,-0.00034995197058695915,0.9070280905573461,0.0017003956472806895,75.76121240884862
2023-06-13,858.75,867.5,825.5,834.2999877929688,168926,0.0,0.0,-0.02660131658197984,0.4662776890255696,-0.025059019463456227,341047.6,715.6315725992871,-0.024438755981919802,0.9418225033544463,-0.05705037285199669,67.99234187565642
2023-06-14,833.0,849.5,795.0,799.4749755859375,253838,0.0,0.0,-0.04174159500967545,0.5012558651014779,-0.026646427496451235,351131.9,716.4658353155722,-0.051011972221958635,0.9905235010647705,-0.08327402646647278,67.99884875373985
2023-06-15,804.4749755859375,819.9749755859375,800.0,816.25,204932,0.0,0.0,0.020982550956980317,0.5026820313890965,-0.026646427496451235,358619.2,717.4587125761138,-0.042100630776001124,0.9779831554185012,0.04174119866903891,61.00210033438204
2023-06-16,818.5499877929688,840.5,818.5499877929688,829.5999755859375,179438,0.0,0.0,0.016355253397779546,0.5024489332555206,-0.026646427496451235,364461.6,718.5745460388982,-0.031350383838401163,0.9702160972725025,0.03255107532281558,56.117748370853704
2023-06-19,835.0250244140625,899.0,835.0250244140625,890.0,1257838,0.0,0.0,0.07280620322029607,0.5484943415809013,-0.026646427496451235,420821.9,720.280271948959,0.038385282173845736,0.9142457872026423,0.13273829167146375,66.40507741994567
2023-06-20,891.0,909.9749755859376,865.2000122070312,881.2999877929688,725868,0.0,0.0,-0.009775294614641883,0.5517661472632543,-0.026646427496451235,452072.2,721.8824581762626,0.05633465262816606,0.9319641560945922,-0.017716372209428514,63.24761069860803
2023-06-21,884.7000122070312,892.5,862.0250244140625,866.7249755859375,243056,0.0,0.0,-0.01653808284229219,0.5585737958306767,-0.026646427496451235,454099.4,723.3236772549659,0.08411770481085079,0.9549222903375688,-0.029607694936030462,62.334208501920884
2023-06-22,874.9749755859375,887.5,858.5250244140625,876.1500244140625,321190,0.0,0.0,0.010874324720772321,0.5578657434486937,-0.026646427496451235,465276.8,724.8443374257032,0.07338440969563553,0.9543842105681136,0.01949272679591439,63.33906679728476
2023-06-23,878.5,878.5,843.0499877929688,846.9749755859375,92762,0.0,0.0,-0.03329914742356621,0.542371760909559,-0.027793315499015696,393773.5,726.0595676561534,0.020943828967362466,0.9918533854758556,-0.06139542876231085,47.82471702633599
2023-06-26,847.5,880.0,846.9749755859375,868.3250122070312,222664,0.0,0.0,0.025207399553125898,0.4610007949702107,-0.027793315499015696,310423.5,727.4751442188486,-0.024353918868504243,0.9710361732010172,0.05467973001642539,52.53598539720886
2023-06-27,872.2999877929688,872.9000244140625,840.7999877929688,846.5499877929688,238134,0.0,0.0,-0.025077043857940517,0.4463431177952813,-0.027793315499015696,303568.6,728.6599685330191,-0.03943038747455796,0.9982620751809226,-0.05618333137962482,50.76549156597608
2023-06-28,854.875,860.0,840.5250244140625,843.9500122070312,218482,0.0,0.0,-0.0030712605557007278,0.4467893635169172,-0.027793315499015696,291863.6,729.807133146691,-0.026277035992310682,1.0030614813025007,-0.006874068045811384,48.432259477832936
2023-06-30,848.4000244140625,873.8250122070312,805.5,812.4749755859375,280730,0.0,0.0,-0.03729490629282972,0.46678729275063313,-0.03349893536702939,300020.1,730.6296987431014,-0.07267596536416077,1.0424444112236029,-0.07989700249570282,42.36213482084064
2023-07-03,820.875,828.6749877929688,798.9749755859375,821.9249877929688,266732,0.0,0.0,0.01163114248560837,0.46561518715681316,-0.03349893536702939,307091.1,731.5381095794185,-0.02957582988285945,1.0314034228401776,0.02498016077789478,44.07180240711109
2023-07-04,830.0250244140625,830.0250244140625,812.5499877929688,820.5999755859375,96002,0.0,0.0,-0.0016120841034279465,0.4656943934558615,-0.03349893536702939,278283.3,732.4242973008764,-0.054962181153564216,1.0308265518557114,-0.0034616780692764753,47.51090123935881
2023-07-05,824.5,827.3250122070312,805.5,807.5499877929688,100558,0.0,0.0,-0.01590298340388152,0.4103228824212428,-0.03349893536702939,266532.1,733.1718166092555,-0.046069340927730074,1.0445344001189942,-0.03875724142526104,51.59317444458061
2023-07-06,808.5,845.0,800.5250244140625,838.7249755859375,361440,0.0,0.0,0.03860440624631778,0.4343634861615809,-0.03349893536702939,275640.1,734.2220967980783,-0.006191168369592992,1.0054875135263763,0.08887580698530236,54.19582918775906
2023-07-07,842.0250244140625,849.9249877929688,812.5,846.2249755859375,131744,0.0,0.0,0.008942144586502332,0.4322983660001534,-0.03349893536702939,275732.8,735.3365533034302,0.04153974093252577,0.9962273784580099,0.0206851218578234,53.17301000233304
2023-07-10,849.4749755859375,882.0,835.7249755859375,876.5,316570,0.0,0.0,0.03577656685575814,0.44793894405082224,-0.03349893536702939,288215.2,736.7411647133463,0.06639901817996297,0.9629606256740677,0.07986929141174672,47.08863762394323
2023-07-11,881.0,895.0,875.6500244140625,886.125,196662,0.0,0.0,0.010981175128351506,0.4489625028570076,-0.03349893536702939,293878.3,738.2275710346065,0.07985014180298422,0.954138794892395,0.024459002286119504,51.036410216436906
2023-07-12,886.125,886.125,864.0499877929688,871.3499755859375,148824,0.0,0.0,-0.016673747399139516,0.4536071504391857,-0.03349893536702939,292873.2,739.5521720749183,0.07900438209074068,0.9724436366040875,-0.036758122122666395,50.99259480528637
2023-07-13,872.7000122070312,876.9000244140625,843.5,849.0250244140625,128666,0.0,0.0,-0.025621107244379826,0.4528630978111063,-0.03349893536702939,286614.6,740.6414541877456,0.012280603449216887,1.0009319125093654,-0.05657583230442045,44.48398847834669
2023-07-14,857.0,871.3499755859375,852.5,865.8499755859375,191994,0.0,0.0,0.01981679065759745,0.4288566136935032,-0.03349893536702939,285967.7,741.8873101220561,0.02319123231550968,0.9843463235736764,0.046208428558072556,54.04132274389941
2023-07-17,869.5,921.0,868.2000122070312,913.8499755859376,507738,0.0,0.0,0.0554368555216711,0.46128037000738903,-0.03349893536702939,302382.7,743.5983814202041,0.042612636150527905,0.9372531193483954,0.12018038903103376,58.74891233792146
2023-07-18,914.9749755859376,926.2000122070312,897.5,904.9249877929688,208798,0.0,0.0,-0.009766359940258651,0.4626145022699345,-0.03349893536702939,249930.7,745.2036212846098,0.021215954626005118,0.9473216025504962,-0.02111122690971701,61.80127592270088
2023-07-19,913.4000244140624,913.4000244140624,884.0250244140625,895.7000122070312,117172,0.0,0.0,-0.010194188148607064,0.3923074694305268,-0.03349893536702939,219495.9,746.7010978112011,0.02794518540580615,0.957882080106989,-0.025985199577140204,60.18901551125835
2023-07-20,895.0250244140625,902.625,879.625,882.2750244140625,78246,0.0,0.0,-0.014988263492248022,0.39445310038833226,-0.03349893536702939,211255.4,748.050092105757,0.03916256770281512,0.9733387770513491,-0.03799757968061739,64.79442084401309
2023-07-21,874.25,890.0,870.0250244140625,884.4749755859375,92908,0.0,0.0,0.002493498184804821,0.38967025843911385,-0.03349893536702939,199841.3,749.407553632923,0.021510654876898405,0.9713884107072149,0.006398995219196281,63.67811743421469
2023-07-24,884.5,902.5,870.1500244140625,887.5750122070312,128228,0.0,0.0,0.0035049455401947593,0.3882105132896542,-0.03349893536702939,201614.6,750.78235421575,-0.0287519440617805,0.9702827714069336,0.009028466076844667,64.5329446608019
2023-07-25,888.9500122070312,888.9500122070312,860.9249877929688,864.5,63734,0.0,0.0,-0.025997816398248164,0.38086053565166594,-0.03349893536702939,193668.1,751.913873079275,-0.044672197517234724,0.9959600833608209,-0.0682607234985839,61.84238678618048
2023-07-26,865.0,869.0499877929688,840.5,848.4249877929688,77668,0.0,0.0,-0.01859457745174231,0.37633869144174054,-0.03349893536702939,185644.8,752.8741826784163,-0.052779975181171945,1.0149409251906123,-0.04940915558380557,52.15221116909259
2023-07-27,851.5499877929688,859.8250122070312,816.0499877929688,825.0250244140625,112102,0.0,0.0,-0.027580474073232164,0.37846419272531495,-0.03349893536702939,180325.8,753.5921015016567,-0.06488906340516776,1.042580488133276,-0.07287472335461476,45.60622548672311
2023-07-28,833.2750244140625,865.0,831.4500122070312,856.3499755859375,184808,0.0,0.0,0.037968486100312226,0.401572353831009,-0.03349893536702939,175529.7,754.6145679104554,-0.03179852542619199,1.0070050414677005,0.09454954952101796,45.84192307368802
2023-07-31,861.4749755859375,877.4749755859375,850.5,859.6500244140625,75250,0.0,0.0,0.0038536216759590403,0.376659821640306,-0.03349893536702939,165955.6,755.6596968308893,-0.03146211577490321,1.0053335310446814,0.01023103966031367,44.3902972465502
2023-08-01,864.7000122070312,867.5,853.2999877929688,858.375,36528,0.0,0.0,-0.0014831901097560607,0.37559221304640517,-0.03349893536702939,162981.9,756.6817396484925,-0.007085020242915019,1.0090272267103992,-0.003948937221665555,47.083945553230514
2023-08-02,858.375,863.5,832.5,851.7750244140625,47876,0.0,0.0,-0.007688918696301172,0.37698351047211204,-0.03349893536702939,160347.8,757.6279414869558,0.003948536015904391,1.0194417218982477,-0.020395901355772853,50.66505477190005
2023-08-03,850.0,863.4749755859375,839.0,860.0999755859375,54552,0.0,0.0,0.00977365024009913,0.37204377297504027,-0.03349893536702939,145003.4,758.6475637167964,0.04251380277438899,1.0108170820099351,0.026270161436227592,48.54980991766896
2023-08-04,864.0750122070312,872.25,846.125,850.9749755859375,64022,0.0,0.0,-0.0106092317858556,0.3516431593007264,-0.03349893536702939,141617.3,759.5662444319123,-0.006276639403559603,1.021935159679406,-0.030170447521995086,30.274494668944115
2023-08-07,852.5,889.9500122070312,851.0250244140625,880.5750122070312,151840,0.0,0.0,0.0347836745736414,0.3699857764120465,-0.03349893536702939,133380.8,760.7703117729583,0.024341286801255135,0.9878147643422305,0.09401354282000295,43.23799344285284
2023-08-08,883.5,887.4500122070312,870.5250244140625,885.25,71598,0.0,0.0,0.005309017094695445,0.34958885246409377,-0.03349893536702939,127127.6,762.0089156359139,0.03130915974952675,0.982548712983841,0.015186459480644163,47.02278747208328
2023-08-09,885.2999877929688,887.7000122070312,875.0,883.7000122070312,97376,0.0,0.0,-0.0017509040304645174,0.34764824398521615,-0.03349893536702939,124555.2,763.2197723182137,0.03748053990539346,0.9849708475460339,-0.0050364240590691275,50.435443295124976
2023-08-10,870.0,878.75,854.1749877929688,871.6749877929688,179980,0.0,0.0,-0.013607586565524854,0.345942848637481,-0.03349893536702939,127120.9,764.2989286910969,0.013457752046959204,0.9998580438514856,-0.03933478094942974,46.31017958437528
2023-08-11,865.0,865.0,843.7000122070312,854.7249755859375,315620,0.0,0.0,-0.019445335066855307,0.34074807926812073,-0.03349893536702939,133302.2,765.1986903517421,0.004406710076777509,1.0190353892161093,-0.057066600457309005,41.230635644020914
2023-08-14,854.7249755859375,855.2999877929688,830.0250244140625,849.3499755859375,94808,0.0,0.0,-0.006288572527455738,0.33406955431852486,-0.03349893536702939,112655.7,766.0360165729779,-0.03545982589584595,1.0216871997556725,-0.018824140835109963,45.53360061249538
2023-08-16,847.5,849.0999755859375,814.5,821.4000244140625,117344,0.0,0.0,-0.03290746097048314,0.2833102703445766,-0.03349893536702939,108083.0,766.586902223138,-0.0721264903540666,1.0513680598147486,-0.11615343054427599,42.55407735968505
2023-08-17,825.7000122070312,833.0,808.5,825.125,116092,0.0,0.0,0.004534910488461108,0.28455342354021446,-0.03349893536702939,108029.0,767.1693708577337,-0.06628381961967023,1.0423450984876816,0.015936938212415604,50.030894774754955
2023-08-18,824.1500244140625,829.25,813.625,823.8250122070312,42186,0.0,0.0,-0.0015755040666186604,0.28384421883752126,-0.03349893536702939,106226.0,767.7331085826024,-0.054894285434403556,1.0404424314369964,-0.005550593975685565,37.658898682131
2023-08-21,823.8250122070312,826.0,812.5,814.0750122070312,82118,0.0,0.0,-0.01183503760571647,0.2824884026147991,-0.032927045293137294,105686.5,768.1942220515023,-0.047559114966822635,1.048579661346076,-0.04189565687373774,33.514183224860105
2023-08-22,824.0,824.0,806.4500122070312,808.5,50744,0.0,0.0,-0.006848278258678953,0.2817714335066239,-0.032927045293137294,101812.3,768.5952745684027,-0.048095575157645065,1.0509199134199134,-0.024304372982061832,32.503057616304446
2023-08-23,812.0,816.9000244140625,800.5250244140625,804.5750122070312,79790,0.0,0.0,-0.004854654042014572,0.2804065001257756,-0.032927045293137294,102615.1,768.9532819080906,-0.020483335411431436,1.0523226396104977,-0.01731291488145917,33.12476183793389
2023-08-24,804.5750122070312,826.2750244140625,798.7999877929688,800.4749755859375,132418,0.0,0.0,-0.005095903500466625,0.26936148849512703,-0.032927045293137294,105352.6,769.2669306014026,-0.029874291063853975,1.0547175436458853,-0.01891845541748356,28.018433150801258
2023-08-25,791.2999877929688,819.5,791.0,800.75,219434,0.0,0.0,0.00034357652949879025,0.26394269834842954,-0.032927045293137294,110719.2,769.5801949735279,-0.028009603817700568,1.0528395239204458,0.001301708736902239,30.191297180731638
2023-08-28,812.5,818.5250244140625,801.1749877929688,809.0999755859375,84626,0.0,0.0,0.01042769351974715,0.25118356973722206,-0.032927045293137294,105710.1,769.9734266214126,-0.0061112754310023165,1.039054225864333,0.04151423246159711,16.133588499991276
2023-08-29,809.125,817.6749877929688,803.0499877929688,815.7249755859375,145572,0.0,0.0,0.00818811049302326,0.2112681295198884,-0.032927045293137294,109226.2,770.428665914592,0.008936271596706957,1.0279230395460088,0.038756958392452946,17.655249938668447
2023-08-30,819.7249755859375,831.4749755859375,813.2999877929688,824.5250244140625,79346,0.0,0.0,0.01078800955163084,0.21511368333460357,-0.032927045293137294,111367.1,770.9669381384673,0.02479571438877559,1.0148994545717536,0.05015026883876881,24.21008107576543
2023-08-31,825.5999755859375,827.9749755859375,803.4000244140625,812.0499877929688,132738,0.0,0.5,-0.015129967255947063,0.21992344473824485,-0.032927045293137294,115610.2,771.3757247021937,0.014460179968222686,1.0280447734461102,-0.06879651501453042,24.115487393236805
2023-09-01,806.7999877929688,816.2999877929688,803.5,812.375,81938,0.0,0.0,0.000400236699608314,0.219324846159563,-0.032927045293137294,116979.5,771.7836776902316,0.014517639712769315,1.0246961033368114,0.0018248579144952645,28.513467943767765
2023-09-04,821.9000244140625,834.5,804.5,830.9500122070312,144752,0.0,0.0,0.02286507118883674,0.2325888859115585,-0.032927045293137294,121016.0,772.3723974366674,0.027005360623413965,1.0005851574283924,0.09830680479919016,41.76735863702737
2023-09-05,834.5,849.9749755859375,827.5,846.2999877929688,170250,0.0,0.0,0.018472802648100917,0.2399981488093977,-0.032927045293137294,121936.5,773.1079953506604,0.037482010631180174,0.9804118037652266,0.0769706015235379,62.556702846464205
2023-09-06,856.0,862.4749755859375,827.2750244140625,837.0499877929688,104024,0.0,0.0,-0.010929930442422298,0.2059823952115224,-0.032927045293137294,123557.8,773.7442340814297,0.015190519399707725,0.9883668944666002,-0.05306244691724229,55.69619064770744
2023-09-07,837.9749755859375,850.8499755859375,828.7999877929688,840.5499877929688,57702,0.0,0.0,0.00418135123474328,0.2054918836474499,-0.032927045293137294,121574.1,774.4089679492063,0.03509636158909224,0.9816846204401807,0.020348010622341012,57.82454096895699
2023-09-08,844.0,859.5499877929688,838.0250244140625,854.75,96942,0.0,0.0,0.016893715321222302,0.21609236048071298,-0.02784682341809471,117422.2,775.2083812034431,0.052161871057085696,0.9643857810329226,0.07817821278761958,68.26855537424433
2023-09-11,859.5,901.9000244140624,856.9749755859375,895.4500122070312,271100,0.0,0.0,0.04761627634633658,0.27016751198324773,-0.02784682341809471,115196.2,776.4048153427823,0.07762199777660017,0.9228264971846261,0.17624722615359045,79.68587649747283
2023-09-12,913.4749755859376,913.4749755859376,844.5250244140625,875.5499877929688,163882,0.0,0.0,-0.022223490024881,0.2730271251635717,-0.02784682341809471,118649.9,777.3913344716399,0.03456221248009217,0.945297253519011,-0.08139663484937794,71.84851491679866
2023-09-13,867.9500122070312,875.0,847.0999755859375,865.0750122070312,108990,0.0,0.0,-0.01196388068297749,0.27570588397183177,-0.02784682341809471,118232.2,778.2638088769671,0.033480705839271874,0.9592679668920397,-0.04339363410272184,69.13506942615085
2023-09-14,873.7249755859375,893.4000244140625,867.4249877929688,884.5999755859375,169650,0.0,0.0,0.022570254721718364,0.2559687090791648,-0.02784682341809471,120910.1,779.3218801875042,0.05240614887001627,0.941456613082775,0.08817583180833101,72.29459016523583
2023-09-15,885.9500122070312,962.0,885.0,925.4749755859376,1450882,0.0,0.0,0.04620732662006399,0.2954311731927262,-0.02784682341809471,191344.9,780.7761398432101,0.08274346368638508,0.9053675325869277,0.15640639596910927,76.37990732034318
2023-09-18,927.2249755859376,937.0250244140624,911.5,923.4249877929688,204230,0.0,0.0,-0.002215065611764322,0.2956363016115765,-0.02784682341809471,197450.5,782.1955313650983,0.03124124764595959,0.9132983242224821,-0.0074925356756398685,74.93055128806105
2023-09-20,922.5,934.9500122070312,887.5250244140625,929.4500122070312,165902,0.0,0.0,0.006524649531590709,0.28874470551541637,-0.026076949281997365,203208.4,783.6607500799433,0.06156133306555156,0.9138845374694914,0.022596602399957522,74.60428410443446
2023-09-21,925.0,925.0,903.5250244140624,916.25,103646,0.0,0.0,-0.014201960335324615,0.29409784422834173,-0.026076949281997365,204401.2,784.9800460990484,0.05915670556985342,0.9331446045254945,-0.048289914840038285,74.35148540632393
2023-09-22,905.0999755859376,920.3499755859376,877.0250244140625,886.875,102966,0.0,0.0,-0.03206002728512958,0.3207963848286524,-0.027804451733827035,202928.6,785.9939262373664,0.0025718115270754183,0.9689231798361523,-0.09993886403322538,65.32921806935764
2023-09-25,896.875,905.0,885.0250244140625,900.4249877929688,74100,0.0,0.0,0.01527835128171251,0.32060845232999136,-0.027804451733827035,195661.9,787.1325437652829,-0.02706716924151209,0.9598772870856407,0.047654235857277606,64.5971178763661
2023-09-26,900.4249877929688,904.2999877929688,878.5,884.4500122070312,86692,0.0,0.0,-0.017741595138417665,0.33046401428685235,-0.026076949281997365,195765.2,788.1008767846038,-0.04220697522934658,0.98147434491153,-0.05368691849802521,57.99455745081103
2023-09-27,899.5,926.75,889.0,896.7000122070312,258114,0.0,0.0,0.013850415321304155,0.3313902816547649,-0.026076949281997365,201392.3,789.1814651967672,-0.035235891731534075,0.9725813943310069,0.04179487350743881,62.3447910321248
2023-09-28,906.9749755859376,925.0,890.5250244140625,898.4500122070312,63280,0.0,0.0,0.0019516002856883041,0.3313652748754895,-0.026076949281997365,200589.0,790.26871442075,-0.01942699895549116,0.9748010302845647,0.00588957375671268,62.07005005917145
2023-09-29,901.9749755859376,922.7999877929688,885.0,900.875,86410,0.0,0.0,0.002699079258746684,0.33071249785685614,-0.026076949281997365,198272.6,791.369274476265,0.015785764622973986,0.9771069772931265,0.008161406643606414,60.111807455113194
2023-10-03,900.0,935.9249877929688,899.125,930.4000244140624,225728,0.0,0.0,0.0327737193440405,0.3365928958337169,-0.026076949281997365,205462.1,792.7526650229097,0.033289876477734515,0.9524424722019116,0.09736901395132588,58.05671229723021
2023-10-04,922.5,942.5,905.0499877929688,928.4249877929688,199138,0.0,0.0,-0.0021227822111650196,0.3373017314332324,-0.026076949281997365,208181.4,794.1026383838059,0.04972013678444487,0.9597180815728292,-0.0062934220325844845,63.28684666679606
2023-10-05,924.0,1024.5,908.0499877929688,1011.125,1541350,0.0,0.0,0.089075599315378,0.43992119550594877,-0.026076949281997365,276736.4,796.2620648675493,0.12760676506665436,0.8893732216880176,0.20248080383607125,76.92661891661001
2023-10-06,1019.0,1084.3499755859375,990.0,1073.925048828125,1331314,0.0,0.0,0.06210908525466685,0.4753714351387043,-0.026076949281997365,338100.9,799.0248806283511,0.195308625117653,0.8483937057109023,0.13065379902350804,80.10175915818495
2023-10-09,1075.0,1075.0,1026.550048828125,1045.574951171875,383516,0.0,0.0,-0.02639858124846406,0.48756382117907004,-0.026457675889702464,354391.6,801.4781151611224,0.16062156367073688,0.8812017722568254,-0.05414384652902712,69.88738163688826
2023-10-10,1050.0,1074.5,1030.5,1043.175048828125,299310,0.0,0.0,-0.002295294412954507,0.48923281333425156,-0.026457675889702464,364510.0,803.8830597747245,0.12121133002450746,0.8922603675068953,-0.004691619824915807,69.80648649017306
2023-10-11,1043.199951171875,1125.0,1040.3499755859375,1084.0,1104176,0.0,0.0,0.03913528340017014,0.49871139847162765,-0.026457675889702464,406163.8,806.670293010797,0.16756874734367155,0.8673535533496814,0.07847280558530996,72.92346051603964
2023-10-12,1084.0,1089.0,1069.0,1077.050048828125,302270,0.0,0.0,-0.0064113940699953575,0.4847958539956776,-0.026457675889702464,413083.2,809.3606388398251,0.0651997021417976,0.8823046393403567,-0.013224935578354111,74.30105190960106
2023-10-13,1072.5,1099.449951171875,1030.5,1045.324951171875,271826,0.0,0.0,-0.02945554637016934,0.49131777358496415,-0.027674227688079023,421225.0,811.7085424451193,-0.026631372168345102,0.9177038687879979,-0.05995212743011888,73.7769982196447
2023-10-16,1059.824951171875,1072.1500244140625,1030.5250244140625,1036.9000244140625,157546,0.0,0.0,-0.008059624663476761,0.48940925208069136,-0.027674227688079023,420619.8,813.9492537084918,-0.008296800481007782,0.9325043220235723,-0.016468067296503127,70.79936467955281
2023-10-17,1045.0,1052.4749755859375,1032.5,1036.75,62484,0.0,0.0,-0.0001446855150256665,0.48785811025828735,-0.027674227688079023,351199.9,816.1661765571637,-0.006159128168702566,0.9380057926145783,-0.0002965729358959229,74.38750325296756
2023-10-18,1042.5,1043.8499755859375,1006.25,1026.6500244140625,70060,0.0,0.0,-0.009741958607125678,0.4708858974998872,-0.027674227688079023,344491.4,818.260543202506,-0.052905881536842725,0.9522609789856911,-0.02068857541065404,70.95291787519957
2023-10-19,1021.5,1035.0,1010.0499877929688,1026.625,86340,0.0,0.0,-2.4374824397210837e-05,0.47050288161190107,-0.027674227688079023,340513.3,820.3338213795956,-0.04681773969834502,0.9570169309279115,-5.180589711936702e-05,70.78232058787754
2023-10-20,1026.625,1032.5,1000.0,1008.5,49580,0.0,0.0,-0.017654937294533046,0.47722362940548557,-0.027674227688079023,337810.0,822.2061216643758,-0.03522823322125035,0.978790289255198,-0.03699510216326913,66.60494877572333
2023-10-23,1011.4749755859376,1011.5,932.75,968.4249877929688,372396,0.0,0.0,-0.0397372456192675,0.49747441325508435,-0.02958577041591735,351281.5,823.6610357552076,-0.06603822452390051,1.0235046788315763,-0.0798779671108677,55.68172675193066
2023-10-25,985.0,985.0,939.125,968.1749877929688,227748,0.0,0.0,-0.00025815112492066916,0.48108467118161824,-0.02958577041591735,358963.9,825.0989855267277,-0.0661442124012841,1.0272678169167826,-0.0005366022553173178,55.97026087835938
2023-10-26,959.3499755859376,966.9749755859376,935.5,949.9249877929688,185554,0.0,0.0,-0.018849898241641516,0.4860502877404647,-0.02958577041591735,363907.0,826.3410353005212,-0.07473338995426693,1.0504500541681598,-0.03878178519645051,38.601227503778865
2023-10-27,959.9249877929688,987.4249877929688,955.0999755859376,974.7999877929688,105526,0.0,0.0,0.026186278200549307,0.4862674982308555,-0.02958577041591735,356277.6,827.8182388079088,-0.05048095673398878,1.02765056032691,0.053851589417973966,28.500146001101825
2023-10-30,971.0,1004.3250122070312,957.5,988.7000122070312,149922,0.0,0.0,0.01425936047202181,0.48636251466932345,-0.02958577041591735,360609.7,829.4190524735717,-0.01963310638866511,1.0177670084334942,0.029318378264683757,36.83906791945926
2023-10-31,993.0250244140624,997.2249755859376,971.0999755859376,979.0,316004,0.0,0.0,-0.009810874974481187,0.4890205379444703,-0.02958577041591735,372089.4,830.9074201106506,0.0109198051891779,1.0318411681941873,-0.020062295982694045,35.63513174529302
2023-11-01,980.5,993.4749755859376,963.0,990.2000122070312,115946,0.0,0.0,0.011440257616988081,0.4895438421084782,-0.02958577041591735,366600.3,832.4924210270325,0.022749011998616453,1.0231897501127536,0.023369219259346416,25.793559144177365
2023-11-02,994.5,1001.3250122070312,970.5,988.4000244140624,105828,0.0,0.0,-0.0018178022326589272,0.4793335033435818,-0.02958577041591735,361934.8,834.0437404637194,0.04050323669291567,1.0280870394405417,-0.0037923537204375348,26.497884786403006
2023-11-03,989.2750244140624,1002.7750244140624,980.0250244140624,983.4500122070312,34848,0.0,0.0,-0.005008106115705124,0.4798491688133115,-0.02958577041591735,286609.7,835.5303700333046,0.008873640256856108,1.031854687983407,-0.010436833773666956,30.882146026921376
2023-11-06,984.0,1031.925048828125,981.5,1021.5499877929688,141848,0.0,0.0,0.03874114099651549,0.3894750952578064,-0.02958577041591735,227136.4,837.3813115035501,0.033225422454084885,0.9908068763508558,0.09947013422301139,45.99215878394582
2023-11-07,1022.2999877929688,1052.5,1007.5250244140624,1047.0999755859375,151192,0.0,0.0,0.025011001026165047,0.3329614899215354,-0.02958577041591735,215520.2,839.4680643799919,0.06956075136459394,0.9667033017508015,0.07511679588198353,52.385886185862965
2023-11-08,1055.0,1055.0,1028.75,1044.425048828125,94028,0.0,0.0,-0.0025546049280686933,0.3200337113890996,-0.02958577041591735,205256.1,841.5074373595754,0.05476170061867891,0.9692390131756572,-0.007982299230782572,54.24275601714787
2023-11-09,1049.9000244140625,1065.0,1001.0,1028.074951171875,74514,0.0,0.0,-0.015654639530711445,0.32462784590808325,-0.02958577041591735,153773.0,843.3638305318372,0.04014055623008761,0.9819335157130322,-0.04822334019032543,50.32106968942236
2023-11-10,1083.949951171875,1097.5,1055.0,1075.949951171875,767904,0.0,0.0,0.04656761644219487,0.3368512986258475,-0.02958577041591735,177054.7,845.6781202894496,0.094056574118351,0.9381907078841804,0.13824383414795977,63.19701391258354
2023-11-13,1110.0,1168.949951171875,1101.125,1159.324951171875,582260,0.0,0.0,0.0774896638167899,0.4297506745444157,-0.026551429504549324,192576.4,848.7989842783295,0.13486854781973556,0.8756356406473915,0.1803130666305691,81.9390898036789
2023-11-15,1172.0,1234.0,1140.4000244140625,1215.824951171875,870404,0.0,0.0,0.04873525748142349,0.4386557912561568,-0.026551429504549324,228219.3,852.450983948912,0.16113549758371648,0.8423025795684714,0.11110136316871397,84.87045023956469
2023-11-16,1220.0,1236.7249755859375,1175.5250244140625,1184.5,254582,0.0,0.0,-0.025764359533568038,0.4507291314680038,-0.026551429504549324,237824.2,855.7549542578781,0.13411680553721217,0.8708146835591231,-0.057161512676226614,81.85645681473326
2023-11-17,1190.75,1237.125,1188.7750244140625,1207.324951171875,262204,0.0,0.0,0.019269692842444064,0.4520116600041207,-0.026551429504549324,247431.4,859.2531631823955,0.17435499210994077,0.8618340389666512,0.04263096313922248,81.75486540297112
2023-11-20,1210.0,1232.4000244140625,1187.4749755859375,1198.550048828125,134574,0.0,0.0,-0.007268053505589123,0.450891574713438,-0.026551429504549324,249843.1,862.6292515967808,0.11394591125983111,0.8753159640524307,-0.016119292867726284,79.06511673675179
2023-11-21,1192.5,1232.125,1156.5999755859375,1168.699951171875,223838,0.0,0.0,-0.024905174118874496,0.4643519178458942,-0.026551429504549324,258556.0,865.674731194543,0.008086602458200698,0.9045264252417226,-0.053634264499360165,74.88521573739123
2023-11-22,1172.949951171875,1380.0,1168.699951171875,1313.5999755859375,2700492,0.0,0.0,0.123983939820284,0.6081279663326666,-0.026551429504549324,374960.8,870.1316988004276,0.08041866908539896,0.8178888233642732,0.20387803989543898,81.40720761633419
2023-11-23,1291.0250244140625,1337.5,1253.5250244140625,1325.175048828125,779960,0.0,0.0,0.008811718527190537,0.577210602498319,-0.026551429504549324,402571.4,874.6594933280663,0.11876323244248632,0.8242146895392837,0.01526603693069867,82.09673806854342
2023-11-24,1320.5999755859375,1330.4749755859375,1276.0,1294.625,450414,0.0,0.0,-0.023053594961013557,0.5903768088665011,-0.026551429504549324,415814.4,878.8382545884837,0.07230865952317833,0.8569769176907828,-0.03904895013539911,78.27706546077074
2023-11-28,1299.824951171875,1306.875,1238.449951171875,1245.5250244140625,256442,0.0,0.0,-0.03792602150115865,0.6074318277936837,-0.02958577041591735,423360.2,882.4868791638627,0.03919316980702381,0.901627805049346,-0.06243667048950494,69.95412016663443
2023-11-29,1256.5,1317.7249755859375,1247.5,1304.300048828125,388892,0.0,0.0,0.04718895506873677,0.6171707498966027,-0.02958577041591735,435308.7,886.6840251306713,0.11602644247591654,0.8730966442504539,0.07646012762601154,71.63344615627852
2023-11-30,1300.0,1364.4000244140625,1269.324951171875,1338.449951171875,419282,0.0,0.0,0.026182550843598218,0.6184554061394754,-0.02958577041591735,440472.6,891.1792084743649,0.018917460450509793,0.8642478504880533,0.042335389359244406,73.48722923682857
2023-12-01,1355.0,1355.0,1306.4000244140625,1316.4749755859375,200224,0.0,0.0,-0.016418227343276692,0.6222371358617909,-0.02958577041591735,444686.5,895.4110071520921,-0.006565225665757235,0.8910661145936094,-0.02638580395347122,72.83271773070183
2023-12-04,1375.324951171875,1378.0,1302.1500244140625,1314.074951171875,146344,0.0,0.0,-0.0018230687696849657,0.6248590398525616,-0.02958577041591735,446712.3,899.5768175403487,0.015023617782659038,0.9050853505215375,-0.0029175680021200413,70.3152343678039
2023-12-05,1315.0,1332.9749755859375,1285.5999755859375,1296.2750244140625,125692,0.0,0.0,-0.013545594748563428,0.6299647348601085,-0.02958577041591735,451254.5,903.524063379888,0.040745869416694,0.9295799237881606,-0.021502147317103266,63.15562970063288
2023-12-06,1296.699951171875,1308.25,1269.074951171875,1279.425048828125,75620,0.0,0.0,-0.01299876590120519,0.6335553476537825,-0.02958577041591735,447943.1,907.2643716928059,-0.019071531908895878,0.9519002246912284,-0.020517174614927008,56.613301120166206
2023-12-07,1288.0,1312.5,1280.0,1306.175048828125,80420,0.0,0.0,0.02090782889118925,0.6275284323916799,-0.02958577041591735,444404.5,911.2336321618141,-0.024113641541465003,0.9423229652269596,0.033317739051801194,62.77361541135126
2023-12-08,1315.0,1315.0,1262.5,1271.699951171875,68548,0.0,0.0,-0.026393933712927975,0.6397487462592225,-0.02958577041591735,443130.5,914.8203617042028,-0.03401129929882185,0.9768047007391029,-0.04125671750776066,56.59681235838801
2023-12-11,1290.7750244140625,1305.0,1272.75,1286.824951171875,75578,0.0,0.0,0.011893528804544085,0.6381206679576741,-0.02958577041591735,443183.7,918.5218999078613,-0.020737021108041653,0.9753774117383679,0.018638369222902646,58.929733045108435
2023-12-12,1300.0,1302.9749755859375,1228.5,1238.8499755859375,151742,0.0,0.0,-0.037281664100659584,0.6535970205813738,-0.03232110912590608,412375.6,921.7092439444591,-0.044300050333903496,1.019723950720977,-0.05704074889614719,56.84524013587953
2023-12-13,1240.0999755859375,1287.5,1239.4000244140625,1248.6500244140625,143444,0.0,0.0,0.00791060178492553,0.6396908562594564,-0.03232110912590608,390434.8,924.9623860386841,-0.024053792320425926,1.0152974975610867,0.012366288471777268,41.39279845185468
2023-12-14,1267.375,1292.449951171875,1245.4000244140625,1261.074951171875,241982,0.0,0.0,0.009950687954891846,0.5877319605938126,-0.03232110912590608,359013.7,928.3067896718502,-0.0345283717497995,1.0070882336827054,0.016930656239166654,41.52451218746452
2023-12-15,1267.75,1300.5,1261.0,1271.300048828125,282598,0.0,0.0,0.008108239440287157,0.5657663344512113,-0.03232110912590608,360414.5,931.7196579221614,-0.0003144628128526339,1.0024020283278394,0.014331427664104132,46.740731574704334
2023-12-18,1274.9000244140625,1278.375,1247.5,1256.3499755859375,127802,0.0,0.0,-0.011759673301333096,0.5589251826686747,-0.03232110912590608,353694.4,934.9498103367265,-0.023682300811920687,1.0162813098188024,-0.02103979826921867,51.672194237150016
2023-12-19,1265.5,1279.9749755859375,1241.2750244140625,1267.2249755859375,217144,0.0,0.0,0.008656027549113432,0.5563248799305472,-0.03232110912590608,357822.9,938.25603088647,0.02290430686458178,1.01026950208682,0.015559303036385929,43.27802192346113
2023-12-20,1267.2249755859375,1312.4000244140625,1251.5,1272.324951171875,311848,0.0,0.0,0.004024522625573512,0.5551065638794028,-0.03232110912590608,362223.4,941.5800997450312,0.018960418287679914,1.0102922165703434,0.007249999936855083,36.599458115402754
2023-12-21,1269.5,1279.9749755859375,1232.0,1264.324951171875,163810,0.0,0.0,-0.0062877018898604975,0.5468276096086776,-0.02984685225669385,235389.3,944.7914913015172,0.0025771664063105604,1.0147361583802808,-0.011498508239872961,38.79699308880709
2023-12-22,1266.1500244140625,1306.5,1266.1500244140625,1290.050048828125,147544,0.0,0.0,0.020346903406759376,0.33957915444809467,-0.02984685225669385,203768.5,948.2268998341203,0.014748681884566572,0.9931397584615573,0.05991799714752358,45.30901412741351
2023-12-26,1289.9749755859375,1320.449951171875,1272.550048828125,1307.925048828125,264706,0.0,0.0,0.01385605156655556,0.3417912012401638,-0.02984685225669385,194483.1,951.8059858937622,0.04105151768569404,0.9800752707400293,0.0405395197737236,52.274060521862744
2023-12-27,1310.5,1328.3499755859375,1280.375,1297.75,300996,0.0,0.0,-0.007779535101985924,0.33302014843623523,-0.02984685225669385,196710.8,955.2482148898442,0.02408808617423941,0.9897717165225872,-0.023360553122418578,53.67269784853361
2023-12-28,1305.0,1340.2249755859375,1293.199951171875,1317.175048828125,288606,0.0,0.0,0.014968251842130575,0.30576258908215664,-0.02984685225669385,191696.5,958.849476919081,0.03525050547420361,0.975663786116009,0.04895383505720624,52.27131573590462
2023-12-29,1323.324951171875,1325.875,1283.199951171875,1295.800048828125,133962,0.0,0.0,-0.016227911407080686,0.2662365140099219,-0.02984685225669385,177430.5,962.2022189281263,0.024894784862923514,0.9901122485373324,-0.0609529870757925,55.260874629138236
2024-01-01,1310.2249755859375,1317.5,1270.0,1276.9749755859375,147000,0.0,0.0,-0.014527760868053852,0.2524438049471919,-0.02984685225669385,174769.3,965.3342861585523,-0.010135322466027441,1.0031617882035706,-0.057548492012342946,47.88400424876543
2024-01-02,1282.5,1294.0,1242.0250244140625,1252.6500244140625,226594,0.0,0.0,-0.01904888634228208,0.2544780889044078,-0.02984685225669385,178781.8,968.1931492257714,-0.04226161465719147,1.0201901798228736,-0.07485471804564842,53.29986277408649
2024-01-03,1259.4749755859375,1299.699951171875,1252.5,1291.5250244140625,131224,0.0,0.0,0.031034206875287573,0.27939218360627005,-0.02984685225669385,179058.4,971.4103818147097,-0.004796744816750187,0.9892984878413614,0.11107757333772232,59.00072364777639
2024-01-04,1295.0,1295.0250244140625,1267.5,1277.625,90504,0.0,0.0,-0.010762489422431964,0.27793944696626544,-0.02984685225669385,179802.6,974.4572934384439,-0.030026418176773206,0.9999911955548013,-0.03872242372459643,53.45295674989194
2024-01-05,1282.375,1295.0,1257.125,1286.2750244140625,121580,0.0,0.0,0.0067703938276586495,0.27520015373358125,-0.02984685225669385,181860.6,977.5599574282511,-0.007350689963838586,0.992492838443737,0.024601707120396214,53.145007975155295
2024-01-08,1287.175048828125,1298.9749755859375,1265.0,1270.2249755859375,59350,0.0,0.0,-0.012477929310208191,0.2680579534354632,-0.02984685225669385,181400.7,980.4720471611633,-0.00528592973946318,1.0049755167440715,-0.0465493699582342,52.90059221411536
2024-01-09,1276.5999755859375,1310.0,1276.5999755859375,1296.824951171875,95294,0.0,0.0,0.020941153021863057,0.2620690525246919,-0.02984685225669385,182386.5,983.6198372508222,0.03526517853897437,0.984747401772847,0.07990700168925892,55.80618757240141
2024-01-10,1304.875,1307.7249755859375,1275.5250244140625,1292.074951171875,75976,0.0,0.0,-0.003662791956391409,0.2594958635034257,-0.02984685225669385,178598.2,986.6890423644645,0.0004257964401905845,0.9904272572108476,-0.014115029680204358,53.87939051627065
2024-01-11,1292.074951171875,1327.0,1289.5250244140625,1317.949951171875,156374,0.0,0.0,0.02002592804429204,0.22900528533737008,-0.02693832023231455,179244.7,989.9851708103095,0.03156243120780755,0.973611513242168,0.08744744532998631,59.84214777711432
2024-01-12,1341.0,1412.5,1316.074951171875,1354.5250244140625,1253880,0.0,0.0,0.027751488749376385,0.24412580141442808,-0.02693832023231455,229839.6,993.6124330352225,0.05306019218641822,0.9507714710232782,0.11367699543357768,61.38026904767113
2024-01-15,1378.0,1414.0,1363.0250244140625,1398.949951171875,288074,0.0,0.0,0.032797420466284644,0.26322971816595364,-0.02693832023231455,230113.4,997.6456421709106,0.1013402964514678,0.9251412061117967,0.12459618712065627,64.68971916096237
2024-01-16,1405.0,1409.4749755859375,1360.4000244140625,1374.7750244140625,120792,0.0,0.0,-0.01728076600421735,0.2740248806358296,-0.02693832023231455,229762.9,1001.3981733375092,0.06010840026770614,0.9457165532322095,-0.06306276033582271,61.89299881407814
2024-01-17,1374.7750244140625,1375.0,1345.375,1351.7750244140625,115506,0.0,0.0,-0.01673001006823116,0.2781083600754129,-0.02693832023231455,224681.0,1004.8845101641416,0.04620480660819348,0.9649349754522885,-0.060156442122524356,55.28405205422092
2024-01-18,1358.550048828125,1366.9749755859375,1280.800048828125,1323.5250244140625,170460,0.0,0.0,-0.020898447959004973,0.2899795998816562,-0.02693832023231455,217611.6,1008.0550625447379,0.004230109980451369,0.9874652761028847,-0.0720686808549534,54.14703064982552
2024-01-19,1328.5,1345.0,1315.925048828125,1334.199951171875,71004,0.0,0.0,0.00806552695332563,0.2906318237583212,-0.025795838242536034,212971.3,1011.3002853171472,-0.015005313948319055,0.982183182146809,0.027751698253511443,58.77347594342519
2024-01-23,1343.5,1343.5,1291.074951171875,1306.875,75558,0.0,0.0,-0.020480401867706943,0.2999988603436042,-0.025795838242536034,209372.0,1014.24132725429,-0.06581718745173515,1.0033629851521402,-0.06826826329129067,58.23775093574909
2024-01-24,1296.5,1332.5,1295.125,1327.824951171875,58456,0.0,0.0,0.016030570002391276,0.29698435904156806,-0.025795838242536034,199059.5,1017.3615623181466,-0.03415109556721685,0.988281621895829,0.05397782399836512,55.832253620813425
2024-01-25,1330.3499755859375,1337.824951171875,1297.175048828125,1304.925048828125,60102,0.0,0.0,-0.017246175652550932,0.3002594924562627,-0.025795838242536034,187014.8,1020.2228905421266,-0.03465811598808388,1.0058997257797186,-0.05743756820839699,54.26297215092772
2024-01-29,1305.1500244140625,1354.9749755859375,1305.0,1348.699951171875,96098,0.0,0.0,0.03354591314118882,0.32013291290763685,-0.025795838242536034,177389.4,1023.4913190061043,0.019021118825431893,0.9744198424227614,0.10478745152640025,58.78421156814682
2024-01-30,1374.449951171875,1375.4749755859375,1322.2249755859375,1333.425048828125,119610,0.0,0.0,-0.011325649067072119,0.3196986042233953,-0.025795838242536034,176671.8,1026.575236715776,-0.000580799259563336,0.9869930410060295,-0.035426018641288554,58.91273066864689
2024-01-31,1335.949951171875,1374.0,1334.949951171875,1363.574951171875,90848,0.0,0.0,0.02261087143236673,0.3219726221567411,-0.025795838242536034,173864.2,1029.928467705389,0.043385902379244445,0.9683451881695259,0.07022606636131551,59.32003883757462
2024-02-01,1370.0,1395.0,1341.0250244140625,1381.125,63218,0.0,0.0,0.012870615445848665,0.3175393671489724,-0.025795838242536034,165695.4,1033.422960564042,0.040140870060533906,0.9606914591040479,0.04053234455961808,62.00460896919971
2024-02-02,1390.074951171875,1402.5,1338.0,1343.5250244140625,463922,0.0,0.0,-0.027224165507059417,0.3261400301922463,-0.026435445302634548,182330.3,1036.5085532391665,0.029580224259317944,0.9895126382442118,-0.0834738521863549,53.34205996595363
2024-02-05,1341.0,1341.0,1285.9749755859375,1312.2750244140625,171230,0.0,0.0,-0.023259708179703464,0.3226832924110832,-0.026435445302634548,186366.6,1039.2524982259815,-0.02700743536482164,1.0143967292756748,-0.07208215611377282,44.400996995336335
2024-02-06,1317.550048828125,1341.4749755859375,1316.0,1333.9749755859375,66932,0.0,0.0,0.01653613058860448,0.32404647603243153,-0.026435445302634548,183634.2,1042.1850601897622,0.00041241669960823124,0.9996832883979875,0.0510301185211726,40.837608898889535
2024-02-07,1348.0,1350.7249755859375,1315.0,1317.925048828125,49494,0.0,0.0,-0.01203165505467052,0.32727509692109125,-0.026435445302634548,183141.4,1044.928741668751,-0.03347810276546792,1.0136672757562166,-0.03676312313472547,41.795340760591905
2024-02-08,1317.949951171875,1322.875,1263.324951171875,1267.9749755859375,219660,0.0,0.0,-0.037900541678452915,0.3517526165416744,-0.027727040436739424,189359.7,1047.1481071803648,-0.08192598382772198,1.052461618574539,-0.10774771478206033,38.77876534071382
2024-02-09,1274.324951171875,1283.800048828125,1225.0,1238.199951171875,329918,0.0,0.0,-0.02348234388482573,0.35232849531055654,-0.027727040436739424,202056.8,1049.0491205534147,-0.07839457496381341,1.0755946516204633,-0.06664900378732469,38.62103072061275
2024-02-12,1238.5,1272.5,1190.5,1199.75,102346,0.0,0.0,-0.031053103447052033,0.36648224125965134,-0.03136453147973241,199355.4,1050.5486317916893,-0.08574805000522323,1.1051396103843247,-0.08473289863374862,33.306415372392706
2024-02-13,1191.5,1203.125,1182.074951171875,1197.5999755859375,105182,0.0,0.0,-0.0017920603576265792,0.35666916699175755,-0.03136453147973241,141920.5,1052.0118292423783,-0.10223205269656455,1.100571995646811,-0.00502443292897158,35.52742748419715
2024-02-14,1181.6500244140625,1199.425048828125,1176.0,1181.925048828125,100706,0.0,0.0,-0.013088616464060454,0.3379819281450489,-0.03136453147973241,132552.1,1053.3044980939778,-0.10319251471920099,1.1059870093252346,-0.038725786756224,30.402942403439383
2024-02-15,1188.0,1192.0999755859375,1152.5250244140625,1159.0250244140625,154952,0.0,0.0,-0.019375191715217288,0.30911575565267785,-0.03136453147973241,134260.1,1054.3564436295012,-0.085924370172628,1.1185317164790205,-0.06267940321422244,30.40293243352579
2024-02-16,1175.0,1187.4749755859375,1155.949951171875,1160.074951171875,661734,0.0,0.0,0.0009058706548146223,0.30920327082653815,-0.03136453147973241,161571.5,1055.408369077684,-0.06309562516624223,1.1092569881264829,0.0029296928945679985,21.37922832718789
2024-02-19,1139.0250244140625,1206.0250244140625,1139.0250244140625,1156.1500244140625,713174,0.0,0.0,-0.003383338941891356,0.3078395148678206,-0.03136453147973241,188707.2,1056.4107736083945,-0.0363408840057825,1.1057842575281793,-0.010990593047933291,22.141871405691234
2024-02-20,1164.6500244140625,1212.449951171875,1150.574951171875,1202.074951171875,282008,0.0,0.0,0.039722290176906094,0.34350220351534,-0.03136453147973241,199257.4,1057.8601684100213,0.003736619636910188,1.0580423833788377,0.11563910977572839,25.819712269251596
2024-02-21,1195.5250244140625,1261.8499755859375,1189.550048828125,1224.5250244140625,230094,0.0,0.0,0.018676101037045534,0.35023504227825547,-0.03136453147973241,206984.2,1059.5185251861808,0.03604287397764794,1.0352820255063422,0.05332447713488057,26.892415556405695
2024-02-22,1228.175048828125,1245.0,1204.5250244140625,1241.0250244140625,111780,0.0,0.0,0.013474612336236369,0.34966488278481916,-0.03136453147973241,209650.4,1061.3245600043688,0.07074911953816931,1.0180203673307873,0.03853578844853759,33.87095533439188
2024-02-23,1240.0250244140625,1260.0,1230.0,1247.7750244140625,87380,0.0,0.0,0.0054390522892049376,0.3445843101758997,-0.027415612404059046,211014.3,1063.179788505958,0.07559862675562079,1.0102231775250732,0.01578438707376026,39.00254837038339
2024-02-26,1249.7750244140625,1250.0,1213.0,1221.0999755859375,68156,0.0,0.0,-0.02137809164809279,0.3470654875182789,-0.027415612404059046,209617.2,1064.7511336510324,0.05617778817657482,1.0270668055815055,-0.06159670667628628,31.075520910416415
2024-02-27,1221.0999755859375,1253.9749755859375,1215.0,1243.425048828125,62042,0.0,0.0,0.018282756275934675,0.33048531616986543,-0.027415612404059046,206738.8,1066.5289835532922,0.034398934622120514,1.0050073001170807,0.0553209320601955,37.76683085291508
2024-02-28,1258.8499755859375,1274.949951171875,1228.1500244140625,1244.425048828125,87406,0.0,0.0,0.0008042302195394591,0.329608479800952,-0.027415612404059046,206566.7,1068.2990936555293,0.016251219058250443,0.9994123449015286,0.0024399560218401153,45.392304121607225
2024-02-29,1249.3499755859375,1276.0,1225.4000244140625,1260.949951171875,217048,0.0,0.0,0.013279146348999848,0.3219404429956496,-0.027415612404059046,214258.2,1070.216017610916,0.016055217554714396,0.981549666195598,0.04124721272346377,54.69459723176342
2024-03-01,1256.25,1284.5,1240.5,1249.449951171875,61912,0.0,0.0,-0.009120108208349076,0.31680292838217133,-0.027415612404059046,194157.7,1071.999439835403,0.0013423307287296904,0.9868192390127922,-0.028787953340720426,61.53935101143655
2024-03-04,1245.550048828125,1254.574951171875,1237.5250244140625,1249.9000244140625,29942,0.0,0.0,0.00036021710334654955,0.30618184477727034,-0.027415612404059046,187093.3,1073.7695949058375,0.02358533240843408,0.9839686982777236,0.0011764808976305495,62.239661258938064
2024-03-05,1248.0,1256.25,1236.75,1249.050048828125,107206,0.0,0.0,-0.0006800348582567395,0.29746156528060697,-0.027415612404059046,189107.0,1075.5136790244674,0.004523794984909957,0.9812387060166231,-0.002286126729528802,66.88042658054229
2024-03-06,1249.9000244140625,1249.9000244140625,1179.925048828125,1217.7750244140625,193188,0.0,0.0,-0.02503904822981684,0.29935816390598663,-0.027415612404059046,196291.7,1076.9292147994884,-0.021415531967279855,1.0023269717070338,-0.08364244043551772,64.17712684969945
2024-03-07,1217.5,1237.5,1200.0,1217.074951171875,77844,0.0,0.0,-0.0005748789621665695,0.29819128832938646,-0.027415612404059046,189200.9,1078.323699738517,-0.03479519544707099,1.0008124397333755,-0.0019278864453366772,63.778093524554606
2024-03-11,1236.300048828125,1236.300048828125,1190.925048828125,1200.0250244140625,97990,0.0,0.0,-0.014008937363632179,0.27409074960450325,-0.02514830409367897,177604.5,1079.534658193,-0.03955734818466017,1.0134413700886162,-0.051110578787282895,59.97271970771865
2024-03-12,1205.9749755859375,1209.175048828125,1180.0,1202.074951171875,78846,0.0,0.0,0.0017082366751588474,0.26345153881087463,-0.02514830409367897,176429.5,1080.7539645907998,-0.038263118895935144,1.011809830373465,0.0064840638928456195,49.99999996024988
2024-03-13,1182.125,1195.0,1136.0999755859375,1167.1500244140625,112374,0.0,0.0,-0.029053867833919167,0.26068101560959706,-0.027315650623402403,176789.1,1081.6136268775986,-0.06556985005597027,1.0407820155704883,-0.11145371154642848,34.787215974111476
2024-03-14,1167.1500244140625,1232.125,1167.1500244140625,1224.324951171875,72570,0.0,0.0,0.0489867845279921,0.31323638578439283,-0.027315650623402403,175382.3,1083.033640054656,0.005378601651782056,0.9939099491807807,0.15638918461349788,46.35767017134225
2024-03-15,1214.300048828125,1247.875,1191.5250244140625,1212.9749755859375,174846,0.0,0.0,-0.009270394738809973,0.3113097532088512,-0.027315650623402403,176377.0,1084.3265886669076,-0.003368712487254566,1.00543397193291,-0.029778682953128778,42.559317779310504
2024-03-18,1216.0,1251.0,1210.0,1230.6500244140625,149298,0.0,0.0,0.014571651669554875,0.30488618822614244,-0.027315650623402403,150755.2,1085.7825432514564,0.02552030114118109,0.9938609490566122,0.04779373994078499,52.123650189862175
2024-03-19,1250.9749755859375,1275.0,1146.175048828125,1166.8499755859375,434054,0.0,0.0,-0.05184256089256689,0.359405685149604,-0.02915382961457581,136799.2,1086.5891843692125,-0.02930347691847124,1.0486609456068652,-0.1442452403849283,35.623744958317005
2024-03-20,1167.5,1197.6500244140625,1167.5,1177.824951171875,97122,0.0,0.0,0.009405644097842503,0.3603840274583576,-0.02915382961457581,127554.9,1087.4970029443634,0.009146147911166302,1.0378600806198364,0.026098947567646708,37.94785652530049
2024-03-21,1180.050048828125,1219.375,1168.75,1179.0,117048,0.0,0.0,0.0009976430087983434,0.33198148526898213,-0.02915382961457581,121902.6,1088.4074805270068,-0.03702036059012914,1.0348950360971956,0.003005116318275574,34.29776459051102
2024-03-22,1171.800048828125,1214.0,1162.800048828125,1205.2249755859375,79200,0.0,0.0,0.02224340592530738,0.33482451619265086,-0.02915382961457581,120273.6,1089.5698436619216,-0.006389249700931576,1.010891136341469,0.06643302442100374,41.97878163538411
2024-03-26,1201.5,1214.0,1165.074951171875,1170.9000244140625,121104,0.0,0.0,-0.02848011936957029,0.34410611668482854,-0.02915382961457581,121959.8,1090.3790991917936,-0.048551577470977714,1.037242693478418,-0.0827655108729163,37.2395332014466
2024-03-27,1171.0,1199.5,1171.0,1193.550048828125,52816,0.0,0.0,0.019344114733789386,0.3514621423408657,-0.02915382961457581,121192.8,1091.4056758050906,0.022882181772151178,1.016404800092293,0.055038969644243485,41.62516604010912
2024-03-28,1194.7249755859375,1207.3499755859375,1168.0,1183.6500244140625,118174,0.0,0.0,-0.008294603501363684,0.3451824512885008,-0.02915382961457581,123999.4,1092.3235300201052,0.004945618817458364,1.0223809594036422,-0.0240296203648398,44.495521211228294
2024-04-01,1175.0,1214.7249755859375,1171.199951171875,1196.625,63576,0.0,0.0,0.010961834425982753,0.3408656376168276,-0.02915382961457581,122807.9,1093.3613555920444,0.014949109414758244,1.0092980216167866,0.032158812431298804,46.82700282449326
2024-04-02,1199.949951171875,1210.0,1185.0,1190.2750244140625,52094,0.0,0.0,-0.005306571052700271,0.3409787494433692,-0.02915382961457581,114560.2,1094.3256707047015,-0.01240428258185311,1.0117136578347494,-0.01556276133259146,48.43524213642207
2024-04-03,1199.7750244140625,1233.9749755859375,1187.9000244140625,1225.2750244140625,133680,0.0,0.0,0.02940496883670174,0.35433554700093656,-0.02915382961457581,118148.6,1095.6286493485757,0.046438635977661846,0.9818275313468465,0.08298622098663391,53.36721064056435
2024-04-04,1232.5999755859375,1274.949951171875,1230.0250244140625,1238.6500244140625,341484,0.0,0.0,0.010915916617492583,0.35543730290652265,-0.02915382961457581,133725.7,1097.0517476079337,0.03778641342289624,0.9707715890210535,0.03071122873462468,61.06982669753555
2024-04-05,1249.5,1253.2249755859375,1218.324951171875,1238.425048828125,175196,0.0,0.0,-0.0001816296625384295,0.3554320008042858,-0.02915382961457581,137125.2,1098.4584471225626,0.04627636825435588,0.9705189697016651,-0.0005110109866790857,52.650394268576854
2024-04-08,1253.0,1262.2249755859375,1227.125,1239.1500244140625,254124,0.0,0.0,0.0005854012615649218,0.3554374823238424,-0.02915382961457581,140172.0,1099.8583633145179,0.03553746947795888,0.9708136454342907,0.001646987935171333,55.124825976265384
2024-04-09,1249.0,1249.0,1220.0250244140625,1239.0250244140625,79954,0.0,0.0,-0.00010087559822236081,0.3437306476285935,-0.02915382961457581,140277.5,1101.2431062110306,0.04095692087969183,0.9717973667827478,-0.00029347279907560215,51.76074878052163
2024-04-10,1237.5,1259.4749755859375,1234.324951171875,1242.7249755859375,46750,0.0,0.0,0.002986179535497957,0.3437401391295209,-0.02915382961457581,137715.5,1102.650886005806,0.014241660708149695,0.9706220421725938,0.008687316692740388,71.34619843520085
2024-04-12,1246.5,1252.3499755859375,1213.75,1218.4749755859375,71680,0.0,0.0,-0.01951356935476911,0.3473227427887956,-0.02915382961457581,137357.2,1103.803364509091,-0.01628793317762922,0.9906122645665133,-0.05618281324239984,60.64137440423681
2024-04-15,1215.5,1237.449951171875,1181.074951171875,1230.675048828125,71760,0.0,0.0,0.010012575954890357,0.3487379190208681,-0.02915382961457581,135326.5,1105.065769328186,-0.006257948357337839,0.9833729116844497,0.02871088895607686,62.78927697843624
2024-04-16,1225.5250244140625,1239.7249755859375,1190.0,1221.375,72544,0.0,0.0,-0.007556867945751167,0.3327048324871185,-0.02915382961457581,135325.2,1106.2230751060151,-0.014344529769482528,0.9907399517305676,-0.022713429384616634,54.36251388222074
2024-04-18,1221.9749755859375,1233.0,1218.7750244140625,1224.949951171875,42902,0.0,0.0,0.0029269889852625575,0.2864395393060299,-0.02915382961457581,128728.0,1107.4044370569193,-0.011359797392989424,0.9883373244482445,0.010218522520210308,67.50888730743407
2024-04-19,1207.5,1221.1500244140625,1194.9749755859375,1204.0999755859375,79496,0.0,0.0,-0.017021083649981672,0.290885862389469,-0.02915382961457581,125237.9,1108.3665817188996,-0.03108089139496739,1.0043487080832527,-0.05851464531488842,53.45786026658652
2024-04-22,1175.0,1197.6500244140625,1161.4749755859375,1165.0,132098,0.0,0.0,-0.03247236639707651,0.30606358929601746,-0.031124066594553256,110140.1,1108.9300983187115,-0.04388680658806521,1.037977473050228,-0.10609679318862747,44.869315800335336
2024-04-23,1180.5,1182.4749755859375,1161.5,1176.199951171875,37800,0.0,0.0,0.009613691993025641,0.24993795929797288,-0.031124066594553256,107174.0,1109.5994500883949,-0.04426440408304555,1.0280246185172845,0.038464311845169546,44.32558255965926
2024-04-24,1180.0,1224.25,1171.1500244140625,1205.550048828125,86270,0.0,0.0,0.02495332330783362,0.26241101225797436,-0.031124066594553256,105635.1,1110.5541824141635,-0.012956668649575231,1.0040976811552527,0.09509251209464133,53.76278509688979
2024-04-25,1202.0250244140625,1232.4000244140625,1185.550048828125,1227.425048828125,56210,0.0,0.0,0.018145244174029962,0.2688563560677715,-0.031124066594553256,104485.6,1111.7170766073373,0.0020205704354550047,0.9871071259005163,0.06749047619521881,50.56624296785959
2024-04-26,1227.425048828125,1234.574951171875,1211.074951171875,1215.300048828125,52738,0.0,0.0,-0.009878403582830764,0.2613885795628646,-0.031124066594553256,101067.3,1112.7477529478426,0.009301614043084161,0.998782164617028,-0.037792022977556114,43.80965569161358
2024-04-29,1210.800048828125,1253.324951171875,1203.375,1242.2750244140625,54030,0.0,0.0,0.022196144575118426,0.249196866737191,-0.031124066594553256,101128.0,1114.036581519646,0.06633049305928118,0.9790555539669621,0.08907071736106474,50.89388806127314
2024-04-30,1242.4749755859375,1249.0,1222.5,1231.824951171875,44700,0.0,0.0,-0.00841204486672864,0.24468211021465996,-0.031124066594553256,97454.3,1115.2086050982753,0.04729212915251324,0.9893167104510802,-0.034379483304087535,48.37274886283183
2024-05-02,1232.0,1242.5,1212.75,1224.949951171875,37374,0.0,0.0,-0.00558115014106475,0.24347467960360558,-0.031124066594553256,96144.2,1116.30055879055,0.016092158399070966,0.9960253926589396,-0.022922917162976023,46.96429010528483
2024-05-03,1224.949951171875,1239.625,1205.0,1209.449951171875,42358,0.0,0.0,-0.012653578201437199,0.2459432525562715,-0.031124066594553256,95657.4,1117.2274184162347,-0.014644558275400676,1.0095829110235617,-0.05144917600067242,43.17085523607508
2024-05-06,1207.9000244140625,1235.0,1177.324951171875,1185.4749755859375,55188,0.0,0.0,-0.0198230406828388,0.2553146758896106,-0.031124066594553256,91732.8,1117.9064985870775,-0.024541324811882315,1.0283220018182733,-0.07764159987024644,43.21964518632946
2024-05-07,1180.050048828125,1196.800048828125,1155.0,1191.8499755859375,57500,0.0,0.0,0.00537759137163496,0.23295283242020554,-0.031124066594553256,77533.6,1118.6422545771159,-0.040590889969722044,1.0208583483507936,0.02308446342944698,41.827161484336436
2024-05-08,1179.925048828125,1194.875,1157.5,1187.375,31526,0.0,0.0,-0.003754646706887299,0.22883517675583767,-0.031124066594553256,70350.1,1119.3261624917716,-0.03608463290956099,1.0225560544202021,-0.016407645870009615,42.6944548229768
2024-05-09,1187.375,1202.425048828125,1160.2249755859375,1166.8499755859375,38274,0.0,0.0,-0.017286050669807373,0.2347986933484178,-0.031124066594553256,59557.6,1119.7990362539026,-0.047430489327629166,1.0374448455277239,-0.07362072457511235,38.363715198963305
2024-05-10,1184.5,1186.5,1140.1500244140625,1147.800048828125,108928,0.0,0.0,-0.01632594348579086,0.23906260537289,-0.02915382961457581,61006.3,1120.0776532944421,-0.05097350434717485,1.0506893122436793,-0.06829149534872128,38.642337621193334
2024-05-13,1164.5,1164.5,1075.6500244140625,1087.8499755859375,266300,0.0,0.0,-0.052230415309177824,0.29198237596487353,-0.031124066594553256,71983.8,1119.7569798844072,-0.08235095806366344,1.1014731082299194,-0.17888207583679833,35.643840066182705
2024-05-14,1091.0,1140.0,1064.5250244140625,1122.3499755859375,265308,0.0,0.0,0.03171393186033544,0.31886174912386894,-0.029224792762077033,81665.2,1119.7827808366615,-0.05831270833045277,1.0633325342867657,0.09945981590102017,40.779117604760415
2024-05-15,1132.0,1165.949951171875,1131.050048828125,1151.2249755859375,106264,0.0,0.0,0.025727269236964556,0.33058094175144254,-0.029224792762077033,83390.4,1120.095638495858,-0.03044533059400989,1.033211375238778,0.07782441517171382,40.68260547009866
2024-05-16,1172.4749755859375,1207.0,1170.0,1200.949951171875,161516,0.0,0.0,0.04319310008074573,0.36462403965404455,-0.029224792762077033,87839.0,1120.9001590199975,0.029223958777403247,0.9895811949809427,0.11845927365934134,45.85517060122983
2024-05-17,1170.0,1174.949951171875,1126.0,1139.4000244140625,883962,0.0,0.0,-0.051251033981684846,0.40395255067961033,-0.03341129977630693,129892.0,1121.084237282625,-0.007318369103258671,1.0392838038282766,-0.12687389305184757,39.70986447957011
2024-05-21,1182.25,1182.25,1152.5250244140625,1171.925048828125,133796,0.0,0.0,0.028545746636075897,0.41818069072997915,-0.03341129977630693,132607.0,1121.590116004471,0.07728554040450564,1.0090673002507184,0.06826175044961721,40.60371573558737
2024-05-22,1171.925048828125,1176.9749755859375,1150.0,1159.75,132110,0.0,0.0,-0.01038893130605878,0.4157576525697678,-0.03341129977630693,132607.6,1121.969816342735,0.03332296095479248,1.0194341410797048,-0.024987949089971193,40.41747515216668
2024-05-23,1165.4749755859375,1170.699951171875,1135.0250244140625,1138.074951171875,121836,0.0,0.0,-0.018689414811920657,0.40541508825869155,-0.03341129977630693,136809.4,1122.1300664405373,-0.011422636489770044,1.0371746552384344,-0.046099454342460426,38.88711223423296
2024-05-24,1144.5,1152.3499755859375,1121.0,1122.125,127130,0.0,0.0,-0.014014851267441841,0.4060297094477815,-0.03341129977630693,138852.4,1122.1300160281937,-0.06563550054268152,1.048199837518798,-0.034516811445484,38.84239926190146
2024-05-27,1129.0,1134.0,1076.5250244140625,1090.4000244140625,628124,0.0,0.0,-0.028272229551910444,0.4034890323638079,-0.03341129977630693,167448.1,1121.8142947186004,-0.04300508947698001,1.0724137612555957,-0.07006938623730616,38.088083328791235
2024-05-28,1096.699951171875,1104.300048828125,1079.625,1090.449951171875,142222,0.0,0.0,4.578756116524474e-05,0.3955047787028538,-0.03341129977630693,171922.3,1121.502211698235,-0.06952244747880554,1.0666399547473928,0.00011576992864085228,37.09101769140834
2024-05-29,1094.925048828125,1110.324951171875,1086.7750244140625,1107.324951171875,75014,0.0,0.0,0.015475263199255407,0.4015303141896229,-0.03341129977630693,172971.5,1121.361144429316,-0.04520374979790909,1.0442914536391303,0.0385407085516839,40.1209344396503
2024-05-30,1107.2249755859375,1120.0,1100.0,1107.5250244140625,65458,0.0,0.0,0.00018068159845552323,0.3904430575778003,-0.03341129977630693,174009.4,1121.2234715933434,-0.026843510373684265,1.038491195429879,0.00046276042132447476,42.29195623755227
2024-05-31,1114.8499755859375,1114.8499755859375,1092.199951171875,1096.949951171875,81574,0.0,0.0,-0.009548383114667991,0.39058201933696896,-0.03341129977630693,176219.4,1120.9819440269607,-0.022435155466748347,1.042668341751042,-0.024446550013775117,43.24430920916361
2024-06-03,1120.0,1122.5,1089.5,1095.675048828125,95170,0.0,0.0,-0.001162224714434834,0.39083001867913403,-0.03341129977630693,178860.0,1120.7301341244847,0.004837696529672364,1.038689566466164,-0.0029737344347944266,51.231616416599444
2024-06-04,1098.9000244140625,1114.9000244140625,1066.0999755859375,1081.625,151460,0.0,0.0,-0.012823189542512825,0.3908722718627048,-0.03341129977630693,183673.6,1120.341028312301,-0.008092944717353667,1.0473812482845544,-0.032806597289027045,43.14913297133401
2024-06-05,1087.0,1092.7249755859375,1057.0,1064.574951171875,277166,0.0,0.0,-0.015763364223390752,0.3891837168936248,-0.03341129977630693,194656.9,1119.7861419725953,-0.0386065535277228,1.0581781867167037,-0.0405036571010055,34.81954851099729
2024-06-06,1075.125,1116.0,1075.125,1110.5250244140625,168852,0.0,0.0,0.0431628352626614,0.4222654455741242,-0.03341129977630693,201523.2,1119.6939915491273,0.0027087424065990184,1.0109339888744293,0.10221730120920258,33.94586992308788
2024-06-07,1116.5,1170.0,1111.75,1159.300048828125,244294,0.0,0.0,0.04392068917113989,0.4524415713854576,-0.03341129977630693,211824.2,1120.0880816713063,0.05683950994267439,0.9680755189067353,0.0970748290567079,53.70094997205868
2024-06-10,1171.0,1215.925048828125,1160.5,1203.324951171875,432620,0.0,0.0,0.03797541662165238,0.4672516577223401,-0.03341129977630693,228008.8,1120.916309228526,0.09824984374599621,0.9349646081546107,0.08127400980025803,55.60012328345441
2024-06-11,1203.0250244140625,1213.574951171875,1185.050048828125,1201.425048828125,147982,0.0,0.0,-0.0015788772117620864,0.46278308509408594,-0.03341129977630693,222092.9,1121.7173912145918,0.11075931938345085,0.9411698184752523,-0.0034117002727618935,57.71545981693056
2024-06-12,1204.0,1207.425048828125,1190.0,1193.449951171875,65846,0.0,0.0,-0.006638031780699882,0.41968664056772154,-0.03341129977630693,212119.8,1122.4311480300873,0.12105770463426313,0.9504378401312013,-0.01581663789334361,60.79960991316648
2024-06-13,1199.425048828125,1212.199951171875,1194.0,1206.074951171875,73052,0.0,0.0,0.01057857515315419,0.40882460303920404,-0.03341129977630693,210459.2,1123.2634246782643,0.08604031845948423,0.9427627126912644,0.02587558286795165,66.58761801750325
2024-06-14,1205.375,1205.375,1189.125,1190.074951171875,72852,0.0,0.0,-0.013266173867928943,0.40470269738346554,-0.03341129977630693,206026.0,1123.9282159866584,0.02654610631204468,0.9549808115502835,-0.03278004724430698,70.99966202418409
2024-06-18,1196.0999755859375,1224.5,1182.4749755859375,1184.6500244140625,154396,0.0,0.0,-0.00455847486956229,0.3760913123462884,-0.03341129977630693,169547.7,1124.5324130854385,-0.015519437820703086,0.9612638494132659,-0.012120659527913932,69.40668409972989
2024-06-19,1188.0250244140625,1196.0,1175.0,1191.0999755859375,95126,0.0,0.0,0.005444604768454875,0.32763177362714635,-0.03341129977630693,167614.2,1125.1947768914135,-0.008594021951064401,0.9568634139657418,0.016618060397494826,68.03358420366105
2024-06-20,1190.0,1198.5,1169.25,1187.550048828125,251570,0.0,0.0,-0.0029803768202296688,0.3137363501713314,-0.0286797317209456,173587.2,1125.8152273584456,-0.004943569135812287,0.9608942314314467,-0.009499621971141903,66.98144629923047
2024-06-21,1200.0,1256.0,1192.5250244140625,1203.25,438412,0.0,0.0,0.013220454318845443,0.3137736867275923,-0.0286797317209456,189416.0,1126.5857226086102,-0.00234226833840645,0.9510648193613002,0.042133723944116935,72.07687568505801
2024-06-24,1203.0999755859375,1208.5,1174.75,1181.2249755859375,249806,0.0,0.0,-0.018304612020829003,0.31345761076341316,-0.0286797317209456,195549.8,1127.1293967675888,-0.0074364858929455435,0.9712999355661779,-0.05839581113468823,66.35754617732826
2024-06-25,1199.0,1208.324951171875,1179.0,1182.949951171875,213838,0.0,0.0,0.0014603277289171324,0.30805989270119355,-0.0286797317209456,174835.5,1127.6848251696215,-0.0014350847990134419,0.9737954153280157,0.0047404018377996925,70.33210201609685
2024-06-26,1194.699951171875,1216.8499755859375,1191.5250244140625,1204.3499755859375,120410,0.0,0.0,0.018090388687080905,0.290716492231991,-0.028482236394168747,173744.9,1128.4476624871968,0.011124171162443242,0.9612207943718019,0.06222690679129327,77.56634362252939
2024-06-27,1210.0,1214.5,1192.550048828125,1197.9000244140625,98964,0.0,0.0,-0.005355545566177344,0.29245016486998376,-0.028482236394168747,174942.4,1129.1387307650762,0.008715401591832483,0.9701769515072408,-0.018312676915164403,70.41236755998463
2024-06-28,1205.0,1215.4000244140625,1202.5,1209.550048828125,66482,0.0,0.0,0.009725372883067518,0.2904383841316819,-0.028482236394168747,174993.6,1129.9388433826189,0.005235860235300205,0.9650499756071321,0.033485148931990484,64.2029669052645
2024-07-01,1218.0,1226.9000244140625,1192.574951171875,1222.425048828125,258310,0.0,0.0,0.010644454119508318,0.29079811827275176,-0.028482236394168747,183830.4,1130.8591041333207,0.03487910778533143,0.9600179586675036,0.036604273152420146,56.55236003150904
2024-07-02,1227.5,1235.0,1221.0250244140625,1228.5999755859375,239218,0.0,0.0,0.0050513745310865055,0.286036912112566,-0.028482236394168747,191032.8,1131.8316501179238,0.038589987994707586,0.9606025311656364,0.01765986885112197,59.05681266218953
2024-07-03,1238.199951171875,1262.5,1225.6500244140625,1259.25,320502,0.0,0.0,0.024947114620806454,0.29252682368652055,-0.028482236394168747,199484.9,1133.0994943953574,0.04558477645781722,0.9442743667563157,0.08528145711083872,69.05042277311951
2024-07-04,1237.574951171875,1281.5,1236.574951171875,1258.375,212578,0.0,0.0,-0.0006948580504267943,0.28519705549549534,-0.028482236394168747,196255.5,1134.3460168391846,0.05048415923984817,0.9526313688521282,-0.002436413745069791,66.2473264497704
2024-07-05,1258.0,1262.4749755859375,1244.2750244140625,1250.824951171875,89864,0.0,0.0,-0.0059998401336048834,0.27710264976384796,-0.028482236394168747,192306.1,1135.5050112106542,0.0341241789736102,0.9639898004812839,-0.021652048156874635,69.91806460996861
2024-07-08,1250.824951171875,1259.875,1231.3499755859375,1250.625,240690,0.0,0.0,-0.0001598554391545326,0.24648677456454549,-0.028482236394168747,192125.9,1136.6504837359214,0.023068859067399528,0.9677950965923289,-0.0006485355368521697,72.39859915619263
2024-07-09,1242.0,1257.25,1233.574951171875,1251.4000244140625,67102,0.0,0.0,0.0006197096764117838,0.2040692950512184,-0.028482236394168747,173850.0,1137.7922702103308,0.018557748071947655,0.9691165675865575,0.0030367608507131717,71.29241207931489
2024-07-10,1249.9749755859375,1275.0,1220.2750244140625,1269.8499755859375,123490,0.0,0.0,0.0147434479877957,0.16753837213947376,-0.028482236394168747,172625.4,1139.1062772289936,0.008417689565961783,0.9577302563750583,0.08800041996061506,76.29392675346537
2024-07-11,1269.8499755859375,1274.3499755859375,1250.625,1260.0250244140625,73334,0.0,0.0,-0.007737096004070465,0.17080858852271627,-0.028482236394168747,172999.8,1140.3094488427753,0.0013112342616965478,0.9678399021519308,-0.04529687656819858,68.84649634298631
2024-07-12,1260.0250244140625,1322.5,1251.8499755859375,1277.050048828125,296152,0.0,0.0,0.013511655787931343,0.17174507563410266,-0.028482236394168747,184154.8,1141.6700518277041,0.02096624122478552,0.957715989551879,0.07867273603809245,82.90134020106484
2024-07-15,1286.5,1286.5,1254.5,1264.0250244140625,72672,0.0,0.0,-0.01019930614780118,0.17566437237013072,-0.028482236394168747,184145.8,1142.8875142414988,0.010714662200149938,0.9705098642738269,-0.05806132131162993,75.83243934055886
2024-07-16,1264.0250244140625,1265.25,1241.3499755859375,1248.75,61244,0.0,0.0,-0.012084431968538922,0.1743883847528734,-0.028482236394168747,179488.2,1143.9408723087477,-0.002117647724438343,0.9849479508805681,-0.06929607893727004,64.72150059600148
2024-07-18,1237.5,1251.824951171875,1220.5,1238.0999755859375,127148,0.0,0.0,-0.008528548079329346,0.17689481370853447,-0.028482236394168747,181089.3,1144.8777788090183,-0.02500295358540272,0.9953184540520768,-0.04821253613040503,62.967726127601736
2024-07-19,1232.574951171875,1255.625,1209.9749755859375,1216.175048828125,61272,0.0,0.0,-0.017708526928478796,0.1892344198718767,-0.02024550012629238,171574.4,1145.5872043813476,-0.03480087675745058,1.0144386738166555,-0.09357983608198864,52.00423650549464
2024-07-22,1195.0,1222.675048828125,1190.0,1217.2750244140625,82472,0.0,0.0,0.0009044549853225448,0.18866695195672986,-0.02024550012629238,153777.4,1146.3005160234643,-0.04680711180342112,1.0140980716145152,0.004793923514441169,48.32246623944403
2024-07-23,1199.5,1222.425048828125,1175.5,1191.0250244140625,167334,0.0,0.0,-0.021564559753154744,0.19904210770795866,-0.021899943243092527,149653.8,1146.7455360074505,-0.057752021194231506,1.036860042409062,-0.10834169170564693,39.17615962790584
2024-07-24,1191.8499755859375,1218.5,1187.5,1215.550048828125,75110,0.0,0.0,0.020591527391397912,0.20058423456179794,-0.021899943243092527,142717.4,1147.4301580255667,-0.026586547484985013,1.0172812410308878,0.10265775079385099,36.95133949890377
2024-07-25,1214.5,1214.5,1187.0999755859375,1196.625,77358,0.0,0.0,-0.015569123497934156,0.209059060790931,-0.021899943243092527,140564.8,1147.9196589407352,-0.033498890561167505,1.0330471228895723,-0.07447236534167904,33.35579512307379
2024-07-26,1198.0,1208.550048828125,1187.0,1195.25,60918,0.0,0.0,-0.0011490650788676948,0.19920372762856958,-0.021899943243092527,138662.5,1148.3906076079916,-0.01720562253623592,1.0341246703258995,-0.0057682907587317134,34.50440083621682
2024-07-29,1199.949951171875,1213.175048828125,1177.75,1182.7750244140625,272234,0.0,0.0,-0.010437126614463499,0.20159649104110366,-0.021899943243092527,148950.1,1148.7327411085496,-0.02834199281843197,1.0438999264445816,-0.05177235993959769,32.29384542746776
2024-07-30,1182.625,1207.0,1168.5,1199.824951171875,121826,0.0,0.0,0.014415190045341753,0.20522398890289298,-0.021899943243092527,142125.9,1149.2411213081846,0.007388532211690224,1.028123939995316,0.0702412491833505,37.59468343142032
2024-07-31,1206.8499755859375,1206.8499755859375,1188.550048828125,1197.7750244140625,120850,0.0,0.0,-0.0017085215270863374,0.20134435956844265,-0.021899943243092527,136207.5,1149.7240457171984,-0.014623029657395703,1.0285967593518786,-0.008485568932214728,31.179003421121664
2024-08-01,1197.7750244140625,1240.0,1197.7750244140625,1221.574951171875,111162,0.0,0.0,0.01987011439769759,0.21306002217307848,-0.021899943243092527,125740.5,1150.438980099832,0.020850267353494267,1.0070145552046728,0.09326063736607428,40.64246645418748
2024-08-02,1220.0,1225.5250244140625,1205.0,1219.9749755859375,65240,0.0,0.0,-0.0013097645661468427,0.19244933920600615,-0.021899943243092527,118373.6,1151.13088055243,0.020686028517830968,1.0067614331949009,-0.006805762511281936,34.98220251642731
2024-08-05,1200.0,1215.0,1162.925048828125,1209.949951171875,178374,0.0,0.0,-0.00821740168010221,0.19384263588831555,-0.021899943243092527,122799.1,1151.7161449367031,0.022975566947970316,1.0134138223611795,-0.04239212502720764,35.543339962049686
2024-08-06,1207.949951171875,1249.9749755859375,1205.824951171875,1242.925048828125,306594,0.0,0.0,0.027253274091471713,0.217535095514198,-0.021899943243092527,126094.3,1152.623696219205,0.035921988131813576,0.9862179609944645,0.12528218848655193,48.577370747160636
2024-08-07,1261.5,1261.5,1201.800048828125,1243.074951171875,156474,0.0,0.0,0.00012060449171191756,0.21753812133236342,-0.021899943243092527,130562.9,1153.5237087062962,0.03782006289534445,0.9857641749654089,0.0005544062136290636,51.280726559725544
2024-08-08,1247.5,1268.4749755859375,1236.300048828125,1263.625,132248,0.0,0.0,0.016531624910269382,0.22514323219305415,-0.018833172058982363,131000.8,1154.6192439430495,0.034422815225366055,0.9694865999666139,0.07342714242381732,62.3023041325733
2024-08-09,1275.0,1287.5,1218.0250244140625,1240.7249755859375,155126,0.0,0.0,-0.018122484450736942,0.22782279792110324,-0.018833172058982363,135090.4,1155.4760173922323,0.01700854559744891,0.9866026126082605,-0.07954640106539682,55.46237169468323
2024-08-12,1229.0,1282.5,1229.0,1278.0,117836,0.0,0.0,0.030042938723353396,0.25024654870652535,-0.018833172058982363,126174.6,1156.6951614977822,0.05624203609596945,0.9578638497652583,0.12005335409461519,69.26996867607727
2024-08-13,1285.0,1292.8499755859375,1238.550048828125,1242.324951171875,232124,0.0,0.0,-0.027914748691803548,0.2644598195004641,-0.021882069200087183,134147.2,1157.5471992059822,-0.00048281081535506143,0.9844968461626592,-0.10555383305105913,55.65288878039082
2024-08-14,1230.0,1234.9749755859375,1185.5,1201.074951171875,68904,0.0,0.0,-0.033203873077723545,0.28551363901369775,-0.021882069200087183,134530.2,1157.9803111658418,-0.03378718230980815,1.0163239543922549,-0.1162952215854681,50.85856698945778
2024-08-16,1201.074951171875,1254.9000244140625,1201.074951171875,1243.675048828125,193154,0.0,0.0,0.03546830912982202,0.31128610003298113,-0.021882069200087183,137830.5,1158.8329951226804,-0.015787873120486684,0.9817355415380128,0.11394118782256012,58.06076548739989
2024-08-19,1235.0999755859375,1379.175048828125,1235.0999755859375,1349.3499755859375,777018,0.0,0.0,0.08496988570880037,0.42630310683129574,-0.021882069200087183,173617.8,1160.7286864705734,0.0875496198895338,0.9097852789180265,0.1993180025057761,71.16178258761676
2024-08-20,1361.5,1366.5,1318.050048828125,1344.375,168586,0.0,0.0,-0.0036869423618414165,0.41984183558498417,-0.021882069200087183,177923.5,1162.5560129733537,0.05193661971830976,0.9178791205398652,-0.008781741030849931,68.9449605026316
2024-08-21,1353.949951171875,1384.5,1322.375,1377.375,221724,0.0,0.0,0.024546722454672265,0.42481734449635017,-0.021882069200087183,180643.0,1164.693515331828,0.10870750740434976,0.9026526846030152,0.057781825989133784,71.77232919043698
2024-08-22,1370.0,1392.0,1330.0250244140625,1341.175048828125,95960,0.0,0.0,-0.026281841308194887,0.4290005220237409,-0.02180042383090675,181685.5,1166.4495504909953,0.11664559111781991,0.9316997751687326,-0.061262957377266024,64.07556431511142
2024-08-23,1343.0,1364.5,1324.2750244140625,1359.425048828125,79444,0.0,0.0,0.01360747056541678,0.42668541523398523,-0.02180042383090675,181789.8,1168.3697047033052,0.0930709352970196,0.9251797257823662,0.031891107032668696,65.79275588917722
2024-08-26,1374.949951171875,1387.5,1353.25,1378.4000244140625,68886,0.0,0.0,0.013958088827548565,0.4203730355429547,-0.02180042383090675,182188.2,1170.4595586307753,0.02152892085354674,0.9190873278283024,0.033204052865759434,68.69797376625854
2024-08-27,1382.3499755859375,1480.4749755859375,1366.324951171875,1404.625,1095612,0.0,0.0,0.019025663901221623,0.4212033813046123,-0.02180042383090675,223357.1,1172.789563022509,0.044816364481636395,0.9098246819588747,0.045169778529780054,68.22176794856314
2024-08-28,1423.925048828125,1463.0,1407.0,1429.875,286516,0.0,0.0,0.01797632820147732,0.4169739007887555,-0.02180042383090675,231591.6,1175.3476270720362,0.03811598148652329,0.9018026025616859,0.043111397946871466,69.92321130290944
2024-08-29,1435.0,1454.7249755859375,1397.7249755859375,1418.125,158372,0.0,0.0,-0.00821750152985401,0.4208944092704595,-0.02180042383090675,233467.7,1177.7633223250507,0.05737502441542697,0.9170436281126046,-0.01952390232233891,66.7934782405411
2024-08-30,1419.449951171875,1462.5,1408.699951171875,1451.9000244140625,133760,0.0,0.0,0.023816676537020687,0.42251651546862096,-0.02180042383090675,234597.6,1180.4910507040458,0.06802506373238781,0.9036426246419929,0.056368627263999126,72.42368448370998
2024-09-02,1472.0,1497.5,1412.574951171875,1427.2750244140625,397738,0.0,0.0,-0.016960534186875487,0.43035535313702733,-0.02180042383090675,251222.5,1182.9466126315087,0.035457776504883576,0.9264954046005054,-0.039410532875072284,66.288398950491
2024-09-03,1436.0,1472.5,1417.800048828125,1449.824951171875,274708,0.0,0.0,0.01579928631279026,0.4298823897552382,-0.02180042383090675,256039.2,1185.602118487632,0.032179372552727514,0.9203576612074161,0.03675257773238888,73.30937632935544
2024-09-04,1424.0,1451.2750244140625,1424.0,1435.0250244140625,137744,0.0,0.0,-0.010208078393084574,0.4309174597272358,-0.02180042383090675,247596.7,1188.083938447099,0.003601730510752743,0.9365429014373848,-0.023689172777205187,77.9410242221016
2024-09-05,1440.925048828125,1461.5,1435.0,1452.449951171875,159454,0.0,0.0,0.012142594352964275,0.42578067630888017,-0.02180042383090675,247745.7,1190.7144460364002,0.024204460940943084,0.9325149199855108,0.028518424492734035,76.52965364920085
2024-09-06,1455.0,1480.449951171875,1409.0,1416.300048828125,249964,0.0,0.5,-0.02488891428897999,0.44002620282955845,-0.024958560639940737,253631.5,1192.9590788999994,-0.0245195777858771,0.9617065279129279,-0.05656234461336639,60.33340929906222
2024-09-09,1432.5,1437.550048828125,1346.199951171875,1388.0999755859375,135418,0.0,0.0,-0.019911086824801583,0.44769456830192567,-0.024958560639940737,252646.1,1194.9007793645362,-0.027447442264470046,0.9865526810223796,-0.044474710639389355,56.29725864493963
2024-09-10,1388.0999755859375,1397.0250244140625,1368.125,1377.699951171875,154002,0.0,0.0,-0.0074922733210714965,0.44230212131740193,-0.024958560639940737,254454.4,1196.7196765964502,-0.04974738498030562,0.997618348487939,-0.01693926569776111,50.050057971970006
2024-09-11,1400.0,1410.9000244140625,1379.800048828125,1395.0,252858,0.0,0.0,0.012557196371684176,0.43407886872773077,-0.024958560639940737,255491.1,1198.692615137779,-0.027891516686550544,0.9907186397429435,0.028928374512228877,58.80428320911986
2024-09-12,1429.3499755859375,1429.3499755859375,1377.7249755859375,1397.5999755859375,116252,0.0,0.0,0.0018637817820339464,0.41799452774473456,-0.024958560639940737,257858.5,1200.6717928536812,-0.03776376290396999,0.9959063952319908,0.004458866357655949,56.581321527662766
2024-09-13,1400.550048828125,1432.0250244140625,1388.75,1406.9000244140625,154616,0.0,0.0,0.006654299506714034,0.3930135473268222,-0.024958560639940737,255931.6,1202.723815058262,-0.0066370289416005646,0.9951240160255784,0.016931475728152685,55.08293467757767
2024-09-16,1400.0,1430.0,1369.0,1383.7750244140625,141852,0.0,0.0,-0.01643684668328227,0.38814618728966677,-0.024958560639940737,224173.3,1204.5253196289666,-0.0031157346357919558,1.0129979441393415,-0.042347050668168046,46.239858449875165
2024-09-17,1383.9000244140625,1387.5,1350.0,1355.2249755859375,181264,0.0,0.0,-0.020632001824295143,0.2695515526904052,-0.024958560639940737,224807.2,1206.0248186932151,-0.016313403776214264,1.034738717869199,-0.07654194848052924,36.695768311275835
2024-09-18,1354.0,1364.0,1325.0,1351.25,96056,0.0,0.0,-0.0029330743290196803,0.2694221117886928,-0.024958560639940737,218523.8,1207.4698453728847,-0.03136200716845883,1.0368159139035038,-0.01088653860175626,37.741724122881145
2024-09-19,1357.5,1374.5,1342.8499755859375,1354.25,118858,0.0,0.0,0.002220166512488353,0.25489847222469986,-0.024958560639940737,219668.7,1208.9303444239008,-0.031017441573554128,1.0350018469416307,0.008710002872952443,29.824364926757795
2024-09-20,1371.300048828125,1371.300048828125,1343.7750244140625,1352.699951171875,69556,0.0,0.0,-0.0011445810065534578,0.23736032866776535,-0.024958560639940737,219174.3,1210.360887774627,-0.03852446677208665,1.0359392673326404,-0.004822124087695774,32.96788893824848
2024-09-23,1352.699951171875,1370.0,1340.0,1360.9749755859375,112548,0.0,0.0,0.006117413109162584,0.23354180723367068,-0.024958560639940737,221357.4,1211.8595354145405,-0.016476702083692674,1.029000362988713,0.026194080279172426,28.29221474086215
2024-09-24,1361.0999755859375,1404.675048828125,1353.7750244140625,1362.574951171875,142420,0.0,0.0,0.0011756098492909928,0.2281601162157276,-0.024958560639940737,173697.8,1213.359191292723,0.005423435752989869,1.0262490443204189,0.005152564862185614,31.07859869096079
2024-09-25,1351.675048828125,1559.0,1350.0,1439.800048828125,4880984,0.0,0.0,0.05667585301625655,0.295883189466784,-0.024958560639940737,403421.2,1215.6123341537718,0.06553195102913967,0.9715498308497901,0.19154806058063806,47.48260891845718
2024-09-26,1447.9749755859375,1510.0,1440.074951171875,1482.5,1329212,0.0,0.0,0.02965686187233363,0.30672543632220933,-0.024958560639940737,461963.2,1218.2679328189083,0.0947018645006461,0.9457377699133116,0.09668862570071754,62.83938630045493
2024-09-27,1492.3499755859375,1532.5,1485.574951171875,1498.6500244140625,666404,0.0,0.0,0.010893777007799255,0.30592775126295707,-0.024958560639940737,488595.4,1221.0578043770693,0.10789537851002917,0.9371058759669857,0.03560898482317079,72.49235784316997
2024-09-30,1498.6500244140625,1512.4749755859375,1455.0,1504.0250244140625,276204,0.0,0.0,0.00358656118002032,0.2962982179432929,-0.024958560639940737,482518.7,1223.873398606293,0.10510850779349412,0.9363083865210969,0.012104565069173262,76.23843757879031
2024-10-01,1504.0,1549.5,1497.5,1539.5999755859375,414576,0.0,0.0,0.023653164405116334,0.29722034311837064,-0.024958560639940737,489512.1,1227.01495658619,0.1299194765482905,0.9175889955308278,0.07958124050709357,77.91504000305449
2024-10-03,1488.5,1530.0250244140625,1487.5250244140625,1500.6500244140625,136628,0.0,0.0,-0.025298747589971526,0.31009514577777486,-0.025347902275882694,489456.3,1229.7376935795023,0.0422627958899322,0.9435919248860661,-0.081583820703415,67.4454062241779
2024-10-04,1490.5,1527.5,1454.9000244140625,1510.75,206808,0.0,0.0,0.006730400440889683,0.3073550376026819,-0.025347902275882694,491824.0,1232.533835931945,0.019055649241146666,0.9392131375532642,0.021897803512210663,67.53333898964098
2024-10-07,1512.0,1608.5,1493.625,1538.5250244140625,1225632,0.0,0.0,0.0183849243184262,0.3105340767005365,-0.025347902275882694,540607.4,1235.5785243745534,0.026607279451778654,0.9262296509480588,0.05920420689969439,75.72306759770483
2024-10-08,1518.074951171875,1589.824951171875,1494.449951171875,1570.5999755859375,525542,0.0,0.0,0.02084785795674038,0.2991251239566756,-0.025347902275882694,560113.6,1238.9120711527762,0.04426452358916788,0.9131239772258732,0.06969610905300896,85.38569527926774
2024-10-09,1584.0,1590.0,1553.1500244140625,1559.9749755859375,229596,0.0,0.0,-0.006764930704927674,0.2885530333594899,-0.025347902275882694,563893.3,1242.1067269182804,0.013233957081770997,0.9251855126820178,-0.023444322839803414,83.55977035751697
2024-10-10,1564.25,1573.425048828125,1527.574951171875,1534.699951171875,188650,0.0,0.0,-0.016202198631147247,0.29508509366457125,-0.025347902275882694,560682.9,1245.018102283988,0.02269011841792201,0.9449738002596509,-0.054906867306879,77.07426120871224
2024-10-11,1534.699951171875,1554.7249755859375,1520.5,1545.2750244140625,90224,0.0,0.0,0.0068906454542547735,0.29398350444761573,-0.025347902275882694,559381.5,1248.0057333499587,0.02285290379881677,0.9432851592947346,0.023438883868036085,78.13162797272258
2024-10-14,1551.050048828125,1554.0,1492.074951171875,1525.949951171875,203506,0.0,0.0,-0.012505911851849905,0.3000933594115835,-0.025347902275882694,561826.0,1250.7713474576396,-0.008173460322477788,0.9591320428120866,-0.041673402769182216,73.34606115930613
2024-10-15,1524.5250244140625,1551.5,1502.550048828125,1534.625,165680,0.0,0.0,0.005685015305687324,0.30001878071677046,-0.025347902275882694,563017.4,1253.5957619107976,-0.02290524394826665,0.9586250664988393,0.018948864143160295,73.86930891948876
2024-10-16,1527.449951171875,1528.5999755859375,1478.0999755859375,1497.300048828125,97290,0.0,0.0,-0.024321870927343836,0.30802703754553207,-0.025347902275882694,558818.7,1256.020680188582,-0.04017687959018146,0.9872662112679708,-0.07896017937758734,58.97035878859329
2024-10-17,1497.425048828125,1517.2249755859375,1486.4749755859375,1504.9000244140625,268378,0.0,0.0,0.005075786641351998,0.294777000126984,-0.025347902275882694,567434.8,1258.4970915739102,-0.019417428621834376,0.9873853568027816,0.017219072271495838,53.92432066343767
2024-10-18,1501.5,1520.449951171875,1467.0250244140625,1502.175048828125,91320,0.0,0.0,-0.0018107352925311737,0.2944140198811776,-0.025347902275882694,566057.9,1260.9217478649969,-0.027891459387483608,0.9941001890325373,-0.006150302325137044,50.64804202383945
2024-10-21,1500.5,1506.3499755859375,1457.5,1464.550048828125,54710,0.0,0.0,-0.02504701434719736,0.3125066996651576,-0.025347902275882694,565315.6,1262.9479001133861,-0.04023716655752507,1.0234576865994967,-0.08014872504348644,43.51220661095578
2024-10-22,1471.0,1473.574951171875,1412.375,1422.25,124894,0.0,0.0,-0.02888262429950539,0.3323130442721358,-0.02636348667737532,565932.9,1264.5329956346459,-0.07322635823083812,1.056051155636151,-0.08691390220214763,31.130415174126185
2024-10-23,1427.0,1445.0,1411.0999755859375,1420.324951171875,143622,0.0,0.0,-0.001353523521269162,0.3323236130917925,-0.02636348667737532,565993.0,1266.0831643464592,-0.0514092667775542,1.059515468528449,-0.0040729079343700455,35.338135762099014
2024-10-24,1414.5,1419.7249755859375,1361.2750244140625,1392.0,115194,0.0,0.0,-0.019942585074285146,0.3411127374537236,-0.02636348667737532,327703.5,1267.3360681838078,-0.0750216111253108,1.0793579408492167,-0.05846332399814703,29.676546201997994
2024-10-25,1383.0,1398.9749755859375,1353.675048828125,1386.4000244140625,169660,0.0,0.0,-0.0040229709669091784,0.275260434899605,-0.02636348667737532,269725.9,1268.5207841661986,-0.07707159329026314,1.0802518959243186,-0.01461514373551371,21.82610518863325
2024-10-28,1389.5,1393.3499755859375,1325.550048828125,1360.2750244140625,234810,0.0,0.0,-0.01884376770048113,0.25637196804542617,-0.02636348667737532,248146.2,1269.4337616811029,-0.07119935880477368,1.0959125751242464,-0.07350166677398039,10.169522865353912
2024-10-29,1364.175048828125,1436.0,1362.9000244140625,1430.449951171875,184062,0.0,0.0,0.051588778370786015,0.31754790873953764,-0.02636348667737532,243539.1,1271.0359128203145,0.005765478060731244,1.0395776168208108,0.16245982205004053,29.98532099518752
2024-10-30,1428.2249755859375,1504.5,1425.449951171875,1492.375,175752,0.0,0.0,0.043290608509157336,0.35407567422883685,-0.02636348667737532,231597.9,1273.2382917972268,0.05072786249983019,0.9948588675375869,0.12226371489881495,44.12520788101572
2024-10-31,1492.375,1499.699951171875,1450.0,1455.2750244140625,118238,0.0,0.0,-0.02485968713355391,0.3528867948421594,-0.02636348667737532,230678.4,1275.0496025695338,0.04545619569975745,1.0186622649133135,-0.07044663272312846,38.36457658598309
2024-11-01,1475.0,1491.125,1465.0,1480.9000244140625,13156,0.0,0.0,0.017608355513637264,0.34915814094436837,-0.02636348667737532,220995.8,1277.0978654734595,0.06816214536633369,1.0000278406694356,0.05043088773958714,44.26918518299014
2024-11-04,1473.5250244140625,1502.199951171875,1450.5,1499.074951171875,148134,0.0,0.0,0.012272892469566754,0.3511072706648859,-0.02636348667737532,167120.9,1279.3065926943393,0.1020381351319748,0.9865875944654019,0.03495482191746575,45.584391230377214
2024-11-05,1500.0,1547.0250244140625,1480.800048828125,1519.949951171875,232620,0.0,0.0,0.013925254360151573,0.3484727032285174,-0.02636348667737532,152474.8,1281.7010539727228,0.06256772557940837,0.9713716215727832,0.039960817107134096,52.93316638031572
2024-11-06,1575.0,1672.6500244140625,1484.300048828125,1642.425048828125,2781758,0.0,0.0,0.08057837533520251,0.44289374628487677,-0.02636348667737532,280082.9,1285.2903474538712,0.10054446692562191,0.9014467683001969,0.18193612845463808,63.725737904850625
2024-11-07,1619.949951171875,1715.0,1594.7249755859375,1647.675048828125,1017552,0.0,0.0,0.003196492895518155,0.4416124691164037,-0.025347902275882694,321528.0,1288.8961653779932,0.13220870363767045,0.9020027998732234,0.007238230454705058,64.44885797612147
2024-11-08,1655.425048828125,1663.175048828125,1610.0,1620.125,267128,0.0,0.0,-0.01672055958346852,0.44189954325691366,-0.025059601009336067,330373.2,1292.1919746777146,0.09401375737097695,0.9196512652440494,-0.037837919183745905,65.76480068829309
2024-11-11,1607.5,1705.0,1600.0250244140625,1690.425048828125,581162,0.0,0.0,0.043391743740837985,0.46356705189424063,-0.025059601009336067,349256.0,1296.154492828465,0.12764545062050803,0.8862704454272765,0.09360402692013844,75.71558934681318
2024-11-12,1692.5,1721.5,1650.0,1660.8499755859375,398594,0.0,0.0,-0.017495643041192666,0.466212709263301,-0.025059601009336067,360901.7,1299.7833036021711,0.09270043681729723,0.9058524441588122,-0.03752716800356475,71.90274480978336
2024-11-13,1638.125,1693.9749755859375,1638.125,1661.199951171875,264302,0.0,0.0,0.00021072077013695178,0.4664146519437125,-0.025059601009336067,369252.3,1303.3794891501286,0.011431207991589032,0.9105947804872672,0.0004517884777867078,75.82996550665897
2024-11-14,1685.0,1707.75,1662.5,1669.75,209882,0.0,0.0,0.005146911316782354,0.45474786015530566,-0.025059601009336067,366327.5,1307.0249668700278,0.013397636377133537,0.9108683956652849,0.011318164755833995,77.03462293356972
2024-11-18,1660.1500244140625,1699.5,1556.625,1564.425048828125,327668,0.0,0.0,-0.06307827589272341,0.5132364755226729,-0.025059601009336067,378144.9,1309.586161715382,-0.03438003312823079,0.9741821794554677,-0.12290294566350903,66.920844004644
2024-11-19,1564.425048828125,1662.0,1564.425048828125,1612.0,314540,0.0,0.0,0.030410502061132494,0.5220147417052247,-0.025059601009336067,391136.4,1312.595254633637,-0.046393685944545515,0.9500046533627191,0.05825602047028918,65.63334218923143
2024-11-21,1612.0,1681.2249755859375,1586.324951171875,1657.425048828125,386012,0.0,0.0,0.02817931068742241,0.517399999681626,-0.025059601009336067,404192.3,1316.0263968644279,-0.002062152998860811,0.9310624662956543,0.054463297564996384,64.62820223266019
2024-11-22,1670.5,1694.925048828125,1623.75,1633.7750244140625,228318,0.0,0.0,-0.014269136592803489,0.507216640049058,-0.025059601009336067,408427.1,1319.1880747504938,-0.016509106407368912,0.9510726593959825,-0.028132232235324642,66.20664032208396
2024-11-25,1647.0,1684.4749755859375,1631.1500244140625,1654.5999755859375,136902,0.0,0.0,0.01274652315078928,0.5066051858922127,-0.025059601009336067,409512.5,1322.5255065996027,-0.009073229174464736,0.9470378213613903,0.02516066407163593,65.9094984775114
2024-11-26,1671.199951171875,1709.2249755859375,1670.0,1689.25,201664,0.0,0.0,0.020941632373584484,0.4981447608704264,-0.025059601009336067,411112.7,1326.174506533935,0.07978966538881394,0.9365761461493637,0.04203924962816013,66.90819880695422
2024-11-27,1706.75,1757.925048828125,1681.7750244140625,1731.425048828125,593540,0.0,0.0,0.024966730103966217,0.49818723792083436,-0.025059601009336067,429049.2,1330.2068502383547,0.07408501788345223,0.924480535375696,0.05011515290317831,68.11581713437783
2024-11-28,1743.4749755859375,1763.0,1712.5,1727.925048828125,194752,0.0,0.0,-0.0020214562578777517,0.4887645701366002,-0.025059601009336067,429583.7,1334.1642452491983,0.042535860098076084,0.9349609880833578,-0.004135848504637538,59.19947965340801
2024-11-29,1735.0,1755.5,1718.675048828125,1743.6500244140625,178794,0.0,0.0,0.00910049634189991,0.4669737730316988,-0.025059601009336067,429735.8,1338.2387306140229,0.0672522216082998,0.9337345450123463,0.01948823825358555,60.09890470878307
2024-12-02,1755.0,1779.0,1722.5,1771.0250244140625,220912,0.0,0.0,0.01569982485975019,0.45163139585243384,-0.025059601009336067,434869.5,1342.5450618956154,0.07036446908377103,0.9282159989528707,0.03476247368164639,65.88420899471365
2024-12-03,1771.050048828125,1797.824951171875,1760.0250244140625,1779.0999755859375,149358,0.0,0.0,0.004559478867073974,0.4354016647066601,-0.025059601009336067,441679.6,1346.888891882584,0.05318927073312851,0.932383667319936,0.010471890973193426,60.741314438005496
2024-12-04,1770.0,1812.4000244140625,1768.7750244140625,1805.699951171875,163850,0.0,0.0,0.014951366393660237,0.43491128614472674,-0.025059601009336067,442465.4,1351.454176054617,0.04289813318458191,0.9271390901235468,0.03437796747565928,67.67325540324671
2024-12-05,1800.0,1855.5,1800.0,1850.375,224302,0.0,0.0,0.024741125345399517,0.4379234254654838,-0.025059601009336067,442049.5,1356.4185623625312,0.07086531401053553,0.9136830438192427,0.05649646340370282,70.82852173188056
2024-12-06,1862.2750244140625,1936.824951171875,1802.5,1807.925048828125,438198,0.0,0.0,-0.02294126929507534,0.452598286265166,-0.025059601009336067,324871.5,1360.9111642179105,0.036862342508016566,0.939713326782135,-0.05068792676505045,64.15655717412145
2024-12-09,1817.4749755859373,1850.0,1807.925048828125,1839.4000244140625,124638,0.0,0.0,0.01740944714845294,0.3718577257421291,-0.025059601009336067,280225.8,1365.672247403942,0.038607585470240124,0.9288449974499555,0.04681749356029481,83.19551203950364
2024-12-10,1837.550048828125,1875.0,1826.3499755859373,1862.7249755859373,124204,0.0,0.0,0.012680738753009901,0.3725127738384858,-0.025059601009336067,273079.6,1370.6180456943102,0.047004103843269585,0.9237260101826785,0.03404108342898648,82.15041641998496
2024-12-11,1922.5,1930.0,1871.449951171875,1898.4000244140625,439830,0.0,0.0,0.019152075210084885,0.36545367413392066,-0.025059601009336067,266013.0,1375.8696076716212,0.05133747341690209,0.9118448358001923,0.05240629946164833,81.69264441138557
2024-12-12,1905.0,1937.25,1891.9749755859373,1917.425048828125,181094,0.0,0.0,0.010021609865884074,0.342076673225612,-0.025059601009336067,255138.0,1381.2582190264125,0.03623592451698987,0.9094879683942991,0.02929638399023665,87.76462248536717
2024-12-13,1914.5250244140625,1921.625,1890.0250244140625,1907.7750244140625,162364,0.0,0.0,-0.005032803978418987,0.3338034317279847,-0.025059601009336067,250041.1,1386.4971922143493,0.05522904594449818,0.9205507690344809,-0.015077148253373019,84.74100152190054
2024-12-16,1925.0,1938.5,1910.0,1916.7249755859373,254000,0.0,0.0,0.004691303249775736,0.3330427428597758,-0.025059601009336067,252247.0,1391.7730905563553,0.042038137515251206,0.9226949808528456,0.01408618926396804,83.58308474878226
2024-12-17,1926.5250244140625,1926.5250244140625,1865.800048828125,1878.574951171875,227282,0.0,0.0,-0.019903755050930005,0.34590382955550114,-0.025059601009336067,247227.7,1396.6168901644699,0.008509026181362067,0.9497944219114519,-0.0575412955129583,71.98564845105483
2024-12-18,1885.0250244140625,1907.800048828125,1845.5250244140625,1869.9749755859373,152884,0.0,0.0,-0.0045779251876924,0.2430871537667924,-0.025059601009336067,239144.9,1401.3269208651811,-0.014973160799920726,0.9610603254098633,-0.018832443131733063,70.90507396571837
2024-12-19,1899.5,1899.5,1851.675048828125,1869.4000244140625,254372,0.0,0.0,-0.0003074646342230425,0.23144010926013822,-0.025059601009336067,232562.9,1405.984364681588,-0.025046624087556424,0.9670255074971635,-0.0013284845998435253,69.37000254987962
2024-12-20,1874.4000244140625,1882.875,1787.2249755859375,1804.4749755859373,116402,0.0,0.0,-0.03473042044517738,0.2603190181480495,-0.02547794142544822,226967.1,1409.9494453871039,-0.05414687135861418,1.0065490125697298,-0.13341483598895962,54.61824658828615
2024-12-23,1818.949951171875,1846.375,1798.0999755859375,1805.949951171875,214224,0.0,0.0,0.0008173987480535327,0.2519552578316263,-0.02547794142544822,230833.2,1413.8897489272508,-0.05779390670286366,1.0099172474179656,0.0032442217028769344,53.77583757085884
2024-12-24,1834.0,1834.0,1761.5,1812.875,147672,0.0,0.0,0.0038345740554057706,0.2503458338025015,-0.02547794142544822,228133.6,1417.859751425487,-0.034973292458142624,1.009469077383774,0.015317106915626991,51.068112941590506
2024-12-26,1809.050048828125,1814.7750244140625,1751.425048828125,1776.0,122088,0.0,0.0,-0.020340619182238173,0.25689906592258527,-0.02547794142544822,204561.0,1421.4233359884176,-0.050254670149525005,1.0316835592458913,-0.07917747118859889,38.66493771581824
2024-12-27,1774.875,1831.300048828125,1765.5999755859375,1825.050048828125,139102,0.0,0.0,0.02761827073655687,0.25996507077171577,-0.02547794142544822,201778.5,1425.4395221858276,-0.02372417620987155,1.0066169157390135,0.10623838653472625,52.558451834518294
2024-12-30,1815.0,1824.574951171875,1720.0250244140625,1751.199951171875,316032,0.0,0.0,-0.0404646972304511,0.2997189987501765,-0.029175014106788986,208640.4,1428.6809194891714,-0.029523836647700308,1.0492826626273977,-0.13500877838608982,38.30393404420493
2024-12-31,1756.25,1759.0250244140625,1726.5250244140625,1741.699951171875,251434,0.0,0.0,-0.005424851681638532,0.2988781011183444,-0.029175014106788986,210166.5,1431.7955367198451,-0.035576844174617595,1.0541640611869663,-0.01815071589331109,33.340222823937864
2025-01-01,1778.875,1839.75,1695.574951171875,1733.5250244140625,546680,0.0,0.0,-0.004693648152376717,0.2937864883671293,-0.029175014106788986,230032.6,1434.797820179489,-0.04377024096307658,1.057820752808404,-0.015976391626109775,25.444939740540065
2025-01-02,1749.9000244140625,1774.5,1735.125,1758.6500244140625,272796,0.0,0.0,0.014493589447024169,0.2980772043664457,-0.029175014106788986,235479.9,1438.0202301718728,-0.00976913039748728,1.0413704970152762,0.04862360740263178,26.775398161541602
2025-01-03,1774.4000244140625,1784.4749755859375,1740.7249755859375,1753.824951171875,118926,0.0,0.0,-0.002743623333354872,0.292865760388877,-0.029175014106788986,230211.1,1441.1625657042111,-0.039026380510487346,1.0414829292616152,-0.00936819393304925,27.15875110482726
2025-01-06,1753.824951171875,1763.625,1680.550048828125,1694.5,130726,0.0,0.0,-0.03382603898538172,0.2976746316003923,-0.0338712580583715,214837.5,1443.6833361947165,-0.03237777110142803,1.0745986988003466,-0.11363426459009851,21.316565909298703
2025-01-07,1683.0,1715.0,1667.7249755859375,1695.300048828125,165786,0.0,0.0,0.00047214448399235387,0.2898625262706093,-0.0338712580583715,216894.9,1446.1869850766411,-0.026640583134041274,1.0698415879782528,0.0016288565265004447,23.819752059067227
2025-01-08,1678.5,1699.5,1660.0250244140625,1667.75,118694,0.0,0.0,-0.01625083939988614,0.28353310762907136,-0.0338712580583715,216619.4,1448.3915921903065,-0.037942933322404504,1.08166916357883,-0.05731548940658882,22.596401487467034
2025-01-09,1657.5,1665.7249755859375,1625.5,1634.6500244140625,90224,0.0,0.0,-0.01984708474647734,0.2810766417970082,-0.0338712580583715,199139.1,1450.2449099238763,-0.07050862779893552,1.0955043714635435,-0.0706109334218581,20.76589572683754
2025-01-10,1634.5,1681.5999755859375,1620.0,1634.9749755859375,139256,0.0,0.0,0.00019878944546025679,0.2669791769308693,-0.0338712580583715,197047.2,1452.0830200299665,-0.06776615619849857,1.0866488909163738,0.0007445878000659679,24.844178336172888
2025-01-13,1622.0,1654.199951171875,1575.0,1601.625,165512,0.0,0.0,-0.02039785078299783,0.2633825877535732,-0.0338712580583715,197204.6,1453.5709999301657,-0.05480967837120099,1.0997182503243776,-0.07744570429851454,22.29681105381063
2025-01-14,1582.5,1657.574951171875,1576.949951171875,1594.199951171875,189576,0.0,0.0,-0.004635947133770357,0.2634501082013402,-0.0338712580583715,193983.4,1454.970292977347,-0.059635518636441565,1.0947246549419336,-0.01759705846944188,20.39131241743705
2025-01-15,1615.0,1624.199951171875,1562.949951171875,1607.425048828125,348156,0.0,0.0,0.008295758412568244,0.26598745871857327,-0.0338712580583715,200027.1,1456.487255722131,-0.03617145925460952,1.0772835085532182,0.031188530995591865,25.613044171188605
2025-01-16,1635.0,1645.0,1607.0250244140625,1633.5,67540,0.0,0.0,0.016221565783664182,0.2752534708914686,-0.0338712580583715,195759.9,1458.2485765607169,-0.0007035294386483759,1.0528489424907215,0.058933190349226804,20.316137932656048
2025-01-17,1630.0,1634.800048828125,1595.324951171875,1601.375,60908,0.0,0.0,-0.019666360575451458,0.2788716513214383,-0.0338712580583715,186086.7,1459.6727200775258,-0.020550758322093632,1.0656014339788562,-0.07052118699426847,23.33364328631393
2025-01-20,1601.375,1632.75,1587.824951171875,1621.699951171875,60340,0.0,0.0,0.012692187134103472,0.2864576583568322,-0.0338712580583715,183283.6,1461.284931332196,0.012534114522360085,1.0466108381459163,0.04430737430388205,29.4344472866467
2025-01-21,1622.824951171875,1633.125,1595.9749755859375,1621.675048828125,115812,0.0,0.0,-1.5355703582575764e-05,0.26814420406759676,-0.0338712580583715,178363.0,1462.88085289932,0.01723441130207881,1.0409452875407177,-5.726658557959684e-05,30.280326992336214
2025-01-22,1615.0,1622.800048828125,1532.449951171875,1577.625,153002,0.0,0.0,-0.02716330183408633,0.2779196403865415,-0.0338712580583715,178629.5,1464.022585706292,-0.018538997416924885,1.062554472704223,-0.09773796777704113,20.08098341271061
2025-01-23,1572.0,1620.5,1559.9000244140625,1588.5999755859375,207898,0.0,0.0,0.006956644060494455,0.2795553319268184,-0.0338712580583715,182920.0,1465.262161724995,-0.027487006069214837,1.0493154503319588,0.02488467583036047,23.236411297404203
2025-01-24,1592.3499755859375,1612.5250244140625,1526.0,1534.0250244140625,270994,0.0,0.0,-0.03435411809807287,0.2924543930272645,-0.0343729332154281,189514.6,1465.9463693139407,-0.042057591498516844,1.0771605555716033,-0.11746828819284406,23.599569906305618
2025-01-27,1519.9749755859375,1520.0,1461.675048828125,1497.9000244140625,150172,0.0,0.0,-0.023549159515046547,0.2694133402899297,-0.0343729332154281,181221.6,1466.2643161308577,-0.0763396007185867,1.0946833730522965,-0.08740902961825787,20.906397125732596
2025-01-28,1492.5,1497.9000244140625,1439.8499755859375,1490.425048828125,97056,0.0,0.0,-0.004990303400830398,0.24445223205876335,-0.0343729332154281,173502.7,1466.5047214313279,-0.08093483345806274,1.0917439339756823,-0.020414226348682004,22.221342563722814
2025-01-29,1487.5,1575.0,1487.4749755859375,1566.5250244140625,96796,0.0,0.0,0.0510592435666406,0.3178764314431768,-0.0343729332154281,151008.5,1467.4999483266786,-0.007035877084818898,1.033378006016221,0.16062607010078753,40.59501113385742
2025-01-30,1490.0,1529.699951171875,1465.5250244140625,1502.0,370988,0.0,0.0,-0.0411899097738303,0.34189180798872576,-0.035017134284441066,155918.1,1467.8432324229307,-0.05451339350171902,1.0692276996556673,-0.12047644198138893,34.40633084107222
2025-01-31,1502.2249755859375,1537.0,1473.4000244140625,1529.074951171875,156640,0.0,0.0,0.018025932870755712,0.3448417879036729,-0.035017134284441066,157803.8,1468.4525032562535,-0.0032268529935346457,1.042945935162047,0.05227305094781759,41.36514231833112
2025-02-01,1531.5,1610.0,1531.5,1600.6500244140625,78326,0.0,0.0,0.046809394913789326,0.3911087062853676,-0.035017134284441066,155183.8,1469.7679014767293,0.06859603333019026,0.9933776789748733,0.11968384483570403,50.66598603265516
2025-02-03,1572.5,1616.175048828125,1540.0250244140625,1606.175048828125,237824,0.0,0.0,0.0034517379375826884,0.37639697275638817,-0.035017134284441066,158785.7,1471.1251865250022,0.077662409183884,0.9871861459063098,0.009170471857413171,49.86884895058844
2025-02-04,1607.5,1628.699951171875,1589.324951171875,1598.0250244140625,116812,0.0,0.0,-0.0050741819330395455,0.3763763845855753,-0.035017134284441066,158691.6,1472.3878714791222,0.020108200960136102,0.9900392566782987,-0.013481668898568099,46.13246277924907
2025-02-05,1597.0250244140625,1658.6500244140625,1584.5999755859375,1649.5,97214,0.0,0.0,0.03221162046871662,0.3912836846341787,-0.035017134284441066,159041.1,1474.1501812156484,0.0982023968042609,0.9595938200081938,0.0823229306777838,55.03426064069403
2025-02-06,1648.75,1648.75,1569.4749755859375,1590.25,276728,0.0,0.0,-0.03591997575022732,0.40514947511871546,-0.03614721182423851,165914.7,1475.3054032931047,0.0400078810925788,0.9939404227789459,-0.08865857435238299,46.95782963386574
2025-02-07,1578.5,1632.824951171875,1575.0,1597.4749755859375,110566,0.0,0.0,0.004543295447846152,0.40559094470145046,-0.03614721182423851,163167.4,1476.5210209278594,-0.001983599649952983,0.9893151881918143,0.01120166856578546,47.69127318230957
2025-02-10,1610.9000244140625,1612.324951171875,1555.5,1573.925048828125,81498,0.0,0.0,-0.014741969118592713,0.4026088459672133,-0.03614721182423851,157763.5,1477.4902152353247,-0.020078757930855562,1.003473775426774,-0.03661610742063069,49.63264968357148
2025-02-11,1557.574951171875,1573.949951171875,1503.75,1519.199951171875,75624,0.0,0.0,-0.034769824457013265,0.4196569291381697,-0.03482733202167397,144136.9,1477.9052374834496,-0.04932655749310921,1.0367175531361834,-0.08285297159250712,43.66036104578073
2025-02-12,1520.0,1623.0,1465.0,1546.699951171875,74348,0.0,0.0,0.01810163301992418,0.42402849428093936,-0.03482733202167397,144477.3,1478.5897619977623,-0.0623219453338133,1.0154789572936205,0.04268966080622489,51.21809869969027
2025-02-13,1545.25,1562.2750244140625,1500.0,1539.7750244140625,111474,0.0,0.0,-0.004477226984177296,0.41916721394814677,-0.03482733202167397,147005.6,1479.198570579019,-0.03174027705451188,1.0180456430505642,-0.01068124301801601,54.263605764062454
2025-02-14,1539.7750244140625,1565.0,1475.5,1550.050048828125,115828,0.0,0.0,0.006673068630901113,0.41547346296000137,-0.03482733202167397,149780.0,1479.9035604123433,-0.029687430152336214,1.0089859749677312,0.0160613590642971,56.0364464533635
2025-02-17,1550.0999755859375,1575.0,1475.7249755859375,1499.8499755859375,169380,0.0,0.0,-0.032386098294142185,0.42566831454736337,-0.03482733202167397,152458.4,1480.1020322051154,-0.04706391406461219,1.038695557197249,-0.0760829416390804,42.876218277200465
2025-02-18,1500.0,1527.375,1475.0,1513.949951171875,109330,0.0,0.0,0.009400923969365094,0.42784794062443615,-0.03482733202167397,150274.8,1480.4388274187152,-0.003455766303803731,1.0269188571647887,0.02197258151089568,51.4309603197756
2025-02-19,1501.125,1566.4749755859375,1501.125,1556.2249755859375,63214,0.0,0.0,0.02792366047592232,0.431066738911801,-0.03482733202167397,143040.6,1481.1929184452547,0.006158288430051284,0.997982314913918,0.06477804318336713,53.13691699674066
2025-02-20,1575.0,1579.5,1541.550048828125,1560.300048828125,52430,0.0,0.0,0.002618563065184931,0.4304080504304692,-0.03482733202167397,132112.4,1481.9800540709548,0.013329885268059227,0.9962178467213759,0.006083908053594526,44.47639120806319
2025-02-21,1526.0,1612.5,1526.0,1559.4749755859375,175914,0.0,0.0,-0.000528791396761874,0.4124671608747566,-0.03482733202167397,133399.5,1482.7511478173726,0.006080401574734884,0.9987191374175268,-0.001282020568183446,43.52377600491987
2025-02-24,1546.875,1548.949951171875,1510.0,1537.675048828125,104620,0.0,0.0,-0.013979016719791626,0.4065496027007238,-0.03482733202167397,133777.7,1483.2976542950917,0.025219237829043895,1.014414588849688,-0.03438452843904711,41.936135236363334
2025-02-25,1517.5,1544.925048828125,1500.625,1509.625,77800,0.0,0.0,-0.018241857308865184,0.4117975894582139,-0.03482733202167397,132827.9,1483.5596179339466,-0.0028567332549713775,1.0313786544477623,-0.04429811473613564,30.06201387326564
2025-02-27,1509.5,1518.9749755859375,1466.5,1475.4749755859375,80836,0.0,0.0,-0.022621528137161562,0.3763562586335363,-0.03482733202167397,118320.3,1483.479173731479,-0.051888384563161694,1.054351158603836,-0.0601066861973501,32.378910834974846
2025-02-28,1475.4749755859375,1499.5,1406.074951171875,1416.949951171875,138118,0.0,0.0,-0.039665209768007914,0.37441744843794056,-0.036107237451116346,117394.2,1482.8171914174532,-0.0918734174006558,1.093943013807958,-0.10593846220069462,26.056115224501653
2025-03-03,1415.0,1425.875,1305.0,1311.2750244140625,237912,0.0,0.0,-0.07457915268666693,0.44179218543845067,-0.03970518414113007,125373.5,1481.1103041835886,-0.15915609744146064,1.1710691665817194,-0.1688104802590545,21.395131913637314
2025-03-04,1253.3499755859375,1340.75,1250.0,1333.824951171875,405856,0.0,0.0,0.017196946741122376,0.40695315399852405,-0.03970518414113007,133775.1,1479.6447782829748,-0.13257033585321287,1.141061459211725,0.04225780326205977,28.289514683192024
2025-03-05,1301.5,1405.949951171875,1301.5,1346.3499755859375,309592,0.0,0.0,0.009390305979100289,0.40963002031250806,-0.03970518414113007,143414.1,1478.3184618382281,-0.10815601517864537,1.1210996546562026,0.02292387101584421,25.682735764430547
2025-03-06,1364.8499755859375,1409.5,1334.5250244140625,1393.7249755859375,152156,0.0,0.0,0.035187730426022634,0.43619058899363644,-0.03970518414113007,146161.2,1477.4767356068621,-0.05540588715680228,1.0738156865029194,0.0806705383087268,33.85831104853847
2025-03-07,1393.5,1425.5250244140625,1379.0999755859375,1396.550048828125,80318,0.0,0.0,0.0020269947742019845,0.414769029453683,-0.03970518414113007,136340.7,1476.671494942397,-0.01439705215196796,1.0647085259451958,0.004887044551039442,32.75087844563194
2025-03-10,1382.574951171875,1407.5,1342.9000244140625,1348.4000244140625,97336,0.0,0.0,-0.03447783661922188,0.41355507598710584,-0.03970518414113007,135679.2,1475.3951619023142,0.02831213842160163,1.0934922646405385,-0.08336939331051259,32.90247220889721
2025-03-11,1329.5,1337.9000244140625,1277.1500244140625,1296.0999755859375,127240,0.0,0.0,-0.03878674568465068,0.4247497502929413,-0.03970518414113007,137966.3,1473.6111301976737,-0.028283303257142567,1.1268989817050872,-0.0913166982316841,27.359189756101117
2025-03-12,1299.3499755859375,1339.300048828125,1276.875,1307.625,215714,0.0,0.0,0.008892079801831931,0.4289850880824249,-0.03970518414113007,144970.8,1471.9595269121246,-0.028762934072237956,1.108876776688414,0.020728178767933363,22.399261201693534
2025-03-13,1285.5,1310.0,1249.074951171875,1260.574951171875,194860,0.0,0.0,-0.035981301082592454,0.4299416799870994,-0.03970518414113007,150996.4,1469.8561978002815,-0.09553536511612326,1.1389158128063075,-0.08368879297020973,19.62195519718705
2025-03-17,1260.574951171875,1297.6500244140625,1250.0,1255.9749755859375,101224,0.0,0.0,-0.003649109147902063,0.4194651566075234,-0.03970518414113007,150483.9,1467.7280264349647,-0.10065881517110475,1.1317890645174864,-0.00869943308383551,19.472949061418447
2025-03-18,1255.9749755859375,1255.9749755859375,1255.9749755859375,1255.9749755859375,0,0.0,0.0,0.0,0.42042988996309894,-0.03970518414113007,144692.5,1465.6210309041287,-0.06854423550480704,1.1200820210270304,0.0,20.36608752246731
2025-03-19,1300.824951171875,1318.550048828125,1280.5,1292.25,96706,0.0,0.0,0.028881964305968344,0.43775255474606034,-0.03970518414113007,141058.8,1463.8959460195106,-0.002970431030366316,1.0806074600382085,0.06597783001619358,27.52185158749694
2025-03-20,1306.25,1325.0999755859375,1296.0,1310.4000244140625,75870,0.0,0.0,0.014045288770797137,0.4350447549667397,-0.03970518414113007,139385.8,1462.3686234164713,0.0021221867233056635,1.0578735256940583,0.03228469781005395,32.34587460121139
2025-03-21,1297.5,1386.300048828125,1292.5250244140625,1374.6500244140625,235134,0.0,0.0,0.04903082936733694,0.47279570666104814,-0.03970518414113007,147981.8,1461.4958015358504,0.09049447883772355,1.0018249895459008,0.10370404730736513,45.530912205553065
2025-03-24,1367.5,1394.949951171875,1357.425048828125,1379.0999755859375,84886,0.0,0.0,0.0032371520698672995,0.4592286108406781,-0.03970518414113007,149604.6,1460.6759425711748,0.09803141176643249,0.9920228894895875,0.007049107836400242,59.11564065591999
2025-03-25,1379.75,1407.5,1362.5,1384.800048828125,292204,0.0,0.0,0.004133183484225533,0.4595889057051309,-0.038830668888818545,155419.1,1459.920958553831,0.10256977706270631,0.9816326894906174,0.008993218380569813,57.176047786162044
2025-03-26,1390.0,1399.9000244140625,1361.300048828125,1371.324951171875,105556,0.0,0.0,-0.009730717201846706,0.45950042928280754,-0.038830668888818545,155465.9,1459.039406241573,0.06119168208309156,0.985213235054559,-0.021176731010387057,53.506486451926364
2025-03-27,1371.324951171875,1396.5,1347.2249755859375,1381.574951171875,91084,0.0,0.0,0.007474523081667073,0.4606382108149878,-0.038830668888818545,156130.1,1458.2686156438647,0.0543154192855253,0.9732696643588692,0.016226450051067657,48.09560962373691
2025-03-28,1397.5,1397.5,1362.300048828125,1388.5,108408,0.0,0.0,0.0050124307930243805,0.45905133866261916,-0.038830668888818545,157508.7,1457.5744005628312,0.010075273953340291,0.9652835723690134,0.010919106996695217,48.75424938892547
2025-04-01,1380.0,1397.5,1352.5,1368.800048828125,43916,0.0,0.0,-0.014187937466240585,0.455557686590482,-0.038830668888818545,152798.6,1456.6910736798989,-0.007468585990973109,0.9774172248624613,-0.031144106602581798,53.46173522332686
2025-04-02,1368.949951171875,1379.925048828125,1338.199951171875,1372.699951171875,55946,0.0,0.0,0.0028491395416656573,0.43602956937377974,-0.038830668888818545,143700.3,1455.85534111763,-0.008737794071057126,0.9768777148351317,0.006534280416841344,65.55328678791813
2025-04-03,1350.375,1400.675048828125,1347.5999755859375,1390.675048828125,55934,0.0,0.0,0.013094702626677224,0.34657910816770876,-0.038830668888818545,126204.2,1455.2067809953462,0.014110512347722093,0.9662951078832311,0.03778272244417429,66.43252561388222
2025-04-04,1390.824951171875,1399.4749755859375,1292.5,1321.824951171875,96186,0.0,0.0,-0.04950840076858187,0.3869093038524433,-0.039741444768299036,115533.9,1453.8795986090431,-0.04324774414107546,1.0156989727928158,-0.12795866885609022,61.15663849781193
2025-04-07,1084.0,1275.0,1084.0,1248.375,183070,0.0,0.0,-0.05556707876240141,0.42979314196617713,-0.041605834323567875,117079.6,1451.8347767323362,-0.10091825711199132,1.0696375258539226,-0.12928795749350214,48.89326185244746
2025-04-08,1255.550048828125,1287.5,1221.5,1251.074951171875,99596,0.0,0.0,0.002162772541804303,0.4072221987234713,-0.041605834323567875,118043.5,1449.8371665277546,-0.08600605892514279,1.0615151316163074,0.0053110377957626504,49.292006627339845
2025-04-09,1239.5,1239.5,1192.5250244140625,1207.0250244140625,113522,0.0,0.0,-0.035209662471901604,0.41958485886008806,-0.041605834323567875,118852.8,1447.421125312693,-0.12069274615794634,1.0943983883816553,-0.08391547237524997,37.95662289966079
2025-04-11,1250.0,1261.2750244140625,1185.550048828125,1201.0999755859375,255182,0.0,0.0,-0.004908803635617409,0.4071355038526457,-0.041605834323567875,125249.9,1444.970168598994,-0.13631874203965622,1.0958423680035319,-0.012056928144553976,34.00175385293393
2025-04-15,1210.0,1279.5,1210.0,1253.050048828125,118454,0.0,0.0,0.043252080841017726,0.4207606861325403,-0.041605834323567875,120386.9,1443.0605156659506,-0.05203026488702378,1.0482322674380657,0.1027949645453416,31.536606048142048
2025-04-16,1270.0999755859375,1279.0,1247.5,1258.5999755859375,42582,0.0,0.0,0.004429134145920832,0.4196851701400814,-0.041605834323567875,112773.0,1441.225087406448,0.008190628285521084,1.0435315196202377,0.010553468064901619,31.76453591635449
2025-04-17,1257.5,1257.5,1239.050048828125,1251.5999755859375,47340,0.0,0.0,-0.0055617353692869465,0.4009915924344324,-0.041605834323567875,110078.8,1439.338270373408,0.00041965864121151775,1.0491930494824642,-0.013869954721050215,29.921609298422837
2025-04-21,1274.5,1298.800048828125,1252.5,1290.199951171875,68318,0.0,0.0,0.03084050522441628,0.4146406731567787,-0.041605834323567875,113494.7,1437.8543069982686,0.06890903260119963,1.0191298199183714,0.07437886940957807,38.632381250001984
2025-04-22,1299.949951171875,1304.0,1271.0,1281.699951171875,38366,0.0,0.0,-0.006588126121288007,0.41558958234843296,-0.041605834323567875,110577.7,1436.300532313429,0.06710513464677925,1.0254769380722433,-0.01585248101151792,35.936067896229005
2025-04-23,1292.5,1347.0,1282.5,1322.0999755859375,180610,0.0,0.0,0.03152065690345407,0.417890767498558,-0.041605834323567875,115814.7,1435.1642083658917,0.05510548187790998,0.9945834379362334,0.07542797927279656,41.45540637670413
2025-04-24,1320.0,1335.6500244140625,1302.800048828125,1327.5,85798,0.0,0.0,0.004084429705604631,0.4155167837493435,-0.041605834323567875,108347.9,1434.0929227105098,0.05474338610406093,0.9887617610493173,0.009829758428653365,44.482291389088125
2025-04-25,1318.5,1324.050048828125,1265.5,1281.800048828125,59544,0.0,0.0,-0.03442557527071566,0.3938348515537222,-0.041605834323567875,107080.8,1432.5775707315806,0.024129173722657882,1.0202185923230747,-0.08741119345022669,39.07584523674529
2025-04-28,1266.0,1300.800048828125,1265.3499755859375,1271.550048828125,51370,0.0,0.0,-0.00799656702257967,0.3935054278679833,-0.041605834323567875,95039.1,1430.9753068320438,-0.014455048092980038,1.0239893763167762,-0.020321363450287133,35.41296585510233
2025-04-29,1277.9000244140625,1303.949951171875,1270.0,1300.550048828125,39860,0.0,0.0,0.022806809709713605,0.40330235346771315,-0.041605834323567875,91754.3,1429.677543070811,0.014707106479184162,0.9984352370813656,0.05655015138918081,47.11311338172978
2025-04-30,1300.550048828125,1300.550048828125,1250.0,1257.550048828125,108348,0.0,0.0,-0.033062933670830796,0.41633466297396027,-0.041605834323567875,92617.5,1427.9648316853118,-0.048823786362453325,1.0276439911278072,-0.0794143169355936,51.35715573330667
2025-05-02,1265.4000244140625,1270.8499755859375,1240.5,1245.449951171875,57682,0.0,0.0,-0.00962196110407354,0.4147179495063579,-0.04015736931803661,90081.2,1426.1487632224917,-0.06180794638653486,1.0318851010994512,-0.023201216353221445,49.190472857857166
2025-05-05,1255.5,1270.699951171875,1237.5,1245.5999755859375,45402,0.0,0.0,0.00012045800308668753,0.41363418306743543,-0.04015736931803661,90155.5,1424.3522578728744,-0.028241591405214206,1.026815406379193,0.00029121867849800576,56.35449014041876
2025-05-06,1258.050048828125,1258.050048828125,1185.050048828125,1203.550048828125,80398,0.0,0.0,-0.033758772946372306,0.4246216128077843,-0.04015736931803661,91378.1,1422.1552209669567,-0.0534780365607076,1.0556634111203813,-0.07950318856384303,50.360676126169025
2025-05-07,1188.050048828125,1222.3499755859375,1182.0,1214.4000244140625,82700,0.0,0.0,0.00901497664887474,0.42672949619144035,-0.04015736931803661,92716.4,1420.0880050808582,-0.0662412219288977,1.0389739570271095,0.02112574011891838,43.52704169857465
2025-05-08,1222.5,1254.949951171875,1212.5999755859375,1226.800048828125,46060,0.0,0.0,0.01021082358759462,0.42526303874916926,-0.04015736931803661,90210.1,1418.1647418345624,-0.024452307109887994,1.0245995301865303,0.024010606182756352,44.793725549916715
2025-05-09,1176.6500244140625,1241.9000244140625,1176.6500244140625,1224.699951171875,59788,0.0,0.0,-0.001711849994019854,0.3941901385442147,-0.04015736931803661,84046.0,1416.2397190418988,-0.016660645400062735,1.0253899332804532,-0.004342701105905093,45.524124190665745
2025-05-12,1257.4000244140625,1299.75,1243.0,1295.5999755859375,74842,0.0,0.0,0.05789175082943432,0.4006394183638939,-0.04015736931803661,82808.3,1415.0393235846257,0.040141298153510085,0.9709951189775716,0.14449838615697166,50.81130130690931
2025-05-13,1312.0,1365.050048828125,1282.550048828125,1352.199951171875,114104,0.0,0.0,0.04368630491856873,0.4257916716127772,-0.04015736931803661,82837.4,1414.414056197434,0.1235095312309511,0.9357196009974342,0.10260018409260015,59.25439389887182
2025-05-14,1352.550048828125,1385.949951171875,1340.800048828125,1374.3499755859375,91754,0.0,0.0,0.0163807315588691,0.40273950395232666,-0.04015736931803661,74666.0,1414.0154086291607,0.1317110902143217,0.9269418426235768,0.04067326644489155,57.203912689179106
2025-05-15,1440.4000244140625,1604.5,1439.4000244140625,1578.0,3659274,0.0,0.0,0.14817915962579975,0.6319796905180716,-0.04015736931803661,251707.0,1415.6470961054874,0.28627317997529533,0.8176108975525288,0.2344682265970385,72.3301777836542
2025-05-16,1587.5,1662.0,1562.5,1650.9000244140625,614530,0.0,0.0,0.046197734102701116,0.6337894611331649,-0.04015736931803661,280304.4,1417.9879212627868,0.34800366639548796,0.7933884423099291,0.07289129309785354,81.38070374550148
2025-05-19,1642.75,1647.5,1601.8499755859375,1641.699951171875,120242,0.0,0.0,-0.005572762194035796,0.6366203579145803,-0.04015736931803661,283949.5,1420.213911610141,0.2671349043746416,0.809715561366563,-0.008753666195586648,81.52625137478472
2025-05-20,1641.449951171875,1697.5,1620.050048828125,1681.5999755859375,190154,0.0,0.0,0.024304090638232134,0.6337774883149544,-0.04015736931803661,290041.3,1422.814767968109,0.24360304415673895,0.802140829188162,0.03834798600904929,81.86300897007844
2025-05-21,1690.0,1747.0,1667.5,1704.949951171875,220582,0.0,0.0,0.013885570840235895,0.6311137710436203,-0.04015736931803661,299152.1,1425.622083223868,0.24055006472786533,0.8035675755981084,0.022001691703316128,88.68231674228254
2025-05-22,1690.9000244140625,1702.75,1680.550048828125,1689.5,56102,0.0,0.0,-0.009061820941579923,0.6321914364680676,-0.04015736931803661,292926.7,1428.2477341370634,0.07065906210392892,0.821788990825688,-0.014333982201446379,88.17157541050952
2025-05-23,1682.5,1693.949951171875,1660.300048828125,1678.4000244140625,53708,0.0,0.0,-0.006569976671167543,0.6326266823874508,-0.04015736931803661,291322.2,1430.7368116522575,0.01665758046721222,0.8376772406873204,-0.01038523468931307,86.51704161859014
2025-05-26,1688.5,1698.050048828125,1663.75,1681.5999755859375,67392,0.0,0.0,0.0019065485732414622,0.6330210534426245,-0.04015736931803661,291714.6,1433.2329625371697,0.024304090638232134,0.8479706935424616,0.0030118248559895936,93.1647694008319
2025-05-27,1673.199951171875,1712.5,1665.050048828125,1703.699951171875,56132,0.0,0.0,0.013142231152945216,0.6100585587870565,-0.04015736931803661,291952.7,1435.9241763544305,0.013142231152945216,0.8496537149514463,0.021542572837023072,93.30086909571307
2025-05-28,1725.0,1768.800048828125,1668.699951171875,1681.5,219972,0.0,0.0,-0.013030434823106618,0.6126208828098895,-0.04015736931803661,300958.3,1438.3677168882175,-0.013754040789148658,0.8721989237195212,-0.02126998111889446,89.5528803318778
2025-05-29,1695.0,1760.0999755859375,1695.0,1754.800048828125,158606,0.0,0.0,0.04359205996320248,0.620538660934437,-0.04015736931803661,303471.2,1441.51629730553,0.038650517211083146,0.8499344362512367,0.0702487403364555,91.02941930351143
2025-05-30,1766.5,1780.199951171875,1739.6500244140625,1771.050048828125,387798,0.0,0.0,0.009260314308089823,0.5960243407597763,-0.04015736931803661,319977.0,1444.79524010675,0.05520139601189955,0.856974649655697,0.015536805327308063,90.20039677168566
2025-06-02,1762.949951171875,1785.0,1718.449951171875,1732.699951171875,74016,0.0,0.0,-0.021653875722837834,0.6042143460729341,-0.03932282843884724,321407.7,1447.6599635999353,0.0303877118980882,0.8899982901560756,-0.03583806889921698,83.19664412230446
2025-06-03,1715.5,1778.5,1715.5,1763.75,52098,0.0,0.0,0.01792003791950525,0.6012750579158669,-0.03612157331269537,319992.7,1450.8051380914783,0.035246845424172335,0.8902111928873583,0.029803394279459296,83.45360330812339
2025-06-04,1767.5,1780.6500244140625,1741.25,1751.0999755859375,70114,0.0,0.0,-0.007172232127037548,0.579462080677345,-0.03612157331269537,319363.4,1453.7931464247565,0.0413916001105783,0.9119667701893013,-0.012377396627713437,72.13553981356941
2025-06-05,1751.0999755859375,1809.0,1751.0999755859375,1786.300048828125,174132,0.0,0.0,0.02010169249783078,0.5784208844143561,-0.03612157331269537,325767.0,1457.10167281683,0.01795076312029731,0.909656801543322,0.03475270809188781,69.16217927040454
2025-06-06,1792.5,1807.5999755859373,1788.3499755859375,1803.1500244140625,32890,0.0,0.0,0.009432892081591593,0.5785784110959055,-0.03612157331269537,324422.1,1460.5449399969018,0.018124826911118275,0.9171962788915475,0.016303567049259154,72.36459901356469
2025-06-09,1783.800048828125,1834.3499755859373,1783.800048828125,1823.9000244140625,72610,0.0,0.0,0.011507639253002688,0.5743838715555591,-0.03612157331269537,324310.5,1464.1604134736897,0.052634660248305654,0.9212442966313239,0.020034753102467714,70.81627096276328
2025-06-10,1839.0,1865.0,1817.5999755859373,1844.3499755859373,54322,0.0,0.0,0.011212210591665661,0.5578295932730652,-0.03612157331269537,321321.4,1467.9433941912246,0.0456980726213676,0.9243717401282622,0.020099705225176314,70.56654089321626
2025-06-11,1842.5,1879.949951171875,1815.0999755859373,1838.050048828125,90504,0.0,0.0,-0.0034157978915095866,0.5538258637853617,-0.035248244402436145,321258.9,1471.6260474711937,0.04965454540257941,0.9401539425445694,-0.00616763869871742,72.52464725171436
2025-06-12,1830.050048828125,1890.0,1714.0,1839.3499755859373,249380,0.0,0.0,0.0007072314263918411,0.5560844815367768,-0.035248244402436145,150764.2,1475.2849920295496,0.02969821715708676,0.9465939173564032,0.0012718057006721399,75.15236373250566
2025-06-13,1824.8499755859373,1824.8499755859373,1773.050048828125,1788.4000244140625,86800,0.0,0.0,-0.027699976539616533,0.2966876551494782,-0.034464779630774954,124377.7,1478.4005644910872,-0.008180129107556167,0.9774057676788478,-0.09336409899501766,64.52271727356577
2025-06-16,1775.050048828125,1812.5,1737.6500244140625,1804.25,43198,0.0,0.0,0.00886265677117204,0.25896867639751997,-0.034464779630774954,120525.5,1481.6428474314744,-0.010773630216039498,0.9733240965612876,0.03422288962599809,63.90926300075307
2025-06-17,1820.0,1827.5,1787.5,1812.8499755859373,64384,0.0,0.0,0.004766509954794218,0.2564339769498077,-0.034464779630774954,114237.0,1484.9384407464443,-0.017079188015817204,0.9723267368834427,0.018587668551622902,68.8802622699369
2025-06-18,1823.5,1825.0,1747.6500244140625,1808.4000244140625,76386,0.0,0.0,-0.002454671501670447,0.24746151470607855,-0.034464779630774954,107027.2,1488.1569639670176,-0.01613123888164325,0.9775796179031865,-0.009919406681850738,59.60573456461328
2025-06-19,1797.5,1817.949951171875,1721.25,1736.300048828125,71864,0.0,0.0,-0.03986948386007605,0.2862796836391875,-0.03544265354131033,107815.3,1490.6260493885213,-0.056025187226800055,1.0195213716194793,-0.1392675930075765,44.81110716331108
2025-06-20,1734.550048828125,1745.0,1684.5999755859375,1695.0999755859375,88990,0.0,0.0,-0.023728659841940614,0.29709402231180293,-0.03544265354131033,109579.4,1492.6606158183465,-0.05216956360682956,1.0447938354023212,-0.07986919042869621,44.43292941391425
2025-06-23,1694.5,1752.9000244140625,1691.5,1740.8499755859375,74512,0.0,0.0,0.026989558526886226,0.30975636999133477,-0.03544265354131033,109935.4,1495.1301616866808,-0.035139268069315555,1.0190381306612706,0.08713156619289404,46.75084579689633
2025-06-24,1749.949951171875,1777.3499755859375,1740.949951171875,1754.0999755859375,63888,0.0,0.0,0.007611224508614178,0.31038235854014856,-0.03544265354131033,110323.2,1497.7069757553302,-0.03240753553311049,1.012777225260545,0.02452209042805101,50.424929452359926
2025-06-25,1774.0,1819.9000244140625,1746.9000244140625,1754.949951171875,136662,0.0,0.0,0.0004845650748348529,0.30784366601368507,-0.03544265354131033,106157.7,1500.2666073515147,-0.029556554147639913,1.0143793573562503,0.0015740621379966623,45.080789045991686
2025-06-26,1754.949951171875,1774.25,1740.0,1756.800048828125,55218,0.0,0.0,0.0010542167627143328,0.30324644776599163,-0.03544265354131033,100988.3,1502.819178908496,0.011806715097333553,1.0133680294747545,0.0034764355385408915,42.367856208749856
2025-06-27,1774.0,1783.25,1720.75,1754.800048828125,159446,0.0,0.0,-0.0011384334838413501,0.26340263568641326,-0.03544265354131033,89570.7,1505.3264512460048,0.03521920482687246,1.0140599807086061,-0.004322027521305464,37.872932786107775
2025-06-30,1771.550048828125,1775.0999755859375,1717.5,1750.5999755859375,84224,0.0,0.0,-0.002393476820901852,0.26140006624420864,-0.03544265354131033,90081.1,1507.7669838265017,0.005600712374263184,1.0170041869713333,-0.009156373843846115,32.55164076494111
2025-07-01,1750.5999755859375,1754.1500244140625,1722.699951171875,1736.300048828125,60916,0.0,0.0,-0.00816858617459204,0.2515894413388264,-0.03544265354131033,90522.0,1510.0409446722892,-0.010147612453997423,1.0245896200515052,-0.03246791998282572,31.610331464697154
2025-07-02,1736.0,1739.949951171875,1707.0,1719.550048828125,49544,0.0,0.0,-0.009646950140504207,0.24519410118407528,-0.03544265354131033,89493.5,1512.1256123753324,-0.02017145977303314,1.0336526768718595,-0.039344134709915296,29.493335013109572
2025-07-03,1710.0,1742.5,1698.050048828125,1707.199951171875,84750,0.0,0.0,-0.007182168186768756,0.24519720747421567,-0.034464779630774954,85024.4,1514.066650572313,-0.028233205986837095,1.038813587644585,-0.029291393518868194,33.984214154575184
2025-07-04,1718.8499755859375,1739.5,1694.0,1703.25,53038,0.0,0.0,-0.002313701549231939,0.23276268788868482,-0.033792113062589474,86031.8,1515.9490719596533,-0.02937659413820437,1.0382900366257524,-0.009940173276125333,29.097690551189856
2025-07-07,1695.0,1722.199951171875,1676.0,1706.8499755859375,68992,0.0,0.0,0.002113592007008558,0.22952748020573918,-0.033792113062589474,85850.9,1517.848583438522,-0.024991431857730118,1.032671311276977,0.009208448212952703,27.5993329826764
2025-07-08,1697.5,1741.800048828125,1677.75,1684.4000244140625,55128,0.0,0.0,-0.013152855548518971,0.22642787316311946,-0.033097725634607875,85891.2,1519.5058117069352,-0.029891161063487437,1.0416869386434353,-0.05808849760364366,25.648084738908054
2025-07-09,1694.949951171875,1706.0,1660.5,1686.0,69530,0.0,0.0,0.0009498786290353944,0.22063784619705012,-0.033097725634607875,84842.5,1521.1624702969161,-0.019510946396116502,1.0361892066675007,0.004305148016789397,36.33894018247784
2025-07-10,1690.199951171875,1710.699951171875,1669.300048828125,1705.1500244140625,58884,0.0,0.0,0.011358258845825864,0.22711694619371664,-0.033097725634607875,75317.7,1522.9931922284302,-0.0012007537584600714,1.0206169427706693,0.05001061583503248,53.1009088710926
2025-07-11,1696.6500244140625,1787.0999755859375,1684.800048828125,1740.5999755859375,261826,0.0,0.0,0.020789930894236974,0.24194103375067164,-0.033097725634607875,84069.0,1525.158433853878,0.02192865145218703,0.9984574438801612,0.0859297396255829,49.91762763104799
2025-07-14,1737.5,1809.5,1719.5,1796.0,115406,0.0,0.0,0.031828119723725345,0.2515454089497258,-0.033097725634607875,87679.4,1527.8533748105558,0.05223073245406851,0.9674290102680436,0.1265303095425743,60.804543313087635
2025-07-15,1796.0,1818.0999755859373,1774.8499755859375,1781.5999755859375,88496,0.0,0.0,-0.008017830965513673,0.25112020553409264,-0.033097725634607875,88885.0,1530.3782166093158,0.05770597824925061,0.9743713663166647,-0.03192825774086337,56.42323809280243
2025-07-16,1795.0,1812.949951171875,1773.75,1786.0,66784,0.0,0.0,0.0024697039034340396,0.2506409445884176,-0.033097725634607875,88404.9,1532.9217169415615,0.059311981020166105,0.9713437856778853,0.009853552893977715,56.952369288668656
2025-07-17,1786.0,1855.0,1786.0,1834.550048828125,347966,0.0,0.0,0.027183677955277208,0.26827290964524486,-0.033097725634607875,102210.0,1535.9229938757562,0.07588776504198091,0.9483156386668277,0.10132844564119255,65.54277619138333
2025-07-18,1848.0,1885.3499755859373,1830.5999755859373,1857.8499755859373,166928,0.0,0.0,0.012700622025927144,0.22633965156257158,-0.033097725634607875,106106.9,1539.1262474251112,0.0673618301991128,0.9408025535912564,0.056113108671482476,69.45402463298937
2025-07-21,1857.8499755859373,1874.949951171875,1821.0,1856.0999755859373,55376,0.0,0.0,-0.0009419490394794172,0.20475960431906665,-0.027968124396177244,105150.1,1542.2802148694975,0.033463238076802515,0.9447942052082151,-0.0046002676973772045,72.76699689676217
2025-07-22,1850.0,1883.300048828125,1845.4000244140625,1868.0,69906,0.0,0.0,0.0064113057327670475,0.18787798744046055,-0.027968124396177244,105451.0,1545.521207756368,0.048495748539537864,0.9418241447759135,0.0341248353724806,78.74152002931244
2025-07-23,1872.5,1892.5,1832.4000244140625,1840.9000244140625,74962,0.0,0.0,-0.014507481577054282,0.19707254128127624,-0.027968124396177244,102366.0,1548.4603004594298,0.030739095416608242,0.9580232401077062,-0.0736149275113821,74.48720381260728
2025-07-24,1840.9000244140625,1878.75,1813.0,1829.5,56568,0.0,0.0,-0.006192636353346215,0.19922536299330781,-0.02392722567682441,102433.5,1551.2567153802318,-0.002752745192942996,0.9659797778967528,-0.03108357264089164,72.50847241538712
2025-07-25,1869.3499755859373,1960.449951171875,1807.550048828125,1823.4000244140625,1240016,0.0,0.0,-0.003334230984387787,0.2000819243827326,-0.02392722567682441,156462.0,1553.964609002459,-0.018542913380834136,0.9710924529631976,-0.01666432801479121,70.59552372208405
2025-07-28,1841.6500244140625,1915.0,1829.75,1887.050048828125,551024,0.0,0.0,0.034907328924993264,0.23002458610710347,-0.02392722567682441,179802.0,1557.278891985799,0.01667478780738496,0.9419530272699268,0.15175476673259672,81.25867791508745
2025-07-29,1884.0,1907.199951171875,1853.0,1861.0,171536,0.0,0.0,-0.01380464118813507,0.23703850521331846,-0.021757614928792975,185333.0,1560.3009925630547,-0.0037473233404711204,0.9584887177120416,-0.0582379668372114,75.10039454468027
2025-07-30,1861.0,1936.300048828125,1861.0,1892.050048828125,299230,0.0,0.0,0.016684604421346005,0.23788890996868517,-0.021757614928792975,197817.3,1563.601978197533,0.02778533529018934,0.9473177016497251,0.07013611404659917,75.92232467608245
2025-07-31,1861.0,1912.5,1854.199951171875,1883.5999755859373,120788,0.0,0.0,-0.004466093932040227,0.23474404520623096,-0.021757614928792975,199619.2,1566.7860378730395,0.029570907672007207,0.9562500149866003,-0.019025376076580964,71.4392646350915
2025-08-01,1907.5,1971.5,1875.0,1899.5999755859373,490926,0.0,0.0,0.008494372588331967,0.2312096679933007,-0.021757614928792975,221513.6,1570.0976193428196,0.04179003518241209,0.9533638802577358,0.03673882798529779,67.61303944161313
2025-08-04,1914.5,2100.0,1891.050048828125,2043.6500244140625,894174,0.0,0.0,0.07583178073251573,0.3345829980898639,-0.021757614928792975,262772.7,1574.8095835723843,0.08298665723423038,0.894404611488007,0.22664564218440067,80.92034190245614
2025-08-05,2017.5,2024.550048828125,1978.3499755859373,1988.550048828125,235822,0.0,0.0,-0.026961551600174438,0.35647812641079085,-0.023890304429852304,271807.4,1578.926404122193,0.0685384464417651,0.9268348606113048,-0.07563311419779487,71.34576512240085
2025-08-06,1985.0,1995.75,1930.0,1975.800048828125,158398,0.0,0.0,-0.006411706865267819,0.35228911395724544,-0.023890304429852304,276250.8,1582.8753956118042,0.04426415678161999,0.9401495413806487,-0.0182001271945198,66.10053033687403
2025-08-07,1970.0,2074.25,1949.4000244140625,2057.25,421976,0.0,0.0,0.041223782345882753,0.36954383773708854,-0.023890304429852304,294405.4,1587.5955409290996,0.0921905004591248,0.9114849962546709,0.11155315559524984,70.06843353709664
2025-08-08,2054.0,2075.449951171875,2010.0,2054.64990234375,325962,0.0,0.0,-0.0012638705340867196,0.3714436938241953,-0.023890304429852304,297612.2,1592.2428480078524,0.08162240932330356,0.9202808725349775,-0.0034025897358726286,69.94874102435423
2025-08-11,2056.699951171875,2100.0,2034.0999755859373,2054.449951171875,249806,0.0,0.0,-9.731641952570591e-05,0.37025778358106465,-0.023890304429852304,304332.2,1596.8419236612258,0.005284626344429499,0.9266604432760585,-0.0002628342231083904,69.18405968108101
2025-08-12,2051.0,2057.5,2023.0,2047.1500244140625,93862,0.0,0.0,-0.003553226864275061,0.36197532438804453,-0.023890304429852304,304600.5,1601.322601280657,0.029468695354422314,0.9364506665462948,-0.009816212671733961,72.12270030949884
2025-08-13,2049.5,2072.949951171875,1972.800048828125,1994.6500244140625,183078,0.0,0.0,-0.025645409165860555,0.3757670511309564,-0.02571121628757625,310415.2,1605.236306983477,0.009540426723401385,0.9663286704492052,-0.06824815642082856,66.27895362098987
2025-08-14,1994.6500244140625,2044.6500244140625,1980.25,1998.5999755859373,129938,0.0,0.0,0.0019802727914812746,0.3758231248793025,-0.02571121628757625,299513.8,1609.1503733377303,-0.028508943693796418,0.9685229791288837,0.0052691614956520685,67.34309217086587
2025-08-18,2042.5,2050.0,1940.050048828125,1956.25,129692,0.0,0.0,-0.021189820926281855,0.3782184728821531,-0.02571121628757625,297652.0,1612.6041009662108,-0.04789132310643518,0.9920051136930911,-0.056025344834573484,57.151709800305774
2025-08-19,1945.25,2042.0,1945.199951171875,2020.5999755859373,137002,0.0,0.0,0.03289455621006376,0.39078502802596526,-0.02571121628757625,301733.3,1616.6637614101883,-0.016476417722724013,0.9644833352514431,0.08417557738707009,65.28442662959586
2025-08-20,2030.0,2036.5,1981.0,1994.949951171875,81368,0.0,0.0,-0.012694261468861101,0.3948662747893317,-0.02571121628757625,302306.4,1620.4278030993592,-0.025498899748262582,0.9800659410388659,-0.03214825361864895,59.95741357653436
2025-08-21,2011.0,2011.0,1980.050048828125,1999.25,44806,0.0,0.0,0.0021554670209140703,0.394777196339174,-0.02571121628757625,300798.6,1624.197178192898,0.0023061567340811884,0.9819182193322495,0.005459958139179379,61.281830140336766
2025-08-22,2016.449951171875,2016.449951171875,1936.5,1948.75,80964,0.0,0.5,-0.02525947230211334,0.40264441356669717,-0.02571121628757625,302018.4,1627.4265595044114,-0.024942447810909485,1.0104233483001925,-0.06273394296228013,54.49227957608738
2025-08-25,1955.0,2140.0,1955.0,2119.39990234375,2283556,0.0,0.0,0.08756890434573439,0.49584619012279746,-0.02571121628757625,354195.4,1632.3218166470915,0.08339931110223642,0.9360491579256087,0.17660497211443335,56.602449820088275
2025-08-26,2124.39990234375,2320.0,2093.0,2227.449951171875,1435512,0.0,0.0,0.050981435220713855,0.516202529312223,-0.02571121628757625,398419.8,1638.2434896274376,0.1023705721494701,0.8982839268559077,0.09876246499802269,69.0631948611217
2025-08-28,2220.199951171875,2220.199951171875,2109.5,2122.550048828125,358000,0.0,0.0,-0.047094168059112373,0.5438950899353119,-0.026998472847146543,407743.0,1643.062460365753,0.06396155331179876,0.9488398130197212,-0.08658685850399003,60.20869910807509
2025-08-29,2087.75,2166.5,2070.0,2110.64990234375,273456,0.0,0.0,-0.005606532807527986,0.5408361126189579,-0.026998472847146543,406454.3,1647.7150717287182,0.05572084648930842,0.959368004083643,-0.010366417058791813,54.112746935350344
2025-09-01,2106.949951171875,2264.35009765625,2094.300048828125,2248.39990234375,695146,0.0,0.0,0.06526425810696357,0.5772599783094767,-0.026998472847146543,435172.2,1653.692035217425,0.1537651840121872,0.9087039980472225,0.11305869006804353,62.35099356218327
2025-09-02,2247.5,2300.0,2210.800048828125,2267.25,339358,0.0,0.0,0.008383783345925488,0.5752337705972825,-0.026998472847146543,427593.8,1659.7970895933709,0.06976035881324205,0.9092568008333678,0.01457456712159768,63.25031436183215
2025-09-03,2237.5,2255.0,2187.550048828125,2204.0,192544,0.0,0.0,-0.027897232329915145,0.5896494955904336,-0.027709839329131465,392512.3,1665.2120439257753,-0.010527711816616936,0.9389881944050591,-0.047311550447211546,59.13033133743896
2025-09-04,2210.0,2263.800048828125,2170.800048828125,2219.5,146330,0.0,0.0,0.007032667876587961,0.5351997862962287,-0.027709839329131465,388037.7,1670.7273469712902,0.04567616731836388,0.9376334661082874,0.013140266355212581,63.677836569848914
2025-09-05,2210.0,2215.800048828125,2129.5,2145.300048828125,112264,0.0,0.0,-0.03343093091771798,0.5404302161098453,-0.028173917259305285,385731.0,1675.4494634076768,0.016416813819240206,0.9740140914874664,-0.06185984666024762,58.22125426116988
2025-09-08,2137.5,2157.199951171875,2107.0,2117.25,94136,0.0,0.0,-0.013075116855307711,0.5425612034887264,-0.028173917259305285,369339.0,1679.8454886474017,-0.058330327361710954,0.9883350941208376,-0.02409887867072789,59.16960775545279
2025-09-09,2115.89990234375,2202.0,2110.0,2169.10009765625,283798,0.0,0.0,0.02448936009269098,0.5310074288107961,-0.028173917259305285,367230.8,1684.7136937121663,-0.043290286622009067,0.9673481597553708,0.04611867612916212,58.5798518501907
2025-09-10,2192.5,2289.199951171875,2149.60009765625,2237.5,508902,0.0,0.0,0.03153376942708053,0.5397368738670717,-0.028173917259305285,380185.6,1690.2140549687617,0.015199637023593393,0.9418670347416201,0.05842433669003575,63.35407198851929
2025-09-11,2229.0,2300.0,2203.0,2254.550048828125,270974,0.0,0.0,0.007620133554469222,0.5395514460014564,-0.028173917259305285,389041.2,1695.8293384897504,0.01579186700974322,0.939343747350329,0.014123089595459552,63.86144033226325
2025-09-12,2242.5,2249.5,2205.0,2214.64990234375,106490,0.0,0.0,-0.0176976095541167,0.5445695845289876,-0.028173917259305285,385211.8,1700.9917321599396,0.0323264121275284,0.9612343165837045,-0.03249834315377784,64.60506517556311
2025-09-15,2212.699951171875,2222.800048828125,2168.550048828125,2185.10009765625,77266,0.0,0.0,-0.013342878554406079,0.5376692880828785,-0.027008335636661475,382578.2,1705.8087308215945,0.03204633258058798,0.9785009362950647,-0.024816143681593204,54.270682428379416
2025-09-16,2185.10009765625,2242.800048828125,2172.89990234375,2187.39990234375,108042,0.0,0.0,0.0010524939749747553,0.537742076084723,-0.027008335636661475,381495.7,1710.600682777039,0.008436588383944787,0.982755820857874,0.0019572467958346323,46.98168272610979
2025-09-17,2197.5,2206.89990234375,2168.199951171875,2197.199951171875,52812,0.0,0.0,0.004480227331830955,0.5293714642699824,-0.027008335636661475,377286.2,1715.4424665421618,-0.018011195006983227,0.9823912403604064,0.008463295718775382,56.56724635864421
2025-09-18,2214.25,2266.050048828125,2190.0,2204.5,173080,0.0,0.0,0.003322432637153261,0.5203212467319231,-0.027008335636661475,381871.8,1720.3087106561702,-0.022199573193835365,0.9838908994297885,0.0063853486555999475,58.32373370225663
2025-09-19,2215.449951171875,2243.5,2102.0,2135.14990234375,245170,0.0,0.0,-0.031458424883760494,0.5321313357804831,-0.028075291957607412,391890.0,1724.436483707788,-0.035897321701215956,1.0190303175068898,-0.05911778197847011,38.56869104863056
2025-09-22,2144.949951171875,2168.0,2116.300048828125,2132.050048828125,97788,0.0,0.0,-0.001451820086366018,0.5324152866685844,-0.028075291957607412,392731.2,1728.4923400771447,-0.024278086338024862,1.0248105979278077,-0.002726856451064254,35.90492154226607
2025-09-23,2132.5,2167.5,2115.75,2125.449951171875,61632,0.0,0.0,-0.003095657937241092,0.5227302741849631,-0.028075291957607412,281635.0,1732.442167053212,-0.028321273629708488,1.0281352363004936,-0.005922094110288286,40.714025533696805
2025-09-24,2116.5,2118.199951171875,2023.9000244140625,2049.75,222588,0.0,0.0,-0.035615965047842035,0.4448919775865367,-0.03155705018545837,220988.8,1735.5994589233292,-0.06710811689816065,1.0617709429122455,-0.08005530789855889,32.43298826437109
2025-09-25,2040.3499755859373,2183.5,2033.5999755859373,2123.5,609552,0.0,0.0,0.035979997560678045,0.4253182474906317,-0.03155705018545837,233566.4,1739.4591657997141,-0.036743025629394466,1.0249175831377297,0.0845954692209999,47.7418633553953
2025-09-26,2118.89990234375,2138.0,2050.5,2078.449951171875,313756,0.0,0.0,-0.02121499827083828,0.39935040387627435,-0.03155705018545837,235581.4,1742.8322084402332,-0.026555489668259602,1.0463578827135935,-0.0531237668315302,46.11766532433491
2025-09-29,2056.0,2067.949951171875,2015.0,2024.5999755859373,168050,0.0,0.0,-0.02590871892564739,0.4085785887999634,-0.03155705018545837,209226.6,1745.6358678148174,-0.050397537947689086,1.0686617208272542,-0.06341183557274882,35.598946442860196
2025-09-30,2025.949951171875,2070.5,1991.4000244140625,2007.8499755859373,143210,0.0,0.0,-0.008273239258116849,0.32832035225803335,-0.03155705018545837,199419.2,1748.24496341453,-0.0553294494283898,1.0711171246986089,-0.025198678513928874,24.486161331361956
2025-10-01,2010.0,2024.0,1969.5,1986.75,92130,0.0,0.0,-0.010508741112383091,0.3249993729013254,-0.03155705018545837,194398.5,1750.6181478581666,-0.03073545554335899,1.0770252888766987,-0.032334649434007386,20.513087946157313
2025-10-03,1994.9000244140625,2019.449951171875,1953.0,1964.0,141144,0.0,0.0,-0.011450861960488279,0.31594925659597217,-0.03155705018545837,194139.2,1752.7413503670405,-0.0751118436543442,1.0829964321159782,-0.0362427236621231,21.318220567485696
2025-10-06,1978.0,2022.5,1958.6500244140625,2009.4000244140625,126974,0.0,0.0,0.023116102043819975,0.3285133094619945,-0.03155705018545837,194874.7,1755.2951680192498,-0.033221837609744065,1.0551457975986278,0.07036579850606108,30.598486997786182
2025-10-07,2024.9000244140625,2024.9000244140625,1990.5,2004.949951171875,44360,0.0,0.0,-0.0022146278431967037,0.3112427810199729,-0.03155705018545837,192385.9,1757.7792952147984,-0.00970563303912686,1.0546871695114934,-0.007115434982250201,29.948359937464403
2025-10-08,2021.699951171875,2055.0,1993.25,2030.5,84780,0.0,0.0,0.012743484600795663,0.31358927913209594,-0.03155705018545837,182435.0,1760.4929340683827,0.011280735458062852,1.038002947121822,0.040637499565323525,32.29234309626527
2025-10-09,2040.5,2040.5,1967.5,1984.5,55516,0.0,0.0,-0.022654518591479933,0.3062204074287416,-0.03155705018545837,159765.7,1762.7218600975532,-0.0011325028312570984,1.0556890824544516,-0.07398108454591114,28.405974007087877
2025-10-10,2002.0,2048.85009765625,1976.5999755859373,2042.050048828125,95750,0.0,0.0,0.028999772652116507,0.3026148724285807,-0.03155705018545837,151004.5,1765.5012450600466,0.03974035072715121,1.0207340340786613,0.09583062280144355,40.645113006614984
2025-10-13,2026.449951171875,2089.5,2005.5,2072.199951171875,99668,0.0,0.0,0.014764526638831432,0.30710092629555696,-0.03155705018545837,150663.4,1768.5529734790698,0.031253073551706034,1.0024454857252192,0.04807711372335872,44.296189738883285
2025-10-14,2087.5,2087.5,2012.5,2015.5,72320,0.0,0.0,-0.027362200804903036,0.314339412955562,-0.03155705018545837,150416.1,1771.0101578225617,0.00526200108983188,1.0264388398359976,-0.08704667250334432,40.434975964759204
2025-10-15,2018.9000244140625,2079.050048828125,1996.800048828125,2042.699951171875,63426,0.0,0.0,0.013495386341788596,0.31832406602673086,-0.03155705018545837,148185.3,1773.7135388509132,0.006008348274747499,1.0092292227980761,0.04239511666926299,49.3301616184086
2025-10-16,2050.0,2065.25,2029.4000244140625,2056.0,51544,0.0,0.0,0.006511014415257144,0.31976064269496796,-0.03155705018545837,148121.9,1776.5223593598596,0.036029226505416956,0.9992667736246428,0.020362150128171812,42.754401777164794
2025-10-17,2050.5,2086.300048828125,2028.800048828125,2034.8499755859373,52524,0.0,0.0,-0.010286976855088836,0.31964397765665814,-0.03155705018545837,142094.1,1779.0927834019103,-0.0035259043951051394,1.0054844386070336,-0.03218260706388907,45.06676020555373
2025-10-20,2087.0,2196.5,2076.949951171875,2157.199951171875,867156,0.0,0.0,0.060127270832684765,0.38806718016235564,-0.03155705018545837,173193.4,1782.855043777731,0.041019207606838526,0.9489674272803954,0.15494036176449064,62.989808881944164
2025-10-21,2179.5,2263.5,2167.949951171875,2219.89990234375,103852,0.0,0.0,0.02906543324266897,0.38434089794590753,-0.03155705018545837,173496.6,1787.2037488380895,0.10141399272823115,0.9241430112694675,0.07562409476006042,69.05724237168567
2025-10-23,2219.89990234375,2227.5,2152.699951171875,2171.89990234375,256094,0.0,0.0,-0.021622596563620755,0.3929653158076257,-0.03155705018545837,183219.7,1791.0315712610316,0.06324959820836851,0.94563634162468,-0.05502418443454727,65.87225907923768
2025-10-24,2194.5,2260.0,2150.5,2223.300048828125,211992,0.0,0.0,0.023665983146326397,0.4001730453360244,-0.03155705018545837,182689.9,1795.3327501422964,0.08137161907982726,0.9276772973381942,0.059139371906122284,71.18810153246298
2025-10-27,2278.89990234375,2415.0,2254.5,2393.64990234375,4640842,0.0,0.0,0.07662027156677054,0.45127693420731524,-0.03155705018545837,384254.4,1801.2861546418135,0.176327459548705,0.867299964607691,0.16978547774328887,76.07382034661316
2025-10-28,2349.550048828125,2393.5,2342.0,2358.699951171875,262534,0.0,0.0,-0.014601112358851531,0.4454437698658029,-0.03155705018545837,381693.3,1806.832560577436,0.09340812375345053,0.8860919230305443,-0.03277879952269252,73.0501118997253
2025-10-29,2357.300048828125,2357.300048828125,2246.25,2319.800048828125,363638,0.0,0.0,-0.0164920944372019,0.44217913409453674,-0.03155705018545837,391472.7,1811.9367146893833,0.04500209508496367,0.9073131023991936,-0.03729731412586916,68.52825395159688
2025-10-30,2315.0,2374.949951171875,2314.949951171875,2360.64990234375,256706,0.0,0.0,0.017609213145874714,0.42858726174256206,-0.03155705018545837,397147.5,1817.396547402362,0.08690547837693408,0.8990850246276276,0.04108664514062372,74.25053931244625
2025-10-31,2353.949951171875,2414.300048828125,2347.64990234375,2363.800048828125,236012,0.0,0.0,0.0013344403510437974,0.42536168694257614,-0.03155705018545837,404341.6,1822.8333981628175,0.06319434935201662,0.905862354596744,0.003137189739075042,72.30812953577731
2025-11-03,2370.0,2412.0,2349.300048828125,2366.5,227486,0.0,0.0,0.0011422079347249703,0.42081740313502003,-0.03155705018545837,408658.7,1828.2430160915458,-0.011342470056780685,0.9133329719109842,0.0027142601495877047,71.21235209167187
2025-11-04,2378.949951171875,2433.949951171875,2352.5,2369.199951171875,421990,0.0,0.0,0.001140904784227681,0.4154499562850676,-0.03155705018545837,423409.5,1833.625672161997,0.004451604789656782,0.9198854124943078,0.0027461905808528362,77.64578028305928
2025-11-06,2384.0,2392.5,2277.10009765625,2284.949951171875,164812,0.0,0.0,-0.035560527492974,0.4398532536119418,-0.033537410746480784,429432.1,1838.1164610078665,-0.0150228885777699,0.9599302047033091,-0.08084634225732855,67.38429025443514
2025-11-07,2290.0,2290.0,2126.0,2139.75,308016,0.0,0.0,-0.06354622826526535,0.5020688342956252,-0.03556329937071741,440593.9,1841.117789754057,-0.09357588438863018,1.0276223738124708,-0.1265687544392785,55.05340218370795
2025-11-10,2139.75,2192.25,2128.75,2181.699951171875,172574,0.0,0.0,0.019605071233496973,0.5042055910851779,-0.03556329937071741,446446.8,1844.506666982095,-0.07703701408523433,1.0123825555101849,0.038883088944870706,58.643831136163776
2025-11-11,2177.5,2240.0,2158.0,2170.85009765625,217822,0.0,0.0,-0.004973119016571048,0.4961267561163131,-0.03556329937071741,452550.4,1847.753865297261,-0.0826747949899641,1.020408998648418,-0.010023887756552,50.92486999640303
2025-11-12,2188.050048828125,2275.5,2180.35009765625,2243.75,393480,0.0,0.0,0.03358126957842744,0.49919333855183096,-0.03556329937071741,467241.0,1851.6941253440546,-0.052950343473468275,0.9910785411951601,0.06727106776532044,51.593939463394044
2025-11-13,2254.5,2285.60009765625,2213.699951171875,2223.39990234375,163384,0.0,0.0,-0.009069681406685182,0.5001236556148819,-0.03556329937071741,471794.2,1855.3926902893252,-0.026937154048629397,1.0048248493529077,-0.018134877491818694,53.57390942064207
2025-11-14,2234.5,2238.0,2187.10009765625,2200.300048828125,85180,0.0,0.0,-0.010389428141682866,0.49014301222079,-0.03556329937071741,472881.9,1858.8246043046368,0.0282977211487907,1.0189553365690869,-0.021196727629844418,48.338628568746266
2025-11-17,2200.300048828125,2292.35009765625,2200.300048828125,2282.550048828125,184536,0.0,0.0,0.03738126536142472,0.5024134288707401,-0.03556329937071741,479531.5,1863.040777881985,0.04622546633971347,0.9872006882849831,0.07440339463340288,40.80450501824533
2025-11-18,2285.0,2288.949951171875,2222.5,2225.949951171875,84700,0.0,0.0,-0.02479687036229883,0.5134194721323764,-0.03556329937071741,481140.3,1866.6518144321333,0.02538169428424064,1.0165951740451402,-0.04829748621791757,39.39272043971122
2025-11-19,2229.5,2270.199951171875,2205.14990234375,2212.699951171875,136976,0.0,0.0,-0.005952514787237018,0.5120874850938132,-0.03556329937071741,444631.3,1870.0950794743198,-0.0138384618732591,1.0239368319357613,-0.01162401902851881,41.07647329725741
2025-11-20,2234.699951171875,2310.0,2213.10009765625,2297.85009765625,169486,0.0,0.0,0.038482464122294724,0.48734763980394125,-0.03556329937071741,447913.0,1874.3513483119511,0.03348484239565708,0.9876895321012741,0.0789630649450677,45.127264561536485
2025-11-21,2279.10009765625,2289.0,2219.050048828125,2228.550048828125,282046,0.0,0.0,-0.03015864650997435,0.4913047331823565,-0.03556329937071741,449210.6,1877.8757134912166,0.012839158011674678,1.0196742031044437,-0.06138480633145533,40.482722025880044
2025-11-24,2231.85009765625,2277.300048828125,2200.0,2259.5,118896,0.0,0.0,0.013887931836285228,0.48640721601586984,-0.03556329937071741,444555.8,1881.6729700733936,-0.010098376085974081,1.0065080737666658,0.028552067266846302,42.758525419143616
2025-11-25,2250.800048828125,2257.550048828125,2202.0,2214.10009765625,81656,0.0,0.0,-0.020092897695839773,0.48584087012171295,-0.033537410746480784,216596.5,1884.9807026861586,-0.0053235040210075635,1.0230917314168757,-0.04135695145868766,40.07678169666959
2025-11-26,2239.14990234375,2239.14990234375,2193.64990234375,2214.39990234375,90520,0.0,0.0,0.00013540701606817862,0.3987907750227689,-0.033537410746480784,207995.8,1888.2585056678263,0.0007682700815239141,1.0196949961974302,0.00033954399437902653,44.94300814277236
2025-11-27,2229.5,2256.0,2216.35009765625,2245.199951171875,63876,0.0,0.0,0.013908982201239262,0.4009216953320824,-0.033537410746480784,193007.7,1891.8101618419962,-0.022912785537262392,1.004045316293799,0.03469251481338105,59.04141411413023
2025-11-28,2245.199951171875,2307.0,2228.64990234375,2275.35009765625,151876,0.0,0.0,0.013428713317332086,0.40072896666848845,-0.033537410746480784,187766.2,1895.6264796112923,0.021000223375164717,0.9888665077081844,0.033510711975393966,58.19551678758472
2025-12-01,2280.0,2355.5,2261.85009765625,2344.89990234375,291514,0.0,0.0,0.030566638847859373,0.41054712494376167,-0.033537410746480784,190541.3,1900.0968619270382,0.03779592934000875,0.9591336906580208,0.07445342141297981,63.81238460943201
2025-12-02,2328.5,2407.5,2328.5,2397.39990234375,434778,0.0,0.0,0.022389015389324696,0.41782185816609974,-0.033537410746480784,200905.9,1905.0451508864085,0.08278749677195418,0.9387743323404364,0.05358507319780646,62.60148665469897
2025-12-03,2397.39990234375,2479.5,2343.39990234375,2455.699951171875,633506,0.0,0.0,0.024318032536469802,0.4255590759046546,-0.03166353001422117,211481.7,1910.524303128055,0.10896859622000976,0.9182483762316763,0.057143727726490595,67.93546179610901
2025-12-04,2452.5,2462.199951171875,2414.5,2448.300048828125,167930,0.0,0.0,-0.003013357694704788,0.42592129929303907,-0.03166353001422117,211637.6,1915.8753055728318,0.09045969271032739,0.9243597404010296,-0.007074916490340616,69.62336114352998
2025-12-05,2440.10009765625,2440.10009765625,2399.85009765625,2416.10009765625,89902,0.0,0.0,-0.013151962802634198,0.40776788634972255,-0.03166353001422117,200731.9,1920.8526666880898,0.06185861250318414,0.9423978355243441,-0.03225355139619526,61.47633258383255
2025-12-08,2408.5,2408.5,2333.0,2380.14990234375,195452,0.0,0.0,-0.014879431256748732,0.33631901657475455,-0.03166353001422117,201875.8,1925.4227884359075,0.015032624618546597,0.9608008292873162,-0.04424201451903715,63.73841450550854
2025-12-09,2384.300048828125,2384.300048828125,2237.5,2249.449951171875,451632,0.0,0.0,-0.054912487252661624,0.39099089771603074,-0.03556329937071741,213566.3,1928.6469393089023,-0.06171267089284349,1.018373399009111,-0.14044440975221736,52.70758160617874
2025-12-10,2252.5,2270.0,2195.0,2206.949951171875,201054,0.0,0.0,-0.01889350771190046,0.3969340293003112,-0.03556329937071741,203945.0,1931.416123506544,-0.10129494846522069,1.0371508375253202,-0.047598607932957004,42.85375931618562
2025-12-11,2200.0,2251.449951171875,2162.5,2220.949951171875,188500,0.0,0.0,0.006343596506375837,0.37967577589749363,-0.03556329937071741,205200.8,1934.2970571151543,-0.09286039011642822,1.030557888739499,0.016707930139343956,49.345608607823124
2025-12-12,2220.0,2285.949951171875,2206.64990234375,2246.25,122250,0.0,0.0,0.011391543881831057,0.3802772981682612,-0.03556329937071741,207054.3,1937.401066497093,-0.07029928015855547,1.0199732844671674,0.029955886499519038,48.84792586409323
2025-12-15,2255.449951171875,2337.0,2231.64990234375,2325.199951171875,129798,0.0,0.0,0.03514744626460775,0.39585102842748693,-0.03556329937071741,204317.4,1941.2597618669915,-0.023086760677453744,0.9862581857512043,0.08878957701925078,59.12749589966962
2025-12-16,2320.5,2320.5,2225.5,2233.949951171875,133950,0.0,0.0,-0.03924393682960947,0.40078821204412407,-0.03579736363693041,206779.9,1944.17210205908,-0.006890573400810784,1.0267228610687413,-0.09791689144320459,51.397330235124876
2025-12-17,2256.0,2320.10009765625,2211.5,2229.199951171875,285068,0.0,0.0,-0.00212627861134862,0.3912069945607127,-0.03579736363693041,214184.5,1947.0082000602024,0.010081787304775824,1.0292806996274042,-0.0054351752053525305,48.81217519401083
2025-12-18,2233.25,2256.89990234375,2215.0,2234.10009765625,53460,0.0,0.0,0.0021981637321493164,0.39056804633751485,-0.03579736363693041,208383.2,1949.8648358571782,0.005920955795260641,1.0255963856567143,0.005628119597803826,46.81835710519927
2025-12-19,2248.449951171875,2277.5,2225.0,2262.25,91122,0.0,0.0,0.012600107924117365,0.36874238175079327,-0.03579736363693041,198837.0,1952.9731459481516,0.00712298274902623,1.0135793934844322,0.034170489224989574,43.19025383831282
2025-12-22,2272.5,2335.0,2262.75,2329.39990234375,143258,0.0,0.0,0.029682794714885663,0.36632351567874827,-0.035744697959805775,200055.1,1956.7186858127843,0.0018062752709753216,0.9858611978633346,0.08102890651067914,44.529364430838115
2025-12-23,2331.949951171875,2415.0,2290.5,2392.949951171875,163972,0.0,0.0,0.027281725548362612,0.37447909216426284,-0.035744697959805775,204170.9,1961.0592954183476,0.07117437877987931,0.9634165017008071,0.07285246463872277,44.99401674304083
2025-12-24,2392.949951171875,2412.5,2368.199951171875,2393.35009765625,107688,0.0,0.0,0.00016721891077531303,0.3651960590818164,-0.035744697959805775,205029.3,1965.3606964356404,0.07363634939884256,0.9669939148205446,0.0004578880358590341,45.56676646609006
2025-12-26,2391.5,2391.5,2334.949951171875,2340.699951171875,42918,0.0,0.0,-0.02199851435689837,0.3760120849320902,-0.035744697959805775,203981.4,1969.0954153882399,0.04771489586677724,0.9907848202874846,-0.0585048051735448,44.1112078373224
2025-12-29,2340.5,2345.0,2276.800048828125,2296.39990234375,117086,0.0,0.0,-0.01892598357424924,0.38108453263525316,-0.035744697959805775,202241.9,1972.3521764524737,0.015095547505249218,1.0103564576601411,-0.049663477409431,43.543291782465005
2025-12-30,2306.949951171875,2319.25,2217.5,2236.35009765625,165386,0.0,0.0,-0.02614954156121152,0.38984181061064205,-0.035744697959805775,195935.5,1974.979021439576,-0.03994582664568547,1.0350593061858564,-0.06707731233209227,48.86659886382243
2025-12-31,2253.25,2359.699951171875,2240.050048828125,2347.64990234375,138356,0.0,0.0,0.04976850664131027,0.4140655180711336,-0.035744697959805775,181114.4,1978.6871894087717,-0.01893062945421853,0.9849285782178695,0.12019475968731302,60.87830227499287
2026-01-01,2344.0,2427.699951171875,2321.949951171875,2410.85009765625,220104,0.0,0.0,0.02692062187356159,0.4173846659775062,-0.035744697959805775,160444.3,1982.9873178490452,0.0073119264988175114,0.958178606807076,0.06449834750284987,63.644209393081006
2026-01-02,2407.5,2407.5,2353.10009765625,2360.75,59332,0.0,0.0,-0.020781091991142753,0.4143157788923558,-0.035744697959805775,155014.4,1986.7461505072638,0.00856583468465777,0.9766588945680662,-0.050157615394526824,57.943663716374445
2026-01-05,2360.75,2413.300048828125,2345.949951171875,2387.5,114812,0.0,0.0,0.011331144763316647,0.41665115434817424,-0.035744697959805775,156259.9,1990.733750999729,0.03967083327397436,0.9651172693062828,0.02719575926553222,54.659687802744656
2026-01-06,2405.35009765625,2472.949951171875,2382.35009765625,2401.300048828125,211266,0.0,0.0,0.005780125163612482,0.4147755723633689,-0.035744697959805775,157050.6,1994.8189877940415,0.07375855477402515,0.9600112193051351,0.01393554830464619,64.15700994208444
2026-01-07,2391.300048828125,2420.0,2370.14990234375,2386.050048828125,54014,0.0,0.0,-0.006350726560573783,0.41195450826285984,-0.035744697959805775,137169.7,1998.7118341724902,0.016356845390804953,0.9690094278665023,-0.015416086677125636,63.037155771769704
2026-01-08,2389.64990234375,2395.0,2358.64990234375,2375.699951171875,67158,0.0,0.0,-0.004337753795790378,0.3603538424594191,-0.035744697959805775,130474.9,2002.4629597147728,-0.014579980115124846,0.9767826494802571,-0.012037484173362265,61.66390415076681
2026-01-09,2393.60009765625,2394.449951171875,2275.60009765625,2299.25,98544,0.0,0.0,-0.03217996916410426,0.3731657558254732,-0.035744697959805775,125977.1,2005.4160645932327,-0.026051043100709492,1.0109633554929598,-0.08623505184865911,52.8231331688005
2026-01-12,2302.449951171875,2325.25,2262.050048828125,2298.199951171875,95748,0.0,0.0,-0.0004566918900185124,0.37296130677996686,-0.035744697959805775,124652.0,2008.329337096503,-0.03740316181282721,1.0125554965263979,-0.0012245020313673533,47.352348265946624
2026-01-13,2284.199951171875,2325.0,2277.5,2297.10009765625,44934,0.0,0.0,-0.00047857172526011293,0.37141509986788396,-0.035744697959805775,120408.8,2011.2026779975952,-0.04339314082083423,1.0124286714248456,-0.00128850903623804,40.90177416182068
2026-01-14,2295.14990234375,2333.949951171875,2285.75,2301.300048828125,76536,0.0,0.0,0.0018283709866018238,0.3505329582140879,-0.035744697959805775,117538.1,2014.089219000884,-0.035518953192798186,1.0120442599689692,0.0052159743944117315,41.325036238602316
2026-01-15,2301.300048828125,2301.300048828125,2301.300048828125,2301.300048828125,0,0.0,0.0,0.0,0.32062723269270876,-0.035744697959805775,103284.7,2016.9470382031452,-0.03131704502795074,1.0136107679454707,0.0,45.87780806409667
2026-01-16,2301.300048828125,2359.89990234375,2286.300048828125,2315.550048828125,91366,0.0,0.0,0.006192152130382267,0.3207013022074558,-0.035744697959805775,105180.0,2019.9182124382198,0.00708928947618781,1.0091317216428966,0.019308159632277017,52.138009668648955
2026-01-19,2315.550048828125,2326.449951171875,2222.0,2229.64990234375,114778,0.0,0.0,-0.03709708046597748,0.3481189918486591,-0.037204423284159086,106362.8,2022.005094924842,-0.029827713116593935,1.0472787678401199,-0.10656436525721463,49.29278101246087
2026-01-20,2231.5,2262.5,2148.5,2172.5,98064,0.0,0.0,-0.025631782946585302,0.3559716036625763,-0.037204423284159086,104103.1,2023.5025566668835,-0.0542423457224962,1.071217494740722,-0.07200513176559506,29.126471204925352
2026-01-21,2150.0,2166.10009765625,2075.5,2100.050048828125,116194,0.0,0.0,-0.03334865416426924,0.3529351066242447,-0.037204423284159086,101714.2,2024.2642232555525,-0.08745056956066255,1.1011999516380573,-0.09448947580859221,13.759326786920624
2026-01-22,2171.5,2245.0,2160.0,2173.949951171875,464712,0.0,0.0,0.03518959102188446,0.362883792310569,-0.037204423284159086,119565.4,2025.7536334835759,-0.05533832831624874,1.0587203277803725,0.0969720632274679,29.36366445334096
2026-01-23,2197.5,2199.5,2142.550048828125,2161.949951171875,77624,0.0,0.0,-0.0055199062855754155,0.36253383351375557,-0.037204423284159086,121300.7,2027.1088207242556,-0.0663341730549013,1.060462802869272,-0.015225906172166723,24.243448172358725
2026-01-27,2164.949951171875,2232.5,2102.39990234375,2204.85009765625,147268,0.0,0.0,0.019843265317553316,0.3661647048028434,-0.037204423284159086,122809.8,2028.877390643977,-0.011122734856907845,1.0377530958139383,0.05419218323163023,28.964560253196552
2026-01-28,2205.0,2258.5,2189.75,2211.35009765625,101632,0.0,0.0,0.002948046221785905,0.36168193832798096,-0.037204423284159086,119622.1,2030.6930394699698,0.017882668656501677,1.034137478761141,0.008150935470831277,30.93627565741872
2026-01-29,2211.0,2409.5,2187.5,2341.300048828125,952360,0.0,0.0,0.05876498312483647,0.4058303438414026,-0.037204423284159086,160322.3,2033.7836564785086,0.11487821451427926,0.9766037988668363,0.14480184286018602,47.023198848776005
2026-01-30,2350.0,2400.0,2277.699951171875,2325.60009765625,330912,0.0,0.0,-0.006705655338679506,0.3683643512170033,-0.037204423284159086,165862.7,2036.6873026593819,0.0697578830656278,0.981363917327286,-0.018203865641413686,52.54811985907634
2026-02-02,2312.5,2429.0,2282.949951171875,2421.199951171875,314898,0.0,0.0,0.04110760642466893,0.3844497495170114,-0.037204423284159086,178641.0,2040.513299161994,0.11991489435704783,0.9438636071445317,0.1069258216634415,60.05559829882325
2026-02-03,2494.0,2497.5,2424.0,2473.5,267256,0.0,0.0,0.021600879680677032,0.38294661617236203,-0.03353607547935465,186263.2,2044.821624543467,0.12184497378271852,0.9256448431498888,0.05640702438504995,63.3071781946028
2026-02-04,2473.5,2473.5,2229.75,2265.550048828125,544974,0.0,0.0,-0.08407113449439052,0.4843899279054042,-0.037204423284159086,202948.6,2047.0179272726675,0.02450989159487693,1.0076118250894723,-0.1735608606114536,47.937221845712806
2026-02-05,2250.0,2272.449951171875,2226.5,2248.60009765625,148328,0.0,0.0,-0.0074816052643120745,0.48386910763638363,-0.037204423284159086,207664.3,2049.0237200128026,-0.03959336660769874,1.0121508597037263,-0.015462043332830194,47.0175457913815
2026-02-06,2225.0,2233.60009765625,2062.10009765625,2092.949951171875,327450,0.0,0.0,-0.06922091066642377,0.5360821445539516,-0.040027364350762075,220678.9,2049.460796939759,-0.1000387584773671,1.0806684702165228,-0.1291236988181768,39.14039813757425
2026-02-09,2112.5,2174.800048828125,2070.0,2083.75,493080,0.0,0.0,-0.004395686178125691,0.5360803690658242,-0.040027364350762075,240405.7,2049.8019830398607,-0.13937302080670666,1.080268756795516,-0.008199677417378398,42.3064781933433
2026-02-10,2063.0,2086.0,1984.550048828125,1992.5,685906,0.0,0.0,-0.04379124175164972,0.5447534773210998,-0.04434730402670031,269913.6,2049.23181405439,-0.19446128967050735,1.12207027574106,-0.08038726280945749,40.83782775607853
2026-02-11,1992.5,2009.949951171875,1932.5,1945.949951171875,326312,0.0,0.0,-0.023362634292659945,0.5474695654984334,-0.04434730402670031,283982.5,2048.204133826703,-0.14106953753750262,1.139889294559727,-0.042673849540204804,41.943741451873045
2026-02-12,1945.0,1969.199951171875,1859.25,1864.300048828125,414466,0.0,0.0,-0.04195889123180141,0.5596636818336246,-0.04434730402670031,300879.0,2046.3742424336826,-0.17090635601621063,1.178092291780189,-0.07497161571144915,33.94181746603614
2026-02-13,1801.3499755859375,1914.949951171875,1777.199951171875,1833.050048828125,480392,0.0,0.0,-0.016762323221330866,0.5587141984656758,-0.04434730402670031,324898.6,2044.2516136415877,-0.12417874693956632,1.1854040856543928,-0.030001605413549536,33.27740822156605
2026-02-16,1806.0,1866.699951171875,1785.5,1814.5999755859373,303080,0.0,0.0,-0.010065231581637857,0.5574909168375685,-0.04434730402670031,335484.3,2041.9665227156609,-0.12916617848305345,1.1836534455668046,-0.018054520884732677,29.652213791050826
2026-02-17,1815.0,1916.5,1792.550048828125,1804.8499755859373,549840,0.0,0.0,-0.005373085049696247,0.5545187302889429,-0.04434730402670031,357237.4,2039.6071540875046,-0.09417818038346937,1.1782793838027705,-0.009689636543025569,28.876522846053234
2026-02-18,1819.5,1840.0,1771.0,1823.199951171875,249982,0.0,0.0,0.010167036503951232,0.5508723738281278,-0.04434730402670031,364833.3,2037.4538485858566,-0.06307973127781541,1.156841032873418,0.018456246496327083,19.545016051342486
2026-02-19,1840.8499755859373,1847.949951171875,1777.5,1790.4000244140625,143896,0.0,0.0,-0.017990306952745394,0.5485889383246023,-0.04434730402670031,366218.4,2034.995601579172,-0.039639555049368336,1.1693867207765045,-0.032793783045918116,19.159837575974066
2026-02-20,1790.4000244140625,1805.0,1762.5,1776.75,144824,0.0,0.0,-0.0076240081702019236,0.5411487293274451,-0.04434730402670031,350224.0,2032.42599360326,-0.030713863412577203,1.167192917331724,-0.014088563117928086,8.991412586888288
2026-02-23,1787.5,1797.449951171875,1728.550048828125,1736.25,148390,0.0,0.0,-0.022794428028704128,0.5205809567266082,-0.04434730402670031,353762.3,2029.4789687912873,-0.04317754691947351,1.1821598377598541,-0.04378651830479811,2.370951190685375
2026-02-24,1725.0,1729.6500244140625,1666.3499755859375,1672.800048828125,149690,0.0,0.0,-0.036544248335133145,0.5281591461630714,-0.04434730402670031,353883.4,2025.9299248115544,-0.07316393525447606,1.211096638410786,-0.06919173493197939,2.915239813378875
2026-02-25,1680.5,1713.449951171875,1637.0,1648.949951171875,211362,0.0,0.0,-0.014257590243949458,0.5156369995942413,-0.04434730402670031,359369.9,2022.178880297727,-0.09557371910195567,1.2115604279712215,-0.027650440093834352,2.883628940969075
2026-02-26,1657.5,1696.0,1646.199951171875,1651.050048828125,518602,0.0,0.0,0.0012735969668196123,0.5150073293068425,-0.04434730402670031,337682.0,2018.4860561039995,-0.07783175473958226,1.1891159870885908,0.0024729685765911007,4.235723108540483
2026-02-27,1663.3499755859375,1667.550048828125,1580.0,1586.199951171875,298424,0.0,0.0,-0.03927809317608455,0.45001136123318075,-0.04434730402670031,336057.6,2014.184701826068,-0.10724640429330234,1.21442444869422,-0.08728244592675406,3.797950751044297
2026-03-02,1513.0,1629.5,1500.5999755859375,1541.8499755859375,326288,0.0,0.0,-0.02795988964264684,0.4493259927795588,-0.04434730402670031,336627.1,2009.4848538037782,-0.11196545682595394,1.2208402453202816,-0.06222628886306426,4.160322678554948
2026-03-04,1511.5,1637.949951171875,1497.4000244140625,1610.1500244140625,759420,0.0,0.0,0.044297467269582835,0.45480417332520434,-0.04434730402670031,361235.3,2005.5113729143284,-0.03745218949386797,1.1422444963359195,0.09739898816609667,17.290101791855193
2026-03-05,1604.550048828125,1643.0,1519.300048828125,1548.300048828125,262278,0.0,0.0,-0.03841255451239389,0.43463699294975505,-0.04434730402670031,347100.5,2000.9620065055105,-0.061038785484192615,1.1647112618946214,-0.0883784727294249,17.983805094095487
2026-03-06,1547.5,1599.25,1504.199951171875,1510.9000244140625,190700,0.0,0.0,-0.02415554042148982,0.3712257950218456,-0.04205050875779383,349219.1,1996.085767877735,-0.08488538824945835,1.1691293079997378,-0.0650696694430182,17.762448582719287
2026-03-09,1497.5,1525.0,1470.0,1499.3499755859375,215498,0.0,0.0,-0.007644482521339646,0.3711634125595336,-0.04205050875779383,343621.5,1991.1431231783142,-0.05475348522219614,1.1583403004638646,-0.02059600180595245,18.01117769101883
2026-03-10,1538.75,1584.0,1526.1500244140625,1570.0999755859375,221164,0.0,0.0,0.047187115184599504,0.39065390510301873,-0.04205050875779383,330025.7,1986.9536391226686,0.01832214576471003,1.0897872916413829,0.12079007366956981,28.803621076053645
2026-03-11,1590.0,1642.5,1549.25,1557.199951171875,257610,0.0,0.0,-0.008216052872205393,0.38977904511649125,-0.04205050875779383,308610.9,1982.677483023656,-0.032885179914496576,1.0848382035250508,-0.021078743879016034,25.743219228296
2026-03-12,1559.0,1604.5,1516.25,1575.9000244140625,171146,0.0,0.0,0.012008781035546923,0.38299001929323273,-0.04205050875779383,300852.6,1978.6299461220678,0.01782598638217925,1.0602243006131866,0.03135533595406608,29.92326622724474
2026-03-13,1571.0999755859375,1608.0,1480.0,1576.5999755859375,372789,2.0,0.0,0.00044415963007260473,0.3820534098375681,-0.04205050875779383,298768.75,1974.629647907778,0.04348398312942914,1.0506295339393181,0.0011625589695321702,30.800970370991607
2026-03-16,1555.0,1567.4000244140625,1493.0999755859375,1528.5999755859375,182306,0.0,0.0,-0.03044526242756096,0.37174627565762197,-0.04205050875779383,283864.45,1970.191541715521,0.019508453980912055,1.0736621876939292,-0.08189795998553977,30.364077476946576
2026-03-17,1525.0,1539.5,1464.0,1474.699951171875,225228,0.0,0.0,-0.03526103969313599,0.38190372448571963,-0.04205050875779383,279971.85,1965.2612771329973,-0.06076047761128123,1.1013799731837663,-0.09232965407007428,30.922579923902546
2026-03-18,1465.4000244140625,1522.699951171875,1461.0999755859375,1486.0,171836,0.0,0.0,0.0076626088033333595,0.38678976433203877,-0.04205050875779383,261071.65,1960.492508206301,-0.04572306280789007,1.082276240845548,0.01981078433773539,33.918896118304176
2026-03-19,1475.0,1498.5,1451.199951171875,1456.800048828125,173783,0.0,0.0,-0.019650034435985897,0.3881756326875726,-0.04205050875779383,257261.7,1955.4806429388566,-0.07557584474955525,1.0913937709284633,-0.050621502935982624,31.80328700347434
2026-03-20,1475.0,1497.9000244140625,1450.0,1469.0,157266,0.0,0.0,0.00837448569670829,0.3870580423888949,-0.04205050875779383,257930.2,1950.6400395265298,-0.06824811445652113,1.0713903999718133,0.02163625235290044,37.819587664944706
2026-03-23,1455.0,1471.0999755859375,1400.0,1403.699951171875,189724,0.0,0.0,-0.04445204140784542,0.4044465986875038,-0.04382428173445951,260175.2,1945.1978495926528,-0.08170877038394975,1.1079433277879767,-0.10990830545495153,36.24141246000237
2026-03-24,1457.199951171875,1472.300048828125,1401.5,1461.4000244140625,195605,0.0,0.0,0.04110570296309879,0.44325815533796153,-0.04382428173445951,262535.95,1940.383940884408,-0.009018734114179416,1.0547950394047205,0.09273535419648234,34.86621823366666
2026-03-25,1461.4000244140625,1517.0,1453.9000244140625,1495.5999755859375,123060,0.0,0.0,0.023402183249303876,0.4537641752229681,-0.04382428173445951,261204.45,1935.9582297869108,0.00646027966752194,1.0247509479099457,0.051573447203208965,44.31866602547889
2026-03-27,1475.9000244140625,1485.699951171875,1419.5999755859375,1462.800048828125,381117,0.0,0.0,-0.021930948979162923,0.4443771678207019,-0.04382428173445951,269692.2,1931.250188185331,0.004118616006929976,1.041365837237252,-0.049352104639387356,44.76263414205681
2026-03-30,1450.0999755859375,1450.0999755859375,1375.0,1387.199951171875,305001,0.0,0.0,-0.05168177135133034,0.47124272093925884,-0.04481352790501967,259012.15,1925.8367529911673,-0.05568417210900267,1.0886083807889904,-0.10967123301471551,39.283325526966095
2026-04-01,1416.9000244140625,1493.5,1412.0999755859375,1484.199951171875,246271,0.0,0.0,0.06992503129635819,0.542480246451009,-0.04481352790501967,256404.5,1921.4423569531643,0.057348438270440116,1.0140261030782742,0.12889875800055603,42.18380296181393
2026-04-02,1431.0,1455.5,1405.300048828125,1446.9000244140625,301587,0.0,0.0,-0.025131335389387166,0.5331895672175293,-0.04481352790501967,255169.45,1916.720542699044,-0.009921992444069994,1.0368857348832639,-0.04713395847033624,40.390318681070035
2026-04-06,1461.4000244140625,1508.0,1432.0,1503.4000244140625,103604,0.0,0.0,0.03904900065426453,0.5453763979713268,-0.04481352790501967,222378.65,1912.6079007260594,0.00521533094106208,0.9943677470005529,0.07160009139287436,44.07389194779943
2026-04-07,1503.4000244140625,1532.9000244140625,1488.0999755859375,1495.199951171875,177905,0.0,0.0,-0.005454352207678981,0.5203778706901515,-0.04481352790501967,218160.0,1908.4545877951718,0.022149235207987727,0.9980454380464568,-0.010481522005595514,43.42700138022916
2026-04-08,1565.0,1572.9000244140625,1511.4000244140625,1544.5,137383,0.0,0.0,0.032972211368443194,0.5179408384280679,-0.04481352790501967,215494.15,1904.8331491106428,0.11339392615696209,0.9672758103034457,0.0636601871980414,51.28122652235943
2026-04-09,1544.300048828125,1544.300048828125,1485.0,1495.9000244140625,225507,0.0,0.0,-0.03146647820390902,0.5229010970291579,-0.04481352790501967,215994.6,1900.7641627952542,0.007883084238716975,0.9985861134270568,-0.060176728985495136,51.72302264088135
2026-04-10,1499.5999755859375,1510.0,1477.5999755859375,1498.5,365816,0.0,0.0,0.0017380677475127282,0.522173823455679,-0.04481352790501967,223227.2,1896.7615343097293,0.035662433281686834,0.9944644595767643,0.0033285232544312308,51.03050287362856
2026-04-13,1481.800048828125,1481.800048828125,1441.699951171875,1450.5,227929,0.0,0.0,-0.03203203203203209,0.5047183621881455,-0.04481352790501967,221743.15,1892.3211210330155,-0.03518692533923551,1.0236952741242245,-0.06346515957634172,49.4962379278139
2026-04-15,1470.0,1513.5999755859375,1462.800048828125,1489.0999755859375,428487,0.0,0.0,0.026611496439805205,0.5147529753631109,-0.04481352790501967,234610.2,1888.3089703320495,-0.004079705581288007,0.9942448572623311,0.05169760486388095,51.54211855015013
2026-04-16,1520.0,1603.4000244140625,1512.300048828125,1551.300048828125,1037418,0.0,0.0,0.04177024663351614,0.5346286937621648,-0.04481352790501967,267841.65,1884.9556477300205,0.004402750940838418,0.9535647197686542,0.0781294501016879,61.37835917830965
2026-04-17,1563.699951171875,1650.0,1555.800048828125,1631.0999755859375,613573,0.0,0.0,0.05144067829952981,0.5638073268514039,-0.04481352790501967,289405.0,1882.4297206440099,0.09038033890321806,0.9100545757807736,0.09123804345435012,62.65095894967231
2026-04-20,1630.0,1667.800048828125,1590.0,1619.800048828125,494699,0.0,0.0,-0.00692779530804255,0.552411881467009,-0.04481352790501967,302878.55,1879.8164900786778,0.08094764686561562,0.9208821806740047,-0.01254099597610905,59.586298789578244
2026-04-21,1630.0,1636.800048828125,1560.0,1564.0999755859375,254895,0.0,0.0,-0.03438700553348217,0.5516501794073773,-0.04481352790501967,307031.5,1876.6750322230287,0.07831780460940196,0.9561728938968511,-0.06233480236891279,57.55180524336162
2026-04-22,1564.0,1576.5999755859375,1475.199951171875,1499.5,606629,0.0,0.0,-0.04130169208764123,0.5725392286470149,-0.04481352790501967,328673.8,1872.9220468277747,0.006984100855935038,0.9987895949040305,-0.0721377493449052,58.51144891437432
2026-04-23,1502.0,1522.699951171875,1473.199951171875,1484.5,333962,0.0,0.0,-0.010003334444814937,0.569110398289799,-0.04481352790501967,337508.6,1869.0571508394387,-0.04306068892255033,1.0094038380320605,-0.01757714197298795,50.025969249905906
2026-04-24,1493.0999755859375,1508.0,1434.0,1468.0,257800,0.0,0.0,-0.011114853486022258,0.5701501521599422,-0.04481352790501967,340912.4,1865.0665324231259,-0.09999385569688779,1.0229393732970027,-0.01949460725208782,51.894413226398505
2026-04-27,1492.4000244140625,1509.0,1457.4000244140625,1479.300048828125,125896,0.0,0.0,0.007697580945589255,0.5463785148473477,-0.04481352790501967,337426.95,1861.2280599495439,-0.08673910097832593,1.0157303803315711,0.014088366572862424,47.64510726306489
2026-04-28,1479.300048828125,1487.9000244140625,1441.9000244140625,1449.0999755859375,140386,0.0,0.0,-0.020415110015112536,0.5338216392643729,-0.04481352790501967,338293.25,1857.127282990702,-0.07352471184389542,1.0352943388975528,-0.03824331598998534,45.68109711567109
2026-04-29,1456.0999755859375,1484.4000244140625,1406.5,1416.199951171875,192357,0.0,0.0,-0.0227037643836544,0.5323880565222401,-0.04481352790501967,328855.25,1852.739946355689,-0.05555188317980997,1.0577002174716912,-0.04264514141341289,37.59906854599674
2026-04-30,1416.199951171875,1453.9000244140625,1393.4000244140625,1429.0,192014,0.0,0.0,0.009038306220483294,0.5286223528812659,-0.04481352790501967,323205.9,1848.523628481503,-0.03738632536207476,1.0496885925677375,0.01709785066832935,43.0529587150508
2026-05-01,1429.0,1429.0,1429.0,1429.0,0,0.0,0.0,0.0,0.49492616816713486,-0.04481352790501967,310892.35,1844.3492640190007,-0.026566757493188042,1.0477571737023816,0.0,42.743790054160044
2026-05-04,1442.699951171875,1445.0,1385.199951171875,1419.300048828125,436752,0.0,0.0,-0.006787929441480101,0.42896613799898653,-0.04481352790501967,317650.6,1840.119918594216,-0.0405597228550969,1.0539455724506588,-0.015823928002580142,46.45937989256836
2026-05-05,1419.0,1477.9000244140625,1409.5,1448.800048828125,391208,0.0,0.0,0.020784893246750258,0.4269584566844227,-0.04481352790501967,332030.8,1836.2261885467922,-0.00020697451029305647,1.0306011549832876,0.04868130009964873,45.33025313047647
2026-05-06,1460.9000244140625,1594.9000244140625,1458.9000244140625,1581.5,722545,0.0,0.0,0.09159300572857565,0.5163261198185591,-0.04382428173445951,359262.8,1833.6915996060281,0.1167208406491913,0.9468542561514484,0.17739370610734365,53.007963249347874
2026-05-07,1594.199951171875,1625.0,1560.0,1593.699951171875,342449,0.0,0.0,0.007714164509563748,0.515653771733106,-0.04382428173445951,369516.1,1831.3036230046935,0.1152553892035515,0.941149557392657,0.014959968845058277,45.69520920349211
2026-05-08,1590.0,1692.4000244140625,1589.199951171875,1668.699951171875,661747,0.0,0.0,0.04706030137282191,0.5279503206285899,-0.04205050875779383,391328.1,1829.6856760212825,0.16773964392713436,0.904027113406813,0.08913774391767275,54.90864210026242
2026-05-11,1665.0,1714.0,1612.9000244140625,1688.0,413708,0.0,0.0,0.011565919214278964,0.5121230885471849,-0.04205050875779383,393722.7,1828.2758682996775,0.18931863730557374,0.8993039099526067,0.022584256103834625,63.417804264837116
2026-05-12,1695.0,1695.0,1618.0,1638.4000244140625,266780,0.0,0.0,-0.029383871792617033,0.5267209405724435,-0.04133455204484924,395665.25,1826.3865564202188,0.13086690308942028,0.9322631704470044,-0.05578641168664824,65.54734737587813
2026-05-13,1632.0,1632.0,1513.5999755859375,1531.699951171875,664313,0.0,0.0,-0.06512455545180207,0.566805664714177,-0.04208354874060361,407456.55,1823.454351392872,-0.03148912350814104,0.9985963627078331,-0.11489750077862648,54.3833523567746
2026-05-14,1555.5,1580.0,1465.199951171875,1518.5,563850,0.0,0.0,-0.008617843959435989,0.5615822248903027,-0.04145920955365144,383778.15,1820.4199797372216,-0.04718576487159909,1.006196903232528,-0.015345649174816515,54.71874328447878
2026-05-15,1536.0,1577.5999755859375,1466.199951171875,1483.0999755859375,254332,0.0,0.0,-0.023312495498230112,0.547894292396019,-0.04145920955365144,365816.1,1817.0635617854678,-0.11122429497022313,1.0252242078002034,-0.04254925703056463,50.339764495632984
2026-05-18,1460.0,1498.0,1436.5,1474.4000244140625,195399,0.0,0.0,-0.005866058468808166,0.512862349307304,-0.04145920955365144,350851.1,1813.6539743489363,-0.12654026989688238,1.0263428996749124,-0.011437880675686825,52.35261772168643
2026-05-19,1492.9000244140625,1617.5999755859375,1490.0,1553.800048828125,1682493,0.0,0.0,0.05385243020842778,0.5507701331719126,-0.04145920955365144,422231.0,1811.0683631497243,-0.05163572651690651,0.9735647782614605,0.097776596781897,61.77679809860102
2026-05-20,1553.9000244140625,1575.800048828125,1513.0,1518.0999755859375,181636,0.0,0.0,-0.022975976393560082,0.5435336921989086,-0.04145920955365144,400981.35,1808.1532548157563,-0.008879007651291237,0.9970720131229005,-0.04227148436354351,57.3381633181089
2026-05-21,1531.0,1562.5999755859375,1519.0999755859375,1537.0,187361,0.0,0.0,0.0124497890244466,0.5247240143937595,-0.04145920955365144,393651.3,1805.4552124792813,0.012183075403358501,0.9865191924393604,0.023726356037977254,58.626198069955805
2026-05-22,1544.9000244140625,1585.9000244140625,1529.0999755859375,1577.699951171875,211283,0.0,0.0,0.026480124379879566,0.5296780859710345,-0.04145920955365144,391325.45,1803.188990973735,0.06378529913235509,0.9645465192589774,0.049992862799687364,62.054787075342205
2026-05-25,1580.5,1621.0,1570.5999755859375,1588.0999755859375,242118,0.0,0.0,0.0065918899257984,0.5270988526064566,-0.04145920955365144,397136.55,1801.0488017658963,0.07711608063562014,0.9616554474867436,0.012505983968931548,60.918633113017435
2026-05-26,1587.4000244140625,1604.0,1554.5,1567.300048828125,165942,0.0,0.0,-0.013097366083730466,0.5303069537861598,-0.04145920955365144,398414.35,1798.7229435277097,0.008688376609449655,0.978188571795302,-0.024697707135921804,48.65019474257647
2026-05-27,1565.0999755859375,1575.0,1529.800048828125,1540.9000244140625,133040,0.0,0.0,-0.016844269502704234,0.5284377102545645,-0.04145920955365144,395448.5,1796.1575413474743,0.015018805872337282,0.9989940785323487,-0.03187560020240386,45.11292857040608
2026-05-28,1540.9000244140625,1540.9000244140625,1540.9000244140625,1540.9000244140625,0,0.0,0.0,0.0,0.5200666992547887,-0.04145920955365144,385847.8,1793.617665557092,0.002537426424243705,1.0026250741401466,0.0,36.26398250878845
2026-05-29,1547.300048828125,1556.4000244140625,1489.0,1507.800048828125,186077,0.0,0.0,-0.021480936505614,0.5274266223781433,-0.04145920955365144,395151.65,1790.7737091717295,-0.04430494042408395,1.0272482779569585,-0.04072781916369564,31.189984210938732
2026-06-01,1516.5999755859375,1539.300048828125,1467.199951171875,1474.0999755859375,177318,0.0,0.0,-0.0223504922077562,0.5347018035749025,-0.04145920955365144,382179.95,1787.6227267479906,-0.07178389380551375,1.0525914291418716,-0.041799918459833836,32.26084924728174
2026-06-02,1465.0999755859375,1551.0,1447.0,1517.199951171875,298335,0.0,0.0,0.029238163150233865,0.5417485984437418,-0.04145920955365144,377536.3,1784.931952861661,-0.0319658623718605,1.0249440055123131,0.05396998293032093,48.18523152253834
2026-06-03,1519.0,1524.199951171875,1423.699951171875,1439.4000244140625,436344,0.0,0.0,-0.05127862461221433,0.5699412730456733,-0.044793370568063866,363226.25,1781.4938242203916,-0.06587059406310025,1.0754063985569344,-0.08997176750943485,41.478131882876035
2026-06-04,1431.699951171875,1432.0,1403.0,1407.5999755859375,246205,0.0,0.0,-0.022092572105568697,0.4673017883826696,-0.044793370568063866,358414.05,1777.7734874180587,-0.08650791531969326,1.0930910942351435,-0.047276882267586036,41.802388695217516
2026-06-05,1410.0,1431.0,1371.199951171875,1380.0999755859375,186264,0.0,0.0,-0.019536800566192558,0.4674081408952415,-0.044793370568063866,334639.9,1773.8165370515699,-0.08469297592969116,1.1044163652942447,-0.04179815976416566,40.16273322200346
2026-06-08,1375.0,1408.0,1341.199951171875,1384.800048828125,207300,0.0,0.0,0.0034056034528890944,0.4272126369852769,-0.044793370568063866,324319.5,1769.945726223476,-0.06057928786160982,1.0897204997195944,0.007971682198365401,29.11518051274598
2026-06-09,1384.800048828125,1421.800048828125,1362.0,1415.0999755859375,241360,0.0,0.0,0.021880362282954424,0.43474290401308424,-0.044793370568063866,323048.5,1766.4149227345454,-0.06729500321106396,1.058497650075277,0.05032942821535189,37.09919680582185
2026-06-10,1415.0,1424.9000244140625,1354.0,1359.800048828125,148597,0.0,0.0,-0.039078459269222265,0.441987139094603,-0.044793370568063866,297262.7,1762.369003591198,-0.055300801886772444,1.0952235256540654,-0.08841537440460266,29.660237506419705
2026-06-11,1361.9000244140625,1369.0,1321.0,1336.9000244140625,164063,0.0,0.0,-0.016840729218827177,0.39292176560586767,-0.044793370568063866,277273.35,1758.135481410331,-0.05022730349398086,1.1071919948027211,-0.042860259380787774,21.1823876220174
2026-06-12,1354.300048828125,1399.9000244140625,1344.4000244140625,1396.0,118498,0.0,0.0,0.04420672788291702,0.42966050644303844,-0.044793370568063866,270481.65,1754.5321432868452,0.011520922176172066,1.057199144773292,0.10288757330760612,29.41050097153071
2026-06-15,1435.0,1446.0,1396.699951171875,1406.0999755859375,248967,0.0,0.0,0.007234939531473916,0.42505269205822765,-0.044793370568063866,273160.05,1751.0651565435526,0.015381229063240909,1.0471766085114462,0.017021276412172548,32.31679473060473
2026-06-16,1410.0,1444.0,1401.199951171875,1436.0999755859375,178469,0.0,0.0,0.021335609502090014,0.4324728339556042,-0.044793370568063866,197958.85,1747.9311746434769,0.014839940896264059,1.0212032761867005,0.04933398663126288,38.59381027275772
2026-06-17,1448.800048828125,1472.0,1425.0,1456.4000244140625,190252,0.0,0.0,0.014135540124804002,0.3887956723802385,-0.044793370568063866,198389.65,1745.0303671785077,0.07103983829768734,1.0048509873035647,0.03635724563160035,41.19241101558267
2026-06-18,1456.0,1456.0,1420.0999755859375,1448.0999755859375,179854,0.0,0.0,-0.00569901722671573,0.3820418912109178,-0.044793370568063866,198014.3,1742.0758359188803,0.08317746214464461,1.0075409335120988,-0.01491725700414577,43.438110556191845
2026-06-19,1440.0,1440.0,1393.0,1418.699951171875,242043,0.0,0.0,-0.02030248250102107,0.3833121750433841,-0.04180053871386988,199552.3,1738.8581654238853,0.016260710008506374,1.0228166992055576,-0.05296591992953,43.85263786745544
2026-06-22,1418.699951171875,1459.300048828125,1418.699951171875,1449.800048828125,127294,0.0,0.0,0.02192154699840554,0.3791178538016864,-0.04180053871386988,193811.1,1735.9819652587535,0.031078923263601732,0.9961063293177047,0.057822511391530024,42.31647429829571
2026-06-23,1442.699951171875,1442.699951171875,1378.0,1384.5,364084,0.0,0.0,-0.045040727430590954,0.4028291418084589,-0.04535262228967212,203718.2,1732.4846322711044,-0.03593062910880174,1.0364860978269457,-0.11181099289459406,43.55785071276718
2026-06-24,1390.9000244140625,1412.0,1377.800048828125,1394.0999755859375,219440,0.0,0.0,0.006933893525415291,0.40448318475553596,-0.04535262228967212,208038.2,1729.1176207617993,-0.042776742504649135,1.0240836561236943,0.017142599779963765,48.3287948453563
2026-06-25,1399.0,1413.0999755859375,1375.5999755859375,1404.5,225774,0.0,0.0,0.007460027685382675,0.40446753905805577,-0.04148864385478872,219326.9,1725.8875946845676,-0.030108401575171584,1.0116447125520092,0.018444069747390022,53.1540865414506
2026-06-26,1404.5,1404.5,1404.5,1404.5,0,0.0,0.0,0.0,0.40446753905805577,-0.04148864385478872,210023.05,1722.6897081702934,-0.010009129245507897,1.007967245523596,0.0,52.5778521316134
2026-06-29,1387.0999755859375,1403.4000244140625,1332.0,1345.300048828125,470586,0.0,0.0,-0.04215019663358843,0.42163668846438485,-0.04229472317343856,224686.45,1718.9345871818143,-0.07207890500794745,1.0475358275855122,-0.09996804544552426,41.50852723322364
2026-06-30,1359.9000244140625,1373.800048828125,1320.0,1324.9000244140625,283014,0.0,0.0,-0.015163921559233406,0.41865141564871144,-0.04229472317343856,223920.4,1715.0138452637273,-0.04304801414657822,1.0564080140923073,-0.036220876438522835,45.36027597026602
2026-07-01,1330.0,1364.800048828125,1328.199951171875,1332.4000244140625,104142,0.0,0.0,0.005660804484713289,0.40218737421806117,-0.04229472317343856,207310.3,1711.206742568706,-0.04425790994361267,1.0464462459577495,0.014075042397759719,49.37621323792815
2026-07-02,1341.300048828125,1439.9000244140625,1341.0999755859375,1391.300048828125,911226,0.0,0.0,0.04420596167428359,0.40233025566899505,-0.04229472317343856,240561.35,1708.0235913872077,-0.009398327641064408,1.001559662488276,0.10987481043907518,49.348134795129795
2026-07-03,1404.0,1511.800048828125,1404.0,1488.800048828125,1311540,0.0,0.0,0.07007834153540293,0.4642683195276129,-0.04229472317343856,296825.15,1705.8422626055255,0.0600213946800463,0.9396191329302039,0.15094361833103445,59.231974044489824
2026-07-06,1499.0,1525.0,1464.9000244140625,1498.300048828125,325951,0.0,0.0,0.006380977759557149,0.4569849088029309,-0.04229472317343856,302757.7,1703.777165951024,0.11372927558671875,0.937449085772173,0.01396321300114691,57.2765598969031
2026-07-07,1500.0,1517.300048828125,1482.0,1501.5,158255,0.0,0.0,0.0021357211957497846,0.457037835654827,-0.04229472317343856,298602.45,1701.7644578321085,0.13329305783961987,0.9383283464582293,0.004672963554450949,55.495973269008516
2026-07-08,1494.0,1529.9000244140625,1462.0,1477.300048828125,224401,0.0,0.0,-0.01611718359765235,0.45752557171968655,-0.04229472317343856,302392.65,1699.5309811256013,0.10875114211873704,0.9576761425881682,-0.03522684685099622,53.42562976004029
2026-07-09,1484.5999755859375,1566.699951171875,1465.4000244140625,1556.4000244140625,440139,0.0,0.0,0.05354360859101304,0.46407132787604793,-0.04229472317343856,316196.45,1698.106792501606,0.11866597411895374,0.9160562772053302,0.11537796933564204,64.46733200226433
2026-07-10,1563.9000244140625,1629.0,1560.0,1621.699951171875,484381,0.0,0.0,0.041955747708495306,0.47089248726032196,-0.04229472317343856,334490.6,1697.3465254236983,0.08926645485292606,0.8861287864793934,0.08909835674298511,66.84963257407655
2026-07-13,1615.0,1670.300048828125,1602.0999755859375,1662.9000244140625,309915,0.0,0.0,0.025405484665899758,0.45783226701599244,-0.04229472317343856,337538.0,1697.0037741698711,0.1098578190094015,0.8718954783333457,0.05549081168213993,78.64198499182984
2026-07-14,1658.4000244140625,1723.0,1620.0,1718.300048828125,551894,0.0,0.0,0.03331530675368355,0.465587501549785,-0.04229472317343856,356209.25,1697.2156774003015,0.14438897690850805,0.8519961440189527,0.07155541316558953,80.48139504205722
2026-07-15,1715.0,1747.0,1666.0999755859375,1713.699951171875,474652,0.0,0.0,-0.002677121297521512,0.46565169427525244,-0.04229472317343856,370429.25,1697.3797000248942,0.1600215897449373,0.8617903100231291,-0.0057491925251046275,79.39163031840098
2026-07-16,1705.199951171875,1787.0,1698.0999755859375,1759.699951171875,503070,0.0,0.0,0.026842505287196783,0.4695312538989776,-0.04229472317343856,386590.05,1697.9998020263567,0.13062189897764154,0.8481161859397917,0.057168728370284,81.04894676092115
2026-07-17,1760.0,2025.0,1744.199951171875,1979.800048828125,3503720,0.0,0.0,0.1250781972856645,0.6129676335663335,-0.04229472317343856,549673.9,1700.8037845815982,0.22081772734683702,0.7679992819321021,0.2040535068995512,93.28693361451823
2026-07-20,1926.0,1976.0,1803.199951171875,1877.5,1618496,0.0,0.0,-0.051671909437863706,0.644972346464807,-0.04535262228967212,624234.0,1702.5619558792937,0.12905164016793713,0.8212356929042527,-0.08011492108140171,83.91015337795437
2026-07-21,1876.9000244140625,1945.0,1865.199951171875,1924.0,377469,0.0,0.0,0.024766977363515297,0.645476962560778,-0.04535262228967212,624903.25,1704.7653195023854,0.11971131078775321,0.8154080111370761,0.03837004016620165,84.64510757396557
2026-07-22,1935.4000244140625,1974.4000244140625,1865.199951171875,1946.9000244140625,382826,0.0,0.0,0.01190229959150857,0.6085678943837376,-0.04535262228967212,633072.55,1707.1746200487703,0.13607987389082843,0.820013866068761,0.019557882539930127,83.96917701426011
2026-07-23,1912.0,1918.0,1855.0999755859373,1889.4000244140625,320454,0.0,0.0,-0.029534130812549075,0.6289700542757752,-0.04535262228967212,637806.55,1708.9878081519075,0.07370578896465485,0.8578014164006703,-0.04695633781324079,75.75211412663347
2026-07-24,1880.5,1898.5999755859373,1811.0,1861.5,205758,0.0,0.0,-0.01476660529985696,0.6371232200831642,-0.04535262228967212,648094.45,1710.5053423991524,-0.05975353364505098,0.8829331276335448,-0.02317700030797725,72.8083309390209
2026-07-27,1860.0,1896.0,1735.0,1811.699951171875,436178,0.0,0.0,-0.02675264508628794,0.6512445180084637,-0.04535262228967212,646374.05,1711.5122539292292,-0.03504663053428758,0.92007509915139,-0.04107926275879627,68.40293326712504
2026-07-28,1811.699951171875,1932.4000244140625,1811.699951171875,1897.699951171875,464365,0.0,0.0,0.047469229076466,0.6292915110912001,-0.04535262228967212,655441.6,1713.3648678321413,-0.013669464047882052,0.8934710713871734,0.07543281211568481,73.23677555237352
2026-07-29,1914.5,1964.4000244140625,1864.5999755859373,1951.800048828125,335707,0.0,0.0,0.02850824632357818,0.6190575196872726,-0.04535262228967212,667019.85,1715.7373571952855,0.002516834122254119,0.8845731973427474,0.04605104526873229,72.47611503481605
2026-07-30,1890.0,1994.5999755859373,1890.0,1910.9000244140625,211972,0.0,0.0,-0.020955027867029297,0.6331625684794087,-0.04535262228967212,632057.15,1717.6792742820396,0.011379273696509928,0.9171018819167613,-0.033095809163824076,66.90831870711526
2026-07-31,1910.9000244140625,1914.0,1834.800048828125,1845.5,208459,0.0,0.0,-0.03422472320817305,0.6504008703329675,-0.04535262228967212,576903.1,1718.9511222991339,-0.008595218909481561,0.9592657849382366,-0.05262096691912836,60.38207123948615
2026-08-03,1860.0999755859373,1945.0,1852.0,1922.199951171875,159968,0.0,0.0,0.04156052623780826,0.6266646249881476,-0.04535262228967212,568603.95,1720.973498705828,0.06099243968545931,0.9320154233322592,0.06632020369011937,61.318963178027204
2026-08-04,1898.199951171875,1945.0,1882.0,1919.199951171875,98270,0.0,0.0,-0.0015607117241737134,0.6283168891045045,-0.04535262228967212,565604.7,1722.945901217928,0.011329504428096326,0.9443544418978499,-0.0024839563067587155,61.42809040742351
2026-08-05,1924.9000244140625,1939.5,1895.0,1917.800048828125,99708,0.0,0.0,-0.000729419747481308,0.6289951233719365,-0.04229472317343856,559370.05,1724.8847484578305,-0.01741981716847163,0.9565282887025832,-0.0011596588093949346,59.25102705203725
2026-08-06,1890.0,1898.0,1811.300048828125,1872.4000244140625,773314,0.0,0.0,-0.0236729707259129,0.6338442036192352,-0.04229472317343856,576028.8,1726.3525621489375,-0.020147574183953076,0.9881595677495767,-0.03734824775119553,42.10061801028954
2026-08-07,1859.199951171875,1895.0,1756.300048828125,1769.0999755859375,378424,0.0,0.0,-0.05516986086370679,0.655747721975522,-0.04535262228967212,570730.95,1726.7779095463209,-0.041398008352241944,1.0500254511533473,-0.08413275132115315,42.038778105129005
2026-08-10,1769.0,1794.0,1750.0,1763.300048828125,137850,0.0,0.0,-0.0032784618381397346,0.6439012658819194,-0.04535262228967212,562127.7,1727.1413139172842,-0.08266564685264721,1.056326177985752,-0.005091559779330129,37.447279584463736
2026-08-11,1765.0,1830.0,1733.0,1795.5999755859375,240474,0.0,0.0,0.018317884570625775,0.6415008330265887,-0.04535262228967212,546556.7,1727.8224946304053,-0.06440182301508846,1.0394770677970884,0.02855473187564703,38.35257513968344
2026-08-12,1806.0,1822.0,1781.4000244140625,1810.199951171875,98896,0.0,0.0,0.008130973370710448,0.633083307884825,-0.04535262228967212,527768.9,1728.6421708148978,-0.05610600423229695,1.0337587272318496,0.012843449102207572,43.47180377913745
2026-08-13,1790.0,1881.0,1770.199951171875,1869.4000244140625,180076,0.0,0.0,0.03270361000941513,0.6407493646035899,-0.04535262228967212,511619.2,1730.042746472601,-0.0016022217265986294,1.0039558022413948,0.051039628450121784,50.61922119219114
2026-08-14,1879.0,1925.4000244140625,1862.0999755859373,1897.0,179772,0.0,0.0,0.014764082179034022,0.6368928932883516,-0.04535262228967212,345421.8,1731.7040126768538,0.07229666281110037,0.9871665781651539,0.023181420459869092,56.927079375788146
2026-08-17,1891.5999755859373,1891.5999755859373,1829.5,1848.9000244140625,172306,0.0,0.0,-0.025355812116993892,0.4684446776858814,-0.04535262228967212,273112.3,1732.8701421468759,0.048545325931809824,1.0120747337828677,-0.05412765430696141,45.7770912883446
2026-08-18,1850.0999755859373,1854.0,1773.9000244140625,1805.199951171875,141785,0.0,0.0,-0.02363571456819935,0.4408733823469823,-0.04535262228967212,261328.1,1733.5898417391645,0.005346388792862866,1.0332844272168928,-0.05361111597680007,37.081413201296016
2026-08-19,1806.0,1855.199951171875,1791.0,1832.9000244140625,122581,0.0,0.0,0.015344601147482706,0.4349685525871538,-0.04535262228967212,248315.85,1734.5780027608055,0.012540091622194494,1.0145588808931691,0.03527749466815349,42.96282867263321
2026-08-20,1835.0,1840.800048828125,1797.0,1804.800048828125,158765,0.0,0.0,-0.0153308828695774,0.4342711079618603,-0.04535262228967212,240231.4,1735.2767295873462,-0.03455652869491399,1.0280113855183004,-0.03530256154618099,46.06307225864156
2026-08-21,1812.0999755859373,1831.699951171875,1785.199951171875,1815.699951171875,77989,0.0,1.0,0.00603939608203552,0.4245127935764946,-0.04535262228967212,233842.95,1736.0769606478889,-0.04285716859679756,1.020578865545433,0.014226652367499813,38.19551821210484
2026-08-24,1815.699951171875,1869.300048828125,1812.199951171875,1822.800048828125,126574,0.0,0.0,0.003910391500350885,0.422110809300619,-0.04535262228967212,218362.75,1736.9398769481897,-0.01411648831267065,1.0169080269733328,0.009263897823869757,39.41125738195623
2026-08-25,1836.800048828125,1890.0,1815.0,1879.5,192701,0.0,0.0,0.03110596316273262,0.42462794950478616,-0.04535262228967212,204779.55,1738.3583856352725,0.04115890252483778,0.9857462110466131,0.07325462788415847,46.24877091502238
2026-08-26,1891.4000244140625,1962.5,1891.4000244140625,1944.0,390435,0.0,0.0,0.03431763766959306,0.409079074118925,-0.04229472317343856,207515.95,1740.404570852832,0.06061431289546393,0.9528395068007731,0.08388998362873142,56.75981672278151
2026-08-27,1942.0,1972.199951171875,1915.300048828125,1940.9000244140625,181165,0.0,0.0,-0.001594637647087227,0.39712211847123663,-0.04229472317343856,205975.6,1742.3995504902573,0.07541000216301441,0.9551342046998799,-0.004015484237118572,70.00466787421155
2026-08-28,1938.9000244140625,1998.0,1930.0,1955.5,188636,0.0,0.0,0.00752227080338419,0.3903537766495032,-0.04229472317343856,204984.45,1744.5199529729414,0.07699512727193514,0.950815648796064,0.019270392809429566,71.93062213453815
2026-08-31,1955.5,2062.0,1937.699951171875,1976.9000244140625,1175626,0.0,0.0,0.010943505197679615,0.3692173062212274,-0.04229472317343856,255767.35,1746.8321924897684,0.08454025206166094,0.9419065111472751,0.029639739841244316,71.2146065892037
2026-09-01,1950.0,1997.699951171875,1892.300048828125,1973.800048828125,298440,0.0,0.0,-0.0015680993209842287,0.34251961086984734,-0.04229472317343856,265775.85,1749.090579120001,0.05017294430865915,0.9447689551293589,-0.004578129909760949,69.67292908240994
2026-09-02,1950.0,2020.0,1929.4000244140625,2004.5,264722,0.0,0.0,0.015553729056852594,0.34571748786844697,-0.04229472317343856,274026.55,1751.631966392439,0.031121399176954778,0.9324619642425636,0.0449897073557183,67.44126012726863
2026-09-03,2005.0,2050.10009765625,1930.4000244140625,1971.699951171875,265250,0.0,0.0,-0.016363207197867324,0.3516353383431718,-0.04229472317343856,248623.35,1753.8216975842743,0.015868888850733454,0.9504919866474874,-0.04653459123198833,59.515917325507054
2026-09-04,1960.0,1967.800048828125,1878.300048828125,1905.699951171875,163141,0.0,0.0,-0.03347365300728089,0.36198222442143235,-0.04229472317343856,237859.2,1755.3329239881311,-0.025466657544426008,0.9869943068869641,-0.09247319294766741,56.920068618359714
2026-09-07,1905.699951171875,1910.699951171875,1858.0,1888.800048828125,171958,0.0,0.0,-0.008868081427696795,0.3018500609252135,-0.04229472317343856,239564.6,1756.6609550810665,-0.04456470964536996,0.999147582409415,-0.0293790934039368,60.89678433393011
2026-09-08,1907.800048828125,1959.0,1888.0,1945.0999755859373,168424,0.0,0.0,0.029807245501048518,0.31427554253546996,-0.04229472317343856,235962.1,1758.5359702104683,-0.014540517039315803,0.9740707553454478,0.09484430227096458,63.609901836400496
2026-09-09,1945.0999755859373,1945.0999755859373,1900.199951171875,1922.5999755859373,89506,0.0,0.0,-0.011567528806956107,0.3152126997521189,-0.04229472317343856,235492.6,1760.1684478758962,-0.04085808152360326,0.9883933359995871,-0.036697532964494774,64.48598184737065
2026-09-10,1930.0,1930.0999755859373,1890.4000244140625,1899.800048828125,72761,0.0,0.0,-0.011858903072576865,0.31905270931020285,-0.04229472317343856,230126.85,1761.5578170396002,-0.036465945186546445,1.0010553510912499,-0.03716910201616838,60.04780723413083
2026-09-11,1875.0,1917.0,1864.199951171875,1899.5999755859373,107578,0.0,0.0,-0.00010531278926495524,0.2995592612247142,-0.04229472317343856,226517.15,1762.9313708559819,-0.0032009108160949706,1.0012292209445055,-0.0003515591049290373,59.32944323384403
2026-09-14,1899.5999755859373,1899.5999755859373,1899.5999755859373,1899.5999755859373,0,0.0,0.0,0.0,0.2953057068091121,-0.04229472317343856,217901.85,1764.2912574702104,0.005717877212314093,1.002563711148324,0.0,52.83178189382394
2026-09-15,1890.800048828125,1968.800048828125,1885.0,1894.800048828125,202420,0.0,0.0,-0.0025268092332606518,0.28060707594155715,-0.03462099687944382,220933.6,1765.589852409095,-0.025859815633723415,1.0074677838878787,-0.009004794817572489,41.666666646906016
2026-09-16,1890.5,1968.0,1848.199951171875,1961.199951171875,182677,0.0,0.0,0.03504322389310488,0.2883773456234131,-0.03462099687944382,223938.4,1767.5362215510133,0.02007696664729952,0.9766291301898712,0.12151863941379366,52.831233939534414
2026-09-17,1971.0,2017.0,1914.0,1923.0,233209,0.0,0.0,-0.019477846279289057,0.29640335330445716,-0.03462099687944382,227660.6,1769.0831248191625,0.012211785754077553,0.9991029641185648,-0.06571398536824956,45.747182235902784
2026-09-18,1919.4000244140625,1938.800048828125,1898.699951171875,1915.5999755859373,177527,0.0,0.0,-0.0038481666219775112,0.2903295042044507,-0.03462099687944382,232637.5,1770.5410039312699,0.008422825966327263,1.0055700698323,-0.013254479595442108,41.67344281499064
2026-09-21,1915.0,1962.800048828125,1902.5,1951.199951171875,118274,0.0,0.0,0.018584243077706564,0.29519599875912766,-0.0335112065173255,232222.5,1772.3386053963504,0.02716360088919334,0.9905135530457206,0.06295560416221897,47.17921619748811
2026-09-22,1965.0,1998.9000244140625,1908.300048828125,1924.0999755859373,210085,0.0,0.0,-0.013888876724121313,0.3013334595507623,-0.0335112065173255,233091.7,1773.8486687813215,0.015463334390313888,1.0056234185689625,-0.04609138422236103,39.874042986091396
2026-09-23,1924.0999755859373,1940.0,1909.5999755859373,1924.199951171875,60068,0.0,0.0,5.195966280657771e-05,0.2831665657607293,-0.0335112065173255,216573.35,1775.3447014419241,-0.01886600087762158,1.0050566686159514,0.0001834950423332544,43.480639936754216
