date,open,high,low,close,volume,dividend,daily_return,rolling_volatility_ann,var_95_threshold,avg_volume_20d,ema_200,qlib_momentum_5d,qlib_mean_reversion_20d,qlib_vol_normalized_return,rsi_14d
2021-12-02,508.0,510.8500061035156,483.0,489.2000122070313,2007792,0.0,-0.03434661209405687,0.7276731657088644,-0.04111150992729077,2608774.1,356.98818097315103,0.028703658425925704,0.8867538648839876,-0.047200602194244747,65.2733138627624
2021-12-03,491.0,504.2000122070313,485.2000122070313,497.8500061035156,1380149,0.0,0.017681916763369943,0.7172930249353263,-0.04082769074453396,2597580.9,358.38979117345315,0.07434184864216209,0.8867229013135033,0.024650897056269626,62.985532820118806
2021-12-06,491.0,510.7999877929688,485.25,488.2000122070313,1472124,0.0,-0.019383335900728826,0.7201072996321807,-0.04060341404513616,2649959.55,359.681435163837,0.10489986525576045,0.9185425881481031,-0.026917288078396988,62.274099778967745
2021-12-07,496.9500122070313,504.3999938964844,491.1000061035156,498.5,908320,0.0,0.021097885160643592,0.719818531170508,-0.04037913734573837,2652859.55,361.0627144159382,0.007783293542951819,0.9139819513472057,0.029310005166490984,61.74112417460501
2021-12-08,506.9500122070313,514.0,500.2000122070313,507.4500122070313,1215141,0.0,0.017953886072279435,0.7198152429278866,-0.04015486064634057,2550459.75,362.51930444371027,0.0016778643767760837,0.9110651130656846,0.024942352915211304,58.50072919026815
2021-12-09,515.0,515.0,498.0,501.3999938964844,695098,0.0,-0.011922392679101224,0.7155164455860906,-0.03993058394694277,2299351.5,363.9012018512006,0.024938637336521463,0.9322098281332024,-0.016662639392877984,61.26653163998691
2021-12-10,500.3500061035156,505.5499877929688,495.1499938964844,500.2999877929688,610808,0.0,-0.0021938693994931757,0.6888667305828103,-0.03970630724754498,2232300.75,365.25840370136746,0.004921124152690526,0.9439136766698202,-0.003184751520500278,66.22127884754428
2021-12-13,505.0,526.75,500.0,512.8499755859375,2734103,0.0,0.02508492524321637,0.6904079401486541,-0.03948203054814718,2198619.1,366.7269765559403,0.05049152552755953,0.9289266309425228,0.03633348259940409,62.74560015352726
2021-12-14,514.5,531.0,508.0499877929688,516.9500122070312,1463312,0.0,0.007994612101539955,0.6640793107563583,-0.03925775384874939,2200438.3,368.2217331295831,0.03701105758682299,0.9306460765062885,0.012038640342594059,60.270193633617026
2021-12-15,518.0,526.4000244140625,500.0,503.5499877929688,1080257,0.0,-0.02592131559655697,0.6700183480773199,-0.03903347714935159,2100063.55,369.5682829272287,-0.007685534181190112,0.9620196837323092,-0.03868747069996798,57.345224149955556
2021-12-16,509.0499877929688,516.9000244140625,496.8999938964844,505.25,825434,0.0,0.003376054509468318,0.664526104409459,-0.0388092004499538,1858772.85,370.91834976377373,0.007678512465858711,0.9626274127762015,0.005080394037589476,61.61531867055858
2021-12-17,508.8999938964844,513.0,479.7000122070313,481.6000061035156,1486547,0.0,-0.04680849855810865,0.6531632116674138,-0.04366588257210202,1778600.8,372.01965977710455,-0.03737753776878261,1.013237113404675,-0.07166432065573834,60.90534609527436
2021-12-20,478.7999877929688,486.8999938964844,451.9500122070313,456.75,1730426,0.0,-0.05159884922878166,0.6665402247884468,-0.04664106527096744,1798896.9,372.8627477395214,-0.10938866775189482,1.0711713184342073,-0.07741295504112909,37.71873800622503
2021-12-21,465.0,484.5,464.2000122070313,481.5,1406999,0.0,0.054187192118226646,0.6716113890102597,-0.046625844063045506,1728888.2,373.94371542370527,-0.06857531941180028,1.0179750785154222,0.08068235917091524,42.489528384911864
2021-12-22,490.0,506.7999877929688,486.7000122070313,501.7000122070313,1304382,0.0,0.04195225795852808,0.6374238967305028,-0.04661062285512358,1643877.75,375.21492235687276,-0.00367386680723758,0.9791807621133856,0.06581531931193338,53.678632596519776
2021-12-23,506.2999877929688,520.0,505.0,513.7999877929688,1215889,0.0,0.02411794955457225,0.6320576383389953,-0.04659540164720165,1646838.2,376.5938782318588,0.01692229152492586,0.959843347648917,0.038157831991990895,54.60051207358705
2021-12-24,518.0,545.0,511.7999877929688,539.0999755859375,3335832,0.0,0.04924092719745876,0.6490321242905748,-0.04658018043927972,1724209.35,378.21085432493425,0.11939362282745236,0.9218188126414218,0.07586824225780685,63.46559438193371
2021-12-27,545.0,560.0,526.7999877929688,555.9000244140625,2788256,0.0,0.031163141511674874,0.6431584109420289,-0.0465649592313578,1779780.4,379.97890576860715,0.21707722914956218,0.9042183454389865,0.048453290040159115,64.68030393666801
2021-12-28,562.0,594.9000244140625,562.0,581.2000122070312,3277276,0.0,0.0455117587368985,0.6208604753416624,-0.046549738023435865,1722869.65,381.98110583267106,0.20706129222644076,0.8723029775851229,0.07330432490296618,67.4061755522365
2021-12-29,584.5,592.7999877929688,562.2999877929688,569.6500244140625,1536114,0.0,-0.019872655799006544,0.49750127323078824,-0.04653451681551394,1623712.95,383.8484582563665,0.13543952671659687,0.8955235324723303,-0.039944933749623567,65.70048522001895
2021-12-30,569.6500244140625,605.0,560.0999755859375,597.6500244140625,2011683,0.0,0.04915298657065903,0.515439129818548,-0.04651929560759201,1623907.5,385.9758370241048,0.16319587118184287,0.8626411473036177,0.09536137784950234,69.92835457496207
2021-12-31,608.0999755859375,619.9000244140625,601.5,612.9500122070312,2305039,0.0,0.025600246244395164,0.4941866902713002,-0.04651929560759201,1670152.0,388.2342865284125,0.13698764601283386,0.85049758164566,0.05180278269395162,70.26316026094209
2022-01-03,616.0,631.0,602.0499877929688,608.1500244140625,2048224,0.0,-0.007830961248675994,0.49789675361177005,-0.04651929560759201,1698957.0,390.4225028257822,0.09399172100248299,0.8670722395681222,-0.015728082247150547,68.40936768692178
2022-01-04,610.4000244140625,613.4000244140625,591.5999755859375,608.1500244140625,1295393,0.0,0.0,0.4878895124884786,-0.04651929560759201,1718310.65,392.5889458266607,0.04636960020818326,0.8760872868436451,0.0,72.3218185805069
2022-01-05,609.1500244140625,609.1500244140625,591.0,594.2000122070312,1052466,0.0,-0.02293843894929004,0.5000629998328678,-0.04651929560759201,1710176.9,394.595026089152,0.04309661501062978,0.9039548869878946,-0.045871097238239185,68.03894066529314
2022-01-06,599.0,652.0,594.8499755859375,630.4500122070312,4532927,0.0,0.06100639389985374,0.5311888843561952,-0.04651929560759201,1902068.35,396.94184187141946,0.054881597010099537,0.8622134907974826,0.11484877516837759,78.71889048597852
2022-01-07,658.0,750.0,647.2000122070312,711.25,10670785,0.0,0.12816240182169292,0.6610695659946021,-0.04651929560759201,2405067.2,400.06928623090784,0.16037194850363545,0.7790931548804098,0.1938712753931659,90.38400816656281
2022-01-10,725.0,801.0,720.0999755859375,745.5499877929688,6956266,0.0,0.048224938900483405,0.6651175823995981,-0.04651929560759201,2616175.35,403.5069051519234,0.22593103323688535,0.758855900050192,0.07250588384904753,90.66687468418452
2022-01-11,753.0,766.0,720.6500244140625,726.5999755859375,2970622,0.0,-0.025417493819734904,0.683011076807472,-0.04651929560759201,2691540.85,406.7217615741524,0.19477093877616558,0.7930739396506262,-0.037213881751965786,84.77117943857752
2022-01-12,733.0,738.2999877929688,705.6500244140625,714.2999877929688,1924412,0.0,-0.01692814231524009,0.6928070863751085,-0.04651929560759201,2733748.6,409.78224143702624,0.20212045290920022,0.8214825916503598,-0.02443413527923022,80.97960675216598
2022-01-13,714.2999877929688,743.4000244140625,688.0,693.3499755859375,2968214,0.0,-0.029329431002459105,0.6955254884519457,-0.04651929560759201,2840887.6,412.60381093104525,0.09976994553257423,0.85986878915436,-0.04216873582311302,74.15818320945294
2022-01-14,697.0,717.0,675.0999755859375,683.8499755859375,2705409,0.0,-0.013701594194146627,0.701990132241814,-0.04651929560759201,2901830.7,415.30277774353175,-0.03852376016036907,0.8866016291393636,-0.019518214529894138,70.50808959799384
2022-01-17,687.5999755859375,732.0,686.5,728.9500122070312,3855318,0.0,0.06595019116941714,0.6844931853369361,-0.04651929560759201,3008075.3,418.4236457481437,-0.022265409238457545,0.8504183999872059,0.09634893614530922,72.26827427244143
2022-01-18,734.0,736.9000244140625,711.6500244140625,714.4000244140625,1515300,0.0,-0.019960199669818213,0.6502502538286252,-0.04651929560759201,3013490.35,421.36868434183447,-0.016790464604732214,0.8840390295205443,-0.030696180809361057,71.62061236735806
2022-01-19,710.0,710.8499755859375,683.0,699.1500244140625,2392297,0.0,-0.021346583816969744,0.6561959481619839,-0.04111150992729077,3067886.1,424.13267777538897,-0.021209524902438215,0.9174425838293813,-0.03253080661569737,65.7608695366257
2022-01-20,703.0,708.4000244140625,681.4000244140625,685.25,1765278,0.0,-0.019881318642178014,0.6635105776479897,-0.04111150992729077,3095355.55,426.73086008608163,-0.01168237668010641,0.9485625764219834,-0.029963830287400912,61.27572978209693
2022-01-21,685.0,711.8499755859375,666.9500122070312,673.5499877929688,3585597,0.0,-0.017074078375820867,0.672257415289031,-0.04111150992729077,3107843.8,429.18677180455813,-0.015061765241920932,0.9750204409555647,-0.02539812538103245,59.984725346956274
2022-01-24,675.0,698.7000122070312,610.0,631.1500244140625,3347587,0.0,-0.06294998759904791,0.7090581956138367,-0.04651929560759201,3135810.35,431.1963564076378,-0.13416556163688254,1.0464825802972741,-0.0887797180833013,53.10894813912596
2022-01-25,625.5499877929688,662.0,595.2000122070312,648.4000244140625,3173710,0.0,0.027331061289293856,0.7076346443386673,-0.04651929560759201,3130632.05,433.3575869350649,-0.09238521520786891,1.0238240001822396,0.038623124407094776,57.2615233485887
2022-01-27,649.0,659.3499755859375,626.8499755859375,633.0499877929688,1879733,0.0,-0.02367371382344574,0.7023243952631362,-0.04651929560759201,3147813.0,435.3445759983276,-0.09454342317514797,1.05365692716979,-0.033707662222810034,50.36900015392458
2022-01-28,645.0,662.0,636.0999755859375,639.4000244140625,1737782,0.0,0.01003086129617059,0.6966089588319216,-0.04651929560759201,3134117.95,437.374978470126,-0.06690985127462601,1.046457584195389,0.014399558066256887,37.070370625058096
2022-01-31,654.0,659.0,643.1500244140625,646.25,1424905,0.0,0.010713130003732418,0.6793987148062516,-0.04651929560759201,3090111.25,439.45333689330886,-0.0405314947483304,1.0379419795318545,0.015768545940070093,30.171734426666617
2022-02-01,655.0,657.9000244140625,615.0,622.9000244140625,3213931,0.0,-0.036131490268375255,0.6889108027370926,-0.04651929560759201,3148396.6,441.27867706764476,-0.013071377138357931,1.078034159501152,-0.05244726835513326,29.650719901382814
2022-02-02,637.0,653.0,626.5,629.6500244140625,2586617,0.0,0.010836409914013911,0.6887151564506456,-0.04651929560759201,3212957.8,443.15301883228574,-0.02891733388959039,1.068184671156569,0.01573424028087011,33.01906865743557
2022-02-03,631.7000122070312,635.0,620.1500244140625,621.7999877929688,1211245,0.0,-0.01246730138444574,0.6906413954437878,-0.04651929560759201,3220896.75,444.9306006129891,-0.01777110846999841,1.0838895404998896,-0.018051772289028316,34.85073851350843
2022-02-04,624.0,630.4500122070312,615.0,623.5,1092654,0.0,0.002734017755557261,0.6846956946348123,-0.04651929560759201,3048883.1,446.7074105571385,-0.024867100104716267,1.0803769084866177,0.0039930406121292525,36.78564705941445
2022-02-07,626.6500244140625,638.0,621.0,626.7999877929688,1483326,0.0,0.005292682907728441,0.6517863148106018,-0.04651929560759201,2589510.15,448.4993764997836,-0.03009673068786267,1.0679523211033537,0.008120273019331,22.621281763502395
2022-02-08,629.7000122070312,631.9000244140625,605.5,613.9000244140625,1260852,0.0,-0.0205806694801135,0.4601998547703529,-0.04651929560759201,2304739.45,450.14515409097044,-0.014448546552018438,1.0796709192098974,-0.044721154992915055,22.823151218507533
2022-02-09,615.2000122070312,622.9000244140625,602.0,606.7000122070312,1129625,0.0,-0.011728313928482614,0.41485589298079156,-0.04651929560759201,2212689.6,451.7029138732198,-0.036448838747188184,1.0826025915243125,-0.02827081365894329,23.86203191127359
2022-02-10,609.0,612.0,600.5,608.3499755859375,867617,1.25,0.0027195703736746513,0.41264785862127235,-0.04651929560759201,2159849.85,453.2615911041921,-0.02163076949353282,1.0709583809143706,0.006590535370414501,26.640329315083648
2022-02-11,596.0,603.3499755859375,576.5,578.2000122070312,1717365,0.0,-0.04956022781108371,0.43625034850508415,-0.0469460850207574,2097307.4,454.50475947337463,-0.0726543509109362,1.1168453702533738,-0.11360501337102312,23.955199725600934
2022-02-14,545.5499877929688,565.5,537.0499877929688,539.75,2203862,0.0,-0.06649950085657175,0.474680433992408,-0.04966215888196861,2072230.05,455.3529708218983,-0.1388800087560328,1.1830569855202784,-0.14009319679838197,24.48351844169852
2022-02-15,551.0,583.9500122070312,532.8499755859375,576.75,1942044,0.0,0.06855025474756826,0.5493535185089983,-0.04966215888196861,1976566.35,456.5609014604864,-0.0605147791768218,1.0939662025560792,0.12478349767520501,31.983899094658867
2022-02-16,592.7000122070312,608.0,585.9000244140625,592.3499755859375,1755003,0.0,0.027048072103922793,0.4979307163823418,-0.04966215888196861,1988551.5,457.9120365264113,-0.02365260644860001,1.0548536011413425,0.054320954042015916,39.778998044714946
2022-02-17,594.9500122070312,597.7000122070312,575.0,577.3499755859375,809128,0.0,-0.0253228675921906,0.4997122766623111,-0.04966215888196861,1909393.05,459.1004737309837,-0.05095751005848581,1.071711316543229,-0.05067489487066175,35.06616476874393
2022-02-18,571.0,573.9500122070312,558.0999755859375,561.25,791720,0.0,-0.027885989896506147,0.5021538167101102,-0.04966215888196861,1860715.15,460.11688692769036,-0.02931513637008032,1.0914075767330178,-0.05553276389269563,30.41473550674
2022-02-21,552.2999877929688,558.75,531.0999755859375,540.5999755859375,1310508,0.0,-0.03679291655066819,0.5097372640875029,-0.04966215888196861,1746960.7,460.91771368050877,0.0015747579174385518,1.1208010158978188,-0.0721801571535697,30.797928828186386
2022-02-22,512.0,578.0,510.25,571.75,3263475,0.0,0.0576212094354982,0.5611152976227299,-0.04966215888196861,1742755.1,462.0205224996082,-0.008669267446900775,1.054543070590908,0.10269049632529406,37.87179799663787
2022-02-23,579.0,598.0,565.0,571.3499755859375,1699117,0.0,-0.0006996491719502007,0.5233163241556202,-0.04966215888196861,1669025.45,463.10837775419856,-0.035452014629066775,1.0485385906502704,-0.0013369526733368574,39.09188634982552
2022-02-24,531.5499877929688,564.0,531.5499877929688,543.3499755859375,2762058,0.0,-0.04900674052061538,0.5320793977204408,-0.04966215888196861,1713141.7,463.90680161322086,-0.058889757404933296,1.0943177036446758,-0.09210418559622956,34.43990539631109
2022-02-25,570.5,588.0,554.0999755859375,566.2000122070312,1560537,0.0,0.04205399401454413,0.5556410250577599,-0.04966215888196861,1704279.45,464.9246445047016,0.008819620858852906,1.0436903641961872,0.07568554401345201,39.06532280142218
2022-02-28,566.0,574.7000122070312,550.0,568.5,950006,0.0,0.004062147197778199,0.5540271416676881,-0.04966215888196861,1680534.5,465.9552450568936,0.05160937046625391,1.032629721984595,0.00733203631906965,41.48217175793385
2022-03-02,564.5,579.8499755859375,558.2000122070312,564.0499877929688,1236561,0.0,-0.007827638007091076,0.5511157841667,-0.04966215888196861,1581666.0,466.93131214879486,-0.013467445923972421,1.0355598045533168,-0.014203254724221154,41.91468729262111
2022-03-03,574.0,579.5,565.0,567.0999755859375,843878,0.0,0.005407300521187652,0.5410849399947444,-0.04966215888196861,1494529.05,467.9280152675724,-0.007438523114736251,1.0244754323530039,0.009993440995245153,42.221384816128996
2022-03-04,562.0,564.25,545.0,546.2000122070312,1089982,0.0,-0.03685410735084593,0.5498608374177048,-0.04966215888196861,1488465.9,468.706841107766,0.00524530551054192,1.0567557323263166,-0.0670244254049416,43.74755821228154
2022-03-07,530.0,561.5,528.0499877929688,542.2000122070312,1281374,0.0,-0.007323324625785332,0.5494080336074669,-0.04966215888196861,1497901.9,469.4381164420871,-0.042387847902808584,1.057054558471667,-0.013329481996112882,50.55317496735829
2022-03-08,548.75,559.0,534.4000244140625,553.7999877929688,1291579,0.0,0.021394273929872698,0.5568691117053172,-0.04966215888196861,1488314.55,470.2775380475685,-0.025857541261268713,1.028322511844711,0.038418854800848654,44.14689779147601
2022-03-09,560.9500122070312,580.0,554.2000122070312,577.2999877929688,1487687,0.0,0.04243409266521181,0.5799415089215644,-0.04966215888196861,1499656.3,471.3424380450352,0.023490825789829417,0.9832929234000843,0.0731696063839687,46.31037337047069
2022-03-10,594.0,608.7000122070312,585.0999755859375,589.5,2331416,0.0,0.02113288145678327,0.5822557864671494,-0.04966215888196861,1559745.85,472.51813517891543,0.039499251240345146,0.9614842952763862,0.03629484083285649,53.020139893345366
2022-03-11,589.5,589.5,573.4500122070312,577.7999877929688,954117,0.0,-0.019847348951706922,0.5847637329119871,-0.04966215888196861,1564070.85,473.5657158019408,0.057854219845677735,0.978309976839809,-0.03394079949771125,54.20584053547896
2022-03-14,577.8499755859375,581.9500122070312,564.0,565.5,829227,0.0,-0.021287622105966464,0.5883923132772051,-0.04966215888196861,1519663.95,474.48048479893646,0.0429730491855318,0.9984659452969579,-0.036179299531644935,56.60828583568398
2022-03-15,568.6500244140625,578.5,558.0,561.1500244140625,713192,0.0,-0.007692264519783332,0.5638488048887825,-0.04966215888196861,1445130.45,475.3428682776939,0.01327200574775289,1.0081127482384482,-0.013642423849557274,46.72030404759642
2022-03-16,571.9000244140625,579.4000244140625,566.0,576.75,1070459,0.0,0.027800008744945925,0.5182374122482053,-0.049034414885138794,1401551.2,476.35189446398556,-0.0009526897706535475,0.9808452419352108,0.05364338342133724,51.52715681754315
2022-03-17,587.75,600.5,581.5499877929688,584.75,1361414,0.0,0.01387082791504124,0.4637253711876474,-0.049034414885138794,1381871.75,477.4304825787718,-0.008057675996607339,0.9667763907769746,0.02991172896233683,63.201544507429254
2022-03-21,590.0,602.0,589.0499877929688,591.7999877929688,1227301,0.0,0.012056413498022556,0.45598314353479097,-0.049034414885138794,1402780.4,478.5684876057787,0.024229837825846978,0.9564802412858595,0.02644048010230419,59.078013327531046
2022-03-22,594.9500122070312,608.7000122070312,583.0,601.0,2576748,0.0,0.01554581344508188,0.4489166717787542,-0.049034414885138794,1492031.8,479.78671160970134,0.06277630415561442,0.9451455825577163,0.03462961853741835,60.987160679017634
2022-03-23,606.0,619.7000122070312,596.7999877929688,598.6500244140625,1948422,0.0,-0.003910109128015815,0.4361079474012918,-0.049034414885138794,1523927.5,480.96943114009304,0.06682704868302647,0.9537041247386647,-0.008965920161869152,61.865592700094474
2022-03-24,594.0,606.8499755859375,591.5499877929688,602.3499755859375,883667,0.0,0.006180491140038491,0.410836438020582,-0.049034414885138794,1404937.1,482.17719775149453,0.04438660699772434,0.9503860206535641,0.015043677769623941,62.03483815670986
2022-03-25,605.4000244140625,608.0,589.0,592.2999877929688,804734,0.0,-0.016684632191098836,0.37068965238005647,-0.049034414885138794,1360217.95,483.2729469061361,0.012911479765658429,0.9682804470168358,-0.04500970457059201,66.99853436531535
2022-03-28,593.5499877929688,594.9000244140625,571.0999755859375,574.5499877929688,1079193,0.0,-0.029967922278945403,0.38683275094842484,-0.049034414885138794,1276074.7,484.18117616869165,-0.029148361533989475,1.0009094243786032,-0.07746996972405067,60.83026687141287
2022-03-29,577.9000244140625,584.9000244140625,568.3499755859375,572.4500122070312,873135,0.0,-0.0036549919598888314,0.3430525693267452,-0.049034414885138794,1241704.6,485.05947304469504,-0.04750413942257692,1.0051270596366082,-0.010654320008501039,56.66787407585977
2022-03-30,576.7999877929688,600.0,576.5499877929688,597.5999755859375,1361207,0.0,0.043933903122724605,0.34581988658121565,-0.049034414885138794,1262264.65,486.1792790401303,-0.0017540278715477697,0.9652610774829902,0.12704272818613474,57.17314978860177
2022-03-31,602.2999877929688,615.0,598.0499877929688,601.0499877929688,2496193,0.0,0.00577311303208905,0.3459494287845787,-0.049034414885138794,1325246.25,487.3222711670242,-0.002158193484948945,0.9627984495313225,0.016687736370874545,54.35028383126296
2022-04-01,603.7999877929688,613.0,599.1500244140625,608.25,1516439,0.0,0.011979057238599156,0.34502782459479053,-0.049034414885138794,1358874.3,488.5255321504369,0.02692894231935461,0.9547842130022092,0.034719103902639235,61.87136666979906
2022-04-04,618.0,634.5,615.0,623.0499877929688,3451282,0.0,0.024332080218608665,0.35227469728244115,-0.049034414885138794,1476939.3,489.86408394787503,0.08441389092410234,0.9382714192944372,0.0690713233610044,72.0076742584541
2022-04-05,629.5499877929688,635.0,615.5,622.7000122070312,2453214,0.0,-0.0005617134945740121,0.3191814651221769,-0.049034414885138794,1535531.3,491.1858344778169,0.08778059031960805,0.9452625418324092,-0.0017598561895203924,74.28010907353038
2022-04-06,621.0,630.0,615.0,621.5999755859375,1981390,0.0,-0.0017665594982002597,0.3167306434103688,-0.049034414885138794,1570021.85,492.48348762317136,0.04016064421098475,0.9523890266718537,-0.005577481936714964,69.97773904845292
2022-04-07,623.0,623.25,600.0,601.5999755859375,1836392,0.0,-0.03217503343874406,0.339029486967363,-0.049034414885138794,1587457.1,493.56922382180585,0.0009150450114612241,0.9860705106236279,-0.0949033453624285,56.78068087780615
2022-04-08,605.0,616.75,603.3499755859375,615.2999877929688,1168261,0.0,0.022772627598077744,0.31720549620203053,-0.049034414885138794,1529299.35,494.78047520460353,0.011590608784165735,0.9662116143367647,0.07179140069395167,58.97632443344153
2022-04-11,615.2999877929688,616.3499755859375,597.0,598.8499755859375,1491101,0.0,-0.026734946421884564,0.3263732866776942,-0.049034414885138794,1556148.55,495.81599262133324,-0.038841204848996114,0.9945103417826201,-0.08191523845250832,49.22185086076503
2022-04-12,595.0,595.0,555.25,569.9000244140625,1939425,0.0,-0.048342577193143055,0.3622123638408921,-0.049034414885138794,1611658.45,496.55314716653453,-0.08479201342204912,1.0454158090793835,-0.13346473142405219,41.27465207353931
2022-04-13,574.4000244140625,582.7000122070312,563.25,572.0499877929688,911053,0.0,0.003772527262333014,0.35432625881298185,-0.049034414885138794,1621551.5,497.30435951107614,-0.07971362570640639,1.042439482582334,0.010647043683696521,40.71690922046803
2022-04-18,563.5,563.5,541.0,547.3499755859375,1593625,0.0,-0.04317806613776287,0.3850201052931645,-0.049034414885138794,1647709.8,497.80232584017926,-0.09017620046803088,1.0867955030575007,-0.11214496184150262,37.362936770258344
2022-04-19,556.0,562.4500122070312,540.0,546.0999755859375,1202528,0.0,-0.002283730804339301,0.37059537624884464,-0.049034414885138794,1639765.5,498.2828994694903,-0.11246548607167395,1.085744400937847,-0.006162329292480286,41.18375352055369
2022-04-20,549.0,558.7000122070312,541.0,544.6500244140625,660802,0.0,-0.0026551020631694344,0.3658812230616133,-0.049034414885138794,1611440.55,498.7442638967995,-0.09050672686233929,1.0843063732735845,-0.007256732030096562,41.35034010132232
2022-04-21,548.5999755859375,552.5999755859375,541.5,545.2000122070312,746925,0.0,0.001009800364115243,0.3620884121759115,-0.049034414885138794,1519949.4,499.2065101486426,-0.0433409565694024,1.078095157971004,0.0027888225700424558,30.749450270428568
2022-04-22,544.0,556.4500122070312,539.0,542.4000244140625,683058,0.0,-0.005135707502342268,0.3552987493466659,-0.049034414885138794,1456681.2,499.6362963602388,-0.05183107073089721,1.0784752340637371,-0.014454617043374885,28.34994055769012
2022-04-25,538.0,538.0,523.0,524.3499755859375,867300,0.0,-0.03327811212328746,0.36885201052970834,-0.04837578535951667,1455862.85,499.8822036162159,-0.042020646799844186,1.1081625256810945,-0.09022076678744166,21.326019659372434
2022-04-26,536.75,538.0,520.0,521.4000244140625,1100622,0.0,-0.005625920299850429,0.36618453616613117,-0.04837578535951667,1470657.25,500.09631128584624,-0.04522972399948055,1.1076332337463761,-0.015363620225791977,12.197825781153554
2022-04-27,505.2999877929688,594.0,505.2999877929688,586.5499877929688,10369157,0.0,0.12495197608040054,0.5820704345663394,-0.04837578535951667,1935155.45,500.9565468729818,0.076930067934877,0.9856278359027829,0.21466813380894753,40.928470093863986
2022-04-28,594.4000244140625,600.0,558.1500244140625,573.75,3102545,0.0,-0.02182250116674911,0.5774252142778985,-0.04837578535951667,2046625.95,501.6808598394198,0.05236608061946879,1.0077298379204112,-0.03779277428352619,38.658446442461056
2022-04-29,573.75,573.9500122070312,547.5999755859375,553.8499755859375,2188778,0.0,-0.03468413841230933,0.5901293668879428,-0.04837578535951667,2088004.5,502.1999555184896,0.021109791033368852,1.039988299895595,-0.05877378719089823,38.67677655162411
2022-05-02,540.25,549.9500122070312,535.0,537.4500122070312,955537,0.0,-0.02961084066412778,0.5744514185990247,-0.04837578535951667,2010971.7,502.55070235121144,0.02498338367700903,1.0658060893426566,-0.051546291278869054,31.772407661804536
2022-05-04,541.9500122070312,554.8499755859375,524.0499877929688,530.2000122070312,1061141,0.0,-0.013489626635653007,0.5740112025629457,-0.04837578535951667,1988206.8,502.82581986221464,0.016877612928495767,1.0730195836278897,-0.023500632636463948,33.20283014761672
2022-05-05,539.5,554.7000122070312,534.2000122070312,548.4000244140625,1031973,0.0,0.034326691414568566,0.5875760662305748,-0.04837578535951667,1867241.35,503.27929453437235,-0.06504128236785822,1.0306026130702932,0.05842084591799852,44.44730981609001
2022-05-06,528.0,549.7000122070312,525.0999755859375,542.6500244140625,1016778,0.0,-0.010485046943868315,0.5785118284759394,-0.04837578535951667,1795419.55,503.67104309038916,-0.054204750476579466,1.0341471916181013,-0.018124170062778052,42.54564404735442
2022-05-09,531.0,537.9500122070312,520.0,523.2000122070312,933661,0.0,-0.03584264504186252,0.5872140178917133,-0.04837578535951667,1743033.1,503.8653611910523,-0.05533982979141705,1.0631880497553168,-0.061038468666269954,43.70930520353745
2022-05-10,519.7000122070312,534.5,504.5,509.4500122070313,697814,0.0,-0.026280580426590316,0.5902609668731287,-0.04837578535951667,1686104.2,503.920929857878,-0.05209786838597008,1.0828393153855194,-0.04452366233968249,41.03693245584498
2022-05-11,515.0,519.5,478.8500061035156,483.9500122070313,1456362,0.0,-0.050053978582764724,0.6023086343237573,-0.049034414885138794,1700509.25,503.7222142593621,-0.08723123148842993,1.1263250127348376,-0.08310353679044884,36.717718047360194
2022-05-12,475.0499877929688,501.9500122070313,471.5,480.0499877929688,1126248,0.0,-0.008058733992539091,0.5907546516724205,-0.049034414885138794,1682266.6,503.48666971740795,-0.12463536392822416,1.123101797692323,-0.01364142259956933,35.94996088525059
2022-05-13,495.0,509.5,484.75,496.6499938964844,1171080,0.0,0.034579744871641616,0.6082568950593459,-0.04837578535951667,1643849.35,503.4186430923242,-0.08476924066712721,1.0781888841786462,0.05685055867679425,40.68796422384946
2022-05-16,510.0,514.0,499.1499938964844,509.3999938964844,589068,0.0,0.025672002731681243,0.6007000307881644,-0.043436291690531884,1627750.1,503.47815902072387,-0.02637618117081808,1.0450530220460448,0.04273680870405404,46.889955224143485
2022-05-17,516.0,516.9000244140625,498.0,504.2999877929688,1464328,0.0,-0.01001179066474811,0.6001552233722384,-0.043436291690531884,1621285.25,503.48633642144273,-0.010108988694988219,1.0513533938053006,-0.01668200176892972,46.47421922655226
2022-05-18,507.0,532.9500122070312,506.75,516.1500244140625,1369032,0.0,0.023497991092473525,0.5915598436755698,-0.043436291690531884,1629610.45,503.61234326714043,0.06653582269826708,1.0243146005925312,0.03972208551082739,31.395365693992844
2022-05-19,498.0,504.5,492.6499938964844,502.1000061035156,781813,0.0,-0.02722080334394361,0.597900895135781,-0.043436291690531884,1635661.0,503.5972951361591,0.045932754653159824,1.0487402883628472,-0.04552728238095219,31.18930035496487
2022-05-20,511.75,514.7000122070312,501.25,507.6499938964844,490768,0.0,0.011053550538743684,0.5999820678536267,-0.043436291690531884,1622853.15,503.6376204969584,0.022148394513607395,1.0335763037149808,0.01842313453476245,36.8824633223043
2022-05-23,507.7999877929688,511.0,497.0,498.4500122070313,607359,0.0,-0.018122686496730323,0.6021518587120726,-0.043436291690531884,1619068.2,503.58600250402384,-0.02149584181518116,1.0482445398057088,-0.03009653783104996,38.45471273624699
2022-05-24,500.0,500.2999877929688,483.2999877929688,486.9500122070313,600672,0.0,-0.0230715211523026,0.6059211244195156,-0.043436291690531884,1605736.8,503.4204702622627,-0.03440407695004788,1.0691600625154405,-0.03807677244069984,37.51083489424131
2022-05-25,490.0,495.0,452.6499938964844,456.5,1413681,0.0,-0.06253211098408429,0.6313933921679401,-0.04837578535951667,1621389.75,502.9535999113944,-0.11556722191726654,1.1333680268838138,-0.09903827117827846,25.215754549951853
2022-05-26,458.0,469.8999938964844,440.3999938964844,460.2999877929688,1072712,0.0,0.008324179174082902,0.6333019295092941,-0.043436291690531884,1156567.5,502.52918586046485,-0.08325038399208684,1.1102976707058425,0.013144092343271182,27.55519110926403
2022-05-27,469.0,484.6499938964844,462.3500061035156,476.1000061035156,1332350,0.0,0.03432548062037588,0.44991610324210446,-0.043436291690531884,1068057.75,502.2662089474604,-0.062149095188213765,1.0631957531787541,0.07629306799666673,36.9021175134517
2022-05-30,486.0,525.0,485.6000061035156,521.7000122070312,2204359,0.0,0.09577820944955229,0.5760785237325778,-0.043436291690531884,1068836.8,502.4595801241726,0.046644597112263764,0.9671841951356024,0.16625894533680646,52.89392745244984
2022-05-31,524.0,532.7000122070312,514.0,530.2999877929688,1767883,0.0,0.016484522493215303,0.5688506317389416,-0.043436291690531884,1109454.1,502.73659910595165,0.0890234613394092,0.9508250363845734,0.02897864796780949,61.89986158829773
2022-06-01,532.7000122070312,550.0,531.0,543.7000122070312,1493360,0.0,0.025268762441106984,0.5663971857740043,-0.043436291690531884,1131065.05,503.1441952562112,0.1910186466747672,0.9286325066252388,0.0446131489167707,65.58139662427786
2022-06-02,542.0,544.75,532.4000244140625,537.0,752461,0.0,-0.012322994402435339,0.5660315572888497,-0.043436291690531884,1117089.45,503.4810689352539,0.16663048933542202,0.9391573630675702,-0.021770860698563887,60.38075430806493
2022-06-03,546.0,573.2999877929688,543.25,552.2999877929688,2653372,0.0,0.02849159737983009,0.5620764789469073,-0.043436291690531884,1198919.15,503.9668293218979,0.16005036906654735,0.9140141468289513,0.05068989352892388,60.89385011621139
2022-06-06,550.7999877929688,550.9000244140625,525.5499877929688,538.4000244140625,864218,0.0,-0.02516741569097536,0.5681015297943856,-0.043436291690531884,1195447.0,504.30944817853634,0.03201075678795284,0.9390229937243983,-0.04430091089012761,58.2887784234948
2022-06-07,536.0,537.4500122070312,525.0999755859375,530.3499755859375,768545,0.0,-0.014951798779886394,0.555866028094439,-0.043436291690531884,1198983.55,504.56855790398316,9.426323612937715e-05,0.9552465810068392,-0.02689820524229644,53.51657981796646
2022-06-08,535.0999755859375,540.9500122070312,525.5,528.7000122070312,717182,0.0,-0.0031110841045732807,0.5471475437594208,-0.043436291690531884,1162024.55,504.80867187714784,-0.027588743173116326,0.9624597865836028,-0.0056860056911471005,57.01847235556714
2022-06-09,523.7000122070312,527.2999877929688,519.2000122070312,525.5,461921,0.0,-0.006052604753446045,0.5143178795970593,-0.043436291690531884,1128808.2,505.0145557390668,-0.02141527001862198,0.9726451028085232,-0.011768217431028771,54.76890369551276
2022-06-10,520.0,522.0,507.3999938964844,510.0,731367,0.0,-0.02949571836346332,0.5260982899943816,-0.043436291690531884,1106822.55,505.06416214962337,-0.07658879001971841,1.0035147094726564,-0.05606503264461853,52.98526412917697
2022-06-13,488.8999938964844,498.9500122070313,484.5,487.2000122070313,1019122,0.0,-0.044705858417585675,0.5384406431736074,-0.04488769435636354,1128325.25,504.8864094138762,-0.09509660082714866,1.0481988709999708,-0.08302838605162179,50.06105002682028
2022-06-14,484.5,498.0,467.0,470.3500061035156,1151215,0.0,-0.03458539753967704,0.5421605951630027,-0.04488769435636354,1112669.6,504.54276360979304,-0.11313278447148623,1.0821409526039016,-0.06379179381592803,53.62281098498807
2022-06-15,476.75,485.0,473.0,481.25,573447,0.0,0.023174218677666003,0.5490848443408154,-0.04488769435636354,1072890.35,504.3109948176558,-0.08974846058533947,1.0540051998782467,0.04220516828038719,55.28373570043802
2022-06-16,497.2000122070313,504.6499938964844,465.5499877929688,469.75,1976162,0.0,-0.02389610389610386,0.546257230159332,-0.04488769435636354,1132607.8,503.9671043219577,-0.1060894386298763,1.0763650923602566,-0.04374514814510075,48.36297838658748
2022-06-17,465.0,475.6499938964844,455.5,468.5,977849,0.0,-0.0026609898882383742,0.539643026979232,-0.04488769435636354,1156961.85,503.6141978112915,-0.08137254901960789,1.0750587031833645,-0.0049310186658459215,32.21924432511538
2022-06-20,470.8999938964844,478.0,451.5499877929688,454.4500122070313,913763,0.0,-0.029989301585845674,0.5451153838310966,-0.04488769435636354,1172282.05,503.12500193463217,-0.067220852174534,1.1034547012245575,-0.05501459310308493,25.54015426343375
2022-06-21,462.7999877929688,474.3999938964844,458.3999938964844,470.3999938964844,1131883,0.0,0.03509732921337627,0.5595936356549496,-0.04488769435636354,1198842.6,502.79937996410337,0.00010627786184769228,1.0642804167128637,0.06271931335513697,26.74490991934084
2022-06-22,469.7999877929688,483.8999938964844,462.1000061035156,474.9500122070313,1103784,0.0,0.009672658098605735,0.5556666056513618,-0.04488769435636354,1183347.75,502.52227182721714,-0.01309088372564926,1.0560269275613785,0.01740730471501744,30.0418117183969
2022-06-23,478.9500122070313,498.0,478.0,492.8500061035156,995301,0.0,0.03768816388340612,0.5224102947286017,-0.04488769435636354,1179477.2,502.42603037723006,0.04917510612776077,1.020974935214003,0.07214284163668166,31.192661231408835
2022-06-24,502.0,512.0,492.0499877929688,496.2000122070313,1122557,0.0,0.00679721225936647,0.5222837068990112,-0.04488769435636354,1168987.55,502.36407994767586,0.059124892651080785,1.0161073981323634,0.013014405847695188,35.6949110823807
2022-06-27,505.0499877929688,520.7000122070312,502.1000061035156,504.3999938964844,956794,0.0,0.016525557210248065,0.5128536410862663,-0.04488769435636354,1106609.3,502.3843377979128,0.10991303850311618,0.9978737282552421,0.032222754337900436,41.212328613376435
2022-06-28,503.9500122070313,519.6500244140625,497.0,516.2999877929688,957846,0.0,0.02359237517938295,0.3965017245778747,-0.04488769435636354,1066107.45,502.52280197696814,0.09757651890315522,0.9735183310578636,0.05950131644316755,46.07345553547965
2022-06-29,511.7999877929688,526.0,507.0499877929688,524.4500122070312,1344232,0.0,0.01578544374734836,0.39613835848199064,-0.04488769435636354,1058651.05,502.7409831732872,0.10422149432101246,0.9565544680421699,0.039848308074369225,49.67762109626108
2022-06-30,525.7999877929688,533.7999877929688,512.0,517.6500244140625,871481,0.0,-0.01296594076593216,0.38716811562462816,-0.04488769435636354,1064602.05,502.8893318423497,0.05031960637804689,0.9672509998021501,-0.03348917410237188,52.48135779582077
2022-07-01,512.0,514.9500122070312,495.3999938964844,499.3500061035156,940281,0.0,-0.035352105568353775,0.40277058736592714,-0.04488769435636354,978947.5,502.85411467081906,0.00634823421803965,0.9973966125763711,-0.08777230959646119,54.0594701772999
2022-07-04,502.2000122070313,509.4500122070313,495.8500061035156,500.0499877929688,504958,0.0,0.0014017856831829434,0.38656331041580255,-0.04488769435636354,960984.5,502.82621291084047,-0.008624120055814921,0.9921658131346487,0.003626277013750627,61.12359112644508
2022-07-05,504.0,510.0,498.7999877929688,502.5499877929688,605554,0.0,0.004999500172040872,0.38025403582089523,-0.04488769435636354,952834.95,502.823464402205,-0.026631803844848312,0.9844642630073018,0.013147789555395561,58.513186165452076
2022-07-06,504.5499877929688,507.3999938964844,495.0,504.0,562495,0.0,0.002885309406531311,0.37820563805890267,-0.04488769435636354,945100.6,502.8351712240736,-0.03899325337217918,0.9791815530686151,0.007628943198865042,64.88483418179715
2022-07-07,509.8999938964844,514.4000244140625,502.5,507.2999877929688,496666,0.0,0.0065475948273190365,0.37937525872510675,-0.04488769435636354,946837.85,502.879597259585,-0.019994274380280563,0.971018162802049,0.017258886825496755,66.56703488298618
2022-07-08,511.0,523.0,505.0,507.3999938964844,809698,0.0,0.00019713405464605316,0.37908781007754433,-0.04325445575175401,950754.4,502.924576330599,0.016120932601530802,0.9705705710582327,0.0005200221273417025,75.66649763000693
2022-07-11,502.0,503.2999877929688,490.2000122070313,498.2000122070313,1371697,0.0,-0.018131615688056102,0.37041843950233116,-0.04325445575175401,968383.15,502.8775657423048,-0.003699581304066446,0.9895975306122173,-0.048949008108037,64.41909745348403
2022-07-12,496.0,503.3500061035156,489.0499877929688,491.6499938964844,864420,0.0,-0.013147366820667639,0.3380627505208348,-0.036285805710648676,954043.4,502.76584860951056,-0.021689372522629147,1.004947640301875,-0.03889031374059719,58.48576349672396
2022-07-13,494.0,499.8500061035156,490.0,494.6499938964844,439289,0.0,0.006101901835132928,0.3130895291983122,-0.036285805710648676,947335.5,502.6850938362466,-0.01855159941173734,1.0002072314167751,0.019489318776849836,51.07783691613821
2022-07-14,496.7999877929688,498.3500061035156,480.0,483.2999877929688,629049,0.0,-0.022945529654430308,0.3156301059741024,-0.036285805710648676,879979.85,502.49220720895033,-0.0473092855854641,1.025098309163217,-0.07269752945980922,42.9508062653963
2022-07-15,485.2999877929688,493.75,480.7999877929688,490.7000122070313,479651,0.0,0.015311451688329925,0.3067134356741442,-0.036285805710648676,855069.95,502.37487193529944,-0.032912853548161536,1.0119013420892928,0.049921031843504445,42.447643134026166
2022-07-18,496.0,507.6000061035156,493.1499938964844,503.3999938964844,977023,0.0,0.02588135596804264,0.3167195993537263,-0.036285805710648676,858232.95,502.3850721538187,0.01043753826182603,0.9912346167064282,0.08171693574911307,42.95082529274759
2022-07-19,501.3999938964844,507.5,500.0,505.8999938964844,504848,0.0,0.004966229698671887,0.2921832433028087,-0.036285805710648676,826881.2,502.4200464995169,0.028984033716880964,0.9898448429364172,0.016996968999879868,39.196262608339644
2022-07-20,512.0999755859375,543.5,510.5499877929688,532.5,3726059,0.0,0.052579573877121755,0.31964683380865705,-0.036285805710648676,957994.95,502.7193495194222,0.07651876391498846,0.9458028157552083,0.1644927046693953,57.02790913140706
2022-07-21,535.6500244140625,540.0,530.0999755859375,534.4000244140625,1155556,0.0,0.0035681209653755097,0.31948992908786794,-0.036285805710648676,966007.7,503.0345801153888,0.10573150819731336,0.9463276145237168,0.011168179428630411,69.63585777635296
2022-07-22,536.75,543.8499755859375,527.1500244140625,533.7000122070312,911884,0.0,-0.001309903022176595,0.2983431282528846,-0.036285805710648676,955474.05,503.3397087929176,0.08762991426594424,0.9510820473960793,-0.0043905920875119365,68.85154129363744
2022-07-25,535.0,542.0,528.0,530.5499877929688,981604,0.0,-0.0059022378527519015,0.3000631673655868,-0.036285805710648676,956714.55,503.61045783769424,0.05393324240299324,0.9591933120514612,-0.01966998384997042,65.57284382794731
2022-07-26,533.2999877929688,545.0,510.0,520.4000244140625,3483599,0.0,-0.01913102179330739,0.3057220520949847,-0.036285805710648676,1083002.2,503.77751820163826,0.028661851536897043,0.9782954995136187,-0.06257651692589845,58.316439229023565
2022-07-27,523.2999877929688,544.9500122070312,522.3499755859375,527.2000122070312,2704456,0.0,0.013066847567167361,0.2982933263577207,-0.036285805710648676,1151013.4,504.010577843483,-0.009953028719190127,0.9659379553107358,0.04380536195249523,59.745356076916515
2022-07-28,535.0,543.5,531.25,536.0,1439333,0.0,0.01669193397042834,0.2988692284919348,-0.036285805710648676,1179406.0,504.32888055150806,0.002993966154271277,0.951791045914835,0.05585029109939257,62.9061377260874
2022-07-29,540.0,561.4000244140625,537.3499755859375,547.9500122070312,2607171,0.0,0.022294798893714995,0.3027382230409046,-0.036285805710648676,1262750.5,504.7629216625083,0.026700392868779232,0.9354685454808532,0.07364381654002264,71.90663954445562
2022-08-01,550.0,553.4000244140625,542.0,546.7000122070312,1217632,0.0,-0.002281229988416733,0.27001629696868173,-0.03581979321081537,1298384.2,505.1802061455384,0.03044015603740724,0.9418739539761216,-0.008448489700591769,75.42725292368918
2022-08-02,542.6500244140625,545.75,530.5,532.1500244140625,1109694,0.0,-0.026614207916751953,0.290665002018584,-0.03581979321081537,1323591.2,505.4485625462203,0.022578784490315362,0.9704077426960254,-0.0915631631475836,65.65109540991351
2022-08-03,532.0,541.0,523.0499877929688,537.5999755859375,1262612,0.0,0.010241381042640718,0.2916564093717929,-0.03462373294111088,1358597.05,505.7684771038294,0.019726788956943686,0.9636951753614141,0.03511454013150104,73.83670107319897
2022-08-04,541.0,545.4000244140625,516.2000122070312,520.25,1735339,0.0,-0.03227302152874456,0.316749793859898,-0.03462373294111088,1420530.7,505.9125718590152,-0.029384328358208922,0.9970783341795937,-0.10188805528990724,61.92975696703014
2022-08-05,523.9500122070312,538.0,521.0,535.9000244140625,1390318,0.0,0.030081738422032656,0.331438192192182,-0.03462373294111088,1449561.7,506.21095447150327,-0.02199103481070075,0.9706194834596897,0.09076122855804648,62.81547369574801
2022-08-08,535.9000244140625,538.75,528.0,531.4000244140625,548772,0.0,-0.008397088626596272,0.33362541934885287,-0.03462373294111088,1408415.45,506.4615919833696,-0.027986075455170734,0.9819627051551849,-0.0251692104015726,59.899083388412315
2022-08-10,531.5,533.4000244140625,521.0499877929688,523.7999877929688,475492,0.0,-0.014301912442465148,0.33090676249746026,-0.03462373294111088,1388969.05,506.63411333470896,-0.015691132646827866,0.9992793382707567,-0.04322036788344946,46.0382453082133
2022-08-11,528.0499877929688,552.5,528.0499877929688,550.5999755859375,2792400,0.0,0.051164544516105304,0.3655400655503847,-0.03462373294111088,1506624.6,507.07158460089033,0.024181548717205903,0.9557210817390033,0.1399697268187848,56.013347025778344
2022-08-12,553.0,580.5999755859375,552.6500244140625,569.8499755859375,4350472,1.85,0.03496186133955881,0.3793915975155061,-0.03462373294111088,1692695.75,507.69624520770674,0.09533873250540603,0.9310301419537378,0.09215243734175085,61.794446200130224
2022-08-16,575.0,579.7000122070312,561.2999877929688,563.75,1430894,0.0,-0.010704528994083584,0.3694443036004474,-0.03462373294111088,1740257.9,508.2539940116102,0.05196860294303551,0.9475831539720759,-0.028974675208184395,60.62741209619775
2022-08-17,565.0,582.0,557.5,565.0499877929688,2595353,0.0,0.00230596504295999,0.368776445710314,-0.03462373294111088,1821174.4,508.8191282780914,0.0633232251278304,0.9508583565237407,0.006253015905037606,65.15099731567734
2022-08-18,567.5,585.0,555.2000122070312,582.4000244140625,2556656,0.0,0.030705312796946327,0.3722515852801727,-0.03462373294111088,1923764.8,509.5512764983498,0.11187483388078157,0.9290993845971334,0.08248537598297243,67.47942521228697
2022-08-19,585.4500122070312,592.4000244140625,566.7000122070312,570.9000244140625,2297524,0.0,-0.019745878293136787,0.38380436302454135,-0.03238864032929119,1852338.05,510.16171180099377,0.03686896063974965,0.9511779335628772,-0.05144776787593869,60.865513558239606
2022-08-22,570.9000244140625,571.0,556.2999877929688,559.6500244140625,1179825,0.0,-0.019705726955514313,0.35390073817097756,-0.03238864032929119,1853551.5,510.65413282201933,-0.017899362303889,0.9725542423821387,-0.055681506912197955,53.65854119336552
2022-08-23,554.9500122070312,563.4500122070312,545.75,555.6500244140625,1308038,0.0,-0.007147323908701542,0.35547665040399795,-0.03238864032929119,1873359.2,511.10185313636805,-0.01436802764689582,0.9815306076493585,-0.02010630993488752,52.75131081292586
2022-08-24,555.0,575.8499755859375,555.0,567.7000122070312,1090404,0.0,0.02168629040496417,0.3615746761535447,-0.03238864032929119,1878799.2,511.66501889826526,0.004689893763936359,0.9639686375850334,0.05997734696436953,61.098968389328405
2022-08-25,577.7000122070312,578.7000122070312,563.0,566.0999755859375,876543,0.0,-0.0028184544419390667,0.3607544442339778,-0.03238864032929119,1748446.4,512.2066602583416,-0.027987720028899488,0.9707296035722764,-0.00781266706165484,59.117079632461326
2022-08-26,570.0,578.0,565.0,566.5999755859375,667910,0.0,0.0008832362154449491,0.3515943412209966,-0.03238864032929119,1646619.1,512.7478872765266,-0.007532052275769807,0.9733498531859901,0.0025120887533536798,66.61884225722392
2022-08-29,542.25,554.9000244140625,539.4500122070312,550.3499755859375,1226458,0.0,-0.028679845923387792,0.36782992683550403,-0.03238864032929119,1635975.35,513.1220374089586,-0.016617615335337232,1.0033933430143773,-0.07797039623833991,55.15885254533677
2022-08-30,553.0,568.7999877929688,552.3499755859375,561.5499877929688,1014001,0.0,0.020350709010402035,0.369846234567709,-0.03238864032929119,1556316.85,513.6039075620333,0.010618128533563587,0.9845917774540008,0.05502478207988499,60.27255559468565
2022-09-01,560.0,579.0,557.25,570.25,1677721,0.0,0.015492854413948987,0.3659841537064864,-0.03238864032929119,1579321.3,514.1675502728589,0.004491787454883545,0.971635247698378,0.04233203496305926,65.70848850788192
2022-09-02,573.2999877929688,577.5999755859375,561.0,564.2000122070312,1046948,0.0,-0.010609360443610272,0.3683846054805918,-0.03238864032929119,1576184.0,514.66538571499,-0.003356232928538261,0.9848945185519502,-0.028799683802672865,55.35013082122759
2022-09-05,564.2000122070312,568.75,554.7999877929688,556.7999877929688,841598,0.0,-0.013115959329946025,0.3581108051008308,-0.03238864032929119,1555133.3,515.0846354869102,-0.017296131689441552,0.9997081756527819,-0.036625420894515724,44.33840303427889
2022-09-06,559.9000244140625,566.0,555.0999755859375,561.25,651538,0.0,0.007992119799912656,0.3575745103899514,-0.03238864032929119,1500943.25,515.543992347737,0.019805623507946235,0.99543429844098,0.02235092084077155,48.89964877297732
2022-09-07,557.2999877929688,560.9000244140625,545.5,548.7999877929688,1564784,0.0,-0.0221826498120824,0.3468317940330842,-0.03238864032929119,1509666.55,515.8748977750528,-0.022705013404257568,1.0191918925113932,-0.0639579460537777,43.486980272209834
2022-09-08,556.0499877929688,563.9000244140625,553.0499877929688,558.9500122070312,1033841,0.0,0.018494942856834617,0.33753414378810037,-0.03010348758299062,1533920.0,516.3035058788536,-0.019815848825898708,1.0031487347940349,0.05479428570196042,40.02552513716207
2022-09-09,562.0,575.5999755859375,559.0,572.9500122070312,1809385,0.0,0.025046962508723514,0.344097384958758,-0.028745318706510686,1600614.65,516.8671527079897,0.015508684527977712,0.9829260612281836,0.07279032877225221,50.85380498731435
2022-09-12,575.0,601.5,575.0,593.75,5154807,0.0,0.036303320271948714,0.3550107037681966,-0.028745318706510686,1718735.0,517.6321561636316,0.06636137395313679,0.9521263157894737,0.10225978784305896,63.155844797103306
2022-09-13,599.0,614.9000244140625,598.0499877929688,605.7000122070312,3824826,0.0,0.020126336348684104,0.32006447189181453,-0.028745318706510686,1692452.7,518.5084532386903,0.07919824001252773,0.9363009582327879,0.06288212996869498,68.19336518588565
2022-09-14,590.0,612.0,582.6500244140625,604.6500244140625,2901814,0.0,-0.001733511262684062,0.3010937064339417,-0.028745318706510686,1765998.7,519.3655833001368,0.10176756170439782,0.9413089887878628,-0.005757381067978498,64.59896481562646
2022-09-15,609.0,614.5999755859375,592.0,594.0,1245331,0.0,-0.01761353507656427,0.30596703851372326,-0.026717489817083745,1698497.6,520.1082143120758,0.06270683787012143,0.960622901788063,-0.0575667712001159,60.28761215054008
2022-09-16,594.7000122070312,596.7999877929688,565.4500122070312,572.7999877929688,1537309,0.0,-0.03569025624079336,0.3335976448908887,-0.02885950470365563,1647530.25,520.632510565617,-0.0002618455552250154,0.9953387115593321,-0.1069859326573106,51.98336778742545
2022-09-19,574.0,575.75,557.0,571.25,1164363,0.0,-0.002705984333101985,0.31552123213409006,-0.02885950470365563,1590872.2,521.1361671769046,-0.037894736842105314,0.9980700229502872,-0.008576235041417583,57.37994697720329
2022-09-20,579.2000122070312,588.0,571.0499877929688,574.4000244140625,894635,0.0,0.005514265932713425,0.3083944658041206,-0.02885950470365563,1576612.7,521.6661558061301,-0.0516757258744619,0.9938805298497392,0.017880560014362442,54.8109419306274
2022-09-21,582.0,602.9000244140625,573.9500122070312,599.5,2434486,0.0,0.04369772722684262,0.3333310796877011,-0.02885950470365563,1632935.1,522.4406219175119,-0.008517364105050884,0.9559257704581292,0.13109406406640062,59.753246263991024
2022-09-22,601.0,674.0,601.0,664.9500122070312,16988105,0.0,0.10917433228862583,0.4922365584657041,-0.02885950470365563,2427820.15,523.8586258009897,0.11944446499500216,0.8691480393712777,0.22179240487743732,74.0625633616983
2022-09-23,670.5499877929688,683.7000122070312,650.9000244140625,660.9500122070312,6875574,0.0,-0.006015489776026395,0.49261524653442706,-0.02885950470365563,2727771.7,525.2227191980647,0.15389320232653914,0.881583312594278,-0.01221133470032103,75.28526029723434
2022-09-26,651.0,672.5999755859375,637.0,645.4000244140625,5347168,0.0,-0.023526722907598607,0.5032991855686106,-0.02885950470365563,2961734.6,526.418513279816,0.12980310619529534,0.9089285427199738,-0.04674500399512639,69.38493556534982
2022-09-27,651.0,674.7000122070312,649.2000122070312,652.0999755859375,3374301,0.0,0.010381082922885865,0.5029857087221005,-0.02885950470365563,3069126.75,527.6690750938072,0.13527149698702678,0.9073915439583242,0.02063892181523629,74.44391707342143
2022-09-28,649.7999877929688,660.0,640.25,645.4000244140625,1936990,0.0,-0.01027442328280237,0.4903356828773238,-0.026717489817083745,3115276.2,528.8405273258496,0.0765638438933487,0.9233072249015862,-0.020953855556611313,70.79625873208636
2022-09-29,653.25,663.4500122070312,642.4500122070312,649.0999755859375,1988504,0.0,0.0057328029623706644,0.488326784403882,-0.026717489817083745,3130815.35,530.0371387513231,-0.023836433310958194,0.924118050891907,0.01173968544848927,69.27360540245783
2022-09-30,646.0,668.0,641.0,659.9000244140625,2612142,0.0,0.01663849828121755,0.48858335370058725,-0.026717489817083745,3209075.05,531.3293067678678,-0.0015886039391430629,0.9162448590900943,0.03405457393226742,67.63531059921571
2022-10-03,659.9000244140625,674.0,653.2000122070312,658.25,2048822,0.0,-0.002500415749381979,0.4856133661652324,-0.026717489817083745,3269436.25,532.5921992378393,0.019910094669741474,0.9262476346269108,-0.005148984505178045,64.82369695537253
2022-10-04,669.7000122070312,672.7000122070312,650.0,654.9500122070312,1229492,0.0,-0.005013274277202773,0.4820144733380663,-0.026717489817083745,3298333.95,533.8096899141497,0.0043705516451413295,0.9380677832697044,-0.01040067145386305,64.01114337526019
2022-10-06,660.0,669.9000244140625,657.5999755859375,664.0999755859375,1340458,0.0,0.013970475926968762,0.4824293336755099,-0.026717489817083745,3287117.65,535.1061106671028,0.028974202764947332,0.9338240148947478,0.02895859489087285,69.69101782712826
2022-10-07,665.0,693.1500244140625,662.2000122070312,681.4500122070312,3789910,0.0,0.026125639600853345,0.4726832005056544,-0.026717489817083745,3424921.1,536.5622688913808,0.04983829585248656,0.9190366047024074,0.05527092780152982,81.19439710401235
2022-10-10,672.9500122070312,673.0,652.5,657.6500244140625,2176544,0.0,-0.03492550791199944,0.49726519503956096,-0.02885950470365563,3443279.05,537.7671221801636,-0.0034096073901463964,0.9587356233511506,-0.0702351734206315,71.99594378139042
2022-10-11,661.0,661.0999755859375,642.5,645.5499877929688,1504923,0.0,-0.018398899371857125,0.5015029838947254,-0.02885950470365563,3260784.85,538.8395885046691,-0.0192936000106817,0.9807180194637434,-0.036687516517038755,67.32407908375438
2022-10-12,643.7000122070312,675.0,643.5,672.6500244140625,2818472,0.0,0.041979764748729,0.5061664130999063,-0.02885950470365563,3210467.15,540.1710356281458,0.02702498187210689,0.946182982239419,0.08293668412778754,67.63926521282735
2022-10-13,674.0,682.4500122070312,662.7999877929688,666.4000244140625,1502500,0.0,-0.00929160748257507,0.5063919561821107,-0.02885950470365563,3140501.45,541.4270454668116,0.003463407487849457,0.9596901000503925,-0.01834864710162796,50.48937307596645
2022-10-14,683.0,687.9500122070312,666.5999755859375,669.75,1739517,0.0,0.0050269739844066574,0.5057962583556093,-0.02885950470365563,3165210.75,542.7038907855498,-0.017169289012319622,0.9605449885830767,0.009938732843462483,52.98304789357021
2022-10-17,669.75,676.7000122070312,655.0,674.5,1102947,0.0,0.007092198581560183,0.4988582036233106,-0.02885950470365563,3143492.65,544.0152948573353,0.02562149313527362,0.9613195058767491,0.014216862402741802,60.64374023789781
2022-10-18,675.0,679.0,658.9500122070312,660.25,1313671,0.0,-0.021126760563380254,0.4857079784590205,-0.02885950470365563,3150958.05,545.1718590876106,0.022771299643716603,0.9888072801421691,-0.04349683568188365,52.82496508358843
2022-10-19,661.0,667.6500244140625,615.2999877929688,649.5499877929688,8694486,0.0,-0.016206001070853793,0.49140106998404776,-0.02885950470365563,3540950.6,546.2104474329376,-0.034341835698610046,1.010880636167599,-0.03297917267780503,51.39964975596303
2022-10-20,649.5499877929688,658.75,644.1500244140625,652.9000244140625,1898979,0.0,0.005157473149182135,0.49141231947819936,-0.02885950470365563,3514175.25,547.2720352635956,-0.02025810249912574,1.009783246210146,0.010495205023973532,51.28466697797672
2022-10-21,657.5,718.2999877929688,656.2000122070312,711.9500122070312,10885981,0.0,0.09044261844830292,0.5580839959656313,-0.02885950470365563,3209069.05,548.9106220988538,0.06300860351927029,0.9293314063615958,0.16205914787293274,63.267898277131735
2022-10-24,720.0,726.9000244140625,709.0,712.8499755859375,1020778,0.0,0.0012640822578489086,0.42213171530088817,-0.02885950470365563,2916329.25,550.541859446984,0.056856894864251384,0.9317984527199924,0.0029945208618184114,63.971332800634066
2022-10-25,719.0,741.5999755859375,714.5,732.7999877929688,4280540,0.0,0.02798627045001023,0.4287092195977484,-0.02885950470365563,2862997.85,552.3553731618695,0.10988260173111519,0.9123942597967133,0.06528030776540393,68.35650966004724
2022-10-27,733.2000122070312,764.2000122070312,726.0,733.75,4151722,0.0,0.001296414059575035,0.416144573104069,-0.02885950470365563,2901868.9,554.1602948219504,0.12962822537049812,0.916776836336776,0.0031152972121009904,67.08363768941587
2022-10-28,737.9000244140625,749.25,706.0,721.7000122070312,2929332,0.0,-0.016422470586669458,0.42324844368172726,-0.02885950470365563,2951486.0,555.8273566864785,0.10537599206664527,0.9373700867524621,-0.03880101733110823,60.13598336267892
2022-10-31,728.0,735.0,706.8499755859375,709.25,1650152,0.0,-0.017250951914158708,0.4271281242622304,-0.02885950470365563,2934568.4,557.3539501522847,-0.003792418232652639,0.958064863267481,-0.04038823605931724,63.78203932126433
2022-11-01,712.7999877929688,722.9500122070312,708.0499877929688,717.3499755859375,1114062,0.0,0.01142048020576314,0.4277324202786997,-0.02885950470365563,2859664.4,558.9459504053559,0.0063126887200930515,0.951251167568077,0.026700056851714147,69.5960651784673
2022-11-02,717.9000244140625,721.0499877929688,703.25,708.6500244140625,998536,0.0,-0.01212790334978242,0.42956533656179124,-0.02885950470365563,2807150.1,560.435543181562,-0.032955736600979724,0.9664855421659767,-0.02823296489545362,60.92233489955445
2022-11-03,700.0,718.2000122070312,695.5,699.2000122070312,1192540,0.0,-0.013335231611464105,0.43317251245609734,-0.023784379058388067,2805302.5,561.81628416689,-0.047086865816652446,0.9827123727914148,-0.0307850358001774,59.76190462560206
2022-11-04,700.0,705.4500122070312,687.4500122070312,694.9500122070312,1118419,0.0,-0.006078375179921491,0.43344328387604025,-0.023784379058388067,2794200.55,563.1409978787323,-0.037065261947545,0.9909417839936041,-0.014023461121213785,57.46004070753113
2022-11-07,696.0499877929688,712.8499755859375,685.0999755859375,690.0499877929688,1170259,0.0,-0.007050901975670043,0.43296091450495344,-0.023784379058388067,2663218.0,564.4037738977794,-0.0270708667000793,0.9986015735846242,-0.0162853079264186,54.59922767315861
2022-11-09,691.0999755859375,696.75,672.0,675.2999877929688,930521,0.0,-0.021375263040255832,0.43111037259809865,-0.023784379058388067,2600916.85,565.5072188121594,-0.05861851149938624,1.0217199974873725,-0.04958187949786136,54.438215489262895
2022-11-10,671.0,674.8499755859375,658.0,663.9000244140625,763477,0.0,-0.016881332126428505,0.4170417507952744,-0.023784379058388067,2563844.55,566.4862517037207,-0.06314823743497489,1.040646148901505,-0.0404787570775569,54.21440282344438
2022-11-11,684.0,694.0,676.5,689.3499755859375,1590280,0.0,0.03833401150171123,0.43028534333581664,-0.023784379058388067,2502434.95,567.7087763194642,-0.01408758073387617,1.003438058633064,0.08908974289857692,59.47490999840672
2022-11-14,692.0,693.9000244140625,676.0,682.75,728161,0.0,-0.009574201522713599,0.40866593743735746,-0.023784379058388067,2463718.0,568.8534651123053,-0.017555237056959383,1.014335408275357,-0.023427940553283278,39.5639580271573
2022-11-15,684.0,692.4500122070312,676.7999877929688,690.7999877929688,705309,0.0,0.0117905350318106,0.40849250851775487,-0.023784379058388067,2412007.6,570.0668633479339,0.0010868777817079067,1.004038812457993,0.028863527475591042,42.50254741695469
2022-11-16,691.7000122070312,691.7000122070312,672.3499755859375,676.8499755859375,543274,0.0,-0.020193996024232774,0.4154359149771572,-0.023784379058388067,2384023.95,571.1293818776653,0.002295258138585776,1.0249058479590172,-0.04860917125870408,30.166584347725944
2022-11-17,674.0,703.7000122070312,671.0999755859375,695.7999877929688,1787535,0.0,0.027997359666928512,0.42560198968484275,-0.023784379058388067,2407717.15,572.3698854191111,0.04804934810336858,0.9995472977293746,0.06578296081235635,38.069775431372555
2022-11-18,697.75,701.3499755859375,679.5,686.2999877929688,928162,0.0,-0.013653348902941786,0.42129217387555773,-0.023784379058388067,2019400.95,573.5035182785526,-0.004424440271251662,1.0160607751153714,-0.03240826539277725,38.690079190253655
2022-11-21,685.9500122070312,694.0,678.5499877929688,683.2000122070312,593612,0.0,-0.004516939590668678,0.416790381308679,-0.023784379058388067,1954132.6,574.595025680826,0.0006591171102618976,1.0228885896689246,-0.01083743695838561,41.14848250038067
2022-11-22,683.5,693.75,680.5,683.4000244140625,622028,0.0,0.0002927579090421517,0.416773353214016,-0.023784379058388067,1440934.95,575.6776624841418,-0.01071216489529525,1.020500398952346,0.0007024391069153297,37.80970160171889
2022-11-23,686.7000122070312,735.0,685.0999755859375,727.0,6881215,0.0,0.06379861578629509,0.35095197557263724,-0.023784379058388067,1733956.8,577.1833573847972,0.07409326471593425,0.9602716626950438,0.18178730541215463,55.268442641720604
2022-11-24,732.9500122070312,733.4000244140625,714.7000122070312,718.25,1366119,0.0,-0.01203576341127921,0.35394453694318495,-0.023784379058388067,1588235.75,578.5870055700232,0.03226503679346293,0.9709571867589953,-0.034004658399811954,55.49149602302335
2022-11-25,722.0,729.9500122070312,716.0,718.3499755859375,1064805,0.0,0.00013919329751121978,0.3396439514011947,-0.022249853466858212,1433889.9,579.9776818885895,0.04669967705527189,0.9697501522161707,0.0004098212049376073,56.91080383309026
2022-11-28,717.0,722.6500244140625,710.0,714.9000244140625,648702,0.0,-0.004802604982426573,0.33984147427742967,-0.022249853466858212,1319858.4,581.3201927594897,0.0463993144622854,0.9739543642483063,-0.01413189738338703,57.40246267008595
2022-11-29,714.9000244140625,721.4000244140625,705.5499877929688,718.0999755859375,1232529,0.0,0.004476082057064845,0.33559540645561775,-0.022249853466858212,1298977.25,582.6811856234345,0.050775460831489205,0.9702304988801863,0.013337732989141714,63.69163717562833
2022-11-30,720.5999755859375,724.4000244140625,712.5499877929688,714.8499755859375,852155,0.0,-0.004525832210686476,0.3302197637428156,-0.022249853466858212,1285881.9,583.9962979613699,-0.016712550775876855,0.9744667011950545,-0.013705515449269614,67.19541901773002
2022-12-01,723.0499877929688,729.7999877929688,709.0,712.5,2004198,0.0,-0.0032873689112338234,0.3280572994007836,-0.022249853466858212,1336165.0,585.2749417627493,-0.00800556909154193,0.9779508720531799,-0.010020715335495497,59.25632163360703
2022-12-02,712.5,721.7999877929688,710.5499877929688,719.0,760559,0.0,0.009122807017543755,0.326515795642171,-0.022249853466858212,1314565.95,586.6055393571498,0.0009048854126183503,0.970486781262224,0.027939863430505564,64.50582208876763
2022-12-05,721.9500122070312,722.0,712.0499877929688,718.2000122070312,556824,0.0,-0.0011126394895253355,0.32252828146832363,-0.02148283603362297,1286486.2,587.9149370969496,0.004616012981218498,0.9731864158282123,-0.0034497422984507728,61.63978930582294
2022-12-06,718.5499877929688,733.1500244140625,712.25,715.4000244140625,1112308,0.0,-0.003898618414617361,0.32197343989374244,-0.02148283603362297,1283588.65,589.1834454284632,-0.0037598541479854086,0.9787670864731799,-0.012108508996328676,68.09015452939404
2022-12-07,715.9500122070312,718.7999877929688,706.0999755859375,710.25,559608,0.0,-0.007198803799707054,0.3220237608634398,-0.02148283603362297,1265043.0,590.3880877625083,-0.006434882483093096,0.9883245310368819,-0.022354883244814376,57.789779284228366
2022-12-08,713.0,718.0,706.5499877929688,714.0999755859375,560349,0.0,0.0054205921660506196,0.31116558852187376,-0.02148283603362297,1254886.6,591.619051820453,0.0022455797697369384,0.9865110206025497,0.017420281007283562,65.9586991062684
2022-12-09,717.7000122070312,719.0,693.5,697.25,1273739,0.0,-0.02359610161323933,0.31733669470592873,-0.023530191842880643,1239059.55,592.6701060311948,-0.030250347705146008,1.0109178873406126,-0.07435667309618497,56.96579898078894
2022-12-12,698.0,701.0,680.0999755859375,684.0,890689,0.0,-0.01900322696306922,0.2973373696694192,-0.023530191842880643,1247185.95,593.5788611950636,-0.04761906380638237,1.0305921008015237,-0.06391132855276077,50.26337866664873
2022-12-13,684.0,689.8499755859375,675.5499877929688,677.4000244140625,666285,0.0,-0.009649087113943744,0.29736720464296285,-0.023530191842880643,1245234.75,594.4129026201283,-0.05311713545316599,1.039644188658634,-0.032448389192900856,17.750248791822045
2022-12-14,680.7999877929688,690.9500122070312,671.2000122070312,683.3499755859375,967720,0.0,0.008783511894646878,0.2960173999855161,-0.02148283603362297,1266457.05,595.2978486197882,-0.037874022406283014,1.0310675699887977,0.029672281421138872,26.450640368459773
2022-12-15,686.25,721.0,683.3499755859375,695.25,3242482,0.0,0.017414245758710756,0.2929101745934875,-0.02148283603362297,1339204.4,596.2923973897406,-0.026396829898321483,1.0133800782303466,0.059452510273341794,36.55411246992902
2022-12-16,691.0999755859375,708.4500122070312,687.0,702.5999755859375,1889828,0.0,0.010571701669813027,0.27888456148402896,-0.02148283603362297,1387287.7,597.350184237464,0.007672966060864095,1.0039389742236347,0.037907086840831,43.15140551154167
2022-12-19,702.9500122070312,719.7999877929688,700.5999755859375,710.0499877929688,2281423,0.0,0.010603490557793194,0.2758996204556878,-0.02148283603362297,1471678.25,598.4715753176183,0.03808477747510053,0.9952961195805994,0.03843242029820776,45.720361821289366
2022-12-20,710.9000244140625,718.4500122070312,701.5,704.3499755859375,770442,0.0,-0.008027621019681241,0.2771713667308741,-0.02148283603362297,1479098.95,599.5250917381986,0.039784396516941545,1.0048378216076679,-0.028962662430600992,44.55957854557215
2022-12-21,708.1500244140625,728.0,695.0,704.3499755859375,2344372,0.0,0.0,0.27719054622192174,-0.02148283603362297,1252256.8,600.5681254083254,0.030730958879443326,1.0032299544110217,0.0,45.67178279580843
2022-12-22,710.5,729.5499877929688,694.0499877929688,711.0499877929688,2301597,0.0,0.009512333980643106,0.16457055146473037,-0.021139185687224032,1299030.7,601.6674474221029,0.022725620701860905,0.993270523044817,0.05780094505347923,45.786953081470024
2022-12-23,703.0,704.7999877929688,622.5499877929688,650.4500122070312,2857330,0.0,-0.08522604124364597,0.3342324702357183,-0.021486304968905006,1388656.95,602.1528460766793,-0.07422426016370909,1.0805903327333193,-0.25499030250902033,28.024637366493963
2022-12-26,650.9500122070312,692.3499755859375,650.9500122070312,689.25,1618098,0.0,0.05965099095212123,0.4014388523635925,-0.021486304968905006,1437126.75,603.0194844241751,-0.029293695022262978,1.0178998823307717,0.1485929653170797,43.12383960956876
2022-12-27,694.7000122070312,706.9000244140625,689.0,696.9500122070312,741070,0.0,0.011171581004035147,0.4036688126937086,-0.021486304968905006,1412553.8,603.9541165414174,-0.010506088784556722,1.0051366431706787,0.02767511478713281,46.54904112455128
2022-12-28,695.5,702.9000244140625,687.0499877929688,700.0,662900,0.0,0.004376193040459775,0.40365221368183896,-0.021486304968905006,1403091.05,604.9097969738411,-0.006175872416718464,0.9996964242117745,0.010841493701045769,46.32621602631312
2022-12-29,699.0,708.0,688.0,701.6500244140625,625008,0.0,0.002357177734374938,0.4035773715273931,-0.021486304968905006,1334131.55,605.8723863016046,-0.013219834808074205,0.9965723278537252,0.005840708231600791,51.245055315917
2022-12-30,707.0,718.7000122070312,701.0999755859375,704.25,662649,0.0,0.0037055162765919913,0.40371155555696686,-0.021486304968905006,1329236.05,606.8512680299468,0.08271194831778228,0.9918459327922546,0.009178623038653357,56.09756361785751
2023-01-02,707.7999877929688,708.7999877929688,694.0999755859375,696.75,404987,0.0,-0.010649627263045747,0.4037445663560201,-0.021486304968905006,1321644.2,607.7457827759175,0.01088139281828071,1.0009831324845264,-0.026377140119536752,55.79514258431568
2023-01-03,696.75,703.2999877929688,689.0,691.75,524130,0.0,-0.0071761750986724104,0.40427771971899806,-0.021486304968905006,1292235.3,608.5816456338687,-0.007461097806088501,1.0065088490609189,-0.017750606998956794,52.53012779125847
2023-01-04,691.0,691.0,675.6500244140625,681.1500244140625,838579,0.0,-0.0153234197122335,0.40707021999550297,-0.021139185687224032,1306183.85,609.3037190545672,-0.02692853655133931,1.0200359284377492,-0.03764318435274125,45.71949608557022
2023-01-05,682.7000122070312,690.0,677.2000122070312,682.7000122070312,571885,0.0,0.0022755453826814875,0.4068725909384145,-0.021139185687224032,1306760.65,610.0340304292187,-0.0270077838632673,1.015420370579142,0.005592771244446419,43.738210167512555
2023-01-06,682.5,719.9500122070312,679.0499877929688,716.6500244140625,2688877,0.0,0.04972903412917451,0.44373536594269913,-0.021139185687224032,1377517.55,611.0948860907594,0.01760741840832436,0.9686701694846542,0.11206912233113496,51.779945463802825
2023-01-09,720.25,754.5999755859375,710.0499877929688,715.5999755859375,6183258,0.0,-0.0014652184362702325,0.4351016839425216,-0.021139185687224032,1642146.0,612.1347377275273,0.027054145082077596,0.9722995012960163,-0.003367530985672956,53.1120331538828
2023-01-10,719.0,727.3499755859375,706.0,719.4500122070312,1393835,0.0,0.005380151973791492,0.4287041853953704,-0.021139185687224032,1678523.5,613.2025514039403,0.04004338591547696,0.970018746178675,0.012549800145598464,54.08993322700037
2023-01-11,722.0,722.9000244140625,701.0,703.0499877929688,836999,0.0,-0.02279522431829939,0.4358588089856597,-0.02144626110415801,1671987.45,614.0965557461197,0.032151453562297094,0.9940473814437322,-0.05229955968620514,47.94132832634736
2023-01-12,706.5999755859375,711.0,690.0999755859375,692.5499877929688,867422,0.0,-0.01493492665146312,0.4390339055844131,-0.02144626110415801,1553234.45,614.8771869107651,0.014427970425977543,1.0089235594473445,-0.034017705970580264,64.59776491734364
2023-01-13,695.2000122070312,698.9500122070312,677.0,692.4000244140625,1673248,0.0,-0.00021653798505461008,0.43496125393013074,-0.02144626110415801,1542405.45,615.6485584282108,-0.03383799507971408,1.008405512133778,-0.0004978328026226108,51.49219460571439
2023-01-16,695.9000244140625,704.4000244140625,688.0499877929688,693.25,634770,0.0,0.0012275787925581927,0.43334646979978136,-0.02144626110415801,1460072.8,616.4207120756912,-0.031232499089504873,1.0059574494497723,0.002832788195545905,48.12562721166542
2023-01-17,693.25,708.0,692.0,702.25,956920,0.0,0.012982329606923804,0.4341766262419744,-0.02144626110415801,1469396.7,617.2747348411073,-0.023907167857663114,0.9929156326831724,0.029901032260263125,51.07501162545722
2023-01-18,703.5,708.0,685.5,692.5999755859375,619850,0.0,-0.013741579799305792,0.4359282224637503,-0.02144626110415801,1383170.6,618.0242397241404,-0.01486382531608621,1.00590171471254,-0.03152257361640021,45.98311274056503
2023-01-19,689.0499877929688,697.0499877929688,685.9500122070312,695.4000244140625,632608,0.0,0.004042808153084554,0.4362040655493006,-0.02144626110415801,1299721.15,618.7941480295128,0.004115279288613216,1.0007261726359233,0.009268157680538746,46.07887990406705
2023-01-20,698.9000244140625,702.9000244140625,686.75,696.75,470408,0.0,0.0019412935555689348,0.4348568505992932,-0.02144626110415801,1180375.05,619.5698281486222,0.006282460185668803,1.0021098016109953,0.004464212782324654,49.99999993439555
2023-01-23,700.25,701.5,690.0499877929688,697.7999877929688,389484,0.0,0.0015069792507624857,0.30727238764754433,-0.02144626110415801,1118944.35,620.3482376973221,0.006563271248422264,1.0012145541472723,0.004904375603860978,52.94403116833938
2023-01-24,701.2999877929688,707.2999877929688,697.6500244140625,702.2999877929688,830672,0.0,0.006448839321755884,0.2305111684891519,-0.02144626110415801,1123424.45,621.1636779967814,7.118233245817507e-05,0.9951801432288215,0.02797625418439034,60.941512938124866
2023-01-25,700.8499755859375,715.5999755859375,687.75,707.0,908511,0.0,0.0066923142371131394,0.228532654885485,-0.02144626110415801,1135705.0,622.0177707530323,0.020791257467025037,0.9890594093937854,0.029283841066950228,62.174329092507925
2023-01-27,706.9500122070312,717.8499755859375,688.4500122070312,697.4000244140625,986918,0.0,-0.013578466175300563,0.2333840664057695,-0.02144626110415801,1153800.5,622.7678429287639,0.0028760424644580507,1.002369483753219,-0.05818077387461765,37.243219736520096
2023-01-30,700.0,724.8499755859375,688.0999755859375,709.2999877929688,1172465,0.0,0.01706332515388742,0.24075925213018642,-0.02144626110415801,1179291.3,623.6288592955719,0.01801218197770904,0.9859086618723707,0.07087297494980992,46.34994854352581
2023-01-31,709.2999877929688,772.3499755859375,701.7000122070312,762.9000244140625,4110246,0.0,0.0755675138073435,0.35427991118684454,-0.02144626110415801,1364554.25,625.0146420330694,0.0932932613355224,0.9209758560322397,0.2132988896299595,65.96839982390844
2023-02-01,775.0,779.0,734.3499755859375,742.5999755859375,2995906,0.0,-0.02660905515597045,0.36671671519249455,-0.022835268183046386,1488143.05,626.1846453520035,0.05738286842295781,0.9495758483895217,-0.0725602442648423,64.13004078731248
2023-02-02,742.5999755859375,813.0,740.6500244140625,787.5,6672636,0.0,0.060463272138724156,0.41418409027669606,-0.022835268183046386,1779845.9,627.7897732589487,0.11386138613861396,0.9021873023623511,0.14598163497423394,77.22970807202587
2023-02-03,785.0,800.9500122070312,770.7000122070312,778.3499755859375,2260046,0.0,-0.011619078621031731,0.41191652963397796,-0.022835268183046386,1864253.95,629.2878847248888,0.11607391502443254,0.9189375232405667,-0.02820736120806474,73.4387524372602
2023-02-06,784.0,819.5499877929688,773.0999755859375,776.2999877929688,3855942,0.0,-0.002633760978055566,0.4129283405494831,-0.022835268183046386,1922607.2,630.7506917205912,0.09445932772179333,0.9252061165042667,-0.006378251758569797,72.50066056625275
2023-02-07,779.9000244140625,791.9500122070312,775.2000122070312,778.8499755859375,1266458,0.0,0.0032847968994800247,0.3817605973229501,-0.022835268183046386,1676767.2,632.2243164356694,0.020907000473784576,0.9262374264126092,0.00860433694957231,71.50475389788089
2023-02-08,780.0,810.0,778.25,803.2000122070312,2132640,0.0,0.03126409113998485,0.3922899261991462,-0.022835268183046386,1713707.45,633.9255671398621,0.08160522301832573,0.9033708739053359,0.07969638844906186,78.68256570994993
2023-02-09,807.25,830.0,806.0499877929688,817.25,2842171,0.0,0.0174925144166298,0.39436615955360454,-0.022835268183046386,1813966.05,635.7496908499132,0.03777777777777769,0.8948271612830758,0.04435602180691647,79.85786478908707
2023-02-10,817.9500122070312,860.0,815.0,855.4500122070312,3862427,1.45,0.04674213791010251,0.40303346836331416,-0.022835268183046386,1963716.3,637.9357636992378,0.09905574489554425,0.8643900733270913,0.1159758194280001,82.93896963109542
2023-02-13,860.0,872.7999877929688,816.7000122070312,820.2999877929688,2963766,0.0,-0.04108951301944186,0.4322865411067237,-0.023746749290375884,2028242.2,639.7503330932052,0.05667911978859186,0.9092252932429401,-0.09505156455653326,72.27271734925182
2023-02-14,824.4000244140625,847.0,822.5499877929688,834.5,1685164,0.0,0.017310755111964227,0.43212823441325954,-0.023746749290375884,2080761.9,641.6881407241186,0.07145153259097992,0.9022168926881273,0.04005930030208657,73.21741300501783
2023-02-15,835.0,855.7999877929688,811.4000244140625,844.0499877929688,2129885,0.0,0.011443963802239443,0.43117939223071294,-0.023746749290375884,2139410.15,643.7016914412216,0.05085903257607027,0.9004087522412278,0.02654107256291448,73.66602237716567
2023-02-16,848.0,875.0,846.0999755859375,866.1500244140625,1946554,0.0,0.026183326746892277,0.43483166357514186,-0.023746749290375884,2205745.35,645.9151076897076,0.05983484174250542,0.887453070614746,0.06021485631811414,77.93410102696575
2023-02-17,861.0999755859375,876.1500244140625,848.0,856.0999755859375,1084471,0.0,-0.011603127108290145,0.43339711491167227,-0.023746749290375884,2228338.5,648.0064994100682,0.0007597911854946293,0.9072567673025511,-0.026772505956644037,74.45034347580662
2023-02-20,855.0,861.25,825.0499877929688,827.9000244140625,1033309,0.0,-0.03294002099763427,0.4585362508955736,-0.026925603448053642,2256483.55,649.7964847334911,0.009264947865648354,0.9460804136501116,-0.07183733066889553,61.82677572840887
2023-02-21,831.25,845.5,817.7000122070312,822.0999755859375,1319818,0.0,-0.007005735785827416,0.4612447556347913,-0.026925603448053642,2303000.25,651.5109473290378,-0.01485922637994308,0.9603150716377987,-0.01518875943488643,65.27083127583896
2023-02-22,814.0,833.0,807.5999755859375,811.3499755859375,1365678,0.0,-0.01307626848223431,0.4666869263208019,-0.026925603448053642,2329750.55,653.1013854211462,-0.038741795722947225,0.9797590685373633,-0.028019358298998213,55.27304001388759
2023-02-23,815.0,828.0,812.25,823.5499877929688,1319393,0.0,0.015036682780720678,0.4673654812764501,-0.026925603448053642,2350294.65,654.7973914148957,-0.04918320778194518,0.972321058340954,0.03217328420986557,59.86038079382796
2023-02-24,829.9000244140625,845.75,829.0999755859375,833.7000122070312,1386710,0.0,0.012324721710291753,0.4675713196659493,-0.026925603448053642,2370284.25,656.577516994917,-0.02616512559012174,0.9686577705322681,0.026359019316041045,62.09439167761176
2023-02-27,833.0,833.0,805.2999877929688,816.7999877929688,968555,0.0,-0.020271109711661794,0.4720679071690019,-0.026925603448053642,2360088.75,658.1717704356937,-0.013407460192974008,0.9952803712862465,-0.0429410874461199,57.54023062805804
2023-02-28,821.0,846.2999877929688,815.8499755859375,829.6500244140625,1357971,0.0,0.015732170437239068,0.4717671791881036,-0.026925603448053642,2222475.0,659.8780217190606,0.009183857258654893,0.9838877491671072,0.03334731790973771,55.50697255788558
2023-03-01,830.9000244140625,850.0,826.0499877929688,844.0,943939,0.0,0.017296420374449006,0.4049102059474516,-0.026925603448053642,2119876.65,661.7100812044431,0.04024160398905963,0.9731664648553207,0.04271668062011481,55.56248245289623
2023-03-02,842.9500122070312,856.25,835.0999755859375,846.2000122070312,854661,0.0,0.002606649534397265,0.38836533713666643,-0.026925603448053642,1828977.9,663.5458019109366,0.027502913909041915,0.9741048038966136,0.006711848916530601,47.737835339426454
2023-03-03,852.0,862.7000122070312,834.9500122070312,837.4500122070312,890758,0.0,-0.010340344922920242,0.33873154665734084,-0.026925603448053642,1760513.5,665.2761920631366,0.004498020804956759,0.9878111967533043,-0.030526665495711352,54.81606509391113
2023-03-06,841.9000244140625,850.0,830.0999755859375,835.2000122070312,592045,0.0,-0.0026867275266618806,0.3352195833252286,-0.026925603448053642,1597318.65,666.9669763431754,0.02252696460461534,0.9939984289586089,-0.008014828429361017,50.21071986684304
2023-03-08,836.0,836.0,818.7999877929688,822.2000122070312,682924,0.0,-0.01556513387212155,0.3411773939411806,-0.026925603448053642,1568141.95,668.5115836652038,-0.008979704680046052,1.0123509966835982,-0.045621819300802814,43.55648667526734
2023-03-09,826.7999877929688,834.4500122070312,822.0,825.75,619748,0.0,0.004317669350842657,0.34120857911441355,-0.026925603448053642,1492497.35,670.076145021769,-0.02162322274881512,1.0093642158288867,0.012654046494107634,36.62251925273495
2023-03-10,825.0,831.5499877929688,815.2999877929688,823.0999755859375,880339,0.0,-0.003209233320087823,0.3257876245498865,-0.026925603448053642,1394405.75,671.5987702015119,-0.027298553873622566,1.012969292589838,-0.009850691001583752,38.509757080102155
2023-03-13,823.0,825.9500122070312,788.0,792.7000122070312,892370,0.0,-0.03693350052314792,0.345784155820329,-0.03313969497390995,1245902.9,672.803757684154,-0.053436025252498354,1.0478585684480355,-0.10681084958163971,37.92867428349709
2023-03-14,792.5499877929688,797.9500122070312,768.0,778.5,1070179,0.0,-0.017913475448922522,0.3026167229496181,-0.03313969497390995,1151223.55,673.8554615877943,-0.06788794465795134,1.0642870913427767,-0.05919525756001368,35.86253081155344
2023-03-15,790.0499877929688,854.7999877929688,780.5499877929688,847.2999877929688,5697021,0.0,0.08837506460240041,0.4155676352906041,-0.03313969497390995,1351816.4,675.5812777689403,0.030527821957289536,0.9786232880279536,0.21266108082259444,58.46878720976292
2023-03-16,839.7000122070312,839.9000244140625,806.5499877929688,815.7000122070312,2959393,0.0,-0.03729490858160933,0.43268705079758535,-0.036951570926070994,1393291.8,676.9754940320058,-0.012170739077164705,1.0147970930894241,-0.08619372280941907,48.305638917792244
2023-03-17,825.5,878.7999877929688,825.5,869.2000122070312,8212277,0.0,0.06558783768464771,0.48889650779239535,-0.036951570926070994,1706577.95,678.8881758048916,0.05600782163585505,0.9525109169155788,0.13415484728917396,56.45454542580495
2023-03-20,868.4000244140625,895.0,852.0499877929688,889.5999755859375,5786626,0.0,0.023469814878519957,0.48728172780327395,-0.036951570926070994,1941685.7,680.9848106285837,0.12224039597163361,0.9325511728616391,0.04816477421116739,63.07001859443182
2023-03-21,899.0,904.7000122070312,873.8499755859375,877.4000244140625,2081037,0.0,-0.013713974265612383,0.4880626124751017,-0.03313969497390995,1994072.1,682.9391908652551,0.1270392092666186,0.9483388163409487,-0.02809880051060865,58.59277038151381
2023-03-22,882.0,904.9500122070312,880.2000122070312,894.7999877929688,2187204,0.0,0.0198312775185141,0.47505557050307434,-0.03313969497390995,2037441.4,685.0472584963767,0.05606042804712774,0.9339601169217517,0.04174517326480656,59.04236673666215
2023-03-23,888.0,892.0,876.0499877929688,881.4500122070312,1052678,0.0,-0.014919508010796112,0.47817209891895246,-0.03313969497390995,2021791.4,687.0015147522041,0.08060561360309526,0.9520817873159745,-0.03120112556235455,56.03492953553257
2023-03-24,882.2999877929688,913.9000244140624,877.0,886.0499877929688,3318023,0.0,0.0052186460062775275,0.47424641504275894,-0.03313969497390995,2121722.9,688.9820965735053,0.01938561360940727,0.9506658931849965,0.011004080854815098,58.440432878438756
2023-03-27,891.5,893.9000244140625,867.0499877929688,872.5,1341967,0.0,-0.015292577145359476,0.4774767058000873,-0.03313969497390995,2119485.75,690.8081453638187,-0.019222095385821647,0.9676532979271132,-0.03202790133909328,56.23329153571351
2023-03-28,876.7999877929688,904.75,875.1500244140625,888.9500122070312,1838926,0.0,0.01885388218570916,0.4795846583366416,-0.03313969497390995,2163004.3,692.7797062279302,0.013163879042152882,0.9538050419247218,0.039312937694819694,61.02759760288204
2023-03-29,893.25,908.9000244140624,890.2000122070312,895.9500122070312,1565811,0.0,0.007874458522837413,0.47186786558747107,-0.03313969497390995,2173396.3,694.8013013122994,0.0012852306993198503,0.9500530068133612,0.01668784617523239,61.466850641429836
2023-03-31,903.9500122070312,946.6500244140624,901.0499877929688,925.0999755859376,2707463,0.0,0.03253525641134836,0.4802775548415353,-0.03313969497390995,2261572.5,697.0928304095496,0.04952063392637873,0.9245000804257456,0.06774261134201255,65.33374656885988
2023-04-03,928.4500122070312,928.4500122070312,760.0,811.2000122070312,11793483,0.0,-0.12312178833078524,0.652663326013817,-0.036951570926070994,2808513.6,698.2282252533056,-0.08447601897989832,1.0521511205466136,-0.18864517360935182,52.22302472889327
2023-04-05,770.6500244140625,842.75,741.0,815.75,13319603,0.0,0.005608959226454546,0.652958814924436,-0.036951570926070994,3429955.85,699.3975961463075,-0.06504297994269337,1.04495249919792,0.008590065732098261,54.58236273796913
2023-04-06,815.7999877929688,816.8499755859375,792.0,796.2000122070312,3822053,0.0,-0.02396566079432272,0.657128284962872,-0.036951570926070994,3591456.25,700.3608042663147,-0.10433657542759456,1.0681612511700895,-0.0364702919932504,42.8471419908753
2023-04-10,790.0,812.1500244140625,763.2000122070312,799.8499755859375,5533042,0.0,0.00458422924258528,0.657455046839452,-0.036951570926070994,3833962.15,701.3507462694951,-0.1072604892145339,1.0618897609735467,0.006972688391238173,47.593006614202594
2023-04-11,802.0,843.25,800.75,837.0,3923132,0.0,0.04644624060511826,0.6752621974860077,-0.036951570926070994,3999131.35,702.7004900877091,-0.09523292391196647,1.0154301067976683,0.06878252638784126,44.85457954212753
2023-04-12,839.9500122070312,865.0,831.0499877929688,851.4500122070312,3867334,0.0,0.017264052816046815,0.6773731839711534,-0.036951570926070994,4148481.1,704.1805848351651,0.049617849351964116,0.9998619872163446,0.025486767072719473,43.78563408895417
2023-04-13,842.0,871.5,835.4500122070312,869.0999755859375,3121347,0.0,0.02072930075267254,0.6799700893909937,-0.036951570926070994,4259929.95,705.8215737978593,0.06539990877834811,0.9839518161453338,0.030485606310098733,48.671566132802575
2023-04-17,857.6500244140625,870.0,823.0,858.5999755859375,3010498,0.0,-0.012081463922399727,0.6666758638298025,-0.036951570926070994,4356945.9,707.3417569002282,0.07837222107788766,1.00064933915544,-0.01812194560603529,44.075280846577485
2023-04-18,859.0,875.3499755859375,855.2999877929688,866.75,1689374,0.0,0.009492225303757706,0.6617195084791504,-0.036951570926070994,4156563.55,708.9279085728629,0.08364071570428466,0.9923622714500109,0.014344786633427361,47.55244440339604
2023-04-19,869.0,872.0,846.0999755859375,853.3499755859375,1049644,0.0,-0.015460080085448524,0.592994585087617,-0.036951570926070994,4061076.1,710.3649440655303,0.019534021010678027,1.0101511942463661,-0.026071198984814088,44.71044623552488
2023-04-20,855.0,871.75,852.2999877929688,856.4000244140625,1114666,0.0,0.0035742062640018446,0.5763803507843333,-0.036951570926070994,3706195.55,711.8180294421326,0.0058136263269295,1.0058062505870822,0.006201124304683276,47.304089578909675
2023-04-21,856.0,864.9500122070312,845.0,848.7000122070312,624965,0.0,-0.008991139639795698,0.5303661466448599,-0.036951570926070994,3448112.5,713.1800392208878,-0.023472516341003002,1.0125220773297512,-0.01695270244367474,43.056752887559725
2023-04-24,850.0,864.0,840.7000122070312,849.7000122070312,893943,0.0,0.001178272635344424,0.5232058946726271,-0.036951570926070994,3388757.8,714.5384469122922,-0.010365669266217514,1.009700466580972,0.002252024728355609,41.85309070016352
2023-04-25,855.0,859.5999755859375,848.0,852.0,578268,0.0,0.0027068233022555788,0.5215191156733948,-0.036951570926070994,3308311.0,715.9062235599312,-0.017017594462070962,1.004463027452639,0.005190266605774966,35.77821484705903
2023-04-26,856.2999877929688,914.5,855.0,905.5,6855859,0.0,0.062793427230047,0.5626064345550243,-0.036951570926070994,3598470.05,717.7927287981408,0.06111211801260619,0.9464439522686879,0.11161163871791666,73.98269837750871
2023-04-27,909.0,948.7999877929688,907.0,919.5499877929688,4410295,0.0,0.015516275861920281,0.5615024181409549,-0.036951570926070994,3653083.65,719.8002637135123,0.0737388621889783,0.9338045893951157,0.027633497353327922,75.18194302247778
2023-04-28,932.0,942.5,910.5,916.7999877929688,1332189,0.0,-0.0029905932646471234,0.5617476702695035,-0.036951570926070994,3652594.75,721.7604599730095,0.08024033770053163,0.9390216073643232,-0.005323730510488908,81.85418495751276
2023-05-02,921.3499755859376,950.0,917.2999877929688,935.2999877929688,1823170,0.0,0.020178883340231435,0.5612289932422043,-0.036951570926070994,3651806.95,723.8852313941037,0.1007414079747957,0.9229258079914748,0.03595481207075647,83.17412571150655
2023-05-03,936.0,938.4500122070312,918.3499755859376,922.4000244140624,795104,0.0,-0.01379232711137579,0.5616914684678235,-0.036951570926070994,3613271.6,725.8605029664417,0.08262913663622351,0.937266884948072,-0.024554987284119683,73.73541206727252
2023-05-04,926.5,935.0,906.0,909.25,1267402,0.0,-0.014256314035134277,0.5641923149264976,-0.036951570926070994,3541268.55,727.6852740812035,0.004141358365543857,0.9499505073184458,-0.025268535932302116,66.18140418702308
2023-05-05,910.0499877929688,913.7999877929688,880.0499877929688,884.5499877929688,1413402,0.0,-0.027165259507320627,0.5604795193410435,-0.036951570926070994,3022264.5,729.2461170037087,-0.038062096095508924,0.980622926379615,-0.048467888808104834,54.1610570816587
2023-05-08,888.9500122070312,897.0,874.5,883.1500244140625,892457,0.0,-0.0015826843007473723,0.3448675269160504,-0.036951570926070994,2400907.2,730.7774991669959,-0.036703712725730364,0.9859932907288627,-0.00458925277484914,56.952716476605836
2023-05-09,888.0999755859375,902.8499755859376,877.5499877929688,880.5499877929688,1369218,0.0,-0.002944048631849161,0.3457225324981655,-0.036951570926070994,2278265.45,732.2677726856623,-0.05853736845350954,0.9936942929858055,-0.008515639768745434,54.035082665506586
2023-05-10,884.0999755859375,900.0,882.8499755859375,896.25,1315511,0.0,0.017829779597615003,0.3334222389902115,-0.036951570926070994,2067388.9,733.8994366390389,-0.02834998235247632,0.9816652706045154,0.05347507447872336,62.377383771528265
2023-05-11,904.0,909.4000244140624,891.7999877929688,897.75,754565,0.0,0.0016736401673640433,0.3337147226312085,-0.036951570926070994,1908960.55,735.5297905033271,-0.012647786637338454,0.9834085199435221,0.005015182141249964,62.03783854795678
2023-05-12,899.0,910.9500122070312,895.3499755859375,898.6500244140625,978246,0.0,0.001002533460387145,0.29917905274572704,-0.036951570926070994,1764506.15,737.1528774079117,0.015940350252307,0.9850497694770843,0.0033509479279276986,65.1409543280129
2023-05-15,900.9000244140624,925.0,895.0,920.9000244140624,1318656,0.0,0.02475936059146866,0.30458408815494264,-0.036951570926070994,1674371.6,738.9812072288684,0.04274471942074132,0.9640623067590155,0.08128907825934338,69.11922861055771
2023-05-16,925.0,935.0,920.5,927.2000122070312,1253828,0.0,0.006841120236669829,0.2986647016527739,-0.03313969497390995,1586538.1,740.8540311589993,0.052978280689080615,0.9612111647202056,0.022905686442874044,69.76866645250905
2023-05-17,929.0,938.5,927.5,933.1500244140624,933709,0.0,0.0064171830551083,0.2935289986653985,-0.03313969497390995,1548754.85,742.7674241267114,0.0411715753573918,0.958640070169334,0.02186217670371182,59.69155959155949
2023-05-18,939.5,954.9000244140624,931.4500122070312,941.0499877929688,1292090,0.0,0.008465909202399535,0.2933143228576477,-0.03313969497390995,1560877.15,744.7403849592115,0.048231676739592055,0.9552521302310788,0.02886292367617862,57.87545781609844
2023-05-19,949.0,949.0,932.0,943.75,620820,0.0,0.002869148549019762,0.284671169460452,-0.03313969497390995,1536184.85,746.7205801337467,0.05018636216623218,0.9571470243946606,0.010078816388992266,59.87541576709047
2023-05-22,945.0,946.8499755859376,935.0,938.7999877929688,434700,0.0,-0.005245046047185453,0.28684178387250586,-0.03313969497390995,1526671.6,748.6318180209032,0.019437466504896195,0.9669924529781263,-0.018285501482802564,51.423921546272915
2023-05-23,942.0,954.0,924.0,926.2000122070312,688310,0.0,-0.013421363176153056,0.2898688859731328,-0.027653671558111992,1516389.95,750.3986657242478,-0.0010785159478370332,0.9842771442848801,-0.04630149478817157,51.54974980161457
2023-05-24,923.4000244140624,987.7000122070312,911.7999877929688,979.6500244140624,2376849,0.0,0.05770893057933102,0.34334989956788126,-0.027653671558111992,1606319.0,752.6797737709128,0.049831215542428975,0.9370897579689615,0.16807614905726895,71.6083528737279
2023-05-25,984.5,1028.6500244140625,984.0,1020.2999877929688,4131582,0.0,0.041494372853427386,0.36294556821293483,-0.027653671558111992,1470105.15,755.3426614726247,0.08421444240795739,0.9053807847830255,0.11432670720976038,87.95080186871756
2023-05-26,1016.0499877929688,1017.0,991.2000122070312,1006.7999877929688,1263515,0.0,-0.01323140268697065,0.3126790907425975,-0.027653671558111992,1312766.15,757.8447244210859,0.06680793408526498,0.921853908338507,-0.042316236216449137,82.37757403602197
2023-05-29,1012.5999755859376,1020.0,991.0,993.75,755851,0.0,-0.012961847388949566,0.31643089359957505,-0.027653671558111992,1283949.25,760.1920405960005,0.05853218248991854,0.9378314508402124,-0.04096264695230916,78.10328514692226
2023-05-30,995.0,1018.0,994.0,1011.0,849973,0.0,0.017358490566037776,0.31870074262449705,-0.027653671558111992,1235289.4,762.68764218211,0.09155688477146517,0.9255736942461054,0.05446642476709203,78.27051672549126
2023-05-31,1011.0499877929688,1073.800048828125,1003.9000244140624,1063.050048828125,3647832,0.0,0.051483727822082104,0.3541428591111508,-0.027653671558111992,1377925.8,765.6763228452545,0.08513246806066777,0.8868702909546138,0.14537558796905634,82.60355988103255
2023-06-01,1060.0,1118.4000244140625,1049.0999755859375,1100.300048828125,3471313,0.0,0.035040683212482104,0.35951194258142427,-0.027653671558111992,1488121.35,769.0059121585168,0.07840837203988005,0.8655275527427377,0.09746736641404403,84.78524084209845
2023-06-02,1109.1500244140625,1152.0,1104.0,1114.8499755859375,3605727,0.0,0.013223599120357088,0.34990291116221717,-0.027653671558111992,1597737.6,772.4471466204811,0.10732021166371664,0.8645602807929309,0.03779219412182771,84.37001915020072
2023-06-05,1129.949951171875,1144.300048828125,1112.0,1115.5999755859375,1246760,0.0,0.0006727362572760409,0.32507263152208876,-0.027653671558111992,1615452.75,775.8616026300878,0.12261632763364783,0.8743972094305774,0.002069495156916576,84.05640299085483
2023-06-06,1120.5,1136.25,1085.050048828125,1131.050048828125,1602421,0.0,0.013849115794460909,0.3217408869801514,-0.027653671558111992,1627112.9,779.3958160250932,0.11874386629883782,0.8735267812141346,0.04304431275118649,84.58581633429358
2023-06-07,1136.75,1160.0,1120.050048828125,1153.199951171875,1472527,0.0,0.019583485599686146,0.3179614176697908,-0.027653671558111992,1634963.7,783.1152601559069,0.08480306495741052,0.8678893934104469,0.06159075880117126,85.31713392649381
2023-06-08,1148.0,1149.800048828125,1121.0,1129.1500244140625,1004343,0.0,-0.02085494951103073,0.3383212909673043,-0.027653671558111992,1647452.6,786.5583921385751,0.026220098432844896,0.8966213394447587,-0.06164243708984251,78.81568583843523
2023-06-09,1133.3499755859375,1142.8499755859375,1130.550048828125,1139.6500244140625,844970,0.0,0.009299030042928758,0.33662215635591297,-0.027653671558111992,1640788.8,790.0717417134556,0.02224518937186204,0.8989338703791437,0.02762453270262906,80.68757047767886
2023-06-12,1140.0,1149.75,1127.300048828125,1142.25,1039973,0.0,0.0022813807135873,0.3361419628136039,-0.024125640729972614,1626854.65,793.5760029899387,0.023888512905412496,0.9065769368382715,0.006786955804690186,84.05045110387765
2023-06-13,1146.9000244140625,1146.9000244140625,1050.0999755859375,1092.75,1666475,0.0,-0.04333552199606039,0.38238620443650917,-0.02767174196103506,1647487.0,796.5528586815811,-0.03386238201201397,0.9552184904993495,-0.11332919535271518,68.04979985675533
2023-06-14,1103.949951171875,1104.949951171875,1030.0999755859375,1039.699951171875,4250112,0.0,-0.048547287877487966,0.4304477602579602,-0.03759693925233189,1813307.15,798.972232736211,-0.09842178703238924,1.0090819958667274,-0.11278322535715397,52.97819615819087
2023-06-15,1041.949951171875,1078.0,1040.1500244140625,1063.6500244140625,2023195,0.0,0.02303556253435679,0.4345696715485622,-0.027973772631757612,1849862.4,801.6058426036524,-0.058008235029697874,0.9921237995960484,0.05300775344536459,58.45605275186893
2023-06-16,1074.0,1089.800048828125,1070.0,1084.4000244140625,951731,0.0,0.019508296454400664,0.4368420746723701,-0.027973772631757612,1866407.95,804.4197150594773,-0.04847979539017355,0.9796246596884866,0.04465754820539283,63.18162435269652
2023-06-19,1089.25,1094.300048828125,1062.449951171875,1071.6500244140625,598534,0.0,-0.011757653737502705,0.44155438269021063,-0.027973772631757612,1874599.65,807.0787231127567,-0.06180781403890345,0.9974781713818623,-0.02662787174614688,58.936205777578145
2023-06-20,1069.949951171875,1077.0,1051.0999755859375,1058.449951171875,713778,0.0,-0.01231752245739448,0.44458140234056115,-0.027973772631757612,1875873.05,809.5799293621012,-0.031388742922100255,1.0161651974864667,-0.027705887190710824,49.23459271312698
2023-06-21,1068.699951171875,1100.0,1055.0,1063.1500244140625,1454526,0.0,0.004440524785308764,0.43896923105035457,-0.027973772631757612,1829756.9,812.1030148850064,0.02255465455755412,1.0155998484383117,0.010115799400166598,43.06773383467711
2023-06-22,1067.5,1073.1500244140625,1055.0,1062.199951171875,678274,0.0,-0.000893639863020379,0.3986812953941236,-0.027973772631757612,1657091.5,814.591541614229,-0.0013632992139367417,1.01848056068683,-0.002241489257031892,39.65009258067797
2023-06-23,1064.0,1084.9000244140625,1043.9000244140625,1067.3499755859375,867763,0.0,0.004848450998685028,0.3749465385334504,-0.027973772631757612,1637303.9,817.1065509074798,-0.015723025123812295,1.0164027976158005,0.012931045818794833,40.67633727764312
2023-06-26,1071.9000244140625,1087.550048828125,1052.0999755859375,1075.3499755859375,809402,0.0,0.007495198559974048,0.3709008998608314,-0.027973772631757612,1639981.45,819.6761372226883,0.003452574149753751,1.0126354440159437,0.02020808890112019,38.917621274983546
2023-06-27,1079.3499755859375,1089.75,1074.699951171875,1082.1500244140625,636643,0.0,0.006323568124339873,0.3661661777564694,-0.027973772631757612,1629314.95,822.2878176922543,0.02239130269310108,1.0095596512251082,0.017269666986689566,34.943879787120196
2023-06-28,1087.800048828125,1106.5999755859375,1076.550048828125,1094.75,982284,0.0,0.011643464678346982,0.36413176271338843,-0.027973772631757612,1496037.55,824.9988841828787,0.029722969346074546,0.9993879870100907,0.03197596461188698,42.33853710058347
2023-06-30,1099.5,1102.800048828125,1080.5,1089.800048828125,615804,0.0,-0.0045215356673897755,0.32137887569765367,-0.027973772631757612,1353262.1,827.6337216420353,0.02598390032479303,1.0034455402669598,-0.014069174636580011,38.61614445461044
2023-07-03,1096.050048828125,1100.0,1074.199951171875,1076.3499755859375,731607,0.0,-0.012341780730006913,0.30005919657846797,-0.024125640729972614,1209556.1,830.1085102384922,0.008432098379970832,1.014196147665671,-0.041131151650830734,35.66146529745983
2023-07-04,1078.050048828125,1081.0999755859375,1058.0,1060.75,559178,0.0,-0.014493404505765195,0.29901036499260125,-0.024125640729972614,1175177.0,832.4034504351241,-0.013576952543270626,1.0265260428941787,-0.04847124286615079,41.832583892497986
2023-07-05,1059.9000244140625,1069.9000244140625,1050.0999755859375,1055.5999755859375,393246,0.0,-0.004855078401190149,0.29895565541368735,-0.021170465010845223,1114718.25,834.6243113818983,-0.0245345360893936,1.0279604219728882,-0.01624012842998581,55.37161652571875
2023-07-06,1060.0,1090.0,1057.0,1085.75,827247,0.0,0.028561979074816612,0.31307836406867584,-0.021170465010845223,1082454.25,837.1230744527252,-0.008221055035396163,0.9963090018690278,0.09122948577901888,57.16599544053079
2023-07-07,1090.0,1090.25,1075.0,1079.4000244140625,365571,0.0,-0.005848469340029916,0.30348419737266874,-0.021170465010845223,1050515.65,839.5337903727385,-0.00954305739410255,0.9998656423647531,-0.019271082968901197,48.211734743606534
2023-07-10,1081.449951171875,1084.8499755859375,1056.5999755859375,1060.9000244140625,359010,0.0,-0.017139150992740104,0.30098745783786635,-0.021170465010845223,1026217.65,841.7364394676771,-0.014354021946685558,1.0135898520439728,-0.05694307180248612,46.30711834706922
2023-07-11,1035.0,1071.0,1015.25,1054.4000244140625,1655599,0.0,-0.006126873268374133,0.2979078934272831,-0.021170465010845223,1056998.95,843.852495039283,-0.005986307410735359,1.0156723968164934,-0.020566333413405576,48.541620279137994
2023-07-12,1055.0,1068.449951171875,1055.0,1064.300048828125,400805,0.0,0.009389249037208725,0.30065848902808195,-0.021170465010845223,993715.45,846.0460030371819,0.008241827816790392,1.0048881456117658,0.031228949348050043,50.399174907524284
2023-07-13,1059.949951171875,1082.0,1045.0,1047.550048828125,655494,0.0,-0.015738043062614726,0.2676071392002966,-0.021170465010845223,813984.55,848.0510184181863,-0.03518300821724618,1.0213306834562135,-0.05881024894008057,45.41761228622356
2023-07-14,1050.949951171875,1072.6500244140625,1032.4000244140625,1063.1500244140625,1063926,0.0,0.014891866601876247,0.21281765569463074,-0.021170465010845223,766021.1,850.1913070350608,-0.01505465965578523,1.0063208227962557,0.0699747671475938,48.766896622366474
2023-07-17,1065.0,1099.8499755859375,1065.0,1090.6500244140625,1904514,0.0,0.02586652811785073,0.21667718644047687,-0.021170465010845223,813660.25,852.5839310885833,0.02804222765140474,0.9812336527468197,0.11937817427389731,54.03057026889769
2023-07-18,1097.5999755859375,1109.5,1058.0,1067.0999755859375,1090064,0.0,-0.02159267253560737,0.21987128816039997,-0.021871301884193034,838236.75,854.7184190935321,0.012044718207335547,1.0026755031039218,-0.0982059628349269,46.3568033405677
2023-07-19,1071.0,1089.0,1062.300048828125,1084.3499755859375,739084,0.0,0.016165308213532903,0.22338519351167782,-0.021871301884193034,839502.05,857.0033102029093,0.018838603624879102,0.9879190577051997,0.07236516993699556,47.537873830364965
2023-07-20,1065.0,1082.4000244140625,1057.4000244140625,1060.699951171875,820217,0.0,-0.021810324108028856,0.23256312382271707,-0.022078070877993444,807786.6,859.0301424513568,0.012553006282096657,1.0098308209197244,-0.09378237964687418,43.67114414159214
2023-07-21,1049.949951171875,1049.949951171875,993.5499877929688,1000.9000244140624,3300062,0.0,-0.05637779721941616,0.3032781917916117,-0.027973772631757612,938876.0,860.4417830679012,-0.05855241364858943,1.067102088171864,-0.18589465674211045,36.34390022196597
2023-07-24,1005.0,1082.0,961.0,1056.800048828125,5088736,0.0,0.0558497582681019,0.3649498549301161,-0.027973772631757612,1149924.65,862.3955966575552,-0.03103651476478253,1.010157986791734,0.15303405655129237,49.376093713339976
2023-07-25,1078.3499755859375,1107.0,1038.8499755859375,1056.5999755859375,5582911,0.0,-0.00018931986463222028,0.36452513850786544,-0.027973772631757612,1388600.1,864.3279785374397,-0.009839752825628656,1.0094619860029275,-0.0005193602290738393,50.16046205811107
2023-07-26,1090.0,1090.0,1060.0,1064.050048828125,1085934,0.0,0.007050987520661245,0.3644097396556795,-0.027973772631757612,1411064.65,866.3152628189391,-0.018720825577409395,1.001543594833732,0.019349063869239295,46.24438554887806
2023-07-27,1064.949951171875,1095.0,1060.0,1084.8499755859375,1132793,0.0,0.019547883843170855,0.3702490658274533,-0.027973772631757612,1418590.1,868.4897375728397,0.022768007472218077,0.9818846234386482,0.0527965770055851,50.89829393025869
2023-07-28,1084.8499755859375,1097.0,1066.3499755859375,1071.5,865723,0.0,-0.012305826507233886,0.37036209323826413,-0.027973772631757612,1431086.05,870.5097401840552,0.07053649102193549,0.9932641225611002,-0.03322647322616917,51.777326096152905
2023-07-31,1077.0,1089.6500244140625,1065.5,1082.75,587693,0.0,0.010499300046663551,0.3720924252894133,-0.02288658400243043,1423890.35,872.6215835653085,0.024555213827488487,0.983239444511588,0.02821691346263786,54.67898474646885
2023-08-01,1088.4000244140625,1116.0,1079.75,1092.4000244140625,1803367,0.0,0.00891251388969061,0.3705249711418962,-0.02288658400243043,1486099.8,874.8084337230076,0.03388231086061877,0.9760023672074718,0.024053746287831197,54.641554118564514
2023-08-02,1092.4000244140625,1123.6500244140625,1081.5999755859375,1099.699951171875,1881642,0.0,0.006682466673989751,0.36663446813006967,-0.02288658400243043,1560519.6,877.0461602647874,0.033503971343276984,0.9715286496161173,0.01822650915994604,58.89171392648818
2023-08-03,1108.0,1109.0,1075.050048828125,1081.199951171875,708017,0.0,-0.01682277059327486,0.3717510071924139,-0.02288658400243043,1554558.1,879.0775412688381,-0.0033645430208827376,0.9879416891813317,-0.04525278967714995,53.04742953254718
2023-08-04,1090.0999755859375,1152.0,1090.0,1146.25,3232540,0.0,0.06016467976863993,0.4145027502231674,-0.02288658400243043,1697906.55,881.7359736940239,0.06976201586560893,0.9347917163645039,0.14514904493337366,58.33083056926071
2023-08-07,1155.5,1184.4000244140625,1140.0,1151.0,1749988,0.0,0.004143947655397939,0.41328650861655253,-0.02288658400243043,1767455.45,884.4152177368694,0.0630339413530363,0.9348479614788091,0.010026815462719451,63.32169224071596
2023-08-08,1157.0999755859375,1161.949951171875,1141.300048828125,1147.0999755859375,823381,0.0,-0.0033883791607840497,0.40738570137047,-0.02288658400243043,1725844.55,887.0289964219348,0.05007318743078093,0.9420669725572183,-0.008317373600034568,60.40457464270431
2023-08-09,1145.0,1161.199951171875,1133.5999755859375,1139.4000244140625,937273,0.0,-0.006712537124710427,0.40757484772429353,-0.02288658400243043,1752667.95,889.5401509293192,0.03610082295619077,0.951728959772187,-0.016469458303169336,63.778025173522465
2023-08-10,1139.0,1144.6500244140625,1115.5999755859375,1120.6500244140625,627851,0.0,-0.016456029136599493,0.41307385375687167,-0.02288658400243043,1751285.8,891.8397516605107,0.03648730579337234,0.9709141793381855,-0.039837981969939484,74.48374072409375
2023-08-11,1125.699951171875,1166.199951171875,1125.0,1142.1500244140625,1141520,0.0,0.019185293830909833,0.41105775603829586,-0.02288658400243043,1755165.5,894.3304011406457,-0.0035768598350599534,0.9560959378690285,0.046672987146829506,70.30691541127578
2023-08-14,1142.949951171875,1145.300048828125,1107.1500244140625,1127.0,683774,2.65,-0.013264478475001229,0.41360368924148533,-0.02288658400243043,1694128.5,896.645521527306,-0.020851433536055564,0.9705612223235083,-0.03207050251080243,65.63750152505025
2023-08-16,1126.0,1150.0,1114.300048828125,1135.550048828125,628546,0.0,0.007586556191770288,0.40569870986721235,-0.02288658400243043,1671052.6,899.022681002936,-0.010068805687065585,0.9662674070183414,0.01869997567222646,65.80460107204418
2023-08-17,1140.0,1163.5999755859375,1138.800048828125,1154.199951171875,806270,0.0,0.016423672706453063,0.39888618718546165,-0.02288658400243043,1674411.9,901.5617583180498,0.012989228050458657,0.9536800784668256,0.041173830587115795,65.47645571818632
2023-08-18,1155.4000244140625,1164.9000244140625,1145.949951171875,1152.6500244140625,607371,0.0,-0.0013428581037789877,0.3967868549384041,-0.02288658400243043,1663769.6,904.0601490254728,0.028554855934377343,0.95895109551921,-0.0033843310412693443,69.11662447396523
2023-08-21,1157.949951171875,1158.4000244140625,1126.0,1131.4000244140625,841533,0.0,-0.018435778033147776,0.3942700867563259,-0.02288658400243043,1540843.15,906.3222373377971,-0.009412073519426523,0.9827293438834133,-0.04675926017422974,60.94489335530885
2023-08-22,1139.0,1148.0,1127.199951171875,1132.550048828125,597113,0.0,0.001016461365782595,0.32949059473708825,-0.02288658400243043,1316262.0,908.573260337701,0.004924621852817168,0.985075674860016,0.003084947950469374,59.391823901058004
2023-08-23,1135.5,1202.0,1135.5,1177.3499755859375,2494389,0.0,0.039556686085677084,0.3021985896183209,-0.02288658400243043,1161835.9,911.2476555143004,0.03681029013291792,0.9527201145979343,0.13089632491890257,65.45274864820536
2023-08-24,1185.8499755859375,1196.1500244140625,1166.9000244140625,1173.25,806837,0.0,-0.003482376244070551,0.30316964347058006,-0.02288658400243043,1147881.05,913.8546440166457,0.016504981488504766,0.960703175981848,-0.011486559436953953,69.43215232506834
2023-08-25,1173.0,1173.0,1143.300048828125,1147.550048828125,743352,0.0,-0.02190492322341786,0.3171754504366727,-0.022976453162049982,1128409.0,916.1799714277053,-0.004424565547144321,0.9849505091625864,-0.069062477889242,50.329126656776516
2023-08-28,1153.1500244140625,1158.199951171875,1133.0,1151.0999755859375,565953,0.0,0.003093483165669042,0.31195429148683884,-0.022976453162049982,1113420.5,918.5174839068917,0.017412012327008064,0.9853705392398638,0.00991646260662174,50.025465004459825
2023-08-29,1154.6500244140625,1166.0,1148.5,1155.5999755859375,380847,0.0,0.003909304226776156,0.3069421079109229,-0.022976453162049982,1103078.2,920.8765136748424,0.020352236778995225,0.9846854677064546,0.012736291302683549,52.15845977883506
2023-08-30,1163.300048828125,1165.0,1151.5,1155.6500244140625,452111,0.0,4.330982103017966e-05,0.30619392190341516,-0.022976453162049982,1035515.4,923.2125685080684,-0.01843118157035295,0.9873793781295932,0.0001414457195834997,54.29326837812506
2023-08-31,1159.199951171875,1181.949951171875,1155.6500244140625,1175.9000244140625,600600,0.0,0.017522605955265114,0.3096225784291299,-0.022976453162049982,971463.3,925.7268715519092,0.0022587039540273857,0.9736159387138322,0.05659343539554414,64.48232517272028
2023-09-01,1182.0,1219.300048828125,1170.0,1200.699951171875,1370201,0.0,0.02109016603700642,0.3153460316381218,-0.022976453162049982,1004572.5,928.4629220953914,0.046315977588974544,0.9584825959060744,0.06687943798961216,65.08632371511666
2023-09-04,1201.1500244140625,1211.4000244140625,1175.050048828125,1178.300048828125,592639,0.0,-0.018655703551822334,0.3169584685295671,-0.022976453162049982,872577.45,930.9488636549212,0.023629635843178676,0.9780637026121574,-0.0588585092860422,62.74221575871274
2023-09-05,1184.1500244140625,1184.1500244140625,1162.4000244140625,1165.949951171875,827361,0.0,-0.01048128417590477,0.2467401084598283,-0.022976453162049982,826446.1,933.287182933697,0.00895636535531219,0.9890647578349785,-0.04247904330001052,57.41100928364437
2023-09-06,1170.699951171875,1179.9000244140625,1160.0,1167.449951171875,479574,0.0,0.0012865046209680209,0.24646895996493676,-0.022976453162049982,809255.75,935.6171607271117,0.010210640339661126,0.9886655130048361,0.005219742757682811,53.524879091172856
2023-09-07,1167.449951171875,1176.199951171875,1158.949951171875,1164.5,573192,0.0,-0.0025268330937132655,0.24630294162402783,-0.021815054063798307,791051.7,937.8946019139066,-0.009694722491176866,0.9922477489584451,-0.010259045119241531,53.12912390916129
2023-09-08,1169.050048828125,1178.4000244140625,1161.0,1164.5,463159,0.0,0.0,0.24480563897242383,-0.021603555114228446,782817.1,940.1493819943653,-0.030149040263176552,0.9941305302201856,0.0,59.845338577812925
2023-09-11,1170.550048828125,1190.0,1162.0,1166.8499755859375,619542,0.0,0.0020180125254938286,0.23628068937835642,-0.021603555114228446,756718.2,942.405109293784,-0.009717451215906503,0.9931868057142947,0.00854074213764868,60.12994414969047
2023-09-12,1174.5,1191.0,1130.0,1144.449951171875,754731,0.0,-0.019197004655902128,0.23856687184198777,-0.021603555114228446,760266.05,944.415505730382,-0.018439899567207596,1.013388568343272,-0.08046802015301126,38.80188096215391
2023-09-13,1145.1500244140625,1154.949951171875,1112.1500244140625,1137.449951171875,507021,0.0,-0.0061164754237021945,0.2347369832369067,-0.021603555114228446,754189.8,946.3362464810438,-0.025697033067572872,1.0197085959525607,-0.026056717091579952,38.05070239932887
2023-09-14,1146.3499755859375,1176.0,1140.0999755859375,1169.199951171875,598321,0.0,0.027913316069238192,0.2523242277099731,-0.021603555114228446,743792.35,948.55379578145,0.004036025050987657,0.9926595459677434,0.11062479103304518,56.94575634687117
2023-09-15,1177.5,1182.949951171875,1164.0,1169.6500244140625,531104,0.0,0.00038494120850440794,0.24642858628525666,-0.021603555114228446,739979.0,950.7537582554065,0.0044225198918528275,0.9930042905420531,0.0015620801088312584,56.07202902491762
2023-09-18,1169.5999755859375,1169.5999755859375,1135.050048828125,1140.550048828125,396231,0.0,-0.024879215986435943,0.26194317555700036,-0.021815054063798307,717713.9,952.6422785596127,-0.022539252952896494,1.0187409093448565,-0.09497943584038028,45.75699775649549
2023-09-20,1140.550048828125,1153.1500244140625,1123.0,1128.800048828125,374334,0.0,-0.010302046816860644,0.2563316315516776,-0.021815054063798307,706574.95,954.3950921941253,-0.01367460615269811,1.029179166941527,-0.04019030485077164,42.898707720619555
2023-09-21,1118.0,1125.0999755859375,1065.5,1077.5999755859375,1334931,0.0,-0.045357965119988575,0.3005680626267934,-0.022053637861568765,648602.05,955.6210114318548,-0.05261767827610886,1.0734502784927307,-0.1509074624047253,27.659079794188543
2023-09-22,1084.4000244140625,1091.300048828125,1045.0,1073.75,1024376,0.0,-0.00357273169372907,0.2593937531420749,-0.022053637861568765,659479.0,956.7964242534283,-0.08163697841092676,1.0726658848861321,-0.013773390888246672,18.111047455154306
2023-09-25,1078.9000244140625,1083.3499755859375,1046.0,1051.199951171875,504621,0.0,-0.021001209618742744,0.2657628352514164,-0.022053637861568765,647542.45,957.7357628297314,-0.10126967107235785,1.0910935524065108,-0.07902236898041645,18.097396313409376
2023-09-26,1049.050048828125,1093.0,1038.0,1086.5999755859375,1243039,0.0,0.03367582387594159,0.2900664225515287,-0.022053637861568765,681396.75,959.0179938024299,-0.047301802579921226,1.0525791594988085,0.11609693538034349,32.14849671694452
2023-09-27,1089.0,1134.0,1077.050048828125,1128.300048828125,1051809,0.0,0.03837665578788663,0.3224805297924838,-0.022053637861568765,714944.85,960.7023923598996,-0.00044294824448232184,1.012467821713087,0.11900456322909284,42.541460596695266
2023-09-28,1135.25,1156.5999755859375,1126.0,1142.4000244140625,1537776,0.0,0.012496654237126092,0.3254045436138785,-0.022053637861568765,769228.1,962.5103289972544,0.060133676963838534,0.9993916038835542,0.03840343995909316,45.96126499154206
2023-09-29,1142.4000244140625,1174.0,1140.199951171875,1152.300048828125,1058596,0.0,0.008665987572208156,0.32690226076421025,-0.022053637861568765,792127.9,964.3987839209448,0.07315487667345755,0.9897812597130272,0.026509413813337514,47.848334955965896
2023-10-03,1152.4000244140625,1153.0999755859375,1118.3499755859375,1130.0,806736,0.0,-0.019352640703958923,0.32704557409171947,-0.022053637861568765,763954.65,966.0465572152638,0.07496199818148663,1.00618583746716,-0.05917413854617741,43.928169852192156
2023-10-04,1129.0,1145.0,1103.25,1139.3499755859375,879446,0.0,0.008274314677820804,0.3187036198202584,-0.022053637861568765,778295.0,967.7709693383551,0.048545924153509334,0.9962193505047112,0.02596241116703732,49.12190581832771
2023-10-05,1150.0,1171.9000244140625,1133.75,1157.300048828125,1081653,0.0,0.01575466154107419,0.31874797784797065,-0.022053637861568765,791009.6,969.6568308258156,0.02570238300540706,0.9803939770913281,0.049426701161133284,53.293524969752326
2023-10-06,1163.800048828125,1163.800048828125,1140.0,1146.800048828125,399131,0.0,-0.009072841576937885,0.3182383220254552,-0.022053637861568765,786987.45,971.4194499104158,0.003851561904788303,0.9884700507292179,-0.028509581228612545,46.001450350103795
2023-10-09,1135.0,1147.0,1110.0,1133.199951171875,538664,0.0,-0.011859170803269037,0.3205081308006802,-0.022053637861568765,785261.05,973.0292061418731,-0.016575628609644344,0.9989521256415101,-0.03700115314900566,43.78516149259177
2023-10-10,1135.949951171875,1175.0,1131.0,1165.050048828125,1224492,0.0,0.028106335182341624,0.33612417347422807,-0.022053637861568765,823327.7,974.9398612929803,0.031017742325774256,0.9716664134558664,0.08361890207312811,54.13850666103176
2023-10-11,1176.0,1233.9000244140625,1174.3499755859375,1223.699951171875,2853670,0.0,0.05034110114217283,0.37827347937212097,-0.022053637861568765,935034.1,977.4150860678947,0.07403342027769688,0.9274189315231107,0.13308122973600858,63.83782357203374
2023-10-12,1231.949951171875,1238.0,1203.5,1211.050048828125,882743,0.0,-0.010337421629898591,0.38093862860942757,-0.022053637861568765,941434.7,979.7398120655089,0.04644430807241995,0.9398558773065648,-0.027136710698694555,71.92376814458957
2023-10-13,1199.0,1205.0,1190.0999755859375,1201.199951171875,570022,0.0,-0.00813351823550268,0.37504777280036095,-0.022053637861568765,944584.75,981.9433955392041,0.04743625743593172,0.9502164939234143,-0.021686618635023833,70.53323837771028
2023-10-16,1180.0,1236.0,1179.0,1229.1500244140625,1058192,0.0,0.02326846018843054,0.3802485613576067,-0.022053637861568765,967578.3,984.4031629906951,0.08467179436688355,0.9310478680673345,0.06119276163314654,78.17891791523793
2023-10-17,1230.0,1235.699951171875,1196.0999755859375,1198.699951171875,926161,0.0,-0.024773276359574603,0.38224486018764176,-0.02477857334091767,987331.15,986.5354693407567,0.028882795531056438,0.9559106138139973,-0.06480996421852188,68.03407749332526
2023-10-18,1202.0,1213.949951171875,1175.0,1204.8499755859375,920040,0.0,0.005130578680720088,0.3824298306911956,-0.022048340880225697,1013521.6,988.7077529849873,-0.015404082976293254,0.9536996520106977,0.013415738352026058,63.905508579816605
2023-10-19,1182.800048828125,1216.800048828125,1180.0999755859375,1213.25,512074,0.0,0.006971842622960134,0.37027334033964127,-0.022048340880225697,1020408.6,990.9420041990671,0.0018165650329677874,0.9505769627034824,0.018828907391161314,63.1422493634209
2023-10-20,1212.0,1216.800048828125,1190.0,1195.4000244140625,419527,0.0,-0.014712528815938541,0.37260834042616675,-0.022048340880225697,974638.4,992.9764123604103,-0.004828444050596348,0.9696984095425202,-0.039485236439578575,57.76575108939345
2023-10-23,1197.0999755859375,1202.25,1139.050048828125,1151.9000244140625,510509,0.0,-0.0363894923135224,0.3589905347185518,-0.02477857334091767,948945.05,994.557741833581,-0.06284830855926249,1.0097100260534644,-0.1013661581032774,53.66588567024036
2023-10-25,1163.0,1178.1500244140625,1138.699951171875,1147.8499755859375,824513,0.0,-0.0035159725169596756,0.3589766541074743,-0.02477857334091767,964939.65,996.0830376918134,-0.042420937396573266,1.017482710914927,-0.009794431974294089,51.44853247090732
2023-10-26,1135.75,1135.75,1091.199951171875,1120.3499755859375,960493,0.0,-0.023957834721355598,0.3616476495283003,-0.02477857334091767,950812.35,997.3195246360335,-0.07013321302422426,1.0439639669480199,-0.06624634251084047,43.90162821344376
2023-10-27,1130.949951171875,1172.4000244140625,1110.0,1128.5,1093767,0.0,0.007274534379134501,0.34486678623121936,-0.02477857334091767,952910.25,998.6248029978641,-0.06985369874304559,1.0364333207278744,0.02109375114865282,46.95608314178698
2023-10-30,1135.050048828125,1213.449951171875,1128.0,1185.4000244140625,3037769,0.0,0.05042093435007744,0.3629142107535388,-0.02477857334091767,1027909.9,1000.4832629124531,-0.008365400531844203,0.9884975352692472,0.13893347647106713,57.58942022643931
2023-10-31,1200.0,1254.699951171875,1200.0,1217.550048828125,4684035,0.0,0.027121666738579853,0.37137692293103247,-0.02477857334091767,1209181.85,1002.6431314290271,0.05699281450007487,0.9650753195503987,0.07303002511363987,57.626375660679294
2023-11-01,1224.0,1232.0,1204.0,1213.8499755859375,1169151,0.0,-0.0030389496068344846,0.3714580283194667,-0.02477857334091767,1227302.6,1004.7446920674043,0.05749880333125357,0.9714709601171939,-0.008181138361100381,48.297327009434646
2023-11-02,1231.800048828125,1279.0,1215.0,1221.0999755859375,2217527,0.0,0.005972731511981522,0.3627376944544035,-0.02477857334091767,1294206.65,1006.897480958136,0.08992725683535463,0.9690504666932781,0.016465703561103887,51.77028539533372
2023-11-03,1231.0,1266.25,1230.0,1241.5,1375775,0.0,0.016706268792015644,0.3651735381754823,-0.02477857334091767,1308912.75,1009.2318343814381,0.1001329198050509,0.9565183236240812,0.045748847022149396,56.84442853207587
2023-11-06,1250.0999755859375,1263.949951171875,1247.5,1253.3499755859375,579178,0.0,0.009544885691451954,0.36335827937099036,-0.02477857334091767,1317915.1,1011.6608706123287,0.05732238043901039,0.951725390635234,0.02626852330237218,54.34781271006755
2023-11-07,1256.949951171875,1304.9000244140625,1251.1500244140625,1271.949951171875,1710983,0.0,0.014840208998481819,0.36191543235878865,-0.02477857334091767,1376531.05,1014.2508117124238,0.044679807943919236,0.9432623461416872,0.04100463053402906,63.745533144684494
2023-11-08,1283.949951171875,1340.0,1281.050048828125,1327.75,1411757,0.0,0.04386968903667565,0.37987962412633713,-0.02477857334091767,1385894.3,1017.3702066207579,0.09383369172873435,0.9097476879501271,0.11548312964333815,69.44004093479326
2023-11-09,1329.5999755859375,1343.0,1309.0,1314.699951171875,808102,0.0,-0.009828694278384509,0.3771029867273232,-0.02477857334091767,1283615.9,1020.3287115416646,0.07665218037615973,0.9222389425016958,-0.026063686482691816,65.81447759446073
2023-11-10,1314.550048828125,1377.3499755859375,1310.0,1369.199951171875,1439812,0.0,0.041454325720040375,0.3650103859207504,-0.02477857334091767,1311469.35,1023.8000671598758,0.10285940489075718,0.8913051645586684,0.11357026041811909,74.31446501881098
2023-11-13,1415.0,1419.0,1375.1500244140625,1393.5,840457,0.0,0.017747626128183036,0.3625031005648397,-0.02477857334091767,1324991.1,1027.4786734567924,0.11182034319547718,0.882662353953624,0.04895854852260248,85.71847259274689
2023-11-15,1413.8499755859375,1424.0,1374.0,1393.0999755859375,1329901,0.0,-0.0002870645239055891,0.3593947762483669,-0.02477857334091767,1338576.55,1031.11669636355,0.09524747754614427,0.8888001647349018,-0.0007987442636610969,86.65368180984947
2023-11-16,1389.5,1494.0,1380.0999755859375,1479.949951171875,2299977,0.0,0.062342959664045905,0.4039626285868984,-0.02477857334091767,1407267.35,1035.5826988989563,0.11462997640510264,0.8461434704608722,0.15432852870287161,95.64606881807738
2023-11-17,1479.949951171875,1549.0,1465.0999755859375,1536.6500244140625,2530940,0.0,0.038312155892360034,0.3961780960614341,-0.02477857334091767,1487812.35,1040.5684434314448,0.16882184641776954,0.8257182638045343,0.09670437438665297,96.1238254454432
2023-11-20,1539.0999755859375,1640.0,1492.5,1624.0,3968239,0.0,0.05684441753042946,0.42408702823737954,-0.02477857334091767,1660620.6,1046.3737325515299,0.18609411182789337,0.7939516565482605,0.13403950700000225,96.37341152888044
2023-11-21,1624.0,1624.0,1492.199951171875,1505.800048828125,4639119,0.0,-0.07278322116494762,0.5211681167599271,-0.025454729802790264,1871600.2,1050.9451386836354,0.08058848139800867,0.8665808534609908,-0.1396540145642382,75.78494490252805
2023-11-22,1485.800048828125,1489.75,1417.6500244140625,1445.800048828125,4220073,0.0,-0.03984592778217433,0.5434974314248365,-0.036562314086955,2057078.4,1054.8740432621876,0.0378293547956039,0.9127074616890214,-0.07331391970809278,68.85006314739906
2023-11-23,1450.0,1479.8499755859375,1420.0999755859375,1446.449951171875,2311047,0.0,0.0004495105282897871,0.5185822075921412,-0.036562314086955,2131405.1,1058.7703209528313,-0.02263590060831011,0.9226191963115514,0.000866806676050203,68.51227851432716
2023-11-24,1454.0,1482.8499755859375,1436.0999755859375,1468.75,1609569,0.0,0.015417089827448383,0.5158554836306144,-0.036562314086955,2163858.9,1062.8497207443454,-0.04418704541390506,0.920471484375,0.029886450794469985,68.6102679251332
2023-11-28,1482.8499755859375,1507.4000244140625,1477.449951171875,1489.800048828125,1138990,0.0,0.014331948138297967,0.4987004625745785,-0.036562314086955,2166120.05,1067.0979827153283,-0.08263543791371608,0.9195915224964812,0.028738589446904297,69.07624255553984
2023-11-29,1490.5,1510.949951171875,1462.4000244140625,1492.5999755859375,1052656,0.0,0.0018793976815982827,0.49998438029573733,-0.036562314086955,2066864.4,1071.3318333906577,-0.008766152752126888,0.928157252670421,0.003758912714228202,68.2672404556885
2023-11-30,1487.050048828125,1504.5,1470.300048828125,1499.300048828125,1277831,0.0,0.004488860613546031,0.4827062249913625,-0.036562314086955,1896554.2,1075.5902235940157,0.03700373370672083,0.9334055539914216,0.009299363232021136,65.45913476175694
2023-12-01,1506.949951171875,1508.199951171875,1476.0,1483.050048828125,655282,0.0,-0.010838390896272698,0.4853218853118092,-0.036562314086955,1870860.75,1079.6445502132606,0.02530339720817687,0.9527089105686934,-0.022332375689148042,65.08378126904043
2023-12-04,1500.0,1513.949951171875,1445.5999755859375,1497.25,1382705,0.0,0.009574829374838334,0.48305134264602484,-0.036562314086955,1829119.65,1083.7998283205914,0.01940425531914891,0.9528953064341917,0.019821555870592235,62.36601145857075
2023-12-05,1501.9000244140625,1506.0,1472.0,1478.1500244140625,909831,0.0,-0.012756704348597436,0.48956920124426706,-0.036562314086955,1805822.45,1087.723710868785,-0.007819857720656187,0.9732131211441403,-0.026056998797321367,58.2577344988032
2023-12-06,1487.9000244140625,1487.9000244140625,1456.1500244140625,1462.199951171875,816079,0.0,-0.010790564542668912,0.4937837116410785,-0.036562314086955,1817667.5,1091.4498426130945,-0.020367161269802758,0.9909708288509378,-0.02185281545290057,56.542319505975286
2023-12-07,1470.5999755859375,1500.0,1455.0,1458.949951171875,949044,0.0,-0.0022226782304262116,0.49508605454114024,-0.036562314086955,1779570.55,1095.1065601111918,-0.026912623452382434,0.9995870635501941,-0.00448947847580047,47.63779526058652
2023-12-08,1467.949951171875,1484.5,1467.4000244140625,1478.5999755859375,585545,0.0,0.013468607609383065,0.4948603871343284,-0.036562314086955,1738259.95,1098.9224149915376,-0.003000622430580746,0.9914040447329169,0.02721698419873161,42.8764196950791
2023-12-11,1487.0,1491.300048828125,1461.0,1463.25,459643,0.0,-0.010381425564310987,0.4803120329489185,-0.036562314086955,1720837.0,1102.5475650911242,-0.022708298547336803,1.0068802315252328,-0.02161391894438728,26.039644735177305
2023-12-12,1474.9000244140625,1475.0,1427.1500244140625,1432.6500244140625,794787,0.0,-0.0209123359548522,0.48614458685712175,-0.036562314086955,1688585.75,1105.832166676427,-0.030781719885324965,1.0306006193279993,-0.04301669933194455,35.24308418029686
2023-12-13,1452.5,1506.9000244140625,1445.6500244140625,1474.949951171875,2930070,0.0,0.029525652488026743,0.4763924152556627,-0.036562314086955,1793066.4,1109.5049804525013,0.008719737673210437,1.0038052469669672,0.06197758596220623,56.33280785461296
2023-12-14,1497.1500244140625,1503.9000244140625,1476.0,1482.949951171875,1267288,0.0,0.005423912854564117,0.47381046211229627,-0.036562314086955,1789935.75,1113.220850807918,0.01645018732871706,1.0014195001023187,0.011447431354532436,57.684210492312474
2023-12-15,1493.5,1549.9000244140625,1468.699951171875,1518.5999755859375,3236009,0.0,0.024039937683595358,0.47889697375114276,-0.036562314086955,1836737.35,1117.2544739400375,0.02705261778740997,0.97918314493997,0.05019855730828247,59.93621292999453
2023-12-18,1518.5999755859375,1518.5999755859375,1486.4000244140625,1493.5,1051979,0.0,-0.01652836559295534,0.4348855309040704,-0.036562314086955,1762789.3,1120.9982105177485,0.02067315906372791,0.9941948435080662,-0.03800624311076202,50.72576548594617
2023-12-19,1498.75,1520.0,1490.199951171875,1501.25,750604,0.0,0.005189152996317281,0.4134918800902975,-0.036562314086955,1601907.55,1124.7818104130943,0.04788327534074077,0.984974187363395,0.012549588324898185,51.664426608064346
2023-12-20,1510.5,1544.9000244140625,1453.699951171875,1467.3499755859375,1620470,0.0,-0.02258119861053287,0.36240243054390037,-0.02535408715727199,1450975.1,1128.1904488725256,-0.005152700659367571,1.0064197496766158,-0.06230973107312022,44.43475326270306
2023-12-21,1465.0,1525.1500244140625,1426.0999755859375,1516.4000244140625,1600844,0.0,0.03342764142449273,0.2900272669549862,-0.02535408715727199,1320013.65,1132.05323071871,0.022556441109663927,0.9761935967183019,0.1152568881639394,55.21337782975373
2023-12-22,1526.3499755859375,1545.9000244140625,1511.4000244140625,1539.3499755859375,1501194,0.0,0.015134496704286793,0.2539679770428974,-0.02535408715727199,1279521.0,1136.105934647737,0.013663901181082183,0.9646571726172658,0.05959214340557987,56.405961435774756
2023-12-26,1547.300048828125,1558.0,1511.0,1527.699951171875,754780,0.0,-0.007568145385280611,0.25653254776039375,-0.02535408715727199,1236781.55,1140.0023925235992,0.022899197302895802,0.9739428816073745,-0.02950169542358597,57.71445163154133
2023-12-27,1541.0,1541.0,1496.1500244140625,1517.8499755859375,1347454,0.0,-0.006447585193926186,0.25407684214194154,-0.02535408715727199,1247204.75,1143.7620699670056,0.01105743586074115,0.9811872141308021,-0.0253765155683061,58.83193734117462
2023-12-28,1527.800048828125,1532.0,1502.0,1505.9000244140625,676529,0.0,-0.00787294618314427,0.25178737229683795,-0.02535408715727199,1228398.4,1147.3654326978221,0.02627188432857075,0.9894149460783849,-0.03126823159812937,57.250979271732945
2023-12-29,1505.9000244140625,1525.5,1492.0,1513.8499755859375,786524,0.0,0.005279202498830182,0.2522747248681826,-0.02535408715727199,1203833.05,1151.012045064868,-0.0016816465227309507,0.9846996147791965,0.02092640193077062,55.64813682217908
2024-01-01,1513.8499755859375,1515.9000244140625,1488.25,1490.5,813082,0.0,-0.015424233551874833,0.25796563322004296,-0.02535408715727199,1211723.05,1154.3900346662128,-0.031734158158116865,1.0003757030201694,-0.059791813201721854,54.25714989494949
2024-01-02,1498.449951171875,1498.5,1458.5999755859375,1467.8499755859375,912412,0.0,-0.01519625925129986,0.26066714340485103,-0.02535408715727199,1188208.4,1157.5090390534738,-0.03917652516780379,1.014810783735745,-0.05829756090403163,55.639212998592924
2024-01-03,1472.9000244140625,1488.699951171875,1455.0999755859375,1462.699951171875,645767,0.0,-0.0035085495791262744,0.2583118390661079,-0.02535408715727199,1175005.2,1160.5457645471893,-0.03633430530100501,1.0178556984813942,-0.013582611838407602,47.77232182047109
2024-01-04,1460.0,1485.0,1459.0,1472.4000244140625,702692,0.0,0.00663162204553025,0.2558999985668185,-0.02535408715727199,1169335.85,1163.648792008551,-0.022245832695988343,1.0114965087178216,0.025914895754286994,48.093272011304144
2024-01-05,1479.0,1509.0,1470.9000244140625,1506.550048828125,920923,0.0,0.023193441896099065,0.26487042752511997,-0.02535408715727199,1167929.8,1167.060744812726,-0.004822093916530323,0.9901479809276841,0.08756523420587256,47.810298778395186
2024-01-08,1514.25,1519.300048828125,1491.5999755859375,1506.0999755859375,474520,0.0,-0.0002987443016164715,0.264608339722625,-0.02535408715727199,1162378.55,1170.4342694970367,0.010466270101266328,0.9913568243919523,-0.0011290055734432772,52.51496393190557
2024-01-09,1518.0,1527.0,1506.5,1517.5999755859375,527738,0.0,0.007635615288769992,0.26208439950666873,-0.02535408715727199,1165783.3,1173.8886546322497,0.03389310953262825,0.9856352213075439,0.02913418353706272,53.21533285880056
2024-01-10,1523.8499755859375,1542.4000244140625,1518.0,1532.9000244140625,867995,0.0,0.010081740296693065,0.2601028096710621,-0.02535408715727199,1169443.7,1177.4609070678896,0.04799348847037632,0.9790674302889656,0.038760595942185075,63.90834031446868
2024-01-11,1540.0,1545.699951171875,1523.050048828125,1540.949951171875,971670,0.0,0.005251436251290764,0.24603750539050237,-0.02535408715727199,1071523.7,1181.0777134768844,0.04655659170142412,0.9760943154896811,0.021344046833491483,56.30617095324177
2024-01-12,1549.0,1562.0,1542.0,1550.300048828125,1117378,0.0,0.006067749084997409,0.227609515699799,-0.02535408715727199,1064028.2,1184.7515675599814,0.029039858339940938,0.9723795040936033,0.026658590260410914,53.02404384358819
2024-01-15,1562.0,1584.0,1525.0999755859375,1538.800048828125,971076,0.0,-0.007417918878795726,0.22984785993865903,-0.024579417600963938,950781.55,1188.274438020361,0.02171175471234288,0.980302799890527,-0.032273167816501386,53.068017832870666
2024-01-16,1540.0,1558.0,1525.550048828125,1546.300048828125,658975,0.0,0.004873927581241944,0.21569926553460914,-0.024579417600963938,931131.35,1191.8368819089956,0.018911487680478123,0.9772553521708274,0.022595938577734898,57.966968873993096
2024-01-17,1529.949951171875,1554.300048828125,1505.0,1541.300048828125,699537,0.0,-0.003233525087054878,0.2068619721230717,-0.024579417600963938,928578.0,1195.314127350977,0.005479825350823697,0.9817248123564012,-0.01563131636789164,60.31467917162046
2024-01-18,1529.0,1548.4000244140625,1486.9000244140625,1532.0999755859375,535425,0.0,-0.0059690345492317,0.20801823762276686,-0.024579417600963938,874325.75,1198.6652303184892,-0.005743194695718157,0.9897330627139926,-0.028694764125002707,55.279133282439474
2024-01-19,1540.5,1552.5,1523.949951171875,1547.800048828125,451502,0.0,0.010247420855276301,0.19145290713891203,-0.022650030416074007,816858.65,1202.1392086121175,-0.0016125910606077376,0.9807080724610866,0.053524495778986256,67.34258360003469
2024-01-23,1530.0,1560.199951171875,1478.3499755859375,1501.5,1188474,0.0,-0.02991345611029006,0.18871736893359783,-0.02425561579080232,801222.65,1205.1179229542856,-0.02423969823534311,1.009688647127612,-0.15850928133553308,58.909171722443276
2024-01-24,1501.5,1514.449951171875,1485.1500244140625,1506.550048828125,362720,0.0,0.00336333588286708,0.1807433556136982,-0.02294781148552073,781619.65,1208.1172475898463,-0.025706524442086653,1.005602176790185,0.018608350416886226,61.615889813854714
2024-01-25,1500.0999755859375,1504.550048828125,1392.3499755859375,1415.449951171875,3520645,0.0,-0.06046934698725248,0.27396326827834877,-0.03041007969388427,890279.2,1210.180259565787,-0.08165191310539166,1.0667067430213069,-0.220720628572035,39.45956593150999
2024-01-29,1415.449951171875,1454.9000244140625,1326.550048828125,1407.1500244140625,3991414,0.0,-0.005863808007440241,0.27389110522333954,-0.03041007969388427,1056023.45,1212.1401577234815,-0.08155469823311567,1.0694897354323487,-0.02140926697333247,29.656190006634603
2024-01-30,1418.25,1486.0,1366.199951171875,1457.25,4649069,0.0,0.035603862215614956,0.30472627115272477,-0.03041007969388427,1249150.7,1214.5790616267304,-0.05850242019095586,1.0307788701629246,0.11683883018206354,41.69077683984022
2024-01-31,1499.0,1559.9000244140625,1464.0999755859375,1550.800048828125,3760276,0.0,0.06419629358594947,0.3800076570902113,-0.03041007969388427,1396510.4,1217.9245440864458,0.03283386535339661,0.9705425996882595,0.16893420618987065,54.41489903645472
2024-02-01,1550.800048828125,1550.800048828125,1516.4000244140625,1524.6500244140625,799018,0.0,-0.01686227984956734,0.3808426235332252,-0.03041007969388427,1390840.7,1220.9765389155764,0.012014188045074592,0.9890515785793246,-0.044276240013176614,48.93369615512111
2024-02-02,1540.0,1597.0,1538.050048828125,1577.0999755859375,1741817,0.0,0.034401305435345364,0.39227013573056474,-0.03041007969388427,1445643.2,1224.5200556983661,0.11420398459177572,0.9597853896903797,0.08769799539874823,54.19130360165825
2024-02-05,1589.9000244140625,1623.0,1572.699951171875,1594.3499755859375,1490086,0.0,0.010937797392071458,0.39211040809774295,-0.03041007969388427,1485012.9,1228.19995539874,0.1330348206829084,0.9532254746317544,0.027894687024982205,55.01535917861837
2024-02-06,1609.9000244140625,1685.0,1600.0999755859375,1674.949951171875,2360284,0.0,0.0505535025685413,0.4235175951459531,-0.03041007969388427,1556980.95,1232.6452289885226,0.1493909426466804,0.9123824901484492,0.11936576414838646,63.3939829577904
2024-02-07,1695.0,1695.0,1643.0,1655.050048828125,1190359,0.0,-0.011880893712571616,0.4235205959574909,-0.03041007969388427,1592772.9,1236.8482620217526,0.06722336646737759,0.9278526121150568,-0.028052693411956705,60.44367321944289
2024-02-08,1670.0,1721.0,1652.25,1711.0,1760816,0.0,0.03380559470784039,0.43465421847467567,-0.03041007969388427,1654426.8,1241.5661897628297,0.12222475492862928,0.9031633618977388,0.07777583304888984,64.84428988781991
2024-02-09,1725.0,1736.0,1671.4000244140625,1727.8499755859375,1244945,2.1,0.009848027811769411,0.4347979257554701,-0.03041007969388427,1673274.3,1246.4048343978857,0.09558683807853852,0.8999971245989009,0.022649665515679752,66.89684935802234
2024-02-12,1727.8499755859375,1764.0,1692.4000244140625,1708.0,1305970,0.0,-0.01148825179640156,0.43899264394787707,-0.03041007969388427,1689989.3,1250.997821120295,0.07128298438509084,0.9153469041024773,-0.026169576399712593,63.72985754281448
2024-02-13,1703.5999755859375,1709.949951171875,1575.699951171875,1588.5999755859375,1741851,0.0,-0.06990633747895936,0.510900545634703,-0.04087709874242823,1721212.95,1254.3570465378634,-0.051553764651608214,0.9853503289697383,-0.13682963682063953,56.63366272831903
2024-02-14,1555.050048828125,1646.0,1555.050048828125,1637.4000244140625,1125325,0.0,0.030718903171407685,0.520452842281803,-0.04087709874242823,1728925.4,1258.1684194520546,-0.01066434481939671,0.9589944325829173,0.05902341208570168,59.343091626566164
2024-02-15,1665.0,1689.9000244140625,1623.199951171875,1643.25,1207061,0.0,0.0035727223028660937,0.5190392415317091,-0.04087709874242823,1756329.7,1262.0000769699445,-0.03959672706019868,0.9585303544091358,0.006883337420672565,68.52033650956086
2024-02-16,1659.0,1684.699951171875,1643.25,1673.5999755859375,732658,0.0,0.01846948156758721,0.521575492550147,-0.04087709874242823,1757985.75,1266.095598349208,-0.03139740183843398,0.9451003969254561,0.0354109452558337,70.91280375668777
2024-02-19,1685.0,1689.9000244140625,1620.0,1630.5999755859375,723151,0.0,-0.025693117009604083,0.5313694428322606,-0.03041007969388427,1767372.05,1269.7225075754443,-0.0453161735445331,0.9730436802260838,-0.048352642163859434,63.759030275049426
2024-02-20,1644.8499755859375,1645.5999755859375,1611.0,1619.75,683799,0.0,-0.006653977522622423,0.5315240022420696,-0.02590413396463838,1778986.9,1273.2053681965842,0.01960847594912818,0.9817826817590968,-0.012518677179897623,56.29967855407813
2024-02-21,1635.050048828125,1635.050048828125,1560.0,1571.75,931221,0.0,-0.02963420280907547,0.5426889627936189,-0.0296481654741362,1766124.25,1276.1759615478622,-0.04009406585758124,1.0140003173400967,-0.05460623726427764,54.13811260415934
2024-02-22,1588.0,1595.449951171875,1540.6500244140625,1590.6500244140625,1256999,0.0,0.012024828639454421,0.531638199144504,-0.0296481654741362,1810838.2,1279.30505670076,-0.03200972194488816,1.0045955886161848,0.022618443205586005,51.26505962339857
2024-02-23,1609.3499755859375,1609.4000244140625,1571.5,1583.6500244140625,912832,0.0,-0.004400716620602041,0.5323041974895001,-0.0296481654741362,1680447.55,1282.3333648372109,-0.05374638652249197,1.014346589496658,-0.008267296329211988,48.98153861722938
2024-02-26,1580.949951171875,1614.3499755859375,1568.0,1591.4000244140625,530867,0.0,0.004893758015043437,0.47979911586691393,-0.0296481654741362,1507420.2,1285.4086549822541,-0.02404020100502513,1.0151957247930445,0.010199597604937823,40.76694016683944
2024-02-27,1594.0,1606.4000244140625,1570.0,1579.949951171875,372335,0.0,-0.007194968622928899,0.48023687503015833,-0.0296481654741362,1293583.5,1288.3394141483202,-0.024571723307995064,1.026435994112625,-0.014982124129172342,41.542781782368266
2024-02-28,1584.0,1584.0,1562.199951171875,1572.300048828125,406548,0.0,-0.004841863717313322,0.4690960459200313,-0.0296481654741362,1125897.1,1291.164893100358,0.0003499594898201952,1.0321137495281547,-0.010321689249373552,32.47410053349272
2024-02-29,1569.949951171875,1591.0,1526.050048828125,1570.550048828125,894886,0.0,-0.0011130191093642328,0.4150082830786874,-0.0296481654741362,1130690.5,1293.9448448986443,-0.01263632809067572,1.0347250641344212,-0.0026819201638295922,29.335268401188614
2024-03-01,1580.0,1595.9000244140625,1573.0,1578.6500244140625,313840,0.0,0.005157413220916673,0.41009354202638854,-0.0296481654741362,1059291.65,1296.7777322570066,-0.003157263235511909,1.0294650348766239,0.012576187056422692,32.46577413061199
2024-03-04,1582.949951171875,1583.9000244140625,1542.550048828125,1546.0999755859375,656766,0.0,-0.020618913834436703,0.39943797233421086,-0.0296481654741362,1017625.65,1299.258550598588,-0.028465532319445597,1.0495779885297645,-0.05161981270270087,42.46453898601051
2024-03-05,1523.0,1527.9000244140625,1481.1500244140625,1493.3499755859375,1654623,0.0,-0.034118104154298945,0.41323763617296555,-0.030123688512490504,982342.6,1301.189808558661,-0.054811847376370904,1.0805722235532642,-0.08256291378646176,24.812017224123437
2024-03-06,1485.0,1526.4000244140625,1468.0,1506.3499755859375,786342,0.0,0.008705260128255787,0.36814453613696096,-0.030123688512490504,962141.75,1303.2312032554498,-0.04194496673287118,1.0663109675925133,0.02364631017789726,26.646189714790253
2024-03-07,1520.0,1521.550048828125,1486.5999755859375,1496.300048828125,389524,0.0,-0.006671707717792019,0.3673195943015561,-0.030123688512490504,893577.15,1305.152286295974,-0.047276430353430654,1.0662985032253223,-0.01816322254424185,17.50367037960629
2024-03-11,1500.0,1510.0,1462.0,1475.5,903550,0.0,-0.013900987869655657,0.3408033113825918,-0.030123688512490504,876507.4,1306.8472884223822,-0.06534065360835628,1.0727787215602231,-0.040788886133096586,19.05427159826249
2024-03-12,1475.0,1514.449951171875,1450.050048828125,1456.300048828125,750703,0.0,-0.013012505030074561,0.33589611888927917,-0.030123688512490504,848744.05,1308.334380565723,-0.058081578278131984,1.0782805420951032,-0.03873966953148141,18.43985672061035
2024-03-13,1460.4000244140625,1468.800048828125,1355.050048828125,1415.6500244140625,1901824,0.0,-0.027913220525380922,0.34285942604491293,-0.030123688512490504,856742.7,1309.402197917448,-0.0520306374541496,1.1031345894909936,-0.08141301533764532,18.97853919191671
2024-03-14,1385.050048828125,1447.050048828125,1370.300048828125,1429.3499755859375,807970,0.0,0.009677498630034309,0.2659910351643003,-0.030123688512490504,840874.95,1310.5957081430051,-0.05111693912302728,1.085283543288695,0.03638279861660984,17.268645940563488
2024-03-15,1435.550048828125,1483.800048828125,1404.4000244140625,1429.3499755859375,3445891,0.0,0.0,0.23348418279318192,-0.030123688512490504,952816.45,1311.777342644925,-0.044743748618214396,1.0778011202268978,0.0,17.773577314092975
2024-03-18,1427.050048828125,1428.0,1365.550048828125,1383.300048828125,1584029,0.0,-0.03221739080307129,0.24686075429789608,-0.03231242647063267,995385.0,1312.489011363166,-0.06248725935064381,1.1031879958637465,-0.13050834908780143,12.531490153543132
2024-03-19,1390.949951171875,1395.550048828125,1340.0,1357.949951171875,1419084,0.0,-0.018325812738693603,0.22933972515189613,-0.03231242647063267,1030181.65,1312.9413590229542,-0.06753422671062304,1.1137431876771682,-0.07990683658266225,11.9341372506005
2024-03-20,1372.0999755859375,1389.4000244140625,1337.6500244140625,1347.550048828125,772885,0.0,-0.0076585314022620254,0.22198606975932916,-0.03231242647063267,1034635.95,1313.2857240956425,-0.048105092651076764,1.1122388449089737,-0.03450005248331419,11.822641093794019
2024-03-21,1370.0,1374.5,1330.0999755859375,1358.199951171875,1728137,0.0,0.007903159035177687,0.22947917101250856,-0.03231242647063267,1074481.75,1313.7326318277444,-0.049777888991039965,1.0956560600964877,0.03443954697897801,14.987589669043672
2024-03-22,1359.0,1397.449951171875,1328.4000244140625,1385.699951171875,1426909,0.0,0.020247386974408643,0.2358793753535561,-0.03231242647063267,1082977.25,1314.4487245575367,-0.030538374197802032,1.0665169630786844,0.08583788254348779,20.09914695510642
2024-03-26,1388.0,1440.550048828125,1377.3499755859375,1428.5,1694996,0.0,0.030886952685485358,0.26156597574700047,-0.03231242647063267,1122085.45,1315.5835631191533,0.03267544970461511,1.0291319583068996,0.11808474483895909,32.33703014464491
2024-03-27,1439.9000244140625,1494.0,1428.050048828125,1482.0,1986064,0.0,0.0374518725936297,0.30007364671758696,-0.03231242647063267,1194845.3,1317.2394480632413,0.09135097263420722,0.9882894745078968,0.12480893192459533,48.29911835819683
2024-03-28,1495.0,1498.699951171875,1472.1500244140625,1486.4000244140625,1535307,0.0,0.0029689773374241835,0.29951050892691916,-0.03231242647063267,1252993.9,1318.9226378776773,0.10303882642925655,0.9822170888743966,0.009912764827296822,46.93124699421644
2024-04-01,1497.0,1507.050048828125,1482.0,1488.75,605816,0.0,0.0015809846254972726,0.29953254883908853,-0.03231242647063267,1262957.3,1320.612462376407,0.09611990393276382,0.9778606229665197,0.005278172869169095,48.810453371704085
2024-04-02,1496.0,1561.9000244140625,1484.050048828125,1511.5,1576132,0.0,0.0152812762384551,0.305731027652545,-0.03231242647063267,1297019.6,1322.5118408602239,0.0907844795128534,0.9611892160105856,0.049982744165549375,55.63733508691758
2024-04-03,1511.0,1529.5,1494.050048828125,1505.6500244140625,947682,0.0,-0.003870311337040966,0.30581357488977073,-0.03231242647063267,1328711.7,1324.3341113433466,0.05400771747571764,0.9624995692899913,-0.012655786166059313,58.06504379627766
2024-04-04,1516.9000244140625,1518.1500244140625,1497.550048828125,1510.1500244140625,827402,0.0,0.0029887423551506753,0.3052809706638223,-0.03231242647063267,1337243.5,1326.1830259012643,0.018994618363065152,0.9584412005707796,0.009790136118705347,67.5129852151709
2024-04-05,1509.800048828125,1537.699951171875,1498.0,1511.5,1231267,0.0,0.000893934750927361,0.29769212652268956,-0.03231242647063267,1316075.7,1328.0269758922966,0.016886420326743368,0.9581855796639824,0.003002883318885472,65.95456957887163
2024-04-08,1523.8499755859375,1524.949951171875,1487.9000244140625,1493.550048828125,726683,0.0,-0.0118755879403738,0.2755787288690048,-0.03231242647063267,1313092.75,1329.673971642902,0.0032242141582703443,0.9692728465712184,-0.04309326615366656,61.6557959860768
2024-04-09,1501.800048828125,1532.0,1491.75,1497.5,640593,0.0,0.0026446727881495047,0.27400312794060133,-0.03231242647063267,1325646.2,1331.3438823728234,-0.009262322196493589,0.9667562636946996,0.009651979929962771,74.47493496968708
2024-04-10,1510.0,1513.0,1481.0,1490.300048828125,479928,0.0,-0.00480798074916533,0.27351889296119974,-0.03231242647063267,1304465.1,1332.9255357703887,-0.010194916040937918,0.9719234113044494,-0.017578239372535692,80.75768247448839
2024-04-12,1490.0,1490.25,1453.050048828125,1474.75,732786,0.0,-0.01043417319911688,0.2715635562367607,-0.03231242647063267,1303569.25,1334.3367244691908,-0.023441395783043273,0.9827970875625106,-0.038422581289936086,78.86973756773766
2024-04-15,1418.0,1453.949951171875,1411.1500244140625,1428.300048828125,974699,0.0,-0.03149683076580778,0.28976120185727844,-0.03231242647063267,1257213.0,1335.2716829205235,-0.05504462532045984,1.015201607878684,-0.10869926503938529,63.686086992168484
2024-04-16,1418.550048828125,1437.0,1405.0,1410.75,425891,0.0,-0.01228736835969746,0.2760462683246489,-0.03231242647063267,1238109.05,1336.0227109511652,-0.055438415935972096,1.0271717223634371,-0.044511987027213935,55.08837266140675
2024-04-18,1416.800048828125,1419.9000244140625,1390.0,1397.5999755859375,604718,0.0,-0.009321300311226244,0.2754804445528452,-0.03231242647063267,1096050.4,1336.6354200520086,-0.06671120161206179,1.035700509881136,-0.03383652145614616,42.86373164974339
2024-04-19,1377.0,1414.0,1361.0,1409.300048828125,723681,0.0,0.008371546541622088,0.27735506825187467,-0.03231242647063267,1053033.0,1337.3584511841095,-0.05435147107704463,1.0280245207746461,0.030183498331404733,29.192910253852673
2024-04-22,1419.9000244140625,1437.0,1367.300048828125,1378.6500244140625,1104738,0.0,-0.02174840229342856,0.2643494451579855,-0.03231242647063267,1037315.7,1337.7693126092831,-0.06516357049393962,1.0516302073127788,-0.0822714095643998,23.189841690289427
2024-04-23,1394.5,1394.5,1361.550048828125,1373.699951171875,1157542,0.0,-0.0035905219994402104,0.2563044917627019,-0.03231242647063267,1056548.55,1338.1268314009508,-0.038227330245523494,1.056371520480568,-0.014008813636697162,21.739125204990415
2024-04-24,1370.0,1387.8499755859375,1364.4000244140625,1371.199951171875,928780,0.0,-0.0018199025179168604,0.2547062075195224,-0.03231242647063267,1016580.7,1338.4559171698156,-0.028034767909356773,1.058771556156174,-0.007145104409464881,11.729402212946894
2024-04-25,1372.0,1384.9000244140625,1362.6500244140625,1373.949951171875,515923,0.0,0.0020055426618486027,0.25349433499527946,-0.03231242647063267,971031.4,1338.8090916374979,-0.016921883820259276,1.0562247954270474,0.007911587384270643,13.45726422018042
2024-04-26,1376.0,1456.0,1376.0,1416.449951171875,1372375,0.0,0.030932713352295416,0.26627261583640127,-0.03153285876767096,954900.35,1339.5816375035117,0.005073371245318148,1.0241078426117232,0.11616933304777853,28.528862999494166
2024-04-29,1439.0,1529.4000244140625,1407.0,1508.5,5381391,0.0,0.06498644639859608,0.33223913202203087,-0.03153285876767096,1124666.7,1341.2624172298451,0.09418632233450608,0.9624942019636125,0.19560141530309758,49.514406164454165
2024-04-30,1532.0,1532.0,1465.5,1494.199951171875,3003671,0.0,-0.009479647880759057,0.3095720146524806,-0.03153285876767096,1198084.9,1342.7841837367312,0.08771930136359396,0.9719666359652713,-0.030621784676443945,50.10645400223701
2024-05-02,1499.949951171875,1529.9000244140625,1477.1500244140625,1512.199951171875,1216214,0.0,0.012046580503421112,0.3120464073761781,-0.03153285876767096,1228604.8,1344.4699127659367,0.10282964193478605,0.9611724933810636,0.03860509152681193,52.30190064793776
2024-05-03,1523.0,1554.0,1520.199951171875,1537.25,1728068,0.0,0.016565301968640256,0.31668074256119877,-0.03153285876767096,1236201.6,1346.3881225891612,0.11885443766626458,0.9463473719685112,0.05230915309713684,56.96276088029214
2024-05-06,1543.25,1544.9000244140625,1505.5,1513.5999755859375,622922,0.0,-0.015384631266262772,0.3179411811373787,-0.03153285876767096,1219963.6,1348.0519221214674,0.06858697995907814,0.9613966824714496,-0.048388292222303626,55.626348185601564
2024-05-07,1524.0,1524.0,1485.25,1509.9000244140625,619783,0.0,-0.0024444709510798024,0.31774647994516764,-0.03153285876767096,1209582.65,1349.6623510000006,0.0009280904302702009,0.9637442688842139,-0.0076931485584675885,63.487582912754476
2024-05-08,1509.8499755859375,1509.8499755859375,1486.6500244140625,1499.25,386513,0.0,-0.00705346330343648,0.31858736942342625,-0.03153285876767096,1167344.95,1351.1507853184087,0.003379767764123187,0.9701817542886026,-0.022139807660308805,64.96953611083762
2024-05-09,1500.0,1519.0,1481.3499755859375,1496.3499755859375,740751,0.0,-0.0019343167677589035,0.31862045765744923,-0.03153285876767096,1168048.35,1352.5955533807721,-0.01048140199558567,0.9721555887254621,-0.006070911834322267,67.30329096326182
2024-05-10,1488.0,1490.0,1436.050048828125,1463.9000244140625,635873,0.0,-0.02168607057260674,0.3248657549765561,-0.03153285876767096,1167812.35,1353.703060555233,-0.04771505974040491,0.9925575301888242,-0.06675394242964233,58.91864361772415
2024-05-13,1469.9000244140625,1469.9000244140625,1423.699951171875,1442.4000244140625,390414,0.0,-0.01468679530120609,0.3281094459795633,-0.03153285876767096,1163336.65,1354.5856174095497,-0.04704013763234394,1.0056918794384733,-0.044761877579416284,60.73412323619726
2024-05-14,1449.9000244140625,1510.050048828125,1437.1500244140625,1497.449951171875,665046,0.0,0.03816550598033652,0.3554227017329998,-0.03153285876767096,1159949.65,1356.0071530688765,-0.008245627552075141,0.9694781370673288,0.10738060546059636,67.82884057039362
2024-05-15,1504.0,1509.0,1480.0,1493.25,500621,0.0,-0.002804735589719165,0.3534527469022263,-0.029727334206912086,1136245.75,1357.372753535853,-0.004002001000500299,0.9743796996968127,-0.007935248869752129,67.49821485865664
2024-05-16,1501.949951171875,1549.8499755859375,1501.949951171875,1529.4000244140625,1287015,0.0,0.024208956580654695,0.3417496925539096,-0.029727334206912086,1179301.95,1359.0844676739448,0.02208711154967835,0.9552275169818127,0.07083826671900566,70.33888042838475
2024-05-17,1530.5,1539.949951171875,1508.0,1517.199951171875,464366,0.0,-0.007977032200494172,0.3395634598251593,-0.029727334206912086,1172284.35,1360.657756066959,0.03640954017959408,0.9668501409054476,-0.023492021107575364,64.31717661740461
2024-05-21,1510.0,1519.75,1477.0999755859375,1497.1500244140625,759410,0.0,-0.013215085290720019,0.3417035948049976,-0.029727334206912086,1174070.8,1362.0158880903134,0.037957570073004376,0.9827321653535571,-0.03867411729022163,47.972132086755515
2024-05-22,1486.1500244140625,1519.0,1474.0999755859375,1506.3499755859375,643796,0.0,0.006144976135892266,0.34139036920041704,-0.029727334206912086,1151023.7,1363.4520481648967,0.005943453674092769,0.9809689028841853,0.017999851519789868,52.21110639965066
2024-05-23,1482.0,1507.0999755859375,1482.0,1504.6500244140625,619359,0.0,-0.0011285233839590791,0.3295240255445924,-0.029727334206912086,1124114.55,1364.8570031524507,0.00763437094529551,0.9864287126504725,-0.003424707342194355,48.53938249447326
2024-05-24,1514.3499755859375,1569.9000244140625,1500.0,1551.550048828125,1761162,0.0,0.031170055264064578,0.3407479034852934,-0.028092401037402265,1165733.65,1366.71464539798,0.01448281944584684,0.9624230250148343,0.09147541050287274,52.550848848597205
2024-05-27,1567.0,1616.0,1540.0,1551.300048828125,1682320,0.0,-0.00016112918831645562,0.3403146406314949,-0.028092401037402265,1224053.5,1368.5513160788769,0.02247567806070072,0.9682943009462358,-0.0004734712067713246,57.337505902402
2024-05-28,1565.0,1565.0,1500.0,1504.050048828125,543748,0.0,-0.03045832431688078,0.3630663140691744,-0.03051024963932713,1182622.15,1369.8995621758845,0.004608772869481026,1.001625579145111,-0.08389190155536874,49.02646379585157
2024-05-29,1502.0,1507.4000244140625,1472.5,1475.8499755859375,675969,0.0,-0.018749424770910683,0.35835920149460515,-0.03051024963932713,947351.05,1370.9537951451389,-0.020247618743536755,1.019658179960022,-0.052320197638321186,46.32074944554939
2024-05-30,1475.8499755859375,1489.8499755859375,1455.0,1469.4000244140625,574944,0.0,-0.004370329829300079,0.2764087268048172,-0.03051024963932713,825914.7,1371.9333596154765,-0.02342737475694856,1.0232901039059759,-0.015811113207995796,45.809365935343564
2024-05-31,1492.5,1492.5,1440.25,1457.25,619866,0.0,-0.008268697571927275,0.275978007922711,-0.03051024963932713,796097.3,1372.7822814103474,-0.06077796130350366,1.029936528463555,-0.02996143545839569,48.89626103806685
2024-06-03,1525.0,1530.0,1440.0,1444.199951171875,795009,0.0,-0.00895525738763081,0.27299484356107195,-0.03051024963932713,749444.35,1373.492904990064,-0.06903893140282891,1.0360217104619214,-0.03280375901162335,50.30736459480754
2024-06-04,1457.0999755859375,1457.0999755859375,1293.050048828125,1381.75,1516268,0.0,-0.043241900902434516,0.2989899846022022,-0.03153285876767096,794111.65,1373.575065139417,-0.08131381593545683,1.0780749085455492,-0.14462658176895402,30.729518641447854
2024-06-05,1375.0,1452.800048828125,1324.3499755859375,1442.699951171875,1531081,0.0,0.044110693809933155,0.3408034131325237,-0.03153285876767096,839676.55,1374.2628749506853,-0.022461649193646127,1.0302003545598217,0.12943148693896897,42.91916853016204
2024-06-06,1467.0,1491.0,1440.0,1476.300048828125,1384239,0.0,0.02328973368922438,0.3519189611131883,-0.03051024963932713,889562.85,1375.2781702131474,0.004695810738681638,1.0059760580791064,0.0661792503415045,42.508468954996175
2024-06-07,1485.050048828125,1535.0,1458.25,1524.699951171875,1811579,0.0,0.0327845971299463,0.369664897891282,-0.03051024963932713,943104.25,1376.764954103284,0.04628577881068785,0.9749721584885345,0.08868733934460507,50.96006178571337
2024-06-10,1521.949951171875,1524.699951171875,1470.0,1482.050048828125,2163902,0.0,-0.027972652790452024,0.38308239738120053,-0.03051024963932713,1019505.7,1377.8125669861183,0.02620834990718368,1.003641884319799,-0.07301993579312763,48.17279985888984
2024-06-11,1496.6500244140625,1500.0,1471.699951171875,1478.5,856521,0.0,-0.002395363659231431,0.3751846744168204,-0.03051024963932713,1042811.05,1378.8144319912317,0.07001990229781074,1.0072725752055505,-0.006384492114742734,46.58324368526749
2024-06-12,1487.0,1495.0,1472.5,1481.75,445042,0.0,0.002198173824822458,0.37097395301590597,-0.03051024963932713,1031810.85,1379.8386664987815,0.02706733912093462,1.004533494100093,0.005925412681127189,47.2011701402051
2024-06-13,1490.4000244140625,1520.949951171875,1483.0,1487.4000244140625,1067007,0.0,0.0038130753595833067,0.34652293592242733,-0.03051024963932713,1060130.15,1380.9089287665954,0.007518780206468678,1.0005210311125001,0.011003817797499916,41.28040929899955
2024-06-14,1493.0,1498.9000244140625,1472.550048828125,1479.949951171875,619161,0.0,-0.005008789242908818,0.3468241461364153,-0.03051024963932713,1026737.45,1381.8944115765983,-0.02935003701259742,1.0038869904113827,-0.014441869616886562,40.487923146183356
2024-06-18,1480.0,1515.0,1473.4000244140625,1510.75,881537,0.0,0.020811547582225032,0.3439997146918125,-0.03051024963932713,1047596.0,1383.17655673504,0.019365035070555425,0.9832070196146367,0.06049873325006287,50.93418142842808
2024-06-19,1521.75,1525.949951171875,1488.550048828125,1515.8499755859375,602415,0.0,0.0033757905582905146,0.34307950266934817,-0.028096936366773462,1039746.25,1384.4966902559447,0.02526207344331244,0.9805158995809498,0.009839673992844978,55.961251839539266
2024-06-20,1526.0,1560.300048828125,1507.0,1552.5999755859375,932609,0.0,0.024243823987789126,0.3491380899113834,-0.028096936366773462,1054186.9,1386.169359761716,0.04781506703960692,0.9587965514939618,0.06943906721707709,61.37232639341784
2024-06-21,1574.699951171875,1638.6500244140625,1555.3499755859375,1588.75,2620495,0.0,0.02328354050142223,0.35669054537164285,-0.028096936366773462,1154243.7,1388.185087525281,0.06813901702459813,0.9396270660712529,0.06527658260298665,66.86762228584956
2024-06-24,1592.449951171875,1622.0,1562.5999755859375,1609.5,946346,0.0,0.013060582218725303,0.3581155123694235,-0.028096936366773462,1113502.9,1390.3872259578652,0.08753677698731832,0.9293134506239807,0.03647030470031488,70.792458947158
2024-06-25,1611.0,1631.0,1575.0,1579.050048828125,576522,0.0,-0.018918888581469395,0.3512417161576594,-0.028096936366773462,1058213.0,1392.2644679764749,0.0452093654331458,0.9481127592443106,-0.053862873265169545,76.99043072675127
2024-06-26,1584.949951171875,1630.0,1584.949951171875,1592.6500244140625,845281,0.0,0.008612757775493307,0.3521680036366065,-0.028096936366773462,1073289.65,1394.2583541101824,0.05066467662701157,0.942798150592447,0.024456388547486316,73.56593769124585
2024-06-27,1590.0,1613.199951171875,1550.0,1561.0999755859375,886087,0.0,-0.019809781398604676,0.3417754543700689,-0.028096936366773462,1083795.55,1395.918469746757,0.005474687706852555,0.964582679590017,-0.05796139121664675,63.413466170483844
2024-06-28,1579.300048828125,1698.699951171875,1565.800048828125,1634.75,4102178,0.0,0.04717828810830582,0.36674762797139904,-0.028096936366773462,1260157.25,1398.2949028836053,0.02895357985837932,0.9261829003443283,0.12863965087618381,66.11982088164117
2024-07-01,1650.0,1719.449951171875,1645.0,1662.800048828125,2009863,0.0,0.01715861680876274,0.36729989229841864,-0.028096936366773462,1329657.1,1400.9267948830534,0.03311590483263438,0.9167398087663043,0.04671554961324751,77.65873982098164
2024-07-02,1686.6500244140625,1705.0,1636.0,1663.5999755859375,1000624,0.0,0.00048107212793047083,0.36420677450781686,-0.028096936366773462,1339937.85,1403.5404583726345,0.05354480487845237,0.9228931368908215,0.0013208763493535243,78.5648002511843
2024-07-03,1677.699951171875,1735.9000244140625,1675.050048828125,1721.25,2052388,0.0,0.03465377810777959,0.372020589907517,-0.028096936366773462,1366743.85,1406.701747344051,0.08074591003334186,0.901844589687727,0.09315015920192159,81.6463936386557
2024-07-04,1734.949951171875,1774.0999755859375,1725.0,1741.6500244140625,1335556,0.0,0.011851866035766268,0.3205846616554076,-0.028096936366773462,1356967.6,1410.0345660213648,0.1156556605289536,0.8998636245472872,0.03696953436534136,82.33497456925998
2024-07-05,1746.9000244140625,1746.9000244140625,1680.0999755859375,1693.949951171875,847290,0.0,-0.02738786356244849,0.32397414489726717,-0.028096936366773462,1330120.15,1412.8595947293302,0.036213458432099666,0.9316272878590929,-0.08453718652691056,74.68850109151813
2024-07-08,1693.949951171875,1700.9000244140625,1653.75,1682.949951171875,836199,0.0,-0.006493698348283616,0.32253980673017363,-0.028096936366773462,1281351.15,1415.5470609625895,0.012118054938686562,0.9424181020207408,-0.020133013077625807,70.81720385819457
2024-07-09,1732.0,1749.800048828125,1691.300048828125,1719.550048828125,868757,0.0,0.021747585322287488,0.3133211376688077,-0.028096936366773462,1216593.9,1418.5719663144855,0.03363192718398622,0.929264896865479,0.06940988657834073,72.8824952235763
2024-07-10,1730.0,1733.9000244140625,1660.9000244140625,1701.199951171875,731828,0.0,-0.010671453075038806,0.2949268624383053,-0.028096936366773462,1210359.25,1421.3841850692854,-0.011648539624182996,0.945833848178453,-0.03618338670468602,67.41268629803551
2024-07-11,1713.0999755859375,1740.550048828125,1696.0,1709.8499755859375,895755,0.0,0.005084660629165905,0.29313662713630934,-0.028096936366773462,1232894.9,1424.2544914425857,-0.01825857570829903,0.9477191088427998,0.0173457015773894,65.16782053148256
2024-07-12,1718.4000244140625,1928.699951171875,1702.9000244140625,1865.550048828125,6254949,0.0,0.09106066348822894,0.4119383402921886,-0.027417103023848664,1492292.0,1428.6454920135861,0.10130175188324597,0.8787569099889248,0.22105410536222095,73.96797354406266
2024-07-15,1882.300048828125,1891.3499755859373,1827.0999755859373,1840.5,1700105,0.0,-0.013427701306572115,0.4201548144297024,-0.027417103023848664,1546339.2,1432.7435468194212,0.0936154094888082,0.9005120884429757,-0.0319589363868384,74.72337678708493
2024-07-16,1848.0,1885.8499755859373,1817.25,1868.699951171875,1784986,0.0,0.01532189686056773,0.4165753398445997,-0.027417103023848664,1591511.65,1437.081421489595,0.08673775005583328,0.8965002622744783,0.03678061331829511,75.40256656651727
2024-07-18,1860.0,1882.0,1812.0,1858.300048828125,1095617,0.0,-0.005565314183921366,0.41914862270067654,-0.027417103023848664,1616171.75,1441.2726516123664,0.09234663894037332,0.9107315586991797,-0.01327766274236109,78.45651976161469
2024-07-19,1850.050048828125,1909.0,1810.0,1819.699951171875,1929316,0.0,-0.02077172504009339,0.43226612161154565,-0.027417103023848664,1666007.1,1445.0380973791277,0.06424538828226356,0.9373894293291559,-0.048053093964714834,68.98283923589156
2024-07-22,1800.0,1853.9000244140625,1770.949951171875,1825.4000244140625,860662,0.0,0.0031324247926241,0.42910995264617924,-0.027417103023848664,1578015.45,1448.82279317052,-0.02152181574505785,0.9409444379466,0.007299818380602194,67.49137588262442
2024-07-23,1825.4000244140625,1830.800048828125,1705.550048828125,1794.5,1082313,0.0,-0.01692780979554398,0.4337371072337091,-0.027417103023848664,1584813.8,1452.2623673678283,-0.024993208367291464,0.9623014767344664,-0.03902780998662567,63.224882666228105
2024-07-24,1810.0,1885.5,1790.949951171875,1853.8499755859373,2107689,0.0,0.03307326586009318,0.44318599730424113,-0.027417103023848664,1661372.15,1456.2582639670136,-0.007946688057986595,0.9389055313323026,0.07462615090505066,63.350770393563124
2024-07-25,1847.8499755859373,1847.8499755859373,1762.050048828125,1773.949951171875,1828473,0.0,-0.04309950938117779,0.4682874236200894,-0.028096936366773462,1710531.75,1459.419375282485,-0.04539100007527985,0.9863045975564054,-0.09203644233627549,52.90414490801387
2024-07-26,1805.0,1815.0,1778.1500244140625,1788.949951171875,621852,0.0,0.008455706425139597,0.4682765381884693,-0.028096936366773462,1697320.0,1462.6982864853644,-0.0168983902979154,0.9844028841061099,0.01805707857429664,59.075270245896114
2024-07-29,1800.0,1839.0,1774.199951171875,1799.5,982427,0.0,0.005897341522167254,0.45882738798006684,-0.028096936366773462,1541332.45,1466.0495473163558,-0.01418868416109298,0.9832092200361646,0.012853071870009508,61.14350805200636
2024-07-30,1800.0,1841.949951171875,1787.5,1836.9000244140625,690502,0.0,0.020783564553521705,0.43849415331062186,-0.028096936366773462,1475364.4,1469.7396018148404,0.02362776506774167,0.9679296459269857,0.04739758540137963,61.202853781615076
2024-07-31,1840.0,1910.0,1830.0999755859373,1842.5999755859373,1678695,0.0,0.003103027435416905,0.4366551731289943,-0.028096936366773462,1509267.95,1473.4496552851997,-0.006068452220058584,0.969792691800149,0.0071063565836575115,63.832905835080545
2024-08-01,1873.5,1899.9000244140625,1831.0,1840.449951171875,1107361,0.0,-0.0011668427453325192,0.4369192963579842,-0.028096936366773462,1462016.6,1477.1013995228782,0.037486965151452,0.9741639465128461,-0.0026706138372756677,62.94093524973829
2024-08-02,1818.199951171875,1874.949951171875,1800.449951171875,1823.949951171875,700480,0.0,-0.008965198966423338,0.42582358628089306,-0.028096936366773462,1430262.8,1480.55262889252,0.019564549571145173,0.9852326172526225,-0.021053786226795837,44.30759700282574
2024-08-05,1769.550048828125,1784.9000244140625,1712.0,1725.6500244140625,990245,0.0,-0.05389398250464905,0.4676438147403709,-0.03109038357009563,1437410.55,1482.9914089474607,-0.04103916398218255,1.0422739039473987,-0.1152457910345982,36.90870063865883
2024-08-06,1759.75,1794.949951171875,1685.0,1691.949951171875,893983,0.0,-0.019528915345178532,0.4626170729318926,-0.03109038357009563,1440299.75,1485.0705984223305,-0.07891015913532029,1.063299766371289,-0.04221399525804718,30.10244942128989
2024-08-07,1730.0,1750.0,1700.0,1739.25,527624,0.0,0.027955938528420488,0.47151141178395894,-0.03109038357009563,1423243.1,1487.599746696735,-0.056089209245252736,1.0349489638358846,0.05929005584350314,37.626028850458276
2024-08-08,1772.0,1772.0,1704.0,1708.300048828125,590227,0.0,-0.017794998517680072,0.4705203201134304,-0.03109038357009563,1416163.05,1489.795769603515,-0.07180304047909902,1.0539073574747146,-0.03781982919503213,38.234065485815975
2024-08-09,1742.0,1764.949951171875,1730.800048828125,1758.25,542188,4.6,0.029239565500299713,0.4792418244200797,-0.03109038357009563,1398484.7,1492.4669559756196,-0.036020698446063815,1.025343376342999,0.06101213082885781,43.5139552430322
2024-08-12,1743.0,1827.9000244140625,1716.0,1803.449951171875,1157547,0.0,0.025707351725792638,0.4861894525680915,-0.03109038357009563,1143614.6,1495.5613141367764,0.04508441784667738,0.9979234441204338,0.05287517255105521,50.84123995216119
2024-08-13,1805.0,1821.5,1740.5,1748.6500244140625,537720,0.0,-0.03038616443012665,0.3792177342659313,-0.03109038357009563,1085495.35,1498.0796097614261,0.03351167284996581,1.0265704759272656,-0.08012854063289286,40.02654808841984
2024-08-14,1770.0,1793.550048828125,1742.300048828125,1787.550048828125,676739,0.0,0.022245746073229933,0.3866855576301639,-0.03109038357009563,1030083.0,1500.9599126377118,0.027770618846126194,1.0019607528471464,0.05752928977816504,51.39803662036141
2024-08-16,1800.0,1855.949951171875,1793.699951171875,1815.4000244140625,1030355,0.0,0.015579969693265472,0.38682469498890576,-0.03109038357009563,1026819.9,1504.0886699688199,0.06269389013915139,0.9854081565480125,0.040276563239962426,52.64898142834353
2024-08-19,1831.9000244140625,1845.449951171875,1801.0,1834.449951171875,590083,0.0,0.010493514653312275,0.38848114457957206,-0.03109038357009563,959858.25,1507.3758468962135,0.04333851907969577,0.9755771697733283,0.027011644013127806,53.44165118928368
2024-08-20,1841.050048828125,1899.0,1821.050048828125,1827.8499755859373,1145083,0.0,-0.0035977953945931507,0.3815872260187435,-0.03109038357009563,974079.3,1510.5646441966087,0.013529637680384399,0.9791667877118534,-0.00942850036633937,49.05125751918369
2024-08-21,1842.0,1855.0,1818.0,1830.3499755859373,369853,0.0,0.0013677271293550675,0.3814822481089375,-0.03109038357009563,938456.3,1513.7465877925226,0.04672172820816489,0.9788087041766143,0.0035852968264765126,48.707123329894
2024-08-22,1847.0,1868.949951171875,1829.1500244140625,1832.4000244140625,419630,0.0,0.001120031062621818,0.3762360309963051,-0.03109038357009563,854053.35,1516.917268753931,0.025090192923739485,0.9771283379058626,0.002976937189897811,49.15022372745682
2024-08-23,1843.0,1854.25,1808.050048828125,1826.5,385173,0.0,-0.0032198342804263813,0.3581472909826498,-0.031021831677679204,781888.35,1519.9976939404592,0.006114341432555737,0.9817232371616651,-0.00899025141776055,50.27535360792074
2024-08-26,1845.0,1862.5,1821.9000244140625,1846.5999755859373,543244,0.0,0.011004640342697769,0.3244436411967547,-0.031021831677679204,777957.95,1523.2474678871804,0.0066232520578175524,0.9725982983004224,0.03391849494390059,65.71391412559873
2024-08-27,1840.0,1909.0,1826.800048828125,1856.8499755859373,1048434,0.0,0.005550741977426776,0.3238838049968719,-0.031021831677679204,781258.3,1526.5668958244817,0.015865634700519493,0.968773738496639,0.017138065319751733,72.81407366731356
2024-08-28,1864.0,1921.0,1842.5999755859373,1847.050048828125,1230446,0.0,-0.005277715963412644,0.32449191009928735,-0.031021831677679204,808255.5,1529.7557829190453,0.00912397818173627,0.9741885419066535,-0.016264552787008623,66.64096363045965
2024-08-29,1847.0,1876.0,1838.3499755859373,1857.8499755859373,466882,0.0,0.005847121882086803,0.3173211657166384,-0.031021831677679204,747664.85,1533.0204017515516,0.013888862056751439,0.968935876175227,0.018426510203366223,74.61730153932271
2024-08-30,1867.0,1869.0,1807.0,1815.1500244140625,837332,0.0,-0.022983530281237008,0.3275675938367735,-0.028093328372435757,734163.4,1535.8276616785417,-0.006214057260299777,0.991032406888393,-0.07016423483895456,59.59529418637932
2024-09-02,1815.1500244140625,1824.300048828125,1764.0,1766.300048828125,1040685,0.0,-0.026912362575488236,0.3401189333531944,-0.028093328372435757,751173.65,1538.1209192621197,-0.0434852852915979,1.0168091223419142,-0.07912632654377402,43.81143681974793
2024-09-03,1767.0,1779.550048828125,1751.0,1769.300048828125,510324,0.0,0.0016984656723473268,0.3392678757363786,-0.028093328372435757,727177.6,1540.4212091085478,-0.04714970401967211,1.01631857459853,0.005006267152756939,54.15744847845122
2024-09-04,1760.0,1774.699951171875,1745.0,1749.699951171875,394125,0.0,-0.011077882278493045,0.28333079984562376,-0.028093328372435757,702184.7,1542.5035846514666,-0.05270571726955342,1.0293536342936032,-0.039098756271966906,41.737583486535726
2024-09-05,1752.0,1757.4000244140625,1715.449951171875,1722.9000244140625,714635,0.0,-0.015316870038124542,0.27987547996641565,-0.027537778605832397,711535.25,1544.2985741018406,-0.07263770107665102,1.044890869680644,-0.054727443406932585,29.71489054131844
2024-09-06,1728.0,1748.6500244140625,1715.6500244140625,1730.300048828125,697793,0.0,0.004295097979686302,0.2626455081084086,-0.027537778605832397,716913.55,1546.1493350443907,-0.04674543395570152,1.041057882476974,0.01635321253764351,25.930211940533397
2024-09-09,1718.25,1765.0,1707.1500244140625,1750.4000244140625,387867,0.0,0.011616468253324408,0.25740879208591183,-0.027537778605832397,709197.5,1548.1816802122482,-0.009001881885589924,1.0288791024819453,0.045128481074424714,33.15205555277072
2024-09-10,1772.699951171875,1774.949951171875,1728.0,1756.3499755859375,636244,0.0,0.003399195091914331,0.23678870682469894,-0.027537778605832397,683132.35,1550.2530065343747,-0.00731932000497304,1.024052741381562,0.014355393016597353,34.14057821550365
2024-09-11,1750.0,1798.0,1740.6500244140625,1789.3499755859375,584091,0.0,0.018788966014014807,0.22840957783978644,-0.027537778605832397,685450.9,1552.6320808532957,0.022661042190408986,1.0063039815859283,0.0822599707469109,41.85428784876021
2024-09-12,1803.5,1849.949951171875,1802.5,1838.050048828125,1070697,0.0,0.027216628332442427,0.21972280628714283,-0.027537778605832397,705148.8,1555.4720606341398,0.0668350007442966,0.9810151829284735,0.12386801148987012,51.88081029633186
2024-09-13,1846.0,1859.949951171875,1816.25,1826.050048828125,424813,0.0,-0.00652865791530044,0.2094586450847767,-0.027537778605832397,674871.7,1558.1643789246273,0.055337223197126084,0.9877535981344211,-0.03116919619606083,46.5629806596733
2024-09-16,1832.0,1832.0,1748.050048828125,1757.8499755859375,724800,0.0,-0.03734841401852873,0.2411934553855717,-0.030734276909546752,681607.55,1560.1513002844413,0.00425614206350855,1.0238971085824766,-0.1548483660567818,36.13056497759795
2024-09-17,1758.0,1768.449951171875,1731.050048828125,1741.1500244140625,613375,0.0,-0.009500214127379336,0.23867902664744814,-0.030734276909546752,655022.15,1561.9522826140892,-0.008654283817667974,1.0312279152222166,-0.03980330346905189,35.44529331587677
2024-09-18,1740.0,1759.4000244140625,1716.0,1727.25,578778,0.0,-0.007983243384636074,0.23944453887752287,-0.030734276909546752,665468.4,1563.5970360209142,-0.034705326757333954,1.0365421977052125,-0.03334067708812007,32.20223944047548
2024-09-19,1740.0,1751.0,1666.0999755859375,1676.449951171875,764506,0.0,-0.029410941570777283,0.256197791211913,-0.030734276909546752,682712.2,1564.7199505995309,-0.08791931305639933,1.0633004618349409,-0.11479779073689293,31.506662909245676
2024-09-20,1681.5,1695.9000244140625,1626.0999755859375,1662.0,1393739,0.0,-0.0086193752230862,0.25594336840432824,-0.030734276909546752,733140.5,1565.6879112900829,-0.08983874726402208,1.0675962739616238,-0.03367688305446092,34.68878170573541
2024-09-23,1680.0,1696.6500244140625,1648.0,1692.9000244140625,921087,0.0,0.018592072451301123,0.26819139680326615,-0.030734276909546752,752032.65,1566.9537034604707,-0.03694851783368225,1.0435701956925023,0.06932389323323651,39.63365003845792
2024-09-24,1698.0,1701.9000244140625,1630.0,1660.9000244140625,2478741,0.0,-0.018902474770224886,0.26785824640880224,-0.030734276909546752,823548.0,1567.8884927236907,-0.04609022707678856,1.057777401639104,-0.07056894576875071,38.343407564521065
2024-09-25,1672.0,1678.3499755859375,1650.1500244140625,1654.75,793279,0.0,-0.0037028263734489864,0.26521510723806774,-0.030734276909546752,801689.65,1568.7527863284301,-0.04197423650311183,1.0558981778308656,-0.013961596201641783,40.541290571127576
2024-09-26,1654.800048828125,1686.25,1654.800048828125,1682.449951171875,515725,0.0,0.016739659266883145,0.2760253770739454,-0.030734276909546752,804131.8,1569.8841014014993,0.003578991425187361,1.0333011732884072,0.06064536108194533,43.71303486545367
2024-09-27,1700.0,1713.699951171875,1661.0,1671.0,932127,0.0,-0.006805522603450909,0.27363999550763185,-0.030734276909546752,808871.55,1570.890229745763,0.005415162454873723,1.03606822700432,-0.024870349607053716,39.325084792711515
2024-09-30,1637.800048828125,1652.6500244140625,1625.0,1628.0,990112,0.0,-0.025733093955715103,0.2760852532521775,-0.030734276909546752,806342.9,1571.4584861662033,-0.038336596064806217,1.0591861209353886,-0.09320705369272239,34.30737832317406
2024-10-01,1641.5,1675.0,1628.300048828125,1672.5,581017,0.0,0.027334152334152373,0.28567999023062923,-0.030734276909546752,809877.55,1572.4638743635546,0.00698415040967304,1.0281106143147423,0.09568101481407706,36.104179411128165
2024-10-03,1667.550048828125,1713.300048828125,1640.050048828125,1676.050048828125,2440970,0.0,0.0021226001961882623,0.2857611812180084,-0.030734276909546752,912219.8,1573.4945825671823,0.012872064558468121,1.0237358416139835,0.007427881256867108,28.41726898445475
2024-10-04,1674.0999755859375,1697.4000244140625,1643.75,1691.25,631401,0.0,0.009068912460282741,0.2865914961440846,-0.030734276909546752,908058.1,1574.6662782630312,0.005230496646866367,1.0135994123302383,0.03164403782337961,32.19286011647753
2024-10-07,1699.0,1719.5999755859375,1641.800048828125,1705.949951171875,1056320,0.0,0.008691767137841921,0.28402205144068776,-0.030734276909546752,925984.45,1575.9725834661044,0.020915590168686382,1.0041516751672361,0.030602436633807125,42.015377842244305
2024-10-08,1700.0,1727.449951171875,1685.550048828125,1714.0,604128,0.0,0.004718807150582149,0.2841125337374672,-0.030734276909546752,936797.5,1577.345990595795,0.05282555282555279,0.9983736872812136,0.01660893633384431,45.708862551394134
2024-10-09,1729.449951171875,1767.8499755859375,1714.050048828125,1741.550048828125,668805,0.0,0.01607354073986289,0.2868736011675041,-0.030734276909546752,938425.55,1578.9798618219875,0.04128552994207779,0.982155238554914,0.05603004289745434,52.16667404273611
2024-10-10,1750.0,1774.8499755859375,1725.4000244140625,1731.75,500994,0.0,-0.005627199077465117,0.28719610397678647,-0.030734276909546752,934270.7,1580.4999626993808,0.033232868678843897,0.9860502410179371,-0.01959357666629136,59.56748246735918
2024-10-11,1735.0,1797.0,1721.050048828125,1789.050048828125,779711,0.0,0.033087945042947986,0.3031352995465414,-0.030734276909546752,919721.4,1582.5750879344928,0.05782707986881008,0.9530993870181138,0.10915239498969645,69.1426866425291
2024-10-14,1790.0,1801.75,1758.050048828125,1791.699951171875,395373,0.0,0.0014811784306905107,0.28687188454395474,-0.030734276909546752,918249.4,1584.655932344815,0.05026524954093481,0.9507311750976283,0.005163205106046258,66.27139896529506
2024-10-15,1800.0,1801.199951171875,1760.0999755859375,1790.25,428986,0.0,-0.0008092600387283877,0.28618135075366125,-0.030734276909546752,903458.7,1586.7016444607873,0.04448658109684955,0.9524060892169827,-0.0028277873744020016,73.68613991505407
2024-10-16,1800.0,1815.0,1750.050048828125,1761.449951171875,498761,0.0,-0.016087165942256676,0.26026021351864764,-0.030734276909546752,897728.0,1588.4404335822908,0.011426546344241117,0.9685543415091465,-0.06181185017350156,68.04192908360315
2024-10-17,1761.449951171875,1822.9000244140625,1755.0,1792.199951171875,863815,0.0,0.01745720903369552,0.26428974603408023,-0.030734276909546752,911979.85,1590.4678914687543,0.03490685790204995,0.9537482098465151,0.06605329429205878,68.36820080478142
2024-10-18,1780.0,1802.449951171875,1769.0,1786.3499755859375,344483,0.0,-0.0032641310932478573,0.26265469698105515,-0.030734276909546752,890978.7,1592.416966932607,-0.0015092217481317283,0.9599476697030891,-0.012427460869693433,69.67422237494385
2024-10-21,1790.0,1797.5999755859375,1715.0,1726.050048828125,512449,0.0,-0.03375594233041235,0.2694887392426984,-0.030554653325140933,846914.2,1593.7466493395277,-0.03664112526252583,0.9953390401081995,-0.12525918957756615,65.79160316724045
2024-10-22,1734.800048828125,1744.949951171875,1681.0,1689.9000244140625,719299,0.0,-0.020943786907341444,0.27856416747608026,-0.030554653325140933,836824.8,1594.7033993402692,-0.056053610158322886,1.0165423835501317,-0.07518478182335503,52.8798453611674
2024-10-23,1672.449951171875,1743.1500244140625,1621.0,1634.550048828125,1734704,0.0,-0.03275340244173852,0.29392847386503895,-0.032803529436172214,799622.95,1595.0998834147754,-0.07204286574212615,1.0501590338152418,-0.11143323712981035,44.136760161737314
2024-10-24,1600.0,1600.0,1393.449951171875,1410.8499755859375,10867415,0.0,-0.1368572797159482,0.5523284581048248,-0.03393556591481817,1303329.75,1593.2665509985682,-0.21278316369587125,1.2080253239338716,-0.24778241140736285,25.0711226607434
2024-10-25,1435.0,1436.0,1338.449951171875,1373.5999755859375,4221806,0.0,-0.026402523758438434,0.5561421694824773,-0.03393556591481817,1488633.8,1591.080813929786,-0.2310577466012026,1.229542829075521,-0.04747441343687961,21.591594663431138
2024-10-28,1385.949951171875,1423.0,1372.050048828125,1386.25,1600468,0.0,0.009209394757499378,0.5524865436596557,-0.03393556591481817,1522050.85,1589.042696378246,-0.19686569868517256,1.2080522993688008,0.016668993474133625,22.203377752774955
2024-10-29,1385.949951171875,1385.949951171875,1309.050048828125,1368.75,3516672,0.0,-0.012623985572587926,0.5526211616863346,-0.03393556591481817,1648378.85,1586.8507292501045,-0.1900408425199086,1.214027397260274,-0.022843832664003045,17.8343357309697
2024-10-30,1369.0,1408.3499755859375,1361.25,1385.300048828125,1052040,0.0,0.01209135987442922,0.5535838377111245,-0.032803529436172214,1671930.0,1584.8452498429208,-0.1524884479240617,1.189157543042715,0.021841966532121122,20.45202974591551
2024-10-31,1395.0,1429.9000244140625,1378.050048828125,1393.25,1490812,0.0,0.005738793684877175,0.5416144513498871,-0.032803529436172214,1624422.1,1582.9388294464738,-0.0124747321759906,1.172223219092051,0.010595717238742393,13.140238325885662
2024-11-01,1425.0,1428.25,1416.550048828125,1424.25,264384,0.0,0.02225013457742686,0.5507952037740947,-0.032803529436172214,1606071.25,1581.3598361186482,0.036873926408200974,1.1373354397051079,0.04039638330363672,17.496687198508127
2024-11-04,1430.050048828125,1439.949951171875,1390.5,1403.5999755859375,1188723,0.0,-0.01449887619031942,0.5481180456915374,-0.032803529436172214,1612691.4,1579.5910812874772,0.012515762370378658,1.1432976126626122,-0.026452104687605664,16.921894430046407
2024-11-05,1411.050048828125,1422.5,1378.0,1390.0,1105342,0.0,-0.009689352965584153,0.5446555700137617,-0.032803529436172214,1637752.1,1577.7046028667064,0.01552511415525104,1.142829137568851,-0.017789871840364384,17.373741658276558
2024-11-06,1408.449951171875,1503.949951171875,1394.800048828125,1488.050048828125,2696087,0.0,0.07053960347347132,0.6095633759044877,-0.032803529436172214,1739116.2,1576.8125177518946,0.07417165695397165,1.0590083999269573,0.11572152315021779,26.109506002176104
2024-11-07,1510.9000244140625,1520.0,1435.0,1441.550048828125,1185243,0.0,-0.0312489489426917,0.6100428126015685,-0.032803529436172214,1773328.65,1575.4666225387227,0.03466718021038928,1.0831032227645312,-0.05122418916335818,24.542240878995017
2024-11-08,1451.6500244140625,1458.199951171875,1416.0,1422.3499755859375,669624,0.0,-0.013319047269843898,0.610212124681865,-0.032803529436172214,1767824.3,1573.9430738128244,-0.0013340525989555818,1.0848332172005386,-0.021826913155025673,26.12796978392052
2024-11-11,1422.3499755859375,1424.949951171875,1401.0,1407.449951171875,374499,0.0,-0.010475638675301768,0.591081804893873,-0.032803529436172214,1766780.6,1572.2864258263473,0.0027429293622851514,1.0826672726310795,-0.017722823493026323,27.030985412716774
2024-11-12,1430.0,1430.949951171875,1385.0,1390.4000244140625,503631,0.0,-0.012114055454416905,0.5894356959046231,-0.032803529436172214,1770512.85,1570.4766108869217,0.0002877873482463045,1.0815646395392091,-0.020551953899408133,28.826645379853204
2024-11-13,1398.0,1447.449951171875,1339.0,1357.949951171875,1283088,0.0,-0.023338659862195077,0.5895441956104435,-0.032803529436172214,1809729.2,1568.3619177554287,-0.0874299206257928,1.0925531533326154,-0.03958763336165617,43.135219170615784
2024-11-14,1355.0,1367.75,1341.0,1356.949951171875,1185496,0.0,-0.0007364041650703701,0.5907266629356301,-0.032803529436172214,1825813.25,1566.258316097881,-0.05868689590418574,1.0773205009943205,-0.00124660727000999,47.61495252895479
2024-11-18,1350.25,1356.4000244140625,1323.25,1325.75,864715,0.0,-0.02299270591736302,0.5821667334747274,-0.032803529436172214,1851824.85,1563.865198524768,-0.06791575719340315,1.085302660713865,-0.03949505219093843,41.77094885138831
2024-11-19,1322.0999755859375,1340.0,1301.800048828125,1305.199951171875,1566382,0.0,-0.015500696834339078,0.580976601591056,-0.032803529436172214,1904521.5,1561.2914149690178,-0.07264911971815713,1.086268426753788,-0.026680414538356446,41.42721923262477
2024-11-21,1308.449951171875,1321.300048828125,1283.25,1290.199951171875,1017236,0.0,-0.01149249200211222,0.5766188657328863,-0.032803529436172214,1919418.35,1558.5939874685487,-0.0720656440468731,1.0834076474943795,-0.019930828638769736,37.11730254691683
2024-11-22,1285.050048828125,1316.4000244140625,1285.050048828125,1308.449951171875,1208515,0.0,0.014145094319236051,0.5833787354089671,-0.032803529436172214,1893108.9,1556.1049920825121,-0.036452006170980655,1.0558351794628178,0.0242468455194059,38.824457538747176
2024-11-25,1308.449951171875,1378.800048828125,1308.449951171875,1366.199951171875,1165869,0.0,0.04413619332422902,0.6082449554032969,-0.032803529436172214,1408031.6,1554.2153896853915,0.006816758416190449,1.0095703682392012,0.07256318725953533,42.85362205940403
2024-11-26,1375.0,1419.949951171875,1366.3499755859375,1391.3499755859375,1315079,0.0,0.018408743458444565,0.3926499382029035,-0.032803529436172214,1262695.25,1552.5948383013174,0.049481407192862426,0.9919592568445926,0.046883346203656626,48.5084627095963
2024-11-27,1405.0,1424.5,1377.949951171875,1413.25,1031365,0.0,0.015740126350913153,0.38450863560292725,-0.032803529436172214,1234240.1,1551.2083224973242,0.08278428813233729,0.9775428889389484,0.040935689043433365,52.77479281694667
2024-11-28,1420.0,1422.8499755859375,1396.0999755859375,1411.0999755859375,933891,0.0,-0.0015213333904563475,0.3836392547498652,-0.032803529436172214,1105101.05,1549.8142095927333,0.09370642457725276,0.9805329250308679,-0.003965530982466731,38.09007388313196
2024-11-29,1402.0,1409.0,1356.0,1368.800048828125,1813988,0.0,-0.02997656260340309,0.3959823198949833,-0.032803529436172214,1143198.45,1548.0130736647272,0.04612335198774642,1.0102315438665646,-0.07570176833737263,38.59181780987122
2024-12-02,1361.0,1369.8499755859375,1340.0,1341.25,1447488,0.0,-0.02012715359830053,0.399598454429952,-0.032803529436172214,1141032.25,1545.9557296481628,-0.018262298392320853,1.0290437924117544,-0.050368445802245414,37.60697470394386
2024-12-03,1374.8499755859375,1443.9000244140625,1365.75,1430.699951171875,5284048,0.0,0.06669148270037284,0.463663240750908,-0.032803529436172214,1392015.45,1544.808905981732,0.028281867449895914,0.9649315239020455,0.14383603313906207,52.89359052294934
2024-12-04,1450.0,1463.0,1426.5999755859375,1457.1500244140625,2059361,0.0,0.018487505518206326,0.46173721595627343,-0.032803529436172214,1435547.35,1543.9366783044418,0.031063169583628092,0.9492536550095237,0.04003901890283608,58.11747246207145
2024-12-05,1464.5,1498.0,1458.949951171875,1493.0999755859375,2083780,0.0,0.024671413766287342,0.464584390009949,-0.032803529436172214,1484469.25,1543.4308404664469,0.058110694790389106,0.9298506516998154,0.05310426644923723,66.29687884613178
2024-12-06,1499.9000244140625,1503.75,1474.5,1481.0999755859375,1481294,0.0,-0.008036970193701087,0.4640351121532053,-0.032803529436172214,1423729.6,1542.8106328556955,0.08204260867316315,0.9371497566464694,-0.01731974544600874,64.58358006723127
2024-12-09,1482.0,1553.4000244140625,1480.550048828125,1534.0999755859375,2490954,0.0,0.03578421502507467,0.4135735272465539,-0.032803529436172214,1489015.15,1542.7239596490315,0.14378376558131412,0.9077895835931004,0.08652443109226725,73.28192437997168
2024-12-10,1540.050048828125,1544.699951171875,1518.0,1538.800048828125,912142,0.0,0.0030637333400598266,0.3957524381159849,-0.032803529436172214,1501141.05,1542.6849157602664,0.07555749028138714,0.9088006481117894,0.007741539830378826,77.06209969703576
2024-12-11,1542.300048828125,1555.9000244140625,1527.050048828125,1548.8499755859375,816840,0.0,0.00653101536191536,0.39113010419257493,-0.032803529436172214,1523258.1,1542.746259639129,0.06293102949968965,0.9074684475999274,0.016697807519621924,80.31173202725176
2024-12-12,1550.0,1563.3499755859375,1532.25,1541.199951171875,1055627,0.0,-0.004939164240983729,0.38895006019930706,-0.031324171617644045,1550857.9,1542.730873485226,0.03221483917516088,0.9168651206961145,-0.012698710244358065,77.97139435955597
2024-12-13,1540.800048828125,1545.050048828125,1507.0999755859375,1533.0999755859375,800589,0.0,-0.005255629277549967,0.38594759273723916,-0.031324171617644045,1526732.95,1542.6350436553826,0.03510904115667701,0.9274215661802088,-0.013617468382432484,72.77565680804646
2024-12-16,1535.0,1555.0,1520.199951171875,1534.3499755859375,884651,0.0,0.0008153414779896728,0.37248329451264023,-0.031324171617644045,1511690.7,1542.5526051671295,0.0001629619998555487,0.932446967415695,0.0021889342907770626,70.87591237978795
2024-12-17,1534.0,1550.0,1506.5,1511.25,1006052,0.0,-0.015055219443736112,0.379034886118261,-0.031324171617644045,1518757.55,1542.2411364589989,-0.017903592379728495,0.9528370433015406,-0.03971987697681218,64.25662114381191
2024-12-18,1520.0,1538.5,1509.8499755859375,1520.6500244140625,853116,0.0,0.006220032697477285,0.36469199103968764,-0.031324171617644045,1483094.25,1542.0262995232285,-0.018207025610215588,0.9540311459308759,0.017055577527735215,65.6076455173479
2024-12-19,1465.0,1522.0,1465.0,1513.1500244140625,751957,0.0,-0.004932101324819915,0.3583314223967593,-0.031324171617644045,1469830.3,1541.7389734027395,-0.018200056868989845,0.9661269308572109,-0.013764076714763023,72.82934749879377
2024-12-20,1516.0,1535.9000244140625,1438.9000244140625,1451.25,1208534,0.0,-0.04090805499476635,0.3907903798494141,-0.032803529436172214,1469831.25,1540.8385856076875,-0.0533885440541183,1.012254946739072,-0.10468029935569738,65.69186873267657
2024-12-23,1467.4000244140625,1474.8499755859375,1408.050048828125,1415.550048828125,935669,0.0,-0.024599449558570186,0.40333928875334263,-0.032803529436172214,1458321.25,1539.5919335004282,-0.07742687694992478,1.0395270005155142,-0.06098946875398246,47.447362682965014
2024-12-24,1415.1500244140625,1446.0,1415.0,1433.300048828125,530205,0.0,0.012539295247592674,0.37782305821583995,-0.032803529436172214,1419077.55,1538.5343028071716,-0.05157978572167077,1.0281168979271469,0.03318827330159026,45.860096896605285
2024-12-26,1433.0,1456.6500244140625,1426.5999755859375,1452.199951171875,817454,0.0,0.013186284587935804,0.3754873743677315,-0.032803529436172214,1408382.0,1537.6752545321935,-0.045013692922908244,1.016077363429105,0.035117783278230966,42.453866613263735
2024-12-27,1456.0,1471.5,1450.0,1460.5999755859375,412095,0.0,0.005784344233921823,0.37257104739198293,-0.032803529436172214,1382292.2,1536.9083363337234,-0.03472890855516719,1.011928332372912,0.015525479285515462,46.16678989977459
2024-12-30,1461.0,1480.9000244140625,1438.0,1470.1500244140625,829082,0.0,0.006538442412539425,0.3727037637996998,-0.032803529436172214,1333046.9,1536.2440745235776,0.013023272636735639,1.0088018036995818,0.017543268601442563,35.72226719915254
2024-12-31,1468.800048828125,1468.800048828125,1428.050048828125,1464.699951171875,615533,0.0,-0.003707154475176555,0.3547951932290388,-0.032803529436172214,1291449.15,1535.5321926991828,0.034721416162176055,1.0167696753898008,-0.010448716446663439,33.511323130328165
2025-01-01,1468.0,1499.25,1458.5,1493.0999755859375,966551,0.0,0.01938965341764387,0.3480309616703461,-0.032803529436172214,1075574.3,1535.1099815836283,0.041721847987590044,0.9995194692381745,0.055712436524211685,38.53116870852566
2025-01-02,1500.0,1500.0,1472.9000244140625,1484.550048828125,507047,0.0,-0.005726292209238815,0.2685269767724098,-0.032803529436172214,997958.6,1534.6068976756133,0.022276613926439426,1.0061988125742407,-0.021324829500627203,38.38903181183123
2025-01-03,1488.9000244140625,1493.949951171875,1444.0,1449.949951171875,855167,0.0,-0.023306790959026658,0.2749458487789207,-0.032803529436172214,936527.95,1533.7645399989592,-0.007291540868190172,1.0287217113333147,-0.08476865613665145,34.627472362235466
2025-01-06,1454.6500244140625,1465.9000244140625,1432.6500244140625,1451.699951171875,1091378,0.0,0.0012069382109263227,0.2599214550724072,-0.032803529436172214,917032.15,1532.947976926053,-0.01254978943359264,1.0264689977385415,0.004643472637360296,34.74810810671366
2025-01-07,1451.949951171875,1483.8499755859375,1443.25,1473.5999755859375,876238,0.0,0.015085778845954856,0.26456946713750995,-0.032803529436172214,836296.35,1532.3574495495343,0.006076346494680918,1.0091612503625205,0.05702010303370719,43.02131464379682
2025-01-08,1471.199951171875,1473.0,1418.0,1428.300048828125,924955,0.0,-0.030740993151686324,0.25086237025241936,-0.032803529436172214,836937.0,1531.3220525274307,-0.04339958999221272,1.0372995471869302,-0.12254126394222417,34.892856485015116
2025-01-09,1435.0,1454.5999755859375,1413.8499755859375,1430.1500244140625,864314,0.0,0.0012952289593879396,0.2503735047654272,-0.032803529436172214,839310.7,1530.3153656805316,-0.03664411614617158,1.0318078321485646,0.00517318679094883,36.16666664978889
2025-01-10,1399.949951171875,1399.949951171875,1357.949951171875,1369.6500244140625,1963609,0.0,-0.042303254181173755,0.28130254501574825,-0.034113547963630045,884709.8,1528.7167055684276,-0.055381171393476536,1.071122165406897,-0.1503834694242485,36.33623872079079
2025-01-13,1352.0,1381.8499755859375,1302.550048828125,1310.199951171875,1057072,0.0,-0.043405302217710884,0.31010093858600885,-0.04097781495408672,897533.95,1526.5424095047804,-0.0974719327404916,1.1112177934956329,-0.13997152351719458,33.65905602069347
2025-01-14,1316.949951171875,1335.0,1307.0,1323.949951171875,566294,0.0,0.010494581371111922,0.3162868725211897,-0.04097781495408672,881616.1,1524.5265641482342,-0.10155403562256315,1.091731221621498,0.033180577352615426,32.82549643408056
2025-01-15,1343.800048828125,1370.0,1312.5,1342.0999755859375,640880,0.0,0.013708995871027696,0.3232589245568287,-0.04097781495408672,863357.5,1522.711374212291,-0.060351515994774285,1.0706653919061042,0.042408714518044247,32.666892395068984
2025-01-16,1379.0,1379.0,1312.5,1319.8499755859375,1195665,0.0,-0.01657849668783884,0.3238299898465717,-0.04097781495408672,880484.95,1520.6928528329242,-0.0771248099466455,1.0811077170062626,-0.051195061284296114,28.767549081115135
2025-01-17,1327.0,1327.5999755859375,1300.0,1314.6500244140625,1228331,0.0,-0.003939804726341367,0.32080811725990904,-0.04097781495408672,904303.65,1518.6426754357217,-0.040156243580201534,1.0778343799354722,-0.012280875674790671,26.230517632425077
2025-01-20,1329.949951171875,1344.0,1305.9000244140625,1334.0999755859375,696049,0.0,0.014794774891168316,0.3293503620123958,-0.04097781495408672,878679.4,1516.8064296660723,0.01824150916254097,1.0577299441565597,0.04492108146339511,30.85605613896756
2025-01-21,1330.0,1339.0,1304.0,1312.300048828125,781994,0.0,-0.016340549551571604,0.3065306285653831,-0.03173190424529543,870995.65,1514.7715403045008,-0.008799352523438109,1.0713670200129075,-0.05330804655628628,22.97459001462687
2025-01-22,1320.0,1326.4000244140625,1268.949951171875,1295.199951171875,1085424,0.0,-0.013030630968519974,0.2995611505169572,-0.03173190424529543,898756.6,1512.586748372833,-0.0349452539059818,1.0801806983756694,-0.043499066921869375,22.401971903836724
2025-01-23,1303.300048828125,1364.8499755859375,1295.199951171875,1344.699951171875,1519850,0.0,0.03821803726537598,0.3292184885953255,-0.03173190424529543,933876.4,1510.9162329777987,0.018827878960186784,1.036420791551612,0.11608715010985302,35.2982239899374
2025-01-24,1345.0,1372.25,1315.6500244140625,1322.9000244140625,1437157,0.0,-0.016211740573660594,0.32694386305665435,-0.03173190424529543,985129.5,1509.0454249323884,0.006275434409760194,1.0482953848675076,-0.049585699288670716,32.96296713698051
2025-01-27,1300.0,1327.300048828125,1276.75,1301.5,2003383,0.0,-0.01617659990862952,0.3273210346974816,-0.03173190424529543,1043844.55,1506.9802963260959,-0.02443593147628953,1.0590530073097748,-0.04942120334358686,27.20529386579466
2025-01-28,1291.0,1313.550048828125,1250.0,1259.0999755859375,1365219,0.0,-0.0325778136104975,0.3374270977719612,-0.03299432567971094,1081328.85,1504.51382547296,-0.04053956508627332,1.0865519154646346,-0.0965477072236713,27.415899046136545
2025-01-29,1263.0,1404.9000244140625,1223.25,1370.050048828125,9955740,0.0,0.08811855721826656,0.4722017099815281,-0.03299432567971094,1530788.3,1503.1758774466432,0.05779038023320404,0.9940695196218632,0.18661210556732755,43.78747502499854
2025-01-30,1420.0,1479.0,1410.6500244140625,1432.949951171875,5161240,0.0,0.04591066026934687,0.49620578006950444,-0.03299432567971094,1763497.95,1502.4771120110736,0.0656280235030069,0.9486339616411525,0.09252342715089254,56.51099874293152
2025-01-31,1430.0,1432.0,1390.9000244140625,1409.199951171875,1618605,0.0,-0.016574200641534698,0.4987860966914922,-0.03299432567971094,1801669.85,1501.54898105745,0.06523541096466179,0.9631759409904534,-0.033229074385157494,60.99023326981868
2025-02-01,1415.0,1423.949951171875,1381.199951171875,1416.449951171875,541837,0.0,0.005144763164355082,0.49319060769662637,-0.03299432567971094,1774192.8,1500.7022245411758,0.08832113036640421,0.9570016843109674,0.010431591720829839,60.41901556436883
2025-02-03,1420.0,1433.699951171875,1392.550048828125,1413.5999755859375,828289,0.0,-0.002012055267875623,0.4931629714631473,-0.03299432567971094,1771795.35,1499.8355354968453,0.12270669763781195,0.956808865572484,-0.004079899229066483,58.34111342434678
2025-02-04,1420.0,1475.0,1416.8499755859375,1419.800048828125,1523505,2.5,0.004386016800557391,0.4902000404335143,-0.03299432567971094,1801722.85,1499.0391624951665,0.036312542043667406,0.9523312737801953,0.008947401773375102,62.11369419621117
2025-02-05,1426.4000244140625,1441.300048828125,1409.5999755859375,1431.3499755859375,1390475,0.0,0.008134896718270612,0.47918036132016806,-0.03299432567971094,1828030.9,1498.3656382473134,-0.0011165606898057012,0.9446885874425904,0.01697669020928075,63.92933614211118
2025-02-06,1440.0,1448.699951171875,1422.449951171875,1434.550048828125,489797,0.0,0.0022357028656654343,0.4792104463519896,-0.03299432567971094,1754340.3,1497.7306572580678,0.017988999811679784,0.9448432899920132,0.004665388319538808,62.47362063536896
2025-02-07,1446.0,1453.75,1423.4000244140625,1447.800048828125,541048,0.0,0.009236345578060412,0.45368852928337616,-0.03299432567971094,1728539.1,1497.2338352836405,0.022132866488020264,0.9409482986124051,0.02035834009086869,67.19106397304849
2025-02-10,1447.699951171875,1454.550048828125,1418.0,1437.949951171875,467753,0.0,-0.00680349310957884,0.4231824529530533,-0.03299432567971094,1723612.05,1496.6439458894936,0.017225506512791533,0.9513578630194387,-0.016076973185756994,68.45029905294027
2025-02-11,1431.5,1436.949951171875,1362.5,1380.3499755859375,866368,0.0,-0.04005701000858597,0.44994939713756094,-0.04009956225789499,1734886.45,1495.486791956125,-0.02778565423684043,0.9924421464884455,-0.08902558681745196,54.513231757215614
2025-02-12,1380.3499755859375,1387.949951171875,1322.3499755859375,1353.1500244140625,962838,0.0,-0.019705112220057885,0.45419961527165376,-0.04009956225789499,1723245.1,1494.0705057119255,-0.05463370419932623,1.013621897328869,-0.04338425468376904,53.77794335838968
2025-02-13,1360.0,1364.550048828125,1332.0,1340.3499755859375,637262,0.0,-0.009459445440033631,0.4514345136436384,-0.04009956225789499,1693691.65,1492.5409481982342,-0.0656652399957317,1.0242604675511175,-0.020954191459891313,54.95851478319141
2025-02-14,1341.9000244140625,1353.25,1308.5,1342.6500244140625,595239,0.0,0.0017160061700449702,0.45106249537433335,-0.04009956225789499,1688651.15,1491.0494962202822,-0.0726274491420088,1.0228242432099894,0.0038043644718837133,61.879711908292094
2025-02-17,1341.050048828125,1350.5999755859375,1304.0,1310.4000244140625,794453,0.0,-0.024019662170768563,0.45652300960808373,-0.04009956225789499,1689274.1,1489.251989038131,-0.08870261906811439,1.0479242737426706,-0.05261435051268386,39.07308874935895
2025-02-18,1305.0,1333.300048828125,1294.0,1329.449951171875,537675,0.0,0.014537489623697608,0.4555274990082724,-0.04009956225789499,1661886.65,1487.661919009611,-0.036874724029647754,1.034196505618384,0.031913527363796615,27.41162026215116
2025-02-19,1328.75,1354.3499755859375,1316.0,1336.25,497257,0.0,0.0051149340538401145,0.45281391935164544,-0.04009956225789499,1610757.0,1486.1553327508088,-0.012489394456745795,1.028617396698141,0.011295884959113014,32.806999553708195
2025-02-20,1335.5,1348.5,1328.050048828125,1342.050048828125,385983,0.0,0.004340541686155275,0.4333327254673896,-0.04009956225789499,1558198.3,1484.7214493286926,0.0012683801045649812,1.0248853973513368,0.010016648480234473,32.3446052520339
2025-02-21,1342.0,1345.0,1294.0,1310.0999755859375,1595171,0.0,-0.023806916344205065,0.43774479426944957,-0.04009956225789499,1537787.7,1482.9839222267747,-0.024243137255615,1.0502080161649756,-0.05438537730661664,28.419542612263925
2025-02-24,1303.050048828125,1303.550048828125,1253.199951171875,1281.699951171875,1341968,0.0,-0.021677753563319246,0.44069367233086193,-0.04009956225789499,1536625.15,1480.981096644139,-0.02190176488665785,1.0743602618211632,-0.04919007109124865,23.645044077071006
2025-02-25,1270.0999755859375,1295.0,1265.050048828125,1285.5,534756,0.0,0.0029648505679122916,0.4248818361221343,-0.04009956225789499,1065575.95,1479.0360111053913,-0.03305874819366783,1.0678957547069476,0.006978058947380942,21.31764688892852
2025-02-27,1292.9000244140625,1295.449951171875,1240.550048828125,1251.949951171875,530052,0.0,-0.026098832227246183,0.2953679472010444,-0.04009956225789499,834016.55,1476.7764483199833,-0.06308703373479885,1.0892847524769467,-0.08836040467816154,17.919908923238197
2025-02-28,1234.0,1240.5,1192.0,1197.4000244140625,979584,0.0,-0.043571970833779394,0.2655440524104931,-0.04097781495408672,802065.5,1473.9965834054965,-0.10778288376083334,1.1300651150395944,-0.1640856528225563,11.583335669378613
2025-03-03,1194.949951171875,1213.0,1142.300048828125,1205.050048828125,1100500,0.0,0.006388862751030899,0.26851331292595654,-0.04097781495408672,829998.65,1471.3204984843287,-0.08018466431222493,1.1141197019379503,0.023793466489529274,14.02536888212569
2025-03-04,1161.25,1222.25,1161.25,1214.6500244140625,902775,0.0,0.007966453837559007,0.2703310408032436,-0.04097781495408672,833722.95,1468.7665634189532,-0.05231327870185831,1.0971246670866828,0.02946925191866794,19.949250300690622
2025-03-05,1219.0,1298.0,1214.699951171875,1281.75,1466330,0.0,0.05524222964413639,0.3461666297008278,-0.04097781495408672,830864.2,1466.9057020914015,-0.0029171528588097795,1.0343046625478471,0.1595827653753092,38.68821691818674
2025-03-06,1300.0,1331.449951171875,1290.050048828125,1326.800048828125,1600892,0.0,0.035147297700897306,0.3715063594900213,-0.04097781495408672,841385.05,1465.5116159892796,0.05978681303209221,0.9952460478495734,0.09460752382023793,48.05233314168807
2025-03-07,1326.800048828125,1330.25,1296.25,1305.4000244140625,708924,0.0,-0.016129050065202932,0.3718836230045585,-0.04097781495408672,852341.4,1463.918465824352,0.09019542157838933,1.006614814682513,-0.04337122861496092,44.92437930247378
2025-03-10,1305.949951171875,1314.3499755859375,1250.0,1254.0,621553,0.0,-0.03937492220986727,0.39040275902649946,-0.04097781495408672,856366.65,1461.829724870876,0.04062067896638588,1.0401475288841333,-0.10085717964565617,42.69619367562721
2025-03-11,1241.0,1278.0,1225.050048828125,1268.9000244140625,673514,0.0,0.011881997140400724,0.3918170837218712,-0.04097781495408672,866654.7,1459.9100263588678,0.04466307076902232,1.0212723460866937,0.03032536693979738,42.07358599797524
2025-03-12,1275.0,1283.9000244140625,1229.550048828125,1233.9000244140625,536599,0.0,-0.02758294532791261,0.39892063297519464,-0.04097781495408672,850166.25,1457.6611706181234,-0.03733175391920229,1.0443066551814983,-0.06914394081538607,37.52286862426438
2025-03-13,1242.0,1246.5,1200.0,1206.449951171875,483157,0.0,-0.022246594293749755,0.38482464965400703,-0.04097781495408672,826182.2,1455.1615564942801,-0.09070703438890226,1.0619876957329166,-0.05780969003844894,34.29828557780775
2025-03-17,1215.050048828125,1258.5999755859375,1215.050048828125,1250.25,1351602,0.0,0.03630490331205216,0.4081063868007684,-0.04097781495408672,861899.2,1453.1226355341382,-0.04224760485876122,1.0211797679526593,0.088959407636474,43.2548248080601
2025-03-18,1250.25,1250.25,1250.25,1250.25,0,0.0,0.0,0.40766540638289506,-0.04016932221721536,832137.25,1451.104002344744,-0.0029904306220095433,1.0174845060284818,0.0,46.213132713942336
2025-03-19,1256.949951171875,1277.4000244140625,1240.050048828125,1263.0999755859375,1069437,0.0,0.010277924883773215,0.40998450257982544,-0.04016932221721536,845886.45,1449.233315511323,-0.004570926563582711,1.0052608865198365,0.02506905643605761,47.36035640767709
2025-03-20,1273.0,1309.0,1265.050048828125,1281.5999755859375,937523,0.0,0.014646504914559877,0.4063804904117994,-0.04016932221721536,865878.85,1447.5653220792296,0.038657873594358794,0.9888830575718313,0.036041357544759324,53.62248203053992
2025-03-21,1280.0,1328.0,1263.25,1323.4000244140625,1028101,0.0,0.032615519369852075,0.41955896320689795,-0.04016932221721536,892421.05,1446.3298464805714,0.09693736000286535,0.9571633521942446,0.07773762796813863,65.88901919702512
2025-03-24,1331.800048828125,1399.5,1331.0,1384.550048828125,1342704,0.0,0.04620675781016148,0.44885439829011425,-0.04016932221721536,940257.1,1445.715122125821,0.10741855535142975,0.9164240792422375,0.1029437540475174,69.94443360213621
2025-03-25,1400.0,1414.0,1337.949951171875,1342.8499755859375,1115012,0.0,-0.030118140747228406,0.4623293885066353,-0.04016932221721536,916249.15,1444.691588329404,0.07406516743526304,0.9461015949363614,-0.06514433398462796,63.29598217217829
2025-03-26,1343.9000244140625,1375.0,1338.8499755859375,1366.6500244140625,946785,0.0,0.017723535213038266,0.45725258941837066,-0.04016932221721536,896490.0,1443.9150553551221,0.08198088103048962,0.932733314712918,0.03876092828249147,59.674104825016755
2025-03-27,1335.0,1349.050048828125,1312.0,1334.1500244140625,980944,0.0,-0.023780777389539876,0.4587041017919579,-0.04016932221721536,918799.4,1442.8228659925246,0.04100347208894073,0.9572780310863667,-0.05184339267559364,50.86216646672466
2025-03-28,1335.0,1349.0,1300.0,1307.449951171875,673910,0.0,-0.02001279672719991,0.46515014618948014,-0.04016932221721536,925992.3,1441.4758718152048,-0.012052344678812776,0.9789495249112331,-0.043024379248080155,50.237507200284114
2025-04-01,1306.5999755859375,1312.949951171875,1259.75,1270.5999755859375,745532,0.0,-0.028184616591180878,0.4667466711405866,-0.04016932221721536,914289.7,1439.7756141412817,-0.0823011586606307,1.0102215730891926,-0.060385253350503244,51.99040298108124
2025-04-02,1279.0999755859375,1328.800048828125,1266.449951171875,1311.949951171875,745673,0.0,0.03254366156182953,0.4490681259737189,-0.04016932221721536,896548.35,1438.5037169973075,-0.023010779294671102,0.9824555426595261,0.07246931802735188,54.853974043619644
2025-04-03,1281.800048828125,1284.949951171875,1200.3499755859375,1211.0999755859375,4334432,0.0,-0.07687029180942084,0.53045761062107,-0.04235835658300061,1068131.2,1436.2409932021694,-0.11381849489580587,1.0641194160339977,-0.1449131633162695,47.761630095581296
2025-04-04,1200.949951171875,1204.949951171875,1115.5,1134.0,2596684,0.0,-0.06366111563055399,0.5744293896434335,-0.04341363564851431,1124648.9,1433.2336201354813,-0.15002062792898063,1.129953702627246,-0.11082496068284536,43.519104930876445
2025-04-07,1020.5999755859376,1084.9000244140625,1020.5999755859376,1065.300048828125,2787712,0.0,-0.060581967523699265,0.5674652050328354,-0.044422470668275385,1183989.9,1429.5725895752091,-0.18520777956105294,1.1905495547235467,-0.10675890947816738,34.16117835639909
2025-04-08,1090.0,1126.5999755859375,1061.0999755859375,1113.199951171875,2319254,0.0,0.044963766214449974,0.5778272374459763,-0.044422470668275385,1264506.4,1426.4246031234347,-0.12387850420151114,1.1306886007245704,0.0778152404774817,39.15314214976225
2025-04-09,1110.0,1110.0,1063.0999755859375,1078.3499755859375,1492684,0.0,-0.03130612389018761,0.5829906391491457,-0.044422470668275385,1308062.95,1422.9611739937086,-0.1780555541598814,1.1590856606801818,-0.05369918700390442,35.86998087185958
2025-04-11,1130.0,1138.550048828125,1100.050048828125,1118.949951171875,1271330,0.0,0.03765009181168377,0.5924216808281216,-0.044422470668275385,1337953.75,1419.936186701949,-0.07608787570941844,1.110328919477773,0.06355285836859598,37.96700226412242
2025-04-15,1130.0,1165.9000244140625,1130.0,1151.800048828125,962970,0.0,0.029357968711510418,0.6016214789051277,-0.044422470668275385,1359272.3,1417.2681654295727,0.015696692088293718,1.0750976202119094,0.04879807196537822,37.134505217578784
2025-04-16,1154.0999755859375,1169.5,1143.300048828125,1149.199951171875,853859,0.0,-0.002257421033186602,0.595428552216493,-0.044422470668275385,1377807.4,1414.6008200140732,0.07875706232816149,1.0750391959164864,-0.0037912541930862588,30.656689408877682
2025-04-17,1140.0,1152.0,1116.0999755859375,1136.199951171875,1419614,0.0,-0.011312217675212621,0.5921015788188023,-0.044422470668275385,1381208.0,1411.8306621151457,0.020661157931050722,1.0823204909886923,-0.019105197298625115,32.174586750596376
2025-04-21,1140.0,1182.0,1137.0,1166.0999755859375,1225396,0.0,0.026315812092073898,0.5848879115230535,-0.044422470668275385,1442477.8,1409.385580657144,0.08137432372298226,1.0509604780474946,0.044992914238248034,32.88091771914712
2025-04-22,1168.0,1181.0,1157.0,1165.5999755859375,765770,0.0,-0.00042877970197086057,0.584865260082843,-0.044422470668275385,1427294.45,1406.9598532435,0.041690894543769286,1.047228906451682,-0.0007331255998670022,34.781033957064395
2025-04-23,1181.9000244140625,1238.5999755859375,1179.9000244140625,1228.9000244140625,2944078,0.0,0.05430683781226442,0.6162008985836395,-0.044422470668275385,1527622.2,1405.1881136531574,0.06693868060205532,0.9911424575120524,0.0881317068114857,43.34717285274537
2025-04-24,1235.0,1237.699951171875,1208.0,1213.5999755859375,1137209,0.0,-0.012450198164346227,0.6149121727585352,-0.044422470668275385,1533077.6,1403.2817640206479,0.056039007266221796,0.9991142157097936,-0.020247115788947043,44.98945189584589
2025-04-25,1220.0,1233.800048828125,1177.5999755859375,1221.0,1750752,0.0,0.00609758121533388,0.6029179380359171,-0.044422470668275385,1553480.0,1401.4680151249202,0.07463479358599012,0.9863615768645065,0.010113451150687314,41.497622260272806
2025-04-28,1221.0,1277.0,1195.4000244140625,1231.199951171875,5815225,0.0,0.008353768363533964,0.5776149358488748,-0.044422470668275385,1788490.65,1399.7738055333475,0.05582709626010085,0.9736558087009802,0.014462521137255362,52.262491234287076
2025-04-29,1229.0,1275.0,1192.800048828125,1264.800048828125,4067879,0.0,0.02729052874333604,0.5803075032584137,-0.044422470668275385,1944545.35,1398.4307830785692,0.08510644759778785,0.9437637881636197,0.047027701899119534,66.32143559855467
2025-04-30,1269.0,1287.0,1240.0,1253.5999755859375,2214690,0.0,-0.008855212531470702,0.5760973170823825,-0.044422470668275385,2006232.65,1396.9896805164535,0.020099235642583535,0.9489829340129905,-0.01537103561357853,77.43294761160823
2025-05-02,1253.5999755859375,1278.9000244140625,1233.0999755859375,1236.5,1083460,0.0,-0.013640695532037617,0.5726529223898983,-0.044422470668275385,2026710.15,1395.3927682725089,0.01886949973199048,0.9592377560465527,-0.02382017931019721,69.73429808877484
2025-05-05,1233.5999755859375,1267.0,1233.0999755859375,1258.5999755859375,703377,0.0,0.017873008965578308,0.5734966440519822,-0.044422470668275385,2024602.4,1394.0316459572196,0.03079441079929368,0.9419176134972176,0.031164975138561632,80.07671697003735
2025-05-06,1264.0,1271.4000244140625,1236.0,1241.4000244140625,894504,0.0,-0.013665939540375094,0.5670520078809097,-0.044422470668275385,2032043.95,1392.5129233548,0.008284660206881123,0.9521266036478118,-0.02409997515121296,72.16287976730351
2025-05-07,1212.0,1286.0999755859375,1212.0,1283.0,1379368,0.0,0.03351053227630851,0.5677711267832817,-0.044422470668275385,1884290.75,1391.4232425253992,0.014389587657541503,0.9240568902840024,0.059021197284108304,73.01751553986199
2025-05-08,1283.4000244140625,1316.5999755859375,1262.0,1273.199951171875,1347598,0.0,-0.007638385680533877,0.49653086782106515,-0.044422470668275385,1821836.45,1390.2468913676528,0.01563495211203758,0.9366360615199115,-0.015383505883971475,71.21832938338288
2025-05-09,1235.9000244140625,1266.0,1235.199951171875,1244.199951171875,874619,0.0,-0.02277725503626349,0.445053517210556,-0.044422470668275385,1726181.8,1388.7936879826202,0.006227214857966068,0.9656566710025405,-0.051178686705447694,67.52107906703858
2025-05-12,1300.0,1336.5,1286.4000244140625,1325.0999755859375,1900130,0.0,0.06502172286525587,0.42478154987220823,-0.044422470668275385,1705225.6,1388.1599197000662,0.05283648600822599,0.9146970088765597,0.1530709640145798,72.13250464127682
2025-05-13,1330.0,1355.0,1315.0,1346.0999755859375,1308106,0.0,0.015847860830813243,0.4068560955765789,-0.044422470668275385,1695996.7,1387.741412793458,0.08434022000385655,0.9103725624818008,0.03895200443988505,73.76875256080561
2025-05-14,1349.0,1378.5999755859375,1346.199951171875,1351.5,987041,0.0,0.004011607244634119,0.3798365099337942,-0.044422470668275385,1681782.25,1387.3808017208864,0.05339049103663296,0.9153385028281654,0.01056140479944726,69.04908487933861
2025-05-15,1353.0,1401.9000244140625,1353.0,1393.199951171875,2261019,0.0,0.030854569864502412,0.3745387966740589,-0.044422470668275385,1746684.7,1387.4387037054735,0.09425071049488332,0.8966049565525352,0.08238016812862196,75.78976702983158
2025-05-16,1404.0,1404.0,1361.5999755859375,1364.800048828125,1270996,0.0,-0.02038465643058751,0.3829488536252426,-0.044422470668275385,1767541.55,1387.2134434579377,0.09692983635199504,0.9231608598300496,-0.053230753154907204,69.47454870689467
2025-05-19,1364.800048828125,1367.5,1336.199951171875,1345.5999755859375,777521,0.0,-0.014068048472502204,0.3892184822487388,-0.044422470668275385,1735436.9,1386.7993791010024,0.015470530811032113,0.9441141578794818,-0.03614434759053458,65.12427314608904
2025-05-20,1354.0,1361.800048828125,1310.5,1317.699951171875,996510,0.0,-0.020734263466312464,0.39635776118479316,-0.044422470668275385,1723992.6,1386.1118226041954,-0.021098005296152245,0.9698565940111897,-0.0523119892523706,57.10065801125747
2025-05-21,1313.0999755859375,1338.800048828125,1308.800048828125,1331.5999755859375,544598,0.0,0.010548702230504636,0.3905845185866026,-0.044422470668275385,1712934.0,1385.5694161662027,-0.014724398382584214,0.9659657631086018,0.027007475868736874,60.39445762016698
2025-05-22,1329.9000244140625,1332.800048828125,1309.0999755859375,1320.199951171875,418410,0.0,-0.008561147959653681,0.39343990340529233,-0.044422470668275385,1586650.6,1384.9189737284482,-0.05239736043530352,0.9777647558344008,-0.02175973425155426,61.32610974291771
2025-05-23,1320.199951171875,1350.0,1320.199951171875,1329.0,633833,0.0,0.006665693950612228,0.35258823855512456,-0.044422470668275385,1561481.8,1384.3625660296577,-0.026230984427985993,0.9756320422354096,0.01890503718693874,59.88209008572077
2025-05-26,1336.0,1344.699951171875,1329.0999755859375,1335.5,461591,0.0,0.004890895410082807,0.3474952315980777,-0.044422470668275385,1497023.75,1383.8763713427954,-0.00750592729576971,0.9751703363016544,0.014074711894155224,63.61793663688736
2025-05-27,1335.5,1360.0,1321.4000244140625,1329.800048828125,767481,0.0,-0.004268027833676524,0.34885722187248425,-0.044422470668275385,1244636.55,1383.3382984819532,0.009182741219265322,0.9830575582890769,-0.012234310897807592,57.55814501049099
2025-05-28,1330.0,1345.0,1321.0,1331.699951171875,534000,0.0,0.0014287127943966027,0.3486677553042971,-0.044422470668275385,1067942.6,1382.824484080858,7.507929390992985e-05,0.9841668785656549,0.004097633726334594,59.69506286057153
2025-05-29,1335.0,1361.0,1335.0,1346.300048828125,1367054,0.0,0.010963503936004537,0.339370968598107,-0.044422470668275385,1025560.8,1382.4610568644127,0.019769806560803405,0.9769367452209606,0.03230536677382729,67.7688966435884
2025-05-30,1350.0,1352.0,1326.0,1337.800048828125,750022,0.0,-0.006313600008704401,0.3383468504945441,-0.044422470668275385,1008888.9,1382.0166687247483,0.00662155668030473,0.9869299910632636,-0.01866014066002013,52.954879397650444
2025-06-02,1337.800048828125,1337.800048828125,1323.0,1331.5999755859375,425981,0.0,-0.004634529089469375,0.33407226720666994,-0.04043527447555886,995019.1,1381.5150100865512,-0.0029202728671378075,0.9942663070805458,-0.013872833532374425,46.37681333000535
2025-06-03,1330.300048828125,1352.0,1316.699951171875,1321.0999755859375,697264,0.0,-0.007885250970645075,0.3322547828704703,-0.04043527447555886,985157.1,1380.9138654646547,-0.006542392030933097,1.0051850823810615,-0.023732542433839755,42.592589258620265
2025-06-04,1325.0,1331.0,1311.0,1318.300048828125,488279,0.0,-0.0021193905151429826,0.32754378194368244,-0.04043527447555886,940602.65,1380.290842413545,-0.01006225338670197,1.0086588340919784,-0.006470556204305617,27.480492955805985
2025-06-05,1319.0,1329.0,1309.4000244140625,1320.5,609136,0.0,0.001668778798749715,0.3082557545991685,-0.04043527447555886,903679.55,1379.6959086581865,-0.01916366923597934,1.0087693999816594,0.005413617490396858,34.18985794265778
2025-06-06,1320.5,1325.0,1310.0,1318.699951171875,508183,0.0,-0.001363157007288951,0.3066616777438327,-0.04043527447555886,885357.75,1379.088983708074,-0.014277243952099727,1.0129711398629428,-0.004445149367428164,39.03830135851915
2025-06-09,1315.5,1364.199951171875,1312.800048828125,1353.4000244140625,1104628,0.0,0.02631385040346057,0.30413438358543887,-0.04043527447555886,845582.65,1378.8333721728104,0.016371319636388826,0.9880449024641624,0.08652046910330238,63.783799000671756
2025-06-10,1360.0,1391.0,1354.4000244140625,1369.699951171875,1528737,0.0,0.012043687353167742,0.2120326909179162,-0.03276991607186319,856614.2,1378.742492361856,0.03678750774662776,0.9771483110234389,0.05680108446022291,64.44274766996776
2025-06-11,1369.699951171875,1396.0,1359.699951171875,1382.0,1193380,0.0,0.008980104597069882,0.20753017927235365,-0.03276991607186319,866931.15,1378.7749053731807,0.048319766982106716,0.9695549883476733,0.04327131695179433,73.26808204075226
2025-06-12,1388.300048828125,1391.4000244140625,1355.0,1361.300048828125,685439,0.0,-0.014978256998462336,0.2147448437258266,-0.03276991607186319,788152.15,1378.6010262035782,0.03089742433027265,0.9831263871116424,-0.0697490847328322,61.16104338504855
2025-06-13,1340.0,1360.800048828125,1330.0,1352.5,589415,0.0,-0.006464444657664159,0.1849762435225567,-0.03276991607186319,754073.1,1378.3413145000602,0.025631341533066898,0.9890683891592537,-0.03494742992443547,55.78231287204405
2025-06-16,1346.0999755859375,1415.0,1345.0,1405.800048828125,2803923,0.0,0.03940853887476892,0.2200728145610096,-0.03276991607186319,855393.2,1378.6145357371554,0.03871732190691257,0.9537095984010161,0.17907044612790846,69.52722550519307
2025-06-17,1415.0,1425.0999755859375,1387.699951171875,1400.5999755859375,1642441,0.0,-0.0036990134169665456,0.21366806526252036,-0.03276991607186319,887689.75,1378.8332963326657,0.022559703231080253,0.9602099276476713,-0.01731196114544395,67.40776420580778
2025-06-18,1397.5999755859375,1424.9000244140625,1390.800048828125,1421.800048828125,1428464,0.0,0.01513642268437021,0.20136720536529495,-0.03276991607186319,931883.05,1379.2608262082424,0.028798877589091942,0.94906453688407,0.07516825743908523,68.45963561696173
2025-06-19,1431.5,1434.5,1348.0999755859375,1393.0,2691020,0.0,-0.020256047150837064,0.2159206533892527,-0.03276991607186319,1045513.55,1379.3975344051753,0.023286527609518437,0.9712993591702934,-0.09381245330059178,62.27755317142121
2025-06-20,1386.0,1408.0,1378.300048828125,1394.5,1659325,0.0,0.001076812634601687,0.21240061677904,-0.03276991607186319,1096788.15,1379.547807694676,0.031053604436229287,0.9726030887947068,0.005069724373845155,64.28895080436452
2025-06-23,1390.0,1412.9000244140625,1375.0,1390.300048828125,907773,0.0,-0.0030117971831301604,0.2127663675509497,-0.03276991607186319,1119097.25,1379.6547951686407,-0.011025750079409091,0.977512020452813,-0.01415541881098646,66.18335307359192
2025-06-24,1366.5999755859375,1366.5999755859375,1301.4000244140625,1306.0999755859375,5151483,0.0,-0.06056251908583277,0.30380465136750867,-0.060563491507726094,1338297.35,1378.922906416574,-0.0674710849973178,1.0396217988552998,-0.19934690538724503,47.93359412947706
2025-06-25,1308.800048828125,1312.0,1285.0,1295.4000244140625,2330802,0.0,-0.008192291074100022,0.30465857824185194,-0.060563491507726094,1428137.45,1378.0918329638127,-0.08890140671906988,1.0468079235825158,-0.02689007101810833,45.86764084893455
2025-06-26,1295.0,1297.5,1262.800048828125,1275.9000244140625,2513780,0.0,-0.015053265116943493,0.3082841003530686,-0.060563491507726094,1485473.75,1377.074999047895,-0.08406315548164933,1.060047795802844,-0.048829195574508974,43.34164730607769
2025-06-27,1276.5,1295.199951171875,1262.0999755859375,1267.0999755859375,1467520,0.0,-0.006897130386188555,0.3051195513029146,-0.060563491507726094,1521348.65,1375.9807202074776,-0.09135892751098063,1.0646200227878717,-0.022604681118236356,35.39763491935234
2025-06-30,1273.0,1284.5,1255.800048828125,1258.699951171875,1414394,0.0,-0.006629330420575674,0.30516855875392085,-0.060563491507726094,1570769.3,1374.8137473812526,-0.09465589659381435,1.0688289948764798,-0.02172350333340317,30.702387314205055
2025-07-01,1265.0,1268.5,1235.0,1247.300048828125,1520826,0.0,-0.00905688630013568,0.30590179340938783,-0.060563491507726094,1611947.4,1373.5449543608236,-0.04501946853757033,1.0756393448270396,-0.02960716870313728,26.50857002394477
2025-07-02,1249.0,1263.0999755859375,1239.199951171875,1241.5999755859375,1581126,0.0,-0.004569929462876932,0.305440425777984,-0.032768943649969864,1666589.75,1372.2320689998794,-0.04153161016996265,1.0774887483633917,-0.014961769718658612,27.972040210785323
2025-07-03,1240.0,1266.0,1238.699951171875,1261.5999755859375,1025367,0.0,0.01610824773942321,0.3123793730625009,-0.023203698478959693,1687401.3,1371.1312521499895,-0.011207812959085128,1.0580731042115323,0.05156629602600972,33.93426330531982
2025-07-04,1265.9000244140625,1270.0,1252.5999755859375,1263.800048828125,573508,0.0,0.0017438754635086262,0.3123903053424083,-0.020836413044810015,1690667.55,1370.0632799776326,-0.0026043144356360237,1.0540591516509628,0.005582360841107316,19.37018537906245
2025-07-07,1263.800048828125,1271.5,1257.0999755859375,1268.800048828125,720422,0.0,0.0039563220500238305,0.31304851579360204,-0.020836413044810015,1671457.25,1369.0556856378366,0.008024229799045157,1.0465715301409175,0.012638047216463487,21.545811361114076
2025-07-08,1268.9000244140625,1274.5,1260.5,1271.300048828125,480241,0.0,0.0019703656240468437,0.29657616408411963,-0.020402136782373757,1619032.45,1368.0829927342575,0.019241561020180153,1.040643406446211,0.0066437084170085,14.654791805866893
2025-07-09,1271.300048828125,1275.800048828125,1257.0,1259.5999755859375,394008,0.0,-0.009203235108008134,0.2922725135884573,-0.020402136782373757,1579063.85,1367.0035597278065,0.014497422965480844,1.0454509667598735,-0.031488540198759886,15.934650657717057
2025-07-10,1259.699951171875,1263.9000244140625,1243.5999755859375,1253.199951171875,676226,0.0,-0.005080997569157142,0.2885492315446188,-0.020402136782373757,1578603.2,1365.8711855133197,-0.006658231275061044,1.0464770654498339,-0.017608771182202047,14.798228360079833
2025-07-11,1240.0,1277.5,1239.9000244140625,1268.4000244140625,1095318,0.0,0.012129008804998564,0.2913976520689944,-0.020402136782373757,1603898.35,1364.9013232138248,0.003639796968043285,1.0306212420240228,0.04162356251892911,21.20929576760632
2025-07-14,1268.4000244140625,1271.5999755859375,1254.0999755859375,1267.199951171875,463763,0.0,-0.0009461315193066699,0.2912450951076644,-0.020402136782373757,1486890.35,1363.9291702581836,-0.001261110966797263,1.0261285146512318,-0.0032485748351269773,34.887362633286685
2025-07-15,1267.199951171875,1296.5,1265.5999755859375,1291.9000244140625,1130498,0.0,0.019491851478802058,0.26140332489416285,-0.020402136782373757,1461293.2,1363.2124623393368,0.01620386595983092,1.0023027955981365,0.07456619284024793,48.77365474486996
2025-07-16,1293.0,1300.9000244140625,1283.300048828125,1286.4000244140625,456473,0.0,-0.004257295375851178,0.2614055243691436,-0.020402136782373757,1412693.65,1362.4481594744086,0.021276634921859383,1.001325389020827,-0.01628617154615878,54.07924009164025
2025-07-17,1284.0,1297.0,1275.0,1282.0999755859375,395385,0.0,-0.0033426995852893215,0.25211365748252745,-0.020402136782373757,1297911.9,1361.648675057608,0.02306098431223047,1.0003588082715327,-0.013258700405526349,56.03862591353916
2025-07-18,1285.0,1287.0999755859375,1265.9000244140625,1273.800048828125,334579,0.0,-0.006473696993886446,0.24590450622345544,-0.020402136782373757,1231674.6,1360.7745593737327,0.004257351237876961,1.00213923470791,-0.026326059778437518,56.08382591078228
2025-07-21,1273.800048828125,1275.0999755859375,1256.300048828125,1264.5999755859375,410123,0.0,-0.007222541128532267,0.24536890795013072,-0.020402136782373757,1206792.1,1359.8175983410183,-0.0020517484896784843,1.004459929593827,-0.02943543619489813,57.09592035973823
2025-07-22,1264.5999755859375,1273.699951171875,1251.300048828125,1256.0,414910,0.0,-0.006800550175523168,0.2454248154266406,-0.020402136782373757,969963.45,1358.784587412252,-0.027788546896533206,1.0093431557819343,-0.027709300245813584,55.76922130162848
2025-07-23,1260.0,1283.800048828125,1260.0,1274.0999755859375,752865,0.0,0.014410808587529855,0.1488613898010366,-0.020402136782373757,891066.6,1357.9419544587563,-0.009561604939899992,0.9941684526272615,0.09680688618265637,55.085419087031816
2025-07-24,1274.0999755859375,1283.4000244140625,1251.0,1253.0,554957,0.0,-0.016560690675968326,0.15648493143394107,-0.020402136782373757,793125.45,1356.897755906928,-0.022697118898733604,1.0099960095770153,-0.10582929273715003,46.1918100691646
2025-07-25,1253.0,1260.0,1225.0,1227.199951171875,815783,0.0,-0.020590621570730216,0.16352832793296104,-0.02059780366550933,760538.6,1355.6072304866789,-0.0365835263541725,1.0296040165033657,-0.125914699745627,37.207868907065375
2025-07-28,1221.0999755859375,1229.800048828125,1180.0,1192.800048828125,1380560,6.0,-0.02803121228199279,0.1865888310498332,-0.020836413044810015,758846.9,1353.9872585298772,-0.05677678961249766,1.0565350034150622,-0.15022984292241975,29.820076722695475
2025-07-29,1192.800048828125,1227.5,1188.0999755859375,1218.4000244140625,504050,0.0,0.021462084622723143,0.20391018232737784,-0.020836413044810015,708008.1,1352.638131822257,-0.029936286294536263,1.033150014131662,0.1052526329251152,40.115181783884566
2025-07-30,1218.4000244140625,1282.9000244140625,1192.199951171875,1268.5,4133160,0.0,0.041119480123148255,0.2493948944746847,-0.020836413044810015,835609.8,1351.8009364807422,-0.004395240321201754,0.9934056000489628,0.16487698579792823,53.0345185943741
2025-07-31,1239.9000244140625,1263.699951171875,1212.0,1226.4000244140625,1955639,0.0,-0.033188786429592,0.2756543710990012,-0.023039952898549952,882123.4,1350.5531662114222,-0.021229030794842396,1.0260722285167354,-0.12039999617373125,42.473118258257216
2025-08-01,1226.4000244140625,1232.199951171875,1202.0,1206.5,715193,0.0,-0.016226373139196726,0.2739434953540507,-0.02109911090709648,889207.65,1349.1198013734975,-0.016867627114968697,1.0406216358575295,-0.05923255277844751,39.80517950298809
2025-08-04,1204.5,1220.0,1195.0999755859375,1217.0,363103,0.0,0.008702859510982153,0.2761878354839655,-0.02109911090709648,871341.7,1347.805176484209,0.020288355282723547,1.0295152023177512,0.031510653539919845,36.79011344483696
2025-08-05,1219.0,1219.199951171875,1200.9000244140625,1210.300048828125,336953,0.0,-0.005505300880751851,0.27571161139111877,-0.02109911090709648,864177.3,1346.4369662587753,-0.006648042862468673,1.0326943326416387,-0.019967605474787535,36.63505069028895
2025-08-06,1204.300048828125,1214.0999755859375,1195.0999755859375,1209.0,486218,0.0,-0.0010741541565529866,0.2753464656166982,-0.02109911090709648,868787.8,1345.0694342562006,-0.046905794245171495,1.031712160828293,-0.0039011000745413043,37.02520056140094
2025-08-07,1195.0,1215.0,1193.5999755859375,1209.5,392195,0.0,0.00041356492969391034,0.2742985355781176,-0.02109911090709648,854586.25,1343.7204846616116,-0.013780189234859797,1.0294791276418458,0.0015077182739787112,38.262126348887655
2025-08-08,1209.0,1209.0,1187.300048828125,1190.800048828125,1236355,0.0,-0.015460893899855277,0.2781971652228899,-0.02109911090709648,861638.1,1342.1988882851592,-0.013012806607438865,1.0423874329910074,-0.05557530872651062,36.97953703595861
2025-08-11,1190.800048828125,1208.800048828125,1185.800048828125,1199.0999755859375,628290,0.0,0.00697004233916565,0.2753894400132899,-0.02109911090709648,869864.45,1340.7750185070577,-0.014708319156994665,1.0323326098971324,0.025309765275428255,39.95053364490464
2025-08-12,1192.0,1227.0,1191.199951171875,1219.4000244140625,743202,0.0,0.016929404754766564,0.28352568257706773,-0.020962651106293344,850499.65,1339.5673071230478,0.007518776517235093,1.0121740057511392,0.0597103020925161,40.41360169437408
2025-08-13,1219.5,1226.9000244140625,1207.0,1216.0,455057,0.0,-0.0027882764851479003,0.2728694581732295,-0.020962651106293344,850428.85,1338.3377816790376,0.005789909015715411,1.0121093800193386,-0.010218352767037243,43.08669275514339
2025-08-14,1215.9000244140625,1230.0,1206.0,1213.0,704643,0.0,-0.002467105263157854,0.27281439681598224,-0.020962651106293344,865891.75,1337.0906395727784,0.0028937577511367607,1.0117642269779215,-0.00904316341629992,47.09968083473736
2025-08-18,1215.0999755859375,1229.4000244140625,1201.0,1208.5,663130,0.0,-0.0037098103874690924,0.27282904493831084,-0.020962651106293344,882319.3,1335.811130721308,0.014863915389736304,1.012829958529427,-0.013597563457117552,53.65285206052203
2025-08-19,1208.5,1214.0,1191.9000244140625,1199.5,596405,0.0,-0.007447248655357841,0.2730207940283706,-0.020962651106293344,891633.4,1334.4548010623896,0.0003336038880885628,1.0177157199695837,-0.027277220436959706,45.23448524421242
2025-08-20,1201.9000244140625,1221.4000244140625,1193.5999755859375,1214.5999755859375,1116352,0.0,0.012588558220873347,0.277490473068388,-0.020962651106293344,926705.5,1333.262215734266,-0.003936402109251613,1.003359154766084,0.04536572959790797,33.496617059788605
2025-08-21,1214.5999755859375,1225.0,1208.199951171875,1214.0999755859375,560998,0.0,-0.000411658167339235,0.2769142550630246,-0.020962651106293344,917112.15,1332.076521802442,-0.0015625200773540238,1.0013013996611873,-0.00148659068627448,44.94656783526387
2025-08-22,1212.5,1218.5999755859375,1192.5,1196.5999755859375,858810,0.0,-0.014413969485135958,0.27407391058790864,-0.020962651106293344,932304.8,1330.7284964669543,-0.01352021798356351,1.013588524492665,-0.05259153973576522,45.85078347845827
2025-08-25,1213.4000244140625,1237.5,1200.0,1203.0,1881697,0.0,0.005348507892897647,0.2707445776598451,-0.020962651106293344,985600.5,1329.4575661538504,-0.004551096400496446,1.007190362513313,0.019754810019018153,43.92360848222127
2025-08-26,1200.0,1217.800048828125,1191.199951171875,1200.0999755859375,921540,0.0,-0.0024106603608167188,0.2620299598712893,-0.020962651106293344,962649.5,1328.1704259491944,0.0005001880666424263,1.0099283618847266,-0.009199941373121745,45.42187112479612
2025-08-28,1204.0,1206.0999755859375,1176.0,1184.4000244140625,1213402,0.0,-0.01308220272582683,0.2472513153213294,-0.020962651106293344,998117.1,1326.7398746901385,-0.024864113106297547,1.021880257930731,-0.05291054642002471,40.22257948292764
2025-08-29,1180.0,1197.4000244140625,1167.5,1190.5,730129,0.0,0.005150266345996801,0.23539945265510268,-0.020962651106293344,827965.55,1325.3842540464557,-0.01943824731118038,1.0133683346840876,0.021878836459124605,42.77016200892931
2025-09-01,1192.0,1228.0,1186.699951171875,1225.5,540595,0.0,0.029399412011759773,0.21123902096158714,-0.020962651106293344,757213.35,1324.3903808718642,0.024151784225059147,0.9843900458757269,0.13917604089514085,61.74677131700759
2025-09-02,1225.5,1229.5,1204.5,1206.0999755859375,1018542,0.0,-0.015830293279528784,0.18547408768059181,-0.020962651106293344,772380.8,1323.2133619137953,0.002576870811253018,1.0002072999080702,-0.08535042616457642,52.20402950297738
2025-09-03,1210.0999755859375,1219.9000244140625,1203.0999755859375,1216.4000244140625,643844,0.0,0.00853996272002333,0.17913538991157968,-0.020962651106293344,786417.85,1322.1505426351912,0.01358224244623174,0.9917132333187719,0.047673227760892674,48.99193576856865
2025-09-04,1221.0,1227.0,1215.9000244140625,1224.9000244140625,504560,0.0,0.0069878328094366005,0.1782360445315588,-0.020962651106293344,794798.2,1321.1828757872197,0.03419452817052737,0.9854273621860681,0.03920549536288867,52.891495404192106
2025-09-05,1229.9000244140625,1249.4000244140625,1220.0,1233.0,1009918,0.0,0.006612764653843639,0.17814804625275024,-0.020962651106293344,820983.2,1320.305434237098,0.03569928601427974,0.9799270072992701,0.03711948809849309,56.28930812653772
2025-09-08,1233.0,1238.199951171875,1217.9000244140625,1230.9000244140625,462820,0.0,-0.0017031432164943405,0.17825116504766395,-0.020962651106293344,824514.45,1319.4158281692073,0.00440638467079757,0.9824680942681497,-0.009554737667445525,57.151988424718645
2025-09-09,1234.0,1254.5,1229.300048828125,1240.4000244140625,963684,0.0,0.0077179298168608135,0.17978159852117317,-0.020962651106293344,810880.9,1318.629601266171,0.02843881064789966,0.9769429024095896,0.04292947360047599,63.01719624241476
2025-09-10,1241.0,1291.9000244140625,1240.4000244140625,1288.5,1543794,0.0,0.03877779316286212,0.21157790690190525,-0.020962651106293344,856656.1,1318.329804238647,0.05927324411282209,0.943942569825924,0.18327901952471168,69.43714721473778
2025-09-11,1288.5,1290.0,1257.0,1261.300048828125,622590,0.0,-0.021109779722060518,0.22807028141892818,-0.02145585135005713,850625.5,1317.7623439858062,0.02971673090746707,0.9659596886350637,-0.09255821786663689,60.88562938594416
2025-09-12,1265.5,1271.9000244140625,1250.0,1252.9000244140625,454361,0.0,-0.006659814547590792,0.22387715310173958,-0.02145585135005713,850590.7,1317.1169477711621,0.016139516961932276,0.9739085161505674,-0.029747627919352725,63.55321663113604
2025-09-15,1246.0,1256.800048828125,1240.9000244140625,1251.800048828125,347973,0.0,-0.0008779436223986803,0.22352597091054513,-0.02145585135005713,832757.2,1316.467028378694,0.01697946543141171,0.9763140744782952,-0.00392770280583192,62.0553538043436
2025-09-16,1256.0,1259.9000244140625,1244.0,1248.199951171875,742090,0.0,-0.002875936663862766,0.2236213118203812,-0.02145585135005713,836705.2,1315.7877539786264,0.006288234927677383,0.980720278440027,-0.012860744406889776,61.84145278058611
2025-09-17,1262.0,1299.0,1259.0,1296.9000244140625,1588234,0.0,0.03901624350847421,0.2575847863438699,-0.02145585135005713,886296.65,1315.599816371019,0.006519227329501387,0.9476482240318217,0.1514695124179162,73.82464067361069
2025-09-18,1303.199951171875,1328.0,1294.0,1301.4000244140625,1993365,0.0,0.0034698125647989464,0.2545011085809013,-0.02061657947829673,930147.3,1315.4585249087609,0.0317925743546863,0.9477063041239111,0.013633781195723726,73.64604828960415
2025-09-19,1305.0,1309.800048828125,1280.9000244140625,1285.199951171875,714104,0.0,-0.012448188826092443,0.2586139102204131,-0.02061657947829673,937802.6,1315.1574445730705,0.0257801309988146,0.9624183419674749,-0.04813425671550481,63.83864092163554
2025-09-22,1257.0,1271.0,1250.0,1262.4000244140625,761244,0.0,-0.01774037319019739,0.268132988435302,-0.02061657947829673,932924.3,1314.632495118752,0.008467786525380605,0.9824065150193186,-0.06616258831893822,62.84801998136959
2025-09-23,1262.4000244140625,1275.0,1246.5999755859375,1249.699951171875,1018057,0.0,-0.010060260611989613,0.26518410942943804,-0.02061657947829673,889742.3,1313.9864001541066,0.0012017305389186994,0.9942586658008338,-0.03793688940964851,57.51690931036925
2025-09-24,1249.699951171875,1249.699951171875,1238.0,1240.5999755859375,391064,0.0,-0.007281728368000784,0.2668990547458534,-0.02061657947829673,863218.5,1313.2561869743238,-0.04341124818280517,1.0031839679149699,-0.027282704699376114,53.53443136397846
2025-09-25,1239.0,1280.0,1234.800048828125,1255.699951171875,1018183,0.0,0.012171510465172952,0.26891100214945185,-0.02061657947829673,853457.55,1312.6834881106179,-0.03511608451272574,0.9939595850717441,0.045262223989579235,54.95415568352642
2025-09-26,1259.9000244140625,1259.9000244140625,1208.0,1212.800048828125,643346,0.0,-0.03416413475505342,0.2929425394951554,-0.02145585135005713,849118.4,1311.6896230431305,-0.05633357072394385,1.0300378913159578,-0.1166240097723271,46.64691106348677
2025-09-29,1215.9000244140625,1228.4000244140625,1204.5999755859375,1209.800048828125,428466,0.0,-0.002473614676136271,0.2928671892354749,-0.02145585135005713,843511.95,1310.675796434026,-0.041666646521455464,1.031943260816965,-0.00844619910523815,44.19134911286675
2025-09-30,1215.699951171875,1220.0,1066.199951171875,1097.699951171875,5978196,0.0,-0.09266002077354518,0.42068417981379636,-0.02828909098937275,1091494.65,1308.5566337946016,-0.12162919575812237,1.1323905086963841,-0.22026028792419902,20.861337275601585
2025-10-01,1110.0,1163.300048828125,1105.5999755859375,1153.199951171875,3024116,0.0,0.05056026461579943,0.45995241684602245,-0.02828909098937275,1210508.25,1307.0107961565645,-0.07044980342900886,1.0751517992881137,0.10992498716117312,34.80460522959065
2025-10-03,1153.199951171875,1160.5999755859375,1142.0,1157.699951171875,589353,0.0,0.003902185388949375,0.4589278608253591,-0.02828909098937275,1214747.9,1305.5251161069657,-0.07804412185294907,1.0680703558185796,0.008502829392190733,36.46958114017147
2025-10-06,1157.800048828125,1168.800048828125,1148.0999755859375,1156.699951171875,733234,0.0,-0.0008637816724339498,0.45780690198480106,-0.02828909098937275,1200913.7,1304.0442686946762,-0.04625667496505881,1.0656955549181346,-0.0018867816317780428,36.479948116904865
2025-10-07,1160.0,1173.0,1144.0999755859375,1170.5,645531,0.0,0.011930534633587397,0.4594816359198717,-0.02828909098937275,1210049.25,1302.715470001197,-0.03248474726562711,1.0505510423897373,0.025965203919522707,39.26500140485965
2025-10-08,1170.0,1184.0,1151.5,1160.800048828125,1506566,0.0,-0.008287015097714678,0.4599820065954907,-0.02828909098937275,1237193.35,1301.3033762581815,0.057483921347437406,1.0559010551173518,-0.018015954534592815,28.925369251071302
2025-10-09,1160.800048828125,1168.699951171875,1145.300048828125,1162.4000244140625,575948,0.0,0.0013783386618158033,0.45875122836772714,-0.02828909098937275,1188801.05,1299.92125335426,0.007977864751761876,1.0490235477870504,0.003004544830701799,28.28124998762695
2025-10-10,1162.4000244140625,1175.9000244140625,1150.9000244140625,1154.0999755859375,739324,0.0,-0.007140441030452416,0.4333372515032838,-0.02828909098937275,1194637.75,1298.4702953665155,-0.0031095929323426974,1.0519235937771534,-0.01647779146820105,28.997118564171316
2025-10-13,1145.0,1159.699951171875,1135.699951171875,1155.0,415973,0.0,0.0007798496084410189,0.42961775019704174,-0.02828909098937275,1192718.35,1297.0427302384905,-0.001469656128326724,1.046865794524486,0.0018152173413020574,31.495520779448782
2025-10-14,1159.800048828125,1190.0,1142.0,1156.5999755859375,599444,0.0,0.0013852602475650233,0.4298527267589315,-0.02828909098937275,1205291.9,1295.645289893689,-0.01187528783772962,1.041302104821102,0.0032226391252265078,33.32139308077957
2025-10-15,1156.0,1170.0,1148.0999755859375,1165.800048828125,411190,0.0,0.007954412447161552,0.43160185534143714,-0.02828909098937275,1188746.9,1294.3532974452755,0.004307374043486467,1.0295504748888875,0.01842997699018023,36.604601139301735
2025-10-16,1170.0,1173.5,1150.0999755859375,1161.9000244140625,693986,0.0,-0.0033453630560256187,0.4316029267829728,-0.02828909098937275,1144034.5,1293.0353544300397,-0.0004301445195271647,1.0271968059372039,-0.007751020141245704,32.500021618608955
2025-10-17,1160.0,1163.300048828125,1141.0,1144.800048828125,804419,0.0,-0.014717252110017731,0.40493940960020597,-0.02828909098937275,1084587.2,1291.5603762648466,-0.008058163897881498,1.0357005106096029,-0.036344330528620745,35.962026163324026
2025-10-20,1145.0,1154.4000244140625,1142.0,1146.5999755859375,312821,0.0,0.0015722629988135228,0.40445681766769,-0.02828909098937275,1064523.05,1290.1179842182903,-0.007272748410443675,1.0280307181548027,0.0038873444364384085,36.88795822953256
2025-10-21,1152.0,1155.300048828125,1148.0,1152.4000244140625,78204,0.0,0.005058476322713279,0.40531818363031674,-0.02828909098937275,1030371.05,1288.7476562600393,-0.0036312910777533958,1.0180839738652594,0.012480259712513724,70.30439617764193
2025-10-23,1159.9000244140625,1179.199951171875,1157.0999755859375,1161.0,1191842,0.0,0.007462665223658016,0.4046282631648798,-0.02828909098937275,1039060.3,1287.476535302228,-0.004117386024258707,1.0067226518340198,0.018443261923560873,54.441938688984514
2025-10-24,1169.699951171875,1180.4000244140625,1161.0,1178.699951171875,467315,0.0,0.015245435979220456,0.40905553314101606,-0.02171373005743709,1042872.85,1286.3941812312794,0.014459012311566655,0.9889794229647957,0.03726984326420632,60.396039520243114
2025-10-27,1188.9000244140625,1214.0,1181.300048828125,1207.0,708504,0.0,0.024009544413732042,0.41865167819437527,-0.02171373005743709,1027388.9,1285.604189378232,0.05433258955181386,0.9637738193869098,0.05734968970812959,69.602505646986
2025-10-28,1223.0,1228.800048828125,1180.199951171875,1190.300048828125,812079,0.0,-0.013835916463856623,0.4180635300336033,-0.02171373005743709,1035825.55,1284.6558894722607,0.038112745659056646,0.9763504598224295,-0.033095247824635736,57.5457530624605
2025-10-29,1190.699951171875,1198.699951171875,1162.300048828125,1194.0999755859375,446515,0.0,0.0031924108224254955,0.40178957596616516,-0.017908843516790545,1036728.0,1283.754835602745,0.03618530917081264,0.972586064887922,0.007945479260615604,63.288087009408244
2025-10-30,1195.4000244140625,1199.5999755859375,1166.0999755859375,1171.5,879409,0.0,-0.018926368016084938,0.40685772885853194,-0.01903553860138372,781788.65,1282.6378720644093,0.009043927648578753,0.994498505146647,-0.04651839256931476,53.110041009211734
2025-10-31,1170.0,1181.0999755859375,1161.4000244140625,1166.699951171875,385752,0.0,-0.004097352819568911,0.23569079106005528,-0.01903553860138372,649870.45,1281.4842609112497,-0.010180707980915304,0.9991686359533968,-0.01738444097580577,54.41175836698924
2025-11-03,1166.699951171875,1170.0,1148.699951171875,1164.0,385914,0.0,-0.002314177839094822,0.1604414664343271,-0.01903553860138372,639698.5,1280.3152632902425,-0.03562551781275891,1.0017568739009477,-0.01442381291001193,53.11203629618954
2025-11-04,1160.0,1169.4000244140625,1149.0,1155.4000244140625,473254,0.0,-0.007388295176922299,0.16217600279039945,-0.01903553860138372,626699.5,1279.072325589982,-0.029320358718309958,1.009156984806293,-0.04555726244466946,49.60423731193012
2025-11-06,1155.4000244140625,1161.5999755859375,1143.5,1159.199951171875,477984,0.0,0.003288840814885452,0.16254941923988842,-0.01903553860138372,618322.15,1277.8795656455234,-0.029227053954956506,1.005361500630886,0.020232865967384123,47.7427800903462
2025-11-07,1150.5999755859375,1156.4000244140625,1141.0,1153.0,544548,0.0,-0.005348474321110186,0.15772327435504443,-0.01903553860138372,570221.25,1276.636982902782,-0.015791720017072075,1.010429314830876,-0.033910492943264196,47.00335134889491
2025-11-10,1156.300048828125,1209.5,1147.199951171875,1192.9000244140625,2229653,0.0,0.034605398451051705,0.1967759056570388,-0.01903553860138372,652906.5,1275.80377933573,0.02245656495988646,0.9779109532443799,0.17586196123394254,64.03971527317943
2025-11-11,1184.0999755859375,1216.4000244140625,1170.699951171875,1212.5,976816,0.0,0.01643052660306954,0.2035727159816236,-0.01903553860138372,664781.1,1275.1738909841308,0.04166666666666674,0.964511341212951,0.08071084436209158,67.42467419747015
2025-11-12,1212.0,1246.9000244140625,1206.5,1244.300048828125,1128899,0.0,0.026226844394329873,0.21689083567556952,-0.01903553860138372,700427.4,1274.8666885746184,0.07694306953052577,0.9434500985254441,0.1209218596231609,71.36218943574397
2025-11-13,1244.300048828125,1251.699951171875,1230.9000244140625,1238.699951171875,553299,0.0,-0.004500600688334133,0.21854492962686375,-0.01903553860138372,698120.15,1274.5068205407601,0.06858178342712207,0.9510293443758665,-0.020593479290887753,68.31683277774255
2025-11-14,1234.0999755859375,1244.0,1215.5999755859375,1222.199951171875,612843,0.0,-0.013320417090829872,0.22608283855548753,-0.01903553860138372,708202.8,1273.9863541788807,0.060017303705008684,0.9661757852521238,-0.0589182999769248,60.312949258796294
2025-11-17,1222.199951171875,1227.0,1210.0999755859375,1216.0,509828,0.0,-0.005072779757461454,0.2267898482423181,-0.01903553860138372,698994.9,1273.4093755303347,0.01936455286542893,0.9733264772515547,-0.022367753993837513,52.383477003120575
2025-11-18,1216.0,1217.300048828125,1193.0999755859375,1195.0999755859375,881401,0.0,-0.017187520077354024,0.23586955396031697,-0.01903553860138372,702844.0,1272.6301775209379,-0.014350535599226832,0.9924525285796832,-0.07286874910340563,51.24350509073362
2025-11-19,1190.0,1218.9000244140625,1190.0,1203.0999755859375,883112,0.0,0.006694000638798325,0.22894148195895261,-0.01903553860138372,731358.55,1271.9383347156145,-0.033111043659436845,0.9882013272394565,0.02923891419384349,52.28194778957281
2025-11-20,1203.0999755859375,1226.0999755859375,1193.5,1196.5999755859375,966267,0.0,-0.005402709776329506,0.2305540453458064,-0.01903553860138372,775761.7,1271.1886993013889,-0.033987226322329867,0.9954161913225206,-0.023433592474554482,56.929867148055784
2025-11-21,1196.0,1196.0,1163.0999755859375,1168.9000244140625,386138,0.0,-0.023148881612095273,0.24622027425549914,-0.021211734816562255,735476.5,1270.1709015413162,-0.04360982563181026,1.0193429434243955,-0.09401695592258363,50.53923392577616
2025-11-24,1165.0999755859375,1210.5999755859375,1165.0999755859375,1198.199951171875,1478312,0.0,0.02506623846851208,0.2594275349069679,-0.021211734816562255,786026.35,1269.4547726819187,-0.014638198049444884,0.9952303789436752,0.09662134557647288,57.415432076324905
2025-11-25,1198.300048828125,1199.5999755859375,1168.800048828125,1172.0,450864,0.0,-0.021866092671970705,0.26663814213503095,-0.021930232118976933,773144.35,1268.485073451253,-0.01932890641606111,1.0159854875896572,-0.08200661644586134,53.3440747112242
2025-11-26,1172.5,1197.5,1168.0999755859375,1194.9000244140625,476916,0.0,0.019539269977868923,0.26194554394212854,-0.021930232118976933,756386.2,1267.7528839085944,-0.006815685594109833,0.9967068088548938,0.07459286742536474,56.67790551170548
2025-11-27,1194.5,1222.0,1194.0,1218.9000244140625,750796,0.0,0.020085362381483618,0.26626298886436656,-0.021930232118976933,771600.25,1267.2667858041714,0.018636176903819024,0.9780990801512915,0.07543429792028682,61.557353539975615
2025-11-28,1219.0,1228.9000244140625,1210.5,1222.4000244140625,462489,0.0,0.0028714414061008497,0.2662360268697169,-0.021930232118976933,750754.25,1266.820350367454,0.04576952594967909,0.9773805383136901,0.010785322076838137,55.93084150286109
2025-12-01,1218.300048828125,1272.0,1212.5,1258.199951171875,1195256,0.0,0.029286588713030026,0.2725120033546344,-0.021930232118976933,791229.45,1266.7345752510803,0.05007511470962611,0.9532069944681247,0.10746898220196198,58.625890497388625
2025-12-02,1253.5999755859375,1262.699951171875,1243.800048828125,1253.5,486300,0.0,-0.0037354564888494313,0.27238697840769527,-0.021930232118976933,796248.75,1266.6028879351493,0.06953924914675769,0.9603510122827957,-0.013713784607282292,51.934389945893486
2025-12-03,1250.0,1267.0999755859375,1249.0,1258.699951171875,573428,0.0,0.004148345569904288,0.2715489145503978,-0.021930232118976933,801257.45,1266.52425174845,0.05339352703511557,0.9604870399087599,0.015276604673624405,54.21230594845529
2025-12-04,1258.699951171875,1284.9000244140625,1256.0,1269.800048828125,828119,0.0,0.008818700315286199,0.2688730381138015,-0.021930232118976933,818764.2,1266.5568467442677,0.04175898219259677,0.9564458563677191,0.03279875159355374,60.258652495388446
2025-12-05,1275.0,1275.0,1258.5999755859375,1267.0,435214,0.0,-0.0022051100334332663,0.2698930008653664,-0.021930232118976933,813297.5,1266.5612562293993,0.036485581393305155,0.9630584018288773,-0.008170311733390032,61.15486275350576
2025-12-08,1261.0,1261.4000244140625,1213.4000244140625,1220.5,454257,0.0,-0.03670086819258089,0.3038492309633652,-0.02369964426924318,724527.7,1266.1029352718929,-0.02996340218958171,1.000880781562052,-0.1207864402630049,54.99607422039714
2025-12-09,1208.0,1223.0,1194.0,1206.0999755859375,547606,0.0,-0.011798463264287129,0.28473442742773325,-0.02369964426924318,703067.2,1265.5058908969083,-0.03781413993941962,1.0125653075172987,-0.04143672739719665,50.575595077648124
2025-12-10,1206.9000244140625,1219.800048828125,1192.0,1198.699951171875,494500,0.0,-0.006135498353250113,0.279689557199577,-0.02369964426924318,671347.25,1264.8411551782513,-0.04766823097445805,1.0169141882430814,-0.021936815215106074,50.40152512908206
2025-12-11,1198.0,1236.199951171875,1195.0,1232.5,420052,0.0,0.02819725553094532,0.282125557246294,-0.02369964426924318,664684.9,1264.5193526391643,-0.029374742001741505,0.9887748399467545,0.09994576459753922,61.88340456186614
2025-12-12,1233.800048828125,1240.0,1220.0,1237.9000244140625,382004,0.0,0.004381358550963554,0.2821382916646548,-0.02369964426924318,653142.95,1264.254483701601,-0.02296762082552284,0.9850957022750596,0.015529116483344999,58.145273111987755
2025-12-15,1237.0,1237.699951171875,1205.0,1207.4000244140625,760377,0.0,-0.024638500200722335,0.29150051538447985,-0.025114781928438887,665670.4,1263.6887676887895,-0.01073328601879353,1.0096239609641917,-0.08452300443789919,57.13709815111343
2025-12-16,1207.4000244140625,1210.0,1165.5999755859375,1176.300048828125,932672,0.0,-0.025757805993941396,0.3041919272627483,-0.026178122431996995,668233.95,1262.8192281976387,-0.02470767545064856,1.0355181061097418,-0.08467616277315358,46.37002919624638
2025-12-17,1170.0,1178.0999755859375,1164.0999755859375,1168.9000244140625,514626,0.0,-0.006290932676092931,0.2993719306819688,-0.026178122431996995,649809.65,1261.8847087570064,-0.024860205198706686,1.0406108100052749,-0.021013768564155332,39.56594746832725
2025-12-18,1168.0,1175.199951171875,1150.0,1160.800048828125,402540,0.0,-0.006929570892940773,0.2987451853563778,-0.026178122431996995,621623.3,1260.8788912452765,-0.05817440257352946,1.0463300773539599,-0.023195589420858736,37.38739614759862
2025-12-19,1166.5,1229.0,1161.5,1224.5999755859375,1651986,0.0,0.05496202969858688,0.35649762292054765,-0.026178122431996995,684915.7,1260.5179070098602,-0.010744041171192542,0.9940919702035192,0.15417221496905767,43.82807372010498
2025-12-22,1225.0,1238.4000244140625,1216.0,1229.300048828125,500071,0.0,0.00383804780000796,0.34521821183582807,-0.026178122431996995,636003.65,1260.2072815553158,0.018138167940397576,0.9915561367513152,0.011117743958003414,45.554751297726746
2025-12-23,1229.300048828125,1237.300048828125,1217.0999755859375,1230.199951171875,260961,0.0,0.0007320445033804912,0.3354404965578049,-0.026178122431996995,626508.5,1259.9087011534905,0.04582155921650011,0.9931962716458497,0.0021823378186866093,44.68085394892297
2025-12-24,1234.9000244140625,1236.5,1213.300048828125,1217.300048828125,189895,0.0,-0.010486020854952649,0.3276935339988015,-0.02469446549038329,612157.45,1259.484734463686,0.04140647053055213,1.004641384251015,-0.03199947343177136,40.26696150951652
2025-12-26,1217.300048828125,1236.199951171875,1205.0,1209.199951171875,283503,0.0,-0.00665415044059825,0.3225596122875324,-0.02469446549038329,588792.8,1258.9843883612798,0.041695296612549004,1.0109701056939968,-0.0206292107902665,39.49090019296372
2025-12-29,1209.0999755859375,1217.699951171875,1182.5999755859375,1188.199951171875,281890,0.0,-0.01736685481970801,0.3203729440930595,-0.023223362541526626,579762.85,1258.2800656031761,-0.029724012036376313,1.0273986272893834,-0.05420824260547106,43.52704429859704
2025-12-30,1183.0,1193.4000244140625,1160.0,1161.699951171875,485220,0.0,-0.02230264356926126,0.3282889682484007,-0.023223362541526626,544261.05,1257.3190694396806,-0.05499072233885638,1.0466816302718416,-0.06793601079225361,41.51375598739013
2025-12-31,1162.0,1177.0,1160.0999755859375,1172.5,289565,0.0,0.009296762746034748,0.3109615757557909,-0.023223362541526626,534424.3,1256.475098599485,-0.046902904781381816,1.0335863529034515,0.029896820610298223,45.056612962635185
2026-01-01,1178.0,1184.0,1160.0,1163.199951171875,284550,0.0,-0.007931811367270836,0.3113967270276353,-0.023223362541526626,519980.4,1255.5469876798072,-0.04444269735167705,1.037745056267574,-0.02547172280282088,35.592505420419116
2026-01-02,1163.199951171875,1169.0,1150.800048828125,1167.5999755859375,413208,0.0,0.003782689648180959,0.31128800889668873,-0.023223362541526626,499234.85,1254.6718930321072,-0.03440289221449411,1.0294578796252454,0.012151735430062826,35.32358059978475
2026-01-05,1167.5999755859375,1174.199951171875,1147.199951171875,1151.0,555257,0.0,-0.014217177058099106,0.31013039471098824,-0.023223362541526626,505237.0,1253.6403319074095,-0.031307820821896315,1.0392658515353497,-0.04584257732274961,37.49999321308036
2026-01-06,1151.0,1154.199951171875,1131.0,1139.9000244140625,345389,0.0,-0.009643766799250608,0.3105110807167733,-0.023223362541526626,499793.6,1252.5085875542418,-0.018765539876128612,1.0458504875905181,-0.031057720923878318,41.14785290573591
2026-01-07,1139.800048828125,1217.699951171875,1139.4000244140625,1208.5,2462611,0.0,0.0601806949001511,0.3623075217089474,-0.023223362541526626,595543.85,1252.0706911606671,0.030703624733475543,0.986582538319068,0.16610390243969886,57.42128678714082
2026-01-08,1210.9000244140625,1242.699951171875,1170.0,1180.300048828125,1377247,0.0,-0.02333467204954487,0.36909010583922447,-0.023399863457103744,639681.2,1251.3565554160648,0.014700909881420143,1.0093746955481933,-0.06322215374553526,53.39839778459047
2026-01-09,1174.0,1193.0,1166.0999755859375,1182.4000244140625,473167,0.0,0.0017791879175319547,0.3686603786491247,-0.023399863457103744,642336.95,1250.670420779229,0.012675615910918259,1.0054634464772174,0.004826089192959947,40.63055940597582
2026-01-12,1170.0999755859375,1181.199951171875,1154.4000244140625,1172.5999755859375,403250,0.0,-0.008288268458875758,0.3543886354017598,-0.023399863457103744,643399.25,1249.8936004290472,0.01876626897127487,1.0110822325646664,-0.023387511328077672,37.68994976551899
2026-01-13,1172.699951171875,1185.5,1161.4000244140625,1173.5999755859375,266815,0.0,0.0008528057486103524,0.3537810783587574,-0.023399863457103744,618721.15,1249.1344598833446,0.02956395337318951,1.0087806947918643,0.0024105464556249856,37.71702046571256
2026-01-14,1179.199951171875,1205.699951171875,1167.800048828125,1179.4000244140625,683650,0.0,0.004942100331272847,0.34498342933038945,-0.023399863457103744,606270.05,1248.4405849035506,-0.02407941711703554,1.0039511387553568,0.01432561615382301,41.513659757220104
2026-01-15,1179.4000244140625,1179.4000244140625,1179.4000244140625,1179.4000244140625,0,0.0,0.0,0.3329235401370745,-0.023399863457103744,580538.75,1247.7536141524115,-0.000762538656976286,1.0043962803435647,0.0,43.07622752412149
2026-01-16,1180.0,1223.4000244140625,1180.0,1187.199951171875,734628,0.0,0.006613470066432869,0.3326912182737943,-0.023399863457103744,597143.15,1247.151090142655,0.004059477891326324,0.9989092330278353,0.0198787028463227,49.752475213042835
2026-01-19,1185.0,1186.800048828125,1154.0,1163.0999755859375,527328,0.0,-0.020299845499613278,0.3398256634085983,-0.023399863457103744,540910.25,1246.3147606445782,-0.008101654611798015,1.0169633028148801,-0.05973605612547474,50.35070752613338
2026-01-20,1168.9000244140625,1168.9000244140625,1119.800048828125,1131.300048828125,757504,0.0,-0.02734066496888421,0.2888095915047904,-0.02469446549038329,553781.9,1245.1703356513797,-0.0360428831269306,1.0412180162954634,-0.09466674524126137,40.66183620951272
2026-01-21,1129.800048828125,1129.800048828125,1088.800048828125,1114.9000244140625,1063983,0.0,-0.014496617790347277,0.28983238933405175,-0.02469446549038329,593933.0,1243.8741136490185,-0.054688823694101774,1.0513633246657466,-0.050017243840426995,39.393947492474396
2026-01-22,1132.0,1141.199951171875,1105.4000244140625,1109.199951171875,497662,0.0,-0.005112631731426509,0.289213339714516,-0.02469446549038329,609321.35,1242.5340722313356,-0.05952185161015544,1.0518932950027546,-0.01767771693966829,37.24889614651003
2026-01-23,1114.0,1123.0,1097.0,1114.5,749846,0.0,0.004778262767254349,0.29023955635859544,-0.02469446549038329,632638.5,1241.260101363362,-0.06123648430082351,1.0426424350798424,0.016463168089738432,41.61690208930951
2026-01-27,1098.5,1116.300048828125,1092.300048828125,1104.4000244140625,919507,0.0,-0.009062337896758588,0.29063285739413564,-0.02469446549038329,664519.35,1239.8983095529213,-0.050468534437294266,1.0483837123897939,-0.031181393825182507,41.80895059618441
2026-01-28,1110.0,1117.4000244140625,1089.0999755859375,1105.800048828125,735524,0.0,0.0012676787242966725,0.2871034281987806,-0.02469446549038329,677034.55,1238.5639985009334,-0.02254043922866844,1.0445288039781364,0.004415407674146261,15.652190228862509
2026-01-29,1109.0,1110.0999755859375,1035.0,1042.800048828125,2536989,0.0,-0.05697232521084117,0.33687701926778296,-0.025836948942688537,789405.75,1236.6160985041893,-0.06466945376903166,1.1014144141760758,-0.16911905609792696,12.696700052483195
2026-01-30,1036.0,1057.699951171875,1018.2999877929688,1041.9000244140625,2183053,0.0,-0.0008630843612579264,0.3332960977748095,-0.025836948942688537,884330.9,1234.6786251301583,-0.06067429653842826,1.0965447564774065,-0.0025895422752463307,11.633007892670406
2026-02-02,991.0,1011.2999877929688,984.5999755859376,998.5,1616312,0.0,-0.04165469181025261,0.356210638942016,-0.027808675130069044,944486.1,1232.3285890592115,-0.10408254822790486,1.1357386176921633,-0.11693836760347152,9.829276241433817
2026-02-03,1062.0,1063.0,987.0,989.7999877929688,1343955,0.0,-0.008713081829775926,0.35406639949854135,-0.027808675130069044,983921.0,1229.9153691461145,-0.10376678204248913,1.1375783219253663,-0.024608608995459712,9.046364120059096
2026-02-04,976.2000122070312,986.5,953.7000122070312,981.4000244140624,1305703,2.25,-0.008486526048193221,0.3532724072684441,-0.027808675130069044,1031936.7,1227.442579646293,-0.11249775630404057,1.139239842410639,-0.02402261154100942,6.38766519429835
2026-02-05,981.4000244140624,988.0,955.5,959.5,891033,0.0,-0.022315084439841537,0.357026774377149,-0.027808675130069044,953357.8,1224.7764843264297,-0.07988113245845707,1.152266815169644,-0.06250254999431293,5.825632209550278
2026-02-06,959.5,960.5,943.2000122070312,958.4000244140624,887854,0.0,-0.0011464049879496008,0.2594983742749312,-0.027808675130069044,928888.15,1222.1259722875006,-0.08014204630329891,1.142012708736854,-0.004417773124687424,2.7663382378975996
2026-02-09,959.0,971.2000122070312,955.0,964.0,960204,0.0,0.005843046163694909,0.2614877852746669,-0.027808675130069044,953240.0,1219.5575546527991,-0.03455182774161247,1.1240508368401112,0.02234538769795115,5.498455428358611
2026-02-10,970.0,993.9000244140624,964.0999755859376,973.5999755859376,1028511,0.0,0.009958480898275557,0.26738627527050984,-0.027808675130069044,984503.05,1217.1102155576064,-0.01636695535140742,1.1027475694704345,0.03724379838031237,10.868491876746802
2026-02-11,973.5999755859376,979.7999877929688,956.2000122070312,959.4000244140624,632882,0.0,-0.014584995406690893,0.268042847096988,-0.027808675130069044,1002806.4,1214.5459350487154,-0.02241695481221828,1.1079059642555642,-0.054412923234188226,10.988469158662994
2026-02-12,951.7999877929688,953.0,886.2000122070312,891.5,3179727,0.0,-0.07077342368792539,0.3390529006888354,-0.03694855937346448,1127610.25,1211.3315476352952,-0.07087024491922878,1.176141343729187,-0.20873858166897566,8.374770325941867
2026-02-13,870.0,873.5999755859375,812.9000244140625,861.7000122070312,6026791,0.0,-0.03342679505661106,0.3398319047132736,-0.03694855937346448,1428949.8,1207.8526268847652,-0.10089733904811893,1.198381098637047,-0.09836273054228661,5.80418850363894
2026-02-16,860.4000244140625,884.0999755859375,855.0999755859375,880.2999877929688,1230784,0.0,0.021585209843850706,0.35919808993753194,-0.03694855937346448,1453757.6,1204.593396645046,-0.08682573880397437,1.1556287893468933,0.060092772894969615,11.952447691116078
2026-02-17,879.0,891.5999755859375,872.0,879.2999877929688,1167303,0.0,-0.0011359763874438933,0.3546832444403563,-0.03694855937346448,1485756.35,1201.3566463082093,-0.09685701536323144,1.1408052128869213,-0.0032027911473754664,11.492667991199568
2026-02-18,881.2999877929688,883.7999877929688,855.0999755859375,861.5999755859375,987144,0.0,-0.020129662746223853,0.35464534371755224,-0.03694855937346448,1497238.35,1197.975982917938,-0.10193875999519042,1.1485898724991417,-0.05675997876530925,13.585183556623392
2026-02-19,862.5,869.0999755859375,844.0,847.5,987912,0.0,-0.01636487463494729,0.35144415623503383,-0.03694855937346448,1493434.8,1194.4886597048242,-0.04935501962983735,1.151923309596239,-0.0465646501128803,12.900741407529381
2026-02-20,844.5,846.4000244140625,830.7000122070312,835.4000244140625,1311329,0.0,-0.014277257328539794,0.35143650526590237,-0.03694855937346448,1534118.15,1190.91563845815,-0.030521048416383145,1.1522204697325105,-0.040625423677836656,14.65104108179517
2026-02-23,835.4000244140625,841.9000244140625,801.4000244140625,812.7000122070312,2364931,0.0,-0.027172625740527923,0.3531789272799716,-0.03694855937346448,1614872.4,1187.1522988934623,-0.07679197605741173,1.1658360956366136,-0.0769372770352601,13.812811746773264
2026-02-24,809.0,809.2999877929688,758.0,760.5,3617378,0.0,-0.06423035735569005,0.3852623529627137,-0.04242057348028203,1749765.95,1182.90700238706,-0.1351074598455928,1.2232478736812233,-0.16671848467561406,11.715750794753632
2026-02-25,764.0999755859375,805.0,764.0,788.7000122070312,5094300,0.0,0.037080883901421835,0.4290387879551821,-0.04242057348028203,1967704.75,1178.9845447733283,-0.08460998774904804,1.1594078761894098,0.08642781044080622,21.031196463884726
2026-02-26,794.0,809.0999755859375,788.0,793.7000122070312,1399625,0.0,0.006339545990380335,0.43189376101008486,-0.04242057348028203,1910836.55,1175.15086783237,-0.06348081155512542,1.1364117303770285,0.01467848442350493,22.430520112603475
2026-02-27,800.0,808.4000244140625,768.0,771.0999755859375,2159691,0.0,-0.028474280299240706,0.4078672092723365,-0.04242057348028203,1909668.45,1171.130460944346,-0.07696917279027393,1.1521592918686858,-0.06981262272079822,19.448835238574446
2026-03-02,736.0,768.2999877929688,736.0,754.25,1681199,0.0,-0.021851868913798977,0.4058575056969719,-0.04242057348028203,1912912.8,1166.9823966563424,-0.07192077190733626,1.161706996130003,-0.053841232621436495,16.03963325665441
2026-03-04,745.0,753.25,725.25,736.1500244140625,1679348,0.0,-0.02399731599063637,0.39570017113818423,-0.04242057348028203,1929682.45,1162.6955073803,-0.03201837683883957,1.1730421449750528,-0.06064519839644996,15.84824587424869
2026-03-05,746.9000244140625,750.0,713.1500244140625,717.5,2330442,0.0,-0.025334542953940664,0.3970315783877649,-0.04242057348028203,1980919.4,1158.265701336715,-0.09027515038042311,1.1851428605455139,-0.06380989244915553,18.659939597440243
2026-03-06,717.5,742.4500122070312,695.4000244140625,698.5499877929688,2876869,0.0,-0.026411166839067968,0.39823702270311584,-0.04242057348028203,2080211.2,1153.6914156298121,-0.11988159625886874,1.198615011756618,-0.06632021803647123,19.418926997481634
2026-03-09,692.25,693.0,672.5,688.9000244140625,2067491,0.0,-0.01381427749987485,0.397560341216171,-0.04242057348028203,2139193.05,1149.0666256674665,-0.10660089972044617,1.1958447853616276,-0.03474762374471146,12.878205493036589
2026-03-10,696.9000244140625,703.4000244140625,684.3499755859375,693.25,1877386,0.0,0.006314378620667638,0.40173666316351575,-0.04242057348028203,2185052.15,1144.5311368548548,-0.08087504143188595,1.1688135619632958,0.01571770525937906,14.378706888178556
2026-03-11,696.7000122070312,708.75,680.2000122070312,682.75,1785604,0.0,-0.015146051208077882,0.39453519390543434,-0.04242057348028203,2222906.8,1139.9362996722195,-0.07253959470634563,1.1654888363994989,-0.038389606448676304,14.78637329875042
2026-03-12,682.0,683.7000122070312,665.6500244140625,671.25,1341404,0.0,-0.016843647015745145,0.3830802501591316,-0.04242057348028203,2258332.9,1135.2727544018492,-0.06445993031358888,1.1639925539382565,-0.04396897665452219,14.939324216968231
2026-03-13,670.2000122070312,671.0,652.9000244140625,660.1500244140625,2471617,0.0,-0.016536276478119172,0.38296760850830563,-0.04242057348028203,2222927.4,1130.5451650487369,-0.05497095991688283,1.1660417701794155,-0.04317930728067689,14.99899797636705
2026-03-16,660.0,664.0999755859375,629.2000122070312,631.9500122070312,3226454,0.0,-0.042717581101448965,0.34401662088193724,-0.04343031830691857,2082910.55,1125.584019249317,-0.082668036273434,1.1998971254127322,-0.12417301161265419,14.676564923028067
2026-03-17,635.0,656.0999755859375,624.9000244140625,653.7000122070312,2692241,0.0,0.034417279183269534,0.37925124715745234,-0.04343031830691857,2155983.4,1120.888655995165,-0.05705010860868198,1.142641869854973,0.09075060011991111,26.308783225687947
2026-03-18,658.0,698.8499755859375,654.0999755859375,688.25,4250732,0.0,0.05285297100778785,0.4273799145646725,-0.04343031830691857,2310154.85,1116.583793746457,0.008055657268399852,1.0714021138871233,0.12366741620262973,28.32793123160485
2026-03-19,680.0,680.0,655.0,658.9000244140625,2473667,0.0,-0.042644352467762436,0.43896542406063305,-0.04343031830691857,2384481.0,1112.029726389916,-0.018398473871042875,1.1037448480457173,-0.09714740423473091,23.68214899725207
2026-03-20,671.0,679.7000122070312,658.0,660.9500122070312,1948255,0.0,0.0031112273744287045,0.4417718525795093,-0.04343031830691857,2432498.15,1107.5413710249122,0.0012118272565071475,1.0862092362132993,0.007042610989894703,26.61854675325263
2026-03-23,650.0,662.9000244140625,645.5499877929688,659.2999877929688,2233577,0.0,-0.002496443579073082,0.4427262059292685,-0.04343031830691857,2478610.55,1103.081257758923,0.04327870093778463,1.0755726061475261,-0.005638797724758913,28.454719966586936
2026-03-24,680.0,681.7999877929688,644.4000244140625,665.0,1567450,0.0,0.008645551816423236,0.4480142691644858,-0.04343031830691857,2438736.5,1098.7222402687844,0.017286197922526503,1.055248128561149,0.01929749166153044,32.89251233164404
2026-03-25,671.75,684.7999877929688,665.25,673.5999755859375,1220977,0.0,0.012932294114191834,0.4506561671069387,-0.04343031830691857,2318916.45,1094.492167983383,-0.021285905432709806,1.0353251626320579,0.028696586824156763,38.90852799746396
2026-03-27,673.5999755859375,682.0,658.0,660.0499877929688,1598377,0.0,-0.020115778331467715,0.40559276734251776,-0.04343031830691857,2144120.3,1090.1693602202945,0.0017452774871709043,1.0468335971979217,-0.04959599740229152,39.99999362959011
2026-03-30,648.8499755859375,655.7999877929688,633.0,634.75,1656577,0.0,-0.03833041172770135,0.3874172516698608,-0.04343031830691857,2156967.9,1085.6378242977046,-0.039639929984333744,1.0760378140077296,-0.09893831669370677,36.992541455000215
2026-04-01,650.7000122070312,683.0999755859375,648.7999877929688,674.2999877929688,1880678,0.0,0.06230797604248717,0.4590575599470357,-0.04343031830691857,2143017.25,1081.5449105016376,0.022751403424430494,1.0057467230148887,0.13573020057086962,46.10642716453988
2026-04-02,654.2999877929688,698.9000244140625,652.0499877929688,696.7999877929688,1767842,0.0,0.03336793772404478,0.472959432598407,-0.04343031830691857,2147349.4,1077.716602812994,0.0478195305157425,0.9691482696208803,0.07055137231370961,52.7511244070676
2026-04-06,696.7999877929688,704.4000244140625,684.3499755859375,694.8499755859375,1473246,0.0,-0.002798525030414667,0.4686843887503983,-0.04343031830691857,2137044.3,1073.9069846316304,0.03154691325740555,0.9688961986827263,-0.005971022372146516,54.800647368733514
2026-04-07,695.0499877929688,710.0,685.5,707.8499755859375,1906465,0.0,0.018709074558198813,0.46848517824221225,-0.04343031830691857,2115845.45,1070.2646263326683,0.07241873900005547,0.950420317839822,0.03993525308323303,59.62857497130001
2026-04-08,740.0,740.0,711.0999755859375,721.1500244140625,2595624,0.0,0.018789361145510552,0.46506761489046167,-0.04343031830691857,2101783.2,1066.79084919915,0.13611661979371803,0.9344588196580677,0.040401352706364045,69.15807918613704
2026-04-09,721.1500244140625,725.0,705.9500122070312,716.0499877929688,1769446,0.0,-0.007072088259634346,0.4556194440456106,-0.04343031830691857,2086880.95,1063.300890379188,0.06191606222128332,0.9430102790177401,-0.015521918998055736,64.42284718092705
2026-04-10,723.0,723.0,706.0,716.4500122070312,1512797,0.0,0.0005586543130815524,0.4522129408021314,-0.04343031830691857,2068651.5,1059.849637860062,0.028200379963124966,0.9441028513712827,0.0012353788454988214,57.74725345830837
2026-04-13,709.6500244140625,719.2999877929688,695.25,709.8499755859375,1240536,0.0,-0.009212138332948427,0.4536520576018728,-0.04343031830691857,2041398.1,1056.367054155842,0.021587393720998715,0.9547897745710257,-0.020306615996806263,65.99683263181058
2026-04-15,723.9500122070312,736.0,720.0,728.6500244140625,1576485,0.0,0.026484538247122824,0.4572967323496858,-0.04343031830691857,2053152.15,1053.106188188262,0.029384826651872586,0.9340938400941783,0.057915431697675684,69.23293794887974
2026-04-16,738.9000244140625,755.3499755859375,730.0499877929688,746.25,2570211,0.0,0.02415422355895802,0.4563734085148181,-0.04343031830691857,2058081.85,1050.0528927834036,0.03480548393010374,0.9178324933587207,0.052926447025690986,72.64911465963914
2026-04-17,749.9000244140625,762.7999877929688,740.0,747.7999877929688,1541544,0.0,0.002077035568467389,0.44958015852099054,-0.04343031830691857,1973836.35,1047.0454011914592,0.04434047977273314,0.9236761276057576,0.004619944814959991,72.04471223459934
2026-04-20,748.6500244140625,750.4500122070312,724.3499755859375,734.4000244140625,1674776,0.0,-0.017919181061308187,0.4229046532341523,-0.04343031830691857,1922963.1,1043.9345019200423,0.025054102730399874,0.9460239303680643,-0.04237168000057441,65.78401293244536
2026-04-21,734.0,749.2999877929688,730.0499877929688,744.7000122070312,745302,0.0,0.014025037378214256,0.4123274267445283,-0.04343031830691857,1747691.6,1040.9570443109576,0.04909493247827079,0.9367295377121775,0.03401432000001482,72.35278071130179
2026-04-22,743.9000244140625,743.9000244140625,721.25,735.9500122070312,1703203,0.0,-0.011749697672312487,0.38040212912215765,-0.04343031830691857,1709168.4,1037.9221484691275,0.010018510325089158,0.9531014143950743,-0.030887569926464936,79.28239225805747
2026-04-23,735.0,743.9500122070312,728.0,733.6500244140625,1046359,0.0,-0.0031251956720149687,0.3428186461217048,-0.04343031830691857,1664073.6,1034.8945651451966,-0.01688438939489112,0.9610440601185245,-0.00911617736143708,71.89228635803286
2026-04-24,733.5,733.9500122070312,690.1500244140625,709.5999755859375,2240743,0.0,-0.0327813644487136,0.3674352116377187,-0.04343031830691857,1664431.9,1031.65780306003,-0.05108319447794252,0.9971604029077369,-0.08921671771857285,54.668115544894825
2026-04-27,713.0999755859375,740.0,713.0999755859375,735.2999877929688,1703717,0.0,0.03621760582194211,0.38341463698338374,-0.04343031830691857,1671245.25,1028.7089690772732,0.0012254402900166994,0.9670882751985842,0.09446067359944049,62.57381788146961
2026-04-28,736.0,739.7999877929688,722.9000244140625,734.4500122070312,1438774,0.0,-0.0011559575684051415,0.3838993780890262,-0.04343031830691857,1682135.1,1025.781019257669,-0.01376393155899458,0.9723500400432834,-0.0030110951053067977,58.94418710020723
2026-04-29,737.0,758.9000244140625,737.0,740.0499877929688,1272977,0.0,0.0076247198486789625,0.38295971055814454,-0.04343031830691857,1665865.1,1022.9379244172243,0.005570997374729547,0.9703972848117922,0.019909978620117848,56.70211171590483
2026-04-30,738.0499877929688,767.2000122070312,727.6500244140625,759.0499877929688,2877480,0.0,0.02567394137342416,0.3782975967988407,-0.042648013899446766,1726910.25,1020.3121738040476,0.03462136241212854,0.9542948551716651,0.06786704676954577,63.879920285290964
2026-05-01,759.0499877929688,759.0499877929688,759.0499877929688,759.0499877929688,0,0.0,0.0,0.3420628273373669,-0.042648013899446766,1632876.35,1017.7125500626438,0.06968716728914615,0.9598774914514193,0.0,63.786399808199214
2026-05-04,767.0,777.1500244140625,756.5499877929688,768.5499877929688,2376007,0.0,0.012515644756970978,0.28210100453054304,-0.042648013899446766,1663284.6,1015.2333205873238,0.045219638993604816,0.9526803848784654,0.04436582682199433,68.64676800257976
2026-05-05,768.4500122070312,784.5999755859375,764.25,772.5,1260326,0.0,0.005139564465252766,0.2644971404177925,-0.042648013899446766,1652638.6,1012.8180636660569,0.05180745749956217,0.9528349506662115,0.019431454959474802,65.38056749666787
2026-05-06,783.9500122070312,795.2999877929688,722.5,748.5999755859375,11996230,0.0,-0.030938542930825208,0.2915994361479561,-0.042648013899446766,2157126.85,1010.1890279637672,0.011553257123166905,0.9859771887007175,-0.10609945711325923,50.78937716800985
2026-05-07,748.5499877929688,748.5499877929688,709.2000122070312,722.6500244140625,8691588,0.0,-0.03466464335850894,0.3147189156080413,-0.042648013899446766,2461925.05,1007.3279433513324,-0.04795463271759426,1.021486853180661,-0.11014476899200253,42.741710718961194
2026-05-08,722.5999755859375,735.7999877929688,704.0,729.1500244140625,4551374,0.0,0.008994672082479171,0.30959836611850017,-0.042648013899446766,2601021.45,1004.5600038594192,-0.03939129683124565,1.0132791284131428,0.029052710790176822,48.42200153108246
2026-05-11,728.0,737.2000122070312,715.0,733.4500122070312,1990591,0.0,0.005897260713149111,0.30875099745821716,-0.042648013899446766,2624911.15,1001.8623920021815,-0.04567038727921069,1.008497496639093,0.019100377231796334,46.49204806889776
2026-05-12,733.0,733.0,703.25,712.0499877929688,2937642,0.0,-0.029177209159309325,0.3263614236984304,-0.042648013899446766,2709766.45,998.978686487662,-0.07825244298644818,1.0389614697193874,-0.08940152281065816,43.09247845817299
2026-05-13,711.0,718.0499877929688,705.0,710.6500244140625,1300856,0.0,-0.001966102665411862,0.3247712949792693,-0.042648013899446766,2695985.0,996.109744576482,-0.05069456640333325,1.039741752545887,-0.006053806587184054,43.317837482840034
2026-05-14,711.0,716.7000122070312,693.0,709.0,1986342,0.0,-0.0023218523286803183,0.31047146013924626,-0.038546108764704407,2666791.55,993.2529311976115,-0.018888845157280953,1.0395345582948585,-0.007478472426593558,49.79960724079076
2026-05-15,708.2000122070312,726.4500122070312,702.0,703.7000122070312,1215690,0.0,-0.007475300131126628,0.2970757340919406,-0.038546108764704407,2650498.85,990.371807625566,-0.034903670513462104,1.044230482172522,-0.025162943389996632,37.78035823991169
2026-05-18,702.0,711.7000122070312,690.4500122070312,707.75,1166215,0.0,0.0057552760021513105,0.29808072156260423,-0.038546108764704407,2625070.8,987.5596503357594,-0.035039896079212096,1.0363723091925887,0.01930777602423645,39.924519012078854
2026-05-19,712.0,750.9000244140625,710.0,743.7000122070312,3215754,0.0,0.05079478941297255,0.34456288609294444,-0.038546108764704407,2748593.4,985.1331862747771,0.04444916081266026,0.986207462407408,0.14741804758708224,51.12067080691653
2026-05-20,745.0499877929688,760.9000244140625,741.5,750.7999877929688,3194714,0.0,0.009546827308591022,0.3427453445891654,-0.038546108764704407,2823168.95,982.8015126580427,0.05649751917198653,0.9778702884220095,0.027853994753727317,47.267306127527384
2026-05-21,755.5999755859375,756.9500122070312,742.5,750.9000244140625,2354499,0.0,0.00013324004091663788,0.3398055167896144,-0.038546108764704407,2888575.95,980.4940351630778,0.0590973546037552,0.978888635919168,0.0003921067505153661,47.302229668987806
2026-05-22,752.0,764.5,744.4000244140625,751.0499877929688,1465191,0.0,0.00019971151156017442,0.33947031774156133,-0.038546108764704407,2849798.35,978.2110098161116,0.06728716038732552,0.9814526505576543,0.0005883032926289061,43.82498018595528
2026-05-25,753.9500122070312,772.6500244140625,753.9500122070312,756.5999755859375,1495776,0.0,0.007389638350541627,0.3163374675815997,-0.038546108764704407,2839401.3,976.0059248983986,0.06902151266116219,0.9756608834657645,0.023359983796530905,44.452186788133936
2026-05-26,756.4000244140625,797.5,753.9500122070312,784.7000122070312,2237901,0.0,0.03713988570952842,0.3175624182778384,-0.03484793177696856,2879357.65,974.102383478584,0.05512975571739864,0.9439244158122043,0.11695302215359804,62.23730555421913
2026-05-27,783.5,795.0,766.25,771.7999877929688,1268829,0.0,-0.016439434450600032,0.3245943978362428,-0.03484793177696856,2879150.25,972.089424317533,0.027970165611924225,0.961758243522369,-0.050646080319700686,68.27815497407484
2026-05-28,771.7999877929688,771.7999877929688,771.7999877929688,771.7999877929688,0,0.0,0.0,0.3241705989877123,-0.03484793177696856,2735276.25,970.0964946008706,0.02783321707202613,0.9625842347248605,0.0,66.66665069293987
2026-05-29,778.0,793.9500122070312,764.3499755859375,771.9500122070312,1432401,0.0,0.00019438250380332533,0.31273747595014106,-0.03484793177696856,2806896.3,968.1248878108822,0.02782774083450712,0.9632327094667308,0.0006215516608530749,65.54926681406752
2026-06-01,776.0499877929688,805.8499755859375,776.0499877929688,786.0999755859375,2194206,0.0,0.01833015500375601,0.31840375484358757,-0.03484793177696856,2797806.25,966.3136946544151,0.03899022066073177,0.9470105894174773,0.057568901588712376,81.76747975965344
2026-06-02,789.0499877929688,826.0,783.0,809.25,3897702,0.0,0.02944921146551005,0.3307101196997369,-0.03484793177696856,2929675.05,964.7508718220329,0.03128582567995619,0.9221903011686168,0.08904841074039069,85.64712239135307
2026-06-03,800.7999877929688,800.7999877929688,770.5999755859375,774.25,2235273,0.0,-0.04324992276799511,0.36667578536708156,-0.038546108764704407,2441627.2,962.8553407591271,0.0031744133788305096,0.9655343912707862,-0.11795139825004627,69.00669691994393
2026-06-04,770.0,779.4500122070312,758.0,773.0,758769,0.0,-0.0016144656118824985,0.34876960829168585,-0.038546108764704407,2044986.25,960.9662328908771,0.0015548227857100638,0.9703525242182446,-0.004629031679394377,70.67421612554678
2026-06-05,780.0499877929688,784.2999877929688,767.25,777.7999877929688,848126,0.0,0.006209557300088875,0.32275737812871974,-0.038546108764704407,1859823.85,959.1436831884104,0.00757817927771276,0.9674916574953064,0.019239086473250382,70.80486259482586
2026-06-08,770.0,770.0,751.2000122070312,755.2999877929688,901646,0.0,-0.02892774537557452,0.3411362276349256,-0.038546108764704407,1805376.6,957.1153877118389,-0.03918075149412292,0.997759182243642,-0.08479821896415525,53.74434267500356
2026-06-09,756.0,773.0,746.0499877929688,756.1500244140625,683944,0.0,0.0011254291471360922,0.34083179914145445,-0.038546108764704407,1692691.7,955.1157323556422,-0.06561628123069196,0.9995536277151825,0.0033020073741679683,51.7995403298583
2026-06-10,751.5,760.4000244140625,730.0,732.9500122070312,700519,0.0,-0.03068175819343366,0.3425829638008177,-0.038546108764704407,1662674.85,952.9051281750591,-0.053341928050331,1.0327136732154722,-0.08956007898767451,44.77437963508926
2026-06-11,726.0,742.4500122070312,718.2000122070312,736.9000244140625,764143,0.0,0.005389197272999802,0.342565872996375,-0.038546108764704407,1601564.9,950.7558236600244,-0.046701132711432725,1.029071075432957,0.01573185638295694,45.96982208708335
2026-06-12,742.0999755859375,752.0,736.2999877929688,749.0,675160,0.0,0.016420104742917774,0.34575858033048124,-0.03484793177696856,1574538.4,948.7483030265913,-0.03702749838642916,1.0154706275033378,0.047490084706856284,47.913242272269116
2026-06-15,763.0,774.0,754.0499877929688,757.0,991468,0.0,0.010680907877169465,0.34465066668958255,-0.03484793177696856,1565801.05,946.8403597128939,0.0022507774851139306,1.0079920739762218,0.03099053215203598,41.45061670159443
2026-06-16,765.0,767.3499755859375,751.2000122070312,756.5499877929688,1065809,0.0,-0.0005944679088920601,0.3448770009415444,-0.03484793177696856,1458303.8,944.9469231763774,0.0005289471215930153,1.0094408976294673,-0.001723709873467967,44.90137240167324
2026-06-17,760.0499877929688,767.7000122070312,748.2999877929688,752.0,981294,0.0,-0.0060141271117353234,0.2997065553675211,-0.032875528394203365,1347632.8,943.0270532940254,0.02599084177051325,1.0156283236564474,-0.020066717939129498,43.575605707458294
2026-06-18,752.0,758.7000122070312,741.4000244140625,745.9500122070312,724879,0.0,-0.008045196533203125,0.29935850693582783,-0.032875528394203365,1266151.8,941.0660877110703,0.012281160935182056,1.0235337305248189,-0.026874787514155604,41.87499996335937
2026-06-19,729.9000244140625,769.8499755859375,711.0999755859375,760.0499877929688,2632393,0.0,0.018902038146256128,0.3065472097874716,-0.032875528394203365,1324511.9,939.2649324880047,0.014752987707568499,1.0051378344175328,0.06166109795208994,41.85683466017805
2026-06-22,763.7999877929688,770.9500122070312,753.0,756.4000244140625,868628,0.0,-0.004802267531777704,0.3071505689872991,-0.032875528394203365,1293154.5,937.4453811638858,-0.0007925701267338381,1.0099748500305579,-0.015634896563148856,31.185477377424675
2026-06-23,753.5,756.0,738.2000122070312,741.1500244140625,1050698,0.0,-0.02016128967184161,0.3141316496329458,-0.032875528394203365,1233794.35,935.4921935345344,-0.020355513353230603,1.027818224027304,-0.06418101790631202,36.28832266866003
2026-06-24,740.1500244140625,753.7000122070312,733.0,736.0499877929688,1624553,0.0,-0.006881247322531925,0.2825789905996943,-0.032875528394203365,1251580.55,933.507693974917,-0.021210122615733074,1.0325113979144807,-0.024351587725656952,35.16659336534127
2026-06-25,741.7000122070312,749.5,733.2000122070312,742.5999755859375,1108161,0.0,0.008898835543233563,0.2808989376251742,-0.031030684006719628,1306988.6,931.6081146874644,-0.004490966641560901,1.0214382253678425,0.031679846501625156,36.064918562892906
2026-06-26,742.5999755859375,742.5999755859375,742.5999755859375,742.5999755859375,0,0.0,0.0,0.2808989376251742,-0.031030684006719628,1235368.55,929.7274366864542,-0.022959032283787706,1.0194620580108522,0.0,43.88245962261933
2026-06-29,738.9000244140625,743.7999877929688,708.0499877929688,712.2000122070312,1861006,0.0,-0.040937199539926694,0.3118629450586548,-0.032875528394203365,1218708.55,927.5629847015844,-0.05843470489212421,1.057789228177811,-0.13126663130677793,33.520794726811474
2026-06-30,712.5,716.0,669.3499755859375,671.5499877929688,5466149,0.0,-0.057076697159962775,0.35176434863245803,-0.03497827116757983,1297130.9,925.0155916975186,-0.09390816208380759,1.1115665463171456,-0.16225832935962542,29.64189180420844
2026-07-01,604.4000244140625,604.4000244140625,555.5,557.5499877929688,26085834,0.0,-0.1697565364786291,0.6448138055747467,-0.041052835701330115,2489658.95,921.3592175293142,-0.24251070302334854,1.3194108440607828,-0.26326442203679945,15.621986694206853
2026-07-02,561.0,570.5,551.8499755859375,558.7999877929688,9825945,0.0,0.002241951443579193,0.6404724993933593,-0.041052835701330115,2943017.75,917.7516630045744,-0.24750874472887519,1.2972933343338382,0.0035004647517232514,11.959988264783917
2026-07-03,565.0499877929688,568.5,556.5,558.6500244140625,4156593,0.0,-0.0002683668256661109,0.6408320236646008,-0.041052835701330115,3108441.1,914.178512371833,-0.24771068841839383,1.2780273337847738,-0.0004187787307252012,9.043969522298639
2026-07-06,560.9000244140625,562.0,543.3499755859375,558.0,4760308,0.0,-0.0011635628491097894,0.6383354162398327,-0.041052835701330115,3301374.2,910.6344475721133,-0.21651222909865164,1.261836920844184,-0.001822807886386397,9.036505503560349
2026-07-07,559.4500122070312,566.4000244140625,556.3499755859375,562.4000244140625,3766444,0.0,0.007885348412298487,0.6408322870759622,-0.041052835701330115,3455499.2,907.1694284362123,-0.16253438368396778,1.234739458901224,0.012304854871201636,10.858791527626238
2026-07-08,562.25,567.7999877929688,551.0999755859375,554.5999755859375,2948579,0.0,-0.013869218509105719,0.6387436874014895,-0.041052835701330115,3567902.2,903.6612746765081,-0.005291027300903917,1.2360260190703507,-0.02171327649185095,10.780892175383741
2026-07-09,556.0499877929688,557.0,546.5999755859375,548.1500244140625,1950385,0.0,-0.011629916076106195,0.63580256134822,-0.041052835701330115,3627214.3,900.1238493007625,-0.019058632089397953,1.2333530418477456,-0.01829170972279169,5.1629339103022005
2026-07-10,554.0499877929688,567.4000244140625,554.0499877929688,561.75,4155099,0.0,0.02481068134672615,0.6463123031562953,-0.041052835701330115,3801211.25,896.7569453276205,0.005549047615613922,1.1868268802848243,0.03838806849518628,10.477152397279482
2026-07-13,560.0,578.9000244140625,556.5999755859375,573.4500122070312,5545256,0.0,0.02082779209084329,0.6489268591956777,-0.041052835701330115,4028900.65,893.5399609184606,0.02768819391941091,1.1466082249780611,0.032095746191953205,15.451173503188627
2026-07-14,573.4500122070312,576.5999755859375,552.5,555.5999755859375,3059510,0.0,-0.03112745006734674,0.6468683229371004,-0.041052835701330115,4128585.7,890.1773739997291,-0.012091124702936606,1.1653618222664082,-0.048120225527214795,14.679975802489253
2026-07-15,553.0,555.7000122070312,543.0,551.5999755859375,3117204,0.0,-0.007199424362431928,0.6455791004924568,-0.041052835701330115,4235381.2,886.8084446622784,-0.0054093042410080505,1.155647257058269,-0.011151885563552552,12.238042389124018
2026-07-16,554.9500122070312,562.7000122070312,550.0,551.3499755859375,1575224,0.0,-0.0004532269961295965,0.6467392600775714,-0.041052835701330115,4277898.45,883.4705494475885,0.005837728777437379,1.1385236687117624,-0.0007007878090891796,12.225956628505728
2026-07-17,553.9000244140625,557.9500122070312,547.0,554.0499877929688,1542011,0.0,0.004897093183257706,0.64973739788916,-0.041052835701330115,4223379.35,880.1927329137117,-0.013707186839396979,1.1143850023492008,0.00753703438311668,14.9257101180971
2026-07-20,555.0,565.9000244140625,552.4500122070312,561.2000122070312,1589210,0.0,0.01290501682446421,0.64632906983149,-0.041052835701330115,4259408.45,877.0186759912573,-0.021361931710234927,1.0827957646474857,0.0199666349962604,21.25555260762465
2026-07-21,561.9500122070312,578.4000244140625,560.5999755859375,564.4500122070312,3564358,0.0,0.0057911616701837865,0.6491545838575177,-0.041052835701330115,4385091.45,873.9085400332053,0.015928792314579443,1.0609088188094464,0.008921082474007544,54.24877958027568
2026-07-22,564.4500122070312,564.4500122070312,551.0,554.9000244140625,1120151,0.0,-0.016919102819446752,0.6487987829035871,-0.041052835701330115,4359871.35,870.7343259474427,0.0059826848698090185,1.0628446055329592,-0.026077580606659618,47.82125092000003
2026-07-23,551.7999877929688,555.7999877929688,548.0,550.9000244140625,2116765,0.0,-0.00720850571996956,0.64876208770991,-0.041052835701330115,4410301.55,867.5518950864141,-0.0008160899461305826,1.0531629593175054,-0.01111116963431609,45.848959817420074
2026-07-24,547.0499877929688,587.0,546.1500244140625,583.2000122070312,9475364,0.0,0.058631305793320765,0.6912302198978858,-0.041052835701330115,4884069.75,864.722523117465,0.052612625315957784,0.9811685354147801,0.08482167483037056,60.079999893647944
2026-07-27,585.7000122070312,594.0999755859375,580.7000122070312,585.2000122070312,5068869,0.0,0.0034293552094268875,0.6919856385142926,-0.041052835701330115,5044462.9,861.9412046009434,0.042765501564433706,0.9669642686727472,0.004955818399976623,59.29852398714947
2026-07-28,587.0,606.4000244140625,587.0,602.4500122070312,8904454,0.0,0.029477101230642733,0.695678796683293,-0.041052835701330115,5216378.15,859.359202686576,0.06732217056992851,0.9335421888222742,0.042371710834741796,68.11815253833396
2026-07-29,610.0,662.6500244140625,606.6500244140625,638.75,28550031,0.0,0.060253941501281494,0.7077647263917162,-0.041052835701330115,5339588.0,857.1640862419335,0.15110825715763387,0.886845406907412,0.08513272617743649,77.98022288615648
2026-07-30,610.0,621.0,580.1500244140625,589.75,15706759,0.0,-0.0767123287671233,0.45821718820811835,-0.04394126148759349,5633628.7,854.5032495629093,0.0705209182505635,0.9631538860067163,-0.16741477418811596,57.095791411720214
2026-07-31,585.2999877929688,607.5,575.5,598.4000244140625,6237877,0.0,0.014667273275222659,0.45995048100206354,-0.04394126148759349,5737692.9,851.9549587654084,0.02606312052276727,0.9525526086510394,0.03188880882215833,56.42213750566948
2026-08-03,602.1500244140625,622.5,598.4500122070312,619.25,4526739,0.0,0.03484287221805049,0.4720860641560328,-0.04394126148759349,5726014.45,849.6394865388869,0.0581852137435066,0.9254259253491496,0.07380618519692725,66.13435341670122
2026-08-04,624.0,629.2999877929688,617.9000244140625,625.5999755859375,2143138,0.0,0.010254300502119396,0.47176100308475877,-0.04394126148759349,5644849.15,847.4102376736834,0.038426363863946156,0.9210837984629988,0.021736218588874916,68.53707636758593
2026-08-05,630.0,630.5,621.5999755859375,623.0,1547858,0.0,-0.004155971367330036,0.47295975457739753,-0.04394126148759349,5574813.1,845.177299985388,-0.024657534246575352,0.930417340372003,-0.008787156283882857,67.73954977671968
2026-08-06,628.9000244140625,640.7000122070312,619.7000122070312,623.0,3620699,0.0,0.0,0.4682904300544425,-0.04394126148759349,5658328.8,842.9665805825483,0.05637982195845703,0.9364245615265725,0.0,67.30239225587675
2026-08-07,623.0,637.25,620.5499877929688,629.9000244140625,2544167,0.0,0.011075480600421406,0.4641247372427263,-0.04394126148759349,5577782.2,840.846515347041,0.05264037218388151,0.9315764094430753,0.023863154607072033,67.26131484664336
2026-08-10,630.0,638.7999877929688,624.2999877929688,627.9000244140625,1469093,0.0,-0.0031751070368037926,0.4607449432164662,-0.04394126148759349,5373974.05,838.727644790494,0.01396854971992334,0.9388795679889232,-0.006891246479507439,66.0429915564705
2026-08-11,628.0,634.1500244140625,621.1500244140625,627.0,1460797,0.0,-0.0014333880857901882,0.45799228898537475,-0.04394126148759349,5294038.4,836.6209020562602,0.0022378907747737653,0.9459210604191587,-0.0031297209340979794,69.06398326312637
2026-08-12,627.0,628.0,609.0,609.2000122070312,1196638,5.25,-0.028389135235994845,0.4553871424510413,-0.04394126148759349,5198010.1,834.3580076298997,-0.0221508632310895,0.9782870892512905,-0.06234065911432792,64.36668263558765
2026-08-13,611.7999877929688,621.9000244140625,608.0,620.5,1038244,0.0,0.018548896202465137,0.45558103602516675,-0.04394126148759349,5171161.1,832.2300672554729,-0.0040128410914928025,0.966043526083111,0.04071481104031812,60.25288486357829
2026-08-14,623.5999755859375,625.4000244140625,610.8499755859375,614.0,640338,0.0,-0.010475423045930743,0.458686351661367,-0.04394126148759349,5126077.45,830.0586238001946,-0.025242139701221356,0.9811522940471041,-0.02283787773412021,57.72532008839358
2026-08-17,617.0,617.0,603.25,609.0,941451,0.0,-0.008143322475570036,0.4611339493929784,-0.04394126148759349,5093689.5,827.8590355036753,-0.03010037215988237,0.9931321969368971,-0.017659342387816412,51.88055958227568
2026-08-18,609.0,609.0499877929688,596.0,596.6500244140625,1619307,0.0,-0.02027910605244254,0.4681657276476547,-0.04394126148759349,4996436.95,825.5584483286543,-0.04840506473036288,1.0163873019873944,-0.04331608321945328,35.98535640050869
2026-08-19,602.8499755859375,608.0999755859375,585.5,589.0999755859375,1451052,0.0,-0.012654066067523395,0.47129735397341377,-0.04394126148759349,5012982.0,823.2056277043487,-0.03299415006292372,1.0323162982626892,-0.026849431027662657,49.701138136447966
2026-08-20,595.0,601.25,590.0499877929688,592.9000244140625,641737,0.0,0.006450600892226044,0.466114725746545,-0.04394126148759349,4939230.6,820.9140296616592,-0.04448021851077755,1.029241829946941,0.013839083808184148,47.353224812214464
2026-08-21,592.9000244140625,594.8499755859375,586.0499877929688,589.2999877929688,904430,0.0,-0.006071911743723568,0.46580003489294697,-0.04394126148759349,4510683.9,818.6094123296325,-0.04022803291047439,1.0360470346680317,-0.013035446883907132,32.71784029792249
2026-08-24,589.3499755859375,595.9000244140625,581.0,583.0999755859375,1117937,0.0,-0.010520978000103764,0.42249193711408073,-0.04394126148759349,4313137.3,816.2660348495958,-0.04252877572095648,1.0468830879959303,-0.024902197715174212,25.433560638985327
2026-08-25,583.0999755859375,592.0,577.0,592.0,1582973,0.0,0.015263290664897067,0.42556242431191826,-0.04394126148759349,3947063.25,814.0345320152716,-0.007793554384966317,1.0302618284483214,0.0358661607187578,33.29744450192882
2026-08-26,593.0,596.2000122070312,587.4500122070312,590.0,918198,0.0,-0.0033783783783783994,0.4127874638827711,-0.041744174420928495,2565471.6,811.8053326917366,0.0015277957076256232,1.029622885493909,-0.008184304495968879,32.594968037230714
2026-08-27,589.5,592.9000244140625,579.6500244140625,588.0,1063360,0.0,-0.003389830508474523,0.34826928081696684,-0.041744174420928495,1833301.65,809.5784139584855,-0.008264503646976507,1.032976194628242,-0.009733360356070126,26.6963536060007
2026-08-28,590.0,613.4500122070312,589.4000244140625,609.4000244140625,5637989,0.0,0.03639459934364364,0.2582629410017951,-0.041744174420928495,1803307.25,807.5865891868992,0.034108326891999274,0.9976041648930682,0.1409207135691355,41.5370671590742
2026-08-31,609.4000244140625,610.0,585.0,585.0,2324629,0.0,-0.04003942145805306,0.29106552687324533,-0.041744174420928495,1693201.75,805.3717972546913,0.0032584882414945504,1.0362863289596689,-0.13756153300790683,34.18676730173654
2026-09-01,585.2000122070312,594.2999877929688,581.0,590.0,1026752,0.0,0.008547008547008517,0.2632863940842273,-0.041744174420928495,1637382.45,803.2287942969332,-0.0033783783783783994,1.0244872943425583,0.03246277975020033,42.00000707175744
2026-09-02,588.0,589.9000244140625,579.0999755859375,588.0,715333,0.0,-0.003389830508474523,0.25938729574407304,-0.041744174420928495,1595756.2,801.0872142541776,-0.003389830508474523,1.0249957545273969,-0.01306860603201273,35.32071239479188
2026-09-03,591.0499877929688,592.4000244140625,580.5499877929688,583.5,975708,0.0,-0.007653061224489832,0.25989666476467127,-0.041744174420928495,1463506.65,798.9221673461759,-0.007653061224489832,1.0295158588896476,-0.029446553063518233,35.970586339318984
2026-09-04,584.0,593.5999755859375,575.0,575.4500122070312,1239906,0.0,-0.013796037348703938,0.2622823167167068,-0.041744174420928495,1398293.6,796.6985638124531,-0.05571055275173997,1.0391867066928027,-0.05259995029556507,34.98884433179256
2026-09-07,575.8499755859375,575.9000244140625,560.0,562.25,1316814,0.0,-0.022938590541348836,0.26468705107686014,-0.041744174420928495,1390679.65,794.3657422819809,-0.03888888888888886,1.0577456679965402,-0.08666305956938296,34.724708089012424
2026-09-08,562.25,563.3499755859375,556.4000244140625,562.0,1083793,0.0,-0.0004446420631392112,0.2651270715215145,-0.041744174420928495,1371829.45,792.0536453438518,-0.0474576271186441,1.052433277279457,-0.0016770903243361408,37.13203622620649
2026-09-09,558.2999877929688,559.25,551.25,553.0999755859375,1160555,0.0,-0.015836342373776735,0.26728060026267664,-0.041744174420928495,1370025.3,789.6759968885492,-0.05935378301711314,1.064296738354379,-0.05924987359993371,31.974639443396526
2026-09-10,554.5,559.5,548.75,550.9500122070312,1114138,0.0,-0.003887115302488753,0.2543758225618134,-0.041744174420928495,1373820.0,787.3006139563948,-0.05578404077629606,1.0621381026314523,-0.015280992943951084,32.40020656461189
2026-09-11,550.9000244140625,555.9500122070312,545.5999755859375,553.75,860098,0.0,0.0050821085959367185,0.24291924137836562,-0.041744174420928495,1384808.0,784.9767272503611,-0.03770963897247115,1.0513273148719666,0.020920979161181998,36.096654614153294
2026-09-14,553.75,553.75,553.75,553.75,0,0.0,0.0,0.2428139326028722,-0.041744174420928495,1337735.45,782.6759637951337,-0.015117830146731848,1.0463386015536822,0.0,30.212110490150806
2026-09-15,560.0,580.9500122070312,560.0,563.0,4090759,0.0,0.016704288939051848,0.25351640781015755,-0.041744174420928495,1461308.05,780.4901333096101,0.001779359430605032,1.0261589687205124,0.06589036356438516,37.00674025059973
2026-09-16,563.0,566.4000244140625,553.0999755859375,555.0,831708,0.0,-0.014209591474245165,0.2493256255506628,-0.041744174420928495,1430340.85,778.2464503911066,0.003435227803164631,1.037878379478111,-0.05699209968065152,34.986354519071796
2026-09-17,556.2000122070312,560.9500122070312,552.5,559.2999877929688,599882,0.0,0.007747725753096901,0.2497205626537129,-0.041744174420928495,1428248.1,776.067878623961,0.015155595609279704,1.026895246405577,0.031025580594998315,23.00644220057336
2026-09-18,559.2999877929688,559.5,532.0,532.0,3944020,0.0,-0.04881099300698388,0.2945331364676837,-0.04922427821463282,1580227.6,773.6393425182499,-0.0392776523702032,1.0742058259203917,-0.16572325930840334,22.309285734493656
2026-09-21,536.0,538.0999755859375,526.9500122070312,536.7999877929688,2223576,0.0,0.009022533445429914,0.298444967152437,-0.04922427821463282,1635509.55,771.282732023471,-0.030609502856941306,1.0602878408028442,0.030231815363478097,22.146572633608642
2026-09-22,539.9000244140625,539.9000244140625,524.0,529.0499877929688,1583599,0.0,-0.014437407183751638,0.2997849832830362,-0.0404780000354996,1635540.85,768.872455961476,-0.06030197550094363,1.0698705461668871,-0.04815920578826586,20.88886528317373
2026-09-23,532.0,533.3499755859375,525.0,527.0,1154291,0.0,-0.003874847066003495,0.2911338459708956,-0.03157304863688205,1647345.5,766.4657648573817,-0.05045045045045049,1.0680550273048357,-0.013309503469053288,21.406861364160108
