date,open,high,low,close,volume,dividend,daily_return,rolling_volatility_ann,var_95_threshold,avg_volume_20d,ema_200,qlib_momentum_5d,qlib_mean_reversion_20d,qlib_vol_normalized_return,rsi_14d
2021-12-03,2763.0,2792.699951171875,2632.35009765625,2662.14990234375,44998,0.0,-0.03210385587656428,0.5600287126565103,-0.04295969360132562,67041.1,2440.8888023302084,0.05850890749254467,0.9444612728749727,-0.057325373820611966,61.91789098985686
2021-12-06,2668.89990234375,2674.449951171875,2530.0,2556.699951171875,28579,0.0,-0.0396108239731493,0.5772926123185687,-0.0424454302751589,67990.4,2442.0411520699267,0.057405208831673216,0.9881302171846089,-0.06861481065540237,50.82618629359523
2021-12-07,2600.0,2624.89990234375,2551.050048828125,2572.10009765625,28034,0.0,0.006023446934911636,0.5766323282446705,-0.04230369996005842,68047.3,2443.3352709314822,-0.028020747224846487,0.9871272040854564,0.010445905537049209,49.851314447448324
2021-12-08,2598.25,2648.0,2524.949951171875,2616.64990234375,28977,0.0,0.01732040083824682,0.5778195603852218,-0.04216196964495794,68685.25,2445.0597946271264,-0.03501629734951306,0.9761632520038165,0.029975448610540523,49.44386303339133
2021-12-09,2643.0,2669.0,2590.0,2616.949951171875,24916,0.0,0.0001146690766145042,0.577144448162128,-0.04202023932985746,68896.35,2446.770144443492,-0.0485375129051594,0.9816150570382928,0.00019868349248238306,53.56856438207492
2021-12-10,2633.25,2668.0,2590.0,2601.75,21783,0.0,-0.005808269724481563,0.5787337374121702,-0.04187850901475698,68123.3,2448.3122325584823,-0.022688392674873104,0.9928423092254612,-0.010036169050886458,53.7455793016645
2021-12-13,2648.0,2648.0,2578.0,2610.10009765625,62080,0.0,0.003209415837897467,0.5776572023631292,-0.0417367786996565,69556.8,2449.922062061943,0.020886356437679998,0.9943804397542972,0.00555591753934503,50.150083679042964
2021-12-14,2586.39990234375,2628.699951171875,2574.64990234375,2582.949951171875,34899,0.0,-0.01040195604327765,0.5779392018092837,-0.04159504838455602,67507.25,2451.245722650102,0.004218285876786743,1.0057192490984912,-0.017998356627704003,51.01956029703808
2021-12-15,2596.5,2635.0,2552.39990234375,2569.85009765625,18247,0.0,-0.005071663703619778,0.5221362712576626,-0.04145331806945554,65929.4,2452.425865684989,-0.017885390263932988,1.0107350191989326,-0.009713294949364041,45.202553173120144
2021-12-16,2582.89990234375,2600.0,2530.10009765625,2544.10009765625,13891,0.0,-0.010020039699391248,0.520896698354376,-0.04131158775435506,63875.3,2453.3380470976385,-0.027837694596720364,1.0192877228007433,-0.01923613556907797,51.88179579411641
2021-12-17,2540.10009765625,2566.89990234375,2504.39990234375,2530.449951171875,14928,0.0,-0.0053654125075307535,0.5154700217389397,-0.04116985743925458,62764.9,2454.1053297252433,-0.027404650265446362,1.024575683305767,-0.010408776800138152,58.15875381135306
2021-12-20,2520.0,2520.0,2381.60009765625,2442.449951171875,24189,0.0,-0.03477642383689361,0.5164130429367774,-0.0410281271241541,61121.2,2453.9893558092895,-0.06423130922638454,1.0598538524780656,-0.0673422634054743,31.452494122879884
2021-12-21,2455.300048828125,2492.85009765625,2402.449951171875,2414.449951171875,11460,0.0,-0.011463899183099202,0.517206124003645,-0.04088639680905362,59870.3,2453.5959288974746,-0.06523548778928223,1.0681542565933237,-0.022165048767612664,20.984267336446194
2021-12-22,2420.0,2555.0,2380.0,2527.699951171875,24720,0.0,0.046905093205611204,0.5304944299143651,-0.04074466649395314,59147.95,2454.3332823529413,-0.01640179188771229,1.019593915424787,0.08841769050997562,31.008617452320223
2021-12-23,2540.0,2577.0,2490.0,2555.5,16913,0.0,0.010998160131797441,0.5287514294407816,-0.04060293617885266,57854.15,2455.3399163593795,0.004480917379882987,1.0065554647757287,0.020800246224254863,39.86121657469924
2021-12-24,2569.0,2585.0,2522.199951171875,2541.550048828125,6017,0.0,-0.0054587952149774965,0.5130090993663873,-0.04046120586375218,56828.35,2456.19772862275,0.00438661023550746,1.0126025233547633,-0.010640737396884828,48.256428165722106
2021-12-27,2550.0,2554.89990234375,2482.0,2502.800048828125,9540,0.0,-0.015246601190429865,0.48138480847322657,-0.0403194755486517,55979.8,2456.6614333014104,0.024708836972194392,1.029976406308208,-0.03167237645504985,42.431188121940316
2021-12-28,2535.0,2545.800048828125,2484.0,2496.199951171875,8331,0.0,-0.002637085475262091,0.4605257812789653,-0.04017774523355122,33131.4,2457.054851389674,0.03385864343981204,1.02969415424911,-0.005726249268121155,35.65560876332634
2021-12-29,2501.0,2677.0,2501.0,2563.75,150694,0.0,0.027061153012367,0.33082481176424083,-0.04003601491845074,35688.95,2458.116494659428,0.014261996884326278,0.9996801531646148,0.08179904055582587,44.53911784373482
2021-12-30,2574.0,2589.85009765625,2530.0,2556.5,22098,0.0,-0.0028278888347147424,0.3170253410125479,-0.03989428460335026,29764.7,2459.0954350110756,0.0003913128546273459,0.9987218834802221,-0.008920071614723373,45.27810046572696
2021-12-31,2556.0,2590.0,2509.699951171875,2526.75,31333,0.0,-0.011637003716017946,0.31226913741111745,-0.03975255428824978,29081.45,2459.7686147622094,-0.005823237215001553,1.007801523696448,-0.037265941296138576,41.674153532246436
2022-01-03,2568.39990234375,2590.0,2491.0,2507.39990234375,27499,0.0,-0.007658097420104926,0.2954256269522847,-0.03975255428824978,29027.45,2460.242557922225,0.0018378829414593678,1.014595834984533,-0.025922250685853014,42.33383952164023
2022-01-04,2545.0,2565.89990234375,2485.050048828125,2504.35009765625,38228,0.0,-0.0012163216105453012,0.2631295333421545,-0.03975255428824978,29537.15,2460.6814389146034,0.0032650214901850383,1.014478766341926,-0.004622520128664097,43.215250298521426
2022-01-05,2504.35009765625,2532.0,2452.64990234375,2489.75,39850,0.0,-0.005829894817786729,0.26242812469374815,-0.03975255428824978,30080.8,2460.9706783283887,-0.028863968795709405,1.0178793061317024,-0.022215205029712904,44.237083658888146
2022-01-06,2460.14990234375,2520.0,2440.199951171875,2451.800048828125,39289,0.0,-0.015242474614670098,0.2573225639940683,-0.03975255428824978,30799.45,2460.8794282836097,-0.04095441078500883,1.0302665213387048,-0.059234890970045494,42.06918554283838
2022-01-07,2462.0,2509.949951171875,2434.25,2446.10009765625,26123,0.0,-0.0023248026178152026,0.25709273691519324,-0.03975255428824978,31016.45,2460.732370267417,-0.031918433696942694,1.0294856758396307,-0.009042661240778144,50.44131857238111
2022-01-10,2451.0,2497.199951171875,2430.050048828125,2450.25,26652,0.0,0.0016965382355882408,0.2574058344064828,-0.03975255428824978,29245.05,2460.628068075702,-0.0227924960395548,1.0244801580753877,0.00659090798618057,54.593283700396775
2022-01-11,2462.0,2514.39990234375,2443.35009765625,2470.64990234375,22165,0.0,0.008325641197326705,0.25949470107867895,-0.03975255428824978,28608.35,2460.7277878196624,-0.013456663005719127,1.01374844833614,0.0320840496622005,40.39075676380346
2022-01-12,2483.699951171875,2605.0,2483.64990234375,2560.25,43145,0.0,0.036265800982669294,0.29010666312348266,-0.03975255428824978,29853.25,2461.718058587626,0.028316095993573542,0.9780831950004881,0.1250085032247187,50.662205653355116
2022-01-13,2603.0,2675.0,2559.949951171875,2643.14990234375,69870,0.0,0.032379612281515424,0.3105717561115436,-0.038658510492270794,32652.2,2463.5233505652986,0.07804464055177895,0.949280246273395,0.104258067907841,61.880248847962676
2022-01-14,2643.14990234375,2699.39990234375,2615.699951171875,2663.25,27202,0.0,0.007604599965528536,0.3083128174762755,-0.038658510492270794,33265.9,2465.5106804104203,0.08877392325514966,0.9446090275699921,0.024665207827312036,69.61730897841727
2022-01-17,2697.800048828125,2730.0,2670.050048828125,2715.60009765625,37904,0.0,0.019656471475171244,0.312568236659019,-0.038658510492270794,33951.65,2467.9991323233144,0.10829511178706253,0.9314285642363305,0.06288697487756813,74.1258159046833
2022-01-18,2735.0,2742.64990234375,2640.0,2656.35009765625,24677,0.0,-0.02181838189324592,0.29529349926295734,-0.038658510492270794,34612.5,2469.8732712818514,0.0751624886781157,0.9567573602465348,-0.07388710286150166,60.37187698754267
2022-01-19,2674.0,2800.0,2592.39990234375,2790.64990234375,74145,0.0,0.05055802125103748,0.3300404145171755,-0.034968022081554896,37083.75,2473.0650785560993,0.08999117365247544,0.9154247556231564,0.15318735977570047,70.41590563876821
2022-01-20,2800.0,2914.800048828125,2752.0,2821.60009765625,122494,0.0,0.011090676507470976,0.2973436078577112,-0.034968022081554896,42362.8,2476.5330886963993,0.06751421671327207,0.9100988520303318,0.03729919137789678,75.65475920572246
2022-01-21,2830.0,3210.14990234375,2817.199951171875,3030.75,860273,0.0,0.07412457297456121,0.38093610621134194,-0.034968022081554896,85075.6,2482.0476848287735,0.1379892987890734,0.8553641861995277,0.19458531186745542,84.23051200142658
2022-01-24,3031.0,3129.949951171875,2870.10009765625,2910.949951171875,164982,0.0,-0.039528185705889674,0.41347126649691873,-0.038654378578907814,92847.7,2486.3153690709933,0.07193616382773937,0.8975772673073813,-0.09560080216644565,73.07080548349468
2022-01-25,2870.0,3240.0,2812.25,3184.800048828125,208978,0.0,0.09407585229900794,0.5036258552322165,-0.038654378578907814,102880.05,2493.2654653869845,0.19893836721226488,0.831208385687601,0.18679710236016286,80.47262389237684
2022-01-27,3218.0,3330.0,3046.0,3109.35009765625,226369,0.0,-0.023690639919337286,0.5164559311613854,-0.038654378578907814,106663.8,2499.3956607329474,0.11420285828216459,0.8601516163210478,-0.04587156043952698,77.91078041795477
2022-01-28,3150.0,3269.0,3128.550048828125,3221.89990234375,103032,0.0,0.036197212006566115,0.5209849926250225,-0.038654378578907814,110710.5,2506.5847576643982,0.1418697869411074,0.8404303638838874,0.06947841458810466,80.19146646942636
2022-01-31,3286.39990234375,3340.0,3105.0,3121.800048828125,76105,0.0,-0.031068579580268207,0.5395817394907033,-0.038654378578907814,112949.1,2512.7063028501075,0.03004208490575766,0.8769091443871471,-0.05757900375539573,74.31831132941474
2022-02-01,3180.0,3260.0,3125.300048828125,3231.199951171875,79244,0.0,0.03504385310802238,0.5401249862536611,-0.038654378578907814,115536.35,2519.8554933806727,0.11001563248144319,0.8584194893915714,0.06488100597285557,75.8734538170064
2022-02-02,3265.0,3390.0,3208.35009765625,3355.75,69165,0.0,0.03854606669666283,0.5423060533199097,-0.038654378578907814,117083.2,2528.1728516554917,0.053676823835385745,0.839244582380755,0.0710780669880216,76.43384577230678
2022-02-03,3390.0,3430.0,3275.0,3301.85009765625,69277,0.0,-0.01606195406205768,0.5501148595188661,-0.038654378578907814,118554.55,2535.871132710226,0.06191004356347696,0.8652421908053738,-0.02919745484448651,72.31823290238208
2022-02-04,3332.0,3350.0,3206.949951171875,3256.60009765625,39437,0.0,-0.013704438015559761,0.5543173066339696,-0.038654378578907814,118561.95,2543.0425651972514,0.010770103468223047,0.8896210550179271,-0.02472309199860188,69.76714035019108
2022-02-07,3272.39990234375,3290.050048828125,3038.89990234375,3094.949951171875,59967,0.0,-0.04963770240033871,0.5884897140674991,-0.039532317619252653,120254.15,2548.534180978094,-0.008600838374106967,0.9465686209933568,-0.08434761113117639,61.77995633542485
2022-02-08,3147.949951171875,3172.75,3020.0,3111.64990234375,41200,0.0,0.005395871156349985,0.5867605645745739,-0.039532317619252653,120981.55,2554.13732248422,-0.03699865394735702,0.9521162712456449,0.009196035640707827,64.52219692400809
2022-02-09,3128.0,3139.0,3051.10009765625,3084.35009765625,26568,0.0,-0.008773417815075346,0.5902247470954703,-0.039532317619252653,121201.7,2559.413071490907,-0.08087607907137007,0.9704921352740151,-0.014864537126924045,60.05409673052099
2022-02-10,3120.0,3123.949951171875,2922.300048828125,2968.199951171875,91523,0.0,-0.03765789965692801,0.614499442113629,-0.039532317619252653,123620.6,2563.4806026320116,-0.10104945306911717,1.0153409673683784,-0.06128223471542586,54.74187783151147
2022-02-11,2968.199951171875,2979.85009765625,2812.0,2824.39990234375,61990,0.0,-0.048446887404385075,0.6376008108274976,-0.040052627144711084,123226.6,2566.076814569442,-0.1327151576343535,1.070244163107795,-0.07598310074555618,43.03083053761648
2022-02-14,2770.0,2940.0,2725.64990234375,2830.5,67367,0.0,0.002159785394124869,0.6300632416476344,-0.040052627144711084,125234.85,2568.707891041388,-0.08544563089679158,1.0708920719892687,0.0034278866264251485,47.05688803093842
2022-02-15,2847.39990234375,2898.0,2698.550048828125,2817.60009765625,70991,0.0,-0.004557464173732595,0.6305956493500217,-0.040052627144711084,126889.2,2571.1844304106903,-0.09449964292770097,1.077605020063444,-0.007227236829429086,33.39663152498514
2022-02-16,2887.0,2892.0,2771.10009765625,2832.449951171875,49815,0.0,0.005270390758425059,0.6278929997934861,-0.040052627144711084,128146.1,2573.7840873336872,-0.08167041305582978,1.0750640099330142,0.008393771990165154,36.75371752385498
2022-02-17,2870.0,2987.199951171875,2827.550048828125,2913.0,63329,0.0,0.028438295545098358,0.6272618379264066,-0.040052627144711084,127605.3,2577.159370046785,-0.018597113428993062,1.0474364941037484,0.04533719951103239,34.75621833003845
2022-02-18,2949.0,3125.0,2932.89990234375,3105.35009765625,170932,0.0,0.06603161608522146,0.6434623138880934,-0.040052627144711084,130027.2,2582.414999177228,0.09947252691779274,0.9871254161125969,0.10261924223663672,49.25596128108951
2022-02-21,3148.0,3150.0,3045.0,3121.949951171875,83411,0.0,0.005345565876180514,0.6431825819872301,-0.039532317619252653,91184.1,2587.7835061622495,0.10296765630520222,0.9833373541848306,0.008311117158293123,44.60573689524682
2022-02-22,2974.0,3196.0,2974.0,3172.199951171875,87033,0.0,0.016095709664127655,0.5948779989852223,-0.039532317619252653,87286.65,2593.5985951673206,0.1258517324053865,0.9718783659094039,0.02705716032701336,40.21953015428891
2022-02-23,3196.0,3342.0,3172.25,3201.800048828125,96448,0.0,0.00933109454380876,0.5747785495848138,-0.039532317619252653,81660.15,2599.6503509251397,0.1303995142097527,0.963158991146719,0.016234242541247525,44.52710225872906
2022-02-24,3098.0,3235.0,2998.699951171875,3027.949951171875,100375,0.0,-0.05429761228215357,0.5119416931974226,-0.040052627144711084,75360.45,2603.9120384897838,0.0394610199697476,1.0171147301713697,-0.10606210031929068,39.0351453282465
2022-02-25,3131.0,3220.0,3131.0,3180.64990234375,52912,0.0,0.050430143705901376,0.5360242780786513,-0.040052627144711084,72854.45,2609.650723702261,0.02424841074902706,0.9676355751353514,0.09408182581924668,54.145301106143656
2022-02-28,3195.0,3333.0,3137.25,3303.449951171875,113626,0.0,0.038608477071820024,0.5380452304715936,-0.040052627144711084,74730.5,2616.5541986024564,0.05813674236893873,0.9344147900835501,0.071756934487479,58.41375857378511
2022-03-02,3310.0,3450.0,3250.050048828125,3417.25,96860,0.0,0.03444884908510737,0.5355732252909653,-0.039974120790814444,75611.3,2624.521321004422,0.07724924424691415,0.9060194586633075,0.06432145375299057,63.57334349810141
2022-03-03,3494.0,4042.60009765625,3424.85009765625,3852.699951171875,466662,0.0,0.12742701036560833,0.677886322639782,-0.039974120790814444,95486.15,2636.7420038916607,0.2032918647065367,0.8100663254937579,0.18797695753709937,78.6134816218354
2022-03-04,3829.0,3978.25,3541.89990234375,3583.449951171875,287797,0.0,-0.06988605482191845,0.7215174179491505,-0.048506428154182754,106412.15,2646.161983466588,0.18345745767198385,0.8748615239697527,-0.09685982918051388,72.71176884129949
2022-03-07,3485.0,3538.39990234375,3260.0,3281.64990234375,140641,0.0,-0.08422052852431472,0.7816348708980912,-0.04987069789442945,111472.35,2652.485246340988,0.03175451656140327,0.9557006593988024,-0.10774919413466567,61.469426774415545
2022-03-08,3252.550048828125,3475.0,3252.550048828125,3408.300048828125,131848,0.0,0.03859343630590262,0.7903135980255109,-0.04987069789442945,115066.4,2660.0057916393675,0.031739575052152746,0.9247843309900141,0.048833065651397514,64.19610386145669
2022-03-09,3460.050048828125,3518.0,3400.0,3459.39990234375,61323,0.0,0.014992768472128715,0.7670983118834098,-0.04987069789442945,116072.55,2667.959961895133,0.012334450901675398,0.9161502196729331,0.01954478069423732,64.80925661224958
2022-03-10,3499.0,3599.0,3368.300048828125,3385.5,50518,0.0,-0.02136205828464144,0.7731230912840452,-0.04987069789442945,117270.05,2675.099663766823,-0.1212655948018394,0.9405959165812842,-0.027630862729573286,61.1961513189225
2022-03-11,3378.0,3445.0,3312.699951171875,3333.550048828125,35992,0.0,-0.015344838627049162,0.7749463353000823,-0.04987069789442945,114493.5,2681.651408891811,-0.06973723806635745,0.9607340323552696,-0.01980116264837301,55.792759218983775
2022-03-14,3350.0,3384.60009765625,3281.050048828125,3307.550048828125,29478,0.0,-0.007799492918709849,0.761099171723516,-0.04987069789442945,112867.9,2687.8792560553566,0.007892416087979859,0.9755899200788324,-0.010247669562655192,54.68900228247469
2022-03-15,3285.5,3549.0,3271.050048828125,3460.14990234375,114563,0.0,0.04613682371025396,0.7458239784849243,-0.04987069789442945,115227.7,2695.563541093052,0.01521281952082032,0.9416629553254712,0.06186020350991505,56.91705200142788
2022-03-16,3509.0,3509.0,3360.0,3409.0,50572,0.0,-0.014782568324309686,0.7505780205114264,-0.04987069789442945,114206.75,2702.662411330932,-0.01456897258672063,0.9644661126510248,-0.019694912085605792,54.926295175279535
2022-03-17,3460.0,3490.0,3380.0,3403.800048828125,36176,0.0,-0.0015253596866749985,0.7499129089246871,-0.04987069789442945,113524.8,2709.638905236377,0.005405419828127256,0.9743323448308756,-0.0020340490851420956,59.71515427375321
2022-03-21,3421.699951171875,3484.949951171875,3312.699951171875,3347.75,29351,0.0,-0.016466904055490006,0.75543408873423,-0.04987069789442945,111825.9,2715.988269363378,0.004259708408117957,0.9971383714166698,-0.021797935892861043,54.54644730214016
2022-03-22,3365.0,3394.25,3303.0,3324.0,24261,0.0,-0.0070943170786349485,0.7539740803509187,-0.04987069789442945,104492.35,2722.038137329912,0.004973454952768908,1.0075518886965535,-0.009409231921130171,50.59097727335444
2022-03-23,3355.0,3418.60009765625,3295.35009765625,3371.5,56546,0.0,0.0142900120336944,0.7239532542145659,-0.04987069789442945,103149.1,2728.5004444211568,-0.02562024907756233,0.9970576836626872,0.019738859868527525,48.632163996101625
2022-03-24,3357.0,3440.0,3325.699951171875,3422.64990234375,38122,0.0,0.015171259778659296,0.7248288992608535,-0.04987069789442945,100703.55,2735.407404201481,0.004004078129583366,0.9858158369387526,0.02093081496174074,33.30615288053073
2022-03-25,3440.699951171875,3470.0,3350.0,3378.949951171875,30202,0.0,-0.012767870632035772,0.7263414458244752,-0.04987069789442945,97391.25,2741.810812629047,-0.007300692549436216,1.0011867657202989,-0.01757833114116125,40.37646616033521
2022-03-28,3390.0,3650.0,3340.550048828125,3582.10009765625,172927,0.0,0.06012227153998517,0.751903892869156,-0.04987069789442945,101018.85,2750.1719000422536,0.070002269481368,0.9521418685927656,0.07996004716901631,65.58594785983695
2022-03-29,3619.949951171875,3643.949951171875,3490.64990234375,3543.89990234375,63673,0.0,-0.010664189796788293,0.7221155379672124,-0.04987069789442945,101556.9,2758.0696911099303,0.06615520527790308,0.9675301433319551,-0.014767982529677506,57.74502549111544
2022-03-30,3570.050048828125,3644.5,3459.0,3476.35009765625,61196,0.0,-0.019060866996504666,0.7113056985157391,-0.04987069789442945,98935.4,2765.216759831784,0.031098946361041158,0.9888172627119776,-0.026797011142056515,50.9502832647826
2022-03-31,3487.949951171875,3565.0,3445.0,3521.25,48197,0.0,0.012915817188269285,0.7015944839958391,-0.04987069789442945,96502.25,2772.739478639428,0.028808116655089755,0.9776854775414892,0.01840923396463525,57.86637661783864
2022-04-01,3542.89990234375,3545.0,3467.800048828125,3496.699951171875,34992,0.0,-0.006971969848242776,0.6935393280880595,-0.04987069789442945,74918.75,2779.9430654307957,0.03484810420443263,0.9794592145789246,-0.010052738850348438,59.76419650418931
2022-04-04,3472.0,3512.0,3456.60009765625,3476.10009765625,30621,0.0,-0.00589122710077572,0.5223477526052764,-0.04987069789442945,62059.95,2786.8700010748303,-0.029591579551156433,0.9837195129745486,-0.011278361893219317,60.15301113759087
2022-04-05,3498.85009765625,3555.5,3414.949951171875,3460.5,49825,0.0,-0.0044878160058647865,0.4649574622070587,-0.04987069789442945,57519.15,2793.572787133787,-0.02353336850417065,0.9907383326108943,-0.00965209997499779,50.025257745822266
2022-04-06,3441.0,3514.300048828125,3429.25,3454.699951171875,49838,0.0,-0.0016760724832033391,0.35405734117138216,-0.04987069789442945,53418.65,2800.1511668754597,-0.0062278383581019225,0.9930732172423339,-0.004733901097260463,53.527864325086995
2022-04-07,3430.0,3484.0,3356.0,3380.14990234375,33164,0.0,-0.02157931220708087,0.3381591969421437,-0.04987069789442945,52010.7,2805.922298571662,-0.040071025248491265,1.013803409352078,-0.06381406084493484,48.35087197480784
2022-04-08,3404.699951171875,3500.0,3390.0,3462.35009765625,38432,0.0,0.024318505890967623,0.3449083116446777,-0.04987069789442945,51406.4,2812.453918463051,-0.00982350616160621,0.9908443407621579,0.07050715904738415,57.709907654590644
2022-04-11,3469.800048828125,3488.25,3401.35009765625,3443.60009765625,41568,0.0,-0.005415396904169922,0.33663625055247176,-0.04987069789442945,51685.2,2818.7339799475603,-0.009349558150501203,0.9978372647799864,-0.016086790220644756,58.10079015509728
2022-04-12,3460.89990234375,3525.550048828125,3386.0,3484.449951171875,49172,0.0,0.011862542791605701,0.33314635459578484,-0.04987069789442945,52669.9,2825.3580194622305,0.006920951068306591,0.988677566282732,0.03560760089937896,57.71990591697687
2022-04-13,3518.949951171875,3530.5,3430.0,3493.449951171875,48962,0.0,0.002582904081309456,0.33110945160964084,-0.04987069789442945,49389.85,2832.0057003747647,0.01121660362627308,0.9866070927519142,0.007800755885238196,55.13490235205164
2022-04-18,3460.0,3518.050048828125,3390.0,3412.449951171875,38164,0.0,-0.02318624887493481,0.302676110008013,-0.04987069789442945,48769.45,2837.7812650593132,0.009555803665905138,1.0100763518524016,-0.07660415652982794,52.30493951079374
2022-04-19,3426.10009765625,3479.949951171875,3251.0,3325.85009765625,40550,0.0,-0.02537761864782384,0.3110879668147577,-0.04987069789442945,48988.15,2842.63767135381,-0.03942408946235687,1.0352052554702518,-0.08157698316619723,29.001061944214214
2022-04-20,3330.949951171875,3368.800048828125,3251.39990234375,3304.300048828125,38167,0.0,-0.006479561073216011,0.311667170050624,-0.04987069789442945,49428.95,2847.2313268510675,-0.04045186574449633,1.0412992015242921,-0.02079000128330336,29.81466283400819
2022-04-21,3304.300048828125,3345.0,3275.0,3288.449951171875,50126,0.0,-0.004796809436803828,0.3070669586427036,-0.04987069789442945,50722.2,2851.6215619189365,-0.056249911104070294,1.0457776615315308,-0.01562137880869007,32.659641044492645
2022-04-22,3275.10009765625,3339.949951171875,3225.0,3236.10009765625,29272,0.0,-0.01591930979426026,0.3108893013399568,-0.04987069789442945,49358.5,2855.4472189909498,-0.07366639199433711,1.0606030102000248,-0.05120571603329434,24.04188416831431
2022-04-25,3203.5,3218.0,3136.35009765625,3151.64990234375,34596,0.0,-0.026096286506608113,0.31712168127182755,-0.04987069789442945,49182.2,2858.39450937257,-0.07642604362257777,1.0847231167207032,-0.08229108012746794,21.67775047907064
2022-04-26,3180.0,3200.0,3112.0,3139.800048828125,21308,0.0,-0.0037598889098731103,0.3101433954565536,-0.04987069789442945,48737.5,2861.1945644915313,-0.05594059965578002,1.0850085855107618,-0.012123065793832634,21.99367364757471
2022-04-27,3135.0,3308.0,3120.050048828125,3169.050048828125,104609,0.0,0.009315879847481723,0.31163683969466843,-0.04987069789442945,45321.6,2864.2578031416465,-0.04093151287758101,1.0684771319961768,0.0298933834577301,26.26822505741677
2022-04-28,3189.25,3206.300048828125,3136.89990234375,3177.050048828125,22571,0.0,0.002524415795502666,0.21330328035531476,-0.04987069789442945,43266.5,2867.3701637952436,-0.033876113061733326,1.0600132081301774,0.011834865703654001,27.47262455004679
2022-04-29,3192.89990234375,3265.550048828125,3120.0,3149.0,34911,0.0,-0.008828960323892687,0.21284978914524244,-0.04987069789442945,41952.25,2870.1724507226545,-0.02691514323655575,1.064257703958598,-0.041479768171489156,29.714795750157833
2022-05-02,3110.0,3147.949951171875,3083.0,3089.25,20059,0.0,-0.018974277548428065,0.21278060267964785,-0.04987069789442945,40545.35,2872.352326834867,-0.01979912245244808,1.0778498048929757,-0.08917296228014351,15.914468221503839
2022-05-04,3100.0,3112.89990234375,2850.0,2879.75,73547,0.0,-0.06781581289957106,0.29322373902676335,-0.054973522313024444,42473.1,2872.425935523078,-0.08282376099878852,1.1455508333039435,-0.23127667224997292,11.801351744274541
2022-05-05,2911.25,2975.0,2894.89990234375,2959.550048828125,39894,0.0,0.027710755735089743,0.3201653485513118,-0.054973522313024444,42936.75,2873.292842123128,-0.06610813864472431,1.1059358536820973,0.08655138663494301,16.222657503914192
2022-05-06,2860.64990234375,3118.800048828125,2860.64990234375,2990.25,74375,0.0,0.010373181958531541,0.3262312576623651,-0.054973522313024444,44164.25,2874.4565949378234,-0.05879669692236278,1.0867185050633308,0.031797019436123834,18.49881169484469
2022-05-09,2990.25,3005.949951171875,2902.199951171875,2931.449951171875,26927,0.0,-0.019663924029136415,0.3290188906420091,-0.054973522313024444,43018.7,2875.023693009804,-0.06908543945002377,1.099591520734318,-0.05976533260176399,19.02768834170783
2022-05-10,2938.25,2998.0,2800.0,2831.550048828125,35521,0.0,-0.034078665509473915,0.3405372089859418,-0.054973522313024444,43136.55,2874.5911194358573,-0.08341828960811681,1.1286989323789411,-0.10007324782575606,18.70726650283646
2022-05-11,2833.25,2944.0,2750.10009765625,2914.60009765625,52341,0.0,0.029330242233400083,0.3622021969628813,-0.054973522313024444,43832.0,2874.9892187216324,0.012101778854501255,1.0871405719219696,0.08097753594418564,27.111480741470828
2022-05-12,2910.0,2914.60009765625,2807.300048828125,2862.300048828125,27547,0.0,-0.017944159430373197,0.3456932291527514,-0.054973522313024444,43130.95,2874.8629583246825,-0.03285972475393939,1.0968504213713755,-0.05190775345896832,25.998315831228084
2022-05-13,2894.0,3077.85009765625,2890.0,3030.60009765625,77970,0.0,0.05879888409918088,0.4176719994410158,-0.054973522313024444,44570.85,2876.412581601614,0.013493887687066275,1.0284506109476759,0.14077765033350778,39.76287934031167
2022-05-16,3045.89990234375,3140.0,3002.550048828125,3072.10009765625,34631,0.0,0.013693657580257534,0.4186909726131822,-0.054973522313024444,43854.3,2878.3597210648445,0.04797971953372393,1.0076999221668173,0.03270588130365528,45.86001536216976
2022-05-17,3115.0,3195.0,3076.199951171875,3175.800048828125,33435,0.0,0.033755394640620384,0.43980446473091217,-0.054973522313024444,43617.85,2881.3193263162207,0.12157651959656257,0.9710694901329381,0.07675091223497242,51.71005113600933
2022-05-18,3190.0,3248.0,3086.39990234375,3112.14990234375,32994,0.0,-0.0200422399098652,0.4382229758415436,-0.054973522313024444,43240.05,2883.616147968236,0.06777938587402033,0.987496624792918,-0.045735254784449494,47.38269853554488
2022-05-19,3051.10009765625,3105.050048828125,3030.0,3048.300048828125,20416,0.0,-0.020516316861067585,0.43555218681249996,-0.054973522313024444,42352.5,2885.2547937479367,0.06498270510673798,1.0039817194474026,-0.04710415195058611,44.36715277059223
2022-05-20,3093.25,3157.0,3075.0,3081.699951171875,12814,0.0,0.010956894599857492,0.4383703809840293,-0.054973522313024444,40486.9,2887.2094719312595,0.016861298709500927,0.9897459430643804,0.02499460462022097,47.06932364475232
2022-05-23,3098.0,3165.0,3098.0,3135.39990234375,26594,0.0,0.01742543142509856,0.44391557962171024,-0.054973522313024444,40353.0,2889.679028452777,0.020604733789693963,0.9711887189803808,0.039253929874253614,52.020308459659766
2022-05-24,3165.10009765625,3190.0,3117.300048828125,3136.14990234375,18243,0.0,0.00023920393677356877,0.44100205959504996,-0.054973522313024444,39535.35,2892.1314749591547,-0.012485089071966549,0.9707093440824808,0.0005424100095340091,63.73472942955518
2022-05-25,3175.0,3199.89990234375,3050.699951171875,3160.800048828125,35139,0.0,0.007860002631236762,0.4323772909537775,-0.054973522313024444,40226.9,2894.8047941021296,0.01563232749416632,0.9634712628460966,0.018178573699170718,61.457443770448
2022-05-26,3170.0,3170.0,3062.35009765625,3135.0,36968,0.0,-0.008162505830664801,0.4331911752779369,-0.035765522878978766,36844.85,2897.1947961508645,0.028442065998459,0.9708572606720993,-0.018842732973496937,58.28705465455674
2022-05-27,3160.0,3295.0,3160.0,3253.10009765625,49257,0.0,0.03767148250598096,0.45139466428048763,-0.035765522878978766,38179.15,2900.7361424345004,0.05561870045758255,0.9367802782472069,0.08345575314114728,67.2438801145613
2022-05-30,3345.550048828125,3361.699951171875,3256.85009765625,3340.89990234375,34855,0.0,0.02698957980135841,0.4598789771192817,-0.035765522878978766,38176.35,2905.1158813390703,0.06554187867595007,0.9150334039104301,0.05868843882261999,77.66551660860657
2022-05-31,3358.5,3595.949951171875,3358.5,3529.949951171875,152462,0.0,0.056586564804141704,0.49363012165162323,-0.035765522878978766,44796.5,2911.333135765268,0.12556799295015364,0.872270159610061,0.1146335306048079,79.97174146521968
2022-06-01,3590.0,3655.0,3432.550048828125,3510.199951171875,61553,0.0,-0.005594980176260922,0.4872653127795565,-0.035765522878978766,44196.8,2917.2920095504082,0.11054160242540201,0.8861582098319915,-0.011482409920625821,82.59053833563866
2022-06-02,3500.0,3539.949951171875,3452.550048828125,3491.89990234375,25241,0.0,-0.005213392137965123,0.4088232444579071,-0.0264954054567514,43464.15,2923.009501020989,0.11384366900917064,0.8984249506845572,-0.012752190784445457,77.32818746866002
2022-06-03,3510.300048828125,3560.550048828125,3325.0,3381.89990234375,30016,0.0,-0.03150147572276296,0.42671340138555053,-0.026366545967415854,41246.2,2927.5755746659916,0.03959294236912547,0.9334375894709471,-0.07382349577548261,66.97533175342296
2022-06-06,3372.5,3376.0,3307.199951171875,3348.449951171875,20167,0.0,-0.00989087558407431,0.4302819740910523,-0.026366545967415854,40908.2,2931.7633794073436,0.0022598847762029806,0.9489890961528885,-0.022986961922117785,60.249326338679246
2022-06-07,3339.75,3399.89990234375,3285.050048828125,3315.449951171875,42481,0.0,-0.00985530633015752,0.4242828607052449,-0.026366545967415854,41256.2,2935.5811562408217,-0.06076573406622665,0.9657324148902477,-0.023228150393571123,62.52464793903157
2022-06-08,3332.89990234375,3349.949951171875,3270.0,3322.39990234375,14910,0.0,0.0020962316651524926,0.3987326787746904,-0.026366545967415854,39384.65,2939.430098988115,-0.05350123965599973,0.9698493777808804,0.00525723554693806,68.15952504695173
2022-06-09,3292.25,3322.0,3261.0,3294.949951171875,9212,0.0,-0.008262085233180616,0.39456279283253753,-0.026366545967415854,38467.9,2942.9676099551175,-0.056401946413092485,0.9844944600723986,-0.020939848292509354,64.24040065576807
2022-06-10,3277.5,3425.0,3265.050048828125,3377.35009765625,31755,0.0,0.025008011564809474,0.3895409705877109,-0.026366545967415854,36157.15,2947.289823763089,-0.0013453398441352071,0.9656083553220247,0.06419866666423445,65.5604948450542
2022-06-13,3358.949951171875,3385.60009765625,3240.300048828125,3287.10009765625,20136,0.0,-0.026722133444983975,0.3611716321552905,-0.026961100558872922,35432.4,2950.671020518245,-0.018321866657781127,0.9953902759083841,-0.07398735206762008,58.70581701026737
2022-06-14,3247.0,3290.0,3207.0,3255.39990234375,21840,0.0,-0.00964381806781689,0.3624228512781607,-0.026961100558872922,34852.65,2953.703148695613,-0.018112186795912755,1.0063056964097663,-0.02660929841402921,55.41188941277061
2022-06-15,3251.0,3348.64990234375,3251.0,3289.64990234375,27433,0.0,0.010520980840277527,0.34615891437179064,-0.026961100558872922,34574.6,2957.0459024632564,-0.009857332338860547,0.9985264582349679,0.030393498764681594,58.762528639049656
2022-06-16,3307.0,3328.75,3100.0,3118.0,45460,0.0,-0.05217877507921309,0.38728632144711,-0.03163033521209851,35826.8,2958.64743577208,-0.053703380565444214,1.0546143243678339,-0.13472919347358614,42.783114435040446
2022-06-17,3120.10009765625,3216.800048828125,3054.300048828125,3148.39990234375,26059,0.0,0.009749808320638209,0.38085624144953795,-0.03163033521209851,36489.05,2960.535520016574,-0.06778989109579803,1.0454905866586806,0.025599706670247534,39.045072916401985
2022-06-20,3121.0,3154.39990234375,2851.0,2876.449951171875,48523,0.0,-0.08637719464081695,0.48611823621110106,-0.034983670987960874,37585.5,2959.6988476897614,-0.12492778871479282,1.1398338295589547,-0.1776876208907141,16.01664066329451
2022-06-21,2870.0,3190.0,2866.25,3114.85009765625,53528,0.0,0.08287999114576983,0.5666738274515568,-0.034983670987960874,39349.75,2961.2426412217665,-0.04317435918896173,1.0522528758641543,0.14625695712104403,33.25001887317228
2022-06-22,3115.300048828125,3210.0,3071.10009765625,3191.5,35482,0.0,0.02460789442208622,0.5728968786699734,-0.034983670987960874,39366.9,2963.5337592195597,-0.02983597199015675,1.027461999280315,0.04295344399446022,37.87243026040401
2022-06-23,3192.0,3198.75,3106.39990234375,3121.60009765625,25724,0.0,-0.0219018963947204,0.5779591634589395,-0.034983670987960874,38804.7,2965.10655860699,0.0011546175934091796,1.0502546364114582,-0.03789523101371172,39.139693507650726
2022-06-24,3144.25,3213.949951171875,3103.800048828125,3144.800048828125,39022,0.0,0.007432070235163568,0.57769565566777,-0.034983670987960874,38292.95,2966.8945535345633,-0.0011433914455863947,1.0407847628863403,0.012865026824414007,41.42995753069401
2022-06-27,3169.75,3194.949951171875,3113.89990234375,3157.300048828125,28971,0.0,0.0039748155068422,0.5621672947344062,-0.034983670987960874,37998.75,2968.7891355772854,0.09763774876104869,1.0337566686701771,0.007070520596568821,43.227854421631704
2022-06-28,3156.64990234375,3174.800048828125,3125.0,3150.0,27030,0.0,-0.0023121175419594797,0.552989871754161,-0.034983670987960874,31727.15,2970.592228755621,0.011284620845863014,1.0301214231460813,-0.00418112088167892,42.61986718908024
2022-06-29,3139.0,3160.0,3108.0,3144.800048828125,16596,0.0,-0.001650778149801635,0.5100931440991339,-0.034983670987960874,29479.3,2972.325639900621,-0.014632602591845512,1.026015148084003,-0.0032362287878907993,43.44752771261605
2022-06-30,3130.0,3165.0,3125.0,3151.699951171875,16430,0.0,0.002194067106530806,0.510690434279334,-0.034983670987960874,29038.75,2974.1104589182455,0.009642443802530876,1.0183718437540257,0.004296276014380856,39.45806129085878
2022-07-01,3168.300048828125,3175.0,3092.0,3149.949951171875,17764,0.0,-0.0005552559022470316,0.5108772732419348,-0.034983670987960874,28426.15,2975.8601056073367,0.0016375929355727514,1.0152558111236112,-0.0010868674737766339,43.01501498797101
2022-07-04,3136.0,3176.0,3104.050048828125,3159.0,24517,0.0,0.0028730770229405955,0.5016951837549605,-0.034983670987960874,28643.65,2977.6823931137315,0.0005384192650634834,1.0093486847474478,0.005726738184268659,44.97445825608782
2022-07-05,3159.0,3259.0,3141.14990234375,3229.75,35518,0.0,0.02239632795188351,0.5083382104503643,-0.034983670987960874,28295.5,2980.1905285056346,0.025317460317460405,0.985911447498597,0.04405792649634212,46.99176747804622
2022-07-06,3250.0,3333.89990234375,3202.25,3303.89990234375,27242,0.0,0.022958403078798595,0.5139963089906744,-0.034983670987960874,28912.1,2983.4115173000437,0.05059140519121774,0.9635045224282914,0.04466647372860881,60.34962604560876
2022-07-07,3358.0,3392.199951171875,3322.0,3338.35009765625,22891,0.0,0.010427130461204692,0.5151643200574325,-0.034983670987960874,29596.05,2986.9432444677673,0.0592220545661315,0.9542116349987517,0.02024039680705812,60.52764039820541
2022-07-08,3338.35009765625,3358.300048828125,3260.0,3274.449951171875,12778,0.0,-0.01914123582461802,0.5189228505514812,-0.034983670987960874,28647.2,2989.804007718554,0.03952443750850154,0.9712615996529116,-0.03688647635271997,78.67021637971524
2022-07-11,3280.199951171875,3513.0,3275.0,3470.0,92809,0.0,0.059719968771591914,0.5526539794298695,-0.034983670987960874,32280.85,2994.582077293494,0.09844887622665399,0.9191621016356718,0.108060323301385,77.26678711150888
2022-07-12,3500.0,3508.0,3392.35009765625,3424.550048828125,28180,0.0,-0.01309796863742796,0.5457450259735585,-0.034983670987960874,32597.85,2998.86036556747,0.06031428092828395,0.9338307089698784,-0.02400016083346026,68.79284172914447
2022-07-13,3426.10009765625,3521.0,3426.10009765625,3471.550048828125,29456,0.0,0.013724430751445249,0.5451868986129177,-0.034983670987960874,32699.0,3003.563745500412,0.05074310706733143,0.9238077983080802,0.025173808348339457,79.30167169932923
2022-07-14,3440.0,3498.0,3440.0,3481.14990234375,9700,3.0,0.0027652931343638,0.5446135275448216,-0.034983670987960874,30911.0,3008.3158465635297,0.04277556293084883,0.9264761911775122,0.005077532862715915,78.81928070868838
2022-07-15,3475.0,3564.949951171875,3456.0,3529.75,17140,0.0,0.013960932168858742,0.5066500256055365,-0.034983670987960874,30465.05,3013.5042461002113,0.07796730829150622,0.9191217529072083,0.02755537587631461,80.05324480764223
2022-07-18,3569.0,3674.0,3560.050048828125,3590.5,54744,0.0,0.017210850626814933,0.5079271997114919,-0.034983670987960874,30776.1,3019.245497382796,0.03472622478386178,0.9135141372415054,0.03388448245682856,82.721730490176
2022-07-19,3591.550048828125,3640.0,3525.64990234375,3543.25,30321,0.0,-0.013159727057512893,0.38789522015676103,-0.034983670987960874,29615.75,3024.4594725332163,0.03466147361826222,0.9317413405440802,-0.033925983189312794,77.85778293639619
2022-07-20,3546.0,3588.75,3395.0,3419.35009765625,32360,0.0,-0.03496786914379457,0.318487038731079,-0.0358284144405655,29459.65,3028.388732484689,-0.015036496791828169,0.9688346952353114,-0.10979369265756363,66.0818421669515
2022-07-21,3439.0,3494.10009765625,3277.14990234375,3377.699951171875,109328,0.0,-0.012180720106117149,0.31490305665360907,-0.0358284144405655,33639.85,3031.8644660039645,-0.02971717796531126,0.9845723570821057,-0.038680855780664235,63.0583064795552
2022-07-22,3315.5,3357.64990234375,3134.449951171875,3170.199951171875,126054,0.0,-0.061432336501058615,0.37763966479142363,-0.05264145315030536,37991.45,3033.2409384931975,-0.10186275198756989,1.049416455996351,-0.16267447676144903,50.52311763083255
2022-07-25,3170.199951171875,3171.10009765625,3002.199951171875,3088.050048828125,93906,0.0,-0.025913161191420397,0.38801453413574455,-0.05264145315030536,41238.2,3033.7863027751373,-0.1399387135975143,1.0762123168372157,-0.06678399452561458,43.45133875090083
2022-07-26,3118.949951171875,3170.0,3062.199951171875,3159.35009765625,52264,0.0,0.023089019834760194,0.3964013875334044,-0.05264145315030536,42499.9,3035.0356937689794,-0.10834682913814997,1.0520723882127534,0.05824656516962582,43.30198945541957
2022-07-27,3176.85009765625,3248.0,3141.60009765625,3243.300048828125,47847,0.0,0.026571905163075504,0.4064764627220906,-0.0358284144405655,44062.45,3037.1079759088716,-0.05148640642231872,1.0263589406857903,0.06537132391729548,45.788842105184756
2022-07-28,3275.800048828125,3275.800048828125,3172.64990234375,3226.949951171875,29171,0.0,-0.005041191813923485,0.4069984208204826,-0.0358284144405655,44699.5,3038.9969507871106,-0.04463096254233534,1.0327251903089423,-0.012386268428015232,47.802960215825706
2022-07-29,3249.85009765625,3249.85009765625,3168.85009765625,3225.25,32940,0.0,-0.0005267981213212813,0.40705270843060226,-0.0358284144405655,45458.3,3040.850214958383,0.0173648506958608,1.0344368668732076,-0.0012941766446183168,36.20582612618372
2022-08-01,3238.949951171875,3320.0,3194.199951171875,3310.449951171875,36431,0.0,0.02641654171672747,0.4160331453381355,-0.0358284144405655,46054.0,3043.5327993983183,0.072019526506103,1.0101013613746657,0.06349624153213736,43.845069058131095
2022-08-02,3324.89990234375,3451.60009765625,3312.39990234375,3442.60009765625,57400,0.0,0.03991908907657549,0.4355641570437031,-0.0358284144405655,47148.1,3047.503618286457,0.08965451477192343,0.9744182920368857,0.0916491577980751,48.56973717152664
2022-08-03,3443.60009765625,3448.25,3302.39990234375,3323.050048828125,38640,0.0,-0.034726673280906395,0.45061725454983853,-0.0358284144405655,47718.0,3050.245373814235,0.024589152652963797,1.0097621056991761,-0.07706467553034822,42.95455351005777
2022-08-04,3357.89990234375,3498.39990234375,3317.39990234375,3444.39990234375,32055,0.0,0.0365176123538733,0.4609899264251189,-0.0358284144405655,48176.2,3054.167309421494,0.06738559768889729,0.97572657071438,0.07921563892925687,46.42811894596155
2022-08-05,3450.0,3549.5,3408.64990234375,3525.89990234375,40959,0.0,0.02366159630434983,0.46614895574991894,-0.0358284144405655,49585.25,3058.8611660674865,0.09321754975389496,0.9567387322025365,0.05075973142251672,47.34265332008189
2022-08-08,3550.0,3550.0,3412.5,3426.64990234375,196377,0.0,-0.028148842210190428,0.47254456251207816,-0.0358284144405655,54763.65,3062.520755483171,0.035100953914358746,0.9838173124289037,-0.059568649917084694,45.40039061998536
2022-08-10,3430.0,3454.800048828125,3393.550048828125,3404.699951171875,18756,0.0,-0.006405659112377338,0.4249328117032911,-0.0358284144405655,54292.45,3065.9255235994765,-0.011009163251397558,0.9898684292328842,-0.01507452186607059,49.37153506889966
2022-08-11,3450.0,3450.0,3264.050048828125,3301.85009765625,36362,0.0,-0.030208198957510146,0.4353010826408534,-0.0358284144405655,54637.75,3068.2730317990467,-0.0063796665293534005,1.0181322275967146,-0.06939610184354286,46.90850341381019
2022-08-12,3321.39990234375,3321.39990234375,3222.0,3233.949951171875,31697,0.0,-0.02056427290038776,0.4365187444829788,-0.0358284144405655,55737.6,3069.9215583599707,-0.06109916302943619,1.035687023030427,-0.04710971221555985,52.93197836445342
2022-08-16,3241.050048828125,3345.949951171875,3220.0,3331.35009765625,36771,0.0,0.030118012942371042,0.45111634589055727,-0.0358284144405655,56719.15,3072.5228373579434,-0.055177347649086106,1.0024284162720838,0.0667632918848941,61.0350152543578
2022-08-17,3355.0,3420.0,3318.949951171875,3396.60009765625,36091,0.0,0.019586653484995775,0.453989764283195,-0.0358284144405655,55786.5,3075.7474867141455,-0.00876944115795042,0.9803170557587386,0.043143380301728526,60.8199926436314
2022-08-18,3410.0,3460.0,3370.0,3389.449951171875,29810,0.0,-0.002105089288935935,0.4488950290592234,-0.0358284144405655,55760.95,3078.8689042709393,-0.00447910248148331,0.9801162586083441,-0.004689491096510442,57.16737090811473
2022-08-19,3409.0,3479.0,3397.050048828125,3435.949951171875,28645,0.0,0.013719040159871021,0.4503990369308733,-0.0358284144405655,55575.2,3082.421949513735,0.0406135498431055,0.9670935388407741,0.030459745093502834,59.95522344215175
2022-08-22,3447.25,3680.0,3421.050048828125,3536.85009765625,210475,0.0,0.029366011705135975,0.44450136296912857,-0.0358284144405655,60632.55,3086.943622629581,0.093662595605295,0.9417539372364264,0.06606506411663098,63.560796915943676
2022-08-23,3530.0,3627.699951171875,3475.85009765625,3538.64990234375,84170,0.0,0.0005088721992183576,0.44156932592465536,-0.0358284144405655,58538.35,3091.4382124774834,0.06222696462714761,0.9464810294522471,0.001152417429876032,60.70858276461235
2022-08-24,3557.300048828125,3611.89990234375,3500.0,3517.449951171875,31881,0.0,-0.005990971629556752,0.3773864884494926,-0.0358284144405655,55437.1,3095.677135250562,0.03557965319467993,0.9582893983852133,-0.015874896569355017,53.92068773431724
2022-08-25,3536.0,3769.949951171875,3514.85009765625,3626.10009765625,148730,0.0,0.03088889621533264,0.3695384101146904,-0.0358284144405655,60260.4,3100.9549756725096,0.06981963147222614,0.9360118050112216,0.08358778014406709,66.05733066286248
2022-08-26,3645.0,3848.89990234375,3640.0,3683.64990234375,208658,0.0,0.015870991737017226,0.3666435560143104,-0.0358284144405655,68300.95,3106.7529351418757,0.07209067497836918,0.9273655425454145,0.0432872500929084,63.59606599233475
2022-08-29,3500.0,3698.0,3500.0,3634.10009765625,49058,0.0,-0.013451279573548414,0.3667515679036778,-0.0358284144405655,69295.3,3112.00017058978,0.0274962176272171,0.9456116797043843,-0.03667681445417313,56.38048163795924
2022-08-30,3677.949951171875,3798.89990234375,3670.0,3744.39990234375,85977,0.0,0.030351339182604242,0.37412680177954905,-0.0358284144405655,71947.15,3118.2927052340983,0.058143643954075674,0.9246888908710156,0.08112580608226631,68.49642634528833
2022-09-01,3710.39990234375,3915.0,3710.39990234375,3764.949951171875,105976,0.0,0.005488208889029789,0.37310568381997883,-0.0358284144405655,75424.4,3124.727105691191,0.07036347451583302,0.9256776419009243,0.014709528640101149,71.00461091775689
2022-09-02,3847.0,3856.0,3748.050048828125,3770.85009765625,58093,0.0,0.0015671248119881742,0.36724772656271853,-0.0358284144405655,75459.05,3131.156190188356,0.03991892007988418,0.9285817261344186,0.00426721435142335,80.8309189821874
2022-09-05,3790.0,3889.0,3771.0,3809.10009765625,50695,0.0,0.010143601312545991,0.34700848159425,-0.0358284144405655,76061.8,3137.901900710425,0.034055949571288435,0.925637264635458,0.029231565100737357,89.3426489263815
2022-09-06,3840.0,3860.0,3700.0,3706.949951171875,48484,0.0,-0.026817396200017996,0.3365059093382528,-0.0358284144405655,76883.25,3143.5640703667577,0.02004618793043389,0.9546858048190862,-0.07969368340609005,75.52670098087326
2022-09-07,3671.0,3790.550048828125,3667.60009765625,3767.10009765625,52377,0.0,0.016226317397503465,0.3198160731544186,-0.0358284144405655,77454.15,3149.7684089467525,0.006062438816508697,0.9426435229405079,0.05073640211417641,75.35586848246803
2022-09-08,3790.0,3814.0,3734.75,3764.449951171875,40005,0.0,-0.0007034977610560489,0.31244305939363276,-0.0358284144405655,69635.55,3155.8846431977486,-0.00013280389022019,0.9477938493125481,-0.0022516030277815,75.82288592152402
2022-09-09,3798.0,3811.10009765625,3685.550048828125,3707.64990234375,37855,0.0,-0.015088538714784328,0.29885598511080713,-0.0358284144405655,70590.5,3161.374844781291,-0.01676019827777875,0.9663992290801838,-0.050487656134152285,68.44784742896476
2022-09-12,3735.5,3775.550048828125,3610.0,3627.35009765625,50330,0.0,-0.021657871374732407,0.3099652940890716,-0.0358284144405655,71288.9,3166.0114144616387,-0.04771468203522178,0.9922794630851524,-0.06987192143449966,56.321599925681
2022-09-13,3627.35009765625,3709.0,3586.0,3627.300048828125,78795,0.0,-1.3797628234835102e-05,0.2856517218449821,-0.0347387330740508,73643.8,3170.6013511220017,-0.021486640875356344,0.9977152326773268,-4.8302274051406134e-05,56.20755831278799
2022-09-14,3580.0,3625.25,3535.0,3552.949951171875,56506,0.0,-0.020497366265652683,0.28557742230132094,-0.0347387330740508,74630.55,3174.40581480409,-0.0568474797411439,1.0217122545409043,-0.07177516129504703,52.31360732638122
2022-09-15,3567.14990234375,3579.0,3480.5,3507.39990234375,41531,0.0,-0.012820346319007747,0.27588777902827444,-0.030434122673679957,74902.55,3177.7191888094594,-0.06828356125391044,1.0365605851467774,-0.046469422819194986,41.57078689351006
2022-09-16,3525.89990234375,3580.0,3387.35009765625,3468.699951171875,268112,0.0,-0.011033800607114785,0.272501082664845,-0.030434122673679957,86817.65,3180.61451977824,-0.06444781936418142,1.049267750555241,-0.040490849042889875,34.31595223015722
2022-09-19,3503.199951171875,3521.050048828125,3443.25,3466.699951171875,18465,0.0,-0.0005765848958265707,0.27232308282614937,-0.030434122673679957,86308.65,3183.461140986137,-0.044288569385176335,1.0503165968795043,-0.002117282415687977,36.874703526064515
2022-09-20,3507.25,3533.449951171875,3433.25,3459.050048828125,17202,0.0,-0.002206681412149303,0.26867171810511453,-0.030434122673679957,76645.0,3186.2033191736195,-0.04638436240044619,1.051514849838043,-0.008213299656471357,23.33430827650679
2022-09-21,3478.85009765625,3503.5,3402.699951171875,3414.949951171875,20061,0.0,-0.012749193285361837,0.2505700308487978,-0.030434122673679957,73439.55,3188.47940506415,-0.03884096367709411,1.063282785116998,-0.050880756702494694,18.671712054788173
2022-09-22,3400.0,3640.0,3391.050048828125,3614.89990234375,54750,0.0,0.05855135625143215,0.3259214409109326,-0.030434122673679957,74583.0,3192.722395086833,0.030649484801594795,1.0058176134609969,0.17964867328549353,39.639931277123836
2022-09-23,3628.39990234375,3640.64990234375,3500.0,3517.14990234375,20684,0.0,-0.027040859398796302,0.3396520971048833,-0.030434122673679957,68180.7,3195.9505294873993,0.013967755024618445,1.0322228462571026,-0.07961340098633979,32.026100167390226
2022-09-26,3543.800048828125,3569.0,3413.35009765625,3508.050048828125,33360,0.0,-0.002587280544841475,0.32082942848118734,-0.030434122673679957,59415.8,3199.055997341536,0.011927798263092315,1.0323976111584314,-0.008064348948431012,36.17022142721871
2022-09-27,3490.0,3549.0,3456.0,3483.949951171875,26455,0.0,-0.0068699412268364846,0.31503885751905814,-0.030434122673679957,58285.65,3201.890763051291,0.0071984799272233335,1.0373843004531313,-0.0218066465288474,29.27310399493227
2022-09-28,3484.0,3529.89990234375,3428.60009765625,3467.5,147809,0.0,-0.00472163819871807,0.31264572318762934,-0.030434122673679957,61377.25,3204.53364103088,0.015388233965212939,1.0383129020311375,-0.015102199382597856,28.69340506035148
2022-09-29,3478.75,3525.0,3355.0,3418.300048828125,57229,0.0,-0.014188882818132686,0.2918651319632082,-0.030434122673679957,58939.9,3206.660669964186,-0.05438597439120174,1.0481869471651926,-0.048614516700049445,29.009796439022068
2022-09-30,3390.0,3522.35009765625,3370.199951171875,3489.449951171875,43655,0.0,0.020814411060299465,0.30287730029625537,-0.030434122673679957,58218.0,3209.4744936577954,-0.007875681145525393,1.0227822537339988,0.06872225271658722,39.86177207044349
2022-10-03,3473.25,3510.0,3411.0,3474.699951171875,23340,0.0,-0.004227027241083259,0.30233459499401255,-0.030434122673679957,56850.25,3212.1135529365424,-0.00950673371019628,1.0223120062005129,-0.0139812881862034,39.01841244514048
2022-10-04,3519.0,3526.449951171875,3456.0,3496.39990234375,17211,0.0,0.006245129500910274,0.3003778631830619,-0.030434122673679957,55286.6,3214.942272831142,0.0035735160798413546,1.012956204812791,0.020790910577838235,45.59681701660985
2022-10-06,3513.85009765625,3548.75,3437.14990234375,3455.35009765625,18649,0.0,-0.011740591990058946,0.290256090464286,-0.030434122673679957,53600.2,3217.3343904910935,-0.00350393722963227,1.0204790761948217,-0.040449079179658946,45.91861894105258
2022-10-07,3455.0,3499.949951171875,3431.10009765625,3448.449951171875,13751,0.0,-0.001996945689831886,0.2816370410662038,-0.030434122673679957,52287.5,3219.6340478113,0.00882014507593798,1.017939226403167,-0.007090493535108306,48.32879316731666
2022-10-10,3417.10009765625,3466.60009765625,3415.199951171875,3419.60009765625,12151,0.0,-0.00836603515322043,0.2817396837846731,-0.030434122673679957,51002.3,3221.6237597500563,-0.02001743956584534,1.022315442015461,-0.02969420119982948,46.27786521028349
2022-10-11,3423.25,3459.300048828125,3393.0,3406.0,15886,0.0,-0.003977101786133197,0.279053589498567,-0.030434122673679957,49280.1,3223.45834920528,-0.019771477289342698,1.0231481152286408,-0.014252107097990041,45.846701843875174
2022-10-12,3423.050048828125,3469.0,3386.14990234375,3406.050048828125,14900,0.0,1.4694312426621892e-05,0.2716664408132185,-0.030434122673679957,46085.35,3225.2751820373483,-0.025840823715576833,1.0198851839138208,5.40895365719075e-05,49.251605421418844
2022-10-13,3402.300048828125,3435.0,3365.050048828125,3396.550048828125,8756,0.0,-0.0027891545525787764,0.2714705582304063,-0.030434122673679957,43697.85,3226.979409567605,-0.017017103091234942,1.0204354228630859,-0.010274242879292633,22.986510176603318
2022-10-14,3413.550048828125,3435.35009765625,3372.0,3385.35009765625,20307,0.0,-0.0032974491795695338,0.2639269095241428,-0.030434122673679957,42636.65,3228.555237309781,-0.01829803372793104,1.0220087717109438,-0.012493796333904841,29.2506349380012
2022-10-17,3398.89990234375,3403.199951171875,3354.60009765625,3369.10009765625,8498,0.0,-0.004800094386471332,0.26129811168506956,-0.030434122673679957,29655.95,3229.9536936316367,-0.0147678086787435,1.0254600345192557,-0.01837018328151881,28.60661189963413
2022-10-18,3375.0,3430.0,3307.0,3337.89990234375,20270,0.0,-0.009260691106864005,0.2605787726995818,-0.028251810047556412,29746.2,3231.027785260613,-0.019994156681224284,1.0331159114683561,-0.03553892995785673,27.99455878023568
2022-10-19,3346.550048828125,3366.550048828125,3284.10009765625,3303.10009765625,37869,0.0,-0.010425658559462758,0.26227025369289414,-0.028251810047556412,30779.55,3231.744922697386,-0.03022561315776784,1.0416396417664573,-0.03975158453979633,26.5276927539866
2022-10-20,3300.0,3317.75,3226.0,3238.199951171875,14476,0.0,-0.01964825302461337,0.2691677370074993,-0.027096258539366008,30500.3,3231.809151836436,-0.04662086392952869,1.0597870897995254,-0.07299631268253677,25.389430746808074
2022-10-21,3238.0,3290.0,3208.800048828125,3226.39990234375,26519,0.0,-0.003644014886682534,0.2668517068697408,-0.027096258539366008,29088.75,3231.755328458399,-0.046952365553726505,1.0576424515642209,-0.013655579695825225,7.095089390203157
2022-10-24,3250.0,3261.89990234375,3201.14990234375,3244.75,2856,0.0,0.005687483948570549,0.1527146885024464,-0.027096258539366008,28197.35,3231.884628672744,-0.036908994702400055,1.0474635972953907,0.037242544459330076,12.929253167439413
2022-10-25,3260.949951171875,3260.949951171875,3171.449951171875,3187.949951171875,28379,0.0,-0.017505215757184667,0.13833786002609189,-0.027096258539366008,27948.3,3231.4474677025864,-0.04492344155275163,1.0611059001092293,-0.126539578452979,5.329510055152639
2022-10-27,3219.85009765625,3265.89990234375,3171.75,3236.050048828125,30715,0.0,0.015088096862552192,0.15426408861479216,-0.027096258539366008,28161.3,3231.4932645297067,-0.02029912713686788,1.0415035170870521,0.09780692330902076,18.875998503957135
2022-10-28,3245.0,3245.0,3185.050048828125,3198.449951171875,5924,0.0,-0.011619133539008786,0.1563219934850599,-0.027096258539366008,21067.05,3231.164475342067,-0.01227533833592176,1.0495412015601124,-0.07432820255607367,17.36296588412793
2022-10-31,3214.449951171875,3227.25,3145.0,3164.199951171875,16424,0.0,-0.010708312002021825,0.15802830685424596,-0.027096258539366008,19026.8,3230.498161668732,-0.01927843821427444,1.0568864330970806,-0.06776198225219603,17.121559071803134
2022-11-01,3152.10009765625,3210.0,3152.10009765625,3197.64990234375,28114,0.0,0.010571377184771968,0.16174321616097073,-0.027096258539366008,18249.75,3230.1713133172393,-0.01451578631828343,1.0412678370818902,0.06535901030100068,24.482566009661994
2022-11-02,3197.64990234375,3240.0,3170.0,3186.60009765625,16111,0.0,-0.0034556017778559767,0.13634149359537204,-0.02682856935995691,17888.3,3229.737768882802,-0.0004234236849072204,1.0403580315337189,-0.025345193405753766,23.82828581430877
2022-11-03,3186.60009765625,3202.39990234375,3146.449951171875,3168.25,12686,0.0,-0.0057585191407438785,0.13643735171002921,-0.02682856935995691,17662.05,3229.1259502869534,-0.020951483384095804,1.041204926936203,-0.04220632141057139,23.33568481454418
2022-11-04,3180.89990234375,3204.0,3135.10009765625,3143.14990234375,18284,0.0,-0.007922385435571666,0.13130298206392413,-0.02682856935995691,17643.8,3228.270467222842,-0.017289640192076017,1.0445532672660087,-0.06033667101595596,22.60181812042815
2022-11-07,3158.89990234375,3200.0,3124.0,3185.25,48095,0.0,0.013394237934645448,0.1434182985868328,-0.021915847615996686,19361.0,3227.8424028723657,0.006652565941772659,1.026615651029403,0.093392803656835,30.35162258343361
2022-11-09,3202.0,3202.0,3102.5,3136.89990234375,24866,0.0,-0.015179372939722158,0.14847682889005792,-0.021915847615996686,19996.75,3226.9375023695934,-0.018998327476523524,1.037933180540165,-0.102233944722934,29.278371368832495
2022-11-10,3131.0,3131.0,3031.199951171875,3080.39990234375,24866,0.0,-0.018011413101765128,0.15527995645817247,-0.020618952824104992,20445.75,3225.4794167971972,-0.03332711732187876,1.0516856870850049,-0.11599315425288191,28.024482440848686
2022-11-11,3095.0,3149.89990234375,3066.449951171875,3082.39990234375,23582,0.0,0.0006492663496315831,0.15645518018528556,-0.02055539152110667,20879.85,3224.0557400364664,-0.027097008650280086,1.0457533359048465,0.004149854976767948,32.447063952000164
2022-11-14,3087.25,3097.85009765625,2997.25,3042.5,18429,0.0,-0.012944427591439878,0.1579716895415573,-0.02055539152110667,21363.5,3222.2492152599843,-0.032021986055675744,1.0536491300007704,-0.08194143399738897,30.5149660730701
2022-11-15,3038.0,3038.0,2975.0,2988.89990234375,20175,0.0,-0.017617123305258886,0.16324918196110752,-0.02055539152110667,21356.9,3219.927331549375,-0.06164354372694447,1.0659122327126067,-0.1079155314254541,24.77571717825964
2022-11-16,2988.89990234375,3019.949951171875,2915.0,2966.800048828125,72567,0.0,-0.007393975789652729,0.16300515645950833,-0.02055539152110667,24560.35,3217.408652119313,-0.054225464251675404,1.0670722373322017,-0.04536037691473691,26.595426924107983
2022-11-17,2970.0,2999.89990234375,2929.0,2942.699951171875,17203,0.0,-0.008123263199274033,0.16304832945151135,-0.02055539152110667,24407.0,3214.6752322093885,-0.04470197232090056,1.0690964150146778,-0.04982119552152689,17.29290111020569
2022-11-18,2942.699951171875,2954.10009765625,2858.0,2879.949951171875,40060,0.0,-0.021323954545556356,0.17090627669360678,-0.02134065038701516,24516.55,3211.3446323980697,-0.06567932701332457,1.0850440160135297,-0.12476986632905435,16.374584631417918
2022-11-21,2892.0,2980.0,2861.25,2885.5,36052,0.0,0.0019271337774000585,0.17308156208083278,-0.02134065038701516,25595.35,3208.1023972498306,-0.05160230073952343,1.0768454213754657,0.011134251637719387,18.678370480828505
2022-11-22,2885.550048828125,2908.0,2880.0,2887.800048828125,11290,0.0,0.0007971058146334364,0.16770930247986415,-0.02134065038701516,24833.9,3204.9153092058336,-0.03382510516205228,1.070125153560122,0.004752901331756041,12.555931031007418
2022-11-23,2895.0,2953.949951171875,2840.10009765625,2925.35009765625,23585,0.0,0.013002994734127471,0.17939447228088903,-0.02134065038701516,25870.35,3202.133565807331,-0.013971265501444119,1.0509297598427807,0.07248269048636556,20.3293912203426
2022-11-24,2939.949951171875,2950.0,2908.85009765625,2926.949951171875,15851,0.0,0.0005468930084322476,0.17654396197299807,-0.02134065038701516,25243.95,3199.395420388073,-0.005352227634940476,1.0458967616990777,0.003097772199868107,21.5112267080262
2022-11-25,2926.949951171875,2949.0,2892.699951171875,2904.10009765625,8012,0.0,-0.0078067113878993455,0.1708814242624361,-0.02134065038701516,24108.8,3196.4571584703435,0.008385613255031732,1.048410824573353,-0.045684959408229,21.626135934949176
2022-11-28,2925.0,2925.0,2875.199951171875,2916.10009765625,27084,0.0,0.004132088976438686,0.158956339610974,-0.02134065038701516,25166.8,3193.667535974681,0.01060478172110546,1.0392553012111336,0.025995117442942434,15.595044153829022
2022-11-29,2920.0,3001.0,2896.199951171875,2959.39990234375,30714,0.0,0.014848531681851851,0.17085138514776024,-0.02134065038701516,25881.3,3191.3365147445224,0.024793909656134483,1.0205895055001353,0.0869090455422395,27.013703748241667
2022-11-30,2975.0,3009.64990234375,2940.14990234375,2953.25,22922,0.0,-0.0020780910139516218,0.1689558170015098,-0.02134065038701516,25621.7,3188.967494697313,0.009537286619506924,1.0185769873166743,-0.01229961138856165,31.06476733505393
2022-12-01,2960.39990234375,3034.14990234375,2927.0,2931.39990234375,30549,0.0,-0.007398661696859432,0.1617809621537563,-0.02134065038701516,26343.6,3186.404633081855,0.0015203372951742011,1.0218163941509522,-0.04573258275285773,28.76825563082761
2022-12-02,2950.0,2979.10009765625,2912.050048828125,2936.25,19898,0.0,0.0016545329255051033,0.16299406343005213,-0.02053869567964787,26704.2,3183.91553225517,0.011070521422349211,1.016177940579768,0.010150877824494248,33.426912364339586
2022-12-05,2962.25,3017.199951171875,2935.0,3008.550048828125,26549,0.0,0.024623260563005456,0.19019349367435134,-0.02053869567964787,27117.45,3182.1706020718166,0.03170328454986149,0.989520678411568,0.12946425659819233,52.89611797751907
2022-12-06,3024.39990234375,3054.60009765625,2974.0,2990.60009765625,27969,0.0,-0.005966312968224252,0.18959654505016135,-0.02053869567964787,26111.15,3180.264427898527,0.01054274391500476,0.9922055418107747,-0.03146846717043857,53.55118756819629
2022-12-07,2979.60009765625,3025.10009765625,2953.64990234375,3009.0,14051,0.0,0.006152578660774566,0.1836093553755822,-0.02053869567964787,25570.4,3178.5603042378452,0.018877507830356466,0.9840129594939141,0.03350906773295118,60.06377010553277
2022-12-08,3011.949951171875,3108.39990234375,3007.0,3055.60009765625,67709,0.0,0.015486905169906917,0.18790868626596482,-0.019690708686665337,27712.55,3177.3368195952426,0.04236890204342236,0.9686002455468468,0.08241718173589394,78.03675708924183
2022-12-09,3071.699951171875,3099.89990234375,3000.0,3077.25,24499,0.0,0.007085319299588999,0.1795129332462397,-0.019690708686665337,27758.4,3176.340930843051,0.04802043422733071,0.9617020098352831,0.03946968486762537,79.11040340117162
2022-12-12,3089.949951171875,3347.39990234375,3061.10009765625,3298.10009765625,120207,0.0,0.07176865631854734,0.30669600696015925,-0.01809325509790754,32847.3,3177.5524648411924,0.0962423905631582,0.9011786867113508,0.23400583101759131,87.44299183621433
2022-12-13,3300.0,3347.949951171875,3280.0,3308.75,41273,0.0,0.003229102218976987,0.30089932803447134,-0.01809325509790754,33902.2,3178.8579129522254,0.10638329831965354,0.9031114528239517,0.010731503233174471,86.79465080839604
2022-12-14,3325.0,3363.949951171875,3250.0,3327.5,90440,0.0,0.005666792595391046,0.29028096783493346,-0.01809325509790754,34795.85,3180.3369386939944,0.10584911930874052,0.9034425295536721,0.01952174971180314,87.21548852426602
2022-12-15,3331.75,3441.699951171875,3331.75,3420.75,85173,0.0,0.028024042073628852,0.2966587315037879,-0.01809325509790754,38194.35,3182.729108458233,0.11950186237519511,0.8858020958945407,0.09446558672625875,92.44927022449707
2022-12-16,3386.550048828125,3439.10009765625,3312.699951171875,3347.949951171875,36972,0.0,-0.021281896902177855,0.3083620867176827,-0.019729935218491597,38039.95,3184.3730969429457,0.08796813751624821,0.912052917177701,-0.06901593006634095,82.25890399595188
2022-12-19,3333.0,3422.0,3332.050048828125,3384.60009765625,24890,0.0,0.01094704132943991,0.2917001442504205,-0.019729935218491597,37481.85,3186.365405407755,0.026227220957141473,0.9095498539239008,0.03752840432179555,82.08088650722127
2022-12-20,3390.0,3433.10009765625,3341.10009765625,3419.699951171875,23343,0.0,0.010370458105207314,0.290996652176349,-0.019729935218491597,38084.5,3188.6871421815276,0.03353228596052138,0.9079912167344383,0.03563772184755383,83.72007895237222
2022-12-21,3425.0,3437.10009765625,3321.5,3373.39990234375,36079,0.0,-0.013539213816773255,0.29974572584932885,-0.01809325509790754,38709.2,3190.5250800935896,0.013794110396318615,0.9270943559323481,-0.04516899557690095,80.86160728229373
2022-12-22,3378.85009765625,3544.0,3295.0,3327.550048828125,55695,0.0,-0.013591585594038169,0.30774918423020337,-0.01809325509790754,40701.4,3191.8885126183113,-0.02724547282668277,0.9458881064033582,-0.04416448799495915,75.8420370046797
2022-12-23,3297.300048828125,3350.300048828125,3180.10009765625,3306.60009765625,40617,0.0,-0.006295908660863825,0.31027119821011995,-0.01809325509790754,42331.65,3193.029921424659,-0.012350797986436901,0.957967374673966,-0.020291630335871023,71.11584496873627
2022-12-26,3253.25,3298.949951171875,3215.60009765625,3286.5,26032,0.0,-0.006078780941940032,0.3093586654697987,-0.01809325509790754,42279.05,3193.959971957747,-0.028984250672385747,0.9694614361069908,-0.01964962169788407,70.89984058237262
2022-12-27,3289.89990234375,3325.0,3267.0,3304.89990234375,15451,0.0,0.005598631475353777,0.3092837942550581,-0.01809325509790754,41515.9,3195.0638518620854,-0.03357021097385604,0.9692910842757595,0.01810192256538831,70.89984058237262
2022-12-28,3319.5,3391.949951171875,3302.0,3312.699951171875,20929,0.0,0.00236014676952645,0.30788247924342477,-0.01809325509790754,41416.25,3196.2343603129293,-0.017993701585662047,0.972434133729693,0.007665738884098794,69.21236807712337
2022-12-29,3313.0,3322.949951171875,3267.14990234375,3304.89990234375,11642,0.0,-0.0023545895925061178,0.3079703739542664,-0.01809325509790754,40470.9,3197.3156094873652,-0.006806853736836094,0.9803799216510168,-0.0076455065655136965,67.37122488783751
2022-12-30,3278.300048828125,3393.89990234375,3271.89990234375,3347.35009765625,30972,0.0,0.012844623609445938,0.30522106926627063,-0.01809325509790754,41024.6,3198.808489966658,0.012323836810167688,0.9740876864030593,0.04208301615446575,55.164096650877035
2023-01-02,3347.35009765625,3397.449951171875,3322.10009765625,3353.050048828125,10610,0.0,0.0017028249228743242,0.3052114358399255,-0.01809325509790754,40227.65,3200.3432318458767,0.020249520410200894,0.9775689191852712,0.00557916469412948,54.69379475774852
2023-01-03,3355.10009765625,3393.449951171875,3316.0,3371.800048828125,27286,0.0,0.005591923689463929,0.2980173657731503,-0.01809325509790754,40193.5,3202.0492698258,0.02024271489642726,0.9777855928649942,0.01876375051943441,54.69379475774852
2023-01-04,3371.800048828125,3381.89990234375,3305.050048828125,3324.800048828125,27915,0.0,-0.013939142096025203,0.303153668725821,-0.01809325509790754,40886.7,3203.2706706118925,0.0036526391869475816,0.9963569127637125,-0.04598044844651902,38.729012303554036
2023-01-05,3321.35009765625,3343.0,3205.800048828125,3233.35009765625,14048,0.0,-0.02750539876950131,0.3235902218098693,-0.019729935218491597,38203.65,3203.5699683934286,-0.02164961324146575,1.0272859145734736,-0.08500070788806306,37.10332646577689
2023-01-06,3230.0,3336.800048828125,3219.64990234375,3288.300048828125,18674,0.0,0.016994742144287533,0.324328075535231,-0.019729935218491597,37912.4,3204.4130537708884,-0.017640834422868013,1.0133283049507396,0.05239984726034907,39.59143110323873
2023-01-09,3300.0,3332.35009765625,3278.199951171875,3320.25,5522,0.0,0.009716251770656159,0.32480229357922613,-0.019729935218491597,32178.15,3205.5656602010285,-0.009782153069736732,1.0039108530278216,0.029914356097804462,39.17728133087032
2023-01-10,3325.0,3370.0,3301.64990234375,3336.800048828125,50036,0.0,0.004984579121489308,0.21133811538033448,-0.019729935218491597,32616.3,3206.8714750132385,-0.010380212199167738,0.9993519130336104,0.023585801721855978,45.74123134714287
2023-01-11,3355.0,3371.89990234375,3332.800048828125,3335.800048828125,22871,0.0,-0.0002996883197574629,0.2111468914338863,-0.019729935218491597,29237.85,3208.1543463944813,0.0033084696337986053,0.9997759055792477,-0.0014193356271027281,51.07184588327269
2023-01-12,3344.10009765625,3368.5,3271.550048828125,3304.64990234375,26650,0.0,-0.009338133589667064,0.2128862991677341,-0.019729935218491597,26311.7,3209.1145011800463,0.022051371652943796,1.007443332319236,-0.04386441582915276,49.7531712434443
2023-01-13,3304.5,3324.60009765625,3252.0,3269.050048828125,9511,0.0,-0.01077265506714542,0.18906982551695425,-0.019729935218491597,24938.65,3209.710874788485,-0.005854088651934375,1.0172075878252391,-0.05697712190678569,47.874808277853866
2023-01-16,3249.449951171875,3271.25,3244.60009765625,3265.800048828125,5586,0.0,-0.0009941726041071686,0.17571148860154887,-0.018174937291785764,23973.45,3210.2689760227104,-0.01639935281134708,1.0164010235097296,-0.005657982613656937,45.05566019772252
2023-01-17,3252.800048828125,3296.449951171875,3250.10009765625,3283.199951171875,9534,0.0,0.005327914166084247,0.17188420173309688,-0.018174937291785764,23283.0,3210.9946573674783,-0.016063323205438795,1.008935660779565,0.030997112023048824,46.35802467533303
2023-01-18,3283.199951171875,3283.199951171875,3240.10009765625,3260.10009765625,14710,0.0,-0.007035774201744838,0.1673940309661384,-0.018174937291785764,22214.55,3211.4832687136354,-0.022693192057020473,1.0143469289025917,-0.042031210675940865,44.670494214732415
2023-01-19,3260.10009765625,3324.0,3237.35009765625,3306.39990234375,9540,0.0,0.014201958007604043,0.1712972221227938,-0.018174937291785764,19906.8,3212.427712829358,0.000529556852227886,0.9998231043695296,0.08290827488341096,45.17266863028728
2023-01-20,3302.39990234375,3306.39990234375,3210.0,3228.89990234375,8499,0.0,-0.0234393909657038,0.183456542476583,-0.02128399978434678,18300.9,3212.591615212586,-0.01228190021097042,1.0226176421529984,-0.12776535179192186,37.48358896633096
2023-01-23,3230.89990234375,3245.0,3144.949951171875,3173.10009765625,17318,0.0,-0.017281367145199122,0.19096766779025007,-0.02128399978434678,17865.2,3212.1986647891404,-0.028385066380637314,1.038813749430831,-0.09049367592027885,31.360204099102347
2023-01-24,3166.199951171875,3196.449951171875,3006.64990234375,3130.449951171875,33662,0.0,-0.013441160118421003,0.19466903481915784,-0.02128399978434678,18775.75,3211.3852447531476,-0.04652473266073209,1.0501805055137046,-0.06904621189726116,31.618243340963602
2023-01-25,3121.14990234375,3158.35009765625,3087.449951171875,3121.64990234375,6912,0.0,-0.002811113087698658,0.19256980586621109,-0.02128399978434678,18074.9,3210.49235577395,-0.04246808109114031,1.0500809226891517,-0.014597890510793726,37.477542857953175
2023-01-27,3123.5,3138.949951171875,2966.050048828125,3018.550048828125,18341,0.0,-0.033027359486474506,0.21828755898155147,-0.021429726366563727,18409.85,3208.5824820729968,-0.08705839039965546,1.0812037118141802,-0.15130206287315337,22.705623806582338
2023-01-30,3034.39990234375,3079.75,2980.10009765625,3025.14990234375,19034,0.0,0.0021864317002751044,0.21936878419886566,-0.021429726366563727,17812.95,3206.757282274696,-0.06310198710468062,1.0735195319769633,0.009966922178972392,18.525967574961626
2023-01-31,3020.35009765625,3146.800048828125,3013.14990234375,3103.699951171875,12993,0.0,0.025965671574578186,0.2362097353279779,-0.021429726366563727,17932.1,3205.731836194071,-0.0218714015784236,1.0423333612580437,0.1099263349127479,28.042539757496144
2023-02-01,3112.0,3230.10009765625,3058.199951171875,3146.60009765625,12972,0.0,0.013822259612491505,0.24319216234522859,-0.021429726366563727,17216.4,3205.143460686232,0.005159049573154606,1.024543921956936,0.05683677841764506,33.48174186241924
2023-02-02,3118.0,3163.199951171875,3065.5,3084.300048828125,5359,0.0,-0.019799163190304725,0.24786974931243744,-0.021429726366563727,16088.6,3203.941038677694,-0.011964779742783649,1.0413399974179338,-0.0798772841238292,31.75456775391224
2023-02-03,3087.14990234375,3088.800048828125,3020.0,3049.800048828125,7767,0.0,-0.0111856821495393,0.24667580310593795,-0.021429726366563727,15774.55,3202.407297485161,0.010352652596279377,1.050110646982252,-0.04534567864071648,31.81251118197673
2023-02-06,3065.0,3153.0,3035.0,3108.5,8775,0.0,0.019247147430019318,0.2436601374720426,-0.021429726366563727,15279.6,3201.47289651516,0.027552385946783664,1.0273886118706772,0.07899177452573661,38.05073098632974
2023-02-07,2951.0,3021.550048828125,2922.0,3002.35009765625,129621,0.0,-0.03414827162417566,0.2580411270741879,-0.023642691355893673,21484.55,3199.4915751334793,-0.032654526890512736,1.0584183727818688,-0.1323365414188122,31.200210485718628
2023-02-08,3005.050048828125,3005.050048828125,2925.949951171875,2953.550048828125,77975,0.0,-0.016253950152655516,0.2560734293611866,-0.023642691355893673,22881.5,3197.044395767257,-0.06135194903601471,1.0694181417836601,-0.06347378390044442,30.162416066714314
2023-02-09,2945.0,3020.0,2905.85009765625,3001.5,19286,0.0,0.01623468381411053,0.26466162562445755,-0.023642691355893673,22702.25,3195.098680386488,-0.02684565299007946,1.0467649516712998,0.06134128120158217,30.31125020419732
2023-02-10,3006.60009765625,3075.0,2991.75,3038.64990234375,18587,0.0,0.012377112225137488,0.27100350646515964,-0.023642691355893673,22299.1,3193.5419761273565,-0.0036560254134232473,1.0295904770168829,0.04567140820377029,37.03930267420833
2023-02-13,3054.60009765625,3089.5,2990.050048828125,3003.949951171875,8173,0.0,-0.011419529161655118,0.2715869660884468,-0.023642691355893673,22232.2,3191.6554883168546,-0.03363360103848323,1.0370712056448463,-0.04204741083731555,38.13563994178143
2023-02-14,3018.949951171875,3090.0,2990.0,3052.75,16040,0.0,0.016245293570582797,0.279598458912409,-0.023642691355893673,22754.9,3190.2733441544983,0.01678681722797548,1.0170035198156375,0.058102226502792585,44.59666358273823
2023-02-15,3028.0,3028.0,2925.39990234375,2990.39990234375,54559,0.0,-0.020424239671198108,0.2857823308284814,-0.023642691355893673,25006.15,3188.28455368872,0.012476461514591808,1.033312464414527,-0.07146781572293218,41.505402025872854
2023-02-16,2998.949951171875,3021.949951171875,2963.39990234375,2990.449951171875,32120,0.0,1.6736500053404768e-05,0.28417843542228,-0.023642691355893673,25876.65,3186.31605018109,-0.003681508854947557,1.0287866493622317,5.889433320157294e-05,47.90141166614086
2023-02-17,2980.449951171875,3015.0,2965.0,3003.10009765625,13014,0.0,0.004230181641868835,0.28548079970400586,-0.023642691355893673,26050.35,3184.4930058773602,-0.011699210448719355,1.019403248498581,0.014817744303915912,48.36801160088088
2023-02-20,3015.0,3040.050048828125,2986.050048828125,3014.39990234375,9759,0.0,0.0037627133029360937,0.2794369289992798,-0.023642691355893673,26113.35,3182.8005371854833,0.003478736777155156,1.0120239828648006,0.013465339680613204,42.65986833967818
2023-02-21,3015.0,3069.85009765625,2996.050048828125,3050.39990234375,11271,0.0,0.011942675546137593,0.2756688989614559,-0.023642691355893673,25811.0,3181.4831179333273,-0.0007698297129636877,0.9980691328413491,0.04332253350996293,42.00197779753553
2023-02-22,3050.89990234375,3075.0,3030.300048828125,3068.64990234375,11026,0.0,0.005982822116529007,0.2717674095421088,-0.023642691355893673,24679.2,3180.3603993702473,0.02616706880530284,0.9911264170563099,0.022014493593857754,48.59602128521909
2023-02-23,3083.0,3236.85009765625,3064.5,3176.550048828125,37271,0.0,0.03516209079503141,0.2958390896170908,-0.023642691355893673,26197.15,3180.322485434505,0.06223147041244492,0.9583242648285714,0.11885545501099164,60.04756241235567
2023-02-24,3170.0,3351.0,3151.300048828125,3274.199951171875,34889,0.0,0.03074086692881628,0.3129277172121495,-0.023642691355893673,27024.55,3181.256589571195,0.09027333245641822,0.933647159898541,0.09823631546710303,62.37120823342494
2023-02-27,3274.199951171875,3474.0,3232.0,3313.25,109049,0.0,0.011926592575431494,0.28630865410643064,-0.023642691355893673,31525.3,3182.5699568391433,0.09914082647889177,0.9269908670442542,0.04165641515828517,75.79653598968306
2023-02-28,3313.25,3375.0,3252.85009765625,3326.89990234375,24741,0.0,0.004119792452652149,0.28618155153244734,-0.023642691355893673,32112.7,3184.0060756998855,0.0906438528887814,0.9265419995417915,0.014395729866702282,82.89716146000944
2023-03-01,3326.89990234375,3357.550048828125,3301.5,3320.25,11156,0.0,-0.0019988285006907747,0.2762115702956619,-0.023642691355893673,32021.9,3185.361736638195,0.08199048626045125,0.9310127197982551,-0.007236584717234492,80.29079720012345
2023-03-02,3320.25,3356.800048828125,3248.0,3332.85009765625,20734,0.0,0.0037949243750470263,0.2735981743497926,-0.023642691355893673,32790.65,3186.829282518972,0.049204340062511065,0.9312217454766757,0.013870429674325809,79.3261700371522
2023-03-03,3350.0,3399.89990234375,3308.14990234375,3340.0,16227,0.0,0.0021452817061222706,0.26094278990037595,-0.023642691355893673,33213.65,3188.3533692600768,0.020096527337792658,0.9335725996736995,0.00822127189154599,85.44457483124539
2023-03-06,3356.699951171875,3433.949951171875,3330.60009765625,3401.39990234375,18381,0.0,0.018383204294535993,0.25946261948481636,-0.023642691355893673,33693.95,3190.4732352609094,0.02660526743944769,0.9210259210828722,0.07085106757392116,85.82142937092152
2023-03-08,3419.300048828125,3483.0,3370.60009765625,3466.449951171875,30229,0.0,0.01912449306043129,0.25938009806886136,-0.023642691355893673,28724.35,3193.219272235148,0.04194597160251634,0.9104364739598236,0.07373153324214839,98.64107398130953
2023-03-09,3490.449951171875,3555.0,3472.64990234375,3530.800048828125,27778,0.0,0.01856368866208369,0.21949736987667204,-0.023642691355893673,26214.5,3196.578284937566,0.06341391426191545,0.9020179354988332,0.08457362303146389,98.7988975607297
2023-03-10,3530.0,3569.0,3403.050048828125,3432.300048828125,23201,0.0,-0.027897359985789127,0.23848617541770334,-0.0275249968303157,26410.25,3198.923775125532,0.029839311177484618,0.9341796834572411,-0.11697683845681674,83.55747574611229
2023-03-13,3432.300048828125,3545.0,3372.050048828125,3482.85009765625,35254,0.0,0.014727747606268826,0.23782997024952784,-0.0275249968303157,27243.6,3201.7489126631513,0.04276949031624255,0.9269979736086856,0.061925530123732433,84.50830166304802
2023-03-14,3489.800048828125,3490.050048828125,3250.050048828125,3261.199951171875,31687,0.0,-0.06364044970914262,0.3406135233189614,-0.028153859960823396,28419.3,3202.3404652851286,-0.04121830869556664,0.9939462564217737,-0.186840637507928,62.193429716048406
2023-03-15,3275.5,3360.0,3251.10009765625,3329.949951171875,25715,0.0,0.02108119742099701,0.34116888851455035,-0.028153859960823396,28903.05,3203.610211413355,-0.03937746164598588,0.9775875097831845,0.06179108797075162,64.28024957981592
2023-03-16,3300.0,3329.550048828125,3250.0,3255.60009765625,13071,0.0,-0.022327618914950942,0.3513661516675628,-0.028153859960823396,26828.65,3204.1275237142795,-0.07794266097373992,1.003986175263807,-0.06354515986680503,54.4846009992652
2023-03-17,3272.699951171875,3310.0,3252.050048828125,3306.14990234375,7642,0.0,0.015527031321780349,0.3427383478744489,-0.028153859960823396,25604.75,3205.142671760344,-0.03675382241929748,0.9934100342711817,0.04530287014874528,51.91489124222764
2023-03-20,3360.0,3360.0,3226.10009765625,3319.300048828125,22705,0.0,0.003977480414621537,0.3422845216004545,-0.028153859960823396,26089.3,3206.278566059526,-0.04695868160911787,0.9942374707934839,0.011620391947084573,50.374222167590226
2023-03-21,3335.800048828125,3335.800048828125,3220.050048828125,3236.25,39069,0.0,-0.02502034995524005,0.35797373423073126,-0.028153859960823396,27554.8,3206.5767892828144,-0.007650543218887695,1.023179603007918,-0.06989437174787108,44.83623455031094
2023-03-22,3252.39990234375,3300.10009765625,3224.85009765625,3247.199951171875,8036,0.0,0.0033835306826959233,0.3579768184327997,-0.028153859960823396,27393.05,3206.980999848875,-0.024850223340707744,1.0227596214015817,0.009451814793456912,45.859075737619236
2023-03-23,3229.0,3439.10009765625,3211.050048828125,3357.14990234375,34894,0.0,0.03385992634429402,0.37203732874932566,-0.028153859960823396,28586.45,3208.4752177841474,0.03119234600115872,0.9935600404221225,0.09101217221400576,51.24054558744982
2023-03-24,3360.0,3388.449951171875,3305.64990234375,3333.60009765625,8105,0.0,-0.0070148207177340716,0.3742517129341032,-0.028153859960823396,27128.15,3209.720241464467,0.008302767909295516,1.0029344843935586,-0.018743589642656672,49.67865516478693
2023-03-27,3337.050048828125,3349.449951171875,3111.050048828125,3146.64990234375,33223,0.0,-0.05608057050512416,0.4108786136137986,-0.033083405093359566,27044.85,3209.0926759010767,-0.05201402221692164,1.0604945247293787,-0.13648938465544644,38.64092487080301
2023-03-28,3150.0,3197.89990234375,3100.0,3146.14990234375,16955,0.0,-0.0001588991516430216,0.39527757146392384,-0.033083405093359566,22440.15,3208.4663796467753,-0.027840895374662056,1.0580074348375021,-0.000401993836975356,34.845759172661346
2023-03-29,3135.5,3246.800048828125,3084.050048828125,3169.949951171875,31132,0.0,0.007564817178734806,0.39368294136064425,-0.033083405093359566,22759.7,3208.083131602249,-0.023789726891354945,1.0475883030918935,0.019215506164514715,32.2459976508468
2023-03-31,3186.60009765625,3382.449951171875,3155.050048828125,3343.39990234375,34033,0.0,0.05471693681086465,0.43961385176102613,-0.033083405093359566,23903.55,3209.429567132015,-0.004095736085660273,0.9935873907942756,0.12446590421802656,45.92649603230387
2023-04-03,3326.0,3396.0,3275.550048828125,3292.5,15280,0.0,-0.0152239946851912,0.4429752687334662,-0.033083405093359566,23630.85,3210.2561386033385,-0.012329042612263641,1.008334846004176,-0.034367594346842376,41.28074152208146
2023-04-05,3308.89990234375,3310.0,3217.0,3224.050048828125,18638,0.0,-0.02078965867027338,0.4484569948698231,-0.033083405093359566,23751.4,3210.393391441396,0.024597635226824677,1.0279446450016427,-0.04635819809818368,48.02046582067895
2023-04-06,3240.14990234375,3240.14990234375,3190.0,3213.550048828125,16590,0.0,-0.003256773263745294,0.4483404087920465,-0.033083405093359566,23661.85,3210.4248009676326,0.021423056299435972,1.0283805884521724,-0.007264063482208329,43.38711770660284
2023-04-10,3182.0,3236.550048828125,3155.0,3161.550048828125,18830,0.0,-0.016181481293239153,0.4450486741568283,-0.033083405093359566,23091.9,3209.9384850259457,-0.002649853301515015,1.0404730098568238,-0.03635890155230084,44.517628929049
2023-04-11,3161.550048828125,3207.550048828125,3135.0,3151.39990234375,27386,0.0,-0.003210496853635836,0.4376603772838373,-0.033083405093359566,23072.3,3209.3560115664213,-0.0574265734306586,1.0378046548013835,-0.0073355892991835295,40.53343233473398
2023-04-12,3167.14990234375,3198.949951171875,3135.10009765625,3140.75,20566,0.0,-0.003379419519506044,0.4298349855591993,-0.033083405093359566,22940.55,3208.6733646851635,-0.04608959757023534,1.0366823164376542,-0.007862132107483582,39.043990855057295
2023-04-13,3154.14990234375,3171.14990234375,3125.0,3132.10009765625,12561,0.0,-0.0027540881457454036,0.4218617796640459,-0.033083405093359566,21805.9,3207.9114416301495,-0.0285200135789756,1.0339460376042495,-0.006528413364809955,42.96711839608694
2023-04-17,3103.800048828125,3132.10009765625,3080.949951171875,3088.85009765625,11049,0.0,-0.013808626369369192,0.41745056598260777,-0.033083405093359566,20774.0,3206.7267516403595,-0.0388044216760679,1.0456334527617526,-0.03307847003652117,39.75413111254654
2023-04-18,3111.050048828125,3119.949951171875,3070.0,3081.300048828125,10754,0.0,-0.002444291108155028,0.35963976786768415,-0.033083405093359566,20025.95,3205.4787247467057,-0.025383118647685388,1.0441607265031587,-0.006796498214539306,29.42493370056468
2023-04-19,3096.699951171875,3097.5,3030.10009765625,3044.89990234375,129276,0.0,-0.011813243081672198,0.3504508317884582,-0.033083405093359566,25836.2,3203.8809255188157,-0.03379450507718618,1.0531832213349839,-0.03370870225731402,28.871478859773532
2023-04-20,3060.89990234375,3226.89990234375,3053.550048828125,3197.75,36154,0.0,0.05019872657836699,0.3904839717221212,-0.033083405093359566,27261.8,3203.8199212847976,0.018148531401735335,1.0011468978737492,0.12855514932259052,53.93622629928258
2023-04-21,3195.0,3263.800048828125,3176.050048828125,3220.5,70346,0.0,0.007114377296536523,0.38718868235867415,-0.033083405093359566,29643.85,3203.9858922172875,0.028223843296036222,0.9925407515088884,0.018374444907461512,55.537356571504866
2023-04-24,3230.0,3260.89990234375,3201.0,3234.75,89520,0.0,0.004424778761061843,0.38726375754309883,-0.033083405093359566,32166.4,3204.292002742489,0.047234374518354105,0.9881451395731895,0.011425749403652657,54.895742210140426
2023-04-25,3250.75,3318.25,3216.050048828125,3245.300048828125,51703,0.0,0.0032614727036479607,0.37737776659237604,-0.033083405093359566,34349.75,3204.7000430020476,0.053224287606256304,0.9849035365070085,0.008642460966033076,40.16838797108181
2023-04-26,3225.85009765625,3300.0,3225.85009765625,3289.14990234375,34543,0.0,0.01351180256243456,0.38000836249327363,-0.033083405093359566,34332.2,3205.540340109925,0.08021610162356851,0.9707394280941762,0.03555659175028763,49.65943914505047
2023-04-27,3300.0,3319.949951171875,3270.0,3279.050048828125,8173,0.0,-0.0030706577126290435,0.36066949229255374,-0.033083405093359566,34335.6,3206.2717799976685,0.025424141608357376,0.9728976213144095,-0.008513771453119172,56.34371393797434
2023-04-28,3300.0,3325.0,3287.14990234375,3308.5,8692,0.0,0.008981244791429699,0.3614946360082424,-0.028209905567708454,33109.05,3207.2889762165973,0.02732494954199649,0.9666835416528922,0.02484475189495592,60.49286785826458
2023-05-02,3325.89990234375,3470.0,3310.0,3448.75,58874,0.0,0.04239081154601787,0.3288743634222594,-0.028209905567708454,35205.0,3209.6915734681734,0.06615658087951148,0.9317586088992842,0.1288966698891739,76.55816320447738
2023-05-03,3428.10009765625,3428.10009765625,3331.5,3355.14990234375,34389,0.0,-0.027140296529539643,0.3465731792380209,-0.028209905567708454,35367.85,3211.1389200241492,0.03384890514369898,0.9605122256233021,-0.0783104330407397,66.32220072847842
2023-05-04,3337.0,3482.0,3337.0,3466.35009765625,20445,0.0,0.03314313772830868,0.3615513095079413,-0.028209905567708454,34688.45,3213.6783347269566,0.05387416219194896,0.9314725630134025,0.09166924843038972,72.46446872509442
2023-05-05,3480.0,3764.60009765625,3445.60009765625,3729.800048828125,266488,0.0,0.07600211858288786,0.4038408091477699,-0.028209905567708454,47248.85,3218.8138741707494,0.13746359259172958,0.8715413613736127,0.18819820825263786,80.51045441396721
2023-05-08,3750.050048828125,3810.0,3674.89990234375,3687.800048828125,67010,0.0,-0.01126065726048664,0.4015020519687276,-0.028209905567708454,49667.45,3223.480403271818,0.11464411329246627,0.8877548860728957,-0.02804632485639318,80.61333000086927
2023-05-09,3687.25,3755.0,3687.25,3738.60009765625,43573,0.0,0.01377516355428976,0.3904589168944467,-0.028209905567708454,51016.6,3228.6059723701705,0.08404497213664364,0.8827140984448426,0.035279417642853944,82.17326928546248
2023-05-10,3744.0,3819.949951171875,3708.199951171875,3771.60009765625,44708,0.0,0.008826833343498874,0.3885595907667561,-0.027178149702352116,52310.5,3234.0088989899327,0.12412267929417631,0.8830781182659206,0.022716806703735087,85.68903473958476
2023-05-11,3772.0,3815.0,3728.0,3803.300048828125,36830,0.0,0.008404907824552721,0.37853985884164,-0.027178149702352116,52782.7,3239.673487545537,0.09720597795349684,0.8842879818147237,0.022203494311635815,83.75606675726166
2023-05-12,3819.85009765625,3869.0,3783.699951171875,3815.14990234375,47573,0.0,0.0031156767447986233,0.3765763260463245,-0.027178149702352116,54133.05,3245.399621026116,0.022883224944576064,0.8903798294909518,0.008273692334229277,83.55623459109722
2023-05-15,3820.0,3934.0,3781.39990234375,3908.550048828125,40262,0.0,0.024481383137002544,0.377027085367836,-0.027178149702352116,55518.1,3251.9981327455394,0.059859536058672225,0.879035697168561,0.06493268902363095,84.90468725015543
2023-05-16,3929.050048828125,3949.0,3803.199951171875,3812.64990234375,49570,0.0,-0.024535990402151375,0.3940108929598314,-0.027178149702352116,57444.15,3257.576757318656,0.019806826821066492,0.9106382952155954,-0.062272364083926814,77.00251425112441
2023-05-17,3818.0,3873.949951171875,3790.0,3815.39990234375,57789,0.0,0.0007212831155332111,0.38622881327019587,-0.027178149702352116,59795.9,3263.127236373632,0.011613056409325528,0.919602162238533,0.0018675020404383953,76.06616959562334
2023-05-18,3849.5,4038.0,3825.14990234375,3973.64990234375,67153,0.0,0.041476648333190314,0.3976449881596844,-0.027178149702352116,56689.75,3270.197113646967,0.04479001165530261,0.8946655058622874,0.10430572124670437,80.00171251735438
2023-05-19,3980.0,4080.0,3856.35009765625,4031.949951171875,39225,0.0,0.014671662139570607,0.38772076567799385,-0.027178149702352116,56843.3,3277.7767438710957,0.05682608924355481,0.8920739446463603,0.037840794354944696,80.48799709155871
2023-05-22,4051.85009765625,4051.85009765625,3925.14990234375,3939.75,18348,0.0,-0.02286733523194584,0.38374082480414706,-0.027178149702352116,54243.4,3284.3635424395425,0.007982487311689823,0.9220788114876816,-0.05959057040050697,71.565347475419
2023-05-23,3948.949951171875,4094.5,3903.89990234375,4002.949951171875,37462,0.0,0.01604161461307818,0.38406515977954947,-0.027178149702352116,51640.5,3291.5136559592675,0.04991280440177359,0.9171161368236548,0.041767949492233176,79.23284773771474
2023-05-24,4010.0,4064.0,3756.0,3806.10009765625,92714,0.0,-0.049176196534257643,0.4363907544715898,-0.02896130181321255,53691.05,3296.63391906073,-0.002437439043227796,0.9719161090472955,-0.11268844471033516,64.23155982139517
2023-05-25,3825.0,3849.0,3738.64990234375,3796.14990234375,39575,0.0,-0.0026142757828747643,0.4376896555438906,-0.02896130181321255,53942.65,3301.6042273521034,-0.04466925983975245,0.9811414441929818,-0.005972898125493005,53.52868388171056
2023-05-26,3800.0,3815.050048828125,3758.300048828125,3786.85009765625,26343,0.0,-0.0024497991193019875,0.4385803235746091,-0.02896130181321255,54851.15,3306.432544469558,-0.06078940871882288,0.9902557279256741,-0.005585747767883532,55.45760394526063
2023-05-29,3786.0,3936.85009765625,3786.0,3867.449951171875,32495,0.0,0.0212841415522389,0.4395836284206787,-0.02896130181321255,56041.3,3312.014807222815,-0.01835143063090927,0.9768445733638658,0.048418866609111856,56.873826989596516
2023-05-30,3870.0,3905.89990234375,3850.0,3881.699951171875,19795,0.0,0.003684598425296226,0.4398556092491871,-0.02896130181321255,54087.35,3317.6833161178306,-0.030290161375738367,0.9788353151742486,0.008376836089045906,55.99346122067451
2023-05-31,3925.0,3925.0,3814.800048828125,3846.449951171875,30685,0.0,-0.009081072840098847,0.4250360797546704,-0.02896130181321255,53902.15,3322.944675670607,0.01060136425220981,0.994192059198255,-0.021365415923481738,52.33988999172461
2023-06-01,3861.64990234375,3920.0,3839.800048828125,3901.300048828125,14287,0.0,0.014259927557237262,0.4088036233434955,-0.02896130181321255,53594.25,3328.69945550302,0.02769915551002211,0.9857886978655765,0.03488209593591214,54.463506656286405
2023-06-02,3921.800048828125,3964.0,3901.0,3911.550048828125,18616,0.0,0.002627329318871219,0.39823389066218345,-0.02896130181321255,41200.65,3334.498963894315,0.0329297299750666,0.9855287410350543,0.006597452689242414,50.17008732235659
2023-06-05,3932.10009765625,3963.0,3850.0,3874.39990234375,16055,0.0,-0.009497551103942792,0.30923935085581233,-0.02896130181321255,38652.9,3339.871112535603,0.001797037132896584,0.9973867141219325,-0.030712620404008573,53.750835642066974
2023-06-06,3890.0,3999.0,3851.25,3984.64990234375,23132,0.0,0.028456019713738456,0.3182627977631794,-0.02896130181321255,37630.85,3346.286821886928,0.02652187249578497,0.9728778118617551,0.08941044639721991,59.09310791352903
2023-06-07,4000.0,4000.0,3948.39990234375,3968.300048828125,9069,0.0,-0.0041032095457139706,0.31728757725554596,-0.02896130181321255,35848.9,3352.476008224651,0.031678586541630915,0.9793645711678557,-0.012932146451758962,49.66086495653831
2023-06-08,3987.949951171875,3995.0,3905.0,3914.949951171875,9966,0.0,-0.013444068492755368,0.32151604504283826,-0.02896130181321255,34505.7,3358.0727638758676,0.003498808646581919,0.9941365839269851,-0.041814610131876935,42.536359449225074
2023-06-09,3880.35009765625,3985.550048828125,3823.550048828125,3837.199951171875,17972,0.0,-0.019859768571684255,0.32920933479722914,-0.02824209152977554,33025.65,3362.8401985753303,-0.01900783493196634,1.014567268498892,-0.060325652614498355,43.33527858094399
2023-06-12,3857.39990234375,3943.949951171875,3815.0,3928.699951171875,15231,0.0,0.023845512656189838,0.33887308291424184,-0.02824209152977554,31774.1,3368.4706438747985,0.01401508625768777,0.9911942924274894,0.07036708772338084,45.34570242478575
2023-06-13,3901.699951171875,4149.0,3901.699951171875,4110.89990234375,55527,0.0,0.04637665218427478,0.3649718066055531,-0.02512634728395503,32071.95,3375.8579996804597,0.03168408846301407,0.9508909389968528,0.12706913266784323,69.46358904808442
2023-06-14,4199.0,4293.9501953125,4056.5,4085.050048828125,122886,0.0,-0.006288125259602428,0.353122107117655,-0.02512634728395503,35326.8,3382.9146369854116,0.02942065835835095,0.9602085479249347,-0.017807225757845463,68.08112842002826
2023-06-15,4090.0,4213.64990234375,3977.14990234375,4002.550048828125,38030,0.0,-0.020195590999837698,0.36252481628396116,-0.02512634728395503,33870.65,3389.080163471409,0.02237578992038669,0.9803612534611571,-0.05570815992618046,62.36670033412542
2023-06-16,4024.89990234375,4122.60009765625,3962.0,4069.75,30595,0.0,0.01678928441920413,0.33839147537170733,-0.02512634728395503,33439.15,3395.8529976657233,0.06060409980905601,0.9646378734201272,0.04961497302676479,61.779437531064374
2023-06-19,4089.949951171875,4155.0,4072.300048828125,4119.0498046875,33162,0.0,0.01211371821057794,0.33723719779348793,-0.02512634728395503,34179.85,3403.0489857952934,0.04845110491546856,0.9552688513521043,0.0359204676430483,63.27831710064215
2023-06-20,4126.0,4170.0,4120.0,4133.89990234375,11737,0.0,0.0036052241075965608,0.32566956606787884,-0.024666205708520787,32893.6,3410.3211342186614,0.005594882032249782,0.9534211195849107,0.011070190071562378,66.4567469627825
2023-06-21,4137.9501953125,4168.0,4084.5,4161.14990234375,14071,0.0,0.006591838371449388,0.32234468678045974,-0.024666205708520787,28961.45,3417.7920672348314,0.018628866869686345,0.9514437250023028,0.020449656647954444,65.36210040454432
2023-06-22,4181.9501953125,4189.85009765625,4090.10009765625,4123.39990234375,10383,0.0,-0.009072011555925297,0.26728595522467613,-0.024666205708520787,27501.85,3424.813040718502,0.03019321483587878,0.9641224614472257,-0.03394121927913243,62.129969228172136
2023-06-23,4123.39990234375,4239.9501953125,4052.550048828125,4096.89990234375,32309,0.0,-0.006426735370716141,0.26878842335993697,-0.024666205708520787,27800.15,3431.50047217746,0.006671147452239179,0.9741426563363519,-0.023910014617742288,62.89706124404006
2023-06-26,4100.0,4200.0,4076.10009765625,4191.75,12852,0.0,0.02315167563698295,0.275859152198356,-0.022950767990456117,26818.0,3439.065144096092,0.017649749034295947,0.9559682605247659,0.08392570851185208,62.22262565503859
2023-06-27,4153.64990234375,4192.4501953125,4090.0,4121.9501953125,23844,0.0,-0.016651709831812522,0.27891244678492194,-0.022950767990456117,27020.45,3445.860020227599,-0.002890661920593396,0.9750706044028291,-0.05970228086532963,58.52996195141164
2023-06-28,4158.9501953125,4207.9501953125,4109.0,4117.75,12696,0.0,-0.0010189825479396397,0.2792819404282707,-0.022950767990456117,26121.0,3452.545492663145,-0.010429785843404815,0.9793594731839294,-0.0036485800331065425,61.9084032179261
2023-06-30,4138.5498046875,4185.0,4083.699951171875,4157.85009765625,16102,0.0,0.00973835168629722,0.2766542315460924,-0.022950767990456117,26211.75,3459.563448931733,0.008354803348789464,0.9729992371357973,0.0352004423712215,69.69958862215732
2023-07-03,4179.7001953125,4189.0,4125.0,4138.0498046875,9696,0.0,-0.0047621469037354425,0.27548674166688003,-0.022950767990456117,25765.75,3466.3145569492035,0.01004415614845966,0.9803917672382564,-0.01728630097426193,64.10427892036672
2023-07-04,4158.7001953125,4172.39990234375,4100.0,4108.0,7010,0.0,-0.007261827698028189,0.27775385995608814,-0.022950767990456117,25313.5,3472.6994867308035,-0.01997972207311982,0.9904065155356164,-0.026144829950258686,49.75424555228289
2023-07-05,4128.5,4288.0,4105.0498046875,4218.75,36550,0.0,0.026959591041869624,0.28651768397833655,-0.022950767990456117,25984.4,3480.122874922537,0.023483982120303448,0.9671810300925926,0.09409398305400303,59.905165356727025
2023-07-06,4200.0,4345.0,4200.0,4320.64990234375,30776,0.0,0.02415405092592593,0.282288248064797,-0.022950767990456117,27069.75,3488.4863279317033,0.04927445870772873,0.9484481631237885,0.08556519882021292,72.90795268186916
2023-07-07,4320.64990234375,4347.85009765625,4231.5,4261.85009765625,35613,0.0,-0.01360901855426977,0.287601863250848,-0.022950767990456117,28352.1,3496.18148981951,0.025012926766798005,0.9656035234477764,-0.04731894963145774,64.00350815189108
2023-07-10,4285.0,4365.0,4199.7998046875,4226.7998046875,18861,0.0,-0.008224196573226594,0.2842625882367412,-0.022950767990456117,28396.55,3503.451323798296,0.021447301069084768,0.9782193750443309,-0.028931687194307817,58.02128617369479
2023-07-11,4244.0,4300.0,4161.5,4189.35009765625,22038,0.0,-0.008860061692469667,0.2751304641334214,-0.022950767990456117,28736.9,3510.2761872197684,0.019802847530732803,0.9900748025388504,-0.03220312733577118,53.99353224064228
2023-07-12,4210.25,4288.10009765625,4193.0498046875,4220.25,15325,0.0,0.007375822412416078,0.2661815928549801,-0.022950767990456117,26726.8,3517.3406032673333,0.0003555555555556644,0.9841211955656507,0.027709737762885666,54.234138542355375
2023-07-13,4220.25,4249.64990234375,4125.14990234375,4152.4501953125,15080,0.0,-0.016065352689414114,0.22415728997694098,-0.022950767990456117,21336.5,3523.6601016956433,-0.03892926083643333,1.0010011649513217,-0.07166999553914485,51.995350265448764
2023-07-14,4170.0,4275.0498046875,4159.75,4228.5,17612,0.0,0.018314441139679172,0.23077221380402052,-0.022950767990456117,20315.6,3530.67343401708,-0.007825262947326661,0.985669854669209,0.07936154896714263,58.46303409256404
2023-07-17,4180.7998046875,4277.4501953125,4180.7998046875,4242.7001953125,21604,0.0,0.003358211023412494,0.21654142771508167,-0.022950767990456117,19866.05,3537.7582774130547,0.003761803577109646,0.9844090550750657,0.015508399033681125,53.65575258110289
2023-07-18,4265.0,4335.0,4215.2998046875,4235.64990234375,18750,0.0,-0.0016617466811676973,0.2109548210094953,-0.022950767990456117,19145.45,3544.702472685997,0.01105178693788389,0.9874240297345898,-0.007877262981917207,58.96543836583543
2023-07-19,4289.9501953125,4311.0,4191.5,4206.5498046875,18207,0.0,-0.006870279255173473,0.20972018912199955,-0.022950767990456117,19468.95,3551.2880182780514,-0.00324629946389432,0.9951183712527918,-0.032759263456434436,56.73746620095866
2023-07-20,4227.5,4241.4501953125,4146.0498046875,4168.25,15080,0.0,-0.009104802383373967,0.21239958275063903,-0.022950767990456117,19519.4,3557.4269434693147,0.0038049353861813184,1.0043471469122984,-0.04286638343070257,50.79122845691104
2023-07-21,4186.0,4239.9501953125,4151.25,4202.4501953125,9074,0.0,0.008204929001979222,0.2130570374059601,-0.022950767990456117,19453.95,3563.8450852787,-0.006160530847227119,0.9971141393750717,0.038510479244300726,54.79455240686539
2023-07-24,4220.0,4228.9501953125,4101.5,4121.7001953125,31899,0.0,-0.019214980843811125,0.22155972363781268,-0.022950767990456117,19433.45,3569.395882393464,-0.028519573486169403,1.0169498813089355,-0.08672596111359372,50.94837317419543
2023-07-25,4141.0,4274.0,4042.85009765625,4144.4501953125,32311,0.0,0.005519566907334239,0.22100829737691188,-0.022950767990456117,20406.4,3575.117815855345,-0.02153145541627166,1.010796930053062,0.024974477081176238,44.14316351179502
2023-07-26,4093.699951171875,4155.0498046875,4051.0,4067.5,46865,0.0,-0.018567045491229006,0.21462729761584506,-0.022950767990456117,21557.45,3580.017141070715,-0.033055546978797756,1.0292501596592656,-0.08650830920574935,29.22787709403171
2023-07-27,4077.0,4129.89990234375,3987.050048828125,4056.699951171875,19949,0.0,-0.0026552056123232415,0.20740511173637333,-0.020329178211443106,21920.1,3584.760253609035,-0.02676184221870692,1.0312378466058783,-0.012802025283147042,31.727084558590633
2023-07-28,4056.699951171875,4067.60009765625,3940.050048828125,3960.0,19120,0.0,-0.023837097230703708,0.2223973920206878,-0.022915823331883734,22071.0,3588.493982428846,-0.05769258029112012,1.0539217214873342,-0.10718244464243488,28.587495604530886
2023-07-31,3960.0,3984.0,3931.300048828125,3942.449951171875,95334,0.0,-0.00443183051215279,0.21854598719031854,-0.022915823331883734,26352.9,3592.0159323665875,-0.043489394096271616,1.056132627169156,-0.020278708231354043,29.530757201078046
2023-08-01,3963.199951171875,4001.89990234375,3935.0,3964.85009765625,19668,0.0,0.005681783348376213,0.22013651424353264,-0.022915823331883734,26985.8,3595.7257250560374,-0.04333508407445297,1.0483605752847933,0.025810271002964364,28.52340642913012
2023-08-02,3970.0,4042.0,3902.050048828125,4032.800048828125,49988,0.0,0.017138088325720613,0.22876558616921527,-0.022915823331883734,27657.7,3600.074723302526,-0.008531026717117363,1.0283909396756297,0.07491549696591514,39.941151807498855
2023-08-03,4046.0,4295.25,4030.199951171875,4275.85009765625,130944,0.0,0.06026831131852228,0.2982146868993431,-0.022915823331883734,32666.1,3606.7988563806725,0.05402177856931911,0.9694107479997867,0.20209705271120407,53.10797747324336
2023-08-04,4310.0,4310.0,4151.10009765625,4192.2001953125,20980,0.0,-0.019563338384945173,0.2935026930910191,-0.022915823331883734,31934.45,3612.623745325268,0.058636412957701944,0.9879233704100318,-0.06665471281495598,46.962225782036526
2023-08-07,4192.2001953125,4259.9501953125,4156.0,4196.4501953125,10646,0.0,0.001013787462905924,0.2901124490913877,-0.022915823331883734,31523.7,3618.432963733101,0.06442700536125368,0.9865612299039018,0.0034944637196245784,47.634012030399305
2023-08-08,4226.0,4325.7001953125,4154.0,4300.75,20397,0.0,0.024854293470229827,0.3015352002837237,-0.022915823331883734,31441.65,3625.222187974563,0.0847194456462077,0.9639307239516727,0.0824258415686966,55.21249363530619
2023-08-09,4310.14990234375,4396.39990234375,4241.10009765625,4370.2998046875,18416,0.0,0.01617155256350644,0.3036870798440888,-0.020329178211443106,31596.2,3632.6358956035474,0.08368869067967988,0.9503072413510317,0.05325070806206751,60.80653492061444
2023-08-10,4370.2998046875,4515.0,4330.0498046875,4448.85009765625,63789,3.4,0.01797366232964115,0.3081547370758217,-0.020329178211443106,34031.65,3640.7574299523308,0.04045979069631733,0.9368595153571218,0.05832674167832539,62.58169184136476
2023-08-11,4482.89990234375,4482.89990234375,4340.0,4411.0498046875,15042,0.0,-0.008496643433471451,0.3034290603641307,-0.020329178211443106,33903.15,3648.422030695964,0.05220399770500128,0.9469571239441079,-0.028002074498910196,65.45257454139838
2023-08-14,4334.0,4405.0,4261.5,4298.25,12110,0.0,-0.025572099541390503,0.3135320907911442,-0.022915823331883734,33428.45,3654.887980639288,0.024258551859190902,0.9724544935393401,-0.08156134404376368,57.49292412660369
2023-08-16,4279.9501953125,4345.2001953125,4221.10009765625,4257.7001953125,11212,0.0,-0.009434026566044307,0.31542625795810125,-0.020377666311380997,33051.55,3660.8861121285736,-0.010009836583735443,0.9819749746839653,-0.02990881712900794,59.60704181782775
2023-08-17,4211.5,4437.9501953125,4211.5,4327.89990234375,15352,0.0,0.016487705524342866,0.32019524370546454,-0.020377666311380997,32908.8,3667.523065265043,-0.00970182921965046,0.9674490262862273,0.05149266059861487,62.92290405870115
2023-08-18,4319.0,4350.7001953125,4227.89990234375,4262.85009765625,7678,0.0,-0.015030339461472475,0.3240171911026675,-0.019876559693091926,32538.7,3673.4467173286375,-0.04180855634987313,0.9833215935916186,-0.0463874739067016,64.87988364605822
2023-08-21,4274.7001953125,4420.0,4207.2001953125,4385.2998046875,16967,0.0,0.02872484469922454,0.3356937383960621,-0.019876559693091926,32933.35,3680.5298326257407,-0.00583761261834681,0.9579493350141977,0.08556860184758061,69.72518904793164
2023-08-22,4402.9501953125,4550.0,4366.0,4448.60009765625,34182,0.0,0.014434655733477353,0.33768499946343206,-0.019876559693091926,33047.5,3688.1723228250494,0.03497937478188806,0.9479926121202322,0.04274591802702004,70.78947632632932
2023-08-23,4457.10009765625,4800.0,4445.0498046875,4635.25,169522,0.0,0.04195699731294944,0.35327436409920776,-0.019876559693091926,39908.05,3697.5959813044024,0.08867458660033467,0.9151135358588736,0.11876603679486508,73.49375427988623
2023-08-24,4644.89990234375,4673.0498046875,4501.0,4579.64990234375,25278,0.0,-0.011995059092012261,0.3586436963760886,-0.019876559693091926,38828.7,3706.372637235142,0.058169090247135014,0.9318152267541432,-0.03344561434861413,63.875948722040114
2023-08-25,4599.64990234375,4667.9501953125,4495.0,4593.14990234375,17492,0.0,0.0029478235864910385,0.3484240874270947,-0.019876559693091926,38705.85,3715.1962916143325,0.07748332620682619,0.934916147102975,0.00846044693308806,69.56712577989165
2023-08-28,4578.0,4666.0,4551.4501953125,4616.9501953125,13206,0.0,0.00518169305918037,0.34701734044987786,-0.019876559693091926,38410.15,3724.168967273021,0.052824299578648315,0.9372112187661084,0.014932086399895437,70.13696758565634
2023-08-29,4620.0,4666.2001953125,4526.25,4546.0498046875,20943,0.0,-0.01535654222499172,0.33885297969427247,-0.019876559693091926,34690.6,3732.346886053265,0.021905701769550312,0.9584667347274152,-0.04531918764785592,62.13514183786602
2023-08-30,4508.0,4539.9501953125,4440.0,4455.10009765625,27250,0.0,-0.020006315579180534,0.34948999285348936,-0.02001577935021339,35069.7,3739.5384602980707,-0.03886519655762899,0.9835357042846676,-0.05724431433183923,54.10814285406117
2023-08-31,4459.64990234375,4482.4501953125,4385.0,4400.9501953125,20611,0.0,-0.012154587137612749,0.3551527477836265,-0.02001577935021339,33600.85,3746.1196715917467,-0.03902038602116642,0.9998198853097464,-0.03422354711100911,47.62330473340061
2023-09-01,4400.9501953125,4460.0,4360.0,4380.89990234375,12078,0.0,-0.004555900902969978,0.35392594663082966,-0.02001577935021339,27657.55,3752.435892793259,-0.04621011822228904,1.0055947654519022,-0.012872468994191665,48.47720029283597
2023-09-04,4440.0,4449.89990234375,4306.89990234375,4393.39990234375,42519,0.0,0.0028532950486526154,0.2892652683154035,-0.02001577935021339,28734.5,3758.8136441320703,-0.0484194724898086,1.0050234654855035,0.009863938960352838,55.34760369995589
2023-09-05,4416.5,4430.0,4390.0,4418.2001953125,23683,0.0,0.005644897691994721,0.2791981834080223,-0.02001577935021339,29386.35,3765.374704342821,-0.028123231127642367,1.0018915620468158,0.020218245766888705,59.18296876601123
2023-09-06,4440.25,4474.64990234375,4251.39990234375,4352.0,38433,0.0,-0.014983520978233411,0.2858007715479021,-0.02001577935021339,30288.15,3771.2117719613007,-0.023142038427035327,1.0177205871133244,-0.05242645207995022,51.38522089681488
2023-09-07,4328.5,4547.89990234375,4328.5,4463.2998046875,116904,0.0,0.02557440365062047,0.2865398215113399,-0.02001577935021339,35212.55,3778.0982200481285,0.014167306287948822,0.9933838615234182,0.0892525256112896,60.93977594061397
2023-09-08,4500.0,4619.0,4477.25,4567.89990234375,60949,0.0,0.02343559748023094,0.2921415118149486,-0.02001577935021339,35070.55,3785.95694325505,0.042685293927842594,0.9719395302584409,0.08022001574660027,60.16363349809558
2023-09-11,4590.7001953125,4686.9501953125,4542.60009765625,4568.89990234375,33056,0.0,0.00021891898276638067,0.28653528213582924,-0.01958548724465694,35971.25,3793.7474204599134,0.03994628394887889,0.9734542417864838,0.0007640210081437518,57.194955980913285
2023-09-12,4590.85009765625,4597.2001953125,4315.2998046875,4351.2998046875,26167,0.0,-0.04762636571324874,0.3320500031780168,-0.020197854661756692,36674.1,3799.295205377601,-0.01514200073957217,1.0227443936808573,-0.14343130198195644,33.62363391282277
2023-09-13,4350.0,4465.85009765625,4261.9501953125,4325.5,24002,0.0,-0.00592921789937495,0.3200738065368445,-0.020197854661756692,37313.6,3804.531073980809,-0.006089154411764719,1.0296283598897527,-0.018524532757875318,34.82054377262925
2023-09-14,4359.89990234375,4449.89990234375,4342.25,4361.5498046875,21640,0.0,0.008334251459368947,0.3190455829001899,-0.020197854661756692,37628.0,3810.073548913214,-0.02279703458260607,1.0215038610890133,0.026122446587050114,36.53018997318974
2023-09-15,4380.0,4497.2998046875,4277.0,4303.75,45610,0.0,-0.013252125339800247,0.31788651510705895,-0.020197854661756692,39524.6,3814.9857524066147,-0.05782742791894735,1.035697928768516,-0.04168822612200108,32.477334286923835
2023-09-18,4303.75,4341.7001953125,4166.0,4201.35009765625,31896,0.0,-0.023793180910543166,0.3244621661543954,-0.023795376726551194,40271.05,3818.830173752382,-0.08044601819771857,1.0587519183577172,-0.07333113890976672,31.37160525995239
2023-09-20,4201.9501953125,4250.0498046875,4151.0498046875,4163.10009765625,24382,0.0,-0.00910421629022018,0.3075635664286863,-0.023795376726551194,39781.05,3822.2557451345106,-0.04325137671012902,1.065050652537072,-0.029601087345695963,33.26647563936126
2023-09-21,4180.0,4249.89990234375,4142.0,4179.85009765625,15578,0.0,0.004023443973742102,0.3025013860920346,-0.023795376726551194,32083.85,3825.813897895921,-0.0336723852372558,1.0553350903522096,0.013300579850937248,36.76206011831922
2023-09-22,4200.7001953125,4248.2998046875,4152.5,4199.7998046875,15597,0.0,0.004772828346747637,0.2572342422345581,-0.023795376726551194,31599.8,3829.5351506998177,-0.03708544146994763,1.045799842812448,0.018554404420432904,39.15567642709681
2023-09-25,4200.0,4240.64990234375,4161.60009765625,4183.5498046875,20693,0.0,-0.0038692320481236164,0.2558112921292306,-0.023795376726551194,31759.85,3833.057684570342,-0.027929176953238488,1.0449666371378783,-0.015125336589581019,37.49029985536433
2023-09-26,4204.4501953125,4229.9501953125,4117.60009765625,4130.0,16108,0.0,-0.0128000877693627,0.25610405851952955,-0.023795376726551194,31904.95,3836.012334475115,-0.016982659382766774,1.0526204505901937,-0.04998002508650741,33.38901902944028
2023-09-27,4132.0,4206.75,4130.75,4149.14990234375,24207,0.0,0.004636780228510995,0.25583997035516803,-0.023795376726551194,32068.15,3839.1281311703256,-0.0033509151798568615,1.0429793012240482,0.018123751503084144,37.63785656382569
2023-09-28,4169.7998046875,4240.0,4100.0,4121.39990234375,18163,0.0,-0.006688117000623328,0.25314502378893916,-0.023795376726551194,31613.8,3841.9368055103596,-0.01398380179836467,1.0459534522731544,-0.02642009957896143,26.80143840240258
2023-09-29,4126.0498046875,4186.25,4090.050048828125,4100.14990234375,15281,0.0,-0.0051560150685487915,0.24685944056802941,-0.023795376726551194,31347.3,3844.5060900559656,-0.0237272981994352,1.0477061921445088,-0.020886439861567702,14.21460953562162
2023-10-03,4120.64990234375,4198.0,4008.39990234375,4047.300048828125,31011,0.0,-0.012889736905817628,0.24718474591825823,-0.023795376726551194,32293.95,3846.5239403920073,-0.03256797748809215,1.057265929658329,-0.05214616434550741,13.02801046218572
2023-10-04,4044.300048828125,4107.0,3966.64990234375,3997.75,21432,0.0,-0.012242741637717658,0.2488840896545634,-0.023795376726551194,31239.6,3848.02867730353,-0.032021791767554486,1.0654217881591597,-0.049190533484099096,17.102381661892792
2023-10-05,4008.300048828125,4065.35009765625,3952.0,3969.39990234375,26685,0.0,-0.007091513390344528,0.24769905315362345,-0.023795376726551194,31389.7,3849.2363511845274,-0.043322127238272,1.0673779521340687,-0.02862955273248796,17.021596015529866
2023-10-06,3989.199951171875,4010.800048828125,3939.0,3970.75,71199,0.0,0.0003401263892441886,0.24557902797216893,-0.023795376726551194,33028.0,3850.445442217517,-0.036553090191048576,1.062214301823294,0.0013849976449648548,11.322208129483357
2023-10-09,3960.0,3984.60009765625,3895.89990234375,3938.199951171875,32594,0.0,-0.008197456104797607,0.24320152990511337,-0.023795376726551194,28812.5,3851.3186214110933,-0.0394985439628196,1.0643269763491323,-0.03370643174379528,11.917860407648817
2023-10-10,3958.89990234375,4020.800048828125,3930.0,4010.14990234375,24894,0.0,0.01826975574220535,0.2328662561038417,-0.023795376726551194,27009.75,3852.8990321666424,-0.00917899489441898,1.0382766349596062,0.07845599986585583,28.731879522865583
2023-10-11,4030.199951171875,4131.0,4025.0,4117.35009765625,15311,0.0,0.026732216481445414,0.23815507050059342,-0.023795376726551194,26122.5,3855.530386052111,0.029916852643674607,1.0057603453279182,0.11224709724963775,45.587807312148
2023-10-12,4137.89990234375,4343.0,4115.0,4317.10009765625,46124,0.0,0.048514213089070335,0.3014049591238036,-0.023795376726551194,27120.35,3860.1231195009086,0.08759515389396744,0.9588282358684197,0.16096022978686486,59.783310083162675
2023-10-13,4300.0,4481.0,4289.9501953125,4450.5,96757,0.0,0.03090034961574606,0.27493925373859235,-0.023795376726551194,30758.1,3865.997516321795,0.1208210035887427,0.9314925223465059,0.11238972999187775,65.3822693074564
2023-10-16,4451.0,4577.0,4423.85009765625,4549.9501953125,26656,0.0,0.022345847727783363,0.28301064027778683,-0.023795376726551194,31008.9,3872.8030156152354,0.15533752773487008,0.9132028509927458,0.07895762122679827,70.398638825676
2023-10-17,4540.0,4615.0,4500.0498046875,4574.7001953125,17661,0.0,0.005439619982104071,0.2824437223341712,-0.023795376726551194,29611.45,3879.787067154512,0.1407803465498374,0.9112236478953005,0.019259127958513967,75.57805390713631
2023-10-18,4560.0,4650.0,4508.39990234375,4581.25,27446,0.0,0.001431745121617256,0.27669728971438995,-0.023795376726551194,29388.95,3886.7667978295913,0.11266953048462391,0.9140671203530013,0.005174409447056836,75.2188630170686
2023-10-19,4570.0,4660.89990234375,4545.0498046875,4632.39990234375,21261,0.0,0.011165053717598905,0.25983636518186215,-0.023795376726551194,29232.9,3894.186032700379,0.07303509243593309,0.9090396067103362,0.04296955616696996,79.03078872161996
2023-10-20,4632.0,4632.0,4523.60009765625,4551.85009765625,15368,0.0,-0.017388352988856992,0.2669053235329354,-0.023795376726551194,29222.4,3900.729953744716,0.02277274410880792,0.9292122751426729,-0.06514801618496438,74.04195454876117
2023-10-23,4558.0,4564.2998046875,4280.0,4314.35009765625,65610,0.0,-0.05217658642192302,0.33115383872175674,-0.023923847346238047,31723.05,3904.845577067219,-0.051780808040266635,0.981691889654676,-0.1575599577758887,61.878921625121414
2023-10-25,4313.0,4346.0498046875,4190.10009765625,4282.0498046875,25250,0.0,-0.007486711147131286,0.33244883762549493,-0.023923847346238047,31950.9,3908.5988529639385,-0.06397149061808827,0.9902471230853543,-0.02251988900128509,62.84331989780046
2023-10-26,4282.0498046875,4294.60009765625,4030.449951171875,4155.35009765625,36956,0.0,-0.02958856454508152,0.3488581407462048,-0.025772922791575052,32993.3,3911.0540892295335,-0.092965872271487,1.020745522086138,-0.08481546004240352,57.71481600709034
2023-10-27,4176.10009765625,4320.0,4175.35009765625,4251.4501953125,15220,0.0,0.023126835380357758,0.3545214726201591,-0.025772922791575052,32543.95,3914.4411151607073,-0.08223592847381533,0.9988756364154234,0.06523394635900324,60.796992700597926
2023-10-30,4259.9501953125,4264.0,4151.85009765625,4171.0498046875,10857,0.0,-0.018911286015686257,0.3613153237962896,-0.025772922791575052,32178.65,3916.9944354545064,-0.08365835534980037,1.0187249526182027,-0.05234011470531301,58.638464521292335
2023-10-31,4171.0498046875,4221.0498046875,4130.0,4143.10009765625,12500,0.0,-0.006700880675133525,0.36131852484746424,-0.025772922791575052,32039.6,3919.2442430386036,-0.03969311625707672,1.0261156921646717,-0.018545632257593418,55.098761079893514
2023-11-01,4173.2001953125,4205.14990234375,4120.14990234375,4154.14990234375,13578,0.0,0.002667037828449015,0.3607922501479203,-0.025772922791575052,31167.95,3921.5816127829335,-0.02986884977464288,1.0246723438382106,0.007392170295880412,51.523675738942956
2023-11-02,4184.25,4520.0,4116.39990234375,4471.25,87851,0.0,0.07633333055153924,0.4413203057279508,-0.025772922791575052,34488.9,3927.0509499691734,0.07602245175970324,0.9572977393547316,0.17296582058686474,55.817198244183096
2023-11-03,4445.0,4529.0,4378.0498046875,4468.60009765625,18943,0.0,-0.0005926535854067216,0.4373733477863097,-0.025772922791575052,34101.8,3932.4394987023784,0.05107666616515272,0.9634510658301148,-0.0013550290040672257,50.757833778033856
2023-11-06,4470.0,4499.64990234375,4385.0,4404.85009765625,12029,0.0,-0.014266212819857516,0.44070512654289357,-0.025772922791575052,31143.3,3937.140101677044,0.05605310507345207,0.9823223119534985,-0.03237133320425684,43.73758485390103
2023-11-07,4499.9501953125,4594.60009765625,4313.0,4570.75,89117,0.0,0.03766300751801355,0.4541393958331218,-0.025772922791575052,33969.45,3943.4446777797602,0.10321978524865272,0.9535874931203167,0.08293270091574746,49.84802842176773
2023-11-08,4554.39990234375,4670.9501953125,4515.10009765625,4571.85009765625,25031,0.0,0.00024068208855210216,0.451489007147851,-0.025772922791575052,33976.3,3949.697468027288,0.10055010173726164,0.9595010663613277,0.00053308514584151,49.636844977183024
2023-11-09,4595.89990234375,4595.89990234375,4459.89990234375,4478.35009765625,11821,0.0,-0.020451239214499317,0.4597123715654349,-0.025772922791575052,33801.8,3954.957693197726,0.0015879446812971931,0.983564247522886,-0.04448703153231977,44.237034629346184
2023-11-10,4478.35009765625,4500.7001953125,4329.4501953125,4372.85009765625,17932,0.0,-0.023557783044968583,0.4636677472716477,-0.024082950092270083,32392.2,3959.1158265754225,-0.021427292196099623,1.007931313791811,-0.05080746434384233,43.42636797203107
2023-11-13,4417.85009765625,4481.2001953125,4340.0,4363.39990234375,40238,0.0,-0.002161106624159137,0.4336222279790703,-0.024082950092270083,29566.25,3963.1385536974954,-0.009410126200334212,1.0091162024130274,-0.004983846387194394,52.16373885435337
2023-11-15,4396.0,4420.0,4299.75,4373.85009765625,16847,0.0,0.002394966206715754,0.41976054069153756,-0.024082950092270083,29075.8,3967.225235726936,-0.04307824806514249,1.0046920758748532,0.005705553327415236,54.12919596763009
2023-11-16,4396.89990234375,4675.0,4395.0498046875,4577.0,58449,0.0,0.04644647114280587,0.44389561572396663,-0.024082950092270083,31115.2,3973.2926463167178,0.0011264372701962344,0.9601239948468565,0.10463376625316934,67.74545676431029
2023-11-17,4581.25,4680.0,4549.14990234375,4595.10009765625,43873,0.0,0.003954576721924896,0.4437234490050185,-0.024082950092270083,31936.55,3979.4797851360167,0.026069868914692762,0.956492771841609,0.008912255238414542,65.47902398373958
2023-11-20,4600.0,4749.0,4565.0,4633.25,26180,0.0,0.00830230060999293,0.44452753977474596,-0.024082950092270083,32182.5,3985.98496140332,0.05954924054755928,0.948626241661833,0.018676684075486272,71.64264280078076
2023-11-21,4651.0,4750.0,4600.0,4624.2001953125,47328,0.0,-0.0019532303863378786,0.4430329038827023,-0.024082950092270083,33780.5,3992.3353617407247,0.059769972683151096,0.9512650519589431,-0.004408770376042574,72.93355621337297
2023-11-22,4670.0,4835.64990234375,4569.89990234375,4698.5498046875,98107,0.0,0.016078371660977586,0.44138081004350443,-0.024082950092270083,35405.35,3999.36237112328,0.074236587853169,0.9403007753597509,0.036427436197596516,74.47401751203331
2023-11-23,4725.0,4944.0,4703.64990234375,4832.14990234375,103332,0.0,0.028434326166546953,0.40372719844953714,-0.024082950092270083,39309.45,4007.648814220001,0.05574610057761631,0.9199952648697085,0.07042955136896856,69.43038742324062
2023-11-24,4832.14990234375,4920.5,4773.0,4831.14990234375,45392,0.0,-0.00020694722229430695,0.4015097873002018,-0.024082950092270083,39731.25,4015.8428548978495,0.05136989394592262,0.9271798867922049,-0.0005154225966236539,69.55395506582093
2023-11-28,4831.14990234375,4948.0,4689.9501953125,4742.85009765625,58299,0.0,-0.018277181721201186,0.39062011662319523,-0.024082950092270083,41885.2,4023.0767578108685,0.023655122787729965,0.949622046219448,-0.04679016895315265,67.75957012173785
2023-11-29,4750.0,4792.2001953125,4701.0498046875,4724.7001953125,22897,0.0,-0.0038267923231896095,0.3873955626129237,-0.024082950092270083,42487.2,4030.058085547203,0.021733488117983146,0.9591291186424072,-0.009878255183399446,59.57580829487405
2023-11-30,4764.7001953125,4764.7001953125,4651.0,4672.35009765625,34978,0.0,-0.011080088787048914,0.3821391608330697,-0.024082950092270083,43611.1,4036.4490508418207,-0.005576126277327509,0.9755390625514357,-0.028994904560278752,55.87650834719724
2023-12-01,4700.0,4827.25,4700.0,4732.7998046875,112075,0.0,0.012937752045073081,0.3801676445461024,-0.024082950092270083,48535.95,4043.377914064166,-0.020560226744634313,0.9691921734686065,0.03403170125170167,65.47654756044884
2023-12-04,4765.0,4895.0,4751.0,4811.5498046875,54407,0.0,0.016639199469625554,0.38141481690822865,-0.024082950092270083,46863.75,4051.021415463403,-0.004057025356787536,0.9568658138061756,0.04362494139125083,77.58079239879102
2023-12-05,4836.0,4958.85009765625,4713.2001953125,4770.7001953125,59193,0.0,-0.008489906793691215,0.2902238481119447,-0.024082950092270083,48876.25,4058.1823983474737,0.005872017264474172,0.9682252783255209,-0.02925295959099442,74.63414287142
2023-12-06,4817.0,4860.0,4745.0,4815.2001953125,75017,0.0,0.009327771223964998,0.29060363507389414,-0.024082950092270083,52025.65,4065.7149137401607,0.019154654530204374,0.9635383454697193,0.03209791543252374,75.63757470492514
2023-12-07,4815.0,4890.0,4780.9501953125,4856.14990234375,73317,0.0,0.008504258466992543,0.2834622372300177,-0.024082950092270083,51235.65,4073.5799385023856,0.039337763833172,0.9583518050313738,0.030001379549113978,69.98071473552164
2023-12-08,4881.7001953125,4909.9501953125,4816.5,4839.7001953125,24765,0.0,-0.0033873968806669152,0.2580359446837521,-0.024082950092270083,51222.35,4081.2030256348244,0.022587135530035107,0.9643763747633354,-0.013127615819347719,67.549204854263
2023-12-11,4850.0,4889.25,4787.5498046875,4862.9501953125,27787,0.0,0.004804016584027071,0.2579385038165084,-0.024082950092270083,52020.65,4088.9816044375875,0.010682709877579244,0.9637200353598367,0.01862465791923008,66.8402384858624
2023-12-12,4879.10009765625,4908.89990234375,4830.2001953125,4862.10009765625,36944,0.0,-0.00017481109657868643,0.24382009217475983,-0.023569552938247314,52971.25,4096.674325763147,0.01915859278551091,0.9689197958821525,-0.000716967530648434,67.65364264695928
2023-12-13,4899.89990234375,5132.85009765625,4865.10009765625,5063.85009765625,112339,0.0,0.041494415159665676,0.25494798127069285,-0.023569552938247314,56576.3,4106.2979652844715,0.05163853884742031,0.9372330247575756,0.16275639181486504,72.79710881164247
2023-12-14,5064.0,5129.9501953125,5020.0498046875,5093.64990234375,29582,0.0,0.0058848117761804986,0.2527670421378112,-0.023569552938247314,57213.05,4116.122362668146,0.0489070569846648,0.9388155106575617,0.0232815619219709,68.74824961932217
2023-12-15,5100.0,5159.9501953125,5001.0,5077.4501953125,31109,0.0,-0.0031803730805676222,0.2549186017156452,-0.023569552938247314,55846.05,4125.687813739234,0.04912494377859877,0.9467389849304976,-0.012476033268670247,67.28185055424036
2023-12-18,5088.0,5250.0,5073.4501953125,5212.5,41370,0.0,0.026597957536280248,0.22384196474725981,-0.02060656640602278,55720.9,4136.501865343819,0.07188019425418712,0.9281323815947243,0.11882470911147039,80.92454399866078
2023-12-19,5212.5,5263.39990234375,5056.14990234375,5064.14990234375,32879,0.0,-0.028460450389688252,0.254230489937704,-0.023802916412204566,56055.85,4145.732194070187,0.04155607672184636,0.9595756697349503,-0.11194742722317791,69.07989097576478
2023-12-20,5190.0,5196.9501953125,4980.0,5034.10009765625,34556,0.0,-0.00593383001431147,0.25650435787998255,-0.023802916412204566,55417.25,4154.571675697909,-0.005874976436164525,0.9693748504462291,-0.023133446277561587,70.85620146998977
2023-12-21,4994.0,5116.7998046875,4950.0498046875,5050.25,18207,0.0,0.0032081011562064,0.25559562007691694,-0.023802916412204566,51422.25,4163.483897830269,-0.008520393661876957,0.9697569504603734,0.012551471068738457,69.28737305973658
2023-12-22,5059.89990234375,5155.0,5020.0,5131.10009765625,22422,0.0,0.01600912779689123,0.25555562058913484,-0.023802916412204566,47376.75,4173.111919719084,0.010566307945921283,0.9573897322860662,0.06264439472527072,69.36554971039902
2023-12-26,5131.10009765625,5279.9501953125,5125.14990234375,5158.89990234375,31800,0.0,0.005417903404417723,0.24017071405161633,-0.023802916412204566,46697.15,4182.92075536709,-0.010282992356115073,0.9554071879915502,0.022558550488665445,73.90396595663925
2023-12-27,5177.9501953125,5322.0,5166.0,5254.7998046875,29110,0.0,0.018589215561283012,0.24554851174360018,-0.023802916412204566,45237.7,4193.586218544408,0.03764697057160871,0.9428423000549164,0.07570485633260592,75.4575170668941
2023-12-28,5249.0,5341.14990234375,5201.5,5252.64990234375,30140,0.0,-0.00040913116077845313,0.23246203036554988,-0.023802916412204566,45599.85,4204.124165646889,0.043413877445395155,0.9482537599372043,-0.0017599912662518515,74.04199958713974
2023-12-29,5300.0,5379.9501953125,5241.5,5264.35009765625,44428,0.0,0.002227484323156448,0.23051160605171972,-0.023802916412204566,46072.35,4214.673677408176,0.04239396023092912,0.9517689603816355,0.009663219413015043,75.89805192232905
2024-01-01,5294.60009765625,5489.0,5274.4501953125,5457.2998046875,29028,0.0,0.03665214194571775,0.24661203711915575,-0.023802916412204566,41920.0,4227.038116485583,0.06357305467111218,0.9247558683135672,0.14862267425244036,80.03134318682827
2024-01-02,5440.0498046875,5545.0498046875,5348.64990234375,5427.2998046875,23372,0.0,-0.0054972240986709275,0.24977245933244516,-0.023802916412204566,40368.25,4238.98101885575,0.05202657687190504,0.9355402690571664,-0.022008927218292288,77.7412590154844
2024-01-03,5453.10009765625,5537.14990234375,5404.0,5438.0,40560,0.0,0.001971550438996994,0.24754546070088207,-0.023802916412204566,39436.6,4250.911555981564,0.0348634014846918,0.9398349595008505,0.007964397140512775,72.60317693201175
2024-01-04,5463.85009765625,5680.0,5388.60009765625,5630.7998046875,35565,0.0,0.035454175190787085,0.2616300417724353,-0.023802916412204566,37464.0,4264.641787311971,0.07199221523882993,0.9148971138959326,0.13551262536776537,77.11101219355938
2024-01-05,5611.0,5747.2001953125,5557.9501953125,5597.25,29513,0.0,-0.005958266294527226,0.26601304122870106,-0.023802916412204566,35273.8,4277.901570522797,0.06323665716912719,0.927001205076991,-0.02239839837559206,75.7837454396867
2024-01-08,5624.7998046875,5690.0,5508.85009765625,5624.89990234375,23974,0.0,0.004939908409263394,0.266100398079899,-0.023802916412204566,35234.25,4291.304538998627,0.03071117652585098,0.929424091314125,0.018564076789315345,72.89586412425066
2024-01-09,5656.85009765625,5796.9501953125,5656.0,5683.14990234375,46470,0.0,0.010355739837384359,0.2634860223016592,-0.023802916412204566,36168.4,4305.153746594101,0.047141323837550875,0.9271139344129193,0.039302803821981376,88.18635074523388
2024-01-10,5700.0,5989.0,5637.2998046875,5942.2998046875,70643,0.0,0.0455996950277302,0.29378033711965895,-0.023802916412204566,37853.35,4321.443757122393,0.0927362641940972,0.8957705982745856,0.1552169689865507,93.680284464527
2024-01-11,5920.0,6205.0498046875,5907.0498046875,5976.75,63110,0.0,0.005797451566702305,0.29196050075422475,-0.023802916412204566,35391.9,4337.914466006748,0.061438908736287434,0.8982444382463818,0.01985697158744409,93.78960737767514
2024-01-12,5998.0,6048.9501953125,5852.0,5915.75,74276,0.0,-0.010206215752708414,0.2762804522781391,-0.023802916412204566,37626.6,4353.614322066383,0.05690294340971014,0.9144550481632718,-0.036941503820250375,87.79444240734155
2024-01-15,5937.89990234375,5994.75,5850.0,5900.64990234375,47591,0.0,-0.002552524642902454,0.27846789257715515,-0.023802916412204566,38450.7,4369.007710924864,0.049023094594999206,0.9237706908112528,-0.009166315468603156,86.17058966896445
2024-01-16,5900.0,6024.2998046875,5881.0,5917.60009765625,63158,0.0,0.0028725980346278046,0.2764142814622999,-0.023802916412204566,39540.1,4384.416590394829,0.04125356524835144,0.9270823223723921,0.010392364372446342,85.01692524953162
2024-01-17,5887.60009765625,6025.0,5815.0,5870.2001953125,58227,0.0,-0.008009987420833586,0.27219003201200787,-0.023802916412204566,40807.5,4399.200506861672,-0.012133283702401743,0.9414338135295042,-0.02942792235022404,81.13751593591618
2024-01-18,5863.0,6015.5,5790.0498046875,5939.35009765625,23546,0.0,0.011779820115669581,0.24241261496344482,-0.023802916412204566,40257.0,4414.525378411867,-0.00625756512213993,0.9380937921563749,0.04859408670421331,82.1704437661574
2024-01-19,5961.0,6280.0,5961.0,6131.5498046875,37459,0.0,0.03236039362405907,0.25134931205217836,-0.02060656640602278,41219.6,4431.610198573813,0.03647885808012519,0.917505789806723,0.12874669149631238,82.1576883198311
2024-01-23,6094.14990234375,6138.35009765625,5780.0,5802.5498046875,32347,0.0,-0.05365690738554929,0.33327391466716794,-0.023802916412204566,41715.85,4445.251388684397,-0.01662530386988126,0.9753134608286935,-0.1609994164383999,63.92548738686603
2024-01-24,5686.5,5699.0,5465.5498046875,5673.2998046875,143108,0.0,-0.022274690325895574,0.3461471196796529,-0.022338844961849225,47281.25,4457.4707759083085,-0.041283677324783885,1.0020667199820157,-0.0643503539853415,58.02578274702126
2024-01-25,5673.0498046875,6042.7001953125,5673.0498046875,5889.5,45826,0.0,0.03810836774990589,0.364648212692837,-0.022338844961849225,48117.05,4471.719822914196,0.003287759198214557,0.9706698253711584,0.10450720825809877,58.68529608121665
2024-01-29,6000.10009765625,6035.0,5760.0,5781.14990234375,13022,0.0,-0.018397164047245118,0.3717382680333034,-0.022338844961849225,47261.15,4484.7489779333955,-0.026635943783635208,0.9934329732905004,-0.04948956062468484,55.87877663529518
2024-01-30,5832.9501953125,5850.0,5590.0,5614.4501953125,21545,0.0,-0.028835043174311736,0.3893961826560407,-0.023802916412204566,46117.0,4495.989786066521,-0.08433424270315526,1.0260470288285477,-0.0740506551377151,49.693224091549105
2024-01-31,5614.5,5946.0,5614.5,5929.85009765625,33885,0.0,0.056176453859556386,0.42997098088352825,-0.023802916412204566,46359.85,4510.2570528485085,0.021938681657831305,0.9754576187922384,0.13065173011816889,56.292409828460116
2024-02-01,5970.0,5970.0498046875,5679.9501953125,5704.4501953125,25155,0.0,-0.0380110624436929,0.4406344598162905,-0.028479180028919426,46449.0,4522.139571678997,0.005490700597077902,1.016430116323998,-0.08626438703159217,43.82705785962548
2024-02-02,5788.0,5840.7001953125,5665.0,5745.9501953125,14882,0.0,0.007275021882757748,0.43994283810214035,-0.028479180028919426,45165.1,4534.316791814654,-0.024373852566007326,1.011768687117098,0.016536288552345613,44.03186151642348
2024-02-05,5772.0,6275.0,5715.39990234375,6190.64990234375,71916,0.0,0.07739358886090453,0.5096026444889734,-0.028479180028919426,46982.65,4550.79771828758,0.07083365885980286,0.9436109426932359,0.1518704586390241,55.931471610958454
2024-02-06,6225.0,6520.0,6080.0,6147.5,83838,0.0,-0.006970173249082223,0.5005267011748178,-0.028479180028919426,49698.9,4566.685303180241,0.09494247631451835,0.9547096364757014,-0.013925676878906402,55.262544822887534
2024-02-07,6200.5,6379.9501953125,6192.10009765625,6252.7998046875,26840,0.0,0.017128882421716174,0.5007469737414426,-0.028479180028919426,49842.2,4583.462561901707,0.05446169830817382,0.9436528706593469,0.03420666120389565,56.886631091092475
2024-02-08,6288.0,6418.0,6211.35009765625,6249.89990234375,21718,0.0,-0.00046377661756835664,0.5012075887341448,-0.028479180028919426,48604.6,4600.044027975757,0.09561827842400317,0.9486247904751599,-0.0009253184084592406,57.94617253949623
2024-02-09,6287.89990234375,6298.0,6034.5,6190.60009765625,54047,0.0,-0.009488120708183168,0.5034932993149704,-0.028479180028919426,47774.8,4615.870456529791,0.07738492107127759,0.9597171366713443,-0.01884458151210045,55.27980633817894
2024-02-12,6198.0,6298.0,5970.0498046875,6008.39990234375,45076,0.0,-0.02943175014349264,0.4934091213697016,-0.02886487852277078,46873.1,4629.726470916,-0.029439558507581065,0.9890832154495948,-0.05964978812165521,47.4011870732747
2024-02-13,6027.0,6027.0,5850.7998046875,5952.0,53170,0.0,-0.009386842297522402,0.4943442330591445,-0.02886487852277078,45817.8,4642.883421454149,-0.03180154534363566,0.9987600798247963,-0.018988472970644748,53.56385512743691
2024-02-14,5952.64990234375,5995.9501953125,5850.0,5875.14990234375,34315,0.0,-0.012911642751386121,0.4951539618730234,-0.02886487852277078,45154.0,4655.144779472952,-0.06039692843846356,1.0116073792000155,-0.02607601571395082,54.93678147777507
2024-02-15,5904.5,6019.9501953125,5825.35009765625,5861.7998046875,31355,0.0,-0.002272299069496775,0.4951357928799082,-0.02886487852277078,43563.85,4667.151297136778,-0.06209701014742819,1.0134353233486875,-0.004589244115008798,49.24789003149493
2024-02-16,5872.14990234375,6070.0,5872.14990234375,5980.85009765625,28877,0.0,0.020309511913653155,0.5000077808999063,-0.02886487852277078,42096.35,4680.222926992694,-0.0338820141329127,0.9941876787575842,0.04061839091967029,55.39089405545096
2024-02-19,5979.4501953125,6250.0,5976.4501953125,6213.60009765625,41745,0.0,0.03891587252641715,0.515567780738661,-0.02886487852277078,43006.3,4695.480411277904,0.03415221999994644,0.9591540945536476,0.07548158210322224,65.61710034330164
2024-02-20,6230.2001953125,6298.0,6061.5,6103.35009765625,11821,0.0,-0.017743336916964725,0.5195108776407502,-0.02886487852277078,41724.4,4709.489064873708,0.02542844382665499,0.9762490918753716,-0.034153926970698086,55.06392036097422
2024-02-21,6135.5,6270.0,5812.0,5857.14990234375,33344,0.0,-0.04033853398104159,0.5266197194790934,-0.029860715758502653,41774.25,4720.908575694306,-0.003063751614715282,1.0177509700975613,-0.07659897972478644,54.403359925002384
2024-02-22,5888.0,5897.9501953125,5737.9501953125,5819.39990234375,43015,0.0,-0.006445114198783686,0.49215230216369665,-0.029860715758502653,36769.6,4731.8388376510175,-0.007233256637294905,1.0256083273459573,-0.013095771450200872,52.12263997431113
2024-02-23,5844.9501953125,5990.0,5805.0,5896.64990234375,47481,0.0,0.013274564610843864,0.48672164793793926,-0.029860715758502653,36852.35,4743.428997498706,-0.0140782988935797,1.012232809131973,0.02727342084402678,39.21259418905513
2024-02-26,5925.0,5950.0,5841.5,5881.2001953125,11821,0.0,-0.002620082129194956,0.46907495160312096,-0.029860715758502653,36792.3,4754.750103944615,-0.05349554157325476,1.01574250346501,-0.005585636291991595,40.02622453934182
2024-02-27,5904.4501953125,6040.0,5815.60009765625,5856.2001953125,21526,0.0,-0.004250833022131362,0.46449203124019084,-0.029860715758502653,36791.35,4765.709806346286,-0.040494138201027985,1.022142739340933,-0.009151573428000326,34.195443224109454
2024-02-28,5871.60009765625,5951.7001953125,5810.10009765625,5913.89990234375,22126,0.0,0.00985275521786888,0.45234109831550473,-0.029860715758502653,36203.4,4777.134583420888,0.009689012735919711,1.0120352219062825,0.021781693144273445,37.17067582649569
2024-02-29,5949.89990234375,6050.0,5853.5,6004.2001953125,17650,0.0,0.015269161544814613,0.4119806582014332,-0.029860715758502653,35828.15,4789.344191499412,0.03175590199503597,0.9993108665304448,0.037062810766035584,43.04737655473445
2024-03-01,6046.5498046875,6116.0,6005.0498046875,6080.5498046875,26232,0.0,0.01271603325861892,0.3884001972846717,-0.029860715758502653,36395.65,4802.19200854606,0.0311871834667774,0.9895145461731767,0.032739512029402465,52.92187696522738
2024-03-04,6134.2998046875,6243.75,6048.0498046875,6101.89990234375,71924,0.0,0.0035112117065123627,0.38813657648597955,-0.029860715758502653,36396.05,4815.124425399768,0.03752630410492652,0.9853250752539212,0.009046330154808007,56.247911386433145
2024-03-05,6132.39990234375,6412.85009765625,6116.10009765625,6327.2998046875,242731,0.0,0.03693929857111766,0.3075649706643475,-0.029860715758502653,44340.7,4830.170946586711,0.08044458755902584,0.9516452762744525,0.12010242027986384,66.76927400175367
2024-03-06,6365.0,6457.2998046875,6113.4501953125,6290.5,38608,0.0,-0.005816036196078067,0.30720355696253515,-0.029860715758502653,44929.1,4844.701583934107,0.06368049914186047,0.9575121183481042,-0.01893218966688417,65.62774559713125
2024-03-07,6299.0498046875,6596.0,6299.0498046875,6548.7998046875,34922,0.0,0.04106188771759012,0.33288121264144854,-0.029860715758502653,45589.3,4861.657785135633,0.09070310643542023,0.9220277235019357,0.12335297074361717,68.79571225575012
2024-03-11,6620.0,6800.0,6481.5,6521.60009765625,65104,0.0,-0.004153388077580367,0.3335277763439726,-0.029860715758502653,46142.15,4878.174624066187,0.07253460741802398,0.928410955121566,-0.012452899721215162,61.798064672646376
2024-03-12,6582.25,6637.7998046875,6363.75,6469.10009765625,30449,0.0,-0.008050171616451496,0.3329274520684849,-0.029860715758502653,45410.8,4894.004728281013,0.060178010322892606,0.9395062518129114,-0.024179956698181702,64.65874487528711
2024-03-13,6500.0,6549.7001953125,6271.10009765625,6370.9501953125,41320,0.0,-0.015172110627768687,0.3191800862890626,-0.029860715758502653,44818.3,4908.700703077347,0.006898739110269725,0.9572681167095579,-0.047534638920680695,73.3652104270567
2024-03-14,6335.85009765625,6790.0,6300.0,6718.10009765625,58349,0.0,0.05448950183273604,0.361832895789958,-0.029860715758502653,46020.0,4926.704677152758,0.06797553416361968,0.9140761399231278,0.1505929973775434,81.8937182114377
2024-03-15,6750.0,6875.0,6500.0,6634.35009765625,40094,0.0,-0.012466322142061892,0.36154238154036283,-0.029860715758502653,46456.95,4943.696173874187,0.013063507134164487,0.9314375076036923,-0.03448094174779541,76.05980674962885
2024-03-18,6698.0,6698.0,6440.0,6503.4501953125,27799,0.0,-0.01973062928801328,0.3715252385928239,-0.029860715758502653,46403.05,4959.21611438601,-0.0027830443559814233,0.954203128807981,-0.05310710204150142,70.32369453340027
2024-03-19,6516.2998046875,6635.35009765625,6480.0498046875,6501.0498046875,17218,0.0,-0.00036909495005132964,0.36782801086056677,-0.029860715758502653,45176.7,4974.557743145229,0.004938817849305721,0.9567662449349001,-0.0010034443520311443,71.3774250523115
2024-03-20,6546.89990234375,6749.9501953125,6328.0,6661.9501953125,31354,0.0,0.024749908931475106,0.3540113792774965,-0.029860715758502653,46153.35,4991.34771779366,0.04567607516601013,0.9378507541297161,0.06991274767172692,73.21047593045527
2024-03-21,6680.0,7450.0,6680.0,7242.0,159934,0.0,0.08706906951895799,0.4482078515384405,-0.029860715758502653,52482.85,5013.742267865365,0.0779833427201424,0.8722946036359086,0.19426046928338073,79.45460367154982
2024-03-22,7240.0,7376.5,7094.89990234375,7178.75,71744,0.0,-0.008733775200220895,0.4170622546983216,-0.029860715758502653,53919.3,5035.284633359242,0.0820577591369609,0.8894480270818823,-0.02094117818723877,76.29664289405181
2024-03-26,6952.0,7183.60009765625,6951.0,6985.35009765625,44066,0.0,-0.02694060976406054,0.43301625501108826,-0.029860715758502653,53748.55,5054.68826981991,0.07409911475774655,0.9218664697049775,-0.062216161241358155,69.54406619361109
2024-03-27,6985.0,7077.10009765625,6885.35009765625,7004.2998046875,36568,0.0,0.0027127784243208275,0.433272028696651,-0.029860715758502653,54985.9,5074.087389569836,0.07741057446401012,0.9273896314805512,0.006261143535782467,66.48245258197815
2024-03-28,7032.89990234375,7148.0,6938.9501953125,6971.7001953125,24215,0.0,-0.004654228157564444,0.4339909600430457,-0.029860715758502653,55120.35,5092.969109029962,0.04649539412917658,0.9397262979055532,-0.01072425114537017,66.61870016369738
2024-04-01,7033.25,7249.9501953125,6954.5,7023.9501953125,34316,0.0,0.0074945850418426385,0.4315508364620997,-0.029860715758502653,55729.85,5112.182851182027,-0.030109058918461717,0.9406377245821181,0.017366632699910227,62.88753673320883
2024-04-02,7079.60009765625,7130.0,6842.0,6860.85009765625,23813,0.0,-0.02322056579573928,0.4457381317008544,-0.029860715758502653,56038.0,5129.582525276297,-0.04428346193191712,0.9692421390587915,-0.05209463499608512,58.569734175033545
2024-04-03,6867.9501953125,6953.0,6825.64990234375,6925.35009765625,17580,0.0,0.009401167360008955,0.44490588004921466,-0.029860715758502653,55605.4,5147.450859329829,-0.008589404848889592,0.9663143299177466,0.021130687568485587,61.45579856193913
2024-04-04,6915.0498046875,7040.0498046875,6851.7001953125,6876.85009765625,20186,0.0,-0.0070032560543638045,0.44705461828847587,-0.029860715758502653,53018.5,5164.658811949992,-0.0181959240159818,0.9787638894618487,-0.015665325021184517,63.02724361381211
2024-04-05,6861.2001953125,7222.14990234375,6814.39990234375,7123.25,59151,0.0,0.03583034366675042,0.4584393467511952,-0.029860715758502653,43839.5,5184.1472814828285,0.021737854532154932,0.9504945156485803,0.07815721564716424,61.0038286387055
2024-04-08,7145.10009765625,7581.0,7145.10009765625,7540.64990234375,84077,0.0,0.058596834639209616,0.481360542892389,-0.029860715758502653,46112.95,5207.595068755077,0.07356255278918034,0.9061709059834616,0.12173169215282434,70.83831434030358
2024-04-09,7550.0498046875,7879.4501953125,7550.0498046875,7737.4501953125,122273,0.0,0.02609858507123919,0.48183423756118493,-0.029860715758502653,50480.5,5232.767756581519,0.12776843761033452,0.8908038047750965,0.05416506859638511,77.5384958666122
2024-04-10,7785.14990234375,7845.2998046875,7470.0498046875,7493.10009765625,51557,0.0,-0.03158018358609693,0.48911809600538747,-0.03190172752897673,49803.15,5255.258625646939,0.08198141494567102,0.9263355597522696,-0.06456555829431734,69.98127675986618
2024-04-12,7514.7998046875,7583.5,7291.14990234375,7343.85009765625,44029,0.0,-0.019918324599278114,0.49658846616006885,-0.03190172752897673,50482.15,5276.040630343549,0.06790899806863049,0.9511172587075775,-0.04011032385064389,63.79917619446584
2024-04-15,7234.60009765625,7380.0,7080.0498046875,7198.9501953125,29444,0.0,-0.019730781595064695,0.5024037464042778,-0.03190172752897673,49888.35,5295.174058850703,0.01062719900501885,0.9760121104626122,-0.03927275889869659,48.942602676886644
2024-04-16,7199.0,7629.5,7198.9501953125,7562.14990234375,59916,0.0,0.05045175993407236,0.5194126178610002,-0.03190172752897673,49966.7,5317.731032417798,0.0028512131286346776,0.9347163379141454,0.09713233223042418,58.2077420461013
2024-04-18,7624.7001953125,8400.0,7624.7001953125,8288.5498046875,224896,0.0,0.09605732651750465,0.5818046437191791,-0.03190172752897673,59206.8,5347.291418211526,0.07122496371076692,0.8627775928647802,0.16510236881650803,72.71491504764109
2024-04-19,8280.0498046875,8500.0,8030.0,8249.599609375,182607,0.0,-0.004699277464734752,0.5785254448216545,-0.03190172752897673,66947.2,5376.1701066808155,0.10095948297225799,0.8774344043685832,-0.008122853412186378,71.555424303969
2024-04-22,8284.9501953125,8324.650390625,8081.0,8131.39990234375,42015,0.0,-0.014327932581955305,0.5751976457351203,-0.03190172752897673,68187.05,5403.585328528208,0.10723936276134527,0.9002139991053922,-0.02490958097463691,69.49599591606167
2024-04-23,8129.0,8129.0,7959.9501953125,8073.5,43871,0.0,-0.0071205331233384905,0.577394599620411,-0.03190172752897673,68812.9,5430.151643667231,0.12148296362113342,0.9154118430232783,-0.01233217803681896,67.61078480598766
2024-04-24,8199.0,8363.9501953125,8110.10009765625,8212.75,37519,0.0,0.017247785966433282,0.5757223569557657,-0.029539171815622857,62692.15,5457.839189501388,0.08603374781748352,0.905800738443084,0.029958512915928583,72.86705218962751
2024-04-25,8208.900390625,9821.9501953125,8035.7001953125,9329.5,527464,0.0,0.1359775958113909,0.6740795302254696,-0.029539171815622857,85478.15,5496.363177665554,0.12558894135181542,0.8089021399483828,0.20172336897498536,79.99002301492044
2024-04-26,9340.0,9637.849609375,8801.0498046875,8916.25,184591,0.0,-0.044294978294656784,0.6992779810530596,-0.03190172752897673,92504.4,5530.3919022658965,0.08081002984283092,0.8572210861926959,-0.06334387591400081,73.31808975364943
2024-04-29,9115.0,9115.0,8601.0498046875,8666.0,85560,0.0,-0.02806673209028454,0.7000634754197919,-0.03190172752897673,94954.0,5561.591982840366,0.06574514893827321,0.8915627186165762,-0.04009169550309337,67.62397771797045
2024-04-30,8762.650390625,9890.0,8695.9501953125,9578.75,396615,0.0,0.10532540964689585,0.7710305524186901,-0.03190172752897673,113574.0,5601.563704404143,0.18644330216139227,0.8202150603957328,0.13660341727115785,70.91560506557674
2024-05-02,9575.0,9989.849609375,9460.0,9783.849609375,280890,0.0,0.021411938862064384,0.7674738045092073,-0.03190172752897673,125902.7,5643.178489528231,0.19130006506651243,0.8171251909686144,0.027899243540650473,70.96506324493075
2024-05-03,9750.0,9889.25,9571.0498046875,9730.599609375,111672,0.0,-0.005442642939745834,0.7708638262857371,-0.029539171815622857,130295.65,5683.849346442129,0.04299261582882252,0.8363428547829647,-0.007060446584146674,73.85699688728428
2024-05-06,9729.900390625,9762.9501953125,9156.349609375,9235.25,80862,0.0,-0.05090638082546861,0.7945380575317176,-0.03201810110584416,133459.75,5719.186666378028,0.035777372774428606,0.8937075283475678,-0.0640704113568938,68.78066182470327
2024-05-07,9313.25,9313.25,8750.75,8889.099609375,149067,0.0,-0.03748143153948191,0.8153211270774073,-0.0376242866615599,139903.8,5750.728088696406,0.02574424294657285,0.9398280246457047,-0.04597137230347972,66.13739178938033
2024-05-08,8879.0498046875,9439.400390625,8820.2001953125,8921.650390625,236582,0.0,0.003661876081990423,0.8128305750795437,-0.0376242866615599,148775.35,5782.279554387239,-0.06859972432467698,0.9464779022457878,0.004505091404295608,63.855205367211305
2024-05-09,9072.099609375,9233.0,8901.900390625,8953.5498046875,98948,0.0,0.0035755059507847076,0.8094235045184615,-0.0376242866615599,149518.9,5813.834482250923,-0.08486432619445594,0.9509959878648865,0.004417348750872195,57.894862540560695
2024-05-10,9063.150390625,9100.0,8713.4501953125,8761.400390625,60449,0.0,-0.02146069640020354,0.7989634103894016,-0.0376242866615599,146427.7,5843.163496264597,-0.09960323696971563,0.9776961523568511,-0.0268606745346914,55.862822105290924
2024-05-13,8761.400390625,9549.150390625,8761.400390625,9440.9501953125,235698,0.0,0.07756177944049236,0.8325725426052795,-0.0376242866615599,155634.75,5878.962368891939,0.022273375957608144,0.9176385614613365,0.09315918378258645,63.29182605440463
2024-05-14,9500.0,9849.0,9355.2998046875,9786.599609375,150360,0.0,0.0366117188325088,0.822311845366278,-0.0376242866615599,160951.3,5917.8443314838105,0.10096635648603147,0.8977088858549607,0.04452291255876523,66.42820271361492
2024-05-15,9785.0,10849.9501953125,9710.4501953125,10745.650390625,498202,0.0,0.09799632349639453,0.8615075735326179,-0.0376242866615599,184389.2,5965.882202719047,0.2044464779651851,0.8340912011455217,0.11374980948462451,70.9896143194802
2024-05-16,10800.0,12379.599609375,10706.5498046875,11238.599609375,1032288,0.0,0.04587430270205628,0.8536751285457992,-0.0376242866615599,233007.8,6018.34705253652,0.2552116037251724,0.8138625135401969,0.053737423793553694,67.64450507935803
2024-05-17,11387.25,11636.7998046875,10839.4501953125,11083.7001953125,347240,0.0,-0.013782803858701898,0.8564161706742408,-0.0376242866615599,239125.0,6068.748576345237,0.2650603443682862,0.8378458712025127,-0.01609358180020717,71.0368830647297
2024-05-21,11398.25,11403.849609375,10688.0,10832.099609375,94437,0.0,-0.022700053367006978,0.8210831430726202,-0.0376242866615599,234716.5,6116.145104037075,0.1473526907019609,0.8692273691925853,-0.027646473176388853,71.01826414249163
2024-05-22,11500.0,11700.0,10180.0,10334.599609375,312421,0.0,-0.045928307340289076,0.8450154283726338,-0.04053635619672235,248236.8,6158.11977573198,0.05599493408058165,0.9217306709201777,-0.05435203341224124,57.97705464202318
2024-05-23,10552.5,11200.0,10361.2998046875,11085.4501953125,193359,0.0,0.0726540566947913,0.8642634465669496,-0.04053635619672235,255711.2,6207.147939110891,0.03162207891892299,0.8728842555711355,0.08406470983210337,62.31783255207452
2024-05-24,11200.0,11200.0,10836.0,11054.25,75730,0.0,-0.0028145176571803265,0.8629256072251023,-0.037822108877240655,257621.75,6255.377810363519,-0.016403254478540186,0.8882004605835991,-0.003261599378902357,62.579000529552495
2024-05-27,11100.0,11280.849609375,10755.0,10790.849609375,70014,0.0,-0.023827974817377973,0.8740939412130831,-0.037822108877240655,234749.25,6300.5068829904985,-0.026421734689409226,0.9166523285878606,-0.027260198728419394,65.46506032897477
2024-05-28,10845.849609375,10846.25,10180.0,10436.650390625,79283,0.0,-0.032824034396909285,0.7675375868239329,-0.037822108877240655,229483.85,6341.662539782882,-0.036507162324074804,0.9550456390069177,-0.04276537661833764,65.36046036262576
2024-05-29,10436.650390625,10948.9501953125,10321.150390625,10723.7001953125,92444,0.0,0.02750401651332024,0.7477880398792546,-0.037822108877240655,229828.05,6385.26490451452,0.03765028164076423,0.9390753441217791,0.03678049751899795,67.02633625678587
2024-05-30,10791.9501953125,10882.5498046875,10462.2998046875,10654.2001953125,53330,0.0,-0.0064809719345174654,0.7376657084067958,-0.037822108877240655,212663.8,6427.741872582162,-0.03890234428028505,0.9502482378162734,-0.00878578436383761,65.95491893671829
2024-05-31,10733.0,10923.900390625,10644.150390625,10767.150390625,133809,0.0,0.010601471085759595,0.6529795320937103,-0.037822108877240655,205309.75,6470.920066791543,-0.025971875918764264,0.94484609492015,0.01623553327837361,69.10110896448742
2024-06-03,11450.0,11450.0,10840.25,11101.9501953125,83602,0.0,0.031094560077753908,0.6566408346305717,-0.037822108877240655,203906.25,6516.99996856787,0.02883003629920089,0.9225286863222668,0.047353984041683866,66.92963278778694
2024-06-04,10915.0,11198.0,9090.0,9800.349609375,130387,0.0,-0.11724071564355121,0.7846949962372473,-0.0443766447469384,206382.5,6549.670114247543,-0.060967911871568914,1.0479343002152943,-0.14940927967127174,50.117289778531436
2024-06-05,10046.7998046875,10343.650390625,9127.75,10238.849609375,130726,0.0,0.044743301767574906,0.7740750342587562,-0.0443766447469384,205465.45,6586.378367930403,-0.04521299337978846,1.0096456539707543,0.05780227911935913,45.25556280306388
2024-06-06,10467.099609375,10493.25,10250.0,10447.650390625,47306,0.0,0.02039299230050373,0.7588661288187096,-0.0443766447469384,196001.65,6624.798985071643,-0.01938670204248416,0.9967705292962663,0.0268729770078403,42.179430134616474
2024-06-07,10470.0,10680.0,10356.4501953125,10488.599609375,49872,0.0,0.003919466790996751,0.7588445936900723,-0.0443766447469384,193547.85,6663.244762427896,-0.025870427285248576,1.0001966793186725,0.005165045349123338,43.980250243196174
2024-06-10,10488.599609375,10841.900390625,10408.2001953125,10477.7001953125,68895,0.0,-0.0010391677124139687,0.7594155135104368,-0.0443766447469384,193970.15,6701.199542854609,-0.05622885970642999,1.0094273832120206,-0.0013683782859881019,46.23155757441761
2024-06-11,10576.25,10576.25,10300.0,10368.0,35729,0.0,-0.01046987347104833,0.754872351748997,-0.0443766447469384,183971.7,6737.685119542623,0.05792144293321799,1.024578508918668,-0.01386972685924044,50.38708032936041
2024-06-12,10374.150390625,10750.0,10374.150390625,10489.2998046875,69976,0.0,0.011699441038532044,0.7129636962066738,-0.0443766447469384,179952.5,6775.0146188972985,0.02446077487876952,1.016079737321599,0.016409588505954902,41.91079075214327
2024-06-13,10800.0,11185.7998046875,10569.4501953125,10830.849609375,79906,0.0,0.032561735391991364,0.7109077012895425,-0.0443766447469384,159037.7,6815.371185966729,0.0366780284966135,0.9844310774976354,0.04580304148470467,47.20413953691315
2024-06-14,10830.849609375,11190.0,10830.849609375,11089.900390625,102921,0.0,0.0239178633803363,0.6317776741620682,-0.0443766447469384,112569.35,6857.903814868801,0.057328986103401425,0.9607651660461755,0.03785803769257655,53.746705718965224
2024-06-18,11200.0,11587.0,11190.0,11351.5,75413,0.0,0.0235889954066808,0.6169439691709151,-0.0443766447469384,98978.0,6902.616214720853,0.08339614499357584,0.9398035484710171,0.038235230755280326,61.734106447792534
2024-06-19,11446.25,11600.0,11053.099609375,11375.75,83328,0.0,0.0021362815486940523,0.6145268866779618,-0.0443766447469384,98422.55,6947.125008604228,0.09719810956790131,0.9401896578247587,0.0034763027627309115,58.96793752480964
2024-06-20,11417.650390625,11535.900390625,10900.0,10973.25,39323,0.0,-0.03538228248686903,0.6224624663957745,-0.0443766447469384,84767.65,6987.185953792246,0.04613751197160276,0.977585949425307,-0.056842434409447425,54.019828759765
2024-06-21,11110.5,11225.0498046875,10927.25,11109.150390625,53743,0.0,0.012384698300412333,0.5989637518763034,-0.0443766447469384,77786.85,7028.200525303021,0.02569519394019726,0.9657336206691943,0.020676874109405625,54.284210632580155
2024-06-24,11132.099609375,11849.0,11047.2001953125,11605.349609375,104175,0.0,0.04466581163297079,0.5655444093112204,-0.0443766447469384,79209.1,7073.744297283837,0.046479156763729046,0.9268169742233974,0.07897843229956988,56.060964139630734
2024-06-25,11686.650390625,12218.75,11300.0,11414.900390625,122031,0.0,-0.016410468030721992,0.5691991863350531,-0.0443766447469384,81809.95,7116.939880302158,0.005585199367925009,0.9450137258917851,-0.028830799720704705,76.54071984668158
2024-06-26,11525.400390625,13058.75,11493.0,12630.9501953125,158604,0.0,0.10653179292622084,0.6652158502823406,-0.0443766447469384,85776.0,7171.805654580868,0.1103399947530932,0.8627183521875095,0.16014620108577243,81.31678999123784
2024-06-27,12694.0,12925.25,12480.0,12581.0498046875,67432,0.0,-0.0039506442392210905,0.6500297711361946,-0.0443766447469384,84525.4,7225.6289794575505,0.14651992843391892,0.8735217005052008,-0.006077635754342998,79.14242911857843
2024-06-28,12588.0,13249.9501953125,12204.0498046875,12911.599609375,64554,0.0,0.026273626590711308,0.6496202111651358,-0.0443766447469384,85086.6,7282.205801645784,0.16224906094268787,0.8599004248995461,0.04044459475659157,80.6716747039666
2024-07-01,13029.900390625,13542.400390625,12776.599609375,13012.150390625,98895,0.0,0.007787631609718737,0.6470194261257727,-0.0443766447469384,83340.9,7339.220175665479,0.12122002598814974,0.8618821373532941,0.012036163328183106,81.3704536102474
2024-07-02,13100.0,13700.0,13050.0,13393.4501953125,68644,0.0,0.029303365949583382,0.6503380184000623,-0.0443766447469384,82593.0,7399.461270388335,0.17333044853483548,0.8458996617764353,0.04505866898430412,85.08867246871058
2024-07-03,13489.9501953125,14382.0,13405.2001953125,13959.5,177657,0.0,0.042263180616866736,0.6557577053727788,-0.0443766447469384,84956.5,7464.735287598402,0.10518209510322829,0.8264961144572245,0.06444938370697076,86.48311174127728
2024-07-04,14143.9501953125,14187.7998046875,13651.0,13750.25,80964,0.0,-0.014989791897990656,0.472222465882622,-0.0443766447469384,82468.4,7527.277722547671,0.0929334366736927,0.851842150455219,-0.03174307167394674,81.57064448743688
2024-07-05,13700.0,14108.349609375,13500.0,14019.5498046875,68534,0.0,0.019585084248468165,0.4612882930316024,-0.0443766447469384,83529.8,7591.877444758018,0.08581045175130941,0.8482182142556374,0.04245736152370291,81.61140604689807
2024-07-08,13900.0,14123.900390625,13700.0,13756.150390625,40340,0.0,-0.01878800801252767,0.47575541314907016,-0.0443766447469384,83053.2,7653.213493970625,0.0571773287016446,0.8763363802185642,-0.039490896158719674,75.93650513874175
2024-07-09,13756.2001953125,13960.0,13401.0,13488.9501953125,41865,0.0,-0.01942405307625894,0.48844301128678186,-0.0443766447469384,81701.7,7711.280525824773,0.00713035092581471,0.9048574842617493,-0.03976728549644771,71.65786073175693
2024-07-10,13524.9501953125,13684.650390625,12767.25,12857.5,76245,0.0,-0.046812404684534514,0.5285093055157596,-0.04597251220750135,83727.5,7762.486689746915,-0.07894265553923852,0.9589774481090804,-0.08857441734750011,68.4457365285734
2024-07-11,12857.5,13369.099609375,12600.0,12680.900390625,48547,0.0,-0.01373514364184325,0.5302449894430075,-0.04597251220750135,82656.05,7811.4261295566475,-0.07776946669151474,0.9809739202396074,-0.025903391180060624,65.26490162776165
2024-07-12,12860.0,12990.0,12150.0,12362.2001953125,48038,0.0,-0.025132300191247903,0.5440616255113891,-0.04597251220750135,81062.65,7856.707463544268,-0.11821703495934355,1.012457321505127,-0.04619384744455445,57.61304365003714
2024-07-15,12251.0,12321.0498046875,11708.2998046875,12060.150390625,76029,0.0,-0.02443333710143536,0.5479778129872874,-0.04597251220750135,79718.05,7898.53276630129,-0.1232903066511869,1.0418371405570093,-0.04458818601132,56.347949761779326
2024-07-16,12201.0498046875,12650.0,11980.0,12055.5,74129,0.0,-0.00038559972093010764,0.544243297777543,-0.04597251220750135,79653.85,7939.895624348044,-0.10626847712808918,1.0451588567588446,-0.000708506132128169,42.56706794976947
2024-07-18,12250.0,12400.0,11699.599609375,11828.5498046875,61546,0.0,-0.018825448576375914,0.5453574689449066,-0.04597251220750135,78564.75,7978.588700769334,-0.0800272366566207,1.0671259618730669,-0.03451946531071175,40.70528655985702
2024-07-19,11931.849609375,12145.0498046875,11077.5498046875,11190.349609375,86571,0.0,-0.05395422142616246,0.5793906416771992,-0.04701710349158122,80927.15,8010.54652075546,-0.11754297686558324,1.1289555741650301,-0.09312235409732228,30.241182765845338
2024-07-22,11160.0,11620.099609375,10980.400390625,11268.349609375,44190,0.0,0.006970291610429502,0.5653580059733759,-0.04701710349158122,80449.5,8042.962471886003,-0.08848348745818457,1.1218472950803333,0.012328986966654682,29.878136455012367
2024-07-23,11408.0498046875,11549.900390625,10915.849609375,11396.7998046875,54777,0.0,0.011399202169378286,0.5651369683048602,-0.04701710349158122,77979.6,8076.333987635272,-0.05500350861736836,1.1082883138710042,0.020170688889568727,25.53274443114404
2024-07-24,11454.0498046875,12202.7998046875,11410.099609375,12030.2998046875,74363,0.0,0.05558577941673071,0.5767190617935368,-0.04701710349158122,75596.2,8115.676931088528,-0.002090348414624077,1.0524849933359186,0.09638276612539388,26.743736232820567
2024-07-25,11988.0,12300.0,11525.0,11750.2998046875,84682,0.0,-0.023274565434429184,0.580009754062295,-0.04701710349158122,71900.1,8151.8423328158815,-0.006615350257813568,1.0738174940183955,-0.040127885557335916,26.295201996121108
2024-07-26,11770.0,11799.9501953125,11340.900390625,11547.599609375,79745,0.0,-0.017250640296993747,0.4406900792235326,-0.04701710349158122,72515.75,8185.630962433385,0.031924829202896854,1.0881919537863913,-0.03914460687642932,20.23074236171034
2024-07-29,11668.7998046875,11939.9501953125,11511.400390625,11898.0498046875,68224,0.0,0.030348315422019434,0.4563730777161147,-0.04701710349158122,72699.25,8222.57045340109,0.055882202553300564,1.0518805767062502,0.0664989155559004,28.08275747580113
2024-07-30,11982.099609375,12049.900390625,11740.5,11872.2998046875,44806,0.0,-0.0021642202228684404,0.44444546260443796,-0.04701710349158122,69994.8,8258.886168339262,0.041722238536157086,1.0493615530176064,-0.004869484236584009,29.778985143299536
2024-07-31,11777.0498046875,11934.849609375,11510.2001953125,11607.099609375,29788,0.0,-0.022337727287495834,0.4469512005972639,-0.04701710349158122,68052.0,8292.201724966484,-0.03517785942022855,1.0656423954223868,-0.049977999293582355,32.782551399222854
2024-08-01,11751.7001953125,12540.900390625,11707.599609375,12392.150390625,98631,0.0,0.06763539623765435,0.5005814987162011,-0.04597251220750135,64100.7,8332.997234077515,0.054624188029776866,0.9918092957030353,0.13511365294158212,46.59465002412127
2024-08-02,12392.099609375,12673.7001953125,11988.25,12039.5498046875,56046,0.0,-0.028453543156178318,0.479092653693201,-0.04597251220750135,62854.8,8369.878354183087,0.04260194429612074,1.0137517714038018,-0.059390479780753354,46.22503323570644
2024-08-05,11642.099609375,11986.150390625,11381.0,11589.25,59470,0.0,-0.037401714515286844,0.4902041187855018,-0.04597251220750135,62401.6,8401.911902897684,-0.02595381678145614,1.0426559053581443,-0.0762982445862929,44.67524424948538
2024-08-06,11589.25,11980.0,10805.400390625,10910.9501953125,71665,0.0,-0.05852836073839984,0.5097948800197319,-0.04716949552161591,63967.85,8426.87745804609,-0.08097416887968356,1.0944362981820246,-0.11480766458081693,38.768908318106526
2024-08-07,11180.9501953125,11387.9501953125,10830.0,10940.2998046875,42396,0.0,0.002689922403605882,0.5112890012256036,-0.04716949552161591,63994.4,8451.88663562461,-0.0574475818359419,1.0798522556770511,0.005261060465895614,40.932248672913815
2024-08-08,10970.0,11250.0,10807.0498046875,11000.2001953125,43354,0.0,0.005475205587998078,0.5129975802991309,-0.04716949552161591,62349.85,8477.242989452352,-0.11232515353957839,1.0655299197768506,0.010672965510043552,47.79896821640781
2024-08-09,11339.9501953125,11339.9501953125,10900.0,11010.7998046875,30221,0.0,0.000963583315467087,0.4952152731689736,-0.04716949552161591,61433.55,8502.452510001956,-0.08544754718315672,1.056920260905065,0.001945786707754535,46.97153531731666
2024-08-12,11010.7998046875,11611.849609375,10804.9501953125,11514.7998046875,45199,0.0,0.045773241630043815,0.5267604709745639,-0.04716949552161591,61291.6,8532.426114924201,-0.006424073629656801,1.0069795028561663,0.08689573968297386,51.27493106700123
2024-08-13,11575.400390625,11780.0,11250.0,11374.7998046875,30750,0.0,-0.012158266090132819,0.5221184135038835,-0.04716949552161591,59027.65,8560.708440195478,0.04251230196012412,1.0163607317951595,-0.023286414619388324,42.072229036927695
2024-08-14,11369.400390625,11474.9501953125,11010.0,11120.650390625,14307,4.0,-0.022343198862960767,0.5211089416983806,-0.04716949552161591,56036.55,8586.180499403732,0.01648497656894432,1.035385248937743,-0.04287625225039902,42.336956145657645
2024-08-16,11150.0,11860.0,11145.0,11828.7001953125,35705,0.0,0.06366981964331919,0.5705857479763012,-0.04716949552161591,54744.5,8618.444376974963,0.0753168110843152,0.9734091406882541,0.11158676632437722,53.0463681415035
2024-08-19,12099.0,12425.0,11883.150390625,12346.2001953125,45784,0.0,0.043749523739309515,0.5859471951730227,-0.04716949552161591,52705.15,8655.536474669863,0.12128096181137504,0.9372889827485984,0.07466461714138706,54.68703017802517
2024-08-20,12300.0,12514.75,11950.0,12405.900390625,48574,0.0,0.004835511685220117,0.5485409802249432,-0.04716949552161591,52924.35,8692.853528559965,0.07738741454929565,0.9373632380383515,0.008815223969383203,55.54136876789844
2024-08-21,12486.5,12518.2001953125,12141.099609375,12414.25,25598,0.0,0.0006730353389996502,0.5487598373739386,-0.04716949552161591,51465.4,8729.882349171308,0.09138184523336812,0.9408306962324042,0.0012264660802360546,58.85450881047047
2024-08-22,12395.9501953125,12395.9501953125,11976.0,12049.9501953125,39026,0.0,-0.029345293085566992,0.560961930278754,-0.04716949552161591,49698.55,8762.917850127937,0.08356523872658772,0.9693558729212202,-0.052312449345466625,45.86424900863091
2024-08-23,12049.9501953125,12241.650390625,11860.0,12202.2001953125,21634,0.0,0.01263490699399128,0.5293049989640047,-0.04716949552161591,46546.15,8797.139565005395,0.03157574322054524,0.9591126864367842,0.023870748963289164,52.06579629357189
2024-08-26,12288.0,12296.0,11950.0498046875,12031.25,21560,0.0,-0.014009784512318602,0.5248616763078593,-0.04716949552161591,43636.9,8829.319768338673,-0.025509888899426514,0.9747505478896104,-0.026692336053085644,56.042546462960814
2024-08-27,12055.7998046875,12227.9501953125,11986.7998046875,12176.150390625,15535,0.0,0.012043668831168919,0.5213748377040147,-0.04716949552161591,41002.45,8862.621565575353,-0.018519413566597698,0.9642926690223861,0.023099827090251438,70.24968935047289
2024-08-28,12125.5498046875,12346.75,12025.7998046875,12194.0498046875,27729,0.0,0.0014700388454698121,0.5118231247717696,-0.04716949552161591,40148.6,8895.770105268011,-0.01773769622107657,0.9641964931186421,0.0028721617793328676,70.14024629067211
2024-08-29,12203.0,12258.0498046875,11740.0,11770.0,23371,0.0,-0.03477514127623882,0.5271316369054664,-0.04716949552161591,39827.75,8924.369407703156,-0.02323247737749179,0.9996265996707732,-0.06597050562300094,61.070845826874994
2024-08-30,11770.0,12211.650390625,11640.0,12095.0498046875,40202,0.0,0.027616805835811276,0.5287322181022758,-0.03787224902374922,36906.3,8955.918466379617,-0.008781235261667186,0.9715338290111101,0.052232121228799375,64.29975662645049
2024-09-02,12120.0,12158.7001953125,11675.0,11879.7001953125,31777,0.0,-0.017804772436037397,0.47632586199973664,-0.03787224902374922,35692.85,8985.010821891387,-0.012596347402597408,0.9884725519414067,-0.0373793939877514,55.20914481017322
2024-09-03,11874.0,11970.650390625,11501.650390625,11645.900390625,20058,0.0,-0.019680614901355198,0.4710299631802197,-0.03787224902374922,33722.25,9011.487335013115,-0.04354824661235002,1.0085600678283215,-0.04178208611328698,53.76916202406817
2024-09-04,11600.0,11795.9501953125,11403.099609375,11745.7001953125,32033,0.0,0.008569522436224775,0.453044615965425,-0.03787224902374922,31740.65,9038.693433125547,-0.03676790045606104,1.0035440537291032,0.018915404675562304,59.079883841089256
2024-09-05,11740.0,11840.150390625,11582.0,11765.2001953125,40074,0.0,0.0016601819964536801,0.3979875927598317,-0.03787224902374922,31624.55,9065.82285364482,-0.0004077998884877143,1.005386428709868,0.0041714414844613345,48.84687956396119
2024-09-06,11827.099609375,11827.099609375,11505.2001953125,11623.4501953125,28258,0.0,-0.012048243773741807,0.4018043230074919,-0.03787224902374922,30869.75,9091.271881920122,-0.03899112587301867,1.0203282939350198,-0.029985350540052934,34.80115923156862
2024-09-09,11517.7998046875,11597.5498046875,11210.0,11436.900390625,44298,0.0,-0.016049434681858155,0.40714416213446486,-0.03787224902374922,31573.6,9114.611469071415,-0.03727365147331074,1.03883392623213,-0.03941953681350402,30.65480623363017
2024-09-10,11333.0,11998.4501953125,11333.0,11903.0,38556,0.0,0.04075401493896624,0.42844133507157045,-0.03787224902374922,31241.45,9142.356628583142,0.022076404636086844,0.9997857806002163,0.09512157360106865,41.370574104096775
2024-09-11,11903.0498046875,12250.0,11803.0498046875,12165.7001953125,41252,0.0,0.0220700827785012,0.40667827739003715,-0.03787224902374922,31766.55,9172.439649147613,0.03575776607746328,0.9814474279594824,0.0542691445863551,52.023142696197446
2024-09-12,12196.2998046875,12350.0,12000.0,12308.349609375,25686,0.0,0.01172554080507937,0.4039197747774324,-0.03787224902374922,32335.5,9203.642733328981,0.0461657604669492,0.9748975701676088,0.029029379710974964,51.86158597547062
2024-09-13,12700.7001953125,12900.0,12410.0,12822.849609375,39066,0.0,0.04180089259149056,0.4121089483239642,-0.03787224902374922,32503.55,9239.654742045857,0.10318789979813348,0.9396575616738856,0.10143165235110063,62.389660520341295
2024-09-16,12830.0,13250.0,12654.900390625,13188.349609375,44840,0.0,0.028503804624892215,0.3668265886207595,-0.03787224902374922,32456.35,9278.945238238188,0.15314020048523713,0.9168088067489728,0.07770375630356245,64.81904469701648
2024-09-17,13188.349609375,13533.150390625,12800.0,13139.400390625,44036,0.0,-0.0037115499815992825,0.34026791314917626,-0.03787224902374922,32229.45,9317.357727316665,0.10387300601739047,0.9230154883637341,-0.010907728084530931,63.71565309264628
2024-09-18,13139.400390625,13275.0,12815.150390625,12927.2001953125,18329,0.0,-0.016149914684379763,0.3466919073932889,-0.03787224902374922,31866.0,9353.276557843987,0.06259401331403924,0.9401507978914071,-0.04658289932401056,67.88896091309374
2024-09-19,12818.0498046875,12990.9501953125,12535.0498046875,12694.849609375,24302,0.0,-0.01797377486439422,0.35366593936517665,-0.03787224902374922,31129.8,9386.526040943798,0.031401447981751485,0.959898141670704,-0.05082133266337002,59.54578954252372
2024-09-20,12694.7998046875,13100.25,12456.0498046875,12803.599609375,149015,0.0,0.008566466192690303,0.3362281728304259,-0.03787224902374922,37498.85,9420.526772967989,-0.0015012263721728702,0.9540936058783518,0.02547813250089965,65.22025353462308
2024-09-23,12779.0,13040.0,12656.0,12722.849609375,20940,0.0,-0.006306820149301839,0.33586619720801014,-0.03787224902374922,37467.85,9453.385706663583,-0.0352963042221065,0.9628670365617716,-0.01877777523892385,68.68374345444948
2024-09-24,12766.0498046875,12900.0,12619.0,12799.150390625,19232,0.0,0.005997145576080332,0.33080985983871974,-0.03787224902374922,37652.7,9486.676897548772,-0.02589539780238137,0.9595607618608718,0.018128677898891377,68.42630471915236
2024-09-25,12800.0,13555.5498046875,12787.599609375,13346.7001953125,68954,0.0,0.042780168056198775,0.35728967627009534,-0.03787224902374922,39713.95,9525.085089566322,0.032450955633232414,0.9245127888513525,0.11973524481716734,73.34937964642488
2024-09-26,13188.0,13638.0,13081.2998046875,13516.0,50749,0.0,0.012684768685143677,0.3581550165334268,-0.03787224902374922,41082.85,9564.795685690042,0.06468374308417091,0.9193914634160439,0.03541697797157623,77.71627094986958
2024-09-27,13587.4501953125,14231.2001953125,13328.25,13647.7001953125,74541,0.0,0.009744021553159232,0.3275101914816135,-0.03787224902374922,42799.8,9605.421601208674,0.0659268183706272,0.9162076657690079,0.02975181081101764,82.9056638733235
2024-09-30,13690.0,14839.849609375,13435.150390625,14545.2998046875,75341,0.0,0.06576929420557565,0.37985388987417934,-0.03787224902374922,44978.0,9654.574618158713,0.14324229644038255,0.8688310099636863,0.17314365925257236,84.85148175304047
2024-10-01,14600.0,14849.9501953125,14155.5,14278.900390625,41973,0.0,-0.018315154561245106,0.3803130562224042,-0.03787224902374922,46073.75,9700.587809924547,0.1156131426570215,0.8942605642038755,-0.048158099702350333,77.8455756878829
2024-10-03,14238.9501953125,14238.9501953125,13935.0,14056.4501953125,24665,0.0,-0.015578944402368178,0.37665444789211,-0.03787224902374922,45705.35,9743.929724207015,0.05317793833784257,0.9166322108712742,-0.041361370019495844,72.56021312056583
2024-10-04,14056.400390625,14671.2001953125,13752.0498046875,14015.5,44534,0.0,-0.00291326720071583,0.37901328395608924,-0.03787224902374922,45928.35,9786.432911030826,0.036956200059189204,0.9273383047173219,-0.007686451233167953,67.53510829134606
2024-10-07,14015.5,14525.0,13500.099609375,13643.25,40492,0.0,-0.026559880132710267,0.3977742337728187,-0.03490646993819122,46540.05,9824.809200473306,-0.0003260765732551185,0.9600425118648416,-0.06677124159873822,56.674987387620114
2024-10-08,13639.9501953125,14187.9501953125,13324.5,14055.25,30986,0.0,0.030198083301266276,0.3987073938200566,-0.03490646993819122,45874.45,9866.903138777054,-0.033691282494539676,0.9412153807629712,0.07573996121450301,62.144772240640336
2024-10-09,14150.0,15167.9501953125,14095.0,14480.7998046875,114257,0.0,0.03027692888333533,0.3937399397553661,-0.03490646993819122,49659.5,9912.812558338353,0.014139703236186074,0.9224564700065193,0.07689575036047686,69.49847457075444
2024-10-10,15100.0,16380.0,14760.400390625,15960.150390625,269291,0.0,0.10215945292321682,0.4953883705237454,-0.03490646993819122,61061.45,9972.9850740825,0.13543250030134502,0.8488409976654502,0.20622093076791498,81.21165131412933
2024-10-11,15748.150390625,16549.94921875,15557.4501953125,15899.2001953125,121443,0.0,-0.003818898558017536,0.4985198850478472,-0.03490646993819122,65849.3,10031.952388721606,0.13440121260836224,0.8633876132846453,-0.007660473726231134,79.86243981172868
2024-10-14,15899.2001953125,16400.0,15702.150390625,15921.849609375,58430,0.0,0.0014245631091038824,0.5001988514345161,-0.03490646993819122,66817.5,10090.558331215669,0.1670129631411137,0.8718913223242382,0.0028479935060595494,81.20975609534256
2024-10-15,15967.5,16280.0,15802.349609375,16118.4501953125,60009,0.0,0.012347848444802523,0.48895383985646224,-0.02961678549510058,67575.95,10150.53735473902,0.14679213783550638,0.8703459308477589,0.02525360716236792,81.64070623277425
2024-10-16,16180.5,16300.0,15953.7001953125,16072.400390625,36362,0.0,-0.0028569623089998997,0.4871862761213135,-0.02961678549510058,67192.25,10209.461365046345,0.10991109658337317,0.8819639378403559,-0.005864209216037933,78.72908119350555
2024-10-17,15980.0,16060.0,15561.2998046875,15802.650390625,26410,0.0,-0.016783429571437525,0.49384472795565726,-0.02961678549510058,67596.3,10265.114987191408,-0.009868328063657561,0.9061169927117397,-0.03398523519945761,73.60169675820731
2024-10-18,15751.0,15751.0,15220.25,15531.5498046875,70624,0.0,-0.01715538718102194,0.4945087063306661,-0.02961678549510058,69912.4,10317.517323683907,-0.02312382925610268,0.9310651699567922,-0.0346917791627975,68.90029859162959
2024-10-21,15699.0,15799.849609375,14800.0,14931.4501953125,20398,0.0,-0.03863745839413191,0.5136388129469573,-0.03490646993819122,63481.55,10363.427103501108,-0.06220379154186584,0.9756103658614351,-0.0752230101542031,54.120123750680165
2024-10-22,14901.0,14901.0,13762.5,13880.5498046875,50951,0.0,-0.07038166935418733,0.5813496116495008,-0.037463501709229095,64982.1,10398.423349284058,-0.13884091606250193,1.0536443299037976,-0.12106599322192532,46.359203325799754
2024-10-23,13880.599609375,14312.2998046875,13596.599609375,13744.099609375,47371,0.0,-0.00983031632265896,0.5823007058683425,-0.037463501709229095,66389.05,10431.713660329739,-0.14486328890910993,1.0675424709950108,-0.01688185512188445,47.09962108250171
2024-10-24,13814.9501953125,14019.9501953125,13523.2001953125,13767.25,25938,0.0,0.0016843875759753324,0.5823350932444712,-0.037463501709229095,64238.25,10464.903076644867,-0.12880120361534486,1.0672746952970364,0.002892471304908106,47.687191482356894
2024-10-25,13800.0,13979.9501953125,13024.7001953125,13309.4501953125,53113,0.0,-0.03325281408324099,0.5782616458441783,-0.037463501709229095,64356.45,10493.207028074396,-0.14307005014427854,1.1032093620039274,-0.0575047882687236,46.938965216063025
2024-10-28,13300.0,13906.0,13230.0498046875,13609.7001953125,28939,0.0,0.022559158762677223,0.5818866384219261,-0.037463501709229095,62076.35,10524.216910335472,-0.08852120743201108,1.0787313348497054,0.03876899190565303,45.82869415935629
2024-10-29,13494.0,14450.0,13241.349609375,14253.5498046875,66680,0.0,0.04730814052735388,0.6031944430262276,-0.037463501709229095,61643.3,10561.324700329023,0.02687213440738767,1.0289803424105906,0.07842933616184442,47.95599931436682
2024-10-30,14500.0,14660.599609375,13125.0,13695.849609375,133601,0.0,-0.03912710889248738,0.5738333254419885,-0.03866194091904968,66224.7,10592.514002906595,-0.00351059737424253,1.0687522451700768,-0.06818549302708281,25.586004788853785
2024-10-31,13602.400390625,13945.0,13418.7998046875,13819.0,36829,0.0,0.008991803658584319,0.5719945923320868,-0.03496825713213347,66832.9,10624.618341186133,0.0037589206268500153,1.058368732163371,0.01572008480835958,27.867860803040898
2024-11-01,13800.0,14040.4501953125,13800.0,13923.75,4695,0.0,0.007580143280989882,0.5701545688962495,-0.03496825713213347,64840.95,10657.445521870848,0.04615516010600129,1.0500770273644402,0.013294891528651974,29.106376981232458
2024-11-04,13921.0498046875,14289.900390625,13590.2001953125,13969.400390625,38388,0.0,0.0032785988419068435,0.570138452878737,-0.03496825713213347,64735.75,10690.400296684322,0.026429692803695115,1.0478128709890884,0.0057505308892029094,26.795383258707872
2024-11-05,13969.400390625,14300.0,13761.4501953125,13986.2998046875,34623,0.0,0.0012097451279184934,0.5616153548623412,-0.03496825713213347,64917.6,10723.195316664454,-0.018749715240207077,1.0463003241662758,0.0021540456397859,27.33239005446839
2024-11-06,14099.9501953125,14945.0,14000.0,14817.25,63998,0.0,0.05941172482474655,0.5887114521162438,-0.03496825713213347,62404.65,10763.932179185207,0.0818788481626862,0.9887592184310094,0.10091824033997732,40.45654243841893
2024-11-07,14895.150390625,14940.0,14200.0,14353.849609375,57291,0.0,-0.03127438564004792,0.591595440445664,-0.03496825713213347,51804.65,10799.652750629883,0.0387039300510168,1.0150850041453656,-0.05286447963128878,39.00373500792801
2024-11-08,14423.0,14429.150390625,13851.0,14039.349609375,23164,0.0,-0.021910498476630846,0.4647769664871918,-0.03496825713213347,46890.7,10831.888540269138,0.008302333019122088,1.0312005444518593,-0.04714196181194584,41.2011249313664
2024-11-11,13900.0,13900.0,12726.0498046875,13491.7998046875,102600,0.0,-0.039001080528820564,0.47877240527735837,-0.03865563950086634,49099.2,10858.35531901957,-0.03418905411702722,1.0640450257581953,-0.0814605839524543,45.743039020454596
2024-11-12,13485.7998046875,13490.099609375,12800.0,12952.7998046875,111696,0.0,-0.03995019254678933,0.49052368919695194,-0.03900738194700391,51683.55,10879.195562658058,-0.07389373990493353,1.0961027859037775,-0.08144396002108104,42.03699521506318
2024-11-13,12850.0,12896.2998046875,11709.0498046875,12121.25,154186,0.0,-0.06419846035036914,0.5187702449051829,-0.03916826307520248,57574.75,10891.554313278377,-0.1819500919536351,1.1549998912356914,-0.12375123620397793,35.753851479140465
2024-11-14,12121.25,12295.099609375,11716.0498046875,11782.349609375,126619,0.0,-0.027959194854078606,0.5198920914140173,-0.03916826307520248,62585.2,10900.41794806541,-0.17915054636774674,1.1711609186675713,-0.05377884137503608,36.50518347239061
2024-11-18,11782.2998046875,11790.400390625,11220.900390625,11392.150390625,113311,0.0,-0.03311726707205542,0.5239920037798982,-0.03916826307520248,64719.55,10905.310808190381,-0.18855568757845376,1.1931072673566863,-0.06320185461064348,30.710415879094413
2024-11-19,11419.9501953125,12134.9501953125,11300.2998046875,11729.400390625,106159,0.0,0.029603717334835578,0.546073194058876,-0.03916826307520248,69007.6,10913.510704533015,-0.13062745071641102,1.1451527345231076,0.05421199413337958,26.80628027881272
2024-11-21,11688.849609375,11688.849609375,10925.4501953125,11411.7001953125,124056,0.0,-0.0270858001885953,0.5406025542350524,-0.03916826307520248,72662.85,10918.467813894005,-0.11897810763795558,1.1662164465763405,-0.050102981340685,28.043148272384926
2024-11-22,11437.099609375,11620.0498046875,11180.0498046875,11513.0498046875,84820,0.0,0.00888120154231098,0.5013567750707631,-0.03916826307520248,74535.3,10924.38405260837,-0.05017635931215836,1.1462609981557104,0.017714333996811184,27.740286928207652
2024-11-25,12000.0,12332.5498046875,11500.0,11660.2001953125,311083,0.0,0.012781182494762344,0.5066295478065209,-0.03916826307520248,88792.55,10931.705606267116,-0.01036715240271835,1.1227600942877518,0.025227865800209404,28.326999076732562
2024-11-26,12500.0,12825.0,12245.0,12337.2001953125,179427,0.0,0.05806075270235578,0.5546137651212326,-0.03916826307520248,95108.25,10945.690627053638,0.08295622619810339,1.0572086668139495,0.10468682046287854,36.05767281579844
2024-11-27,12500.0,12598.2001953125,12081.150390625,12138.599609375,87518,0.0,-0.016097703108761907,0.5465836710527299,-0.03916826307520248,98037.2,10957.560368171266,0.034886627203642995,1.06844614360536,-0.029451488704817244,34.69205136601204
2024-11-28,12236.349609375,12400.0,12039.7998046875,12223.099609375,42958,0.0,0.006961264290712643,0.5397291400083623,-0.03916826307520248,96851.1,10970.152798432,0.07110241245172144,1.0527540348089004,0.01289769931938045,25.474363031304875
2024-11-29,12300.0,12300.0498046875,11800.0,11978.5498046875,48544,0.0,-0.02000718414336844,0.5076475817586398,-0.03916826307520248,92598.25,10980.186599489269,0.04043237959506385,1.0670784568933644,-0.03941156122509652,26.574027611842567
2024-12-02,11980.0,12350.0,11562.099609375,12264.2998046875,70697,0.0,0.02385514145361567,0.5054933257841943,-0.03916826307520248,94291.65,10992.963845312137,0.05180868246308945,1.0358779248681567,0.04719180207708995,32.39404614562977
2024-12-03,12226.25,12436.0,12130.150390625,12220.9501953125,49848,0.0,-0.003534617553823338,0.5030557271707836,-0.03916826307520248,96549.3,11005.182614963882,-0.009422721375970666,1.032585620571999,-0.00702629409158962,35.99413999915619
2024-12-04,12205.099609375,12295.4501953125,11950.0498046875,12105.5498046875,61502,0.0,-0.00944283290420933,0.5009913745932051,-0.03916826307520248,97705.0,11016.131542224814,-0.0027227032566404796,1.0347307734225402,-0.01884829399187517,39.70096638775709
2024-12-05,12134.849609375,12134.849609375,11761.0,11899.25,75869,0.0,-0.01704175423801213,0.5011085898325819,-0.03916826307520248,99767.3,11024.918790560885,-0.02649488425395885,1.043900449345547,-0.03400810571541917,46.81766054857956
2024-12-06,11953.5,12130.099609375,11720.0,12074.9501953125,55410,0.0,0.014765652903544257,0.5061283977188717,-0.03916826307520248,99337.9,11035.366864240006,0.008047751371979661,1.0173555362911126,0.029173728797585723,54.40027374539444
2024-12-09,12110.0498046875,12550.0,11950.0,12452.7998046875,47481,0.0,0.031292022183386115,0.467926456151611,-0.03916826307520248,98847.4,11049.470674592718,0.015369813442423608,0.9788533608978339,0.06687380271678695,66.01004319066612
2024-12-10,12596.7998046875,12596.7998046875,12111.900390625,12501.349609375,21990,0.0,0.00389870594958297,0.4615412158334562,-0.03916826307520248,98788.7,11063.917231157717,0.022944158153107574,0.9689005843275359,0.008447145631557927,62.76476591276162
2024-12-11,12580.0,12699.0,12441.0,12645.2998046875,29711,0.0,0.01151477238941867,0.4616880268669451,-0.03916826307520248,95144.25,11079.652381143089,0.04458698767989855,0.9545238252818584,0.02494059076678467,71.64209840656846
2024-12-12,12735.0,13238.9501953125,12656.5498046875,13130.7001953125,59799,0.0,0.03838583490484471,0.4667559267929186,-0.03916826307520248,92549.4,11100.060817104975,0.10348973215223656,0.9199155247828751,0.08223962863460053,75.00966280111612
2024-12-13,13125.0,13129.9501953125,12680.0,12990.0,45942,0.0,-0.010715361193207928,0.4464660211885022,-0.03916826307520248,87137.2,11118.866182108906,0.07578083469385422,0.9332234381014242,-0.024000395202930458,70.60043938341833
2024-12-16,13024.7001953125,13282.0,12850.0,13171.9501953125,32489,0.0,0.014006943442070874,0.3810388238174166,-0.03916826307520248,82430.7,11139.294878757699,0.05775009651679275,0.9256072418625724,0.03675988429248295,65.27419006345744
2024-12-17,13234.5,13350.0,13149.0,13199.0,33071,0.0,0.002053591479348693,0.36283339202326487,-0.03916826307520248,78418.7,11159.78945707852,0.05580600594529561,0.9305549640656962,0.005659874388348118,70.70285807159375
2024-12-18,13199.0498046875,13199.0498046875,12666.0,12841.349609375,48855,0.0,-0.02709677934881427,0.3552446187253199,-0.03916826307520248,75553.5,11176.521398892415,0.015503768808615037,0.9608018476993343,-0.07627639423020208,60.90714878565637
2024-12-19,12400.0,13249.0,12301.099609375,13120.650390625,55373,0.0,0.021750111144555495,0.3496546827801378,-0.03916826307520248,72119.35,11195.865965974332,-0.0007653670054158512,0.9468615938645143,0.06220454520892681,69.90484229963984
2024-12-20,13120.650390625,13441.150390625,13092.0498046875,13316.4501953125,72185,0.0,0.014923025830137382,0.3299307307966068,-0.03916826307520248,71487.6,11216.966306564762,0.025130884935527398,0.9397106419053325,0.045230783267137316,68.93071028164364
2024-12-23,13410.25,13635.0,13106.099609375,13589.599609375,50680,0.0,0.020512179301256372,0.33295469791992244,-0.03916826307520248,58467.45,11240.574598135014,0.03170748506254828,0.9279213732641072,0.06160651528072002,72.74447809938891
2024-12-24,13589.599609375,14125.0,13333.0,14030.9501953125,44301,0.0,0.03247708531699689,0.3432495923197132,-0.03916826307520248,51711.15,11268.339529450212,0.06303130504678389,0.9047689040961552,0.09461652714967092,78.86915935141458
2024-12-26,14005.0,14540.0,14001.0498046875,14332.2998046875,51228,0.0,0.02147749120196263,0.2978557520072504,-0.03916826307520248,49896.65,11298.826696367996,0.11610541264479024,0.8933983112199793,0.0721070193748336,85.46977347735508
2024-12-27,14300.0,14780.900390625,14137.9501953125,14687.4501953125,44177,0.0,0.024779721012314182,0.29092285167132276,-0.03916826307520248,49957.6,11332.544343123662,0.11941479713589609,0.8801847699084618,0.08517625899166935,86.19221921067721
2024-12-30,14704.0,15088.900390625,13973.5498046875,14310.900390625,141944,0.0,-0.025637520446379125,0.31510402947269767,-0.03916826307520248,54627.6,11362.17972668089,0.07467832498352722,0.9114931376746391,-0.08136208120112183,75.7504349013546
2024-12-31,14400.0,14733.9501953125,14110.0,14412.2001953125,50499,0.0,0.007078506727212108,0.29860607334163236,-0.03916826307520248,53617.7,11392.528189055334,0.06053162783177335,0.9125381511012297,0.023705165842564758,76.09987122582146
2025-01-01,14412.2001953125,15685.7001953125,14297.7001953125,15428.5,115862,0.0,0.07051663111216344,0.3643403973780635,-0.03916826307520248,56918.4,11432.68711254732,0.09960478693413055,0.8628226988861927,0.19354600720691065,80.69931166435705
2025-01-02,15325.0,15473.400390625,14901.0,15169.25,64973,0.0,-0.01680331853388206,0.3738925170615188,-0.03916826307520248,57091.95,11469.86684277073,0.0583960848376035,0.8876671568819322,-0.044941573627967454,73.66636320212035
2025-01-03,15294.349609375,15412.900390625,15100.0,15131.400390625,45266,0.0,-0.0024951536414127284,0.36995261599159684,-0.03916826307520248,55561.8,11506.300012401121,0.030226498773366917,0.9005678382223845,-0.006744522044477673,75.46860597542445
2025-01-06,15131.400390625,15223.900390625,14634.900390625,14766.650390625,49734,0.0,-0.02410550184277649,0.3774172776601557,-0.03916826307520248,55278.0,11538.741309696883,0.0318463540070868,0.9319268205580962,-0.06386962820972371,68.17612230010583
2025-01-07,14782.4501953125,14950.0,14490.25,14712.0498046875,35982,0.0,-0.0036975606852698295,0.3802576041935344,-0.03916826307520248,54703.05,11570.316518602263,0.020805262576946815,0.9430636949317228,-0.009723830759080959,67.13785272650902
2025-01-08,14708.0,14766.849609375,14202.650390625,14305.099609375,37249,0.0,-0.027661012619930037,0.39275093142922624,-0.03916826307520248,55466.0,11597.528290649754,-0.07281332537997864,0.9761964565193438,-0.07042888941085977,66.39633340111496
2025-01-09,14305.099609375,14450.0,13700.0,13833.650390625,31893,0.0,-0.032956723939274846,0.41635590989638466,-0.03916826307520248,55575.1,11619.778261793788,-0.08804651577203881,1.0137602644367103,-0.0791551707670604,57.65711778107155
2025-01-10,13866.0,13923.5,13214.75,13436.349609375,42080,0.0,-0.028719880149584265,0.431662393797934,-0.03916826307520248,54689.15,11637.853598585642,-0.11202206917346569,1.0448736417986946,-0.06653319792711983,51.23421879171774
2025-01-13,13236.349609375,13518.75,12550.0,12724.0498046875,42954,0.0,-0.053012896016824684,0.45346568488661104,-0.0406033277202911,54539.75,11648.661521034417,-0.13832524857731443,1.1023212148930264,-0.116906078264819,41.82896305179405
2025-01-14,12799.900390625,13640.0,12741.5498046875,13428.099609375,99738,0.0,0.05533221069506733,0.49192749281864706,-0.0406033277202911,57902.2,11666.367372659697,-0.08727201255826444,1.0454791011502669,0.11248041708996698,44.57785228314481
2025-01-15,13270.0,13399.0,12515.0,12672.0,78121,0.0,-0.056307268442298386,0.5292515909631793,-0.05317761463809837,60154.7,11676.373667459104,-0.1141620578653455,1.1057802643438783,-0.10639036016107535,36.196145874118585
2025-01-16,12983.25,13366.0,12810.0,13055.75,53888,0.0,0.030283301767676685,0.5404311980207716,-0.05317761463809837,60406.35,11690.098805096328,-0.056232474340408345,1.0740989624722346,0.05603544228799003,36.498134388721496
2025-01-17,13066.5,13317.0,12825.0498046875,12917.099609375,36438,0.0,-0.010619871751910037,0.5329728709240906,-0.0406033277202911,59459.6,11702.307768322982,-0.038645168896000004,1.0848402825711738,-0.019925726302428108,37.99399721640354
2025-01-20,13278.0,13278.0,12558.5,12906.5,48256,0.0,-0.0008205874147867442,0.5275090265983863,-0.0406033277202911,58263.15,11714.289780578476,0.014339003549427076,1.0841430659333475,-0.001555589303414133,36.824232574781384
2025-01-21,12900.0,13184.9501953125,12650.0,12873.5498046875,46451,0.0,-0.0025529923149187894,0.524637235573801,-0.0406033277202911,58051.7,11725.8247061915,-0.04129771306584096,1.0841368699371858,-0.00486620486146872,22.995208793223284
2025-01-22,12999.900390625,12999.900390625,11905.5,12110.2998046875,58478,0.0,-0.05928823141866324,0.5551720637816197,-0.05317761463809837,58760.55,11729.650329062108,-0.04432608864524146,1.1445346270732388,-0.1067925319348549,20.781153016908732
2025-01-23,11700.0498046875,12279.7998046875,11700.0498046875,11821.150390625,51133,0.0,-0.02387632170349574,0.541531471853325,-0.05317761463809837,58755.8,11730.560777435867,-0.09456366806770966,1.1619089129339641,-0.044090366864327005,19.829194785084013
2025-01-24,11869.7001953125,11954.150390625,11266.0,11410.900390625,66267,0.0,-0.034704744161393686,0.5385169969830989,-0.05317761463809837,59860.3,11727.38007706959,-0.11660506338875232,1.189325298196061,-0.06444502905454735,19.666082990239346
2025-01-27,11410.900390625,11552.0,10834.9501953125,10931.75,73552,0.0,-0.04199058568758185,0.5334387344363024,-0.05317761463809837,56440.7,11719.463359884818,-0.1530043001588347,1.225999038601722,-0.07871679011983712,18.264240697106487
2025-01-28,10920.0,10920.0,8801.0,9621.75,511391,0.0,-0.11983442724174997,0.6480819724477694,-0.05645631659111663,79485.3,11698.590590134721,-0.2525954265934839,1.3680247855607088,-0.1849062780439321,15.859569300959791
2025-01-29,9460.0,10700.0,9360.0498046875,10231.25,266916,0.0,0.0633460649050328,0.7024553378029706,-0.05645631659111663,87038.0,11683.990186252786,-0.15516129534300893,1.2611293811087356,0.0901780662687766,24.25753615340203
2025-01-30,11444.0,12277.5,11200.0,12277.5,583770,0.0,0.19999999999999996,0.9871403203840685,-0.05645631659111663,112977.85,11689.895756538828,0.03860450077150834,1.039164527018428,0.20260543900803402,43.29830895268792
2025-01-31,12550.0,14674.0,12280.0,12863.5498046875,649915,0.0,0.04773364322439422,1.005907802280116,-0.05645631659111663,143210.3,11701.573906271651,0.12730366266766913,0.9830062574612206,0.047453298047457446,50.81869087321005
2025-02-01,13000.0,13199.900390625,11801.0,12206.2998046875,162824,0.0,-0.05109398338555793,1.0177933536878423,-0.05645631659111663,148864.8,11706.596054514595,0.11659156170672591,1.0254485488770488,-0.0502007433025752,42.78995450613112
2025-02-03,11600.0,12088.0,11025.4501953125,11748.099609375,271683,0.0,-0.03753800927751594,1.0214767055995548,-0.05645631659111663,160649.85,11707.009025209723,0.2209940613064152,1.052828570013069,-0.036748766471375746,44.349233084102885
2025-02-04,12000.0,12445.0,11473.650390625,12029.349609375,207500,0.0,0.023940042164399156,1.0277353014113493,-0.05645631659111663,169162.4,11710.216394206393,0.1757458384239463,1.0187539484727053,0.023293976472914237,43.642611392089194
2025-02-05,12255.0,12367.099609375,11855.150390625,11925.349609375,78475,0.0,-0.008645521443565674,1.025174526618512,-0.05645631659111663,171491.5,11712.357023213044,-0.02868258119527589,1.0196373918872597,-0.008433219061490254,43.83075045988674
2025-02-06,11950.0,12625.5,11950.0,12283.9501953125,153233,0.0,0.030070446375474846,1.0281031819974575,-0.05645631659111663,177049.15,11718.044517462791,-0.04505751664006408,0.9851808424753941,0.0292484709798948,46.28809386455632
2025-02-07,12386.2998046875,12596.0,12200.2001953125,12274.0,78105,0.0,-0.0008100159276367425,1.0240930448108683,-0.05317761463809837,178806.7,11723.57641281142,0.005546332336233695,0.9841461554594569,-0.0007909593018247136,46.41539808312711
2025-02-10,12800.0,12800.0498046875,12020.0,12226.900390625,84663,0.0,-0.0038373480018738526,1.0075038798098697,-0.05317761463809837,178052.95,11728.584611595636,0.04075559428079045,0.9830250977089611,-0.0038087674307619944,50.76242420140156
2025-02-11,12226.9501953125,12276.099609375,11596.2001953125,11738.7998046875,77556,0.0,-0.0399202226519938,0.9954819414318113,-0.05317761463809837,178024.7,11728.686255307994,-0.02415340929663079,1.019924535779659,-0.040101402737213014,49.47518324341787
2025-02-12,11729.099609375,11790.0,11011.099609375,11716.75,107699,0.0,-0.0018783695994794014,0.9775497579055643,-0.05317761463809837,180715.25,11728.567486598462,-0.017492116894502696,1.016129894501995,-0.001921507897755299,52.050630987586864
2025-02-13,11750.0,12005.0,11627.400390625,11755.2001953125,66552,0.0,0.003281643400473655,0.970764890962153,-0.05317761463809837,182220.95,11728.83248867522,-0.04304397132786886,1.007864160018941,0.003380471829194817,55.86774561265304
2025-02-14,11787.7998046875,11867.25,11110.0498046875,11289.349609375,72367,0.0,-0.039629319637045635,0.9786946548747957,-0.05317761463809837,183426.5,11724.459524702084,-0.08022245320392696,1.0422909962324487,-0.040492015599283365,63.508077528673134
2025-02-17,11100.0,11282.0,10701.0,10865.349609375,95424,0.0,-0.0375575223259893,0.9851272584494158,-0.05317761463809837,185875.15,11715.911167335647,-0.11135698646027836,1.0737231530350477,-0.038124538350364216,55.29554745815432
2025-02-18,10974.5498046875,11238.0,10300.0,10494.099609375,154616,0.0,-0.03416825167592141,0.9896415748746229,-0.05317761463809837,190682.05,11703.753838400717,-0.1060330030345581,1.1040077627327411,-0.03452588512663417,29.32098345947645
2025-02-19,10495.0,11137.2998046875,10381.7998046875,10602.9501953125,141491,0.0,0.010372551242057604,0.9733726244010061,-0.05317761463809837,195199.95,11692.80056832024,-0.09506047365417036,1.0869293177449781,0.010656300450074459,20.52598206161983
2025-02-20,10450.0,11380.9501953125,10407.5498046875,11297.650390625,142450,0.0,0.06551951886179963,0.9999717435959431,-0.05317761463809837,199009.1,11688.868725756109,-0.03892318268386041,1.0195920853980114,0.06552136960487985,38.267475584885226
2025-02-21,11275.0,11623.0,11050.0,11567.099609375,128518,0.0,0.023850022742214927,0.9951853326252745,-0.05317761463809837,201757.4,11687.657092757292,0.024602834495385695,0.998587614217655,0.0239654079704381,47.543165336124474
2025-02-24,11249.9501953125,12018.2001953125,11160.0,11607.650390625,186590,0.0,0.003505700012917057,0.981984958142868,-0.05317761463809837,185517.35,11686.86100616891,0.0683181681157794,1.0036533690990772,0.0035700139275523166,43.87581788896256
2025-02-25,11650.0,11989.9501953125,11513.0,11797.900390625,103341,0.0,0.0163900525599614,0.871663209668124,-0.05317761463809837,177338.6,11687.965875665986,0.12424131938725247,0.9941082356252148,0.018803193928730554,48.19433667817355
2025-02-27,11760.099609375,11827.2998046875,11415.0,11565.25,73467,0.0,-0.019719643574027113,0.8562794400125264,-0.05317761463809837,151823.45,11686.744822176774,0.09075774071945819,1.0110267777528588,-0.023029448591506702,39.44082419916037
2025-02-28,11310.0,11584.099609375,11123.599609375,11284.349609375,76321,0.0,-0.024288311158427223,0.4967897159755269,-0.05317761463809837,123143.75,11682.740889711085,-0.0011773050846959343,1.029196881847041,-0.0488905262900379,36.53226243584105
2025-03-03,11297.599609375,11820.0,11085.9501953125,11754.75,100843,0.0,0.04168608798102036,0.4893099984765041,-0.05317761463809837,120044.7,11683.457398271174,0.016222769489502076,0.9860898735750441,0.08519361398474656,44.23848941836439
2025-03-04,11600.0,12342.849609375,11475.0,12187.349609375,133116,0.0,0.036802110582955905,0.4769154740884421,-0.05317761463809837,113116.35,11688.471251117979,0.04994113358360597,0.9528899074555889,0.07716694427168379,55.54867781778861
2025-03-05,12205.5,13300.0,12201.0498046875,13191.099609375,203286,0.0,0.0823599906601411,0.5342919599262382,-0.05317761463809837,112905.65,11703.422777070784,0.11808874228647337,0.8847852178381997,0.15414791031111943,64.67408081122664
2025-03-06,13447.400390625,13955.0,13272.4501953125,13613.0,277267,0.0,0.03198371652998144,0.5383938964105336,-0.05317761463809837,122845.25,11722.42354545814,0.17706059099457416,0.8635622170673253,0.05940579220745,67.17925442580481
2025-03-07,13543.7001953125,13639.2001953125,12900.0,13049.349609375,111677,0.0,-0.04140530306508483,0.5614314130398643,-0.05317761463809837,120767.45,11735.626789875223,0.15641131842757194,0.9037954215869536,-0.07374952908922744,65.98575133502104
2025-03-10,12800.0,13091.099609375,12600.7998046875,12714.7998046875,81163,0.0,-0.025637278079142733,0.5631081088001202,-0.05317761463809837,120920.35,11745.369804947983,0.08167334947042693,0.929309356291938,-0.045528162751002514,67.07567664186917
2025-03-11,12585.150390625,12842.599609375,12121.150390625,12169.599609375,116095,0.0,-0.04287918045799699,0.584426978373779,-0.05317761463809837,122491.95,11749.590997031833,-0.0014564282283611174,0.9707071524121565,-0.07336961042355725,64.98818564825233
2025-03-12,12169.9501953125,12335.400390625,11940.7001953125,12170.5498046875,106276,0.0,7.807942274196122e-05,0.5842409919354016,-0.05317761463809837,123927.95,11753.77964188413,-0.07736654523950293,0.9724051150305758,0.00013364249082708905,64.2989970869323
2025-03-13,12200.0,12429.9501953125,11927.2001953125,12033.5,95240,0.0,-0.01126077349724297,0.5675050728822033,-0.05317761463809837,123305.0,11756.562929029562,-0.11602879600381988,0.9847959764667387,-0.019842594959771243,57.47229683788906
2025-03-17,12033.4501953125,12900.0,11960.5498046875,12663.349609375,215600,0.0,0.0523413478518302,0.5935815993480205,-0.05317761463809837,130757.4,11765.585682067827,-0.029580018280963793,0.9393999392316194,0.08817885700556155,60.372802144517884
2025-03-18,12663.349609375,12663.349609375,12663.349609375,12663.349609375,0,0.0,0.0,0.5937657614701061,-0.05317761463809837,127139.05,11774.518656468896,-0.004046480959419618,0.9448250441303373,0.0,60.0663556520358
2025-03-19,12000.0,12050.75,11751.0,11800.25,143477,0.0,-0.06815729139595306,0.6275650958055558,-0.05645631659111663,129541.7,11774.774689737862,-0.030350185809767116,1.0178932542146881,-0.10860592911466121,50.019856241599335
2025-03-20,11900.0,12128.849609375,11811.099609375,11887.150390625,140469,0.0,0.007364283860511467,0.6101744985734006,-0.05645631659111663,128834.35,11775.892855915843,-0.023285670623799493,1.01631148047368,0.012069143756479274,52.789044386379466
2025-03-21,11961.5,12351.0,11851.2001953125,12059.7001953125,186687,0.0,0.014515657581280816,0.5938996308559302,-0.05645631659111663,131094.15,11778.716809541682,0.0021772713934018473,1.0078098721586366,0.024441263443703717,56.8464230062472
2025-03-24,12250.0,12535.0,12150.2001953125,12255.150390625,131842,0.0,0.016206886750673055,0.5946226856532498,-0.05645631659111663,130563.75,11783.457442189278,-0.03223469550645586,0.9956434252690634,0.027255748677517667,54.64408715055217
2025-03-25,12360.0498046875,12498.0,11974.0498046875,12141.599609375,100468,0.0,-0.009265555919808599,0.5581260922500497,-0.05645631659111663,129161.25,11787.021045842868,-0.04120157905249133,1.0073207242533138,-0.016601187227142936,49.548678693082756
2025-03-26,12200.0,12345.0,12120.5,12172.849609375,65913,0.0,0.0025737959581431102,0.5534492546784041,-0.05645631659111663,123127.4,11790.860136027268,0.031575569108705404,1.0070562987655514,0.004650464139000492,37.570042251760135
2025-03-27,12237.849609375,13275.0,11950.0,12947.9501953125,233784,0.0,0.06367453889683738,0.5920323330769907,-0.05645631659111663,129649.55,11802.373469950504,0.08923920113975492,0.9512121360908584,0.107552466755278,42.52610498137558
2025-03-28,12986.599609375,12986.599609375,12550.0,12653.650390625,117075,0.0,-0.02272945139949989,0.5987486094862686,-0.05645631659111663,131829.95,11810.843887071644,0.04925082594867192,0.9776362552246457,-0.03796159299540757,45.26653015794679
2025-04-01,12600.0,12653.5,12236.0,12280.5498046875,72223,0.0,-0.0294856088495955,0.6045533076350176,-0.05645631659111663,131625.05,11815.51757779419,0.002072550173021881,1.0113942445669015,-0.04877255320497079,44.852847211859334
2025-04-02,12337.599609375,12484.0,12235.0498046875,12433.7001953125,58221,0.0,0.012470971826240351,0.5965863353755402,-0.05645631659111663,129493.95,11821.668648615268,0.024057833838628362,1.001666817335604,0.020903884111511305,53.45112072314473
2025-04-03,12397.7001953125,12499.0,12253.150390625,12406.0,59503,0.0,-0.0022278320111773775,0.5820542589496484,-0.05645631659111663,125813.3,11827.482890917605,0.019153312339079465,1.004784573744559,-0.0038275331528753033,53.05537285719746
2025-04-04,12458.75,12490.5498046875,11990.099609375,12120.0498046875,83992,0.0,-0.02304934671227632,0.5754144211417226,-0.05645631659111663,119848.6,11830.394004487454,-0.06394065300967267,1.0240721062747025,-0.04005694933048932,51.081344820405505
2025-04-07,10400.0,11762.9501953125,10400.0,11520.849609375,86082,0.0,-0.04943875685071486,0.5169040527409254,-0.05645631659111663,110289.35,11827.313960754993,-0.08952363517876893,1.0682543240643025,-0.09564397035024616,35.61555141326278
2025-04-08,11775.0,11839.650390625,11406.5498046875,11666.099609375,68040,0.0,0.012607577125371305,0.5031771796089344,-0.05645631659111663,108107.5,11825.709837855691,-0.050034420696536186,1.0490254088242794,0.0250559393107025,37.88731659163971
2025-04-09,11700.5,11709.9501953125,11298.0,11353.4501953125,47287,0.0,-0.026799823808400514,0.4929768592410218,-0.05645631659111663,106413.7,11821.010736934864,-0.08688081448250251,1.071917982840603,-0.05436324801539073,43.7354604934128
2025-04-11,11650.0,12075.0,11519.0498046875,11979.2998046875,90524,0.0,0.055124177990704126,0.5306880311253713,-0.05645631659111663,105135.15,11822.585752534394,-0.034394663494478506,1.0151221389957923,0.10387303598138067,51.12239040280045
2025-04-15,12200.0,12844.0,12063.0,12574.0,100045,0.0,0.04964398629373923,0.5382810547120563,-0.05150369578721319,104823.6,11830.062511215645,0.037454482665321365,0.9687152020973337,0.09222688581901979,55.68010647270411
2025-04-16,12579.0,12893.0,12579.0,12695.0,78815,0.0,0.009623031652616465,0.5388436081865698,-0.05150369578721319,104002.35,11838.66885438763,0.10191526063056533,0.9620874321521761,0.017858672401098334,54.93907603490555
2025-04-17,12720.0,13350.0,12603.0,13206.0,119534,0.0,0.04025206774320589,0.5515940335471312,-0.05150369578721319,99199.05,11852.2741394186,0.13199787779863636,0.9269144684766867,0.07297407978584622,60.97274476599491
2025-04-21,13206.0,13517.0,13153.0,13453.0,87580,0.0,0.018703619566863505,0.5269857101228276,-0.05150369578721319,103578.05,11868.201759921898,0.18492614743264046,0.9128309663446351,0.03549170091839328,62.634847307221634
2025-04-22,13390.0,13857.0,13353.0,13802.0,88090,0.0,0.025942169032929563,0.5325042022724624,-0.05150369578721319,100808.7,11887.443533455014,0.15215415133022026,0.8970006151452236,0.04871730295281857,59.2034192556781
2025-04-23,13900.0,14094.0,13697.0,13910.0,73491,0.0,0.007824952905375993,0.46199739790996636,-0.049521518177457015,97459.8,11907.568473420637,0.10625099411484018,0.8973073307478883,0.01693722252853183,64.10503293781775
2025-04-24,13674.0,14050.0,13674.0,13924.0,55683,0.0,0.0010064701653487163,0.46267776083930756,-0.049521518177457015,90909.6,11927.632468709984,0.09680976762504923,0.903099681193443,0.002175315584154729,70.06924149422794
2025-04-25,13924.0,13979.0,13360.0,13499.0,88270,0.0,-0.03052283826486646,0.4805960460677069,-0.049521518177457015,88731.0,11943.267966533767,0.02218688474935626,0.9361398949111972,-0.06351038024449865,62.19911426340532
2025-04-28,13414.0,14000.0,13389.0,13961.0,56019,0.0,0.03422475738943631,0.4894755254706842,-0.049521518177457015,86508.55,11963.344902190147,0.03776109417973683,0.9116769902541006,0.06992128290237319,66.19589349607412
2025-04-29,14050.0,14440.0,13962.0,14391.0,66435,0.0,0.030800085953728296,0.49270272123214026,-0.043207159277632884,86534.65,11987.50067430766,0.04267497464135639,0.89214300468826,0.0625125131267369,72.96371294443705
2025-04-30,14415.0,14900.0,14299.0,14529.0,95157,0.0,0.009589326662497344,0.4922239470055439,-0.043207159277632884,79603.3,12012.789224812062,0.0445003594536304,0.8891102258037804,0.019481633362248844,83.54727848606869
2025-05-02,14530.0,14975.0,14510.0,14719.0,75503,0.0,0.013077293688485092,0.4507608734989873,-0.043207159277632884,77524.7,12039.716695211944,0.057095662166044336,0.8846490896916825,0.029011598315661018,83.70987276519782
2025-05-05,14974.0,15000.0,14435.0,14574.0,81434,0.0,-0.009851212718255287,0.44236586423194474,-0.043207159277632884,77985.25,12064.933444513319,0.07963552855767086,0.9013189557388156,-0.022269377662459608,86.92825387502829
2025-05-06,14650.0,14868.0,14304.0,14413.0,81913,0.0,-0.011047070124879932,0.42750273013810247,-0.041478996934730436,79169.85,12088.29729083657,0.03237590430484927,0.9182534830480729,-0.02584093407520905,81.23572237429087
2025-05-07,14328.0,14900.0,14152.0,14680.0,91027,0.0,0.018524942760008267,0.4288132691960999,-0.041478996934730436,80746.05,12114.085377494914,0.02008199569175173,0.9092975102978117,0.04320048762187856,79.51233183544514
2025-05-08,14680.0,15194.0,14495.0,14667.0,81165,0.0,-0.0008855585831062385,0.4284236270921758,-0.041478996934730436,80604.7,12139.48751304223,0.009498244889531327,0.9187860476537465,-0.0020670161644599215,78.49710982341341
2025-05-09,14499.0,15189.0,14240.0,15080.0,81656,0.0,0.028158450944296698,0.41772576260043265,-0.041478996934730436,80383.4,12168.746343758228,0.02452612269855292,0.905423904540368,0.06740893856992422,77.87031528527606
2025-05-12,15596.0,16151.0,15301.0,15864.0,97231,0.0,0.051989389920424456,0.3794821731615524,-0.041478996934730436,81842.95,12205.515036855162,0.08851379168382056,0.8739086926374181,0.13700087178609816,80.9181841468765
2025-05-13,15849.0,16150.0,15734.0,15975.0,100316,0.0,0.006996974281391788,0.38053929343100423,-0.041478996934730436,84494.4,12243.02234992128,0.10837438423645329,0.8823014078393975,0.018386995031277796,79.6776836899331
2025-05-14,16115.0,16979.0,15939.0,16735.0,174498,0.0,0.04757433489827867,0.363576233385898,-0.041478996934730436,88693.1,12287.718644946941,0.1399863760217983,0.8564415894831192,0.1308510546652618,82.74982610443195
2025-05-15,16880.0,16950.0,15427.0,15570.0,232253,0.0,-0.06961458022109357,0.45278530767354885,-0.043207159277632884,95303.5,12320.378160917619,0.061566782573123424,0.9301445086705202,-0.15374743284252118,65.06222547417482
2025-05-16,15900.0,16110.0,15516.0,15803.0,123233,0.0,0.014964675658317272,0.43287567885966655,-0.043207159277632884,97524.4,12355.031114540328,0.04794429708222814,0.926264000506233,0.03457037676968885,71.85128983117238
2025-05-19,15998.0,16295.0,15870.0,15990.0,82597,0.0,0.011833196228564269,0.4328354047810956,-0.043207159277632884,95677.55,12391.199959171769,0.007942511346444858,0.9241369606003753,0.02733878935148791,70.30218130681563
2025-05-20,16095.0,16232.0,15750.0,15888.0,85861,0.0,-0.006378986866791725,0.42372600414010736,-0.043207159277632884,95591.6,12425.993989428765,-0.005446009389671325,0.937732880161128,-0.015054508465185896,66.03127007726614
2025-05-21,15970.0,16800.0,15870.0,16601.0,102949,0.0,0.04487663645518625,0.4405012505812452,-0.043207159277632884,96334.55,12467.536337792659,-0.008007170600537794,0.9058881995060538,0.10187629519146243,69.75591151606297
2025-05-22,16600.0,17551.0,16566.0,17320.0,204360,0.0,0.04331064393711226,0.4521610975454743,-0.043207159277632884,102878.0,12515.819558312134,0.11239563262684649,0.8781264434180138,0.09578586750245091,72.52728217388639
2025-05-23,17311.0,17725.0,16974.0,17156.0,108761,0.0,-0.009468822170900726,0.4577503576044383,-0.043207159277632884,105531.9,12561.99050798067,0.08561665506549399,0.8959401958498484,-0.020685558857012523,72.28936463913665
2025-05-26,17156.0,17200.0,16240.0,16339.0,126082,0.0,-0.047621823268827246,0.49946701699278273,-0.04771266994792163,107422.5,12599.572691980864,0.02182614133833649,0.949430809719077,-0.0953452794582882,64.93486352216331
2025-05-27,16430.0,17407.0,16420.0,17302.0,179472,0.0,0.0589387355407307,0.5083198672670862,-0.04771266994792163,113595.15,12646.363013453692,0.08899798590130925,0.9062420529418563,0.11594812277970895,68.35106382844776
2025-05-28,17301.0,18550.0,17282.0,18327.0,342667,0.0,0.05924170616113744,0.5288387707750165,-0.04771266994792163,127406.75,12702.886764563606,0.10396964038310941,0.866295629399247,0.11202224253357204,72.43746934647606
2025-05-29,18500.0,19185.0,18300.0,18959.0,277122,0.0,0.0344846401484149,0.5305026049974011,-0.04771266994792163,136505.0,12765.136647503272,0.09463048498845272,0.8491006909647133,0.06500371378675265,73.15820895400094
2025-05-30,19165.0,19729.0,18751.0,19298.0,179048,0.0,0.017880689909805403,0.5304613102507229,-0.04771266994792163,141682.25,12830.140262951001,0.12485427838657026,0.8460488133485334,0.03370781096980659,71.65195460150929
2025-06-02,19280.0,19524.0,19049.0,19221.0,133693,0.0,-0.003990050782464505,0.5341747896833998,-0.04771266994792163,144295.2,12893.730907100744,0.1763877838300998,0.8615264554393632,-0.007469560123070891,70.55471124494963
2025-06-03,19200.0,19699.0,19057.0,19482.0,121672,0.0,0.013578898080224722,0.5274880356759765,-0.04771266994792163,146283.15,12959.285823448,0.125996994567102,0.8629940457858535,0.02574257026587844,68.56833851431668
2025-06-04,19503.0,20190.0,19500.0,19801.0,163477,0.0,0.016374088902576744,0.5192795428505731,-0.04771266994792163,149905.65,13027.362581423642,0.08042778414361318,0.8620221200949447,0.03153231975472857,82.2927797265271
2025-06-05,19957.0,20298.0,19345.0,19515.0,116740,0.0,-0.014443714963890741,0.5295183669809245,-0.04771266994792163,151684.4,13091.916187578632,0.029326441267999437,0.8870766077376376,-0.027277079685585803,78.1041792836259
2025-06-06,19660.0,19750.0,18025.0,18203.0,152974,0.0,-0.06723033563925185,0.5986641304083037,-0.050328335790141704,155250.3,13142.772742926109,-0.05674163125712506,0.9595918255232654,-0.11230058909725092,64.31621166916752
2025-06-09,18265.0,18441.0,17802.0,18141.0,140612,0.0,-0.0034060319727517996,0.5972633458790843,-0.050328335790141704,157419.35,13192.50634747411,-0.05618854378024041,0.9691472355437958,-0.005702730527873451,64.65079984275573
2025-06-10,18145.0,18252.0,17711.0,17855.0,97546,0.0,-0.01576539330797644,0.5824916358946561,-0.050328335790141704,157280.85,13238.899319141035,-0.08351298634637105,0.9899355922710725,-0.027065441056690478,58.63398512693352
2025-06-11,17880.0,18284.0,17453.0,17534.0,106004,0.0,-0.017978157378885418,0.5885048892137547,-0.050328335790141704,153856.15,13281.636639348588,-0.11448916721377711,1.0103370594273982,-0.03054886612312713,51.558857807806206
2025-06-12,17650.0,17716.0,16875.0,17034.0,137928,0.0,-0.028516026006615736,0.5782532896750717,-0.050328335790141704,149139.9,13318.97358821079,-0.12713297463489626,1.0442908301044969,-0.04931407399255529,49.15277777682203
2025-06-13,16925.0,17840.0,16721.0,17780.0,143418,0.0,0.04379476341434785,0.534355761906162,-0.050328335790141704,150149.15,13363.361910716156,-0.023237927814096615,1.00603487064117,0.08195806186975861,60.10660681604504
2025-06-16,17780.0,17806.0,17415.0,17589.0,75609,0.0,-0.010742407199100135,0.5368695433952138,-0.050328335790141704,149799.75,13405.408060858284,-0.030428311559450916,1.0215049178463813,-0.020009343296084003,52.25735409669404
2025-06-17,17675.0,18750.0,17646.0,18654.0,198282,0.0,0.06054920689067034,0.5694659926946841,-0.050328335790141704,155420.8,13457.63285627263,0.044749369924390825,0.9705987991851613,0.10632628919751938,52.55588557021137
2025-06-18,18700.0,18850.0,18262.0,18461.0,95397,0.0,-0.010346306422215124,0.5708901086435659,-0.04771266994792163,155043.2,13507.417603971411,0.052868712216265434,0.9857835436866909,-0.018123113510526215,45.820745215438926
2025-06-19,18461.0,19275.0,18280.0,18397.0,216466,0.0,-0.003466767780726965,0.5556757969803007,-0.04771266994792163,155648.5,13556.070165125926,0.08001643771280964,0.9921400228298093,-0.006238831594210228,42.07284884640327
2025-06-20,18489.0,19095.0,18076.0,18684.0,312376,0.0,0.015600369625482502,0.5399778224656717,-0.04771266994792163,165829.25,13607.094342587361,0.05084364454443202,0.9809890815671162,0.028890759374782797,45.443746817179345
2025-06-23,18684.0,19115.0,18512.0,18863.0,94467,0.0,0.009580389638193187,0.5379458010138282,-0.04771266994792163,164248.5,13659.391911317836,0.07243163340724323,0.9783703546625669,0.017809209481783505,44.673894337247575
2025-06-24,18965.0,19689.0,18920.0,19311.0,146476,0.0,0.023750198801887334,0.5057065327027779,-0.04771266994792163,162598.7,13715.626817672883,0.03522032807976849,0.960874631039304,0.046964389020859844,45.87542087433964
2025-06-25,19625.0,19709.0,19200.0,19636.0,89618,0.0,0.016829786132256164,0.47271907343037,-0.04771266994792163,149946.25,13774.536003566685,0.0636476897242837,0.9483041352617642,0.03560208741760081,51.011874894273014
2025-06-26,19636.0,19889.0,19333.0,19441.0,97163,0.0,-0.00993073945813816,0.43460898740158516,-0.04771266994792163,140948.3,13830.918729899357,0.05674838288851447,0.9590556041355898,-0.022849824825329167,62.7313862589917
2025-06-27,19776.0,20221.0,19380.0,19942.0,214655,0.0,0.025770279306620125,0.4276913450806228,-0.04771266994792163,142728.65,13891.72550870633,0.06733033611646322,0.9365760706047538,0.060254384383715796,66.9873608735374
2025-06-30,19942.0,20699.0,19857.0,20007.0,153588,0.0,0.0032594524119948787,0.42416126293930423,-0.04771266994792163,143723.4,13952.574011107261,0.060647829083390725,0.9354975758484531,0.007684464895646646,71.18110236024305
2025-07-01,20050.0,20300.0,18960.0,19290.0,149442,0.0,-0.03583745689008844,0.4437789992331201,-0.04771266994792163,145111.9,14005.682727414653,-0.001087463103930375,0.9697719025401763,-0.08075518702882763,66.03360116704808
2025-07-02,19390.0,20100.0,19370.0,19960.0,136014,0.0,0.034733022291342674,0.457447763214231,-0.04771266994792163,143738.75,14064.929665450329,0.016500305561214068,0.9376177354709418,0.07592784209505066,75.91215019294586
2025-07-03,20050.0,20220.0,19530.0,19760.0,87861,0.0,-0.01002004008016033,0.45580607036715276,-0.04771266994792163,142294.8,14121.597031963262,0.01640862095571216,0.9477277327935222,-0.021983120699243783,69.41176470397693
2025-07-04,19915.0,20245.0,19740.0,19965.0,111545,0.0,0.010374493927125528,0.453798358527029,-0.03642667520902537,140223.35,14179.740345078055,0.001153344699629022,0.9424092161282245,0.02286146149180703,73.23034806213292
2025-07-07,19965.0,20090.0,19420.0,19555.0,70691,0.0,-0.020535937891309808,0.3889091593820607,-0.03642667520902537,136727.3,14233.225515773796,-0.02259209276753138,0.9657836870365636,-0.05280394371760234,60.1031621420914
2025-07-08,19630.0,19925.0,19030.0,19115.0,89023,0.0,-0.022500639222705177,0.3988042333312137,-0.03642667520902537,136301.15,14281.800386263609,-0.009072058061171617,0.9913104891446509,-0.056420260313072984,56.94857628389868
2025-07-09,19235.0,19990.0,18960.0,19865.0,105929,0.0,0.03923620193565269,0.4118587175290746,-0.03642667520902537,136297.4,14337.354611275912,-0.004759519038076143,0.9597508180216462,0.0952661660736153,63.612759642265246
2025-07-10,19860.0,19915.0,19325.0,19475.0,85432,0.0,-0.01963251950667,0.41308048148046217,-0.03642667520902537,133672.6,14388.475460914959,-0.014423076923076872,0.9852374839537869,-0.047527104067074,57.197452227842106
2025-07-11,19480.0,19825.0,18500.0,18570.0,140806,0.0,-0.0464698331193838,0.435680076833468,-0.04652743262685597,133542.0,14430.082670259088,-0.06987227648384675,1.0353796445880452,-0.10666044770861005,47.645073138294435
2025-07-14,18655.0,18870.0,18340.0,18500.0,88450,0.0,-0.003769520732364029,0.41211306778164597,-0.04652743262685597,134184.05,14470.579360107256,-0.05395039631807719,1.0417594594594595,-0.009146811726176941,43.06007187985138
2025-07-15,18585.0,18960.0,18385.0,18435.0,89334,0.0,-0.0035135135135134776,0.41000556534852395,-0.04652743262685597,128736.65,14510.026331648478,-0.0355741564216584,1.044838622186059,-0.00856942862429816,39.244133977163855
2025-07-16,18560.0,18740.0,18380.0,18560.0,87334,0.0,0.0067805804176837015,0.35244474989267427,-0.04652743262685597,128333.5,14550.324577104713,-0.06569343065693434,1.0380684267241378,0.019238704016335807,42.009795028862435
2025-07-17,18715.0,19570.0,18600.0,19490.0,156294,0.0,0.050107758620689724,0.3902813066580817,-0.04652743262685597,125324.9,14599.475576337501,0.0007702182284980985,0.9913391482811699,0.1283888223237399,46.1965668114326
2025-07-18,19490.0,19780.0,19005.0,19075.0,81389,0.0,-0.021292970754232976,0.39872421764532096,-0.04652743262685597,113775.55,14644.008157667478,0.02719439956919767,1.0139318479685453,-0.053402751269917344,42.593769865549405
2025-07-21,19130.0,19550.0,18770.0,19260.0,96895,0.0,0.009698558322411621,0.3967113972721042,-0.04652743262685597,113896.95,14689.938424755364,0.041081081081081106,1.0052232606438214,0.024447389574959674,49.73958333212438
2025-07-22,19380.0,20150.0,19275.0,20115.0,175697,0.0,0.04439252336448596,0.4228444328461844,-0.04652743262685597,115358.0,14743.919136946854,0.09113100081366965,0.9644941585881183,0.10498547188104909,51.30361648323255
2025-07-23,20205.0,20525.0,19765.0,19870.0,91677,0.0,-0.012179965200099452,0.4193620485710211,-0.04652743262685597,115460.95,14794.924916678725,0.0705818965517242,0.9769753397081027,-0.029044032360969328,50.91819699380157
2025-07-24,19945.0,20200.0,19695.0,19780.0,79718,0.0,-0.00452944136889788,0.4161614383348291,-0.04652743262685597,114588.7,14844.5276538262,0.014879425346331354,0.9822775530839232,-0.010883856222197804,48.42553191373965
2025-07-25,19800.0,19870.0,19115.0,19330.0,85898,0.0,-0.0227502527805864,0.42259684149913784,-0.04652743262685597,108150.85,14889.15921945977,0.013368283093053712,1.0035618210036212,-0.05383441144883403,48.09805578922507
2025-07-28,19380.0,19650.0,18770.0,18880.0,84116,0.0,-0.023279875840662156,0.41914571716781646,-0.04652743262685597,104677.25,14928.86907797261,-0.019730010384215957,1.0244968220338984,-0.05554124575709064,48.016877635996224
2025-07-29,18860.0,19900.0,18800.0,19790.0,118530,0.0,0.048199152542372836,0.45407405860605665,-0.04652743262685597,103131.65,14977.23853988333,-0.016157096694009443,0.9786508337544214,0.10614821650207297,49.3837304836625
2025-07-30,20200.0,21350.0,19750.0,20825.0,314118,0.0,0.05229914098029309,0.46914657607747035,-0.04652743262685597,112036.85,15035.425221078522,0.048062405636638106,0.9320888355342137,0.11147718545191954,60.02971768077204
2025-07-31,20700.0,20700.0,19450.0,20095.0,263034,0.0,-0.03505402160864346,0.4739261148412043,-0.04652743262685597,120795.5,15085.769248729483,0.015925176946410602,0.9667827817865141,-0.0739651599083904,61.63234172255857
2025-08-01,20190.0,21385.0,19815.0,20550.0,219370,0.0,0.02264244837024143,0.47806977414858637,-0.04652743262685597,126186.75,15140.139703966004,0.06311433005690636,0.9468004866180049,0.0473622243467369,64.76945244826113
2025-08-04,20650.0,21300.0,20300.0,21200.0,155302,0.0,0.031630170316301776,0.48815917586933405,-0.04652743262685597,130417.3,15200.436821339477,0.12288135593220328,0.9216509433962264,0.0647947866841294,68.37209302198377
2025-08-05,21200.0,21650.0,20980.0,21345.0,131939,0.0,0.006839622641509502,0.4804612673972313,-0.04652743262685597,132563.1,15261.576753465453,0.07857503789792819,0.920613726868119,0.01423553356591254,68.45593107891533
2025-08-06,21350.0,21355.0,20305.0,20420.0,138080,0.0,-0.04333567580229558,0.5002874712357444,-0.04652743262685597,134170.65,15312.904347958334,-0.019447779111644636,0.9636753183153771,-0.08662154746557617,56.16710875227275
2025-08-07,20380.0,21090.0,20185.0,20710.0,134418,0.0,0.014201762977473109,0.4851175850075129,-0.04349238366814999,136619.95,15366.606792257258,0.030604628016919655,0.9531627233220666,0.029274887416221567,61.0249494256853
2025-08-08,20845.0,20900.0,20205.0,20295.0,105573,0.0,-0.02003862868179629,0.4853522584402477,-0.04349238366814999,134858.3,15415.64553064276,-0.012408759124087565,0.9769031781226903,-0.04128677248422764,56.76913014938552
2025-08-11,20380.0,20900.0,20020.0,20840.0,106590,0.0,0.026853904902685466,0.4580043264413836,-0.04349238366814999,135765.3,15469.619206954772,-0.016981132075471694,0.9569697696737044,0.05863242499260111,54.942058621991556
2025-08-12,20900.0,21800.0,20530.0,20695.0,215564,0.0,-0.006957773512476062,0.45898457154405825,-0.04349238366814999,142076.8,15521.613045691542,-0.03045209650972125,0.9691350567769993,-0.015159057171527626,55.701451277429406
2025-08-13,20845.0,21370.0,20800.0,21120.0,151392,6.0,0.020536361439961404,0.46042853103113385,-0.04349238366814999,145279.7,15577.318388520482,0.03428011753183147,0.9556936553030303,0.04460271162593448,58.85072655109127
2025-08-14,21120.0,21400.0,20330.0,20395.0,120422,0.0,-0.03432765151515149,0.48206850500914583,-0.04349238366814999,143486.1,15625.255518982965,-0.015210043457267064,0.9918852659965678,-0.07120907183598213,56.78776290529633
2025-08-18,20700.0,20790.0,19645.0,19775.0,146081,0.0,-0.030399607746996793,0.4674648422555812,-0.04349238366814999,146720.7,15666.546508843832,-0.025622074402562256,1.0247534766118838,-0.06503078809094325,55.5832813465026
2025-08-19,19875.0,20020.0,19450.0,19705.0,153989,0.0,-0.0035398230088495852,0.4607453741347898,-0.03621236783569879,149575.4,15706.730125671258,-0.054462571976967356,1.0295229637147931,-0.007682818169729119,49.40766550426243
2025-08-20,19800.0,20445.0,19780.0,20000.0,122261,0.0,0.014970819588936868,0.4622225137258965,-0.03621236783569879,146903.6,15749.449228898411,-0.033582991060642664,1.01405,0.032388771252987975,43.58974358879525
2025-08-21,20095.0,20320.0,19665.0,20090.0,118087,0.0,0.0044999999999999485,0.43626774000869073,-0.03621236783569879,148224.1,15792.638788809869,-0.04876893939393945,1.0100547536087605,0.010314766562301032,49.956859360311654
2025-08-22,20090.0,20390.0,19700.0,19875.0,103090,0.0,-0.010701841712294713,0.435764765469951,-0.03621236783569879,149392.7,15833.25929837395,-0.025496445207158658,1.0212201257861635,-0.024558758106947264,43.92439243813692
2025-08-25,20000.0,20040.0,19360.0,19450.0,95978,0.0,-0.021383647798742134,0.4420185466055921,-0.03621236783569879,149896.7,15869.246768041872,-0.01643489254108721,1.0438431876606684,-0.048377262626606216,33.58348968016854
2025-08-26,19540.0,20190.0,19130.0,19780.0,1850704,0.0,0.016966580976863765,0.43814734247495,-0.03621236783569879,238226.1,15908.159735524043,0.0038061405734584053,1.0287032355915067,0.03872345885699215,35.8114233898434
2025-08-28,19575.0,20010.0,19355.0,19590.0,146953,0.0,-0.009605662285136485,0.4309204310633231,-0.03621236783569879,239647.25,15944.794962036243,-0.020499999999999963,1.0381699846860644,-0.02229103419051998,41.31799163058902
2025-08-29,19790.0,19940.0,18875.0,19110.0,135354,0.0,-0.024502297090352232,0.4058057650976065,-0.03621236783569879,230709.05,15976.28953952842,-0.04878048780487809,1.059759288330717,-0.060379370117290256,33.90342052218381
2025-09-01,19200.0,19320.0,18851.0,18942.0,72116,0.0,-0.00879120879120876,0.3561839249526962,-0.03621236783569879,221163.15,16005.799096349032,-0.04694339622641508,1.066114982578397,-0.024681654416492133,35.676476814525785
2025-09-02,19070.0,19275.0,18692.0,18815.0,67579,0.0,-0.006704677436384698,0.3383978229893688,-0.03509319337271571,213573.6,16033.751344146554,-0.03264781491002566,1.06870050491629,-0.019813003461506606,26.480836236072633
2025-09-03,18950.0,19275.0,18940.0,19199.0,80666,0.0,0.02040924794047294,0.33635521092466203,-0.03509319337271571,209841.8,16065.246355647585,-0.02937310414560157,1.0421141726131569,0.06067766061239249,33.538732393332864
2025-09-04,19389.0,19420.0,18770.0,18925.0,78236,0.0,-0.014271576644616868,0.31359207565502173,-0.03509319337271571,207156.65,16093.701615790394,-0.03394589076059218,1.0508084544253633,-0.04551000263545181,25.017072614727425
2025-09-05,19040.0,19259.0,18710.0,18850.0,58438,0.0,-0.003963011889035695,0.31058298382012944,-0.03509319337271571,203174.55,16121.127470359645,-0.013605442176870763,1.0508249336870026,-0.012759912705751131,29.361474751773812
2025-09-08,18980.0,19030.0,18758.0,18851.0,30921,0.0,5.305039787795174e-05,0.2791452840679803,-0.03509319337271571,197999.7,16148.290381102335,-0.004804138950480374,1.045838417060103,0.00019004582561593308,35.211267604055834
2025-09-09,18940.0,18970.0,18627.0,18846.0,55484,0.0,-0.0002652379184128195,0.27189085476778774,-0.03509319337271571,195495.25,16175.133262882413,0.0016476215785277137,1.0422715695638332,-0.0009755308205715177,35.959463875438274
2025-09-10,18972.0,19863.0,18910.0,19675.0,117264,0.0,0.04398811418868731,0.3127141461248521,-0.03509319337271571,196028.95,16209.95780753035,0.02479295796656067,0.9953951715374841,0.14066556734682942,45.477317003516056
2025-09-11,19630.0,20285.0,19367.0,19450.0,99825,0.0,-0.01143583227445999,0.2970272403871556,-0.03509319337271571,190242.0,16242.197033326069,0.02774108322324964,1.0037095115681234,-0.03850095322753764,41.41630901132021
2025-09-12,19620.0,19990.0,19470.0,19911.0,80398,0.0,0.023701799485861264,0.3107035224248885,-0.03509319337271571,186692.3,16278.702535482029,0.05628647214854121,0.9774345838983477,0.076284293586495,50.45294413511237
2025-09-15,19911.0,20300.0,19854.0,20180.0,53200,0.0,0.013510120034152084,0.3052863755918771,-0.03509319337271571,183331.2,16317.521415725989,0.07050023871412647,0.963872646184341,0.04425392245369606,59.5599790444373
2025-09-16,20180.0,20293.0,19854.0,19978.0,66139,0.0,-0.010009910802775024,0.2836887878006773,-0.03509319337271571,179334.1,16353.944088206328,0.06006579645548138,0.9741265391931123,-0.0352848292931471,52.68292682726948
2025-09-17,20100.0,20450.0,19971.0,20109.0,76624,0.0,0.00655721293422773,0.2633105742247764,-0.03509319337271571,175465.85,16391.307828622186,0.022058449809402747,0.9687851210900591,0.024902959953292773,57.146791515284896
2025-09-18,20185.0,20272.0,19300.0,19379.0,95102,0.0,-0.036302153264707315,0.2930893330776895,-0.03586069170881938,174107.9,16421.036108934404,-0.0036503856041131266,1.0036766603023892,-0.12386036586490512,53.465601647130846
2025-09-19,19384.0,19680.0,18860.0,19025.0,104486,0.0,-0.018267196449765155,0.29340983550734695,-0.03586069170881938,173427.85,16446.946197402718,-0.04449801617196525,1.0195532194480945,-0.062258294087502754,51.02040816150901
2025-09-22,19117.0,19698.0,18849.0,19086.0,86939,0.0,0.0032063074901445,0.2930708009004165,-0.03586069170881938,172620.3,16473.205439219608,-0.054212091179385524,1.0142277061720633,0.010940384954385587,53.38665333479776
2025-09-23,19206.0,19520.0,18878.0,18995.0,98133,0.0,-0.004767892696217135,0.2916387927327168,-0.03586069170881938,172728.05,16498.297922411453,-0.049204124536990634,1.0178889181363517,-0.01634862251367438,47.24919093672737
2025-09-24,19089.0,19150.0,18850.0,18997.0,53592,0.0,0.00010529086601729354,0.28301002224637195,-0.03586069170881938,82872.45,16523.16062965114,-0.05529862250733497,1.0157209033005212,0.0003720393414380218,51.04772991642996
2025-09-25,19089.0,19295.0,18910.0,19203.0,49593,0.0,0.010843817444859738,0.27888508744027635,-0.035116428191446655,78004.45,16549.825698012824,-0.00908199597502446,1.0038171119095973,0.03888274255020729,54.94813568609679
2025-09-26,19260.0,19777.0,18955.0,19109.0,104379,0.0,-0.004895068478883546,0.277583811343241,-0.035116428191446655,76455.7,16575.290118928122,0.0044152431011825755,1.0087524203255012,-0.01763455973477158,53.52459016188704
2025-09-29,19300.0,19718.0,18951.0,19247.0,92371,0.0,0.0072217279815793844,0.26527614013945044,-0.035116428191446655,77468.45,16601.874296849237,0.008435502462537992,1.0023120486309556,0.027223434816070213,55.286053253957284
2025-09-30,19330.0,19330.0,17860.0,18001.0,184110,0.0,-0.06473736166675326,0.3478383225070493,-0.03665382939158673,83295.0,16615.795945636808,-0.05232956041063441,1.0694294761402143,-0.18611336249273586,30.118764844604115
2025-10-01,18050.0,18250.0,17638.0,18134.0,93564,0.0,0.007388478417865718,0.3489585771550745,-0.03665382939158673,83939.9,16630.90245364042,-0.04542822550929093,1.058649498180214,0.021172937677508236,34.02136959573507
2025-10-03,18500.0,18550.0,18035.0,18223.0,76312,0.0,0.004907907797507383,0.34071849800680964,-0.03665382939158673,83843.7,16646.744220270866,-0.05103369265218971,1.0515529824946497,0.014404582322863695,27.4693005862665
2025-10-06,18270.0,18407.0,18080.0,18203.0,45512,0.0,-0.0010975141304944147,0.33791068978802796,-0.03665382939158673,83197.4,16662.229352407474,-0.04741221413993402,1.0509311651925506,-0.003247941338297034,21.732913925352406
2025-10-07,18248.0,18510.0,17438.0,17547.0,143978,0.0,-0.03603801571169585,0.35834899514457264,-0.03665382939158673,88850.25,16671.03304044322,-0.08832545331740016,1.0865048156380008,-0.10056680831904818,19.235636547027852
2025-10-08,17650.0,18193.0,17549.0,17794.0,101548,0.0,0.014076480310024397,0.36319261754964527,-0.03605122258934642,91153.45,16682.206841035826,-0.011499361146602993,1.0684668989547037,0.03875761577263918,21.539218096135855
2025-10-09,17916.0,18031.0,17557.0,17731.0,46209,0.0,-0.003540519276160503,0.36311693334556067,-0.03605122258934642,87600.7,16692.64259386134,-0.02222344766736517,1.066781343409847,-0.009750355473749304,25.764705881292045
2025-10-10,17780.0,17995.0,17565.0,17645.0,49541,0.0,-0.004850262252552029,0.3210626370000577,-0.03605122258934642,85086.5,16702.11878695725,-0.031718158371288996,1.066865967696231,-0.015106902960751947,27.969348657753613
2025-10-13,17600.0,17821.0,17331.0,17786.0,63312,0.0,0.007990932275432128,0.32318084074921083,-0.03605122258934642,84232.2,16712.90367464922,-0.022908311816733473,1.052434499044192,0.024725884150955193,29.76338729633659
2025-10-14,17850.0,17974.0,17266.0,17451.0,76630,0.0,-0.0188350387945575,0.31050486762613183,-0.03605122258934642,85403.7,16720.24791669251,-0.00547102068729699,1.0648186350352415,-0.060659397490161554,27.66203703591647
2025-10-15,17500.0,17525.0,17081.0,17488.0,78055,0.0,0.0021202223368288475,0.3038900811767841,-0.03605122258934642,85999.5,16727.88724090453,-0.017196807912779555,1.055446591948765,0.006976938039073593,28.387281580070407
2025-10-16,17487.0,17795.0,17320.0,17700.0,80544,0.0,0.012122598353156544,0.3103773231208601,-0.03605122258934642,86195.5,16737.560004676623,-0.0017483503468501693,1.036,0.03905761490783877,28.51015155733731
2025-10-17,17750.0,17785.0,17372.0,17439.0,60909,0.0,-0.014745762711864452,0.3086651454711067,-0.03605122258934642,84485.85,16744.53950711765,-0.011674695381127753,1.045943001318883,-0.04777268327990706,27.210698688916622
2025-10-20,17499.0,17699.0,17358.0,17452.0,42535,0.0,0.000745455588049726,0.2898137582172411,-0.03605122258934642,81388.3,16751.578915007027,-0.018778814798155907,1.0406572312628926,0.0025721883147074675,24.639728735956595
2025-10-21,17600.0,17600.0,17417.0,17467.0,4432,0.0,0.0008595003438001125,0.28617568445698,-0.03605122258934642,77262.95,16758.69753276815,0.0009168529024123906,1.0351291005896832,0.003003400919253535,38.431542458673995
2025-10-23,17471.0,17574.0,17016.0,17075.0,81981,0.0,-0.02244231980305722,0.29188532351365515,-0.03605122258934642,76455.35,16761.844820999315,-0.02361619396157366,1.0532708638360175,-0.07688745279833428,29.37280872453752
2025-10-24,17160.0,17248.0,16731.0,16767.0,72071,0.0,-0.018038067349926745,0.2952824257444199,-0.03605122258934642,77379.3,16761.896116312753,-0.05271186440677966,1.0659688674181427,-0.06108750527085024,23.869346732468884
2025-10-27,16850.0,16913.0,16608.0,16655.0,115095,0.0,-0.00667978767817734,0.2945204321059097,-0.03605122258934642,80654.4,16760.832473364368,-0.04495670623315562,1.0654878414890423,-0.02268021747629757,23.106323834873223
2025-10-28,16735.0,17185.0,16614.0,16956.0,103404,0.0,0.018072650855598837,0.30075208010178683,-0.03605122258934642,80605.65,16762.774438803528,-0.028420811368324528,1.0402246992215145,0.06009152205553189,38.287752673261885
2025-10-29,17020.0,17595.0,16860.0,17482.0,100160,0.0,0.031021467327199792,0.3266346983781546,-0.03605122258934642,80995.1,16769.930912049265,0.0008587622373619208,1.003878274796934,0.09497296683880063,44.432548177651476
2025-10-30,17500.0,18045.0,17350.0,17933.0,128504,0.0,0.025797963619723197,0.3407270325926386,-0.03605122258934642,78214.8,16781.503738795043,0.05024890190336739,0.9784419784754365,0.07571445877445761,53.16614419829365
2025-10-31,17920.0,18178.0,17700.0,17778.0,104419,0.0,-0.00864328333240394,0.25841556123629683,-0.03605122258934642,78757.55,16791.419124478674,0.060297011987833216,0.985971425357183,-0.0334472233660427,52.04050321961163
2025-11-03,17805.0,18100.0,17280.0,17919.0,146346,0.0,0.007931150860614133,0.25863016555574064,-0.03605122258934642,82259.25,16802.638834682864,0.07589312518763136,0.9773648083040349,0.0306659918687825,52.04050321961163
2025-11-04,19210.0,20639.0,18670.0,20457.0,1237485,0.0,0.14163736815670513,0.5564706109923049,-0.03441316972497871,141857.9,16839.000637322835,0.2064755838641188,0.8616170503983965,0.2545280250449444,77.51739289438805
2025-11-06,20305.0,20556.0,20076.0,20207.0,176282,0.0,-0.012220755731534472,0.559601009745662,-0.03441316972497871,143473.1,16872.51306879226,0.15587461388857116,0.8788588113030137,-0.02183833713721392,73.95594713473942
2025-11-07,20020.0,20939.0,19914.0,20863.0,289064,0.0,0.03246399762458552,0.5456091616800335,-0.03441316972497871,152848.9,16912.219406416218,0.1633859365415713,0.8585797823898768,0.05950046170342545,75.84572642415127
2025-11-10,20970.0,21550.0,20952.0,21297.0,216386,0.0,0.02080237741456159,0.5469242899732564,-0.03441316972497871,161357.75,16955.84906406382,0.1979412757340533,0.8494553223458703,0.03803520416916708,80.65797838345644
2025-11-11,21300.0,22069.0,21255.0,21854.0,229187,0.0,0.026153918392261888,0.5479339854603417,-0.03441316972497871,170340.05,17004.586884321892,0.21959930799709815,0.8374347945456209,0.047731877578227125,82.1971913382815
2025-11-12,21968.0,22090.0,21625.0,22018.0,142206,0.0,0.0075043470302920134,0.5452273523273805,-0.03441316972497871,174284.75,17054.47159194058,0.07630639878770107,0.8408075211190844,0.013763702170519544,82.57695060679158
2025-11-13,21950.0,21992.0,21366.0,21415.0,129322,0.0,-0.027386683622490637,0.561324850679543,-0.030681528145231743,176919.35,17097.85993430933,0.05978126391844407,0.8737380340882558,-0.04878936519814242,80.15564202178686
2025-11-14,21380.0,21619.0,21315.0,21466.0,62139,0.0,0.0023815082885827454,0.5526027595104589,-0.027819250226950896,176123.55,17141.324014564958,0.028902842352489966,0.8809279791297866,0.004309620617161368,83.85934572535808
2025-11-17,21575.0,21763.0,21416.0,21474.0,63502,0.0,0.00037268238144050336,0.5529677204599082,-0.027819250226950896,175271.45,17184.435218400136,0.0083110297224962,0.8893871658750117,0.0006739676854751363,85.25237746716381
2025-11-18,21474.0,21636.0,21126.0,21415.0,80940,0.0,-0.0027475086150693384,0.5547692589046413,-0.027819250226950896,176273.0,17226.530390356354,-0.02008785577011074,0.9011207097828625,-0.004952524894708261,83.81616866195446
2025-11-19,21400.0,21700.0,21226.0,21624.0,76408,0.0,0.009759514359094057,0.5476351450856524,-0.027819250226950896,177966.65,17270.286306870225,-0.017894449995458306,0.9020578986311505,0.017821197686930138,82.99872530088913
2025-11-20,21700.0,22450.0,21690.0,22397.0,186683,0.0,0.03574731779504248,0.5529143915342808,-0.027819250226950896,187079.2,17321.29838341878,0.045855708615456514,0.8819306157074608,0.06465253517695928,83.82843285666324
2025-11-21,22239.0,22325.0,21470.0,21563.0,101928,0.0,-0.03723712997276418,0.5781858465648372,-0.03605122258934642,188076.55,17363.50436965342,0.004518773874965021,0.9264480823633076,-0.06440339131434365,76.00659612331442
2025-11-24,21563.0,21724.0,21227.0,21542.0,185041,0.0,-0.0009738904605111065,0.5673720361301378,-0.03605122258934642,193725.05,17405.08144060214,0.003166620098724149,0.9384342215207502,-0.001716493555073254,75.31088444731822
2025-11-25,21480.0,21799.0,21326.0,21742.0,61863,0.0,0.00928418902608863,0.5571294175246718,-0.03605122258934642,191063.45,17448.234859103613,0.015269670791501211,0.9415003219575016,0.016664330705592624,63.33264162505363
2025-11-26,21740.0,22280.0,21551.0,22204.0,81145,0.0,0.0212491951062459,0.5530834460371481,-0.03605122258934642,189950.5,17495.555905281686,0.026822049574546813,0.9337281570888128,0.038419509523023386,69.8469489147727
2025-11-27,22204.0,22273.0,21752.0,21798.0,58001,0.0,-0.01828499369482972,0.5642132013011006,-0.03605122258934642,187842.55,17538.366294283856,-0.02674465330178144,0.9610193595742729,-0.032407950272315876,59.77828905911546
2025-11-28,21861.0,22170.0,21809.0,22056.0,61973,0.0,0.0118359482521333,0.5602209558821567,-0.03605122258934642,184516.0,17583.317873445212,0.022863237953902438,0.9591245012694959,0.02112728543369619,58.24104234350624
2025-12-01,22160.0,22450.0,22125.0,22185.0,77308,0.0,0.005848748639825985,0.5581481097560153,-0.03605122258934642,183160.45,17629.10575530148,0.029848667718874733,0.9634798287130945,0.010478846802140377,53.96217380714514
2025-12-02,22090.0,22810.0,22050.0,22755.0,196298,0.0,0.02569303583502358,0.5557947326851492,-0.03605122258934642,185658.05,17680.109678134304,0.04659184987581644,0.9499714348494835,0.04622756183496029,58.04058476802844
2025-12-03,22700.0,22840.0,21630.0,21850.0,152935,0.0,-0.039771478795869064,0.5844251720777043,-0.03634890210011016,131430.55,17721.60112412302,-0.01594307332012246,0.9925057208237986,-0.0680523016726906,54.45240532085499
2025-12-04,21805.0,21805.0,20000.0,20085.0,352238,0.0,-0.08077803203661327,0.44489283273165514,-0.037363847413919425,140228.35,17745.117530848165,-0.0785851913019543,1.0794199651481207,-0.18156738944289097,39.53629337694574
2025-12-05,20105.0,20395.0,19220.0,19305.0,265846,0.0,-0.03883495145631066,0.462921739530294,-0.03888177782328858,139067.45,17760.63874944669,-0.12472796517954299,1.118997668997669,-0.08389096320428831,35.28693528626508
2025-12-08,19395.0,19665.0,18525.0,19040.0,237102,0.0,-0.013727013727013682,0.4472862514216796,-0.03888177782328858,140103.25,17773.368712138767,-0.14176245210727967,1.1286449579831934,-0.03068954920140622,34.32757027784005
2025-12-09,19045.0,19700.0,18670.0,19500.0,218199,0.0,0.024159663865546133,0.4497721957200104,-0.03888177782328858,139553.85,17790.549122963257,-0.1430454845088991,1.0959846153846153,0.05371533313596053,36.4333162998083
2025-12-10,19500.0,19655.0,18845.0,18980.0,91658,0.0,-0.026666666666666616,0.4426140998973974,-0.03888177782328858,137026.45,17802.38445507308,-0.13135011441647593,1.118008429926238,-0.06024811697224978,27.445544553948196
2025-12-11,18920.0,19300.0,18755.0,19230.0,117735,0.0,0.013171759747102163,0.44527075775099073,-0.03888177782328858,136447.1,17816.58958487335,-0.042569081404032816,1.0977925117004679,0.02958146076741382,33.314261192295234
2025-12-12,19340.0,19645.0,19285.0,19535.0,65567,0.0,0.015860634425377107,0.4443524145762741,-0.03888177782328858,136618.5,17833.688195969138,0.01191401191401198,1.0757102636293832,0.035693817672991214,36.20618556631355
2025-12-15,19520.0,19600.0,19150.0,19535.0,47306,0.0,0.0,0.44399901612240145,-0.03888177782328858,135808.7,17850.616671631138,0.025997899159663884,1.0707473765037112,0.0,34.40282685444291
2025-12-16,19535.0,19535.0,19170.0,19320.0,54069,0.0,-0.011005886869721038,0.4443052159434307,-0.03888177782328858,134465.15,17865.237401266648,-0.009230769230769265,1.0772412008281573,-0.024771004766714844,28.88107791387766
2025-12-17,19320.0,19585.0,19055.0,19150.0,74571,0.0,-0.008799171842650111,0.44447514098940727,-0.03888177782328858,134373.3,17878.02110871673,0.008956796628029506,1.0803446475195821,-0.01979676889262098,29.915048543053985
2025-12-18,19200.0,19245.0,18105.0,18160.0,157768,0.0,-0.05169712793733683,0.46918642501128055,-0.04036776125294245,132927.55,17880.826868829005,-0.05564222568902755,1.1275743392070485,-0.11018461762666665,23.402512287919677
2025-12-19,18265.0,18640.0,17955.0,18555.0,154124,0.0,0.021751101321585864,0.4550916165297553,-0.04036776125294245,135537.35,17887.535059188915,-0.05016636805733299,1.0954648342764752,0.04779499347734913,26.086956521257946
2025-12-22,18555.0,19020.0,18360.0,18710.0,71282,0.0,0.008353543519266982,0.44615908326605275,-0.04036776125294245,129849.4,17895.718789943257,-0.04223189147683648,1.078821485836451,0.01872323941246136,21.811846689469874
2025-12-23,18750.0,18765.0,18360.0,18465.0,62774,0.0,-0.013094601817210005,0.4462948001919388,-0.04036776125294245,129894.95,17901.383279595564,-0.044254658385093126,1.0842621175196319,-0.029340699282562544,24.02148887131804
2025-12-24,18590.0,18795.0,18325.0,18420.0,61290,0.0,-0.002437043054427268,0.4427635089032571,-0.04036776125294245,128902.2,17906.543644972724,-0.03812010443864233,1.0766395222584149,-0.005504164074908251,32.63816475400013
2025-12-26,18475.0,18595.0,18085.0,18350.0,61013,0.0,-0.003800217155266017,0.4306172658262987,-0.04036776125294245,129052.8,17910.956146017772,0.010462555066079293,1.071351498637602,-0.00882504573922143,38.31089351153892
2025-12-29,18480.0,18515.0,18135.0,18390.0,83198,0.0,0.0021798365122616126,0.4306995564712663,-0.03888177782328858,130114.05,17915.722751530033,-0.008892481810832686,1.0590538336052202,0.005061153253812338,41.58031087932092
2025-12-30,18385.0,18385.0,17780.0,18110.0,175774,0.0,-0.015225666122892889,0.4254005247280356,-0.03888177782328858,135037.35,17917.655858479986,-0.032068412613575625,1.0641772501380453,-0.035791365736356835,31.114130433598916
2025-12-31,18050.0,18460.0,18050.0,18310.0,66333,0.0,0.011043622308116952,0.42805628577971877,-0.03888177782328858,128539.1,17921.559780286156,-0.00839425940969396,1.040415073730202,0.025799462400151425,40.029761903094
2026-01-01,18285.0,18521.0,18205.0,18482.0,36058,0.0,0.009393773894047053,0.41506077365035027,-0.03888177782328858,122695.25,17927.1362998853,0.0033659066232356594,1.0216210366843415,0.02263228487025752,38.604509443813335
2026-01-02,18600.0,18978.0,18541.0,18803.0,81093,0.0,0.01736825018937349,0.40975035512512864,-0.03888177782328858,109138.0,17935.851361577985,0.024686648501362374,1.0007711535393289,0.04238739405166757,38.90236506808783
2026-01-05,18801.0,19069.0,18565.0,19004.0,67212,0.0,0.01068978354517891,0.3126841975222064,-0.03888177782328858,99206.3,17946.4797062389,0.0333877107123437,0.9893943380340982,0.034187155244863904,42.41211774623101
2026-01-06,19100.0,19100.0,18556.0,18847.0,64284,0.0,-0.008261418648705554,0.2845180133517445,-0.03888177782328858,90565.4,17955.44010717185,0.04069574820541133,0.9971242107497214,-0.029036538885594997,43.12699796395299
2026-01-07,18824.0,19898.0,18720.0,19582.0,171492,0.0,0.03899824905820548,0.3120634295024597,-0.03888177782328858,88230.05,17971.624782722378,0.06947023484434744,0.9599070575017874,0.12496897784752545,55.39191212986648
2026-01-08,19582.0,19768.0,18255.0,18444.0,182015,0.0,-0.05811459503625782,0.36287645169668303,-0.04036776125294245,92747.9,17976.32503364056,-0.0020560545395520435,1.0176805465191932,-0.16014980625784975,53.41839190961035
2026-01-09,18500.0,18539.0,17185.0,17881.0,795132,0.0,-0.030524831923660845,0.36635746265062075,-0.04036776125294245,126617.75,17975.376525843145,-0.049034728500771174,1.045951009451373,-0.08331980156651822,42.202683941252104
2026-01-12,17781.0,17781.0,16731.0,17429.0,482018,0.0,-0.025278228287008542,0.36972623383529307,-0.04036776125294245,147440.3,17969.939943496447,-0.08287728899179125,1.0670348270124503,-0.06837012170082678,36.133362198515115
2026-01-13,17550.0,17550.0,17020.0,17106.0,203903,0.0,-0.018532331172184335,0.3651353169529243,-0.04036776125294245,155270.15,17961.343526148223,-0.09237544436780387,1.0800830118087221,-0.050754692313224596,35.533319138817404
2026-01-14,17096.0,17100.0,16806.0,16937.0,207378,0.0,-0.00987957441833276,0.36467726540264456,-0.04036776125294245,162935.6,17951.151053251226,-0.13507302624859563,1.0838253527779418,-0.02709128066020731,34.61937357294198
2026-01-15,16937.0,16937.0,16937.0,16937.0,0,0.0,0.0,0.3649633985018801,-0.04036776125294245,159207.05,17941.059997994995,-0.08170678811537624,1.0772923185924308,0.0,35.12944643129485
2026-01-16,16870.0,16953.0,16111.0,16214.0,389082,0.0,-0.042687607014229245,0.3864909810099249,-0.04313808306038462,170772.75,17923.87532139803,-0.09322744812929928,1.1193289749599111,-0.11044916442342907,29.977916819249742
2026-01-19,16269.0,17140.0,16200.0,16964.0,262806,0.0,0.04625632169729865,0.3945649614235621,-0.04313808306038462,176206.85,17914.324323175166,-0.026679671811348893,1.0651526762556,0.11723372586879459,40.29471544619898
2026-01-20,17000.0,17140.0,16467.0,16630.0,221154,0.0,-0.019688752652676222,0.38794465061307354,-0.04313808306038462,183700.45,17901.544976675912,-0.027826493627966742,1.0802916416115453,-0.05075144640877865,36.088108644410006
2026-01-21,16650.0,16920.0,16427.0,16689.0,149064,0.0,0.003547805171377094,0.3862268231325676,-0.04313808306038462,188014.95,17889.479852529883,-0.014642498671547544,1.0711516567799149,0.009185807062139967,34.869198311412376
2026-01-22,16860.0,17066.0,16700.0,16847.0,115276,0.0,0.009467313799508714,0.3882780856515437,-0.04313808306038462,190714.25,17879.106918673864,-0.005313810001771224,1.0564373478957678,0.024382817123954015,33.02672683015901
2026-01-23,16951.0,16964.0,16380.0,16501.0,110388,0.0,-0.020537781207336625,0.39235994345527025,-0.04313808306038462,193183.0,17865.394412020392,0.01770075243616631,1.0729864856675353,-0.05234423397819566,28.813272388008485
2026-01-27,16650.0,16850.0,16410.0,16709.0,98320,0.0,0.012605296648688036,0.3970443210098597,-0.04313808306038462,193939.1,17853.88799996049,-0.0150318321150672,1.0545993177329582,0.031747831826806794,32.057737495050674
2026-01-28,16740.0,17750.0,16740.0,17683.0,131450,0.0,0.058291938476270344,0.4520836333451133,-0.04313808306038462,191722.9,17852.187621851434,0.06331930246542394,0.995303398744557,0.12894060498395699,34.678070033103936
2026-01-29,17800.0,18538.0,17798.0,18322.0,260523,0.0,0.03613640219419789,0.4671662402652488,-0.04313808306038462,201432.4,17856.862371882762,0.0978488824974535,0.9606238401921188,0.07735233907346749,48.92944892824673
2026-01-30,18200.0,18925.0,18100.0,18862.0,150302,0.0,0.029472764981988808,0.47644508563666643,-0.04313808306038462,207144.6,17866.863741316763,0.11960586454561639,0.9341294666525288,0.06185973001276211,58.6431718047207
2026-02-02,18363.0,19050.0,18273.0,18978.0,174818,0.0,0.006149931078358595,0.4759296481824175,-0.04313808306038462,211830.85,17877.919823492717,0.1501121144173081,0.9288808093582042,0.012921932837397176,64.5064618825565
2026-02-03,19900.0,20500.0,19512.0,19701.0,215011,0.0,0.03809674359785009,0.48974994683695106,-0.04313808306038462,219220.8,17896.0599247515,0.17906517445687942,0.8965610882696311,0.07778815100648058,72.60846837250999
2026-02-04,19695.0,19863.0,18806.0,19043.0,186618,0.0,-0.03339931983148059,0.5042599787812458,-0.04313808306038462,225337.5,17907.4722638087,0.07691002657920043,0.9280549283201177,-0.066234324702628,66.90751444936302
2026-02-05,19099.0,19321.0,18674.0,19199.0,135828,0.0,0.008191986556739916,0.5038472367912811,-0.04313808306038462,223554.3,17920.32328605936,0.0478659534985264,0.9195166414917443,0.016258869347624817,67.71616541204884
2026-02-06,20900.0,22077.0,20556.0,21871.0,993958,0.0,0.13917391530808887,0.6850529915843618,-0.04313808306038462,264151.45,17959.63350211847,0.15952709150673305,0.8150130309542317,0.20315787973516394,83.94335773289907
2026-02-09,21900.0,22550.0,21827.0,22511.0,269552,0.0,0.02926249371313605,0.6476515278510651,-0.04313808306038462,237872.45,18004.920730953112,0.18616292549267577,0.8021256274710142,0.04518246619197451,83.72856621528372
2026-02-10,22551.0,22725.0,22253.0,22457.0,123059,0.0,-0.002398827240015944,0.632467910455687,-0.04313808306038462,219924.5,18049.220027162537,0.13989137607228064,0.8152491428062519,-0.003792804603097675,86.68009568020456
2026-02-11,22375.0,22888.0,22296.0,22731.0,124466,0.0,0.012201095426815689,0.6180712642124655,-0.04313808306038462,215952.65,18095.80490251415,0.193666964238828,0.8177950816066165,0.019740596167265805,87.03113508063443
2026-02-12,22638.0,23140.0,22600.0,22702.0,164420,0.0,-0.0012757907703137006,0.6096658664677852,-0.04313808306038462,213804.75,18141.637689553812,0.1824574196572739,0.8315368689983261,-0.0020926064907966246,86.46157678264981
2026-02-13,22500.0,22679.0,22225.0,22418.0,72497,0.0,-0.012509911021055364,0.6110434329617918,-0.04313808306038462,217429.6,18184.188558314472,0.0250102875954461,0.8542956552770095,-0.020473030461497975,87.13442952024616
2026-02-16,22450.0,22870.0,22350.0,22824.0,61541,0.0,0.018110446962262383,0.6089904502377986,-0.04313808306038462,201052.55,18230.355836341198,0.013904313446759353,0.8535795653697861,0.029738473990529528,87.4464176347529
2026-02-17,22770.0,23040.0,22655.0,22977.0,46797,0.0,0.006703470031545811,0.5730388781728674,-0.04313808306038462,190252.1,18277.586126526858,0.02315536358373782,0.8609805457631544,0.011698106655413567,86.04302832079983
2026-02-18,23050.0,23717.0,22865.0,23569.0,132383,0.0,0.025764895330112614,0.5643345362080165,-0.04313808306038462,185813.55,18330.23701084002,0.03686595398354675,0.8540752683609827,0.04565535727563902,85.95313142222373
2026-02-19,23583.0,23599.0,22770.0,22851.0,84278,0.0,-0.03046374474945901,0.5741537058406064,-0.04313808306038462,182574.25,18375.21972715007,0.006563298387807226,0.8943941184193251,-0.05305851709913203,76.68227424605544
2026-02-20,22700.0,23998.0,22700.0,23871.0,218752,0.0,0.044636996192726874,0.5806778999246331,-0.04313808306038462,187748.05,18429.904107974446,0.06481398875903288,0.870889363663022,0.0768704912479284,79.1979949861454
2026-02-23,23871.0,24370.0,23827.0,24243.0,123306,0.0,0.0155837627246449,0.5799588595363201,-0.04313808306038462,188393.95,18487.745858143855,0.06217139852786535,0.873493379532236,0.026870461929660965,78.28849028264071
2026-02-24,24101.0,25000.0,24000.0,24903.0,139000,0.0,0.02722435342160634,0.5632403211289168,-0.04313808306038462,190427.95,18551.579232689688,0.0838229533881707,0.8667951652411355,0.048335234387494735,86.4881693633738
2026-02-25,24903.0,25275.0,24769.0,24986.0,120875,0.0,0.0033329317752881504,0.5657591006435658,-0.04313808306038462,189899.2,18615.603319926606,0.06012134583563156,0.8785299767870007,0.005891079281952443,86.36420761441612
2026-02-26,24973.0,25470.0,24932.0,25401.0,93336,0.0,0.016609301208676763,0.5482928181957408,-0.04313808306038462,181539.85,18683.119704802957,0.11159249048181707,0.8781110979882683,0.03029275663395552,80.96491227871314
2026-02-27,25340.0,25799.0,25300.0,25562.0,126705,0.0,0.0063383331364907924,0.5455376815845161,-0.04313808306038462,180360.0,18751.56627490442,0.07083909346068462,0.885685783585009,0.011618506354860801,79.21854050735672
2026-03-02,24500.0,25850.0,24400.0,25500.0,118951,0.0,-0.0024254753149205444,0.5471791939009151,-0.03902758423420659,177566.65,18818.71486918398,0.051850018562059175,0.9006274509803922,-0.004432689140283476,79.09734174582643
2026-03-04,25160.0,25195.0,24195.0,24500.0,159680,0.0,-0.039215686274509776,0.578112470932614,-0.03938928231149575,174800.1,18875.245069490607,-0.01618278922218208,0.9471816326530612,-0.06783400733927562,64.85306465002864
2026-03-05,24700.0,25465.0,24645.0,25305.0,111078,0.0,0.03285714285714292,0.57550673785134,-0.03938928231149575,171023.1,18939.222730490703,0.012767149603778005,0.9294230389251136,0.057092541451191275,69.33590848169558
2026-03-06,25500.0,26160.0,25320.0,25860.0,111188,0.0,0.0219324244220509,0.5512053890705368,-0.03938928231149575,169791.1,19008.086185908705,0.018070154718318188,0.9223549883990718,0.039789930321862184,74.57869180085103
2026-03-09,25400.0,25455.0,24425.0,25160.0,144230,0.0,-0.02706883217324052,0.5700813824236833,-0.03938928231149575,127304.7,19069.299258685736,-0.015726468977388275,0.9545528616852146,-0.047482399062628966,66.00877192855793
2026-03-10,25700.0,26325.0,25000.0,25225.0,195888,0.0,0.0025834658187600112,0.34123268886109387,-0.03938928231149575,123621.5,19130.550012330656,-0.010784313725490158,0.9574727452923687,0.00757097964932038,65.59378468241077
2026-03-11,25225.0,25645.0,24805.0,24955.0,134572,0.0,-0.01070366699702674,0.33648656948694744,-0.03938928231149575,124197.15,19188.50473857612,0.01857142857142846,0.972837106792226,-0.031810085898067574,60.06389776235711
2026-03-12,24995.0,25325.0,24385.0,24880.0,142729,0.0,-0.003005409737527498,0.33666418667939096,-0.03938928231149575,125110.3,19245.13653222213,-0.0167950997826517,0.9800884244372989,-0.008927025110393854,66.2502002227655
2026-03-13,24990.0,25175.0,24100.0,24165.0,102198,0.0,-0.0287379421221865,0.35515390805187774,-0.03938928231149575,121999.2,19294.090397573156,-0.06554524361948955,1.0121146285950755,-0.08091686635423438,52.47558100246773
2026-03-16,24195.0,24405.0,23400.0,24205.0,138189,0.0,0.001655286571487613,0.35483808182589754,-0.03938928231149575,125283.8,19342.955169736608,-0.03795707472178056,1.0141334435034084,0.004664906642265974,49.661077415812954
2026-03-17,24495.0,24795.0,24180.0,24710.0,95146,0.0,0.020863457963230747,0.35494096490738786,-0.033690138153632046,126964.05,19396.35860088351,-0.02041625371655109,0.9972237960339944,0.058780077359832844,48.22968262580221
2026-03-18,24700.0,25250.0,24485.0,24975.0,94865,0.0,0.010724403075677902,0.35238617759430474,-0.033690138153632046,129367.45,19451.86747052646,0.0008014425966740291,0.9906426426426426,0.030433664692966614,49.902361085214565
2026-03-19,24675.0,24880.0,24335.0,24650.0,80351,0.0,-0.013013013013013053,0.3574386679146108,-0.033690138153632046,126765.85,19503.590182262516,-0.009244372990353744,1.0058965517241378,-0.036406281180689004,43.225690058442794
2026-03-20,24930.0,25680.0,24870.0,25025.0,180060,0.0,0.015212981744421983,0.351002962459919,-0.033690138153632046,131554.95,19558.529583434036,0.035588661286985346,0.9951668331668332,0.043341461292494186,45.33611255752179
2026-03-23,24845.0,24970.0,23970.0,24255.0,131323,0.0,-0.03076923076923077,0.3513723323546675,-0.033690138153632046,127183.5,19605.26063235509,0.0020656889072505624,1.0275510204081633,-0.0875687328235214,40.371229697501626
2026-03-24,25085.0,25400.0,24530.0,25025.0,146462,0.0,0.031746031746031855,0.33459790361047653,-0.033690138153632046,128341.3,19659.188387257032,0.012747875354107707,0.9974965034965034,0.09487815211839343,54.21010424898325
2026-03-25,25300.0,25850.0,25245.0,25670.0,111610,0.0,0.025774225774225723,0.3414253816842035,-0.033690138153632046,126971.8,19718.997458030593,0.02782782782782789,0.9739267627580834,0.07549006723572926,53.00411522511596
2026-03-27,25500.0,25545.0,24500.0,24685.0,187461,0.0,-0.0383716400467472,0.35787789370114564,-0.03841384235813533,130301.1,19768.410418647203,0.0014198782961460932,1.012179461211262,-0.10721991955890728,40.96848577928738
2026-03-30,24265.0,24735.0,24000.0,24235.0,126517,0.0,-0.018229694146242648,0.3629733631389208,-0.03841384235813533,131960.15,19812.8540960736,-0.03156843156843159,1.0285681865071177,-0.05022322708852144,42.605915266832156
2026-04-01,25240.0,25595.0,24910.0,25065.0,123682,0.0,0.03424798844646171,0.3786821981460664,-0.03841384235813533,131809.0,19865.114254321623,0.033395176252319025,0.9935168561739477,0.09043991956773283,48.860398859424436
2026-04-02,24925.0,25420.0,24180.0,25325.0,112632,0.0,0.010373030121683557,0.37983788443797256,-0.03841384235813533,131493.05,19919.441475671658,0.011988011988012026,0.9829713721618953,0.027309097574458756,52.63908701749366
2026-04-06,25350.0,26180.0,24920.0,25015.0,130996,0.0,-0.012240868706811403,0.38208743390178296,-0.03841384235813533,130058.85,19970.143550540597,-0.025516166731593293,0.9961822906256246,-0.03203682534503271,50.931677017649356
2026-04-07,24930.0,25215.0,24665.0,25030.0,89225,0.0,0.000599640215870556,0.3553963404117379,-0.03841384235813533,128966.2,20020.490380883475,0.0139760988454527,0.9950359568517778,0.001687243594864871,56.60809778335751
2026-04-08,25600.0,26155.0,25145.0,25915.0,151238,0.0,0.0353575709149021,0.35829127253708315,-0.03841384235813533,130968.7,20079.14221788961,0.06932122962657306,0.9611614894848544,0.09868387158217447,61.569688767439814
2026-04-09,26080.0,27500.0,25865.0,27315.0,255940,0.0,0.05402276673741069,0.39667656778343546,-0.03364793584224392,136554.2,20151.140802786234,0.08976660682226223,0.9158429434376716,0.136188446112148,65.72118285948088
2026-04-10,27680.0,28510.0,27525.0,28425.0,301315,0.0,0.04063701263042274,0.40152091042799437,-0.03364793584224392,141825.55,20233.467759972442,0.12240868706811447,0.8857080035180299,0.10120770939433595,68.89375684450765
2026-04-13,27800.0,28860.0,27715.0,28325.0,214351,0.0,-0.0035180299032542273,0.40275434328675735,-0.03364793584224392,145814.5,20313.980518579683,0.13232060763541864,0.894783759929391,-0.008734927070420572,70.63447501292657
2026-04-15,28850.0,29095.0,28350.0,28435.0,163350,0.0,0.003883495145631022,0.39835079400688134,-0.03364793584224392,146845.55,20394.786682573915,0.13603675589292852,0.8975734130473009,0.00974893261559461,69.73379629516634
2026-04-16,28435.0,28575.0,27670.0,28255.0,171282,0.0,-0.006330226833128227,0.3995187898382991,-0.03364793584224392,150299.75,20472.99776035925,0.09029519583252932,0.9105291098920545,-0.015844628176922632,74.84472049559275
2026-04-17,28500.0,28970.0,28180.0,28925.0,105178,0.0,0.023712617235887468,0.3823827294062938,-0.03364793584224392,148649.2,20557.097285131793,0.058941973274757364,0.8975972342264477,0.062012781415565044,74.52830188548
2026-04-20,29250.0,29900.0,28960.0,29645.0,181052,0.0,0.024891961970613607,0.3853171421531505,-0.03090073522234326,152944.5,20647.52417781705,0.04291996481970095,0.8841204250295159,0.0646012300036929,74.76635513888257
2026-04-21,29960.0,30400.0,29760.0,29890.0,170096,0.0,0.008264462809917328,0.3832996122517289,-0.03090073522234326,156706.05,20739.48911137111,0.05525154457193282,0.8850953496152559,0.02156136434825315,85.72409059546996
2026-04-22,29905.0,30470.0,29825.0,30335.0,112170,0.0,0.014887922382067487,0.3837547259896059,-0.03090073522234326,158297.0,20834.966831655973,0.06681906101635304,0.8814817867150156,0.03879541015611265,91.89560439383717
2026-04-23,30365.0,31875.0,30365.0,31720.0,193846,0.0,0.045656832042195505,0.393920124584803,-0.03090073522234326,158986.3,20943.27561940069,0.12263316227216414,0.853546658259773,0.11590377854211084,92.46968729892205
2026-04-24,31780.0,32295.0,31000.0,32200.0,164360,0.0,0.015132408575031508,0.3939129011580563,-0.03090073522234326,160638.15,21055.282827167848,0.11322385479688846,0.8531599378881988,0.03841561966208231,92.67535691955624
2026-04-27,32340.0,32550.0,31835.0,32065.0,124497,0.0,-0.004192546583850931,0.36708691574570634,-0.03090073522234326,159539.9,21164.832251773143,0.08163265306122458,0.8677296117261812,-0.011421127503612731,94.73350253638799
2026-04-28,32200.0,32940.0,31865.0,32805.0,127919,0.0,0.023078122563542802,0.36290228249004064,-0.03090073522234326,160355.35,21280.654816432118,0.0975242556038809,0.8590306355738454,0.06359321239111806,95.17722254348347
2026-04-29,32900.0,33285.0,32535.0,32885.0,95678,0.0,0.0024386526444140078,0.3617326892164461,-0.03090073522234326,155766.2,21396.12093766165,0.08406131531234551,0.8694085449292991,0.006741587502861658,94.6794871777878
2026-04-30,32975.0,33795.0,32530.0,33550.0,128619,0.0,0.020221985707769452,0.3122668006832366,-0.03090073522234326,155871.3,21517.055057684916,0.05769230769230771,0.8660581222056631,0.06475867756654623,94.12597310499963
2026-05-01,33550.0,33550.0,33550.0,33550.0,0,0.0,0.0,0.2937330918917229,-0.03090073522234326,149687.2,21636.785853130837,0.04192546583850931,0.8787034277198211,0.0,93.03106632862732
2026-05-04,33880.0,34365.0,33065.0,33730.0,159471,0.0,0.005365126676602161,0.2878177026512737,-0.03090073522234326,152029.15,21757.11634215441,0.051925775767971416,0.8864734657574859,0.018640710563573505,94.78044738802498
2026-05-05,33905.0,34330.0,33720.0,34255.0,90730,0.0,0.015564779128372397,0.28746583967421085,-0.03090073522234326,150015.85,21881.47339347626,0.044200579180003086,0.8863742519340242,0.054144793706842685,95.1162790677029
2026-05-06,34385.0,34385.0,32925.0,33380.0,173551,0.0,-0.02554371624580354,0.30622119142981785,-0.030479019050447597,154232.15,21995.886593541174,0.015052455526835873,0.9221165368484122,-0.08341589715713348,85.86424072609924
2026-05-07,33800.0,34950.0,33500.0,34875.0,146328,0.0,0.04478729778310364,0.3198020958637269,-0.030479019050447597,153986.65,22124.036975694995,0.03949329359165432,0.8954336917562724,0.14004691326888344,87.327478041126
2026-05-08,34950.0,35095.0,33445.0,34005.0,169469,0.0,-0.024946236559139745,0.34155951165475384,-0.030479019050447597,149663.1,22242.25551325027,0.013561847988077469,0.9281796794589031,-0.0730362791184467,76.84729063906914
2026-05-11,33635.0,33995.0,32705.0,33020.0,123670,0.0,-0.028966328481105696,0.337663487169382,-0.030479019050447597,140780.85,22349.4967519244,-0.021049510821227413,0.9628255602665051,-0.08578460130848947,67.66365688380667
2026-05-12,33020.0,33660.0,32125.0,32265.0,115794,0.0,-0.022864930345245282,0.3350203863435653,-0.030479019050447597,135853.0,22448.15847578585,-0.05809370894759891,0.9914613358128003,-0.06824936808264405,60.52344601870521
2026-05-13,32265.0,32660.0,31645.0,31745.0,115951,0.0,-0.016116534944986882,0.3424158891967222,-0.030479019050447597,133483.05,22540.664361598927,-0.04898142600359501,1.0129154197511419,-0.047067133806563494,50.15051173907031
2026-05-14,32100.0,32395.0,31375.0,32290.0,133169,0.0,0.01716805796188381,0.3446311589315151,-0.030479019050447597,131577.4,22637.67267640889,-0.0741218637992832,1.002067203468566,0.04981574364011004,50.53763440775684
2026-05-15,32350.0,32695.0,31195.0,32535.0,107740,0.0,0.007587488386497476,0.3415652543550659,-0.030479019050447597,131705.5,22736.153545300345,-0.04322893692104102,1.0000691562932227,0.02221387587764219,52.771226414223115
2026-05-18,32400.0,32950.0,32005.0,32800.0,81635,0.0,0.008145074535115926,0.3361581599669888,-0.030479019050447597,126734.65,22836.291320968998,-0.0066626287098727754,0.9967987804878049,0.0242298871864866,49.968769518176686
2026-05-19,32965.0,33730.0,32785.0,33360.0,108292,0.0,0.017073170731707332,0.33174740939391506,-0.030479019050447597,123644.45,22941.004840163336,0.033937703393770446,0.9852667865707434,0.05146436636311779,52.799057158822414
2026-05-20,33000.0,35790.0,32710.0,35525.0,252759,0.0,0.06489808153477217,0.38986919425745287,-0.030479019050447597,130673.9,23066.218722350768,0.11907386990077184,0.9325263898662913,0.1664611639649185,59.889834751288475
2026-05-21,35980.0,36750.0,35850.0,36450.0,164536,0.0,0.026038001407459488,0.3940470368637449,-0.02905647359551195,129208.4,23199.390675362203,0.12883245586868997,0.9153497942386831,0.06607840767923076,63.29055911926117
2026-05-22,36585.0,36700.0,35415.0,35555.0,118548,0.0,-0.024554183813443098,0.38690954799140925,-0.02905647359551195,126917.8,23322.332061677007,0.0928231135700015,0.943109267332302,-0.06346233455930361,57.84946236489471
2026-05-25,36000.0,36040.0,35030.0,35635.0,139682,0.0,0.002250035156799335,0.38553580307629054,-0.02905647359551195,127677.05,23444.846170516044,0.08643292682926829,0.9460011224919321,0.005836124895494712,56.17173524079927
2026-05-26,35400.0,36495.0,34005.0,35995.0,511899,0.0,0.01010242738880307,0.38436550432503525,-0.02905647359551195,146876.05,23569.723323048223,0.07898681055155876,0.9409709681900263,0.02628338654820121,62.259728081695606
2026-05-27,36220.0,37695.0,35985.0,37550.0,284794,0.0,0.043200444506181324,0.401695091713282,-0.02905647359551195,156331.85,23708.830553664662,0.05700211118930332,0.9082157123834886,0.10754536045355244,62.470862470046995
2026-05-28,37550.0,37550.0,37550.0,37550.0,0,0.0,0.0,0.40211385151801654,-0.02905647359551195,149900.9,23846.553632732677,0.030178326474622708,0.9135419440745672,0.0,67.98579401222547
2026-05-29,37750.0,38645.0,36810.0,38445.0,376115,0.0,0.023834886817576617,0.4038426543590497,-0.02905647359551195,168706.65,23991.81180554131,0.08128252003937564,0.8986409155937053,0.059020229711008,77.77777777666267
2026-06-01,38700.0,38785.0,36225.0,36380.0,279448,0.0,-0.05371309663155155,0.4548941597532509,-0.031149351233106592,174705.5,24115.07735971503,0.020906412235162097,0.9532916437603078,-0.11807822610847539,68.57787810297057
2026-06-02,36300.0,36315.0,34820.0,35105.0,244798,0.0,-0.03504672897196259,0.47475614194348004,-0.03098310567936736,182408.9,24224.429823797465,-0.02472565634115853,0.9891254807007549,-0.07382048411272599,64.20118343119287
2026-06-03,35350.0,36110.0,35010.0,35190.0,235330,0.0,0.002421307506053294,0.47231592796011046,-0.03098310567936736,185497.85,24333.539974804455,-0.06284953395472703,0.9893080420574026,0.005126457338091746,62.75285839852371
2026-06-04,35705.0,37360.0,35510.0,36525.0,254549,0.0,0.037936913895993074,0.4773401000731131,-0.03098310567936736,190908.9,24454.84803475665,-0.027296937416777634,0.9554072553045859,0.07947564659961712,66.01123595431449
2026-06-05,36940.0,37440.0,36600.0,36870.0,109445,0.0,0.009445585215605679,0.45515108690086475,-0.03098310567936736,187907.7,24578.381885157083,-0.04096761607491217,0.9503525901817196,0.020752636388049826,66.22807017469921
2026-06-08,36200.0,36385.0,34600.0,35010.0,203806,0.0,-0.05044751830756711,0.4826518322031954,-0.03521297452570182,191914.5,24682.179080329654,-0.03765805387575594,1.0036846615252786,-0.10452154927511663,55.96098265839346
2026-06-09,35200.0,35210.0,34050.0,34610.0,205184,0.0,-0.01142530705512712,0.4722635076997162,-0.03521297452570182,196384.0,24780.96336808757,-0.014100555476427856,1.0186723490320717,-0.024192652252236393,46.21118012368781
2026-06-10,34845.0,34980.0,33080.0,33265.0,217325,0.0,-0.038861600693441245,0.4862041311093918,-0.038396138079081904,201452.7,24865.381643031975,-0.05470304063654452,1.0621448970389298,-0.07992856787432774,37.254901960366894
2026-06-11,33300.0,34100.0,33010.0,33250.0,197087,0.0,-0.00045092439500982184,0.4818985978525797,-0.038396138079081904,204648.6,24948.810681409766,-0.08966461327857633,1.0640676691729323,-0.0009357246268446715,40.07748600898744
2026-06-12,33900.0,34435.0,33740.0,34325.0,117224,0.0,0.03233082706766921,0.4904420664117585,-0.038396138079081904,205122.8,25042.106097515145,-0.06902630865202064,1.0333503277494538,0.06592180529087668,44.805709753665916
2026-06-15,35000.0,35000.0,34125.0,34695.0,109904,0.0,0.01077931536780774,0.49091233722879946,-0.038396138079081904,206536.25,25138.15479306226,-0.00899742930591263,1.0250612480184464,0.02195771898722243,44.8494453243836
2026-06-16,34800.0,34920.0,34525.0,34740.0,57891,0.0,0.0012970168612191912,0.4906728250747393,-0.038396138079081904,204016.2,25233.69554139,0.0037561398439758253,1.025719631548647,0.0026433435244517453,37.35373537306664
2026-06-17,34745.0,36070.0,34740.0,35950.0,126662,0.0,0.03483016695451924,0.5007528470869016,-0.038396138079081904,197711.35,25340.32543650055,0.0807154667067489,0.9917872044506258,0.06955560305165616,43.50649350599911
2026-06-18,35850.0,36430.0,35145.0,36300.0,127709,0.0,0.009735744089012455,0.45019045732408713,-0.038396138079081904,195870.0,25449.376924694574,0.09172932330827077,0.9820179063360882,0.021625833498610712,40.89171974473674
2026-06-19,36215.0,37115.0,36115.0,36880.0,114962,0.0,0.01597796143250685,0.4445711512079028,-0.038396138079081904,195690.7,25563.11446773244,0.07443554260742902,0.9683703904555314,0.03594016622467058,52.429543245156445
2026-06-22,37095.0,37100.0,36360.0,36760.0,68245,0.0,-0.0032537960954447387,0.43520794098657645,-0.038396138079081904,192118.85,25674.52626407341,0.05951866263150318,0.9730617519042437,-0.0074764169360157185,59.05856595421257
2026-06-23,36850.0,37335.0,36015.0,36090.0,127853,0.0,-0.018226332970620263,0.4407747230189441,-0.038396138079081904,172916.55,25778.162818659748,0.03886010362694292,0.991257966195622,-0.04135067553846584,54.629629628842785
2026-06-24,35935.0,35940.0,33680.0,33950.0,226838,0.0,-0.05929620393460788,0.4859149045823689,-0.03944089657414754,170018.75,25859.474631409405,-0.05563282336578579,1.048438880706922,-0.12203001421673054,37.76722090211046
2026-06-25,34300.0,34835.0,33865.0,33965.0,134075,0.0,0.00044182621502208974,0.4571575032963457,-0.03944089657414754,176722.5,25940.126625126723,-0.06432506887052336,1.042698365964964,0.0009664638602049669,35.75282000931776
2026-06-26,33965.0,33965.0,33965.0,33965.0,0,0.0,0.0,0.4571575032963457,-0.03944089657414754,157916.75,26019.97611144387,-0.07904013015184386,1.0361033416752539,0.0,43.73125374851561
2026-06-29,34005.0,35360.0,33120.0,34975.0,413158,0.0,0.029736493449138868,0.46217421823638677,-0.03944089657414754,164602.25,26109.08082675289,-0.04855821545157779,1.0041744102930665,0.06434044053605179,52.04024594664219
2026-06-30,34750.0,35195.0,34380.0,34920.0,140852,0.0,-0.001572551822730528,0.42546495451619115,-0.03944089657414754,159404.95,26196.751664297637,-0.032418952618453845,1.005491122565865,-0.0036960782999341047,60.809928150422806
2026-07-01,34955.0,35515.0,33340.0,34250.0,122621,0.0,-0.0191867124856816,0.41312478004584535,-0.03944089657414754,153769.5,26276.883488533484,0.008836524300441795,1.0237883211678833,-0.046442898000752776,56.016847171138096
2026-07-02,34250.0,34485.0,33125.0,33775.0,125021,0.0,-0.013868613138686148,0.4153489458085706,-0.03944089657414754,147293.1,26351.49161302569,-0.005593993817164744,1.0341154700222057,-0.03339026845917491,46.43320363080407
2026-07-03,32085.0,32085.0,30400.0,31040.0,684714,0.0,-0.08097705403404887,0.47292217039541246,-0.05061079722376633,176056.55,26398.143437771705,-0.08611806271161493,1.1158424613402063,-0.17122701660206247,31.86104218318009
2026-07-06,31075.0,32450.0,31075.0,32360.0,292814,0.0,0.04252577319587636,0.5007336549258005,-0.05061079722376633,180506.95,26457.465393614773,-0.07476769120800575,1.066231458590853,0.08492693057132057,39.51541850171523
2026-07-07,32550.0,32715.0,31650.0,31915.0,141775,0.0,-0.013751545117428932,0.474892498905541,-0.05061079722376633,177336.5,26511.76922054398,-0.08605383734249716,1.076876077079743,-0.02895717422269172,30.940009446921906
2026-07-08,31795.0,32430.0,31535.0,31755.0,141973,0.0,-0.005013316622277886,0.4741417675250914,-0.05061079722376633,173568.9,26563.940671085835,-0.0728467153284672,1.0799244213509684,-0.01057345473424894,28.13852813814917
2026-07-09,32100.0,32700.0,32060.0,32610.0,101180,0.0,0.026924893717524823,0.46731403359277257,-0.05061079722376633,168773.55,26624.10046540339,-0.03449296817172465,1.0506286415210058,0.057616273438997584,29.990627928378757
2026-07-10,32730.0,32920.0,32380.0,32605.0,87152,0.0,-0.00015332720024530122,0.46731576203105457,-0.05061079722376633,167269.95,26683.61190355858,0.05041881443298979,1.048152123907376,-0.0003281019161388633,30.317385125130798
2026-07-13,32240.0,32380.0,31770.0,31915.0,101702,0.0,-0.02116239840515255,0.45656469565230695,-0.05061079722376633,166859.85,26735.665516458495,-0.013751545117428932,1.0664577784740719,-0.04635136738157898,30.260047280923274
2026-07-14,31550.0,32585.0,31300.0,32490.0,87083,0.0,0.018016606611311214,0.46000376251576763,-0.05061079722376633,168319.45,26792.922575996225,0.018016606611311214,1.044121268082487,0.03916621490466941,41.897891231313466
2026-07-15,32695.0,34080.0,32650.0,33980.0,161755,0.0,0.0458602646968298,0.4898340628992385,-0.05061079722376633,170074.1,26864.435784195266,0.07006770587309075,0.9954384932313125,0.09362408054913629,50.07153075755746
2026-07-16,34190.0,34215.0,32890.0,33545.0,162994,0.0,-0.0128016480282519,0.4739683807941684,-0.05061079722376633,171838.35,26930.90905997442,0.028672186445875436,1.0042405723654793,-0.0270094974198634,48.076923076306706
2026-07-17,33540.0,33540.0,31900.0,32075.0,137304,0.0,-0.04382173200178863,0.49200413768413087,-0.05061079722376633,172955.45,26982.094044452286,-0.016255175586566528,1.0427747466874513,-0.08906781011513423,37.25834797845201
2026-07-20,32190.0,32705.0,31745.0,32440.0,81022,0.0,0.011379579111457483,0.4897381338286387,-0.05061079722376633,173594.3,27036.401566398035,0.01644994516684939,1.024383477188656,0.02323604819198899,39.392643284387084
2026-07-21,32440.0,32725.0,31950.0,32185.0,105563,0.0,-0.007860665844636294,0.4897166780644125,-0.05061079722376633,172479.8,27087.631401558254,-0.009387503847337664,1.0264331210191082,-0.016051455946304978,40.84257206157712
2026-07-22,32420.0,32995.0,31910.0,32055.0,90595,0.0,-0.004039148671741488,0.487659975190164,-0.05061079722376633,165667.65,27137.05795477658,-0.05665097115950557,1.0276399937607237,-0.008282714994888116,42.13174748344936
2026-07-23,32150.0,32735.0,31815.0,32065.0,71011,0.0,0.0003119638121977797,0.4462611632276258,-0.05061079722376633,162514.45,27186.092203982786,-0.04411983902220895,1.0243567753001714,0.0006990610676287882,56.24619134578007
2026-07-24,32100.0,32395.0,30980.0,31070.0,118166,0.0,-0.03103071885233122,0.4569834242766619,-0.05061079722376633,168422.75,27224.738052699377,-0.031332813717848795,1.0525024139040875,-0.0679033779450853,41.81472081143984
2026-07-27,31400.0,31755.0,30900.0,31550.0,125914,0.0,0.01544898616028334,0.461725001432006,-0.05061079722376633,154060.55,27267.775485010825,-0.02743526510480887,1.0310618066561015,0.03345927939309472,47.69425142050825
2026-07-28,31450.0,31450.0,30470.0,31130.0,197897,0.0,-0.013312202852614918,0.44700078850626207,-0.05061079722376633,156912.8,27306.205579687336,-0.032779244989902145,1.038885319627369,-0.029781161235282284,46.17737002979024
2026-07-29,31350.0,31960.0,30625.0,31675.0,156699,0.0,0.01750722775457758,0.4537584315761522,-0.05061079722376633,158616.7,27349.676170934228,-0.01185462486351585,1.016945540647198,0.038582704255077586,44.05594405515985
2026-07-30,31525.0,31735.0,31020.0,31250.0,112162,0.0,-0.013417521704814472,0.4517995786786161,-0.05061079722376633,157973.75,27388.485363263244,-0.02541712147201003,1.026736,-0.02969795024394968,41.82257091057874
2026-07-31,31900.0,32750.0,31900.0,32175.0,166141,0.0,0.02960000000000007,0.4647009897687156,-0.05061079722376633,132045.1,27436.11237457406,0.03556485355648542,0.998982128982129,0.06369687178364618,51.52582159539747
2026-08-03,32180.0,32380.0,31865.0,32000.0,57777,0.0,-0.00543900543900544,0.3658947927280472,-0.05061079722376633,120293.25,27481.52419174248,0.014263074484944571,1.0038828125,-0.014864943143365726,46.982758619879604
2026-08-04,32005.0,32695.0,32000.0,32005.0,77400,0.0,0.00015625000000007994,0.3344168266901412,-0.05061079722376633,117074.5,27526.53390127738,0.028107934468358575,1.003866583346352,0.00046723126008411963,35.11680482216785
2026-08-05,32380.0,32555.0,32150.0,32400.0,56303,0.0,0.012341821590376556,0.3334204428993865,-0.05061079722376633,112791.0,27575.026101264673,0.022888713496448387,0.9926234567901234,0.037015790372346605,41.31918119700004
2026-08-06,32000.0,32145.0,31140.0,31900.0,78579,0.0,-0.015432098765432056,0.3376859712992732,-0.05061079722376633,111660.95,27618.060667421247,0.02079999999999993,1.0070689655172413,-0.045699554082925954,48.444444443238716
2026-08-07,31945.0,32680.0,31945.0,32600.0,91167,0.0,0.021943573667711602,0.33317259035218405,-0.05061079722376633,111861.7,27667.6322030688,0.013209013209013243,0.9854371165644171,0.0658624798213175,51.3422818779886
2026-08-10,35000.0,36390.0,34225.0,36050.0,675953,0.0,0.10582822085889565,0.4948319363195045,-0.05061079722376633,140574.25,27751.038847814383,0.1265624999999999,0.896865464632455,0.21386699392800354,71.10868377826813
2026-08-11,36230.0,36590.0,34730.0,35000.0,215956,0.0,-0.029126213592232997,0.5009178762056611,-0.05061079722376633,147017.9,27823.167814502798,0.09357912826120929,0.9273571428571429,-0.05814568494021531,64.61538461448674
2026-08-12,35000.0,35925.0,34730.0,35800.0,180600,0.0,0.02285714285714291,0.50279661891825,-0.05061079722376633,147960.15,27902.53927903511,0.1049382716049383,0.9091759776536313,0.045460016122859215,67.18821905113609
2026-08-13,35900.0,35920.0,35130.0,35360.0,59842,0.0,-0.012290502793296132,0.48336563106871405,-0.05061079722376633,142802.55,27976.742868298443,0.10846394984326024,0.9230557126696832,-0.025426926841804514,70.80504364598325
2026-08-14,35385.0,36230.0,35280.0,35700.0,113737,0.0,0.009615384615384581,0.48075774990590003,-0.05061079722376633,141624.2,28053.59119796712,0.0950920245398772,0.9193417366946779,0.020000477199300176,70.40314650837203
2026-08-17,35735.0,35850.0,35390.0,35450.0,53456,0.0,-0.007002801120448154,0.45120891293981547,-0.05061079722376633,140245.9,28127.187305450032,-0.01664355062413314,0.9300705218617772,-0.015520085628674997,71.5999999989976
2026-08-18,35580.0,35580.0,35200.0,35275.0,47426,0.0,-0.0049365303244005565,0.45190763367749454,-0.05061079722376633,137339.05,28198.309819823666,0.007857142857142785,0.9390644932671864,-0.010923759297870006,68.6915887840481
2026-08-19,35100.0,35100.0,33360.0,33800.0,186593,0.0,-0.04181431608788089,0.4780353064898827,-0.05061079722376633,142138.95,28254.048030571692,-0.05586592178770955,0.9826257396449705,-0.08747118600967604,61.938202246379085
2026-08-20,34045.0,34045.0,33305.0,33510.0,67131,0.0,-0.008579881656804789,0.4791055603540804,-0.05061079722376633,141944.95,28306.34606011824,-0.052319004524886914,0.9932855863921217,-0.01790812336091996,56.64509706242605
2026-08-21,33515.0,34750.0,33250.0,34190.0,104122,8.0,0.02029245001492086,0.48292194816810147,-0.05061079722376633,141242.75,28364.889880415576,-0.042296918767506964,0.978093009651945,0.042020143569154525,60.37914691863004
2026-08-24,34360.0,34975.0,33570.0,33840.0,80079,0.0,-0.010236911377595748,0.46937748002800683,-0.04415302131707755,138951.0,28419.368588073132,-0.045416078984485186,0.9915927895981087,-0.021809549019883617,58.421294170887656
2026-08-25,33680.0,33695.0,33005.0,33300.0,88353,0.0,-0.015957446808510634,0.47272335496661666,-0.04415302131707755,133473.8,28467.93208470922,-0.05598866052445073,1.010930930930931,-0.03375641652414946,54.07608695583599
2026-08-26,33375.0,33600.0,33105.0,33125.0,43775,0.0,-0.005255255255255276,0.4700407361233758,-0.04415302131707755,127827.6,28514.271068940972,-0.019970414201183395,1.0184603773584906,-0.01118042488570955,55.71628558023329
2026-08-27,33395.0,34250.0,33290.0,33880.0,87939,0.0,0.022792452830188603,0.4723951096727337,-0.04415302131707755,126616.45,28567.66140656345,0.011041480155177474,0.9996458087367178,0.0482487051220571,55.94243268265256
2026-08-28,33840.0,33840.0,33235.0,33330.0,32688,0.0,-0.016233766233766267,0.4737733446632086,-0.04415302131707755,119943.8,28615.047860229486,-0.025153553670663964,1.017874287428743,-0.03426483586293359,32.71918678467844
2026-08-31,33330.0,33760.0,32630.0,33760.0,74866,0.0,0.012901290129012866,0.4656358087818057,-0.041914686883576274,120798.25,28666.241413859047,-0.0023640661938534313,1.0075162914691944,0.02770682496626905,41.448275861268584
2026-09-01,33450.0,33450.0,32400.0,32640.0,100880,0.0,-0.033175355450236976,0.4813813286562834,-0.041914686883576274,121972.25,28705.781300288312,-0.01981981981981984,1.0430606617647058,-0.06891699529284182,29.12813738387345
2026-09-02,32595.0,32595.0,31750.0,32200.0,84787,0.0,-0.013480392156862697,0.4841231526528821,-0.041914686883576274,123396.45,28740.549645559076,-0.027924528301886742,1.0570031055900622,-0.027844964250405394,29.12813738387345
2026-09-03,32390.0,32635.0,31910.0,32000.0,63981,0.0,-0.006211180124223614,0.48277389985176394,-0.041914686883576274,122666.55,28772.981987394312,-0.05548996458087363,1.063765625,-0.012865608512545264,25.100942126041176
2026-09-04,32000.0,32195.0,31545.0,31650.0,83443,0.0,-0.010937500000000044,0.4812317993591869,-0.041914686883576274,122280.35,28801.609032295863,-0.05040504050405037,1.0740284360189574,-0.02272813182188544,24.767596281080017
2026-09-07,31635.0,32175.0,31635.0,31775.0,50681,0.0,0.003949447077409074,0.4749111294237253,-0.041914686883576274,91016.75,28831.195012074015,-0.05879739336492895,1.0630763178599527,0.008316181174864583,26.604278074368366
2026-09-08,31500.0,31570.0,30550.0,31135.0,278064,0.0,-0.02014162077104642,0.27829124685089207,-0.041914686883576274,94122.15,28854.118444789696,-0.04610906862745101,1.0787216958406938,-0.07237604586995079,29.947328818029703
2026-09-09,31195.0,31590.0,31025.0,31580.0,94112,0.0,0.014292596756062315,0.27504355059441205,-0.041914686883576274,89797.75,28881.24164434403,-0.019254658385093215,1.0568397720075997,0.05196484776874537,35.80882352867452
2026-09-10,31450.0,31595.0,31050.0,31195.0,49644,0.0,-0.012191260291323669,0.2569333875647188,-0.041914686883576274,89287.85,28904.26411554459,-0.02515624999999999,1.0632072447507614,-0.04744910707162085,26.979246732701455
2026-09-11,31060.0,31515.0,30700.0,31435.0,53538,0.0,0.0076935406315115085,0.260471663080076,-0.041914686883576274,86277.9,28929.445567131213,-0.0067930489731438115,1.0483060283123906,0.029536957092245138,31.19624706733893
2026-09-14,31435.0,31435.0,31435.0,31435.0,0,0.0,0.0,0.25554367254694516,-0.041914686883576274,83605.1,28954.376457010505,-0.010700236034618449,1.0419198345792906,0.0,34.07344150217416
2026-09-15,31260.0,31295.0,30000.0,30790.0,98157,0.0,-0.02051853030062034,0.2605088982357818,-0.041914686883576274,86141.65,28972.641367886023,-0.011080777260317975,1.056463137382267,-0.07876325780786504,31.541501975586442
2026-09-16,30300.0,30400.0,29645.0,30200.0,93574,0.0,-0.019162065605716094,0.2640293377462287,-0.03360730348211917,81490.7,28984.85389158865,-0.04369854338188728,1.0711423841059602,-0.07257551393163186,20.129870129412637
2026-09-17,30435.0,31325.0,30380.0,31230.0,98656,0.0,0.03410596026490076,0.2696754393874706,-0.03360730348211917,83066.95,29007.1936538614,0.0011219746754287385,1.0321645853346142,0.12647039373575755,34.186746987231004
2026-09-18,31490.0,32700.0,31450.0,32700.0,125521,0.0,0.047070124879923236,0.3208340911256063,-0.03360730348211917,84136.9,29043.937995614022,0.04024176872912366,0.9834862385321101,0.14671172644922592,43.098958332547674
2026-09-21,32480.0,32595.0,31805.0,31870.0,64069,0.0,-0.025382262996941907,0.3217043616064788,-0.03360730348211917,83336.4,29072.058015558163,0.013838078574836876,1.0060087856918731,-0.07889934124983067,44.79025710334633
2026-09-22,32170.0,32550.0,31195.0,31415.0,89147,0.0,-0.014276749294006907,0.3231274724885126,-0.03360730348211917,83376.1,29095.37087112475,0.02029879831114001,1.0175791819194653,-0.04418302393859196,44.69952734554248
2026-09-23,31565.0,31660.0,31050.0,31150.0,67872,0.0,-0.008435460767149405,0.3204659729474892,-0.03360730348211917,84580.95,29115.814942058834,0.0314569536423841,1.0230658105939006,-0.02632248418245259,44.31057563504638
