date,open,high,low,close,volume,split_ratio,dividend
2021-01-01,452.3999938964844,465.0,446.2099914550781,459.57000732421875,45225,0.0,0.0
2021-01-04,463.760009765625,473.0,460.0299987792969,465.1400146484375,190360,0.0,0.0
2021-01-05,467.0,470.0,458.82000732421875,462.8699951171875,72975,0.0,0.0
2021-01-06,463.0,468.0,450.0,455.30999755859375,39060,0.0,0.0
2021-01-07,457.5899963378906,464.2799987792969,451.510009765625,456.5199890136719,57245,0.0,0.0
2021-01-08,458.80999755859375,464.20001220703125,454.0,459.04998779296875,55490,0.0,0.0
2021-01-11,458.0,478.2300109863281,443.1499938964844,447.94000244140625,84920,0.0,0.0
2021-01-12,447.94000244140625,451.5299987792969,444.0,445.8800048828125,33660,0.0,0.0
2021-01-13,444.3999938964844,448.1199951171875,440.1000061035156,444.8999938964844,59570,0.0,0.0
2021-01-14,443.8500061035156,445.5299987792969,438.0,439.8500061035156,41670,0.0,0.0
2021-01-15,439.8500061035156,441.1199951171875,435.0,436.3699951171875,38605,0.0,0.0
2021-01-18,438.55999755859375,441.760009765625,425.0199890136719,430.5799865722656,77080,0.0,0.0
2021-01-19,436.0,446.0,434.30999755859375,438.3299865722656,56615,0.0,0.0
2021-01-20,438.3299865722656,446.0,426.5199890136719,439.3399963378906,158230,0.0,0.0
2021-01-21,443.3999938964844,462.6000061035156,440.5199890136719,453.739990234375,130040,0.0,0.0
2021-01-22,457.3800048828125,460.0,449.45001220703125,459.2799987792969,85620,0.0,0.0
2021-01-25,459.79998779296875,469.0,454.0,459.7099914550781,82830,0.0,0.0
2021-01-27,459.6000061035156,461.9599914550781,447.1099853515625,453.4100036621094,58145,0.0,0.0
2021-01-28,456.0,459.2200012207031,442.7099914550781,456.3800048828125,44645,0.0,0.0
2021-01-29,456.3999938964844,463.9800109863281,446.0,450.260009765625,45595,0.0,0.0
2021-02-01,450.260009765625,463.9700012207031,442.010009765625,459.6099853515625,76755,0.0,0.0
2021-02-02,468.6000061035156,468.6000061035156,436.3999938964844,439.1600036621094,233010,0.0,0.0
2021-02-03,445.0,459.9599914550781,439.0,456.1099853515625,87135,0.0,0.0
2021-02-04,455.25,459.0,445.0,449.1600036621094,37855,0.0,0.0
2021-02-05,451.3800048828125,459.6000061035156,450.2200012207031,450.8399963378906,30870,0.0,0.0
2021-02-08,459.3999938964844,463.8999938964844,444.44000244140625,453.69000244140625,73375,0.0,0.0
2021-02-09,455.9599914550781,458.0,450.010009765625,451.69000244140625,24190,0.0,0.0
2021-02-10,450.010009765625,473.5199890136719,450.010009765625,463.6199951171875,82500,0.0,0.0
2021-02-11,464.0,473.20001220703125,451.6000061035156,457.9800109863281,92220,0.0,0.0
2021-02-12,458.0,471.6000061035156,446.0,451.8500061035156,78520,0.0,0.0
2021-02-15,451.8500061035156,457.7900085449219,448.2099914550781,451.739990234375,44610,0.0,0.0
2021-02-16,453.989990234375,457.6099853515625,446.0299987792969,452.44000244140625,50885,0.0,0.0
2021-02-17,454.0,509.760009765625,443.0,480.17999267578125,448835,0.0,0.0
2021-02-18,485.6000061035156,508.20001220703125,481.0,501.739990234375,146870,0.0,0.0
2021-02-19,500.0,508.0,482.7300109863281,489.6000061035156,96295,0.0,0.0
2021-02-22,492.0,499.7699890136719,472.3999938964844,485.7200012207031,52495,0.0,0.0
2021-02-23,484.0,492.4700012207031,469.17999267578125,472.29998779296875,94590,0.0,0.0
2021-02-24,473.0,497.0,472.25,477.0,96525,0.0,0.0
2021-02-25,485.1099853515625,559.5900268554688,480.79998779296875,527.8699951171875,320985,0.0,0.0
2021-02-26,524.0,552.0,510.20001220703125,517.0700073242188,287980,0.0,0.0
2021-03-01,530.0,535.9500122070312,510.29998779296875,519.2899780273438,147060,0.0,0.0
2021-03-02,529.5999755859375,535.7999877929688,508.0,514.02001953125,120125,0.0,0.0
2021-03-03,518.7999877929688,526.0700073242188,518.0,519.6900024414062,319360,0.0,0.0
2021-03-04,524.4000244140625,528.719970703125,512.8200073242188,514.6900024414062,101245,0.0,0.0
2021-03-05,519.7999877929688,523.989990234375,505.0,509.3599853515625,65685,0.0,0.0
2021-03-08,514.0,527.7999877929688,510.0400085449219,518.5999755859375,71460,0.0,0.0
2021-03-09,522.4000244140625,522.5900268554688,505.2099914550781,515.7100219726562,75415,0.0,0.0
2021-03-10,521.7999877929688,523.4400024414062,510.010009765625,514.489990234375,161660,0.0,0.0
2021-03-12,520.0,520.489990234375,506.7099914550781,507.5299987792969,68220,0.0,0.0
2021-03-15,513.4000244140625,513.4000244140625,491.0,495.6600036621094,204315,0.0,0.0
2021-03-16,493.0,497.6499938964844,479.989990234375,481.489990234375,161200,0.0,0.0
2021-03-17,487.79998779296875,499.5899963378906,481.20001220703125,486.3900146484375,113890,0.0,0.0
2021-03-18,490.2900085449219,491.6000061035156,456.6199951171875,472.32000732421875,115945,0.0,0.0
2021-03-19,462.260009765625,500.0,457.6000061035156,480.5,161350,0.0,0.0
2021-03-22,484.3500061035156,486.0,464.0,479.1499938964844,86120,0.0,0.0
2021-03-23,483.0,486.0,468.05999755859375,481.9100036621094,79535,0.0,0.0
2021-03-24,481.9100036621094,494.05999755859375,477.3699951171875,485.5199890136719,63950,0.0,0.0
2021-03-25,492.0,492.0,475.3299865722656,481.80999755859375,37590,0.0,0.0
2021-03-26,485.80999755859375,492.0,478.30999755859375,481.5899963378906,51880,0.0,0.0
2021-03-30,481.6099853515625,509.5400085449219,480.0,499.3800048828125,103925,0.0,0.0
2021-03-31,501.8800048828125,516.989990234375,496.0,513.4299926757812,55985,0.0,0.0
2021-04-01,519.5800170898438,525.5,516.8099975585938,523.239990234375,52465,0.0,0.0
2021-04-05,525.5,527.6799926757812,501.0,517.3200073242188,51630,0.0,0.0
2021-04-06,517.7999877929688,523.8900146484375,510.0199890136719,512.1599731445312,45750,0.0,0.0
2021-04-07,514.72998046875,523.989990234375,508.1700134277344,514.7999877929688,44015,0.0,0.0
2021-04-08,517.3800048828125,521.9500122070312,513.3200073242188,517.2100219726562,26680,0.0,0.0
2021-04-09,518.0,543.4000244140625,513.1300048828125,539.5399780273438,159715,0.0,0.0
2021-04-12,534.6400146484375,538.1400146484375,513.0499877929688,518.5,128755,0.0,0.0
2021-04-13,529.5999755859375,546.989990234375,514.5,539.47998046875,96140,0.0,0.0
2021-04-15,539.4000244140625,539.97998046875,522.0800170898438,526.969970703125,46080,0.0,0.0
2021-04-16,528.0,542.0,513.25,518.8200073242188,96300,0.0,0.0
2021-04-19,514.4000244140625,532.0399780273438,501.7300109863281,525.5,62790,0.0,0.0
2021-04-20,528.260009765625,539.7999877929688,518.0,524.1900024414062,79500,0.0,0.0
2021-04-22,524.0,524.0,508.7099914550781,509.29998779296875,72300,0.0,0.0
2021-04-23,505.20001220703125,519.2000122070312,501.79998779296875,509.3699951171875,173535,0.0,0.0
2021-04-26,511.9200134277344,513.0900268554688,500.0,503.3299865722656,161875,0.0,0.0
2021-04-27,497.239990234375,515.0,497.239990234375,509.7699890136719,62920,0.0,0.0
2021-04-28,509.7699890136719,524.3900146484375,509.7699890136719,518.7899780273438,236155,0.0,0.0
2021-04-29,524.7899780273438,531.5900268554688,515.0,522.4199829101562,211235,0.0,0.0
2021-04-30,522.4000244140625,534.02001953125,515.4400024414062,524.2000122070312,96230,0.0,0.0
2021-05-03,525.2000122070312,540.0,521.4099731445312,536.489990234375,84530,0.0,0.0
2021-05-04,544.2000122070312,556.7999877929688,527.8900146484375,532.02001953125,110790,0.0,0.0
2021-05-05,534.6799926757812,534.6799926757812,514.0,523.989990234375,50440,0.0,0.0
2021-05-06,523.0,537.8499755859375,522.3900146484375,535.3599853515625,35675,0.0,0.0
2021-05-07,537.3599853515625,554.7999877929688,530.2100219726562,536.6300048828125,52335,0.0,0.0
2021-05-10,537.0,546.0900268554688,522.1699829101562,526.9000244140625,78555,0.0,0.0
2021-05-11,530.7999877929688,540.0,523.27001953125,539.1799926757812,66560,0.0,0.0
2021-05-12,539.1799926757812,545.4000244140625,529.2899780273438,531.52001953125,32120,0.0,0.0
2021-05-14,541.4000244140625,541.5999755859375,520.1900024414062,523.4600219726562,70150,0.0,0.0
2021-05-17,526.0800170898438,555.5399780273438,522.9199829101562,544.8499755859375,243180,0.0,0.0
2021-05-18,555.0,573.0,544.1699829101562,556.6099853515625,231450,0.0,0.0
2021-05-19,562.0,569.5999755859375,554.2000122070312,561.8300170898438,90270,0.0,0.0
2021-05-20,561.6500244140625,569.7999877929688,557.2999877929688,561.6300048828125,65745,0.0,0.0
2021-05-21,564.4400024414062,587.780029296875,561.989990234375,578.5999755859375,211445,0.0,0.0
2021-05-24,587.7999877929688,589.1799926757812,572.489990234375,578.219970703125,152220,0.0,0.0
2021-05-25,587.5999755859375,589.0,576.0499877929688,578.8200073242188,67645,0.0,0.0
2021-05-26,585.7999877929688,585.7999877929688,556.010009765625,562.6500244140625,116845,0.0,0.0
2021-05-27,568.0,570.0,545.989990234375,565.0499877929688,181175,0.0,0.0
2021-05-28,578.7999877929688,583.280029296875,567.5700073242188,572.4299926757812,64335,0.0,0.0
2021-05-31,575.2899780273438,583.0,571.72998046875,574.0399780273438,71415,0.0,0.0
2021-06-01,576.0,584.8499755859375,565.5599975585938,568.3200073242188,91735,0.0,0.0
2021-06-02,570.0,575.719970703125,565.8099975585938,569.4500122070312,48990,0.0,0.0
2021-06-03,572.2999877929688,579.1699829101562,565.77001953125,572.3200073242188,150360,0.0,0.0
2021-06-04,576.0,580.0,568.5700073242188,578.5599975585938,49980,0.0,0.0
2021-06-07,592.0,593.4000244140625,581.1300048828125,591.5700073242188,100415,0.0,0.0
2021-06-08,591.4000244140625,600.0,582.989990234375,596.1900024414062,55125,0.0,0.0
2021-06-09,581.0,599.0,580.0,582.1900024414062,59740,0.0,0.0
2021-06-10,591.7999877929688,598.760009765625,575.6900024414062,592.5900268554688,59400,0.0,0.0
2021-06-11,596.9000244140625,603.8499755859375,589.5999755859375,596.3400268554688,51005,0.0,0.0
2021-06-14,599.7999877929688,599.7999877929688,585.2000122070312,594.22998046875,42830,0.0,0.0
2021-06-15,597.2100219726562,607.5999755859375,594.030029296875,599.27001953125,236380,0.0,0.0
2021-06-16,598.0,617.239990234375,594.7999877929688,609.6699829101562,101300,0.0,0.0
2021-06-17,609.5399780273438,615.97998046875,599.5999755859375,612.5999755859375,51690,0.0,0.0
2021-06-18,613.4000244140625,618.4000244140625,597.0,612.9600219726562,47295,0.0,0.0
2021-06-21,611.5999755859375,679.1500244140625,605.3499755859375,668.6599731445312,369595,0.0,0.0
2021-06-22,661.7899780273438,675.0,641.4000244140625,645.8900146484375,155775,0.0,0.0
2021-06-23,665.5999755859375,665.5999755859375,637.0,647.8499755859375,67855,0.0,0.0
2021-06-24,650.0,659.7999877929688,644.1799926757812,655.1500244140625,90515,0.0,0.0
2021-06-25,659.0,659.5399780273438,647.4099731445312,650.0,68880,0.0,0.0
2021-06-28,653.5999755859375,710.0,647.4099731445312,688.3300170898438,304990,0.0,0.0
2021-06-29,682.2999877929688,691.0,673.0499877929688,679.9000244140625,82075,0.0,0.0
2021-06-30,683.2999877929688,689.9199829101562,672.25,676.6400146484375,45200,0.0,0.0
2021-07-01,679.7999877929688,686.0,669.6300048828125,678.969970703125,34890,0.0,0.0
2021-07-02,686.0,686.0,663.1400146484375,664.8499755859375,102470,0.0,0.0
2021-07-05,672.8499755859375,678.8900146484375,659.510009765625,662.3400268554688,73750,0.0,0.0
2021-07-06,667.97998046875,677.7999877929688,655.4099731445312,659.6300048828125,74085,0.0,0.0
2021-07-07,662.9299926757812,678.9500122070312,656.1199951171875,672.9099731445312,55975,0.0,0.0
2021-07-08,675.9099731445312,680.3800048828125,660.2000122070312,669.1900024414062,61705,0.0,0.0
2021-07-09,661.5499877929688,728.9400024414062,661.5499877929688,678.1599731445312,973945,0.0,0.0
2021-07-12,680.0,694.0,679.5399780273438,687.27001953125,149835,0.0,0.0
2021-07-13,693.989990234375,719.97998046875,684.25,685.6799926757812,86840,0.0,0.0
2021-07-14,692.0,697.219970703125,684.22998046875,689.47998046875,98225,0.0,0.0
2021-07-15,695.739990234375,695.739990234375,678.1799926757812,679.7899780273438,53245,0.0,0.0
2021-07-16,686.4000244140625,686.4000244140625,664.2100219726562,666.6900024414062,82665,0.0,0.0
2021-07-19,666.0,676.6900024414062,660.4400024414062,670.6300048828125,61045,0.0,0.0
2021-07-20,671.0,679.97998046875,650.8900146484375,675.8099975585938,70930,0.0,0.0
2021-07-22,679.7999877929688,720.0,676.0,688.9099731445312,256655,0.0,0.0
2021-07-23,697.8699951171875,706.0,678.9400024414062,700.25,137675,0.0,0.0
2021-07-26,710.0,717.6900024414062,689.0,695.760009765625,91365,0.0,0.0
2021-07-27,695.760009765625,702.2899780273438,681.9299926757812,689.780029296875,76245,0.0,0.0
2021-07-28,689.780029296875,705.0,684.0499877929688,698.8099975585938,52610,0.0,0.0
2021-07-29,706.0,708.5399780273438,685.6699829101562,691.280029296875,84150,0.0,0.0
2021-07-30,701.280029296875,703.0,684.4000244140625,691.5800170898438,68930,0.0,0.0
2021-08-02,701.0,701.0,686.0700073242188,691.6300048828125,72955,0.0,0.0
2021-08-03,692.0,705.2000122070312,683.0700073242188,698.489990234375,60560,0.0,0.0
2021-08-04,700.3800048828125,705.1900024414062,691.5999755859375,695.0599975585938,53965,0.0,0.0
2021-08-05,695.0599975585938,699.75,683.4000244140625,692.9099731445312,55085,0.0,0.0
2021-08-06,689.010009765625,693.8699951171875,682.4099731445312,690.280029296875,46440,0.0,0.0
2021-08-09,698.0,718.4000244140625,690.0,704.9600219726562,345705,0.0,0.0
2021-08-10,706.7999877929688,710.7999877929688,660.0399780273438,675.219970703125,149640,0.0,0.0
2021-08-11,676.0,683.4000244140625,630.0,648.3800048828125,213345,0.0,0.0
2021-08-12,653.0,662.4000244140625,637.4600219726562,657.969970703125,153235,0.0,0.0
2021-08-13,665.969970703125,682.0,651.0599975585938,658.5,80965,0.0,0.0
2021-08-16,661.97998046875,674.3900146484375,644.989990234375,652.8099975585938,74705,0.0,0.0
2021-08-17,653.969970703125,662.5999755859375,644.4099731445312,647.7899780273438,48960,0.0,0.0
2021-08-18,645.0,667.7899780273438,641.1099853515625,654.6599731445312,65375,0.0,0.0
2021-08-20,657.9400024414062,675.1099853515625,645.97998046875,663.1599731445312,101265,0.0,0.0
2021-08-23,668.4000244140625,670.3099975585938,641.3099975585938,644.2100219726562,122580,0.0,0.0
2021-08-24,644.2100219726562,644.2100219726562,630.0,630.97998046875,86345,0.0,0.0
2021-08-25,633.0,637.0,617.4099731445312,630.22998046875,126825,0.0,0.0
2021-08-26,631.0,632.1300048828125,620.4299926757812,625.2999877929688,63090,0.0,0.0
2021-08-27,624.0,628.6900024414062,620.75,626.469970703125,43380,0.0,0.0
2021-08-30,626.5,633.0700073242188,626.4000244140625,629.4099731445312,78405,0.0,0.0
2021-08-31,634.0,634.7999877929688,620.1900024414062,627.4099731445312,206945,0.0,0.0
2021-09-01,620.010009765625,638.0800170898438,620.010009765625,632.9600219726562,231805,0.0,0.0
2021-09-02,638.0,638.0,623.5900268554688,633.739990234375,90180,0.0,0.0
2021-09-03,641.75,658.0,637.02001953125,653.5999755859375,140890,0.0,0.0
2021-09-06,660.2000122070312,675.0,650.2000122070312,658.1699829101562,138790,0.0,0.0
2021-09-07,661.469970703125,665.7000122070312,642.9000244140625,663.0499877929688,95150,0.0,0.0
2021-09-08,665.7000122070312,696.8800048828125,641.3900146484375,681.010009765625,148105,0.0,0.5
2021-09-09,691.010009765625,700.1199951171875,681.010009765625,689.3200073242188,100380,0.0,0.0
2021-09-13,693.0,695.489990234375,680.0,693.0,55720,0.0,0.0
2021-09-14,696.0,696.0,680.4199829101562,685.5800170898438,78840,0.0,0.0
2021-09-15,689.010009765625,690.0,678.0,681.530029296875,50265,0.0,0.0
2021-09-16,684.9400024414062,685.5,670.2000122070312,677.239990234375,102765,0.0,0.0
2021-09-17,677.239990234375,692.7999877929688,661.2000122070312,688.780029296875,101275,0.0,0.0
2021-09-20,686.0,708.0599975585938,672.989990234375,684.989990234375,98090,0.0,0.0
2021-09-21,676.4500122070312,684.2100219726562,665.0,679.1099853515625,84820,0.0,0.0
2021-09-22,684.219970703125,689.1099853515625,674.0,676.52001953125,54825,0.0,0.0
2021-09-23,676.5999755859375,689.4000244140625,672.0,677.239990234375,49330,0.0,0.0
2021-09-24,673.3200073242188,684.0,667.0,673.469970703125,33995,0.0,0.0
2021-09-27,673.469970703125,688.4400024414062,670.0,674.0399780273438,49230,0.0,0.0
2021-09-28,674.0,675.8900146484375,632.239990234375,669.739990234375,115165,0.0,0.0
2021-09-29,665.739990234375,679.5900268554688,648.510009765625,675.75,77350,0.0,0.0
2021-09-30,679.1300048828125,679.1300048828125,664.219970703125,667.1300048828125,27930,0.0,0.0
2021-10-01,666.5999755859375,670.0,660.25,665.8099975585938,41380,0.0,0.0
2021-10-04,660.6099853515625,681.5999755859375,656.0999755859375,672.8699951171875,94530,0.0,0.0
2021-10-05,677.3900146484375,696.77001953125,673.3400268554688,681.489990234375,70535,0.0,0.0
2021-10-06,684.7999877929688,690.0700073242188,682.5999755859375,685.9099731445312,30170,0.0,0.0
2021-10-07,687.2000122070312,707.4000244140625,687.2000122070312,697.0700073242188,92485,0.0,0.0
2021-10-08,699.5800170898438,706.3800048828125,690.2000122070312,699.5900268554688,35175,0.0,0.0
2021-10-11,707.7000122070312,707.719970703125,699.5900268554688,702.8300170898438,35975,0.0,0.0
2021-10-12,703.0,718.9000244140625,692.8300170898438,700.5499877929688,91085,0.0,0.0
2021-10-13,696.1599731445312,734.760009765625,691.8300170898438,722.989990234375,147020,0.0,0.0
2021-10-14,730.0,782.2999877929688,730.0,768.5599975585938,397275,0.0,0.0
2021-10-18,806.0,806.0,746.7899780273438,754.1500244140625,114655,0.0,0.0
2021-10-19,750.0,790.0,727.0,741.4099731445312,105635,0.0,0.0
2021-10-20,741.4099731445312,751.4099731445312,700.2000122070312,710.0599975585938,113705,0.0,0.0
2021-10-21,713.7999877929688,734.3900146484375,702.0,712.52001953125,78085,0.0,0.0
2021-10-22,716.0900268554688,729.7999877929688,691.8499755859375,700.469970703125,72125,0.0,0.0
2021-10-25,701.0,704.5499877929688,660.0,662.989990234375,98780,0.0,0.0
2021-10-26,672.7999877929688,684.0,664.8200073242188,673.1300048828125,63530,0.0,0.0
2021-10-27,676.5,693.1300048828125,663.2000122070312,686.7999877929688,57825,0.0,0.0
2021-10-28,696.7999877929688,700.5999755859375,666.7999877929688,674.8300170898438,52400,0.0,0.0
2021-10-29,674.8300170898438,692.0,664.2999877929688,680.8300170898438,45495,0.0,0.0
2021-11-01,684.239990234375,689.0,673.75,684.469970703125,35910,0.0,0.0
2021-11-02,693.989990234375,697.9299926757812,682.3400268554688,690.7999877929688,48390,0.0,0.0
2021-11-03,698.0,704.2000122070312,688.219970703125,700.9099731445312,31380,0.0,0.0
2021-11-04,706.0900268554688,727.0,692.4000244140625,707.0999755859375,27045,0.0,0.0
2021-11-08,716.0,768.6799926757812,701.22998046875,748.030029296875,146520,0.0,0.0
2021-11-09,750.0,755.510009765625,726.5999755859375,731.9000244140625,65035,0.0,0.0
2021-11-10,735.5599975585938,740.0599975585938,715.0,717.77001953125,45890,0.0,0.0
2021-11-11,708.030029296875,717.760009765625,688.5999755859375,690.780029296875,65575,0.0,0.0
2021-11-12,682.0999755859375,698.0,682.0999755859375,696.22998046875,109900,0.0,0.0
2021-11-15,687.719970703125,696.22998046875,676.22998046875,689.72998046875,93830,0.0,0.0
2021-11-16,695.3300170898438,718.5599975585938,690.6699829101562,706.5999755859375,123680,0.0,0.0
2021-11-17,707.0,714.4299926757812,690.02001953125,698.25,75655,0.0,0.0
2021-11-18,691.2000122070312,701.7999877929688,677.0,690.9400024414062,35065,0.0,0.0
2021-11-22,690.0,690.1400146484375,650.0,661.4400024414062,61120,0.0,0.0
2021-11-23,654.0,677.6099853515625,645.47998046875,666.6099853515625,37610,0.0,0.0
2021-11-24,669.9500122070312,711.0,666.7100219726562,700.6900024414062,80875,0.0,0.0
2021-11-25,710.0,710.0,680.280029296875,690.760009765625,35260,0.0,0.0
2021-11-26,688.0,695.0800170898438,673.4400024414062,685.030029296875,56165,0.0,0.0
2021-11-29,675.030029296875,676.2000122070312,650.0,654.02001953125,66945,0.0,0.0
2021-11-30,650.7000122070312,662.7999877929688,635.0,639.9099731445312,113005,0.0,0.0
2021-12-01,636.0499877929688,644.27001953125,626.72998046875,640.3200073242188,60630,0.0,0.0
2021-12-02,642.8300170898438,650.0,641.5999755859375,645.72998046875,36545,0.0,0.0
2021-12-03,649.7999877929688,652.2000122070312,640.0,646.5999755859375,261165,0.0,0.0
2021-12-06,646.5999755859375,663.6699829101562,635.0,644.8699951171875,246810,0.0,0.0
2021-12-07,652.0,659.5800170898438,641.0499877929688,654.7000122070312,38260,0.0,0.0
2021-12-08,660.8400268554688,670.5499877929688,649.030029296875,657.5900268554688,59955,0.0,0.0
2021-12-09,660.8800048828125,663.9600219726562,656.010009765625,661.6300048828125,23500,0.0,0.0
2021-12-10,664.7999877929688,670.0,654.7999877929688,658.3699951171875,30335,0.0,0.0
2021-12-13,661.6699829101562,672.0,648.3699951171875,650.6900024414062,43000,0.0,0.0
2021-12-14,653.9500122070312,656.989990234375,641.4000244140625,649.1500244140625,21440,0.0,0.0
2021-12-15,649.1500244140625,653.9299926757812,636.8800048828125,638.6199951171875,34555,0.0,0.0
2021-12-16,641.8200073242188,644.3499755859375,632.8499755859375,636.0999755859375,87195,0.0,0.0
2021-12-17,642.030029296875,642.030029296875,630.2000122070312,634.9099731445312,29590,0.0,0.0
2021-12-20,630.0,655.0,619.7999877929688,642.75,61065,0.0,0.0
2021-12-21,649.5999755859375,655.6199951171875,629.0,633.969970703125,48875,0.0,0.0
2021-12-22,631.0,654.0,631.0,651.9400024414062,38570,0.0,0.0
2021-12-23,651.9400024414062,654.8099975585938,648.0,650.4299926757812,16800,0.0,0.0
2021-12-24,645.7999877929688,650.0,640.4299926757812,644.7999877929688,21175,0.0,0.0
2021-12-27,648.0,654.9299926757812,636.5999755859375,639.8400268554688,34430,0.0,0.0
2021-12-28,647.1099853515625,647.1099853515625,639.010009765625,643.3200073242188,141960,0.0,0.0
2021-12-29,647.0,654.8800048828125,643.4000244140625,647.3200073242188,43430,0.0,0.0
2021-12-30,651.47998046875,651.47998046875,630.3300170898438,633.0399780273438,94840,0.0,0.0
2021-12-31,636.0,639.75,630.5900268554688,636.2000122070312,72930,0.0,0.0
2022-01-03,636.2000122070312,669.9400024414062,632.0,652.739990234375,119290,0.0,0.0
2022-01-04,656.010009765625,661.0,646.2000122070312,652.6099853515625,42815,0.0,0.0
2022-01-05,648.2000122070312,654.5800170898438,638.52001953125,643.1400146484375,49775,0.0,0.0
2022-01-06,642.0,643.0,630.0,635.6199951171875,193295,0.0,0.0
2022-01-07,633.0,639.9299926757812,626.5999755859375,631.4099731445312,144675,0.0,0.0
2022-01-10,633.739990234375,671.5999755859375,621.3300170898438,662.8699951171875,209860,0.0,0.0
2022-01-11,670.0,670.0,655.9600219726562,661.02001953125,57235,0.0,0.0
2022-01-12,669.7999877929688,674.9400024414062,656.4000244140625,672.1400146484375,65140,0.0,0.0
2022-01-13,672.2000122070312,683.7899780273438,665.010009765625,667.0,80100,0.0,0.0
2022-01-14,657.010009765625,669.5999755859375,656.0,664.4500122070312,54920,0.0,0.0
2022-01-17,669.0,672.0,656.1500244140625,660.0999755859375,31620,0.0,0.0
2022-01-18,669.3499755859375,669.3499755859375,653.9299926757812,656.1900024414062,101580,0.0,0.0
2022-01-19,654.0,655.239990234375,643.7999877929688,650.8400268554688,35065,0.0,0.0
2022-01-20,654.0999755859375,656.7999877929688,639.7999877929688,648.8300170898438,36455,0.0,0.0
2022-01-21,647.0,648.260009765625,634.25,643.9299926757812,40990,0.0,0.0
2022-01-24,640.0,640.0,601.010009765625,617.239990234375,194340,0.0,0.0
2022-01-25,607.239990234375,628.0,597.0,600.5900268554688,169195,0.0,0.0
2022-01-27,608.0,620.0,581.9299926757812,615.489990234375,84695,0.0,0.0
2022-01-28,620.0,628.9400024414062,606.0,626.8499755859375,49390,0.0,0.0
2022-01-31,629.0,646.8499755859375,622.0999755859375,636.5700073242188,27350,0.0,0.0
2022-02-01,636.0,637.1900024414062,620.9099731445312,630.9299926757812,50210,0.0,0.0
2022-02-02,636.97998046875,638.9400024414062,623.4000244140625,626.3800048828125,25935,0.0,0.0
2022-02-03,629.2000122070312,637.9400024414062,623.2000122070312,627.969970703125,26945,0.0,0.0
2022-02-04,631.1099853515625,631.1099853515625,620.02001953125,622.02001953125,19065,0.0,0.0
2022-02-07,620.02001953125,623.9600219726562,608.8499755859375,620.1500244140625,91065,0.0,0.0
2022-02-08,623.260009765625,623.260009765625,604.4000244140625,610.1900024414062,38375,0.0,0.0
2022-02-09,610.1900024414062,618.8300170898438,607.5999755859375,609.1199951171875,24240,0.0,0.0
2022-02-10,612.1699829101562,615.1300048828125,603.2999877929688,612.8200073242188,26750,0.0,0.0
2022-02-11,609.469970703125,612.8200073242188,601.0499877929688,610.0499877929688,58140,0.0,0.0
2022-02-14,600.0499877929688,602.6199951171875,581.2899780273438,595.1699829101562,94475,0.0,0.0
2022-02-15,580.0599975585938,595.530029296875,570.0,590.260009765625,90015,0.0,0.0
2022-02-16,592.0,609.9199829101562,580.010009765625,605.47998046875,91775,0.0,0.0
2022-02-17,608.2000122070312,608.7999877929688,590.0,598.9000244140625,36545,0.0,0.0
2022-02-18,592.0499877929688,601.9000244140625,587.0,591.3499755859375,53040,0.0,0.0
2022-02-21,582.4400024414062,589.7999877929688,574.02001953125,586.5900268554688,40050,0.0,0.0
2022-02-22,574.510009765625,584.989990234375,558.0,570.02001953125,117190,0.0,0.0
2022-02-23,572.8800048828125,575.0700073242188,561.0999755859375,571.280029296875,93860,0.0,0.0
2022-02-24,563.4000244140625,575.0,540.530029296875,566.260009765625,96210,0.0,0.0
2022-02-25,567.0,600.0,566.260009765625,594.030029296875,74930,0.0,0.0
2022-02-28,584.030029296875,592.0,572.1400146484375,591.5599975585938,53545,0.0,0.0
2022-03-02,583.0,593.97998046875,569.6099853515625,580.1300048828125,316945,0.0,0.0
2022-03-03,582.0,583.0399780273438,565.7999877929688,569.9600219726562,110465,0.0,0.0
2022-03-04,571.0,574.010009765625,558.6300048828125,570.9000244140625,69465,0.0,0.0
2022-03-07,560.0,577.9600219726562,548.0,559.8400268554688,108865,0.0,0.0
2022-03-08,559.0,562.0,550.5700073242188,557.6799926757812,35230,0.0,0.0
2022-03-09,560.469970703125,563.8599853515625,554.4199829101562,560.4199829101562,94835,0.0,0.0
2022-03-10,562.7999877929688,567.2899780273438,554.4000244140625,561.280029296875,74785,0.0,0.0
2022-03-11,562.0,572.0,558.5399780273438,569.2000122070312,23370,0.0,0.0
2022-03-14,572.0499877929688,572.0499877929688,549.3699951171875,551.3499755859375,53865,0.0,0.0
2022-03-15,553.780029296875,562.010009765625,531.6599731445312,540.5800170898438,179175,0.0,0.0
2022-03-16,550.0,555.72998046875,523.9600219726562,535.6099853515625,152840,0.0,0.0
2022-03-17,546.0,555.4000244140625,541.1300048828125,545.510009765625,51485,0.0,0.0
2022-03-21,545.510009765625,551.4500122070312,539.0,545.72998046875,55750,0.0,0.0
2022-03-22,548.0,548.0,536.0,541.2000122070312,50295,0.0,0.0
2022-03-23,542.7999877929688,547.22998046875,535.510009765625,538.6099853515625,49160,0.0,0.0
2022-03-24,538.6099853515625,542.0,532.4500122070312,540.6400146484375,36490,0.0,0.0
2022-03-25,540.6400146484375,550.9400024414062,537.5700073242188,549.0599975585938,53365,0.0,0.0
2022-03-28,547.7999877929688,551.8099975585938,533.5499877929688,535.8699951171875,51995,0.0,0.0
2022-03-29,539.5999755859375,559.6799926757812,534.8400268554688,550.5700073242188,64405,0.0,0.0
2022-03-30,551.7999877929688,582.510009765625,550.2000122070312,570.8599853515625,81930,0.0,0.0
2022-03-31,577.4000244140625,600.0,560.0,564.3499755859375,63595,0.0,0.0
2022-04-01,569.9600219726562,579.5999755859375,566.5,575.4400024414062,29305,0.0,0.0
2022-04-04,580.0,591.3200073242188,568.4000244140625,580.2899780273438,101470,0.0,0.0
2022-04-05,590.0,591.4000244140625,578.7999877929688,580.3400268554688,49570,0.0,0.0
2022-04-06,581.7999877929688,583.7000122070312,572.6799926757812,578.6099853515625,45180,0.0,0.0
2022-04-07,578.6099853515625,595.0,578.6099853515625,590.260009765625,87240,0.0,0.0
2022-04-08,601.3599853515625,618.0,591.02001953125,614.3900146484375,74385,0.0,0.0
2022-04-11,621.4000244140625,639.7999877929688,620.0,638.02001953125,103055,0.0,0.0
2022-04-12,640.2000122070312,654.6300048828125,627.239990234375,638.1300048828125,125705,0.0,0.0
2022-04-13,641.3300170898438,651.0,636.2000122070312,640.8699951171875,62905,0.0,0.0
2022-04-18,640.0,648.0,630.0,640.97998046875,153040,0.0,0.0
2022-04-19,646.97998046875,659.3200073242188,635.0900268554688,649.5900268554688,98925,0.0,0.0
2022-04-20,649.0,649.1300048828125,618.72998046875,624.1599731445312,72080,0.0,0.0
2022-04-21,630.2000122070312,633.0,616.469970703125,625.9199829101562,36925,0.0,0.0
2022-04-22,616.5999755859375,630.97998046875,606.530029296875,613.239990234375,56140,0.0,0.0
2022-04-25,607.2100219726562,617.1699829101562,601.2000122070312,614.3099975585938,130950,0.0,0.0
2022-04-26,617.3900146484375,620.0,613.260009765625,614.6599731445312,31720,0.0,0.0
2022-04-27,614.0,614.5900268554688,597.239990234375,605.0900268554688,150390,0.0,0.0
2022-04-28,605.2000122070312,610.0,600.0,602.27001953125,46740,0.0,0.0
2022-04-29,602.4000244140625,611.3400268554688,594.010009765625,610.0599975585938,55875,0.0,0.0
2022-05-02,610.0599975585938,610.5800170898438,590.4000244140625,594.4500122070312,45240,0.0,0.0
2022-05-04,596.7999877929688,610.0,594.4600219726562,607.1599731445312,50110,0.0,0.0
2022-05-05,618.0,618.0,590.4000244140625,600.0900268554688,32660,0.0,0.0
2022-05-06,599.7999877929688,603.739990234375,580.010009765625,582.1400146484375,58445,0.0,0.0
2022-05-09,581.7999877929688,590.8800048828125,570.0,583.6699829101562,52830,0.0,0.0
2022-05-10,586.5900268554688,616.219970703125,575.9000244140625,593.6199951171875,78825,0.0,0.0
2022-05-11,580.22998046875,600.0,578.8900146484375,588.2000122070312,61070,0.0,0.0
2022-05-12,595.5700073242188,595.5700073242188,570.5599975585938,580.2000122070312,71870,0.0,0.0
2022-05-13,595.4000244140625,595.4000244140625,577.9299926757812,581.0399780273438,86020,0.0,0.0
2022-05-16,583.9500122070312,601.5999755859375,575.2100219726562,590.739990234375,64170,0.0,0.0
2022-05-17,600.0,602.7999877929688,586.9600219726562,600.22998046875,28575,0.0,0.0
2022-05-18,603.22998046875,605.97998046875,573.9199829101562,579.3900146484375,44720,0.0,0.0
2022-05-19,579.3900146484375,586.0,562.510009765625,574.2100219726562,43490,0.0,0.0
2022-05-20,577.0900268554688,591.4199829101562,572.0499877929688,586.3699951171875,17840,0.0,0.0
2022-05-23,589.3099975585938,591.0,580.0,581.010009765625,21380,0.0,0.0
2022-05-24,581.010009765625,591.97998046875,570.0,579.280029296875,81330,0.0,0.0
2022-05-25,579.280029296875,581.9299926757812,552.1400146484375,565.0900268554688,77750,0.0,0.0
2022-05-26,574.0,575.97998046875,555.9600219726562,574.030029296875,40410,0.0,0.0
2022-05-27,585.2000122070312,585.2000122070312,561.989990234375,575.8699951171875,26630,0.0,0.0
2022-05-30,566.27001953125,593.5999755859375,566.27001953125,591.52001953125,63580,0.0,0.0
2022-05-31,591.52001953125,602.0,577.6699829101562,594.4600219726562,49450,0.0,0.0
2022-06-01,597.4400024414062,636.0,596.0800170898438,631.510009765625,98075,0.0,0.0
2022-06-02,634.6699829101562,636.4099731445312,624.2100219726562,631.4299926757812,24805,0.0,0.0
2022-06-03,631.4299926757812,644.0,614.0,622.1699829101562,35715,0.0,0.0
2022-06-06,642.1699829101562,655.6599731445312,628.0700073242188,632.4000244140625,158395,0.0,0.0
2022-06-07,632.0,638.0999755859375,624.4000244140625,629.8200073242188,29520,0.0,0.0
2022-06-08,629.8200073242188,632.3099975585938,613.7999877929688,619.239990234375,21780,0.0,0.0
2022-06-09,622.3400268554688,622.3400268554688,593.489990234375,598.3800048828125,175515,0.0,0.0
2022-06-10,593.530029296875,597.0,579.5999755859375,589.469970703125,97450,0.0,0.0
2022-06-13,584.0,588.0,575.0,577.6300048828125,54080,0.0,0.0
2022-06-14,574.0,587.010009765625,570.530029296875,582.3099975585938,25155,0.0,0.0
2022-06-15,580.0,585.969970703125,577.0,583.0700073242188,20590,0.0,0.0
2022-06-16,590.4000244140625,621.0,572.4400024414062,578.2999877929688,54635,0.0,0.0
2022-06-17,570.0,587.0,564.8300170898438,580.3800048828125,38830,0.0,0.0
2022-06-20,578.0,582.5599975585938,564.0,568.6699829101562,43615,0.0,0.0
2022-06-21,571.52001953125,579.5999755859375,564.0,569.989990234375,20735,0.0,0.0
2022-06-22,572.8400268554688,575.8800048828125,569.5999755859375,572.030029296875,21205,0.0,0.0
2022-06-23,574.9000244140625,595.989990234375,574.02001953125,589.4400024414062,25420,0.0,0.0
2022-06-24,592.3900146484375,592.3900146484375,585.2100219726562,586.2000122070312,16315,0.0,0.0
2022-06-27,597.9099731445312,597.9099731445312,568.7999877929688,583.719970703125,107695,0.0,0.0
2022-06-28,589.5599975585938,599.989990234375,578.3499755859375,592.0900268554688,19905,0.0,0.0
2022-06-29,595.0599975585938,605.0999755859375,592.0,600.3599853515625,22060,0.0,0.0
2022-06-30,603.3699951171875,618.4000244140625,593.0499877929688,615.6699829101562,30915,0.0,0.0
2022-07-01,618.75,618.75,594.469970703125,604.6900024414062,21795,0.0,0.0
2022-07-04,607.5900268554688,617.989990234375,607.3900146484375,615.0399780273438,26380,0.0,0.0
2022-07-05,619.7899780273438,641.0,619.780029296875,630.5499877929688,106930,0.0,0.0
2022-07-06,633.7100219726562,643.5999755859375,630.4199829101562,633.8499755859375,66580,0.0,0.0
2022-07-07,637.02001953125,639.780029296875,630.2000122070312,633.2999877929688,40550,0.0,0.0
2022-07-08,636.469970703125,637.2999877929688,614.0,633.8200073242188,115955,0.0,0.0
2022-07-11,639.530029296875,641.989990234375,632.010009765625,635.8599853515625,36045,0.0,0.0
2022-07-12,635.8599853515625,644.1799926757812,631.6900024414062,637.8800048828125,69600,0.0,0.0
2022-07-13,644.0,644.0,622.8400268554688,628.6199951171875,23690,0.0,0.0
2022-07-14,631.77001953125,634.0,616.530029296875,621.7100219726562,24010,0.0,0.0
2022-07-15,621.6199951171875,621.6199951171875,604.0,608.9099731445312,104210,0.0,0.0
2022-07-18,621.0700073242188,651.989990234375,612.22998046875,644.8099975585938,103250,0.0,0.0
2022-07-19,651.4000244140625,671.0,647.27001953125,663.739990234375,229840,0.0,0.0
2022-07-20,668.0,686.5499877929688,668.0,675.8300170898438,124695,0.0,0.0
2022-07-21,684.0,684.0,667.219970703125,678.6500244140625,71330,0.0,0.0
2022-07-22,678.6500244140625,678.6500244140625,662.8400268554688,670.3300170898438,52995,0.0,0.0
2022-07-25,680.2000122070312,684.0,662.8400268554688,665.6099853515625,24050,0.0,0.0
2022-07-26,668.0,668.0,646.0,652.0900268554688,37935,0.0,0.0
2022-07-27,652.0900268554688,657.1900024414062,645.1099853515625,645.8900146484375,38210,0.0,0.0
2022-07-28,657.5800170898438,659.7999877929688,645.1099853515625,647.4099731445312,33545,0.0,0.0
2022-07-29,650.6500244140625,666.989990234375,645.1099853515625,659.739990234375,62705,0.0,0.0
2022-08-01,668.7999877929688,671.2000122070312,655.0,660.2999877929688,41185,0.0,0.0
2022-08-02,662.0,664.9500122070312,641.1099853515625,650.4099731445312,43785,0.0,0.0
2022-08-03,650.4099731445312,653.6699829101562,641.3099975585938,650.0599975585938,70660,0.0,0.0
2022-08-04,653.3200073242188,662.989990234375,642.47998046875,645.969970703125,60775,0.0,0.0
2022-08-05,653.0,653.0,596.0,604.0499877929688,165240,0.0,0.0
2022-08-08,604.0,629.0,600.4099731445312,624.9500122070312,98045,0.0,0.0
2022-08-10,629.9400024414062,631.4000244140625,618.239990234375,624.6900024414062,97195,0.0,0.0
2022-08-11,629.7999877929688,629.8099975585938,610.2000122070312,617.510009765625,89895,0.0,0.0
2022-08-12,619.0,621.0,614.1300048828125,620.010009765625,81610,0.0,0.0
2022-08-16,623.1199951171875,623.1199951171875,612.77001953125,616.989990234375,97055,0.0,0.0
2022-08-17,624.0,624.0,610.2000122070312,613.8699951171875,43920,0.0,0.0
2022-08-18,616.9400024414062,617.7899780273438,605.52001953125,611.0999755859375,89975,0.0,0.0
2022-08-19,610.47998046875,621.010009765625,608.4000244140625,612.1599731445312,105930,0.0,0.0
2022-08-22,615.22998046875,617.3200073242188,601.6500244140625,614.22998046875,153925,0.0,0.0
2022-08-23,614.4299926757812,628.739990234375,612.2000122070312,620.5900268554688,165880,0.0,0.0
2022-08-24,625.0,656.9000244140625,625.0,651.0900268554688,201335,0.0,0.0
2022-08-25,655.0,670.0,650.510009765625,658.8400268554688,214625,0.0,0.0
2022-08-26,662.1400146484375,665.989990234375,657.2000122070312,663.77001953125,105955,0.0,0.0
2022-08-29,659.7999877929688,667.0900268554688,646.9400024414062,658.6099853515625,105155,0.0,0.0
2022-08-30,661.9099731445312,713.989990234375,654.469970703125,697.3800048828125,182055,0.0,0.0
2022-09-01,697.3800048828125,699.7999877929688,677.0,687.72998046875,123035,0.0,0.0
2022-09-02,687.72998046875,690.0,681.2000122070312,686.3200073242188,169920,0.0,0.0
2022-09-05,690.0,691.0,677.9000244140625,684.52001953125,187180,0.0,1.4
2022-09-06,688.75,700.0,682.9199829101562,699.4600219726562,142615,0.0,0.0
2022-09-07,698.7999877929688,737.5399780273438,694.8099975585938,731.9400024414062,252340,0.0,0.0
2022-09-08,735.0,750.969970703125,724.4000244140625,730.5,214890,0.0,0.0
2022-09-09,731.5999755859375,742.9600219726562,721.1099853515625,738.9199829101562,111575,0.0,0.0
2022-09-12,743.0,750.9500122070312,715.0599975585938,730.1099853515625,177155,0.0,0.0
2022-09-13,739.5999755859375,739.7999877929688,716.219970703125,724.9500122070312,229675,0.0,0.0
2022-09-14,720.0,723.5999755859375,692.0700073242188,705.4500122070312,136545,0.0,0.0
2022-09-15,708.97998046875,714.6900024414062,691.510009765625,700.4600219726562,189120,0.0,0.0
2022-09-16,698.3300170898438,713.989990234375,680.469970703125,698.469970703125,1192870,0.0,0.0
2022-09-19,696.0,701.7899780273438,682.0900268554688,689.4199829101562,53450,0.0,0.0
2022-09-20,692.7999877929688,698.9400024414062,687.3699951171875,695.6500244140625,70945,0.0,0.0
2022-09-21,699.1300048828125,704.4299926757812,693.02001953125,698.4600219726562,99110,0.0,0.0
2022-09-22,698.989990234375,708.4600219726562,690.2000122070312,696.8900146484375,83705,0.0,0.0
2022-09-23,699.5999755859375,699.5999755859375,670.530029296875,684.7999877929688,14005,0.0,0.0
2022-09-26,674.9000244140625,679.989990234375,666.0,670.9199829101562,53840,0.0,0.0
2022-09-27,668.0,678.5499877929688,660.0,668.6099853515625,34475,0.0,0.0
2022-09-28,669.7999877929688,680.72998046875,668.6099853515625,676.0,20625,0.0,0.0
2022-09-29,678.0,683.97998046875,668.5499877929688,675.97998046875,38865,0.0,0.0
2022-09-30,675.7999877929688,695.97998046875,669.0,688.510009765625,44515,0.0,0.0
2022-10-03,691.9600219726562,698.0,680.969970703125,692.3800048828125,31580,0.0,0.0
2022-10-04,695.8499755859375,702.3800048828125,690.0,697.0800170898438,30530,0.0,0.0
2022-10-06,702.989990234375,707.0700073242188,694.2100219726562,699.9400024414062,74895,0.0,0.0
2022-10-07,703.4400024414062,703.4400024414062,689.0,694.9299926757812,97380,0.0,0.0
2022-10-10,698.0,698.0,676.4000244140625,682.6400146484375,24385,0.0,0.0
2022-10-11,686.0,689.010009765625,670.2100219726562,682.489990234375,18465,0.0,0.0
2022-10-12,685.5999755859375,685.9099731445312,671.0999755859375,678.8400268554688,25735,0.0,0.0
2022-10-13,682.0,682.22998046875,671.7000122070312,677.6400146484375,19065,0.0,0.0
2022-10-14,681.030029296875,698.0,677.7100219726562,690.469970703125,33330,0.0,0.0
2022-10-17,709.739990234375,710.0,690.739990234375,696.7000122070312,118770,0.0,0.0
2022-10-18,698.7999877929688,698.7999877929688,690.010009765625,696.4400024414062,31365,0.0,0.0
2022-10-19,697.7999877929688,699.4500122070312,686.7999877929688,690.530029296875,32285,0.0,0.0
2022-10-20,690.530029296875,690.719970703125,680.02001953125,682.989990234375,21765,0.0,0.0
2022-10-21,686.4099731445312,692.989990234375,680.77001953125,691.2100219726562,99460,0.0,0.0
2022-10-24,700.0499877929688,727.1699829101562,692.2999877929688,714.52001953125,54655,0.0,0.0
2022-10-25,710.2999877929688,715.0,696.1300048828125,701.8900146484375,46170,0.0,0.0
2022-10-27,711.5999755859375,711.5999755859375,696.0399780273438,707.75,87760,0.0,0.0
2022-10-28,709.97998046875,712.0,699.3400268554688,705.3099975585938,31450,0.0,0.0
2022-10-31,705.2000122070312,708.8300170898438,695.6599731445312,700.1699829101562,38420,0.0,0.0
2022-11-01,701.5999755859375,710.1699829101562,688.2000122070312,699.6900024414062,55010,0.0,0.0
2022-11-02,701.0,706.5,695.0,698.969970703125,43955,0.0,0.0
2022-11-03,687.0,700.2000122070312,683.1599731445312,699.489990234375,32250,0.0,0.0
2022-11-04,702.4000244140625,702.4000244140625,691.2000122070312,698.02001953125,21050,0.0,0.0
2022-11-07,700.7000122070312,707.7999877929688,692.6400146484375,697.02001953125,61835,0.0,0.0
2022-11-09,697.02001953125,699.989990234375,683.2000122070312,685.2999877929688,21865,0.0,0.0
2022-11-10,684.030029296875,685.2999877929688,670.030029296875,674.4400024414062,49280,0.0,0.0
2022-11-11,677.8200073242188,689.7999877929688,675.0,684.47998046875,35275,0.0,0.0
2022-11-14,684.47998046875,684.47998046875,676.7999877929688,680.8699951171875,132720,0.0,0.0
2022-11-15,679.3099975585938,684.27001953125,670.2000122070312,673.2999877929688,25145,0.0,0.0
2022-11-16,676.6699829101562,676.6699829101562,661.0,663.4000244140625,39265,0.0,0.0
2022-11-17,665.5700073242188,666.9400024414062,651.489990234375,660.3800048828125,43765,0.0,0.0
2022-11-18,663.6900024414062,663.6900024414062,648.0,651.469970703125,17455,0.0,0.0
2022-11-21,654.72998046875,662.9400024414062,650.5800170898438,660.5700073242188,24750,0.0,0.0
2022-11-22,663.8800048828125,724.5499877929688,619.0,658.0599975585938,132305,0.0,0.0
2022-11-23,658.0,667.2000122070312,651.6799926757812,652.6500244140625,18045,0.0,0.0
2022-11-24,655.9099731445312,669.7999877929688,655.4500122070312,660.7999877929688,37010,0.0,0.0
2022-11-25,664.0999755859375,673.0,660.489990234375,664.8699951171875,23550,0.0,0.0
2022-11-28,671.5999755859375,674.3699951171875,656.0,662.0,36980,0.0,0.0
2022-11-29,665.0,668.4000244140625,656.02001953125,663.9400024414062,17120,0.0,0.0
2022-11-30,660.2000122070312,685.9400024414062,660.2000122070312,679.7000122070312,43865,0.0,0.0
2022-12-01,683.0999755859375,689.0,673.2000122070312,686.8800048828125,26955,0.0,0.0
2022-12-02,689.0,691.219970703125,681.010009765625,685.7899780273438,16320,0.0,0.0
2022-12-05,691.1300048828125,692.5700073242188,675.1799926757812,683.0900268554688,49275,0.0,0.0
2022-12-06,686.510009765625,691.5999755859375,677.989990234375,679.530029296875,22570,0.0,0.0
2022-12-07,684.030029296875,689.47998046875,676.0,680.1500244140625,29680,0.0,0.0
2022-12-08,677.0,684.02001953125,673.8200073242188,680.0999755859375,41015,0.0,0.0
2022-12-09,683.510009765625,691.4000244140625,680.030029296875,686.3200073242188,36695,0.0,0.0
2022-12-12,691.0,691.0,682.469970703125,686.9199829101562,86745,0.0,0.0
2022-12-13,690.0,691.1900024414062,677.1300048828125,680.0599975585938,25560,0.0,0.0
2022-12-14,683.469970703125,685.7999877929688,672.0,674.0800170898438,17250,0.0,0.0
2022-12-15,674.0800170898438,681.7999877929688,674.0399780273438,676.510009765625,20030,0.0,0.0
2022-12-16,676.510009765625,679.7899780273438,646.22998046875,654.1300048828125,74330,0.0,0.0
2022-12-19,649.6500244140625,664.1300048828125,649.3200073242188,658.4000244140625,17030,0.0,0.0
2022-12-20,659.0,663.97998046875,651.2100219726562,658.1099853515625,26710,0.0,0.0
2022-12-21,661.0,663.3499755859375,640.0,645.8599853515625,43765,0.0,0.0
2022-12-22,649.0,649.0,627.2000122070312,640.1799926757812,44155,0.0,0.0
2022-12-23,640.010009765625,640.1699829101562,620.0,625.5399780273438,64140,0.0,0.0
2022-12-26,625.010009765625,635.4000244140625,601.3400268554688,620.010009765625,66520,0.0,0.0
2022-12-27,624.9600219726562,637.489990234375,606.469970703125,615.6799926757812,61840,0.0,0.0
2022-12-28,618.760009765625,624.9600219726562,613.9299926757812,616.9500122070312,13030,0.0,0.0
2022-12-29,607.7000122070312,625.0,607.7000122070312,621.1900024414062,26920,0.0,0.0
2022-12-30,624.0,629.7999877929688,616.010009765625,623.1599731445312,23790,0.0,0.0
2023-01-02,623.2000122070312,627.97998046875,610.0,616.75,78440,0.0,0.0
2023-01-03,614.0,626.1300048828125,614.0,624.5599975585938,23610,0.0,0.0
2023-01-04,627.6900024414062,627.6900024414062,620.52001953125,625.3300170898438,20505,0.0,0.0
2023-01-05,620.0,629.7999877929688,618.97998046875,625.1099853515625,36150,0.0,0.0
2023-01-06,620.0700073242188,628.0,608.5,614.4400024414062,55210,0.0,0.0
2023-01-09,617.52001953125,619.6900024414062,607.219970703125,614.27001953125,31895,0.0,0.0
2023-01-10,614.27001953125,617.260009765625,603.97998046875,611.3599853515625,38835,0.0,0.0
2023-01-11,610.0,614.4199829101562,601.3599853515625,604.510009765625,18910,0.0,0.0
2023-01-12,607.5399780273438,608.7100219726562,599.0,605.3400268554688,26710,0.0,0.0
2023-01-13,605.7000122070312,608.9400024414062,600.7899780273438,603.6099853515625,9020,0.0,0.0
2023-01-16,606.6300048828125,609.0,594.0,597.3599853515625,20195,0.0,0.0
2023-01-17,598.0,598.6799926757812,585.0,586.27001953125,28805,0.0,0.0
2023-01-18,585.0,592.7999877929688,580.0,590.5900268554688,28410,0.0,0.0
2023-01-19,590.5999755859375,595.9400024414062,584.2000122070312,593.02001953125,25330,0.0,0.0
2023-01-20,592.010009765625,592.9600219726562,586.0,591.8099975585938,53355,0.0,0.0
2023-01-23,593.0,594.0,583.2000122070312,588.3099975585938,32080,0.0,0.0
2023-01-24,588.0,593.1699829101562,580.0,584.1199951171875,21385,0.0,0.0
2023-01-25,586.0,586.0,574.0,575.5599975585938,28805,0.0,0.0
2023-01-27,570.4500122070312,582.3300170898438,567.8200073242188,572.7999877929688,34715,0.0,0.0
2023-01-30,572.7999877929688,592.7999877929688,569.2000122070312,582.6300048828125,27105,0.0,0.0
2023-01-31,582.6300048828125,589.0,578.0,583.2100219726562,19105,0.0,0.0
2023-02-01,586.1300048828125,597.9400024414062,573.989990234375,583.469970703125,27345,0.0,0.0
2023-02-02,586.3900146484375,595.7999877929688,580.1699829101562,587.010009765625,24955,0.0,0.0
2023-02-03,589.9500122070312,595.0,579.8800048828125,589.5,22855,0.0,0.0
2023-02-06,592.3599853515625,596.9400024414062,582.6300048828125,587.5599975585938,20410,0.0,0.0
2023-02-07,590.4000244140625,630.0,588.2100219726562,621.9600219726562,97700,0.0,0.0
2023-02-08,621.9600219726562,638.9400024414062,614.2000122070312,633.989990234375,57575,0.0,0.0
2023-02-09,638.4000244140625,638.5399780273438,618.010009765625,624.5399780273438,18925,0.0,0.0
2023-02-10,614.0,614.0,585.22998046875,590.6400146484375,154415,0.0,0.0
2023-02-13,590.239990234375,596.7899780273438,557.4099731445312,570.6300048828125,144055,0.0,0.0
2023-02-14,567.7999877929688,570.0,552.4099731445312,556.0,159290,0.0,0.0
2023-02-15,552.5599975585938,574.97998046875,552.5599975585938,570.5,47785,0.0,0.0
2023-02-16,570.5499877929688,583.0,566.0499877929688,577.3800048828125,53285,0.0,0.0
2023-02-17,580.27001953125,596.7100219726562,575.9500122070312,587.0999755859375,126250,0.0,0.0
2023-02-20,589.7999877929688,592.1400146484375,575.0,579.989990234375,63500,0.0,0.0
2023-02-21,579.989990234375,592.2000122070312,569.010009765625,589.0700073242188,40345,0.0,0.0
2023-02-22,587.2100219726562,591.0,574.0,580.1500244140625,45340,0.0,0.0
2023-02-23,582.8200073242188,591.6599731445312,575.9500122070312,590.3200073242188,71800,0.0,0.0
2023-02-24,590.2000122070312,600.469970703125,585.0,594.0800170898438,61725,0.0,0.0
2023-02-27,596.97998046875,598.7100219726562,577.9099731445312,589.0900268554688,87940,0.0,0.0
2023-02-28,594.97998046875,594.97998046875,581.6099853515625,587.9299926757812,42975,0.0,0.0
2023-03-01,584.2100219726562,591.0,584.0,587.6699829101562,39925,0.0,0.0
2023-03-02,590.4000244140625,593.260009765625,584.0,590.2899780273438,45975,0.0,0.0
2023-03-03,590.4000244140625,596.7999877929688,580.2899780273438,584.1500244140625,51140,0.0,0.0
2023-03-06,580.219970703125,585.9099731445312,577.0,582.0900268554688,33485,0.0,0.0
2023-03-08,580.2999877929688,590.9600219726562,579.989990234375,588.0499877929688,34085,0.0,0.0
2023-03-09,588.6400146484375,590.2999877929688,575.0,579.3800048828125,18960,0.0,0.0
2023-03-10,574.0,584.3099975585938,570.2000122070312,580.6300048828125,23415,0.0,0.0
2023-03-13,583.0,583.530029296875,574.2000122070312,580.4099731445312,16350,0.0,0.0
2023-03-14,583.1199951171875,583.1199951171875,566.469970703125,575.72998046875,20375,0.0,0.0
2023-03-15,575.72998046875,578.4000244140625,568.4000244140625,571.3499755859375,80400,0.0,0.0
2023-03-16,571.3300170898438,574.2100219726562,562.2000122070312,568.1699829101562,30585,0.0,0.0
2023-03-17,572.3300170898438,572.3300170898438,560.2000122070312,565.8900146484375,80400,0.0,0.0
2023-03-20,568.719970703125,572.1199951171875,554.0,560.0999755859375,42185,0.0,0.0
2023-03-21,562.9099731445312,565.4199829101562,552.2000122070312,560.489990234375,27655,0.0,0.0
2023-03-22,565.0,570.5399780273438,550.0,555.989990234375,38665,0.0,0.0
2023-03-23,550.4400024414062,568.0399780273438,547.2000122070312,557.7000122070312,47050,0.0,0.0
2023-03-24,553.0399780273438,563.3800048828125,545.0,548.5499877929688,39070,0.0,0.0
2023-03-27,551.2999877929688,551.2999877929688,539.7999877929688,540.9199829101562,30850,0.0,0.0
2023-03-28,542.4000244140625,544.4500122070312,531.4000244140625,534.25,30900,0.0,0.0
2023-03-29,530.0,585.0,530.0,566.7000122070312,59545,0.0,0.0
2023-03-31,569.5399780273438,587.1900024414062,569.5399780273438,582.030029296875,61965,0.0,0.0
2023-04-03,587.739990234375,588.3400268554688,580.5,584.47998046875,53455,0.0,0.0
2023-04-05,587.4099731445312,587.4099731445312,571.010009765625,579.4199829101562,54230,0.0,0.0
2023-04-06,582.3200073242188,588.0,579.5599975585938,583.5900268554688,43680,0.0,0.0
2023-04-10,583.5900268554688,586.72998046875,572.010009765625,582.1400146484375,49495,0.0,0.0
2023-04-11,587.9600219726562,587.9600219726562,574.719970703125,577.5399780273438,44890,0.0,0.0
2023-04-12,580.4299926757812,586.0,575.2000122070312,583.97998046875,58800,0.0,0.0
2023-04-13,588.4000244140625,588.489990234375,579.4000244140625,580.6500244140625,24075,0.0,0.0
2023-04-17,580.6599731445312,584.0,573.22998046875,578.5599975585938,62825,0.0,0.0
2023-04-18,580.780029296875,584.0,573.5999755859375,576.489990234375,37150,0.0,0.0
2023-04-19,580.22998046875,586.489990234375,560.02001953125,568.1400146484375,49265,0.0,0.0
2023-04-20,568.0,582.0,565.530029296875,579.7100219726562,40055,0.0,0.0
2023-04-21,584.0,584.0,566.0,572.8499755859375,30135,0.0,0.0
2023-04-24,570.2000122070312,585.0,570.0,580.030029296875,30480,0.0,0.0
2023-04-25,584.0,584.0,570.3599853515625,578.4600219726562,24275,0.0,0.0
2023-04-26,581.3599853515625,586.0,572.0700073242188,582.6400146484375,52695,0.0,0.0
2023-04-27,583.7999877929688,585.0,573.010009765625,584.260009765625,36265,0.0,0.0
2023-04-28,585.9600219726562,585.9600219726562,580.2000122070312,583.530029296875,26885,0.0,0.0
2023-05-02,586.4500122070312,587.97998046875,573.77001953125,582.02001953125,58490,0.0,0.0
2023-05-03,584.9400024414062,586.0,576.030029296875,584.8300170898438,28390,0.0,0.0
2023-05-04,588.4299926757812,595.4099731445312,582.4199829101562,590.4500122070312,112290,0.0,0.0
2023-05-05,593.4000244140625,595.0,575.0,582.5999755859375,25010,0.0,0.0
2023-05-08,584.0,587.1900024414062,576.0700073242188,581.22998046875,41230,0.0,0.0
2023-05-09,585.22998046875,586.4000244140625,572.27001953125,576.0599975585938,34115,0.0,0.0
2023-05-10,576.0,583.7999877929688,570.75,581.1699829101562,50680,0.0,0.0
2023-05-11,583.7999877929688,587.0,580.0,585.5399780273438,30720,0.0,0.0
2023-05-12,587.0,589.1799926757812,575.7100219726562,579.5599975585938,34690,0.0,0.0
2023-05-15,584.469970703125,598.7999877929688,576.3300170898438,593.02001953125,114780,0.0,0.0
2023-05-16,599.7999877929688,600.0,580.5399780273438,595.2999877929688,1191390,0.0,0.0
2023-05-17,598.27001953125,615.2999877929688,593.3200073242188,595.47998046875,75795,0.0,0.0
2023-05-18,592.2000122070312,603.6699829101562,592.2000122070312,596.010009765625,202325,0.0,0.0
2023-05-19,596.2100219726562,605.989990234375,594.6599731445312,599.27001953125,152445,0.0,0.0
2023-05-22,599.7999877929688,603.239990234375,594.0,596.739990234375,109965,0.0,0.0
2023-05-23,621.5900268554688,629.9400024414062,600.0,602.739990234375,309065,0.0,0.0
2023-05-24,601.0,606.1599731445312,597.2000122070312,602.6500244140625,40200,0.0,0.0
2023-05-25,603.219970703125,604.25,596.4000244140625,598.1400146484375,28425,0.0,0.0
2023-05-26,598.1400146484375,606.5,591.0,604.0499877929688,69030,0.0,0.0
2023-05-29,604.6199951171875,609.0999755859375,598.8099975585938,605.760009765625,59300,0.0,0.0
2023-05-30,602.739990234375,614.719970703125,599.6199951171875,612.6099853515625,86070,0.0,0.0
2023-05-31,612.5999755859375,613.5999755859375,604.219970703125,606.3699951171875,22265,0.0,0.0
2023-06-01,606.4000244140625,618.2000122070312,600.7999877929688,612.280029296875,37005,0.0,0.0
2023-06-02,612.8599853515625,618.0,607.0,615.0399780273438,31705,0.0,0.0
2023-06-05,622.4099731445312,633.5999755859375,616.0,618.5800170898438,54045,0.0,0.0
2023-06-06,621.2000122070312,638.5800170898438,614.0,620.2100219726562,42045,0.0,0.0
2023-06-07,627.0399780273438,627.0399780273438,616.0,619.3800048828125,56345,0.0,0.0
2023-06-08,619.3800048828125,622.8599853515625,612.030029296875,622.010009765625,98370,0.0,0.0
2023-06-09,622.1900024414062,625.010009765625,614.0,617.260009765625,92600,0.0,0.0
2023-06-12,615.2000122070312,630.0,615.2000122070312,621.280029296875,66200,0.0,0.0
2023-06-13,620.7000122070312,625.7999877929688,620.0499877929688,624.030029296875,88735,0.0,0.0
2023-06-14,625.0,626.0,620.219970703125,623.6599731445312,79975,0.0,0.0
2023-06-15,623.239990234375,633.0,620.3400268554688,624.219970703125,92295,0.0,0.0
2023-06-16,624.2000122070312,629.3900146484375,619.7999877929688,623.1599731445312,53815,0.0,0.0
2023-06-19,622.0,646.9199829101562,622.0,636.1300048828125,216010,0.0,0.0
2023-06-20,636.0,642.1799926757812,626.8499755859375,631.3699951171875,58215,0.0,0.0
2023-06-21,634.530029296875,635.3900146484375,623.0,626.25,40930,0.0,0.0
2023-06-22,629.3900146484375,633.0,624.0700073242188,625.9400024414062,49595,0.0,0.0
2023-06-23,626.7000122070312,626.7000122070312,623.030029296875,625.9199829101562,35255,0.0,0.0
2023-06-26,620.0,627.25,616.3900146484375,621.0900268554688,156545,0.0,0.0
2023-06-27,624.9600219726562,627.9400024414062,612.52001953125,616.3300170898438,138390,0.0,0.0
2023-06-28,619.4199829101562,631.8800048828125,618.0,620.239990234375,45660,0.0,0.0
2023-06-30,623.3499755859375,624.989990234375,616.4000244140625,621.1799926757812,33300,0.0,0.0
2023-07-03,624.2899780273438,629.989990234375,622.010009765625,626.1799926757812,58875,0.0,0.0
2023-07-04,629.2999877929688,631.6599731445312,621.010009765625,630.2100219726562,34955,0.0,0.0
2023-07-05,630.0,633.5999755859375,626.489990234375,632.3300170898438,35245,0.0,0.0
2023-07-06,629.0999755859375,637.5999755859375,629.0,636.0900268554688,50620,0.0,0.0
2023-07-07,639.280029296875,639.280029296875,629.0,633.22998046875,51630,0.0,0.0
2023-07-10,633.4000244140625,643.22998046875,626.0900268554688,629.7100219726562,76845,0.0,0.0
2023-07-11,632.8599853515625,633.3599853515625,624.3800048828125,629.8800048828125,44640,0.0,0.0
2023-07-12,629.8800048828125,632.9600219726562,626.010009765625,628.8300170898438,74145,0.0,0.0
2023-07-13,628.8300170898438,635.6500244140625,615.4000244140625,619.3300170898438,38885,0.0,0.0
2023-07-14,621.1199951171875,626.989990234375,616.0,625.25,37715,0.0,0.0
2023-07-17,628.989990234375,630.989990234375,618.3099975585938,621.469970703125,43510,0.0,0.0
2023-07-18,624.5800170898438,628.0,616.1099853515625,625.739990234375,50190,0.0,0.0
2023-07-19,628.2000122070312,631.7899780273438,620.469970703125,629.5,40025,0.0,0.0
2023-07-20,629.5,632.010009765625,617.0,619.1599731445312,45825,0.0,0.0
2023-07-21,618.239990234375,623.7999877929688,602.0,618.1599731445312,55475,0.0,0.0
2023-07-24,614.1599731445312,623.1900024414062,610.0,616.9500122070312,61760,0.0,0.0
2023-07-25,610.0,617.1699829101562,606.219970703125,608.6500244140625,42430,0.0,0.0
2023-07-26,612.5900268554688,613.1799926757812,601.4000244140625,602.4199829101562,74335,0.0,0.0
2023-07-27,606.5999755859375,611.5999755859375,602.2100219726562,609.989990234375,28225,0.0,0.0
2023-07-28,613.280029296875,624.3900146484375,610.2100219726562,623.219970703125,76405,0.0,0.0
2023-07-31,623.4000244140625,638.9400024414062,623.4000244140625,634.5399780273438,149455,0.0,0.0
2023-08-01,635.6099853515625,651.0,634.5900268554688,644.3400268554688,171425,0.0,0.0
2023-08-02,647.5700073242188,664.1900024414062,637.2000122070312,643.2100219726562,207230,0.0,0.0
2023-08-03,643.2100219726562,674.9400024414062,643.2100219726562,663.5599975585938,202090,0.0,0.0
2023-08-04,670.0,673.1900024414062,650.4000244140625,660.0499877929688,114785,0.0,0.0
2023-08-07,663.3499755859375,663.3599853515625,641.0,644.0999755859375,81975,0.0,0.0
2023-08-08,647.3200073242188,649.0,634.0999755859375,646.2999877929688,103790,0.0,0.0
2023-08-09,645.0,650.5800170898438,637.6199951171875,641.1199951171875,34045,0.0,0.0
2023-08-10,641.3900146484375,641.97998046875,621.1300048828125,624.72998046875,45405,0.0,0.0
2023-08-11,624.72998046875,639.1900024414062,624.4099731445312,634.7899780273438,43405,0.0,0.0
2023-08-14,628.5999755859375,647.0,628.0,638.3200073242188,50100,0.0,0.0
2023-08-16,638.5999755859375,641.510009765625,630.010009765625,636.0399780273438,49465,0.0,0.0
2023-08-17,639.22998046875,645.4199829101562,631.8200073242188,639.8300170898438,44105,0.0,0.0
2023-08-18,639.22998046875,641.989990234375,629.510009765625,634.1900024414062,34820,0.0,0.0
2023-08-21,628.9400024414062,641.8900146484375,628.9400024414062,636.8800048828125,77300,0.0,0.0
2023-08-22,634.0,641.489990234375,634.0,638.4500122070312,34630,0.0,0.0
2023-08-23,637.0,656.0,636.5800170898438,643.1300048828125,55345,0.0,0.0
2023-08-24,643.1300048828125,645.5900268554688,635.02001953125,636.9500122070312,46530,0.0,0.0
2023-08-25,636.52001953125,648.0,636.010009765625,638.280029296875,62260,0.0,0.0
2023-08-28,636.0499877929688,641.260009765625,631.0,638.2899780273438,39630,0.0,0.0
2023-08-29,638.0,653.1599731445312,635.3800048828125,644.9000244140625,38190,0.0,0.0
2023-08-30,644.9000244140625,650.8599853515625,638.0,641.510009765625,36655,0.0,0.0
2023-08-31,638.010009765625,644.719970703125,635.2000122070312,638.9500122070312,33665,0.0,0.0
2023-09-01,639.9000244140625,644.7899780273438,636.469970703125,637.4500122070312,23660,0.0,0.0
2023-09-04,639.989990234375,656.0,635.010009765625,648.780029296875,90020,0.0,0.0
2023-09-05,652.0,655.4099731445312,642.5700073242188,645.2999877929688,51270,0.0,0.0
2023-09-06,645.2999877929688,651.3599853515625,641.3699951171875,645.7899780273438,108875,0.0,0.0
2023-09-07,646.0,650.1599731445312,642.6199951171875,646.97998046875,40050,0.0,0.0
2023-09-08,644.6300048828125,653.0,641.7999877929688,650.3400268554688,82580,0.0,0.0
2023-09-11,651.5999755859375,651.5999755859375,644.9000244140625,647.219970703125,34545,0.0,0.7
2023-09-12,646.7899780273438,650.510009765625,634.8499755859375,638.7000122070312,75045,0.0,0.0
2023-09-13,641.9000244140625,641.9000244140625,630.0,637.3400268554688,51580,0.0,0.0
2023-09-14,633.4000244140625,644.4000244140625,633.4000244140625,637.3200073242188,71885,0.0,0.0
2023-09-15,638.0,641.1699829101562,626.0,627.72998046875,35320,0.0,0.0
2023-09-18,633.1500244140625,633.2000122070312,616.0,625.0900268554688,59590,0.0,0.0
2023-09-20,626.5,631.0,622.2000122070312,625.6099853515625,46155,0.0,0.0
2023-09-21,621.6199951171875,635.0,621.6199951171875,629.4400024414062,146140,0.0,0.0
2023-09-22,629.4000244140625,643.1199951171875,627.0,638.9099731445312,50485,0.0,0.0
2023-09-25,640.0,644.010009765625,628.4099731445312,632.0800170898438,68380,0.0,0.0
2023-09-26,632.2000122070312,638.8800048828125,626.760009765625,635.9299926757812,45360,0.0,0.0
2023-09-27,636.030029296875,638.739990234375,635.0,637.1599731445312,30385,0.0,0.0
2023-09-28,644.4000244140625,644.4000244140625,634.97998046875,637.1699829101562,222660,0.0,0.0
2023-09-29,638.0,640.510009765625,633.6400146484375,635.0599975585938,142960,0.0,0.0
2023-10-03,638.22998046875,643.8200073242188,630.97998046875,636.5399780273438,76980,0.0,0.0
2023-10-04,635.2999877929688,637.0,630.0,630.5599975585938,50385,0.0,0.0
2023-10-05,633.7100219726562,639.5800170898438,630.02001953125,631.489990234375,24690,0.0,0.0
2023-10-06,634.6500244140625,640.2000122070312,630.0499877929688,634.8699951171875,41675,0.0,0.0
2023-10-09,640.989990234375,657.7999877929688,628.989990234375,631.1199951171875,81765,0.0,0.0
2023-10-10,634.27001953125,636.989990234375,630.0,630.3300170898438,31985,0.0,0.0
2023-10-11,633.47998046875,636.3900146484375,629.9000244140625,630.1599731445312,26230,0.0,0.0
2023-10-12,630.1599731445312,636.97998046875,630.0,630.6500244140625,18605,0.0,0.0
2023-10-13,626.5999755859375,636.0,626.5999755859375,631.530029296875,23590,0.0,0.0
2023-10-16,631.52001953125,636.6400146484375,628.010009765625,631.0,61995,0.0,0.0
2023-10-17,628.6199951171875,649.0,628.6199951171875,639.75,49350,0.0,0.0
2023-10-18,642.9500122070312,649.5800170898438,638.010009765625,641.02001953125,72010,0.0,0.0
2023-10-19,634.0,644.22998046875,630.0,631.9199829101562,104340,0.0,0.0
2023-10-20,632.0,643.0,628.4600219726562,635.719970703125,36415,0.0,0.0
2023-10-23,635.719970703125,638.4000244140625,605.3099975585938,619.3499755859375,62880,0.0,0.0
2023-10-25,619.3499755859375,639.989990234375,610.469970703125,626.969970703125,53505,0.0,0.0
2023-10-26,616.969970703125,630.1099853515625,610.0,621.969970703125,72545,0.0,0.0
2023-10-27,621.969970703125,638.0,619.0,636.239990234375,31925,0.0,0.0
2023-10-30,633.75,636.6500244140625,620.469970703125,628.3699951171875,29210,0.0,0.0
2023-10-31,627.6900024414062,644.22998046875,627.6900024414062,632.3499755859375,103180,0.0,0.0
2023-11-01,632.0,644.0,630.0,639.5,38580,0.0,0.0
2023-11-02,644.4500122070312,647.1400146484375,631.030029296875,636.9199829101562,37865,0.0,0.0
2023-11-03,636.0,640.1099853515625,631.0700073242188,635.5,14885,0.0,0.0
2023-11-06,635.4000244140625,640.3599853515625,621.3400268554688,633.6799926757812,74395,0.0,0.0
2023-11-07,620.0,629.0399780273438,615.6799926757812,625.969970703125,102300,0.0,0.0
2023-11-08,625.3900146484375,629.219970703125,623.4299926757812,626.3099975585938,81130,0.0,0.0
2023-11-09,625.719970703125,633.3099975585938,624.2100219726562,627.8499755859375,27275,0.0,0.0
2023-11-10,627.8499755859375,632.4400024414062,621.1799926757812,624.239990234375,36230,0.0,0.0
2023-11-13,628.5399780273438,628.5399780273438,622.6699829101562,625.3599853515625,28935,0.0,0.0
2023-11-15,627.989990234375,630.75,623.6300048828125,626.1500244140625,45905,0.0,0.0
2023-11-16,624.5999755859375,638.0,624.5999755859375,627.75,49890,0.0,0.0
2023-11-17,627.969970703125,637.489990234375,626.3499755859375,634.1300048828125,45630,0.0,0.0
2023-11-20,634.530029296875,641.7899780273438,633.1799926757812,640.4000244140625,60030,0.0,0.0
2023-11-21,639.7999877929688,647.97998046875,638.4099731445312,644.0,57095,0.0,0.0
2023-11-22,643.4000244140625,649.9000244140625,630.5399780273438,637.0,50440,0.0,0.0
2023-11-23,637.0,649.5999755859375,637.0,645.5700073242188,55645,0.0,0.0
2023-11-24,644.969970703125,673.6300048828125,638.0,666.4299926757812,122210,0.0,0.0
2023-11-28,678.0,684.5999755859375,667.0999755859375,675.4199829101562,129015,0.0,0.0
2023-11-29,676.0,684.0499877929688,664.469970703125,672.77001953125,75960,0.0,0.0
2023-11-30,669.4400024414062,684.0,658.780029296875,679.6300048828125,93890,0.0,0.0
2023-12-01,683.030029296875,683.030029296875,667.1199951171875,670.5800170898438,34885,0.0,0.0
2023-12-04,674.739990234375,685.97998046875,656.469970703125,664.2000122070312,55365,0.0,0.0
2023-12-05,663.969970703125,671.1900024414062,652.469970703125,659.97998046875,52110,0.0,0.0
2023-12-06,658.22998046875,692.77001953125,658.219970703125,686.3099975585938,153500,0.0,0.0
2023-12-07,686.010009765625,690.5499877929688,674.010009765625,677.8099975585938,68650,0.0,0.0
2023-12-08,677.3599853515625,682.22998046875,674.2999877929688,677.7100219726562,32420,0.0,0.0
2023-12-11,675.280029296875,683.6900024414062,672.0900268554688,679.9400024414062,60310,0.0,0.0
2023-12-12,679.9400024414062,679.9400024414062,663.1099853515625,665.1400146484375,34885,0.0,0.0
2023-12-13,665.1400146484375,679.4400024414062,663.1099853515625,677.010009765625,81385,0.0,0.0
2023-12-14,676.22998046875,678.9500122070312,660.4299926757812,664.1799926757812,41090,0.0,0.0
2023-12-15,664.1799926757812,684.0,662.969970703125,672.469970703125,119095,0.0,0.0
2023-12-18,663.1599731445312,668.969970703125,645.4000244140625,662.3800048828125,251090,0.0,0.0
2023-12-19,670.0,670.0,657.27001953125,660.1300048828125,71640,0.0,0.0
2023-12-20,661.0,666.2000122070312,656.2000122070312,661.72998046875,80910,0.0,0.0
2023-12-21,662.0,676.719970703125,652.4000244140625,671.2000122070312,46610,0.0,0.0
2023-12-22,672.1199951171875,677.5999755859375,668.5800170898438,674.9500122070312,30800,0.0,0.0
2023-12-26,673.52001953125,679.989990234375,660.5599975585938,666.239990234375,50515,0.0,0.0
2023-12-27,668.2000122070312,675.9000244140625,661.739990234375,673.0900268554688,47380,0.0,0.0
2023-12-28,673.2100219726562,688.4099731445312,671.3099975585938,676.1199951171875,128300,0.0,0.0
2023-12-29,668.0,679.510009765625,668.0,673.2000122070312,90225,0.0,0.0
2024-01-01,673.7999877929688,679.1900024414062,664.4199829101562,670.7899780273438,43400,0.0,0.0
2024-01-02,672.760009765625,679.2000122070312,666.02001953125,676.72998046875,61305,0.0,0.0
2024-01-03,678.0700073242188,683.9000244140625,673.3499755859375,680.0900268554688,33350,0.0,0.0
2024-01-04,683.489990234375,684.489990234375,669.2000122070312,672.0499877929688,106435,0.0,0.0
2024-01-05,673.8499755859375,680.0,668.510009765625,676.969970703125,44720,0.0,0.0
2024-01-08,686.969970703125,757.77001953125,672.4000244140625,741.5900268554688,1159890,0.0,0.0
2024-01-09,756.010009765625,769.3699951171875,704.469970703125,715.8499755859375,229305,0.0,0.0
2024-01-10,715.7999877929688,717.5999755859375,697.1099853515625,703.989990234375,54325,0.0,0.0
2024-01-11,703.989990234375,708.6500244140625,693.989990234375,697.7000122070312,35305,0.0,0.0
2024-01-12,697.5999755859375,710.0399780273438,690.0,692.5800170898438,44895,0.0,0.0
2024-01-15,693.989990234375,699.47998046875,686.0,689.5999755859375,37895,0.0,0.0
2024-01-16,689.8499755859375,694.8900146484375,688.3200073242188,691.4299926757812,35885,0.0,0.0
2024-01-17,688.5399780273438,694.739990234375,681.1099853515625,683.0399780273438,30250,0.0,0.0
2024-01-18,683.2000122070312,697.989990234375,681.1099853515625,694.3499755859375,54315,0.0,0.0
2024-01-19,694.2000122070312,694.219970703125,685.1099853515625,688.1400146484375,15745,0.0,0.0
2024-01-23,698.0,729.0599975585938,696.6099853515625,710.0399780273438,263050,0.0,0.0
2024-01-24,712.030029296875,736.0,711.5,733.780029296875,81570,0.0,0.0
2024-01-25,730.0700073242188,741.4000244140625,730.0700073242188,734.0700073242188,35280,0.0,0.0
2024-01-29,740.010009765625,761.97998046875,730.010009765625,733.1699829101562,92865,0.0,0.0
2024-01-30,710.0,712.1300048828125,681.0,687.5700073242188,336970,0.0,0.0
2024-01-31,687.02001953125,705.9099731445312,687.02001953125,693.3599853515625,177540,0.0,0.0
2024-02-01,696.5599975585938,705.0999755859375,688.22998046875,691.7899780273438,35695,0.0,0.0
2024-02-02,694.6500244140625,700.27001953125,685.010009765625,690.3900146484375,43990,0.0,0.0
2024-02-05,692.0,697.760009765625,680.030029296875,681.8900146484375,41890,0.0,0.0
2024-02-06,681.9000244140625,697.7999877929688,681.5399780273438,690.3400268554688,94200,0.0,0.0
2024-02-07,693.3599853515625,697.4500122070312,688.02001953125,690.7899780273438,42530,0.0,0.0
2024-02-08,691.2000122070312,693.72998046875,680.780029296875,685.3499755859375,80230,0.0,0.0
2024-02-09,688.1400146484375,696.4000244140625,680.0399780273438,682.1099853515625,62945,0.0,0.0
2024-02-12,685.3400268554688,687.8800048828125,680.010009765625,682.52001953125,34020,0.0,0.0
2024-02-13,685.3400268554688,717.4099731445312,683.6599731445312,713.8800048828125,100510,0.0,0.0
2024-02-14,703.8800048828125,713.7999877929688,686.239990234375,692.3099975585938,43010,0.0,0.0
2024-02-15,695.0,700.989990234375,687.22998046875,689.9000244140625,68410,0.0,0.0
2024-02-16,692.3300170898438,700.97998046875,692.3200073242188,697.1199951171875,31295,0.0,0.0
2024-02-19,700.6099853515625,706.030029296875,690.47998046875,693.02001953125,28955,0.0,0.0
2024-02-20,695.8699951171875,699.5999755859375,688.47998046875,694.969970703125,44090,0.0,0.0
2024-02-21,696.2000122070312,726.010009765625,693.0,717.27001953125,91995,0.0,0.0
2024-02-22,720.8599853515625,725.0,697.0,700.5900268554688,36455,0.0,0.0
2024-02-23,701.9099731445312,707.7899780273438,694.8699951171875,705.7000122070312,45810,0.0,0.0
2024-02-26,708.6500244140625,712.0,700.510009765625,703.8699951171875,42445,0.0,0.0
2024-02-27,705.5599975585938,711.0,700.469970703125,703.3699951171875,38950,0.0,0.0
2024-02-28,703.3699951171875,704.989990234375,697.7999877929688,699.1500244140625,107160,0.0,0.0
2024-02-29,699.0,730.0,697.8699951171875,727.4299926757812,130275,0.0,0.0
2024-03-01,721.0,725.0,700.2000122070312,702.52001953125,76445,0.0,0.0
2024-03-04,708.0499877929688,710.0,697.6300048828125,698.47998046875,36090,0.0,0.0
2024-03-05,698.47998046875,701.5700073242188,695.0,696.6599731445312,32155,0.0,0.0
2024-03-06,696.6599731445312,699.52001953125,651.47998046875,655.719970703125,154025,0.0,0.0
2024-03-07,661.5999755859375,668.9400024414062,655.030029296875,660.1400146484375,68720,0.0,0.0
2024-03-11,664.4000244140625,668.9400024414062,652.5999755859375,657.2899780273438,64060,0.0,0.0
2024-03-12,660.010009765625,663.969970703125,656.0,660.5999755859375,210755,0.0,0.0
2024-03-13,663.7000122070312,663.989990234375,638.0,644.219970703125,51485,0.0,0.0
2024-03-14,644.22998046875,653.4199829101562,626.4099731445312,631.3499755859375,82990,0.0,0.0
2024-03-15,639.739990234375,649.7999877929688,631.22998046875,646.8800048828125,78830,0.0,0.0
2024-03-18,656.2000122070312,656.2000122070312,638.0499877929688,639.780029296875,84255,0.0,0.0
2024-03-19,642.3400268554688,646.8499755859375,642.0,645.9299926757812,74205,0.0,0.0
2024-03-20,653.97998046875,663.0,645.7999877929688,659.4000244140625,146740,0.0,0.0
2024-03-21,669.7999877929688,696.22998046875,668.739990234375,692.4000244140625,167505,0.0,0.0
2024-03-22,700.7999877929688,702.030029296875,685.2000122070312,696.5800170898438,113945,0.0,0.0
2024-03-26,680.0,680.0,665.0,668.2100219726562,69475,0.0,0.0
2024-03-27,661.4000244140625,671.7999877929688,645.2899780273438,650.1699829101562,128910,0.0,0.0
2024-03-28,653.4299926757812,671.5700073242188,653.4099731445312,665.030029296875,54430,0.0,0.0
2024-04-01,675.0,675.0,654.0,659.2999877929688,68085,0.0,0.0
2024-04-02,659.3900146484375,672.0,657.0,670.8099975585938,27825,0.0,0.0
2024-04-03,669.7899780273438,673.9600219726562,667.1500244140625,671.4500122070312,29680,0.0,0.0
2024-04-04,674.0,674.0,666.5999755859375,669.8300170898438,34520,0.0,0.0
2024-04-05,671.9299926757812,673.9600219726562,662.0,669.8099975585938,39145,0.0,0.0
2024-04-08,672.0,674.0,660.989990234375,663.2999877929688,39735,0.0,0.0
2024-04-09,660.6900024414062,678.3900146484375,660.6900024414062,674.6599731445312,39525,0.0,0.0
2024-04-10,676.0,682.3900146484375,666.4299926757812,678.6199951171875,27600,0.0,0.0
2024-04-12,678.4199829101562,681.989990234375,670.0,675.1099853515625,21925,0.0,0.0
2024-04-15,669.6900024414062,674.0,660.2000122070312,664.2899780273438,71810,0.0,0.0
2024-04-16,654.4000244140625,669.2100219726562,652.2899780273438,660.1500244140625,74780,0.0,0.0
2024-04-18,656.5999755859375,659.989990234375,651.0,655.010009765625,92790,0.0,0.0
2024-04-19,652.4000244140625,658.0,645.010009765625,650.4099731445312,34690,0.0,0.0
2024-04-22,648.0,658.4000244140625,646.4099731445312,655.4299926757812,89165,0.0,0.0
2024-04-23,658.1900024414062,666.0,652.5999755859375,664.1699829101562,73365,0.0,0.0
2024-04-24,665.510009765625,671.530029296875,652.010009765625,662.3599853515625,82075,0.0,0.0
2024-04-25,662.2000122070312,665.6799926757812,652.7999877929688,656.0599975585938,25005,0.0,0.0
2024-04-26,656.0599975585938,661.0599975585938,648.0399780273438,651.0800170898438,29720,0.0,0.0
2024-04-29,649.22998046875,652.4400024414062,645.989990234375,649.5499877929688,17870,0.0,0.0
2024-04-30,652.4000244140625,656.0,643.6400146484375,647.5599975585938,39995,0.0,0.0
2024-05-02,640.2100219726562,647.5599975585938,636.0,640.4500122070312,48100,0.0,0.0
2024-05-03,643.030029296875,644.489990234375,638.0,639.969970703125,34195,0.0,0.0
2024-05-06,640.3900146484375,643.77001953125,636.0900268554688,638.8099975585938,456035,0.0,0.0
2024-05-07,641.3900146484375,652.1500244140625,637.9000244140625,647.6699829101562,37905,0.0,0.0
2024-05-08,648.97998046875,650.9099731445312,640.02001953125,644.2899780273438,31380,0.0,0.0
2024-05-09,643.1900024414062,656.0,630.469970703125,638.9299926757812,40290,0.0,0.0
2024-05-10,638.7999877929688,644.3800048828125,634.0,637.8900146484375,25905,0.0,0.0
2024-05-13,639.7999877929688,645.2000122070312,633.510009765625,636.6099853515625,21350,0.0,0.0
2024-05-14,636.6199951171875,658.2999877929688,636.6199951171875,645.0599975585938,39590,0.0,0.0
2024-05-15,645.0599975585938,665.0599975585938,645.0599975585938,660.010009765625,51885,0.0,0.0
2024-05-16,656.4400024414062,668.1300048828125,654.4000244140625,656.4199829101562,22000,0.0,0.0
2024-05-17,656.4199829101562,664.0,649.0,650.1300048828125,30825,0.0,0.0
2024-05-21,646.0700073242188,657.4500122070312,640.260009765625,649.6300048828125,38195,0.0,0.0
2024-05-22,652.8800048828125,654.989990234375,643.1799926757812,647.5599975585938,24120,0.0,0.0
2024-05-23,646.4000244140625,655.780029296875,643.02001953125,646.6099853515625,24995,0.0,0.0
2024-05-24,645.8300170898438,654.530029296875,645.3699951171875,648.2899780273438,37995,0.0,0.0
2024-05-27,648.2000122070312,654.7999877929688,637.0,641.5800170898438,49655,0.0,0.0
2024-05-28,660.6500244140625,715.5399780273438,655.4500122070312,699.9600219726562,1291785,0.0,0.0
2024-05-29,697.0,745.0,682.0,739.4400024414062,451515,0.0,0.0
2024-05-30,730.4400024414062,747.4000244140625,704.4500122070312,709.0599975585938,115070,0.0,0.0
2024-05-31,719.4400024414062,719.4400024414062,683.1099853515625,693.9099731445312,106525,0.0,0.0
2024-06-03,697.3800048828125,707.5999755859375,683.1099853515625,686.8300170898438,73165,0.0,0.0
2024-06-04,686.8300170898438,713.780029296875,640.2100219726562,696.8699951171875,125530,0.0,0.0
2024-06-05,698.0,755.8699951171875,697.4600219726562,705.72998046875,218290,0.0,0.0
2024-06-06,705.72998046875,741.1500244140625,705.72998046875,732.6099853515625,84630,0.0,0.0
2024-06-07,740.0,820.0,730.9500122070312,812.5599975585938,532805,0.0,0.0
2024-06-10,820.1799926757812,853.0,808.219970703125,829.780029296875,297345,0.0,0.0
2024-06-11,820.3800048828125,834.7999877929688,802.52001953125,809.6699829101562,121505,0.0,0.0
2024-06-12,820.0,833.9600219726562,800.0,827.0999755859375,110750,0.0,0.0
2024-06-13,838.3499755859375,844.7899780273438,823.7999877929688,825.47998046875,62435,0.0,0.0
2024-06-14,824.6500244140625,833.0,816.7999877929688,827.9400024414062,58655,0.0,0.0
2024-06-18,827.9400024414062,828.5900268554688,816.010009765625,825.27001953125,39655,0.0,0.0
2024-06-19,827.75,857.760009765625,811.030029296875,821.3900146484375,167550,0.0,0.0
2024-06-20,824.0999755859375,831.0,797.02001953125,806.2999877929688,93285,0.0,0.0
2024-06-21,807.8800048828125,820.0,798.2899780273438,810.2100219726562,53045,0.0,0.0
2024-06-24,812.8200073242188,812.8200073242188,779.6400146484375,787.0399780273438,64215,0.0,0.0
2024-06-25,784.0,800.77001953125,782.6500244140625,790.5499877929688,46830,0.0,0.0
2024-06-26,794.510009765625,794.510009765625,775.0,788.6900024414062,39155,0.0,0.0
2024-06-27,789.0900268554688,803.5900268554688,762.6099853515625,768.25,100615,0.0,0.0
2024-06-28,768.0,785.989990234375,764.8499755859375,769.22998046875,40065,0.0,0.0
2024-07-01,771.7000122070312,827.489990234375,771.6900024414062,790.6599731445312,186395,0.0,0.0
2024-07-02,794.7999877929688,823.7999877929688,790.6699829101562,812.8099975585938,96680,0.0,0.0
2024-07-03,838.5800170898438,838.5800170898438,792.0,800.3400268554688,57185,0.0,0.0
2024-07-04,804.3499755859375,807.0,790.0,799.5499877929688,35845,0.0,0.0
2024-07-05,799.7899780273438,820.0,792.02001953125,797.8200073242188,61080,0.0,0.0
2024-07-08,800.4400024414062,816.0,786.02001953125,799.3200073242188,54140,0.0,0.0
2024-07-09,799.0,799.0,780.5999755859375,783.510009765625,51790,0.0,0.0
2024-07-10,783.5800170898438,789.9400024414062,763.239990234375,775.25,47795,0.0,0.0
2024-07-11,777.9600219726562,787.6799926757812,765.4000244140625,769.27001953125,32185,0.0,0.0
2024-07-12,770.0,777.1900024414062,753.0,757.9099731445312,43135,0.0,0.0
2024-07-15,752.010009765625,770.7899780273438,744.0,764.1099853515625,77075,0.0,0.0
2024-07-16,770.0,781.989990234375,761.489990234375,767.780029296875,28845,0.0,0.0
2024-07-18,770.260009765625,782.1099853515625,750.0,754.1599731445312,46455,0.0,0.0
2024-07-19,754.219970703125,760.7899780273438,741.1099853515625,750.4199829101562,50655,0.0,0.0
2024-07-22,746.0,764.969970703125,741.1099853515625,753.9400024414062,54855,0.0,0.0
2024-07-23,755.469970703125,767.0,746.0,755.0499877929688,59750,0.0,0.0
2024-07-24,757.47998046875,773.989990234375,755.72998046875,764.9099731445312,25625,0.0,0.0
2024-07-25,764.9099731445312,771.3400268554688,755.1500244140625,758.1900024414062,15705,0.0,0.0
2024-07-26,759.9000244140625,772.3699951171875,755.2000122070312,769.969970703125,22685,0.0,0.0
2024-07-29,775.97998046875,811.1900024414062,775.97998046875,782.27001953125,105100,0.0,0.0
2024-07-30,782.3300170898438,786.0,774.1900024414062,777.0700073242188,27310,0.0,0.0
2024-07-31,781.280029296875,786.8300170898438,765.0,766.9299926757812,37840,0.0,0.0
2024-08-01,768.6599731445312,769.4000244140625,747.9199829101562,749.469970703125,50925,0.0,0.0
2024-08-02,749.5399780273438,751.9299926757812,740.6500244140625,745.6500244140625,23600,0.0,0.0
2024-08-05,726.0,739.5999755859375,709.1199951171875,715.2999877929688,85025,0.0,0.0
2024-08-06,718.9400024414062,747.52001953125,711.9000244140625,724.3800048828125,126495,0.0,0.0
2024-08-07,728.010009765625,736.9600219726562,722.0999755859375,729.8400268554688,16580,0.0,0.0
2024-08-08,730.9500122070312,782.02001953125,722.3099975585938,756.8499755859375,244560,0.0,0.0
2024-08-09,757.5999755859375,762.3099975585938,725.0,757.1099853515625,162325,0.0,0.0
2024-08-12,760.0,762.4000244140625,736.1199951171875,741.8699951171875,56700,0.0,0.0
2024-08-13,741.7999877929688,749.8699951171875,731.8699951171875,743.530029296875,264140,0.0,0.0
2024-08-14,743.7000122070312,757.489990234375,726.4000244140625,728.739990234375,51365,0.0,0.0
2024-08-16,732.3900146484375,745.6500244140625,729.3200073242188,740.6500244140625,41255,0.0,0.0
2024-08-19,741.0,755.97998046875,732.010009765625,745.9400024414062,44695,0.0,0.0
2024-08-20,746.0,749.989990234375,721.2100219726562,736.8300170898438,32295,0.0,0.0
2024-08-21,740.52001953125,749.7999877929688,737.0,744.6099853515625,29820,0.0,0.0
2024-08-22,747.7000122070312,753.5700073242188,736.1699829101562,738.75,42455,0.0,0.0
2024-08-23,740.219970703125,744.9099731445312,731.5499877929688,738.780029296875,30075,0.0,0.0
2024-08-26,740.0,750.0,736.010009765625,744.4299926757812,39345,0.0,0.0
2024-08-27,744.989990234375,794.0,741.0,787.77001953125,171800,0.0,0.0
2024-08-28,796.97998046875,796.97998046875,774.4000244140625,779.8900146484375,55990,0.0,0.0
2024-08-29,787.6900024414062,787.6900024414062,747.010009765625,754.2100219726562,55605,0.0,0.0
2024-08-30,755.3900146484375,778.1599731445312,750.47998046875,766.6699829101562,64875,0.0,0.0
2024-09-02,766.6699829101562,769.7999877929688,744.27001953125,746.0499877929688,31165,0.0,0.0
2024-09-03,749.7899780273438,766.0499877929688,744.5999755859375,757.9600219726562,40340,0.0,0.0
2024-09-04,759.8499755859375,759.8499755859375,726.2000122070312,729.7899780273438,91390,0.0,0.0
2024-09-05,729.8599853515625,744.0,729.8599853515625,741.2999877929688,34650,0.0,0.0
2024-09-06,744.4199829101562,776.0,744.4099731445312,764.4299926757812,126595,0.0,0.0
2024-09-09,760.1400146484375,766.9400024414062,750.010009765625,753.1799926757812,39120,0.0,0.0
2024-09-10,756.1699829101562,793.0599975585938,754.75,781.1900024414062,107875,0.0,0.0
2024-09-11,785.0,810.9600219726562,781.7999877929688,789.7999877929688,168595,0.0,0.0
2024-09-12,790.0,808.6799926757812,790.0,791.9500122070312,58785,0.0,0.6
2024-09-13,796.7999877929688,799.77001953125,775.6199951171875,784.260009765625,79565,0.0,0.0
2024-09-16,784.260009765625,800.5800170898438,772.0,774.1400146484375,77065,0.0,0.0
2024-09-17,777.9600219726562,788.47998046875,761.6099853515625,764.9099731445312,32555,0.0,0.0
2024-09-18,765.0900268554688,769.1900024414062,736.5999755859375,745.6400146484375,34325,0.0,0.0
2024-09-19,755.989990234375,852.1199951171875,752.5999755859375,796.6799926757812,2505055,0.0,0.0
2024-09-20,808.0,866.989990234375,804.010009765625,818.739990234375,967090,0.0,0.0
2024-09-23,833.989990234375,844.989990234375,814.4299926757812,841.6900024414062,211005,0.0,0.0
2024-09-24,832.0,842.3800048828125,811.0700073242188,819.3599853515625,103295,0.0,0.0
2024-09-25,821.0,834.760009765625,804.0599975585938,813.719970703125,67710,0.0,0.0
2024-09-26,809.9600219726562,817.1500244140625,797.02001953125,806.739990234375,81650,0.0,0.0
2024-09-27,806.739990234375,846.25,806.739990234375,815.4500122070312,108465,0.0,0.0
2024-09-30,819.530029296875,827.6199951171875,799.989990234375,812.1400146484375,112650,0.0,0.0
2024-10-01,816.2100219726562,832.1400146484375,781.1099853515625,809.4000244140625,157035,0.0,0.0
2024-10-03,799.4000244140625,820.0,778.4099731445312,813.4600219726562,86880,0.0,0.0
2024-10-04,805.3300170898438,817.530029296875,783.5900268554688,789.7999877929688,59510,0.0,0.0
2024-10-07,789.7999877929688,794.3800048828125,741.8599853515625,773.3599853515625,90745,0.0,0.0
2024-10-08,770.989990234375,772.3599853515625,751.0,759.4600219726562,66125,0.0,0.0
2024-10-09,761.989990234375,786.8200073242188,758.2000122070312,774.2899780273438,64260,0.0,0.0
2024-10-10,774.2899780273438,808.260009765625,771.6199951171875,803.530029296875,243235,0.0,0.0
2024-10-11,803.530029296875,812.4000244140625,793.530029296875,802.27001953125,52140,0.0,0.0
2024-10-14,805.75,807.9500122070312,793.5399780273438,804.0999755859375,38905,0.0,0.0
2024-10-15,804.7000122070312,822.0,801.2899780273438,807.6699829101562,62180,0.0,0.0
2024-10-16,813.5999755859375,839.5999755859375,790.97998046875,832.4500122070312,160155,0.0,0.0
2024-10-17,837.5999755859375,850.0,809.6099853515625,838.1699829101562,95895,0.0,0.0
2024-10-18,838.1699829101562,861.6799926757812,814.9600219726562,844.8900146484375,104300,0.0,0.0
2024-10-21,866.0,895.5999755859375,854.1300048828125,862.5599975585938,351605,0.0,0.0
2024-10-22,868.6099853515625,870.0,800.2999877929688,803.9600219726562,135810,0.0,0.0
2024-10-23,803.9600219726562,823.780029296875,788.4500122070312,793.8200073242188,84180,0.0,0.0
2024-10-24,797.7899780273438,813.8200073242188,786.02001953125,805.9400024414062,72775,0.0,0.0
2024-10-25,809.9600219726562,816.5900268554688,750.469970703125,766.219970703125,163660,0.0,0.0
2024-10-28,762.4000244140625,771.9600219726562,746.3200073242188,756.52001953125,56110,0.0,0.0
2024-10-29,760.3099975585938,777.5999755859375,734.4000244140625,743.8499755859375,100270,0.0,0.0
2024-10-30,743.6500244140625,785.0,743.6400146484375,781.3599853515625,81790,0.0,0.0
2024-10-31,781.3800048828125,814.3599853515625,774.719970703125,808.75,64470,0.0,0.0
2024-11-01,808.75,817.0,790.5399780273438,802.9500122070312,11075,0.0,0.0
2024-11-04,807.9099731445312,870.7999877929688,794.010009765625,831.3699951171875,370980,0.0,0.0
2024-11-05,831.3699951171875,833.030029296875,798.4099731445312,802.8499755859375,46920,0.0,0.0
2024-11-06,812.8499755859375,822.8499755859375,801.719970703125,813.7100219726562,39680,0.0,0.0
2024-11-07,836.5999755859375,849.3099975585938,822.6500244140625,830.219970703125,118905,0.0,0.0
2024-11-08,839.7899780273438,839.7899780273438,808.510009765625,812.2899780273438,42895,0.0,0.0
2024-11-11,822.0,822.0,792.2899780273438,798.5399780273438,41645,0.0,0.0
2024-11-12,796.0,808.5399780273438,790.5999755859375,794.6300048828125,24575,0.0,0.0
2024-11-13,787.0,800.3300170898438,760.8099975585938,765.0700073242188,59775,0.0,0.0
2024-11-14,764.4000244140625,810.010009765625,759.6599731445312,790.4099731445312,114800,0.0,0.0
2024-11-18,846.3900146484375,948.489990234375,842.4500122070312,938.030029296875,2011200,0.0,0.0
2024-11-19,933.3200073242188,957.0,863.3599853515625,885.6300048828125,596425,0.0,0.0
2024-11-21,877.6199951171875,935.97998046875,873.0,917.9299926757812,556695,0.0,0.0
2024-11-22,925.1799926757812,942.3900146484375,908.7000122070312,920.1099853515625,195030,0.0,0.0
2024-11-25,956.0,956.0,918.02001953125,942.1900024414062,259195,0.0,0.0
2024-11-26,944.0,947.760009765625,919.5999755859375,921.9299926757812,138905,0.0,0.0
2024-11-27,921.9299926757812,926.3900146484375,906.8699951171875,911.969970703125,118360,0.0,0.0
2024-11-28,917.7999877929688,917.7999877929688,900.010009765625,911.5800170898438,73080,0.0,0.0
2024-11-29,911.5800170898438,938.0,896.989990234375,930.6400146484375,160065,0.0,0.0
2024-12-02,936.0,937.77001953125,910.02001953125,916.8699951171875,98070,0.0,0.0
2024-12-03,926.0,984.0,909.6099853515625,974.72998046875,565435,0.0,0.0
2024-12-04,970.0,973.5999755859375,955.1199951171875,960.6400146484375,191625,0.0,0.0
2024-12-05,970.0,970.0,931.1099853515625,944.2999877929688,117880,0.0,0.0
2024-12-06,957.9099731445312,967.8900146484375,947.9299926757812,960.1500244140625,111140,0.0,0.0
2024-12-09,967.219970703125,986.3900146484375,948.469970703125,964.47998046875,166000,0.0,0.0
2024-12-10,974.0,976.3499755859375,960.4500122070312,964.6799926757812,62135,0.0,0.0
2024-12-11,965.97998046875,970.22998046875,940.0,941.97998046875,98165,0.0,0.0
2024-12-12,946.0,952.2000122070312,920.0,922.0999755859375,79850,0.0,0.0
2024-12-13,922.2000122070312,929.9299926757812,903.5999755859375,915.1500244140625,55655,0.0,0.0
2024-12-16,924.5700073242188,976.8900146484375,924.5700073242188,948.8699951171875,315805,0.0,0.0
2024-12-17,960.0,963.510009765625,937.5999755859375,952.9000244140625,112730,0.0,0.0
2024-12-18,941.0,956.489990234375,918.75,925.6599731445312,132105,0.0,0.0
2024-12-19,925.8800048828125,935.7999877929688,910.0,917.6400146484375,70380,0.0,0.0
2024-12-20,931.0,935.760009765625,860.2000122070312,863.02001953125,150025,0.0,0.0
2024-12-23,869.989990234375,889.5900268554688,845.5900268554688,855.75,114915,0.0,0.0
2024-12-24,862.9099731445312,870.5999755859375,849.010009765625,852.1799926757812,63165,0.0,0.0
2024-12-26,869.9400024414062,920.0,869.9400024414062,892.7999877929688,465985,0.0,0.0
2024-12-27,915.7999877929688,939.5999755859375,912.0,932.1900024414062,429960,0.0,0.0
2024-12-30,949.7999877929688,958.0,924.1500244140625,935.22998046875,302005,0.0,0.0
2024-12-31,939.7999877929688,956.0,930.0,951.52001953125,200330,0.0,0.0
2025-01-01,959.7999877929688,960.8200073242188,919.3200073242188,928.989990234375,320255,0.0,0.0
2025-01-02,941.989990234375,942.0,920.0,930.1900024414062,412540,0.0,0.0
2025-01-03,958.5,958.5,882.5499877929688,911.4000244140625,214711,5.0,0.0
2025-01-06,890.0,899.0,851.0,861.3499755859375,148240,0.0,0.0
2025-01-07,855.0,874.0,836.0,868.5999755859375,80104,0.0,0.0
2025-01-08,868.4500122070312,868.4500122070312,830.0,842.25,100609,0.0,0.0
2025-01-09,848.0,853.4500122070312,815.0999755859375,820.25,75663,0.0,0.0
2025-01-10,820.25,825.75,777.7999877929688,781.6500244140625,106589,0.0,0.0
2025-01-13,762.3499755859375,769.9500122070312,740.6500244140625,754.5499877929688,153075,0.0,0.0
2025-01-14,756.0,771.8499755859375,746.5,763.7999877929688,97862,0.0,0.0
2025-01-15,774.0,798.0,763.5499877929688,781.5499877929688,570737,0.0,0.0
2025-01-16,793.0,807.9000244140625,787.0999755859375,798.5999755859375,71779,0.0,0.0
2025-01-17,798.5999755859375,825.0,795.5499877929688,812.75,75503,0.0,0.0
2025-01-20,822.0,822.0,799.6500244140625,803.3499755859375,38304,0.0,0.0
2025-01-21,809.7999877929688,811.2000122070312,768.2999877929688,778.0,34631,0.0,0.0
2025-01-22,775.0,798.4500122070312,762.6500244140625,787.7999877929688,84263,0.0,0.0
2025-01-23,782.2000122070312,822.0999755859375,778.8499755859375,809.1500244140625,92017,0.0,0.0
2025-01-24,803.0999755859375,803.9500122070312,760.6500244140625,769.7000122070312,54779,0.0,0.0
2025-01-27,766.0999755859375,771.4000244140625,734.0,761.7000122070312,71145,0.0,0.0
2025-01-28,745.9000244140625,775.0,714.5499877929688,759.3499755859375,89831,0.0,0.0
2025-01-29,769.0,809.4000244140625,765.0999755859375,804.2999877929688,115386,0.0,0.0
2025-01-30,792.25,807.0,785.25,800.6500244140625,62855,0.0,0.0
2025-01-31,800.7000122070312,826.4000244140625,786.0,820.75,55841,0.0,0.0
2025-02-01,822.0,840.0,790.0,801.3499755859375,47925,0.0,0.0
2025-02-03,801.3499755859375,820.9500122070312,792.0499877929688,814.6500244140625,36472,0.0,0.0
2025-02-04,819.5,838.9500122070312,810.0,834.4000244140625,93420,0.0,0.0
2025-02-05,829.4000244140625,836.0499877929688,821.0499877929688,831.0499877929688,68009,0.0,0.0
2025-02-06,831.0499877929688,858.5499877929688,827.9000244140625,847.4500122070312,46152,0.0,0.0
2025-02-07,846.5,855.4500122070312,828.2999877929688,843.9000244140625,49883,0.0,0.0
2025-02-10,849.4000244140625,849.4000244140625,820.0,828.0,83560,0.0,0.0
2025-02-11,820.0,829.9500122070312,766.2999877929688,784.7999877929688,95813,0.0,0.0
2025-02-12,771.7000122070312,779.9500122070312,750.9500122070312,766.9000244140625,59018,0.0,0.0
2025-02-13,766.0,771.25,725.2000122070312,735.7999877929688,42472,0.0,0.0
2025-02-14,742.0499877929688,748.0,722.3499755859375,735.0999755859375,64557,0.0,0.0
2025-02-17,722.0,747.8499755859375,700.0,723.1500244140625,79345,0.0,0.0
2025-02-18,727.8499755859375,734.8499755859375,700.2999877929688,706.7000122070312,47102,0.0,0.0
2025-02-19,703.2000122070312,730.0,694.5,698.6500244140625,52667,0.0,0.0
2025-02-20,695.0,738.3499755859375,690.5,733.0499877929688,69534,0.0,0.0
2025-02-21,731.1500244140625,790.0,729.5,766.4000244140625,136686,0.0,0.0
2025-02-24,750.0,756.75,743.5499877929688,754.4500122070312,51897,0.0,0.0
2025-02-25,746.9000244140625,762.5,746.9000244140625,753.1500244140625,61741,0.0,0.0
2025-02-27,747.9000244140625,775.4500122070312,745.2000122070312,770.5999755859375,38255,0.0,0.0
2025-02-28,759.0499877929688,774.9500122070312,735.9000244140625,752.9000244140625,123627,0.0,0.0
2025-03-03,752.0,773.4500122070312,744.8499755859375,770.0,58973,0.0,0.0
2025-03-04,764.5,774.8499755859375,737.7999877929688,750.9000244140625,60284,0.0,0.0
2025-03-05,743.4000244140625,799.0,743.4000244140625,781.8499755859375,83635,0.0,0.0
2025-03-06,785.0,798.75,767.2999877929688,775.5,31685,0.0,0.0
2025-03-07,780.0,793.7000122070312,775.1500244140625,781.9000244140625,54823,0.0,0.0
2025-03-10,774.0999755859375,790.5,774.0999755859375,779.9500122070312,34004,0.0,0.0
2025-03-11,772.2000122070312,788.1500244140625,748.8499755859375,777.5999755859375,36236,0.0,0.0
2025-03-12,772.0,789.7999877929688,752.0,767.25,20175,0.0,0.0
2025-03-13,765.0,784.6500244140625,750.0999755859375,775.3499755859375,41351,0.0,0.0
2025-03-17,782.0,797.7999877929688,770.0,790.3499755859375,79757,0.0,0.0
2025-03-18,790.3499755859375,790.3499755859375,790.3499755859375,790.3499755859375,0,0.0,0.0
2025-03-19,800.5999755859375,823.4000244140625,790.1500244140625,797.1500244140625,165441,0.0,0.0
2025-03-20,797.1500244140625,889.9500122070312,797.0999755859375,845.2000122070312,274152,0.0,0.0
2025-03-21,845.4500122070312,849.9500122070312,822.0,827.25,105099,0.0,0.0
2025-03-24,824.0999755859375,839.4000244140625,811.0,818.4500122070312,35863,0.0,0.0
2025-03-25,820.7999877929688,844.0,805.5499877929688,836.75,82065,0.0,0.0
2025-03-26,842.0,842.0,798.5999755859375,821.2999877929688,115598,0.0,0.0
2025-03-27,821.0,985.5499877929688,813.75,944.6500244140625,568975,0.0,0.0
2025-03-28,900.6500244140625,901.0,851.9000244140625,864.7000122070312,351130,0.0,0.0
2025-04-01,856.7999877929688,860.0499877929688,841.5499877929688,854.6500244140625,71993,0.0,0.0
2025-04-02,848.5,891.0,842.0999755859375,877.1500244140625,90226,0.0,0.0
2025-04-03,869.9000244140625,880.8499755859375,853.8499755859375,875.9000244140625,41269,0.0,0.0
2025-04-04,875.9000244140625,879.0,826.5,842.75,79821,0.0,0.0
2025-04-07,674.2000122070312,807.0499877929688,674.2000122070312,791.6500244140625,127385,0.0,0.0
2025-04-08,792.2000122070312,831.0,792.2000122070312,813.0999755859375,99348,0.0,0.0
2025-04-09,803.0,835.0,799.5,813.0499877929688,31938,0.0,0.0
2025-04-11,840.9000244140625,857.0,824.0999755859375,843.9500122070312,72251,0.0,0.0
2025-04-15,855.8499755859375,879.9000244140625,850.0499877929688,865.3499755859375,75876,0.0,0.0
2025-04-16,860.0499877929688,885.9500122070312,851.0,872.1500244140625,55293,0.0,0.0
2025-04-17,865.0,896.1500244140625,865.0,885.2000122070312,51175,0.0,0.0
2025-04-21,890.0,897.5,872.7000122070312,882.5,81358,0.0,0.0
2025-04-22,888.0,888.0,870.2999877929688,883.8499755859375,40921,0.0,0.0
2025-04-23,885.0,901.25,866.0,885.8499755859375,50509,0.0,0.0
2025-04-24,885.8499755859375,891.3499755859375,864.1500244140625,885.2000122070312,76871,0.0,0.0
2025-04-25,872.9000244140625,895.0999755859375,848.5499877929688,856.9000244140625,54912,0.0,0.0
2025-04-28,856.9000244140625,871.25,839.5499877929688,856.7000122070312,72202,0.0,0.0
2025-04-29,863.1500244140625,875.7000122070312,849.5,853.4000244140625,36705,0.0,0.0
2025-04-30,853.0999755859375,872.0,837.5999755859375,861.7999877929688,100508,0.0,0.0
2025-05-02,851.0499877929688,876.0,851.0499877929688,870.5499877929688,78973,0.0,0.0
2025-05-05,872.7000122070312,880.0,861.9500122070312,877.7999877929688,53268,0.0,0.0
2025-05-06,874.5499877929688,880.0,865.0,872.0499877929688,71283,0.0,0.0
2025-05-07,856.2000122070312,891.0,851.8499755859375,879.9500122070312,46617,0.0,0.0
2025-05-08,892.7999877929688,910.2000122070312,879.9000244140625,891.25,111528,0.0,0.0
2025-05-09,886.7999877929688,896.1500244140625,874.0,887.5,31635,0.0,0.0
2025-05-12,926.0499877929688,929.0,892.4500122070312,897.8499755859375,44368,0.0,0.0
2025-05-13,903.0,925.0,891.1500244140625,913.9500122070312,55955,0.0,0.0
2025-05-14,925.9000244140625,930.6500244140625,909.0,926.25,76739,0.0,0.0
2025-05-15,935.0,943.9500122070312,912.0,921.3499755859375,52805,0.0,0.0
2025-05-16,901.0,912.4000244140625,862.0999755859375,886.2999877929688,172984,0.0,0.0
2025-05-19,899.5999755859375,904.2000122070312,865.75,869.0499877929688,58085,0.0,0.0
2025-05-20,874.6500244140625,874.7000122070312,850.5499877929688,860.1500244140625,87828,0.0,0.0
2025-05-21,865.75,898.0,841.0,887.2000122070312,96880,0.0,0.0
2025-05-22,890.5499877929688,911.0,886.5,897.2999877929688,60386,0.0,0.0
2025-05-23,900.0,912.0,880.0,884.9000244140625,63400,0.0,0.0
2025-05-26,884.9000244140625,900.0,881.1500244140625,892.2999877929688,38563,0.0,0.0
2025-05-27,892.2999877929688,902.0,874.0999755859375,878.25,38958,0.0,0.0
2025-05-28,878.0,888.0,860.5999755859375,867.5499877929688,55868,0.0,0.0
2025-05-29,873.2000122070312,876.1500244140625,862.0499877929688,868.2000122070312,30196,0.0,0.0
2025-05-30,868.0999755859375,879.2000122070312,857.75,859.7999877929688,66387,0.0,0.0
2025-06-02,860.0499877929688,870.0,852.3499755859375,862.3499755859375,37363,0.0,0.0
2025-06-03,862.3499755859375,895.0,855.5999755859375,885.0999755859375,53180,0.0,0.0
2025-06-04,890.9000244140625,932.9500122070312,885.0999755859375,916.5499877929688,177648,0.0,0.0
2025-06-05,923.7999877929688,941.1500244140625,904.4500122070312,908.9000244140625,53984,0.0,0.0
2025-06-06,908.0,919.5,898.4000244140625,900.3499755859375,32244,0.0,0.0
2025-06-09,906.2000122070312,910.7000122070312,897.6500244140625,902.1500244140625,28248,0.0,0.0
2025-06-10,899.25,913.5999755859375,890.0,895.4000244140625,32633,0.0,0.0
2025-06-11,895.0,908.0,895.0,901.75,33934,0.0,0.0
2025-06-12,905.4000244140625,907.1500244140625,890.0,900.5,48557,0.0,0.0
2025-06-13,880.0,899.0,874.75,879.5499877929688,45484,0.0,0.0
2025-06-16,880.0,883.9500122070312,861.5499877929688,865.7000122070312,37154,0.0,0.0
2025-06-17,865.7000122070312,876.9000244140625,856.4000244140625,864.4500122070312,32083,0.0,0.0
2025-06-18,870.5999755859375,876.4500122070312,855.0,862.2000122070312,45814,0.0,0.0
2025-06-19,862.2000122070312,868.9000244140625,843.3499755859375,852.9500122070312,53877,0.0,0.0
2025-06-20,858.5,866.4500122070312,848.9500122070312,853.3499755859375,57100,0.0,0.0
2025-06-23,853.3499755859375,877.0,839.0,861.0,73235,0.0,0.0
2025-06-24,877.9000244140625,924.0,877.0,906.0,520073,0.0,0.0
2025-06-25,917.0,928.4500122070312,900.0,917.8499755859375,72928,0.0,0.0
2025-06-26,922.9500122070312,922.9500122070312,901.0,915.0,42636,0.0,0.0
2025-06-27,920.0,920.0,901.7000122070312,905.0,25771,0.0,0.0
2025-06-30,909.8499755859375,934.0,905.0,925.5499877929688,75808,0.0,0.0
2025-07-01,920.0999755859375,931.4500122070312,916.9500122070312,921.9000244140625,35954,0.0,0.0
2025-07-02,912.2999877929688,923.6500244140625,905.0,910.7999877929688,30979,0.0,0.0
2025-07-03,915.3499755859375,916.0499877929688,899.5999755859375,901.7000122070312,30902,0.0,0.0
2025-07-04,905.7000122070312,919.7999877929688,902.0499877929688,906.5,46133,0.0,0.0
2025-07-07,906.5999755859375,921.2000122070312,902.0,906.1500244140625,21821,0.0,0.0
2025-07-08,912.0,947.0,906.6500244140625,923.5499877929688,233142,0.0,0.0
2025-07-09,919.2999877929688,935.75,917.4000244140625,923.9500122070312,54104,0.0,0.0
2025-07-10,923.9500122070312,928.9500122070312,911.0,916.2000122070312,28589,0.0,0.0
2025-07-11,910.0,920.7000122070312,902.5,911.75,28651,0.0,0.0
2025-07-14,911.75,928.5499877929688,910.1500244140625,919.9500122070312,27677,0.0,0.0
2025-07-15,924.5,936.0,919.1500244140625,925.0499877929688,54835,0.0,0.0
2025-07-16,915.7999877929688,940.0,915.7999877929688,927.5,57386,0.0,0.0
2025-07-17,933.5,955.0,908.0,945.5499877929688,119937,0.0,0.0
2025-07-18,945.5499877929688,954.2000122070312,912.4000244140625,930.6500244140625,54225,0.0,0.0
2025-07-21,936.7000122070312,936.7000122070312,915.1500244140625,920.3499755859375,29170,0.0,0.0
2025-07-22,926.5,968.7999877929688,921.0,961.4000244140625,321088,0.0,0.0
2025-07-23,965.0,970.0,931.7000122070312,936.5499877929688,71548,0.0,0.0
2025-07-24,942.5999755859375,944.9000244140625,922.0,933.1500244140625,26769,0.0,0.0
2025-07-25,923.1500244140625,927.9500122070312,896.25,899.4500122070312,59213,0.0,0.0
2025-07-28,906.6500244140625,917.3499755859375,881.0,888.5999755859375,55653,0.0,0.0
2025-07-29,888.0,896.7000122070312,880.0,885.3499755859375,31294,0.0,0.0
2025-07-30,890.0,918.6500244140625,885.9000244140625,912.5499877929688,70147,0.0,0.0
2025-07-31,910.0,913.0,882.5999755859375,898.7000122070312,48424,0.0,0.0
2025-08-01,899.0,905.9000244140625,885.0,895.0999755859375,32934,0.0,0.0
2025-08-04,900.9000244140625,904.0,881.5,886.9500122070312,22949,0.0,0.0
2025-08-05,887.25,893.8499755859375,873.5999755859375,877.6500244140625,22420,0.0,0.0
2025-08-06,882.0,893.4000244140625,847.7999877929688,856.8499755859375,43208,0.0,0.0
2025-08-07,855.0,868.9500122070312,848.9500122070312,863.2000122070312,29926,0.0,0.0
2025-08-08,868.7999877929688,868.7999877929688,807.0499877929688,833.5499877929688,22769,0.0,0.0
2025-08-11,835.0999755859375,838.9000244140625,816.5,822.5999755859375,47834,0.0,0.0
2025-08-12,822.5999755859375,835.2000122070312,813.5,823.0499877929688,29390,0.0,0.0
2025-08-13,825.0,828.4500122070312,805.0,807.4000244140625,53492,0.0,0.0
2025-08-14,812.5,816.0,783.5999755859375,788.5499877929688,71952,0.0,0.0
2025-08-18,799.0,826.5499877929688,793.0999755859375,817.25,48639,0.0,0.0
2025-08-19,820.0,825.9500122070312,801.0,812.9500122070312,24415,0.0,0.0
2025-08-20,818.5,827.0,809.1500244140625,818.4500122070312,34347,0.0,0.0
2025-08-21,823.7999877929688,870.4500122070312,810.5999755859375,815.5,23510,0.0,0.0
2025-08-22,814.0,818.9000244140625,805.75,814.9000244140625,14468,0.0,0.0
2025-08-25,815.0999755859375,823.75,795.0,799.7000122070312,33927,0.0,0.0
2025-08-26,800.0,800.9500122070312,771.0,774.8499755859375,43395,0.0,1.5
2025-08-28,773.0,779.9000244140625,762.8499755859375,769.7999877929688,34445,0.0,0.0
2025-08-29,769.7999877929688,776.6500244140625,762.0,766.0,20415,0.0,0.0
2025-09-01,770.9000244140625,770.9000244140625,760.0499877929688,764.25,16955,0.0,0.0
2025-09-02,767.2000122070312,780.0,760.5999755859375,765.1500244140625,25451,0.0,0.0
2025-09-03,768.9500122070312,778.0,762.0,774.9500122070312,48091,0.0,0.0
2025-09-04,779.5999755859375,779.5999755859375,760.0,761.9000244140625,45446,0.0,0.0
2025-09-05,762.0,779.75,761.4500122070312,766.9000244140625,62996,0.0,0.0
2025-09-08,768.2999877929688,796.9500122070312,762.0,765.5999755859375,62408,0.0,0.0
2025-09-09,770.4500122070312,770.4500122070312,740.0999755859375,754.0999755859375,45474,0.0,0.0
2025-09-10,759.0,785.0,756.0499877929688,767.7999877929688,100793,0.0,0.0
2025-09-11,766.7999877929688,816.0,765.0,781.5,194655,0.0,0.0
2025-09-12,783.8499755859375,790.5,764.1500244140625,777.4000244140625,46448,0.0,0.0
2025-09-15,777.4000244140625,795.0,771.6500244140625,789.2999877929688,20327,0.0,0.0
2025-09-16,790.9000244140625,808.0,789.2999877929688,803.9000244140625,43375,0.0,0.0
2025-09-17,807.0,812.9000244140625,795.0,807.2000122070312,37660,0.0,0.0
2025-09-18,807.75,812.5,805.4500122070312,809.4500122070312,26386,0.0,0.0
2025-09-19,812.5,825.0,802.0,815.9500122070312,58433,0.0,0.0
2025-09-22,815.9500122070312,821.0,806.6500244140625,809.0499877929688,66446,0.0,0.0
2025-09-23,806.0499877929688,809.4500122070312,775.0,784.0999755859375,44751,0.0,0.0
2025-09-24,784.0999755859375,794.0,771.0,783.6500244140625,51296,0.0,0.0
2025-09-25,784.0,795.0,783.6500244140625,786.4500122070312,54334,0.0,0.0
2025-09-26,788.3499755859375,795.2000122070312,776.5,781.75,43173,0.0,0.0
2025-09-29,780.4000244140625,786.9000244140625,766.1500244140625,770.3499755859375,33300,0.0,0.0
2025-09-30,772.0,774.5499877929688,736.8499755859375,743.0999755859375,205211,0.0,0.0
2025-10-01,743.0,778.0,734.2000122070312,772.2000122070312,61021,0.0,0.0
2025-10-03,772.4000244140625,779.4000244140625,754.0,759.2999877929688,56159,0.0,0.0
2025-10-06,760.0,761.0,746.0,749.7000122070312,16955,0.0,0.0
2025-10-07,750.0,758.0,743.5,749.7999877929688,27639,0.0,0.0
2025-10-08,754.6500244140625,757.0,744.7000122070312,749.4000244140625,26137,0.0,0.0
2025-10-09,751.9500122070312,764.9000244140625,745.0,754.1500244140625,338179,0.0,0.0
2025-10-10,754.9000244140625,763.0999755859375,747.0999755859375,753.25,305169,0.0,0.0
2025-10-13,755.0,760.4500122070312,732.0,750.6500244140625,22850,0.0,0.0
2025-10-14,746.25,756.7999877929688,746.25,749.9500122070312,51858,0.0,0.0
2025-10-15,741.0,755.9500122070312,740.9000244140625,752.0499877929688,20607,0.0,0.0
2025-10-16,752.0499877929688,778.0,750.0,771.9000244140625,305177,0.0,0.0
2025-10-17,776.9000244140625,786.75,758.4000244140625,763.0999755859375,41828,0.0,0.0
2025-10-20,760.0,775.0,755.0,765.25,66824,0.0,0.0
2025-10-21,763.0,793.0,763.0,783.5,12329,0.0,0.0
2025-10-23,794.0999755859375,803.8499755859375,775.0,778.2999877929688,79460,0.0,0.0
2025-10-24,775.0,785.9500122070312,760.7000122070312,771.1500244140625,19775,0.0,0.0
2025-10-27,771.1500244140625,780.0,760.9000244140625,775.9000244140625,45664,0.0,0.0
2025-10-28,777.4500122070312,788.0,770.3499755859375,776.0,24809,0.0,0.0
2025-10-29,778.0999755859375,781.0499877929688,767.1500244140625,771.5999755859375,29262,0.0,0.0
2025-10-30,771.5999755859375,778.25,761.0,762.4500122070312,51969,0.0,0.0
2025-10-31,763.0,768.5499877929688,756.0499877929688,759.0499877929688,42918,0.0,0.0
2025-11-03,760.2999877929688,771.0,755.1500244140625,759.2000122070312,66091,0.0,0.0
2025-11-04,762.25,768.5,756.3499755859375,760.9500122070312,24262,0.0,0.0
2025-11-06,761.5,762.8499755859375,738.7999877929688,741.3499755859375,34386,0.0,0.0
2025-11-07,741.3499755859375,746.5,730.7000122070312,737.9000244140625,52806,0.0,0.0
2025-11-10,715.0999755859375,725.0,675.0,713.5499877929688,510403,0.0,0.0
2025-11-11,718.0,732.9000244140625,700.5499877929688,726.3499755859375,57659,0.0,0.0
2025-11-12,729.9000244140625,741.0,708.0,722.5999755859375,92481,0.0,0.0
2025-11-13,733.2999877929688,759.9000244140625,718.7000122070312,751.7000122070312,151051,0.0,0.0
2025-11-14,760.0,760.0,723.0499877929688,730.9500122070312,48599,0.0,8.0
2025-11-17,735.0,735.9000244140625,680.1500244140625,707.8499755859375,125531,0.0,0.0
2025-11-18,715.75,734.0,709.1500244140625,730.2999877929688,73753,0.0,0.0
2025-11-19,729.6500244140625,738.0,721.5,728.7000122070312,45277,0.0,0.0
2025-11-20,731.8499755859375,745.0,725.0499877929688,739.0499877929688,38271,0.0,0.0
2025-11-21,735.4000244140625,735.4000244140625,704.9500122070312,717.5999755859375,62681,0.0,0.0
2025-11-24,721.2000122070312,721.2000122070312,703.2000122070312,709.2000122070312,28251,0.0,0.0
2025-11-25,700.0,707.9000244140625,696.2999877929688,702.0999755859375,64697,0.0,0.0
2025-11-26,705.1500244140625,714.6500244140625,701.6500244140625,703.7000122070312,80045,0.0,0.0
2025-11-27,703.7000122070312,713.3499755859375,696.0,702.5999755859375,255304,0.0,0.0
2025-11-28,703.2999877929688,704.9500122070312,695.75,702.5499877929688,24466,0.0,0.0
2025-12-01,704.5499877929688,705.0,690.0,693.6500244140625,26729,0.0,0.0
2025-12-02,699.0,699.0,678.5,682.6500244140625,44414,0.0,0.0
2025-12-03,682.6500244140625,687.7000122070312,675.0,683.1500244140625,25416,0.0,0.0
2025-12-04,687.9000244140625,687.9000244140625,675.0,679.0,37953,0.0,0.0
2025-12-05,679.7000122070312,683.0999755859375,655.5499877929688,661.3499755859375,36736,0.0,0.0
2025-12-08,661.0,667.0,646.5499877929688,659.0999755859375,51454,0.0,0.0
2025-12-09,660.0499877929688,695.0,654.5999755859375,690.0999755859375,118898,0.0,0.0
2025-12-10,693.5,699.0,677.0,682.2000122070312,93842,0.0,0.0
2025-12-11,682.0,690.4000244140625,668.0,676.25,136763,0.0,0.0
2025-12-12,673.3499755859375,680.5,664.25,670.3499755859375,30690,0.0,0.0
2025-12-15,674.3499755859375,685.0,662.4000244140625,678.9500122070312,28328,0.0,0.0
2025-12-16,674.0,678.5499877929688,668.7999877929688,672.5,38746,0.0,0.0
2025-12-17,675.0,683.5999755859375,664.75,678.3499755859375,114336,0.0,0.0
2025-12-18,676.0999755859375,678.25,665.0499877929688,676.0999755859375,42795,0.0,0.0
2025-12-19,676.0999755859375,699.0499877929688,676.0999755859375,689.0,51698,0.0,0.0
2025-12-22,692.4500122070312,693.5,678.0,686.4500122070312,37793,0.0,0.0
2025-12-23,686.0499877929688,699.2999877929688,685.0,694.0999755859375,42866,0.0,0.0
2025-12-24,698.0999755859375,699.0,679.7000122070312,690.0499877929688,48206,0.0,0.0
2025-12-26,689.6500244140625,703.9000244140625,678.0,699.25,38891,0.0,0.0
2025-12-29,700.0,704.8499755859375,689.8499755859375,699.2999877929688,48379,0.0,0.0
2025-12-30,699.2999877929688,700.0,690.5,695.9500122070312,45447,0.0,0.0
2025-12-31,698.4000244140625,701.4000244140625,694.5499877929688,697.5499877929688,32331,0.0,0.0
2026-01-01,697.3499755859375,702.0,695.0,696.5999755859375,16538,0.0,0.0
2026-01-02,696.5999755859375,698.9500122070312,685.0499877929688,689.75,98193,0.0,0.0
2026-01-05,693.4000244140625,693.4000244140625,682.9000244140625,690.2000122070312,40341,0.0,0.0
2026-01-06,689.7999877929688,692.5999755859375,681.0,684.9000244140625,34033,0.0,0.0
2026-01-07,684.9000244140625,688.7000122070312,672.8499755859375,675.0999755859375,125591,0.0,0.0
2026-01-08,675.0999755859375,675.0999755859375,653.0,662.2000122070312,144169,0.0,0.0
2026-01-09,660.0,665.0,643.0,659.75,60002,0.0,0.0
2026-01-12,655.0,660.5999755859375,637.2000122070312,658.9500122070312,54869,0.0,0.0
2026-01-13,658.9500122070312,658.9500122070312,639.9000244140625,644.4500122070312,31112,0.0,0.0
2026-01-14,640.0,644.6500244140625,618.75,635.0,91040,0.0,0.0
2026-01-16,635.0,644.1500244140625,623.2999877929688,629.9000244140625,132975,0.0,0.0
2026-01-19,623.75,627.9000244140625,611.0999755859375,616.5499877929688,47937,0.0,0.0
2026-01-20,616.5499877929688,616.5499877929688,593.25,599.25,47816,0.0,0.0
2026-01-21,599.25,613.0,588.1500244140625,601.5,67655,0.0,0.0
2026-01-22,603.9000244140625,607.7000122070312,593.5499877929688,601.3499755859375,54207,0.0,0.0
2026-01-23,604.0,619.9000244140625,600.25,613.0999755859375,67505,0.0,0.0
2026-01-27,611.75,612.0499877929688,595.9000244140625,604.4500122070312,63111,0.0,0.0
2026-01-28,604.4500122070312,651.6500244140625,603.9000244140625,646.75,56037,0.0,0.0
2026-01-29,643.6500244140625,650.0,614.9000244140625,644.75,38524,0.0,0.0
2026-01-30,632.4500122070312,668.7999877929688,630.9000244140625,654.5999755859375,43350,0.0,0.0
2026-02-02,631.5,640.7999877929688,617.5999755859375,635.4000244140625,45885,0.0,0.0
2026-02-03,714.5,762.4500122070312,689.8499755859375,744.0999755859375,422092,0.0,0.0
2026-02-04,744.0999755859375,744.0999755859375,708.0,719.0499877929688,73851,0.0,0.0
2026-02-05,719.0499877929688,723.75,705.5999755859375,706.75,38774,0.0,0.0
2026-02-06,706.75,708.3499755859375,676.2999877929688,682.2999877929688,36755,0.0,0.0
2026-02-09,690.5,731.4500122070312,690.5,707.1500244140625,94721,0.0,0.0
2026-02-10,707.2000122070312,712.0999755859375,680.5999755859375,692.0,55425,0.0,0.0
2026-02-11,692.0,707.7999877929688,684.8499755859375,687.25,34268,0.0,0.0
2026-02-12,711.3499755859375,773.0,702.2000122070312,719.0499877929688,2149665,0.0,0.0
2026-02-13,709.0,728.9000244140625,696.0499877929688,717.7000122070312,127496,0.0,0.0
2026-02-16,715.0,717.0,689.9500122070312,693.25,55678,0.0,0.0
2026-02-17,693.25,700.6500244140625,690.0,695.6500244140625,21318,0.0,0.0
2026-02-18,695.6500244140625,698.2999877929688,674.0,678.1500244140625,46510,0.0,0.0
2026-02-19,681.7000122070312,681.9500122070312,655.0499877929688,661.5999755859375,59634,0.0,0.0
2026-02-20,661.5999755859375,664.9500122070312,653.0,657.9000244140625,22430,0.0,0.0
2026-02-23,663.5,670.6500244140625,650.7000122070312,656.1500244140625,44202,0.0,0.0
2026-02-24,658.4000244140625,658.4000244140625,640.5999755859375,645.4500122070312,75987,0.0,0.0
2026-02-25,646.0,656.8499755859375,637.0499877929688,642.9000244140625,117495,0.0,0.0
2026-02-26,643.5499877929688,652.3499755859375,632.0499877929688,639.0999755859375,42394,0.0,0.0
2026-02-27,639.0999755859375,648.8499755859375,631.0499877929688,642.4000244140625,55792,0.0,0.0
2026-03-02,633.5999755859375,642.4000244140625,620.0,631.4500122070312,75977,0.0,0.0
2026-03-04,615.0,630.0,606.5999755859375,620.6500244140625,54249,0.0,0.0
2026-03-05,620.6500244140625,649.7000122070312,613.1500244140625,628.2000122070312,51277,0.0,0.0
2026-03-06,628.5,636.75,614.0,618.5999755859375,57517,0.0,0.0
2026-03-09,601.5999755859375,629.7000122070312,593.0,621.4000244140625,92778,0.0,0.0
2026-03-10,623.0499877929688,625.0,614.5499877929688,622.2999877929688,77076,0.0,0.0
2026-03-11,629.0,629.0,615.6500244140625,624.4500122070312,52631,0.0,0.0
2026-03-12,616.0999755859375,621.0,602.3499755859375,605.1500244140625,63648,0.0,0.0
2026-03-13,600.1500244140625,617.4000244140625,582.5,607.3499755859375,266487,0.0,0.0
2026-03-16,604.3499755859375,615.25,596.7999877929688,610.0,110937,0.0,0.0
2026-03-17,614.8499755859375,622.0999755859375,600.0,616.0999755859375,37751,0.0,0.0
2026-03-18,619.5,637.3499755859375,616.1500244140625,627.8499755859375,38719,0.0,0.0
2026-03-19,620.0,630.0,610.0,611.9000244140625,25763,0.0,0.0
2026-03-20,613.9500122070312,620.0499877929688,606.25,611.7000122070312,38617,0.0,0.0
2026-03-23,607.0499877929688,607.0499877929688,594.0,600.5,61901,0.0,0.0
2026-03-24,610.0,612.0499877929688,599.75,605.7999877929688,34869,0.0,0.0
2026-03-25,608.0999755859375,620.5,600.0,608.0999755859375,54823,0.0,0.0
2026-03-27,608.0999755859375,608.0999755859375,585.5499877929688,592.4500122070312,272882,0.0,0.0
2026-03-30,585.0,612.4500122070312,579.75,606.25,210017,0.0,0.0
2026-04-01,620.0,620.0,594.0,598.0499877929688,140589,0.0,0.0
2026-04-02,598.0499877929688,607.9000244140625,582.5499877929688,598.6500244140625,51281,0.0,0.0
2026-04-06,598.0,606.5999755859375,590.8499755859375,600.0499877929688,47568,0.0,0.0
2026-04-07,594.0,601.7000122070312,593.5999755859375,596.9000244140625,35530,0.0,0.0
2026-04-08,618.5,618.5,601.9500122070312,612.9500122070312,62511,0.0,0.0
2026-04-09,621.7999877929688,621.7999877929688,600.2999877929688,602.4000244140625,38749,0.0,0.0
2026-04-10,604.0,632.0499877929688,598.2999877929688,619.2000122070312,95841,0.0,0.0
2026-04-13,611.75,624.4000244140625,602.0,612.2999877929688,25992,0.0,0.0
2026-04-15,626.0,636.7000122070312,619.2999877929688,634.7999877929688,39230,0.0,0.0
2026-04-16,636.0499877929688,643.2999877929688,631.3499755859375,636.0499877929688,32672,0.0,0.0
2026-04-17,642.4000244140625,650.6500244140625,637.2999877929688,646.3499755859375,27753,0.0,0.0
2026-04-20,648.0,659.9000244140625,635.0999755859375,652.7000122070312,67295,0.0,0.0
2026-04-21,655.0,666.0,651.2000122070312,655.3499755859375,32707,0.0,0.0
2026-04-22,655.3499755859375,659.9000244140625,640.5999755859375,644.7000122070312,50183,0.0,0.0
2026-04-23,647.2999877929688,649.7999877929688,627.6500244140625,632.4500122070312,30573,0.0,0.0
2026-04-24,632.7999877929688,632.7999877929688,616.0,627.0999755859375,33826,0.0,0.0
2026-04-27,627.0,636.8499755859375,624.0,631.4000244140625,28908,0.0,0.0
2026-04-28,633.5999755859375,633.5999755859375,611.2000122070312,616.5,110779,0.0,0.0
2026-04-29,616.5,620.9000244140625,603.8499755859375,612.7000122070312,84937,0.0,0.0
2026-04-30,612.0,618.7999877929688,603.0,614.75,69348,0.0,0.0
2026-05-01,614.75,614.75,614.75,614.75,0,0.0,0.0
2026-05-04,615.0,637.9000244140625,615.0,634.6500244140625,153696,0.0,0.0
2026-05-05,637.8499755859375,639.9500122070312,623.0,624.4500122070312,32630,0.0,0.0
2026-05-06,665.0,673.75,637.5999755859375,666.7000122070312,445439,0.0,0.0
2026-05-07,670.2999877929688,691.5,666.7999877929688,672.4500122070312,119310,0.0,0.0
2026-05-08,677.8499755859375,685.5999755859375,630.1500244140625,641.1500244140625,308268,0.0,0.0
2026-05-11,640.2000122070312,640.2000122070312,621.25,626.2000122070312,76610,0.0,0.0
2026-05-12,626.0,636.2000122070312,615.7000122070312,625.25,91849,0.0,0.0
2026-05-13,625.25,632.0,616.5,624.4500122070312,39586,0.0,0.0
2026-05-14,626.5,633.9000244140625,616.7999877929688,629.25,68713,0.0,0.0
2026-05-15,626.6500244140625,639.25,620.0,628.4500122070312,35829,0.0,0.0
2026-05-18,628.4500122070312,650.0,613.2000122070312,643.3499755859375,107861,0.0,0.0
2026-05-19,645.0,655.0,640.0,642.2000122070312,62156,0.0,0.0
2026-05-20,634.7999877929688,641.7000122070312,628.0,635.2000122070312,33870,0.0,0.0
2026-05-21,630.2000122070312,634.75,608.2000122070312,622.0999755859375,116775,0.0,0.0
2026-05-22,622.0999755859375,627.9500122070312,613.0,625.2999877929688,60081,0.0,0.0
2026-05-25,627.5,643.5499877929688,627.0999755859375,638.6500244140625,47844,0.0,0.0
2026-05-26,638.6500244140625,649.0,631.3499755859375,641.4000244140625,40427,0.0,0.0
2026-05-27,643.0,651.3499755859375,637.0499877929688,649.5499877929688,55565,0.0,0.0
2026-05-28,649.5499877929688,649.5499877929688,649.5499877929688,649.5499877929688,0,0.0,0.0
2026-05-29,649.5499877929688,662.0,639.9000244140625,659.4500122070312,80806,0.0,0.0
2026-06-01,665.5,666.0,641.0999755859375,643.4500122070312,34191,0.0,0.0
2026-06-02,638.0499877929688,663.5999755859375,634.0,660.6500244140625,31505,0.0,0.0
2026-06-03,657.0,658.7999877929688,634.0499877929688,653.4000244140625,26116,0.0,0.0
2026-06-04,653.2999877929688,662.5,650.0,659.2000122070312,20768,0.0,0.0
2026-06-05,665.0,671.7000122070312,653.6500244140625,665.5,31057,0.0,0.0
2026-06-08,657.0,664.7999877929688,648.0,655.9000244140625,38415,0.0,0.0
2026-06-09,655.9000244140625,693.9500122070312,653.0,688.2999877929688,103392,0.0,0.0
2026-06-10,691.75,697.7999877929688,681.5999755859375,689.9000244140625,43380,0.0,0.0
2026-06-11,686.75,692.0,665.0,689.7000122070312,52574,0.0,0.0
2026-06-12,692.2000122070312,699.0,683.5999755859375,692.4500122070312,53855,0.0,0.0
2026-06-15,700.0,705.9500122070312,677.0,679.5,50575,0.0,0.0
2026-06-16,680.2000122070312,683.5,673.0,679.9500122070312,28085,0.0,0.0
2026-06-17,682.5,698.0,681.0499877929688,694.75,33249,0.0,0.0
2026-06-18,695.4000244140625,700.75,692.1500244140625,697.5999755859375,26321,0.0,0.0
2026-06-19,698.75,818.6500244140625,695.0,796.4000244140625,4899596,0.0,0.0
2026-06-22,796.0,798.5,765.25,776.7000122070312,328547,0.0,0.0
2026-06-23,777.0,778.0999755859375,756.7999877929688,766.0499877929688,113454,0.0,0.0
2026-06-24,765.2999877929688,765.2999877929688,735.0,738.0999755859375,80439,0.0,0.0
2026-06-25,744.9000244140625,746.0,717.0,728.3499755859375,88408,0.0,0.0
2026-06-26,728.3499755859375,728.3499755859375,728.3499755859375,728.3499755859375,0,0.0,0.0
2026-06-29,731.0999755859375,759.8499755859375,713.7000122070312,749.5,193410,0.0,0.0
2026-06-30,747.0,768.9500122070312,736.6500244140625,765.6500244140625,91830,0.0,0.0
2026-07-01,767.0,774.9000244140625,717.5,727.9500122070312,81871,0.0,0.0
2026-07-02,728.2999877929688,733.75,715.6500244140625,722.6500244140625,41814,0.0,0.0
2026-07-03,725.5,738.3499755859375,717.2999877929688,731.0499877929688,29851,0.0,0.0
2026-07-06,730.0499877929688,733.9000244140625,721.6500244140625,730.8499755859375,30558,0.0,0.0
2026-07-07,730.8499755859375,731.0,718.7000122070312,725.2999877929688,49958,0.0,0.0
2026-07-08,728.0,732.9500122070312,696.3499755859375,702.2999877929688,73178,0.0,0.0
2026-07-09,702.2999877929688,733.4500122070312,702.2999877929688,722.7999877929688,47034,0.0,0.0
2026-07-10,722.9500122070312,728.7999877929688,718.1500244140625,724.3499755859375,50802,0.0,0.0
2026-07-13,722.0,742.0,708.4000244140625,739.4000244140625,50776,0.0,0.0
2026-07-14,738.0999755859375,773.25,721.0,755.1500244140625,105954,0.0,0.0
2026-07-15,759.7999877929688,779.9000244140625,751.8499755859375,770.1500244140625,82525,0.0,0.0
2026-07-16,768.8499755859375,775.4500122070312,751.5499877929688,766.6500244140625,60688,0.0,0.0
2026-07-17,766.1500244140625,769.0,751.5499877929688,765.5,29234,0.0,0.0
2026-07-20,765.5,778.2000122070312,757.7000122070312,774.0999755859375,39727,0.0,0.0
2026-07-21,767.7999877929688,784.2999877929688,767.7999877929688,779.0,40607,0.0,0.0
2026-07-22,781.5499877929688,781.5499877929688,752.6500244140625,757.9000244140625,40574,0.0,0.0
2026-07-23,753.6500244140625,754.3499755859375,738.0,746.25,41267,0.0,0.0
2026-07-24,741.0,751.0,737.0499877929688,748.4500122070312,19880,0.0,0.0
2026-07-27,751.4000244140625,760.0,747.5,753.0,23157,0.0,0.0
2026-07-28,755.7999877929688,756.0,730.2999877929688,737.3499755859375,31795,0.0,0.0
2026-07-29,733.0999755859375,750.0499877929688,720.2999877929688,729.9500122070312,40144,0.0,0.0
2026-07-30,732.9000244140625,745.9000244140625,720.0,722.7999877929688,17662,0.0,0.0
2026-07-31,722.7999877929688,738.4500122070312,715.7999877929688,732.9000244140625,25655,0.0,0.0
2026-08-03,735.7999877929688,770.9500122070312,732.9500122070312,761.5999755859375,53200,0.0,0.0
2026-08-04,761.0,778.5,757.0499877929688,774.5999755859375,56006,0.0,0.0
2026-08-05,781.7000122070312,810.0,761.4000244140625,797.3499755859375,176068,0.0,0.0
2026-08-06,799.7000122070312,863.4000244140625,765.5499877929688,838.8499755859375,544036,0.0,0.0
2026-08-07,846.0,856.5,800.5,811.8499755859375,62817,0.0,0.0
2026-08-10,812.0,817.4500122070312,791.5,799.3499755859375,30295,0.0,0.0
2026-08-11,797.0,799.0,780.0499877929688,786.4000244140625,38619,0.0,0.0
2026-08-12,786.4000244140625,789.3499755859375,765.0,768.8499755859375,50951,0.0,0.0
2026-08-13,768.8499755859375,777.4500122070312,747.7999877929688,752.1500244140625,28271,0.0,0.0
2026-08-14,750.5,767.9500122070312,748.7000122070312,755.5,35907,0.0,0.0
2026-08-17,755.0,758.4500122070312,739.0499877929688,748.4500122070312,37349,0.0,0.0
2026-08-18,750.0,783.0,743.0499877929688,775.7000122070312,119840,0.0,0.0
2026-08-19,778.8499755859375,787.9500122070312,753.3499755859375,759.8499755859375,39772,0.0,0.0
2026-08-20,760.0,776.0499877929688,751.2000122070312,760.25,45144,0.0,0.0
2026-08-21,763.2999877929688,809.7000122070312,745.0,802.5999755859375,175193,0.0,0.0
2026-08-24,808.0,827.0,793.6500244140625,809.4000244140625,138253,0.0,0.0
2026-08-25,812.7999877929688,812.7999877929688,782.1500244140625,800.5,56227,0.0,0.0
2026-08-26,800.5999755859375,809.9000244140625,790.0999755859375,792.75,18120,0.0,0.0
2026-08-27,793.7000122070312,802.9000244140625,783.9500122070312,792.5499877929688,19137,0.0,0.0
2026-08-28,785.0,805.9000244140625,785.0,799.0,29877,0.0,0.0
2026-08-31,799.0,818.7999877929688,790.0,813.8499755859375,53462,0.0,0.0
2026-09-01,813.8499755859375,852.0,808.2999877929688,842.7000122070312,90917,0.0,1.0
2026-09-02,846.9500122070312,846.9500122070312,810.2999877929688,814.75,52451,0.0,0.0
2026-09-03,816.0,818.0499877929688,795.1500244140625,800.0499877929688,23548,0.0,0.0
2026-09-04,800.0,813.25,792.9000244140625,800.5499877929688,15701,0.0,0.0
2026-09-07,800.5499877929688,822.6500244140625,795.3499755859375,819.25,29908,0.0,0.0
2026-09-08,819.25,821.75,802.0,819.1500244140625,24619,0.0,0.0
2026-09-09,822.4000244140625,822.4000244140625,809.0,814.5999755859375,35097,0.0,0.0
2026-09-10,810.2999877929688,829.9000244140625,771.25,784.5,216497,0.0,0.0
2026-09-11,780.9500122070312,808.7999877929688,772.4000244140625,795.7000122070312,47380,0.0,0.0
2026-09-14,795.7000122070312,795.7000122070312,795.7000122070312,795.7000122070312,0,0.0,0.0
2026-09-15,798.4000244140625,799.2999877929688,780.0499877929688,785.5,70578,0.0,0.0
2026-09-16,781.9500122070312,804.75,762.1500244140625,800.5999755859375,44337,0.0,0.0
2026-09-17,799.9000244140625,807.0,790.4000244140625,799.7000122070312,18980,0.0,0.0
2026-09-18,799.7000122070312,840.0,791.2999877929688,819.0,56698,0.0,0.0
2026-09-21,822.4500122070312,822.4500122070312,798.4500122070312,800.4500122070312,44283,0.0,0.0
2026-09-22,801.0,806.9000244140625,794.9500122070312,800.4500122070312,29629,0.0,0.0
2026-09-23,800.4500122070312,806.4500122070312,783.0,787.1500244140625,19548,0.0,0.0
