date,open,high,low,close,volume,split_ratio,dividend
2021-01-01,1256.6666259765625,1271.25,1253.3333740234375,1254.699951171875,60357,0.0,0.0
2021-01-04,1259.63330078125,1266.6666259765625,1235.0,1240.0167236328125,117255,0.0,0.0
2021-01-05,1256.0,1262.6500244140625,1236.066650390625,1256.11669921875,119796,0.0,0.0
2021-01-06,1257.3333740234375,1350.0,1250.0,1287.199951171875,830100,0.0,0.0
2021-01-07,1300.3333740234375,1312.3333740234375,1253.3333740234375,1264.7166748046875,231861,0.0,0.0
2021-01-08,1275.0,1311.6666259765625,1266.6666259765625,1291.7332763671875,265086,0.0,0.0
2021-01-11,1300.0,1339.0,1280.0,1287.75,234078,0.0,0.0
2021-01-12,1291.6666259765625,1303.3333740234375,1272.3333740234375,1281.9832763671875,126504,0.0,0.0
2021-01-13,1291.0,1291.300048828125,1250.3333740234375,1273.0167236328125,115056,0.0,0.0
2021-01-14,1272.63330078125,1281.6666259765625,1253.3333740234375,1258.2667236328125,63366,0.0,0.0
2021-01-15,1259.0,1273.0,1244.0,1255.449951171875,89037,0.0,0.0
2021-01-18,1263.3333740234375,1272.9832763671875,1236.6666259765625,1240.5833740234375,84315,0.0,0.0
2021-01-19,1250.0,1265.3333740234375,1243.3333740234375,1253.2833251953125,80373,0.0,0.0
2021-01-20,1263.3333740234375,1303.9832763671875,1260.0167236328125,1288.9832763671875,238944,0.0,0.0
2021-01-21,1285.0,1288.316650390625,1216.0,1220.316650390625,411795,0.0,0.0
2021-01-22,1218.3333740234375,1242.6666259765625,1206.0167236328125,1211.4166259765625,130524,0.0,0.0
2021-01-25,1230.0,1232.050048828125,1198.3333740234375,1211.11669921875,91110,0.0,0.0
2021-01-27,1223.3333740234375,1223.3333740234375,1200.3333740234375,1203.0333251953125,72630,0.0,0.0
2021-01-28,1196.6666259765625,1209.6666259765625,1185.7667236328125,1196.683349609375,55761,0.0,0.333333
2021-01-29,1202.61669921875,1208.61669921875,1189.6666259765625,1191.2166748046875,56601,0.0,0.0
2021-02-01,1192.3333740234375,1199.050048828125,1178.3333740234375,1182.933349609375,98760,0.0,0.0
2021-02-02,1196.6666259765625,1206.0,1180.0,1182.449951171875,72345,0.0,0.0
2021-02-03,1191.63330078125,1232.0,1184.183349609375,1210.0999755859375,93267,0.0,0.0
2021-02-04,1214.9666748046875,1223.9166259765625,1200.36669921875,1203.6666259765625,57390,0.0,0.0
2021-02-05,1226.7667236328125,1239.9832763671875,1203.3333740234375,1226.566650390625,135465,0.0,0.0
2021-02-08,1228.13330078125,1247.4000244140625,1226.6666259765625,1228.4832763671875,98103,0.0,0.0
2021-02-09,1247.6666259765625,1259.3333740234375,1234.75,1242.63330078125,137412,0.0,0.0
2021-02-10,1243.3333740234375,1249.5333251953125,1224.0,1229.38330078125,84171,0.0,0.0
2021-02-11,1235.6666259765625,1274.6666259765625,1229.4000244140625,1256.4666748046875,149211,0.0,0.0
2021-02-12,1256.6666259765625,1261.3333740234375,1226.933349609375,1232.2332763671875,103632,0.0,0.0
2021-02-15,1242.933349609375,1293.3333740234375,1242.933349609375,1264.300048828125,388971,0.0,0.0
2021-02-16,1273.3333740234375,1276.316650390625,1234.3499755859375,1245.36669921875,127362,0.0,0.0
2021-02-17,1249.933349609375,1324.5,1237.0,1277.566650390625,919098,0.0,0.0
2021-02-18,1289.0,1523.3333740234375,1286.75,1491.5,2874873,0.0,0.0
2021-02-19,1486.0,1579.9166259765625,1410.683349609375,1436.699951171875,1887231,0.0,0.0
2021-02-22,1447.0333251953125,1498.6666259765625,1386.6666259765625,1396.3499755859375,551052,0.0,0.0
2021-02-23,1414.9666748046875,1435.0,1346.6666259765625,1414.6666259765625,385332,0.0,0.0
2021-02-24,1423.3333740234375,1449.6666259765625,1411.75,1434.61669921875,161256,0.0,0.0
2021-02-25,1442.3333740234375,1449.6666259765625,1402.183349609375,1410.0333251953125,149268,0.0,0.0
2021-02-26,1374.0833740234375,1398.300048828125,1353.6666259765625,1370.8499755859375,208218,0.0,0.0
2021-03-01,1376.8499755859375,1475.566650390625,1353.7166748046875,1430.7833251953125,312219,0.0,0.0
2021-03-02,1448.0,1452.933349609375,1392.050048828125,1399.9666748046875,142977,0.0,0.0
2021-03-03,1414.63330078125,1433.0,1390.0,1394.0167236328125,153162,0.0,0.0
2021-03-04,1393.3333740234375,1473.316650390625,1385.566650390625,1431.2332763671875,245376,0.0,0.0
2021-03-05,1431.0,1456.3333740234375,1397.6666259765625,1399.683349609375,172338,0.0,0.0
2021-03-08,1415.6666259765625,1422.9832763671875,1393.6666259765625,1398.3333740234375,106689,0.0,0.0
2021-03-09,1401.6666259765625,1521.3333740234375,1401.6666259765625,1453.683349609375,679329,0.0,0.0
2021-03-10,1476.6500244140625,1481.3333740234375,1440.6666259765625,1465.86669921875,134169,0.0,0.0
2021-03-12,1486.0,1492.933349609375,1418.0,1437.75,206736,0.0,0.0
2021-03-15,1446.0,1466.316650390625,1411.6666259765625,1416.683349609375,119727,0.0,0.0
2021-03-16,1423.3333740234375,1436.6666259765625,1400.0,1406.5999755859375,84450,0.0,0.0
2021-03-17,1450.0,1515.0,1430.0,1436.183349609375,573618,0.0,0.0
2021-03-18,1460.0,1460.0,1372.949951171875,1395.9666748046875,255552,0.0,0.0
2021-03-19,1395.9000244140625,1419.0833740234375,1326.683349609375,1400.9832763671875,228735,0.0,0.0
2021-03-22,1402.2667236328125,1429.7833251953125,1383.3333740234375,1415.5833740234375,125040,0.0,0.0
2021-03-23,1419.2667236328125,1447.949951171875,1415.2166748046875,1437.11669921875,132987,0.0,0.0
2021-03-24,1433.0,1452.8499755859375,1396.0833740234375,1402.9666748046875,104205,0.0,0.0
2021-03-25,1402.9666748046875,1409.0,1352.6666259765625,1387.316650390625,171522,0.0,0.0
2021-03-26,1397.4166259765625,1420.0,1375.050048828125,1383.86669921875,88314,0.0,0.0
2021-03-30,1393.3333740234375,1410.0,1370.0,1396.2667236328125,101475,0.0,0.0
2021-03-31,1396.2667236328125,1449.6666259765625,1383.316650390625,1435.4000244140625,177303,0.0,0.0
2021-04-01,1433.3333740234375,1512.0,1431.6666259765625,1479.300048828125,395742,0.0,0.0
2021-04-05,1476.5999755859375,1480.683349609375,1425.0,1429.316650390625,152241,0.0,0.0
2021-04-06,1441.6666259765625,1456.0167236328125,1411.199951171875,1422.800048828125,102537,0.0,0.0
2021-04-07,1422.800048828125,1481.699951171875,1414.3333740234375,1421.699951171875,182700,0.0,0.0
2021-04-08,1429.1666259765625,1457.7667236328125,1429.0,1436.2166748046875,132876,0.0,0.0
2021-04-09,1441.6666259765625,1448.2667236328125,1421.6500244140625,1432.88330078125,77454,0.0,0.0
2021-04-12,1417.0,1418.316650390625,1340.0,1352.7833251953125,228612,0.0,0.0
2021-04-13,1371.933349609375,1375.0,1343.3333740234375,1360.5,104820,0.0,0.0
2021-04-15,1373.3333740234375,1390.86669921875,1346.6666259765625,1362.0333251953125,88011,0.0,0.0
2021-04-16,1366.6666259765625,1376.683349609375,1359.683349609375,1363.2332763671875,47646,0.0,0.0
2021-04-19,1333.36669921875,1360.36669921875,1311.8333740234375,1325.683349609375,164190,0.0,0.0
2021-04-20,1333.3333740234375,1383.3333740234375,1333.3333740234375,1363.4000244140625,139341,0.0,0.0
2021-04-22,1366.566650390625,1382.2332763671875,1349.0167236328125,1368.2667236328125,76068,0.0,0.0
2021-04-23,1366.6666259765625,1389.7332763671875,1361.699951171875,1373.800048828125,76533,0.0,0.0
2021-04-26,1377.0,1384.699951171875,1363.61669921875,1367.5167236328125,55638,0.0,0.0
2021-04-27,1367.5167236328125,1389.3333740234375,1367.5167236328125,1384.0333251953125,55695,0.0,0.0
2021-04-28,1400.0,1460.5,1397.36669921875,1420.38330078125,263571,0.0,0.0
2021-04-29,1420.38330078125,1453.316650390625,1393.88330078125,1406.61669921875,86553,0.0,0.0
2021-04-30,1399.61669921875,1405.6666259765625,1382.0,1384.933349609375,71910,0.0,0.0
2021-05-03,1383.6666259765625,1418.6666259765625,1370.199951171875,1400.199951171875,86106,0.0,0.0
2021-05-04,1423.3333740234375,1423.3333740234375,1372.0167236328125,1379.8499755859375,93336,0.0,0.0
2021-05-05,1383.0,1395.0,1367.0333251953125,1368.8333740234375,53448,0.0,0.0
2021-05-06,1380.0,1386.6666259765625,1343.0,1354.300048828125,113697,0.0,0.0
2021-05-07,1363.3333740234375,1369.86669921875,1339.050048828125,1346.066650390625,103896,0.0,0.0
2021-05-10,1362.300048828125,1559.0,1350.3333740234375,1467.5,2222787,0.0,0.0
2021-05-11,1459.933349609375,1546.6666259765625,1440.75,1491.38330078125,917616,0.0,0.0
2021-05-12,1499.6666259765625,1528.3333740234375,1468.3333740234375,1496.63330078125,355032,0.0,0.0
2021-05-14,1507.0333251953125,1528.3333740234375,1467.0,1479.433349609375,205989,0.0,0.0
2021-05-17,1500.0,1573.5833740234375,1471.3333740234375,1526.7667236328125,477927,0.0,0.0
2021-05-18,1550.3333740234375,1661.6666259765625,1533.3333740234375,1621.9666748046875,1542927,0.0,0.0
2021-05-19,1636.0,1665.0,1600.0,1609.3499755859375,402213,0.0,0.0
2021-05-20,1632.2667236328125,1750.0,1590.5167236328125,1729.066650390625,1128105,0.0,0.0
2021-05-21,1758.3333740234375,1777.5167236328125,1666.3333740234375,1697.3333740234375,787545,0.0,0.0
2021-05-24,1706.6666259765625,1811.6666259765625,1706.6666259765625,1772.5,1023615,0.0,0.0
2021-05-25,1796.0,1804.86669921875,1726.6666259765625,1740.7667236328125,431862,0.0,0.0
2021-05-26,1744.9832763671875,1773.3333740234375,1708.61669921875,1725.6666259765625,249177,0.0,0.0
2021-05-27,1728.3333740234375,1769.1500244140625,1703.86669921875,1714.7332763671875,305019,0.0,0.0
2021-05-28,1730.6500244140625,1746.550048828125,1668.199951171875,1680.8499755859375,269751,0.0,0.0
2021-05-31,1680.8499755859375,1680.8499755859375,1582.3333740234375,1599.11669921875,820194,0.0,0.0
2021-06-01,1596.6666259765625,1664.816650390625,1593.3499755859375,1632.6666259765625,413358,0.0,0.0
2021-06-02,1610.5333251953125,1660.0,1610.5333251953125,1631.1500244140625,170391,0.0,0.0
2021-06-03,1649.2667236328125,1653.3333740234375,1621.6666259765625,1637.0167236328125,169311,0.0,0.0
2021-06-04,1638.0,1656.9832763671875,1607.0,1614.816650390625,160272,0.0,0.0
2021-06-07,1614.6666259765625,1622.0833740234375,1590.949951171875,1592.949951171875,129507,0.0,0.0
2021-06-08,1599.9666748046875,1626.6666259765625,1585.0,1605.8333740234375,150609,0.0,0.0
2021-06-09,1610.0333251953125,1624.433349609375,1569.0,1574.13330078125,175818,0.0,0.0
2021-06-10,1584.0,1612.9832763671875,1570.6666259765625,1577.949951171875,114393,0.0,0.0
2021-06-11,1590.0,1606.550048828125,1575.3499755859375,1578.199951171875,97860,0.0,0.0
2021-06-14,1579.9000244140625,1593.433349609375,1551.6666259765625,1565.11669921875,101508,0.0,0.0
2021-06-15,1575.0,1577.183349609375,1541.6666259765625,1545.13330078125,165624,0.0,0.0
2021-06-16,1550.4000244140625,1573.3333740234375,1538.5833740234375,1549.9000244140625,108912,0.0,0.0
2021-06-17,1550.0,1559.5167236328125,1530.3333740234375,1538.3333740234375,84060,0.0,0.0
2021-06-18,1538.3333740234375,1553.3333740234375,1485.0,1508.61669921875,192330,0.0,0.0
2021-06-21,1488.6666259765625,1546.61669921875,1483.3333740234375,1534.3333740234375,110247,0.0,0.0
2021-06-22,1546.0,1593.0999755859375,1540.0,1569.066650390625,231849,0.0,0.0
2021-06-23,1582.3333740234375,1592.0,1550.0,1558.7332763671875,103950,0.0,0.0
2021-06-24,1566.6666259765625,1569.6666259765625,1539.6666259765625,1545.5999755859375,47526,0.0,0.0
2021-06-25,1553.5999755859375,1575.6666259765625,1548.5333251953125,1562.38330078125,62238,0.0,0.0
2021-06-28,1563.0,1575.0167236328125,1535.0,1540.9832763671875,73350,0.0,0.0
2021-06-29,1538.36669921875,1546.550048828125,1521.6666259765625,1525.6666259765625,54300,0.0,0.0
2021-06-30,1525.6666259765625,1565.0,1517.0999755859375,1561.199951171875,107910,0.0,0.0
2021-07-01,1566.0,1575.3333740234375,1539.6666259765625,1543.449951171875,53328,0.0,0.0
2021-07-02,1553.25,1553.25,1533.3333740234375,1537.5833740234375,79410,0.0,0.0
2021-07-05,1535.3333740234375,1600.0,1533.6666259765625,1579.199951171875,225789,0.0,0.0
2021-07-06,1591.6666259765625,1592.25,1541.683349609375,1553.2332763671875,102336,0.0,0.0
2021-07-07,1558.0,1596.0,1539.9666748046875,1580.8333740234375,108039,0.0,0.0
2021-07-08,1575.0,1588.4666748046875,1552.6666259765625,1557.4166259765625,77247,0.0,0.0
2021-07-09,1564.6500244140625,1576.3333740234375,1550.6666259765625,1564.550048828125,59517,0.0,0.0
2021-07-12,1575.1666259765625,1593.5833740234375,1557.0999755859375,1576.6500244140625,94404,0.0,0.0
2021-07-13,1586.300048828125,1587.3333740234375,1565.0,1568.11669921875,61968,0.0,0.0
2021-07-14,1569.3333740234375,1586.6666259765625,1565.0,1568.816650390625,63561,0.0,0.0
2021-07-15,1569.0,1585.8333740234375,1550.6666259765625,1562.183349609375,60678,0.0,0.0
2021-07-16,1562.6666259765625,1572.9832763671875,1541.6666259765625,1548.066650390625,58581,0.0,0.0
2021-07-19,1542.6666259765625,1555.816650390625,1531.4166259765625,1535.066650390625,73395,0.0,0.0
2021-07-20,1533.6666259765625,1544.2166748046875,1501.6666259765625,1515.2833251953125,76926,0.0,0.0
2021-07-22,1525.2332763671875,1540.6666259765625,1519.0,1525.7166748046875,44118,0.0,0.0
2021-07-23,1529.9832763671875,1541.75,1520.550048828125,1524.11669921875,39915,0.0,0.0
2021-07-26,1507.0,1537.949951171875,1505.0,1523.8499755859375,52506,0.0,0.0
2021-07-27,1533.61669921875,1547.9832763671875,1522.0,1526.0999755859375,83892,0.0,0.0
2021-07-28,1533.9666748046875,1596.816650390625,1508.3333740234375,1538.800048828125,192753,0.0,0.0
2021-07-29,1541.6666259765625,1561.3333740234375,1536.8499755859375,1545.2166748046875,52281,0.0,0.0
2021-07-30,1541.6666259765625,1552.183349609375,1529.7667236328125,1532.433349609375,41517,0.0,0.0
2021-08-02,1533.3333740234375,1620.0,1533.3333740234375,1600.8499755859375,389793,0.0,0.0
2021-08-03,1616.6666259765625,1631.6666259765625,1595.0,1600.949951171875,126027,0.0,0.0
2021-08-04,1606.6666259765625,1615.0,1559.433349609375,1570.36669921875,104805,0.0,0.0
2021-08-05,1563.36669921875,1582.2667236328125,1549.3333740234375,1562.5167236328125,149034,0.0,0.666667
2021-08-06,1566.63330078125,1574.816650390625,1541.683349609375,1548.4000244140625,44514,0.0,0.0
2021-08-09,1556.3333740234375,1599.6666259765625,1551.25,1565.36669921875,103197,0.0,0.0
2021-08-10,1568.3333740234375,1600.0,1538.4166259765625,1558.5833740234375,97410,0.0,0.0
2021-08-11,1582.3333740234375,1582.5833740234375,1493.3333740234375,1522.699951171875,165033,0.0,0.0
2021-08-12,1524.0,1561.6666259765625,1522.6666259765625,1555.7166748046875,79602,0.0,0.0
2021-08-13,1483.0333251953125,1513.3333740234375,1455.0,1472.61669921875,755763,0.0,0.0
2021-08-16,1466.6666259765625,1475.9832763671875,1450.0333251953125,1455.38330078125,200175,0.0,0.0
2021-08-17,1455.0,1464.6666259765625,1407.0,1412.63330078125,154368,0.0,0.0
2021-08-18,1420.0,1461.566650390625,1403.6666259765625,1434.5167236328125,134532,0.0,0.0
2021-08-20,1434.6666259765625,1453.316650390625,1418.3499755859375,1424.11669921875,139698,0.0,0.333333
2021-08-23,1431.25,1440.1666259765625,1373.3333740234375,1381.050048828125,113010,0.0,0.0
2021-08-24,1392.4000244140625,1411.6666259765625,1390.0167236328125,1400.8499755859375,56646,0.0,0.0
2021-08-25,1413.13330078125,1461.566650390625,1403.3333740234375,1441.7667236328125,160791,0.0,0.0
2021-08-26,1445.0,1475.0,1443.050048828125,1455.066650390625,102996,0.0,0.0
2021-08-27,1454.3333740234375,1464.61669921875,1437.0833740234375,1441.2833251953125,37539,0.0,0.0
2021-08-30,1448.7166748046875,1481.300048828125,1401.6666259765625,1427.8499755859375,314898,0.0,0.0
2021-08-31,1440.25,1446.5833740234375,1408.3333740234375,1411.300048828125,73821,0.0,0.0
2021-09-01,1416.6500244140625,1435.6666259765625,1416.6500244140625,1424.449951171875,63960,0.0,0.0
2021-09-02,1425.0,1456.6666259765625,1425.0,1447.050048828125,72354,0.0,0.0
2021-09-03,1450.6666259765625,1469.9666748046875,1446.3499755859375,1456.7166748046875,71067,0.0,0.0
2021-09-06,1465.0,1481.6666259765625,1457.3333740234375,1475.8499755859375,98289,0.0,0.0
2021-09-07,1477.6666259765625,1534.0167236328125,1462.300048828125,1510.183349609375,248508,0.0,0.0
2021-09-08,1521.0,1533.3333740234375,1506.5833740234375,1522.050048828125,82194,0.0,0.0
2021-09-09,1526.6666259765625,1526.6666259765625,1483.3333740234375,1501.6500244140625,56007,0.0,0.0
2021-09-13,1483.3333740234375,1493.38330078125,1457.933349609375,1473.9666748046875,74136,0.0,0.0
2021-09-14,1474.0833740234375,1493.4166259765625,1467.3333740234375,1474.8333740234375,47451,0.0,0.0
2021-09-15,1477.63330078125,1489.5833740234375,1468.3333740234375,1474.050048828125,55044,0.0,0.0
2021-09-16,1466.8333740234375,1528.2332763671875,1466.8333740234375,1502.699951171875,109521,0.0,0.0
2021-09-17,1516.3333740234375,1520.433349609375,1473.0167236328125,1477.6666259765625,109008,0.0,0.0
2021-09-20,1466.6666259765625,1491.0167236328125,1450.0,1457.566650390625,91455,0.0,0.0
2021-09-21,1455.0,1473.316650390625,1429.25,1463.5,56880,0.0,0.0
2021-09-22,1456.75,1524.61669921875,1456.75,1500.36669921875,129879,0.0,0.0
2021-09-23,1506.75,1516.699951171875,1493.3333740234375,1500.3333740234375,80901,0.0,0.0
2021-09-24,1503.3333740234375,1512.6666259765625,1487.75,1500.36669921875,55056,0.0,0.0
2021-09-27,1508.3333740234375,1511.4166259765625,1468.4166259765625,1482.0999755859375,64050,0.0,0.0
2021-09-28,1481.6666259765625,1507.6666259765625,1452.449951171875,1467.566650390625,56523,0.0,0.0
2021-09-29,1467.0,1498.3333740234375,1455.0,1466.300048828125,37368,0.0,0.0
2021-09-30,1470.0,1496.0,1464.199951171875,1472.9000244140625,105651,0.0,0.0
2021-10-01,1469.3333740234375,1481.8333740234375,1460.0333251953125,1467.433349609375,32793,0.0,0.0
2021-10-04,1479.36669921875,1517.61669921875,1469.5167236328125,1506.9832763671875,106833,0.0,0.0
2021-10-05,1510.0,1628.3333740234375,1508.3499755859375,1599.61669921875,706887,0.0,0.0
2021-10-06,1612.6666259765625,1625.0,1543.6666259765625,1552.199951171875,210420,0.0,0.0
2021-10-07,1561.6666259765625,1593.3333740234375,1553.36669921875,1562.36669921875,121191,0.0,0.0
2021-10-08,1566.6666259765625,1580.2166748046875,1536.36669921875,1552.050048828125,71592,0.0,0.0
2021-10-11,1551.699951171875,1606.5,1533.3333740234375,1578.199951171875,114315,0.0,0.0
2021-10-12,1589.6666259765625,1594.550048828125,1550.3333740234375,1562.0833740234375,80634,0.0,0.0
2021-10-13,1569.6666259765625,1592.6666259765625,1559.8499755859375,1564.36669921875,89304,0.0,0.0
2021-10-14,1576.3333740234375,1596.6666259765625,1555.7166748046875,1562.566650390625,89478,0.0,0.0
2021-10-18,1578.13330078125,1588.5,1548.3333740234375,1552.3333740234375,86745,0.0,0.0
2021-10-19,1552.3499755859375,1752.3333740234375,1552.3499755859375,1652.816650390625,1362450,0.0,0.0
2021-10-20,1678.0,1719.3333740234375,1592.0999755859375,1620.61669921875,391473,0.0,0.0
2021-10-21,1639.3333740234375,1666.3333740234375,1603.3333740234375,1618.63330078125,128937,0.0,0.0
2021-10-22,1630.683349609375,1665.0,1627.75,1651.183349609375,173040,0.0,0.0
2021-10-25,1651.6666259765625,1659.5,1554.8333740234375,1592.050048828125,168714,0.0,0.0
2021-10-26,1600.0,1638.3333740234375,1562.566650390625,1623.316650390625,87648,0.0,0.0
2021-10-27,1636.3333740234375,1640.5,1586.6666259765625,1596.699951171875,48714,0.0,0.0
2021-10-28,1610.7166748046875,1623.13330078125,1533.7166748046875,1547.933349609375,90087,0.0,0.0
2021-10-29,1608.0833740234375,1618.9000244140625,1543.6666259765625,1553.683349609375,160413,0.0,0.0
2021-11-01,1576.7332763671875,1599.433349609375,1558.3333740234375,1581.8499755859375,64206,0.0,0.0
2021-11-02,1595.300048828125,1595.63330078125,1573.7833251953125,1580.300048828125,49443,0.0,0.0
2021-11-03,1580.0,1590.0,1560.6666259765625,1565.550048828125,35328,0.0,0.0
2021-11-04,1573.4166259765625,1641.6666259765625,1566.316650390625,1599.800048828125,71241,0.0,0.0
2021-11-08,1599.9666748046875,1601.6666259765625,1576.683349609375,1585.199951171875,58794,0.0,0.0
2021-11-09,1596.6666259765625,1640.0,1589.7833251953125,1608.0,114048,0.0,0.0
2021-11-10,1621.3333740234375,1650.0,1606.6666259765625,1623.300048828125,105921,0.0,0.333333
2021-11-11,1625.0,1696.6666259765625,1623.300048828125,1649.066650390625,269340,0.0,0.0
2021-11-12,1666.0,1668.3333740234375,1610.0,1620.4832763671875,47355,0.0,0.0
2021-11-15,1620.6666259765625,1636.566650390625,1593.0,1598.61669921875,46878,0.0,0.0
2021-11-16,1602.6666259765625,1606.5,1571.9166259765625,1583.1500244140625,59121,0.0,0.0
2021-11-17,1583.1500244140625,1600.1666259765625,1576.6666259765625,1581.6666259765625,50739,0.0,0.0
2021-11-18,1588.6666259765625,1596.4832763671875,1555.3499755859375,1572.1666259765625,57168,0.0,0.0
2021-11-22,1579.6500244140625,1580.9000244140625,1476.2166748046875,1498.2166748046875,91065,0.0,0.0
2021-11-23,1496.6666259765625,1528.3333740234375,1485.2332763671875,1513.4166259765625,54786,0.0,0.0
2021-11-24,1519.316650390625,1532.9666748046875,1501.6666259765625,1509.2667236328125,65595,0.0,0.0
2021-11-25,1509.6666259765625,1531.7166748046875,1508.3499755859375,1517.4000244140625,44310,0.0,0.0
2021-11-26,1512.6666259765625,1529.3333740234375,1490.949951171875,1499.9666748046875,235488,0.0,0.0
2021-11-29,1493.3333740234375,1496.61669921875,1433.36669921875,1447.4166259765625,78990,0.0,0.0
2021-11-30,1476.36669921875,1513.3333740234375,1470.4166259765625,1492.2166748046875,185901,0.0,0.0
2021-12-01,1506.6666259765625,1506.6666259765625,1485.2332763671875,1496.183349609375,43446,0.0,0.0
2021-12-02,1506.6666259765625,1508.3333740234375,1489.6666259765625,1499.050048828125,59064,0.0,0.0
2021-12-03,1508.25,1550.0,1508.25,1532.449951171875,57906,0.0,0.0
2021-12-06,1543.3333740234375,1561.6500244140625,1505.6666259765625,1528.2166748046875,89655,0.0,0.0
2021-12-07,1536.88330078125,1542.61669921875,1524.9166259765625,1530.2332763671875,35316,0.0,0.0
2021-12-08,1541.7332763671875,1542.566650390625,1510.0,1522.816650390625,46542,0.0,0.0
2021-12-09,1517.0,1543.3333740234375,1517.0,1533.2833251953125,62403,0.0,0.0
2021-12-10,1539.9000244140625,1548.3333740234375,1507.5167236328125,1523.88330078125,31392,0.0,0.0
2021-12-13,1538.1666259765625,1538.25,1503.7833251953125,1505.9166259765625,27906,0.0,0.0
2021-12-14,1505.9166259765625,1505.9166259765625,1476.6666259765625,1481.949951171875,32055,0.0,0.0
2021-12-15,1481.949951171875,1492.3333740234375,1463.3333740234375,1469.5999755859375,40779,0.0,0.0
2021-12-16,1483.3333740234375,1498.3333740234375,1460.0,1468.316650390625,48357,0.0,0.0
2021-12-17,1473.3333740234375,1483.3333740234375,1453.3333740234375,1464.4666748046875,72411,0.0,0.0
2021-12-20,1462.3333740234375,1462.3333740234375,1430.0,1448.9666748046875,139188,0.0,0.0
2021-12-21,1461.0167236328125,1516.0,1449.0,1502.0999755859375,74598,0.0,0.0
2021-12-22,1510.0,1566.6666259765625,1500.3333740234375,1551.949951171875,94512,0.0,0.0
2021-12-23,1561.9000244140625,1581.3333740234375,1550.0,1576.9000244140625,80316,0.0,0.0
2021-12-24,1583.3333740234375,1600.0,1570.3333740234375,1591.816650390625,122829,0.0,0.0
2021-12-27,1571.7332763671875,1600.0,1552.699951171875,1595.4166259765625,80823,0.0,0.0
2021-12-28,1595.4166259765625,1619.5999755859375,1594.3333740234375,1602.1666259765625,90630,0.0,0.0
2021-12-29,1605.0,1616.6666259765625,1591.9166259765625,1608.7332763671875,70443,0.0,0.0
2021-12-30,1613.0,1646.6666259765625,1586.6666259765625,1595.949951171875,231594,0.0,0.0
2021-12-31,1590.0,1641.3333740234375,1587.5999755859375,1620.63330078125,117945,0.0,0.0
2022-01-03,1626.6666259765625,1650.3333740234375,1623.433349609375,1639.0333251953125,186228,0.0,0.0
2022-01-04,1626.6666259765625,1765.0,1626.6666259765625,1704.36669921875,1109007,0.0,0.0
2022-01-05,1714.3333740234375,1741.0999755859375,1670.0,1687.816650390625,241485,0.0,0.0
2022-01-06,1668.5333251953125,1734.199951171875,1658.199951171875,1698.3499755859375,246846,0.0,0.0
2022-01-07,1665.3333740234375,1715.6500244140625,1665.3333740234375,1700.75,117804,0.0,0.0
2022-01-10,1713.6500244140625,1740.4166259765625,1670.6666259765625,1681.75,135330,0.0,0.0
2022-01-11,1691.6666259765625,1724.7667236328125,1680.63330078125,1696.4832763671875,88602,0.0,0.0
2022-01-12,1703.36669921875,1728.2332763671875,1700.0,1708.566650390625,65724,0.0,0.0
2022-01-13,1716.3333740234375,1721.6666259765625,1685.933349609375,1691.4166259765625,46284,0.0,0.0
2022-01-14,1696.433349609375,1696.433349609375,1659.300048828125,1663.4166259765625,63339,0.0,0.0
2022-01-17,1663.4166259765625,1706.6666259765625,1660.4832763671875,1692.2833251953125,61908,0.0,0.0
2022-01-18,1688.433349609375,1699.949951171875,1633.3333740234375,1639.699951171875,73200,0.0,0.0
2022-01-19,1647.9000244140625,1661.0999755859375,1608.3333740234375,1623.3499755859375,65478,0.0,0.0
2022-01-20,1611.050048828125,1655.0,1611.050048828125,1647.3333740234375,49245,0.0,0.0
2022-01-21,1633.3333740234375,1648.3333740234375,1615.38330078125,1631.949951171875,77103,0.0,0.0
2022-01-24,1626.6666259765625,1631.933349609375,1513.0,1556.5,167703,0.0,0.0
2022-01-25,1543.300048828125,1606.4666748046875,1520.0,1574.699951171875,65739,0.0,0.0
2022-01-27,1576.6666259765625,1582.6666259765625,1547.449951171875,1560.0999755859375,53733,0.0,0.0
2022-01-28,1567.9166259765625,1641.25,1567.9166259765625,1616.0833740234375,85428,0.0,0.0
2022-01-31,1633.3333740234375,1730.0,1632.3333740234375,1664.5999755859375,292827,0.0,0.0
2022-02-01,1670.933349609375,1720.0,1665.0,1700.7332763671875,125505,0.0,0.0
2022-02-02,1705.0,1730.0,1701.933349609375,1719.433349609375,104937,0.0,0.0
2022-02-03,1728.0333251953125,1740.0,1672.25,1683.0833740234375,85692,0.0,0.0
2022-02-04,1623.3333740234375,1649.2166748046875,1589.066650390625,1625.449951171875,264189,0.0,0.0
2022-02-07,1625.0,1662.7833251953125,1625.0,1633.0999755859375,99621,0.0,0.0
2022-02-08,1637.38330078125,1643.3333740234375,1588.86669921875,1613.433349609375,56004,0.0,0.0
2022-02-09,1629.699951171875,1656.6500244140625,1607.449951171875,1621.5167236328125,36777,0.0,0.0
2022-02-10,1625.0,1646.816650390625,1605.0,1614.4666748046875,60870,0.0,0.333333
2022-02-11,1590.6666259765625,1609.949951171875,1580.0333251953125,1586.7332763671875,48408,0.0,0.0
2022-02-14,1566.6666259765625,1574.9666748046875,1511.0833740234375,1524.11669921875,89286,0.0,0.0
2022-02-15,1511.3333740234375,1559.3333740234375,1498.7667236328125,1532.5999755859375,77799,0.0,0.0
2022-02-16,1534.3333740234375,1554.3333740234375,1523.5167236328125,1535.433349609375,43332,0.0,0.0
2022-02-17,1538.0,1563.3333740234375,1520.4666748046875,1535.7166748046875,35616,0.0,0.0
2022-02-18,1530.050048828125,1543.316650390625,1493.699951171875,1499.7833251953125,55608,0.0,0.0
2022-02-21,1475.0,1519.949951171875,1460.0,1503.86669921875,65268,0.0,0.0
2022-02-22,1483.3333740234375,1495.86669921875,1445.0,1463.5333251953125,68166,0.0,0.0
2022-02-23,1473.3333740234375,1483.6500244140625,1450.1500244140625,1463.63330078125,55731,0.0,0.0
2022-02-24,1450.0,1450.0,1370.0,1375.3333740234375,116436,0.0,0.0
2022-02-25,1392.36669921875,1469.5167236328125,1392.36669921875,1452.4832763671875,88962,0.0,0.0
2022-02-28,1463.3333740234375,1472.6666259765625,1425.0,1457.36669921875,31626,0.0,0.0
2022-03-02,1440.0,1480.0,1433.6666259765625,1440.0999755859375,49227,0.0,0.0
2022-03-03,1466.3333740234375,1477.75,1433.75,1441.9166259765625,34335,0.0,0.0
2022-03-04,1441.63330078125,1470.0,1431.933349609375,1439.6500244140625,45246,0.0,0.0
2022-03-07,1423.3333740234375,1449.9832763671875,1396.316650390625,1424.8499755859375,48180,0.0,0.0
2022-03-08,1421.6666259765625,1438.183349609375,1407.7166748046875,1420.949951171875,33546,0.0,0.0
2022-03-09,1425.0,1446.6500244140625,1414.566650390625,1430.36669921875,40353,0.0,0.0
2022-03-10,1449.9832763671875,1473.3333740234375,1441.6666259765625,1446.9000244140625,44091,0.0,0.0
2022-03-11,1454.0,1472.3333740234375,1449.316650390625,1458.949951171875,22599,0.0,0.0
2022-03-14,1445.0,1465.0167236328125,1427.0,1461.199951171875,42342,0.0,0.0
2022-03-15,1466.6666259765625,1466.6666259765625,1417.6666259765625,1421.25,65979,0.0,0.0
2022-03-16,1432.5333251953125,1478.0,1429.5,1452.949951171875,96231,0.0,0.0
2022-03-17,1471.75,1490.6666259765625,1440.75,1464.1500244140625,105015,0.0,0.0
2022-03-21,1476.0,1481.3333740234375,1435.066650390625,1442.61669921875,78552,0.0,0.0
2022-03-22,1450.6666259765625,1485.1500244140625,1437.75,1470.300048828125,59883,0.0,0.0
2022-03-23,1473.6666259765625,1518.9832763671875,1473.6666259765625,1493.8499755859375,69864,0.0,0.0
2022-03-24,1486.6666259765625,1516.3333740234375,1486.050048828125,1500.9832763671875,25389,0.0,0.0
2022-03-25,1508.3333740234375,1513.3333740234375,1457.2332763671875,1462.63330078125,38757,0.0,0.0
2022-03-28,1469.9832763671875,1470.3333740234375,1427.0,1430.050048828125,44523,0.0,0.0
2022-03-29,1433.316650390625,1512.800048828125,1425.9166259765625,1463.800048828125,79818,0.0,0.0
2022-03-30,1483.3333740234375,1523.3333740234375,1473.683349609375,1516.7667236328125,70368,0.0,0.0
2022-03-31,1507.6666259765625,1558.3333740234375,1476.2166748046875,1518.5167236328125,57444,0.0,0.0
2022-04-01,1526.6666259765625,1539.449951171875,1520.0,1527.566650390625,41820,0.0,0.0
2022-04-04,1538.6666259765625,1549.6666259765625,1525.3333740234375,1533.1666259765625,44691,0.0,0.0
2022-04-05,1530.0,1692.75,1530.0,1629.7667236328125,353565,0.0,0.0
2022-04-06,1646.6666259765625,1659.3333740234375,1583.3333740234375,1641.949951171875,59799,0.0,0.0
2022-04-07,1642.0,1647.316650390625,1580.199951171875,1593.1666259765625,46653,0.0,0.0
2022-04-08,1600.0,1627.25,1600.0,1608.316650390625,44073,0.0,0.0
2022-04-11,1617.0,1631.6666259765625,1596.6666259765625,1625.550048828125,32274,0.0,0.0
2022-04-12,1624.0,1639.0,1589.86669921875,1614.199951171875,38292,0.0,0.0
2022-04-13,1626.3333740234375,1656.6666259765625,1600.816650390625,1648.683349609375,48780,0.0,0.0
2022-04-18,1634.0,1648.6666259765625,1605.0167236328125,1619.5,38055,0.0,0.0
2022-04-19,1630.0,1630.0,1533.316650390625,1567.0167236328125,49005,0.0,0.0
2022-04-20,1574.86669921875,1590.0,1541.6666259765625,1575.9666748046875,36102,0.0,0.0
2022-04-21,1580.0,1590.0,1565.066650390625,1577.183349609375,25620,0.0,0.0
2022-04-22,1581.4000244140625,1625.0,1570.199951171875,1580.6666259765625,71295,0.0,0.0
2022-04-25,1580.6666259765625,1593.3333740234375,1557.449951171875,1565.5,36846,0.0,0.0
2022-04-26,1568.3499755859375,1599.3333740234375,1567.0,1571.4832763671875,29196,0.0,0.0
2022-04-27,1568.3333740234375,1568.3333740234375,1513.3333740234375,1528.7332763671875,74568,0.0,0.0
2022-04-28,1536.4000244140625,1568.3333740234375,1524.0,1538.5999755859375,36174,0.0,0.0
2022-04-29,1530.0,1547.61669921875,1506.6666259765625,1509.683349609375,32310,0.0,0.0
2022-05-02,1500.0,1531.4166259765625,1487.566650390625,1513.449951171875,41472,0.0,0.0
2022-05-04,1510.6666259765625,1529.433349609375,1488.3333740234375,1505.8333740234375,42531,0.0,0.0
2022-05-05,1505.3333740234375,1528.3333740234375,1495.3499755859375,1501.4000244140625,34032,0.0,0.0
2022-05-06,1487.3333740234375,1497.3499755859375,1458.3499755859375,1466.2667236328125,40419,0.0,0.0
2022-05-09,1466.6666259765625,1503.0,1437.800048828125,1495.4666748046875,44691,0.0,0.0
2022-05-10,1491.6500244140625,1495.0,1430.0,1454.566650390625,47316,0.0,0.0
2022-05-11,1453.6666259765625,1464.11669921875,1376.6666259765625,1391.199951171875,72312,0.0,0.0
2022-05-12,1370.683349609375,1414.88330078125,1370.0999755859375,1404.449951171875,53679,0.0,0.0
2022-05-13,1408.699951171875,1463.3333740234375,1408.699951171875,1427.75,39798,0.0,0.0
2022-05-16,1433.3333740234375,1455.88330078125,1360.38330078125,1378.2833251953125,120063,0.0,0.0
2022-05-17,1385.183349609375,1426.6666259765625,1383.3333740234375,1421.6500244140625,39255,0.0,0.0
2022-05-18,1428.2667236328125,1446.6666259765625,1421.3333740234375,1440.0833740234375,79116,0.0,0.0
2022-05-19,1417.0167236328125,1486.050048828125,1403.6666259765625,1476.88330078125,116886,0.0,0.0
2022-05-20,1515.9832763671875,1583.3333740234375,1507.0333251953125,1563.5,209052,0.0,0.0
2022-05-23,1574.36669921875,1588.1666259765625,1553.3499755859375,1571.63330078125,110160,0.0,0.0
2022-05-24,1571.6666259765625,1578.9166259765625,1547.2833251953125,1553.0167236328125,52302,0.0,0.0
2022-05-25,1553.0,1553.0,1496.6500244140625,1505.4000244140625,98730,0.0,0.0
2022-05-26,1503.316650390625,1503.316650390625,1416.25,1457.6666259765625,284613,0.0,0.0
2022-05-27,1467.3333740234375,1484.0,1390.0,1401.7332763671875,137592,0.0,0.0
2022-05-30,1415.066650390625,1415.066650390625,1383.949951171875,1391.1500244140625,122982,0.0,0.0
2022-05-31,1391.1500244140625,1411.6666259765625,1384.36669921875,1397.75,128532,0.0,0.0
2022-06-01,1401.2166748046875,1413.300048828125,1386.6666259765625,1396.61669921875,92169,0.0,0.0
2022-06-02,1396.3333740234375,1396.3499755859375,1364.2166748046875,1372.7166748046875,118149,0.0,0.0
2022-06-03,1382.066650390625,1419.566650390625,1367.3333740234375,1382.300048828125,119652,0.0,0.0
2022-06-06,1416.6666259765625,1416.6666259765625,1362.2166748046875,1381.066650390625,116574,0.0,0.0
2022-06-07,1385.050048828125,1385.8333740234375,1362.0,1369.7667236328125,81030,0.0,0.0
2022-06-08,1369.7667236328125,1372.9832763671875,1299.8499755859375,1345.4832763671875,288219,0.0,0.0
2022-06-09,1346.5333251953125,1346.5333251953125,1318.3333740234375,1337.9166259765625,98841,0.0,0.0
2022-06-10,1326.6666259765625,1333.316650390625,1291.6666259765625,1296.6666259765625,109587,0.0,0.0
2022-06-13,1283.3333740234375,1283.3333740234375,1256.6666259765625,1260.4666748046875,127179,0.0,0.0
2022-06-14,1260.0,1308.3333740234375,1258.0,1302.8333740234375,108204,0.0,0.0
2022-06-15,1317.0,1322.316650390625,1291.0,1300.0,52488,0.0,0.0
2022-06-16,1310.0833740234375,1323.3333740234375,1283.3333740234375,1301.0833740234375,67737,0.0,0.0
2022-06-17,1298.3333740234375,1309.933349609375,1283.4166259765625,1291.0999755859375,65832,0.0,0.0
2022-06-20,1306.0,1309.4832763671875,1277.5,1294.2332763671875,70032,0.0,0.0
2022-06-21,1305.7332763671875,1331.1666259765625,1294.25,1314.4832763671875,41058,0.0,0.0
2022-06-22,1314.933349609375,1326.63330078125,1300.6666259765625,1316.5833740234375,25815,0.0,0.0
2022-06-23,1324.6500244140625,1338.3333740234375,1317.9166259765625,1330.183349609375,28485,0.0,0.0
2022-06-24,1349.800048828125,1352.2667236328125,1337.75,1349.199951171875,21033,0.0,0.0
2022-06-27,1360.0833740234375,1407.5833740234375,1360.0833740234375,1381.7833251953125,59595,0.0,0.0
2022-06-28,1384.0,1409.9832763671875,1380.0,1404.2833251953125,34920,0.0,0.0
2022-06-29,1404.2833251953125,1449.5999755859375,1390.050048828125,1418.4000244140625,82911,0.0,0.0
2022-06-30,1416.7332763671875,1455.0,1416.7332763671875,1448.5333251953125,90900,0.0,0.0
2022-07-01,1451.6666259765625,1457.3333740234375,1433.3499755859375,1442.933349609375,44211,0.0,0.0
2022-07-04,1464.9832763671875,1475.0,1433.3333740234375,1436.7166748046875,66612,0.0,0.0
2022-07-05,1431.6666259765625,1450.0,1431.6666259765625,1436.9000244140625,107136,0.0,0.0
2022-07-06,1444.0999755859375,1450.0,1431.75,1440.3333740234375,61917,0.0,0.0
2022-07-07,1453.13330078125,1456.6666259765625,1310.699951171875,1387.0999755859375,120696,0.0,0.0
2022-07-08,1423.0,1423.0,1373.3499755859375,1386.4166259765625,141225,0.0,0.0
2022-07-11,1455.0,1489.550048828125,1419.6500244140625,1469.449951171875,139541,3.0,0.0
2022-07-12,1486.449951171875,1489.3499755859375,1450.5,1467.9000244140625,37970,0.0,0.0
2022-07-13,1467.9000244140625,1468.0999755859375,1431.0,1454.75,29558,0.0,0.0
2022-07-14,1460.0,1463.9000244140625,1411.25,1425.6500244140625,26707,0.0,0.0
2022-07-15,1425.0,1449.449951171875,1424.699951171875,1438.0,15377,0.0,0.0
2022-07-18,1448.0,1467.3499755859375,1430.0,1436.550048828125,35043,0.0,0.0
2022-07-19,1437.800048828125,1458.0,1432.75,1439.0,29696,0.0,0.0
2022-07-20,1454.0,1495.0,1445.449951171875,1476.5999755859375,48748,0.0,0.0
2022-07-21,1484.0,1484.949951171875,1470.0,1474.8499755859375,38146,0.0,0.0
2022-07-22,1459.5,1465.0999755859375,1440.0,1458.1500244140625,47548,0.0,0.0
2022-07-25,1458.0,1458.0,1420.0,1429.0,44604,0.0,0.0
2022-07-26,1425.0,1425.0,1370.25,1382.449951171875,63822,0.0,0.0
2022-07-27,1382.25,1382.25,1340.949951171875,1352.3499755859375,52012,0.0,0.0
2022-07-28,1370.0,1379.449951171875,1335.25,1343.300048828125,88610,0.0,0.0
2022-07-29,1451.0,1611.949951171875,1441.050048828125,1599.4000244140625,1594658,0.0,0.0
2022-08-01,1615.0,1635.0,1525.0,1566.5999755859375,658294,0.0,0.0
2022-08-02,1551.800048828125,1758.0,1547.9000244140625,1740.1500244140625,1267967,0.0,0.0
2022-08-03,1754.699951171875,1754.699951171875,1660.0,1668.199951171875,358644,0.0,0.0
2022-08-04,1690.0,1706.050048828125,1590.4000244140625,1604.8499755859375,274850,0.0,0.0
2022-08-05,1610.0999755859375,1645.0,1610.0,1626.300048828125,141912,0.0,0.0
2022-08-08,1635.0,1635.0,1572.0,1581.5999755859375,110524,0.0,0.0
2022-08-10,1591.0,1620.0,1560.0,1591.5,130608,0.0,0.0
2022-08-11,1614.0,1635.5,1580.1500244140625,1587.0999755859375,222852,0.0,0.0
2022-08-12,1594.0,1603.8499755859375,1564.5999755859375,1571.25,101713,0.0,0.0
2022-08-16,1568.0,1610.0,1568.0,1578.300048828125,49955,0.0,0.0
2022-08-17,1588.0999755859375,1609.9000244140625,1585.449951171875,1593.6500244140625,86276,0.0,0.0
2022-08-18,1599.0,1605.0,1582.3499755859375,1589.050048828125,62901,0.0,0.0
2022-08-19,1599.0,1615.0,1580.1500244140625,1588.5,67088,0.0,0.0
2022-08-22,1590.0,1594.9000244140625,1565.0,1571.0999755859375,87011,0.0,0.0
2022-08-23,1562.5999755859375,1603.1500244140625,1532.8499755859375,1575.8499755859375,86566,0.0,0.0
2022-08-24,1583.699951171875,1598.199951171875,1576.3499755859375,1586.9000244140625,65148,0.0,0.0
2022-08-25,1597.0,1634.0,1590.6500244140625,1602.6500244140625,80506,0.0,0.0
2022-08-26,1609.0999755859375,1691.4000244140625,1608.949951171875,1683.25,297772,0.0,0.0
2022-08-29,1650.0,1704.699951171875,1635.0999755859375,1655.5999755859375,120346,0.0,0.0
2022-08-30,1663.949951171875,1686.449951171875,1652.0,1660.699951171875,67986,0.0,0.0
2022-09-01,1655.0999755859375,1687.449951171875,1642.3499755859375,1655.449951171875,60495,0.0,0.0
2022-09-02,1668.0,1846.6500244140625,1650.0,1825.800048828125,1018040,0.0,0.0
2022-09-05,1833.0,1916.0,1812.0,1899.550048828125,829466,0.0,0.0
2022-09-06,1910.0,2110.0,1866.5,2068.199951171875,2139773,0.0,0.0
2022-09-07,2036.0,2050.0,1939.0,1952.550048828125,759319,0.0,0.0
2022-09-08,1971.5,1992.9000244140625,1898.5,1914.25,488564,0.0,0.0
2022-09-09,1940.3499755859373,1948.0,1883.0,1914.0999755859373,399902,0.0,1.0
2022-09-12,1923.0,1940.0,1891.25,1906.9000244140625,192287,0.0,0.0
2022-09-13,1920.0,2020.0,1915.199951171875,1975.0,567000,0.0,0.0
2022-09-14,1930.0,1969.0,1930.0,1945.800048828125,182515,0.0,0.0
2022-09-15,1960.0,1986.300048828125,1907.550048828125,1920.949951171875,125866,0.0,0.0
2022-09-16,1912.5,1927.1500244140625,1833.199951171875,1870.800048828125,540674,0.0,0.0
2022-09-19,1858.949951171875,1894.699951171875,1830.800048828125,1850.199951171875,76187,0.0,0.0
2022-09-20,1867.9000244140625,1882.199951171875,1836.0,1845.300048828125,92725,0.0,0.0
2022-09-21,1850.5,1910.0,1836.0,1842.699951171875,169700,0.0,0.0
2022-09-22,1842.699951171875,1926.9000244140625,1842.699951171875,1910.449951171875,372474,0.0,0.0
2022-09-23,1920.0,1934.0999755859373,1870.0999755859373,1884.8499755859373,114376,0.0,0.0
2022-09-26,1865.0,1872.699951171875,1810.0,1838.1500244140625,93680,0.0,0.0
2022-09-27,1842.5999755859373,1910.0,1842.5999755859373,1902.800048828125,97775,0.0,0.0
2022-09-28,1895.9000244140625,1934.0,1868.0,1903.3499755859373,147287,0.0,0.0
2022-09-29,1921.6500244140625,1940.0,1855.0,1880.300048828125,81966,0.0,0.0
2022-09-30,1880.0,1939.5999755859373,1880.0,1929.5999755859373,109072,0.0,0.0
2022-10-03,1921.0,1962.5999755859373,1883.0,1900.550048828125,93797,0.0,0.0
2022-10-04,1925.199951171875,1962.4000244140625,1912.0,1930.4000244140625,103057,0.0,0.0
2022-10-06,1940.0999755859373,1991.199951171875,1936.0999755859373,1963.0,190109,0.0,0.0
2022-10-07,1964.199951171875,1970.0,1922.0,1928.199951171875,49260,0.0,0.0
2022-10-10,1910.0,1926.949951171875,1883.050048828125,1893.949951171875,43064,0.0,0.0
2022-10-11,1902.0,1903.449951171875,1826.0,1851.949951171875,51116,0.0,0.0
2022-10-12,1858.0,1904.9000244140625,1836.4000244140625,1895.5,90693,0.0,0.0
2022-10-13,1895.0,1904.5999755859373,1850.0,1856.550048828125,40157,0.0,0.0
2022-10-14,1871.75,1919.75,1818.1500244140625,1829.75,61355,0.0,0.0
2022-10-17,1828.9000244140625,1857.8499755859373,1816.550048828125,1839.949951171875,48673,0.0,0.0
2022-10-18,1850.0,1859.9000244140625,1828.0,1834.0999755859373,45957,0.0,0.0
2022-10-19,1840.050048828125,1851.949951171875,1822.0999755859373,1829.8499755859373,27470,0.0,0.0
2022-10-20,1830.0,1869.949951171875,1830.0,1852.25,51424,0.0,0.0
2022-10-21,1853.25,1867.8499755859373,1811.0,1823.6500244140625,33746,0.0,0.0
2022-10-24,1832.0,1848.449951171875,1828.050048828125,1834.0,11899,0.0,0.0
2022-10-25,1843.199951171875,1865.050048828125,1829.050048828125,1851.1500244140625,58699,0.0,0.0
2022-10-27,1852.0,1860.949951171875,1816.199951171875,1825.9000244140625,58202,0.0,0.0
2022-10-28,1835.0,1850.0,1818.0,1824.699951171875,37098,0.0,0.0
2022-10-31,1833.8499755859373,1860.9000244140625,1820.199951171875,1845.550048828125,58353,0.0,0.0
2022-11-01,1850.0,1907.0,1825.050048828125,1877.199951171875,74400,0.0,0.0
2022-11-02,1886.0,1895.949951171875,1838.0999755859373,1847.949951171875,36377,0.0,0.0
2022-11-03,1852.0,1871.550048828125,1846.0,1861.699951171875,45002,0.0,0.0
2022-11-04,1939.949951171875,2044.4000244140625,1915.5999755859373,1975.5999755859373,744831,0.0,0.0
2022-11-07,2005.0,2012.949951171875,1926.0,1936.050048828125,138308,0.0,0.0
2022-11-09,1940.0,1944.949951171875,1841.0,1855.75,194801,0.0,0.0
2022-11-10,1845.0,1895.300048828125,1833.550048828125,1849.75,79678,0.0,0.0
2022-11-11,1866.8499755859373,1877.9000244140625,1831.199951171875,1840.25,78005,0.0,1.0
2022-11-14,1860.0,1876.0,1836.1500244140625,1868.0999755859373,60403,0.0,0.0
2022-11-15,1875.0999755859373,1878.550048828125,1818.050048828125,1829.699951171875,88581,0.0,0.0
2022-11-16,1838.8499755859373,1953.3499755859373,1837.199951171875,1944.75,410963,0.0,0.0
2022-11-17,1947.0,1951.4000244140625,1891.550048828125,1920.050048828125,130483,0.0,0.0
2022-11-18,1929.699951171875,1958.4000244140625,1906.0999755859373,1931.0999755859373,230442,0.0,0.0
2022-11-21,1940.800048828125,1977.8499755859373,1921.0999755859373,1937.0999755859373,68101,0.0,0.0
2022-11-22,1938.0,1947.5999755859373,1895.0,1912.6500244140625,47766,0.0,0.0
2022-11-23,1922.25,1944.5,1895.0,1905.6500244140625,37012,0.0,0.0
2022-11-24,1902.9000244140625,1944.0,1900.050048828125,1927.5999755859373,55994,0.0,0.0
2022-11-25,1933.8499755859373,1937.449951171875,1894.949951171875,1908.300048828125,53405,0.0,0.0
2022-11-28,1914.449951171875,1928.0,1879.449951171875,1893.3499755859373,73054,0.0,0.0
2022-11-29,1895.3499755859373,1915.449951171875,1885.0,1896.300048828125,37119,0.0,0.0
2022-11-30,1891.0,1969.300048828125,1891.0,1951.6500244140625,161245,0.0,0.0
2022-12-01,1969.949951171875,1970.0,1931.050048828125,1952.300048828125,68140,0.0,0.0
2022-12-02,1959.9000244140625,1965.0,1938.050048828125,1945.4000244140625,55646,0.0,0.0
2022-12-05,1945.4000244140625,1953.8499755859373,1896.0,1906.550048828125,61849,0.0,0.0
2022-12-06,1913.0,1948.800048828125,1896.0,1902.5,73465,0.0,0.0
2022-12-07,1912.0,1949.0,1891.5999755859373,1937.4000244140625,107621,0.0,0.0
2022-12-08,1937.4000244140625,1968.0,1913.1500244140625,1947.1500244140625,114428,0.0,0.0
2022-12-09,1955.0,1999.0,1911.0,1922.5999755859373,174955,0.0,0.0
2022-12-12,1930.0,1935.0,1883.0,1897.5999755859373,80075,0.0,0.0
2022-12-13,1912.0,1940.0,1885.25,1908.050048828125,67172,0.0,0.0
2022-12-14,1912.050048828125,1974.8499755859373,1912.0,1953.550048828125,108339,0.0,0.0
2022-12-15,1953.550048828125,1974.3499755859373,1909.3499755859373,1924.699951171875,50419,0.0,0.0
2022-12-16,1725.0,1765.0,1576.0999755859375,1644.5,12339801,0.0,0.0
2022-12-19,1644.5,1688.949951171875,1617.0,1637.0999755859375,818503,0.0,0.0
2022-12-20,1645.0,1671.949951171875,1629.0,1653.050048828125,346111,0.0,0.0
2022-12-21,1677.0,1682.9000244140625,1610.0,1622.0,333351,0.0,0.0
2022-12-22,1621.0,1646.9000244140625,1558.0,1571.449951171875,368413,0.0,0.0
2022-12-23,1559.0,1595.0,1485.0,1490.699951171875,334337,0.0,0.0
2022-12-26,1499.449951171875,1525.0,1487.0,1515.050048828125,159825,0.0,0.0
2022-12-27,1538.5,1539.0,1520.0,1528.449951171875,140033,0.0,0.0
2022-12-28,1528.0,1539.0,1508.6500244140625,1534.1500244140625,114792,0.0,0.0
2022-12-29,1536.0,1536.0,1497.800048828125,1508.199951171875,199844,0.0,0.0
2022-12-30,1512.0,1595.0,1512.0,1567.050048828125,261015,0.0,0.0
2023-01-02,1569.699951171875,1598.9000244140625,1558.0,1579.4000244140625,159650,0.0,0.0
2023-01-03,1587.0,1625.050048828125,1582.4000244140625,1601.050048828125,254011,0.0,0.0
2023-01-04,1606.4000244140625,1619.6500244140625,1595.0,1606.449951171875,78283,0.0,0.0
2023-01-05,1613.4000244140625,1629.0,1552.0999755859375,1578.5,118917,0.0,0.0
2023-01-06,1578.0,1655.0,1575.8499755859375,1632.550048828125,205003,0.0,0.0
2023-01-09,1652.699951171875,1663.800048828125,1626.800048828125,1643.050048828125,103661,0.0,0.0
2023-01-10,1631.5,1651.300048828125,1601.199951171875,1607.6500244140625,59641,0.0,0.0
2023-01-11,1612.0,1619.0,1580.0,1583.5999755859375,67151,0.0,0.0
2023-01-12,1585.0,1598.699951171875,1569.699951171875,1576.949951171875,91317,0.0,0.0
2023-01-13,1579.0,1604.0,1565.0,1569.8499755859375,66817,0.0,0.0
2023-01-16,1577.699951171875,1587.0,1555.949951171875,1579.300048828125,46739,0.0,0.0
2023-01-17,1578.699951171875,1599.0,1572.0,1595.75,40434,0.0,0.0
2023-01-18,1595.75,1607.0,1573.4000244140625,1581.6500244140625,45274,0.0,0.0
2023-01-19,1580.0,1580.0,1521.5,1536.050048828125,152916,0.0,0.0
2023-01-20,1523.0,1566.0,1523.0,1546.75,55092,0.0,0.0
2023-01-23,1546.949951171875,1577.050048828125,1545.800048828125,1568.9000244140625,64073,0.0,0.0
2023-01-24,1560.0,1578.9000244140625,1549.550048828125,1563.0,37363,0.0,0.0
2023-01-25,1564.4000244140625,1565.0,1538.4000244140625,1560.4000244140625,62491,0.0,0.0
2023-01-27,1558.0,1577.300048828125,1520.5999755859375,1541.9000244140625,129167,0.0,0.0
2023-01-30,1549.6500244140625,1595.75,1544.050048828125,1587.050048828125,130368,0.0,0.0
2023-01-31,1600.0,1645.0,1580.3499755859375,1642.75,134377,0.0,0.0
2023-02-01,1650.25,1659.8499755859375,1563.3499755859375,1607.75,135275,0.0,0.0
2023-02-02,1601.1500244140625,1657.0,1572.0,1609.0999755859375,115102,0.0,0.0
2023-02-03,1575.0,1575.0,1526.0,1540.550048828125,223752,0.0,0.0
2023-02-06,1526.0,1553.75,1524.949951171875,1540.449951171875,101592,0.0,0.0
2023-02-07,1540.5999755859375,1551.550048828125,1532.0999755859375,1545.0999755859375,50702,0.0,0.0
2023-02-08,1545.699951171875,1604.0,1545.0,1569.699951171875,69623,0.0,0.0
2023-02-09,1572.6500244140625,1596.4000244140625,1553.0,1558.0,52738,0.0,0.0
2023-02-10,1564.3499755859375,1576.1500244140625,1552.550048828125,1565.75,21278,0.0,0.0
2023-02-13,1573.5999755859375,1573.5999755859375,1533.0,1542.1500244140625,34456,0.0,0.0
2023-02-14,1531.1500244140625,1553.6500244140625,1531.1500244140625,1550.9000244140625,39862,0.0,0.0
2023-02-15,1544.949951171875,1565.5,1544.75,1559.1500244140625,49261,0.0,0.0
2023-02-16,1565.0,1565.0,1542.0,1546.8499755859375,56478,0.0,0.0
2023-02-17,1549.0,1549.0,1525.0,1531.5999755859375,30066,0.0,0.0
2023-02-20,1531.5999755859375,1531.5999755859375,1509.699951171875,1524.199951171875,56012,0.0,0.0
2023-02-21,1529.0,1585.0999755859375,1512.0,1575.75,90076,0.0,0.0
2023-02-22,1573.050048828125,1579.9000244140625,1550.0,1562.800048828125,58367,0.0,0.0
2023-02-23,1560.3499755859375,1564.0,1530.0,1558.199951171875,36326,0.0,0.0
2023-02-24,1558.8499755859375,1591.199951171875,1552.550048828125,1559.300048828125,79488,0.0,0.0
2023-02-27,1565.0,1580.0,1527.0,1571.8499755859375,65421,0.0,0.0
2023-02-28,1579.0,1656.1500244140625,1544.800048828125,1632.300048828125,146066,0.0,0.0
2023-03-01,1616.0,1629.25,1570.0,1582.199951171875,117544,0.0,0.0
2023-03-02,1582.0,1614.0,1570.050048828125,1607.0999755859375,56306,0.0,0.0
2023-03-03,1602.300048828125,1614.5999755859375,1566.75,1571.5,54875,0.0,0.0
2023-03-06,1585.5999755859375,1585.5999755859375,1555.0,1556.5,57829,0.0,0.0
2023-03-08,1555.0,1583.0,1550.75,1579.8499755859375,30084,0.0,0.0
2023-03-09,1579.949951171875,1587.0,1551.550048828125,1561.550048828125,50779,0.0,0.0
2023-03-10,1556.0,1573.0,1550.0,1567.6500244140625,29393,0.0,0.0
2023-03-13,1548.0,1563.949951171875,1527.75,1537.6500244140625,48877,0.0,0.0
2023-03-14,1531.25,1543.9000244140625,1499.0,1513.25,42266,0.0,0.0
2023-03-15,1525.0,1535.0,1493.300048828125,1502.4000244140625,29584,0.0,0.0
2023-03-16,1502.0,1504.0,1457.050048828125,1497.800048828125,128165,0.0,0.0
2023-03-17,1505.300048828125,1528.75,1501.9000244140625,1524.8499755859375,39760,0.0,0.0
2023-03-20,1529.949951171875,1555.0,1496.0999755859375,1537.449951171875,95159,0.0,0.0
2023-03-21,1545.0,1552.0,1525.0,1543.75,36797,0.0,0.0
2023-03-22,1548.0,1556.75,1528.300048828125,1542.0,36220,0.0,0.0
2023-03-23,1540.0,1563.800048828125,1520.0,1525.3499755859375,20210,0.0,0.0
2023-03-24,1525.949951171875,1544.0,1495.0,1516.300048828125,48212,0.0,0.0
2023-03-27,1529.0,1529.0,1480.8499755859375,1491.25,49241,0.0,0.0
2023-03-28,1498.75,1498.75,1444.050048828125,1453.0,65344,0.0,0.0
2023-03-29,1453.0,1475.0,1415.550048828125,1459.0999755859375,98516,0.0,0.0
2023-03-31,1461.0,1476.9000244140625,1436.0,1466.0,121992,0.0,0.0
2023-04-03,1466.0,1485.050048828125,1458.0,1468.4000244140625,37967,0.0,0.0
2023-04-05,1469.0,1495.0,1460.5,1481.3499755859375,50323,0.0,0.0
2023-04-06,1487.949951171875,1502.449951171875,1477.800048828125,1493.3499755859375,36469,0.0,0.0
2023-04-10,1492.0,1494.0999755859375,1461.0,1464.6500244140625,31541,0.0,0.0
2023-04-11,1470.0,1519.949951171875,1470.0,1483.3499755859375,66297,0.0,0.0
2023-04-12,1480.0999755859375,1490.699951171875,1463.199951171875,1473.0999755859375,43779,0.0,0.0
2023-04-13,1480.0,1519.0,1475.050048828125,1491.449951171875,77638,0.0,0.0
2023-04-17,1487.949951171875,1519.9000244140625,1479.050048828125,1509.5,53214,0.0,0.0
2023-04-18,1509.5,1522.4000244140625,1498.0,1499.699951171875,29511,0.0,0.0
2023-04-19,1507.5999755859375,1540.0,1497.050048828125,1520.300048828125,60617,0.0,0.0
2023-04-20,1516.050048828125,1527.5999755859375,1491.300048828125,1494.5999755859375,49082,0.0,0.0
2023-04-21,1518.4000244140625,1518.4000244140625,1469.9000244140625,1475.300048828125,59819,0.0,0.0
2023-04-24,1483.050048828125,1485.949951171875,1464.4000244140625,1470.0,69654,0.0,0.0
2023-04-25,1464.550048828125,1475.1500244140625,1452.3499755859375,1456.949951171875,39423,0.0,0.0
2023-04-26,1452.0,1499.800048828125,1451.199951171875,1478.3499755859375,43264,0.0,0.0
2023-04-27,1478.3499755859375,1483.9000244140625,1460.0,1465.050048828125,30255,0.0,0.0
2023-04-28,1469.5,1495.449951171875,1464.0,1480.949951171875,42930,0.0,0.0
2023-05-02,1490.0,1509.4000244140625,1472.949951171875,1478.75,54641,0.0,0.0
2023-05-03,1478.75,1496.199951171875,1478.75,1493.199951171875,25676,0.0,0.0
2023-05-04,1490.0,1525.050048828125,1489.949951171875,1499.5999755859375,66167,0.0,0.0
2023-05-05,1490.5,1515.0,1490.050048828125,1493.0,27433,0.0,0.0
2023-05-08,1496.949951171875,1502.3499755859375,1470.8499755859375,1478.199951171875,39249,0.0,0.0
2023-05-09,1485.550048828125,1499.0,1465.1500244140625,1471.199951171875,42606,0.0,0.0
2023-05-10,1482.0,1482.0,1461.0,1461.949951171875,31178,0.0,0.0
2023-05-11,1462.050048828125,1472.0,1452.0,1454.3499755859375,48571,0.0,0.0
2023-05-12,1460.949951171875,1460.949951171875,1441.0,1442.8499755859375,32162,0.0,0.0
2023-05-15,1442.0,1450.050048828125,1432.0,1438.550048828125,43853,0.0,0.0
2023-05-16,1449.0,1458.949951171875,1435.050048828125,1440.5,46541,0.0,0.0
2023-05-17,1443.9000244140625,1482.0,1443.9000244140625,1478.300048828125,167506,0.0,0.0
2023-05-18,1492.0,1498.0,1465.449951171875,1474.8499755859375,49695,0.0,0.0
2023-05-19,1474.0,1487.1500244140625,1462.800048828125,1480.199951171875,55518,0.0,0.0
2023-05-22,1482.0,1503.199951171875,1474.8499755859375,1480.1500244140625,56924,0.0,0.0
2023-05-23,1480.949951171875,1509.050048828125,1480.949951171875,1486.9000244140625,41410,0.0,0.0
2023-05-24,1488.0,1519.9000244140625,1482.699951171875,1497.800048828125,54919,0.0,0.0
2023-05-25,1505.300048828125,1511.949951171875,1470.6500244140625,1473.800048828125,48168,0.0,0.0
2023-05-26,1521.0,1547.5,1434.449951171875,1447.949951171875,468827,0.0,0.0
2023-05-29,1468.0,1468.0,1428.050048828125,1435.4000244140625,123436,0.0,0.0
2023-05-30,1435.949951171875,1463.25,1434.0,1455.449951171875,71194,0.0,0.0
2023-05-31,1460.0,1485.800048828125,1450.4000244140625,1471.1500244140625,209209,0.0,0.0
2023-06-01,1471.0,1478.0,1443.0,1447.6500244140625,93095,0.0,0.0
2023-06-02,1462.1500244140625,1466.75,1438.699951171875,1449.300048828125,67606,0.0,0.0
2023-06-05,1459.9000244140625,1479.449951171875,1455.0,1457.800048828125,72720,0.0,0.0
2023-06-06,1459.9000244140625,1475.0,1455.0,1459.0,86477,0.0,0.0
2023-06-07,1468.0,1489.800048828125,1461.6500244140625,1465.1500244140625,116820,0.0,0.0
2023-06-08,1475.0,1475.0,1441.75,1447.75,64094,0.0,0.0
2023-06-09,1450.0,1464.0,1440.449951171875,1455.949951171875,64179,0.0,0.0
2023-06-12,1460.0,1463.25,1452.0,1454.9000244140625,40118,0.0,0.0
2023-06-13,1462.199951171875,1468.9000244140625,1452.0,1456.949951171875,51323,0.0,0.0
2023-06-14,1460.0,1472.0,1452.0,1458.6500244140625,73139,0.0,0.0
2023-06-15,1463.0,1465.949951171875,1453.050048828125,1456.1500244140625,99740,0.0,0.0
2023-06-16,1463.449951171875,1536.25,1455.050048828125,1496.1500244140625,308348,0.0,0.0
2023-06-19,1525.0,1525.0,1507.949951171875,1513.449951171875,130149,0.0,0.0
2023-06-20,1510.0,1542.0999755859375,1502.5999755859375,1532.25,98223,0.0,0.0
2023-06-21,1538.9000244140625,1569.8499755859375,1528.550048828125,1534.75,96776,0.0,0.0
2023-06-22,1525.0,1547.9000244140625,1506.5999755859375,1513.5999755859375,58508,0.0,0.0
2023-06-23,1513.5999755859375,1516.9000244140625,1470.0,1474.949951171875,62071,0.0,0.0
2023-06-26,1480.0,1500.0,1467.050048828125,1495.8499755859375,55273,0.0,0.0
2023-06-27,1505.0,1515.0,1485.300048828125,1503.0999755859375,44235,0.0,0.0
2023-06-28,1516.949951171875,1516.949951171875,1494.25,1498.050048828125,29283,0.0,0.0
2023-06-30,1501.0,1524.0,1474.0,1480.5,100183,0.0,0.0
2023-07-03,1493.949951171875,1524.0,1480.550048828125,1492.9000244140625,116500,0.0,0.0
2023-07-04,1505.0,1509.5,1472.0999755859375,1475.3499755859375,72831,0.0,0.0
2023-07-05,1488.9000244140625,1495.0,1475.0999755859375,1492.449951171875,91262,0.0,0.0
2023-07-06,1493.9000244140625,1506.5,1480.949951171875,1486.800048828125,60383,0.0,0.0
2023-07-07,1491.9000244140625,1492.0,1475.0,1481.949951171875,39257,0.0,0.0
2023-07-10,1483.6500244140625,1498.8499755859375,1471.1500244140625,1473.8499755859375,57318,0.0,0.0
2023-07-11,1475.050048828125,1495.449951171875,1475.050048828125,1490.0,85772,0.0,0.0
2023-07-12,1490.0,1499.9000244140625,1477.0,1493.4000244140625,71467,0.0,0.0
2023-07-13,1499.0,1499.0,1479.0,1481.5999755859375,41996,0.0,0.0
2023-07-14,1489.050048828125,1495.3499755859375,1480.199951171875,1485.4000244140625,46168,0.0,0.0
2023-07-17,1488.0,1497.0,1481.050048828125,1488.5,63039,0.0,0.0
2023-07-18,1491.6500244140625,1491.6500244140625,1471.050048828125,1474.9000244140625,61192,0.0,0.0
2023-07-19,1476.0,1489.0,1448.0,1460.9000244140625,116408,0.0,0.0
2023-07-20,1463.0999755859375,1473.0,1455.0,1457.949951171875,48815,0.0,0.0
2023-07-21,1460.0,1477.050048828125,1450.0,1461.449951171875,57164,0.0,0.0
2023-07-24,1474.949951171875,1478.800048828125,1461.050048828125,1466.699951171875,44773,0.0,0.0
2023-07-25,1469.949951171875,1474.449951171875,1415.0,1430.699951171875,120376,0.0,0.0
2023-07-26,1439.800048828125,1445.550048828125,1430.050048828125,1433.5,77590,0.0,0.0
2023-07-27,1440.0,1475.0,1439.949951171875,1471.0999755859375,85648,0.0,0.0
2023-07-28,1474.949951171875,1491.449951171875,1439.0999755859375,1480.3499755859375,133334,0.0,0.0
2023-07-31,1472.25,1483.1500244140625,1454.3499755859375,1473.1500244140625,297263,0.0,0.0
2023-08-01,1474.0,1480.550048828125,1445.0999755859375,1448.9000244140625,97087,0.0,0.0
2023-08-02,1450.0,1454.949951171875,1434.199951171875,1445.0999755859375,60848,0.0,0.0
2023-08-03,1448.0,1461.949951171875,1434.550048828125,1452.3499755859375,94364,0.0,0.0
2023-08-04,1460.0,1460.0,1442.0,1452.699951171875,44111,0.0,0.0
2023-08-07,1455.0,1460.0,1433.1500244140625,1446.699951171875,103744,0.0,0.0
2023-08-08,1450.949951171875,1468.0,1436.949951171875,1461.25,90019,0.0,0.0
2023-08-09,1468.0,1468.0,1445.0,1449.5,59109,0.0,0.0
2023-08-10,1457.0,1468.0,1440.0,1449.8499755859375,85094,0.0,0.0
2023-08-11,1480.0,1643.0,1479.949951171875,1590.0999755859375,3325189,0.0,0.0
2023-08-14,1589.5,1589.5,1511.4000244140625,1522.5999755859375,369424,0.0,0.0
2023-08-16,1518.949951171875,1536.199951171875,1496.050048828125,1509.199951171875,204303,0.0,0.0
2023-08-17,1500.0,1573.0,1500.0,1522.1500244140625,340588,0.0,0.0
2023-08-18,1376.0,1543.4000244140625,1376.0,1509.1500244140625,3580700,0.0,0.0
2023-08-21,1504.9000244140625,1523.0,1472.050048828125,1503.9000244140625,482788,0.0,0.0
2023-08-22,1508.0,1546.0,1508.0,1533.8499755859375,350267,0.0,0.0
2023-08-23,1542.800048828125,1568.0,1519.5,1549.8499755859375,442918,0.0,0.0
2023-08-24,1558.0,1582.0,1543.050048828125,1557.0,321680,0.0,0.0
2023-08-25,1557.0,1565.6500244140625,1531.6500244140625,1556.449951171875,181462,0.0,0.0
2023-08-28,1564.0,1567.8499755859375,1541.0,1548.4000244140625,162247,0.0,0.0
2023-08-29,1549.0,1556.1500244140625,1533.0,1544.5,318508,0.0,1.0
2023-08-30,1556.0,1581.0,1548.0,1565.25,374277,0.0,0.0
2023-08-31,1570.050048828125,1585.0,1529.5,1578.25,383263,0.0,0.0
2023-09-01,1581.0,1683.0999755859375,1578.75,1670.300048828125,1259326,0.0,0.0
2023-09-04,1686.0,1717.0,1677.449951171875,1711.0,496572,0.0,0.0
2023-09-05,1722.5,1741.199951171875,1684.199951171875,1716.800048828125,361227,0.0,0.0
2023-09-06,1708.4000244140625,1772.300048828125,1700.5999755859375,1766.550048828125,421816,0.0,0.0
2023-09-07,1785.0,1811.0,1755.050048828125,1784.8499755859375,383856,0.0,0.0
2023-09-08,1794.9000244140625,1794.9000244140625,1747.550048828125,1778.8499755859375,332092,0.0,0.0
2023-09-11,1778.8499755859375,1809.0,1769.3499755859375,1795.0,223137,0.0,0.0
2023-09-12,1800.0,1803.0,1716.050048828125,1723.6500244140625,298317,0.0,0.0
2023-09-13,1727.449951171875,1754.0,1680.0,1740.449951171875,249775,0.0,0.0
2023-09-14,1750.949951171875,1775.050048828125,1745.9000244140625,1765.3499755859375,146269,0.0,0.0
2023-09-15,1794.6500244140625,1864.949951171875,1785.0,1839.449951171875,835550,0.0,0.0
2023-09-18,1833.9000244140625,1844.300048828125,1795.0999755859375,1810.1500244140625,144450,0.0,0.0
2023-09-20,1811.0,1837.699951171875,1798.3499755859375,1814.0,158487,0.0,0.0
2023-09-21,1804.0,1874.9000244140625,1784.5,1843.1500244140625,379628,0.0,0.0
2023-09-22,1835.0,1865.0,1807.550048828125,1832.199951171875,178781,0.0,0.0
2023-09-25,1832.199951171875,1874.5,1823.6500244140625,1855.199951171875,168057,0.0,0.0
2023-09-26,1864.449951171875,1868.4000244140625,1832.050048828125,1857.25,194909,0.0,0.0
2023-09-27,1856.949951171875,1887.050048828125,1839.9000244140625,1872.5999755859373,123061,0.0,0.0
2023-09-28,1875.0,1897.949951171875,1842.0,1866.449951171875,455100,0.0,0.0
2023-09-29,1887.949951171875,1887.949951171875,1849.5,1863.4000244140625,110750,0.0,0.0
2023-10-03,1864.9000244140625,1890.4000244140625,1850.0,1859.199951171875,106472,0.0,0.0
2023-10-04,1851.0,1872.949951171875,1803.4000244140625,1815.699951171875,111541,0.0,0.0
2023-10-05,1817.949951171875,1833.0,1803.0,1819.1500244140625,50878,0.0,0.0
2023-10-06,1820.0,1838.8499755859373,1777.0999755859375,1816.050048828125,145149,0.0,0.0
2023-10-09,1786.0,1815.449951171875,1761.0,1804.050048828125,87311,0.0,0.0
2023-10-10,1804.050048828125,1848.9000244140625,1782.949951171875,1837.1500244140625,157383,0.0,0.0
2023-10-11,1857.75,1860.0,1840.1500244140625,1849.25,155469,0.0,0.0
2023-10-12,1851.0,1869.949951171875,1811.0,1819.5999755859373,48536,0.0,0.0
2023-10-13,1800.0,1829.050048828125,1777.300048828125,1813.0999755859373,123625,0.0,0.0
2023-10-16,1813.050048828125,1820.0,1796.050048828125,1813.800048828125,123370,0.0,0.0
2023-10-17,1822.9000244140625,1832.949951171875,1755.0,1768.3499755859375,171844,0.0,0.0
2023-10-18,1777.0,1802.6500244140625,1751.0999755859375,1756.5,211827,0.0,0.0
2023-10-19,1760.550048828125,1814.949951171875,1757.0,1800.0999755859375,101856,0.0,0.0
2023-10-20,1800.0999755859375,1803.949951171875,1771.5,1789.5999755859375,34157,0.0,0.0
2023-10-23,1763.050048828125,1790.75,1705.9000244140625,1726.5999755859375,237470,0.0,0.0
2023-10-25,1732.949951171875,1742.449951171875,1691.050048828125,1715.6500244140625,316047,0.0,0.0
2023-10-26,1700.0,1715.0,1636.9000244140625,1654.0,166357,0.0,0.0
2023-10-27,1670.0,1784.800048828125,1669.9000244140625,1732.699951171875,251481,0.0,0.0
2023-10-30,1751.050048828125,1760.8499755859375,1715.0,1744.5,64502,0.0,0.0
2023-10-31,1750.0,1764.9000244140625,1726.0,1735.050048828125,40708,0.0,0.0
2023-11-01,1745.0,1769.949951171875,1701.0,1749.199951171875,77467,0.0,0.0
2023-11-02,1749.949951171875,1775.0,1749.5999755859375,1770.449951171875,56233,0.0,0.0
2023-11-03,1779.3499755859375,1805.0,1757.449951171875,1770.449951171875,56947,0.0,0.0
2023-11-06,1779.3499755859375,1787.25,1760.0,1767.199951171875,131615,0.0,0.0
2023-11-07,1782.0,1782.0,1724.0,1729.0,75780,0.0,0.0
2023-11-08,1726.0999755859375,1764.4000244140625,1721.0,1752.0,51392,0.0,0.0
2023-11-09,1755.0,1767.949951171875,1739.199951171875,1750.25,58442,0.0,0.0
2023-11-10,1760.0,1766.8499755859375,1681.0,1686.050048828125,96799,0.0,0.0
2023-11-13,1719.0,1720.050048828125,1670.0,1676.050048828125,87682,0.0,0.0
2023-11-15,1712.0,1716.4000244140625,1646.0,1649.699951171875,146633,0.0,0.0
2023-11-16,1668.800048828125,1668.800048828125,1609.0,1619.25,129098,0.0,0.0
2023-11-17,1620.0,1625.699951171875,1599.0,1606.800048828125,110836,0.0,0.0
2023-11-20,1616.0,1619.0999755859375,1575.0,1580.9000244140625,133025,0.0,1.0
2023-11-21,1585.8499755859375,1605.699951171875,1571.3499755859375,1586.75,129798,0.0,0.0
2023-11-22,1595.0,1597.449951171875,1531.3499755859375,1538.800048828125,228189,0.0,0.0
2023-11-23,1550.0,1599.5999755859375,1534.300048828125,1551.449951171875,224361,0.0,0.0
2023-11-24,1553.0,1568.5,1531.199951171875,1536.1500244140625,137921,0.0,0.0
2023-11-28,1555.25,1555.550048828125,1512.0,1513.9000244140625,175022,0.0,0.0
2023-11-29,1530.0,1539.0,1512.0999755859375,1518.5999755859375,184740,0.0,0.0
2023-11-30,1525.0,1525.0,1488.0,1491.1500244140625,252033,0.0,0.0
2023-12-01,1493.0,1511.949951171875,1493.0,1498.9000244140625,247297,0.0,0.0
2023-12-04,1511.0,1526.300048828125,1496.0,1500.5,250864,0.0,0.0
2023-12-05,1509.949951171875,1511.0,1490.5,1497.550048828125,99396,0.0,0.0
2023-12-06,1497.050048828125,1507.0,1482.199951171875,1488.8499755859375,156556,0.0,0.0
2023-12-07,1499.0,1505.25,1488.5,1496.6500244140625,137523,0.0,0.0
2023-12-08,1504.1500244140625,1509.5999755859375,1486.5999755859375,1491.4000244140625,95065,0.0,0.0
2023-12-11,1516.0,1516.949951171875,1495.0,1499.699951171875,190975,0.0,0.0
2023-12-12,1514.5,1514.5,1468.0999755859375,1475.3499755859375,575083,0.0,0.0
2023-12-13,1482.0,1482.0,1465.050048828125,1469.6500244140625,166760,0.0,0.0
2023-12-14,1506.0,1509.6500244140625,1487.800048828125,1491.0999755859375,451417,0.0,0.0
2023-12-15,1501.0,1571.9000244140625,1499.0999755859375,1533.5999755859375,636270,0.0,0.0
2023-12-18,1550.0,1558.9000244140625,1510.0,1515.199951171875,229445,0.0,0.0
2023-12-19,1530.949951171875,1554.9000244140625,1502.4000244140625,1546.800048828125,325181,0.0,0.0
2023-12-20,1566.0,1650.550048828125,1527.050048828125,1559.050048828125,1274692,0.0,0.0
2023-12-21,1545.050048828125,1622.050048828125,1542.050048828125,1609.0999755859375,552102,0.0,0.0
2023-12-22,1621.0,1637.4000244140625,1580.050048828125,1589.449951171875,195118,0.0,0.0
2023-12-26,1605.300048828125,1622.0,1585.050048828125,1592.199951171875,195222,0.0,0.0
2023-12-27,1595.0,1612.0,1573.949951171875,1586.25,123315,0.0,0.0
2023-12-28,1587.949951171875,1663.4000244140625,1586.300048828125,1639.6500244140625,462330,0.0,0.0
2023-12-29,1649.0,1649.0,1594.25,1611.9000244140625,230612,0.0,0.0
2024-01-01,1612.0,1624.0,1589.050048828125,1592.75,170413,0.0,0.0
2024-01-02,1600.0,1614.5999755859375,1572.1500244140625,1596.4000244140625,161512,0.0,0.0
2024-01-03,1586.0,1603.8499755859375,1554.550048828125,1557.550048828125,236204,0.0,0.0
2024-01-04,1572.0,1588.0,1548.0,1553.6500244140625,184728,0.0,0.0
2024-01-05,1563.0,1588.9000244140625,1561.0,1580.5,128396,0.0,0.0
2024-01-08,1575.0,1589.949951171875,1551.0,1554.699951171875,150660,0.0,0.0
2024-01-09,1565.699951171875,1577.949951171875,1558.0,1562.4000244140625,60273,0.0,0.0
2024-01-10,1562.4000244140625,1565.8499755859375,1535.050048828125,1537.949951171875,97660,0.0,0.0
2024-01-11,1548.0,1553.75,1518.8499755859375,1520.6500244140625,132365,0.0,0.0
2024-01-12,1528.300048828125,1574.949951171875,1525.0,1564.699951171875,159365,0.0,0.0
2024-01-15,1568.0,1573.949951171875,1539.9000244140625,1544.6500244140625,106066,0.0,0.0
2024-01-16,1549.0,1567.699951171875,1546.5999755859375,1563.1500244140625,81730,0.0,0.0
2024-01-17,1550.0,1558.800048828125,1501.0,1511.6500244140625,177137,0.0,0.0
2024-01-18,1517.0,1536.949951171875,1486.0,1508.050048828125,144136,0.0,0.0
2024-01-19,1525.0,1535.0,1508.5,1529.300048828125,142511,0.0,0.0
2024-01-23,1537.5,1545.0,1514.8499755859375,1526.050048828125,118157,0.0,0.0
2024-01-24,1526.050048828125,1554.050048828125,1509.449951171875,1536.5999755859375,142616,0.0,0.0
2024-01-25,1530.0,1542.0,1519.699951171875,1536.25,78072,0.0,0.0
2024-01-29,1534.25,1552.449951171875,1528.9000244140625,1544.9000244140625,216403,0.0,0.0
2024-01-30,1551.0,1553.949951171875,1525.0,1529.3499755859375,90685,0.0,0.0
2024-01-31,1549.0,1561.449951171875,1533.449951171875,1552.0999755859375,89651,0.0,0.0
2024-02-01,1557.5,1565.699951171875,1513.050048828125,1555.550048828125,80606,0.0,0.0
2024-02-02,1460.0,1526.5,1459.0,1512.300048828125,798346,0.0,0.0
2024-02-05,1521.0,1524.8499755859375,1479.800048828125,1494.1500244140625,251427,0.0,0.0
2024-02-06,1501.6500244140625,1524.0,1485.0,1493.0999755859375,311979,0.0,0.0
2024-02-07,1495.0,1505.6500244140625,1473.550048828125,1481.4000244140625,104080,0.0,0.0
2024-02-08,1481.949951171875,1494.699951171875,1420.0,1427.5,177388,0.0,0.0
2024-02-09,1427.050048828125,1453.1500244140625,1380.0,1388.050048828125,205468,0.0,0.0
2024-02-12,1393.0999755859375,1406.050048828125,1344.0,1364.4000244140625,186658,0.0,0.0
2024-02-13,1368.1500244140625,1379.949951171875,1335.0,1374.8499755859375,146830,0.0,0.0
2024-02-14,1350.1500244140625,1367.0999755859375,1346.4000244140625,1351.800048828125,107211,0.0,0.0
2024-02-15,1359.0,1394.0,1351.4000244140625,1388.0999755859375,115596,0.0,0.0
2024-02-16,1394.0,1409.199951171875,1379.300048828125,1382.449951171875,88850,0.0,0.0
2024-02-19,1396.0,1398.5,1366.8499755859375,1371.5999755859375,129838,0.0,0.0
2024-02-20,1371.0,1378.800048828125,1354.949951171875,1359.5999755859375,163984,0.0,0.0
2024-02-21,1359.9000244140625,1364.9000244140625,1345.0,1352.4000244140625,120339,0.0,0.0
2024-02-22,1359.9000244140625,1365.1500244140625,1343.300048828125,1350.550048828125,107327,0.0,0.0
2024-02-23,1363.0,1363.0,1341.550048828125,1345.0999755859375,87731,0.0,0.0
2024-02-26,1346.0,1355.0,1337.0,1344.75,101693,0.0,0.0
2024-02-27,1349.9000244140625,1349.9000244140625,1338.0,1343.699951171875,120926,0.0,0.0
2024-02-28,1343.949951171875,1352.0999755859375,1331.0,1332.3499755859375,104052,0.0,0.0
2024-02-29,1332.3499755859375,1336.699951171875,1294.75,1302.0,184117,0.0,0.0
2024-03-01,1309.949951171875,1336.5,1299.550048828125,1325.6500244140625,146101,0.0,0.0
2024-03-04,1332.6500244140625,1352.0,1315.0,1346.699951171875,190090,0.0,0.0
2024-03-05,1349.0,1355.9000244140625,1328.0,1351.9000244140625,137579,0.0,0.0
2024-03-06,1348.050048828125,1348.050048828125,1312.800048828125,1329.9000244140625,168728,0.0,0.0
2024-03-07,1329.9000244140625,1331.6500244140625,1299.4000244140625,1309.949951171875,283381,0.0,0.0
2024-03-11,1313.300048828125,1320.0,1240.0,1255.3499755859375,250861,0.0,0.0
2024-03-12,1256.949951171875,1299.4000244140625,1255.0,1271.550048828125,273267,0.0,0.0
2024-03-13,1280.0,1299.3499755859375,1263.0,1270.800048828125,212522,0.0,0.0
2024-03-14,1270.0,1297.949951171875,1228.0,1233.6500244140625,390042,0.0,0.0
2024-03-15,1233.699951171875,1262.5999755859375,1233.699951171875,1248.949951171875,159349,0.0,0.0
2024-03-18,1258.0,1263.0,1210.0,1230.3499755859375,342033,0.0,0.0
2024-03-19,1230.0,1239.75,1215.0,1222.1500244140625,158999,0.0,0.0
2024-03-20,1226.5,1245.0,1212.0,1225.0999755859375,198325,0.0,0.0
2024-03-21,1228.0,1243.9000244140625,1223.25,1226.1500244140625,240716,0.0,0.0
2024-03-22,1229.0,1269.0,1225.0,1249.5999755859375,269742,0.0,0.0
2024-03-26,1249.5999755859375,1260.0,1205.5999755859375,1209.800048828125,297669,0.0,0.0
2024-03-27,1210.6500244140625,1235.0,1209.800048828125,1214.300048828125,315557,0.0,0.0
2024-03-28,1217.6500244140625,1256.949951171875,1217.6500244140625,1235.9000244140625,250421,0.0,0.0
2024-04-01,1251.0,1299.4000244140625,1250.0,1294.75,144940,0.0,0.0
2024-04-02,1290.0,1329.0,1281.050048828125,1322.300048828125,140794,0.0,0.0
2024-04-03,1322.300048828125,1334.0,1308.949951171875,1320.9000244140625,143872,0.0,0.0
2024-04-04,1333.199951171875,1386.0,1319.9000244140625,1381.0,282634,0.0,0.0
2024-04-05,1381.0,1386.5999755859375,1355.550048828125,1372.449951171875,160885,0.0,0.0
2024-04-08,1386.0,1386.0,1340.050048828125,1344.949951171875,76097,0.0,0.0
2024-04-09,1350.0,1359.699951171875,1333.050048828125,1341.699951171875,72656,0.0,0.0
2024-04-10,1350.0,1444.5,1347.050048828125,1422.75,513233,0.0,0.0
2024-04-12,1422.9000244140625,1434.3499755859375,1400.0,1412.3499755859375,251045,0.0,0.0
2024-04-15,1400.0,1412.3499755859375,1372.25,1407.0999755859375,188609,0.0,0.0
2024-04-16,1394.949951171875,1429.0,1390.0,1405.9000244140625,99631,0.0,0.0
2024-04-18,1405.9000244140625,1428.0,1403.0,1422.0,77040,0.0,0.0
2024-04-19,1400.0,1431.25,1392.0,1412.199951171875,86365,0.0,0.0
2024-04-22,1433.9000244140625,1433.9000244140625,1412.050048828125,1426.0,131526,0.0,0.0
2024-04-23,1431.0,1432.75,1416.050048828125,1424.5999755859375,53818,0.0,0.0
2024-04-24,1429.0,1455.9000244140625,1424.5999755859375,1444.6500244140625,97475,0.0,0.0
2024-04-25,1445.6500244140625,1449.9000244140625,1427.0999755859375,1434.5999755859375,50571,0.0,0.0
2024-04-26,1432.0,1447.800048828125,1427.1500244140625,1440.800048828125,66171,0.0,0.0
2024-04-29,1444.0,1444.0,1418.050048828125,1434.0,65589,0.0,0.0
2024-04-30,1444.0,1449.8499755859375,1425.0,1430.75,49598,0.0,0.0
2024-05-02,1430.75,1435.8499755859375,1414.199951171875,1427.25,62585,0.0,0.0
2024-05-03,1427.25,1427.25,1392.300048828125,1402.4000244140625,134062,0.0,0.0
2024-05-06,1410.0,1410.0,1369.949951171875,1382.0999755859375,91058,0.0,0.0
2024-05-07,1394.0,1409.0,1344.0,1358.449951171875,76970,0.0,0.0
2024-05-08,1358.3499755859375,1361.0999755859375,1342.75,1347.8499755859375,40987,0.0,0.0
2024-05-09,1340.0,1358.0,1323.199951171875,1345.3499755859375,73350,0.0,0.0
2024-05-10,1349.800048828125,1359.949951171875,1325.550048828125,1331.800048828125,45214,0.0,0.0
2024-05-13,1336.75,1348.9000244140625,1324.25,1339.4000244140625,59689,0.0,0.0
2024-05-14,1350.0,1357.699951171875,1334.0,1348.8499755859375,39317,0.0,0.0
2024-05-15,1348.8499755859375,1398.800048828125,1348.3499755859375,1382.550048828125,98968,0.0,0.0
2024-05-16,1351.699951171875,1413.0,1351.699951171875,1400.9000244140625,75054,0.0,0.0
2024-05-17,1400.9000244140625,1408.449951171875,1385.300048828125,1404.699951171875,48865,0.0,0.0
2024-05-21,1395.9000244140625,1412.0,1376.0,1398.5,74325,0.0,0.0
2024-05-22,1404.0,1420.0,1388.0,1406.300048828125,53548,0.0,0.0
2024-05-23,1357.050048828125,1377.550048828125,1320.050048828125,1323.050048828125,1063672,0.0,0.0
2024-05-24,1320.0,1322.0,1275.050048828125,1279.449951171875,357416,0.0,0.0
2024-05-27,1279.699951171875,1308.449951171875,1271.0,1284.1500244140625,108490,0.0,0.0
2024-05-28,1305.0,1308.0,1271.0,1274.449951171875,81467,0.0,0.0
2024-05-29,1280.0,1288.449951171875,1266.0999755859375,1269.5,74538,0.0,0.0
2024-05-30,1269.0,1275.449951171875,1244.949951171875,1249.0,67797,0.0,0.0
2024-05-31,1260.0,1262.0999755859375,1229.0,1233.5999755859375,204338,0.0,0.0
2024-06-03,1268.0,1268.5,1211.300048828125,1214.9000244140625,344311,0.0,0.0
2024-06-04,1217.0,1222.0,1168.699951171875,1194.5,213519,0.0,0.0
2024-06-05,1214.5,1214.5,1143.0999755859375,1194.4000244140625,350971,0.0,0.0
2024-06-06,1214.0,1257.949951171875,1209.050048828125,1247.699951171875,145892,0.0,0.0
2024-06-07,1247.699951171875,1295.0,1241.699951171875,1274.4000244140625,493679,0.0,0.0
2024-06-10,1288.3499755859375,1300.0,1265.1500244140625,1275.75,121015,0.0,0.0
2024-06-11,1285.0,1290.0999755859375,1276.0,1280.4000244140625,90715,0.0,0.0
2024-06-12,1287.0,1342.550048828125,1285.300048828125,1338.300048828125,285252,0.0,0.0
2024-06-13,1347.0,1354.0,1329.050048828125,1340.6500244140625,212600,0.0,0.0
2024-06-14,1349.0,1383.949951171875,1340.0,1355.3499755859375,170336,0.0,0.0
2024-06-18,1356.0,1372.5,1346.699951171875,1361.949951171875,130140,0.0,0.0
2024-06-19,1367.4000244140625,1369.449951171875,1331.9000244140625,1350.4000244140625,114033,0.0,0.0
2024-06-20,1350.4000244140625,1350.4000244140625,1321.0,1330.800048828125,140270,0.0,0.0
2024-06-21,1331.0,1357.4000244140625,1311.0,1314.0999755859375,102799,0.0,0.0
2024-06-24,1327.0,1349.9000244140625,1314.0999755859375,1327.75,108944,0.0,0.0
2024-06-25,1332.0,1342.949951171875,1318.050048828125,1330.75,78371,0.0,0.0
2024-06-26,1334.6500244140625,1349.9000244140625,1325.0,1334.9000244140625,77129,0.0,0.0
2024-06-27,1335.050048828125,1343.4000244140625,1315.0,1317.8499755859375,62345,0.0,0.0
2024-06-28,1317.25,1328.0,1313.050048828125,1319.449951171875,120539,0.0,0.0
2024-07-01,1320.0,1386.550048828125,1317.0,1376.949951171875,194434,0.0,0.0
2024-07-02,1389.0,1405.0,1379.050048828125,1400.5999755859375,170517,0.0,0.0
2024-07-03,1407.0,1418.5,1399.550048828125,1409.8499755859375,96411,0.0,0.0
2024-07-04,1413.050048828125,1413.050048828125,1400.0,1404.5999755859375,136449,0.0,0.0
2024-07-05,1400.0,1439.9000244140625,1391.0,1410.550048828125,151691,0.0,0.0
2024-07-08,1409.0,1410.5,1387.699951171875,1394.8499755859375,86338,0.0,0.0
2024-07-09,1394.8499755859375,1415.0,1390.0,1406.4000244140625,77547,0.0,0.0
2024-07-10,1414.9000244140625,1419.949951171875,1384.6500244140625,1410.4000244140625,101337,0.0,0.0
2024-07-11,1420.050048828125,1431.0,1402.3499755859375,1420.0999755859375,208276,0.0,0.0
2024-07-12,1430.0,1468.199951171875,1415.300048828125,1457.0999755859375,239057,0.0,0.0
2024-07-15,1458.9000244140625,1487.75,1429.5,1460.0,154449,0.0,0.0
2024-07-16,1460.0,1475.0,1431.949951171875,1452.75,147397,0.0,0.0
2024-07-18,1440.3499755859375,1450.949951171875,1421.0,1434.25,104353,0.0,0.0
2024-07-19,1434.25,1434.25,1392.199951171875,1409.0,134055,0.0,0.0
2024-07-22,1381.0,1413.949951171875,1375.0,1407.1500244140625,156232,0.0,0.0
2024-07-23,1403.0,1420.0,1348.449951171875,1409.5999755859375,228981,0.0,0.0
2024-07-24,1409.5999755859375,1449.0,1406.949951171875,1435.25,92396,0.0,0.0
2024-07-25,1434.0,1473.949951171875,1421.0,1450.0,102385,0.0,0.0
2024-07-26,1457.6500244140625,1473.550048828125,1436.75,1458.0,133091,0.0,0.0
2024-07-29,1458.0,1483.300048828125,1450.1500244140625,1465.1500244140625,175278,0.0,0.0
2024-07-30,1465.1500244140625,1469.5,1446.050048828125,1460.1500244140625,64536,0.0,0.0
2024-07-31,1461.8499755859375,1472.4000244140625,1441.0,1444.8499755859375,71681,0.0,0.0
2024-08-01,1441.0,1466.949951171875,1438.050048828125,1452.050048828125,80757,0.0,0.0
2024-08-02,1440.0,1459.3499755859375,1430.0,1451.0999755859375,44702,0.0,1.0
2024-08-05,1400.0,1426.699951171875,1374.199951171875,1380.0,143817,0.0,0.0
2024-08-06,1380.0,1412.800048828125,1379.949951171875,1400.75,131760,0.0,0.0
2024-08-07,1419.949951171875,1425.0,1387.3499755859375,1402.0,62837,0.0,0.0
2024-08-08,1360.0,1384.0,1330.0,1353.8499755859375,330987,0.0,0.0
2024-08-09,1357.0,1366.800048828125,1332.449951171875,1340.5999755859375,158191,0.0,0.0
2024-08-12,1364.0,1364.0,1323.0,1326.199951171875,97300,0.0,0.0
2024-08-13,1329.0,1329.0,1287.0999755859375,1294.0,108375,0.0,0.0
2024-08-14,1288.0,1299.0,1269.0,1271.75,70071,0.0,0.0
2024-08-16,1298.800048828125,1298.800048828125,1265.550048828125,1286.0,62150,0.0,0.0
2024-08-19,1275.5,1325.0,1275.050048828125,1300.300048828125,413889,0.0,0.0
2024-08-20,1310.4000244140625,1323.0,1294.800048828125,1313.0999755859375,203481,0.0,0.0
2024-08-21,1316.050048828125,1333.0,1311.5999755859375,1326.25,64684,0.0,0.0
2024-08-22,1328.0,1399.0,1328.0,1376.550048828125,279734,0.0,0.0
2024-08-23,1370.0,1378.0,1353.4000244140625,1371.8499755859375,85417,0.0,0.0
2024-08-26,1386.199951171875,1386.199951171875,1355.699951171875,1374.0,70215,0.0,0.0
2024-08-27,1374.0,1374.0,1353.25,1357.3499755859375,91650,0.0,0.0
2024-08-28,1402.050048828125,1530.0,1380.0,1401.75,6564312,0.0,0.0
2024-08-29,1410.0,1436.0,1381.0999755859375,1387.25,372599,0.0,0.0
2024-08-30,1398.4000244140625,1399.1500244140625,1363.0,1370.8499755859375,161579,0.0,0.0
2024-09-02,1379.449951171875,1389.9000244140625,1345.0,1350.8499755859375,241443,0.0,0.0
2024-09-03,1358.4000244140625,1376.9000244140625,1348.0,1350.4000244140625,145734,0.0,0.0
2024-09-04,1340.0999755859375,1363.9000244140625,1340.0999755859375,1359.3499755859375,88684,0.0,0.0
2024-09-05,1372.0,1379.0,1352.0,1362.1500244140625,95085,0.0,0.0
2024-09-06,1390.0,1415.0,1371.25,1409.0999755859375,563126,0.0,0.0
2024-09-09,1420.949951171875,1445.6500244140625,1394.449951171875,1406.449951171875,307664,0.0,0.0
2024-09-10,1407.5,1439.9000244140625,1401.4000244140625,1426.3499755859375,118370,0.0,0.0
2024-09-11,1433.5,1433.5,1405.0,1420.4000244140625,118121,0.0,0.0
2024-09-12,1423.949951171875,1427.699951171875,1407.0,1410.4000244140625,63665,0.0,0.0
2024-09-13,1417.5,1430.0,1405.5999755859375,1425.050048828125,95738,0.0,0.0
2024-09-16,1435.0,1435.0,1410.0,1419.6500244140625,92510,0.0,0.0
2024-09-17,1423.0,1441.9000244140625,1417.5,1435.9000244140625,113307,0.0,0.0
2024-09-18,1435.9000244140625,1463.3499755859375,1427.550048828125,1449.9000244140625,144827,0.0,0.0
2024-09-19,1448.5999755859375,1458.0,1428.1500244140625,1441.449951171875,148565,0.0,0.0
2024-09-20,1441.8499755859375,1467.949951171875,1434.75,1460.050048828125,126548,0.0,0.0
2024-09-23,1469.0,1469.0,1445.0999755859375,1460.800048828125,99058,0.0,0.0
2024-09-24,1460.800048828125,1465.5,1445.0,1450.6500244140625,70767,0.0,0.0
2024-09-25,1452.0,1457.949951171875,1443.0999755859375,1450.199951171875,48586,0.0,0.0
2024-09-26,1455.0,1461.199951171875,1445.0,1452.300048828125,224305,0.0,0.0
2024-09-27,1449.949951171875,1469.800048828125,1411.6500244140625,1433.4000244140625,259999,0.0,0.0
2024-09-30,1433.0,1438.0,1414.800048828125,1430.300048828125,53662,0.0,0.0
2024-10-01,1433.050048828125,1437.949951171875,1409.699951171875,1426.300048828125,91816,0.0,0.0
2024-10-03,1401.199951171875,1428.0,1401.199951171875,1423.8499755859375,96749,0.0,0.0
2024-10-04,1420.0,1430.0,1378.8499755859375,1411.3499755859375,91735,0.0,0.0
2024-10-07,1412.0,1415.0,1362.800048828125,1372.6500244140625,175491,0.0,0.0
2024-10-08,1375.0,1402.949951171875,1345.050048828125,1398.699951171875,49421,0.0,0.0
2024-10-09,1398.699951171875,1405.699951171875,1376.0,1380.0,32236,0.0,0.0
2024-10-10,1388.550048828125,1405.050048828125,1363.050048828125,1401.050048828125,62703,0.0,0.0
2024-10-11,1401.050048828125,1408.0999755859375,1385.6500244140625,1398.75,59226,0.0,0.0
2024-10-14,1390.300048828125,1399.8499755859375,1374.199951171875,1390.1500244140625,53131,0.0,0.0
2024-10-15,1391.0,1464.0,1390.1500244140625,1441.949951171875,196307,0.0,0.0
2024-10-16,1440.0,1454.300048828125,1408.0,1448.4000244140625,120707,0.0,0.0
2024-10-17,1448.4000244140625,1477.5,1427.300048828125,1468.0,156471,0.0,0.0
2024-10-18,1453.300048828125,1459.949951171875,1429.25,1449.949951171875,120137,0.0,0.0
2024-10-21,1464.449951171875,1464.449951171875,1425.300048828125,1434.75,80130,0.0,0.0
2024-10-22,1430.0,1430.0,1379.0,1386.199951171875,112954,0.0,0.0
2024-10-23,1367.199951171875,1405.0,1351.25,1385.199951171875,65370,0.0,0.0
2024-10-24,1384.050048828125,1393.300048828125,1366.4000244140625,1385.5,52056,0.0,0.0
2024-10-25,1385.8499755859375,1385.8499755859375,1350.0,1372.699951171875,72550,0.0,0.0
2024-10-28,1372.0999755859375,1375.75,1342.5,1360.550048828125,51512,0.0,0.0
2024-10-29,1360.550048828125,1368.949951171875,1345.75,1360.800048828125,186010,0.0,0.0
2024-10-30,1367.6500244140625,1393.0,1359.25,1387.050048828125,39919,0.0,0.0
2024-10-31,1385.0,1408.8499755859375,1376.800048828125,1399.699951171875,48394,0.0,0.0
2024-11-01,1399.699951171875,1410.0,1375.0,1394.0999755859375,12002,0.0,0.0
2024-11-04,1405.0,1405.0,1362.8499755859375,1386.800048828125,97593,0.0,0.0
2024-11-05,1366.0,1398.0,1366.0,1385.550048828125,34676,0.0,0.0
2024-11-06,1407.0,1408.0,1376.0,1391.3499755859375,53615,0.0,0.0
2024-11-07,1391.0,1410.0,1368.0,1379.4000244140625,38165,0.0,0.0
2024-11-08,1349.0,1349.0,1275.0,1279.5,327731,0.0,0.0
2024-11-11,1285.9000244140625,1313.75,1256.4000244140625,1264.1500244140625,123337,0.0,0.0
2024-11-12,1269.75,1292.800048828125,1250.050048828125,1257.6500244140625,532329,0.0,0.0
2024-11-13,1257.050048828125,1257.050048828125,1240.0999755859375,1241.949951171875,84781,0.0,0.0
2024-11-14,1250.8499755859375,1262.0,1239.1500244140625,1241.050048828125,70014,0.0,0.0
2024-11-18,1241.050048828125,1242.550048828125,1205.0,1210.050048828125,44836,0.0,0.0
2024-11-19,1214.25,1224.75,1206.449951171875,1209.9000244140625,55147,0.0,0.0
2024-11-21,1214.949951171875,1214.949951171875,1195.0,1197.949951171875,49412,0.0,1.0
2024-11-22,1198.800048828125,1240.0,1191.0,1204.3499755859375,61316,0.0,0.0
2024-11-25,1215.0,1232.6500244140625,1196.1500244140625,1201.1500244140625,1744441,0.0,0.0
2024-11-26,1226.050048828125,1250.0,1197.3499755859375,1225.6500244140625,248388,0.0,0.0
2024-11-27,1226.0,1236.9000244140625,1208.300048828125,1220.550048828125,186520,0.0,0.0
2024-11-28,1232.0,1247.949951171875,1205.199951171875,1207.6500244140625,174554,0.0,0.0
2024-11-29,1215.0,1225.0,1207.25,1221.6500244140625,29862,0.0,0.0
2024-12-02,1223.699951171875,1239.699951171875,1209.050048828125,1235.199951171875,107320,0.0,0.0
2024-12-03,1222.8499755859375,1276.0,1222.8499755859375,1270.25,154709,0.0,0.0
2024-12-04,1270.25,1294.0,1265.0999755859375,1279.449951171875,77419,0.0,0.0
2024-12-05,1280.3499755859375,1290.0,1272.0,1277.0,58040,0.0,0.0
2024-12-06,1275.0,1287.699951171875,1268.25,1277.449951171875,38070,0.0,0.0
2024-12-09,1276.949951171875,1282.449951171875,1246.0999755859375,1250.300048828125,45507,0.0,0.0
2024-12-10,1252.699951171875,1305.0,1250.3499755859375,1287.9000244140625,183264,0.0,0.0
2024-12-11,1289.949951171875,1294.0,1263.5999755859375,1268.949951171875,52776,0.0,0.0
2024-12-12,1260.0,1279.949951171875,1248.0,1253.449951171875,49778,0.0,0.0
2024-12-13,1248.050048828125,1270.5,1230.0,1256.949951171875,47708,0.0,0.0
2024-12-16,1257.949951171875,1262.5999755859375,1231.800048828125,1248.050048828125,58735,0.0,0.0
2024-12-17,1247.050048828125,1267.949951171875,1235.0,1243.9000244140625,50483,0.0,0.0
2024-12-18,1242.25,1255.949951171875,1229.0,1238.8499755859375,38186,0.0,0.0
2024-12-19,1239.949951171875,1261.0,1226.0,1246.75,61574,0.0,0.0
2024-12-20,1244.0,1250.9000244140625,1201.199951171875,1219.0999755859375,143789,0.0,0.0
2024-12-23,1220.449951171875,1227.0,1192.199951171875,1197.449951171875,55441,0.0,0.0
2024-12-24,1204.949951171875,1229.5,1200.0,1211.4000244140625,29281,0.0,0.0
2024-12-26,1211.4000244140625,1212.8499755859375,1182.0,1193.550048828125,47923,0.0,0.0
2024-12-27,1199.800048828125,1204.699951171875,1179.6500244140625,1190.1500244140625,47441,0.0,0.0
2024-12-30,1191.050048828125,1207.0,1182.0,1185.300048828125,40546,0.0,0.0
2024-12-31,1186.0,1190.5999755859375,1167.5,1178.550048828125,181027,0.0,0.0
2025-01-01,1178.550048828125,1202.800048828125,1171.300048828125,1180.199951171875,53714,0.0,0.0
2025-01-02,1185.0,1239.699951171875,1185.0,1236.949951171875,128161,0.0,0.0
2025-01-03,1236.949951171875,1241.0,1209.0999755859375,1210.550048828125,35308,0.0,0.0
2025-01-06,1216.0,1238.0,1190.0,1193.199951171875,81548,0.0,0.0
2025-01-07,1200.0,1206.800048828125,1189.0,1202.3499755859375,30297,0.0,0.0
2025-01-08,1202.3499755859375,1203.8499755859375,1187.0,1193.0,20620,0.0,0.0
2025-01-09,1199.300048828125,1225.6500244140625,1192.0,1218.1500244140625,61566,0.0,0.0
2025-01-10,1225.0,1294.9000244140625,1201.0999755859375,1216.6500244140625,514402,0.0,0.0
2025-01-13,1220.0,1221.699951171875,1164.5,1198.1500244140625,152073,0.0,0.0
2025-01-14,1201.550048828125,1209.699951171875,1180.0,1200.949951171875,100671,0.0,0.0
2025-01-15,1205.949951171875,1206.0999755859375,1191.199951171875,1194.6500244140625,27239,0.0,0.0
2025-01-16,1200.9000244140625,1214.9000244140625,1199.550048828125,1210.550048828125,35045,0.0,0.0
2025-01-17,1209.0,1223.550048828125,1193.550048828125,1208.8499755859375,31247,0.0,0.0
2025-01-20,1211.0,1211.0,1199.550048828125,1202.4000244140625,79466,0.0,0.0
2025-01-21,1208.0,1210.4000244140625,1197.0,1198.550048828125,35228,0.0,0.0
2025-01-22,1199.4000244140625,1203.0,1174.0999755859375,1192.25,36379,0.0,0.0
2025-01-23,1192.449951171875,1200.949951171875,1181.25,1189.5,29827,0.0,0.0
2025-01-24,1191.0999755859375,1200.5,1175.199951171875,1181.4000244140625,22351,0.0,0.0
2025-01-27,1187.3499755859375,1187.3499755859375,1121.0,1130.75,170400,0.0,0.0
2025-01-28,1131.0,1136.4000244140625,1110.5,1127.75,63042,0.0,0.0
2025-01-29,1127.75,1175.0,1127.75,1167.300048828125,27876,0.0,0.0
2025-01-30,1161.0,1169.550048828125,1144.949951171875,1149.8499755859375,37739,0.0,0.0
2025-01-31,1150.0,1195.0,1150.0,1189.75,44403,0.0,0.0
2025-02-01,1189.75,1205.0,1175.0,1199.9000244140625,36936,0.0,0.0
2025-02-03,1186.0999755859375,1204.9000244140625,1170.0999755859375,1180.0,56940,0.0,0.0
2025-02-04,1180.0,1201.0,1168.0,1171.199951171875,25473,0.0,0.0
2025-02-05,1172.050048828125,1188.4000244140625,1171.0,1186.1500244140625,32398,0.0,0.0
2025-02-06,1180.0,1208.949951171875,1180.0,1199.3499755859375,59467,0.0,0.0
2025-02-07,1205.3499755859375,1225.550048828125,1181.0,1188.75,72056,0.0,0.0
2025-02-10,1190.0,1201.0,1159.3499755859375,1191.9000244140625,105311,0.0,0.0
2025-02-11,1187.6500244140625,1193.949951171875,1169.5,1175.3499755859375,68336,0.0,0.0
2025-02-12,1165.0,1175.0,1135.050048828125,1148.6500244140625,68843,0.0,0.0
2025-02-13,1145.0,1184.9000244140625,1141.9000244140625,1157.1500244140625,45202,0.0,0.0
2025-02-14,1157.949951171875,1167.75,1114.0,1127.0999755859375,47005,0.0,0.0
2025-02-17,1117.3499755859375,1143.4000244140625,1100.0,1134.800048828125,45753,0.0,0.0
2025-02-18,1136.0,1137.0,1102.0,1121.050048828125,48657,0.0,0.0
2025-02-19,1109.800048828125,1137.0,1098.0999755859375,1113.75,63402,0.0,0.0
2025-02-20,1115.3499755859375,1134.0,1112.1500244140625,1121.050048828125,23951,0.0,0.0
2025-02-21,1117.699951171875,1140.5,1104.949951171875,1115.75,33501,0.0,0.0
2025-02-24,1115.75,1118.0,1094.449951171875,1101.550048828125,29866,0.0,0.0
2025-02-25,1096.0,1111.5999755859375,1096.0,1099.449951171875,23224,0.0,0.0
2025-02-27,1100.949951171875,1106.449951171875,1085.0,1100.5,53331,0.0,0.0
2025-02-28,1082.8499755859375,1123.8499755859375,1075.550048828125,1107.0999755859375,101326,0.0,0.0
2025-03-03,1107.0999755859375,1114.449951171875,1058.300048828125,1095.0,133745,0.0,0.0
2025-03-04,1085.0,1105.0,1061.0,1094.949951171875,108936,0.0,0.0
2025-03-05,1088.699951171875,1100.699951171875,1086.0,1089.199951171875,50610,0.0,0.0
2025-03-06,1100.0,1120.0,1089.050048828125,1101.5999755859375,72090,0.0,0.0
2025-03-07,1105.0,1132.050048828125,1097.3499755859375,1112.199951171875,73132,0.0,0.0
2025-03-10,1102.0999755859375,1122.050048828125,1098.0,1117.3499755859375,78712,0.0,0.0
2025-03-11,1105.0,1118.9000244140625,1090.0,1092.550048828125,46579,0.0,0.0
2025-03-12,1095.0,1110.0,1054.0,1057.25,53747,0.0,0.0
2025-03-13,1062.550048828125,1082.75,1049.4000244140625,1051.800048828125,119657,0.0,0.0
2025-03-17,1052.0,1059.9000244140625,1001.0999755859376,1003.5499877929688,101056,0.0,0.0
2025-03-18,1003.5499877929688,1003.5499877929688,1003.5499877929688,1003.5499877929688,0,0.0,0.0
2025-03-19,1017.3499755859376,1062.0,1016.0,1057.6500244140625,88055,0.0,0.0
2025-03-20,1062.949951171875,1079.0,1044.25,1051.699951171875,63855,0.0,0.0
2025-03-21,1055.6500244140625,1071.0,1042.0999755859375,1047.449951171875,96568,0.0,0.0
2025-03-24,1049.9000244140625,1071.3499755859375,1041.050048828125,1049.699951171875,188211,0.0,0.0
2025-03-25,1055.949951171875,1064.449951171875,1042.0,1051.550048828125,142655,0.0,0.0
2025-03-26,1051.550048828125,1067.199951171875,1026.0,1049.75,230017,0.0,0.0
2025-03-27,1043.0999755859375,1065.050048828125,1043.0999755859375,1050.699951171875,136806,0.0,0.0
2025-03-28,1050.699951171875,1075.5,1010.1500244140624,1013.9000244140624,154373,0.0,0.0
2025-04-01,1006.4000244140624,1042.9000244140625,1006.4000244140624,1037.199951171875,56070,0.0,0.0
2025-04-02,1037.199951171875,1055.0,1025.699951171875,1050.75,59297,0.0,0.0
2025-04-03,1050.75,1050.75,1029.1500244140625,1033.949951171875,26923,0.0,0.0
2025-04-04,1039.0999755859375,1039.949951171875,1015.8499755859376,1035.5,60083,0.0,0.0
2025-04-07,1010.0,1032.0,991.0999755859376,1027.550048828125,98248,0.0,0.0
2025-04-08,1037.9000244140625,1037.9000244140625,1013.9000244140624,1024.5999755859375,25757,0.0,0.0
2025-04-09,1030.0,1030.0,1009.6500244140624,1020.0,25853,0.0,0.0
2025-04-11,1032.0,1074.3499755859375,1024.5,1062.550048828125,133467,0.0,0.0
2025-04-15,1063.0,1074.4000244140625,1047.4000244140625,1050.0,36344,0.0,0.0
2025-04-16,1060.9000244140625,1062.5,1046.5,1049.0999755859375,28951,0.0,0.0
2025-04-17,1054.5999755859375,1150.0,1045.9000244140625,1103.0,351828,0.0,0.0
2025-04-21,1124.9000244140625,1125.0,1083.0999755859375,1112.0,62326,0.0,0.0
2025-04-22,1117.9000244140625,1123.5,1086.5999755859375,1093.5,46261,0.0,0.0
2025-04-23,1104.0,1110.4000244140625,1080.0999755859375,1101.4000244140625,30880,0.0,0.0
2025-04-24,1105.0,1111.0,1094.0,1098.4000244140625,28693,0.0,0.0
2025-04-25,1098.4000244140625,1104.0999755859375,1063.0,1087.199951171875,42552,0.0,0.0
2025-04-28,1072.0,1094.9000244140625,1070.0,1072.4000244140625,32268,0.0,0.0
2025-04-29,1062.0999755859375,1088.199951171875,1061.9000244140625,1064.5999755859375,20314,0.0,0.0
2025-04-30,1070.0,1070.0,1017.5999755859376,1025.800048828125,78006,0.0,0.0
2025-05-02,1018.0,1034.5,1012.0,1017.0999755859376,26319,0.0,0.0
2025-05-05,1022.4000244140624,1034.800048828125,1017.2000122070312,1028.699951171875,36113,0.0,0.0
2025-05-06,1034.9000244140625,1041.0999755859375,999.9000244140624,1013.0,47434,0.0,0.0
2025-05-07,992.0,1037.5,992.0,1032.5,26369,0.0,0.0
2025-05-08,1030.300048828125,1045.0,1011.2000122070312,1030.300048828125,39185,0.0,0.0
2025-05-09,1006.0,1037.0,1003.4000244140624,1027.9000244140625,25234,0.0,0.0
2025-05-12,1050.0,1065.0,1036.0999755859375,1049.699951171875,41937,0.0,0.0
2025-05-13,1049.699951171875,1095.800048828125,1047.0999755859375,1076.699951171875,67793,0.0,0.0
2025-05-14,1089.0,1100.0,1071.0,1094.5999755859375,36525,0.0,0.0
2025-05-15,1100.5999755859375,1151.0,1100.300048828125,1119.4000244140625,94268,0.0,0.0
2025-05-16,1126.0,1130.4000244140625,1097.5,1107.5,58883,0.0,0.0
2025-05-19,1101.0,1148.800048828125,1101.0,1126.5999755859375,62044,0.0,0.0
2025-05-20,1143.5,1229.0,1141.5999755859375,1201.699951171875,612042,0.0,0.0
2025-05-21,1196.0,1275.0,1185.0999755859375,1265.800048828125,265536,0.0,0.0
2025-05-22,1164.0,1225.0,1158.800048828125,1171.300048828125,302159,0.0,0.0
2025-05-23,1171.300048828125,1172.0999755859375,1115.0,1121.699951171875,162620,0.0,0.0
2025-05-26,1130.0,1134.5999755859375,1101.0,1104.9000244140625,75116,0.0,0.0
2025-05-27,1103.0999755859375,1141.699951171875,1101.0999755859375,1133.5,60096,0.0,0.0
2025-05-28,1142.0,1163.0,1138.0,1141.5999755859375,42979,0.0,0.0
2025-05-29,1141.5999755859375,1143.9000244140625,1123.0999755859375,1135.0,19725,0.0,0.0
2025-05-30,1123.5999755859375,1139.5999755859375,1120.0999755859375,1132.4000244140625,24880,0.0,0.0
2025-06-02,1132.0,1145.0,1121.0999755859375,1133.0,32369,0.0,0.0
2025-06-03,1134.800048828125,1134.9000244140625,1116.0,1119.300048828125,15229,0.0,0.0
2025-06-04,1116.0,1128.4000244140625,1109.800048828125,1112.0,27745,0.0,0.0
2025-06-05,1112.0,1144.800048828125,1112.0,1138.699951171875,35493,0.0,0.0
2025-06-06,1131.0,1144.4000244140625,1127.0,1129.199951171875,29574,0.0,0.0
2025-06-09,1129.199951171875,1148.0,1125.0,1135.0999755859375,69951,0.0,0.0
2025-06-10,1136.0,1152.300048828125,1131.0,1137.5,40595,0.0,0.0
2025-06-11,1140.0,1150.0,1128.199951171875,1140.5,44935,0.0,0.0
2025-06-12,1149.0,1149.0,1131.5999755859375,1140.9000244140625,34472,0.0,0.0
2025-06-13,1140.0,1140.9000244140625,1117.0,1118.0999755859375,38132,0.0,0.0
2025-06-16,1116.0999755859375,1125.800048828125,1103.300048828125,1116.0,32460,0.0,0.0
2025-06-17,1121.5999755859375,1128.9000244140625,1108.199951171875,1112.199951171875,30853,0.0,0.0
2025-06-18,1117.800048828125,1176.9000244140625,1106.0999755859375,1166.300048828125,259823,0.0,0.0
2025-06-19,1160.0,1172.9000244140625,1130.0,1152.5999755859375,63920,0.0,0.0
2025-06-20,1170.0,1208.4000244140625,1141.0999755859375,1152.5999755859375,365111,0.0,0.0
2025-06-23,1150.0,1206.0,1150.0,1179.5,173704,0.0,0.0
2025-06-24,1185.0,1196.4000244140625,1170.0,1175.4000244140625,83474,0.0,0.0
2025-06-25,1175.0,1198.4000244140625,1175.0,1187.9000244140625,42233,0.0,0.0
2025-06-26,1187.9000244140625,1206.4000244140625,1170.4000244140625,1185.9000244140625,65450,0.0,0.0
2025-06-27,1191.9000244140625,1220.0,1184.5999755859375,1190.5999755859375,60710,0.0,0.0
2025-06-30,1196.5,1196.5999755859375,1180.0,1191.300048828125,40607,0.0,0.0
2025-07-01,1182.199951171875,1224.0,1181.0,1214.0999755859375,73178,0.0,0.0
2025-07-02,1215.5,1221.0,1192.0999755859375,1217.4000244140625,48268,0.0,0.0
2025-07-03,1217.0,1271.9000244140625,1198.800048828125,1239.800048828125,114926,0.0,0.0
2025-07-04,1230.0,1280.5,1230.0,1271.800048828125,140406,0.0,0.0
2025-07-07,1271.4000244140625,1283.699951171875,1251.0,1278.800048828125,57545,0.0,0.0
2025-07-08,1286.0,1304.0,1255.800048828125,1277.300048828125,61330,0.0,0.0
2025-07-09,1284.699951171875,1296.0,1269.5,1286.300048828125,36059,0.0,0.0
2025-07-10,1297.9000244140625,1318.0,1277.0,1305.199951171875,80456,0.0,0.0
2025-07-11,1301.0,1309.9000244140625,1285.0,1293.5999755859375,41032,0.0,0.0
2025-07-14,1293.5999755859375,1340.0,1280.0,1334.800048828125,69777,0.0,0.0
2025-07-15,1334.800048828125,1344.4000244140625,1322.699951171875,1335.5999755859375,48061,0.0,0.0
2025-07-16,1344.9000244140625,1344.9000244140625,1308.9000244140625,1315.0999755859375,46960,0.0,0.0
2025-07-17,1315.0999755859375,1334.9000244140625,1305.0,1325.699951171875,23684,0.0,0.0
2025-07-18,1332.4000244140625,1332.4000244140625,1295.5,1315.199951171875,39230,0.0,0.0
2025-07-21,1317.5,1322.0999755859375,1295.0,1314.199951171875,32089,0.0,0.0
2025-07-22,1320.0,1326.5,1309.0,1315.300048828125,24466,0.0,0.0
2025-07-23,1322.199951171875,1322.199951171875,1293.0,1302.300048828125,24357,0.0,0.0
2025-07-24,1304.9000244140625,1319.0,1292.5,1307.0,27855,0.0,0.0
2025-07-25,1300.0,1322.699951171875,1287.0999755859375,1315.5999755859375,46239,0.0,1.0
2025-07-28,1315.5999755859375,1319.800048828125,1275.5,1292.0999755859375,42805,0.0,0.0
2025-07-29,1284.0,1295.5999755859375,1263.4000244140625,1281.4000244140625,39199,0.0,0.0
2025-07-30,1281.4000244140625,1370.300048828125,1281.4000244140625,1356.0,151166,0.0,0.0
2025-07-31,1350.0,1410.0,1312.0,1403.0,253541,0.0,0.0
2025-08-01,1403.0,1418.0,1362.9000244140625,1402.199951171875,121847,0.0,0.0
2025-08-04,1402.199951171875,1410.0,1318.0999755859375,1330.699951171875,80237,0.0,0.0
2025-08-05,1330.800048828125,1366.9000244140625,1319.5,1328.199951171875,52977,0.0,0.0
2025-08-06,1325.0,1343.9000244140625,1300.0,1312.0999755859375,24817,0.0,0.0
2025-08-07,1312.0,1314.0999755859375,1280.5,1290.5999755859375,31468,0.0,0.0
2025-08-08,1271.0,1299.9000244140625,1268.0999755859375,1283.4000244140625,51833,0.0,0.0
2025-08-11,1280.0,1321.0,1268.800048828125,1309.0999755859375,79862,0.0,0.0
2025-08-12,1311.0,1320.0,1282.699951171875,1295.4000244140625,27077,0.0,0.0
2025-08-13,1301.9000244140625,1324.699951171875,1290.0999755859375,1293.300048828125,20502,0.0,0.0
2025-08-14,1299.800048828125,1299.800048828125,1270.0,1273.5,14837,0.0,0.0
2025-08-18,1279.9000244140625,1305.0,1279.9000244140625,1301.699951171875,26478,0.0,0.0
2025-08-19,1310.0,1310.0,1280.0,1282.800048828125,46781,0.0,0.0
2025-08-20,1275.0,1292.4000244140625,1244.199951171875,1259.0999755859375,51173,0.0,0.0
2025-08-21,1260.0999755859375,1265.4000244140625,1227.0,1230.5,207215,0.0,0.0
2025-08-22,1226.5999755859375,1234.9000244140625,1211.0,1221.0999755859375,37510,0.0,0.0
2025-08-25,1237.9000244140625,1237.9000244140625,1210.0,1216.4000244140625,24254,0.0,0.0
2025-08-26,1222.5,1227.800048828125,1197.0,1202.9000244140625,36941,0.0,0.0
2025-08-28,1208.9000244140625,1216.800048828125,1185.0,1191.199951171875,46232,0.0,0.0
2025-08-29,1191.199951171875,1192.0,1166.0,1178.0,37201,0.0,0.0
2025-09-01,1171.0,1185.4000244140625,1165.0999755859375,1172.4000244140625,54539,0.0,0.0
2025-09-02,1178.300048828125,1209.0,1165.0,1184.5,41062,0.0,0.0
2025-09-03,1176.0999755859375,1187.800048828125,1163.800048828125,1169.5999755859375,51384,0.0,0.0
2025-09-04,1176.9000244140625,1187.0,1158.5,1160.300048828125,35042,0.0,0.0
2025-09-05,1162.0,1180.0,1156.0,1158.9000244140625,32278,0.0,0.0
2025-09-08,1158.9000244140625,1176.9000244140625,1156.5,1162.5,39983,0.0,0.0
2025-09-09,1162.5,1172.5999755859375,1155.9000244140625,1161.5999755859375,38198,0.0,0.0
2025-09-10,1161.0,1169.9000244140625,1156.0,1158.4000244140625,41977,0.0,0.0
2025-09-11,1156.199951171875,1164.699951171875,1144.9000244140625,1147.800048828125,24127,0.0,0.0
2025-09-12,1153.800048828125,1160.0,1139.0,1144.0999755859375,40834,0.0,0.0
2025-09-15,1144.0999755859375,1168.199951171875,1144.0999755859375,1158.5,75123,0.0,0.0
2025-09-16,1168.5,1168.5,1142.0,1149.9000244140625,80962,0.0,0.0
2025-09-17,1156.5,1173.199951171875,1140.300048828125,1144.0,57810,0.0,0.0
2025-09-18,1148.0,1159.199951171875,1126.5,1131.5,36362,0.0,0.0
2025-09-19,1139.9000244140625,1167.0999755859375,1116.0999755859375,1125.699951171875,197858,0.0,0.0
2025-09-22,1130.0,1146.9000244140625,1118.0,1123.9000244140625,109583,0.0,0.0
2025-09-23,1133.4000244140625,1133.4000244140625,1108.0,1110.5,50132,0.0,0.0
2025-09-24,1105.0,1116.0,1095.4000244140625,1102.199951171875,52975,0.0,0.0
2025-09-25,1102.199951171875,1105.9000244140625,1065.0,1071.5999755859375,60772,0.0,0.0
2025-09-26,1071.5999755859375,1078.9000244140625,1055.5,1059.800048828125,34499,0.0,0.0
2025-09-29,1064.0,1071.300048828125,1041.699951171875,1048.199951171875,40483,0.0,0.0
2025-09-30,1050.0,1069.9000244140625,1050.0,1059.699951171875,33990,0.0,0.0
2025-10-01,1059.9000244140625,1068.199951171875,1048.9000244140625,1053.0999755859375,52316,0.0,0.0
2025-10-03,1053.0999755859375,1054.9000244140625,1039.4000244140625,1044.699951171875,46808,0.0,0.0
2025-10-06,1036.0,1045.0999755859375,1016.2999877929688,1020.5999755859376,807387,0.0,0.0
2025-10-07,1039.9000244140625,1086.9000244140625,1036.0,1055.4000244140625,938690,0.0,0.0
2025-10-08,1060.800048828125,1102.0,1049.0,1089.199951171875,296149,0.0,0.0
2025-10-09,1088.0,1090.199951171875,1042.699951171875,1048.199951171875,102964,0.0,0.0
2025-10-10,1050.0,1118.0,1043.0,1059.199951171875,398746,0.0,0.0
2025-10-13,1060.0,1078.4000244140625,1037.0999755859375,1065.5,164317,0.0,0.0
2025-10-14,1075.0,1075.5,1035.0,1039.699951171875,239926,0.0,0.0
2025-10-15,1043.0999755859375,1070.800048828125,1039.5999755859375,1065.5999755859375,110111,0.0,0.0
2025-10-16,1070.0,1077.0,1063.5,1066.5999755859375,134255,0.0,0.0
2025-10-17,1075.5,1075.5,1057.0999755859375,1072.199951171875,74079,0.0,0.0
2025-10-20,1077.699951171875,1161.0,1074.0999755859375,1155.9000244140625,682613,0.0,0.0
2025-10-21,1164.0,1173.0,1150.699951171875,1167.800048828125,52100,0.0,0.0
2025-10-23,1168.0,1180.0999755859375,1140.300048828125,1170.699951171875,115835,0.0,0.0
2025-10-24,1165.0,1198.4000244140625,1155.800048828125,1181.4000244140625,137573,0.0,0.0
2025-10-27,1181.0,1229.0,1176.0999755859375,1215.5,231331,0.0,0.0
2025-10-28,1215.5,1227.0,1198.5,1212.0999755859375,122253,0.0,0.0
2025-10-29,1213.0,1239.9000244140625,1207.699951171875,1232.5999755859375,119153,0.0,0.0
2025-10-30,1235.9000244140625,1282.800048828125,1235.9000244140625,1276.4000244140625,236592,0.0,0.0
2025-10-31,1285.4000244140625,1292.9000244140625,1262.5999755859375,1289.4000244140625,160662,0.0,0.0
2025-11-03,1284.9000244140625,1307.5,1283.0,1297.699951171875,269796,0.0,0.0
2025-11-04,1305.9000244140625,1305.9000244140625,1263.800048828125,1282.800048828125,163955,0.0,0.0
2025-11-06,1292.300048828125,1304.9000244140625,1257.4000244140625,1281.5,344150,0.0,0.0
2025-11-07,1264.0,1264.0,1167.0,1230.0999755859375,903846,0.0,0.0
2025-11-10,1230.9000244140625,1258.5,1202.300048828125,1246.0999755859375,232271,0.0,0.0
2025-11-11,1246.800048828125,1265.0,1235.5,1251.5999755859375,95972,0.0,0.0
2025-11-12,1261.800048828125,1268.5,1245.9000244140625,1261.5999755859375,90296,0.0,0.0
2025-11-13,1261.800048828125,1289.5,1240.5999755859375,1251.4000244140625,199468,0.0,0.0
2025-11-14,1243.0,1244.9000244140625,1207.199951171875,1224.5999755859375,142427,0.0,0.0
2025-11-17,1213.5,1232.4000244140625,1192.5,1214.199951171875,520795,0.0,1.0
2025-11-18,1220.0,1251.4000244140625,1220.0,1238.0,152048,0.0,0.0
2025-11-19,1228.0,1245.0,1220.0,1240.0999755859375,62448,0.0,0.0
2025-11-20,1236.0,1243.199951171875,1219.0999755859375,1240.5999755859375,96683,0.0,0.0
2025-11-21,1244.0,1244.0,1185.0,1189.699951171875,77864,0.0,0.0
2025-11-24,1190.0,1190.800048828125,1146.0999755859375,1154.5999755859375,76563,0.0,0.0
2025-11-25,1161.9000244140625,1176.199951171875,1149.800048828125,1160.5,49164,0.0,0.0
2025-11-26,1166.4000244140625,1167.5999755859375,1147.0999755859375,1157.0,52631,0.0,0.0
2025-11-27,1157.4000244140625,1157.5,1134.0,1138.5999755859375,31365,0.0,0.0
2025-11-28,1141.300048828125,1150.0999755859375,1118.800048828125,1122.9000244140625,42456,0.0,0.0
2025-12-01,1124.0,1137.5,1101.0999755859375,1109.199951171875,44876,0.0,0.0
2025-12-02,1102.0,1116.0999755859375,1094.0999755859375,1098.5999755859375,43874,0.0,0.0
2025-12-03,1100.0,1119.5,1094.699951171875,1111.0999755859375,53933,0.0,0.0
2025-12-04,1112.0,1117.199951171875,1095.0,1100.5,45480,0.0,0.0
2025-12-05,1110.0,1110.199951171875,1083.5999755859375,1089.0999755859375,51899,0.0,0.0
2025-12-08,1081.699951171875,1087.0,1050.0,1064.800048828125,80178,0.0,0.0
2025-12-09,1056.0,1086.5,1048.300048828125,1065.300048828125,131185,0.0,0.0
2025-12-10,1068.0999755859375,1080.0,1035.300048828125,1039.0999755859375,108990,0.0,0.0
2025-12-11,1040.0,1064.9000244140625,1032.5,1061.5999755859375,71691,0.0,0.0
2025-12-12,1065.0,1078.0,1060.0,1072.699951171875,60764,0.0,0.0
2025-12-15,1062.9000244140625,1075.699951171875,1060.0,1070.300048828125,31528,0.0,0.0
2025-12-16,1061.300048828125,1070.0,1045.5,1052.4000244140625,40960,0.0,0.0
2025-12-17,1050.5,1059.0,1033.0,1049.9000244140625,76866,0.0,0.0
2025-12-18,1047.0999755859375,1059.0,1033.4000244140625,1053.800048828125,31249,0.0,0.0
2025-12-19,1052.4000244140625,1074.0,1048.5,1065.9000244140625,35301,0.0,0.0
2025-12-22,1061.0,1080.0,1061.0,1066.800048828125,58783,0.0,0.0
2025-12-23,1075.0,1075.0,1056.0,1062.199951171875,57590,0.0,0.0
2025-12-24,1067.800048828125,1069.9000244140625,1055.0,1066.0999755859375,61367,0.0,0.0
2025-12-26,1071.699951171875,1092.0,1061.800048828125,1082.800048828125,42185,0.0,0.0
2025-12-29,1092.0,1092.0,1061.0,1073.9000244140625,64169,0.0,0.0
2025-12-30,1065.0,1079.9000244140625,1061.0999755859375,1075.5999755859375,49817,0.0,0.0
2025-12-31,1080.0,1115.300048828125,1071.9000244140625,1104.5,72207,0.0,0.0
2026-01-01,1105.800048828125,1107.0999755859375,1082.0,1085.0999755859375,13760,0.0,0.0
2026-01-02,1085.0,1101.4000244140625,1071.9000244140625,1093.4000244140625,44341,0.0,0.0
2026-01-05,1093.4000244140625,1107.0,1075.199951171875,1083.699951171875,51302,0.0,0.0
2026-01-06,1089.4000244140625,1089.4000244140625,1058.699951171875,1069.800048828125,36334,0.0,0.0
2026-01-07,1069.5,1069.5,1046.0,1059.5999755859375,56672,0.0,0.0
2026-01-08,1050.0,1070.0,1042.699951171875,1057.300048828125,91610,0.0,0.0
2026-01-09,1057.0,1057.0,1026.4000244140625,1031.300048828125,41919,0.0,0.0
2026-01-12,1031.300048828125,1033.9000244140625,1010.0999755859376,1029.4000244140625,79574,0.0,0.0
2026-01-13,1038.0,1038.0,1014.0999755859376,1024.699951171875,72266,0.0,0.0
2026-01-14,1025.0,1034.699951171875,1010.0,1015.5999755859376,27061,0.0,0.0
2026-01-16,1015.5,1034.199951171875,1012.0999755859376,1021.7999877929688,62724,0.0,0.0
2026-01-19,1011.7999877929688,1025.699951171875,1000.0,1020.2000122070312,60931,0.0,0.0
2026-01-20,1020.2000122070312,1023.0,996.2999877929688,1000.7000122070312,109103,0.0,0.0
2026-01-21,993.0,1004.2999877929688,975.0,990.0999755859376,87354,0.0,0.0
2026-01-22,994.7999877929688,1020.9000244140624,990.0,1002.5,101319,0.0,0.0
2026-01-23,1009.7999877929688,1014.2000122070312,973.0999755859376,980.0999755859376,38444,0.0,0.0
2026-01-27,977.0999755859376,989.2999877929688,958.5999755859376,979.9000244140624,45683,0.0,0.0
2026-01-28,985.0,992.9000244140624,972.5,990.4000244140624,51069,0.0,0.0
2026-01-29,990.4000244140624,996.7000122070312,952.0,959.2999877929688,103334,0.0,0.0
2026-01-30,958.0,983.0,949.9000244140624,975.0999755859376,93556,0.0,0.0
2026-02-02,975.5499877929688,986.9000244140624,951.0999755859376,974.3499755859376,47902,0.0,0.0
2026-02-03,999.0,1039.0,991.0,1028.449951171875,158793,0.0,0.0
2026-02-04,1020.0499877929688,1036.0,1007.3499755859376,1014.6500244140624,53594,0.0,0.0
2026-02-05,1018.6500244140624,1023.2000122070312,995.4000244140624,1002.5999755859376,36300,0.0,0.0
2026-02-06,1002.5,1009.7000122070312,985.5999755859376,993.5999755859376,33516,0.0,0.0
2026-02-09,973.0,979.2999877929688,943.5499877929688,964.7999877929688,290211,0.0,0.0
2026-02-10,975.4500122070312,983.0,957.4500122070312,979.2000122070312,95611,0.0,0.0
2026-02-11,983.9500122070312,1008.4000244140624,962.5,993.5,121193,0.0,0.0
2026-02-12,993.0,993.0,962.7999877929688,985.2999877929688,85972,0.0,0.0
2026-02-13,982.0,1015.5,965.0499877929688,1001.6500244140624,78108,0.0,0.0
2026-02-16,1000.0,1005.0499877929688,975.2999877929688,997.6500244140624,61484,0.0,0.0
2026-02-17,995.0,1004.9500122070312,982.2000122070312,987.5,45551,0.0,0.0
2026-02-18,987.5,1000.2999877929688,978.0499877929688,981.75,39004,0.0,0.0
2026-02-19,981.75,985.7999877929688,965.0,971.2000122070312,27098,0.0,0.0
2026-02-20,970.0999755859376,981.9000244140624,958.0999755859376,974.9500122070312,28471,0.0,0.0
2026-02-23,974.9500122070312,984.75,962.0,970.1500244140624,41344,0.0,0.0
2026-02-24,968.5,972.2000122070312,937.0,960.2999877929688,80532,0.0,0.0
2026-02-25,960.2999877929688,999.0,939.4500122070312,985.6500244140624,72367,0.0,0.0
2026-02-26,981.0,988.1500244140624,955.0,964.2999877929688,64811,0.0,0.0
2026-02-27,964.2999877929688,970.0,928.0,933.0999755859376,91503,0.0,0.0
2026-03-02,885.0,925.0,885.0,910.5499877929688,125440,0.0,0.0
2026-03-04,900.0,905.5499877929688,883.6500244140625,893.2000122070312,115071,0.0,0.0
2026-03-05,893.0,902.0,878.0,883.8499755859375,95604,0.0,0.0
2026-03-06,883.8499755859375,888.0,868.0999755859375,873.4000244140625,101481,0.0,0.0
2026-03-09,852.0,864.75,829.5999755859375,861.2000122070312,73119,0.0,0.0
2026-03-10,863.0,891.6500244140625,847.5,871.4500122070312,149163,0.0,0.0
2026-03-11,867.5999755859375,913.8499755859376,860.5999755859375,869.7000122070312,118289,0.0,0.0
2026-03-12,869.7000122070312,905.0,854.5499877929688,890.75,149975,0.0,0.0
2026-03-13,883.5,891.0,853.2000122070312,870.2999877929688,103218,0.0,0.0
2026-03-16,869.9000244140625,870.0,849.1500244140625,864.9000244140625,79678,0.0,0.0
2026-03-17,867.0499877929688,872.0,852.0999755859375,860.4000244140625,96823,0.0,0.0
2026-03-18,868.9000244140625,893.0,863.0,874.3499755859375,62225,0.0,0.0
2026-03-19,867.0,886.5,861.3499755859375,882.1500244140625,90364,0.0,0.0
2026-03-20,881.0,896.0,853.0,856.9000244140625,59820,0.0,0.0
2026-03-23,849.9000244140625,859.9000244140625,808.9000244140625,821.0,128289,0.0,0.0
2026-03-24,829.4500122070312,838.7000122070312,816.0,831.4000244140625,71456,0.0,0.0
2026-03-25,838.0,866.0,836.7999877929688,851.75,163676,0.0,0.0
2026-03-27,845.0,855.0,801.25,809.9000244140625,204482,0.0,0.0
2026-03-30,800.0499877929688,812.2999877929688,784.0,793.0,250477,0.0,0.0
2026-04-01,800.0,853.0,800.0,843.6500244140625,54737,0.0,0.0
2026-04-02,838.5,859.0,811.5499877929688,850.9500122070312,46315,0.0,0.0
2026-04-06,865.0,873.0,830.0499877929688,868.5999755859375,38849,0.0,0.0
2026-04-07,875.0,875.0,854.5499877929688,864.9500122070312,26445,0.0,0.0
2026-04-08,877.0,915.2000122070312,870.0,904.4500122070312,51180,0.0,0.0
2026-04-09,913.0499877929688,913.0499877929688,887.5,890.0999755859375,21202,0.0,0.0
2026-04-10,900.0,919.2000122070312,898.2000122070312,912.2000122070312,22996,0.0,0.0
2026-04-13,905.0,922.9000244140624,884.3499755859375,915.5999755859376,22664,0.0,0.0
2026-04-15,925.0,937.0,919.8499755859376,932.9500122070312,40320,0.0,0.0
2026-04-16,939.0,939.0,911.5499877929688,918.25,35024,0.0,0.0
2026-04-17,918.25,932.75,918.25,929.9000244140624,29712,0.0,0.0
2026-04-20,921.0,936.25,901.0999755859376,910.7000122070312,46404,0.0,0.0
2026-04-21,906.0999755859376,930.75,904.0,917.5,22802,0.0,0.0
2026-04-22,926.8499755859376,926.8499755859376,911.0999755859376,916.25,19906,0.0,0.0
2026-04-23,905.0999755859376,922.0,905.0999755859376,914.0,23158,0.0,0.0
2026-04-24,910.0,917.3499755859376,890.7000122070312,908.5999755859376,57285,0.0,0.0
2026-04-27,906.0499877929688,928.7999877929688,905.8499755859376,915.1500244140624,66253,0.0,0.0
2026-04-28,919.9000244140624,920.75,903.0,906.0,25288,0.0,0.0
2026-04-29,909.75,913.3499755859376,893.0,898.0,40903,0.0,0.0
2026-04-30,905.0,920.5499877929688,899.0,905.5499877929688,73238,0.0,0.0
2026-05-01,905.5499877929688,905.5499877929688,905.5499877929688,905.5499877929688,0,0.0,0.0
2026-05-04,901.0,920.0,900.0499877929688,909.3499755859376,28586,0.0,0.0
2026-05-05,905.0,909.4000244140624,880.0,899.0999755859375,71667,0.0,0.0
2026-05-06,907.0,920.0,897.0,914.7999877929688,80689,0.0,0.0
2026-05-07,919.9000244140624,943.7999877929688,908.0,914.9000244140624,111003,0.0,0.0
2026-05-08,905.75,918.4500122070312,888.5499877929688,894.0999755859375,89336,0.0,0.0
2026-05-11,880.0,895.0,871.0999755859375,891.3499755859375,105631,0.0,0.0
2026-05-12,887.0,891.2000122070312,860.0,862.2000122070312,43528,0.0,0.0
2026-05-13,855.0999755859375,892.5,854.0499877929688,871.5,114251,0.0,0.0
2026-05-14,883.9000244140625,890.0,868.2000122070312,879.7999877929688,30486,0.0,0.0
2026-05-15,886.3499755859375,930.0,873.9500122070312,896.5,105870,0.0,0.0
2026-05-18,885.0,890.0,861.0999755859375,870.4500122070312,38782,0.0,0.0
2026-05-19,874.9500122070312,885.7000122070312,859.9000244140625,866.0499877929688,109842,0.0,0.0
2026-05-20,866.0499877929688,867.4000244140625,853.5499877929688,863.5,42407,0.0,0.0
2026-05-21,865.0,870.2999877929688,850.5499877929688,855.0,92470,0.0,0.0
2026-05-22,877.0,882.2999877929688,803.0499877929688,807.0999755859375,535731,0.0,0.0
2026-05-25,819.0,822.5999755859375,801.0999755859375,806.0,252687,0.0,0.0
2026-05-26,814.0,815.3499755859375,785.0,796.4000244140625,316928,0.0,0.0
2026-05-27,798.9000244140625,805.0499877929688,782.5999755859375,787.1500244140625,117810,0.0,0.0
2026-05-28,787.1500244140625,787.1500244140625,787.1500244140625,787.1500244140625,0,0.0,0.0
2026-05-29,786.75,787.8499755859375,755.5499877929688,766.7000122070312,1317244,0.0,0.0
2026-06-01,778.3499755859375,798.0,766.0999755859375,785.2000122070312,200008,0.0,0.0
2026-06-02,778.0,782.9500122070312,766.0,776.9000244140625,194879,0.0,0.0
2026-06-03,777.0,778.9500122070312,755.25,767.5499877929688,233888,0.0,0.0
2026-06-04,765.0,794.4000244140625,765.0,781.7000122070312,128917,0.0,0.0
2026-06-05,789.0,797.0,776.5499877929688,788.0,124677,0.0,0.0
2026-06-08,780.0,783.2000122070312,761.0,764.2000122070312,46325,0.0,0.0
2026-06-09,774.75,779.9500122070312,765.0,771.75,60285,0.0,0.0
2026-06-10,774.7999877929688,778.9500122070312,756.0499877929688,757.5999755859375,91080,0.0,0.0
2026-06-11,751.0,757.5499877929688,735.0,738.2000122070312,79381,0.0,0.0
2026-06-12,745.9500122070312,765.8499755859375,741.0999755859375,760.0999755859375,87069,0.0,0.0
2026-06-15,769.9000244140625,791.5,767.5999755859375,776.3499755859375,119423,0.0,0.0
2026-06-16,779.9000244140625,791.0499877929688,778.6500244140625,784.0499877929688,61446,0.0,0.0
2026-06-17,784.0499877929688,809.0,784.0499877929688,794.5499877929688,101399,0.0,0.0
2026-06-18,794.5499877929688,818.0,794.5499877929688,809.5499877929688,83140,0.0,0.0
2026-06-19,809.5499877929688,817.7999877929688,802.0999755859375,809.6500244140625,52245,0.0,0.0
2026-06-22,810.0,828.75,809.6500244140625,824.2000122070312,70687,0.0,0.0
2026-06-23,826.0999755859375,827.9000244140625,812.0,819.0499877929688,68104,0.0,0.0
2026-06-24,813.4000244140625,815.9000244140625,798.0,805.0499877929688,45539,0.0,0.0
2026-06-25,805.0499877929688,812.75,797.75,804.5499877929688,56400,0.0,0.0
2026-06-26,804.5499877929688,804.5499877929688,804.5499877929688,804.5499877929688,0,0.0,0.0
2026-06-29,809.0,810.0,789.0499877929688,792.75,37551,0.0,0.0
2026-06-30,792.9500122070312,805.7000122070312,787.0,789.5499877929688,66041,0.0,0.0
2026-07-01,793.4500122070312,795.0,764.0999755859375,776.6500244140625,106672,0.0,0.0
2026-07-02,780.7000122070312,786.0999755859375,766.3499755859375,771.4500122070312,100209,0.0,0.0
2026-07-03,773.0,781.5,768.9500122070312,776.75,72258,0.0,0.0
2026-07-06,783.0,783.0,762.0999755859375,769.7000122070312,70479,0.0,0.0
2026-07-07,772.0,774.4000244140625,763.9500122070312,767.3499755859375,49391,0.0,0.0
2026-07-08,765.0,780.0,750.5499877929688,759.75,92961,0.0,0.0
2026-07-09,760.0999755859375,776.0,760.0999755859375,764.7999877929688,68510,0.0,0.0
2026-07-10,769.9000244140625,774.7999877929688,750.0499877929688,754.5,128212,0.0,0.0
2026-07-13,755.0499877929688,778.0,748.9500122070312,774.0,113498,0.0,0.0
2026-07-14,773.0,790.0,765.5499877929688,787.9000244140625,81309,0.0,0.0
2026-07-15,786.0,797.9500122070312,768.5499877929688,788.5,198544,0.0,0.0
2026-07-16,789.0,818.9000244140625,785.6500244140625,806.9000244140625,132231,0.0,0.0
2026-07-17,806.9000244140625,806.9000244140625,786.0,797.0999755859375,100863,0.0,0.0
2026-07-20,788.9000244140625,806.0,786.0499877929688,802.5,60773,0.0,0.0
2026-07-21,803.2000122070312,810.0,797.4000244140625,803.4000244140625,36946,0.0,0.0
2026-07-22,809.9000244140625,809.9000244140625,788.7000122070312,799.9000244140625,128243,0.0,0.0
2026-07-23,795.0,799.4500122070312,782.5499877929688,796.5,50152,0.0,0.0
2026-07-24,791.0,817.0,786.1500244140625,808.0499877929688,92348,0.0,0.0
2026-07-27,816.0,837.7000122070312,812.0499877929688,830.75,106321,0.0,0.0
2026-07-28,825.0,827.75,803.2999877929688,805.7999877929688,62551,0.0,1.0
2026-07-29,814.4500122070312,818.4000244140625,802.5,803.6500244140625,33321,0.0,0.0
2026-07-30,805.0,818.9000244140625,796.5,814.2999877929688,45770,0.0,0.0
2026-07-31,818.5,868.5,810.0,864.4000244140625,210622,0.0,0.0
2026-08-03,855.0,875.9500122070312,851.0,858.4500122070312,72539,0.0,0.0
2026-08-04,857.0,857.4500122070312,841.0,847.7000122070312,52303,0.0,0.0
2026-08-05,856.6500244140625,867.2000122070312,845.0,857.0999755859375,97107,0.0,0.0
2026-08-06,865.0,1028.5,850.9000244140625,979.8499755859376,6204622,0.0,0.0
2026-08-07,980.0,1002.0,944.4000244140624,987.2999877929688,845593,0.0,0.0
2026-08-10,987.4000244140624,995.9000244140624,963.0,993.5999755859376,279325,0.0,0.0
2026-08-11,985.0,1015.5,984.2000122070312,1003.7999877929688,169338,0.0,0.0
2026-08-12,1003.7999877929688,1008.2999877929688,988.0,997.2999877929688,89832,0.0,0.0
2026-08-13,997.2999877929688,1019.7999877929688,987.0,1012.9000244140624,196892,0.0,0.0
2026-08-14,1015.0,1053.800048828125,997.0499877929688,1048.25,334486,0.0,0.0
2026-08-17,1065.0,1079.4000244140625,1041.300048828125,1056.550048828125,318946,0.0,0.0
2026-08-18,1053.0,1059.0,1020.0,1031.25,183397,0.0,0.0
2026-08-19,1032.0,1042.0,1010.25,1019.8499755859376,100103,0.0,0.0
2026-08-20,1030.0,1031.199951171875,1014.0,1018.2000122070312,96998,0.0,0.0
2026-08-21,1018.2999877929688,1030.5,1002.1500244140624,1022.3499755859376,138569,0.0,0.0
2026-08-24,1024.800048828125,1024.800048828125,983.9500122070312,989.2999877929688,80444,0.0,0.0
2026-08-25,981.0,1013.7999877929688,981.0,1004.9000244140624,99442,0.0,0.0
2026-08-26,1008.0,1033.699951171875,1005.0,1017.4000244140624,123788,0.0,0.0
2026-08-27,1014.0,1040.699951171875,1013.2999877929688,1025.1500244140625,93043,0.0,0.0
2026-08-28,1030.0,1043.0,1015.0,1026.699951171875,60107,0.0,0.0
2026-08-31,1026.050048828125,1074.0,1011.0499877929688,1042.449951171875,272965,0.0,0.0
2026-09-01,1047.0,1109.0,1024.800048828125,1083.800048828125,393281,0.0,0.0
2026-09-02,1080.0,1089.5999755859375,1050.0999755859375,1070.0,167948,0.0,0.0
2026-09-03,1079.0,1096.199951171875,1062.699951171875,1073.5,116085,0.0,0.0
2026-09-04,1073.5,1175.0,1073.5,1147.9000244140625,1049404,0.0,0.0
2026-09-07,1140.0,1254.0,1134.9000244140625,1235.699951171875,1280855,0.0,0.0
2026-09-08,1262.800048828125,1308.5999755859375,1235.699951171875,1285.199951171875,1155005,0.0,0.0
2026-09-09,1305.0,1352.0,1297.699951171875,1305.4000244140625,875591,0.0,0.0
2026-09-10,1305.4000244140625,1325.800048828125,1290.5999755859375,1319.199951171875,385507,0.0,0.0
2026-09-11,1327.0,1330.0,1295.5999755859375,1307.9000244140625,261557,0.0,0.0
2026-09-14,1307.9000244140625,1307.9000244140625,1307.9000244140625,1307.9000244140625,0,0.0,0.0
2026-09-15,1325.0,1384.800048828125,1323.699951171875,1348.0,1157001,0.0,0.0
2026-09-16,1348.0,1355.0,1300.0999755859375,1335.0,586784,0.0,0.0
2026-09-17,1331.0,1377.699951171875,1320.0,1363.4000244140625,547415,0.0,0.0
2026-09-18,1370.0,1475.0,1370.0,1467.0,1207844,0.0,0.0
2026-09-21,1462.800048828125,1533.5999755859375,1441.5999755859375,1507.199951171875,894431,0.0,0.0
2026-09-22,1511.0,1516.199951171875,1440.300048828125,1462.300048828125,327918,0.0,0.0
2026-09-23,1470.9000244140625,1486.0,1425.5999755859375,1432.5999755859375,245570,0.0,0.0
2026-09-24,1415.0,1491.0999755859375,1415.0,1475.4000244140625,402807,,
