date,open,high,low,close,volume,dividend
2021-01-01,144.39999389648438,151.89999389648438,144.0,150.1999969482422,1725997,0.0
2021-01-04,152.1999969482422,164.0,149.0,160.39999389648438,7555826,0.0
2021-01-05,158.89999389648438,162.39999389648438,156.10000610351562,157.60000610351562,1992035,0.0
2021-01-06,158.39999389648438,159.39999389648438,150.64999389648438,152.64999389648438,1607852,0.0
2021-01-07,153.8000030517578,157.89999389648438,152.35000610351562,153.4499969482422,1177653,0.0
2021-01-08,154.6999969482422,159.4499969482422,154.25,155.0500030517578,1640643,0.0
2021-01-11,154.25,155.3000030517578,147.0500030517578,147.60000610351562,1634017,0.0
2021-01-12,146.64999389648438,150.64999389648438,146.10000610351562,148.9499969482422,1005650,0.0
2021-01-13,150.14999389648438,154.0,148.0,149.5500030517578,1148759,0.0
2021-01-14,150.60000610351562,151.89999389648438,149.10000610351562,149.5,637653,0.0
2021-01-15,150.0,150.5,145.14999389648438,145.5,795912,0.0
2021-01-18,145.5,146.25,140.0,140.89999389648438,844958,0.0
2021-01-19,142.39999389648438,146.8000030517578,142.10000610351562,145.0500030517578,696049,0.0
2021-01-20,145.0500030517578,149.3000030517578,143.8000030517578,147.60000610351562,952539,0.0
2021-01-21,147.6999969482422,149.6999969482422,144.0500030517578,145.5,768699,0.0
2021-01-22,147.0,154.8000030517578,147.0,149.1999969482422,4776275,0.0
2021-01-25,150.14999389648438,152.0,142.75,143.89999389648438,1063397,0.0
2021-01-27,143.0,146.3000030517578,140.85000610351562,145.39999389648438,973768,0.0
2021-01-28,142.89999389648438,145.6999969482422,142.0,142.75,490548,0.0
2021-01-29,143.89999389648438,146.75,141.35000610351562,143.89999389648438,789718,0.0
2021-02-01,143.75,147.9499969482422,142.10000610351562,147.3000030517578,773302,0.0
2021-02-02,148.5,150.14999389648438,140.9499969482422,142.64999389648438,1930115,0.0
2021-02-03,143.39999389648438,149.0,140.1999969482422,146.0500030517578,2034383,0.0
2021-02-04,147.3000030517578,154.60000610351562,146.0500030517578,152.10000610351562,2493131,0.0
2021-02-05,152.39999389648438,153.3000030517578,147.14999389648438,149.64999389648438,894406,0.0
2021-02-08,150.5,154.8000030517578,150.0500030517578,154.0,1801786,0.0
2021-02-09,154.5,157.8000030517578,150.5,152.4499969482422,1646008,0.0
2021-02-10,153.0,153.0,147.60000610351562,148.5500030517578,762369,0.0
2021-02-11,149.0,157.3000030517578,148.60000610351562,155.64999389648438,1769390,0.0
2021-02-12,156.4499969482422,164.89999389648438,152.5,160.60000610351562,3964971,0.0
2021-02-15,161.4499969482422,171.4499969482422,160.5,166.8000030517578,4290066,0.0
2021-02-16,166.8000030517578,176.85000610351562,166.0,175.0,4749726,0.0
2021-02-17,174.6999969482422,179.8000030517578,172.0500030517578,174.8000030517578,2507482,0.0
2021-02-18,175.0500030517578,182.3000030517578,172.1999969482422,179.0,2824857,0.0
2021-02-19,178.0,183.6999969482422,172.0,178.5500030517578,1920432,0.0
2021-02-22,178.5500030517578,179.89999389648438,168.85000610351562,171.5500030517578,993386,0.0
2021-02-23,172.5500030517578,176.6999969482422,168.0,174.3000030517578,1013662,0.0
2021-02-24,175.0,177.39999389648438,157.0,173.14999389648438,475602,0.0
2021-02-25,173.3000030517578,176.0,171.5,171.9499969482422,540200,0.0
2021-02-26,169.9499969482422,172.10000610351562,165.1999969482422,165.9499969482422,808815,0.0
2021-03-01,167.89999389648438,174.5,165.64999389648438,171.5,1466082,0.0
2021-03-02,172.5,182.8000030517578,172.39999389648438,180.6999969482422,3617712,0.0
2021-03-03,181.8999938964844,193.6999969482422,180.8000030517578,191.6499938964844,5046924,0.0
2021-03-04,189.9499969482422,198.0,187.0,193.8000030517578,2669075,0.0
2021-03-05,192.0,199.3000030517578,183.1999969482422,184.6499938964844,2463538,0.0
2021-03-08,186.1000061035156,189.5500030517578,177.5,178.89999389648438,1342329,0.0
2021-03-09,180.4499969482422,182.25,173.25,176.89999389648438,897798,0.0
2021-03-10,178.1999969482422,183.6000061035156,176.4499969482422,181.8999938964844,898387,0.0
2021-03-12,183.0,188.6999969482422,181.1499938964844,182.5,1517047,0.0
2021-03-15,183.9499969482422,184.0,175.39999389648438,179.0500030517578,880188,0.0
2021-03-16,179.60000610351562,184.6000061035156,175.3000030517578,176.75,1315947,0.0
2021-03-17,176.9499969482422,180.25,172.0,173.60000610351562,657959,0.0
2021-03-18,175.10000610351562,176.6999969482422,161.5,166.9499969482422,1205666,0.0
2021-03-19,165.89999389648438,173.8000030517578,157.5,172.75,1372243,0.0
2021-03-22,173.6999969482422,173.9499969482422,165.5500030517578,168.10000610351562,769447,0.0
2021-03-23,168.10000610351562,176.5,166.5,175.4499969482422,922702,0.0
2021-03-24,174.5,177.6999969482422,168.10000610351562,170.89999389648438,483042,0.0
2021-03-25,172.0,172.25,162.64999389648438,167.10000610351562,559804,0.0
2021-03-26,168.9499969482422,180.0,160.89999389648438,177.4499969482422,1001126,0.0
2021-03-30,180.0,180.3500061035156,172.5,174.10000610351562,521955,0.0
2021-03-31,174.85000610351562,179.0,172.5500030517578,174.75,459303,0.0
2021-04-01,176.0,183.0,176.0,180.3999938964844,1209740,0.0
2021-04-05,179.4499969482422,179.4499969482422,170.9499969482422,173.89999389648438,616740,0.0
2021-04-06,173.89999389648438,183.0,172.10000610351562,177.25,1082001,0.0
2021-04-07,177.3000030517578,187.1000061035156,177.3000030517578,184.5500030517578,1797456,0.0
2021-04-08,185.8999938964844,187.8999938964844,180.0,180.8999938964844,761452,0.0
2021-04-09,181.0,184.5500030517578,178.0,180.6000061035156,548537,0.0
2021-04-12,177.0,177.14999389648438,161.89999389648438,167.39999389648438,886010,0.0
2021-04-13,168.64999389648438,175.1999969482422,168.0,173.85000610351562,435823,0.0
2021-04-15,171.0,176.39999389648438,168.10000610351562,175.25,544062,0.0
2021-04-16,176.14999389648438,177.3000030517578,172.0,172.85000610351562,426665,0.0
2021-04-19,173.0,175.5,167.39999389648438,171.9499969482422,759459,0.0
2021-04-20,172.75,175.14999389648438,168.5,169.85000610351562,362246,0.0
2021-04-22,168.0500030517578,175.0,165.35000610351562,170.75,679093,0.0
2021-04-23,170.75,180.4499969482422,170.75,173.4499969482422,870319,0.0
2021-04-26,175.5,178.85000610351562,173.5,174.5,355011,0.0
2021-04-27,175.89999389648438,183.3999938964844,175.5,180.4499969482422,967975,0.0
2021-04-28,181.1999969482422,186.9499969482422,181.1999969482422,182.6499938964844,1060715,0.0
2021-04-29,184.3000030517578,185.6999969482422,178.3000030517578,182.0500030517578,494906,0.0
2021-04-30,180.5500030517578,188.8000030517578,179.89999389648438,184.4499969482422,1192863,0.0
2021-05-03,182.0,196.6499938964844,181.0500030517578,194.6499938964844,2605590,0.0
2021-05-04,199.0,206.6000061035156,193.8999938964844,197.9499969482422,3211034,0.0
2021-05-05,200.0,203.0,194.0,195.1000061035156,924407,0.0
2021-05-06,195.5500030517578,196.8999938964844,187.5,189.9499969482422,918152,0.0
2021-05-07,191.0,193.0,186.0,187.3500061035156,725717,0.0
2021-05-10,189.8999938964844,209.4499969482422,187.3000030517578,202.1999969482422,3090247,0.0
2021-05-11,199.8500061035156,211.4499969482422,197.6499938964844,203.6499938964844,1911140,0.0
2021-05-12,205.1000061035156,205.6999969482422,198.1000061035156,200.8000030517578,690081,0.0
2021-05-14,202.0,202.3999938964844,196.1999969482422,199.3999938964844,611111,0.0
2021-05-17,202.3999938964844,203.5,198.0,199.9499969482422,545139,0.0
2021-05-18,201.0,213.4499969482422,199.3500061035156,210.1000061035156,2659914,0.0
2021-05-19,210.0,219.0,209.1000061035156,212.6999969482422,2445653,0.0
2021-05-20,214.1999969482422,215.0,209.5,212.5,676164,0.0
2021-05-21,215.0,219.3999938964844,211.0,214.1499938964844,1078492,0.0
2021-05-24,216.0,218.3999938964844,215.0,215.6499938964844,655077,0.0
2021-05-25,216.0,216.8999938964844,212.1000061035156,213.8000030517578,551967,0.0
2021-05-26,214.5,215.6000061035156,211.1999969482422,212.3500061035156,477470,0.0
2021-05-27,213.75,216.75,205.5,208.6999969482422,698918,0.0
2021-05-28,213.25,214.0,201.0,202.0,1335005,0.0
2021-05-31,203.0,209.0,202.8999938964844,206.6000061035156,689562,0.0
2021-06-01,207.0,207.8999938964844,201.0,202.3500061035156,659135,0.0
2021-06-02,203.0,208.0,199.0,205.5500030517578,901140,0.0
2021-06-03,207.8000030517578,211.3999938964844,206.6999969482422,208.3999938964844,980143,0.0
2021-06-04,209.0500030517578,210.3000030517578,206.0,206.8500061035156,400568,0.0
2021-06-07,208.3500061035156,209.8999938964844,205.0,205.1499938964844,926459,0.0
2021-06-08,206.75,209.6000061035156,205.75,207.1000061035156,628700,0.0
2021-06-09,207.6000061035156,209.5,201.0,203.6000061035156,1000036,0.0
2021-06-10,206.0,213.6999969482422,205.0500030517578,209.6000061035156,1475746,0.0
2021-06-11,211.1999969482422,212.8999938964844,208.3000030517578,208.8500061035156,599843,0.0
2021-06-14,208.8500061035156,209.6499938964844,202.8999938964844,204.0,768324,0.0
2021-06-15,206.0,209.0,201.8000030517578,205.25,964747,0.0
2021-06-16,206.8999938964844,213.6000061035156,205.1000061035156,207.9499969482422,2371558,0.0
2021-06-17,206.5,214.8999938964844,205.25,210.6999969482422,2110773,0.0
2021-06-18,212.5,219.9499969482422,202.1499938964844,211.0500030517578,3808375,0.0
2021-06-21,208.0,220.9499969482422,206.5,216.0500030517578,3523506,0.0
2021-06-22,218.1999969482422,219.8000030517578,211.1000061035156,214.4499969482422,1209913,0.0
2021-06-23,215.0,225.25,215.0,217.6499938964844,3905305,0.0
2021-06-24,218.6999969482422,220.8500061035156,213.6000061035156,215.6999969482422,1036562,0.0
2021-06-25,217.0,221.0,214.5,217.6999969482422,1114001,0.0
2021-06-28,219.0,219.25,213.5,214.8500061035156,785126,0.0
2021-06-29,216.0,216.3000030517578,210.0500030517578,211.8000030517578,757482,0.0
2021-06-30,213.6000061035156,217.9499969482422,211.5,216.5500030517578,1166446,0.0
2021-07-01,218.0,228.4499969482422,216.3000030517578,225.8999938964844,5730599,0.0
2021-07-02,227.6999969482422,234.8000030517578,226.6999969482422,230.4499969482422,4601895,0.0
2021-07-05,233.8999938964844,245.0,232.5500030517578,242.9499969482422,4867179,0.0
2021-07-06,244.8999938964844,250.0,237.3999938964844,242.3000030517578,3835957,0.0
2021-07-07,243.9499969482422,254.9499969482422,241.0,253.1499938964844,4256005,0.0
2021-07-08,251.8999938964844,254.5500030517578,241.3500061035156,245.1000061035156,2019319,0.0
2021-07-09,243.8999938964844,245.8000030517578,241.0,242.1499938964844,1148418,0.0
2021-07-12,244.3999938964844,259.5,244.3500061035156,253.3500061035156,4524601,0.0
2021-07-13,255.8500061035156,269.0,255.0,266.70001220703125,4962486,0.0
2021-07-14,268.79998779296875,271.3999938964844,261.0,262.3500061035156,2519810,0.0
2021-07-15,263.3999938964844,264.45001220703125,255.5500030517578,261.8999938964844,1657720,0.0
2021-07-16,262.0,269.95001220703125,259.0,266.45001220703125,1824701,0.0
2021-07-19,260.79998779296875,263.8999938964844,254.6000061035156,257.1000061035156,1297253,0.0
2021-07-20,258.25,262.5,250.0,253.8000030517578,1956211,0.0
2021-07-22,255.4499969482422,257.8999938964844,247.1499938964844,248.0500030517578,1228358,0.0
2021-07-23,250.1999969482422,253.3500061035156,248.1000061035156,249.5500030517578,728281,0.0
2021-07-26,250.0,266.75,248.0500030517578,262.3999938964844,3717058,2.0
2021-07-27,266.0,278.0,265.5,270.25,7751813,0.0
2021-07-28,269.0,269.8999938964844,256.20001220703125,266.45001220703125,1781892,0.0
2021-07-29,267.25,268.29998779296875,261.5,263.5,719386,0.0
2021-07-30,264.0,266.8999938964844,258.20001220703125,261.3999938964844,1016875,0.0
2021-08-02,263.8500061035156,275.8999938964844,258.75,271.54998779296875,3373332,0.0
2021-08-03,273.95001220703125,293.70001220703125,272.04998779296875,283.3999938964844,11188571,0.0
2021-08-04,285.8999938964844,287.8999938964844,274.0,277.1000061035156,3026607,0.0
2021-08-05,278.70001220703125,285.79998779296875,276.0,281.25,2448006,0.0
2021-08-06,282.3500061035156,291.5,281.25,286.54998779296875,3012868,0.0
2021-08-09,287.95001220703125,291.6000061035156,282.54998779296875,284.6499938964844,1492043,0.0
2021-08-10,286.0,287.04998779296875,261.20001220703125,266.95001220703125,2029428,0.0
2021-08-11,268.8999938964844,273.5,254.3000030517578,271.1000061035156,2639161,0.0
2021-08-12,272.0,276.95001220703125,270.0,271.8999938964844,1453482,0.0
2021-08-13,273.1499938964844,274.3999938964844,262.45001220703125,264.29998779296875,1081944,0.0
2021-08-16,264.8999938964844,265.1000061035156,255.5500030517578,257.0,1110192,0.0
2021-08-17,255.6999969482422,264.3999938964844,253.8999938964844,255.5500030517578,1070514,0.0
2021-08-18,257.29998779296875,258.1499938964844,248.8000030517578,250.5,901380,0.0
2021-08-20,247.0,252.25,240.1000061035156,242.0,1180625,0.0
2021-08-23,245.0,253.0,230.0500030517578,247.0500030517578,3589914,0.0
2021-08-24,249.6499938964844,269.0,245.4499969482422,265.6000061035156,3390959,0.0
2021-08-25,267.0,268.75,258.6499938964844,263.8999938964844,1212062,0.0
2021-08-26,264.75,264.75,259.0,259.6499938964844,541580,0.0
2021-08-27,259.0,279.3999938964844,258.20001220703125,277.54998779296875,4288016,0.0
2021-08-30,279.3999938964844,286.95001220703125,275.0,281.6000061035156,3103198,0.0
2021-08-31,281.8999938964844,284.5,275.1000061035156,276.70001220703125,1415548,0.0
2021-09-01,276.70001220703125,281.5,274.0,279.29998779296875,1326495,0.0
2021-09-02,279.95001220703125,292.5,277.5,286.8999938964844,3487458,0.0
2021-09-03,288.0,295.0,281.1499938964844,283.25,1826505,0.0
2021-09-06,284.0,289.5,281.3999938964844,284.70001220703125,1346358,0.0
2021-09-07,285.8999938964844,285.8999938964844,272.6000061035156,274.75,1867507,0.0
2021-09-08,276.0,279.0,270.95001220703125,277.5,1134594,0.0
2021-09-09,278.75,286.0,278.0,283.54998779296875,1741905,0.0
2021-09-13,283.8999938964844,296.6499938964844,283.20001220703125,290.54998779296875,4536295,0.0
2021-09-14,292.0,295.75,287.5,293.0,1550747,0.0
2021-09-15,293.79998779296875,311.0,293.54998779296875,305.3500061035156,7526965,0.0
2021-09-16,307.8999938964844,313.5,305.04998779296875,307.45001220703125,2494761,0.0
2021-09-17,308.8999938964844,311.1000061035156,290.3500061035156,296.79998779296875,2315984,0.0
2021-09-20,296.79998779296875,303.70001220703125,290.1499938964844,294.54998779296875,1514027,0.0
2021-09-21,296.45001220703125,297.6499938964844,285.0,293.45001220703125,1405399,0.0
2021-09-22,294.8999938964844,302.5,293.54998779296875,298.1000061035156,1272549,0.0
2021-09-23,299.1000061035156,304.3500061035156,293.5,294.75,907704,0.0
2021-09-24,296.5,301.5,287.3999938964844,288.54998779296875,1140119,0.0
2021-09-27,291.0,293.1499938964844,286.54998779296875,289.0,663416,0.0
2021-09-28,290.45001220703125,296.0,285.0,293.8999938964844,1015332,0.0
2021-09-29,291.0,293.3999938964844,287.20001220703125,288.45001220703125,635589,0.0
2021-09-30,289.70001220703125,294.8999938964844,289.0,290.70001220703125,819432,0.0
2021-10-01,287.6499938964844,289.70001220703125,286.0,286.54998779296875,548944,0.0
2021-10-04,287.0,298.6000061035156,286.8999938964844,296.04998779296875,1339897,0.0
2021-10-05,298.1499938964844,311.75,297.1000061035156,306.1499938964844,3543669,0.0
2021-10-06,307.6000061035156,309.6000061035156,298.70001220703125,303.45001220703125,1165250,0.0
2021-10-07,306.5,319.95001220703125,305.6499938964844,310.20001220703125,4286530,0.0
2021-10-08,312.5,312.6000061035156,303.54998779296875,305.5,858232,0.0
2021-10-11,307.95001220703125,315.79998779296875,307.0,314.04998779296875,1952964,0.0
2021-10-12,312.45001220703125,321.29998779296875,312.0,315.20001220703125,1308136,0.0
2021-10-13,315.5,317.6000061035156,309.6000061035156,310.70001220703125,770495,0.0
2021-10-14,312.6499938964844,313.6499938964844,305.5,307.3999938964844,690661,0.0
2021-10-18,308.5,312.8999938964844,303.1000061035156,304.5,905049,0.0
2021-10-19,306.0,306.95001220703125,292.0,294.29998779296875,888576,0.0
2021-10-20,295.0,296.0,271.04998779296875,284.0,2142449,0.0
2021-10-21,284.04998779296875,287.45001220703125,266.70001220703125,269.20001220703125,1520486,0.0
2021-10-22,272.20001220703125,280.6499938964844,267.79998779296875,272.79998779296875,1107623,0.0
2021-10-25,275.0,275.0,262.20001220703125,263.45001220703125,695976,0.0
2021-10-26,263.95001220703125,278.8500061035156,263.25,276.95001220703125,788772,0.0
2021-10-27,278.25,284.3999938964844,273.3999938964844,282.29998779296875,1388069,0.0
2021-10-28,283.0,283.5,270.04998779296875,273.29998779296875,779769,0.0
2021-10-29,271.70001220703125,274.0,265.25,266.8999938964844,793078,0.0
2021-11-01,269.3500061035156,273.54998779296875,267.1499938964844,269.75,503349,0.0
2021-11-02,270.0,274.70001220703125,268.0,269.6000061035156,756805,0.0
2021-11-03,256.1499938964844,265.0,251.1499938964844,260.29998779296875,1771616,0.0
2021-11-04,262.8999938964844,269.75,262.0,268.25,288697,0.0
2021-11-08,270.95001220703125,271.6499938964844,264.29998779296875,266.29998779296875,555628,0.0
2021-11-09,267.0,270.3500061035156,259.0,261.1000061035156,890395,0.0
2021-11-10,261.6499938964844,264.0,258.29998779296875,259.54998779296875,762999,0.0
2021-11-11,260.8500061035156,261.3500061035156,256.29998779296875,256.8500061035156,528389,0.0
2021-11-12,258.5,263.29998779296875,255.0,259.75,696140,0.0
2021-11-15,261.04998779296875,262.8500061035156,257.75,259.75,625624,0.0
2021-11-16,261.04998779296875,263.6499938964844,254.8999938964844,256.6499938964844,692767,0.0
2021-11-17,256.25,259.1499938964844,249.25,251.6499938964844,674535,0.0
2021-11-18,252.3000030517578,252.8999938964844,243.0,247.9499969482422,863552,0.0
2021-11-22,247.6000061035156,248.3000030517578,234.6499938964844,237.6499938964844,988251,0.0
2021-11-23,238.1000061035156,247.6999969482422,234.4499969482422,244.75,972806,0.0
2021-11-24,245.8500061035156,250.0,242.0,243.0,623915,0.0
2021-11-25,244.8000030517578,247.8000030517578,241.0,244.5,775359,0.0
2021-11-26,242.9499969482422,244.3500061035156,235.1000061035156,236.6999969482422,665628,0.0
2021-11-29,231.5,234.0,223.0,223.8999938964844,924840,0.0
2021-11-30,222.6999969482422,234.5,216.5500030517578,225.3999938964844,3005232,0.0
2021-12-01,226.5,232.5,223.1999969482422,229.6999969482422,933949,0.0
2021-12-02,231.0,245.9499969482422,230.6000061035156,243.5,1191095,0.0
2021-12-03,243.6000061035156,246.0,239.3500061035156,240.25,733620,0.0
2021-12-06,241.8500061035156,242.1000061035156,229.8500061035156,230.8500061035156,598224,0.0
2021-12-07,232.8000030517578,237.8999938964844,232.25,233.3000030517578,520615,0.0
2021-12-08,235.0,241.9499969482422,235.0,238.8500061035156,715046,0.0
2021-12-09,240.0,242.3999938964844,237.0,240.3500061035156,392180,0.0
2021-12-10,241.0500030517578,243.6999969482422,239.1000061035156,240.6000061035156,385618,0.0
2021-12-13,245.0,249.1000061035156,243.0,244.8000030517578,621842,0.0
2021-12-14,244.3999938964844,247.8000030517578,241.5,245.8000030517578,385237,0.0
2021-12-15,246.0500030517578,251.0,233.0,235.3000030517578,1186986,0.0
2021-12-16,237.4499969482422,239.1999969482422,231.5,234.8500061035156,445597,0.0
2021-12-17,233.75,234.6000061035156,225.1000061035156,227.0500030517578,492707,0.0
2021-12-20,222.3500061035156,224.3000030517578,214.5500030517578,219.1000061035156,648720,0.0
2021-12-21,223.3999938964844,226.0,216.6499938964844,217.3000030517578,651804,0.0
2021-12-22,219.3999938964844,223.5,218.0,221.8000030517578,418389,0.0
2021-12-23,223.75,225.8999938964844,222.3999938964844,223.1000061035156,327295,0.0
2021-12-24,224.25,224.3000030517578,218.6499938964844,220.75,320018,0.0
2021-12-27,221.8999938964844,223.0,216.75,221.3999938964844,391582,0.0
2021-12-28,222.9499969482422,229.8000030517578,222.8000030517578,227.8500061035156,769530,0.0
2021-12-29,227.5,234.1000061035156,225.6000061035156,232.1999969482422,753510,0.0
2021-12-30,232.8999938964844,237.5,227.75,234.3500061035156,889182,0.0
2021-12-31,234.8000030517578,237.25,231.5,232.5500030517578,645251,0.0
2022-01-03,234.6000061035156,239.3999938964844,229.75,231.75,1558698,0.0
2022-01-04,233.0,248.8999938964844,233.0,245.9499969482422,2865490,0.0
2022-01-05,247.4499969482422,254.1000061035156,241.1000061035156,252.1999969482422,2008668,0.0
2022-01-06,249.5,253.3500061035156,246.25,248.25,853055,0.0
2022-01-07,250.25,258.70001220703125,248.8500061035156,255.1999969482422,1820070,0.0
2022-01-10,257.25,261.6499938964844,255.0,256.6499938964844,961653,0.0
2022-01-11,256.1000061035156,258.95001220703125,251.5500030517578,253.4499969482422,599266,0.0
2022-01-12,255.5,255.75,250.6999969482422,253.1999969482422,492317,0.0
2022-01-13,254.0,261.8999938964844,251.6000061035156,257.95001220703125,1123684,0.0
2022-01-14,257.75,262.5,255.8000030517578,258.75,562636,0.0
2022-01-17,259.8500061035156,260.04998779296875,254.3000030517578,256.1499938964844,420478,0.0
2022-01-18,255.0500030517578,257.0,247.0,248.0500030517578,472798,0.0
2022-01-19,247.5500030517578,253.9499969482422,244.25,252.0500030517578,476120,0.0
2022-01-20,252.0500030517578,255.6000061035156,247.1000061035156,250.0,551784,0.0
2022-01-21,248.5500030517578,249.8000030517578,237.0,240.1000061035156,511464,0.0
2022-01-24,240.0,240.0,218.1999969482422,224.8000030517578,889700,0.0
2022-01-25,221.8000030517578,233.0,218.3500061035156,230.8500061035156,605405,0.0
2022-01-27,227.0,231.8000030517578,224.5,225.9499969482422,490355,0.0
2022-01-28,228.3999938964844,242.1499938964844,228.0,234.25,1006192,0.0
2022-01-31,236.1999969482422,242.6999969482422,231.1999969482422,232.8500061035156,717671,0.0
2022-02-01,234.6999969482422,235.4499969482422,226.25,228.8000030517578,711278,0.0
2022-02-02,230.0500030517578,238.75,229.8999938964844,236.5500030517578,755243,0.0
2022-02-03,235.9499969482422,237.6499938964844,232.3999938964844,233.25,400963,0.0
2022-02-04,234.9499969482422,234.9499969482422,228.0,229.0,316511,0.0
2022-02-07,229.0,232.3999938964844,225.1499938964844,226.6000061035156,612015,0.0
2022-02-08,227.8000030517578,229.6000061035156,218.9499969482422,222.8000030517578,485814,0.0
2022-02-09,224.25,225.75,220.6499938964844,223.1000061035156,326411,0.0
2022-02-10,223.3500061035156,224.8000030517578,221.6499938964844,222.8999938964844,324544,0.0
2022-02-11,221.5500030517578,223.4499969482422,220.0,220.6499938964844,375571,0.0
2022-02-14,220.3500061035156,220.3500061035156,205.3000030517578,207.1499938964844,644074,0.0
2022-02-15,208.0500030517578,217.8000030517578,200.3999938964844,215.8000030517578,797240,0.0
2022-02-16,216.4499969482422,222.0,214.6000061035156,215.8500061035156,667112,0.0
2022-02-17,216.5,218.3999938964844,211.1000061035156,212.25,365553,0.0
2022-02-18,213.0,214.8000030517578,208.8500061035156,210.1999969482422,261375,0.0
2022-02-21,210.0,211.0,204.1499938964844,207.25,389341,0.0
2022-02-22,202.0,204.0,197.6999969482422,202.0500030517578,644534,0.0
2022-02-23,203.0,207.5,199.6000061035156,202.3000030517578,465072,0.0
2022-02-24,194.0,201.8000030517578,190.6999969482422,195.3500061035156,1301425,0.0
2022-02-25,197.1999969482422,207.6000061035156,197.1999969482422,205.25,1129210,0.0
2022-02-28,203.3500061035156,214.8999938964844,199.1000061035156,209.5,873437,0.0
2022-03-02,209.5,218.0,207.75,210.4499969482422,1145353,0.0
2022-03-03,213.0500030517578,217.6000061035156,210.5,212.5500030517578,401453,0.0
2022-03-04,210.9499969482422,212.5500030517578,204.3500061035156,209.3500061035156,609351,0.0
2022-03-07,204.1000061035156,207.0,194.3999938964844,197.8500061035156,921441,0.0
2022-03-08,198.1499938964844,208.3000030517578,198.0,200.6000061035156,861903,0.0
2022-03-09,203.0500030517578,208.3999938964844,196.0500030517578,197.1000061035156,1272091,0.0
2022-03-10,201.1999969482422,214.1000061035156,201.1999969482422,206.0,1812278,0.0
2022-03-11,205.9499969482422,207.5,201.8000030517578,204.8500061035156,733502,0.0
2022-03-14,207.0,213.75,207.0,211.8999938964844,1351282,0.0
2022-03-15,212.0,216.6000061035156,206.0,209.25,940734,0.0
2022-03-16,210.5,216.5,210.5,213.3000030517578,878657,0.0
2022-03-17,215.5500030517578,219.9499969482422,214.4499969482422,216.6999969482422,1017725,0.0
2022-03-21,218.1999969482422,221.6999969482422,214.8500061035156,219.5500030517578,1013339,0.0
2022-03-22,220.0500030517578,220.8999938964844,216.0,216.6499938964844,443262,0.0
2022-03-23,217.0500030517578,219.5500030517578,217.0,217.25,400163,0.0
2022-03-24,217.0,223.5,216.6000061035156,220.6999969482422,713672,0.0
2022-03-25,220.0,222.0500030517578,215.0,216.1999969482422,456306,0.0
2022-03-28,215.6000061035156,217.0500030517578,211.3999938964844,212.4499969482422,675657,0.0
2022-03-29,213.5500030517578,229.0,213.1000061035156,226.5,1961364,0.0
2022-03-30,229.0,233.0500030517578,225.3500061035156,229.8999938964844,1184442,0.0
2022-03-31,229.8999938964844,252.8999938964844,229.8999938964844,248.8999938964844,4075988,0.0
2022-04-01,249.0,252.6000061035156,242.3500061035156,249.9499969482422,1916822,0.0
2022-04-04,249.0,249.0,244.1000061035156,245.6999969482422,1033859,0.0
2022-04-05,246.5,252.0,245.0,246.1499938964844,1002968,0.0
2022-04-06,245.75,248.75,241.0500030517578,243.0,805858,0.0
2022-04-07,243.0,248.3500061035156,238.0,240.6000061035156,776707,0.0
2022-04-08,241.8500061035156,245.3500061035156,240.5500030517578,242.1999969482422,574550,0.0
2022-04-11,242.1999969482422,245.1999969482422,239.25,240.75,433279,0.0
2022-04-12,241.0,242.6000061035156,233.6499938964844,236.4499969482422,466449,0.0
2022-04-13,237.8500061035156,240.6999969482422,233.1999969482422,234.6000061035156,502834,0.0
2022-04-18,233.25,233.5500030517578,226.25,228.6999969482422,488099,0.0
2022-04-19,230.0,234.6499938964844,223.6000061035156,226.1499938964844,437574,0.0
2022-04-20,227.75,229.3000030517578,224.3999938964844,225.4499969482422,237235,0.0
2022-04-21,226.8000030517578,231.0,226.8000030517578,229.3999938964844,304530,0.0
2022-04-22,228.0,230.0,225.0,225.8000030517578,413553,0.0
2022-04-25,223.0,225.8999938964844,217.3999938964844,223.1499938964844,563108,0.0
2022-04-26,225.0,236.5,225.0,234.3500061035156,1945273,0.0
2022-04-27,233.9499969482422,234.0,226.5500030517578,231.6999969482422,688292,0.0
2022-04-28,235.0,236.8999938964844,228.0,231.25,535218,0.0
2022-04-29,232.5500030517578,233.8000030517578,224.6499938964844,226.8000030517578,390550,0.0
2022-05-02,225.4499969482422,239.6999969482422,221.3999938964844,238.5,1278940,0.0
2022-05-04,239.8999938964844,239.9499969482422,227.3000030517578,233.4499969482422,684401,0.0
2022-05-05,235.0500030517578,240.75,231.1999969482422,238.25,723765,0.0
2022-05-06,233.0,234.6000061035156,228.5500030517578,230.8000030517578,619030,0.0
2022-05-09,229.3000030517578,247.9499969482422,224.5,245.6000061035156,3242440,0.0
2022-05-10,242.1999969482422,256.1000061035156,232.5500030517578,234.3500061035156,3552321,0.0
2022-05-11,234.8000030517578,238.6000061035156,229.3000030517578,235.1999969482422,1038944,0.0
2022-05-12,233.25,233.3500061035156,224.1000061035156,226.3999938964844,686394,0.0
2022-05-13,231.0,233.5500030517578,225.5,228.3999938964844,492878,0.0
2022-05-16,229.0500030517578,235.8999938964844,225.3500061035156,233.8500061035156,541801,0.0
2022-05-17,236.25,245.8000030517578,236.25,243.3000030517578,914210,0.0
2022-05-18,254.8999938964844,264.95001220703125,251.0,254.3500061035156,5145054,0.0
2022-05-19,247.0,253.8999938964844,245.0,249.5500030517578,1298273,0.0
2022-05-20,253.8000030517578,258.8500061035156,252.25,254.0,744157,0.0
2022-05-23,259.70001220703125,266.29998779296875,253.5,255.3000030517578,2436113,0.0
2022-05-24,257.0,260.0,251.8999938964844,253.75,1042538,0.0
2022-05-25,255.0,257.1499938964844,238.0,239.0500030517578,1077096,0.0
2022-05-26,238.6999969482422,243.5,228.25,239.3500061035156,688905,0.0
2022-05-27,244.0,245.4499969482422,237.6499938964844,240.75,535514,0.0
2022-05-30,242.1999969482422,255.8500061035156,242.1999969482422,253.3500061035156,1012140,0.0
2022-05-31,252.5500030517578,257.45001220703125,243.5,244.5500030517578,1405668,0.0
2022-06-01,245.8500061035156,250.25,245.1000061035156,248.3999938964844,549672,0.0
2022-06-02,248.0,256.25,247.6999969482422,254.25,918806,0.0
2022-06-03,256.70001220703125,261.5,254.0,258.3999938964844,1187409,0.0
2022-06-06,258.3999938964844,272.3500061035156,251.6499938964844,266.29998779296875,2849652,0.0
2022-06-07,264.79998779296875,270.95001220703125,261.6000061035156,265.29998779296875,1269182,0.0
2022-06-08,266.5,270.0,259.5,263.04998779296875,1075753,0.0
2022-06-09,263.29998779296875,267.25,261.8999938964844,264.29998779296875,546984,0.0
2022-06-10,261.0,274.8500061035156,260.04998779296875,265.1000061035156,1672715,0.0
2022-06-13,261.0,261.5,251.8999938964844,252.6999969482422,1004320,0.0
2022-06-14,252.0,259.5,250.1999969482422,255.6000061035156,630723,0.0
2022-06-15,256.04998779296875,260.0,253.5,254.25,482971,0.0
2022-06-16,256.1000061035156,261.0,242.0500030517578,243.3500061035156,844977,0.0
2022-06-17,243.0500030517578,243.3000030517578,234.1999969482422,237.0,510565,0.0
2022-06-20,237.0,238.75,229.3999938964844,233.5,712262,0.0
2022-06-21,234.9499969482422,246.9499969482422,234.9499969482422,243.5500030517578,622468,0.0
2022-06-22,242.0,242.0,236.0,238.1000061035156,305055,0.0
2022-06-23,239.5500030517578,250.5,239.1999969482422,248.75,687557,0.0
2022-06-24,250.25,259.6000061035156,248.1000061035156,257.0,857322,0.0
2022-06-27,261.70001220703125,264.75,258.29998779296875,259.04998779296875,469906,0.0
2022-06-28,258.95001220703125,261.0,255.4499969482422,259.25,345384,0.0
2022-06-29,257.95001220703125,260.3999938964844,253.1000061035156,254.1000061035156,450997,0.0
2022-06-30,255.1000061035156,258.8500061035156,249.1000061035156,253.1999969482422,274027,0.0
2022-07-01,253.75,254.5,244.3500061035156,247.75,373166,0.0
2022-07-04,247.6999969482422,255.6000061035156,247.3999938964844,253.25,269787,0.0
2022-07-05,255.3000030517578,256.5,251.0500030517578,252.3500061035156,317073,0.0
2022-07-06,252.0,259.20001220703125,251.1000061035156,257.45001220703125,561223,0.0
2022-07-07,259.6499938964844,261.1499938964844,256.20001220703125,258.04998779296875,605089,0.0
2022-07-08,258.54998779296875,263.3999938964844,255.9499969482422,257.5,452216,0.0
2022-07-11,257.0,274.75,256.54998779296875,272.5,2179328,0.0
2022-07-12,273.8999938964844,284.95001220703125,272.5,275.1000061035156,3208607,0.0
2022-07-13,275.45001220703125,282.45001220703125,273.8500061035156,278.8500061035156,1311626,0.0
2022-07-14,278.75,281.3500061035156,274.25,279.79998779296875,1077149,0.0
2022-07-15,282.0,283.1000061035156,278.04998779296875,280.29998779296875,1053388,0.0
2022-07-18,282.5,287.3999938964844,278.8500061035156,283.45001220703125,1420072,0.0
2022-07-19,282.0,283.70001220703125,277.29998779296875,279.29998779296875,642771,0.0
2022-07-20,280.0,283.3999938964844,276.54998779296875,278.95001220703125,803235,3.0
2022-07-21,278.3999938964844,291.6000061035156,277.1000061035156,289.8500061035156,2055218,0.0
2022-07-22,290.0,292.6499938964844,285.5,287.8999938964844,996332,0.0
2022-07-25,288.45001220703125,288.95001220703125,282.04998779296875,285.45001220703125,587574,0.0
2022-07-26,286.5,287.54998779296875,283.20001220703125,285.1499938964844,525167,0.0
2022-07-27,285.1000061035156,293.0,283.75,285.54998779296875,981361,0.0
2022-07-28,289.0,293.75,283.0,286.8500061035156,1869508,0.0
2022-07-29,288.0,294.5,272.0,276.6499938964844,1664684,0.0
2022-08-01,277.0,278.3999938964844,269.6000061035156,272.95001220703125,963082,0.0
2022-08-02,274.0,277.20001220703125,269.25,273.1499938964844,676709,0.0
2022-08-03,273.0,275.45001220703125,264.29998779296875,266.6000061035156,685566,0.0
2022-08-04,268.1499938964844,271.75,260.95001220703125,263.45001220703125,647618,0.0
2022-08-05,264.8500061035156,266.6000061035156,261.1000061035156,262.29998779296875,387875,0.0
2022-08-08,263.29998779296875,273.45001220703125,261.54998779296875,269.79998779296875,968682,0.0
2022-08-10,270.8500061035156,272.3999938964844,266.6499938964844,268.6499938964844,474436,0.0
2022-08-11,270.1000061035156,272.20001220703125,266.25,267.8999938964844,382023,0.0
2022-08-12,269.0,269.6499938964844,265.54998779296875,266.8500061035156,287818,0.0
2022-08-16,268.20001220703125,278.3999938964844,266.0,273.54998779296875,996750,0.0
2022-08-17,275.1000061035156,279.0,271.54998779296875,273.25,534787,0.0
2022-08-18,272.8999938964844,273.95001220703125,268.0,269.1000061035156,398944,0.0
2022-08-19,269.0,271.70001220703125,262.54998779296875,265.75,479324,0.0
2022-08-22,265.75,265.79998779296875,254.0,255.25,575944,0.0
2022-08-23,252.3000030517578,257.8999938964844,252.0,255.5,398737,0.0
2022-08-24,256.8999938964844,266.5,256.8999938964844,265.0,663919,0.0
2022-08-25,267.45001220703125,268.3500061035156,260.20001220703125,261.75,356102,0.0
2022-08-26,263.79998779296875,266.5,262.0,264.3999938964844,341234,0.0
2022-08-29,258.0,263.0,257.45001220703125,260.79998779296875,382050,0.0
2022-08-30,261.3500061035156,268.75,261.3500061035156,263.8999938964844,536508,0.0
2022-09-01,264.8999938964844,275.0,260.3999938964844,273.8500061035156,1554080,0.0
2022-09-02,276.54998779296875,284.45001220703125,275.5,279.6000061035156,2037824,0.0
2022-09-05,279.54998779296875,288.29998779296875,279.45001220703125,285.70001220703125,1534576,0.0
2022-09-06,288.0,292.45001220703125,284.0,285.29998779296875,1447832,0.0
2022-09-07,282.5,290.79998779296875,282.04998779296875,288.70001220703125,1379406,0.0
2022-09-08,291.0,292.6000061035156,286.3999938964844,288.95001220703125,1117169,0.0
2022-09-09,291.29998779296875,291.8500061035156,286.0,288.45001220703125,611328,0.0
2022-09-12,290.45001220703125,294.8999938964844,286.04998779296875,286.79998779296875,905911,0.0
2022-09-13,288.6000061035156,289.70001220703125,282.20001220703125,283.5,1024123,0.0
2022-09-14,279.75,283.0,275.3999938964844,277.3999938964844,983309,0.0
2022-09-15,278.8999938964844,285.75,275.0,278.45001220703125,1060083,0.0
2022-09-16,277.5,281.75,264.3500061035156,265.6000061035156,2141660,0.0
2022-09-19,267.0,269.45001220703125,262.04998779296875,264.8500061035156,588816,0.0
2022-09-20,266.95001220703125,272.95001220703125,265.5,269.6499938964844,974392,0.0
2022-09-21,269.6499938964844,271.79998779296875,263.1000061035156,265.1000061035156,582755,0.0
2022-09-22,264.79998779296875,269.70001220703125,264.0,266.75,460498,0.0
2022-09-23,267.45001220703125,268.95001220703125,257.25,258.54998779296875,392209,0.0
2022-09-26,255.25,256.3999938964844,246.6499938964844,248.6999969482422,798677,0.0
2022-09-27,248.5,252.75,247.0,248.6999969482422,280835,0.0
2022-09-28,246.8500061035156,248.5,239.0,240.0500030517578,470103,0.0
2022-09-29,242.0500030517578,246.1000061035156,240.0,241.3999938964844,235028,0.0
2022-09-30,240.0,253.8999938964844,240.0,252.9499969482422,643837,0.0
2022-10-03,252.9499969482422,262.0,252.3500061035156,259.3999938964844,620649,0.0
2022-10-04,261.54998779296875,264.6000061035156,258.6499938964844,259.6000061035156,313555,0.0
2022-10-06,260.45001220703125,267.8500061035156,260.45001220703125,262.1499938964844,406824,0.0
2022-10-07,263.3999938964844,272.0,262.8500061035156,269.3500061035156,1358550,0.0
2022-10-10,265.95001220703125,268.54998779296875,261.0,262.54998779296875,349994,0.0
2022-10-11,260.0,264.29998779296875,255.0,256.1499938964844,312970,0.0
2022-10-12,256.29998779296875,260.0,256.29998779296875,258.8999938964844,391387,0.0
2022-10-13,258.0,259.5,253.1999969482422,254.1499938964844,890441,0.0
2022-10-14,256.6499938964844,259.5,251.9499969482422,254.5,403252,0.0
2022-10-17,253.6499938964844,256.8500061035156,250.9499969482422,253.1000061035156,272784,0.0
2022-10-18,253.9499969482422,260.0,253.9499969482422,259.3999938964844,335517,0.0
2022-10-19,261.04998779296875,262.3999938964844,253.5500030517578,254.8999938964844,223191,0.0
2022-10-20,253.1999969482422,266.0,253.0,264.0,770933,0.0
2022-10-21,266.0,266.0,255.1499938964844,257.6499938964844,427176,0.0
2022-10-24,259.70001220703125,260.3999938964844,253.0,257.75,131193,0.0
2022-10-25,258.8999938964844,259.5,255.0500030517578,256.75,237572,0.0
2022-10-27,256.95001220703125,257.75,246.1999969482422,248.6999969482422,608807,0.0
2022-10-28,249.9499969482422,251.8500061035156,243.0,245.8000030517578,429900,0.0
2022-10-31,247.0500030517578,248.8500061035156,241.8999938964844,242.6000061035156,344625,0.0
2022-11-01,243.8500061035156,245.5,242.5,243.6999969482422,274278,0.0
2022-11-02,243.6999969482422,245.0,242.1000061035156,243.1999969482422,224993,0.0
2022-11-03,243.0,244.1499938964844,241.25,242.6499938964844,294672,0.0
2022-11-04,243.0,247.3000030517578,242.6000061035156,244.5,293344,0.0
2022-11-07,244.5,246.3500061035156,241.3500061035156,242.0,372657,0.0
2022-11-09,239.1000061035156,242.9499969482422,228.5,229.8999938964844,1120702,0.0
2022-11-10,224.1000061035156,226.3500061035156,218.1499938964844,219.8500061035156,1373111,0.0
2022-11-11,223.0,233.25,218.25,232.0,1276640,0.0
2022-11-14,232.4499969482422,234.0,228.0500030517578,229.9499969482422,455864,0.0
2022-11-15,231.0,232.1000061035156,224.6999969482422,225.5,362052,0.0
2022-11-16,225.5,231.3999938964844,224.1999969482422,227.6000061035156,465698,0.0
2022-11-17,227.5500030517578,232.8500061035156,226.1000061035156,230.6000061035156,511645,0.0
2022-11-18,231.0,231.6000061035156,226.1000061035156,228.0,205717,0.0
2022-11-21,227.1000061035156,235.5,226.1499938964844,234.1000061035156,536508,0.0
2022-11-22,235.0,236.3000030517578,231.1000061035156,232.5,278021,0.0
2022-11-23,232.1000061035156,234.1999969482422,230.0,230.3000030517578,213751,0.0
2022-11-24,232.0,232.25,229.5,231.25,262232,0.0
2022-11-25,229.75,234.4499969482422,229.5500030517578,233.1499938964844,238078,0.0
2022-11-28,233.1499938964844,240.6999969482422,233.1499938964844,237.8000030517578,518612,0.0
2022-11-29,237.8000030517578,242.1000061035156,237.8000030517578,238.8500061035156,439037,0.0
2022-11-30,238.8500061035156,240.6000061035156,234.5500030517578,236.3500061035156,193538,0.0
2022-12-01,238.0,240.1000061035156,234.3000030517578,235.6000061035156,273650,0.0
2022-12-02,235.0,235.9499969482422,232.3000030517578,233.6000061035156,197966,0.0
2022-12-05,234.5,239.8000030517578,232.6000061035156,237.25,497998,0.0
2022-12-06,239.5,239.5,234.0,234.8000030517578,318886,0.0
2022-12-07,234.0,237.3500061035156,233.4499969482422,234.5500030517578,190614,0.0
2022-12-08,234.0,236.6000061035156,232.1999969482422,232.8999938964844,224027,0.0
2022-12-09,233.0,239.8999938964844,233.0,237.8000030517578,1357658,0.0
2022-12-12,238.5500030517578,239.8000030517578,235.4499969482422,236.3500061035156,342402,0.0
2022-12-13,238.1499938964844,242.8500061035156,237.1999969482422,241.5,791560,0.0
2022-12-14,243.3999938964844,246.5,242.3500061035156,243.25,623606,0.0
2022-12-15,243.9499969482422,243.9499969482422,238.5,239.1000061035156,370916,0.0
2022-12-16,238.1000061035156,239.1000061035156,234.0,234.3999938964844,371647,0.0
2022-12-19,235.6000061035156,243.1499938964844,232.1999969482422,240.4499969482422,620797,0.0
2022-12-20,239.5,247.5,239.5,245.0500030517578,1084752,0.0
2022-12-21,246.5,247.8999938964844,235.1000061035156,238.6000061035156,855429,0.0
2022-12-22,239.8000030517578,240.4499969482422,228.3000030517578,231.1999969482422,470831,0.0
2022-12-23,228.0,231.8000030517578,223.1000061035156,225.6499938964844,577423,0.0
2022-12-26,225.0,232.9499969482422,224.0500030517578,231.0500030517578,193179,0.0
2022-12-27,232.25,235.6499938964844,229.75,234.0500030517578,250169,0.0
2022-12-28,233.5,239.0,232.1999969482422,234.1000061035156,379256,0.0
2022-12-29,233.0,236.5,230.5,235.1000061035156,226434,0.0
2022-12-30,234.9499969482422,237.4499969482422,231.75,233.0,245561,0.0
2023-01-02,234.3000030517578,235.4499969482422,232.6499938964844,233.8999938964844,150569,0.0
2023-01-03,234.0,246.1000061035156,233.0,243.4499969482422,636718,0.0
2023-01-04,245.3999938964844,246.8999938964844,237.3500061035156,238.8500061035156,460153,0.0
2023-01-05,239.3500061035156,239.8000030517578,234.1000061035156,235.8500061035156,220173,0.0
2023-01-06,236.3000030517578,237.3500061035156,230.5,231.1999969482422,354789,0.0
2023-01-09,232.3999938964844,234.25,230.4499969482422,231.3500061035156,198695,0.0
2023-01-10,231.3500061035156,232.0,228.6499938964844,230.3500061035156,147884,0.0
2023-01-11,230.5,232.9499969482422,228.0,228.9499969482422,213915,0.0
2023-01-12,230.8000030517578,231.6499938964844,227.6999969482422,229.0,151083,0.0
2023-01-13,229.4499969482422,230.8500061035156,226.0,228.9499969482422,290073,0.0
2023-01-16,229.5500030517578,230.0500030517578,226.1000061035156,226.8000030517578,172067,0.0
2023-01-17,228.0,230.6000061035156,226.8999938964844,228.25,204685,0.0
2023-01-18,228.75,228.8999938964844,225.1999969482422,226.75,195332,0.0
2023-01-19,226.6499938964844,227.6499938964844,223.0,223.8500061035156,252704,0.0
2023-01-20,224.4499969482422,224.75,221.8000030517578,222.1999969482422,167664,0.0
2023-01-23,222.9499969482422,224.3999938964844,220.8000030517578,222.0500030517578,187394,0.0
2023-01-24,222.1000061035156,223.0,220.1499938964844,220.75,139022,0.0
2023-01-25,220.0,220.8999938964844,218.1999969482422,219.0,129374,0.0
2023-01-27,218.6499938964844,219.8000030517578,209.9499969482422,211.25,322176,0.0
2023-01-30,209.1999969482422,211.6000061035156,201.5500030517578,206.1000061035156,538541,0.0
2023-01-31,208.8999938964844,211.0,206.25,208.8999938964844,488241,0.0
2023-02-01,208.8999938964844,214.4499969482422,202.0,204.75,343954,0.0
2023-02-02,203.3500061035156,209.8500061035156,203.0500030517578,207.3999938964844,245402,0.0
2023-02-03,208.4499969482422,211.25,204.5,209.75,301330,0.0
2023-02-06,209.75,212.5,209.0,211.25,129863,0.0
2023-02-07,211.25,211.3999938964844,205.5500030517578,207.9499969482422,154053,0.0
2023-02-08,207.4499969482422,209.0,206.3999938964844,207.3999938964844,149423,0.0
2023-02-09,208.4499969482422,211.0,206.0,209.25,166815,0.0
2023-02-10,209.25,213.0,208.0500030517578,211.5500030517578,185087,0.0
2023-02-13,207.1499938964844,215.0,204.8500061035156,212.8500061035156,472697,0.0
2023-02-14,212.0,221.0,209.4499969482422,218.6000061035156,564660,0.0
2023-02-15,219.0500030517578,232.8999938964844,217.0,229.0500030517578,746259,0.0
2023-02-16,227.5500030517578,230.8500061035156,222.5,223.5,305887,0.0
2023-02-17,223.3500061035156,224.6000061035156,220.0500030517578,223.1000061035156,194745,0.0
2023-02-20,234.5500030517578,234.5500030517578,222.5500030517578,228.1499938964844,488424,0.0
2023-02-21,226.1499938964844,230.6999969482422,224.3000030517578,229.8999938964844,307121,0.0
2023-02-22,226.0,231.8999938964844,225.1999969482422,230.1999969482422,373713,0.0
2023-02-23,230.0,230.9499969482422,225.1499938964844,229.75,347848,0.0
2023-02-24,229.8500061035156,230.5,226.8000030517578,229.6000061035156,219916,0.0
2023-02-27,228.8500061035156,230.0500030517578,223.8000030517578,228.1000061035156,376031,0.0
2023-02-28,228.75,229.8500061035156,218.8999938964844,220.4499969482422,201464,0.0
2023-03-01,219.8500061035156,222.6999969482422,219.5,221.3999938964844,129194,0.0
2023-03-02,221.3500061035156,223.6000061035156,220.0,220.8999938964844,144639,0.0
2023-03-03,221.0,223.8000030517578,220.0500030517578,221.6999969482422,138609,0.0
2023-03-06,222.25,228.0,221.5,224.6499938964844,228756,0.0
2023-03-08,222.8500061035156,230.0,222.25,227.8000030517578,300401,0.0
2023-03-09,227.0,227.8500061035156,224.0,225.1000061035156,166192,0.0
2023-03-10,223.0,225.0,221.1499938964844,222.6499938964844,98098,0.0
2023-03-13,221.5,222.0,210.0,210.6999969482422,352841,0.0
2023-03-14,210.0500030517578,212.5,205.5,206.75,196889,0.0
2023-03-15,207.5,211.3000030517578,207.1499938964844,208.3999938964844,131006,0.0
2023-03-16,207.6999969482422,209.0,204.1000061035156,205.1000061035156,331396,0.0
2023-03-17,205.3999938964844,210.0,205.3999938964844,209.1999969482422,160483,0.0
2023-03-20,207.0,209.6999969482422,205.3000030517578,206.6499938964844,209741,0.0
2023-03-21,207.0,213.5500030517578,205.1000061035156,211.5500030517578,337233,0.0
2023-03-22,211.1999969482422,213.0500030517578,208.1999969482422,209.4499969482422,180038,0.0
2023-03-23,209.3999938964844,214.5,208.6000061035156,209.9499969482422,404288,0.0
2023-03-24,209.0,210.8000030517578,203.1999969482422,203.8999938964844,301202,0.0
2023-03-27,204.1000061035156,205.0,199.1000061035156,204.0500030517578,390724,0.0
2023-03-28,204.0500030517578,208.4499969482422,203.6499938964844,206.4499969482422,561240,0.0
2023-03-29,206.0,210.5,203.3500061035156,207.0500030517578,397437,0.0
2023-03-31,208.0,211.25,205.6499938964844,206.6499938964844,418843,0.0
2023-04-03,206.5,211.1999969482422,206.5,208.1000061035156,164956,0.0
2023-04-05,209.1499938964844,216.0,208.1999969482422,215.3500061035156,455079,0.0
2023-04-06,216.4499969482422,216.4499969482422,211.5,212.6000061035156,164936,0.0
2023-04-10,211.0,213.6000061035156,209.3500061035156,209.8500061035156,144488,0.0
2023-04-11,209.8500061035156,216.3999938964844,208.9499969482422,215.5,363970,0.0
2023-04-12,215.8500061035156,221.8000030517578,214.9499969482422,219.8500061035156,422052,0.0
2023-04-13,221.0,221.1000061035156,219.9499969482422,220.3000030517578,198523,0.0
2023-04-17,218.3500061035156,219.8999938964844,214.3999938964844,218.5500030517578,469717,0.0
2023-04-18,216.6000061035156,219.0,212.0500030517578,213.5,361930,0.0
2023-04-19,214.3999938964844,216.6999969482422,212.8999938964844,213.8000030517578,189505,0.0
2023-04-20,214.4499969482422,217.0,212.4499969482422,214.6499938964844,305581,0.0
2023-04-21,214.9499969482422,219.8500061035156,211.6999969482422,212.9499969482422,328104,0.0
2023-04-24,213.1000061035156,215.6999969482422,212.8500061035156,213.3500061035156,129645,0.0
2023-04-25,212.9499969482422,215.6000061035156,212.5,213.1000061035156,166974,0.0
2023-04-26,213.0,215.8999938964844,212.5,212.8999938964844,118657,0.0
2023-04-27,213.3999938964844,215.3500061035156,211.8000030517578,212.3500061035156,176728,0.0
2023-04-28,212.4499969482422,214.0,212.4499969482422,212.8999938964844,265894,0.0
2023-05-02,212.9499969482422,222.0,212.9499969482422,221.3500061035156,1220452,0.0
2023-05-03,222.8999938964844,224.4499969482422,219.1000061035156,221.0,446692,0.0
2023-05-04,221.4499969482422,226.5,220.1000061035156,225.3000030517578,405985,0.0
2023-05-05,224.3500061035156,234.1999969482422,222.1499938964844,232.3000030517578,1658140,0.0
2023-05-08,233.1999969482422,239.8999938964844,233.1999969482422,236.75,1056631,0.0
2023-05-09,238.0,238.6999969482422,230.0,230.8000030517578,590805,0.0
2023-05-10,230.8000030517578,233.75,228.8000030517578,230.75,389347,0.0
2023-05-11,230.8999938964844,232.0,229.6000061035156,230.1499938964844,214344,0.0
2023-05-12,230.0,230.6499938964844,228.25,229.0500030517578,180065,0.0
2023-05-15,228.8000030517578,230.9499969482422,225.3500061035156,228.1000061035156,299203,0.0
2023-05-16,228.3500061035156,235.0,228.3500061035156,231.3000030517578,417845,0.0
2023-05-17,231.75,234.8999938964844,227.5,228.3999938964844,286529,0.0
2023-05-18,229.4499969482422,231.5,221.8500061035156,224.0,290643,0.0
2023-05-19,224.5,226.1499938964844,221.1999969482422,222.8500061035156,231974,0.0
2023-05-22,222.3000030517578,222.6999969482422,218.6000061035156,219.5500030517578,166343,0.0
2023-05-23,219.75,223.8500061035156,219.6999969482422,221.3000030517578,186870,0.0
2023-05-24,221.3999938964844,224.0,219.9499969482422,221.0500030517578,146347,0.0
2023-05-25,221.3000030517578,221.9499969482422,219.1000061035156,220.25,131899,0.0
2023-05-26,220.3999938964844,222.8500061035156,220.3999938964844,221.1499938964844,142019,0.0
2023-05-29,222.3000030517578,223.0,220.6999969482422,221.75,144891,0.0
2023-05-30,218.0,219.1000061035156,214.3000030517578,214.6999969482422,635798,0.0
2023-05-31,215.0,221.25,214.0,219.9499969482422,2088363,0.0
2023-06-01,220.8999938964844,228.5,220.0500030517578,225.8000030517578,754299,0.0
2023-06-02,225.8000030517578,229.8500061035156,224.5500030517578,225.0,354043,0.0
2023-06-05,226.0,226.8500061035156,219.8999938964844,220.6000061035156,513642,0.0
2023-06-06,221.25,222.6499938964844,219.8500061035156,220.6999969482422,250842,0.0
2023-06-07,221.4499969482422,223.3500061035156,221.0,221.5,211462,0.0
2023-06-08,221.8500061035156,223.9499969482422,220.0,221.25,232965,0.0
2023-06-09,221.1999969482422,223.5,218.8999938964844,219.6999969482422,256537,0.0
2023-06-12,220.1000061035156,220.6499938964844,218.5,218.75,179271,0.0
2023-06-13,220.3999938964844,223.25,219.0500030517578,220.8000030517578,300630,0.0
2023-06-14,220.9499969482422,222.25,219.1999969482422,219.8000030517578,177135,0.0
2023-06-15,219.8000030517578,221.8999938964844,218.6000061035156,219.25,172020,0.0
2023-06-16,219.75,221.6499938964844,219.5,220.25,187562,0.0
2023-06-19,220.25,221.8000030517578,218.25,218.8999938964844,233270,0.0
2023-06-20,218.8500061035156,220.1999969482422,218.0,218.4499969482422,159468,0.0
2023-06-21,220.4499969482422,222.8500061035156,218.5,219.1999969482422,232578,0.0
2023-06-22,219.1999969482422,224.0,217.0500030517578,222.6000061035156,634616,0.0
2023-06-23,224.5,224.9499969482422,217.6999969482422,220.5,547642,0.0
2023-06-26,219.0,220.3999938964844,216.0500030517578,217.5500030517578,383303,0.0
2023-06-27,217.5500030517578,220.0,217.1499938964844,218.0,238802,0.0
2023-06-28,217.6000061035156,219.3500061035156,216.25,216.4499969482422,287035,0.0
2023-06-30,216.5,223.3000030517578,216.5,221.1499938964844,613894,0.0
2023-07-03,222.0500030517578,225.0,220.1000061035156,220.3999938964844,697539,0.0
2023-07-04,220.9499969482422,221.6499938964844,217.1999969482422,217.9499969482422,288547,0.0
2023-07-05,219.9499969482422,219.9499969482422,215.5,215.9499969482422,444899,0.0
2023-07-06,215.9499969482422,216.8500061035156,213.3000030517578,214.1000061035156,771065,0.0
2023-07-07,215.0,215.25,207.8999938964844,208.8500061035156,1673164,0.0
2023-07-10,211.8500061035156,213.8999938964844,204.3500061035156,205.4499969482422,1522759,0.0
2023-07-11,207.1999969482422,211.3000030517578,206.1999969482422,207.9499969482422,766181,0.0
2023-07-12,208.25,209.5,207.3000030517578,208.0500030517578,257244,0.0
2023-07-13,208.1999969482422,210.3999938964844,207.8000030517578,208.1000061035156,393135,0.0
2023-07-14,208.1499938964844,212.8000030517578,208.1000061035156,211.1999969482422,493055,0.0
2023-07-17,212.4499969482422,213.3999938964844,210.9499969482422,211.8999938964844,400895,0.0
2023-07-18,212.0500030517578,213.8500061035156,209.8999938964844,211.1000061035156,532028,0.0
2023-07-19,210.5,214.4499969482422,210.5,213.9499969482422,793557,0.0
2023-07-20,214.0,215.6999969482422,212.3500061035156,212.6999969482422,448906,0.0
2023-07-21,212.1499938964844,213.1999969482422,211.0500030517578,212.3999938964844,334285,0.0
2023-07-24,210.6499938964844,211.8999938964844,210.0,210.0500030517578,254088,3.0
2023-07-25,211.0,211.1499938964844,207.9499969482422,209.25,328224,0.0
2023-07-26,209.5500030517578,214.0,209.0,213.4499969482422,500422,0.0
2023-07-27,212.25,213.5500030517578,210.1000061035156,210.6999969482422,281180,0.0
2023-07-28,210.6999969482422,215.0500030517578,210.4499969482422,214.4499969482422,518431,0.0
2023-07-31,216.6999969482422,225.6999969482422,216.0500030517578,220.8000030517578,3751909,0.0
2023-08-01,215.0,233.1999969482422,214.25,227.8000030517578,2908142,0.0
2023-08-02,229.6999969482422,231.6000061035156,222.25,223.6999969482422,1071705,0.0
2023-08-03,222.8000030517578,226.1499938964844,218.0,218.6000061035156,731720,0.0
2023-08-04,220.1999969482422,225.5,218.9499969482422,224.3999938964844,709559,0.0
2023-08-07,226.6999969482422,229.8000030517578,225.1999969482422,228.5,665794,0.0
2023-08-08,229.1000061035156,229.6499938964844,223.1000061035156,224.0,422381,0.0
2023-08-09,223.1999969482422,225.3000030517578,222.0,223.0,215191,0.0
2023-08-10,224.0,228.75,220.75,227.25,623441,0.0
2023-08-11,227.0500030517578,234.3500061035156,225.0500030517578,231.8999938964844,1386638,0.0
2023-08-14,233.8999938964844,233.8999938964844,224.0,225.1000061035156,592693,0.0
2023-08-16,224.1000061035156,233.0,221.5,231.1999969482422,899629,0.0
2023-08-17,231.3999938964844,231.3999938964844,225.25,226.1999969482422,390605,0.0
2023-08-18,225.75,229.6000061035156,223.0,225.0500030517578,389149,0.0
2023-08-21,224.1999969482422,226.1499938964844,222.5,223.25,391593,0.0
2023-08-22,223.25,226.4499969482422,221.0,222.25,355715,0.0
2023-08-23,222.6000061035156,224.75,218.0,218.4499969482422,696617,0.0
2023-08-24,219.0,222.5,215.25,215.75,834215,0.0
2023-08-25,215.0500030517578,218.1999969482422,209.75,211.25,1627349,0.0
2023-08-28,213.25,219.1000061035156,211.9499969482422,218.0500030517578,658621,0.0
2023-08-29,218.5,229.8000030517578,216.1999969482422,228.6999969482422,3470257,0.0
2023-08-30,229.8000030517578,230.0,223.75,224.5500030517578,1089073,0.0
2023-08-31,225.8999938964844,227.0,222.5,224.4499969482422,802121,0.0
2023-09-01,225.6000061035156,228.3000030517578,219.4499969482422,220.0,1465156,0.0
2023-09-04,222.0,227.0,220.1000061035156,223.0500030517578,1329082,0.0
2023-09-05,224.9499969482422,242.75,224.3500061035156,240.5,6406984,0.0
2023-09-06,243.0,244.0,236.1499938964844,238.3500061035156,3358434,0.0
2023-09-07,239.6999969482422,245.0,239.0,242.75,2103735,0.0
2023-09-08,243.8999938964844,253.3000030517578,242.1999969482422,248.5500030517578,4694516,0.0
2023-09-11,251.6999969482422,253.6000061035156,249.0,251.6999969482422,1607773,0.0
2023-09-12,253.0,253.5,236.6000061035156,239.25,1964459,0.0
2023-09-13,239.25,251.8500061035156,236.9499969482422,248.9499969482422,1991788,0.0
2023-09-14,251.3500061035156,254.8999938964844,242.6000061035156,245.5,1556791,0.0
2023-09-15,246.25,248.0,242.6499938964844,245.8999938964844,557962,0.0
2023-09-18,245.8500061035156,245.8500061035156,240.1999969482422,241.0,400728,0.0
2023-09-20,240.5500030517578,243.4499969482422,238.8500061035156,242.1000061035156,476497,0.0
2023-09-21,242.8999938964844,244.8999938964844,236.0500030517578,237.3999938964844,701517,0.0
2023-09-22,237.5,240.9499969482422,233.6999969482422,235.25,468088,0.0
2023-09-25,234.6999969482422,237.9499969482422,231.3999938964844,231.8999938964844,392737,0.0
2023-09-26,231.8999938964844,239.3500061035156,231.8999938964844,232.8000030517578,510450,0.0
2023-09-27,232.9499969482422,234.3500061035156,230.8000030517578,232.1999969482422,271657,0.0
2023-09-28,233.3999938964844,234.1000061035156,226.0,226.8000030517578,678979,0.0
2023-09-29,227.75,230.6000061035156,226.1999969482422,227.8500061035156,638046,0.0
2023-10-03,227.0,229.8999938964844,225.0,226.9499969482422,441662,0.0
2023-10-04,226.0,227.8999938964844,222.75,224.8999938964844,382012,0.0
2023-10-05,225.3999938964844,229.5,225.3999938964844,226.8000030517578,327555,0.0
2023-10-06,227.9499969482422,228.4499969482422,225.3000030517578,225.9499969482422,231880,0.0
2023-10-09,223.8000030517578,224.0,219.4499969482422,221.8500061035156,295013,0.0
2023-10-10,221.5,223.8500061035156,219.4499969482422,221.6499938964844,333924,0.0
2023-10-11,222.8999938964844,229.1499938964844,222.8999938964844,225.6499938964844,455595,0.0
2023-10-12,225.6499938964844,238.3999938964844,225.0500030517578,236.1999969482422,1425895,0.0
2023-10-13,235.0,239.8500061035156,231.8999938964844,233.6499938964844,595298,0.0
2023-10-16,234.8500061035156,235.6999969482422,232.0,233.1000061035156,234934,0.0
2023-10-17,233.4499969482422,241.0,233.4499969482422,237.5500030517578,639230,0.0
2023-10-18,238.1000061035156,240.8999938964844,230.25,231.8500061035156,670613,0.0
2023-10-19,231.5500030517578,233.8000030517578,231.0,232.5500030517578,255020,0.0
2023-10-20,231.8999938964844,237.8999938964844,228.1000061035156,228.8000030517578,450909,0.0
2023-10-23,228.8000030517578,229.6000061035156,217.8500061035156,219.1499938964844,681751,0.0
2023-10-25,219.3000030517578,224.75,211.6499938964844,217.3500061035156,590299,0.0
2023-10-26,216.0,221.0,210.3000030517578,215.25,1135472,0.0
2023-10-27,216.1999969482422,222.3000030517578,216.1999969482422,220.3500061035156,299912,0.0
2023-10-30,220.5,224.3000030517578,218.3999938964844,221.25,256442,0.0
2023-10-31,221.3999938964844,224.3000030517578,220.0,221.5,159181,0.0
2023-11-01,221.5,223.1000061035156,216.0,216.6000061035156,300764,0.0
2023-11-02,218.1499938964844,221.0,216.8999938964844,217.8000030517578,297632,0.0
2023-11-03,213.0,218.0,211.1000061035156,215.3500061035156,1040680,0.0
2023-11-06,216.4499969482422,219.8500061035156,213.6499938964844,215.8999938964844,658232,0.0
2023-11-07,215.8999938964844,222.4499969482422,215.8999938964844,218.1499938964844,694734,0.0
2023-11-08,219.0,222.5,217.9499969482422,221.1499938964844,421673,0.0
2023-11-09,222.3000030517578,226.5,220.8000030517578,224.9499969482422,555859,0.0
2023-11-10,224.8999938964844,227.9499969482422,223.3999938964844,225.3999938964844,389012,0.0
2023-11-13,226.1000061035156,226.3000030517578,220.8500061035156,221.9499969482422,277651,0.0
2023-11-15,224.0,224.8999938964844,221.1000061035156,223.8500061035156,382868,0.0
2023-11-16,223.75,237.6999969482422,223.6499938964844,235.25,2436306,0.0
2023-11-17,234.8999938964844,249.6999969482422,230.6499938964844,244.8999938964844,2926641,0.0
2023-11-20,246.0,246.0,236.1499938964844,239.25,1026870,0.0
2023-11-21,239.25,247.5,238.0,242.6000061035156,1215952,0.0
2023-11-22,243.0500030517578,244.0,237.0500030517578,239.6999969482422,499400,0.0
2023-11-23,240.9499969482422,249.0,240.5500030517578,243.5,1563670,0.0
2023-11-24,243.8999938964844,245.5,239.0500030517578,239.75,396549,0.0
2023-11-28,239.75,241.5,233.3000030517578,234.0,697005,0.0
2023-11-29,235.0500030517578,236.4499969482422,228.6499938964844,229.1499938964844,671634,0.0
2023-11-30,228.8000030517578,243.6499938964844,228.8000030517578,230.5,3026403,0.0
2023-12-01,233.6499938964844,248.75,233.6499938964844,246.0500030517578,4703640,0.0
2023-12-04,249.8000030517578,253.25,243.75,244.8500061035156,1815184,0.0
2023-12-05,244.9499969482422,248.3000030517578,241.0,242.6000061035156,666876,0.0
2023-12-06,243.6499938964844,249.5,242.3999938964844,245.9499969482422,1225620,0.0
2023-12-07,246.8000030517578,249.5500030517578,244.3000030517578,245.6499938964844,484511,0.0
2023-12-08,252.0,261.6000061035156,252.0,258.45001220703125,6921680,0.0
2023-12-11,260.0,271.3999938964844,260.0,268.1000061035156,4795628,0.0
2023-12-12,268.8500061035156,269.45001220703125,258.54998779296875,259.70001220703125,1484396,0.0
2023-12-13,260.6499938964844,264.20001220703125,255.1999969482422,261.8999938964844,1150420,0.0
2023-12-14,262.6000061035156,269.8999938964844,261.0,262.45001220703125,1041867,0.0
2023-12-15,265.0,269.04998779296875,264.04998779296875,265.1000061035156,1541937,0.0
2023-12-18,267.1499938964844,269.04998779296875,263.79998779296875,265.04998779296875,1085354,0.0
2023-12-19,265.0,276.1499938964844,261.5,273.6000061035156,4194717,0.0
2023-12-20,274.1000061035156,276.29998779296875,254.25,256.5,2642031,0.0
2023-12-21,256.0,263.5,253.5500030517578,259.70001220703125,1221003,0.0
2023-12-22,260.0,269.0,260.0,263.54998779296875,1187604,0.0
2023-12-26,264.8999938964844,280.0,260.8999938964844,277.95001220703125,3542350,0.0
2023-12-27,279.8500061035156,281.29998779296875,273.54998779296875,276.29998779296875,3017633,0.0
2023-12-28,277.0,278.0,270.04998779296875,271.5,1212610,0.0
2023-12-29,272.29998779296875,275.54998779296875,268.70001220703125,273.54998779296875,963133,0.0
2024-01-01,273.54998779296875,279.1499938964844,272.04998779296875,274.1499938964844,1089155,0.0
2024-01-02,274.3999938964844,285.45001220703125,268.25,282.8999938964844,4616512,0.0
2024-01-03,282.0,284.70001220703125,278.04998779296875,279.45001220703125,1199360,0.0
2024-01-04,281.70001220703125,281.70001220703125,274.54998779296875,278.1499938964844,877662,0.0
2024-01-05,278.95001220703125,279.70001220703125,272.6000061035156,274.79998779296875,1174268,0.0
2024-01-08,274.04998779296875,275.0,266.8999938964844,268.45001220703125,1227453,0.0
2024-01-09,268.45001220703125,270.1000061035156,265.1499938964844,267.45001220703125,492184,0.0
2024-01-10,267.20001220703125,270.29998779296875,262.29998779296875,268.5,697263,0.0
2024-01-11,268.5,270.25,264.1000061035156,266.0,674097,0.0
2024-01-12,266.0,273.0,264.29998779296875,265.8999938964844,688495,0.0
2024-01-15,265.8999938964844,284.5,263.29998779296875,279.8500061035156,3746208,0.0
2024-01-16,282.0,283.3999938964844,267.95001220703125,271.3500061035156,1322017,0.0
2024-01-17,268.95001220703125,271.6000061035156,263.95001220703125,269.0,913677,0.0
2024-01-18,268.54998779296875,270.29998779296875,258.0,267.6000061035156,1065984,0.0
2024-01-19,269.1499938964844,273.8999938964844,268.1000061035156,272.45001220703125,697218,0.0
2024-01-23,268.0,269.70001220703125,254.75,256.6000061035156,960514,0.0
2024-01-24,256.6000061035156,267.5,254.0500030517578,265.95001220703125,776512,0.0
2024-01-25,266.0,277.3999938964844,266.0,270.25,1157919,0.0
2024-01-29,272.6499938964844,277.04998779296875,270.0,270.8500061035156,653292,0.0
2024-01-30,270.6000061035156,272.3999938964844,268.0,269.04998779296875,422709,0.0
2024-01-31,268.0,273.5,266.70001220703125,269.29998779296875,499660,0.0
2024-02-01,269.45001220703125,270.0,263.0,266.8500061035156,621154,0.0
2024-02-02,267.8999938964844,280.95001220703125,266.1000061035156,273.3999938964844,2577947,0.0
2024-02-05,274.95001220703125,278.1499938964844,269.54998779296875,271.79998779296875,808576,0.0
2024-02-06,272.8999938964844,273.1000061035156,264.6000061035156,269.6000061035156,799294,0.0
2024-02-07,269.8999938964844,282.0,263.04998779296875,278.8999938964844,3966206,0.0
2024-02-08,284.0,285.0,267.5,270.1000061035156,2858237,0.0
2024-02-09,272.0,273.8500061035156,262.0,264.8500061035156,1226378,0.0
2024-02-12,265.70001220703125,268.3999938964844,258.75,261.1499938964844,771938,0.0
2024-02-13,262.5,262.5,252.5500030517578,258.29998779296875,538135,0.0
2024-02-14,254.0,270.79998779296875,252.0,268.1000061035156,776889,0.0
2024-02-15,268.8999938964844,282.0,265.04998779296875,279.6000061035156,2148016,0.0
2024-02-16,283.54998779296875,284.0,274.54998779296875,275.6000061035156,1309510,0.0
2024-02-19,275.8999938964844,292.25,275.8999938964844,290.79998779296875,5908461,0.0
2024-02-20,293.25,297.79998779296875,289.1000061035156,291.6000061035156,3206721,0.0
2024-02-21,293.04998779296875,293.29998779296875,281.0,282.45001220703125,1397319,0.0
2024-02-22,283.29998779296875,284.70001220703125,273.29998779296875,277.0,1270378,0.0
2024-02-23,279.3999938964844,283.8999938964844,273.3500061035156,275.25,994689,0.0
2024-02-26,276.25,276.3999938964844,271.54998779296875,272.95001220703125,481770,0.0
2024-02-27,273.0,275.79998779296875,268.79998779296875,271.6499938964844,716276,0.0
2024-02-28,272.0,272.25,257.54998779296875,260.0,1187868,0.0
2024-02-29,259.54998779296875,265.0,255.1999969482422,262.3999938964844,632806,0.0
2024-03-01,262.45001220703125,266.5,262.0,263.25,342407,0.0
2024-03-04,266.45001220703125,267.1000061035156,261.0,262.29998779296875,357831,0.0
2024-03-05,261.0,265.45001220703125,257.04998779296875,258.20001220703125,487064,0.0
2024-03-06,258.6499938964844,260.5,250.6000061035156,257.25,809951,0.0
2024-03-07,257.0,262.75,255.1000061035156,255.8999938964844,317392,0.0
2024-03-11,257.75,258.75,245.5,246.8500061035156,632390,0.0
2024-03-12,246.8500061035156,247.4499969482422,238.0500030517578,240.4499969482422,717964,0.0
2024-03-13,242.8999938964844,243.1000061035156,220.1999969482422,224.3999938964844,1230354,0.0
2024-03-14,222.0,238.75,222.0,237.1499938964844,895145,0.0
2024-03-15,238.6000061035156,246.8000030517578,235.1999969482422,243.3999938964844,734733,0.0
2024-03-18,243.0,257.3999938964844,242.0,254.1499938964844,752445,0.0
2024-03-19,254.0,256.8999938964844,242.5500030517578,244.1000061035156,838960,0.0
2024-03-20,245.4499969482422,247.9499969482422,237.8999938964844,243.3500061035156,606902,0.0
2024-03-21,245.0,249.9499969482422,244.0500030517578,247.8000030517578,521490,0.0
2024-03-22,247.0,253.4499969482422,246.75,248.6000061035156,498824,0.0
2024-03-26,248.6000061035156,252.5500030517578,245.0,246.3500061035156,525638,0.0
2024-03-27,250.1499938964844,254.9499969482422,247.8999938964844,250.0,1124260,0.0
2024-03-28,251.9499969482422,259.0,247.1000061035156,250.1000061035156,1015712,0.0
2024-04-01,251.0,261.8500061035156,251.0,258.79998779296875,570023,0.0
2024-04-02,260.0,263.79998779296875,255.0500030517578,260.70001220703125,510046,0.0
2024-04-03,260.0,275.8999938964844,259.04998779296875,275.20001220703125,2242243,0.0
2024-04-04,276.3999938964844,278.79998779296875,268.54998779296875,276.25,1145064,0.0
2024-04-05,273.45001220703125,274.20001220703125,270.04998779296875,270.8999938964844,487833,0.0
2024-04-08,272.0,272.6499938964844,265.1000061035156,266.3500061035156,322481,0.0
2024-04-09,267.8999938964844,268.8999938964844,262.04998779296875,264.29998779296875,323098,0.0
2024-04-10,263.6000061035156,275.79998779296875,263.6000061035156,271.54998779296875,1013661,0.0
2024-04-12,270.0,272.79998779296875,267.70001220703125,268.6499938964844,584872,0.0
2024-04-15,260.0,268.3500061035156,256.5,261.70001220703125,592228,0.0
2024-04-16,260.0,269.6499938964844,259.0,266.79998779296875,458691,0.0
2024-04-18,267.0,268.29998779296875,257.8999938964844,259.5,604656,0.0
2024-04-19,255.5,264.0,253.25,260.95001220703125,320064,0.0
2024-04-22,261.8999938964844,264.8500061035156,259.95001220703125,261.8500061035156,378149,0.0
2024-04-23,261.8500061035156,281.5,261.20001220703125,277.8999938964844,2537651,0.0
2024-04-24,280.79998779296875,280.79998779296875,275.54998779296875,277.0,929691,0.0
2024-04-25,277.04998779296875,282.79998779296875,274.29998779296875,275.79998779296875,1608328,0.0
2024-04-26,277.20001220703125,279.29998779296875,274.0,277.04998779296875,613526,0.0
2024-04-29,277.0,277.75,272.04998779296875,272.8999938964844,428396,0.0
2024-04-30,274.0,274.70001220703125,267.5,268.95001220703125,508345,0.0
2024-05-02,269.0,270.5,264.6000061035156,265.3999938964844,330084,0.0
2024-05-03,265.6499938964844,266.95001220703125,261.29998779296875,262.5,306160,0.0
2024-05-06,262.8500061035156,266.0,257.3999938964844,258.3999938964844,250725,0.0
2024-05-07,257.0,266.0,255.5500030517578,264.3999938964844,822600,0.0
2024-05-08,264.3999938964844,267.70001220703125,262.0,266.0,329718,0.0
2024-05-09,266.04998779296875,267.3500061035156,255.1999969482422,256.6000061035156,281758,0.0
2024-05-10,256.0,259.5,253.6999969482422,256.95001220703125,224600,0.0
2024-05-13,256.95001220703125,257.45001220703125,249.0500030517578,253.1000061035156,556243,0.0
2024-05-14,253.8000030517578,258.29998779296875,253.75,255.6000061035156,289721,0.0
2024-05-15,257.5,260.45001220703125,255.0500030517578,255.4499969482422,216201,0.0
2024-05-16,256.0,262.25,255.0,257.25,320495,0.0
2024-05-17,257.95001220703125,265.20001220703125,257.29998779296875,261.6000061035156,585425,0.0
2024-05-21,260.5,267.04998779296875,258.54998779296875,264.95001220703125,432754,0.0
2024-05-22,265.0,266.75,261.1499938964844,261.70001220703125,304359,0.0
2024-05-23,262.0,263.0,256.79998779296875,257.5,319134,0.0
2024-05-24,257.5,259.79998779296875,255.1999969482422,257.75,317432,0.0
2024-05-27,257.75,260.54998779296875,254.1000061035156,258.25,305697,0.0
2024-05-28,258.25,265.95001220703125,254.1999969482422,263.3500061035156,502292,0.0
2024-05-29,264.1000061035156,264.70001220703125,255.5,256.95001220703125,355773,0.0
2024-05-30,257.0,262.95001220703125,255.0,259.25,553373,0.0
2024-05-31,260.0,260.0,252.0,253.1000061035156,353050,0.0
2024-06-03,257.0,260.0,254.3000030517578,257.0,598098,0.0
2024-06-04,256.1499938964844,256.20001220703125,217.9499969482422,228.1499938964844,1206337,0.0
2024-06-05,230.25,244.6999969482422,230.1999969482422,243.5500030517578,551990,0.0
2024-06-06,245.0,254.0,244.5,252.75,445375,0.0
2024-06-07,252.75,259.8500061035156,251.6000061035156,257.29998779296875,451027,0.0
2024-06-10,258.75,265.95001220703125,254.3500061035156,264.8999938964844,1169861,0.0
2024-06-11,265.0,273.0,262.25,268.3500061035156,1062777,0.0
2024-06-12,269.0,273.5,265.5,266.3500061035156,838994,0.0
2024-06-13,267.0,273.3999938964844,267.0,269.8500061035156,725215,0.0
2024-06-14,270.0,273.3999938964844,268.0,268.95001220703125,746411,0.0
2024-06-18,270.0,283.0,267.6499938964844,276.1499938964844,3152536,0.0
2024-06-19,280.0,288.6499938964844,274.79998779296875,280.0,3005588,0.0
2024-06-20,281.6000061035156,311.1499938964844,279.6499938964844,308.8999938964844,11866638,0.0
2024-06-21,310.0,311.3500061035156,290.1000061035156,291.75,3363082,0.0
2024-06-24,291.0,291.70001220703125,284.6499938964844,285.75,1252582,0.0
2024-06-25,286.29998779296875,292.8500061035156,282.29998779296875,283.95001220703125,1656266,0.0
2024-06-26,283.95001220703125,288.29998779296875,280.70001220703125,282.6499938964844,639965,0.0
2024-06-27,282.1000061035156,284.3500061035156,270.95001220703125,274.70001220703125,974502,0.0
2024-06-28,275.8999938964844,279.29998779296875,273.04998779296875,275.8999938964844,549654,0.0
2024-07-01,277.0,286.6499938964844,276.79998779296875,283.54998779296875,810792,0.0
2024-07-02,284.0,289.0,281.0,285.04998779296875,819884,0.0
2024-07-03,285.0,293.70001220703125,284.25,292.1000061035156,1136481,0.0
2024-07-04,294.0,304.3500061035156,289.0,302.6499938964844,2517046,0.0
2024-07-05,303.70001220703125,310.0,301.5,306.3999938964844,2838034,0.0
2024-07-08,306.79998779296875,307.79998779296875,299.79998779296875,302.1499938964844,1126472,0.0
2024-07-09,302.54998779296875,308.79998779296875,296.54998779296875,298.3500061035156,873006,0.0
2024-07-10,298.3500061035156,299.1000061035156,283.20001220703125,288.75,818021,0.0
2024-07-11,290.0,295.8999938964844,288.79998779296875,293.1499938964844,419390,0.0
2024-07-12,293.0,302.6499938964844,292.75,300.5,1116087,0.0
2024-07-15,302.0,302.6499938964844,289.0,291.04998779296875,797794,0.0
2024-07-16,292.8999938964844,319.0,292.3500061035156,313.3500061035156,8907566,0.0
2024-07-18,315.79998779296875,319.75,304.29998779296875,308.8500061035156,2486311,0.0
2024-07-19,309.0,309.0,291.1000061035156,292.8999938964844,1326373,0.0
2024-07-22,292.8999938964844,305.1499938964844,285.1000061035156,299.5,1410640,0.0
2024-07-23,300.0,300.0,281.1000061035156,292.20001220703125,1134845,0.0
2024-07-24,292.70001220703125,300.0,292.20001220703125,296.20001220703125,445608,0.0
2024-07-25,295.0,309.54998779296875,292.5,304.54998779296875,1578524,0.0
2024-07-26,302.6000061035156,314.79998779296875,302.1000061035156,310.29998779296875,1303735,3.0
2024-07-29,310.5,317.95001220703125,305.0,306.3500061035156,1436648,0.0
2024-07-30,306.95001220703125,314.0,306.0,307.5,687223,0.0
2024-07-31,309.54998779296875,332.95001220703125,306.04998779296875,330.54998779296875,10673709,0.0
2024-08-01,333.70001220703125,336.0,320.79998779296875,324.25,3629347,0.0
2024-08-02,321.8500061035156,331.8500061035156,317.1000061035156,318.20001220703125,2270484,0.0
2024-08-05,309.0,310.8500061035156,295.1499938964844,297.29998779296875,1518735,0.0
2024-08-06,297.79998779296875,310.0,288.1000061035156,291.3999938964844,1384880,0.0
2024-08-07,296.0,304.0,293.45001220703125,300.75,768918,0.0
2024-08-08,302.0,309.0,283.04998779296875,285.5,2597422,0.0
2024-08-09,288.0,304.5,285.0,302.6000061035156,2441516,0.0
2024-08-12,302.0,302.3500061035156,295.0,295.70001220703125,922517,0.0
2024-08-13,296.79998779296875,297.20001220703125,285.0,286.25,698770,0.0
2024-08-14,286.04998779296875,287.20001220703125,277.0,278.8500061035156,1356070,0.0
2024-08-16,284.45001220703125,290.75,281.0,288.20001220703125,616804,0.0
2024-08-19,289.5,291.04998779296875,285.0,285.6000061035156,607489,0.0
2024-08-20,286.0,291.0,285.70001220703125,287.54998779296875,418095,0.0
2024-08-21,288.0,295.70001220703125,287.54998779296875,292.45001220703125,634099,0.0
2024-08-22,293.95001220703125,299.75,293.0,294.8999938964844,859416,0.0
2024-08-23,295.79998779296875,297.0,288.3500061035156,289.6000061035156,422208,0.0
2024-08-26,291.0,295.79998779296875,287.8999938964844,289.8999938964844,416154,0.0
2024-08-27,291.3999938964844,295.5,287.5,288.45001220703125,440450,0.0
2024-08-28,288.45001220703125,291.25,284.3999938964844,285.3500061035156,364638,0.0
2024-08-29,284.0,285.8999938964844,279.5,283.95001220703125,394870,0.0
2024-08-30,284.0,286.75,281.1000061035156,282.6499938964844,253242,0.0
2024-09-02,281.20001220703125,290.0,278.6499938964844,287.8999938964844,543851,0.0
2024-09-03,287.8999938964844,291.95001220703125,281.45001220703125,289.8500061035156,845724,0.0
2024-09-04,284.5,289.20001220703125,284.0,285.3500061035156,294241,0.0
2024-09-05,286.3500061035156,297.0,281.0,295.1000061035156,1138926,0.0
2024-09-06,295.0,301.70001220703125,289.04998779296875,298.3500061035156,1053826,0.0
2024-09-09,286.0,292.0,284.04998779296875,287.20001220703125,645404,0.0
2024-09-10,289.79998779296875,296.3500061035156,289.0,292.54998779296875,577836,0.0
2024-09-11,293.70001220703125,298.54998779296875,288.0,288.8999938964844,442751,0.0
2024-09-12,289.04998779296875,290.79998779296875,285.25,286.6000061035156,212622,0.0
2024-09-13,288.45001220703125,291.5,286.0,287.0,292890,0.0
2024-09-16,287.0,288.6000061035156,284.0,285.3500061035156,278528,0.0
2024-09-17,285.6499938964844,287.6499938964844,282.75,284.0,306602,0.0
2024-09-18,283.0,285.8999938964844,280.0,281.54998779296875,236936,0.0
2024-09-19,283.8999938964844,284.3500061035156,271.75,274.79998779296875,809685,0.0
2024-09-20,274.0,278.95001220703125,269.3999938964844,270.8500061035156,468957,0.0
2024-09-23,271.25,274.25,268.20001220703125,271.75,559994,0.0
2024-09-24,272.1000061035156,273.5,266.8999938964844,270.25,721551,0.0
2024-09-25,271.5,285.8500061035156,269.3999938964844,282.25,852761,0.0
2024-09-26,286.70001220703125,286.79998779296875,276.5,280.20001220703125,966918,0.0
2024-09-27,280.20001220703125,296.8500061035156,280.20001220703125,287.3999938964844,1709991,0.0
2024-09-30,286.5,296.0,285.45001220703125,290.3500061035156,717846,0.0
2024-10-01,290.95001220703125,299.75,288.6000061035156,291.3500061035156,852062,0.0
2024-10-03,285.0,294.6499938964844,284.29998779296875,289.1499938964844,584616,0.0
2024-10-04,289.0,291.8999938964844,279.1499938964844,283.95001220703125,560421,0.0
2024-10-07,284.0,286.29998779296875,271.0,273.45001220703125,648622,0.0
2024-10-08,272.45001220703125,279.95001220703125,267.8999938964844,278.8999938964844,462462,0.0
2024-10-09,280.0,286.1000061035156,278.54998779296875,284.95001220703125,384518,0.0
2024-10-10,288.0,298.0,288.0,289.54998779296875,748975,0.0
2024-10-11,289.0,294.1499938964844,287.6000061035156,290.1499938964844,289257,0.0
2024-10-14,291.6000061035156,293.0,285.25,287.04998779296875,160737,0.0
2024-10-15,288.5,299.5,288.5,297.6000061035156,791813,0.0
2024-10-16,298.0,305.1000061035156,295.25,303.75,1395986,0.0
2024-10-17,304.5,306.54998779296875,298.04998779296875,301.6499938964844,743469,0.0
2024-10-18,298.04998779296875,298.70001220703125,289.25,294.25,524974,0.0
2024-10-21,296.0,297.8500061035156,288.1499938964844,290.0,377089,0.0
2024-10-22,288.5,290.04998779296875,275.0,275.6499938964844,503980,0.0
2024-10-23,273.1000061035156,281.8500061035156,271.1000061035156,278.0,341630,0.0
2024-10-24,278.0,279.79998779296875,273.20001220703125,274.29998779296875,210956,0.0
2024-10-25,274.29998779296875,276.0,262.29998779296875,264.95001220703125,433493,0.0
2024-10-28,265.8999938964844,274.1000061035156,261.1000061035156,271.3999938964844,377357,0.0
2024-10-29,272.79998779296875,276.1499938964844,269.45001220703125,275.1000061035156,233794,0.0
2024-10-30,275.0,284.75,273.5,281.45001220703125,325602,0.0
2024-10-31,280.0,291.0,279.6000061035156,287.8999938964844,337262,0.0
2024-11-01,289.0,291.20001220703125,284.20001220703125,286.25,72039,0.0
2024-11-04,286.0,286.04998779296875,271.20001220703125,274.5,598275,0.0
2024-11-05,273.8500061035156,277.45001220703125,272.3999938964844,276.04998779296875,292469,0.0
2024-11-06,276.29998779296875,286.0,275.6499938964844,284.54998779296875,385062,0.0
2024-11-07,284.54998779296875,287.70001220703125,281.79998779296875,282.8500061035156,253982,0.0
2024-11-08,282.8500061035156,283.1499938964844,277.20001220703125,277.6499938964844,248972,0.0
2024-11-11,276.0,279.70001220703125,273.1000061035156,275.1499938964844,244423,0.0
2024-11-12,277.0,277.95001220703125,266.0,267.3500061035156,243984,0.0
2024-11-13,266.5,266.75,252.3500061035156,253.8000030517578,470920,0.0
2024-11-14,254.9499969482422,269.54998779296875,254.9499969482422,265.54998779296875,553309,0.0
2024-11-18,265.0,270.8500061035156,257.20001220703125,258.6000061035156,274828,0.0
2024-11-19,260.0,266.79998779296875,259.8999938964844,261.75,203763,0.0
2024-11-21,261.75,261.75,255.6000061035156,257.1000061035156,251558,0.0
2024-11-22,257.8500061035156,261.75,255.8000030517578,259.04998779296875,172583,0.0
2024-11-25,262.0,266.0,261.6000061035156,263.1499938964844,202386,0.0
2024-11-26,263.1499938964844,266.70001220703125,256.0,258.6499938964844,413426,0.0
2024-11-27,260.0,264.95001220703125,258.45001220703125,260.75,526875,0.0
2024-11-28,263.20001220703125,266.5,260.75,262.6499938964844,292655,0.0
2024-11-29,264.0,265.6499938964844,259.3999938964844,263.6000061035156,435297,0.0
2024-12-02,263.6499938964844,272.70001220703125,261.6499938964844,271.6499938964844,616983,0.0
2024-12-03,273.0,281.8500061035156,273.0,278.0,790646,0.0
2024-12-04,278.0,291.29998779296875,277.29998779296875,287.95001220703125,877281,0.0
2024-12-05,290.0,292.1499938964844,280.0,281.04998779296875,713502,0.0
2024-12-06,281.8999938964844,291.0,280.8999938964844,288.70001220703125,622352,0.0
2024-12-09,288.70001220703125,290.8999938964844,282.3500061035156,283.0,246113,0.0
2024-12-10,282.45001220703125,286.5,277.70001220703125,281.1000061035156,551449,0.0
2024-12-11,281.20001220703125,284.1000061035156,275.0,277.1499938964844,378367,0.0
2024-12-12,277.1499938964844,280.1000061035156,273.1000061035156,274.95001220703125,282756,0.0
2024-12-13,274.29998779296875,275.0,269.6000061035156,273.3999938964844,302874,0.0
2024-12-16,272.6499938964844,275.8999938964844,271.95001220703125,273.8500061035156,169864,0.0
2024-12-17,273.8500061035156,274.5,268.0,269.04998779296875,223224,0.0
2024-12-18,268.79998779296875,269.29998779296875,260.1499938964844,261.3999938964844,316355,0.0
2024-12-19,262.0,262.95001220703125,258.0,260.6499938964844,204520,0.0
2024-12-20,261.0,263.5,250.1000061035156,251.25,365173,0.0
2024-12-23,253.6499938964844,255.8999938964844,246.1999969482422,247.4499969482422,317519,0.0
2024-12-24,247.5,251.8000030517578,243.8999938964844,244.8500061035156,281834,0.0
2024-12-26,246.0,246.3999938964844,241.5,242.3000030517578,300614,0.0
2024-12-27,243.8000030517578,246.25,241.8000030517578,243.6499938964844,300858,0.0
2024-12-30,244.6000061035156,246.3500061035156,239.75,240.8999938964844,250667,0.0
2024-12-31,241.75,244.1999969482422,239.1000061035156,243.6999969482422,208135,0.0
2025-01-01,243.6499938964844,257.0,242.009994506836,252.8300018310547,405640,0.0
2025-01-02,254.9499969482422,254.9499969482422,248.8999938964844,250.2100067138672,244936,0.0
2025-01-03,249.8000030517578,254.88999938964844,248.57000732421875,251.9499969482422,235118,0.0
2025-01-06,252.3999938964844,252.75,236.5200042724609,237.9499969482422,310197,0.0
2025-01-07,239.6999969482422,251.5,239.3800048828125,247.2899932861328,282154,0.0
2025-01-08,248.0,249.4499969482422,239.5800018310547,241.6699981689453,377827,0.0
2025-01-09,241.6699981689453,249.1999969482422,240.0,242.1199951171875,486990,0.0
2025-01-10,242.0,242.91000366210932,235.1999969482422,236.22999572753903,365990,0.0
2025-01-13,228.5,237.58999633789065,228.5,231.5399932861328,469625,0.0
2025-01-14,231.6100006103516,239.72000122070312,228.8000030517578,234.6699981689453,464070,0.0
2025-01-15,233.3999938964844,237.2899932861328,227.6000061035156,228.4199981689453,652387,0.0
2025-01-16,231.1999969482422,235.3000030517578,231.1000061035156,233.0599975585937,195744,0.0
2025-01-17,233.0,235.0,230.8000030517578,233.2700042724609,180332,0.0
2025-01-20,234.5,237.19000244140625,230.8000030517578,235.8999938964844,206170,0.0
2025-01-21,236.0,241.8999938964844,233.0500030517578,234.58999633789065,360324,0.0
2025-01-22,234.1000061035156,235.0,227.0,230.97000122070312,262989,0.0
2025-01-23,230.1000061035156,234.9499969482422,229.0,230.5200042724609,251031,0.0
2025-01-24,230.0,232.3099975585937,226.3600006103516,227.6000061035156,168544,0.0
2025-01-27,227.0500030517578,227.5599975585937,215.4199981689453,219.82000732421875,335815,0.0
2025-01-28,221.5,227.8300018310547,215.0,224.2100067138672,463765,0.0
2025-01-29,223.759994506836,227.5,223.0,226.42999267578125,156892,0.0
2025-01-30,226.0,230.5500030517578,225.759994506836,227.0500030517578,158893,0.0
2025-01-31,228.1999969482422,233.8500061035156,224.0,233.2100067138672,167767,0.0
2025-02-01,233.0,235.5500030517578,229.0500030517578,233.8800048828125,174365,0.0
2025-02-03,232.0,233.9900054931641,228.0,228.47999572753903,117290,0.0
2025-02-04,229.0,236.7100067138672,229.0,234.91000366210932,203102,0.0
2025-02-05,235.0,240.41000366210932,235.0,238.22000122070312,182951,0.0
2025-02-06,238.3500061035156,239.97000122070312,236.1199951171875,237.7899932861328,112822,0.0
2025-02-07,228.0,228.0,221.13999938964844,223.27999877929688,893884,0.0
2025-02-10,223.27999877929688,223.27999877929688,215.0,216.8300018310547,259387,0.0
2025-02-11,216.8099975585937,216.8300018310547,206.0,206.5399932861328,365773,0.0
2025-02-12,207.67999267578125,207.7700042724609,194.6000061035156,205.6100006103516,553730,0.0
2025-02-13,207.1499938964844,208.88999938964844,201.3099975585937,204.8099975585937,228548,0.0
2025-02-14,205.0,205.2899932861328,193.1100006103516,202.7400054931641,385791,0.0
2025-02-17,199.91000366210932,199.9499969482422,193.3699951171875,195.17999267578125,350566,0.0
2025-02-18,196.0,196.19000244140625,183.6100006103516,187.1300048828125,492682,0.0
2025-02-19,187.7899932861328,195.1499938964844,185.8099975585937,194.1999969482422,465634,0.0
2025-02-20,195.0,196.58999633789065,192.6999969482422,195.22000122070312,320188,0.0
2025-02-21,197.0,201.1499938964844,190.8099975585937,192.94000244140625,527581,0.0
2025-02-24,192.0,192.0,187.0,189.0,350739,0.0
2025-02-25,190.0,194.94000244140625,186.3500061035156,187.5,277800,0.0
2025-02-27,187.5500030517578,188.5,179.88999938964844,181.88999938964844,275941,0.0
2025-02-28,181.0200042724609,181.0200042724609,168.1999969482422,173.00999450683594,447240,0.0
2025-03-03,172.0,175.24000549316406,163.80999755859375,166.0800018310547,1303227,0.0
2025-03-04,165.6699981689453,174.88999938964844,165.0,174.1300048828125,439696,0.0
2025-03-05,174.8800048828125,180.8000030517578,172.02000427246094,180.3300018310547,306320,0.0
2025-03-06,181.0,191.1499938964844,181.0,190.2899932861328,556704,0.0
2025-03-07,192.1999969482422,196.2400054931641,190.2899932861328,191.19000244140625,440198,0.0
2025-03-10,191.4499969482422,192.4499969482422,181.0,181.3300018310547,289098,0.0
2025-03-11,179.5,182.1999969482422,173.2100067138672,175.77000427246094,758374,0.0
2025-03-12,177.0,180.77999877929688,172.02000427246094,172.89999389648438,497939,0.0
2025-03-13,174.0,178.6300048828125,171.5,175.7100067138672,829431,0.0
2025-03-17,175.7100067138672,177.1699981689453,172.50999450683594,172.8300018310547,358801,0.0
2025-03-18,172.8300018310547,172.8300018310547,172.8300018310547,172.8300018310547,0,0.0
2025-03-19,179.0,186.3300018310547,179.0,185.25,619186,0.0
2025-03-20,186.0,192.009994506836,182.66000366210932,188.8699951171875,1484466,0.0
2025-03-21,188.0,196.0,187.8699951171875,191.0800018310547,1117381,0.0
2025-03-24,191.3999938964844,195.32000732421875,187.9600067138672,188.72999572753903,475395,0.0
2025-03-25,189.0,191.4499969482422,180.1999969482422,180.9199981689453,629761,0.0
2025-03-26,181.0,183.1000061035156,173.25,174.9600067138672,517719,0.0
2025-03-27,173.75,181.47999572753903,173.0,176.3300018310547,1006238,0.0
2025-03-28,178.35000610351562,183.8000030517578,174.6999969482422,175.00999450683594,498991,0.0
2025-04-01,175.00999450683594,180.33999633789065,175.0,177.4600067138672,382630,0.0
2025-04-02,177.0,181.1199951171875,173.00999450683594,180.47999572753903,262859,0.0
2025-04-03,179.50999450683594,183.8500061035156,178.30999755859375,183.44000244140625,350934,0.0
2025-04-04,182.1000061035156,182.7100067138672,170.5,171.74000549316406,565033,0.0
2025-04-07,161.89999389648438,167.0,158.10000610351562,165.6699981689453,478512,0.0
2025-04-08,168.99000549316406,175.72000122070312,163.9499969482422,174.0800018310547,441813,0.0
2025-04-09,174.0,174.0,169.35000610351562,169.97999572753906,137346,0.0
2025-04-11,173.97999572753906,181.7899932861328,171.14999389648438,180.3600006103516,591088,0.0
2025-04-15,182.8999938964844,187.5500030517578,181.83999633789065,183.38999938964844,482433,0.0
2025-04-16,184.0,189.5500030517578,184.0,188.58999633789065,502364,0.0
2025-04-17,189.8600006103516,189.9900054931641,185.8000030517578,186.77999877929688,264484,0.0
2025-04-21,188.0,190.2899932861328,185.94000244140625,188.9900054931641,275979,0.0
2025-04-22,189.6999969482422,192.5,187.5500030517578,191.02999877929688,274615,0.0
2025-04-23,191.1499938964844,194.0,185.1000061035156,188.3300018310547,239290,0.0
2025-04-24,188.0,192.1000061035156,187.58999633789065,190.3300018310547,341700,0.0
2025-04-25,192.8999938964844,192.8999938964844,179.72000122070312,184.0800018310547,328966,0.0
2025-04-28,184.1999969482422,186.0,181.42999267578125,184.3099975585937,184708,0.0
2025-04-29,184.0,186.7899932861328,182.3500061035156,182.8999938964844,219926,0.0
2025-04-30,182.0,183.9499969482422,174.42999267578125,176.02000427246094,488764,0.0
2025-05-02,177.9499969482422,178.0,172.61000061035156,174.25999450683594,402157,0.0
2025-05-05,174.8000030517578,179.1999969482422,173.16000366210938,178.80999755859375,161356,0.0
2025-05-06,177.10000610351562,180.3999938964844,175.60000610351562,178.66000366210938,678747,0.0
2025-05-07,177.97999572753906,185.4900054931641,176.5,184.13999938964844,518961,0.0
2025-05-08,184.6000061035156,188.44000244140625,177.50999450683594,179.00999450683594,415153,0.0
2025-05-09,171.39999389648438,180.0,171.39999389648438,179.63999938964844,183157,0.0
2025-05-12,184.0,188.3999938964844,182.67999267578125,187.6699981689453,248166,0.0
2025-05-13,188.1999969482422,194.3000030517578,186.9900054931641,191.0,385418,0.0
2025-05-14,192.08999633789065,195.509994506836,191.22000122070312,194.5399932861328,342565,0.0
2025-05-15,196.0,198.009994506836,193.3500061035156,196.27999877929688,385999,0.0
2025-05-16,193.0,194.1000061035156,183.5,184.17999267578125,1391426,0.0
2025-05-19,184.17999267578125,188.8000030517578,181.0,187.0,1237371,0.0
2025-05-20,187.2899932861328,187.2899932861328,178.5,178.97000122070312,1363403,0.0
2025-05-21,179.0500030517578,182.8500061035156,177.0,182.08999633789065,505237,0.0
2025-05-22,182.08999633789065,183.3000030517578,179.5500030517578,182.6000061035156,594705,0.0
2025-05-23,183.1499938964844,188.0,181.1100006103516,185.3999938964844,933939,0.0
2025-05-26,185.3999938964844,185.88999938964844,183.0,183.8699951171875,460207,0.0
2025-05-27,184.17999267578125,184.17999267578125,180.92999267578125,181.7700042724609,420402,0.0
2025-05-28,181.7700042724609,182.6100006103516,179.75999450683594,180.6199951171875,706630,0.0
2025-05-29,181.3999938964844,181.88999938964844,180.0500030517578,181.009994506836,337096,0.0
2025-05-30,180.8300018310547,180.8300018310547,175.50999450683594,178.8300018310547,2132054,0.0
2025-06-02,177.5,185.6999969482422,177.5,184.4600067138672,802002,0.0
2025-06-03,185.0599975585937,197.9499969482422,184.1000061035156,195.3500061035156,3348276,0.0
2025-06-04,196.8999938964844,197.6199951171875,191.5,194.72999572753903,1060053,0.0
2025-06-05,194.72999572753903,199.0,194.0200042724609,195.3500061035156,700172,0.0
2025-06-06,196.1000061035156,208.6999969482422,194.07000732421875,200.08999633789065,2116943,0.0
2025-06-09,203.0,208.6999969482422,202.1000061035156,203.5800018310547,1261206,0.0
2025-06-10,205.0,205.69000244140625,200.0,201.1100006103516,614749,0.0
2025-06-11,201.9900054931641,211.0,200.759994506836,206.75,1516767,0.0
2025-06-12,207.4499969482422,208.0200042724609,200.3699951171875,201.1300048828125,805693,0.0
2025-06-13,197.8099975585937,202.759994506836,195.2100067138672,199.1699981689453,768482,0.0
2025-06-16,202.1999969482422,202.2899932861328,193.0599975585937,197.509994506836,388066,0.0
2025-06-17,199.0,200.17999267578125,188.8600006103516,190.6699981689453,670023,0.0
2025-06-18,190.9900054931641,193.63999938964844,186.25,186.8699951171875,395760,0.0
2025-06-19,187.6999969482422,189.5,181.8500061035156,183.07000732421875,458861,0.0
2025-06-20,183.07000732421875,185.6199951171875,182.0,183.22999572753903,513994,0.0
2025-06-23,183.1999969482422,183.8699951171875,180.25,181.83999633789065,417212,0.0
2025-06-24,185.0,187.69000244140625,183.0,184.2100067138672,483834,0.0
2025-06-25,184.2100067138672,190.25,184.2100067138672,189.5399932861328,517362,0.0
2025-06-26,191.6000061035156,193.6699981689453,186.58999633789065,187.63999938964844,379809,0.0
2025-06-27,188.5,196.1499938964844,188.13999938964844,194.72000122070312,1069534,0.0
2025-06-30,199.0,203.91000366210932,197.009994506836,198.1999969482422,1923654,0.0
2025-07-01,199.5,199.5,193.3300018310547,194.8099975585937,1151292,0.0
2025-07-02,195.8999938964844,198.3000030517578,191.7700042724609,197.42999267578125,528455,0.0
2025-07-03,198.3699951171875,201.25,195.47999572753903,197.41000366210932,1471033,0.0
2025-07-04,198.1999969482422,201.3500061035156,196.6499938964844,200.4199981689453,829701,0.0
2025-07-07,198.97999572753903,200.3000030517578,195.91000366210932,196.67999267578125,291862,0.0
2025-07-08,196.8000030517578,198.77999877929688,192.509994506836,193.88999938964844,252207,0.0
2025-07-09,194.1499938964844,195.97999572753903,192.6999969482422,193.5800018310547,197242,0.0
2025-07-10,195.5,195.5,190.4499969482422,191.7400054931641,227197,0.0
2025-07-11,191.5,195.009994506836,189.0,189.25,312612,0.0
2025-07-14,189.25,190.77999877929688,187.1000061035156,187.5500030517578,220969,0.0
2025-07-15,188.27999877929688,193.5,188.0,192.5599975585937,449444,0.0
2025-07-16,192.8999938964844,198.5599975585937,192.5599975585937,194.3500061035156,331377,0.0
2025-07-17,194.8999938964844,196.44000244140625,192.6199951171875,194.3500061035156,424161,0.0
2025-07-18,193.8000030517578,195.3600006103516,190.63999938964844,194.0800018310547,385173,0.0
2025-07-21,194.3000030517578,196.67999267578125,192.2100067138672,194.8800048828125,338420,0.0
2025-07-22,195.6699981689453,196.82000732421875,192.2100067138672,194.8099975585937,347041,0.0
2025-07-23,195.1000061035156,195.8999938964844,192.509994506836,192.9600067138672,174054,0.0
2025-07-24,193.0200042724609,194.7400054931641,190.0,190.52999877929688,246253,0.0
2025-07-25,190.3000030517578,190.5500030517578,184.0200042724609,184.7100067138672,451264,0.0
2025-07-28,184.97999572753903,185.9900054931641,178.50999450683594,179.41000366210938,280974,0.0
2025-07-29,180.0,183.8099975585937,179.0500030517578,182.9600067138672,294841,0.0
2025-07-30,180.9499969482422,186.27999877929688,180.94000244140625,185.8300018310547,319079,2.0
2025-07-31,182.009994506836,186.3999938964844,181.1999969482422,185.6300048828125,182670,0.0
2025-08-01,186.3999938964844,187.42999267578125,179.0,180.3600006103516,183310,0.0
2025-08-04,181.4900054931641,181.58999633789065,178.0,178.97000122070312,200864,0.0
2025-08-05,179.0,181.32000732421875,176.0,176.85000610351562,242824,0.0
2025-08-06,176.6999969482422,178.9499969482422,173.50999450683594,174.63999938964844,284429,0.0
2025-08-07,173.89999389648438,175.75,171.3800048828125,174.32000732421875,495748,0.0
2025-08-08,174.0,175.0,170.67999267578125,174.3300018310547,227490,0.0
2025-08-11,174.2899932861328,177.14999389648438,170.8000030517578,173.74000549316406,422623,0.0
2025-08-12,174.75,176.08999633789062,171.99000549316406,172.7100067138672,145142,0.0
2025-08-13,173.0,176.69000244140625,172.75,175.00999450683594,217450,0.0
2025-08-14,175.4499969482422,177.5,172.00999450683594,173.77000427246094,176627,0.0
2025-08-18,175.0,179.0500030517578,174.5500030517578,177.9199981689453,228789,0.0
2025-08-19,178.49000549316406,181.0200042724609,177.5500030517578,179.22999572753906,190791,0.0
2025-08-20,179.22999572753906,185.0,177.50999450683594,184.009994506836,281426,0.0
2025-08-21,184.0500030517578,185.8999938964844,183.22000122070312,185.0599975585937,190689,0.0
2025-08-22,183.3000030517578,184.9499969482422,181.8000030517578,183.97000122070312,157107,0.0
2025-08-25,183.97000122070312,183.97000122070312,179.5,181.0399932861328,179147,0.0
2025-08-26,180.9900054931641,181.4199981689453,178.14999389648438,179.32000732421875,144707,0.0
2025-08-28,179.32000732421875,179.94000244140625,174.4600067138672,176.24000549316406,267302,0.0
2025-08-29,176.67999267578125,177.88999938964844,173.91000366210938,176.88999938964844,148285,0.0
2025-09-01,177.8699951171875,180.02999877929688,176.74000549316406,179.00999450683594,166747,0.0
2025-09-02,179.10000610351562,183.9499969482422,177.82000732421875,180.2700042724609,709544,0.0
2025-09-03,180.3000030517578,185.07000732421875,180.3000030517578,184.6199951171875,241534,0.0
2025-09-04,184.8999938964844,186.5,182.47999572753903,184.97999572753903,349108,0.0
2025-09-05,185.0,185.75,179.00999450683594,181.0399932861328,399153,0.0
2025-09-08,181.92999267578125,185.0,179.7100067138672,181.82000732421875,230031,0.0
2025-09-09,182.1999969482422,184.509994506836,180.10000610351562,183.9900054931641,198597,0.0
2025-09-10,185.0,189.6999969482422,183.91000366210932,186.22999572753903,571159,0.0
2025-09-11,186.3000030517578,188.0,185.2400054931641,187.009994506836,203310,0.0
2025-09-12,187.0,188.5599975585937,182.5200042724609,183.47000122070312,208930,0.0
2025-09-15,183.8999938964844,187.63999938964844,182.66000366210932,187.0399932861328,261648,0.0
2025-09-16,187.0399932861328,188.3699951171875,183.0,183.8600006103516,897179,0.0
2025-09-17,184.4499969482422,185.259994506836,181.07000732421875,182.19000244140625,632380,0.0
2025-09-18,182.9499969482422,184.2899932861328,180.3000030517578,181.259994506836,1077521,0.0
2025-09-19,182.6000061035156,184.1199951171875,178.1999969482422,181.1999969482422,532260,0.0
2025-09-22,181.1999969482422,183.3999938964844,180.0,181.22999572753903,289254,0.0
2025-09-23,182.3999938964844,183.0399932861328,180.6999969482422,182.19000244140625,601769,0.0
2025-09-24,182.19000244140625,183.2899932861328,180.7100067138672,181.0200042724609,339419,0.0
2025-09-25,180.0,181.8999938964844,180.0,180.97000122070312,270209,0.0
2025-09-26,181.1000061035156,182.7100067138672,176.1999969482422,176.9600067138672,418195,0.0
2025-09-29,176.99000549316406,177.99000549316406,171.75999450683594,172.99000549316406,973509,0.0
2025-09-30,175.99000549316406,177.44000244140625,173.25,174.13999938964844,191930,0.0
2025-10-01,174.13999938964844,175.44000244140625,172.75,173.97000122070312,152882,0.0
2025-10-03,174.0,181.38999938964844,174.0,180.47000122070312,314102,0.0
2025-10-06,178.5,185.38999938964844,178.0500030517578,180.5,411673,0.0
2025-10-07,181.0,191.0,180.3099975585937,184.9199981689453,1835790,0.0
2025-10-08,186.3999938964844,186.6000061035156,181.75,182.3099975585937,327844,0.0
2025-10-09,182.5,185.08999633789065,180.3000030517578,181.5500030517578,358292,0.0
2025-10-10,180.5,182.67999267578125,180.5,181.33999633789065,217458,0.0
2025-10-13,180.66000366210932,189.0,179.11000061035156,184.759994506836,360057,0.0
2025-10-14,184.83999633789065,185.6999969482422,180.759994506836,183.3699951171875,276549,0.0
2025-10-15,183.5,188.5,182.75,184.3600006103516,660712,0.0
2025-10-16,184.5,186.7100067138672,184.0,184.57000732421875,174392,0.0
2025-10-17,183.6999969482422,184.8600006103516,180.0,180.3000030517578,149146,0.0
2025-10-20,180.9499969482422,181.3000030517578,178.6300048828125,179.75999450683594,158882,0.0
2025-10-21,181.1999969482422,182.0399932861328,180.0,180.88999938964844,44805,0.0
2025-10-23,183.0,183.009994506836,182.0,182.1699981689453,138396,0.0
2025-10-24,181.0,192.1999969482422,181.0,188.3999938964844,1543004,0.0
2025-10-27,190.5,190.5,186.25,186.92999267578125,261157,0.0
2025-10-28,188.3999938964844,188.3999938964844,182.3000030517578,182.6999969482422,289075,0.0
2025-10-29,182.0,186.8500061035156,181.8000030517578,186.19000244140625,270496,0.0
2025-10-30,185.8999938964844,188.6100006103516,183.47000122070312,186.42999267578125,502717,0.0
2025-10-31,187.3999938964844,188.0,184.25,184.94000244140625,227382,0.0
2025-11-03,177.99000549316406,182.3500061035156,174.10000610351562,181.1000061035156,1490756,0.0
2025-11-04,181.1000061035156,185.8000030517578,180.0,180.5,357975,0.0
2025-11-06,180.3000030517578,180.3099975585937,175.10000610351562,175.67999267578125,301253,0.0
2025-11-07,175.67999267578125,177.0,174.0,175.61000061035156,202288,0.0
2025-11-10,175.0,176.47999572753906,172.3300018310547,172.75,192655,0.0
2025-11-11,172.5500030517578,173.1199951171875,168.47999572753906,168.86000061035156,341976,0.0
2025-11-12,169.89999389648438,176.0,169.5,175.07000732421875,381475,0.0
2025-11-13,175.07000732421875,185.0,174.36000061035156,178.07000732421875,1039319,0.0
2025-11-14,176.3000030517578,180.509994506836,175.1999969482422,176.0,305196,0.0
2025-11-17,176.39999389648438,176.89999389648438,173.9499969482422,174.2899932861328,172705,0.0
2025-11-18,173.9600067138672,173.9600067138672,171.3800048828125,171.77999877929688,130844,0.0
2025-11-19,171.99000549316406,172.27999877929688,170.80999755859375,171.5500030517578,163537,0.0
2025-11-20,171.60000610351562,173.63999938964844,168.75,169.07000732421875,230018,0.0
2025-11-21,169.0,175.10000610351562,167.39999389648438,169.89999389648438,429774,0.0
2025-11-24,170.1199951171875,176.0,166.61000061035156,174.88999938964844,1149747,0.0
2025-11-25,176.0,180.3500061035156,173.10000610351562,174.14999389648438,465008,0.0
2025-11-26,174.10000610351562,175.99000549316406,172.55999755859375,175.50999450683594,246960,0.0
2025-11-27,175.10000610351562,176.22999572753906,171.10000610351562,171.89999389648438,131008,0.0
2025-11-28,171.0,171.89999389648438,169.5800018310547,170.74000549316406,128895,0.0
2025-12-01,172.4499969482422,172.4499969482422,169.0,169.8300018310547,122046,0.0
2025-12-02,169.99000549316406,170.0800018310547,167.5,167.92999267578125,110234,0.0
2025-12-03,167.6999969482422,169.1999969482422,166.1999969482422,166.44000244140625,138853,0.0
2025-12-04,166.44000244140625,167.8000030517578,164.52000427246094,165.5500030517578,241971,0.0
2025-12-05,165.75,173.97999572753906,164.89999389648438,170.0,353632,0.0
2025-12-08,170.0,170.19000244140625,164.8000030517578,165.77000427246094,241062,0.0
2025-12-09,165.77000427246094,165.77999877929688,158.80999755859375,161.55999755859375,956959,0.0
2025-12-10,161.0,164.14999389648438,158.9199981689453,159.36000061035156,286389,0.0
2025-12-11,159.36000061035156,159.89999389648438,157.60000610351562,158.1699981689453,219328,0.0
2025-12-12,159.19000244140625,160.3800048828125,158.39999389648438,158.8800048828125,138764,0.0
2025-12-15,158.8800048828125,159.22999572753906,155.55999755859375,156.27999877929688,313148,0.0
2025-12-16,156.3000030517578,157.9499969482422,155.0,155.36000061035156,180299,0.0
2025-12-17,155.39999389648438,156.25,152.5,152.94000244140625,170683,0.0
2025-12-18,152.5500030517578,155.49000549316406,150.8000030517578,155.00999450683594,241219,0.0
2025-12-19,156.0,156.63999938964844,154.82000732421875,155.2100067138672,212187,0.0
2025-12-22,155.2100067138672,157.32000732421875,154.97000122070312,155.52999877929688,169552,0.0
2025-12-23,155.11000061035156,159.0,154.8000030517578,157.00999450683594,221640,0.0
2025-12-24,157.00999450683594,158.99000549316406,155.0500030517578,155.69000244140625,205203,0.0
2025-12-26,156.0,157.00999450683594,155.0,156.2899932861328,129116,0.0
2025-12-29,157.0,157.69000244140625,151.89999389648438,152.57000732421875,277117,0.0
2025-12-30,152.69000244140625,154.42999267578125,151.02999877929688,151.92999267578125,150891,0.0
2025-12-31,152.0,155.5399932861328,151.99000549316406,154.02000427246094,199770,0.0
2026-01-01,154.8000030517578,154.9499969482422,151.44000244140625,152.72999572753906,170272,0.0
2026-01-02,153.0,154.0399932861328,151.8800048828125,151.99000549316406,343363,0.0
2026-01-05,152.0,152.2100067138672,148.3000030517578,148.77999877929688,649019,0.0
2026-01-06,148.85000610351562,149.4499969482422,146.66000366210938,148.0399932861328,192777,0.0
2026-01-07,147.4499969482422,150.50999450683594,147.41000366210938,149.16000366210938,202362,0.0
2026-01-08,149.6999969482422,150.2100067138672,146.00999450683594,146.83999633789062,147675,0.0
2026-01-09,147.33999633789062,147.33999633789062,142.3000030517578,142.72999572753906,259114,0.0
2026-01-12,142.8300018310547,142.83999633789062,138.0,139.8000030517578,246740,0.0
2026-01-13,140.58999633789062,141.97000122070312,139.0500030517578,139.83999633789062,106079,0.0
2026-01-14,140.0,140.3000030517578,137.5,137.88999938964844,171401,0.0
2026-01-15,137.88999938964844,137.88999938964844,137.88999938964844,137.88999938964844,0,0.0
2026-01-16,138.0,138.4499969482422,134.00999450683594,134.9499969482422,251100,0.0
2026-01-19,134.75,134.75,131.72999572753906,132.52999877929688,227783,0.0
2026-01-20,132.0,133.89999389648438,128.1999969482422,128.89999389648438,935780,0.0
2026-01-21,128.6999969482422,139.22999572753906,127.9800033569336,137.7100067138672,1715742,0.0
2026-01-22,137.7100067138672,137.8000030517578,131.1999969482422,132.77000427246094,606159,0.0
2026-01-23,133.0,133.05999755859375,127.5199966430664,128.22999572753906,441351,0.0
2026-01-27,128.8800048828125,129.39999389648438,125.30999755859376,128.5500030517578,283337,0.0
2026-01-28,128.9499969482422,131.2899932861328,128.6300048828125,129.63999938964844,256451,0.0
2026-01-29,129.75999450683594,131.17999267578125,128.0,128.27000427246094,274445,0.0
2026-01-30,126.0999984741211,135.89999389648438,126.0999984741211,132.2899932861328,635792,0.0
2026-02-02,134.85000610351562,134.85000610351562,130.3000030517578,133.49000549316406,290347,0.0
2026-02-03,137.89999389648438,140.2100067138672,134.89999389648438,137.3800048828125,457997,0.0
2026-02-04,137.89999389648438,149.85000610351562,137.3800048828125,145.0800018310547,1163057,0.0
2026-02-05,146.0,146.24000549316406,141.61000061035156,141.94000244140625,154109,0.0
2026-02-06,141.94000244140625,145.3699951171875,140.5,144.10000610351562,219551,0.0
2026-02-09,146.0,151.0,145.1999969482422,150.17999267578125,429747,0.0
2026-02-10,150.39999389648438,156.5,150.17999267578125,152.2100067138672,574510,0.0
2026-02-11,153.4499969482422,153.58999633789062,145.0500030517578,149.0,355596,0.0
2026-02-12,148.0,156.39999389648438,145.97999572753906,153.75,693579,0.0
2026-02-13,153.75,156.8000030517578,151.00999450683594,151.3000030517578,331829,0.0
2026-02-16,150.0,150.0,145.55999755859375,146.60000610351562,333950,0.0
2026-02-17,146.5,149.4499969482422,144.11000061035156,148.9199981689453,319479,0.0
2026-02-18,148.9199981689453,151.13999938964844,145.13999938964844,147.0800018310547,938362,0.0
2026-02-19,147.10000610351562,152.49000549316406,146.0,150.47999572753906,469868,0.0
2026-02-20,150.0,153.64999389648438,147.10000610351562,150.92999267578125,386029,0.0
2026-02-23,151.0399932861328,152.6999969482422,148.67999267578125,150.05999755859375,246209,0.0
2026-02-24,149.5,150.3800048828125,146.60000610351562,147.57000732421875,168713,0.0
2026-02-25,147.8000030517578,149.8800048828125,145.49000549316406,148.22000122070312,128750,0.0
2026-02-26,148.39999389648438,149.52000427246094,145.89999389648438,148.82000732421875,285374,0.0
2026-02-27,149.3000030517578,149.3000030517578,143.00999450683594,144.50999450683594,192208,0.0
2026-03-02,140.0,142.47999572753906,135.52000427246094,138.32000732421875,280592,0.0
2026-03-04,138.32000732421875,138.32000732421875,133.91000366210938,134.86000061035156,353000,0.0
2026-03-05,134.86000061035156,137.0800018310547,132.0800018310547,135.35000610351562,419528,0.0
2026-03-06,136.0,137.8000030517578,134.08999633789062,135.64999389648438,269891,0.0
2026-03-09,132.5,134.0,129.02000427246094,131.50999450683594,339606,0.0
2026-03-10,132.88999938964844,135.99000549316406,131.80999755859375,134.8300018310547,293898,0.0
2026-03-11,135.97000122070312,138.8699951171875,130.35000610351562,131.27000427246094,440192,0.0
2026-03-12,130.36000061035156,133.8800048828125,127.66000366210938,129.92999267578125,421518,0.0
2026-03-13,129.5,135.80999755859375,126.20999908447266,135.0800018310547,1685847,0.0
2026-03-16,134.0,140.0,130.0,136.4499969482422,1257063,0.0
2026-03-17,138.3300018310547,147.0,136.00999450683594,145.2899932861328,3233475,0.0
2026-03-18,145.2899932861328,151.77999877929688,145.2899932861328,148.10000610351562,842345,0.0
2026-03-19,145.0,146.0,139.22000122070312,140.02999877929688,510140,0.0
2026-03-20,140.64999389648438,145.11000061035156,140.64999389648438,143.9600067138672,534028,0.0
2026-03-23,142.0,165.47999572753906,142.0,160.33999633789062,90690512,0.0
2026-03-24,162.0,178.72999572753906,158.1999969482422,162.9499969482422,82836003,0.0
2026-03-25,164.0,172.6999969482422,157.10000610351562,160.10000610351562,20968305,0.0
2026-03-27,159.02000427246094,161.9199981689453,156.75,157.7899932861328,3971698,0.0
2026-03-30,155.0,158.88999938964844,151.0500030517578,153.61000061035156,2673686,0.0
2026-04-01,157.5,165.5,155.5,163.7100067138672,2537731,0.0
2026-04-02,162.5,166.30999755859375,156.58999633789062,165.1300048828125,1319758,0.0
2026-04-06,165.0,165.0,159.63999938964844,162.47999572753906,1112134,0.0
2026-04-07,161.5,164.74000549316406,160.5800018310547,161.22999572753906,771270,0.0
2026-04-08,165.38999938964844,165.9499969482422,162.89999389648438,165.1199951171875,847179,0.0
2026-04-09,165.39999389648438,167.89999389648438,162.64999389648438,165.0500030517578,776547,0.0
2026-04-10,165.60000610351562,170.27999877929688,164.9199981689453,167.64999389648438,914043,0.0
2026-04-13,164.5,174.8000030517578,161.27000427246094,170.24000549316406,1360211,0.0
2026-04-15,172.69000244140625,173.4199981689453,166.64999389648438,170.39999389648438,1253140,0.0
2026-04-16,171.10000610351562,179.3000030517578,170.39999389648438,173.83999633789062,2281884,0.0
2026-04-17,174.5,176.89999389648438,171.10000610351562,172.30999755859375,950440,0.0
2026-04-20,174.0,175.0500030517578,170.60000610351562,171.6699981689453,733537,0.0
2026-04-21,172.0,173.89999389648438,170.9600067138672,172.3000030517578,392178,0.0
2026-04-22,171.0,178.8699951171875,170.2100067138672,177.47999572753906,1641046,0.0
2026-04-23,176.47999572753906,183.8999938964844,174.61000061035156,182.6000061035156,1509076,0.0
2026-04-24,185.0,190.82000732421875,183.02999877929688,185.33999633789065,2239516,0.0
2026-04-27,185.5,188.1000061035156,183.509994506836,184.44000244140625,475067,0.0
2026-04-28,184.3000030517578,186.0,182.8800048828125,184.5200042724609,327535,0.0
2026-04-29,185.6000061035156,185.6000061035156,180.38999938964844,181.1100006103516,333312,0.0
2026-04-30,180.3999938964844,181.8000030517578,178.5399932861328,179.3699951171875,356227,0.0
2026-05-01,179.3699951171875,179.3699951171875,179.3699951171875,179.3699951171875,0,0.0
2026-05-04,179.3699951171875,191.0,179.0,190.22999572753903,1831453,0.0
2026-05-05,189.9900054931641,192.4900054931641,185.1999969482422,187.97999572753903,1083920,0.0
2026-05-06,190.8999938964844,190.8999938964844,185.69000244140625,187.6199951171875,647886,0.0
2026-05-07,187.47000122070312,191.0500030517578,185.509994506836,188.83999633789065,629039,0.0
2026-05-08,184.1699981689453,185.57000732421875,178.25,182.47999572753903,1153858,0.0
2026-05-11,181.5,181.5,170.47000122070312,171.44000244140625,773832,0.0
2026-05-12,172.0,174.49000549316406,165.1300048828125,166.33999633789062,479620,0.0
2026-05-13,166.0,171.69000244140625,166.0,168.77000427246094,395254,0.0
2026-05-14,169.99000549316406,172.50999450683594,166.47000122070312,167.4600067138672,374034,0.0
2026-05-15,168.8000030517578,169.47999572753906,163.10000610351562,164.47999572753906,250263,0.0
2026-05-18,163.00999450683594,163.88999938964844,158.4499969482422,161.66000366210938,258278,0.0
2026-05-19,162.3000030517578,176.8000030517578,162.3000030517578,171.6199951171875,1407123,0.0
2026-05-20,169.8699951171875,171.4600067138672,167.0399932861328,167.8699951171875,291327,0.0
2026-05-21,168.1999969482422,170.0,165.0,166.19000244140625,407818,0.0
2026-05-22,166.8000030517578,169.69000244140625,166.8000030517578,168.08999633789062,221372,0.0
2026-05-25,168.75999450683594,169.47000122070312,165.10000610351562,165.74000549316406,348184,0.0
2026-05-26,166.35000610351562,175.0,165.60000610351562,167.85000610351562,1207055,0.0
2026-05-27,167.72000122070312,170.49000549316406,167.5,169.13999938964844,248637,0.0
2026-05-28,169.13999938964844,169.13999938964844,169.13999938964844,169.13999938964844,0,0.0
2026-05-29,169.13999938964844,169.77999877929688,166.00999450683594,168.1300048828125,264880,0.0
2026-06-01,168.1300048828125,168.1300048828125,162.1999969482422,162.9600067138672,308833,0.0
2026-06-02,162.0,165.5,160.99000549316406,163.8699951171875,199471,0.0
2026-06-03,164.19000244140625,164.5,161.50999450683594,162.82000732421875,104223,0.0
2026-06-04,162.35000610351562,166.8000030517578,162.11000061035156,166.00999450683594,253631,0.0
2026-06-05,167.0,167.0,160.85000610351562,161.19000244140625,276935,0.0
2026-06-08,160.0,160.5800018310547,155.2100067138672,155.9199981689453,265387,0.0
2026-06-09,157.5,158.0800018310547,154.30999755859375,156.44000244140625,320701,0.0
2026-06-10,156.44000244140625,163.0,155.9499969482422,161.5500030517578,799812,0.0
2026-06-11,162.36000061035156,163.0,155.63999938964844,156.6199951171875,308344,0.0
2026-06-12,159.0,161.9199981689453,158.52000427246094,161.5500030517578,221518,0.0
2026-06-15,163.0,166.6699981689453,162.44000244140625,163.52999877929688,307238,0.0
2026-06-16,164.02000427246094,165.47999572753906,161.25999450683594,161.77000427246094,263065,0.0
2026-06-17,161.77000427246094,164.19000244140625,160.83999633789062,161.1199951171875,206586,0.0
2026-06-18,162.0,164.39999389648438,161.16000366210938,162.52000427246094,197103,0.0
2026-06-19,163.38999938964844,163.38999938964844,158.0500030517578,159.02000427246094,271457,0.0
2026-06-22,165.08999633789062,190.82000732421875,165.08999633789062,190.82000732421875,26626445,0.0
2026-06-23,197.1999969482422,204.5,185.75,189.2899932861328,18062653,0.0
2026-06-24,188.8999938964844,191.4900054931641,181.0200042724609,183.33999633789065,1904512,0.0
2026-06-25,186.5,186.5,179.0,181.8600006103516,1023117,0.0
2026-06-26,181.8600006103516,181.8600006103516,181.8600006103516,181.8600006103516,0,0.0
2026-06-29,183.1499938964844,187.63999938964844,180.5,182.5599975585937,665283,0.0
2026-06-30,184.0,184.9900054931641,179.4600067138672,179.80999755859375,548860,0.0
2026-07-01,180.6499938964844,181.1699981689453,177.0,178.7899932861328,419568,0.0
2026-07-02,180.0,180.13999938964844,178.0,179.16000366210938,325931,0.0
2026-07-03,179.2100067138672,185.8000030517578,179.11000061035156,184.2400054931641,921530,0.0
2026-07-06,184.3999938964844,185.02999877929688,180.22999572753903,181.1100006103516,355170,0.0
2026-07-07,181.6999969482422,182.1999969482422,175.0,176.17999267578125,576698,0.0
2026-07-08,175.39999389648438,180.9900054931641,172.6999969482422,173.6199951171875,479405,0.0
2026-07-09,175.9199981689453,179.11000061035156,174.0,177.89999389648438,266577,0.0
2026-07-10,177.38999938964844,179.66000366210938,174.60000610351562,175.44000244140625,243523,0.0
2026-07-13,174.60000610351562,175.0,170.67999267578125,171.44000244140625,558376,0.0
2026-07-14,170.0,171.5,167.38999938964844,168.38999938964844,291351,0.0
2026-07-15,168.0,171.0,165.5,166.6699981689453,529942,0.0
2026-07-16,166.6699981689453,172.74000549316406,165.2100067138672,166.2100067138672,350571,0.0
2026-07-17,165.60000610351562,166.1999969482422,161.27000427246094,162.6999969482422,274322,0.0
2026-07-20,163.0,170.24000549316406,160.36000061035156,164.91000366210938,795544,0.0
2026-07-21,165.47999572753906,168.00999450683594,164.5500030517578,166.5800018310547,273173,0.0
2026-07-22,166.85000610351562,167.38999938964844,162.6999969482422,163.99000549316406,149391,0.0
2026-07-23,163.99000549316406,166.07000732421875,161.39999389648438,162.11000061035156,248225,0.0
2026-07-24,161.89999389648438,162.33999633789062,158.8000030517578,160.11000061035156,332673,1.5
2026-07-27,163.47000122070312,164.3800048828125,162.0399932861328,163.02999877929688,158657,0.0
2026-07-28,163.4499969482422,163.4499969482422,160.3000030517578,160.9600067138672,173906,0.0
2026-07-29,161.6999969482422,167.99000549316406,160.3300018310547,166.35000610351562,470775,0.0
2026-07-30,167.1999969482422,167.1999969482422,159.3800048828125,159.67999267578125,431297,0.0
2026-07-31,160.5500030517578,165.6999969482422,160.22000122070312,164.1699981689453,414393,0.0
2026-08-03,165.25,184.0,165.25,174.0500030517578,12374720,0.0
2026-08-04,175.38999938964844,180.5,170.10000610351562,170.99000549316406,3528389,0.0
2026-08-05,172.7100067138672,174.6999969482422,171.5399932861328,172.99000549316406,558156,0.0
2026-08-06,173.25,174.77999877929688,169.3000030517578,170.7100067138672,603320,0.0
2026-08-07,171.3000030517578,171.8000030517578,168.0,168.64999389648438,288352,0.0
2026-08-10,169.97000122070312,169.97000122070312,166.00999450683594,167.05999755859375,309856,0.0
2026-08-11,167.8000030517578,168.3699951171875,165.72999572753906,165.9600067138672,199083,0.0
2026-08-12,165.9600067138672,166.39999389648438,162.72999572753906,163.44000244140625,520337,0.0
2026-08-13,163.41000366210938,165.38999938964844,162.5,162.85000610351562,173584,0.0
2026-08-14,163.89999389648438,163.89999389648438,160.5,161.4199981689453,163388,0.0
2026-08-17,162.39999389648438,164.25,161.32000732421875,163.7100067138672,177919,0.0
2026-08-18,162.60000610351562,167.3300018310547,162.50999450683594,162.92999267578125,226911,0.0
2026-08-19,163.3000030517578,163.9600067138672,160.64999389648438,161.57000732421875,347785,0.0
2026-08-20,162.19000244140625,163.69000244140625,161.10000610351562,161.66000366210938,264224,0.0
2026-08-21,162.0,170.0,161.5500030517578,167.02000427246094,698028,0.0
2026-08-24,170.0,171.0,165.0,165.77999877929688,454958,0.0
2026-08-25,166.77999877929688,167.19000244140625,161.8000030517578,163.92999267578125,352668,0.0
2026-08-26,165.39999389648438,167.5,163.9499969482422,165.10000610351562,260323,0.0
2026-08-27,165.39999389648438,166.5,162.9199981689453,165.1300048828125,847691,0.0
2026-08-28,166.25,167.3000030517578,163.55999755859375,164.9600067138672,527888,0.0
2026-08-31,164.8000030517578,172.89999389648438,163.1199951171875,171.4499969482422,1326791,0.0
2026-09-01,171.64999389648438,173.75999450683594,168.10000610351562,169.6199951171875,716971,0.0
2026-09-02,169.6199951171875,171.30999755859375,166.97999572753906,169.9499969482422,416607,0.0
2026-09-03,171.5,175.10000610351562,170.2100067138672,171.8000030517578,590378,0.0
2026-09-04,172.3000030517578,174.5,170.0,172.44000244140625,403591,0.0
2026-09-07,174.0,175.85000610351562,170.5500030517578,172.22999572753906,416468,0.0
2026-09-08,172.0,186.8000030517578,171.35000610351562,185.07000732421875,6480440,0.0
2026-09-09,184.0,189.5,181.0,188.27999877929688,2843821,0.0
2026-09-10,188.27999877929688,200.4900054931641,187.1199951171875,195.3099975585937,7274037,0.0
2026-09-11,193.5,194.3000030517578,188.02999877929688,189.6499938964844,1202651,0.0
2026-09-14,189.6499938964844,189.6499938964844,189.6499938964844,189.6499938964844,0,0.0
2026-09-15,191.6100006103516,192.0,182.1499938964844,183.6000061035156,1291473,0.0
2026-09-16,184.1999969482422,186.8600006103516,179.2100067138672,181.9499969482422,1428895,0.0
2026-09-17,180.8999938964844,189.6300048828125,180.17999267578125,186.3600006103516,2002880,0.0
2026-09-18,187.3000030517578,196.8699951171875,186.33999633789065,194.5599975585937,1732771,0.0
2026-09-21,195.8800048828125,198.44000244140625,192.5,194.57000732421875,1373559,0.0
2026-09-22,196.3000030517578,197.7899932861328,191.22999572753903,193.88999938964844,789706,0.0
2026-09-23,194.3999938964844,211.1999969482422,194.0,206.3000030517578,7377483,0.0
2026-09-24,204.91000366210935,204.91000366210935,187.0,191.3999938964844,4915030,
2026-09-25,192.5,194.4499969482422,186.6199951171875,188.41000366210938,1111671,
