date,open,high,low,close,volume,dividend
2021-01-01,53.5,54.400001525878906,53.29999923706055,54.04999923706055,1306984,0.0
2021-01-04,55.400001525878906,55.79999923706055,54.04999923706055,54.34999847412109,3979622,0.0
2021-01-05,55.20000076293945,55.75,54.09999847412109,54.900001525878906,3452970,0.0
2021-01-06,55.150001525878906,55.95000076293945,53.900001525878906,54.29999923706055,2567170,0.0
2021-01-07,54.5,55.25,53.75,53.84999847412109,2009518,0.0
2021-01-08,54.54999923706055,56.5,54.400001525878906,54.84999847412109,5347183,0.0
2021-01-11,55.29999923706055,56.400001525878906,54.400001525878906,55.54999923706055,3939070,0.0
2021-01-12,56.5,60.79999923706055,56.25,58.79999923706055,18685860,0.0
2021-01-13,58.5,59.25,56.29999923706055,56.84999847412109,3919622,0.0
2021-01-14,57.0,57.54999923706055,54.54999923706055,54.79999923706055,3586723,0.0
2021-01-15,54.70000076293945,55.25,53.150001525878906,53.650001525878906,1998298,0.0
2021-01-18,54.20000076293945,55.0,53.09999847412109,53.54999923706055,2304101,0.0
2021-01-19,54.0,54.75,53.70000076293945,53.900001525878906,1222059,0.0
2021-01-20,54.0,54.25,52.79999923706055,52.900001525878906,1289521,0.0
2021-01-21,53.150001525878906,56.900001525878906,53.150001525878906,56.0,9567110,0.0
2021-01-22,56.45000076293945,56.95000076293945,54.45000076293945,54.84999847412109,2744414,0.0
2021-01-25,55.29999923706055,55.79999923706055,53.09999847412109,53.400001525878906,1377122,0.0
2021-01-27,53.400001525878906,53.79999923706055,52.54999923706055,52.84999847412109,1378700,0.0
2021-01-28,52.0,55.25,51.59999847412109,54.70000076293945,3739209,0.0
2021-01-29,55.0,55.150001525878906,53.59999847412109,54.0,1363101,0.0
2021-02-01,55.0,57.29999923706055,53.650001525878906,55.75,11617422,0.0
2021-02-02,56.150001525878906,56.75,54.5,54.900001525878906,2764610,0.0
2021-02-03,55.25,55.75,54.5,55.04999923706055,1631881,0.0
2021-02-04,55.04999923706055,56.650001525878906,54.79999923706055,55.75,3508389,0.0
2021-02-05,56.54999923706055,56.95000076293945,55.84999847412109,56.45000076293945,3009741,0.0
2021-02-08,56.900001525878906,56.900001525878906,54.59999847412109,54.900001525878906,2917684,0.0
2021-02-09,55.0,55.04999923706055,53.25,53.54999923706055,1558392,0.0
2021-02-10,53.54999923706055,54.29999923706055,53.09999847412109,53.45000076293945,1631999,0.0
2021-02-11,53.29999923706055,54.79999923706055,53.25,53.900001525878906,1605525,0.0
2021-02-12,53.75,54.5,53.400001525878906,53.59999847412109,1115469,0.0
2021-02-15,54.0,54.0,53.04999923706055,53.150001525878906,741840,0.0
2021-02-16,53.20000076293945,53.95000076293945,53.09999847412109,53.59999847412109,800136,0.0
2021-02-17,53.25,53.54999923706055,52.75,53.20000076293945,999721,1.2
2021-02-18,53.900001525878906,56.900001525878906,53.5,55.45000076293945,5291955,0.0
2021-02-19,55.0,56.75,54.04999923706055,54.79999923706055,3489632,0.0
2021-02-22,54.79999923706055,54.95000076293945,53.09999847412109,53.25,1293891,0.0
2021-02-23,53.400001525878906,54.5,53.0,53.59999847412109,1144551,0.0
2021-02-24,53.70000076293945,57.5,53.70000076293945,56.45000076293945,5555178,0.0
2021-02-25,57.5,67.69999694824219,56.75,67.69999694824219,37329175,0.0
2021-02-26,71.80000305175781,80.80000305175781,71.0999984741211,75.9000015258789,67875774,0.0
2021-03-01,80.0,91.0500030517578,79.0,91.0500030517578,48524776,0.0
2021-03-02,97.6999969482422,100.1500015258789,83.69999694824219,90.0999984741211,45066101,0.0
2021-03-03,91.0,93.5,86.0999984741211,86.9000015258789,9170781,0.0
2021-03-04,85.0,91.8000030517578,84.0,87.69999694824219,11843052,0.0
2021-03-05,92.5,94.4499969482422,88.8499984741211,90.8000030517578,13170430,0.0
2021-03-08,91.3000030517578,91.75,87.55000305175781,88.25,4139956,0.0
2021-03-09,89.0,89.8499984741211,84.0,85.55000305175781,3749930,0.0
2021-03-10,86.44999694824219,87.30000305175781,84.0,84.75,3835759,0.0
2021-03-12,85.19999694824219,90.4499969482422,82.5999984741211,85.75,8655202,0.0
2021-03-15,85.80000305175781,86.4000015258789,83.0,84.0,3221259,0.0
2021-03-16,84.44999694824219,86.80000305175781,83.55000305175781,83.9000015258789,3476545,0.0
2021-03-17,83.5,84.44999694824219,77.80000305175781,78.19999694824219,2868831,0.0
2021-03-18,79.19999694824219,80.4000015258789,72.30000305175781,73.69999694824219,3743266,0.0
2021-03-19,73.5,73.5,68.75,71.8499984741211,4279242,0.0
2021-03-22,73.0,79.0,72.0999984741211,79.0,7820019,0.0
2021-03-23,80.44999694824219,84.4000015258789,80.0,81.75,7447406,0.0
2021-03-24,80.5,81.75,77.25,78.0,2313668,0.0
2021-03-25,76.8499984741211,77.44999694824219,73.0999984741211,74.05000305175781,2757975,0.0
2021-03-26,75.9000015258789,77.0,74.9000015258789,75.80000305175781,1925539,0.0
2021-03-30,76.80000305175781,81.5,73.9000015258789,78.69999694824219,3653029,0.0
2021-03-31,78.5999984741211,79.80000305175781,76.69999694824219,77.44999694824219,2508315,0.0
2021-04-01,78.25,80.75,77.4000015258789,79.05000305175781,1898593,0.0
2021-04-05,78.9000015258789,78.9000015258789,73.8499984741211,74.75,2874855,0.0
2021-04-06,75.25,76.8499984741211,74.3499984741211,75.1500015258789,2338279,0.0
2021-04-07,75.0,77.3499984741211,74.5999984741211,75.69999694824219,2142719,0.0
2021-04-08,77.30000305175781,85.30000305175781,77.1500015258789,81.1500015258789,14532582,0.0
2021-04-09,81.80000305175781,83.4000015258789,77.5999984741211,79.1500015258789,5107445,0.0
2021-04-12,74.1500015258789,75.75,71.05000305175781,71.75,4285909,0.0
2021-04-13,73.19999694824219,75.3499984741211,71.30000305175781,74.25,2865695,0.0
2021-04-15,71.9000015258789,75.75,71.6500015258789,72.80000305175781,3568542,0.0
2021-04-16,73.44999694824219,74.5,72.05000305175781,72.5,2904097,0.0
2021-04-19,70.25,71.0,68.94999694824219,70.30000305175781,2225384,0.0
2021-04-20,71.75,72.5,69.6500015258789,71.30000305175781,2131236,0.0
2021-04-22,70.55000305175781,71.9000015258789,70.25,71.05000305175781,1546371,0.0
2021-04-23,71.0,73.25,70.6500015258789,71.19999694824219,2488124,0.0
2021-04-26,72.4000015258789,72.5,71.0,71.25,1356638,0.0
2021-04-27,71.8499984741211,75.5,71.44999694824219,72.75,6935337,0.0
2021-04-28,73.44999694824219,74.75,72.6500015258789,72.9000015258789,3148529,0.0
2021-04-29,73.44999694824219,75.25,71.6500015258789,73.6500015258789,6290041,0.0
2021-04-30,72.5,76.69999694824219,72.30000305175781,73.3499984741211,6163731,0.0
2021-05-03,72.0,73.94999694824219,71.80000305175781,72.9000015258789,3747043,0.0
2021-05-04,74.5,76.19999694824219,73.55000305175781,73.9000015258789,6043989,0.0
2021-05-05,74.80000305175781,78.69999694824219,74.30000305175781,76.8499984741211,11216066,0.0
2021-05-06,77.5,81.25,76.6500015258789,79.55000305175781,13495410,0.0
2021-05-07,80.0999984741211,80.75,77.0999984741211,77.75,4871799,0.0
2021-05-10,78.25,80.5999984741211,77.5999984741211,79.0999984741211,5936016,0.0
2021-05-11,78.44999694824219,83.19999694824219,77.9000015258789,81.75,13229594,0.0
2021-05-12,82.9000015258789,88.0,82.55000305175781,84.44999694824219,25767390,0.0
2021-05-14,85.9000015258789,87.69999694824219,82.19999694824219,82.75,10334977,0.0
2021-05-17,83.55000305175781,84.9000015258789,81.75,82.5,5429622,0.0
2021-05-18,83.5,84.69999694824219,82.0,82.5,6622967,0.0
2021-05-19,82.30000305175781,83.5999984741211,80.0999984741211,80.80000305175781,4095660,0.0
2021-05-20,85.5,87.80000305175781,84.19999694824219,84.5,17095806,0.0
2021-05-21,84.94999694824219,85.44999694824219,82.4000015258789,82.80000305175781,6076127,0.0
2021-05-24,83.0,84.25,82.1500015258789,83.19999694824219,3041368,0.0
2021-05-25,83.80000305175781,86.9000015258789,83.19999694824219,86.19999694824219,7129712,0.0
2021-05-26,86.55000305175781,90.0,85.44999694824219,87.05000305175781,14473666,0.0
2021-05-27,87.69999694824219,88.6500015258789,82.75,83.69999694824219,11563212,0.0
2021-05-28,84.80000305175781,84.8499984741211,82.1500015258789,82.5999984741211,5368394,0.0
2021-05-31,83.5999984741211,84.30000305175781,82.55000305175781,83.0,3324941,0.0
2021-06-01,83.19999694824219,83.44999694824219,81.0,81.25,3139572,0.0
2021-06-02,81.19999694824219,82.44999694824219,80.9000015258789,81.80000305175781,1761240,0.0
2021-06-03,82.4000015258789,83.5999984741211,81.9000015258789,82.25,2781616,0.0
2021-06-04,82.30000305175781,83.0,82.19999694824219,82.44999694824219,2130899,0.0
2021-06-07,82.75,84.4000015258789,82.19999694824219,83.1500015258789,2950403,0.0
2021-06-08,83.19999694824219,84.25,82.55000305175781,83.1500015258789,2124442,0.0
2021-06-09,83.25,85.30000305175781,82.0999984741211,82.6500015258789,4778333,0.0
2021-06-10,83.1500015258789,84.9000015258789,82.80000305175781,83.9000015258789,4357992,0.0
2021-06-11,84.3499984741211,84.69999694824219,82.8499984741211,83.1500015258789,2114805,0.0
2021-06-14,83.0999984741211,83.0999984741211,80.5999984741211,82.05000305175781,1781325,0.0
2021-06-15,82.5,83.6500015258789,81.1500015258789,82.19999694824219,2191848,0.0
2021-06-16,82.25,87.3499984741211,81.25,85.75,19702612,0.0
2021-06-17,85.8499984741211,87.9000015258789,84.19999694824219,84.75,9089080,0.0
2021-06-18,85.0,85.1500015258789,80.5999984741211,82.75,4514236,0.0
2021-06-21,81.19999694824219,82.8499984741211,80.80000305175781,81.94999694824219,2439767,0.0
2021-06-22,82.1500015258789,84.1500015258789,82.1500015258789,82.3499984741211,2722379,0.0
2021-06-23,82.80000305175781,83.0999984741211,81.55000305175781,81.8499984741211,1878174,0.0
2021-06-24,82.0999984741211,82.3499984741211,80.75,81.1500015258789,1497615,0.0
2021-06-25,81.5,82.19999694824219,80.9000015258789,81.0999984741211,1871552,0.0
2021-06-28,81.55000305175781,81.55000305175781,80.4000015258789,80.5999984741211,1914542,0.0
2021-06-29,81.1500015258789,83.5999984741211,81.05000305175781,82.19999694824219,4658348,0.0
2021-06-30,82.5,84.30000305175781,81.8499984741211,83.5999984741211,5115614,0.0
2021-07-01,83.69999694824219,85.5,82.5,85.0,4861808,0.0
2021-07-02,85.9000015258789,86.6500015258789,83.80000305175781,84.0999984741211,7146897,0.0
2021-07-05,84.25,84.5,83.1500015258789,83.3499984741211,2464782,0.0
2021-07-06,83.0999984741211,83.5,82.1500015258789,82.30000305175781,1748890,0.0
2021-07-07,82.05000305175781,88.9000015258789,81.75,87.1500015258789,12631737,0.0
2021-07-08,87.75,87.75,83.25,83.75,7163490,0.0
2021-07-09,83.44999694824219,84.3499984741211,83.0,83.5999984741211,2472487,0.0
2021-07-12,84.44999694824219,84.80000305175781,82.69999694824219,83.0999984741211,2463687,0.0
2021-07-13,83.6500015258789,84.9000015258789,83.25,83.5999984741211,3430874,0.0
2021-07-14,83.25,84.44999694824219,82.8499984741211,83.0999984741211,2401353,0.0
2021-07-15,83.0,84.6500015258789,82.5999984741211,83.3499984741211,3213929,0.0
2021-07-16,85.0,86.19999694824219,83.3499984741211,83.80000305175781,4920183,0.0
2021-07-19,83.1500015258789,83.9000015258789,82.44999694824219,82.8499984741211,2090559,0.0
2021-07-20,82.19999694824219,82.8499984741211,79.6500015258789,80.30000305175781,3120721,0.0
2021-07-22,81.19999694824219,82.19999694824219,80.05000305175781,80.3499984741211,2431582,0.0
2021-07-23,80.9000015258789,81.05000305175781,79.3499984741211,80.0,2335832,0.0
2021-07-26,80.05000305175781,83.5,79.69999694824219,82.05000305175781,4141367,0.0
2021-07-27,83.55000305175781,83.9000015258789,80.5,81.0999984741211,4195761,0.0
2021-07-28,81.1500015258789,82.75,79.0999984741211,80.55000305175781,3936862,0.0
2021-07-29,81.1500015258789,81.4000015258789,80.55000305175781,80.75,1697247,0.0
2021-07-30,81.0,87.9000015258789,80.69999694824219,84.0999984741211,20999046,0.0
2021-08-02,84.8499984741211,85.5,83.75,84.94999694824219,4996787,0.0
2021-08-03,85.0,86.19999694824219,84.0999984741211,85.0,3405350,0.0
2021-08-04,84.80000305175781,85.30000305175781,82.0,82.19999694824219,2829619,0.0
2021-08-05,82.30000305175781,82.44999694824219,80.05000305175781,80.8499984741211,2028227,0.0
2021-08-06,80.9000015258789,84.5,80.80000305175781,82.05000305175781,4846715,0.0
2021-08-09,82.0999984741211,82.69999694824219,80.69999694824219,81.0,1644841,0.0
2021-08-10,81.0,81.25,74.3499984741211,74.9000015258789,4638859,0.0
2021-08-11,75.25,75.5999984741211,71.30000305175781,74.5,3417480,0.0
2021-08-12,74.8499984741211,77.19999694824219,74.80000305175781,75.9000015258789,2314354,0.0
2021-08-13,76.6500015258789,77.9000015258789,75.9000015258789,76.25,2454225,0.0
2021-08-16,75.80000305175781,78.80000305175781,74.0999984741211,75.4000015258789,3808464,0.0
2021-08-17,75.30000305175781,75.4000015258789,73.25,74.0999984741211,1186573,0.0
2021-08-18,74.3499984741211,74.75,73.19999694824219,73.55000305175781,1060936,0.0
2021-08-20,72.4000015258789,73.1500015258789,71.30000305175781,71.55000305175781,1539494,0.0
2021-08-23,72.55000305175781,72.80000305175781,69.0,69.19999694824219,1570010,0.0
2021-08-24,69.69999694824219,71.94999694824219,68.8499984741211,71.25,1934093,0.0
2021-08-25,71.9000015258789,72.3499984741211,71.0999984741211,71.5,924675,0.0
2021-08-26,71.5,72.30000305175781,71.05000305175781,71.3499984741211,793382,0.0
2021-08-27,71.30000305175781,73.19999694824219,71.0999984741211,72.3499984741211,2104849,0.0
2021-08-30,73.75,73.75,72.80000305175781,73.0999984741211,945697,0.0
2021-08-31,73.19999694824219,73.3499984741211,72.0,72.1500015258789,850730,0.0
2021-09-01,72.30000305175781,74.0999984741211,71.44999694824219,72.94999694824219,1636789,0.0
2021-09-02,72.9000015258789,76.75,72.69999694824219,75.4000015258789,5925655,0.0
2021-09-03,75.5999984741211,76.30000305175781,74.4000015258789,74.9000015258789,1481828,0.0
2021-09-06,75.19999694824219,75.69999694824219,74.5,75.0,778107,0.0
2021-09-07,75.0,75.19999694824219,73.55000305175781,73.75,861744,0.0
2021-09-08,73.80000305175781,74.3499984741211,73.0999984741211,73.5999984741211,684167,0.0
2021-09-09,74.44999694824219,75.0999984741211,73.9000015258789,74.0999984741211,1146096,0.0
2021-09-13,73.8499984741211,74.5,73.0,73.69999694824219,865444,0.0
2021-09-14,73.9000015258789,75.0999984741211,73.55000305175781,74.5999984741211,1292915,0.0
2021-09-15,75.0,75.9000015258789,74.75,75.3499984741211,965709,0.0
2021-09-16,75.4000015258789,77.19999694824219,75.4000015258789,75.5999984741211,1506926,0.0
2021-09-17,75.8499984741211,76.1500015258789,72.80000305175781,74.05000305175781,1652546,0.0
2021-09-20,72.19999694824219,75.5999984741211,72.19999694824219,73.1500015258789,1503711,0.0
2021-09-21,73.0,74.3499984741211,72.5,73.6500015258789,1171538,0.0
2021-09-22,74.19999694824219,75.30000305175781,73.75,74.0999984741211,958295,0.0
2021-09-23,74.75,75.19999694824219,73.80000305175781,74.1500015258789,908362,0.0
2021-09-24,74.44999694824219,87.0,74.0999984741211,82.5,42494244,0.0
2021-09-27,82.55000305175781,88.9000015258789,80.1500015258789,85.5999984741211,33040900,0.0
2021-09-28,86.25,87.80000305175781,83.25,84.30000305175781,6927100,0.0
2021-09-29,83.80000305175781,85.94999694824219,83.05000305175781,83.5999984741211,4329673,0.0
2021-09-30,84.05000305175781,84.4000015258789,82.30000305175781,82.69999694824219,2598805,0.0
2021-10-01,82.0999984741211,82.44999694824219,79.9000015258789,80.69999694824219,4306521,0.0
2021-10-04,81.4000015258789,84.69999694824219,81.0999984741211,82.5999984741211,4500253,0.0
2021-10-05,82.80000305175781,84.75,82.44999694824219,83.5999984741211,4170170,0.0
2021-10-06,83.8499984741211,84.5,81.9000015258789,82.3499984741211,2873704,0.0
2021-10-07,83.19999694824219,83.9000015258789,82.4000015258789,82.6500015258789,2380702,0.0
2021-10-08,83.4000015258789,86.55000305175781,80.5,84.30000305175781,7917447,0.0
2021-10-11,83.8499984741211,84.0,82.05000305175781,82.30000305175781,2253541,0.0
2021-10-12,82.5,86.19999694824219,81.30000305175781,82.9000015258789,5693096,0.0
2021-10-13,83.9000015258789,84.5,82.5999984741211,83.05000305175781,2750921,0.0
2021-10-14,83.4000015258789,84.80000305175781,82.69999694824219,82.9000015258789,2199196,0.0
2021-10-18,83.80000305175781,84.25,83.05000305175781,83.44999694824219,2023947,0.0
2021-10-19,83.94999694824219,85.69999694824219,82.44999694824219,82.80000305175781,4957157,0.0
2021-10-20,81.94999694824219,82.44999694824219,80.05000305175781,80.5,2315140,1.78
2021-10-21,80.5,83.0999984741211,80.05000305175781,82.55000305175781,2644988,0.0
2021-10-22,82.94999694824219,82.94999694824219,80.0,80.25,1740024,0.0
2021-10-25,80.8499984741211,80.8499984741211,77.0999984741211,78.0,2087742,0.0
2021-10-26,78.19999694824219,80.19999694824219,78.1500015258789,78.55000305175781,2008365,0.0
2021-10-27,78.75,79.6500015258789,77.80000305175781,78.0999984741211,1472353,0.0
2021-10-28,78.1500015258789,78.19999694824219,76.5,76.80000305175781,1228902,0.0
2021-10-29,76.5999984741211,77.4000015258789,75.5,76.6500015258789,1391783,0.0
2021-11-01,76.9000015258789,77.9000015258789,76.6500015258789,77.5,890640,0.0
2021-11-02,77.9000015258789,81.19999694824219,77.5,79.55000305175781,3148989,0.0
2021-11-03,80.0,80.19999694824219,77.5,78.0999984741211,1170647,0.0
2021-11-04,78.5999984741211,78.94999694824219,78.3499984741211,78.6500015258789,198324,0.0
2021-11-08,79.05000305175781,81.0,78.55000305175781,79.94999694824219,1963417,0.0
2021-11-09,79.5999984741211,81.0,79.5999984741211,80.4000015258789,1040572,0.0
2021-11-10,80.0,82.3499984741211,79.44999694824219,81.05000305175781,1764140,0.0
2021-11-11,80.19999694824219,80.30000305175781,79.0,79.3499984741211,1501931,0.0
2021-11-12,79.94999694824219,80.5999984741211,79.0999984741211,80.0,1101821,0.0
2021-11-15,80.0999984741211,80.0999984741211,78.69999694824219,78.8499984741211,746829,0.0
2021-11-16,78.80000305175781,80.0999984741211,78.55000305175781,79.0,1116165,0.0
2021-11-17,78.4000015258789,79.25,77.80000305175781,77.94999694824219,993069,0.0
2021-11-18,77.9000015258789,78.25,74.8499984741211,75.9000015258789,1444692,0.0
2021-11-22,76.0999984741211,76.44999694824219,71.55000305175781,73.5,1842683,0.0
2021-11-23,73.0999984741211,75.25,72.55000305175781,75.0,1010164,0.0
2021-11-24,74.5,76.3499984741211,74.25,74.75,1022829,1.35
2021-11-25,74.5999984741211,76.75,74.4000015258789,75.80000305175781,1389948,0.0
2021-11-26,74.80000305175781,75.30000305175781,72.5,72.80000305175781,1241006,0.0
2021-11-29,71.75,72.30000305175781,66.0,69.44999694824219,1640822,0.0
2021-11-30,70.5999984741211,71.9000015258789,69.3499984741211,69.8499984741211,1320782,0.0
2021-12-01,74.0,74.4000015258789,72.55000305175781,73.30000305175781,3615677,0.0
2021-12-02,73.30000305175781,73.6500015258789,72.44999694824219,73.19999694824219,849493,0.0
2021-12-03,73.0,74.80000305175781,73.0,73.5,1454825,0.0
2021-12-06,73.4000015258789,73.80000305175781,71.8499984741211,72.0,790192,0.0
2021-12-07,72.5,73.9000015258789,72.25,73.44999694824219,1067308,0.0
2021-12-08,73.9000015258789,74.75,73.69999694824219,73.8499984741211,932946,0.0
2021-12-09,73.94999694824219,74.69999694824219,73.6500015258789,74.05000305175781,896247,0.0
2021-12-10,74.05000305175781,75.5,73.8499984741211,74.5999984741211,1008163,0.0
2021-12-13,74.80000305175781,76.25,74.4000015258789,74.9000015258789,1276197,0.0
2021-12-14,74.44999694824219,76.0,74.0999984741211,75.3499984741211,1109170,0.0
2021-12-15,75.25,79.69999694824219,75.0,77.5999984741211,5074440,0.0
2021-12-16,78.05000305175781,81.5999984741211,76.05000305175781,79.80000305175781,11144913,0.0
2021-12-17,78.55000305175781,79.4000015258789,76.30000305175781,76.80000305175781,4469980,0.0
2021-12-20,75.75,75.75,70.25,71.8499984741211,3698642,0.0
2021-12-21,72.1500015258789,73.6500015258789,72.05000305175781,72.4000015258789,1632059,0.0
2021-12-22,72.9000015258789,73.80000305175781,72.75,73.30000305175781,1239166,0.0
2021-12-23,73.94999694824219,75.4000015258789,73.44999694824219,74.19999694824219,1582291,0.0
2021-12-24,74.44999694824219,74.6500015258789,72.1500015258789,72.6500015258789,1583204,0.0
2021-12-27,72.4000015258789,73.25,71.75,72.55000305175781,1215416,0.0
2021-12-28,73.0,74.19999694824219,73.0,73.6500015258789,1332345,0.0
2021-12-29,73.5999984741211,74.6500015258789,73.55000305175781,74.05000305175781,1084718,0.0
2021-12-30,74.0,77.25,73.8499984741211,75.75,4482330,0.0
2021-12-31,75.80000305175781,77.55000305175781,75.80000305175781,76.19999694824219,1510851,0.0
2022-01-03,75.94999694824219,78.69999694824219,75.8499984741211,77.19999694824219,1669171,0.0
2022-01-04,77.25,79.19999694824219,76.3499984741211,77.94999694824219,3137615,0.0
2022-01-05,77.5999984741211,81.0999984741211,77.4000015258789,78.8499984741211,5446285,0.0
2022-01-06,78.05000305175781,78.94999694824219,77.44999694824219,78.4000015258789,1903428,0.0
2022-01-07,78.1500015258789,78.94999694824219,76.9000015258789,77.4000015258789,1708697,0.0
2022-01-10,77.55000305175781,79.8499984741211,77.55000305175781,79.1500015258789,1730635,0.0
2022-01-11,79.0999984741211,82.0,78.5,80.80000305175781,5764500,0.0
2022-01-12,81.4000015258789,82.5,80.69999694824219,81.25,4330395,0.0
2022-01-13,81.69999694824219,83.9000015258789,80.6500015258789,82.80000305175781,7263906,0.0
2022-01-14,82.5999984741211,83.9000015258789,81.8499984741211,83.19999694824219,3995132,0.0
2022-01-17,83.4000015258789,85.44999694824219,83.0999984741211,83.94999694824219,7062579,0.0
2022-01-18,84.30000305175781,88.6500015258789,83.80000305175781,84.4000015258789,23452883,0.0
2022-01-19,84.69999694824219,86.0,83.9000015258789,85.25,5945959,0.0
2022-01-20,85.75,86.19999694824219,84.05000305175781,84.6500015258789,3289875,0.0
2022-01-21,84.5,84.69999694824219,80.0,81.1500015258789,3525043,0.0
2022-01-24,81.5,81.9000015258789,75.80000305175781,76.5999984741211,3495452,0.0
2022-01-25,75.30000305175781,78.9000015258789,74.1500015258789,78.44999694824219,2660280,0.0
2022-01-27,77.4000015258789,79.0,76.69999694824219,78.19999694824219,1833589,0.0
2022-01-28,78.9000015258789,80.44999694824219,78.25,78.55000305175781,2186914,0.0
2022-01-31,79.69999694824219,80.55000305175781,79.30000305175781,79.6500015258789,1460347,0.0
2022-02-01,80.30000305175781,81.75,76.4000015258789,77.5,4635360,0.0
2022-02-02,78.1500015258789,78.5,77.3499984741211,77.5999984741211,1068201,0.0
2022-02-03,77.94999694824219,78.5999984741211,77.30000305175781,77.44999694824219,1139121,0.0
2022-02-04,78.75,78.9000015258789,76.9000015258789,77.0999984741211,2122935,0.0
2022-02-07,77.25,79.5,77.25,77.8499984741211,2669419,0.0
2022-02-08,78.19999694824219,78.5999984741211,75.4000015258789,76.9000015258789,3063834,0.0
2022-02-09,77.5,78.1500015258789,77.0,77.3499984741211,951619,0.0
2022-02-10,77.4000015258789,78.44999694824219,76.69999694824219,77.75,1193927,0.0
2022-02-11,78.0,82.94999694824219,78.0,80.55000305175781,9673245,0.0
2022-02-14,78.0,78.8499984741211,74.05000305175781,74.75,3095692,0.0
2022-02-15,75.0,76.0,72.5,75.69999694824219,2508301,0.0
2022-02-16,76.30000305175781,77.5,73.5,75.6500015258789,1823384,0.0
2022-02-17,75.9000015258789,76.80000305175781,74.25,74.55000305175781,1459792,0.0
2022-02-18,73.5,74.6500015258789,73.4000015258789,73.69999694824219,936317,0.0
2022-02-21,73.55000305175781,73.6500015258789,71.0,71.4000015258789,1454254,0.0
2022-02-22,70.0,70.6500015258789,67.0,70.0,1998659,0.0
2022-02-23,70.5,73.44999694824219,70.1500015258789,73.0,1441010,0.0
2022-02-24,70.0,70.3499984741211,66.5999984741211,67.0,2478330,0.0
2022-02-25,68.4000015258789,70.55000305175781,68.4000015258789,69.94999694824219,1596966,0.0
2022-02-28,68.0,71.4000015258789,68.0,71.05000305175781,1464439,0.0
2022-03-02,70.4000015258789,72.69999694824219,69.94999694824219,72.3499984741211,1419181,0.0
2022-03-03,72.6500015258789,75.3499984741211,72.5999984741211,74.55000305175781,1948675,0.0
2022-03-04,74.0,74.44999694824219,72.0,72.30000305175781,1206071,0.0
2022-03-07,70.94999694824219,71.80000305175781,69.55000305175781,70.44999694824219,1302841,0.0
2022-03-08,70.44999694824219,73.25,70.30000305175781,73.05000305175781,1557394,0.0
2022-03-09,73.44999694824219,76.5999984741211,72.80000305175781,75.8499984741211,2540531,0.0
2022-03-10,76.8499984741211,77.30000305175781,75.0,75.5999984741211,2077160,0.0
2022-03-11,75.55000305175781,81.9000015258789,75.05000305175781,80.5999984741211,10102629,0.0
2022-03-14,81.5999984741211,84.4000015258789,80.55000305175781,81.25,7461036,0.0
2022-03-15,81.69999694824219,81.8499984741211,78.69999694824219,79.69999694824219,3015852,0.0
2022-03-16,80.30000305175781,80.80000305175781,78.75,79.05000305175781,1560179,0.0
2022-03-17,79.5,80.8499984741211,78.0999984741211,79.75,4809379,0.0
2022-03-21,79.94999694824219,84.0,79.44999694824219,81.75,6918141,0.0
2022-03-22,82.30000305175781,83.9000015258789,81.5,82.4000015258789,6123158,0.0
2022-03-23,82.8499984741211,84.69999694824219,81.55000305175781,82.0999984741211,5161899,0.0
2022-03-24,83.0,83.75,81.6500015258789,82.05000305175781,3886209,0.0
2022-03-25,82.3499984741211,82.9000015258789,80.4000015258789,81.4000015258789,3219551,0.0
2022-03-28,81.69999694824219,82.25,78.75,81.1500015258789,4207902,0.0
2022-03-29,81.30000305175781,93.6999969482422,81.30000305175781,91.6999969482422,65306362,0.0
2022-03-30,92.5,94.6500015258789,88.6500015258789,90.1999969482422,31317070,0.0
2022-03-31,89.9000015258789,92.25,88.94999694824219,89.44999694824219,11505341,0.0
2022-04-01,88.5,96.3499984741211,88.25,94.5999984741211,28348005,0.0
2022-04-04,96.4000015258789,102.5,96.0,101.25,38960073,0.0
2022-04-05,102.25,104.0999984741211,99.0,99.6500015258789,20676888,0.0
2022-04-06,99.0,105.8000030517578,97.8000030517578,104.4499969482422,29016861,0.0
2022-04-07,104.9000015258789,109.0,103.4000015258789,104.3499984741211,28499846,0.0
2022-04-08,104.9000015258789,106.4000015258789,103.5,104.3000030517578,11701018,0.0
2022-04-11,104.6999969482422,107.6999969482422,104.25,105.1999969482422,8483858,0.0
2022-04-12,105.6500015258789,105.75,98.0500030517578,99.5,13122345,0.0
2022-04-13,101.9499969482422,105.4000015258789,101.5999984741211,102.9499969482422,13955676,0.0
2022-04-18,102.0,111.5999984741211,101.0,108.1999969482422,28539191,0.0
2022-04-19,109.4000015258789,112.6500015258789,102.5500030517578,104.9499969482422,19663621,0.0
2022-04-20,105.8000030517578,108.3499984741211,104.9000015258789,106.8000030517578,10657553,0.0
2022-04-21,107.6999969482422,110.9000015258789,105.6500015258789,109.6999969482422,10505866,0.0
2022-04-22,108.6999969482422,110.4499969482422,105.9000015258789,106.5500030517578,8168347,0.0
2022-04-25,104.1999969482422,104.4000015258789,99.0,99.6500015258789,10559879,0.0
2022-04-26,100.8499984741211,102.9000015258789,99.8000030517578,101.1500015258789,5756973,0.0
2022-04-27,100.4499969482422,104.6999969482422,98.5999984741211,102.0999984741211,13651804,0.0
2022-04-28,103.0,104.4499969482422,101.0,102.1999969482422,6714126,0.0
2022-04-29,102.8000030517578,103.5,99.5999984741211,100.1999969482422,4928422,0.0
2022-05-02,98.5,99.1999969482422,94.75,95.6500015258789,5957813,0.0
2022-05-04,96.0,97.25,90.6999969482422,92.0999984741211,7697307,0.0
2022-05-05,92.9499969482422,94.25,91.0999984741211,91.5500030517578,4127571,0.0
2022-05-06,89.9000015258789,91.8000030517578,87.75,90.8000030517578,6999946,0.0
2022-05-09,90.0,92.4000015258789,88.3499984741211,89.69999694824219,6596600,0.0
2022-05-10,89.5999984741211,92.3000030517578,84.8499984741211,86.19999694824219,4531408,0.0
2022-05-11,87.25,88.1500015258789,81.9000015258789,86.1500015258789,5122411,0.0
2022-05-12,84.80000305175781,85.30000305175781,81.30000305175781,82.0,4128261,0.0
2022-05-13,83.8499984741211,84.69999694824219,81.44999694824219,82.05000305175781,4074198,0.0
2022-05-16,82.5,84.6500015258789,81.0,83.80000305175781,2799921,0.0
2022-05-17,84.44999694824219,90.5,84.05000305175781,89.55000305175781,5033024,0.0
2022-05-18,90.25,95.3000030517578,88.0999984741211,93.75,8005047,0.0
2022-05-19,91.5,100.6500015258789,91.0,96.6999969482422,18326825,0.0
2022-05-20,99.0,102.5,98.3000030517578,101.4000015258789,8107508,0.0
2022-05-23,101.9499969482422,102.25,98.1999969482422,99.3000030517578,7077522,0.0
2022-05-24,99.5,103.9000015258789,98.5999984741211,99.8000030517578,9131579,0.0
2022-05-25,100.1999969482422,101.5,90.5,90.9000015258789,6258711,0.0
2022-05-26,91.6999969482422,93.4000015258789,86.9000015258789,92.6999969482422,5121900,0.0
2022-05-27,93.5,97.4000015258789,92.5500030517578,94.3499984741211,6551675,0.0
2022-05-30,95.4499969482422,97.4000015258789,95.0,96.5999984741211,2748668,0.0
2022-05-31,96.0999984741211,98.4000015258789,94.4000015258789,95.6999969482422,5345429,0.0
2022-06-01,95.4499969482422,97.1500015258789,93.6999969482422,95.3000030517578,2432696,0.0
2022-06-02,95.4499969482422,97.0999984741211,94.1999969482422,95.3499984741211,2428544,0.0
2022-06-03,96.4000015258789,97.0500030517578,92.8000030517578,93.0999984741211,2537709,0.0
2022-06-06,92.9499969482422,97.6500015258789,92.25,96.9499969482422,4843541,0.0
2022-06-07,95.9499969482422,100.25,94.25,94.8499984741211,7447006,0.0
2022-06-08,94.9000015258789,95.4499969482422,93.0500030517578,93.25,2861866,0.0
2022-06-09,92.6500015258789,93.75,90.9000015258789,91.0500030517578,2276745,0.0
2022-06-10,89.9000015258789,91.0,89.0999984741211,90.05000305175781,2060813,0.0
2022-06-13,87.80000305175781,87.94999694824219,84.1500015258789,84.80000305175781,2386644,0.0
2022-06-14,83.80000305175781,85.9000015258789,82.80000305175781,83.30000305175781,2482843,0.0
2022-06-15,83.9000015258789,84.55000305175781,82.4000015258789,82.80000305175781,1809310,0.0
2022-06-16,83.80000305175781,86.0,79.80000305175781,80.5999984741211,5132434,0.0
2022-06-17,80.4000015258789,80.5,77.80000305175781,78.19999694824219,3080979,0.0
2022-06-20,78.19999694824219,78.94999694824219,70.5999984741211,71.8499984741211,4268364,0.0
2022-06-21,74.5,77.80000305175781,73.6500015258789,76.75,5242478,0.0
2022-06-22,77.0,77.25,75.0,75.6500015258789,1865811,0.0
2022-06-23,76.0,77.0,74.75,75.75,1868838,0.0
2022-06-24,76.44999694824219,78.69999694824219,76.25,78.19999694824219,2141822,0.0
2022-06-27,79.80000305175781,80.9000015258789,78.80000305175781,79.9000015258789,2492713,0.0
2022-06-28,79.94999694824219,79.94999694824219,78.5,79.05000305175781,1661462,0.0
2022-06-29,77.5999984741211,79.6500015258789,77.55000305175781,78.94999694824219,1296356,0.0
2022-06-30,79.0,80.44999694824219,77.80000305175781,78.1500015258789,1413428,0.0
2022-07-01,77.94999694824219,78.69999694824219,76.0999984741211,78.25,1110880,0.0
2022-07-04,78.69999694824219,80.4000015258789,78.69999694824219,79.94999694824219,1529043,0.0
2022-07-05,80.3499984741211,81.30000305175781,78.55000305175781,79.05000305175781,1366090,0.0
2022-07-06,79.30000305175781,80.69999694824219,78.0,80.19999694824219,1735391,0.0
2022-07-07,80.5999984741211,81.9000015258789,80.4000015258789,81.5,1758302,0.0
2022-07-08,82.05000305175781,82.44999694824219,80.69999694824219,81.25,1486533,0.0
2022-07-11,80.80000305175781,84.0999984741211,80.44999694824219,83.5999984741211,2089406,0.0
2022-07-12,83.0,84.80000305175781,83.0,83.44999694824219,1723555,0.0
2022-07-13,83.80000305175781,84.0,82.19999694824219,82.94999694824219,892194,0.0
2022-07-14,83.25,83.30000305175781,80.5,81.25,1461393,0.0
2022-07-15,81.5999984741211,82.75,80.4000015258789,82.3499984741211,1282670,0.0
2022-07-18,82.9000015258789,84.30000305175781,82.5,83.55000305175781,1737165,0.0
2022-07-19,83.0999984741211,84.1500015258789,82.80000305175781,83.4000015258789,1392498,0.0
2022-07-20,84.1500015258789,87.19999694824219,83.94999694824219,85.5,3591828,0.0
2022-07-21,85.44999694824219,86.75,84.80000305175781,86.0,1691484,0.0
2022-07-22,86.5,88.44999694824219,86.0999984741211,87.0999984741211,5411913,0.0
2022-07-25,86.5,86.9000015258789,85.0,85.75,1698464,0.0
2022-07-26,86.0,86.0,83.5,83.94999694824219,1578835,0.0
2022-07-27,84.30000305175781,86.6500015258789,83.0999984741211,86.19999694824219,2023103,0.0
2022-07-28,86.6500015258789,86.8499984741211,85.0999984741211,85.69999694824219,1507900,0.0
2022-07-29,86.4000015258789,88.25,85.5999984741211,87.69999694824219,3407572,0.0
2022-08-01,87.94999694824219,91.0999984741211,86.69999694824219,90.5,4862874,0.0
2022-08-02,89.80000305175781,90.1500015258789,88.25,88.8499984741211,2843568,0.0
2022-08-03,88.80000305175781,89.19999694824219,87.0,87.5,1477141,0.0
2022-08-04,87.94999694824219,94.6999969482422,87.8499984741211,94.0500030517578,13984568,0.0
2022-08-05,94.4000015258789,97.3000030517578,94.1500015258789,96.1500015258789,7539586,0.0
2022-08-08,96.5,96.5999984741211,93.5999984741211,95.0,3435491,0.0
2022-08-10,95.0,99.5999984741211,92.75,93.9499969482422,9475151,0.0
2022-08-11,94.0,96.1999969482422,90.6500015258789,94.0,6838636,0.0
2022-08-12,93.25,97.1999969482422,92.5,94.1999969482422,9764539,0.0
2022-08-16,94.9000015258789,95.4000015258789,93.6999969482422,94.1500015258789,2574290,0.0
2022-08-17,94.1500015258789,95.3000030517578,93.1500015258789,93.5,2592251,0.0
2022-08-18,93.6999969482422,96.4499969482422,93.3000030517578,93.75,3384369,0.0
2022-08-19,94.3000030517578,95.0,91.0500030517578,91.4499969482422,3090215,0.0
2022-08-22,91.4000015258789,91.5,88.19999694824219,88.75,2026495,0.0
2022-08-23,88.19999694824219,90.9000015258789,87.69999694824219,89.9000015258789,2165648,0.0
2022-08-24,90.1500015258789,97.9000015258789,90.1500015258789,97.0500030517578,10679995,0.0
2022-08-25,98.0,105.0,96.8000030517578,101.25,21847402,0.0
2022-08-26,102.4000015258789,108.0,102.1500015258789,105.0500030517578,16856977,0.0
2022-08-29,101.0999984741211,104.4000015258789,100.5,101.4000015258789,6318289,0.0
2022-08-30,102.9000015258789,104.0,98.4499969482422,99.1999969482422,7330137,0.0
2022-09-01,98.3499984741211,101.9000015258789,98.1999969482422,100.25,5226494,0.0
2022-09-02,101.1500015258789,101.6999969482422,99.0,99.1999969482422,3183446,0.0
2022-09-05,99.8000030517578,101.1999969482422,99.5,100.1999969482422,3415080,0.0
2022-09-06,100.5999984741211,103.6999969482422,99.5999984741211,101.4499969482422,8719689,0.0
2022-09-07,103.25,104.0,102.1999969482422,102.9499969482422,6206027,0.0
2022-09-08,103.5999984741211,105.6500015258789,102.5500030517578,103.4499969482422,6614179,0.0
2022-09-09,104.0,104.25,101.5999984741211,101.9000015258789,2830764,0.0
2022-09-12,102.25,103.6999969482422,101.8000030517578,102.8000030517578,3276372,0.0
2022-09-13,103.25,105.1999969482422,102.3499984741211,102.8499984741211,4762741,0.0
2022-09-14,101.5999984741211,103.1999969482422,100.3000030517578,102.8000030517578,2974627,0.0
2022-09-15,103.4000015258789,105.4000015258789,101.8499984741211,102.4000015258789,3984143,0.0
2022-09-16,102.9000015258789,109.4499969482422,101.0,103.8499984741211,21818533,0.0
2022-09-19,104.6999969482422,106.1500015258789,103.0,104.3000030517578,5377678,0.0
2022-09-20,105.25,106.8000030517578,104.6500015258789,105.3000030517578,3959655,0.0
2022-09-21,105.8000030517578,106.75,102.3000030517578,102.8499984741211,4093954,0.0
2022-09-22,102.75,104.6999969482422,102.4499969482422,103.8000030517578,2713983,0.0
2022-09-23,104.4000015258789,104.6999969482422,99.1999969482422,99.9499969482422,3011280,0.0
2022-09-26,99.75,99.75,92.6999969482422,93.8000030517578,3350773,0.0
2022-09-27,94.5500030517578,96.1500015258789,93.0,94.1999969482422,2602449,0.0
2022-09-28,93.9499969482422,93.9499969482422,90.5,91.5,1883520,0.0
2022-09-29,92.6500015258789,94.4000015258789,91.0500030517578,92.3000030517578,3413950,0.0
2022-09-30,92.0999984741211,94.5999984741211,91.5,94.0,2045863,0.0
2022-10-03,93.5500030517578,94.6999969482422,91.5,92.8000030517578,2308609,0.0
2022-10-04,94.3499984741211,95.25,93.6500015258789,94.8499984741211,1534096,0.0
2022-10-06,95.4000015258789,98.9000015258789,95.1500015258789,98.25,3943392,0.0
2022-10-07,98.4000015258789,99.6999969482422,97.6999969482422,98.9000015258789,2850465,0.0
2022-10-10,98.0,98.3000030517578,97.0999984741211,97.6500015258789,1344472,0.0
2022-10-11,98.4000015258789,99.9000015258789,95.3499984741211,96.1500015258789,1833660,0.0
2022-10-12,96.5,97.1999969482422,93.3000030517578,94.75,1255537,0.0
2022-10-13,94.5,95.0,92.25,92.5,1233985,0.0
2022-10-14,93.8000030517578,94.6500015258789,92.9000015258789,93.1500015258789,1575438,0.0
2022-10-17,92.6999969482422,94.9499969482422,92.0500030517578,92.6500015258789,1824537,0.0
2022-10-18,93.4000015258789,95.4000015258789,92.5500030517578,95.0500030517578,2894438,0.0
2022-10-19,95.0,98.6999969482422,94.25,97.25,3887107,0.0
2022-10-20,96.0500030517578,99.3499984741211,96.0500030517578,98.9499969482422,3281539,0.0
2022-10-21,99.4499969482422,100.75,98.5500030517578,99.3000030517578,2791453,0.0
2022-10-24,100.1999969482422,100.75,98.6500015258789,99.1500015258789,614487,0.0
2022-10-25,99.4499969482422,103.6500015258789,98.75,101.9000015258789,4098757,0.0
2022-10-27,102.8000030517578,105.0,102.4000015258789,103.5999984741211,4013556,0.0
2022-10-28,103.5999984741211,105.3000030517578,102.9000015258789,103.1999969482422,3326213,0.0
2022-10-31,104.0500030517578,104.3000030517578,101.1999969482422,101.9000015258789,1620926,0.0
2022-11-01,102.4000015258789,102.5,100.5,102.0,1985616,0.0
2022-11-02,102.0,104.6999969482422,101.4499969482422,101.6999969482422,3336613,0.0
2022-11-03,101.3000030517578,102.5500030517578,100.75,101.1500015258789,1196520,0.0
2022-11-04,101.6999969482422,102.75,100.8499984741211,101.5500030517578,1430766,0.0
2022-11-07,102.1999969482422,103.1999969482422,100.5500030517578,101.9499969482422,2260414,0.0
2022-11-09,102.6500015258789,106.1999969482422,102.4000015258789,104.1500015258789,4714577,0.0
2022-11-10,104.0,105.3499984741211,101.6999969482422,102.5500030517578,1782801,0.0
2022-11-11,103.6999969482422,103.8000030517578,100.25,101.5,1663021,0.0
2022-11-14,102.5,104.0,102.0999984741211,103.0500030517578,3121278,0.0
2022-11-15,103.4000015258789,103.4000015258789,101.4000015258789,101.9499969482422,1244478,0.0
2022-11-16,101.8499984741211,102.4499969482422,99.5999984741211,100.3000030517578,1306888,0.0
2022-11-17,100.3499984741211,101.25,98.5500030517578,98.8499984741211,1537755,0.0
2022-11-18,99.3499984741211,99.5999984741211,97.5,97.9499969482422,1228177,0.0
2022-11-21,98.4000015258789,103.9499969482422,98.0,103.3499984741211,4827035,0.0
2022-11-22,104.0,105.4499969482422,102.4000015258789,104.3000030517578,4040911,0.0
2022-11-23,104.3000030517578,119.1999969482422,104.1999969482422,116.3000030517578,57361243,0.0
2022-11-24,117.25,124.3000030517578,114.1999969482422,122.0,32693165,0.0
2022-11-25,121.4499969482422,121.6999969482422,118.5500030517578,119.5,8538344,0.0
2022-11-28,120.6999969482422,128.39999389648438,120.5,123.3000030517578,19091859,0.0
2022-11-29,124.0,126.4000015258789,121.1500015258789,122.9499969482422,8718321,0.0
2022-11-30,122.6999969482422,122.9499969482422,118.4000015258789,119.6999969482422,4902101,0.0
2022-12-01,120.3000030517578,122.5,119.3000030517578,120.1999969482422,4178694,0.0
2022-12-02,120.1999969482422,125.6500015258789,120.0500030517578,123.5999984741211,6524631,0.0
2022-12-05,124.25,125.9000015258789,122.4000015258789,123.8000030517578,3917724,0.0
2022-12-06,124.0500030517578,132.25,121.1999969482422,128.1999969482422,16953628,0.0
2022-12-07,128.60000610351562,138.1999969482422,126.25,135.6999969482422,28278238,0.0
2022-12-08,136.39999389648438,139.89999389648438,133.5,135.85000610351562,12936583,0.0
2022-12-09,136.5500030517578,137.35000610351562,129.10000610351562,130.6999969482422,6165968,0.0
2022-12-12,130.9499969482422,136.89999389648438,127.75,135.9499969482422,9609673,0.0
2022-12-13,136.75,138.1999969482422,132.5500030517578,133.64999389648438,8436329,0.0
2022-12-14,134.0,137.64999389648438,131.8000030517578,136.14999389648438,8747489,0.0
2022-12-15,132.0,144.85000610351562,131.8000030517578,140.89999389648438,29623758,4.1
2022-12-16,140.10000610351562,144.39999389648438,136.5,138.35000610351562,19432785,0.0
2022-12-19,138.89999389648438,139.6999969482422,132.35000610351562,133.1999969482422,7458523,0.0
2022-12-20,132.3000030517578,134.25,129.39999389648438,132.1999969482422,8690559,0.0
2022-12-21,132.75,135.8000030517578,121.3000030517578,123.9499969482422,13190940,0.0
2022-12-22,125.0,126.4000015258789,113.6999969482422,114.75,11680319,0.0
2022-12-23,113.25,117.3000030517578,105.75,107.0999984741211,9739381,0.0
2022-12-26,107.1999969482422,115.25,104.8000030517578,113.4000015258789,11990968,0.0
2022-12-27,114.4000015258789,118.5,112.6500015258789,116.5,9630094,0.0
2022-12-28,116.5,137.25,115.0,133.8000030517578,47187926,0.0
2022-12-29,132.5,136.25,129.14999389648438,131.89999389648438,31665840,0.0
2022-12-30,132.5,141.5,132.39999389648438,134.5500030517578,25946189,0.0
2023-01-02,135.0,135.6999969482422,130.60000610351562,132.25,9917240,0.0
2023-01-03,132.89999389648438,134.1999969482422,129.10000610351562,130.5500030517578,6184561,0.0
2023-01-04,131.1999969482422,140.25,130.9499969482422,134.85000610351562,40374565,0.0
2023-01-05,135.5500030517578,137.6999969482422,131.60000610351562,133.1999969482422,12007421,0.0
2023-01-06,133.89999389648438,134.8000030517578,129.25,130.75,8501914,0.0
2023-01-09,131.4499969482422,133.64999389648438,129.3000030517578,130.10000610351562,4834539,0.0
2023-01-10,130.25,130.6999969482422,124.0999984741211,124.75,6235768,0.0
2023-01-11,125.25,128.1999969482422,123.0,124.1999969482422,5426224,0.0
2023-01-12,124.75,127.0,122.75,124.75,6116314,0.0
2023-01-13,125.0,125.8499984741211,123.3000030517578,124.4499969482422,3679934,0.0
2023-01-16,125.1500015258789,125.5999984741211,122.3000030517578,123.0,3256912,0.0
2023-01-17,123.0,127.5,120.0999984741211,126.0,13340550,0.0
2023-01-18,125.8000030517578,129.89999389648438,125.4499969482422,126.75,7635454,0.0
2023-01-19,125.8499984741211,128.14999389648438,124.75,125.5,4370863,0.0
2023-01-20,125.0,127.0999984741211,123.0,123.4499969482422,3612812,0.0
2023-01-23,124.1500015258789,125.3499984741211,122.6500015258789,123.5500030517578,2522448,0.0
2023-01-24,123.6500015258789,124.3000030517578,121.8000030517578,122.3000030517578,2272412,0.0
2023-01-25,121.9000015258789,122.1500015258789,118.0999984741211,118.8000030517578,2699430,0.0
2023-01-27,119.0,119.5500030517578,112.5999984741211,113.5,4474517,0.0
2023-01-30,112.5,116.5999984741211,111.5500030517578,113.0500030517578,3569023,0.0
2023-01-31,113.75,122.4000015258789,113.6999969482422,120.8499984741211,9925516,0.0
2023-02-01,122.9499969482422,124.5500030517578,111.6500015258789,113.25,10208155,0.0
2023-02-02,113.5999984741211,117.1999969482422,113.25,115.25,4077633,0.0
2023-02-03,115.9000015258789,117.1999969482422,108.4000015258789,112.75,5386442,0.0
2023-02-06,113.0,114.8000030517578,109.4499969482422,109.8499984741211,4735802,0.0
2023-02-07,110.0999984741211,111.0,108.0,109.4499969482422,3328858,0.0
2023-02-08,112.0,114.8000030517578,110.0500030517578,111.4499969482422,6453113,0.0
2023-02-09,111.8000030517578,112.4000015258789,109.9499969482422,110.5500030517578,2466102,0.0
2023-02-10,110.3499984741211,111.9499969482422,109.6999969482422,110.5,1953698,0.0
2023-02-13,110.5,111.0999984741211,106.5,107.25,2358732,0.0
2023-02-14,108.0,116.3000030517578,105.5999984741211,112.4000015258789,14713872,0.0
2023-02-15,112.1999969482422,115.75,111.1999969482422,114.1500015258789,5739437,0.0
2023-02-16,114.5,114.75,112.4499969482422,112.8499984741211,1867942,0.0
2023-02-17,112.0,113.8000030517578,110.3499984741211,111.1500015258789,2042779,0.0
2023-02-20,111.1999969482422,112.0,108.5,109.3000030517578,2644407,0.0
2023-02-21,109.5999984741211,110.3499984741211,108.25,108.75,2036131,0.0
2023-02-22,108.0,108.5,104.8000030517578,105.1999969482422,2613279,0.0
2023-02-23,105.0,105.0,101.1500015258789,102.0999984741211,3832860,0.0
2023-02-24,102.0999984741211,103.6500015258789,99.5,100.4499969482422,4133622,0.0
2023-02-27,100.4000015258789,100.4000015258789,96.0500030517578,96.75,3593605,0.0
2023-02-28,97.1999969482422,99.4499969482422,97.0999984741211,97.5,3463826,0.0
2023-03-01,97.5999984741211,101.8000030517578,96.6500015258789,100.5999984741211,4277854,0.0
2023-03-02,100.5999984741211,102.0,98.1999969482422,98.9499969482422,2784584,0.0
2023-03-03,99.4499969482422,102.75,99.3499984741211,101.6500015258789,5109094,0.0
2023-03-06,102.1999969482422,105.8000030517578,102.0,103.25,5993584,0.0
2023-03-08,102.75,105.25,101.25,104.5999984741211,3779033,0.0
2023-03-09,105.0,106.4499969482422,103.25,104.0999984741211,3199199,0.0
2023-03-10,102.0500030517578,104.5999984741211,100.8000030517578,102.5999984741211,5769671,0.0
2023-03-13,103.0,103.4000015258789,98.3499984741211,98.9499969482422,3131755,0.0
2023-03-14,99.3000030517578,99.5,97.0999984741211,99.0,2482117,0.0
2023-03-15,100.0,101.3499984741211,97.5,98.4000015258789,4164036,0.0
2023-03-16,98.0,99.1999969482422,97.0999984741211,97.8499984741211,2584591,0.0
2023-03-17,98.5,99.8000030517578,98.0,98.9000015258789,2030095,0.0
2023-03-20,98.8000030517578,99.0,96.4000015258789,96.8000030517578,1954274,0.0
2023-03-21,97.5,98.1500015258789,96.8000030517578,97.5,1766923,0.0
2023-03-22,97.5500030517578,100.8000030517578,97.5500030517578,98.5999984741211,2240751,0.0
2023-03-23,98.1500015258789,99.9000015258789,97.9000015258789,98.1500015258789,1977388,0.0
2023-03-24,98.4499969482422,98.5999984741211,94.5,95.25,1867075,0.0
2023-03-27,95.8499984741211,95.8499984741211,91.0999984741211,92.1500015258789,2422150,0.0
2023-03-28,92.8499984741211,93.6500015258789,89.5,90.8499984741211,2622041,0.0
2023-03-29,91.0,96.4499969482422,90.6500015258789,95.75,3821663,0.0
2023-03-31,96.6999969482422,97.6999969482422,94.6999969482422,95.3499984741211,2082809,0.0
2023-04-03,95.9499969482422,98.9499969482422,95.3499984741211,97.8000030517578,2463439,0.0
2023-04-05,98.4000015258789,99.5999984741211,97.1999969482422,98.9000015258789,2157598,0.0
2023-04-06,99.1500015258789,100.5,98.4000015258789,99.1500015258789,1671562,0.0
2023-04-10,100.0999984741211,102.1999969482422,99.3499984741211,100.0,3002353,0.0
2023-04-11,100.1999969482422,100.9499969482422,99.0999984741211,100.3499984741211,1569499,0.0
2023-04-12,100.6999969482422,109.5999984741211,99.8000030517578,107.1999969482422,24823226,0.0
2023-04-13,106.9000015258789,110.5,106.3000030517578,107.4000015258789,12483925,0.0
2023-04-17,107.1999969482422,108.5999984741211,105.5999984741211,106.1500015258789,3923354,0.0
2023-04-18,106.25,106.6999969482422,102.5,102.8499984741211,3096283,0.0
2023-04-19,102.8499984741211,105.6500015258789,102.4000015258789,103.25,3710463,0.0
2023-04-20,103.5500030517578,104.0999984741211,102.3000030517578,102.6999969482422,1876493,0.0
2023-04-21,102.5999984741211,105.3000030517578,101.6999969482422,103.6999969482422,4546508,0.0
2023-04-24,103.6999969482422,105.1999969482422,102.6500015258789,104.6500015258789,2787668,0.0
2023-04-25,105.0,107.6999969482422,104.25,107.0,5831220,0.0
2023-04-26,107.5,111.6500015258789,107.4000015258789,109.25,11608777,0.0
2023-04-27,109.4000015258789,109.75,107.5500030517578,108.1500015258789,2326546,0.0
2023-04-28,108.3000030517578,110.5,108.3000030517578,109.0,2750921,0.0
2023-05-02,109.5999984741211,111.9499969482422,108.9000015258789,109.8000030517578,5092979,0.0
2023-05-03,109.5999984741211,112.4499969482422,109.0,110.3000030517578,5550689,0.0
2023-05-04,110.8000030517578,114.9000015258789,110.8000030517578,112.0999984741211,7963887,0.0
2023-05-05,112.0999984741211,112.9000015258789,109.5,109.9000015258789,3344725,0.0
2023-05-08,110.1500015258789,110.6999969482422,108.0,108.1999969482422,2312019,0.0
2023-05-09,108.4499969482422,109.6999969482422,104.25,105.0500030517578,3271445,0.0
2023-05-10,105.5,105.9000015258789,102.9000015258789,105.5,2585388,0.0
2023-05-11,105.9000015258789,109.25,105.8499984741211,107.75,3541632,0.0
2023-05-12,108.0,108.25,106.25,106.8499984741211,1615034,0.0
2023-05-15,106.8000030517578,107.0,104.5,105.1500015258789,1709459,0.0
2023-05-16,105.6500015258789,107.3499984741211,105.4000015258789,105.8000030517578,2572111,0.0
2023-05-17,105.75,108.1999969482422,104.4499969482422,107.1500015258789,4441847,0.0
2023-05-18,107.6999969482422,109.1999969482422,104.75,105.1500015258789,3263885,0.0
2023-05-19,105.4499969482422,105.6999969482422,102.75,104.0,1763981,0.0
2023-05-22,104.4000015258789,104.8000030517578,102.5999984741211,104.3000030517578,1423755,0.0
2023-05-23,104.5,106.1999969482422,103.1999969482422,103.8499984741211,2115057,0.0
2023-05-24,103.9499969482422,104.6500015258789,103.4000015258789,103.9000015258789,1326098,0.0
2023-05-25,104.0,104.4499969482422,101.75,102.0,2053624,0.0
2023-05-26,102.4000015258789,102.6999969482422,101.6500015258789,102.0,1856215,0.0
2023-05-29,102.5999984741211,103.4499969482422,101.3000030517578,102.3499984741211,2061926,0.0
2023-05-30,102.0,102.4499969482422,101.5,101.8000030517578,1669098,0.0
2023-05-31,102.75,103.4499969482422,101.1500015258789,102.5500030517578,2278702,0.0
2023-06-01,102.9499969482422,103.6999969482422,102.3000030517578,102.5999984741211,1399336,0.0
2023-06-02,102.75,103.8000030517578,102.6500015258789,103.0,1381907,0.0
2023-06-05,103.5500030517578,106.5,103.4000015258789,105.6500015258789,4271499,0.0
2023-06-06,106.3499984741211,108.8000030517578,105.5999984741211,108.3499984741211,6104864,0.0
2023-06-07,109.1999969482422,110.8000030517578,109.0,109.9000015258789,6836426,0.0
2023-06-08,110.5,111.0,107.8499984741211,108.5,3158060,0.0
2023-06-09,108.6999969482422,108.8499984741211,106.0,106.6999969482422,1682168,0.0
2023-06-12,106.8000030517578,107.8000030517578,105.8000030517578,107.5500030517578,1599518,0.0
2023-06-13,107.8499984741211,109.8000030517578,107.25,108.3000030517578,2602151,0.0
2023-06-14,109.4000015258789,112.25,108.5,110.5999984741211,11776690,0.0
2023-06-15,110.5,112.1500015258789,108.8499984741211,109.4000015258789,4011186,0.0
2023-06-16,109.9499969482422,110.1999969482422,108.8000030517578,109.25,1504162,0.0
2023-06-19,110.0,110.8499984741211,107.6999969482422,108.5999984741211,1918474,0.0
2023-06-20,108.8499984741211,113.6999969482422,107.9000015258789,111.3499984741211,10459924,0.0
2023-06-21,112.0,114.0,111.0999984741211,112.0,3947995,0.0
2023-06-22,112.3499984741211,113.25,109.0999984741211,110.4000015258789,3082765,0.0
2023-06-23,110.0999984741211,110.4000015258789,107.9000015258789,108.5,1783686,0.0
2023-06-26,108.75,109.4000015258789,107.8000030517578,108.5999984741211,1530292,0.0
2023-06-27,109.0,111.3499984741211,108.8499984741211,110.0,3584846,0.0
2023-06-28,110.5,111.0,109.5,110.1999969482422,2706619,0.0
2023-06-30,110.6999969482422,111.3000030517578,108.75,109.0500030517578,2151157,0.0
2023-07-03,109.5,111.0999984741211,108.8000030517578,109.75,2893692,0.0
2023-07-04,109.9499969482422,112.1999969482422,109.6999969482422,110.1500015258789,3042052,0.0
2023-07-05,110.4499969482422,117.25,109.8000030517578,116.25,16563651,0.0
2023-07-06,117.0,119.4499969482422,116.0,118.0999984741211,12579450,0.0
2023-07-07,117.4499969482422,118.3000030517578,115.0999984741211,116.3499984741211,4100930,0.0
2023-07-10,116.9499969482422,119.5,114.3499984741211,117.5999984741211,5834229,0.0
2023-07-11,117.6999969482422,119.25,116.3499984741211,116.8499984741211,3401818,0.0
2023-07-12,117.1999969482422,117.6500015258789,114.9000015258789,115.25,2261245,0.0
2023-07-13,115.4499969482422,117.6500015258789,111.0,112.4000015258789,3723582,0.0
2023-07-14,113.0,114.6500015258789,112.25,113.8499984741211,2195623,0.0
2023-07-17,114.25,115.3000030517578,113.75,114.1999969482422,1682020,0.0
2023-07-18,114.5999984741211,115.3000030517578,111.8499984741211,112.6999969482422,2304174,0.0
2023-07-19,113.3000030517578,116.1999969482422,113.25,114.1999969482422,3754679,0.0
2023-07-20,114.1999969482422,114.8000030517578,113.3000030517578,113.8499984741211,1571189,0.0
2023-07-21,113.8000030517578,114.4000015258789,112.6999969482422,113.4499969482422,1600398,0.0
2023-07-24,113.9000015258789,114.4000015258789,112.8000030517578,113.1500015258789,1529561,0.0
2023-07-25,113.6500015258789,114.25,112.0,112.1999969482422,1425162,0.0
2023-07-26,112.4499969482422,116.5,112.1999969482422,115.5,6514555,0.0
2023-07-27,116.1500015258789,118.0500030517578,114.8499984741211,115.3000030517578,4846299,0.0
2023-07-28,115.0999984741211,115.4000015258789,114.0999984741211,114.6500015258789,1626010,0.0
2023-07-31,114.9499969482422,115.75,114.4000015258789,114.9499969482422,1518281,0.0
2023-08-01,115.25,117.75,115.25,116.5500030517578,4370393,0.0
2023-08-02,117.0,117.4000015258789,110.9499969482422,112.3499984741211,3668112,0.0
2023-08-03,112.8000030517578,113.0999984741211,110.25,111.8499984741211,2274269,0.0
2023-08-04,112.4000015258789,113.5999984741211,112.0,112.75,1671428,0.0
2023-08-07,112.5999984741211,118.0,112.0500030517578,115.9499969482422,5479154,0.0
2023-08-08,116.4499969482422,119.3000030517578,115.5,116.0,7829636,0.0
2023-08-09,115.9499969482422,116.0,114.0999984741211,114.4499969482422,2423182,0.0
2023-08-10,114.75,115.4000015258789,113.3000030517578,114.4499969482422,2225193,0.0
2023-08-11,114.5,115.3000030517578,112.5500030517578,112.8499984741211,2125683,0.0
2023-08-14,108.8499984741211,109.5,105.25,106.8000030517578,4891723,0.0
2023-08-16,106.6999969482422,109.5,106.1999969482422,107.9000015258789,2002256,0.0
2023-08-17,108.0500030517578,113.6500015258789,108.0,111.1999969482422,5914574,0.0
2023-08-18,111.6500015258789,112.5500030517578,108.5,108.9000015258789,2893826,0.0
2023-08-21,109.5,109.9499969482422,108.3000030517578,108.5999984741211,1378273,0.0
2023-08-22,109.0,112.75,108.8499984741211,111.5500030517578,2228231,0.0
2023-08-23,112.25,121.8499984741211,112.0,119.75,23406943,0.0
2023-08-24,121.0,125.0,120.3499984741211,121.6500015258789,20563061,0.0
2023-08-25,120.6999969482422,124.4000015258789,118.0,122.9499969482422,10320722,0.0
2023-08-28,123.6999969482422,124.5,121.6500015258789,122.1500015258789,4322800,0.0
2023-08-29,121.0,130.5,118.5,125.75,28513633,0.0
2023-08-30,126.6999969482422,126.9000015258789,122.6500015258789,123.3000030517578,5633932,0.0
2023-08-31,123.6999969482422,124.4499969482422,120.4499969482422,121.5500030517578,3946688,0.0
2023-09-01,122.1999969482422,124.0999984741211,121.4000015258789,121.8000030517578,4698976,0.0
2023-09-04,122.5500030517578,125.4000015258789,122.4000015258789,123.75,4793090,0.0
2023-09-05,124.3499984741211,128.25,122.0999984741211,123.9499969482422,6518539,0.0
2023-09-06,124.6500015258789,133.25,124.3000030517578,131.3000030517578,29142048,0.0
2023-09-07,132.0,132.89999389648438,127.5999984741211,128.8000030517578,11569176,0.0
2023-09-08,129.39999389648438,130.8000030517578,126.0,126.3000030517578,5839428,0.0
2023-09-11,127.1999969482422,135.0,126.5,132.8000030517578,15884753,0.0
2023-09-12,133.8000030517578,134.10000610351562,122.6500015258789,123.3499984741211,10604536,0.0
2023-09-13,124.1999969482422,126.9000015258789,120.5999984741211,125.6999969482422,6136083,0.0
2023-09-14,126.3000030517578,130.0,126.25,128.3000030517578,5273205,0.0
2023-09-15,128.9499969482422,133.85000610351562,128.25,130.39999389648438,10408996,0.0
2023-09-18,131.39999389648438,134.6999969482422,130.5,132.3000030517578,11797906,0.0
2023-09-20,131.1999969482422,133.0,127.6999969482422,129.5500030517578,4421829,0.0
2023-09-21,128.8000030517578,130.0,126.5,126.8000030517578,3624963,0.0
2023-09-22,127.0,128.1999969482422,125.1500015258789,126.4499969482422,3418622,0.0
2023-09-25,127.3499984741211,129.89999389648438,127.0999984741211,127.75,3186661,0.0
2023-09-26,127.5,130.39999389648438,127.0,127.8499984741211,3010060,0.0
2023-09-27,128.0,128.3000030517578,126.5,126.8000030517578,1677260,0.0
2023-09-28,127.0999984741211,128.64999389648438,124.6500015258789,125.0999984741211,2038409,0.0
2023-09-29,125.6999969482422,127.1999969482422,125.3000030517578,126.4499969482422,1797264,0.0
2023-10-03,126.4499969482422,126.8000030517578,124.8000030517578,125.3000030517578,1631667,0.0
2023-10-04,125.25,125.25,121.8499984741211,123.6500015258789,1997016,0.0
2023-10-05,124.3000030517578,126.0999984741211,122.9499969482422,123.9000015258789,1702893,0.0
2023-10-06,124.1500015258789,124.75,123.5999984741211,124.0500030517578,938389,0.0
2023-10-09,121.25,125.4000015258789,119.0500030517578,120.9000015258789,7100805,0.0
2023-10-10,121.9000015258789,122.75,120.8000030517578,121.8000030517578,2707051,0.0
2023-10-11,122.4499969482422,125.5,122.1500015258789,122.9499969482422,2512887,0.0
2023-10-12,123.5999984741211,126.4499969482422,123.1999969482422,124.9000015258789,2949839,0.0
2023-10-13,124.5,133.14999389648438,124.0,130.3000030517578,15001212,0.0
2023-10-16,130.89999389648438,142.1999969482422,129.14999389648438,138.85000610351562,40539371,0.0
2023-10-17,139.5,143.14999389648438,135.85000610351562,140.5,21785258,0.0
2023-10-18,140.39999389648438,145.85000610351562,136.75,139.75,18432913,0.0
2023-10-19,138.6999969482422,145.39999389648438,137.3000030517578,143.1999969482422,13272366,0.0
2023-10-20,143.3000030517578,143.9499969482422,135.60000610351562,137.64999389648438,8238872,0.0
2023-10-23,137.5500030517578,138.8000030517578,122.6999969482422,123.9499969482422,10822530,0.0
2023-10-25,125.9000015258789,126.75,120.6999969482422,123.8000030517578,7266034,0.0
2023-10-26,123.0,123.3000030517578,117.5999984741211,121.4000015258789,4963156,0.0
2023-10-27,122.0999984741211,126.3000030517578,122.0500030517578,124.9000015258789,6002740,0.0
2023-10-30,124.5,126.25,122.5,124.25,3811431,0.0
2023-10-31,124.9499969482422,129.5500030517578,124.8000030517578,127.3499984741211,9697031,0.0
2023-11-01,128.0,129.64999389648438,125.8000030517578,126.4000015258789,3215684,0.0
2023-11-02,127.5500030517578,129.3000030517578,126.6500015258789,127.25,2487573,0.0
2023-11-03,128.0500030517578,130.64999389648438,127.5,128.25,3520181,0.0
2023-11-06,129.3000030517578,130.1999969482422,127.8000030517578,128.25,1981017,0.0
2023-11-07,128.75,128.89999389648438,126.75,128.10000610351562,2029573,0.0
2023-11-08,128.6999969482422,131.0,128.4499969482422,130.35000610351562,4633794,0.0
2023-11-09,130.75,131.0,126.6999969482422,127.6500015258789,2889251,0.0
2023-11-10,127.6500015258789,129.3000030517578,127.0,127.6500015258789,1693222,0.0
2023-11-13,122.6999969482422,123.9000015258789,122.3499984741211,122.9499969482422,2725929,0.0
2023-11-15,123.0999984741211,127.0,123.0999984741211,125.25,4278393,0.0
2023-11-16,125.9000015258789,127.0,124.9000015258789,125.3499984741211,2043237,0.0
2023-11-17,125.5999984741211,127.0,124.6500015258789,124.9499969482422,2666463,0.0
2023-11-20,125.0999984741211,125.9000015258789,123.5,123.8499984741211,1353624,0.0
2023-11-21,124.5,125.0999984741211,123.1999969482422,123.6999969482422,1858054,0.0
2023-11-22,124.1999969482422,124.5,121.0,121.9499969482422,2035115,0.0
2023-11-23,122.3000030517578,124.9000015258789,122.3000030517578,123.6500015258789,2453441,0.0
2023-11-24,124.0999984741211,125.4499969482422,123.1999969482422,123.5999984741211,2054972,0.0
2023-11-28,124.3000030517578,129.35000610351562,124.3000030517578,127.5,7347485,0.0
2023-11-29,128.1999969482422,130.25,128.0,128.64999389648438,4472308,0.0
2023-11-30,129.35000610351562,131.6999969482422,128.10000610351562,128.64999389648438,4683601,0.0
2023-12-01,129.5500030517578,133.60000610351562,129.10000610351562,131.0500030517578,7899793,0.0
2023-12-04,134.25,136.5,131.89999389648438,135.0,11828252,0.0
2023-12-05,135.8000030517578,139.5,134.35000610351562,135.75,11686801,0.0
2023-12-06,136.89999389648438,154.6999969482422,135.9499969482422,152.89999389648438,55203394,0.0
2023-12-07,153.0500030517578,155.39999389648438,150.1999969482422,153.10000610351562,19965121,0.0
2023-12-08,153.0,157.6999969482422,149.0500030517578,151.39999389648438,15251692,0.0
2023-12-11,152.14999389648438,156.35000610351562,151.6999969482422,153.35000610351562,10471897,0.0
2023-12-12,154.0,163.14999389648438,149.6999969482422,159.39999389648438,25087932,0.0
2023-12-13,156.5,161.64999389648438,156.0,159.35000610351562,11890872,3.7
2023-12-14,160.25,160.6999969482422,155.10000610351562,156.35000610351562,6716576,0.0
2023-12-15,157.25,161.89999389648438,156.0,157.1999969482422,11878483,0.0
2023-12-18,157.75,159.25,155.14999389648438,156.60000610351562,4753788,0.0
2023-12-19,157.14999389648438,157.9499969482422,153.5,155.1999969482422,3739274,0.0
2023-12-20,156.0,157.3000030517578,141.60000610351562,142.6999969482422,7864492,0.0
2023-12-21,140.0,148.6999969482422,138.35000610351562,147.8000030517578,5957134,0.0
2023-12-22,148.3000030517578,153.39999389648438,148.1999969482422,151.9499969482422,7781528,0.0
2023-12-26,152.6999969482422,157.39999389648438,150.6999969482422,156.5500030517578,8002334,0.0
2023-12-27,157.0,158.10000610351562,153.1999969482422,155.60000610351562,4247766,0.0
2023-12-28,156.3000030517578,162.8000030517578,153.10000610351562,159.4499969482422,17990045,0.0
2023-12-29,160.25,163.9499969482422,158.10000610351562,159.5,9622739,0.0
2024-01-01,160.1999969482422,171.39999389648438,160.14999389648438,167.35000610351562,30315307,0.0
2024-01-02,168.0,176.5500030517578,166.75,170.0500030517578,27441070,0.0
2024-01-03,169.9499969482422,173.39999389648438,166.10000610351562,171.64999389648438,10542307,0.0
2024-01-04,174.35000610351562,176.39999389648438,170.60000610351562,171.5500030517578,10158400,0.0
2024-01-05,172.14999389648438,172.5500030517578,165.10000610351562,167.89999389648438,5465038,0.0
2024-01-08,168.4499969482422,168.5500030517578,163.5500030517578,164.10000610351562,4443993,0.0
2024-01-09,164.9499969482422,170.8000030517578,164.3000030517578,168.25,7844519,0.0
2024-01-10,168.39999389648438,168.9499969482422,164.3000030517578,165.89999389648438,3252551,0.0
2024-01-11,166.3000030517578,172.5500030517578,166.3000030517578,170.1999969482422,8069747,0.0
2024-01-12,171.0,171.89999389648438,168.3000030517578,168.8000030517578,3534291,0.0
2024-01-15,169.4499969482422,172.9499969482422,166.4499969482422,170.6999969482422,6359876,0.0
2024-01-16,170.3000030517578,174.89999389648438,167.85000610351562,171.85000610351562,10672334,0.0
2024-01-17,168.4499969482422,175.5,167.5,171.5,10679684,0.0
2024-01-18,172.0,176.4499969482422,168.4499969482422,171.9499969482422,11945482,0.0
2024-01-19,173.0500030517578,181.0,173.0500030517578,177.3000030517578,20796114,0.0
2024-01-23,186.9499969482422,188.0,165.0,170.10000610351562,13036237,0.0
2024-01-24,170.89999389648438,179.10000610351562,166.0,177.8000030517578,9708480,0.0
2024-01-25,178.0500030517578,185.5,176.8000030517578,182.1999969482422,13814164,0.0
2024-01-29,183.6000061035156,187.75,180.1999969482422,183.6499938964844,7970542,0.0
2024-01-30,184.5500030517578,184.8000030517578,177.25,178.5500030517578,5017506,0.0
2024-01-31,179.75,183.6999969482422,178.0,183.1499938964844,5514000,0.0
2024-02-01,184.6000061035156,187.3500061035156,173.10000610351562,173.89999389648438,11711449,0.0
2024-02-02,175.25,178.25,172.6999969482422,174.1999969482422,5247798,0.0
2024-02-05,174.1999969482422,175.14999389648438,161.5,166.9499969482422,5929702,0.0
2024-02-06,166.64999389648438,170.85000610351562,164.75,167.89999389648438,3440942,0.0
2024-02-07,168.8000030517578,172.1999969482422,166.60000610351562,169.9499969482422,4073336,0.0
2024-02-08,170.0,171.6999969482422,165.60000610351562,166.35000610351562,2815251,0.0
2024-02-09,166.5,167.60000610351562,156.5500030517578,161.64999389648438,3618200,0.0
2024-02-12,157.9499969482422,159.9499969482422,146.8000030517578,148.64999389648438,7115391,0.0
2024-02-13,149.39999389648438,151.0,142.6999969482422,147.8000030517578,4230933,0.0
2024-02-14,135.0,147.0,133.60000610351562,146.3000030517578,12519250,0.0
2024-02-15,145.0,156.64999389648438,145.0,150.39999389648438,7877002,0.0
2024-02-16,152.10000610351562,153.4499969482422,148.10000610351562,149.0500030517578,2640159,0.0
2024-02-19,149.89999389648438,154.1999969482422,148.75,151.6999969482422,3227972,0.0
2024-02-20,152.0500030517578,154.6999969482422,148.5500030517578,149.14999389648438,2660450,0.0
2024-02-21,149.9499969482422,154.64999389648438,148.0,150.6999969482422,4101586,0.0
2024-02-22,151.60000610351562,151.60000610351562,146.5500030517578,148.64999389648438,2263427,0.0
2024-02-23,150.0,151.14999389648438,148.5,149.25,1918716,0.0
2024-02-26,149.0500030517578,149.1999969482422,144.6999969482422,146.39999389648438,1871095,0.0
2024-02-27,146.39999389648438,148.89999389648438,145.0500030517578,145.9499969482422,1648622,0.0
2024-02-28,146.5,147.25,140.25,141.10000610351562,2080000,0.0
2024-02-29,140.5,145.6999969482422,138.5500030517578,141.60000610351562,2877269,0.0
2024-03-01,142.9499969482422,144.75,142.10000610351562,142.75,1290954,0.0
2024-03-04,145.5,147.3000030517578,143.6999969482422,144.4499969482422,1692674,0.0
2024-03-05,144.5,145.1999969482422,141.8000030517578,142.1999969482422,1271619,0.0
2024-03-06,142.0,142.25,136.5,138.5,2041930,0.0
2024-03-07,139.0,143.9499969482422,139.0,140.64999389648438,3006807,0.0
2024-03-11,140.4499969482422,140.89999389648438,136.14999389648438,137.3000030517578,2226374,0.0
2024-03-12,137.6999969482422,137.8000030517578,131.0500030517578,132.1999969482422,2485065,0.0
2024-03-13,132.3000030517578,133.75,118.4000015258789,120.3499984741211,4907012,0.0
2024-03-14,121.0,128.9499969482422,118.9499969482422,127.6500015258789,3566705,0.0
2024-03-15,127.8000030517578,130.35000610351562,124.0999984741211,129.3000030517578,2809734,0.0
2024-03-18,129.89999389648438,131.39999389648438,125.5500030517578,126.0,2417762,0.0
2024-03-19,126.9499969482422,128.0,125.1500015258789,125.9499969482422,1969089,0.0
2024-03-20,126.5,127.8499984741211,123.1500015258789,125.0,2121862,0.0
2024-03-21,126.3000030517578,131.10000610351562,126.3000030517578,129.10000610351562,2662693,0.0
2024-03-22,129.0,132.3000030517578,128.75,130.5,2154717,0.0
2024-03-26,130.3000030517578,131.60000610351562,127.0500030517578,127.6500015258789,1832812,0.0
2024-03-27,127.5,130.89999389648438,127.0500030517578,127.6999969482422,3642136,0.0
2024-03-28,128.5,131.25,127.6500015258789,128.25,2277400,0.0
2024-04-01,129.4499969482422,138.0,129.10000610351562,137.5,4409857,0.0
2024-04-02,136.9499969482422,141.85000610351562,136.0,140.10000610351562,4255678,0.0
2024-04-03,139.60000610351562,146.14999389648438,138.60000610351562,144.60000610351562,5908494,0.0
2024-04-04,145.39999389648438,147.0500030517578,142.0,144.1999969482422,2720052,0.0
2024-04-05,143.8000030517578,146.60000610351562,141.8000030517578,145.75,2965777,0.0
2024-04-08,146.5500030517578,146.89999389648438,143.89999389648438,145.14999389648438,2032381,0.0
2024-04-09,145.89999389648438,149.39999389648438,144.5500030517578,145.6999969482422,4176555,0.0
2024-04-10,146.39999389648438,149.39999389648438,144.60000610351562,147.75,2940467,0.0
2024-04-12,147.5,147.75,144.5500030517578,144.85000610351562,1543064,0.0
2024-04-15,140.5,141.9499969482422,135.85000610351562,139.5,2544759,0.0
2024-04-16,137.35000610351562,142.8000030517578,137.3000030517578,140.64999389648438,2148877,0.0
2024-04-18,141.0,143.39999389648438,138.39999389648438,138.85000610351562,1594394,0.0
2024-04-19,136.1999969482422,140.0,134.3000030517578,138.4499969482422,2065488,0.0
2024-04-22,139.8000030517578,145.4499969482422,138.89999389648438,144.85000610351562,3610234,0.0
2024-04-23,145.6999969482422,145.75,143.14999389648438,143.8000030517578,1675420,0.0
2024-04-24,144.5,152.89999389648438,144.4499969482422,152.0,11453462,0.0
2024-04-25,152.85000610351562,153.60000610351562,149.60000610351562,150.75,3462863,0.0
2024-04-26,151.5,154.89999389648438,150.0,152.0,5786171,0.0
2024-04-29,153.1999969482422,154.60000610351562,151.60000610351562,152.0500030517578,2503893,0.0
2024-04-30,152.89999389648438,153.5,150.1999969482422,150.64999389648438,1764726,0.0
2024-05-02,151.0,155.1999969482422,149.10000610351562,153.14999389648438,4336764,0.0
2024-05-03,154.0500030517578,154.85000610351562,149.3000030517578,151.0,2067841,0.0
2024-05-06,151.75,151.85000610351562,145.5,146.25,2090539,0.0
2024-05-07,146.5,146.5500030517578,141.5,142.75,1505411,0.0
2024-05-08,142.6999969482422,146.5,141.39999389648438,145.64999389648438,2046281,0.0
2024-05-09,145.64999389648438,146.8000030517578,140.0,140.39999389648438,1375533,0.0
2024-05-10,141.0500030517578,141.6999969482422,138.25,140.4499969482422,2124696,0.0
2024-05-13,140.9499969482422,141.10000610351562,136.10000610351562,139.25,1963890,0.0
2024-05-14,139.3000030517578,144.10000610351562,138.6999969482422,143.8000030517578,1762178,0.0
2024-05-15,144.60000610351562,148.0500030517578,144.5,145.6999969482422,2395334,0.0
2024-05-16,146.8000030517578,146.8000030517578,143.5,144.35000610351562,1121890,0.0
2024-05-17,145.0,150.6999969482422,144.10000610351562,148.39999389648438,3428441,0.0
2024-05-21,148.4499969482422,153.10000610351562,145.0,151.14999389648438,5210334,0.0
2024-05-22,152.6999969482422,153.9499969482422,148.0,148.9499969482422,2244999,0.0
2024-05-23,149.0500030517578,151.60000610351562,147.3000030517578,147.6999969482422,2099156,0.0
2024-05-24,147.8000030517578,161.9499969482422,146.5500030517578,157.25,25660475,0.0
2024-05-27,159.39999389648438,169.39999389648438,159.0,163.8000030517578,15230016,0.0
2024-05-28,165.0,166.5,155.14999389648438,157.10000610351562,7908035,0.0
2024-05-29,156.3000030517578,162.6999969482422,154.6999969482422,160.0,6869620,0.0
2024-05-30,159.35000610351562,159.8000030517578,155.8000030517578,156.85000610351562,2309815,0.0
2024-05-31,157.6999969482422,158.14999389648438,152.10000610351562,154.10000610351562,3015661,0.0
2024-06-03,162.0,164.5500030517578,156.64999389648438,161.89999389648438,7695333,0.0
2024-06-04,157.5500030517578,157.6999969482422,133.0,139.39999389648438,6960856,0.0
2024-06-05,139.39999389648438,146.5500030517578,133.8000030517578,145.60000610351562,5217768,0.0
2024-06-06,147.89999389648438,153.5,147.10000610351562,150.35000610351562,3863271,0.0
2024-06-07,151.25,155.3000030517578,149.10000610351562,154.4499969482422,3315043,0.0
2024-06-10,155.60000610351562,168.9499969482422,154.66000366210938,168.10000610351562,24131499,0.0
2024-06-11,169.0,169.9499969482422,163.11000061035156,163.86000061035156,6859835,0.0
2024-06-12,164.35000610351562,169.1999969482422,163.50999450683594,165.7899932861328,11218978,0.0
2024-06-13,165.8800048828125,171.38999938964844,164.14999389648438,167.60000610351562,12508176,0.0
2024-06-14,168.39999389648438,170.66000366210938,166.0,167.74000549316406,6114844,0.0
2024-06-18,168.9499969482422,175.1999969482422,165.5,173.3699951171875,20187995,0.0
2024-06-19,183.0,194.0,183.0,185.22000122070312,66224688,0.0
2024-06-20,186.3000030517578,222.259994506836,184.3099975585937,222.259994506836,143936858,0.0
2024-06-21,223.8999938964844,227.6999969482422,206.3300018310547,207.7899932861328,56852352,0.0
2024-06-24,196.0,204.3999938964844,191.66000366210932,194.2899932861328,27353892,0.0
2024-06-25,195.1999969482422,197.1000061035156,188.259994506836,189.17999267578125,17939140,0.0
2024-06-26,190.0,196.0,188.009994506836,191.22000122070312,18469008,0.0
2024-06-27,191.75,191.75,182.75,185.32000732421875,7779409,0.0
2024-06-28,185.8999938964844,194.5,185.44000244140625,193.19000244140625,13017610,0.0
2024-07-01,194.0,201.8000030517578,192.1000061035156,197.0,17449096,0.0
2024-07-02,198.5,199.0,192.5,196.3699951171875,6071900,0.0
2024-07-03,196.8999938964844,203.3999938964844,195.6000061035156,198.1100006103516,13376694,0.0
2024-07-04,198.4600067138672,207.5,196.1300048828125,202.42999267578125,20229596,0.0
2024-07-05,202.92999267578125,207.0,201.75,203.94000244140625,9978075,0.0
2024-07-08,205.17999267578125,233.0,205.0,228.38999938964844,53584185,0.0
2024-07-09,234.8999938964844,243.6999969482422,227.009994506836,230.7700042724609,48454569,0.0
2024-07-10,227.8999938964844,227.8999938964844,213.6499938964844,219.77999877929688,18043004,0.0
2024-07-11,220.75,227.5,220.5,222.509994506836,10203932,0.0
2024-07-12,226.0200042724609,244.8999938964844,226.0200042724609,228.3600006103516,36448691,0.0
2024-07-15,231.0,237.3000030517578,224.5,232.77999877929688,15937399,0.0
2024-07-16,232.77999877929688,242.1999969482422,229.8000030517578,231.4900054931641,17196817,0.0
2024-07-18,232.0,233.8000030517578,221.5800018310547,224.5200042724609,10815655,0.0
2024-07-19,224.6999969482422,224.97999572753903,213.0,214.02999877929688,9322947,0.0
2024-07-22,213.8999938964844,242.0,210.759994506836,235.02999877929688,67093597,0.0
2024-07-23,236.3999938964844,245.0,208.6000061035156,217.5,52974757,0.0
2024-07-24,217.5500030517578,222.4900054931641,215.5500030517578,216.6499938964844,11558475,0.0
2024-07-25,213.0,215.6999969482422,208.66000366210932,209.3999938964844,6913830,0.0
2024-07-26,210.5,217.8500061035156,210.25,213.47000122070312,9194806,0.0
2024-07-29,215.0,218.8999938964844,212.8600006103516,215.4499969482422,6329003,0.0
2024-07-30,216.0,222.27999877929688,213.509994506836,219.88999938964844,12955580,0.0
2024-07-31,221.0,224.6000061035156,217.3500061035156,218.58999633789065,9632730,0.0
2024-08-01,219.0,221.3999938964844,215.1000061035156,216.3600006103516,6191879,0.0
2024-08-02,213.0200042724609,214.8999938964844,210.2100067138672,211.83999633789065,4700474,0.0
2024-08-05,207.0800018310547,207.4499969482422,195.32000732421875,196.5399932861328,6343329,0.0
2024-08-06,198.0500030517578,205.1999969482422,192.6999969482422,193.5399932861328,4987200,0.0
2024-08-07,197.8000030517578,203.8999938964844,194.6000061035156,202.83999633789065,4431814,0.0
2024-08-08,203.0,206.25,199.1999969482422,199.8500061035156,3806269,0.0
2024-08-09,201.6999969482422,206.3999938964844,200.6999969482422,203.3000030517578,4457426,0.0
2024-08-12,200.77999877929688,205.3999938964844,197.9499969482422,200.3000030517578,5718030,0.0
2024-08-13,196.5,198.2899932861328,189.8800048828125,190.83999633789065,5143582,0.0
2024-08-14,191.6999969482422,192.3999938964844,185.2100067138672,187.07000732421875,2678155,0.0
2024-08-16,190.0,194.1499938964844,189.1000061035156,192.17999267578125,5361987,0.0
2024-08-19,192.47999572753903,195.3999938964844,189.5,190.2100067138672,2776149,0.0
2024-08-20,191.44000244140625,192.6999969482422,188.3000030517578,190.2700042724609,2643118,0.0
2024-08-21,190.6100006103516,194.5,190.44000244140625,192.3699951171875,3940948,0.0
2024-08-22,193.6499938964844,207.5,192.5,202.69000244140625,17633000,0.0
2024-08-23,203.8999938964844,204.1999969482422,199.3000030517578,199.8500061035156,3366254,0.0
2024-08-26,201.3800048828125,202.69000244140625,198.27999877929688,199.1999969482422,3317203,0.0
2024-08-27,199.2100067138672,207.88999938964844,199.2100067138672,203.2100067138672,7416177,0.0
2024-08-28,204.0,206.97999572753903,202.0,202.9199981689453,3219929,0.0
2024-08-29,203.4499969482422,203.4499969482422,198.009994506836,198.97000122070312,2148826,0.0
2024-08-30,199.009994506836,206.3000030517578,199.009994506836,201.2400054931641,6135470,0.0
2024-09-02,202.0,205.5,199.1100006103516,201.91000366210932,3909517,0.0
2024-09-03,202.3099975585937,204.5,200.1999969482422,200.8699951171875,2588546,0.0
2024-09-04,197.509994506836,204.25,197.509994506836,200.0599975585937,3331971,0.0
2024-09-05,201.2400054931641,203.8800048828125,198.16000366210932,199.1199951171875,2350834,0.0
2024-09-06,200.1199951171875,202.1100006103516,191.1000061035156,191.77999877929688,3069620,0.0
2024-09-09,192.4499969482422,192.6499938964844,184.0,186.97999572753903,2850295,0.0
2024-09-10,187.75,192.67999267578125,187.7400054931641,189.8099975585937,1694113,0.0
2024-09-11,189.9499969482422,193.9900054931641,188.3699951171875,191.07000732421875,3812825,0.0
2024-09-12,192.1999969482422,193.19000244140625,188.1999969482422,189.22999572753903,1696690,0.0
2024-09-13,189.759994506836,192.44000244140625,188.83999633789065,189.67999267578125,1718630,0.0
2024-09-16,190.6000061035156,190.6000061035156,187.5500030517578,188.3699951171875,1189077,0.0
2024-09-17,188.3699951171875,190.3000030517578,185.41000366210932,186.3999938964844,1386859,0.0
2024-09-18,185.5,194.58999633789065,182.009994506836,191.5599975585937,6812550,0.0
2024-09-19,194.3999938964844,194.9499969482422,183.16000366210932,186.9199981689453,4100303,0.0
2024-09-20,187.3999938964844,187.6499938964844,183.3500061035156,184.94000244140625,2241771,0.0
2024-09-23,185.97999572753903,190.3999938964844,184.6999969482422,187.6300048828125,2120337,1.24
2024-09-24,188.0,190.25,186.5200042724609,187.1199951171875,1638950,0.0
2024-09-25,186.509994506836,188.1000061035156,184.1499938964844,185.38999938964844,1155987,0.0
2024-09-26,185.4499969482422,186.2899932861328,181.0500030517578,181.5599975585937,1678522,0.0
2024-09-27,182.1999969482422,185.6499938964844,181.82000732421875,182.8800048828125,1630821,0.0
2024-09-30,182.5,183.9900054931641,180.2100067138672,181.3600006103516,1117728,0.0
2024-10-01,181.3800048828125,189.3000030517578,181.3600006103516,186.0599975585937,4582503,0.0
2024-10-03,183.0,184.3999938964844,180.0500030517578,180.8300018310547,1441631,0.0
2024-10-04,180.5,182.0,173.22000122070312,174.4600067138672,2537203,0.0
2024-10-07,175.49000549316406,175.75,163.1999969482422,163.99000549316406,2500704,0.0
2024-10-08,163.5,170.5,162.50999450683594,169.30999755859375,1752865,0.0
2024-10-09,170.10000610351562,173.8000030517578,170.10000610351562,171.00999450683594,1259797,0.0
2024-10-10,176.4600067138672,185.3099975585937,175.1199951171875,182.66000366210932,17555119,0.0
2024-10-11,182.58999633789065,182.58999633789065,178.4600067138672,179.82000732421875,2139999,0.0
2024-10-14,179.9499969482422,181.2400054931641,174.89999389648438,176.17999267578125,1464255,0.0
2024-10-15,176.36000061035156,177.2899932861328,174.24000549316406,175.4600067138672,1023102,0.0
2024-10-16,174.85000610351562,179.72999572753906,174.0500030517578,175.32000732421875,2447954,0.0
2024-10-17,175.00999450683594,178.6999969482422,171.25999450683594,175.1199951171875,2687984,0.0
2024-10-18,173.1999969482422,173.9499969482422,169.11000061035156,172.5,1610101,0.0
2024-10-21,173.1999969482422,173.85000610351562,166.0,167.25,1180610,0.0
2024-10-22,167.1999969482422,167.6300048828125,153.77999877929688,156.3800048828125,2307719,0.0
2024-10-23,156.3699951171875,161.8300018310547,151.6999969482422,158.94000244140625,2425423,0.0
2024-10-24,159.5500030517578,161.05999755859375,155.85000610351562,157.60000610351562,1392086,0.0
2024-10-25,157.5,157.5,147.8000030517578,148.82000732421875,2426670,0.0
2024-10-28,149.64999389648438,153.89999389648438,147.92999267578125,152.9499969482422,1887735,0.0
2024-10-29,153.6999969482422,157.49000549316406,151.0,154.57000732421875,2104159,0.0
2024-10-30,154.57000732421875,162.49000549316406,154.00999450683594,160.47999572753906,3175220,0.0
2024-10-31,159.99000549316406,162.14999389648438,159.02000427246094,161.38999938964844,1218792,0.0
2024-11-01,161.89999389648438,163.0,161.64999389648438,162.4499969482422,325812,0.0
2024-11-04,162.4499969482422,162.47000122070312,156.1999969482422,158.05999755859375,1116572,0.0
2024-11-05,156.89999389648438,162.11000061035156,156.60000610351562,161.33999633789062,1526205,0.0
2024-11-06,162.1999969482422,168.14999389648438,161.4199981689453,167.64999389648438,2687559,0.0
2024-11-07,168.99000549316406,173.39999389648438,167.39999389648438,170.10000610351562,5055816,0.0
2024-11-08,170.4499969482422,170.89999389648438,164.0,164.6300048828125,1359233,0.0
2024-11-11,163.25,165.39999389648438,159.0,161.97999572753906,1425028,0.0
2024-11-12,162.5500030517578,165.52000427246094,156.10000610351562,159.55999755859375,972579,0.0
2024-11-13,157.60000610351562,158.4600067138672,151.75,152.47999572753906,1391908,0.0
2024-11-14,156.6999969482422,160.7100067138672,152.72000122070312,155.94000244140625,4362609,0.0
2024-11-18,155.0,156.8000030517578,151.41000366210938,152.41000366210938,1764259,0.0
2024-11-19,153.85000610351562,156.72000122070312,152.25,152.6300048828125,1328264,0.0
2024-11-21,152.14999389648438,152.39999389648438,148.5500030517578,150.47999572753906,1150462,0.0
2024-11-22,151.6999969482422,153.8800048828125,149.83999633789062,153.24000549316406,1298622,0.0
2024-11-25,155.8699951171875,165.0,155.86000061035156,160.82000732421875,3971160,0.0
2024-11-26,161.9499969482422,164.2100067138672,160.5500030517578,161.2899932861328,1863651,0.0
2024-11-27,161.94000244140625,166.86000061035156,160.52999877929688,165.30999755859375,3054294,0.0
2024-11-28,166.0500030517578,175.8000030517578,165.5,172.36000061035156,8689240,0.0
2024-11-29,172.75,180.5,170.64999389648438,179.0399932861328,10048073,0.0
2024-12-02,178.5,178.58999633789062,175.36000061035156,176.8300018310547,2845122,0.0
2024-12-03,177.0,181.509994506836,176.1999969482422,179.1699981689453,3514231,0.0
2024-12-04,179.85000610351562,181.5,177.16000366210938,179.9600067138672,2399129,0.0
2024-12-05,180.6000061035156,184.6000061035156,177.61000061035156,180.22999572753903,5710496,0.0
2024-12-06,180.9499969482422,181.8999938964844,179.02999877929688,180.5399932861328,2627387,0.0
2024-12-09,180.5,181.6699981689453,177.85000610351562,178.7899932861328,1835318,0.0
2024-12-10,179.5,182.0,177.24000549316406,178.42999267578125,3390083,0.0
2024-12-11,178.6999969482422,182.7899932861328,177.8300018310547,179.16000366210938,4478908,0.0
2024-12-12,178.0,181.1000061035156,176.17999267578125,178.5,2486425,0.0
2024-12-13,177.8000030517578,178.49000549316406,172.6999969482422,175.64999389648438,1509678,0.0
2024-12-16,175.5,178.07000732421875,175.5,176.4600067138672,1244249,0.0
2024-12-17,178.58999633789062,188.88999938964844,178.58999633789062,184.5800018310547,19258730,0.0
2024-12-18,185.0,187.8999938964844,182.0,186.8000030517578,5726153,0.0
2024-12-19,182.0,183.69000244140625,179.10000610351562,180.2700042724609,3760055,0.0
2024-12-20,180.3500061035156,182.1300048828125,169.05999755859375,170.07000732421875,3339653,0.0
2024-12-23,172.0,172.72999572753906,165.5,166.66000366210938,2035531,0.0
2024-12-24,166.99000549316406,171.52999877929688,165.8800048828125,170.91000366210938,2334995,0.0
2024-12-26,171.8000030517578,171.8000030517578,168.0500030517578,169.02999877929688,1165700,0.0
2024-12-27,169.8000030517578,170.5,167.25,168.25999450683594,1048125,0.0
2024-12-30,168.82000732421875,169.39999389648438,165.52000427246094,167.27999877929688,1686814,0.0
2024-12-31,168.0,175.5,166.27999877929688,173.8000030517578,4412772,0.0
2025-01-01,174.1999969482422,181.3500061035156,173.3800048828125,180.2700042724609,7022303,0.0
2025-01-02,180.69000244140625,183.8500061035156,179.75,181.08999633789065,4220256,0.0
2025-01-03,181.0,182.75,179.00999450683594,180.6300048828125,1753910,0.0
2025-01-06,181.0,181.0,167.5500030517578,168.2100067138672,2022911,0.0
2025-01-07,169.0,184.3999938964844,169.0,180.97000122070312,9210166,0.0
2025-01-08,180.10000610351562,180.33999633789065,174.64999389648438,175.55999755859375,2120300,0.0
2025-01-09,175.55999755859375,183.7100067138672,173.25999450683594,174.82000732421875,6186837,0.0
2025-01-10,174.3000030517578,174.30999755859375,166.3300018310547,168.08999633789062,2599535,0.0
2025-01-13,164.99000549316406,166.89999389648438,154.61000061035156,156.3300018310547,2517763,0.0
2025-01-14,158.0,163.6199951171875,157.80999755859375,163.00999450683594,2176840,0.0
2025-01-15,163.5,166.1999969482422,161.3000030517578,162.14999389648438,1827827,0.0
2025-01-16,163.89999389648438,167.3800048828125,163.5,164.9499969482422,1550332,0.0
2025-01-17,164.41000366210938,173.8000030517578,163.91000366210938,169.72000122070312,7364019,0.0
2025-01-20,170.6999969482422,172.60000610351562,168.8800048828125,170.42999267578125,1734285,0.0
2025-01-21,170.7899932861328,176.39999389648438,168.10000610351562,169.7100067138672,4929063,0.0
2025-01-22,169.5,169.88999938964844,162.60000610351562,166.5800018310547,2293906,0.0
2025-01-23,166.41000366210938,172.8000030517578,165.74000549316406,169.7899932861328,2316056,0.0
2025-01-24,169.91000366210938,171.63999938964844,164.25,166.16000366210938,1307924,0.0
2025-01-27,164.0,164.0,153.1999969482422,154.2899932861328,2405419,0.0
2025-01-28,155.89999389648438,157.2899932861328,147.35000610351562,152.47999572753906,2951840,0.0
2025-01-29,153.10000610351562,157.67999267578125,152.50999450683594,156.24000549316406,2310971,0.0
2025-01-30,157.1999969482422,162.4499969482422,157.0,157.8300018310547,2939687,0.0
2025-01-31,158.42999267578125,164.47999572753906,156.80999755859375,163.19000244140625,3784887,0.0
2025-02-01,164.1999969482422,171.3800048828125,159.41000366210938,161.25999450683594,9287358,0.0
2025-02-03,158.50999450683594,160.5,154.14999389648438,156.0800018310547,1760990,0.0
2025-02-04,157.0,158.25,155.2100067138672,157.1999969482422,1562464,0.0
2025-02-05,158.5500030517578,161.49000549316406,158.0,158.25,1507277,0.0
2025-02-06,158.0,160.19000244140625,157.0500030517578,158.22999572753906,1112332,0.0
2025-02-07,158.1999969482422,158.39999389648438,154.5,156.3800048828125,1283846,0.0
2025-02-10,156.3800048828125,157.0500030517578,149.61000061035156,150.38999938964844,1411124,0.0
2025-02-11,150.7899932861328,150.7899932861328,140.2100067138672,141.08999633789062,2273272,0.0
2025-02-12,140.4499969482422,141.3000030517578,132.36000061035156,140.07000732421875,3362799,0.0
2025-02-13,142.88999938964844,147.8000030517578,139.69000244140625,141.3300018310547,4075117,0.0
2025-02-14,142.10000610351562,142.7899932861328,132.88999938964844,134.80999755859375,2579609,0.0
2025-02-17,134.8000030517578,134.8000030517578,129.2100067138672,132.86000061035156,2360280,0.0
2025-02-18,133.5,134.02999877929688,126.1500015258789,128.41000366210938,1712408,0.0
2025-02-19,128.57000732421875,133.8000030517578,124.5,130.88999938964844,1840069,0.0
2025-02-20,130.89999389648438,134.44000244140625,129.52000427246094,133.58999633789062,1871803,0.0
2025-02-21,133.39999389648438,137.3699951171875,130.02000427246094,130.5800018310547,2229234,0.0
2025-02-24,129.0,129.6199951171875,126.16000366210938,127.5500030517578,1250700,0.0
2025-02-25,127.8000030517578,130.74000549316406,126.5,127.20999908447266,1586868,0.0
2025-02-27,127.25,127.8499984741211,121.73999786376952,122.5199966430664,1719940,0.0
2025-02-28,120.0,121.06999969482422,115.75,117.0199966430664,2294658,0.0
2025-03-03,118.69000244140624,118.9000015258789,110.8000030517578,114.80999755859376,3188755,0.0
2025-03-04,112.6999969482422,118.6500015258789,112.36000061035156,117.66000366210938,2426034,0.0
2025-03-05,117.9499969482422,123.5,117.9499969482422,122.6999969482422,2094431,0.0
2025-03-06,124.87000274658205,125.8000030517578,122.95999908447266,124.12000274658205,1449923,0.0
2025-03-07,123.5500030517578,128.60000610351562,123.4000015258789,124.9499969482422,3473866,0.0
2025-03-10,125.6500015258789,126.8000030517578,119.1999969482422,119.77999877929688,2111314,0.0
2025-03-11,118.9000015258789,119.5999984741211,116.0,118.20999908447266,1676576,0.0
2025-03-12,118.94000244140624,120.8499984741211,116.55999755859376,117.20999908447266,1474469,0.0
2025-03-13,118.25,119.18000030517578,115.31999969482422,115.94000244140624,2331667,0.0
2025-03-17,116.4800033569336,117.19000244140624,114.01000213623048,114.75,1390716,0.0
2025-03-18,114.75,114.75,114.75,114.75,0,0.0
2025-03-19,119.0,123.5,118.6500015258789,122.5,2914880,0.0
2025-03-20,123.75,126.37000274658205,121.80999755859376,123.4000015258789,2260601,0.0
2025-03-21,123.0,130.35000610351562,122.77999877929688,127.3000030517578,3510489,0.0
2025-03-24,128.0500030517578,133.39999389648438,128.0500030517578,132.14999389648438,3720703,0.0
2025-03-25,133.64999389648438,135.3800048828125,127.02999877929688,127.48999786376952,3391166,0.0
2025-03-26,127.5500030517578,129.35000610351562,124.5,125.08000183105467,2147852,0.0
2025-03-27,124.0999984741211,129.0,123.5,128.3699951171875,3683129,0.0
2025-03-28,129.0,130.39999389648438,125.0,125.5199966430664,2006799,0.0
2025-04-01,125.29000091552734,128.42999267578125,124.76000213623048,127.2300033569336,1511632,0.0
2025-04-02,127.63999938964844,128.10000610351562,124.6999969482422,127.48999786376952,1281379,0.0
2025-04-03,126.0199966430664,130.60000610351562,126.0,129.8800048828125,1802259,0.0
2025-04-04,129.5,129.6999969482422,122.0,123.33000183105467,1895846,0.0
2025-04-07,113.0,118.8000030517578,112.0999984741211,117.22000122070312,2417958,0.0
2025-04-08,119.6999969482422,123.0,118.70999908447266,122.52999877929688,1458278,0.0
2025-04-09,122.52999877929688,123.38999938964844,119.5500030517578,120.5,1366236,0.0
2025-04-11,122.3499984741211,127.6999969482422,122.0,124.9000015258789,3224933,0.0
2025-04-15,127.01000213623048,133.5,126.6999969482422,133.02999877929688,3861234,0.0
2025-04-16,133.6999969482422,135.41000366210938,132.5500030517578,133.5800018310547,2897654,0.0
2025-04-17,133.9199981689453,143.6999969482422,132.6999969482422,138.9499969482422,15032263,0.0
2025-04-21,139.9499969482422,143.60000610351562,138.35000610351562,142.57000732421875,5272874,0.0
2025-04-22,144.0,145.35000610351562,142.25,142.6999969482422,3242456,0.0
2025-04-23,143.5,144.50999450683594,138.9499969482422,142.02000427246094,2629099,0.0
2025-04-24,141.00999450683594,146.75,141.0,142.14999389648438,3938776,0.0
2025-04-25,142.3000030517578,143.25,134.75999450683594,135.94000244140625,3562699,0.0
2025-04-28,135.00999450683594,140.19000244140625,134.27000427246094,139.58999633789062,2785863,0.0
2025-04-29,140.0,141.9499969482422,138.00999450683594,138.47000122070312,1792186,0.0
2025-04-30,138.0,141.41000366210938,135.35000610351562,136.4600067138672,2257092,0.0
2025-05-02,136.52999877929688,139.49000549316406,134.92999267578125,137.5,1608159,0.0
2025-05-05,139.0500030517578,140.64999389648438,137.5800018310547,139.57000732421875,2328401,0.0
2025-05-06,140.52999877929688,141.85000610351562,133.7100067138672,134.52000427246094,4036510,0.0
2025-05-07,131.0,137.0,131.0,136.47000122070312,2312931,0.0
2025-05-08,137.0,141.82000732421875,135.91000366210938,137.13999938964844,3111658,0.0
2025-05-09,132.00999450683594,134.4600067138672,131.25,133.57000732421875,1944523,0.0
2025-05-12,138.0,144.0,138.0,143.1300048828125,4079903,0.0
2025-05-13,143.0,144.3000030517578,141.60000610351562,142.44000244140625,2219897,0.0
2025-05-14,143.0,145.60000610351562,142.3000030517578,145.00999450683594,3191283,0.0
2025-05-15,146.14999389648438,152.0,146.0,148.86000061035156,11371316,0.0
2025-05-16,149.64999389648438,151.74000549316406,147.64999389648438,150.6199951171875,4918885,0.0
2025-05-19,151.02999877929688,152.6999969482422,148.3800048828125,150.0399932861328,3397593,0.0
2025-05-20,150.83999633789062,155.39999389648438,148.10000610351562,151.0800018310547,6418321,0.0
2025-05-21,150.99000549316406,151.99000549316406,148.6999969482422,150.1300048828125,2556271,0.0
2025-05-22,150.0,153.89999389648438,149.60000610351562,151.9600067138672,3001534,0.0
2025-05-23,152.89999389648438,154.64999389648438,150.66000366210938,151.91000366210938,2869259,0.0
2025-05-26,152.97000122070312,154.8000030517578,152.13999938964844,153.82000732421875,3243225,0.0
2025-05-27,154.0,157.74000549316406,153.10000610351562,156.44000244140625,7414726,0.0
2025-05-28,151.1999969482422,153.99000549316406,151.1999969482422,152.77000427246094,3616498,0.0
2025-05-29,154.0,154.3000030517578,152.0500030517578,152.47999572753906,1571953,0.0
2025-05-30,152.47999572753906,153.7899932861328,148.22000122070312,149.55999755859375,2110154,0.0
2025-06-02,149.55999755859375,151.5,148.08999633789062,150.32000732421875,1135500,0.0
2025-06-03,151.0,164.22999572753906,150.16000366210938,160.32000732421875,34789578,0.0
2025-06-04,162.0,163.88999938964844,158.2899932861328,159.91000366210938,6815036,0.0
2025-06-05,161.0,165.6999969482422,160.9600067138672,161.52999877929688,8486134,0.0
2025-06-06,161.89999389648438,164.85000610351562,159.52999877929688,162.9499969482422,5604501,0.0
2025-06-09,163.75,165.3000030517578,161.61000061035156,164.10000610351562,4200232,0.0
2025-06-10,164.89999389648438,166.39999389648438,163.0,163.30999755859375,2531978,0.0
2025-06-11,164.0,166.5,162.1999969482422,163.9499969482422,4179609,0.0
2025-06-12,164.3300018310547,166.1999969482422,158.5500030517578,159.47999572753906,3020654,0.0
2025-06-13,155.0,159.4499969482422,154.6300048828125,157.3800048828125,2688281,0.0
2025-06-16,157.3800048828125,159.1999969482422,152.14999389648438,158.44000244140625,2425792,0.0
2025-06-17,158.5,161.6199951171875,155.39999389648438,156.32000732421875,2436590,0.0
2025-06-18,155.10000610351562,158.1300048828125,153.8000030517578,156.2899932861328,1811741,0.0
2025-06-19,156.2899932861328,157.88999938964844,151.0,151.72000122070312,1653325,0.0
2025-06-20,151.5,154.5,150.6300048828125,152.9600067138672,1807479,0.0
2025-06-23,152.77999877929688,155.0,151.25999450683594,153.6199951171875,1801199,0.0
2025-06-24,155.89999389648438,159.69000244140625,155.11000061035156,156.49000549316406,2896112,0.0
2025-06-25,157.7899932861328,160.6999969482422,157.35000610351562,158.0500030517578,2679027,0.0
2025-06-26,156.9499969482422,158.19000244140625,155.72000122070312,156.99000549316406,1677570,0.0
2025-06-27,158.0,159.38999938964844,156.75,157.91000366210938,1794817,0.0
2025-06-30,158.5,160.60000610351562,158.00999450683594,159.1300048828125,1531528,0.0
2025-07-01,159.88999938964844,161.35000610351562,157.75,158.94000244140625,1335250,0.0
2025-07-02,159.39999389648438,159.74000549316406,156.35000610351562,157.4600067138672,1174585,0.0
2025-07-03,157.13999938964844,159.3800048828125,156.5,156.7899932861328,1284339,0.0
2025-07-04,156.89999389648438,157.8800048828125,154.5,156.22000122070312,1247282,0.0
2025-07-07,156.39999389648438,156.6999969482422,153.6999969482422,154.32000732421875,881742,0.0
2025-07-08,154.5,156.4199981689453,152.6999969482422,154.22000122070312,770832,0.0
2025-07-09,154.22000122070312,155.38999938964844,153.39999389648438,154.6300048828125,659097,0.0
2025-07-10,154.89999389648438,155.55999755859375,153.25,153.64999389648438,650686,0.0
2025-07-11,153.60000610351562,154.41000366210938,151.25,151.97999572753906,637337,0.0
2025-07-14,152.0,152.49000549316406,150.32000732421875,151.3800048828125,744189,0.0
2025-07-15,152.0,158.9199981689453,152.0,156.36000061035156,5937126,0.0
2025-07-16,157.0500030517578,157.5,155.3000030517578,156.8000030517578,1199311,0.0
2025-07-17,157.6999969482422,157.6999969482422,155.61000061035156,156.19000244140625,697081,0.0
2025-07-18,156.88999938964844,156.88999938964844,153.0,154.08999633789062,800812,0.0
2025-07-21,154.10000610351562,157.1999969482422,152.63999938964844,155.6199951171875,1346347,0.0
2025-07-22,156.60000610351562,157.10000610351562,153.00999450683594,154.00999450683594,751682,0.0
2025-07-23,154.5,155.24000549316406,152.64999389648438,154.0399932861328,868080,0.0
2025-07-24,154.5500030517578,159.8000030517578,154.30999755859375,157.17999267578125,3751105,0.0
2025-07-25,156.8000030517578,159.0,151.85000610351562,152.9600067138672,1787384,0.0
2025-07-28,152.5,154.3699951171875,149.2100067138672,150.22000122070312,1114195,0.0
2025-07-29,149.8000030517578,153.88999938964844,148.1999969482422,152.47999572753906,1391677,0.0
2025-07-30,154.0,158.0,153.5,155.27000427246094,3934333,0.0
2025-07-31,153.10000610351562,154.89999389648438,152.0,152.3699951171875,1217946,0.0
2025-08-01,152.44000244140625,154.4499969482422,147.10000610351562,148.00999450683594,1562929,0.0
2025-08-04,148.89999389648438,150.60000610351562,147.52000427246094,150.14999389648438,929353,0.0
2025-08-05,151.5,154.9600067138672,150.58999633789062,153.58999633789062,3074750,0.0
2025-08-06,154.6999969482422,155.55999755859375,149.52999877929688,150.22000122070312,1822731,0.0
2025-08-07,149.55999755859375,150.11000061035156,141.64999389648438,144.89999389648438,2118617,0.0
2025-08-08,146.0,148.1999969482422,144.10000610351562,146.72000122070312,1722361,0.0
2025-08-11,146.8000030517578,148.0500030517578,145.05999755859375,147.42999267578125,871026,0.0
2025-08-12,147.89999389648438,149.2899932861328,144.89999389648438,145.55999755859375,1983268,0.0
2025-08-13,146.1999969482422,148.77999877929688,146.0,147.63999938964844,1857004,0.0
2025-08-14,148.0,148.49000549316406,144.10000610351562,145.13999938964844,781200,0.0
2025-08-18,147.0,147.66000366210938,144.97999572753906,145.99000549316406,696377,0.0
2025-08-19,146.10000610351562,151.35000610351562,145.6999969482422,149.32000732421875,3567000,0.0
2025-08-20,150.05999755859375,158.30999755859375,149.89999389648438,157.3000030517578,8206891,0.0
2025-08-21,157.75,160.47999572753906,155.8000030517578,157.77000427246094,5039620,0.0
2025-08-22,157.5,161.35000610351562,156.0,158.89999389648438,4964621,0.0
2025-08-25,160.1999969482422,162.39999389648438,155.10000610351562,156.77999877929688,2972536,0.0
2025-08-26,155.72999572753906,155.89999389648438,151.30999755859375,151.9499969482422,1430753,0.0
2025-08-28,151.38999938964844,152.69000244140625,149.10000610351562,149.9199981689453,1068219,0.0
2025-08-29,150.5,152.39999389648438,148.3000030517578,148.92999267578125,1311712,0.0
2025-09-01,149.3000030517578,154.67999267578125,149.3000030517578,153.1699981689453,1852302,0.0
2025-09-02,153.8000030517578,159.97999572753906,152.49000549316406,157.13999938964844,4536406,0.0
2025-09-03,157.25,162.10000610351562,156.66000366210938,161.41000366210938,4964157,0.0
2025-09-04,163.0,164.49000549316406,159.3300018310547,160.6699981689453,4212389,0.0
2025-09-05,161.0,161.8800048828125,157.00999450683594,157.39999389648438,1894222,0.0
2025-09-08,157.39999389648438,158.13999938964844,154.27000427246094,154.89999389648438,1441231,0.0
2025-09-09,154.64999389648438,155.8300018310547,151.22999572753906,151.50999450683594,1500919,0.0
2025-09-10,152.1999969482422,153.91000366210938,151.5,152.27999877929688,1403558,0.0
2025-09-11,152.27999877929688,155.10000610351562,152.0,152.30999755859375,1335282,0.0
2025-09-12,152.89999389648438,153.47999572753906,151.69000244140625,152.1999969482422,892711,0.0
2025-09-15,153.0,155.7899932861328,152.60000610351562,153.58999633789062,1520480,0.0
2025-09-16,153.97999572753906,157.47000122070312,153.0500030517578,156.02999877929688,2151660,0.0
2025-09-17,156.69000244140625,157.89999389648438,153.52000427246094,154.6699981689453,1180783,0.0
2025-09-18,155.39999389648438,155.69000244140625,153.17999267578125,153.77000427246094,946395,0.0
2025-09-19,154.0,154.99000549316406,153.10000610351562,154.02999877929688,793048,0.0
2025-09-22,153.72000122070312,154.38999938964844,151.5500030517578,151.89999389648438,928327,0.0
2025-09-23,152.0,152.5,150.3300018310547,151.38999938964844,947018,0.0
2025-09-24,151.10000610351562,152.8000030517578,150.16000366210938,150.6300048828125,1131250,0.0
2025-09-25,150.99000549316406,151.47999572753906,148.3000030517578,148.69000244140625,928278,0.0
2025-09-26,148.61000061035156,149.0399932861328,143.3000030517578,143.75,1502173,0.0
2025-09-29,145.0,147.1199951171875,143.25,144.9499969482422,1076261,0.0
2025-09-30,145.3000030517578,146.0,144.47000122070312,145.82000732421875,661269,0.0
2025-10-01,146.0,147.72000122070312,144.72000122070312,146.9199981689453,903590,0.0
2025-10-03,147.0,149.8699951171875,146.77999877929688,149.1199951171875,1423941,0.0
2025-10-06,149.89999389648438,150.32000732421875,147.85000610351562,148.80999755859375,662656,0.0
2025-10-07,149.0,149.74000549316406,148.0,148.32000732421875,548551,0.0
2025-10-08,149.0,149.3300018310547,147.1300048828125,147.58999633789062,564866,0.0
2025-10-09,147.7899932861328,148.14999389648438,146.00999450683594,146.5,700905,0.0
2025-10-10,146.25,147.63999938964844,145.8000030517578,146.64999389648438,924960,1.32
2025-10-13,146.41000366210938,146.47999572753906,144.75,145.7100067138672,705718,0.0
2025-10-14,146.0,146.60000610351562,143.10000610351562,144.02999877929688,851683,0.0
2025-10-15,144.6999969482422,148.22000122070312,143.5500030517578,146.88999938964844,776291,0.0
2025-10-16,148.0,153.9499969482422,147.16000366210938,152.0500030517578,4952775,0.0
2025-10-17,151.61000061035156,151.61000061035156,148.50999450683594,149.0500030517578,860250,0.0
2025-10-20,149.0500030517578,149.3699951171875,146.99000549316406,147.99000549316406,613787,0.0
2025-10-21,148.69000244140625,149.99000549316406,148.52000427246094,149.08999633789062,210086,0.0
2025-10-23,149.67999267578125,149.72999572753906,148.0399932861328,148.4499969482422,456313,0.0
2025-10-24,148.00999450683594,148.99000549316406,147.27000427246094,147.86000061035156,595177,0.0
2025-10-27,149.0,149.0,147.32000732421875,147.72000122070312,485202,0.0
2025-10-28,147.8000030517578,152.58999633789062,147.52000427246094,150.25,3153756,0.0
2025-10-29,150.42999267578125,151.74000549316406,149.6999969482422,150.77000427246094,1047127,0.0
2025-10-30,150.97000122070312,153.6999969482422,150.39999389648438,151.52000427246094,1832066,0.0
2025-10-31,152.0,153.39999389648438,148.60000610351562,149.27999877929688,1328185,0.0
2025-11-03,149.19000244140625,153.5,148.80999755859375,152.00999450683594,1480057,0.0
2025-11-04,152.0,153.5,150.75,152.8699951171875,1221895,0.0
2025-11-06,152.75,152.89999389648438,145.9199981689453,146.7100067138672,1162877,0.0
2025-11-07,145.3000030517578,149.39999389648438,144.1300048828125,148.83999633789062,967856,0.0
2025-11-10,149.89999389648438,149.89999389648438,146.27999877929688,146.67999267578125,614705,0.0
2025-11-11,147.1999969482422,148.5,146.32000732421875,147.99000549316406,687659,0.0
2025-11-12,148.5,152.5,148.5,150.4199981689453,1461687,0.0
2025-11-13,150.85000610351562,153.0,150.41000366210938,151.97000122070312,2367416,0.0
2025-11-14,152.0,152.1699981689453,149.7100067138672,150.27000427246094,752911,0.0
2025-11-17,153.0,153.60000610351562,151.39999389648438,151.80999755859375,1792731,0.0
2025-11-18,151.85000610351562,157.1999969482422,151.10000610351562,151.9499969482422,5351670,0.0
2025-11-19,151.75,151.91000366210938,149.49000549316406,149.91000366210938,1031502,0.0
2025-11-20,149.99000549316406,151.11000061035156,147.5,148.17999267578125,959436,0.0
2025-11-21,147.5,147.99000549316406,146.0,146.3699951171875,621339,0.0
2025-11-24,146.1999969482422,146.3699951171875,143.47000122070312,144.36000061035156,789206,0.0
2025-11-25,144.49000549316406,144.69000244140625,138.27000427246094,139.52000427246094,2015451,0.0
2025-11-26,140.5,141.89999389648438,140.0,141.16000366210938,870525,0.0
2025-11-27,141.89999389648438,142.8000030517578,141.50999450683594,142.5,551615,0.0
2025-11-28,142.0,142.27999877929688,141.0,141.35000610351562,435305,0.0
2025-12-01,141.85000610351562,142.99000549316406,139.0,139.8000030517578,1416520,0.0
2025-12-02,139.47000122070312,139.67999267578125,137.5500030517578,138.08999633789062,717577,0.0
2025-12-03,137.9600067138672,138.69000244140625,134.5,135.8300018310547,829651,0.0
2025-12-04,135.2100067138672,136.5399932861328,134.60000610351562,135.49000549316406,637033,0.0
2025-12-05,135.75,144.8000030517578,134.92999267578125,141.99000549316406,7041304,0.0
2025-12-08,142.36000061035156,142.36000061035156,134.5399932861328,136.7100067138672,1809164,0.0
2025-12-09,134.5,141.0,132.77999877929688,139.1699981689453,1793571,0.0
2025-12-10,138.75999450683594,142.8699951171875,138.4600067138672,140.25999450683594,1576199,0.0
2025-12-11,140.0,140.14999389648438,137.6999969482422,138.50999450683594,578767,0.0
2025-12-12,139.00999450683594,139.88999938964844,137.1999969482422,138.19000244140625,908510,0.0
2025-12-15,138.74000549316406,141.38999938964844,137.64999389648438,140.52000427246094,1121075,0.0
2025-12-16,141.0,145.60000610351562,140.3300018310547,142.0500030517578,3525902,0.0
2025-12-17,141.5,142.1199951171875,138.22000122070312,138.72999572753906,841616,0.0
2025-12-18,138.9199981689453,139.1199951171875,136.63999938964844,137.69000244140625,634549,0.0
2025-12-19,138.5,138.99000549316406,137.05999755859375,138.60000610351562,724170,0.0
2025-12-22,139.88999938964844,140.89999389648438,139.22000122070312,139.8800048828125,844368,0.0
2025-12-23,140.89999389648438,144.25,139.89999389648438,142.60000610351562,1991278,0.0
2025-12-24,142.6999969482422,143.5,140.8800048828125,141.17999267578125,581967,0.0
2025-12-26,141.24000549316406,144.36000061035156,140.39999389648438,141.88999938964844,1267702,0.0
2025-12-29,142.1699981689453,147.5500030517578,141.50999450683594,143.25,3812795,0.0
2025-12-30,143.6999969482422,148.75999450683594,142.3000030517578,145.47000122070312,5559161,0.0
2025-12-31,146.0,147.8000030517578,145.41000366210938,146.24000549316406,1555091,0.0
2026-01-01,147.0,147.19000244140625,145.00999450683594,146.07000732421875,595862,0.0
2026-01-02,147.0,149.8000030517578,146.39999389648438,149.19000244140625,2250214,0.0
2026-01-05,149.1999969482422,150.9499969482422,146.72000122070312,147.41000366210938,1511060,0.0
2026-01-06,147.5,147.86000061035156,143.39999389648438,144.02000427246094,1257917,0.0
2026-01-07,143.99000549316406,145.25999450683594,143.5,144.6999969482422,736379,0.0
2026-01-08,144.6999969482422,147.38999938964844,141.3000030517578,141.8000030517578,1924138,0.0
2026-01-09,141.39999389648438,142.3000030517578,136.5,137.47999572753906,1384790,0.0
2026-01-12,137.5,137.88999938964844,133.6999969482422,136.6999969482422,1394287,0.0
2026-01-13,137.5,139.41000366210938,136.3000030517578,137.49000549316406,809813,0.0
2026-01-14,137.49000549316406,141.14999389648438,137.1300048828125,137.9600067138672,1139067,0.0
2026-01-15,137.9600067138672,137.9600067138672,137.9600067138672,137.9600067138672,0,0.0
2026-01-16,138.39999389648438,139.2100067138672,136.0,136.9600067138672,726769,0.0
2026-01-19,135.60000610351562,136.72999572753906,134.6999969482422,135.10000610351562,720130,0.0
2026-01-20,135.10000610351562,135.4499969482422,130.35000610351562,131.02000427246094,955647,0.0
2026-01-21,130.0500030517578,131.25,126.25,127.51000213623048,1705114,0.0
2026-01-22,128.77999877929688,131.36000061035156,128.77999877929688,131.00999450683594,874242,0.0
2026-01-23,131.89999389648438,132.77999877929688,127.79000091552734,128.22999572753906,883755,0.0
2026-01-27,128.8300018310547,131.5500030517578,126.12999725341795,130.3000030517578,1069009,0.0
2026-01-28,131.0,135.97000122070312,131.0,135.17999267578125,1361897,0.0
2026-01-29,136.0,136.0800018310547,133.5500030517578,135.25999450683594,1138809,0.0
2026-01-30,135.1300048828125,138.25,130.9600067138672,137.2899932861328,2791363,0.0
2026-02-02,134.9499969482422,138.17999267578125,130.8000030517578,135.0500030517578,1798573,0.0
2026-02-03,139.4499969482422,139.88999938964844,134.89999389648438,135.36000061035156,1086232,0.0
2026-02-04,134.9600067138672,136.97000122070312,134.30999755859375,136.4199981689453,968486,0.0
2026-02-05,135.9499969482422,136.3300018310547,134.0,134.72000122070312,673652,0.0
2026-02-06,134.0,134.25999450683594,132.0,132.97999572753906,769005,0.0
2026-02-09,134.0,137.89999389648438,133.39999389648438,137.0500030517578,1158497,0.0
2026-02-10,137.11000061035156,138.6999969482422,136.44000244140625,136.8000030517578,686296,0.0
2026-02-11,136.85000610351562,137.32000732421875,135.02999877929688,135.8800048828125,518246,0.0
2026-02-12,135.8000030517578,136.35000610351562,133.2100067138672,134.4199981689453,1650352,0.0
2026-02-13,132.60000610351562,133.08999633789062,129.8000030517578,130.5800018310547,1184112,0.0
2026-02-16,130.64999389648438,133.5800018310547,130.50999450683594,131.7100067138672,1175911,0.0
2026-02-17,131.7100067138672,136.64999389648438,131.1999969482422,136.05999755859375,1675296,0.0
2026-02-18,136.0,136.4499969482422,134.50999450683594,135.0399932861328,620174,0.0
2026-02-19,135.39999389648438,135.39999389648438,131.10000610351562,131.80999755859375,596374,0.0
2026-02-20,130.61000061035156,132.0,129.32000732421875,130.0,698103,1.0
2026-02-23,130.64999389648438,131.3000030517578,128.24000549316406,129.24000549316406,680076,0.0
2026-02-24,128.3000030517578,128.6999969482422,126.0999984741211,127.61000061035156,683615,0.0
2026-02-25,128.02000427246094,129.5,127.61000061035156,128.75,577981,0.0
2026-02-26,129.0,129.63999938964844,127.3000030517578,127.87000274658205,500948,0.0
2026-02-27,127.44000244140624,127.44000244140624,125.51000213623048,126.77999877929688,623075,0.0
2026-03-02,121.13999938964844,124.13999938964844,120.0500030517578,121.51000213623048,1056596,0.0
2026-03-04,119.0,119.4800033569336,115.5,115.9499969482422,1204746,0.0
2026-03-05,116.5,116.9800033569336,111.75,114.20999908447266,2302314,0.0
2026-03-06,113.4000015258789,117.69000244140624,112.16999816894533,114.12000274658205,1338703,0.0
2026-03-09,110.0,111.48999786376952,108.45999908447266,109.9499969482422,1334494,0.0
2026-03-10,111.4000015258789,130.39999389648438,110.81999969482422,127.68000030517578,68573618,0.0
2026-03-11,128.8000030517578,130.6999969482422,121.1999969482422,123.0199966430664,24302232,0.0
2026-03-12,120.8000030517578,122.25,117.55999755859376,120.66999816894533,4982653,0.0
2026-03-13,119.0,127.4000015258789,118.8000030517578,121.4000015258789,11850264,0.0
2026-03-16,120.8000030517578,120.8000030517578,113.41000366210938,116.31999969482422,4356520,0.0
2026-03-17,116.6999969482422,119.23999786376952,114.43000030517578,117.4000015258789,2574232,0.0
2026-03-18,118.0,122.0,117.4499969482422,120.62999725341795,2294699,0.0
2026-03-19,118.0,119.08999633789062,115.3000030517578,115.70999908447266,1300560,0.0
2026-03-20,117.4000015258789,118.8000030517578,116.1999969482422,116.61000061035156,1291051,0.0
2026-03-23,115.0999984741211,115.3000030517578,109.5500030517578,110.04000091552734,2032306,0.0
2026-03-24,112.5,115.16999816894533,110.95999908447266,113.9800033569336,2189102,0.0
2026-03-25,115.0500030517578,117.1999969482422,114.1500015258789,115.23999786376952,1954182,0.0
2026-03-27,114.1999969482422,119.08999633789062,111.5999984741211,112.08000183105467,4581939,0.0
2026-03-30,110.5,113.01000213623048,106.0,106.66999816894533,2765084,0.0
2026-04-01,111.0,116.8000030517578,109.70999908447266,115.79000091552734,2625790,0.0
2026-04-02,112.41000366210938,115.4499969482422,110.41000366210938,114.93000030517578,2025924,0.0
2026-04-06,116.5999984741211,118.0,113.2300033569336,117.30999755859376,2552387,0.0
2026-04-07,116.98999786376952,119.6999969482422,115.62000274658205,117.61000061035156,1545495,0.0
2026-04-08,121.5199966430664,128.1300048828125,120.61000061035156,125.51000213623048,4989177,0.0
2026-04-09,125.8000030517578,131.42999267578125,125.8000030517578,127.86000061035156,6657544,0.0
2026-04-10,128.60000610351562,129.75999450683594,127.16000366210938,128.1999969482422,2034657,0.0
2026-04-13,124.8000030517578,127.81999969482422,122.58999633789062,126.20999908447266,1593381,0.0
2026-04-15,129.0,129.6999969482422,127.3000030517578,128.49000549316406,2084540,0.0
2026-04-16,129.3000030517578,130.88999938964844,127.5,128.7100067138672,1996112,0.0
2026-04-17,129.0,135.1999969482422,129.0,131.77000427246094,4766933,0.0
2026-04-20,131.77000427246094,133.38999938964844,129.17999267578125,130.33999633789062,1825509,0.0
2026-04-21,130.60000610351562,134.89999389648438,130.33999633789062,130.80999755859375,2598553,0.0
2026-04-22,131.39999389648438,133.5399932861328,130.5,132.77999877929688,1405387,0.0
2026-04-23,132.5,133.89999389648438,129.80999755859375,130.42999267578125,1031647,0.0
2026-04-24,130.6999969482422,131.55999755859375,127.30999755859376,128.10000610351562,845627,0.0
2026-04-27,129.89999389648438,131.57000732421875,128.60000610351562,130.8000030517578,879430,0.0
2026-04-28,131.0,132.83999633789062,129.67999267578125,130.25999450683594,1013349,0.0
2026-04-29,130.60000610351562,133.89999389648438,130.02999877929688,130.89999389648438,1610749,0.0
2026-04-30,130.0,130.17999267578125,128.0,129.2100067138672,987330,0.0
2026-05-01,129.2100067138672,129.2100067138672,129.2100067138672,129.2100067138672,0,0.0
2026-05-04,130.1999969482422,132.52000427246094,129.25,130.1699981689453,976290,0.0
2026-05-05,129.88999938964844,131.94000244140625,128.39999389648438,129.5,779398,0.0
2026-05-06,130.5,132.6999969482422,129.7100067138672,132.0800018310547,1437941,0.0
2026-05-07,132.6999969482422,132.72000122070312,130.1999969482422,131.75,1394942,0.0
2026-05-08,131.0,133.6999969482422,130.30999755859375,130.5800018310547,1214573,0.0
2026-05-11,129.0,129.0,125.6999969482422,126.12000274658205,1179057,0.0
2026-05-12,126.0,126.62999725341795,122.66999816894533,123.06999969482422,962095,0.0
2026-05-13,123.0999984741211,125.6500015258789,121.62999725341795,124.66000366210938,988531,0.0
2026-05-14,125.58999633789062,126.9800033569336,123.29000091552734,124.8499984741211,912265,0.0
2026-05-15,125.01000213623048,128.4499969482422,124.3000030517578,124.62999725341795,934400,0.0
2026-05-18,122.5,123.0,119.4000015258789,121.66999816894533,1003893,0.0
2026-05-19,122.04000091552734,126.38999938964844,122.04000091552734,124.41999816894533,1222636,0.0
2026-05-20,122.9000015258789,124.6500015258789,121.95999908447266,124.18000030517578,813385,0.0
2026-05-21,125.0999984741211,127.69000244140624,124.5,125.37000274658205,1505958,0.0
2026-05-22,132.0,136.49000549316406,130.0,130.77999877929688,22396063,0.0
2026-05-25,132.0,132.58999633789062,129.60000610351562,130.69000244140625,1938127,0.0
2026-05-26,130.49000549316406,134.0500030517578,130.11000061035156,132.08999633789062,2563851,0.0
2026-05-27,132.0,134.39999389648438,131.6199951171875,132.67999267578125,2089959,0.0
2026-05-28,132.67999267578125,132.67999267578125,132.67999267578125,132.67999267578125,0,0.0
2026-05-29,132.67999267578125,132.77999877929688,128.10000610351562,128.47000122070312,1369315,0.0
2026-06-01,128.89999389648438,129.5,124.0,125.0500030517578,1355974,0.0
2026-06-02,123.95999908447266,127.8000030517578,122.62000274658205,126.98999786376952,991100,0.0
2026-06-03,127.12999725341795,128.89999389648438,124.62999725341795,128.1199951171875,1179199,0.0
2026-06-04,126.5999984741211,129.11000061035156,126.0,126.1999969482422,1092248,0.0
2026-06-05,126.77999877929688,129.0500030517578,125.3000030517578,126.31999969482422,1066555,0.0
2026-06-08,125.0,126.58999633789062,122.6500015258789,123.0500030517578,1128290,0.0
2026-06-09,123.4499969482422,126.1999969482422,123.30999755859376,125.8499984741211,1213459,0.0
2026-06-10,127.6999969482422,130.60000610351562,124.12000274658205,125.66000366210938,3106282,0.0
2026-06-11,124.83999633789062,125.29000091552734,122.20999908447266,124.62999725341795,1323356,0.0
2026-06-12,126.0,127.8000030517578,125.0999984741211,127.3499984741211,1263990,0.0
2026-06-15,130.0,131.10000610351562,128.5,128.80999755859375,1819710,0.0
2026-06-16,129.2100067138672,135.39999389648438,128.5,132.1199951171875,7758401,0.0
2026-06-17,132.4600067138672,136.35000610351562,130.1999969482422,135.1199951171875,5542509,0.0
2026-06-18,135.35000610351562,136.3000030517578,133.35000610351562,134.4499969482422,2149743,0.0
2026-06-19,133.1999969482422,139.25,133.1999969482422,136.64999389648438,6504274,0.0
2026-06-22,137.10000610351562,140.0,136.10000610351562,136.97000122070312,3885534,0.0
2026-06-23,137.0,138.25,133.5,134.19000244140625,1587309,0.0
2026-06-24,133.39999389648438,135.60000610351562,131.74000549316406,134.1999969482422,1281373,0.0
2026-06-25,134.8000030517578,135.0,132.27000427246094,132.6199951171875,731662,0.0
2026-06-26,132.6199951171875,132.6199951171875,132.6199951171875,132.6199951171875,0,0.0
2026-06-29,132.60000610351562,132.6699981689453,129.3800048828125,129.8800048828125,1082325,0.0
2026-06-30,131.27999877929688,131.30999755859375,129.6300048828125,130.9499969482422,699726,0.0
2026-07-01,131.0,133.14999389648438,130.85000610351562,131.72000122070312,896748,0.0
2026-07-02,132.0,133.3000030517578,131.72000122070312,132.72999572753906,770537,0.0
2026-07-03,133.0,135.60000610351562,132.22000122070312,132.97999572753906,2013661,0.0
2026-07-06,133.0,133.0,130.3000030517578,130.5500030517578,751067,0.0
2026-07-07,130.5,133.89999389648438,127.0999984741211,130.89999389648438,1878021,0.0
2026-07-08,133.83999633789062,137.16000366210938,129.10000610351562,130.2100067138672,7330287,0.0
2026-07-09,130.4499969482422,132.8300018310547,129.6699981689453,131.58999633789062,1378263,0.0
2026-07-10,131.92999267578125,134.2100067138672,131.00999450683594,131.39999389648438,1279655,0.0
2026-07-13,130.10000610351562,131.50999450683594,129.2100067138672,130.82000732421875,814200,0.0
2026-07-14,130.0,130.3000030517578,128.1199951171875,128.47000122070312,800475,0.0
2026-07-15,128.75,131.77000427246094,128.5399932861328,130.47000122070312,1658624,0.0
2026-07-16,130.8000030517578,131.5800018310547,128.25,128.6300048828125,1125545,0.0
2026-07-17,128.5,128.9199981689453,127.5999984741211,127.83000183105467,696329,0.0
2026-07-20,127.83000183105467,127.83000183105467,126.1500015258789,127.2300033569336,671589,0.0
2026-07-21,127.58000183105467,128.30999755859375,127.13999938964844,127.63999938964844,476584,0.0
2026-07-22,127.4499969482422,127.5,125.12000274658205,126.01000213623048,473781,0.0
2026-07-23,125.9499969482422,126.1999969482422,123.8000030517578,124.16000366210938,583458,0.0
2026-07-24,122.25,124.7699966430664,121.62000274658205,124.22000122070312,654634,0.0
2026-07-27,124.91000366210938,127.0,124.91000366210938,126.2699966430664,511013,0.0
2026-07-28,126.01000213623048,127.9499969482422,125.33999633789062,126.3000030517578,654433,0.0
2026-07-29,126.75,129.89999389648438,126.56999969482422,127.91999816894533,1231117,0.0
2026-07-30,127.0999984741211,127.44000244140624,124.9499969482422,125.54000091552734,731162,0.0
2026-07-31,126.0500030517578,127.8499984741211,125.75,127.4000015258789,721294,0.0
2026-08-03,127.4000015258789,129.58999633789062,127.11000061035156,127.62000274658205,881041,0.0
2026-08-04,128.0,128.39999389648438,126.8499984741211,127.01000213623048,395675,0.0
2026-08-05,128.0,128.6999969482422,127.12000274658205,127.70999908447266,526514,0.0
2026-08-06,128.0,129.13999938964844,127.5999984741211,128.0500030517578,412239,0.0
2026-08-07,127.5999984741211,128.27999877929688,126.70999908447266,126.91999816894533,497174,0.0
2026-08-10,126.88999938964844,127.9000015258789,126.01000213623048,127.1999969482422,586298,0.0
2026-08-11,126.9000015258789,126.95999908447266,125.0500030517578,125.5500030517578,495003,0.0
2026-08-12,125.5500030517578,126.06999969482422,124.0,124.11000061035156,523390,0.0
2026-08-13,124.98999786376952,126.19000244140624,124.0,124.47000122070312,603974,0.0
2026-08-14,126.0,126.79000091552734,123.5999984741211,124.0500030517578,1142528,0.0
2026-08-17,124.0,124.13999938964844,122.61000061035156,123.26000213623048,468348,0.0
2026-08-18,123.0,123.0999984741211,121.0,121.19000244140624,576015,0.0
2026-08-19,121.4000015258789,122.62999725341795,118.25,119.02999877929688,1170334,0.0
2026-08-20,119.79000091552734,119.9800033569336,118.0999984741211,118.41999816894533,1019354,0.0
2026-08-21,118.5999984741211,119.5,117.5500030517578,118.16000366210938,1003863,0.0
2026-08-24,118.0,121.12999725341795,118.0,119.02999877929688,797012,0.0
2026-08-25,121.0,128.5500030517578,120.25,124.47000122070312,18100384,0.0
2026-08-26,124.5500030517578,124.70999908447266,122.11000061035156,122.33000183105467,1263180,0.0
2026-08-27,122.36000061035156,122.70999908447266,121.4800033569336,121.7699966430664,704727,0.0
2026-08-28,121.8499984741211,121.88999938964844,119.30999755859376,119.80999755859376,1211992,0.0
2026-08-31,119.5,119.6999969482422,113.22000122070312,113.5199966430664,7252796,0.0
2026-09-01,114.79000091552734,116.1999969482422,114.0,114.51000213623048,1301482,0.0
2026-09-02,113.95999908447266,114.4499969482422,112.6999969482422,113.94000244140624,717999,0.0
2026-09-03,114.2699966430664,116.33999633789062,114.20999908447266,114.5199966430664,1100137,0.0
2026-09-04,115.1999969482422,116.23999786376952,114.1999969482422,114.91999816894533,1043164,0.0
2026-09-07,115.0199966430664,115.4000015258789,113.5199966430664,113.91999816894533,870216,0.0
2026-09-08,113.9000015258789,115.73999786376952,113.25,113.7300033569336,863763,0.0
2026-09-09,112.5999984741211,113.19000244140624,112.26000213623048,112.63999938964844,668920,0.0
2026-09-10,112.8000030517578,117.58999633789062,112.0,112.56999969482422,1662821,0.0
2026-09-11,111.6999969482422,111.9000015258789,110.12000274658205,111.4499969482422,854075,0.0
2026-09-14,111.4499969482422,111.4499969482422,111.4499969482422,111.4499969482422,0,0.0
2026-09-15,112.36000061035156,112.56999969482422,108.1999969482422,108.58999633789062,1070656,0.0
2026-09-16,109.1500015258789,109.8499984741211,107.2699966430664,108.7699966430664,1035985,0.0
2026-09-17,108.83999633789062,110.4499969482422,108.47000122070312,109.83999633789062,1203731,0.0
2026-09-18,109.9000015258789,110.27999877929688,107.5999984741211,109.08000183105467,961339,1.34
2026-09-21,109.33999633789062,110.69000244140624,108.5,108.73999786376952,1035395,0.0
2026-09-22,109.23999786376952,109.5,107.4499969482422,107.62999725341795,957267,0.0
2026-09-23,107.9499969482422,109.9800033569336,107.5999984741211,109.62999725341795,1217940,0.0
2026-09-24,108.9000015258789,109.1500015258789,108.0,108.4000015258789,649006,
2026-09-25,108.4000015258789,108.9000015258789,107.1500015258789,108.58000183105469,642409,
